"anio_acci","nro_acci","fecha","desc_dia","fecha_aprox","hora_aprox","desc_ruta","km","cant_participantes","desc_participante","calle_avenida_km","total","heridos_leves","heridos_graves","heridos_gravisimos","ilesos","fallecidos","sin_datos","posicion_XY","desc_tipo_via","desc_ruta_ori","desc_loc","desc_dpto","desc_tipo_calzada","desc_tipo_banquina","desc_unidad_regional","desc_lugar_calzada","desc_zona","desc_prioridad","desc_estado_semaforo","desc_lugar_via","desc_estado_via","desc_estado_visibilidad","desc_luminosidad","desc_estado_clima","desc_tipo_colision","desc_tipo_atropello","desc_tipo_hecho","desc_pres_calzada","desc_senializacion","desc_separacion_via","desc_restriccion"
2014,137,09/01/2014,"Jueves",0,11:40:00,,"0.0",1,"Moto/Ciclomotor","San Jeronimo Y Cordoba",1,1,0,0,0,0,0,,"Calle",,"SANTA FE","La Capital","Asfalto","No existe","I","Dentro","Urbana","Ninguna","No existe","Otro","Bueno","S/D","Diurna","Buen Tiempo","S/D","S/D","Caída ocupante","Otro","S/D","S/D","Sin restricción"
2014,138,16/01/2014,"Jueves",0,21:30:00,,"0.0",2,"Moto/Ciclomotor,Moto/Ciclomotor","Av A del Valle Y Martin Zapata",2,2,0,0,0,0,0,,"Avenida",,"SANTA FE","La Capital","Asfalto","No existe","I","Dentro","Urbana","Ninguna","No existe","Intersección","Bueno","Buena","Nocturna,Con luz artificial","Buen Tiempo","Lateral","S/D","Colisión","S/D","Faltante","Cordón divisorio","Sin restricción"
2014,139,31/01/2014,"Viernes",0,22:50:00,,"0.0",2,"Moto/Ciclomotor,Pickup/Utilitario","Avda 25 de Mayo Y Sarmiento",3,2,0,0,1,0,0,,"Calle",,"GÁLVEZ","San Jerónimo","Asfalto","S/D","XV","Dentro","Urbana","Ninguna","S/D","Intersección","Bueno","Buena","Nocturna","Buen Tiempo","Frontal,Lateral","S/D","Colisión","S/D","Faltante","Cordón divisorio","Sin restricción"
2014,140,31/01/2014,"Viernes",0,17:00:00,,"0.0",1,"Moto/Ciclomotor","Sarmiento Y Avda 25 de Mayo",1,1,0,0,0,0,0,,"Calle",,"GÁLVEZ","San Jerónimo","Asfalto","No existe","XV","S/D","Urbana","Ninguna","No existe","Recta","Bueno","Buena","Nocturna","Buen Tiempo","Atropello animal","S/D","Colisión","S/D","Faltante","Ninguna","Sin restricción"
2014,141,21/01/2014,"Martes",0,15:30:00,"Ruta Provincial 1","1.5",1,"Automóvil"," ",2,1,0,0,1,0,0,,"Ruta",1,"COLASTINE","La Capital","Asfalto","Natural","I","S/D","Urbana","Semáforo","Funciona","Recta","Bueno","Buena","Diurna","Buen Tiempo","S/D","S/D","Colisión","S/D","Horizontal","Línea divisoria pintada","Sin restricción"
2014,142,29/01/2014,"Miercoles",0,13:30:00,"Ruta Provincial 1","1.0",1,"Automóvil"," ",2,1,0,0,1,0,0,,"Ruta",1,"COLASTINE","La Capital","Asfalto","Natural","I","S/D","Urbana","Semáforo","Funciona","Recta","Bueno","Buena","Diurna","Buen Tiempo","S/D","S/D","Colisión","S/D","Horizontal","Línea divisoria pintada","Sin restricción"
2014,143,20/01/2014,"Lunes",0,21:40:00,"Ruta Provincial 1","1.0",2,"Moto/Ciclomotor,Peatón"," ",2,1,0,0,1,0,0,"-31.634371, -60.619362","Ruta",1,"COLASTINE","La Capital","Asfalto","Natural","I","S/D","Urbana","Semáforo","Funciona","Recta","Bueno","Buena","Nocturna","Buen Tiempo","S/D","S/D","Atropello","S/D","Horizontal","Línea divisoria pintada","Sin restricción"
2014,144,12/01/2014,"Domingo",0,17:05:00,"Ruta Provincial 2","0.0",2,"Automóvil,Moto/Ciclomotor","Santa Fe ",5,0,1,0,4,0,0,,"Ruta",2,"MONTE VERA","La Capital","Hormigón","Natural","I","Dentro","Urbana","Ninguna","No existe","Intersección","Bueno","Buena","Diurna","Buen Tiempo","Lateral","S/D","Colisión","S/D","S/D","Ninguna","Sin restricción"
2014,145,01/01/2014,"Miercoles",0,02:20:00,"Ruta Nacional 168","0.0",2,"Moto/Ciclomotor,Automóvil","Ruta Nac 168 476",3,2,0,0,0,0,1,,"Ruta",168,"SANTA FE","La Capital","Asfalto","Natural","I","Dentro","Urbana","Ninguna","No existe","Intersección","Bueno","S/D","Nocturna","Buen Tiempo","Frontal","S/D","Colisión","S/D","S/D","Cordón divisorio","Sin restricción"
2014,146,17/01/2014,"Viernes",0,13:00:00,"Ruta Nacional 11","478.0",2,"Moto/Ciclomotor,Automóvil"," ",2,1,0,0,1,0,0,,"Ruta",11,"RECREO","La Capital","Asfalto","Ripio","I","Fuera","Urbana","Semáforo","Intermitente","Recta","Bueno","Buena","Diurna","Buen Tiempo","Lateral","S/D","Colisión","S/D","Horizontal","Ninguna","Sin restricción"
2014,147,20/01/2014,"Lunes",0,00:50:00,,"0.0",2,"Automóvil,Moto/Ciclomotor","Av Pte Peron Y Iturraspe",3,2,0,0,1,0,0,,"Avenida",,"SANTA FE","La Capital","Asfalto","No existe","I","Dentro","Urbana","Ninguna","Intermitente","Intersección","Bueno","Buena","Nocturna","Buen Tiempo","Lateral","S/D","Colisión","S/D","Vertical","Ninguna","Sin restricción"
2014,149,08/01/2014,"Miercoles",0,14:15:00,"Ruta Provincial 1","9.0",2,"Automóvil,Automóvil"," ",6,6,0,0,0,0,0,,"Ruta",1,"RINCÓN POTRERO","La Capital","Asfalto","Natural","I","S/D","Urbana","Ninguna","No existe","Intersección","Bueno","Buena","Diurna","Buen Tiempo","Lateral","S/D","Colisión","Ninguna","Horizontal","Línea divisoria pintada","Sin restricción"
2014,150,13/01/2014,"Lunes",0,17:00:00,,"0.0",2,"Moto/Ciclomotor,Automóvil","Gdor Candioti Y Quintana",2,0,1,0,1,0,0,,"Calle",,"SANTA FE","La Capital","Asfalto","No existe","I","Dentro","Urbana","Ninguna","No existe","Intersección","Bueno","Buena","Diurna","Buen Tiempo","Frontal","S/D","Colisión","Agua","Horizontal","Ninguna","Sin restricción"
2014,151,08/01/2014,"Miercoles",0,10:20:00,,"0.0",1,"Transporte de Pasajeros Urbano (> 8 asientos)","Estanislao Zeballos Y Av Peñaloza",2,1,0,0,1,0,0,,"Calle",,"SANTA FE","La Capital","Hormigón","Pavimento","I","S/D","Urbana","Semáforo","Funciona","Intersección","Bueno","Buena","Diurna","Buen Tiempo","S/D","S/D","Caída ocupante","S/D","Vertical","Cordón divisorio","Sin restricción"
2014,152,07/01/2014,"Martes",0,16:30:00,,"0.0",2,"Moto/Ciclomotor,Moto/Ciclomotor","Dorrego Y Huergo",3,1,2,0,0,0,0,,"Calle",,"SANTA FE","La Capital","Asfalto","No existe","I","Dentro","Urbana","Ninguna","No existe","Intersección","Bueno","Buena","Diurna","Buen Tiempo","Frontal","S/D","Colisión","Ninguna","Vertical","Ninguna","Sin restricción"
2014,153,24/01/2014,"Viernes",0,22:30:00,,"0.0",2,"Automóvil,Moto/Ciclomotor","Belgrano Y Bv Galvez",2,1,0,0,1,0,0,,"Avenida",,"SANTA FE","La Capital","Asfalto","No existe","I","Dentro","Urbana","S/D","S/D","Intersección","Bueno","S/D","Nocturna","S/D","Lateral","S/D","Colisión","S/D","S/D","Vegetación","S/D"
2014,154,06/01/2014,"Lunes",0,05:30:00,,"0.0",2,"Taxi/Remis,Moto/Ciclomotor","Av A del Valle Y J Castelli",3,0,0,0,0,0,3,,"Avenida",,"SANTA FE","La Capital","Asfalto","No existe","I","Dentro","Urbana","Ninguna","Intermitente","Intersección","Bueno","Buena","Diurna","Buen Tiempo","Lateral","S/D","Otro","Ninguna","Faltante","Ninguna","Sin restricción"
2014,155,19/01/2014,"Domingo",0,04:15:00,,"0.0",2,"Automóvil,Moto/Ciclomotor","Av Almte Brown 4300",2,0,1,0,1,0,0,,"Avenida",,"SANTA FE","La Capital","Asfalto","No existe","I","Dentro","Urbana","S/D","S/D","Intersección","Bueno","S/D","Nocturna","S/D","Lateral","S/D","Colisión","S/D","S/D","S/D","S/D"
2014,156,17/01/2014,"Viernes",0,04:15:00,,"0.0",2,"Automóvil,Moto/Ciclomotor","Av Almte Brown 4600",3,1,0,0,2,0,0,,"Avenida",,"SANTA FE","La Capital","Asfalto","S/D","I","S/D","Urbana","S/D","S/D","Recta","Bueno","S/D","Nocturna","S/D","Lateral","S/D","Colisión","S/D","S/D","S/D","S/D"
2014,157,06/01/2014,"Lunes",0,19:50:00,,"0.0",2,"Bicicleta,Automóvil","Av Gral Paz Y Gorostiaga",2,1,0,0,1,0,0,"-31.614944444444,-60.681944444444","Avenida",,"SANTA FE","La Capital","Asfalto","S/D","I","Dentro","Urbana","S/D","No existe","Intersección","Bueno","Buena","Diurna","Buen Tiempo","S/D","S/D","Atropello","Ninguna","S/D","S/D","Sin restricción"
2014,158,13/01/2014,"Lunes",0,17:00:00,,"0.0",2,"Moto/Ciclomotor,Automóvil","Bv Galvez Y Velez Sarsfield",2,1,0,0,1,0,0,,"Avenida",,"SANTA FE","La Capital","Asfalto","No existe","I","Dentro","Urbana","S/D","Funciona","Intersección","Deteriorada","S/D","Diurna","S/D","Lateral","S/D","Colisión","S/D","S/D","Vegetación","S/D"
2014,159,13/01/2014,"Lunes",0,14:30:00,,"0.0",2,"Moto/Ciclomotor,Automóvil","Balcarce 1600",3,0,0,0,2,0,1,,"Calle",,"SANTA FE","La Capital","Asfalto","No existe","I","Dentro","Urbana","Ninguna","No existe","Recta","Bueno","Buena","Diurna","Buen Tiempo","Lateral","S/D","Colisión","Ninguna","Faltante","Ninguna","Sin restricción"
2014,160,23/01/2014,"Jueves",0,23:30:00,,"0.0",2,"Automóvil,Moto/Ciclomotor","Pres Domingo Faustino Sarmient Y General Manuel Belgrano",2,2,0,0,0,0,0,,"Calle",,"SANTO TOMÉ","La Capital","Asfalto","No existe","I","S/D","Urbana","S/D","No existe","Recta","Bueno","Buena","Nocturna","Buen Tiempo","S/D","S/D","Colisión","S/D","Faltante","S/D","S/D"
2014,161,12/01/2014,"Domingo",0,14:20:00,,"0.0",2,"Moto/Ciclomotor,Automóvil","Bv Galvez 110",3,2,0,0,1,0,0,,"Avenida",,"SANTA FE","La Capital","Asfalto","No existe","I","S/D","Urbana","S/D","No existe","Recta","Deteriorada","S/D","Diurna","S/D","Lateral","S/D","Colisión","S/D","S/D","S/D","S/D"
2014,162,27/01/2014,"Lunes",0,17:00:00,,"0.0",2,"Automóvil,Pickup/Utilitario","Bv Galvez Y Necochea",3,2,0,0,1,0,0,,"Avenida",,"SANTA FE","La Capital","Asfalto","S/D","I","S/D","Urbana","S/D","S/D","Intersección","Bueno","S/D","Atardecer","S/D","Lateral","S/D","Colisión","S/D","S/D","S/D","S/D"
2014,163,12/01/2014,"Domingo",0,07:30:00,,"0.0",2,"Automóvil,Moto/Ciclomotor","Av Leandro Alem Y Dorrego",2,0,0,0,1,0,1,,"Avenida",,"SANTA FE","La Capital","Asfalto","No existe","I","S/D","Urbana","S/D","No existe","Intersección","Deteriorada","S/D","Diurna","S/D","Lateral","S/D","Colisión","S/D","S/D","S/D","S/D"
2014,164,11/01/2014,"Sabado",0,08:30:00,"Autovía Nacional 168","0.0",2,"Camión,Moto/Ciclomotor","Ruta Nac 168 ",2,1,0,0,1,0,0,,"Autovía",168,"SANTA FE","La Capital","Hormigón","No existe","I","Dentro","Urbana","S/D","No existe","Recta","Deteriorada","S/D","Diurna","S/D","Lateral","S/D","Colisión","S/D","S/D","S/D","S/D"
2014,165,14/01/2014,"Martes",0,22:50:00,"Ruta Nacional 11","0.0",2,"Moto/Ciclomotor,Pickup/Utilitario","Pte Roca ",2,0,1,0,1,0,0,,"Ruta",11,"RECREO","La Capital","Asfalto","Ripio","I","S/D","Urbana","Ninguna","No existe","Intersección","Bueno","Buena","Nocturna","Buen Tiempo","Frontal","S/D","Colisión","Ninguna","Horizontal","Línea divisoria pintada","Sin restricción"
2014,166,03/01/2014,"Viernes",0,18:00:00,"Ruta Nacional 11","477.0",2,"Moto/Ciclomotor,Pickup/Utilitario"," ",2,0,1,0,1,0,0,,"Ruta",11,"RECREO","La Capital","Asfalto","Ripio","I","Dentro","Urbana","Ninguna","No existe","Recta","Bueno","Buena","Diurna","Buen Tiempo","Lateral","S/D","Colisión","Ninguna","Horizontal","Línea divisoria pintada","Sin restricción"
2014,168,03/01/2014,"Viernes",0,,,"0.0",2,"Pickup/Utilitario,Automóvil","Guemes Y Maipu",3,1,0,0,2,0,0,,"Calle",,"SANTA FE","La Capital","Asfalto","No existe","I","S/D","Urbana","S/D","No existe","Intersección","Deteriorada","S/D","S/D","S/D","Lateral","S/D","Colisión","S/D","S/D","S/D","S/D"
2014,169,14/01/2014,"Martes",0,14:30:00,,"0.0",2,"Automóvil,Moto/Ciclomotor","9 de Julio Y Cullen",3,1,0,0,2,0,0,,"Calle",,"NELSON","La Capital","Asfalto","No existe","I","Dentro","Urbana","Ninguna","No existe","Intersección","Bueno","Buena","Diurna","Buen Tiempo","Lateral","S/D","Colisión","Ninguna","Faltante","Ninguna","Sin restricción"
2014,170,01/01/2014,"Miercoles",0,02:45:00,"Ruta Nacional 168","0.0",2,"Moto/Ciclomotor,Automóvil","Ruta Nac 168 ",3,1,0,0,2,0,0,,"Ruta",168,"SANTA FE","La Capital","Asfalto","Natural","I","S/D","Urbana","S/D","No existe","Rotonda","Con baches","Buena","Nocturna","Buen Tiempo","Lateral","S/D","Colisión","S/D","Horizontal","Guardarrail","Desvío Provisorio"
2014,171,13/01/2014,"Lunes",0,14:25:00,,"0.0",2,"Moto/Ciclomotor,Automóvil","Magallanes Y Roque Saenz Peña",2,1,0,0,1,0,0,,"Calle",,"SANTA FE","La Capital","S/D","S/D","I","S/D","Urbana","S/D","S/D","S/D","S/D","S/D","Diurna","S/D","S/D","S/D","Colisión","S/D","S/D","S/D","S/D"
2014,172,16/01/2014,"Jueves",0,22:40:00,"Ruta Provincial 2","11.0",2,"Moto/Ciclomotor,Automóvil"," ",2,0,1,0,1,0,0,,"Ruta",2,"ANGEL GALLARDO","La Capital","Hormigón","Natural","I","Dentro","Rural","Ninguna","No existe","Intersección","Bueno","S/D","Nocturna,Con luz artificial","S/D","Lateral","S/D","Colisión","Ninguna","S/D","Ninguna","Sin restricción"
2014,173,15/01/2014,"Miercoles",0,21:30:00,"Ruta Provincial 2","13.0",2,"Moto/Ciclomotor,Automóvil"," ",2,1,0,0,1,0,0,,"Ruta",2,"MONTE VERA","La Capital","Hormigón","Natural","I","Dentro","Urbana","Ninguna","No existe","Intersección","Bueno","Buena","Nocturna,Con luz artificial","Buen Tiempo","Lateral","S/D","Colisión","Ninguna","S/D","Ninguna","Sin restricción"
2014,174,17/01/2014,"Viernes",0,,,"0.0",2,"Moto/Ciclomotor,Transporte de Pasajeros Urbano (> 8 asientos)","Av Peñaloza Y Pedro de Vega",3,2,0,0,0,0,1,,"Avenida",,"SANTA FE","La Capital","S/D","S/D","I","S/D","Urbana","S/D","S/D","Intersección","S/D","S/D","S/D","S/D","S/D","S/D","S/D","S/D","S/D","S/D","S/D"
2014,175,14/01/2014,"Martes",0,17:00:00,,"0.0",2,"Moto/Ciclomotor,Pickup/Utilitario","Av Freyre Y Tucuman",2,1,0,0,1,0,0,,"Avenida",,"SANTA FE","La Capital","S/D","S/D","I","S/D","Urbana","S/D","S/D","S/D","S/D","S/D","Diurna","S/D","S/D","S/D","Colisión","S/D","S/D","S/D","S/D"
2014,176,14/01/2014,"Martes",0,23:30:00,,"0.0",2,"Bicicleta,Automóvil","Salta Y Av Mosconi",3,2,0,0,1,0,0,"-31.645916666667,-60.729277777778","Avenida",,"SANTA FE","La Capital","S/D","S/D","I","S/D","Urbana","S/D","S/D","S/D","S/D","S/D","Nocturna","S/D","S/D","S/D","Atropello","S/D","S/D","S/D","S/D"
2014,177,16/01/2014,"Jueves",0,08:15:00,,"0.0",2,"Moto/Ciclomotor,Automóvil","Los Pinos Y Candido Pujato",2,1,0,0,1,0,0,,"Avenida",,"SANTA FE","La Capital","S/D","S/D","I","S/D","Urbana","S/D","S/D","S/D","S/D","S/D","Diurna","S/D","S/D","S/D","Colisión","S/D","S/D","S/D","S/D"
2014,178,20/01/2014,"Lunes",0,21:50:00,,"0.0",2,"Otros,Automóvil","J Castelli Y Dr Zavalla",2,1,0,0,0,0,1,,"Calle",,"SANTA FE","La Capital","Asfalto","S/D","I","S/D","S/D","S/D","S/D","Intersección","S/D","S/D","Nocturna","S/D","S/D","S/D","S/D","S/D","S/D","S/D","S/D"
2014,179,13/01/2014,"Lunes",0,13:00:00,,"0.0",1,"Otros","Estanislao Zeballos ",1,0,0,0,0,0,1,,"Calle",,"SANTA FE","La Capital","Asfalto","S/D","I","Dentro","Urbana","S/D","S/D","Intersección","S/D","S/D","Diurna","S/D","S/D","S/D","S/D","S/D","S/D","S/D","S/D"
2014,180,17/01/2014,"Viernes",0,10:00:00,,"0.0",2,"Pickup/Utilitario,Moto/Ciclomotor","Huergo Y Av Facundo Zuviria",2,0,0,0,0,0,2,,"Avenida",,"SANTA FE","La Capital","Asfalto","S/D","I","Dentro","Urbana","S/D","S/D","Intersección","S/D","S/D","S/D","S/D","S/D","S/D","S/D","S/D","S/D","S/D","S/D"
2014,181,25/01/2014,"Sabado",0,12:30:00,,"0.0",2,"Moto/Ciclomotor,Automóvil","Rivadavia Y Rondeau",2,1,0,0,1,0,0,,"Calle",,"SAN JOSÉ DE LA ESQUINA","Caseros","Asfalto","No existe","IV","Dentro","Urbana","Ninguna","No existe","Intersección","Bueno","Buena","Diurna","Buen Tiempo","S/D","S/D","Caída ocupante","S/D","Vertical","Ninguna","Sin restricción"
2014,182,12/01/2014,"Domingo",0,12:30:00,,"0.0",2,"Pickup/Utilitario,Moto/Ciclomotor","Avenida Carlos Pellegrini Y Rivadavia",2,0,1,0,1,0,0,,"Avenida",,"SAN JOSÉ DE LA ESQUINA","Caseros","Asfalto","No existe","IV","Dentro","Urbana","Señal Ceda el Paso","No existe","Intersección","Bueno","Buena","Diurna","Buen Tiempo","Lateral","S/D","Colisión","S/D","Vertical","Ninguna","Sin restricción"
2014,183,15/01/2014,"Miercoles",0,10:00:00,,"0.0",1,"Transporte de Pasajeros Urbano (> 8 asientos)","Av Peñaloza Y Boneo",2,0,0,0,0,0,2,,"Avenida",,"SANTA FE","La Capital","S/D","S/D","I","Dentro","Urbana","S/D","S/D","Intersección","S/D","S/D","S/D","S/D","S/D","S/D","S/D","S/D","S/D","S/D","S/D"
2014,184,26/01/2014,"Domingo",0,14:10:00,,"0.0",2,"Automóvil,Automóvil","Av A del Valle Y Gorriti",4,2,0,0,2,0,0,,"Calle",,"SANTA FE","La Capital","Asfalto","Pavimento","I","Dentro","Urbana","S/D","Funciona","Intersección","Bueno","Buena","Diurna","Buen Tiempo","Lateral","S/D","Colisión","S/D","Vertical","S/D","S/D"
2014,185,25/01/2014,"Sabado",0,18:10:00,,"0.0",2,"Transporte de Pasajeros (H/ 8 asientos),Moto/Ciclomotor","Reg 12 de Infanteria Y J M Zuviria",2,0,0,0,0,0,2,,"Calle",,"SANTA FE","La Capital","Asfalto","S/D","I","Dentro","Urbana","S/D","No existe","Intersección","Bueno","Buena","Diurna","Buen Tiempo","Lateral","S/D","Colisión","S/D","S/D","S/D","S/D"
2014,186,25/01/2014,"Sabado",0,19:30:00,,"0.0",2,"Moto/Ciclomotor,Pickup/Utilitario","Bv Pellegrini Y 25 de Mayo",4,1,0,0,3,0,0,,"Avenida",,"SANTA FE","La Capital","Asfalto","No existe","IV","Dentro","Urbana","Señal Pare","No existe","Intersección","Bueno","Buena","Atardecer,Con luz artificial","Buen Tiempo","Lateral","S/D","Colisión","S/D","Vertical","Ninguna","Sin restricción"
2014,187,15/01/2014,"Miercoles",0,18:00:00,,"0.0",2,"Automóvil,Moto/Ciclomotor","Zavalia Y Alberti",2,1,0,0,0,0,1,,"Calle",,"SANTA FE","La Capital","Asfalto","S/D","I","Dentro","Urbana","S/D","S/D","Intersección","S/D","S/D","S/D","S/D","S/D","S/D","S/D","S/D","S/D","S/D","S/D"
2014,188,24/01/2014,"Viernes",0,01:30:00,,"0.0",2,"Automóvil,Moto/Ciclomotor","1ro de Mayo Y Larrea",2,1,0,0,1,0,0,,"Calle",,"SANTA FE","La Capital","Asfalto","Natural","I","Dentro","Urbana","S/D","No existe","Intersección","Deteriorada","Buena","Nocturna,Con luz artificial","Buen Tiempo","Lateral","S/D","Colisión","S/D","S/D","S/D","S/D"
2014,189,29/01/2014,"Miercoles",0,17:15:00,"Ruta Provincial 15","2.0",2,"Automóvil,Peatón"," ",2,1,0,0,1,0,0,,"Ruta",15,"ARMSTRONG","Belgrano","Asfalto","Natural","III","Dentro","Urbana","Ninguna","No existe","Recta","Bueno","Buena","Diurna","Buen Tiempo","S/D","S/D","Atropello","S/D","Faltante","Ninguna","Sin restricción"
2014,190,23/01/2014,"Jueves",0,21:00:00,,"0.0",2,"Camión,Moto/Ciclomotor","J M Zuviria Y Pavon",2,1,0,0,1,0,0,,"Avenida",,"SANTA FE","La Capital","Asfalto","Natural","I","Dentro","Urbana","S/D","No existe","Intersección","Bueno","S/D","Nocturna","Buen Tiempo","Lateral","S/D","Colisión","S/D","S/D","S/D","S/D"
2014,191,01/01/2014,"Miercoles",0,03:15:00,,"0.0",2,"Moto/Ciclomotor,Automóvil","Calle 24 Y Calle 9",2,1,0,0,1,0,0,,"Calle",,"LAS PAREJAS","Belgrano","Hormigón","No existe","III","Dentro","Urbana","Ninguna","No existe","Intersección","Bueno","Buena","Nocturna","Buen Tiempo","Lateral","S/D","Colisión","Ninguna","Vertical","Ninguna","Sin restricción"
2014,192,01/01/2014,"Miercoles",0,04:15:00,,"0.0",2,"Peatón,Automóvil","Gral Paz Y Combate de San Lorenzo",3,1,1,0,1,0,0,,"Calle",,"SUNCHALES","Castellanos","S/D","S/D","V","Dentro","Urbana","S/D","S/D","Intersección","S/D","S/D","Nocturna","S/D","S/D","S/D","Atropello","S/D","S/D","S/D","S/D"
2014,193,13/01/2014,"Lunes",0,19:00:00,,"0.0",2,"Moto/Ciclomotor,Automóvil","Av A del Valle Y French",2,1,0,0,1,0,0,,"Avenida",,"SANTA FE","La Capital","Asfalto","S/D","I","Dentro","Urbana","S/D","Funciona","Intersección","Bueno","Buena","Atardecer,Con luz artificial","Buen Tiempo","Lateral","S/D","Colisión","S/D","S/D","S/D","S/D"
2014,194,22/01/2014,"Miercoles",0,23:30:00,"Ruta Provincial 1","0.0",1,"Moto/Ciclomotor"," ",1,0,1,0,0,0,0,,"Ruta",1,"SALADERO CABAL","Garay","Tierra","Natural","VII","Dentro","Rural","Ninguna","No existe","Recta","Con baches","Reducida polvo","Nocturna","Buen Tiempo","S/D","S/D","Vuelco","Material Suelto","Faltante","Ninguna","Sin restricción"
2014,195,05/01/2014,"Domingo",0,13:10:00,,"0.0",1,"Moto/Ciclomotor","Gobernador Jose B Iturraspe Y General Jose de San Martin",1,1,0,0,0,0,0,,"Calle",,"HELVECIA","Garay","Asfalto","No existe","VII","S/D","S/D","Ninguna","No existe","Intersección","Bueno","Buena","Atardecer","Buen Tiempo","S/D","S/D","S/D","S/D","Faltante","Ninguna","Sin restricción"
2014,196,13/01/2014,"Lunes",0,17:00:00,,"0.0",2,"Automóvil,Bicicleta","Gdor Freyre Y Presbitero Perez",2,1,0,0,1,0,0,"-31.581972222222,-60.743138888889","Calle",,"SANTA FE","La Capital","Tierra","Natural","I","Dentro","Urbana","S/D","No existe","Intersección","S/D","Buena","Diurna","Buen Tiempo","S/D","S/D","Atropello","Material Suelto","S/D","S/D","S/D"
2014,197,16/01/2014,"Jueves",0,12:15:00,"Ruta Provincial 1","0.0",2,"Pickup/Utilitario,Moto/Ciclomotor"," ",4,2,0,0,2,0,0,,"Ruta",1,"HELVECIA","Garay","Asfalto","Natural","VII","S/D","S/D","Ninguna","No existe","Recta","Bueno","Buena","Diurna","Buen Tiempo","Lateral","S/D","Colisión","S/D","Faltante","Ninguna","Sin restricción"
2014,198,19/01/2014,"Domingo",0,17:35:00,,"0.0",2,"Automóvil,Bicicleta","San Luis Y Colon",2,1,0,0,1,0,0,,"Calle",,"VILLA CONSTITUCIÓN","Constitución","Asfalto","No existe","VI","S/D","Urbana","Ninguna","No existe","Intersección","Bueno","Buena","Diurna","Buen Tiempo","S/D","S/D","Atropello","S/D","S/D","Cordón divisorio","S/D"
2014,199,13/01/2014,"Lunes",0,08:00:00,,"0.0",2,"Automóvil,Moto/Ciclomotor","Av A del Valle Y Risso",2,1,0,0,0,0,1,,"Avenida",,"SANTA FE","La Capital","Asfalto","S/D","I","Dentro","Urbana","S/D","No existe","Intersección","Bueno","Buena","Diurna","Buen Tiempo","Lateral","S/D","Colisión","S/D","S/D","S/D","S/D"
2014,200,16/01/2014,"Jueves",0,11:20:00,"Ruta Provincial 1","0.0",2,"Pickup/Utilitario,Moto/Ciclomotor"," ",4,1,0,0,2,0,1,,"Ruta",1,"HELVECIA","Garay","Asfalto","Natural","VII","S/D","S/D","Ninguna","No existe","Recta","Bueno","Buena","Diurna","Buen Tiempo","Lateral","S/D","Colisión","S/D","Faltante","Ninguna","Sin restricción"
2014,201,11/01/2014,"Sabado",0,23:00:00,,"0.0",2,"Bicicleta,Automóvil","Av A del Valle Y Gorriti",3,2,0,0,1,0,0,"-31.590527777778,-60.692277777778","Avenida",,"SANTA FE","La Capital","Asfalto","Pavimento","I","Dentro","Urbana","S/D","Funciona","Recta","Bueno","Buena","Nocturna,Con luz artificial","Buen Tiempo","S/D","S/D","Atropello","S/D","Vertical","S/D","S/D"
2014,202,02/01/2014,"Jueves",0,14:15:00,,"0.0",2,"Automóvil,Moto/Ciclomotor","Av A del Valle Y Javier de la Rosa",2,1,0,0,1,0,0,,"Avenida",,"SANTA FE","La Capital","Asfalto","Pavimento","I","Dentro","Urbana","S/D","No existe","Intersección","Bueno","Buena","Diurna","Buen Tiempo","Lateral","S/D","Colisión","S/D","S/D","S/D","S/D"
2014,203,15/01/2014,"Miercoles",0,13:30:00,"Ruta Provincial 14","0.0",2,"Automóvil,Bicicleta"," ",2,1,0,0,1,0,0,,"Ruta",14,"BIGAND","Caseros","Asfalto","Pavimento","IV","S/D","Urbana","Ninguna","No existe","Recta","Bueno","Buena","Diurna","Buen Tiempo","Frontal","S/D","Atropello","S/D","Vertical","Línea divisoria pintada","S/D"
2014,204,09/01/2014,"Jueves",0,08:10:00,,"0.0",2,"Automóvil,Automóvil","25 de Mayo Y S Visintin",2,1,0,0,1,0,0,,"Calle",,"NELSON","La Capital","Ripio","No existe","I","Dentro","Urbana","Ninguna","No existe","Intersección","Bueno","Buena","Diurna","Buen Tiempo","Lateral","S/D","Colisión","Ninguna","Faltante","Ninguna","Sin restricción"
2014,205,31/01/2014,"Viernes",0,22:40:00,,"0.0",2,"Automóvil,Moto/Ciclomotor","AV. A DEL VALLE.  1080",2,1,0,0,1,0,0,,"Avenida",,"ANGEL GALLARDO","La Capital","Hormigón","Natural","I","Dentro","Rural","Ninguna","No existe","Recta","Bueno","Buena","Nocturna,Con luz artificial","Buen Tiempo","De alcance","S/D","Colisión","Ninguna","S/D","Cordón divisorio","Sin restricción"
2014,206,01/01/2014,"Miercoles",0,20:20:00,,"0.0",1,"Automóvil"," ",3,3,0,0,0,0,0,,"Calle",,"LAS PAREJAS","Belgrano","Tierra","No existe","III","S/D","S/D","Ninguna","No existe","Otro","Bueno","Buena","Atardecer","Buen Tiempo","Otro","S/D","Vuelco","Ninguna","Faltante","Ninguna","Sin restricción"