"anio_acci","nro_acci","fecha","desc_dia","fecha_aprox","hora_aprox","desc_ruta","km","cant_participantes","desc_participante","calle_avenida_km","total","heridos_leves","heridos_graves","heridos_gravisimos","ilesos","fallecidos","sin_datos","posicion_XY","desc_tipo_via","desc_ruta_ori","desc_loc","desc_dpto","desc_tipo_calzada","desc_tipo_banquina","desc_unidad_regional","desc_lugar_calzada","desc_zona","desc_prioridad","desc_estado_semaforo","desc_lugar_via","desc_estado_via","desc_estado_visibilidad","desc_luminosidad","desc_estado_clima","desc_tipo_colision","desc_tipo_atropello","desc_tipo_hecho","desc_pres_calzada","desc_senializacion","desc_separacion_via","desc_restriccion"
2014,207,01/01/2014,"Miercoles",0,08:00:00,,"0.0",2,"Moto/Ciclomotor,Pickup/Utilitario","Avenida 21 Y Avenida 16",2,1,0,0,1,0,0,,"Avenida",,"LAS PAREJAS","Belgrano","Hormigón","No existe","III","S/D","Urbana","Ninguna","No existe","Rotonda","Bueno","Buena","Diurna","S/D","Lateral","S/D","Colisión","Ninguna","Vertical","Cordón divisorio","Sin restricción"
2014,208,29/01/2014,"Miercoles",0,20:30:00,,"0.0",2,"Camión,Moto/Ciclomotor","Calle 5 Y Cortada 10 bis",2,0,1,0,1,0,0,,"Calle",,"LAS PAREJAS","Belgrano","Hormigón","No existe","III","S/D","Urbana","Ninguna","No existe","Intersección","Bueno","Buena","Nocturna","Buen Tiempo","Lateral","S/D","Colisión","Ninguna","Vertical","Cordón divisorio","Sin restricción"
2014,209,07/01/2014,"Martes",0,11:50:00,,"0.0",2,"Automóvil,Moto/Ciclomotor","San Martin Y Buenos Aires",2,0,1,0,1,0,0,,"Calle",,"LAS ROSAS","Belgrano","Asfalto","No existe","III","Dentro","Urbana","Ninguna","No existe","Intersección","Bueno","Buena","Diurna","Buen Tiempo","Lateral","S/D","Colisión","Ninguna","Vertical","Ninguna","Sin restricción"
2014,210,08/01/2014,"Miercoles",0,21:00:00,,"0.0",2,"Moto/Ciclomotor,Moto/Ciclomotor","Calle 6 ",2,1,1,0,0,0,0,,"Calle",,"LAS PAREJAS","Belgrano","Ripio","No existe","III","S/D","Urbana","Ninguna","No existe","Recta","Bueno","Buena","Nocturna","Buen Tiempo","Frontal","S/D","Colisión","Ninguna","Faltante","Ninguna","Sin restricción"
2014,211,25/01/2014,"Sabado",0,17:15:00,,"0.0",2,"Automóvil,Automóvil","Cerrito Y Sarmiento",2,1,0,0,1,0,0,,"Calle",,"LAS ROSAS","Belgrano","Asfalto","Pavimento","III","Dentro","Urbana","S/D","No existe","Intersección","Bueno","Buena","Diurna","Buen Tiempo","Lateral","S/D","Colisión","S/D","S/D","S/D","S/D"
2014,212,03/01/2014,"Viernes",0,18:35:00,,"0.0",2,"Moto/Ciclomotor,Bicicleta","Avenida 21 Y Avenida 18",2,0,1,0,1,0,0,,"Avenida",,"LAS PAREJAS","Belgrano","Asfalto","No existe","III","S/D","Urbana","Otra Señal","No existe","Intersección","Bueno","Buena","Diurna","Buen Tiempo","S/D","S/D","Atropello","S/D","Horizontal","Ninguna","Sin restricción"
2014,213,26/01/2014,"Domingo",0,12:30:00,,"0.0",2,"Automóvil,Pickup/Utilitario","Rivarola ",2,1,0,0,0,0,1,,"Calle",,"VILLA CONSTITUCIÓN","Constitución","Asfalto","S/D","VI","Dentro","Urbana","S/D","S/D","Recta","Bueno","Buena","Diurna","Buen Tiempo","Frontal","S/D","Colisión","S/D","S/D","S/D","S/D"
2014,214,23/01/2014,"Jueves",0,21:00:00,,"0.0",2,"Automóvil,Moto/Ciclomotor","Chubut Y Martin Miguel de Guemes",3,2,0,0,0,0,1,,"Calle",,"VILLA CONSTITUCIÓN","Constitución","Asfalto","S/D","VI","Dentro","Urbana","S/D","S/D","Intersección","Bueno","Reducida","Nocturna","Buen Tiempo","Frontal","S/D","Colisión","S/D","S/D","S/D","S/D"
2014,215,10/01/2014,"Viernes",0,11:00:00,,"0.0",2,"Pickup/Utilitario,Bicicleta","Independencia Y Santiago del Estero",2,1,0,0,1,0,0,,"Calle",,"VILLA CONSTITUCIÓN","Constitución","Asfalto","Pavimento","VI","S/D","Urbana","Ninguna","No existe","Intersección","Bueno","Buena","Diurna","Buen Tiempo","S/D","S/D","Atropello","S/D","S/D","Cordón divisorio","S/D"
2014,216,23/01/2014,"Jueves",0,22:30:00,,"0.0",2,"Automóvil,Automóvil","Oroño Y Lisandro de la Torre",2,1,0,0,0,0,1,,"Calle",,"VILLA CONSTITUCIÓN","Constitución","Asfalto","S/D","VI","Dentro","Urbana","S/D","S/D","Intersección","Bueno","S/D","Nocturna","Buen Tiempo","Frontal","S/D","Colisión","S/D","S/D","S/D","S/D"
2014,217,17/01/2014,"Viernes",0,11:00:00,,"0.0",2,"Moto/Ciclomotor,Moto/Ciclomotor","Independencia ",3,2,0,0,0,0,1,,"Calle",,"VILLA CONSTITUCIÓN","Constitución","Asfalto","S/D","VI","Dentro","Urbana","S/D","S/D","Intersección","Bueno","Buena","Diurna","Buen Tiempo","Frontal","S/D","Colisión","S/D","S/D","S/D","S/D"
2014,218,17/01/2014,"Viernes",0,11:20:00,"Ruta Provincial 21","0.0",2,"Moto/Ciclomotor,Tractor","San Martin 4300",2,1,0,0,0,0,1,,"Ruta",21,"VILLA CONSTITUCIÓN","Constitución","Asfalto","S/D","VI","Dentro","Urbana","S/D","S/D","Recta","Bueno","Buena","Diurna","Buen Tiempo","Frontal","S/D","Colisión","S/D","S/D","S/D","S/D"
2014,219,11/01/2014,"Sabado",0,21:45:00,,"0.0",3,"Moto/Ciclomotor,Camión,Automóvil","Av A del Valle Y Gorriti",4,2,0,0,1,0,1,,"Avenida",,"SANTA FE","La Capital","Asfalto","S/D","I","Dentro","Urbana","S/D","Funciona","Intersección","Bueno","Buena","Nocturna","Buen Tiempo","Lateral","S/D","Colisión","S/D","Vertical","S/D","S/D"
2014,220,28/01/2014,"Martes",0,19:30:00,,"0.0",2,"Moto/Ciclomotor,Automóvil","Arturo Frondizi Y Rotania",3,1,0,0,2,0,0,,"Calle",,"SUNCHALES","Castellanos","Asfalto","S/D","V","S/D","Urbana","S/D","S/D","Intersección","Bueno","S/D","Nocturna,Con luz artificial","S/D","S/D","S/D","Colisión","S/D","S/D","S/D","S/D"
2014,221,27/01/2014,"Lunes",0,08:30:00,,"0.0",2,"Bicicleta,Otros","Uruguay ",2,1,0,0,0,0,1,,"Calle",,"RAFAELA","Castellanos","S/D","S/D","V","Dentro","Urbana","S/D","S/D","Recta","Bueno","Buena","Diurna","S/D","S/D","S/D","Atropello","S/D","S/D","S/D","S/D"
2014,222,17/01/2014,"Viernes",0,00:30:00,"Ruta Nacional 177","0.0",2,"Automóvil,Moto/Ciclomotor","Presidente Peron Y Manuel Dorrego",2,0,1,0,1,0,0,,"Ruta",177,"VILLA CONSTITUCIÓN","Constitución","Asfalto","Pavimento","VI","S/D","Urbana","Semáforo","No funciona","Intersección","Bueno","Buena","Nocturna","Buen Tiempo","S/D","S/D","Colisión","S/D","S/D","Cordón divisorio","S/D"
2014,223,25/01/2014,"Sabado",0,19:30:00,,"0.0",2,"Moto/Ciclomotor,Automóvil","Av Independencia Y Santa Fe",2,1,0,0,1,0,0,,"Calle",,"SUNCHALES","Castellanos","S/D","S/D","V","Dentro","Urbana","S/D","S/D","Intersección","S/D","S/D","Atardecer","S/D","Lateral","S/D","Colisión","S/D","S/D","S/D","S/D"
2014,224,29/01/2014,"Miercoles",0,17:25:00,,"0.0",2,"Moto/Ciclomotor,Pickup/Utilitario","COLON Y BROWN",2,1,0,0,1,0,0,,"Calle",,"SAN VICENTE.","Castellanos","S/D","S/D","V","Dentro","Urbana","S/D","S/D","Intersección","S/D","S/D","Diurna","S/D","Lateral","S/D","Colisión","S/D","S/D","S/D","S/D"
2014,225,13/01/2014,"Lunes",0,11:00:00,,"0.0",2,"Transporte de Pasajeros Urbano (> 8 asientos),Peatón","Manuel Dorrego Y Santiago del Estero",2,1,0,0,1,0,0,,"Avenida",,"VILLA CONSTITUCIÓN","Constitución","Asfalto","No existe","VI","S/D","Urbana","Ninguna","No existe","Intersección","Bueno","Buena","Diurna","Buen Tiempo","S/D","S/D","Atropello","S/D","S/D","Cordón divisorio","S/D"
2014,226,16/01/2014,"Jueves",0,14:20:00,"Ruta Provincial 21","0.0",2,"Moto/Ciclomotor,Camión","Ruta Prov 21 ",2,0,1,0,0,0,1,,"Ruta",21,"VILLA CONSTITUCIÓN","Constitución","Asfalto","S/D","VI","Dentro","Urbana","S/D","S/D","Recta","Bueno","Buena","Diurna","Buen Tiempo","Frontal","S/D","Colisión","S/D","S/D","S/D","S/D"
2014,227,27/01/2014,"Lunes",0,13:35:00,,"0.0",2,"Moto/Ciclomotor,Otros","SAN LORENZO Y FADER",2,1,0,0,1,0,0,,"Calle",,"RAFAELA","Castellanos","Asfalto","S/D","V","S/D","Urbana","S/D","S/D","Intersección","Bueno","S/D","Diurna","S/D","S/D","S/D","Colisión","S/D","S/D","S/D","S/D"
2014,228,31/01/2014,"Viernes",0,21:00:00,,"0.0",2,"Moto/Ciclomotor,Automóvil","Victor Manuel Y F Dentesano",2,1,0,0,1,0,0,,"Calle",,"RAFAELA","Castellanos","Hormigón","S/D","V","Dentro","Urbana","S/D","S/D","Intersección","S/D","S/D","Nocturna","S/D","Lateral","S/D","Colisión","S/D","S/D","S/D","S/D"
2014,229,10/01/2014,"Viernes",0,20:55:00,,"0.0",2,"Automóvil,Peatón","Colon Y Salta",2,1,0,0,1,0,0,,"Calle",,"VILLA CONSTITUCIÓN","Constitución","Asfalto","No existe","VI","S/D","Urbana","Ninguna","No existe","Intersección","Bueno","Buena","Nocturna","Buen Tiempo","S/D","S/D","Atropello","S/D","S/D","Cordón divisorio","S/D"
2014,230,11/01/2014,"Sabado",0,18:30:00,,"0.0",2,"Moto/Ciclomotor,Automóvil","Camino de Theobald ",2,1,0,0,0,0,1,,"Calle",,"VILLA CONSTITUCIÓN","Constitución","Tierra","S/D","VI","Dentro","Rural","S/D","S/D","Recta","Con baches","S/D","Diurna","S/D","Frontal","S/D","Colisión","S/D","S/D","Vegetación","S/D"
2014,231,24/01/2014,"Viernes",0,19:30:00,,"0.0",2,"Moto/Ciclomotor,Moto/Ciclomotor","Av Aristobulo del Valle 657",2,1,0,0,1,0,0,,"Avenida",,"RAFAELA","Castellanos","Hormigón","S/D","V","Dentro","Urbana","S/D","S/D","Recta","S/D","S/D","Atardecer,Con luz artificial","S/D","S/D","S/D","Colisión","S/D","S/D","S/D","S/D"
2014,232,31/01/2014,"Viernes",0,19:30:00,,"0.0",2,"Pickup/Utilitario,Automóvil","Las Heras Y Cordoba",2,1,0,0,1,0,0,,"Calle",,"RAFAELA","Castellanos","Hormigón","S/D","V","Dentro","Urbana","S/D","S/D","Intersección","S/D","S/D","Atardecer","S/D","Lateral","S/D","Colisión","S/D","S/D","S/D","S/D"
2014,233,03/01/2014,"Viernes",0,,,"0.0",2,"Automóvil,Moto/Ciclomotor","Libertad Y Independencia",2,1,0,0,0,0,1,,"Calle",,"VILLA CONSTITUCIÓN","Constitución","Asfalto","Pavimento","VI","S/D","Urbana","Ninguna","No existe","Intersección","Bueno","Buena","Diurna","Buen Tiempo","S/D","S/D","S/D","S/D","S/D","Cordón divisorio","S/D"
2014,234,01/01/2014,"Miercoles",0,18:45:00,,"0.0",2,"Moto/Ciclomotor,Automóvil","Facundo Quiroga Y Carbonelli",2,1,0,0,0,0,1,,"Calle",,"VILLA CONSTITUCIÓN","Constitución","Asfalto","S/D","VI","Dentro","Urbana","S/D","S/D","Otro","Bueno","Buena","Diurna","S/D","Lateral","S/D","Colisión","S/D","S/D","S/D","S/D"
2014,235,25/01/2014,"Sabado",0,18:00:00,,"0.0",1,"Moto/Ciclomotor","Colectora De Las Casas Y Hipolito Vieytes",1,0,1,0,0,0,0,,"Avenida",,"RAFAELA","Castellanos","Asfalto","S/D","V","Dentro","Urbana","S/D","S/D","Recta","Bueno","Buena","Diurna","Buen Tiempo","S/D","S/D","Caída ocupante","S/D","Horizontal,Vertical","S/D","S/D"
2014,236,16/01/2014,"Jueves",0,10:35:00,,"0.0",2,"Automóvil,Peatón","Formosa Y Independencia",2,1,0,0,1,0,0,,"Calle",,"VILLA CONSTITUCIÓN","Constitución","Asfalto","Pavimento","VI","S/D","Urbana","Ninguna","S/D","Recta","Bueno","Buena","Diurna","Buen Tiempo","S/D","S/D","Atropello","S/D","S/D","Cordón divisorio","S/D"
2014,237,31/01/2014,"Viernes",0,21:15:00,,"0.0",2,"Moto/Ciclomotor,Automóvil","Bv San Martin Y Santiago del Estero",2,1,0,0,1,0,0,,"Calle",,"HUMBERTO 1°","Castellanos","S/D","S/D","V","Dentro","Urbana","S/D","S/D","Intersección","S/D","S/D","Nocturna","S/D","Lateral","S/D","Colisión","S/D","S/D","S/D","S/D"
2014,238,31/01/2014,"Viernes",0,12:30:00,,"0.0",2,"Moto/Ciclomotor,Camión","Perusia Y J Abele",3,0,1,0,2,0,0,,"Calle",,"RAFAELA","Castellanos","Hormigón","S/D","V","Dentro","Urbana","S/D","S/D","Intersección","S/D","S/D","Diurna","S/D","Lateral","S/D","Colisión","S/D","S/D","S/D","S/D"
2014,239,29/01/2014,"Miercoles",0,20:00:00,,"0.0",2,"Moto/Ciclomotor,Automóvil","Bv Pte Roca Y G Washington",2,1,0,0,1,0,0,,"Calle",,"RAFAELA","Castellanos","Hormigón","S/D","V","S/D","S/D","S/D","S/D","Intersección","S/D","S/D","S/D","S/D","Múltiple","S/D","Colisión","S/D","S/D","S/D","S/D"
2014,240,28/01/2014,"Martes",0,18:45:00,,"0.0",2,"Bicicleta,Automóvil","Lavalle Y Uruguay",2,1,0,0,1,0,0,,"Calle",,"RAFAELA","Castellanos","Hormigón","S/D","V","Dentro","Urbana","S/D","S/D","Intersección","S/D","S/D","Atardecer","S/D","Frontal","S/D","Atropello","S/D","S/D","S/D","S/D"
2014,241,26/01/2014,"Domingo",0,01:30:00,"Ruta Provincial 13","0.0",2,"Moto/Ciclomotor,Automóvil"," ",2,1,0,0,1,0,0,,"Ruta",13,"ATALIVA","Castellanos","Asfalto","S/D","V","Dentro","Urbana","S/D","S/D","Intersección","S/D","S/D","Nocturna","S/D","Lateral","S/D","Colisión","S/D","S/D","S/D","S/D"
2014,242,29/01/2014,"Miercoles",0,07:50:00,,"0.0",2,"Moto/Ciclomotor,Pickup/Utilitario","Av Roque Saenz Pe±a 759",2,1,0,0,1,0,0,,"Calle",,"RAFAELA","Castellanos","S/D","S/D","V","Dentro","Urbana","S/D","S/D","Recta","S/D","S/D","Diurna","S/D","Lateral","S/D","Colisión","S/D","S/D","S/D","S/D"
2014,243,20/01/2014,"Lunes",0,14:30:00,,"0.0",2,"Moto/Ciclomotor,Automóvil","Pueyrredon Y Uruguay",4,1,0,0,3,0,0,,"Calle",,"RAFAELA","Castellanos","Hormigón","S/D","V","Dentro","Urbana","S/D","S/D","Intersección","S/D","S/D","Diurna","S/D","Lateral","S/D","Colisión","S/D","S/D","S/D","S/D"
2014,244,19/01/2014,"Domingo",0,06:45:00,,"0.0",1,"Moto/Ciclomotor","G Washington Y Av Luis Fanti",2,1,1,0,0,0,0,,"Calle",,"RAFAELA","Castellanos","Asfalto","S/D","V","Dentro","Urbana","S/D","S/D","Intersección","Bueno","S/D","Diurna","S/D","S/D","S/D","Despiste","S/D","S/D","S/D","S/D"
2014,245,18/01/2014,"Sabado",0,22:00:00,,"0.0",2,"Moto/Ciclomotor,Moto/Ciclomotor","Bv Santa Fe Y Florencio Sanchez",3,2,1,0,0,0,0,,"Avenida",,"RAFAELA","Castellanos","Asfalto","S/D","V","Dentro","Urbana","S/D","S/D","Intersección","Bueno","S/D","Nocturna","S/D","Lateral","S/D","Colisión","S/D","S/D","S/D","S/D"
2014,246,24/01/2014,"Viernes",0,08:30:00,,"0.0",2,"Moto/Ciclomotor,Pickup/Utilitario","Rosario Y 27 de setiembre",2,1,0,0,1,0,0,,"Calle",,"RAFAELA","Castellanos","Hormigón","S/D","V","Dentro","Urbana","S/D","S/D","Intersección","S/D","S/D","S/D","Lluvia","Lateral","S/D","Colisión","Agua","S/D","S/D","S/D"
2014,247,18/01/2014,"Sabado",0,06:15:00,,"0.0",1,"Moto/Ciclomotor","Av Irigoyen Y A Borlenghi",1,1,0,0,0,0,0,,"Calle",,"SUNCHALES","Castellanos","S/D","S/D","V","Dentro","Urbana","S/D","S/D","Recta","S/D","S/D","Diurna","S/D","S/D","S/D","Despiste","S/D","S/D","S/D","S/D"
2014,248,23/01/2014,"Jueves",0,08:30:00,"Ruta Provincial 13","0.0",1,"Automóvil"," ",1,1,0,0,0,0,0,,"Ruta",13,"ESTACIÓN CLUCELLAS","Castellanos","Arena","S/D","V","S/D","Rural","S/D","S/D","Intersección","S/D","S/D","Diurna","S/D","S/D","S/D","Despiste","S/D","S/D","S/D","S/D"
2014,249,21/01/2014,"Martes",0,10:15:00,,"0.0",2,"Moto/Ciclomotor,Moto/Ciclomotor","Bv Pte Roca Y Dante Alighieri",3,2,1,0,0,0,0,,"Avenida",,"RAFAELA","Castellanos","Asfalto","S/D","V","S/D","Urbana","S/D","S/D","Intersección","Bueno","Buena","Diurna","S/D","S/D","S/D","Colisión","S/D","S/D","S/D","Sin restricción"
2014,250,21/01/2014,"Martes",0,13:00:00,,"0.0",2,"Moto/Ciclomotor,Otros","Calle colectora s/n Y Dante Alighieri",2,1,0,0,1,0,0,,"S/D",,"RAFAELA","Castellanos","Asfalto","S/D","V","S/D","Urbana","S/D","S/D","Intersección","Bueno","Buena","Diurna","Buen Tiempo","S/D","S/D","Colisión","S/D","S/D","S/D","Sin restricción"
2014,251,21/01/2014,"Martes",0,11:20:00,,"0.0",2,"Automóvil,Moto/Ciclomotor","Suipacha-Calle 74 Y Calle 5",4,1,0,0,3,0,0,,"S/D",,"FRONTERA","Castellanos","S/D","S/D","V","S/D","Urbana","S/D","S/D","Intersección","S/D","Buena","Diurna","S/D","S/D","S/D","Colisión","S/D","S/D","S/D","S/D"
2014,252,21/02/2014,"Viernes",0,01:20:00,,"0.0",1,"Pickup/Utilitario","PARAJE 501 ",7,6,0,0,1,0,0,,"S/D",,"ZENÓN PEREYRA","Castellanos","S/D","S/D","V","S/D","Rural","S/D","S/D","Recta","S/D","Reducida polvo","Nocturna","S/D","S/D","S/D","Despiste","S/D","S/D","S/D","S/D"
2014,253,18/01/2014,"Sabado",0,12:00:00,,"0.0",2,"Moto/Ciclomotor,Automóvil","Peru Y Bernardo de Irigoyen",2,1,0,0,1,0,0,,"Calle",,"RAFAELA","Castellanos","Hormigón","S/D","V","Dentro","Urbana","S/D","S/D","Intersección","Bueno","S/D","Diurna","S/D","Lateral","S/D","Colisión","S/D","S/D","S/D","S/D"
2014,254,18/01/2014,"Sabado",0,15:00:00,,"0.0",2,"Moto/Ciclomotor,Pickup/Utilitario","Bv Jaime Ferre Y Tucuman",2,1,0,0,1,0,0,,"Calle",,"RAFAELA","Castellanos","Hormigón","S/D","V","Dentro","Urbana","S/D","S/D","Intersección","Bueno","Buena","Diurna","S/D","Lateral","S/D","Colisión","S/D","Horizontal","S/D","S/D"
2014,255,18/01/2014,"Sabado",0,21:25:00,,"0.0",2,"Moto/Ciclomotor,Automóvil","R Casabella Y Coronel Pringles",3,2,0,0,1,0,0,,"Calle",,"RAFAELA","Castellanos","Hormigón","S/D","V","Dentro","Urbana","S/D","S/D","Intersección","S/D","S/D","S/D","S/D","Lateral","S/D","Colisión","S/D","S/D","S/D","S/D"
2014,256,17/01/2014,"Viernes",0,10:15:00,,"0.0",2,"Bicicleta,Camión","Av Brasil Y Av Italia",2,1,0,0,1,0,0,,"Avenida",,"RAFAELA","Castellanos","Hormigón","S/D","V","Dentro","Urbana","S/D","Funciona","Intersección","Bueno","S/D","S/D","S/D","S/D","S/D","Atropello","S/D","Horizontal,Vertical","S/D","S/D"
2014,257,17/01/2014,"Viernes",0,20:00:00,,"0.0",1,"Moto/Ciclomotor","B I Iturraspe Y Balcarce",1,1,0,0,0,0,0,,"Calle",,"RAFAELA","Castellanos","Hormigón","S/D","V","Fuera","Urbana","S/D","S/D","Recta","S/D","S/D","S/D","S/D","S/D","S/D","Despiste","S/D","S/D","S/D","S/D"
2014,258,17/01/2014,"Viernes",0,11:40:00,,"0.0",2,"Moto/Ciclomotor,Automóvil","Belgrano Y San Lorenzo",2,1,0,0,1,0,0,,"Calle",,"RAFAELA","Castellanos","S/D","S/D","V","Dentro","Urbana","S/D","No existe","Intersección","Bueno","S/D","Diurna","S/D","Lateral","S/D","Colisión","S/D","S/D","S/D","S/D"
2014,259,16/01/2014,"Jueves",0,22:10:00,,"0.0",2,"Moto/Ciclomotor,Automóvil","Parana Y Bernardo de Irigoyen",2,1,0,0,1,0,0,,"Calle",,"RAFAELA","Castellanos","Asfalto","No existe","V","S/D","Urbana","S/D","No existe","Intersección","Bueno","S/D","Nocturna","Buen Tiempo","Lateral","S/D","Colisión","S/D","S/D","S/D","S/D"
2014,260,16/01/2014,"Jueves",0,22:00:00,,"0.0",2,"Moto/Ciclomotor,Pickup/Utilitario","Av Luis Fanti Y Dante Alighieri",3,2,0,0,1,0,0,,"Avenida",,"RAFAELA","Castellanos","Asfalto","No existe","V","S/D","Urbana","S/D","No existe","Intersección","S/D","S/D","Nocturna","Buen Tiempo","Lateral","S/D","Colisión","S/D","S/D","S/D","S/D"
2014,261,16/01/2014,"Jueves",0,12:30:00,"Ruta Nacional 34","0.0",2,"Automóvil,Automóvil","RUTA NACIONAL 34 Y GABASIO",3,1,1,0,1,0,0,,"Ruta",34,"SUNCHALES","Castellanos","S/D","S/D","V","S/D","Urbana","S/D","S/D","Intersección","S/D","Buena","Diurna","Buen Tiempo","Frontal","S/D","Colisión","S/D","S/D","S/D","S/D"
2014,262,15/01/2014,"Miercoles",0,21:30:00,,"0.0",2,"Moto/Ciclomotor,Moto/Ciclomotor","Belgrano Y Gral Mosconi",3,1,0,0,2,0,0,,"Calle",,"RAFAELA","Castellanos","Asfalto","No existe","V","S/D","Urbana","S/D","No existe","Intersección","S/D","S/D","Nocturna","Buen Tiempo","Frontal","S/D","Colisión","S/D","S/D","S/D","S/D"
2014,263,14/01/2014,"Martes",0,22:30:00,,"0.0",2,"Moto/Ciclomotor,Bicicleta","Rioja Y Av Irigoyen",2,2,0,0,0,0,0,,"Avenida",,"SUNCHALES","Castellanos","S/D","S/D","V","S/D","Urbana","S/D","S/D","Intersección","S/D","S/D","Nocturna","Buen Tiempo","S/D","S/D","Atropello","S/D","S/D","S/D","S/D"
2014,264,14/01/2014,"Martes",0,23:00:00,,"0.0",2,"Moto/Ciclomotor,Automóvil","Av Irigoyen Y A Borlenghi",3,1,0,0,2,0,0,,"Avenida",,"SUNCHALES","Castellanos","S/D","S/D","V","S/D","Urbana","S/D","S/D","Intersección","S/D","S/D","Nocturna","Buen Tiempo","Frontal","S/D","Colisión","S/D","S/D","S/D","S/D"
2014,265,17/01/2014,"Viernes",0,19:30:00,,"0.0",2,"Moto/Ciclomotor,Automóvil","Av Lisandro de la Torre Y Dentesano bis",2,1,0,0,1,0,0,,"Avenida",,"SUNCHALES","Castellanos","Hormigón","S/D","V","Dentro","Urbana","S/D","S/D","Intersección","S/D","S/D","Atardecer","S/D","Lateral","S/D","Colisión","S/D","S/D","S/D","S/D"
2014,266,14/01/2014,"Martes",0,12:15:00,,"0.0",2,"Peatón,Automóvil","Falucho 800",2,1,0,0,1,0,0,,"Calle",,"RAFAELA","Castellanos","Asfalto","No existe","V","S/D","Urbana","S/D","No existe","Recta","Bueno","Buena","Diurna","Buen Tiempo","S/D","S/D","Atropello","S/D","S/D","S/D","S/D"
2014,267,17/01/2014,"Viernes",0,07:00:00,"Autovía Nacional 19","108.0",1,"Automóvil"," ",3,2,0,0,0,1,0,"-31.457220, -61.864072","Autovía",19,"SANTA CLARA DE SAGUIER","Castellanos","Asfalto","S/D","V","Fuera","Rural","S/D","S/D","Recta","S/D","S/D","Diurna","S/D","S/D","S/D","Vuelco,Despiste","S/D","S/D","Guardarrail","S/D"
2014,268,13/01/2014,"Lunes",0,21:30:00,,"0.0",1,"Moto/Ciclomotor","Padre Calleri 894",1,0,1,0,0,0,0,,"Calle",,"MARIA JUANA","Castellanos","S/D","S/D","V","S/D","Urbana","S/D","S/D","Recta","S/D","S/D","Nocturna","Buen Tiempo","Atropello animal","S/D","Colisión","S/D","S/D","S/D","S/D"
2014,269,11/01/2014,"Sabado",0,02:40:00,,"0.0",2,"Moto/Ciclomotor,Vehículo Oficial","Mariano Moreno Y P Avanthay",3,1,0,0,2,0,0,,"Calle",,"RAFAELA","Castellanos","Asfalto","No existe","V","S/D","Urbana","S/D","No existe","Intersección","Bueno","S/D","Nocturna","Buen Tiempo","Frontal","S/D","Colisión","S/D","S/D","S/D","S/D"
2014,270,16/01/2014,"Jueves",0,11:20:00,"Ruta Nacional 34","204.0",1,"Pickup/Utilitario"," ",3,2,0,0,1,0,0,,"Ruta",34,"SUSANA","Castellanos","S/D","S/D","V","S/D","Rural","S/D","No existe","Recta","Deteriorada","Buena","Diurna","Buen Tiempo","S/D","S/D","Despiste","S/D","S/D","S/D","S/D"
2014,271,16/01/2014,"Jueves",0,20:00:00,,"0.0",2,"Moto/Ciclomotor,Automóvil","Victor Manuel 900",3,1,0,0,2,0,0,,"Calle",,"RAFAELA","Castellanos","Asfalto","S/D","V","S/D","Urbana","S/D","S/D","Intersección","S/D","Buena","Atardecer","Buen Tiempo","Frontal","S/D","Colisión","S/D","S/D","S/D","S/D"
2014,272,15/01/2014,"Miercoles",0,11:05:00,,"0.0",2,"Moto/Ciclomotor,Automóvil","Bv Santa Fe Y Constitucion",2,1,0,0,1,0,0,,"Avenida",,"RAFAELA","Castellanos","S/D","No existe","V","S/D","Urbana","S/D","Funciona","Intersección","Bueno","Buena","Diurna","Buen Tiempo","Frontal","S/D","Colisión","S/D","S/D","S/D","S/D"
2014,273,10/01/2014,"Viernes",0,08:50:00,,"0.0",2,"Moto/Ciclomotor,Automóvil","Peru Y 27 de setiembre",1,1,0,0,0,0,0,,"Calle",,"RAFAELA","Castellanos","Asfalto","No existe","V","S/D","Urbana","S/D","No existe","Intersección","Bueno","Buena","Diurna","Buen Tiempo","Lateral","S/D","Colisión","S/D","S/D","S/D","S/D"
2014,274,03/01/2014,"Viernes",0,13:00:00,,"0.0",2,"Moto/Ciclomotor,Automóvil","Fdo Fader Y Bv H Irigoyen",2,1,0,0,1,0,0,,"Avenida",,"RAFAELA","Castellanos","S/D","No existe","V","S/D","Urbana","S/D","No existe","Intersección","Bueno","Buena","Diurna","Buen Tiempo","Frontal","S/D","Colisión","S/D","S/D","S/D","S/D"
2014,275,10/01/2014,"Viernes",0,20:50:00,,"0.0",2,"Moto/Ciclomotor,Automóvil","Gabriel Maggi Y S A Rodriguez",2,1,0,0,1,0,0,,"Calle",,"RAFAELA","Castellanos","Ripio","Natural","V","S/D","Urbana","S/D","No existe","Intersección","Deteriorada","Buena","Atardecer","Buen Tiempo","Lateral","S/D","Colisión","S/D","S/D","S/D","S/D"
2014,276,03/01/2014,"Viernes",0,17:00:00,"Ruta Nacional 19","70.0",1,"Moto/Ciclomotor"," ",1,1,0,0,0,0,0,,"Ruta",19,"ANGÉLICA","Castellanos","Hormigón","S/D","V","Dentro","Urbana","S/D","S/D","Recta","S/D","S/D","Diurna","Buen Tiempo","S/D","S/D","Caída ocupante","S/D","S/D","S/D","S/D"
2014,277,02/01/2014,"Jueves",0,22:30:00,,"0.0",2,"Moto/Ciclomotor,Moto/Ciclomotor","Illia Pte Y Lainez",3,2,0,0,1,0,0,,"Calle",,"SUNCHALES","Castellanos","S/D","S/D","V","Dentro","Urbana","S/D","S/D","Intersección","S/D","S/D","Nocturna","Buen Tiempo","Frontal","S/D","Colisión","S/D","S/D","S/D","S/D"
2014,278,14/01/2014,"Martes",0,11:35:00,,"0.0",2,"Moto/Ciclomotor,Moto/Ciclomotor","A Destefani Y  Dr Mario Baliño",2,1,1,0,0,0,0,,"Calle",,"RAFAELA","Castellanos","Ripio","S/D","V","S/D","Urbana","S/D","S/D","Intersección","S/D","S/D","Diurna","Buen Tiempo","Frontal","S/D","Colisión","S/D","S/D","S/D","S/D"