"anio_acci","nro_acci","fecha","desc_dia","fecha_aprox","hora_aprox","desc_ruta","km","cant_participantes","desc_participante","calle_avenida_km","total","heridos_leves","heridos_graves","heridos_gravisimos","ilesos","fallecidos","sin_datos","posicion_XY","desc_tipo_via","desc_ruta_ori","desc_loc","desc_dpto","desc_tipo_calzada","desc_tipo_banquina","desc_unidad_regional","desc_lugar_calzada","desc_zona","desc_prioridad","desc_estado_semaforo","desc_lugar_via","desc_estado_via","desc_estado_visibilidad","desc_luminosidad","desc_estado_clima","desc_tipo_colision","desc_tipo_atropello","desc_tipo_hecho","desc_pres_calzada","desc_senializacion","desc_separacion_via","desc_restriccion"
2014,279,02/01/2014,"Jueves",0,17:00:00,,"0.0",2,"Moto/Ciclomotor,Moto/Ciclomotor","J G Artigas Y Bv Pte Roca",2,1,0,0,1,0,0,,"Avenida",,"RAFAELA","Castellanos","Asfalto","No existe","V","Dentro","Urbana","S/D","No existe","Intersección","Bueno","Buena","Diurna","Buen Tiempo","Frontal","S/D","Colisión","S/D","S/D","S/D","S/D"
2014,280,03/01/2014,"Viernes",0,20:45:00,,"0.0",1,"Moto/Ciclomotor","B Anduiza Y L Marchini",2,2,0,0,0,0,0,,"Calle",,"RAFAELA","Castellanos","Tierra","Natural","V","S/D","Urbana","S/D","S/D","Intersección","S/D","Reducida","Nocturna","Buen Tiempo","S/D","S/D","Caída ocupante","S/D","S/D","S/D","S/D"
2014,281,02/01/2014,"Jueves",0,17:00:00,,"0.0",2,"Moto/Ciclomotor,Automóvil","Tucuman Y Mitre Bartolome",2,1,0,0,1,0,0,,"Calle",,"SUNCHALES","Castellanos","Asfalto","S/D","V","Dentro","Urbana","S/D","S/D","Intersección","S/D","S/D","Diurna","Buen Tiempo","Frontal","S/D","Colisión","S/D","S/D","S/D","S/D"
2014,282,11/01/2014,"Sabado",0,07:30:00,,"0.0",1,"Moto/Ciclomotor","GUEMES Y GALVEZ",1,1,0,0,0,0,0,,"Calle",,"SAN VICENTE.","Castellanos","S/D","S/D","V","Dentro","Urbana","S/D","S/D","Intersección","S/D","S/D","S/D","S/D","S/D","S/D","Despiste","S/D","S/D","S/D","S/D"
2014,283,03/01/2014,"Viernes",0,20:30:00,,"0.0",2,"Moto/Ciclomotor,Pickup/Utilitario","Falucho Y Bv H Irigoyen",3,1,1,0,1,0,0,,"Avenida",,"RAFAELA","Castellanos","S/D","S/D","II","S/D","Urbana","S/D","No existe","Intersección","Deteriorada","Buena","Nocturna","Buen Tiempo","Frontal","S/D","Colisión","S/D","S/D","S/D","S/D"
2014,284,04/01/2014,"Sabado",0,08:45:00,,"0.0",1,"Moto/Ciclomotor","Saavedra Y J M Estrada",1,1,0,0,0,0,0,,"Calle",,"RAFAELA","Castellanos","Asfalto","No existe","V","Dentro","Urbana","S/D","S/D","Intersección","Bueno","Buena","Diurna","Buen Tiempo","S/D","S/D","Caída ocupante","S/D","S/D","S/D","S/D"
2014,285,10/01/2014,"Viernes",0,01:15:00,,"0.0",1,"Moto/Ciclomotor","1ra Junta Y Avenida Bernardino Rivadavia",1,0,1,0,0,0,0,,"Calle",,"LEHMANN","Castellanos","S/D","S/D","V","Dentro","Urbana","S/D","S/D","Intersección","S/D","S/D","Nocturna","S/D","S/D","S/D","Despiste","S/D","S/D","S/D","S/D"
2014,286,07/01/2014,"Martes",0,22:30:00,,"0.0",1,"Vehículo Oficial","Pbro Emiliano Cerdan 800",1,1,0,0,0,0,0,,"Avenida",,"RAFAELA","Castellanos","Hormigón","S/D","V","Fuera","Urbana","S/D","S/D","Recta","Bueno","S/D","S/D","S/D","S/D","S/D","Vuelco","S/D","S/D","S/D","S/D"
2014,287,13/01/2014,"Lunes",0,08:15:00,,"0.0",2,"Pickup/Utilitario,Automóvil","GRAL LOPEZ Y AV. GUIRALDEZ",3,2,0,0,1,0,0,,"Calle",,"MARIA JUANA","Castellanos","S/D","S/D","V","Dentro","Urbana","S/D","S/D","Intersección","S/D","S/D","Diurna","S/D","Lateral","S/D","Colisión","S/D","S/D","S/D","S/D"
2014,288,23/01/2014,"Jueves",0,21:40:00,,"0.0",2,"Pickup/Utilitario,Moto/Ciclomotor","España Y Guillermo Brown",2,1,0,0,1,0,0,,"Calle",,"VENADO TUERTO","General López","Asfalto","S/D","VIII","Dentro","Urbana","S/D","S/D","Intersección","Bueno","Buena","Nocturna","Buen Tiempo","Frontal","S/D","Colisión","S/D","S/D","S/D","S/D"
2014,289,28/01/2014,"Martes",0,19:55:00,,"0.0",2,"Moto/Ciclomotor,Bicicleta","Italia 2028",2,2,0,0,0,0,0,,"Calle",,"VENADO TUERTO","General López","Asfalto","S/D","VIII","Dentro","Urbana","S/D","S/D","Recta","Bueno","S/D","Atardecer","Buen Tiempo","De alcance","S/D","Atropello","S/D","S/D","Cordón divisorio","Sin restricción"
2014,290,13/01/2014,"Lunes",0,11:40:00,"Ruta Provincial 70","0.0",2,"Automóvil,Automóvil"," ",5,2,0,0,3,0,0,,"Ruta",70,"PUEBLO SAN ANTONIO","Castellanos","Asfalto","S/D","V","Dentro","Urbana","S/D","S/D","Intersección","S/D","S/D","S/D","S/D","Lateral","S/D","Colisión","S/D","S/D","S/D","S/D"
2014,291,07/01/2014,"Martes",0,13:00:00,,"0.0",2,"Moto/Ciclomotor,Automóvil","Peru Y Balcarce",2,1,0,0,1,0,0,,"Calle",,"RAFAELA","Castellanos","Hormigón","S/D","V","S/D","Urbana","S/D","S/D","Intersección","Bueno","S/D","S/D","S/D","Lateral","S/D","Colisión","S/D","S/D","S/D","S/D"
2014,292,03/01/2014,"Viernes",0,18:40:00,,"0.0",2,"Moto/Ciclomotor,Automóvil","Maipu Y España",4,3,0,0,1,0,0,,"Calle",,"VENADO TUERTO","General López","Asfalto","S/D","VIII","Dentro","Urbana","S/D","S/D","Intersección","Bueno","S/D","Diurna","Buen Tiempo","Lateral","S/D","Colisión","S/D","S/D","Cordón divisorio","Sin restricción"
2014,293,13/01/2014,"Lunes",0,12:00:00,,"0.0",2,"Moto/Ciclomotor,Otros","Bv Jaime Ferre Y Av Italia",6,4,0,0,2,0,0,,"Avenida",,"RAFAELA","Castellanos","Hormigón","S/D","V","Dentro","Urbana","S/D","S/D","Intersección","S/D","S/D","S/D","S/D","Lateral","S/D","Colisión","S/D","S/D","S/D","S/D"
2014,294,04/01/2014,"Sabado",0,09:30:00,,"0.0",2,"Automóvil,Moto/Ciclomotor","Bartolome Mitre Y Italia",2,1,0,0,1,0,0,,"Calle",,"VENADO TUERTO","General López","Asfalto","No existe","VIII","Dentro","Urbana","S/D","No existe","Intersección","Bueno","Buena","Diurna","Buen Tiempo","Frontal","S/D","Colisión","S/D","S/D","S/D","Sin restricción"
2014,295,05/01/2014,"Domingo",0,08:00:00,"Autovía Nacional 19","80.0",1,"Automóvil"," ",3,2,0,0,1,0,0,,"Autovía",19,"ANGÉLICA","Castellanos","Asfalto","S/D","V","Fuera","Rural","S/D","S/D","Recta","Bueno","S/D","S/D","S/D","S/D","S/D","Vuelco,Despiste","S/D","S/D","S/D","Accidente Previo"
2014,296,12/01/2014,"Domingo",0,12:20:00,,"0.0",2,"Automóvil,Moto/Ciclomotor","Leoncio de la Barrera ",2,1,0,0,1,0,0,,"Calle",,"VENADO TUERTO","General López","Asfalto","Pavimento","VIII","Dentro","Urbana","S/D","No existe","Intersección","Bueno","Buena","Diurna","Buen Tiempo","S/D","S/D","Colisión","S/D","S/D","Cordón divisorio","Sin restricción"
2014,297,22/01/2014,"Miercoles",0,23:25:00,,"0.0",2,"Moto/Ciclomotor,Automóvil","Cornelio Saavedra Y Roque Saenz Peña",2,1,0,0,1,0,0,,"Calle",,"VENADO TUERTO","General López","Asfalto","S/D","VIII","Dentro","Urbana","S/D","S/D","Intersección","Bueno","S/D","Nocturna","Buen Tiempo","Lateral","S/D","Colisión","S/D","S/D","Cordón divisorio","Sin restricción"
2014,298,12/01/2014,"Domingo",0,07:30:00,,"0.0",2,"Moto/Ciclomotor,Automóvil","La Plata Y Jorge Newbery",2,1,0,0,1,0,0,,"Calle",,"RAFAELA","Castellanos","Hormigón","S/D","V","Dentro","Urbana","S/D","S/D","Intersección","Bueno","S/D","Diurna","S/D","Lateral","S/D","Colisión","S/D","S/D","S/D","S/D"
2014,299,05/01/2014,"Domingo",0,19:00:00,,"0.0",2,"Moto/Ciclomotor,Automóvil","Gral Roca Y Corrientes",3,1,0,0,2,0,0,,"Calle",,"OLIVEROS","Iriondo","Hormigón","No existe","X","Dentro","Urbana","Ninguna","No existe","Intersección","Bueno","Buena","Diurna","Buen Tiempo","Lateral","S/D","Colisión","S/D","Faltante","Ninguna","Sin restricción"
2014,300,04/01/2014,"Sabado",0,07:45:00,"Ruta Nacional 9","509.0",2,"Moto/Ciclomotor,Automóvil"," ",2,1,0,0,1,0,0,,"Ruta",9,"CAÑADA DE GÓMEZ","Iriondo","Hormigón","Ripio","X","Dentro","Urbana","Semáforo","Funciona","Recta","Deteriorada,Ahuellamiento","Buena","Diurna","Buen Tiempo","Frontal","S/D","Colisión","S/D","Vertical","Cordón divisorio","Sin restricción"
2014,301,11/01/2014,"Sabado",0,19:55:00,,"0.0",2,"Moto/Ciclomotor,Automóvil","AV DR ZOBBOLI Y PEDRO CERDON",3,1,1,0,1,0,0,,"Avenida",,"RAFAELA","Castellanos","Asfalto","S/D","V","Dentro","Urbana","S/D","S/D","Intersección","Bueno","S/D","Atardecer","S/D","Lateral","S/D","Colisión","S/D","S/D","S/D","S/D"
2014,302,05/01/2014,"Domingo",0,18:20:00,,"0.0",2,"Automóvil,Moto/Ciclomotor","Ruta Nac 8 Y Felix Goumonde",2,0,1,0,1,0,0,,"S/D",,"VENADO TUERTO","General López","Asfalto","S/D","VIII","S/D","Urbana","S/D","S/D","Intersección","Bueno","S/D","S/D","Lluvia","Frontal","S/D","Colisión","S/D","S/D","Línea divisoria pintada","S/D"
2014,303,29/01/2014,"Miercoles",0,20:50:00,,"0.0",2,"Vehículo Oficial,Pickup/Utilitario","Ayacucho Y Guido Spano",3,1,0,0,2,0,0,,"Calle",,"CAÑADA DE GÓMEZ","Iriondo","Asfalto","No existe","X","Dentro","Urbana","Ninguna","No existe","Intersección","Bueno","Buena","Nocturna,Con luz artificial","Buen Tiempo","Frontal","S/D","Colisión","S/D","Faltante","Ninguna","Sin restricción"
2014,304,29/01/2014,"Miercoles",0,19:15:00,,"0.0",2,"Moto/Ciclomotor,Automóvil","Lavalle Y Moreno",2,1,0,0,1,0,0,,"Calle",,"CAÑADA DE GÓMEZ","Iriondo","Asfalto","No existe","X","S/D","Urbana","S/D","No existe","Intersección","Con baches","Buena","Atardecer,Con luz artificial","Buen Tiempo","Frontal","S/D","Colisión","S/D","Faltante","Ninguna","Sin restricción"
2014,305,25/01/2014,"Sabado",0,19:50:00,,"0.0",2,"Moto/Ciclomotor,Moto/Ciclomotor","Ocampo Y España",4,2,0,0,2,0,0,,"Calle",,"CAÑADA DE GÓMEZ","Iriondo","Asfalto","No existe","X","Dentro","Urbana","Ninguna","No existe","Intersección","Bueno","Buena","Atardecer","Buen Tiempo","Lateral","S/D","Colisión","S/D","Faltante","Ninguna","Sin restricción"
2014,306,21/01/2014,"Martes",0,17:55:00,,"0.0",2,"Automóvil,Moto/Ciclomotor","Piacenza Y Av Dr Luis Chapuis",2,1,0,0,1,0,0,,"Calle",,"VENADO TUERTO","General López","Asfalto","S/D","VIII","S/D","Urbana","S/D","S/D","Intersección","Bueno","Buena","Atardecer","Buen Tiempo","Frontal","S/D","Colisión","S/D","S/D","S/D","Sin restricción"
2014,307,28/01/2014,"Martes",0,18:35:00,,"0.0",2,"Moto/Ciclomotor,Moto/Ciclomotor","Lavalle 1050",2,1,0,0,1,0,0,,"Calle",,"CAÑADA DE GÓMEZ","Iriondo","Asfalto","No existe","X","Dentro","Urbana","Ninguna","No existe","Otro","Bueno","Buena","Diurna","Buen Tiempo","Lateral","S/D","Colisión","S/D","Faltante","Ninguna","Sin restricción"
2014,308,11/01/2014,"Sabado",0,23:45:00,,"0.0",2,"Moto/Ciclomotor,Automóvil","Miguel de Azcuenaga Y R Casabella",2,1,0,0,1,0,0,,"Calle",,"RAFAELA","Castellanos","Hormigón","S/D","V","Dentro","Urbana","S/D","S/D","Intersección","Bueno","S/D","Nocturna","S/D","Lateral","S/D","Colisión","S/D","S/D","S/D","S/D"
2014,309,21/01/2014,"Martes",0,19:20:00,,"0.0",2,"Bicicleta,Automóvil","Gral Jose de San Martin Y Quintana",2,0,1,0,1,0,0,,"Calle",,"VENADO TUERTO","General López","Asfalto","S/D","VIII","S/D","Urbana","S/D","No existe","Intersección","Bueno","Buena","Atardecer","Buen Tiempo","S/D","S/D","Atropello","S/D","S/D","S/D","S/D"
2014,310,23/01/2014,"Jueves",0,23:50:00,"Ruta Nacional 9","0.0",2,"Bicicleta,Moto/Ciclomotor"," ",3,2,1,0,0,0,0,,"Ruta",9,"CAÑADA DE GÓMEZ","Iriondo","Hormigón","Natural","X","Dentro","Urbana","Ninguna","No existe","Recta","Deteriorada","Buena","Nocturna","Buen Tiempo","S/D","S/D","Atropello","S/D","Faltante","Cordón divisorio","Sin restricción"
2014,311,02/01/2014,"Jueves",0,09:10:00,,"0.0",2,"Moto/Ciclomotor,Vehículo Oficial","Arturo Jauretche Y Velez Sarfield",2,0,1,0,1,0,0,,"Calle",,"RAFAELA","Castellanos","Ripio","No existe","V","S/D","Urbana","S/D","No existe","Intersección","Bueno","Buena","Diurna","Buen Tiempo","Frontal","S/D","Colisión","S/D","S/D","S/D","S/D"
2014,312,19/01/2014,"Domingo",0,06:45:00,,"0.0",1,"Moto/Ciclomotor","Bv Centenario B Y Alvear",1,1,0,0,0,0,0,,"Calle",,"CAÑADA DE GÓMEZ","Iriondo","Asfalto","No existe","X","Dentro","Urbana","Ninguna","No existe","Recta","Con baches","Buena","Amanecer","Lluvia","S/D","S/D","Caída ocupante","S/D","Faltante","Ninguna","Sin restricción"
2014,313,09/01/2014,"Jueves",0,16:00:00,,"0.0",2,"Moto/Ciclomotor,Pickup/Utilitario","AV DUFFY Y BICENTENARIO",2,1,0,0,1,0,0,,"Calle",,"WHEELWRIGHT","General López","S/D","No existe","VIII","Dentro","Urbana","S/D","No existe","Intersección","Bueno","Buena","Diurna","Buen Tiempo","Lateral","S/D","Colisión","S/D","S/D","S/D","Sin restricción"
2014,314,28/01/2014,"Martes",0,17:30:00,,"0.0",2,"Moto/Ciclomotor,Taxi/Remis","Bv. Lopez Y Ovidio Lagos",4,3,0,0,1,0,0,,"Calle",,"CAÑADA DE GÓMEZ","Iriondo","Asfalto","No existe","X","Dentro","Urbana","Ninguna","No existe","Intersección","Bueno","Buena","Diurna","Buen Tiempo","Frontal","S/D","Colisión","S/D","Faltante","Ninguna","Sin restricción"
2014,315,03/01/2014,"Viernes",0,11:50:00,,"0.0",2,"Moto/Ciclomotor,Pickup/Utilitario","Bv Santa Fe Y Sargento Cabral",2,1,0,0,0,0,1,,"Avenida",,"RAFAELA","Castellanos","S/D","No existe","V","S/D","Urbana","S/D","No existe","Intersección","Bueno","Buena","Diurna","Buen Tiempo","Lateral","S/D","Colisión","S/D","S/D","S/D","S/D"
2014,316,04/01/2014,"Sabado",0,13:50:00,,"0.0",2,"Moto/Ciclomotor,Automóvil","Quintana Y Mariano Moreno",3,1,1,0,1,0,0,,"Calle",,"VENADO TUERTO","General López","Asfalto","No existe","VIII","Dentro","Urbana","Ninguna","No existe","Intersección","Bueno","Buena","Diurna","Buen Tiempo","Lateral","S/D","Colisión","S/D","S/D","Ninguna","Sin restricción"
2014,317,18/01/2014,"Sabado",0,13:20:00,"Ruta Nacional 9","373.0",1,"Moto/Ciclomotor"," ",2,2,0,0,0,0,0,,"Ruta",9,"CAÑADA DE GÓMEZ","Iriondo","Hormigón","Ripio","X","Dentro","Urbana","Ninguna","No existe","Recta","Con baches","Buena","Diurna","Buen Tiempo","S/D","S/D","Caída ocupante","S/D","Faltante","Cordón divisorio","Sin restricción"
2014,318,03/01/2014,"Viernes",0,12:00:00,,"0.0",2,"Moto/Ciclomotor,Automóvil","J Zanetti 150",3,1,0,0,2,0,0,,"Calle",,"RAFAELA","Castellanos","Asfalto","S/D","V","Dentro","S/D","S/D","S/D","Recta","Bueno","S/D","Diurna","Buen Tiempo","Lateral","S/D","Colisión","S/D","S/D","S/D","S/D"
2014,319,08/01/2014,"Miercoles",0,20:00:00,,"0.0",2,"Bicicleta,Otros","Quintana Y Santa Rosa",2,1,0,0,1,0,0,,"Calle",,"CAÑADA DE GÓMEZ","Iriondo","Tierra","No existe","X","Dentro","Urbana","Ninguna","No existe","Recta","Con baches,Deteriorada,Ahuellamiento","S/D","Nocturna","Buen Tiempo","S/D","S/D","Atropello","S/D","Faltante","Ninguna","Sin restricción"
2014,320,26/01/2014,"Domingo",0,07:50:00,,"0.0",2,"Automóvil,Moto/Ciclomotor","Boulevard Solis Y Juan B. Alberdi",2,1,0,0,1,0,0,,"Calle",,"FIRMAT","General López","Asfalto","No existe","VIII","Dentro","Urbana","S/D","S/D","Recta","Bueno","Buena","Diurna","Buen Tiempo","Frontal","S/D","Colisión","S/D","S/D","S/D","S/D"
2014,321,28/01/2014,"Martes",0,11:00:00,,"0.0",2,"Automóvil,Automóvil","Nicasio Oroño Y 9 de Julio",2,2,0,0,0,0,0,,"Calle",,"CAÑADA DE GÓMEZ","Iriondo","Asfalto","No existe","X","Dentro","Urbana","Ninguna","No existe","Intersección","Bueno","Buena","Diurna","Buen Tiempo","Frontal","S/D","Colisión","S/D","Faltante","Ninguna","Sin restricción"
2014,322,21/01/2014,"Martes",0,11:20:00,"Ruta Nacional 11","0.0",2,"Bicicleta,Pickup/Utilitario"," ",2,1,0,0,1,0,0,,"Ruta",11,"RECONQUISTA","General Obligado","Asfalto","Natural","IX","Dentro","Urbana","S/D","No existe","Intersección","Bueno","Buena","Diurna","Buen Tiempo","S/D","S/D","Atropello","Ninguna","S/D","Línea divisoria pintada","Sin restricción"
2014,323,22/01/2014,"Miercoles",0,23:15:00,,"0.0",1,"Moto/Ciclomotor","Calle 4-Fray Antonio Rossi 2430",1,1,0,0,0,0,0,,"Calle",,"RECONQUISTA","General Obligado","Asfalto","Natural","IX","Dentro","Urbana","Ninguna","No existe","Recta","Bueno","Buena","Nocturna,Con luz artificial","Buen Tiempo","Otro","S/D","Caída ocupante","Ninguna","S/D","Línea divisoria pintada","Sin restricción"
2014,324,30/01/2014,"Jueves",0,03:00:00,,"0.0",1,"Moto/Ciclomotor","BV. PERON Y CALLE 64",1,0,1,0,0,0,0,,"Avenida",,"RECONQUISTA","General Obligado","Asfalto","Natural","IX","Dentro","Urbana","Ninguna","No existe","Recta","Bueno","Buena","Con luz artificial","Buen Tiempo","Otro","S/D","Caída ocupante","Ninguna","S/D","Cordón divisorio","Sin restricción"
2014,325,14/01/2014,"Martes",0,20:15:00,,"0.0",2,"Automóvil,Moto/Ciclomotor","Calle 301 Y Calle 302",3,1,0,0,2,0,0,,"Calle",,"AVELLANEDA","General Obligado","Tierra","Natural","IX","Dentro","Urbana","Ninguna","No existe","Intersección","Bueno","Buena","Nocturna","Buen Tiempo","Lateral","S/D","Colisión","S/D","Faltante","Ninguna","Sin restricción"
2014,326,31/01/2014,"Viernes",0,19:30:00,,"0.0",2,"Moto/Ciclomotor,Moto/Ciclomotor","Calle 47-Islas Malvinas Y Calle 46",2,1,0,0,1,0,0,,"Calle",,"RECONQUISTA","General Obligado","Asfalto","Natural","IX","Dentro","Urbana","Ninguna","No existe","Intersección","Otro","Buena","Atardecer","Buen Tiempo","Lateral","S/D","Colisión","Ninguna","S/D","Ninguna","Sin restricción"
2014,327,18/01/2014,"Sabado",0,20:20:00,,"0.0",2,"Moto/Ciclomotor,Moto/Ciclomotor","Calle 15 Y Calle 6",2,2,0,0,0,0,0,,"Calle",,"AVELLANEDA","General Obligado","Asfalto","No existe","IX","Dentro","Urbana","Ninguna","No existe","Intersección","Bueno","Buena","Nocturna","Buen Tiempo","Lateral","S/D","Colisión","S/D","Faltante","Ninguna","Sin restricción"
2014,328,20/01/2014,"Lunes",0,13:40:00,,"0.0",2,"Bicicleta,Moto/Ciclomotor","Calle 24 - Olessio Y Calle 47-Islas Malvinas",2,1,0,0,1,0,0,,"Calle",,"RECONQUISTA","General Obligado","Asfalto","No existe","IX","Dentro","Urbana","Ninguna","Funciona","Intersección","Bueno","Buena","Diurna","Buen Tiempo","S/D","S/D","Atropello","Ninguna","S/D","Ninguna","Sin restricción"
2014,329,18/01/2014,"Sabado",0,20:20:00,,"0.0",2,"Automóvil,Moto/Ciclomotor","Calle 1 478",4,2,0,0,2,0,0,,"Calle",,"AVELLANEDA","General Obligado","Asfalto","Natural","IX","Dentro","Urbana","Ninguna","No existe","Recta","Bueno","Buena","Nocturna","Buen Tiempo","Lateral","S/D","Colisión","S/D","Faltante","Ninguna","Sin restricción"
2014,330,18/01/2014,"Sabado",0,11:30:00,,"0.0",2,"Moto/Ciclomotor,Automóvil","Calle 44-27 de Abril 2425",2,1,0,0,1,0,0,,"Calle",,"RECONQUISTA","General Obligado","Tierra","No existe","IX","Dentro","Urbana","Ninguna","No existe","Recta","Bueno","Buena","Diurna","Buen Tiempo","De alcance","S/D","Colisión","Ninguna","S/D","Ninguna","Sin restricción"
2014,331,15/01/2014,"Miercoles",0,13:20:00,,"0.0",2,"Moto/Ciclomotor,Automóvil","Calle 20 9 de Julio Y Calle 41-Santa Fe",2,0,1,0,1,0,0,"-29.157694444444,-59.649194444444","Calle",,"RECONQUISTA","General Obligado","Asfalto","No existe","IX","Dentro","Urbana","Ninguna","No existe","Intersección","Bueno","Buena","Diurna","Buen Tiempo","Lateral","S/D","Colisión","Ninguna","S/D","Ninguna","Sin restricción"
2014,332,19/01/2014,"Domingo",0,01:00:00,,"0.0",2,"Moto/Ciclomotor,Moto/Ciclomotor","Calle 326 Y Calle 307",2,2,0,0,0,0,0,,"Calle",,"AVELLANEDA","General Obligado","Asfalto","No existe","IX","Dentro","Urbana","Ninguna","No existe","Intersección","Bueno","Buena","Nocturna","Buen Tiempo","Lateral","S/D","Colisión","S/D","Faltante","Ninguna","Sin restricción"
2014,333,10/01/2014,"Viernes",0,13:15:00,"Ruta Nacional 11","0.0",2,"Moto/Ciclomotor,Automóvil","Calle 23 ",2,1,0,0,1,0,0,,"Ruta",11,"AVELLANEDA","General Obligado","Asfalto","S/D","IX","Dentro","Urbana","Ninguna","Funciona","Recta","Bueno","Buena","Diurna","Buen Tiempo","Lateral","S/D","Colisión","S/D","Horizontal","Línea divisoria pintada","Sin restricción"
2014,334,25/01/2014,"Sabado",0,20:50:00,"Ruta Nacional 11","868.0",1,"Automóvil"," ",4,1,0,0,3,0,0,,"Ruta",11,"VILLA OCAMPO","General Obligado","Asfalto","Natural","IX","S/D","Urbana","Ninguna","No existe","Curva","Bueno","Buena","Nocturna","Buen Tiempo","S/D","S/D","Despiste","Agua","S/D","Cordón divisorio","Sin restricción"
2014,335,03/01/2014,"Viernes",0,08:30:00,,"0.0",2,"Moto/Ciclomotor,Bicicleta","BV PERON Y CALLE 60",2,1,0,0,1,0,0,,"Avenida",,"RECONQUISTA","General Obligado","Asfalto","Natural","IX","Dentro","Urbana","Ninguna","No existe","Intersección","Bueno","Buena","Diurna","Buen Tiempo","S/D","S/D","Atropello","Ninguna","Faltante","Ninguna","Sin restricción"
2014,336,18/01/2014,"Sabado",0,11:40:00,"Ruta Secundaria 32-s","40.0",2,"Camión,Moto/Ciclomotor"," ",2,1,0,0,1,0,0,,"Ruta","32-s","VILLA OCAMPO","General Obligado","Tierra","Natural","IX","S/D","Rural","Ninguna","No existe","Recta","Bueno","Buena","Diurna","Buen Tiempo","Contra objeto fijo","S/D","Colisión","Otro","Faltante","Ninguna","Sin restricción"
2014,337,06/01/2014,"Lunes",0,02:20:00,,"0.0",2,"Moto/Ciclomotor,Automóvil","Fray Luis Beltran 2095",2,1,0,0,1,0,0,,"Calle",,"VILLA OCAMPO","General Obligado","Asfalto","Natural","IX","Dentro","Urbana","Ninguna","Intermitente","S/D","Bueno","Buena","Nocturna","Buen Tiempo","De alcance","S/D","Colisión","Otro","Faltante","Ninguna","Sin restricción"
2014,338,27/01/2014,"Lunes",0,12:25:00,,"0.0",2,"Automóvil,Moto/Ciclomotor","HEBEGER Y CALLE 40",3,2,0,0,1,0,0,,"S/D",,"RECONQUISTA","General Obligado","Hormigón","No existe","IX","S/D","Urbana","Ninguna","No existe","Intersección","Bueno","Buena","Diurna","Buen Tiempo","Frontal","S/D","Colisión","S/D","Vertical","Ninguna","Sin restricción"
2014,339,14/01/2014,"Martes",0,12:00:00,"Ruta Nacional 11","790.0",2,"Moto/Ciclomotor,Automóvil"," ",2,1,0,0,1,0,0,,"Ruta",11,"AVELLANEDA","General Obligado","Asfalto","No existe","IX","S/D","S/D","Ninguna","No existe","Recta","Bueno","Buena","Diurna","Buen Tiempo","De alcance","S/D","Colisión","S/D","Horizontal","Ninguna","Sin restricción"
2014,340,08/01/2014,"Miercoles",0,11:30:00,,"0.0",2,"Moto/Ciclomotor,Pickup/Utilitario","Conscriptos Muller y Colombo 1985",2,1,0,0,1,0,0,,"Calle",,"ESPERANZA","Las Colonias","Ripio","No existe","XI","Dentro","Urbana","Ninguna","No existe","Recta","Bueno","Buena","Diurna","Buen Tiempo","Frontal","S/D","Colisión","S/D","Horizontal","Vegetación","Sin restricción"
2014,341,02/01/2014,"Jueves",0,12:20:00,,"0.0",2,"Automóvil,Moto/Ciclomotor","Calle 23-Gral lopez 1174",2,1,0,0,1,0,0,,"Calle",,"RECONQUISTA","General Obligado","Asfalto","S/D","IX","S/D","Urbana","Ninguna","S/D","Recta","Bueno","S/D","Diurna","Buen Tiempo","Frontal","S/D","Colisión","Otro","Faltante","Cordón divisorio","Sin restricción"
2014,342,06/01/2014,"Lunes",0,08:50:00,,"0.0",2,"Moto/Ciclomotor,Moto/Ciclomotor","H. IRIGOYEN Y BROWN",2,1,1,0,0,0,0,,"Calle",,"RECONQUISTA","General Obligado","Hormigón","No existe","IX","Dentro","Urbana","Ninguna","No existe","Intersección","Bueno","Buena","Diurna","Buen Tiempo","Lateral","S/D","Colisión","S/D","Faltante","Cordón divisorio","Sin restricción"
2014,343,05/01/2014,"Domingo",0,20:10:00,,"0.0",2,"Moto/Ciclomotor,Automóvil","Bv Sarmiento Y Prebistero Luis A Sponton",2,1,0,0,1,0,0,,"Calle",,"VILLA OCAMPO","General Obligado","Asfalto","Natural","IX","S/D","Urbana","Ninguna","No existe","Recta","Bueno","Buena","Nocturna","Buen Tiempo","De alcance","S/D","Caída ocupante,Colisión","Otro","Faltante","Ninguna","Sin restricción"
2014,344,01/01/2014,"Miercoles",0,12:40:00,,"0.0",2,"Automóvil,Moto/Ciclomotor","Calle 9-Mariano Moreno 534",3,2,0,0,1,0,0,,"Calle",,"RECONQUISTA","General Obligado","Asfalto","S/D","IX","S/D","Urbana","Ninguna","No existe","Otro","Bueno","Buena","Diurna","Buen Tiempo","Otro","S/D","Colisión","S/D","Vertical","Ninguna","S/D"
2014,345,27/01/2014,"Lunes",0,11:20:00,,"0.0",2,"Pickup/Utilitario,Moto/Ciclomotor","Calle 7 ",3,2,0,0,1,0,0,,"Avenida",,"AVELLANEDA","General Obligado","Hormigón","No existe","IX","S/D","Urbana","Ninguna","S/D","Intersección","Bueno","Buena","Diurna","Buen Tiempo","De alcance","S/D","Colisión","Agua","S/D","Ninguna","Sin restricción"