"anio_acci","nro_acci","fecha","desc_dia","fecha_aprox","hora_aprox","desc_ruta","km","cant_participantes","desc_participante","calle_avenida_km","total","heridos_leves","heridos_graves","heridos_gravisimos","ilesos","fallecidos","sin_datos","posicion_XY","desc_tipo_via","desc_ruta_ori","desc_loc","desc_dpto","desc_tipo_calzada","desc_tipo_banquina","desc_unidad_regional","desc_lugar_calzada","desc_zona","desc_prioridad","desc_estado_semaforo","desc_lugar_via","desc_estado_via","desc_estado_visibilidad","desc_luminosidad","desc_estado_clima","desc_tipo_colision","desc_tipo_atropello","desc_tipo_hecho","desc_pres_calzada","desc_senializacion","desc_separacion_via","desc_restriccion"
2014,346,24/01/2014,"Viernes",0,16:35:00,"Ruta Nacional 11","0.0",2,"Automóvil,Pickup/Utilitario"," ",2,1,0,0,1,0,0,,"Ruta",11,"AVELLANEDA","General Obligado","Asfalto","Pavimento","IX","S/D","Urbana","Otra Señal","No funciona","Intersección","Bueno","Buena","Diurna","Buen Tiempo","Lateral","S/D","Colisión","S/D","S/D","Guardarrail,Línea divisoria pintada","Sin restricción"
2014,347,15/01/2014,"Miercoles",0,16:00:00,,"0.0",2,"Moto/Ciclomotor,Automóvil","Calle 23-Gral lopez Y Roca Pte",2,1,0,0,0,0,1,,"Calle",,"RECONQUISTA","General Obligado","Asfalto","No existe","IX","S/D","S/D","Ninguna","No existe","Intersección","Bueno","Buena","Diurna","Buen Tiempo","Lateral","S/D","Colisión","Otro","S/D","Cordón divisorio","Sin restricción"
2014,348,25/01/2014,"Sabado",0,06:15:00,,"0.0",2,"Moto/Ciclomotor,Moto/Ciclomotor","Calle 30-Lucas Funes Y Calle 23-Gral lopez",3,2,0,0,1,0,0,,"Calle",,"RECONQUISTA","General Obligado","Hormigón","No existe","IX","Dentro","Urbana","Ninguna","No existe","Intersección","Bueno","Buena","Diurna","Buen Tiempo","Lateral","S/D","Colisión","S/D","S/D","Ninguna","Sin restricción"
2014,349,08/01/2014,"Miercoles",0,09:55:00,,"0.0",2,"Automóvil,Bicicleta","Calle 29-Alte Brown Y Calle 28 - San Lorenzo",2,1,0,0,1,0,0,,"Calle",,"RECONQUISTA","General Obligado","Asfalto","S/D","IX","S/D","S/D","Ninguna","No existe","Recta","Bueno","Buena","Diurna","Buen Tiempo","S/D","S/D","Atropello","Otro","Faltante","Ninguna","Sin restricción"
2014,350,01/01/2014,"Miercoles",0,06:40:00,,"0.0",2,"Automóvil,Moto/Ciclomotor","Calle 15-Patricio Diez Y Calle 24 - Olessio",3,0,1,0,2,0,0,,"Calle",,"RECONQUISTA","General Obligado","Asfalto","S/D","IX","Dentro","Urbana","Semáforo","Funciona","Intersección","Bueno","Buena","Amanecer","Buen Tiempo","Lateral","S/D","Colisión","S/D","S/D","Ninguna","Sin restricción"
2014,351,09/01/2014,"Jueves",0,21:00:00,,"0.0",1,"Moto/Ciclomotor","Rivadavia Y Soler",1,0,0,0,0,0,1,,"Calle",,"ESPERANZA","Las Colonias","Ripio","Ripio","XI","Dentro","Urbana","Ninguna","No existe","Recta","Con baches","Buena","Nocturna","Buen Tiempo","Frontal","S/D","Caída ocupante","S/D","Horizontal","Ninguna","Sin restricción"
2014,352,19/01/2014,"Domingo",0,06:30:00,,"0.0",2,"Moto/Ciclomotor,Automóvil","Calle 32 - Amenabar Y Calle 29-Alte Brown",3,2,0,0,1,0,0,,"Calle",,"RECONQUISTA","General Obligado","Asfalto","No existe","IX","Dentro","Urbana","Ninguna","No existe","Intersección","Bueno","Buena","Diurna","Buen Tiempo","Lateral","S/D","Colisión","S/D","S/D","Ninguna","Sin restricción"
2014,353,27/01/2014,"Lunes",0,13:45:00,,"0.0",2,"Moto/Ciclomotor,Moto/Ciclomotor","Calle 35-Espa±a Y Calle 44-27 de Abril",3,0,1,0,2,0,0,,"Calle",,"RECONQUISTA","General Obligado","Asfalto","No existe","IX","Dentro","Urbana","Ninguna","No existe","Intersección","Bueno","Buena","Diurna","Buen Tiempo","Frontal","S/D","Colisión","S/D","S/D","Ninguna","Sin restricción"
2014,354,10/02/2014,"Lunes",0,10:05:00,,"0.0",2,"Pickup/Utilitario,Moto/Ciclomotor","Laprida Y Saavedra",2,1,0,0,1,0,0,,"Calle",,"ESPERANZA","Las Colonias","Asfalto","No existe","XI","Dentro","Urbana","Ninguna","No existe","Intersección","Bueno","Buena","Diurna","Buen Tiempo","Lateral","S/D","Colisión","S/D","Horizontal","Cordón divisorio","Sin restricción"
2014,355,22/01/2014,"Miercoles",0,19:20:00,,"0.0",2,"Pickup/Utilitario,Moto/Ciclomotor","Mariano Moreno Y Estanislao Zeballos",3,1,0,0,2,0,0,,"Calle",,"ESPERANZA","Las Colonias","Asfalto","No existe","XI","Dentro","Urbana","Ninguna","No existe","Intersección","Bueno","Buena","Atardecer","Buen Tiempo","Lateral","S/D","Colisión","S/D","Horizontal","Cordón divisorio","Sin restricción"
2014,356,31/01/2014,"Viernes",0,20:40:00,,"0.0",2,"Automóvil,Moto/Ciclomotor","9 de Julio Y Almirante Brown",3,2,0,0,1,0,0,,"Calle",,"ESPERANZA","Las Colonias","Asfalto","No existe","XI","Dentro","Urbana","Ninguna","No existe","Intersección","Bueno","Reducida","Nocturna","Buen Tiempo","Lateral","S/D","Colisión","S/D","Horizontal","Cordón divisorio","Sin restricción"
2014,357,10/01/2014,"Viernes",0,21:10:00,,"0.0",2,"Automóvil,Bicicleta","Bartolome Mitre Y 3 de Febrero",2,1,0,0,1,0,0,,"Calle",,"ESPERANZA","Las Colonias","Asfalto","No existe","XI","Dentro","Urbana","Ninguna","No existe","Intersección","Bueno","Buena","Nocturna","Buen Tiempo","S/D","S/D","Atropello","S/D","Vertical","Ninguna","Sin restricción"
2014,358,27/01/2014,"Lunes",0,,,"0.0",2,"Moto/Ciclomotor,Automóvil","Nicolas Schneider Y Dr Galvez",2,0,1,0,1,0,0,,"Calle",,"ESPERANZA","Las Colonias","Asfalto","Pavimento","XI","S/D","S/D","Ninguna","S/D","Intersección","Bueno","Buena","Diurna","Buen Tiempo","Frontal","S/D","Colisión","S/D","S/D","Línea divisoria pintada","Sin restricción"
2014,359,01/01/2014,"Miercoles",0,20:30:00,,"0.0",2,"Automóvil,Moto/Ciclomotor","25 de Mayo Y Sarmiento",2,1,0,0,1,0,0,,"Calle",,"HUMBOLDT","Las Colonias","S/D","S/D","XI","Dentro","Urbana","S/D","S/D","Intersección","S/D","S/D","Nocturna","S/D","Lateral","S/D","Colisión","S/D","S/D","S/D","S/D"
2014,360,02/01/2014,"Jueves",0,16:05:00,"Ruta Nacional 19","0.0",1,"Automóvil"," ",4,1,0,0,3,0,0,,"Ruta",19,"SAN AGUSTÍN","Las Colonias","Asfalto","Natural","XI","Dentro","Rural","Ninguna","No existe","Recta","Bueno","Buena","Diurna","Lluvia","S/D","S/D","Despiste","Agua","S/D","Vegetación","Sin restricción"
2014,361,08/01/2014,"Miercoles",0,17:15:00,,"0.0",2,"Automóvil,Moto/Ciclomotor","Lisandro de la Torre Y Velez Sarsfield",2,1,0,0,1,0,0,,"Avenida",,"VENADO TUERTO","General López","Asfalto","S/D","VIII","Dentro","Urbana","Ninguna","S/D","Intersección","Bueno","Buena","Atardecer","Buen Tiempo","Frontal","S/D","Colisión","S/D","S/D","S/D","S/D"
2014,362,04/01/2014,"Sabado",0,,"Ruta Provincial 70","30.0",1,"Automóvil"," ",4,1,0,0,3,0,0,,"Ruta",70,"HUMBOLDT","Las Colonias","Asfalto","Natural","XI","Dentro","Rural","Ninguna","No existe","Recta","Bueno","S/D","S/D","S/D","Contra objeto fijo","S/D","Colisión","S/D","S/D","S/D","Sin restricción"
2014,363,04/01/2014,"Sabado",1,,,"0.0",2,"Pickup/Utilitario,Pickup/Utilitario","General Belgrano Y 25 De Mayo",2,1,0,0,1,0,0,,"Calle",,"SAN CARLOS NORTE","Las Colonias","S/D","S/D","XI","Dentro","Urbana","S/D","S/D","Intersección","S/D","S/D","S/D","S/D","Lateral","S/D","Colisión","S/D","S/D","S/D","S/D"
2014,364,14/01/2014,"Martes",0,23:15:00,,"0.0",2,"Automóvil,Moto/Ciclomotor","Garibaldi Y Leandro N Alem",2,0,1,0,1,0,0,,"Calle",,"VENADO TUERTO","General López","Asfalto","S/D","VIII","Dentro","Urbana","S/D","S/D","Intersección","Bueno","Buena","Nocturna","Buen Tiempo","De alcance","S/D","Colisión","S/D","S/D","S/D","S/D"
2014,365,19/01/2014,"Domingo",0,16:16:00,,"0.0",2,"Moto/Ciclomotor,Moto/Ciclomotor"," ",3,2,0,0,1,0,0,,"Calle",,"RECONQUISTA","General Obligado","Asfalto","No existe","IX","S/D","S/D","S/D","No existe","Recta","Bueno","Buena","Diurna","Buen Tiempo","Frontal","S/D","Colisión","Otro","Horizontal","Ninguna","Sin restricción"
2014,366,18/01/2014,"Sabado",0,20:15:00,,"0.0",2,"Automóvil,Moto/Ciclomotor","J B Alberdi Y Piton",4,2,0,0,2,0,0,,"Calle",,"PUERTO SAN MARTÍN","San Lorenzo","Asfalto","Pavimento","XVII","Dentro","Urbana","Ninguna","No existe","Intersección","Bueno","Buena","Atardecer","Buen Tiempo","De alcance","S/D","Colisión","Ninguna","Faltante","Ninguna","Sin restricción"
2014,367,29/01/2014,"Miercoles",0,10:30:00,,"0.0",1,"Moto/Ciclomotor","9 de Julio Y Mendoza",1,0,1,0,0,0,0,,"S/D",,"SAN JERÓNIMO NORTE","Las Colonias","S/D","S/D","XI","S/D","S/D","S/D","S/D","Intersección","S/D","S/D","Diurna","S/D","De alcance","S/D","Caída ocupante","S/D","S/D","S/D","S/D"
2014,368,31/01/2014,"Viernes",0,,"Ruta Provincial 70","13.0",2,"Moto/Ciclomotor,Moto/Ciclomotor"," ",2,2,0,0,0,0,0,,"Ruta",70,"ESPERANZA","Las Colonias","Asfalto","Natural","XI","Dentro","Rural","Ninguna","No existe","Recta","Bueno","Buena","S/D","Buen Tiempo","De alcance","S/D","Colisión","S/D","S/D","Línea divisoria pintada","Sin restricción"
2014,369,16/01/2014,"Jueves",0,00:30:00,,"0.0",2,"Bicicleta,Automóvil","25 de Mayo Y Domingo Faustino Sarmiento",2,1,0,0,1,0,0,,"Calle",,"ESPERANZA","Las Colonias","Asfalto","No existe","XI","Dentro","Urbana","S/D","No existe","Intersección","Bueno","Buena","Nocturna,Con luz artificial","Buen Tiempo","De alcance","S/D","Colisión","S/D","Vertical","S/D","S/D"
2014,370,10/01/2014,"Viernes",0,11:40:00,,"0.0",2,"Moto/Ciclomotor,Automóvil"," ",3,1,0,0,0,0,2,,"Calle",,"RECONQUISTA","General Obligado","Asfalto","Natural","IX","Dentro","Urbana","S/D","No existe","Intersección","Bueno","Buena","Diurna","Buen Tiempo","S/D","S/D","S/D","S/D","Horizontal","Ninguna","Sin restricción"
2014,372,05/01/2014,"Domingo",0,,,"0.0",2,"Automóvil,Automóvil","Franck 1500",6,1,0,0,5,0,0,,"Calle",,"ESPERANZA","Las Colonias","Asfalto","Pavimento","XI","Dentro","Urbana","Semáforo","Funciona","Intersección","Bueno","Buena","Amanecer","Buen Tiempo","De alcance","S/D","Colisión","S/D","Vertical","Línea divisoria pintada","Sin restricción"
2014,373,12/01/2014,"Domingo",0,21:10:00,,"0.0",2,"Automóvil,Moto/Ciclomotor","Reconquista Y Piton",3,2,0,0,1,0,0,,"Calle",,"PUERTO SAN MARTÍN","San Lorenzo","Asfalto","Pavimento","XVII","Dentro","Urbana","Ninguna","No existe","Intersección","Bueno","S/D","S/D","Buen Tiempo","Frontal","S/D","Colisión","Ninguna","Faltante","Ninguna","Sin restricción"
2014,374,23/01/2014,"Jueves",0,20:30:00,,"0.0",1,"Moto/Ciclomotor","Calle 16 Y Calle 11",1,1,0,0,0,0,0,,"Calle",,"LAS PETACAS","San Martín","Asfalto","Pavimento","XVIII","Dentro","Urbana","Ninguna","No existe","Intersección","Bueno","Buena","Nocturna","Buen Tiempo","Contra objeto fijo","S/D","Colisión","S/D","S/D","Cordón divisorio","Sin restricción"
2014,375,26/01/2014,"Domingo",0,09:20:00,,"0.0",1,"Moto/Ciclomotor","A Aufranc 1100",2,2,0,0,0,0,0,,"Avenida",,"ESPERANZA","Las Colonias","Asfalto","No existe","XI","S/D","Urbana","Ninguna","No existe","Intersección","Bueno","Buena","Diurna","Buen Tiempo","S/D","S/D","Colisión","S/D","Faltante","Ninguna","Sin restricción"
2014,376,11/01/2014,"Sabado",0,,,"0.0",2,"Moto/Ciclomotor,Automóvil","San Martin Y Gènova",2,1,0,0,1,0,0,,"Calle",,"EL TRÉBOL","San Martín","S/D","S/D","XVIII","Dentro","Urbana","S/D","S/D","S/D","S/D","S/D","S/D","S/D","S/D","S/D","Colisión","S/D","S/D","S/D","S/D"
2014,377,31/01/2014,"Viernes",0,06:50:00,,"0.0",2,"Moto/Ciclomotor,Camión"," ",2,0,1,0,1,0,0,,"Calle",,"RECONQUISTA","General Obligado","Asfalto","Natural","IX","S/D","S/D","S/D","Funciona","Recta","Bueno","Buena","Diurna","Buen Tiempo","Frontal","S/D","Colisión","S/D","S/D","Cordón divisorio","Sin restricción"
2014,378,08/01/2014,"Miercoles",0,23:30:00,,"0.0",2,"Moto/Ciclomotor,Pickup/Utilitario","A. Capdevila Y Mitre",2,1,0,0,1,0,0,,"Calle",,"CAÑADA DE GÓMEZ","Iriondo","Asfalto","No existe","X","Dentro","Urbana","Ninguna","No existe","Recta","Bueno","Buena","Nocturna,Con luz artificial","Buen Tiempo","Frontal","S/D","Colisión","S/D","Faltante","Ninguna,S/D","Sin restricción"
2014,379,12/01/2014,"Domingo",0,17:20:00,,"0.0",2,"Moto/Ciclomotor,Automóvil","Cordoba Y Pte Hipolito Irigoyen",3,2,0,0,1,0,0,,"Avenida",,"PUERTO SAN MARTÍN","San Lorenzo","Asfalto","Pavimento","XVII","S/D","Urbana","Ninguna","No existe","Intersección","Bueno","Buena","Diurna","Buen Tiempo","De alcance","S/D","Colisión","Ninguna","Faltante","Ninguna","Sin restricción"
2014,380,30/01/2014,"Jueves",0,07:55:00,"Ruta Nacional 11","0.0",2,"Automóvil,Automóvil","Cordoba ",5,2,0,0,3,0,0,,"Ruta",11,"PUERTO SAN MARTÍN","San Lorenzo","Asfalto","Pavimento","XVII","Dentro","Urbana","Ninguna","S/D","Intersección","Bueno","Buena","Diurna","Buen Tiempo","Lateral","S/D","Colisión","S/D","Faltante","Ninguna","Sin restricción"
2014,381,11/01/2014,"Sabado",0,16:40:00,,"0.0",2,"Automóvil,Moto/Ciclomotor","Belgrano Y Rivadavia",3,1,0,0,1,0,1,,"Calle",,"PUERTO SAN MARTÍN","San Lorenzo","Asfalto","Pavimento","XVII","Dentro","Urbana","Ninguna","No existe","Intersección","Bueno","Buena","Diurna","Buen Tiempo","Lateral","S/D","Colisión","Ninguna","Faltante","Cordón divisorio","Sin restricción"
2014,382,06/01/2014,"Lunes",0,19:30:00,,"0.0",2,"Moto/Ciclomotor,Automóvil","Moreno Y Almte. Brown",2,1,0,0,1,0,0,,"Calle",,"CAÑADA DE GÓMEZ","Iriondo","Asfalto","No existe","X","Dentro","Urbana","S/D","No existe","Intersección","Bueno","Buena","Atardecer","Buen Tiempo","Frontal","S/D","Colisión","S/D","Faltante","Ninguna","S/D"
2014,383,27/01/2014,"Lunes",0,01:00:00,,"0.0",2,"Automóvil,Moto/Ciclomotor","Rivadavia Y Juana Manzo",4,1,0,0,3,0,0,,"Calle",,"PUERTO SAN MARTÍN","San Lorenzo","Asfalto","Pavimento","XVII","Dentro","Urbana","Ninguna","No existe","Intersección","Bueno","Buena","Nocturna","Buen Tiempo","Lateral","S/D","Colisión","S/D","Faltante","Ninguna","Sin restricción"
2014,384,07/01/2014,"Martes",0,18:10:00,,"0.0",2,"Automóvil,Bicicleta","Islas Malvinas 1800",2,1,0,0,1,0,0,,"Calle",,"PUERTO SAN MARTÍN","San Lorenzo","Asfalto","Pavimento","XVII","Dentro","Urbana","Ninguna","No existe","Recta","Con baches","Buena","Diurna","Buen Tiempo","S/D","S/D","Atropello","Ninguna","Faltante","Ninguna","Sin restricción"
2014,385,26/01/2014,"Domingo",0,12:15:00,,"0.0",2,"Automóvil,Moto/Ciclomotor","Av San Martin Y Las Heras",2,1,0,0,1,0,0,,"S/D",,"FRAY LUIS BELTRÁN","San Lorenzo","Asfalto","Ripio","XVII","Dentro","Urbana","Ninguna","Funciona","Recta","Bueno","Buena","Diurna","Otro","Frontal","S/D","Colisión","Ninguna","S/D","Ninguna","Sin restricción"
2014,386,20/01/2014,"Lunes",0,13:05:00,,"0.0",2,"Automóvil,Moto/Ciclomotor","Av San Martin Y Gral Lopez",2,1,0,0,1,0,0,,"S/D",,"FRAY LUIS BELTRÁN","San Lorenzo","Asfalto","Ripio","XVII","S/D","Urbana","S/D","No existe","Intersección","Bueno","Buena","Diurna","S/D","Lateral","S/D","Colisión","S/D","S/D","S/D","S/D"
2014,387,18/01/2014,"Sabado",0,06:40:00,,"0.0",2,"Moto/Ciclomotor,Automóvil","Av San Martin Y Avda Roque Saenz Peña",2,1,0,0,1,0,0,,"S/D",,"FRAY LUIS BELTRÁN","San Lorenzo","Asfalto","Ripio","XVII","S/D","Urbana","Ninguna","No existe","Intersección","Bueno","Buena","Diurna","Buen Tiempo","Frontal","S/D","Colisión","S/D","S/D","Ninguna","Sin restricción"
2014,388,23/01/2014,"Jueves",0,18:20:00,,"0.0",2,"Automóvil,Moto/Ciclomotor","Independencia Y Carlos Gardel",3,1,0,0,2,0,0,,"Calle",,"PUERTO SAN MARTÍN","San Lorenzo","Asfalto","Pavimento","XVII","Dentro","Urbana","Ninguna","No existe","Intersección","Bueno","Buena","Diurna","Buen Tiempo","S/D","S/D","Colisión","S/D","Faltante","Ninguna","Sin restricción"
2014,389,26/01/2014,"Domingo",0,12:20:00,,"0.0",2,"Pickup/Utilitario,Moto/Ciclomotor","Liniers Y Gral Paz",2,1,0,0,1,0,0,,"Calle",,"FRAY LUIS BELTRÁN","San Lorenzo","Ripio","No existe","XVII","S/D","Urbana","S/D","No existe","Intersección","Deteriorada","Buena","Diurna","Buen Tiempo","Frontal","S/D","Colisión","Ninguna","S/D","S/D","S/D"
2014,391,19/01/2014,"Domingo",0,06:55:00,,"0.0",2,"Otros,Automóvil","San Martin Y Corrientes",3,1,0,0,2,0,0,,"Calle",,"VERA","Vera","Asfalto","No existe","XIX","Dentro","Urbana","Ninguna","No existe","Intersección","Bueno","Buena","Amanecer","Buen Tiempo","Lateral","S/D","Colisión","S/D","Faltante","Ninguna","Sin restricción"
2014,392,21/01/2014,"Martes",0,22:30:00,,"0.0",2,"Automóvil,Pickup/Utilitario"," ",3,1,0,0,2,0,0,,"Calle",,"VERA","Vera","Tierra","No existe","XIX","Dentro","Urbana","Ninguna","No existe","Recta","Deteriorada","Reducida polvo","Nocturna,Con luz artificial","Buen Tiempo","Lateral","S/D","Colisión","S/D","Faltante","Ninguna","S/D"
2014,393,19/01/2014,"Domingo",0,07:30:00,,"0.0",1,"Automóvil","S/D Y S/D",2,2,0,0,0,0,0,,"Calle",,"INTIYACO","Vera","Tierra","Natural","XIX","Dentro","Urbana","Ninguna","No existe","Intersección","Bueno","Buena","Diurna","Buen Tiempo","Contra objeto fijo","S/D","Colisión","S/D","Vertical","Ninguna","Sin restricción"
2014,394,01/01/2014,"Miercoles",0,05:30:00,"Ruta Provincial 3","0.0",2,"Moto/Ciclomotor,Moto/Ciclomotor"," ",2,2,0,0,0,0,0,,"Ruta",3,"VERA","Vera","Asfalto","Natural","XIX","Dentro","Urbana","Ninguna","No existe","Intersección","Bueno","Reducida","Nocturna","Buen Tiempo","Atropello animal","S/D","Colisión","S/D","Faltante","Línea divisoria pintada","S/D"
2014,395,03/01/2014,"Viernes",0,11:00:00,,"0.0",2,"Cuatriciclo,Automóvil","Bv B Mitre Y Ruta Nac 11 Av Peron",2,1,0,0,1,0,0,,"Avenida",,"SAN LORENZO","San Lorenzo","Hormigón","No existe","XVII","S/D","Urbana","Ninguna","No existe","Intersección","Bueno","Buena","Diurna","Buen Tiempo","Lateral","S/D","Colisión","Ninguna","S/D","S/D","Sin restricción"
2014,396,03/01/2014,"Viernes",0,11:35:00,,"0.0",2,"Otros,Moto/Ciclomotor","Rivadavia Y 25 de Mayo",2,1,0,0,0,0,1,,"Calle",,"VERA","Vera","Asfalto","No existe","XIX","Dentro","Urbana","Ninguna","No existe","Intersección","Bueno","Buena","Diurna","Buen Tiempo","Lateral","S/D","Colisión","S/D","Faltante","Ninguna","S/D"
2014,397,05/01/2014,"Domingo",0,03:40:00,"Ruta Provincial 3","6.0",2,"Automóvil,Automóvil"," ",2,2,0,0,0,0,0,,"Ruta",3,"VERA","Vera","Asfalto","Natural","XIX","Dentro","Rural","Ninguna","No existe","Recta","Bueno","Buena","Nocturna","Buen Tiempo","Frontal","S/D","Colisión","S/D","Faltante","Línea divisoria pintada","S/D"
2014,398,10/01/2014,"Viernes",0,18:00:00,,"0.0",2,"Moto/Ciclomotor,Moto/Ciclomotor","Dorrego Y Av San Martin",2,1,0,0,1,0,0,,"Calle",,"FRAY LUIS BELTRÁN","San Lorenzo","Asfalto","Natural","XVII","S/D","Urbana","Ninguna","No existe","Intersección","Bueno","Buena","Diurna","S/D","Lateral","S/D","Colisión","Ninguna","S/D","Ninguna","Sin restricción"
2014,399,16/01/2014,"Jueves",0,19:00:00,,"0.0",2,"Automóvil,Moto/Ciclomotor","San Martin Y Juan de Garay",2,1,0,0,1,0,0,,"Calle",,"VERA","Vera","Asfalto","No existe","XIX","Dentro","Urbana","Ninguna","No existe","Recta","Con baches","Buena","Atardecer","Buen Tiempo","Lateral","S/D","Colisión","S/D","S/D","Ninguna","S/D"
2014,400,17/01/2014,"Viernes",0,15:20:00,,"0.0",2,"Automóvil,Moto/Ciclomotor","Av San Martin Y Santa Fe",2,1,0,0,1,0,0,,"Avenida",,"FRAY LUIS BELTRÁN","San Lorenzo","Asfalto","Ripio","XVII","S/D","Urbana","Ninguna","No existe","Intersección","Bueno","Buena","Diurna","Buen Tiempo","Lateral","S/D","Colisión","Ninguna","S/D","Ninguna","Sin restricción"
2014,401,17/01/2014,"Viernes",0,22:25:00,,"0.0",2,"Moto/Ciclomotor,Automóvil","Urquiza Y Alvear",3,2,0,0,1,0,0,,"Calle",,"VERA","Vera","Tierra","No existe","XIX","Dentro","Urbana","Ninguna","No existe","Intersección","Deteriorada","Reducida polvo","Nocturna","Buen Tiempo","Lateral","S/D","Colisión","S/D","S/D","Vegetación","S/D"
2014,402,29/01/2014,"Miercoles",0,17:30:00,,"0.0",2,"Bicicleta,Pickup/Utilitario","Bv C Pellegrini Y 25 de Mayo",2,1,0,0,1,0,0,,"Calle",,"SAN JUSTO","San Justo","Hormigón","No existe","XVI","Dentro","Urbana","Ninguna","No existe","Intersección","Bueno","Reducida","Nocturna,Con luz artificial","Lluvia","S/D","S/D","Atropello","Agua","Faltante","Ninguna","Sin restricción"
2014,403,03/01/2014,"Viernes",0,02:00:00,,"0.0",2,"Moto/Ciclomotor,Moto/Ciclomotor","Pte Illia -Ex. Entre Rios Y Av San Martin",2,1,0,0,1,0,0,,"Avenida",,"FRAY LUIS BELTRÁN","San Lorenzo","Asfalto","Ripio","XVII","S/D","Urbana","S/D","Funciona","Recta","Bueno","Buena","Nocturna","S/D","Lateral","S/D","Colisión","Ninguna","S/D","S/D","S/D"
2014,404,20/01/2014,"Lunes",0,11:15:00,,"0.0",2,"Automóvil,Moto/Ciclomotor","KM 29  ",2,1,0,0,1,0,0,,"Calle",,"FORTÍN OLMOS","Vera","Tierra","No existe","XIX","Dentro","Urbana","Ninguna","No existe","Intersección","Bueno","Buena","Diurna","Buen Tiempo","Lateral","S/D","Colisión","Material Suelto","Faltante","Ninguna","Sin restricción"
2014,405,20/01/2014,"Lunes",0,16:15:00,,"0.0",2,"Moto/Ciclomotor,Moto/Ciclomotor","1 de Mayo Y Las Heras",4,3,0,0,0,0,1,,"Calle",,"ESPERANZA","Las Colonias","Hormigón","No existe","XI","Dentro","Urbana","Ninguna","No existe","Intersección","Bueno","Buena","Diurna","S/D","Lateral","S/D","Colisión","S/D","Horizontal","Cordón divisorio","Sin restricción"
2014,406,01/01/2014,"Miercoles",0,20:45:00,"Ruta Provincial 2","0.0",2,"Moto/Ciclomotor,Moto/Ciclomotor"," ",5,2,0,0,3,0,0,,"Ruta",2,"SAN JUSTO","San Justo","Tierra","S/D","XVI","S/D","S/D","Ninguna","S/D","Intersección","Bueno","S/D","Nocturna","Buen Tiempo","Lateral","S/D","Colisión","Ninguna","Faltante","Ninguna","Sin restricción"
2014,407,31/01/2014,"Viernes",0,18:10:00,"Ruta Provincial 30","0.0",2,"Pickup/Utilitario,Moto/Ciclomotor","ARTURO PAOLI ",2,1,0,0,1,0,0,,"Ruta",30,"FORTÍN OLMOS","Vera","Asfalto","Ripio","XIX","Dentro","Urbana","Ninguna","No existe","Recta","Bueno","Buena","Diurna","Buen Tiempo","Lateral","S/D","Colisión","Otro","Faltante","Ninguna","Sin restricción"
2014,408,18/01/2014,"Sabado",0,,"Ruta Nacional 11","676.0",1,"Automóvil"," ",1,1,0,0,0,0,0,,"Ruta",11,"CALCHAQUÍ","Vera","S/D","S/D","XIX","Dentro","Rural","S/D","S/D","S/D","S/D","S/D","S/D","S/D","S/D","S/D","S/D","S/D","S/D","S/D","S/D"
2014,409,04/01/2014,"Sabado",0,11:40:00,,"0.0",2,"Moto/Ciclomotor,Bicicleta","Bv C Pellegrini Y Gral Urquiza",2,1,1,0,0,0,0,,"Calle",,"SAN JUSTO","San Justo","Asfalto","No existe","XVI","Dentro","Urbana","Ninguna","No existe","Intersección","Bueno","Buena","Diurna","Buen Tiempo","S/D","S/D","Atropello","Ninguna","Horizontal","Ninguna","Sin restricción"
2014,410,27/01/2014,"Lunes",0,12:00:00,,"800.0",2,"Moto/Ciclomotor,Automóvil","Ruta provincial 70 Y 1 de Mayo",3,2,0,0,1,0,0,,"Calle",,"ESPERANZA","Las Colonias","Asfalto","Pavimento","XI","Dentro","Urbana","Marca Vial","No existe","Intersección","Bueno","Buena","Diurna","Buen Tiempo","Frontal","S/D","Colisión","S/D","S/D","Línea divisoria pintada","Sin restricción"
2014,411,25/01/2014,"Sabado",0,,,"0.0",2,"Automóvil,Moto/Ciclomotor","Sgto Cabral Y Los Inmigrantes",3,1,0,0,2,0,0,,"Calle",,"CALCHAQUÍ","Vera","S/D","S/D","XIX","Dentro","Urbana","S/D","S/D","S/D","S/D","S/D","S/D","S/D","S/D","S/D","S/D","S/D","S/D","S/D","S/D"
2014,412,27/01/2014,"Lunes",0,,,"0.0",2,"Pickup/Utilitario,Moto/Ciclomotor","Estanislao Lopez Y Dorrego",2,1,0,0,1,0,0,,"Calle",,"CALCHAQUÍ","Vera","S/D","S/D","XIX","Dentro","Urbana","S/D","S/D","S/D","S/D","S/D","S/D","S/D","S/D","S/D","S/D","S/D","S/D","S/D","S/D"
2014,413,24/01/2014,"Viernes",0,15:30:00,,"0.0",3,"Moto/Ciclomotor,Automóvil,Bicicleta","9 de Julio Y 25 de Mayo",3,0,1,0,2,0,0,,"Calle",,"SAN JUSTO","San Justo","Asfalto","No existe","XVI","Dentro","Urbana","S/D","No existe","Intersección","Bueno","Buena","Diurna","Buen Tiempo","Lateral","S/D","Colisión","Ninguna","Vertical","Ninguna","Sin restricción"
2014,414,26/01/2014,"Domingo",0,22:00:00,"Ruta Provincial 2","0.0",1,"Moto/Ciclomotor"," ",1,0,1,0,0,0,0,,"Ruta",2,"NARÉ","San Justo","Tierra","No existe","XVI","Dentro","Rural","Ninguna","No existe","Recta","Bueno","Reducida","Nocturna","Buen Tiempo","Contra objeto fijo","S/D","Caída ocupante,Colisión","Otro","Faltante","Ninguna","Sin restricción"