"anio_acci","nro_acci","fecha","desc_dia","fecha_aprox","hora_aprox","desc_ruta","km","cant_participantes","desc_participante","calle_avenida_km","total","heridos_leves","heridos_graves","heridos_gravisimos","ilesos","fallecidos","sin_datos","posicion_XY","desc_tipo_via","desc_ruta_ori","desc_loc","desc_dpto","desc_tipo_calzada","desc_tipo_banquina","desc_unidad_regional","desc_lugar_calzada","desc_zona","desc_prioridad","desc_estado_semaforo","desc_lugar_via","desc_estado_via","desc_estado_visibilidad","desc_luminosidad","desc_estado_clima","desc_tipo_colision","desc_tipo_atropello","desc_tipo_hecho","desc_pres_calzada","desc_senializacion","desc_separacion_via","desc_restriccion"
2014,415,04/01/2014,"Sabado",0,20:00:00,,"0.0",1,"Moto/Ciclomotor","Rafaela 1245",1,1,0,0,0,0,0,,"Calle",,"ESPERANZA","Las Colonias","Tierra","No existe","XI","Dentro","Urbana","Ninguna","No existe","Recta","Bueno","Buena","Atardecer","Buen Tiempo","Otro","S/D","Caída ocupante","S/D","Horizontal","Vegetación","Sin restricción"
2014,416,16/01/2014,"Jueves",0,11:00:00,,"0.0",2,"Automóvil,Bicicleta","Combate de San Lorenzo ",2,1,0,0,1,0,0,,"Calle",,"GOBERNADOR CRESPO","San Justo","Asfalto","No existe","XVI","S/D","Urbana","Paso Peatonal","No existe","Recta","Bueno","Buena","Diurna","Buen Tiempo","S/D","S/D","Atropello","Ninguna","Faltante","Cordón divisorio","Sin restricción"
2014,417,17/01/2014,"Viernes",0,00:10:00,"Ruta Nacional 11","0.0",2,"Automóvil,Moto/Ciclomotor","Ruta Nacional 11 Y B de Tucuman",2,1,0,0,1,0,0,,"Ruta",11,"SAN JUSTO","San Justo","Asfalto","Pavimento","XVI","Dentro","Urbana","Ninguna","No existe","Recta","Bueno","Buena","Nocturna,Con luz artificial","Buen Tiempo","Otro","S/D","Caída ocupante","Ninguna","Horizontal","Línea divisoria pintada","Sin restricción"
2014,418,07/01/2014,"Martes",0,12:00:00,,"0.0",2,"Automóvil,Moto/Ciclomotor","Rivadavia 1400",3,1,0,0,2,0,0,,"Calle",,"ESPERANZA","Las Colonias","Asfalto","No existe","XI","Dentro","Urbana","Ninguna","No existe","Recta","Bueno","Buena","Diurna","Buen Tiempo","Lateral","S/D","Colisión","S/D","Horizontal","Cordón divisorio","Sin restricción"
2014,419,27/01/2014,"Lunes",0,,"Ruta Nacional 11","673.0",1,"Moto/Ciclomotor"," ",2,2,0,0,0,0,0,,"Ruta",11,"CALCHAQUÍ","Vera","S/D","S/D","XIX","Dentro","Urbana","S/D","S/D","S/D","S/D","S/D","S/D","S/D","S/D","S/D","S/D","S/D","S/D","S/D","S/D"
2014,420,15/01/2014,"Miercoles",0,10:30:00,,"0.0",2,"Bicicleta,Automóvil","Bv C Pellegrini Y Gral Urquiza",3,2,0,0,1,0,0,,"Calle",,"SAN JUSTO","San Justo","Asfalto","No existe","XVI","Dentro","Urbana","Ninguna","No existe","Intersección","Bueno","S/D","Diurna","Buen Tiempo","S/D","S/D","Atropello","Ninguna","Faltante","Vegetación","Sin restricción"
2014,421,31/01/2014,"Viernes",0,11:00:00,"Ruta Nacional 11","0.0",2,"Moto/Ciclomotor,Automóvil","Cordoba Y San Martin",2,1,0,0,1,0,0,,"Ruta",11,"MACIEL","San Jerónimo","Asfalto","S/D","XV","Dentro","Urbana","Ninguna","No existe","Intersección","Bueno","Buena","Diurna","Buen Tiempo","Lateral","S/D","Colisión","Ninguna","Faltante","Ninguna","Sin restricción"
2014,422,24/01/2014,"Viernes",0,22:45:00,,"0.0",2,"Automóvil,Moto/Ciclomotor","Av Paganini Y Moreno",3,0,2,0,1,0,0,,"Avenida",,"BARRANCAS","San Jerónimo","Asfalto","Pavimento","XV","Dentro","Urbana","S/D","No existe","Intersección","Bueno","Buena","Nocturna","Buen Tiempo","Lateral","S/D","Colisión","S/D","S/D","Ninguna","S/D"
2014,423,12/01/2014,"Domingo",0,17:15:00,"Ruta Provincial Brigadier E.López","78.2",1,"Automóvil"," ",1,1,0,0,0,0,0,,"Ruta","Brigadier E.López","BARRANCAS","San Jerónimo","Asfalto","Natural","XV","Dentro","Rural","Ninguna","S/D","Recta","S/D","S/D","Diurna","Buen Tiempo","S/D","S/D","Vuelco","Ninguna","S/D","Ninguna","S/D"
2014,424,26/01/2014,"Domingo",0,02:00:00,,"0.0",2,"Pickup/Utilitario,Moto/Ciclomotor","Aristobulo del Valle 1700",6,1,0,0,5,0,0,,"Calle",,"ESPERANZA","Las Colonias","Asfalto","No existe","XI","Dentro","Urbana","Ninguna","No existe","Intersección","Bueno","Buena","Nocturna","Buen Tiempo","Lateral","S/D","Colisión","S/D","Vertical","Ninguna","Sin restricción"
2014,425,02/01/2014,"Jueves",0,21:00:00,"Ruta Nacional 11","0.0",1,"Moto/Ciclomotor","Ruta Nacional 11 Y Independencia",2,2,0,0,0,0,0,,"Ruta",11,"SAN JUSTO","San Justo","Asfalto","Pavimento","XVI","Dentro","Urbana","Ninguna","No existe","Intersección","Bueno","Buena","Nocturna","Buen Tiempo","S/D","S/D","Caída ocupante","Ninguna","Faltante","Línea divisoria pintada","Sin restricción"
2014,426,10/01/2014,"Viernes",0,21:15:00,,"0.0",2,"Automóvil,Moto/Ciclomotor","Av Republica Y B Sur Mer",3,2,0,0,1,0,0,,"Avenida",,"GÁLVEZ","San Jerónimo","Asfalto","No existe","XV","S/D","Urbana","Ninguna","No existe","Intersección","Bueno","Reducida","Nocturna","Buen Tiempo","Frontal,Lateral","S/D","Colisión","S/D","S/D","Ninguna","Sin restricción"
2014,427,20/01/2014,"Lunes",0,,,"0.0",1,"Moto/Ciclomotor","Pje Julio Avila 253",1,1,0,0,0,0,0,,"Calle",,"SAN CRISTÓBAL","San Cristóbal","Ripio","Natural","XIII","S/D","Urbana","S/D","No existe","Recta","S/D","Buena","Diurna","Buen Tiempo","Atropello animal","S/D","Colisión","S/D","S/D","S/D","S/D"
2014,428,14/01/2014,"Martes",0,16:30:00,,"0.0",2,"Moto/Ciclomotor,Automóvil","M Moreno Y Mantovani J",2,1,0,0,1,0,0,,"Calle",,"SAN JUSTO","San Justo","Asfalto","No existe","XVI","Dentro","Urbana","Ninguna","No existe","Intersección","Bueno","Buena","Diurna","Buen Tiempo","Lateral","S/D","Colisión","Ninguna","Vertical","Ninguna","Sin restricción"
2014,429,31/01/2014,"Viernes",0,10:15:00,,"0.0",2,"Moto/Ciclomotor,Automóvil","Av Gral Lopez Y Rivadavia Bernardino",2,1,0,0,1,0,0,,"Avenida",,"CAPITÁN BERMÚDEZ","San Lorenzo","Asfalto","Pavimento","XVII","Dentro","Urbana","Ninguna","No existe","Intersección","Bueno","Buena","Diurna","Buen Tiempo","Frontal","S/D","Colisión","Ninguna","Horizontal","Línea divisoria pintada","Sin restricción"
2014,430,01/01/2014,"Miercoles",0,02:20:00,,"0.0",2,"Moto/Ciclomotor,Automóvil","Jose de San Martin 1600",2,1,0,0,1,0,0,,"Avenida",,"CORONDA","San Jerónimo","Asfalto","No existe","XV","Dentro","Urbana","Semáforo","Funciona","Recta","Bueno","Buena","Nocturna","Buen Tiempo","Contra objeto fijo","S/D","Colisión","Ninguna","Vertical","S/D","Sin restricción"
2014,431,12/01/2014,"Domingo",0,13:50:00,,"0.0",1,"Automóvil","Caseros Y Gral Alvear",1,1,0,0,0,0,0,,"Calle",,"SAN CRISTÓBAL","San Cristóbal","Asfalto","Pavimento","XIII","S/D","Urbana","S/D","Funciona","Intersección","S/D","Buena","Diurna","Buen Tiempo","Contra objeto fijo","S/D","Colisión","S/D","S/D","Ninguna","Sin restricción"
2014,432,25/01/2014,"Sabado",0,16:00:00,,"0.0",2,"Moto/Ciclomotor,Automóvil","Av San Lorenzo Y Tucuman",2,1,0,0,1,0,0,,"Avenida",,"CAPITÁN BERMÚDEZ","San Lorenzo","Asfalto","Pavimento","XVII","Dentro","Urbana","Ninguna","No existe","Intersección","Bueno","Buena","Diurna","Buen Tiempo","Lateral","S/D","Colisión","Ninguna","Horizontal","Línea divisoria pintada","Sin restricción"
2014,433,31/01/2014,"Viernes",0,23:45:00,,"0.0",2,"Automóvil,Automóvil","Ruta Nacional 11 Y 9 de Julio",4,4,0,0,0,0,0,,"S/D",,"CALCHAQUÍ","Vera","S/D","S/D","XIX","S/D","Urbana","S/D","S/D","S/D","S/D","S/D","Nocturna","S/D","S/D","S/D","S/D","S/D","S/D","S/D","S/D"
2014,434,05/01/2014,"Domingo",0,09:45:00,,"0.0",2,"Automóvil,Moto/Ciclomotor","Belgrano Y San Jeronimo",2,1,0,0,1,0,0,,"Calle",,"CORONDA","San Jerónimo","Asfalto","No existe","XV","Dentro","Urbana","Semáforo","Funciona","Recta","Bueno","Buena","Diurna","Buen Tiempo","Frontal,Lateral","S/D","Colisión","Otro","S/D","Ninguna","Sin restricción"
2014,435,06/01/2014,"Lunes",0,12:15:00,,"0.0",2,"Moto/Ciclomotor,Bicicleta","Caseros Y Gral Alvear",2,2,0,0,0,0,0,,"Calle",,"SAN CRISTÓBAL","San Cristóbal","Asfalto","Pavimento","XIII","S/D","Urbana","Semáforo","Funciona","Intersección","Bueno","Buena","Diurna","S/D","De alcance","S/D","Colisión","S/D","S/D","Ninguna","Sin restricción"
2014,436,25/01/2014,"Sabado",0,20:20:00,,"0.0",2,"Automóvil,Moto/Ciclomotor","AV. SAN LORENZO  Y J. ORTIZ",2,0,1,0,1,0,0,,"Avenida",,"CAPITÁN BERMÚDEZ","San Lorenzo","Asfalto","Pavimento","XVII","Dentro","Urbana","Ninguna","No existe","Intersección","Bueno","Buena","Atardecer","Buen Tiempo","Lateral","S/D","Colisión","S/D","Horizontal","Ninguna","Sin restricción"
2014,437,18/01/2014,"Sabado",0,18:25:00,,"0.0",1,"Moto/Ciclomotor"," ",3,3,0,0,0,0,0,,"Calle",,"CORONDA","San Jerónimo","Asfalto","Pavimento","XV","Dentro","Rural","Ninguna","No existe","Recta","Bueno","Buena","Diurna","Buen Tiempo","S/D","S/D","Caída ocupante","Ninguna","Faltante","Ninguna","Sin restricción"
2014,438,26/01/2014,"Domingo",0,08:00:00,"Ruta Provincial 3","63.0",1,"Automóvil"," ",3,2,0,0,1,0,0,,"Ruta",3,"GARABATO","Vera","Asfalto","Natural","XIX","Fuera","Urbana","S/D","S/D","Recta","Bueno","Buena","Diurna","Buen Tiempo","S/D","S/D","Vuelco","S/D","Vertical","Ninguna","Sin restricción"
2014,439,26/01/2014,"Domingo",0,02:55:00,"Ruta Provincial 6","0.0",1,"Automóvil"," ",5,4,0,0,1,0,0,,"Ruta",6,"GESSLER","San Jerónimo","Asfalto","Natural","XV","Dentro","Rural","Ninguna","No existe","Recta","Bueno","Buena","Nocturna","Buen Tiempo","Frontal","S/D","Colisión","Ninguna","Vertical","Línea divisoria pintada","Sin restricción"
2014,441,22/01/2014,"Miercoles",0,15:45:00,,"0.0",2,"Pickup/Utilitario,Moto/Ciclomotor","J B Justo Y Juan D Peron",2,0,1,0,1,0,0,,"Calle",,"SAN CRISTÓBAL","San Cristóbal","Asfalto,Tierra","Natural","XIII","Dentro","Urbana","S/D","No existe","Intersección","Bueno","Buena","Diurna","Buen Tiempo","Lateral","S/D","Colisión","Otro","Vertical","Ninguna","S/D"
2014,442,18/01/2014,"Sabado",0,21:55:00,,"0.0",2,"Automóvil,Moto/Ciclomotor","Av San Lorenzo Y Simon Bolivar",2,1,0,0,1,0,0,,"Avenida",,"CAPITÁN BERMÚDEZ","San Lorenzo","Asfalto","No existe","XVII","Dentro","Urbana","Ninguna","S/D","Intersección","S/D","S/D","Nocturna","Buen Tiempo","Frontal","S/D","Colisión","S/D","S/D","Ninguna","Sin restricción"
2014,443,11/01/2014,"Sabado",0,21:10:00,,"0.0",2,"Moto/Ciclomotor,Automóvil","9 de Julio ",2,1,0,0,1,0,0,,"Calle",,"SAN JUSTO","San Justo","Asfalto","No existe","XVI","Dentro","Urbana","Ninguna","No existe","Recta","Bueno","Reducida","Nocturna","Buen Tiempo","Lateral","S/D","Colisión","S/D","Faltante","Ninguna","Sin restricción"
2014,444,07/01/2014,"Martes",0,20:20:00,"Ruta Nacional 11","0.0",2,"Moto/Ciclomotor,Automóvil"," ",2,1,0,0,1,0,0,,"Ruta",11,"CORONDA","San Jerónimo","Asfalto","Natural","XV","Dentro","Urbana","Ninguna","No existe","Recta","Bueno","Buena","Atardecer","Buen Tiempo","Lateral","S/D","Colisión","Otro","Faltante","Línea divisoria pintada","Sin restricción"
2014,445,26/01/2014,"Domingo",0,02:55:00,"Ruta Provincial 6","0.0",2,"Automóvil,Automóvil"," ",5,4,0,0,1,0,0,,"Ruta",6,"GESSLER","San Jerónimo","Asfalto","Natural","XV","Dentro","Rural","Ninguna","No existe","Recta","Bueno","Buena","Nocturna","Buen Tiempo","Frontal","S/D","Colisión","Ninguna","Vertical","Línea divisoria pintada","Sin restricción"
2014,446,17/01/2014,"Viernes",0,23:45:00,,"0.0",2,"Moto/Ciclomotor,Automóvil","Av San Lorenzo Y Rivadavia Bernardino",3,1,1,0,1,0,0,,"Avenida",,"CAPITÁN BERMÚDEZ","San Lorenzo","Asfalto","Pavimento","XVII","Dentro","Urbana","Ninguna","No existe","Intersección","Bueno","Buena","Nocturna","Buen Tiempo","Lateral","S/D","Colisión","S/D","Horizontal","Ninguna","Sin restricción"
2014,447,24/01/2014,"Viernes",0,13:00:00,,"0.0",2,"Moto/Ciclomotor,Pickup/Utilitario","Cochabamba Y Saavedra",2,0,1,0,1,0,0,,"S/D",,"SAN CRISTÓBAL","San Cristóbal","Asfalto","Pavimento","XIII","S/D","S/D","Ninguna","No existe","Intersección","Bueno","Buena","Atardecer","Buen Tiempo","Lateral","S/D","Colisión","Otro","Vertical","Ninguna","S/D"
2014,448,17/01/2014,"Viernes",0,08:00:00,,"0.0",2,"Moto/Ciclomotor,Automóvil","Av San Lorenzo Y Pte Peron",2,1,0,0,1,0,0,,"Avenida",,"CAPITÁN BERMÚDEZ","San Lorenzo","Asfalto","Pavimento","XVII","Dentro","Urbana","Ninguna","No existe","Intersección","Bueno","Buena","Diurna","Buen Tiempo","Frontal","S/D","Colisión","S/D","Horizontal","Ninguna","Sin restricción"
2014,449,19/01/2014,"Domingo",0,19:10:00,,"0.0",1,"Moto/Ciclomotor","Alberdi Y Sarmiento",1,1,0,0,0,0,0,,"Calle",,"SAN CRISTÓBAL","San Cristóbal","Tierra","Natural","XIII","S/D","S/D","Ninguna","No existe","Intersección","Bueno","Buena","Atardecer","Buen Tiempo","S/D","S/D","Vuelco","Otro","Faltante","Ninguna","Sin restricción"
2014,450,07/01/2014,"Martes",0,01:00:00,,"0.0",2,"Peatón,Automóvil","Davalos Y Irma Peyrano",2,1,0,0,1,0,0,,"Calle",,"ROSARIO","Rosario","Asfalto","No existe","II","Dentro","Urbana","Ninguna","No existe","Recta","Bueno","Buena","Nocturna,Con luz artificial","Buen Tiempo","S/D","S/D","Atropello","S/D","Faltante","Ninguna","Sin restricción"
2014,451,13/01/2014,"Lunes",0,09:40:00,,"0.0",2,"Moto/Ciclomotor,Automóvil","Martin Fierro Y Gral Artigas",3,2,0,0,1,0,0,,"Calle",,"CAPITÁN BERMÚDEZ","San Lorenzo","Tierra","No existe","XVII","Dentro","Urbana","Ninguna","No existe","Intersección","Con baches","Buena","Diurna","Buen Tiempo","Lateral","S/D","Colisión","Ninguna","Faltante","Ninguna","Sin restricción"
2014,452,09/01/2014,"Jueves",0,17:40:00,,"0.0",2,"Bicicleta,Camión","Av San Lorenzo Y Rivadavia Bernardino",2,0,1,0,1,0,0,,"Avenida",,"CAPITÁN BERMÚDEZ","San Lorenzo","Asfalto","Pavimento","XVII","Dentro","Urbana","Ninguna","No existe","Intersección","Bueno","Buena","Diurna","Buen Tiempo","S/D","S/D","Atropello","S/D","Horizontal","Ninguna","Sin restricción"
2014,453,18/01/2014,"Sabado",0,03:00:00,,"0.0",2,"Bicicleta,Automóvil","Salvat ",2,1,0,0,1,0,0,,"Calle",,"ROSARIO","Rosario","Asfalto","No existe","II","Dentro","Urbana","Ninguna","No existe","Recta","Bueno","Buena","Nocturna","Buen Tiempo","S/D","S/D","Atropello","Ninguna","Faltante","Ninguna","Sin restricción"
2014,454,19/01/2014,"Domingo",0,10:00:00,,"0.0",2,"Automóvil,Moto/Ciclomotor","Av Silvestre Begnis Y Av San Martin",3,2,0,0,1,0,0,,"Calle",,"GRANADERO BAIGORRIA","Rosario","Asfalto","Pavimento","II","Fuera","Urbana","Semáforo","Funciona","Recta","Bueno","Buena","Diurna","Buen Tiempo","De alcance","S/D","Colisión","Ninguna","S/D","Cordón divisorio","Sin restricción"
2014,455,12/01/2014,"Domingo",0,17:25:00,"Ruta Nacional 11","0.0",1,"Automóvil"," ",2,2,0,0,0,0,0,,"Ruta",11,"VIDELA","San Justo","Ripio","No existe","XVI","S/D","Rural","Ninguna","No existe","Recta","Bueno","Buena","Diurna","Buen Tiempo","S/D","S/D","Despiste","S/D","Faltante","Ninguna","Sin restricción"
2014,456,08/01/2014,"Miercoles",0,07:30:00,,"0.0",2,"Moto/Ciclomotor,Otros","Av. Circunvalacion Y España",2,0,1,0,1,0,0,,"Avenida",,"ROSARIO","Rosario","Asfalto","No existe","XV","Dentro","Urbana","Ninguna","No existe","Intersección","Bueno","Buena","Amanecer","Buen Tiempo","Lateral","S/D","Colisión","Otro","Faltante","Ninguna","Sin restricción"
2014,457,18/01/2014,"Sabado",0,17:10:00,,"0.0",1,"Bicicleta","Herrera Y Cavia",3,2,0,0,1,0,0,,"Calle",,"ROSARIO","Rosario","Asfalto","No existe","II","S/D","Urbana","Ninguna","No existe","Intersección","Bueno","Buena","Diurna","Buen Tiempo","S/D","S/D","Atropello","S/D","Faltante","Ninguna","Sin restricción"
2014,458,02/01/2014,"Jueves",0,21:20:00,,"0.0",2,"Automóvil,Moto/Ciclomotor","Eva Peron Y Saenz Peña",2,1,0,0,1,0,0,,"Calle",,"CAPITÁN BERMÚDEZ","San Lorenzo","Asfalto","No existe","XVII","Dentro","Urbana","Ninguna","No existe","Intersección","Bueno","Buena","Nocturna","Buen Tiempo","Frontal","S/D","Colisión","S/D","Faltante","Ninguna","Sin restricción"
2014,459,22/01/2014,"Miercoles",0,09:55:00,,"0.0",2,"Automóvil,Moto/Ciclomotor","Belgrano ",3,1,0,0,2,0,0,,"Calle",,"SAN JUSTO","San Justo","Asfalto","No existe","XVI","Dentro","Urbana","Ninguna","No existe","Recta","Bueno","Buena","Diurna","Buen Tiempo","Lateral","S/D","Colisión","Ninguna","Vertical","Ninguna","Sin restricción"
2014,460,19/01/2014,"Domingo",0,18:00:00,,"0.0",2,"Peatón,Automóvil","Bufano 2600",2,1,0,0,1,0,0,,"Calle",,"ROSARIO","Rosario","Asfalto","No existe","II","Dentro","Urbana","Ninguna","No existe","Recta","Bueno","Buena","Atardecer","Buen Tiempo","Lateral","S/D","Atropello","Ninguna","Faltante","Ninguna","Sin restricción"
2014,461,10/01/2014,"Viernes",0,21:50:00,"Ruta Provincial 64","0.0",2,"Moto/Ciclomotor,Bicicleta","Estanislao Lopez ",2,1,0,0,1,0,0,,"Ruta",64,"LARRECHEA","San Jerónimo","Asfalto","Natural","XV","Dentro","Urbana","S/D","No existe","Recta","Bueno","Buena","Nocturna","Buen Tiempo","S/D","S/D","Atropello","Otro","S/D","Línea divisoria pintada","Sin restricción"
2014,462,17/01/2014,"Viernes",0,15:30:00,,"0.0",2,"Automóvil,Moto/Ciclomotor","Salta Y Bv N Alvarez",2,1,0,0,1,0,0,,"Calle",,"ÁLVAREZ","Rosario","Asfalto","Ripio","II","Dentro","Urbana","Ninguna","No existe","Recta","Bueno","Buena","Diurna","Buen Tiempo","Lateral","S/D","Colisión","S/D","Faltante","Ninguna","Sin restricción"
2014,463,25/01/2014,"Sabado",0,00:15:00,,"0.0",2,"Moto/Ciclomotor,Automóvil","Av Estanislao Lopez 245",6,4,0,0,2,0,0,,"Avenida",,"LA CRIOLLA","San Justo","Hormigón","No existe","XVI","Dentro","Urbana","Ninguna","No existe","Intersección","Bueno","Buena","Nocturna,Con luz artificial","Buen Tiempo","Lateral","S/D","Colisión","S/D","S/D","S/D","Sin restricción"
2014,464,10/01/2014,"Viernes",0,01:00:00,,"0.0",2,"Moto/Ciclomotor,Automóvil","A Gabarret Y Simon de Iriondo",2,1,0,0,0,0,1,,"Calle",,"ESPERANZA","Las Colonias","S/D","S/D","XI","Dentro","Urbana","S/D","S/D","S/D","S/D","S/D","Nocturna","S/D","S/D","S/D","Colisión","S/D","S/D","S/D","S/D"
2014,465,23/01/2014,"Jueves",0,,,"0.0",2,"Pickup/Utilitario,Moto/Ciclomotor","Bv N Alvarez ",2,1,0,0,1,0,0,,"Calle",,"ÁLVAREZ","Rosario","Asfalto","Pavimento","II","Dentro","Urbana","Ninguna","No existe","Curva","Bueno","Buena","Diurna","Buen Tiempo","S/D","S/D","Despiste","S/D","Faltante","Ninguna","Sin restricción"
2014,466,11/01/2014,"Sabado",0,07:50:00,"Ruta Secundaria 25-s","0.0",1,"Moto/Ciclomotor","SALTA  Y RUTA SECUNDARIA 25-S",1,0,1,0,0,0,0,,"Ruta","25-s","CORONEL BOGADO","Rosario","Asfalto","Natural","II","Fuera","Urbana","Ninguna","No existe","Curva","Bueno","Buena","Diurna","Buen Tiempo","Contra objeto fijo,Lateral","S/D","Despiste","Material Suelto","Faltante","Línea divisoria pintada","Sin restricción"
2014,467,26/01/2014,"Domingo",0,07:15:00,,"0.0",1,"Moto/Ciclomotor","Jose de San Martin Y Garay",1,1,0,0,0,0,0,,"Calle",,"CORONDA","San Jerónimo","Asfalto","No existe","XV","Dentro","Urbana","Ninguna","No existe","Intersección","Bueno","Buena","Amanecer","Buen Tiempo","S/D","S/D","Caída ocupante","S/D","Faltante","Cordón divisorio","Sin restricción"
2014,468,20/01/2014,"Lunes",0,20:00:00,,"0.0",2,"Automóvil,Automóvil","Bv Simon Iriondo ",3,2,0,0,1,0,0,,"Calle",,"ACEBAL","Rosario","Asfalto","Natural","II","Dentro","Urbana","Ninguna","No existe","Intersección","Bueno","Buena","Atardecer","Buen Tiempo","De alcance","S/D","Colisión","S/D","Faltante","Ninguna","Sin restricción"
2014,469,20/01/2014,"Lunes",0,21:30:00,"Ruta Provincial 21","999.9",2,"Moto/Ciclomotor,Automóvil"," ",2,1,0,0,1,0,0,,"Ruta",21,"FIGHIERA","Rosario","Asfalto","S/D","II","S/D","Urbana","S/D","S/D","Recta","Bueno","S/D","S/D","Buen Tiempo","Frontal","S/D","Colisión","Ninguna","Faltante","Ninguna","Sin restricción"
2014,470,25/01/2014,"Sabado",0,08:10:00,,"0.0",2,"Automóvil,Automóvil","Miller Y Blas Parera",4,0,1,0,3,0,0,,"Calle",,"ROSARIO","Rosario","Asfalto","No existe","II","Dentro","Urbana","Ninguna","No existe","Recta","Bueno","Buena","Diurna","Buen Tiempo","Otro","S/D","Colisión","Otro","Faltante","Ninguna","Sin restricción"
2014,471,14/01/2014,"Martes",0,21:40:00,"Ruta Provincial 18","5.0",2,"Automóvil,Moto/Ciclomotor"," ",3,1,0,0,2,0,0,,"Ruta",18,"PIÑERO","Rosario","Asfalto","Natural","II","S/D","Urbana","S/D","No existe","Recta","Bueno","Buena","Nocturna","Buen Tiempo","Lateral","S/D","Colisión","S/D","Vertical","Cordón divisorio","Sin restricción"
2014,472,23/01/2014,"Jueves",0,10:55:00,"Ruta Secundaria 20-s","0.0",2,"Automóvil,Automóvil","Ruta Provincial 20 s ",3,2,0,0,1,0,0,,"Ruta","20-s","PIÑERO","Rosario","Asfalto","Natural","II","Dentro","Urbana","Ninguna","No existe","Recta","Bueno","Buena","Diurna","Buen Tiempo","Lateral","S/D","Colisión","S/D","S/D","Ninguna","Sin restricción"
2014,473,28/01/2014,"Martes",0,18:50:00,,"0.0",2,"Automóvil,Moto/Ciclomotor","Huerta Grande Y Medrano",4,2,0,0,2,0,0,,"Calle",,"ROSARIO","Rosario","Asfalto","No existe","II","Dentro","Urbana","Ninguna","No existe","Intersección","Bueno","Buena","Diurna","Buen Tiempo","Lateral","S/D","Colisión","Ninguna","Faltante","Ninguna","Sin restricción"
2014,474,24/01/2014,"Viernes",0,13:45:00,,"0.0",2,"Automóvil,Moto/Ciclomotor","J.B.Justo Y J.V.Gonzalez Bis",3,2,0,0,1,0,0,,"Calle",,"ROSARIO","Rosario","Asfalto","Pavimento","II","Dentro","Urbana","S/D","No existe","Intersección","Bueno","Buena","Diurna","Buen Tiempo","Lateral","S/D","Colisión","S/D","S/D","Cordón divisorio","S/D"
2014,475,17/01/2014,"Viernes",0,18:00:00,,"0.0",2,"Moto/Ciclomotor,Taxi/Remis","Junin Y Florida",2,1,0,0,1,0,0,,"Calle",,"ROSARIO","Rosario","Asfalto","No existe","II","S/D","Urbana","Ninguna","No existe","Intersección","Bueno","Buena","Diurna","Buen Tiempo","S/D","S/D","S/D","S/D","S/D","S/D","S/D"
2014,476,10/01/2014,"Viernes",0,21:00:00,,"0.0",2,"Automóvil,Pickup/Utilitario","Casilda Y Mar del Plata",2,1,0,0,1,0,0,,"Calle",,"ROSARIO","Rosario","Asfalto","No existe","II","S/D","Urbana","Ninguna","No existe","Intersección","Bueno","Buena","Nocturna","Buen Tiempo","S/D","S/D","Colisión","S/D","S/D","S/D","Sin restricción"
2014,477,16/01/2014,"Jueves",0,16:00:00,,"0.0",2,"Moto/Ciclomotor,Taxi/Remis","Pueyrredon Y Jujuy",2,1,0,0,1,0,0,,"Calle",,"ROSARIO","Rosario","Asfalto","No existe","II","S/D","Urbana","Ninguna","No existe","Recta","Bueno","Buena","Diurna","Buen Tiempo","Otro","S/D","Colisión","Ninguna","Vertical","Ninguna","Sin restricción"
2014,478,23/01/2014,"Jueves",0,08:00:00,,"0.0",2,"Pickup/Utilitario,Automóvil","Bv. Avellaneda Y J.J.Paso",3,2,0,0,0,0,1,,"Calle",,"ROSARIO","Rosario","Asfalto","S/D","II","Dentro","Urbana","Semáforo","S/D","Intersección","Bueno","S/D","Diurna","Buen Tiempo","Lateral","S/D","Colisión","S/D","Horizontal,Vertical","Cordón divisorio","Sin restricción"
2014,479,15/01/2014,"Miercoles",0,22:40:00,,"0.0",2,"Moto/Ciclomotor,Automóvil","Av. Luis Carballo Y Rawson Bis",4,2,0,0,2,0,0,,"Avenida",,"ROSARIO","Rosario","Asfalto","No existe","II","S/D","Urbana","S/D","S/D","Intersección","Bueno","S/D","Nocturna","Buen Tiempo","S/D","S/D","S/D","S/D","S/D","S/D","S/D"
2014,480,17/01/2014,"Viernes",0,10:20:00,,"0.0",2,"Moto/Ciclomotor,Automóvil","Av. Ovidio Lagos Y Salta",2,1,0,0,1,0,0,,"Calle",,"ROSARIO","Rosario","Asfalto","No existe","II","S/D","Urbana","Semáforo","Funciona","Recta","Bueno","Buena","Diurna","Buen Tiempo","Otro","S/D","Colisión","Ninguna","Vertical","Ninguna","Sin restricción"
2014,481,17/01/2014,"Viernes",0,23:40:00,,"0.0",2,"Automóvil,Moto/Ciclomotor","AV. MONGSFELD Y AV. FRANCIA",2,0,1,0,1,0,0,,"Avenida",,"ROSARIO","Rosario","Asfalto","No existe","II","S/D","S/D","S/D","S/D","Intersección","Bueno","Reducida","Diurna","S/D","S/D","S/D","S/D","S/D","S/D","S/D","S/D"