"anio_acci","nro_acci","fecha","desc_dia","fecha_aprox","hora_aprox","desc_ruta","km","cant_participantes","desc_participante","calle_avenida_km","total","heridos_leves","heridos_graves","heridos_gravisimos","ilesos","fallecidos","sin_datos","posicion_XY","desc_tipo_via","desc_ruta_ori","desc_loc","desc_dpto","desc_tipo_calzada","desc_tipo_banquina","desc_unidad_regional","desc_lugar_calzada","desc_zona","desc_prioridad","desc_estado_semaforo","desc_lugar_via","desc_estado_via","desc_estado_visibilidad","desc_luminosidad","desc_estado_clima","desc_tipo_colision","desc_tipo_atropello","desc_tipo_hecho","desc_pres_calzada","desc_senializacion","desc_separacion_via","desc_restriccion"
2014,482,23/01/2014,"Jueves",0,18:15:00,,"0.0",2,"Moto/Ciclomotor,Taxi/Remis","Crespo Y Catamarca",2,1,0,0,1,0,0,,"Calle",,"ROSARIO","Rosario","S/D","No existe","II","S/D","Urbana","Semáforo","Funciona","Recta","Bueno","Buena","Diurna","Buen Tiempo","Otro","S/D","Colisión","Ninguna","Vertical","Ninguna","Sin restricción"
2014,483,17/01/2014,"Viernes",0,16:30:00,,"0.0",2,"Moto/Ciclomotor,Automóvil","Bv. Avellaneda Y Albert Sabin",2,0,1,0,1,0,0,,"Avenida",,"ROSARIO","Rosario","Asfalto","No existe","II","S/D","Urbana","Semáforo","Funciona","Intersección","S/D","Buena","Diurna","Buen Tiempo","S/D","S/D","Colisión","S/D","S/D","S/D","Sin restricción"
2014,484,20/01/2014,"Lunes",0,19:00:00,,"0.0",2,"Automóvil,Moto/Ciclomotor","Av. Circunvalacion Y Av. Eudoro Carrasco",4,2,0,0,2,0,0,,"Avenida",,"ROSARIO","Rosario","Asfalto","No existe","II","Dentro","Urbana","Ninguna","No existe","Rotonda","Bueno","Buena","Diurna","Buen Tiempo","De alcance","S/D","Colisión","Otro","Horizontal","Cordón divisorio","Sin restricción"
2014,485,13/01/2014,"Lunes",0,19:00:00,,"0.0",2,"Bicicleta,Moto/Ciclomotor","Buenos Aires Y Bolivar",2,1,0,0,1,0,0,,"Calle",,"VILLA GOBERNADOR GÁLVEZ","Rosario","Asfalto","No existe","II","Dentro","Urbana","Ninguna","No existe","Recta","Deteriorada","Buena","Diurna","Buen Tiempo","S/D","S/D","Atropello","S/D","S/D","Ninguna","S/D"
2014,486,23/01/2014,"Jueves",0,10:30:00,,"0.0",2,"Automóvil,Automóvil","Catamarca Y Pueyrredon",2,1,0,0,1,0,0,,"Calle",,"ROSARIO","Rosario","Asfalto","S/D","II","S/D","Urbana","S/D","No existe","Recta","Bueno","Buena","Diurna","Buen Tiempo","S/D","S/D","Colisión","Ninguna","S/D","Ninguna","Sin restricción"
2014,487,20/01/2014,"Lunes",0,15:30:00,,"0.0",2,"Moto/Ciclomotor,Automóvil","Agrelo Y Luis Vila",3,2,0,0,1,0,0,,"Calle",,"ROSARIO","Rosario","Asfalto","No existe","II","Dentro","Urbana","Ninguna","No existe","Recta","Bueno","Buena","Diurna","Buen Tiempo","S/D","S/D","Colisión","Ninguna","Faltante","Ninguna","Sin restricción"
2014,488,24/01/2014,"Viernes",0,08:00:00,,"0.0",2,"Moto/Ciclomotor,Automóvil","Av. Francia Y Brown",2,1,0,0,1,0,0,,"Calle",,"ROSARIO","Rosario","Asfalto","No existe","II","S/D","Urbana","Semáforo","Funciona","Recta","Bueno","S/D","Diurna","Buen Tiempo","S/D","S/D","Colisión","Ninguna","S/D","Ninguna","Sin restricción"
2014,489,18/01/2014,"Sabado",0,19:00:00,,"0.0",2,"Automóvil,Moto/Ciclomotor","Iguazu Y G.Carrasco",4,2,0,0,2,0,0,,"Calle",,"ROSARIO","Rosario","Asfalto","Pavimento","II","Dentro","Urbana","S/D","No existe","Intersección","Bueno","S/D","Atardecer","Buen Tiempo","Lateral","S/D","Colisión","S/D","Faltante","S/D","Sin restricción"
2014,490,22/01/2014,"Miercoles",0,18:30:00,,"0.0",2,"Automóvil,Automóvil","Av. Carlos Colombres Y Ricardo Nuñez",2,1,0,0,1,0,0,,"S/D",,"ROSARIO","Rosario","Asfalto","No existe","II","Dentro","Urbana","Semáforo","Funciona","Recta","Bueno","Buena","Diurna","Buen Tiempo","S/D","S/D","Colisión","Ninguna","Horizontal","Cordón divisorio","Sin restricción"
2014,491,19/01/2014,"Domingo",0,02:00:00,,"0.0",2,"Automóvil,Automóvil","Cordoba Y Rio De Janeiro",3,0,0,0,0,0,3,,"Calle",,"ROSARIO","Rosario","Asfalto","S/D","II","S/D","Urbana","S/D","S/D","Intersección","S/D","S/D","S/D","S/D","S/D","S/D","S/D","S/D","S/D","S/D","S/D"
2014,492,20/01/2014,"Lunes",0,12:00:00,,"0.0",2,"Pickup/Utilitario,Moto/Ciclomotor","Zelaya Y Dr.Rivas",3,2,0,0,1,0,0,,"Calle",,"ROSARIO","Rosario","Asfalto","No existe","II","Dentro","Urbana","Marca Vial","No existe","Recta","Bueno","Buena","Diurna","Buen Tiempo","De alcance","S/D","Colisión","S/D","Horizontal","S/D","Sin restricción"
2014,493,17/01/2014,"Viernes",0,18:00:00,,"0.0",2,"Moto/Ciclomotor,Automóvil","Belgrano Y R fournier",2,1,0,0,1,0,0,,"Calle",,"VILLA GOBERNADOR GÁLVEZ","Rosario","Asfalto","No existe","II","Dentro","Urbana","Ninguna","No existe","Recta","Deteriorada","Buena","Diurna","Buen Tiempo","Lateral","S/D","Colisión","Agua","S/D","Ninguna","S/D"
2014,494,18/01/2014,"Sabado",0,09:45:00,,"0.0",2,"Peatón,Automóvil","Av. Ovidio Lagos Y Cordoba",2,1,0,0,1,0,0,,"Calle",,"ROSARIO","Rosario","Asfalto","S/D","II","S/D","Urbana","S/D","S/D","Intersección","S/D","S/D","S/D","S/D","S/D","S/D","Atropello","S/D","S/D","S/D","S/D"
2014,495,25/01/2014,"Sabado",0,07:55:00,,"0.0",2,"Peatón,Taxi/Remis","Santa Fe Y Rodriguez",2,1,0,0,1,0,0,,"Calle",,"ROSARIO","Rosario","Asfalto","No existe","II","S/D","Urbana","Semáforo","Funciona","Recta","Bueno","Buena","Diurna","Buen Tiempo","S/D","S/D","Atropello","Ninguna","Vertical","Barrera de hormigón","Sin restricción"
2014,496,17/01/2014,"Viernes",0,19:00:00,,"0.0",2,"Moto/Ciclomotor,Peatón","Av Filipini Y Lavalle",3,2,0,0,1,0,0,,"Avenida",,"VILLA GOBERNADOR GÁLVEZ","Rosario","Asfalto","No existe","II","Dentro","Urbana","Ninguna","No existe","Recta","Bueno","Buena","Diurna","Buen Tiempo","S/D","S/D","Atropello","S/D","S/D","Ninguna","S/D"
2014,497,25/01/2014,"Sabado",0,06:20:00,,"0.0",2,"Automóvil,Moto/Ciclomotor","Av. Alberdi Bis Y Av. Portugal",3,2,0,0,1,0,0,,"Calle",,"ROSARIO","Rosario","Asfalto","S/D","II","Dentro","Urbana","Semáforo","S/D","Intersección","Bueno","S/D","S/D","Buen Tiempo","Lateral","S/D","Colisión","S/D","Horizontal,Vertical","Cordón divisorio","Sin restricción"
2014,498,17/01/2014,"Viernes",0,08:00:00,,"0.0",2,"Moto/Ciclomotor,Automóvil","Av Filipini Y Mitre",2,1,0,0,1,0,0,,"Avenida",,"VILLA GOBERNADOR GÁLVEZ","Rosario","Asfalto","No existe","II","Dentro","Urbana","Ninguna","Funciona","Recta","Con baches","Buena","Diurna","Buen Tiempo","Lateral","S/D","Colisión","S/D","S/D","Ninguna","S/D"
2014,499,29/01/2014,"Miercoles",0,10:00:00,,"0.0",2,"Automóvil,Automóvil","Av. Ovidio Lagos 600",3,1,0,0,2,0,0,,"Calle",,"ROSARIO","Rosario","Asfalto","No existe","II","S/D","Urbana","S/D","Funciona","Recta","Bueno","Buena","Diurna","Buen Tiempo","Otro","S/D","Colisión","Ninguna","Vertical","Ninguna","Sin restricción"
2014,500,11/01/2014,"Sabado",0,12:25:00,,"0.0",2,"Moto/Ciclomotor,Pickup/Utilitario","Corrientes Y Alvear",3,2,0,0,1,0,0,,"Calle",,"VILLA GOBERNADOR GÁLVEZ","Rosario","Asfalto","S/D","II","Dentro","Urbana","Ninguna","S/D","Recta","Bueno","Buena","Diurna","Buen Tiempo","De alcance","S/D","Colisión","S/D","Faltante","Ninguna","Sin restricción"
2014,501,25/01/2014,"Sabado",0,07:50:00,,"0.0",3,"Taxi/Remis,Moto/Ciclomotor,Moto/Ciclomotor","E.Zeballos Y Servando Bayo",5,0,4,0,1,0,0,,"Calle",,"ROSARIO","Rosario","Asfalto","S/D","II","S/D","Urbana","S/D","S/D","Intersección","S/D","S/D","S/D","S/D","S/D","S/D","S/D","S/D","S/D","S/D","S/D"
2014,502,20/01/2014,"Lunes",0,18:45:00,,"0.0",2,"Bicicleta,Automóvil","P Opicci Y Bv San diego",3,2,0,0,1,0,0,,"Calle",,"VILLA GOBERNADOR GÁLVEZ","Rosario","Asfalto","No existe","II","Dentro","Urbana","Ninguna","No existe","Recta","Con baches","Buena","Diurna","Buen Tiempo","S/D","S/D","Atropello","Agua","S/D","Ninguna","S/D"
2014,503,14/01/2014,"Martes",0,17:45:00,,"0.0",2,"Bicicleta,Moto/Ciclomotor","Nogues Y Parana",2,1,0,0,1,0,0,,"Calle",,"VILLA GOBERNADOR GÁLVEZ","Rosario","Asfalto","No existe","II","Dentro","Urbana","Ninguna","No existe","Recta","Con baches","Buena","Diurna","Buen Tiempo","S/D","S/D","Atropello","S/D","Faltante","Ninguna","Sin restricción"
2014,504,28/01/2014,"Martes",0,14:20:00,,"0.0",2,"Automóvil,Moto/Ciclomotor","San Luis Y Suipacha",2,1,0,0,1,0,0,,"Calle",,"ROSARIO","Rosario","Asfalto","S/D","II","S/D","Urbana","S/D","S/D","Intersección","S/D","S/D","S/D","S/D","S/D","S/D","S/D","S/D","S/D","S/D","S/D"
2014,505,24/01/2014,"Viernes",0,12:20:00,,"0.0",2,"Pickup/Utilitario,Moto/Ciclomotor","Av. Pellegrini Y Gutenberg",2,1,0,0,1,0,0,,"Calle",,"ROSARIO","Rosario","Asfalto","S/D","II","S/D","Urbana","S/D","S/D","Intersección","S/D","S/D","S/D","S/D","S/D","S/D","S/D","S/D","S/D","S/D","S/D"
2014,506,16/01/2014,"Jueves",0,18:00:00,,"0.0",2,"Bicicleta,Automóvil","San Juan Y Ricchieri",2,1,0,0,1,0,0,,"Calle",,"ROSARIO","Rosario","Asfalto","S/D","II","Dentro","Urbana","S/D","S/D","Intersección","S/D","S/D","S/D","S/D","S/D","S/D","Atropello","S/D","S/D","S/D","S/D"
2014,507,25/01/2014,"Sabado",0,21:00:00,,"0.0",2,"Peatón,Moto/Ciclomotor","Bomberos Voluntarios Y Soldado Aguirre",2,1,0,0,0,0,1,,"Calle",,"VILLA GOBERNADOR GÁLVEZ","Rosario","Asfalto","No existe","II","Dentro","Urbana","S/D","No existe","Recta","Bueno","Buena","Nocturna,Con luz artificial","Buen Tiempo","S/D","S/D","Atropello","S/D","S/D","Ninguna","S/D"
2014,508,24/01/2014,"Viernes",0,17:30:00,,"0.0",2,"Automóvil,Automóvil","Santiago Y Rioja",2,2,0,0,0,0,0,,"Calle",,"ROSARIO","Rosario","Asfalto","S/D","II","S/D","Urbana","S/D","S/D","Intersección","S/D","S/D","S/D","S/D","S/D","S/D","S/D","S/D","S/D","S/D","S/D"
2014,509,15/01/2014,"Miercoles",0,14:50:00,,"0.0",2,"Moto/Ciclomotor,Automóvil","Av Juan Domingo Peron Y Corrientes",2,1,0,0,1,0,0,,"Calle",,"VILLA GOBERNADOR GÁLVEZ","Rosario","Asfalto","S/D","II","Dentro","Urbana","Ninguna","S/D","Recta","Bueno","Buena","S/D","Buen Tiempo","Lateral","S/D","Colisión","S/D","Faltante","Ninguna","Sin restricción"
2014,510,26/01/2014,"Domingo",0,20:45:00,,"0.0",2,"Moto/Ciclomotor,Moto/Ciclomotor","Ing Mosconi Y Iriondo",3,3,0,0,0,0,0,,"Calle",,"VILLA GOBERNADOR GÁLVEZ","Rosario","Asfalto","No existe","II","Dentro","Urbana","Ninguna","No existe","Recta","Con baches","Buena","Nocturna,Con luz artificial","Buen Tiempo","Lateral","S/D","Colisión","S/D","S/D","Ninguna","S/D"
2014,511,20/01/2014,"Lunes",0,17:45:00,,"0.0",2,"Moto/Ciclomotor,Otros","E.Zeballos Y Iriondo",2,1,0,0,0,0,1,,"Calle",,"ROSARIO","Rosario","S/D","S/D","II","S/D","Urbana","S/D","S/D","S/D","S/D","S/D","Diurna","S/D","S/D","S/D","S/D","S/D","S/D","S/D","S/D"
2014,512,17/01/2014,"Viernes",0,09:20:00,,"0.0",2,"Moto/Ciclomotor,Automóvil","E.Zeballos Y Ricchieri",3,1,0,0,2,0,0,,"Calle",,"ROSARIO","Rosario","Asfalto","S/D","II","S/D","Urbana","S/D","S/D","Intersección","S/D","S/D","Diurna","S/D","S/D","S/D","Colisión","S/D","S/D","S/D","S/D"
2014,513,23/01/2014,"Jueves",0,10:30:00,,"0.0",2,"Moto/Ciclomotor,Automóvil","San Lorenzo Y Santiago",3,2,0,0,1,0,0,,"Calle",,"ROSARIO","Rosario","Asfalto","S/D","II","S/D","Urbana","S/D","S/D","Intersección","S/D","S/D","S/D","S/D","S/D","S/D","S/D","S/D","S/D","S/D","S/D"
2014,514,23/01/2014,"Jueves",0,19:00:00,,"0.0",2,"Automóvil,Pickup/Utilitario","San Juan Y Vera Mujica",3,1,0,0,0,0,2,,"Calle",,"ROSARIO","Rosario","Asfalto","S/D","II","S/D","Urbana","S/D","S/D","Intersección","S/D","S/D","S/D","S/D","S/D","S/D","S/D","S/D","S/D","S/D","S/D"
2014,515,16/01/2014,"Jueves",0,18:00:00,,"0.0",2,"Moto/Ciclomotor,Automóvil","Alvear Y G Lopez",3,2,0,0,1,0,0,,"Calle",,"VILLA GOBERNADOR GÁLVEZ","Rosario","Asfalto","No existe","II","Dentro","Urbana","Ninguna","No existe","Recta","Bueno","Buena","Diurna","Buen Tiempo","Frontal","S/D","Colisión","S/D","Faltante","Ninguna","Sin restricción"
2014,516,18/01/2014,"Sabado",0,22:00:00,,"0.0",2,"Moto/Ciclomotor,Automóvil","Pampa Y Av. Provincias Unidas",2,1,0,0,0,0,1,,"Avenida",,"ROSARIO","Rosario","Asfalto","S/D","II","S/D","Urbana","S/D","S/D","Intersección","S/D","S/D","S/D","S/D","S/D","S/D","S/D","S/D","S/D","S/D","S/D"
2014,517,18/01/2014,"Sabado",0,05:10:00,,"0.0",2,"Automóvil,Automóvil","Rioja Y Bv. Avellaneda",3,2,0,0,1,0,0,,"Calle",,"ROSARIO","Rosario","Asfalto","S/D","II","S/D","Urbana","S/D","S/D","Intersección","S/D","S/D","Nocturna","S/D","S/D","S/D","Colisión","S/D","S/D","S/D","S/D"
2014,518,03/01/2014,"Viernes",0,,,"0.0",2,"Automóvil,Automóvil","Molina Y Baigorria",4,2,0,0,2,0,0,,"Calle",,"ROSARIO","Rosario","Asfalto","No existe","II","Dentro","Urbana","Ninguna","No existe","Intersección","Bueno","Buena","S/D","Buen Tiempo","Lateral","S/D","Colisión","Otro","Faltante","Ninguna","Sin restricción"
2014,519,20/01/2014,"Lunes",0,14:30:00,,"0.0",2,"Moto/Ciclomotor,Pickup/Utilitario","San Juan Y Pueyrredon",2,1,0,0,1,0,0,,"Calle",,"ROSARIO","Rosario","Asfalto","S/D","II","S/D","Urbana","S/D","S/D","Intersección","S/D","S/D","S/D","S/D","S/D","S/D","S/D","S/D","S/D","S/D","S/D"
2014,520,17/01/2014,"Viernes",0,11:00:00,,"0.0",2,"Automóvil,Automóvil","San Juan Y Rio De Janeiro",2,1,0,0,1,0,0,,"Calle",,"ROSARIO","Rosario","Asfalto","S/D","II","Dentro","Urbana","S/D","S/D","Intersección","S/D","S/D","Diurna","S/D","S/D","S/D","S/D","S/D","S/D","S/D","S/D"
2014,521,17/01/2014,"Viernes",0,08:30:00,,"0.0",2,"Automóvil,Moto/Ciclomotor","Castellanos Y Montevideo",3,1,0,0,2,0,0,,"Calle",,"ROSARIO","Rosario","Asfalto","S/D","II","S/D","Urbana","S/D","S/D","Intersección","S/D","S/D","Diurna","S/D","S/D","S/D","Colisión","S/D","S/D","S/D","S/D"
2014,522,22/01/2014,"Miercoles",0,11:00:00,,"0.0",2,"Automóvil,Automóvil","E.Zeballos Y Constitucion",2,1,0,0,1,0,0,,"Calle",,"ROSARIO","Rosario","Asfalto","S/D","II","S/D","Urbana","S/D","S/D","Intersección","S/D","S/D","S/D","S/D","S/D","S/D","S/D","S/D","S/D","S/D","S/D"
2014,523,26/01/2014,"Domingo",0,22:30:00,,"0.0",2,"Peatón,Camión","MENDOZA Y EDISON",2,0,1,0,1,0,0,,"Calle",,"VILLA GOBERNADOR GÁLVEZ","Rosario","Asfalto","No existe","II","Dentro","Urbana","Ninguna","No existe","Recta","Bueno","Buena","Nocturna,Con luz artificial","Buen Tiempo","S/D","S/D","Atropello","S/D","Faltante","Ninguna","Sin restricción"
2014,524,15/01/2014,"Miercoles",0,09:55:00,,"0.0",1,"Pickup/Utilitario","San Juan Y Suipacha",1,0,0,0,0,0,1,,"Calle",,"ROSARIO","Rosario","Asfalto","S/D","II","S/D","Urbana","S/D","S/D","Intersección","S/D","S/D","S/D","S/D","S/D","S/D","S/D","S/D","S/D","S/D","S/D"
2014,525,20/01/2014,"Lunes",0,12:30:00,,"0.0",2,"Automóvil,Automóvil","Bv. Avellaneda 1000",5,0,0,0,0,0,5,,"Avenida",,"ROSARIO","Rosario","Asfalto","S/D","II","S/D","Urbana","S/D","S/D","Recta","S/D","S/D","S/D","S/D","S/D","S/D","S/D","S/D","S/D","S/D","S/D"
2014,526,12/01/2014,"Domingo",0,19:00:00,,"0.0",2,"Moto/Ciclomotor,Moto/Ciclomotor","Mendoza Y San Nicolas",3,3,0,0,0,0,0,,"Calle",,"ROSARIO","Rosario","Asfalto","S/D","II","S/D","Urbana","S/D","S/D","Intersección","S/D","S/D","Atardecer","S/D","S/D","S/D","Colisión","S/D","S/D","S/D","S/D"
2014,527,12/01/2014,"Domingo",0,12:45:00,"Ruta Nacional 9","0.0",2,"Automóvil,Automóvil","Ruta Nacional 9 Y Candelaria",3,2,0,0,1,0,0,,"Ruta",9,"FUNES","Rosario","Asfalto","Natural","II","Dentro","Urbana","Ninguna","No existe","Intersección","Bueno","Buena","Diurna","Buen Tiempo","S/D","S/D","Colisión","Ninguna","S/D","Línea divisoria pintada","Sin restricción"
2014,528,05/01/2014,"Domingo",0,16:00:00,,"0.0",2,"Moto/Ciclomotor,Automóvil","San Juan Y Iriondo",3,2,0,0,1,0,0,,"Calle",,"ROSARIO","Rosario","Asfalto","S/D","II","Dentro","Urbana","S/D","S/D","Intersección","S/D","S/D","Diurna","S/D","S/D","S/D","S/D","S/D","S/D","S/D","S/D"
2014,529,10/01/2014,"Viernes",0,08:15:00,,"0.0",2,"Moto/Ciclomotor,Automóvil","Av. Pellegrini Y Pje. Daract",2,1,0,0,1,0,0,,"Calle",,"ROSARIO","Rosario","Asfalto","S/D","II","S/D","Urbana","S/D","S/D","Intersección","S/D","S/D","Diurna","S/D","S/D","S/D","Colisión","S/D","S/D","S/D","S/D"
2014,530,09/01/2014,"Jueves",0,10:00:00,,"0.0",2,"Moto/Ciclomotor,Automóvil","Constitucion Y E.Zeballos",2,1,0,0,1,0,0,,"Calle",,"ROSARIO","Rosario","Asfalto","S/D","II","S/D","Urbana","S/D","S/D","Intersección","S/D","S/D","Diurna","S/D","S/D","S/D","Colisión","S/D","S/D","S/D","S/D"
2014,531,21/01/2014,"Martes",0,10:30:00,,"0.0",3,"Automóvil,Camión,Camión","Av. Circunvalacion Bis 1800",3,0,1,0,2,0,0,,"Avenida",,"ROSARIO","Rosario","Asfalto","Pavimento","II","Dentro","Urbana","Ninguna","No existe","Recta","Bueno","Buena","Diurna","Buen Tiempo","Múltiple","S/D","Aplastamiento","S/D","Horizontal","Guardarrail","Reparación de Vía"
2014,532,07/01/2014,"Martes",0,07:45:00,,"0.0",2,"Automóvil,Automóvil","Av. Pellegrini 3700",2,1,0,0,1,0,0,,"Calle",,"ROSARIO","Rosario","Asfalto","S/D","II","Dentro","Urbana","S/D","S/D","Recta","S/D","S/D","Diurna","S/D","S/D","S/D","S/D","S/D","S/D","S/D","S/D"
2014,533,21/01/2014,"Martes",0,05:00:00,,"0.0",1,"Pickup/Utilitario","Av. Circunvalacion Bis 1800",1,0,1,0,0,0,0,,"Avenida",,"ROSARIO","Rosario","Asfalto","Pavimento","II","Dentro","Urbana","Ninguna","No existe","Puente","Otro","Buena","Nocturna","Buen Tiempo","Contra objeto fijo","S/D","Colisión","Otro","Horizontal","Guardarrail","Obra en Construcción,Reparación de Vía"
2014,534,07/01/2014,"Martes",0,11:15:00,,"0.0",2,"Automóvil,Pickup/Utilitario","Av. Avellaneda B Y 9 De Julio",3,1,0,0,2,0,0,,"Calle",,"ROSARIO","Rosario","Asfalto","S/D","II","Dentro","Urbana","S/D","S/D","Intersección","S/D","S/D","Diurna","S/D","S/D","S/D","S/D","S/D","S/D","S/D","S/D"
2014,535,09/01/2014,"Jueves",0,19:30:00,,"0.0",2,"Peatón,Automóvil","Av. Pellegrini Y Callao",2,1,0,0,1,0,0,,"Calle",,"ROSARIO","Rosario","Asfalto","S/D","II","S/D","Urbana","S/D","S/D","Intersección","S/D","S/D","Atardecer","Buen Tiempo","S/D","S/D","Atropello","S/D","S/D","S/D","S/D"
2014,536,05/01/2014,"Domingo",0,,,"0.0",2,"Moto/Ciclomotor,Automóvil","San Luis Y Alsina",3,2,0,0,1,0,0,,"S/D",,"ROSARIO","Rosario","Asfalto","S/D","II","S/D","S/D","S/D","S/D","Intersección","S/D","S/D","S/D","S/D","S/D","S/D","S/D","S/D","S/D","S/D","S/D"
2014,537,07/01/2014,"Martes",0,11:00:00,,"0.0",2,"Moto/Ciclomotor,Automóvil","Av. Eva Peron Y Sanchez de Loria",2,1,0,0,1,0,0,,"Avenida",,"ROSARIO","Rosario","Asfalto","No existe","II","Dentro","Urbana","Ninguna","Funciona","Recta","Bueno","Buena","Diurna","S/D","Frontal","S/D","Colisión","S/D","Vertical","Barrera de hormigón","S/D"
2014,538,06/01/2014,"Lunes",0,,,"0.0",2,"Moto/Ciclomotor,Otros","Constitucion Y E.Zeballos",2,0,1,0,0,0,1,,"Calle",,"ROSARIO","Rosario","Asfalto","S/D","II","Dentro","Urbana","S/D","S/D","Intersección","S/D","S/D","S/D","S/D","S/D","S/D","S/D","S/D","S/D","S/D","S/D"
2014,539,12/01/2014,"Domingo",0,08:50:00,,"0.0",2,"Moto/Ciclomotor,Otros","Cordoba Y Av. Francia",2,1,0,0,0,0,1,,"Calle",,"ROSARIO","Rosario","Asfalto","S/D","II","S/D","Urbana","S/D","S/D","Intersección","S/D","S/D","Diurna","S/D","S/D","S/D","Colisión","S/D","S/D","S/D","S/D"
2014,540,08/01/2014,"Miercoles",0,11:45:00,,"0.0",2,"Moto/Ciclomotor,Automóvil","Av. Eva Peron 9000",2,1,0,0,1,0,0,,"Calle",,"ROSARIO","Rosario","Asfalto","No existe","II","Dentro","Urbana","Ninguna","No existe","Recta","Bueno","S/D","Diurna","S/D","Frontal","S/D","Colisión","S/D","Horizontal","Barrera de hormigón","S/D"
2014,541,06/01/2014,"Lunes",0,17:15:00,,"0.0",2,"Automóvil,Automóvil","Montevideo Y Suipacha",3,0,0,0,0,0,3,,"Calle",,"ROSARIO","Rosario","Asfalto","S/D","II","Dentro","Urbana","S/D","S/D","Intersección","S/D","S/D","S/D","S/D","S/D","S/D","S/D","S/D","S/D","S/D","S/D"
2014,542,11/01/2014,"Sabado",0,11:50:00,,"0.0",2,"Automóvil,Moto/Ciclomotor","San Juan Y Crespo",2,1,0,0,1,0,0,,"Calle",,"ROSARIO","Rosario","Asfalto","S/D","II","S/D","Urbana","S/D","S/D","Intersección","S/D","S/D","S/D","S/D","S/D","S/D","Colisión","S/D","S/D","S/D","S/D"
2014,543,12/01/2014,"Domingo",0,23:45:00,,"0.0",2,"Moto/Ciclomotor,Automóvil","J.J.Paso Y J.Colombres",2,1,0,0,1,0,0,,"Calle",,"ROSARIO","Rosario","Asfalto","No existe","II","Dentro","Urbana","Ninguna","No existe","Recta","Con baches","S/D","Nocturna","S/D","Frontal","S/D","Colisión","S/D","Horizontal","Ninguna","Sin restricción"
2014,544,04/01/2014,"Sabado",0,10:30:00,,"0.0",2,"Automóvil,Peatón","Santa Fe Y Rodriguez",2,0,1,0,1,0,0,,"Calle",,"ROSARIO","Rosario","Asfalto","S/D","II","S/D","Urbana","S/D","S/D","Intersección","S/D","S/D","Diurna","Buen Tiempo","S/D","S/D","Atropello","S/D","S/D","S/D","S/D"
2014,545,15/01/2014,"Miercoles",0,,,"0.0",2,"Moto/Ciclomotor,Otros","Av. Eva Peron Y Rodo",2,1,0,0,1,0,0,,"Calle",,"ROSARIO","Rosario","Asfalto","S/D","II","Dentro","Urbana","Ninguna","No existe","Recta","Bueno","S/D","S/D","S/D","Frontal","S/D","Colisión","S/D","Horizontal","Ninguna","Sin restricción"
2014,546,03/01/2014,"Viernes",0,08:30:00,,"0.0",2,"Bicicleta,Automóvil","3 De Febrero 4600",2,1,0,0,1,0,0,,"Calle",,"ROSARIO","Rosario","Asfalto","S/D","II","S/D","Urbana","S/D","S/D","Recta","S/D","S/D","Diurna","S/D","S/D","S/D","Atropello","S/D","S/D","S/D","S/D"
2014,547,03/01/2014,"Viernes",0,09:30:00,,"0.0",2,"Moto/Ciclomotor,Pickup/Utilitario","San Nicolas 1300",2,1,0,0,1,0,0,,"Calle",,"ROSARIO","Rosario","Asfalto","S/D","II","S/D","Urbana","S/D","S/D","Recta","S/D","S/D","S/D","S/D","S/D","S/D","Colisión","S/D","S/D","S/D","S/D"
2014,548,13/01/2014,"Lunes",0,,,"0.0",2,"Moto/Ciclomotor,Automóvil","Av. Provincias Unidas Y Junin",2,1,0,0,1,0,0,,"Avenida",,"ROSARIO","Rosario","Asfalto","S/D","II","Dentro","Urbana","Semáforo","Funciona","Recta","Bueno","S/D","S/D","S/D","Frontal","S/D","Colisión","S/D","Horizontal","Barrera de hormigón","Sin restricción"
2014,549,03/01/2014,"Viernes",0,15:00:00,,"0.0",2,"Moto/Ciclomotor,Pickup/Utilitario","Mendoza Y Vera Mujica",2,0,0,0,0,0,2,,"Calle",,"ROSARIO","Rosario","Asfalto","S/D","II","S/D","Urbana","S/D","S/D","Intersección","S/D","S/D","S/D","S/D","S/D","S/D","S/D","S/D","S/D","S/D","S/D"
2014,550,10/01/2014,"Viernes",0,18:10:00,,"0.0",2,"Automóvil,Moto/Ciclomotor","9 De Julio Y Pueyrredon",2,0,0,0,0,0,2,,"Calle",,"ROSARIO","Rosario","Asfalto","S/D","II","S/D","Urbana","S/D","S/D","Intersección","S/D","S/D","Diurna","S/D","S/D","S/D","Colisión","S/D","S/D","S/D","S/D"
2014,551,15/01/2014,"Miercoles",0,20:10:00,,"0.0",2,"Moto/Ciclomotor,Pickup/Utilitario","Casilda Y Nicaragua",3,1,1,0,1,0,0,,"Calle",,"ROSARIO","Rosario","Asfalto","No existe","II","Dentro","Urbana","Ninguna","No existe","Recta","Deteriorada","S/D","Atardecer","S/D","Frontal","S/D","Colisión","S/D","S/D","Ninguna","Sin restricción"
2014,552,02/01/2014,"Jueves",0,11:30:00,,"0.0",2,"Automóvil,Moto/Ciclomotor","Camilo Aldao Y French",3,2,0,0,1,0,0,,"Calle",,"ROSARIO","Rosario","Asfalto","No existe","II","Dentro","Urbana","Ninguna","No existe","Intersección","S/D","S/D","Diurna","S/D","Lateral","S/D","Colisión","S/D","Faltante","Ninguna","Sin restricción"
2014,553,05/01/2014,"Domingo",0,14:00:00,,"0.0",2,"Automóvil,Moto/Ciclomotor","Navarro Y Magallanes",3,2,0,0,1,0,0,,"Calle",,"ROSARIO","Rosario","Asfalto","S/D","II","Dentro","Urbana","Ninguna","S/D","Intersección","S/D","S/D","Diurna","S/D","Lateral","S/D","Colisión","S/D","Faltante","Ninguna","Sin restricción"
2014,554,07/01/2014,"Martes",0,13:00:00,,"0.0",2,"Pickup/Utilitario,Moto/Ciclomotor","ALBERDI Y JUAN DOMINGO PERON",2,1,0,0,1,0,0,,"Calle",,"PUEBLO ESTHER","Rosario","Asfalto","Pavimento","II","S/D","Urbana","Ninguna","No existe","Recta","Bueno","Buena","Diurna","Buen Tiempo","Lateral","S/D","Colisión","S/D","Faltante","Línea divisoria pintada","Sin restricción"