"anio_acci","nro_acci","fecha","desc_dia","fecha_aprox","hora_aprox","desc_ruta","km","cant_participantes","desc_participante","calle_avenida_km","total","heridos_leves","heridos_graves","heridos_gravisimos","ilesos","fallecidos","sin_datos","posicion_XY","desc_tipo_via","desc_ruta_ori","desc_loc","desc_dpto","desc_tipo_calzada","desc_tipo_banquina","desc_unidad_regional","desc_lugar_calzada","desc_zona","desc_prioridad","desc_estado_semaforo","desc_lugar_via","desc_estado_via","desc_estado_visibilidad","desc_luminosidad","desc_estado_clima","desc_tipo_colision","desc_tipo_atropello","desc_tipo_hecho","desc_pres_calzada","desc_senializacion","desc_separacion_via","desc_restriccion"
2014,555,11/01/2014,"Sabado",0,,,"0.0",2,"Moto/Ciclomotor,Bicicleta","Av. Avellaneda B Y Santa Fe",2,1,0,0,1,0,0,,"Calle",,"ROSARIO","Rosario","S/D","No existe","II","S/D","Urbana","Ninguna","No existe","Intersección","S/D","S/D","S/D","S/D","Lateral","S/D","Colisión","S/D","Faltante","S/D","Sin restricción"
2014,556,08/01/2014,"Miercoles",0,19:30:00,"Ruta Provincial 21","0.0",2,"Automóvil,Moto/Ciclomotor"," ",2,1,0,0,1,0,0,,"Ruta",21,"PUEBLO ESTHER","Rosario","Asfalto","Pavimento","II","Dentro","Urbana","Ninguna","No existe","Intersección","Bueno","Buena","Atardecer","Buen Tiempo","Lateral","S/D","Colisión","Ninguna","Faltante","Línea divisoria pintada","Sin restricción"
2014,557,01/01/2014,"Miercoles",0,18:15:00,,"0.0",2,"Moto/Ciclomotor,Automóvil","Av Juan Domingo Peron Y Dorrego",2,1,0,0,1,0,0,,"Avenida",,"VILLA GOBERNADOR GÁLVEZ","Rosario","Asfalto","No existe","II","S/D","Urbana","Ninguna","No existe","Recta","Bueno","Buena","Diurna","Buen Tiempo","De alcance","S/D","Colisión","S/D","Faltante","Ninguna","Sin restricción"
2014,558,13/01/2014,"Lunes",0,14:00:00,,"0.0",2,"Automóvil,Moto/Ciclomotor","Santa Fe Y Moreno",2,1,0,0,1,0,0,,"Calle",,"FUNES","Rosario","Asfalto","S/D","II","Dentro","Urbana","Ninguna","No existe","Intersección","Bueno","Buena","Diurna","Buen Tiempo","Lateral","S/D","Colisión","Ninguna","S/D","Ninguna","Sin restricción"
2014,559,03/01/2014,"Viernes",0,19:45:00,,"0.0",2,"Moto/Ciclomotor,Automóvil","Av de Circunvalacion Y Cordoba",2,1,0,0,1,0,0,,"Calle",,"VILLA GOBERNADOR GÁLVEZ","Rosario","Asfalto","No existe","II","S/D","Urbana","Ninguna","No existe","Rotonda","Bueno","Buena","Atardecer,Con luz artificial","Buen Tiempo","De alcance","S/D","Colisión","S/D","Faltante","Ninguna","Sin restricción"
2014,560,07/01/2014,"Martes",0,05:20:00,,"0.0",2,"Bicicleta,Automóvil","Corrientes Y Alvear",3,2,0,0,0,0,1,,"Calle",,"VILLA GOBERNADOR GÁLVEZ","Rosario","Asfalto","No existe","II","S/D","Urbana","Ninguna","No existe","Recta","Bueno","Buena","Amanecer,Con luz artificial","Buen Tiempo","S/D","S/D","Atropello","S/D","Faltante","Ninguna","Sin restricción"
2014,561,02/01/2014,"Jueves",0,22:30:00,,"0.0",2,"Automóvil,Moto/Ciclomotor","Juan B Justo Y Fornieles",2,1,0,0,1,0,0,,"Calle",,"VILLA GOBERNADOR GÁLVEZ","Rosario","Asfalto","No existe","II","Dentro","Urbana","Ninguna","No existe","Recta","Con baches","Buena","Nocturna,Con luz artificial","Buen Tiempo","Lateral","S/D","Colisión","S/D","S/D","Ninguna","S/D"
2014,562,04/01/2014,"Sabado",0,06:45:00,"Ruta Nacional Gral. Juan Jose Valle","0.0",2,"Moto/Ciclomotor,Transporte de Pasajeros"," ",2,1,0,0,0,0,1,,"Ruta","Gral. Juan Jose Valle","VILLA GOBERNADOR GÁLVEZ","Rosario","Asfalto","Natural","II","Dentro","Rural","Ninguna","No existe","Recta","Con baches","Buena","Amanecer","Buen Tiempo","Lateral","S/D","Colisión","S/D","S/D","Cordón divisorio","S/D"
2014,563,01/01/2014,"Miercoles",0,19:55:00,,"0.0",2,"Moto/Ciclomotor,Automóvil","Av. Jorge Newbery Y Donado",5,5,0,0,0,0,0,,"Avenida",,"ROSARIO","Rosario","Asfalto","No existe","II","S/D","Urbana","S/D","No existe","Recta","S/D","S/D","S/D","S/D","S/D","S/D","S/D","S/D","S/D","S/D","S/D"
2014,564,08/01/2014,"Miercoles",0,03:00:00,"Ruta Provincial 22","0.0",2,"Bicicleta,Pickup/Utilitario","Moreno ",2,1,0,0,1,0,0,,"Ruta",22,"ALVEAR","Rosario","Asfalto","Natural","II","S/D","Rural","Ninguna","No existe","Intersección","Bueno","Buena","Nocturna","Buen Tiempo","S/D","S/D","Atropello","Ninguna","Horizontal,Vertical","Ninguna","Sin restricción"
2014,565,04/01/2014,"Sabado",0,14:20:00,"Ruta Nacional Gral. Juan Jose Valle","0.0",2,"Automóvil,Moto/Ciclomotor","RUTA CAMINO A CARGIL Y TIERRA DEL FUEGO",2,1,0,0,1,0,0,,"Ruta","Gral. Juan Jose Valle","VILLA GOBERNADOR GÁLVEZ","Rosario","Asfalto","Natural","II","Dentro","Urbana","Ninguna","No existe","Recta","Bueno","Buena","Diurna","Buen Tiempo","Lateral","S/D","Colisión","S/D","S/D","Cordón divisorio","S/D"
2014,566,03/01/2014,"Viernes",0,12:00:00,,"0.0",2,"Automóvil,Moto/Ciclomotor","Av. Circunvalacion Y Av. Pellegrini",2,1,0,0,1,0,0,,"Calle",,"ROSARIO","Rosario","Asfalto","No existe","II","Dentro","Urbana","S/D","No existe","Otro","Bueno","Buena","Diurna","Buen Tiempo","Lateral","S/D","Colisión","S/D","S/D","Cordón divisorio","Sin restricción"
2014,567,05/01/2014,"Domingo",0,17:10:00,,"0.0",2,"Moto/Ciclomotor,Automóvil","Mitre Y Garibaldi",2,1,0,0,1,0,0,,"Calle",,"VILLA GOBERNADOR GÁLVEZ","Rosario","Asfalto","No existe","II","Dentro","Urbana","Ninguna","No existe","Recta","Con baches","Buena","Diurna","Buen Tiempo","Lateral","S/D","Colisión","S/D","S/D","Ninguna","S/D"
2014,568,08/01/2014,"Miercoles",0,19:30:00,"Ruta Provincial 21","0.0",2,"Automóvil,Automóvil"," ",4,2,0,0,2,0,0,,"Ruta",21,"ROSARIO","Rosario","Asfalto","Natural","II","Dentro","Urbana","Semáforo","Funciona","Intersección","Bueno","Buena","Diurna","Buen Tiempo","De alcance","S/D","Colisión","Ninguna","Horizontal,Vertical","Ninguna","Sin restricción"
2014,570,08/01/2014,"Miercoles",0,19:20:00,,"0.0",1,"Moto/Ciclomotor","Av. Circunvalacion Y Mendoza",1,1,0,0,0,0,0,,"Calle",,"ROSARIO","Rosario","Asfalto","No existe","II","Dentro","Urbana","Ninguna","No existe","Intersección","Bueno","Buena","Nocturna","Buen Tiempo","S/D","S/D","Caída ocupante","S/D","S/D","Guardarrail","Sin restricción"
2014,571,06/01/2014,"Lunes",0,14:30:00,,"0.0",2,"Peatón,Transporte de Pasajeros","Av Filipini Y Soldado Aguirre",2,1,0,0,0,0,1,,"Calle",,"VILLA GOBERNADOR GÁLVEZ","Rosario","Asfalto","No existe","II","Dentro","Urbana","Ninguna","No existe","Recta","Con baches","Buena","Diurna","Buen Tiempo","S/D","S/D","Atropello","S/D","S/D","Ninguna","S/D"
2014,572,05/01/2014,"Domingo",0,20:45:00,,"0.0",2,"Moto/Ciclomotor,Automóvil","Av. Jorge Newbery Y Donado",2,1,0,0,1,0,0,,"Avenida",,"ROSARIO","Rosario","Asfalto","Pavimento","II","S/D","S/D","S/D","No existe","Intersección","S/D","S/D","Nocturna","S/D","S/D","S/D","S/D","S/D","S/D","S/D","S/D"
2014,573,07/01/2014,"Martes",0,23:30:00,,"0.0",1,"Automóvil","Mitre Y Av Gral San Martin",2,1,0,0,1,0,0,,"Calle",,"VILLA GOBERNADOR GÁLVEZ","Rosario","Asfalto","No existe","II","Dentro","Urbana","Ninguna","No existe","Intersección","Con baches","Buena","Nocturna,Con luz artificial","Buen Tiempo","Contra objeto fijo","S/D","Colisión","S/D","S/D","Ninguna","S/D"
2014,574,02/01/2014,"Jueves",0,22:15:00,,"0.0",2,"Moto/Ciclomotor,Automóvil","San Martin Y Av. Circunvalacion",2,1,0,0,1,0,0,,"Avenida",,"ROSARIO","Rosario","Asfalto","No existe","II","Dentro","Urbana","Ninguna","No existe","Recta","Bueno","Buena","Nocturna","Buen Tiempo","Lateral","S/D","Colisión","Otro","Faltante","Ninguna","Sin restricción"
2014,575,13/01/2014,"Lunes",0,,,"0.0",2,"Moto/Ciclomotor,Automóvil","J.B.Justo Y Gonzalez del Solar",3,1,0,0,2,0,0,,"Calle",,"ROSARIO","Rosario","Asfalto","No existe","II","Dentro","Urbana","S/D","No existe","Intersección","S/D","S/D","S/D","S/D","S/D","S/D","S/D","S/D","S/D","S/D","S/D"
2014,576,08/01/2014,"Miercoles",0,20:20:00,,"0.0",2,"Moto/Ciclomotor,Automóvil","Av Filipini Y Bordabhere",3,1,0,0,1,0,1,,"Calle",,"VILLA GOBERNADOR GÁLVEZ","Rosario","Asfalto","No existe","II","Dentro","Urbana","Ninguna","No existe","Recta","Con baches","Buena","Atardecer","Buen Tiempo","S/D","S/D","Atropello","S/D","S/D","Ninguna","S/D"
2014,577,03/01/2014,"Viernes",0,08:10:00,,"0.0",2,"Moto/Ciclomotor,Camión","MENDOZA Y JUAN PABLO II",2,1,0,0,1,0,0,,"Calle",,"ROSARIO","Rosario","Asfalto","No existe","II","Dentro","Urbana","Semáforo","Funciona","Intersección","Bueno","Buena","Nocturna,Con luz artificial","Buen Tiempo","Lateral","S/D","Colisión","S/D","S/D","Cordón divisorio","Sin restricción"
2014,578,11/01/2014,"Sabado",0,12:00:00,,"0.0",2,"Automóvil,Pickup/Utilitario","Soldado Aguirre Y Buenos Aires",3,1,0,0,2,0,0,,"Avenida",,"VILLA GOBERNADOR GÁLVEZ","Rosario","Asfalto","No existe","II","Dentro","Urbana","Ninguna","Funciona","Recta","Con baches","Buena","Diurna","Buen Tiempo","S/D","S/D","Colisión","S/D","Vertical","Cordón divisorio","S/D"
2014,579,07/01/2014,"Martes",0,18:00:00,,"0.0",2,"Moto/Ciclomotor,Automóvil","Av Gral San Martin Y Belgrano",2,1,0,0,1,0,0,,"Calle",,"VILLA GOBERNADOR GÁLVEZ","Rosario","Asfalto","No existe","II","Dentro","Urbana","Semáforo","Funciona","Recta","Bueno","Buena","Diurna","Buen Tiempo","Lateral","S/D","Colisión","Otro","Faltante","Ninguna","Sin restricción"
2014,580,03/01/2014,"Viernes",0,13:30:00,,"0.0",2,"Moto/Ciclomotor,Automóvil","Santiago Y Jujuy",2,1,0,0,0,0,1,,"Calle",,"ROSARIO","Rosario","Asfalto","S/D","II","Dentro","Urbana","Ninguna","No existe","Intersección","Bueno","Buena","Diurna","Buen Tiempo","Lateral","S/D","Colisión","S/D","Faltante","Ninguna","Sin restricción"
2014,581,07/01/2014,"Martes",0,10:20:00,,"0.0",2,"Automóvil,Automóvil","Av Gral San Martin ",2,1,0,0,1,0,0,,"Avenida",,"VILLA GOBERNADOR GÁLVEZ","Rosario","Asfalto","No existe","II","Dentro","Urbana","Ninguna","No existe","Recta","Bueno","Buena","Diurna","Buen Tiempo","Lateral","S/D","Colisión","Otro","Faltante","Ninguna","Sin restricción"
2014,582,10/01/2014,"Viernes",0,13:30:00,,"0.0",2,"Pickup/Utilitario,Moto/Ciclomotor","Casiano Casas Y Esquivel",2,1,0,0,1,0,0,,"Calle",,"ROSARIO","Rosario","Asfalto","No existe","II","S/D","Urbana","Semáforo","Funciona","Intersección","Bueno","Buena","Diurna","Buen Tiempo","Lateral","S/D","Colisión","S/D","Vertical","Ninguna","Sin restricción"
2014,583,23/02/2014,"Domingo",0,15:15:00,,"0.0",2,"Moto/Ciclomotor,Automóvil","San Martin Y Belgrano",2,0,1,0,1,0,0,,"Calle",,"VILLA TRINIDAD","San Cristóbal","Hormigón","No existe","XIII","Dentro","Urbana","Ninguna","No existe","Intersección","Bueno","Buena","Diurna","Buen Tiempo","Lateral","S/D","Colisión","S/D","Horizontal","Ninguna","Sin restricción"
2014,584,02/01/2014,"Jueves",0,04:45:00,,"0.0",2,"Moto/Ciclomotor,Taxi/Remis","Urquiza Y Balcarce",2,1,0,0,1,0,0,,"Calle",,"ROSARIO","Rosario","Asfalto","S/D","II","Dentro","Urbana","Ninguna","No existe","Intersección","Bueno","Buena","Diurna,Con luz artificial","Buen Tiempo","Frontal","S/D","Colisión","S/D","S/D","S/D","Sin restricción"
2014,585,08/01/2014,"Miercoles",0,22:00:00,,"0.0",2,"Moto/Ciclomotor,Automóvil","Av Gral San Martin 2100",3,2,0,0,1,0,0,,"S/D",,"VILLA GOBERNADOR GÁLVEZ","Rosario","Asfalto","No existe","II","Dentro","Urbana","Ninguna","No existe","Otro","Bueno","Buena","Nocturna","Otro","Lateral","S/D","Colisión","Otro","Faltante","Ninguna","Sin restricción"
2014,586,01/01/2014,"Miercoles",0,19:20:00,,"0.0",1,"Automóvil","ZONA RURAL ",2,1,0,0,1,0,0,,"Camino Rural",,"VILLA TRINIDAD","San Cristóbal","Arena","No existe","XIII","Fuera","Rural","Ninguna","No existe","Recta","Bueno","Buena","Atardecer","Buen Tiempo","S/D","S/D","Vuelco","Material Suelto","Faltante","Ninguna","Sin restricción"
2014,587,01/01/2014,"Miercoles",1,19:25:00,,"0.0",2,"Moto/Ciclomotor,Automóvil","El Aguaribay 325",2,2,0,0,0,0,0,,"Calle",,"PEREZ","Rosario","Ripio","No existe","II","S/D","Urbana","Ninguna","No existe","Recta","Deteriorada","Buena","Atardecer","Buen Tiempo","Lateral","S/D","Colisión","S/D","Faltante","Ninguna","Sin restricción"
2014,588,01/01/2014,"Miercoles",0,,,"0.0",2,"Moto/Ciclomotor,Otros","J C Orsetti ",2,1,0,0,1,0,0,,"Calle",,"GRANADERO BAIGORRIA","Rosario","Asfalto","No existe","II","Dentro","Urbana","Otra Señal","No existe","Recta","Bueno","Buena","Diurna","Buen Tiempo","Lateral","S/D","Colisión","Ninguna","Faltante","Cordón divisorio","Sin restricción"
2014,589,05/01/2014,"Domingo",0,05:40:00,"Ruta Provincial 23","0.0",1,"Automóvil"," ",1,1,0,0,0,0,0,,"Ruta",23,"VILLA TRINIDAD","San Cristóbal","Asfalto","Natural","XIII","Fuera","Rural","Ninguna","No existe","Curva","Bueno","Buena","Amanecer","Buen Tiempo","S/D","S/D","Vuelco,Despiste","S/D","Vertical","Línea divisoria pintada","Sin restricción"
2014,590,09/01/2014,"Jueves",0,04:00:00,,"0.0",2,"Automóvil,Otros","Calle s/n ",3,1,0,0,1,0,1,,"Calle",,"PEREZ","Rosario","Ripio","No existe","II","S/D","Urbana","Ninguna","No existe","Recta","Deteriorada","Buena","Nocturna","Buen Tiempo","Lateral","S/D","Colisión","S/D","Faltante","Ninguna","Sin restricción"
2014,591,18/01/2014,"Sabado",0,03:15:00,,"0.0",2,"Moto/Ciclomotor,Automóvil"," ",2,1,0,0,1,0,0,,"S/D",,"VILLA TRINIDAD","San Cristóbal","Asfalto","No existe","XIII","Dentro","Urbana","Ninguna","No existe","Intersección","Bueno","Buena","Nocturna,Con luz artificial","Buen Tiempo","Lateral","S/D","Colisión","S/D","Horizontal","Ninguna","Sin restricción"
2014,592,06/01/2014,"Lunes",0,10:45:00,,"0.0",2,"Moto/Ciclomotor,Otros","Ituzaingo Y Eva Peron",2,1,0,0,1,0,0,,"Calle",,"GRANADERO BAIGORRIA","Rosario","Asfalto","No existe","II","Dentro","Urbana","Ninguna","No existe","Recta","Bueno","Buena","Diurna","Buen Tiempo","Lateral","S/D","Colisión","Ninguna","Horizontal","Cordón divisorio","Sin restricción"
2014,593,06/01/2014,"Lunes",0,20:30:00,,"0.0",2,"Moto/Ciclomotor,Automóvil","Angel Carranza Y Derqui",6,5,0,0,1,0,0,,"S/D",,"ROSARIO","Rosario","Asfalto","No existe","II","S/D","Urbana","Ninguna","No existe","Intersección","Bueno","Buena","Nocturna,Con luz artificial","Buen Tiempo","Lateral","S/D","Colisión","Ninguna","S/D","Ninguna","Sin restricción"
2014,594,27/01/2014,"Lunes",0,10:45:00,,"0.0",2,"Bicicleta,Automóvil","Avenida de Mayo Y French y Berutti",2,1,0,0,1,0,0,,"Avenida",,"CERES","San Cristóbal","Asfalto","No existe","XIII","Dentro","Urbana","Otra Señal","No existe","Recta","Bueno","Buena","Diurna","Buen Tiempo","S/D","S/D","Atropello","Otro","Vertical","Vegetación","Sin restricción"
2014,595,06/01/2014,"Lunes",0,17:25:00,,"0.0",1,"Moto/Ciclomotor","Chile 100",2,2,0,0,0,0,0,,"Calle",,"GRANADERO BAIGORRIA","Rosario","Asfalto","No existe","II","Dentro","Urbana","Ninguna","No existe","Recta","Bueno","Buena","Diurna","Buen Tiempo","Atropello animal","S/D","Colisión","Ninguna","Faltante","Cordón divisorio","Sin restricción"
2014,596,06/01/2014,"Lunes",0,20:40:00,"Ruta Provincial 18","5.0",2,"Automóvil,Moto/Ciclomotor"," ",2,0,1,0,1,0,0,,"Ruta",18,"PIÑERO","Rosario","Asfalto","Natural","II","Dentro","Urbana","Ninguna","No existe","Recta","Bueno","Buena","Nocturna","Buen Tiempo","Lateral","S/D","Colisión","Ninguna","Vertical","Línea divisoria pintada","Sin restricción"
2014,597,11/01/2014,"Sabado",0,00:40:00,,"0.0",1,"Moto/Ciclomotor","Hipolito Irigoyen ",1,0,1,0,0,0,0,,"Calle",,"GÁLVEZ","San Jerónimo","Tierra","S/D","XV","Fuera","Urbana","S/D","S/D","Otro","S/D","Buena","Nocturna","Buen Tiempo","S/D","S/D","Caída ocupante","S/D","S/D","S/D","Sin restricción"
2014,598,03/01/2014,"Viernes",0,07:15:00,"Ruta Nacional A012","9.0",2,"Moto/Ciclomotor,Moto/Ciclomotor"," ",2,1,1,0,0,0,0,,"Ruta","A012","PIÑERO","Rosario","Asfalto","Natural","II","Dentro","Urbana","S/D","No existe","Recta","Bueno","Buena","Diurna","Buen Tiempo","Lateral","S/D","Colisión","Ninguna","Vertical","Línea divisoria pintada","Sin restricción"
2014,599,07/01/2014,"Martes",0,10:00:00,,"0.0",2,"Peatón,Otros","Eva Peron Y Santiago  Liniers",2,1,0,0,1,0,0,,"Calle",,"GRANADERO BAIGORRIA","Rosario","Asfalto","No existe","II","Dentro","Urbana","Ninguna","No existe","Intersección","Bueno","Buena","Diurna,Con luz artificial","Buen Tiempo","S/D","S/D","Atropello","Ninguna","Faltante","Cordón divisorio","Sin restricción"
2014,600,11/01/2014,"Sabado",0,18:30:00,"Ruta Secundaria 80-s","0.0",1,"Moto/Ciclomotor","RP 80S FRENTE AL FRIGORIFICO SANTA INES MEAT ",1,0,1,0,0,0,0,,"Ruta","80-s","GÁLVEZ","San Jerónimo","Asfalto","Natural","XV","Fuera","Rural","Ninguna","No existe","Recta","Deteriorada","Buena","Atardecer","Buen Tiempo","S/D","S/D","Caída ocupante","Otro","Faltante","Línea divisoria pintada","Sin restricción"
2014,601,10/01/2014,"Viernes",0,11:15:00,,"0.0",2,"Pickup/Utilitario,Moto/Ciclomotor","Bvard Pueyrredon Y Carlos Pellegrii",3,2,0,0,1,0,0,,"Calle",,"CERES","San Cristóbal","Asfalto","No existe","XIII","Dentro","Urbana","Otra Señal","No existe","Intersección","Bueno","Buena","Diurna","Buen Tiempo","Lateral","S/D","Colisión","Otro","Vertical","Cordón divisorio,Vegetación","Sin restricción"
2014,602,08/01/2014,"Miercoles",0,14:20:00,,"0.0",1,"Moto/Ciclomotor","Av. Santa Fe 1900",1,1,0,0,0,0,0,,"Calle",,"GRANADERO BAIGORRIA","Rosario","Asfalto","No existe","II","S/D","Urbana","Ninguna","No existe","Recta","Bueno","Buena","Diurna","Buen Tiempo","Atropello animal","S/D","Colisión","Ninguna","Faltante","Cordón divisorio","Sin restricción"
2014,603,10/01/2014,"Viernes",0,12:45:00,"Ruta Provincial 14","9.0",2,"Automóvil,Pickup/Utilitario","Ruta Provincial 14 ",2,2,0,0,0,0,0,,"Ruta",14,"PIÑERO","Rosario","Asfalto","Natural","II","Dentro","Urbana","Ninguna","No existe","Recta","Bueno","Buena","Diurna","Buen Tiempo","Frontal","S/D","Colisión","Ninguna","Vertical","Línea divisoria pintada","Sin restricción"
2014,604,05/01/2014,"Domingo",0,21:15:00,,"0.0",2,"Automóvil,Moto/Ciclomotor","Mendoza 7500",5,1,0,0,4,0,0,,"Avenida",,"ROSARIO","Rosario","Asfalto","No existe","II","S/D","Urbana","Ninguna","No existe","Recta","Bueno","Buena","Nocturna,Con luz artificial","Buen Tiempo","Lateral","S/D","Colisión","Ninguna","S/D","Cordón divisorio","Sin restricción"
2014,605,29/01/2014,"Miercoles",0,10:40:00,,"0.0",2,"Pickup/Utilitario,Moto/Ciclomotor"," ",2,1,0,0,1,0,0,,"Calle",,"GÁLVEZ","San Jerónimo","Hormigón","Pavimento","XV","S/D","Urbana","Ninguna","No existe","Intersección","Bueno","Buena","Diurna","Buen Tiempo","Frontal","S/D","Colisión","Otro","Faltante","Ninguna","Sin restricción"
2014,606,04/01/2014,"Sabado",0,15:15:00,,"0.0",1,"Transporte de Pasajeros Urbano (> 8 asientos)","Palestina 2500",7,1,0,0,6,0,0,,"Calle",,"ROSARIO","Rosario","Asfalto","No existe","II","S/D","Urbana","Ninguna","No existe","Recta","Bueno","Buena","Diurna","Buen Tiempo","Contra objeto fijo","S/D","Colisión","Ninguna","Faltante","Ninguna","Sin restricción"
2014,607,17/01/2014,"Viernes",0,20:50:00,,"0.0",1,"Moto/Ciclomotor","CORDOBA Y BV SUIZO",2,2,0,0,0,0,0,,"Avenida",,"SAN GENARO","San Jerónimo","Asfalto","No existe","XV","S/D","Urbana","Ninguna","No existe","Intersección","Bueno","Buena","Con luz artificial","Buen Tiempo","Lateral","S/D","Colisión","Ninguna","Vertical","S/D","S/D"
2014,608,06/01/2014,"Lunes",0,13:30:00,,"0.0",2,"Automóvil,Moto/Ciclomotor","Av. Circunvalacion Y Pasco",4,3,0,0,1,0,0,,"Calle",,"ROSARIO","Rosario","Asfalto","No existe","II","S/D","Urbana","Ninguna","No existe","Recta","Bueno","Buena","Diurna","Buen Tiempo","S/D","S/D","Colisión","Ninguna","S/D","Guardarrail","Sin restricción"
2014,609,01/01/2014,"Miercoles",0,22:35:00,"Ruta Nacional 11","427.0",1,"Automóvil"," ",2,2,0,0,0,0,0,,"Ruta",11,"CORONDA","San Jerónimo","Asfalto","Natural","XV","Fuera","Rural","S/D","No existe","Recta","Bueno","Reducida","Nocturna","Buen Tiempo","Otro","S/D","Despiste","Ninguna","Faltante","Línea divisoria pintada","Sin restricción"
2014,610,21/01/2014,"Martes",0,10:40:00,,"0.0",2,"Camión,Moto/Ciclomotor","Av Falucho Y J J Paso",4,0,1,0,3,0,0,,"Avenida",,"CERES","San Cristóbal","Asfalto","No existe","XIII","Dentro","Urbana","Otra Señal","No existe","Intersección","Bueno","Buena","Diurna","Buen Tiempo","Frontal","S/D","Colisión","Otro","Vertical","Cordón divisorio","Sin restricción"
2014,611,31/01/2014,"Viernes",0,21:10:00,"Ruta Nacional 11","0.0",1,"Moto/Ciclomotor","Av L de la Torre-Ruta Nac 11 Y Pte. Roca",2,2,0,0,0,0,0,,"Ruta",11,"CORONDA","San Jerónimo","Asfalto","Natural","XV","Dentro","Urbana","S/D","No existe","Recta","Bueno","Buena","Diurna,Con luz artificial","Buen Tiempo","S/D","S/D","Caída ocupante","Ninguna","Faltante","Cordón divisorio","Sin restricción"
2014,612,13/01/2014,"Lunes",0,07:05:00,,"0.0",2,"Automóvil,Automóvil","Av. Belgrano Y Sgto Cabral",2,1,0,0,1,0,0,,"Avenida",,"ROSARIO","Rosario","Asfalto","No existe","II","Dentro","Urbana","S/D","Funciona","Intersección","S/D","Buena","Diurna","Buen Tiempo","Lateral","S/D","Colisión","S/D","Vertical","Cordón divisorio","Sin restricción"
2014,613,29/01/2014,"Miercoles",0,11:40:00,,"0.0",2,"Automóvil,Pickup/Utilitario"," ",3,1,0,0,2,0,0,,"Calle",,"GÁLVEZ","San Jerónimo","Hormigón","Pavimento","XV","Dentro","Urbana","Ninguna","No existe","Intersección","Bueno","Buena","Diurna","Buen Tiempo","Frontal","S/D","Colisión","Otro","Horizontal","Ninguna","Sin restricción"
2014,614,06/01/2014,"Lunes",0,16:00:00,,"0.0",2,"Automóvil,Bicicleta","Derqui Y Av. Circunvalacion",2,1,0,0,1,0,0,,"Calle",,"ROSARIO","Rosario","Asfalto","No existe","II","S/D","Urbana","Señal Pare","No existe","Intersección","Bueno","Buena","Diurna","Buen Tiempo","S/D","S/D","Atropello","Ninguna","Vertical","Ninguna","Sin restricción"
2014,615,13/01/2014,"Lunes",0,01:50:00,,"0.0",2,"Moto/Ciclomotor,Automóvil","Av. Illia Y España",2,1,0,0,1,0,0,,"Avenida",,"ROSARIO","Rosario","Asfalto","No existe","II","Dentro","Urbana","Ninguna","No existe","Intersección","Bueno","Buena","Nocturna,Con luz artificial","Buen Tiempo","Lateral","S/D","Colisión","S/D","Faltante","Ninguna","Sin restricción"
2014,616,29/01/2014,"Miercoles",0,12:00:00,,"0.0",1,"Moto/Ciclomotor","ITALIA Y ANA MARÍA TARES",1,1,0,0,0,0,0,,"Avenida",,"CERES","San Cristóbal","Asfalto","No existe","XIII","Dentro","Urbana","Otra Señal","No existe","Recta","Bueno","Buena","Diurna","Lluvia","Otro","S/D","Caída ocupante","Agua","Vertical","Vegetación","Sin restricción"
2014,617,12/01/2014,"Domingo",0,09:30:00,,"0.0",2,"Automóvil,Automóvil","Mariano Moreno Y Salta",3,1,0,0,2,0,0,,"Calle",,"ROSARIO","Rosario","Asfalto","No existe","II","Dentro","Urbana","Ninguna","No existe","Intersección","Bueno","Buena","Diurna","Buen Tiempo","Lateral","S/D","Colisión","S/D","Faltante","Ninguna","Sin restricción"
2014,618,12/01/2014,"Domingo",0,,,"0.0",2,"Moto/Ciclomotor,Pickup/Utilitario","Av. Circunvalacion Y Mendoza",3,1,0,0,2,0,0,,"Calle",,"ROSARIO","Rosario","Asfalto","Natural","II","Dentro","Urbana","Semáforo","Funciona","Recta","Bueno","Buena","Nocturna,Con luz artificial","Buen Tiempo","Otro","S/D","Colisión","Ninguna","S/D","Ninguna","Sin restricción"
2014,619,31/01/2014,"Viernes",0,11:30:00,,"0.0",2,"Automóvil,Otros","San Martin Y Cordoba",3,2,0,0,1,0,0,,"Calle",,"MACIEL","San Jerónimo","Asfalto","Pavimento","XV","Dentro","Urbana","Ninguna","No existe","Intersección","Bueno","Buena","Diurna","Buen Tiempo","Lateral","S/D","Colisión","S/D","Vertical","Ninguna","S/D"
2014,620,11/01/2014,"Sabado",0,01:25:00,,"0.0",2,"Taxi/Remis,Automóvil","Bv. Oroño Y Catamarca",5,4,0,0,1,0,0,,"Avenida",,"ROSARIO","Rosario","Asfalto","No existe","II","Dentro","Urbana","Ninguna","No existe","Intersección","Bueno","Buena","Nocturna,Con luz artificial","Buen Tiempo","Lateral","S/D","Colisión","S/D","Faltante","Ninguna","Sin restricción"