"anio_acci","nro_acci","fecha","desc_dia","fecha_aprox","hora_aprox","desc_ruta","km","cant_participantes","desc_participante","calle_avenida_km","total","heridos_leves","heridos_graves","heridos_gravisimos","ilesos","fallecidos","sin_datos","posicion_XY","desc_tipo_via","desc_ruta_ori","desc_loc","desc_dpto","desc_tipo_calzada","desc_tipo_banquina","desc_unidad_regional","desc_lugar_calzada","desc_zona","desc_prioridad","desc_estado_semaforo","desc_lugar_via","desc_estado_via","desc_estado_visibilidad","desc_luminosidad","desc_estado_clima","desc_tipo_colision","desc_tipo_atropello","desc_tipo_hecho","desc_pres_calzada","desc_senializacion","desc_separacion_via","desc_restriccion"
2014,621,13/01/2014,"Lunes",0,21:30:00,,"0.0",2,"Moto/Ciclomotor,Moto/Ciclomotor","Donado Y Gustavo Cochet",2,2,0,0,0,0,0,,"Calle",,"ROSARIO","Rosario","Asfalto","Pavimento","II","S/D","Urbana","Ninguna","No existe","Recta","Bueno","Buena","Nocturna,Con luz artificial","Buen Tiempo","Frontal","S/D","Colisión","Ninguna","S/D","Ninguna","Sin restricción"
2014,622,12/01/2014,"Domingo",0,11:00:00,,"0.0",2,"Automóvil,Automóvil"," ",6,5,0,0,1,0,0,,"S/D",,"TOSTADO","9 de Julio","Asfalto","Natural","XII","S/D","S/D","Ninguna","No existe","Intersección","Bueno","Buena","Diurna","Buen Tiempo","Lateral","S/D","Colisión","Material Suelto","Vertical","Guardarrail","Sin restricción"
2014,623,03/01/2014,"Viernes",0,04:05:00,"Ruta Nacional 34","14.0",2,"Camión,Camión"," ",2,0,1,0,1,0,0,,"Ruta",34,"LUIS PALACIOS","San Lorenzo","Asfalto","Pavimento","XVII","Dentro","Rural","Ninguna","No existe","Intersección","Bueno","Reducida","Nocturna,Con luz artificial","Lluvia","Lateral","S/D","Colisión","Agua","S/D","Línea divisoria pintada","Sin restricción"
2014,624,11/01/2014,"Sabado",0,00:05:00,,"0.0",2,"Automóvil,Automóvil","Bv. Oroño Y Catamarca",3,1,0,0,2,0,0,,"Avenida",,"ROSARIO","Rosario","Asfalto","No existe","II","Dentro","Urbana","Ninguna","No existe","Intersección","Bueno","Buena","Nocturna,Con luz artificial","Buen Tiempo","De alcance","S/D","Colisión","S/D","Faltante","Ninguna","Sin restricción"
2014,625,14/01/2014,"Martes",0,12:50:00,,"0.0",2,"Moto/Ciclomotor,Automóvil","Espora Y 12 de Octubre",3,1,0,0,2,0,0,,"Calle",,"VILLA GOBERNADOR GÁLVEZ","Rosario","Asfalto","No existe","II","S/D","Urbana","Ninguna","No existe","Recta","Bueno","Buena","Diurna","Buen Tiempo","Lateral","S/D","Colisión","Otro","Faltante","Ninguna","Sin restricción"
2014,626,14/01/2014,"Martes",0,17:00:00,"Ruta Nacional A012","0.0",1,"Moto/Ciclomotor"," ",1,1,0,0,0,0,0,,"Ruta","A012","RICARDONE","San Lorenzo","S/D","Ripio","XVII","S/D","Urbana","Ninguna","No existe","Recta","S/D","Buena","Diurna","Buen Tiempo","Otro","S/D","S/D","S/D","S/D","S/D","S/D"
2014,627,10/01/2014,"Viernes",0,08:50:00,,"0.0",2,"Automóvil,Pickup/Utilitario","Paraguay Y Av. Corrientes",2,1,0,0,1,0,0,,"Calle",,"ROSARIO","Rosario","Asfalto","No existe","II","Dentro","Urbana","Semáforo","Funciona","Intersección","Bueno","Buena","Diurna","Buen Tiempo","De alcance","S/D","Colisión","S/D","Vertical","Ninguna","Sin restricción"
2014,628,02/01/2014,"Jueves",0,20:40:00,,"0.0",2,"Bicicleta,Moto/Ciclomotor","Av San Martin Y Bv B Mitre",3,3,0,0,0,0,0,,"S/D",,"SAN LORENZO","San Lorenzo","Asfalto","S/D","XVII","S/D","Urbana","S/D","S/D","Recta","S/D","S/D","S/D","S/D","S/D","S/D","S/D","S/D","S/D","S/D","S/D"
2014,629,08/01/2014,"Miercoles",0,18:15:00,,"0.0",2,"Peatón,Taxi/Remis","Buenos Aires Y San Lorenzo",2,1,0,0,1,0,0,,"Calle",,"ROSARIO","Rosario","Asfalto","No existe","II","Dentro","Urbana","Ninguna","No existe","Recta","Bueno","Buena","Diurna","Buen Tiempo","S/D","S/D","Atropello","S/D","Faltante","Ninguna","Sin restricción"
2014,630,19/01/2014,"Domingo",0,21:15:00,,"0.0",1,"Moto/Ciclomotor","Belgrano Y Iglesias",1,1,0,0,0,0,0,,"Calle",,"VILLA GOBERNADOR GÁLVEZ","Rosario","S/D","No existe","II","Dentro","Urbana","Ninguna","No existe","Recta","Con baches","Reducida p/ objetos","Nocturna","Buen Tiempo","Lateral","S/D","Caída ocupante","Otro","Faltante","Ninguna","Obra en Construcción"
2014,631,14/01/2014,"Martes",0,20:25:00,,"0.0",2,"Moto/Ciclomotor,Automóvil","Alemania Y Irigoyen",2,1,0,0,1,0,0,,"S/D",,"SAN LORENZO","San Lorenzo","Asfalto","S/D","XVII","S/D","Urbana","S/D","S/D","Recta","S/D","S/D","S/D","S/D","S/D","S/D","S/D","S/D","S/D","S/D","S/D"
2014,632,04/01/2014,"Sabado",0,19:35:00,,"0.0",2,"Taxi/Remis,Moto/Ciclomotor","Tucuman Y Mariano Moreno",2,1,0,0,1,0,0,,"Calle",,"ROSARIO","Rosario","Asfalto","No existe","II","Dentro","Urbana","Ninguna","No existe","Intersección","Bueno","Buena","Atardecer,Con luz artificial","Buen Tiempo","Lateral","S/D","Colisión","S/D","Faltante","Ninguna","Sin restricción"
2014,633,21/01/2014,"Martes",0,08:00:00,,"0.0",2,"Moto/Ciclomotor,Automóvil","San Martin Y Av. Kennedy",2,1,0,0,1,0,0,,"Avenida",,"ROSARIO","Rosario","Asfalto","No existe","II","Dentro","Urbana","Ninguna","No existe","Recta","Bueno","Buena","Diurna","Buen Tiempo","Lateral","S/D","Colisión","Otro","Faltante","Ninguna","Sin restricción"
2014,634,18/01/2014,"Sabado",0,12:00:00,"Autopista Nacional Rosario -Cordoba","335.0",2,"Automóvil,Automóvil"," ",4,3,0,0,1,0,0,,"Autopista","Rosario -Cordoba","SAN JERÓNIMO SUR","San Lorenzo","Asfalto","No existe","XVII","Dentro","Rural","Ninguna","No existe","Recta","Bueno","Buena","Diurna","Buen Tiempo","De alcance","S/D","Colisión","Ninguna","Horizontal,Vertical","Vegetación","Sin restricción"
2014,635,23/01/2014,"Jueves",0,14:20:00,,"0.0",2,"Pickup/Utilitario,Moto/Ciclomotor","Av Gral San Martin Y Belgrano",2,1,0,0,1,0,0,,"Avenida",,"VILLA GOBERNADOR GÁLVEZ","Rosario","Asfalto","No existe","II","Dentro","Urbana","Ninguna","Funciona","Recta","Bueno","Buena","S/D","Buen Tiempo","Lateral","S/D","Colisión","Otro","Faltante","Ninguna","Sin restricción"
2014,636,05/01/2014,"Domingo",0,07:00:00,,"0.0",2,"Moto/Ciclomotor,Transporte de Pasajeros Larga Distancia (> 8 asientos)","San Lorenzo Y Mitre",3,2,0,0,1,0,0,,"Calle",,"ROSARIO","Rosario","Asfalto","No existe","II","Dentro","Urbana","Ninguna","No existe","Intersección","Bueno","Buena","Diurna,Con luz artificial","Buen Tiempo","Frontal","S/D","Colisión","S/D","Faltante","Ninguna","Sin restricción"
2014,637,26/01/2014,"Domingo",0,19:50:00,,"0.0",2,"Moto/Ciclomotor,Automóvil","Piazzola Y San Luis",3,2,0,0,1,0,0,,"S/D",,"ROSARIO","Rosario","Asfalto","No existe","II","S/D","S/D","Ninguna","No existe","Recta","Con baches","Buena","Nocturna","Buen Tiempo","Lateral","S/D","Colisión","Agua","Faltante","Ninguna","Sin restricción"
2014,638,10/01/2014,"Viernes",0,23:10:00,,"0.0",2,"Moto/Ciclomotor,Pickup/Utilitario","Av. Wheelwright Y Italia",4,0,1,0,3,0,0,,"Calle",,"ROSARIO","Rosario","Asfalto","No existe","II","Dentro","Urbana","Ninguna","No existe","Intersección","Bueno","Buena","Nocturna,Con luz artificial","Buen Tiempo","Lateral","S/D","Colisión","S/D","Faltante","Ninguna","Sin restricción"
2014,639,13/01/2014,"Lunes",0,,,"0.0",2,"Pickup/Utilitario,Otros","Pje 8 Y San Lorenzo",3,1,0,0,2,0,0,,"Calle",,"VILLA GOBERNADOR GÁLVEZ","Rosario","Hormigón","No existe","II","Dentro","Urbana","Ninguna","Intermitente","Intersección","Deteriorada","Buena","Diurna","S/D","S/D","S/D","Colisión","Otro","Faltante","Ninguna","Sin restricción"
2014,640,02/01/2014,"Jueves",0,07:30:00,"Autopista Nacional Rosario -Cordoba","313.0",1,"Automóvil","A Schiavon ",2,2,0,0,0,0,0,,"Autopista","Rosario -Cordoba","ROLDÁN","San Lorenzo","Asfalto","Natural","XVII","S/D","Rural","Ninguna","No existe","Recta","Bueno","Buena","Diurna","Buen Tiempo","Otro","S/D","Vuelco","S/D","Faltante","Vegetación","Sin restricción"
2014,641,15/01/2014,"Miercoles",0,16:55:00,"Autopista Nacional Rosario -Cordoba","356.0",1,"Automóvil"," ",5,2,0,0,3,0,0,,"Autopista","Rosario -Cordoba","CAÑADA DE GÓMEZ","Iriondo","Asfalto","Natural","X","Dentro","Rural","S/D","No existe","Recta","Bueno","S/D","Diurna","S/D","S/D","S/D","S/D","S/D","S/D","Guardarrail","S/D"
2014,642,15/01/2014,"Miercoles",0,17:30:00,,"0.0",1,"Automóvil","Galvez Y Misiones",1,1,0,0,0,0,0,,"Calle",,"ROLDÁN","San Lorenzo","Ripio","Natural","XVII","S/D","Urbana","Ninguna","No existe","Intersección","Bueno","Buena","Diurna","Buen Tiempo","Otro","S/D","Despiste","S/D","Faltante","Ninguna","Sin restricción"
2014,643,15/01/2014,"Miercoles",0,,,"0.0",2,"Moto/Ciclomotor,Pickup/Utilitario","Bv Sarmiento Y Bartolome Mitre",3,2,0,0,1,0,0,,"Calle",,"ROLDÁN","San Lorenzo","Asfalto","Pavimento","XVII","S/D","Urbana","Ninguna","No existe","Intersección","Bueno","Buena","Diurna","Buen Tiempo","Lateral","S/D","Colisión","S/D","S/D","Ninguna","Sin restricción"
2014,644,24/01/2014,"Viernes",0,13:00:00,,"0.0",1,"Automóvil","Soldado Aguirre 2400",3,1,0,0,2,0,0,,"Avenida",,"VILLA GOBERNADOR GÁLVEZ","Rosario","Asfalto","Pavimento","II","S/D","Urbana","Ninguna","Intermitente","Recta","Deteriorada","Buena","Diurna","Otro","Otro","S/D","Colisión","Otro","Faltante","Barrera de hormigón","Sin restricción"
2014,645,19/01/2014,"Domingo",0,06:50:00,"Autopista Nacional Rosario -Cordoba","0.0",1,"Automóvil"," ",2,2,0,0,0,0,0,,"Autopista","Rosario -Cordoba","ROLDÁN","San Lorenzo","Hormigón","Natural","XVII","S/D","Rural","Ninguna","No existe","Recta","Bueno","Buena","Diurna","Buen Tiempo","Otro","S/D","Vuelco","S/D","Faltante","Vegetación","Sin restricción"
2014,646,11/01/2014,"Sabado",0,18:15:00,"Autopista Nacional Rosario -Cordoba","357.0",1,"Automóvil"," ",4,4,0,0,0,0,0,,"Autopista","Rosario -Cordoba","CAÑADA DE GÓMEZ","Iriondo","Asfalto","Pavimento","X","S/D","Rural","Ninguna","No existe","Recta","Bueno","Buena","Atardecer","S/D","Contra objeto fijo","S/D","Despiste","S/D","S/D","Guardarrail","Sin restricción"
2014,647,22/01/2014,"Miercoles",0,07:40:00,,"0.0",1,"Moto/Ciclomotor","Urquiza Y Salta",1,1,0,0,0,0,0,,"Calle",,"ROLDÁN","San Lorenzo","Hormigón","Pavimento","XVII","S/D","Urbana","Ninguna","No existe","Intersección","Bueno","Buena","Diurna","Buen Tiempo","Otro","S/D","Caída ocupante","S/D","Faltante","Ninguna","Sin restricción"
2014,648,27/01/2014,"Lunes",0,09:00:00,"Ruta Nacional 9","326.0",2,"Moto/Ciclomotor,Moto/Ciclomotor","Ruta Nacional 9 Y Saavedra",2,1,0,0,1,0,0,,"Ruta",9,"ROLDÁN","San Lorenzo","Asfalto","Natural","XVII","S/D","Urbana","Ninguna","No existe","Recta","Bueno","Buena","Diurna","Buen Tiempo","Lateral","S/D","Colisión","S/D","S/D","Línea divisoria pintada","Sin restricción"
2014,649,19/01/2014,"Domingo",0,19:25:00,,"0.0",1,"Automóvil"," ",2,2,0,0,0,0,0,,"Camino Rural",,"VILLA ELOÍSA","Iriondo","Tierra","Natural","X","Fuera","Rural","Ninguna","No existe","Recta","Resbaladiza","Reducida polvo","Atardecer","Buen Tiempo","Otro","S/D","Vuelco","Otro","Vertical","Ninguna","Sin restricción"
2014,650,04/01/2014,"Sabado",0,12:00:00,,"0.0",2,"Automóvil,Moto/Ciclomotor"," ",2,1,0,0,1,0,0,,"Calle",,"BUSTINZA","Iriondo","S/D","S/D","X","S/D","Urbana","Ninguna","S/D","S/D","S/D","S/D","Diurna","Buen Tiempo","Lateral","S/D","Colisión","S/D","S/D","S/D","Sin restricción"
2014,651,09/01/2014,"Jueves",0,19:00:00,,"0.0",2,"Moto/Ciclomotor,Pickup/Utilitario","Ovidio Lagos Y Urquiza",2,1,0,0,1,0,0,,"Calle",,"CAÑADA DE GÓMEZ","Iriondo","Asfalto","No existe","X","Dentro","Urbana","Ninguna","No existe","Intersección","Bueno","Buena","Diurna","Buen Tiempo","Frontal","S/D","Colisión","S/D","S/D","Ninguna","Sin restricción"
2014,652,07/01/2014,"Martes",0,13:15:00,,"0.0",2,"Moto/Ciclomotor,Automóvil","Ovidio Lagos Y Callao",2,0,1,0,1,0,0,,"Calle",,"CAÑADA DE GÓMEZ","Iriondo","Asfalto","No existe","X","Dentro","Urbana","Ninguna","No existe","Intersección","Bueno","Buena","Diurna","Lluvia","Lateral","S/D","Colisión","Agua","S/D","Ninguna","Sin restricción"
2014,653,22/01/2014,"Miercoles",0,12:20:00,,"0.0",2,"Automóvil,Moto/Ciclomotor","Bv. Oroño Y Urquiza",2,1,0,0,1,0,0,,"Avenida",,"ROSARIO","Rosario","Asfalto","No existe","II","Dentro","Urbana","Ninguna","No existe","Intersección","Bueno","Buena","Diurna,Con luz artificial","Buen Tiempo","Lateral","S/D","Colisión","S/D","Faltante","Ninguna","Sin restricción"
2014,654,18/01/2014,"Sabado",0,11:45:00,,"0.0",2,"Automóvil,Moto/Ciclomotor","Blas Parera Y Fray Luis Beltran",3,2,0,0,1,0,0,,"Calle",,"FIRMAT","General López","Ripio","No existe","VIII","Dentro","Urbana","Ninguna","No existe","Intersección","Bueno","Buena","Diurna","Buen Tiempo","Lateral","S/D","Colisión","S/D","Faltante","S/D","Sin restricción"
2014,655,22/01/2014,"Miercoles",0,18:25:00,,"0.0",2,"Taxi/Remis,Automóvil","Tucuman Y Pte.Roca",2,1,0,0,1,0,0,,"Calle",,"ROSARIO","Rosario","Asfalto","No existe","II","Dentro","Urbana","Ninguna","No existe","Intersección","Bueno","Buena","Diurna","Buen Tiempo","De alcance","S/D","Colisión","S/D","Faltante","Ninguna","Sin restricción"
2014,656,17/01/2014,"Viernes",0,17:30:00,,"0.0",2,"Automóvil,Moto/Ciclomotor","Buenos Aires Y Mendoza",2,1,0,0,1,0,0,,"Calle",,"ROSARIO","Rosario","Asfalto","S/D","II","Dentro","Urbana","S/D","S/D","Intersección","Bueno","S/D","Diurna","Buen Tiempo","Lateral","S/D","Colisión","S/D","S/D","S/D","S/D"
2014,657,14/01/2014,"Martes",0,14:30:00,,"0.0",2,"Peatón,Automóvil","Av. Pellegrini Y San Martin",2,1,0,0,1,0,0,,"Calle",,"ROSARIO","Rosario","Asfalto","S/D","II","Dentro","Urbana","Semáforo","Funciona","Intersección","Bueno","Buena","Diurna","S/D","Otro","S/D","Atropello","S/D","Vertical","Cordón divisorio","Sin restricción"
2014,658,09/01/2014,"Jueves",0,18:20:00,,"0.0",1,"Moto/Ciclomotor","Mont Cenis Y Paraguay",2,2,0,0,0,0,0,,"Calle",,"ROSARIO","Rosario","Asfalto","S/D","II","S/D","Urbana","Ninguna","No existe","Recta","Bueno","Buena","Atardecer","Buen Tiempo","Contra objeto fijo","S/D","Colisión","Fluidos","S/D","Cordón divisorio","Sin restricción"
2014,659,25/01/2014,"Sabado",0,17:30:00,,"0.0",2,"Moto/Ciclomotor,Automóvil","Av. Provincias Unidas Y La Republica",2,1,0,0,1,0,0,,"Calle",,"ROSARIO","Rosario","Asfalto","No existe","II","Dentro","Urbana","Ninguna","No existe","Recta","Bueno","Buena","Diurna","Buen Tiempo","De alcance","S/D","Colisión","S/D","Horizontal","Ninguna","Sin restricción"
2014,660,09/01/2014,"Jueves",0,02:30:00,,"0.0",2,"Moto/Ciclomotor,Automóvil","E.Zeballos Y España",3,2,0,0,1,0,0,,"Calle",,"ROSARIO","Rosario","Asfalto","S/D","II","S/D","Urbana","Semáforo","Funciona","Intersección","Bueno","Buena","Nocturna,Con luz artificial","Buen Tiempo","Lateral","S/D","Colisión","S/D","Vertical","Cordón divisorio","Sin restricción"
2014,661,15/01/2014,"Miercoles",0,18:30:00,,"0.0",2,"Automóvil,Peatón","España Y Rioja",2,1,0,0,1,0,0,,"Calle",,"ROSARIO","Rosario","Asfalto","S/D","II","Dentro","Urbana","Marca Vial","No existe","Intersección","Bueno","Buena","Atardecer,Con luz artificial","Buen Tiempo","S/D","S/D","Atropello","S/D","Horizontal","Cordón divisorio","Sin restricción"
2014,662,31/01/2014,"Viernes",0,07:55:00,,"0.0",2,"Pickup/Utilitario,Moto/Ciclomotor","Av. Provincias Unidas Y Schweitzer",2,1,0,0,1,0,0,,"Calle",,"ROSARIO","Rosario","Asfalto","No existe","II","Dentro","Urbana","Ninguna","No existe","Cruce","Bueno","Buena","Diurna","Buen Tiempo","Lateral","S/D","Colisión","S/D","S/D","S/D","Sin restricción"
2014,663,16/01/2014,"Jueves",0,17:45:00,,"0.0",2,"Moto/Ciclomotor,Automóvil","Dorrego 1500",2,1,0,0,1,0,0,,"Calle",,"ROSARIO","Rosario","Asfalto","S/D","II","Dentro","Urbana","Ninguna","No existe","Recta","Con baches","Buena","Diurna,Con luz artificial","Buen Tiempo","Frontal","S/D","Colisión","S/D","Faltante","Cordón divisorio","Sin restricción"
2014,664,31/01/2014,"Viernes",0,21:55:00,,"0.0",3,"Automóvil,Moto/Ciclomotor,Automóvil","J.J.Paso Y Av. Provincias Unidas",4,2,0,0,2,0,0,,"Calle",,"ROSARIO","Rosario","Asfalto","No existe","II","Dentro","Urbana","Ninguna","No existe","Recta","Bueno","Buena","Nocturna","Buen Tiempo","Frontal","S/D","Colisión","S/D","S/D","Barrera de hormigón","Sin restricción"
2014,665,13/01/2014,"Lunes",0,15:30:00,,"0.0",2,"Pickup/Utilitario,Moto/Ciclomotor","Paraguay 700",2,1,0,0,1,0,0,,"Calle",,"ROSARIO","Rosario","Asfalto","S/D","II","Dentro","Urbana","Ninguna","No existe","Recta","Bueno","Buena","Diurna","Buen Tiempo","Frontal","S/D","Colisión","S/D","Faltante","Cordón divisorio","Sin restricción"
2014,666,24/01/2014,"Viernes",0,01:20:00,,"0.0",2,"Moto/Ciclomotor,Automóvil","Av. Corrientes 900",2,1,0,0,1,0,0,,"Calle",,"ROSARIO","Rosario","Asfalto","S/D","II","Dentro","Urbana","Ninguna","No existe","Recta","Bueno","Buena","Nocturna,Con luz artificial","Buen Tiempo","Frontal","S/D","Colisión","S/D","Faltante","Cordón divisorio","Sin restricción"
2014,667,13/01/2014,"Lunes",0,15:30:00,,"0.0",2,"Automóvil,Moto/Ciclomotor","Sarmiento 1200",3,1,0,0,2,0,0,,"Calle",,"ROSARIO","Rosario","Asfalto","S/D","II","Dentro","Urbana","S/D","No existe","Recta","Bueno","Buena","Diurna","Buen Tiempo","Frontal","S/D","Colisión","S/D","Faltante","Cordón divisorio","Sin restricción"
2014,668,22/01/2014,"Miercoles",0,11:20:00,,"0.0",2,"Automóvil,Automóvil","Montevideo 1800",4,1,0,0,3,0,0,,"Calle",,"ROSARIO","Rosario","Asfalto","S/D","II","Dentro","Urbana","Ninguna","No existe","Recta","Bueno","Buena","Diurna","Buen Tiempo","Frontal","S/D","Colisión","S/D","Faltante","Cordón divisorio","Sin restricción"
2014,669,22/01/2014,"Miercoles",0,18:30:00,,"0.0",2,"Taxi/Remis,Automóvil","Buenos Aires Y Av. Battle y Ordoñez",2,1,0,0,1,0,0,,"Avenida",,"ROSARIO","Rosario","Asfalto","No existe","II","Dentro","Urbana","Marca Vial","No existe","Intersección","Bueno","Buena","Diurna","Buen Tiempo","Lateral","S/D","Colisión","Ninguna","Horizontal","Cordón divisorio","Sin restricción"
2014,670,04/01/2014,"Sabado",0,12:00:00,,"0.0",2,"Automóvil,Moto/Ciclomotor","Mendoza 2000",2,1,0,0,1,0,0,,"Calle",,"ROSARIO","Rosario","Asfalto","S/D","II","Dentro","Urbana","Ninguna","No existe","Recta","Bueno","Buena","Diurna","Buen Tiempo","Frontal","S/D","Colisión","S/D","Faltante","Cordón divisorio","Sin restricción"
2014,671,22/01/2014,"Miercoles",0,11:30:00,,"0.0",2,"Moto/Ciclomotor,Automóvil","Rui Barbosa Y Sadi Carnot",2,1,0,0,0,0,1,,"Calle",,"ROSARIO","Rosario","Asfalto","No existe","II","Dentro","Urbana","Marca Vial","No existe","Recta","Bueno","Buena","Diurna","Buen Tiempo","Lateral","S/D","Colisión","Ninguna","Horizontal","Cordón divisorio","Sin restricción"
2014,672,11/01/2014,"Sabado",0,22:00:00,,"0.0",2,"Moto/Ciclomotor,Automóvil","San Martin Y 9 De Julio",2,1,0,0,1,0,0,,"Calle",,"ROSARIO","Rosario","Asfalto","S/D","II","Dentro","Urbana","Ninguna","No existe","Intersección","Bueno","Buena","Nocturna,Con luz artificial","Buen Tiempo","Lateral","S/D","Colisión","S/D","Faltante","Cordón divisorio","Sin restricción"
2014,673,10/01/2014,"Viernes",0,12:30:00,,"0.0",2,"Moto/Ciclomotor,Automóvil","E.Zeballos 2200",2,1,0,0,1,0,0,,"Calle",,"ROSARIO","Rosario","Asfalto","S/D","II","Dentro","Urbana","Ninguna","No existe","Recta","Bueno","Buena","Diurna","Buen Tiempo","Frontal","S/D","Colisión","S/D","Faltante","Cordón divisorio","Sin restricción"
2014,674,02/01/2014,"Jueves",0,13:30:00,,"0.0",2,"Automóvil,Automóvil","Av. Ovidio Lagos Y Av. Circunvalacion",2,1,0,0,1,0,0,,"Calle",,"ROSARIO","Rosario","Asfalto","S/D","II","S/D","Urbana","Semáforo","Funciona","Recta","Bueno","Buena","Diurna","Buen Tiempo","Lateral","S/D","Colisión","S/D","S/D","Barrera de hormigón","Obra en Construcción"
2014,675,11/01/2014,"Sabado",0,08:45:00,,"0.0",2,"Moto/Ciclomotor,Moto/Ciclomotor","Montevideo Y Italia",2,1,0,0,1,0,0,,"Calle",,"ROSARIO","Rosario","Asfalto","S/D","II","Dentro","Urbana","Ninguna","No existe","Intersección","Bueno","Buena","Diurna","Buen Tiempo","Lateral","S/D","Colisión","S/D","Faltante","Cordón divisorio","Sin restricción"
2014,676,12/01/2014,"Domingo",0,11:40:00,,"0.0",2,"Automóvil,Moto/Ciclomotor","Lamadrid Y Balcarce",3,2,0,0,1,0,0,,"S/D",,"ROSARIO","Rosario","Asfalto","S/D","II","Dentro","Urbana","S/D","S/D","Intersección","S/D","S/D","Diurna","S/D","S/D","S/D","S/D","S/D","S/D","S/D","S/D"
2014,677,24/01/2014,"Viernes",0,07:10:00,,"0.0",2,"Moto/Ciclomotor,Pickup/Utilitario","3 De Febrero Y San Martin",2,1,0,0,1,0,0,,"Calle",,"ROSARIO","Rosario","Asfalto","S/D","II","Dentro","Urbana","Ninguna","No existe","Intersección","Con baches","Buena","Diurna","Buen Tiempo","Lateral","S/D","Colisión","S/D","Faltante","Cordón divisorio","Sin restricción"
2014,678,04/01/2014,"Sabado",0,08:00:00,,"0.0",2,"Moto/Ciclomotor,Automóvil","Sanchez de Bustamante Y Alvarez Thomas",3,2,0,0,1,0,0,,"Calle",,"ROSARIO","Rosario","Asfalto","No existe","II","S/D","Urbana","Otra Señal","No existe","Recta","Bueno","Buena","Diurna","Buen Tiempo","Frontal","S/D","Colisión","S/D","Faltante","Ninguna","S/D"
2014,679,09/01/2014,"Jueves",0,22:10:00,,"0.0",2,"Moto/Ciclomotor,Automóvil","Bv. Oroño Y Santa Fe",3,2,0,0,1,0,0,,"Avenida",,"ROSARIO","Rosario","Asfalto","S/D","II","Dentro","Urbana","Semáforo","Funciona","Recta","Bueno","Buena","Nocturna,Con luz artificial","Buen Tiempo","Frontal","S/D","Colisión","S/D","Vertical","Cordón divisorio","Sin restricción"
2014,680,05/01/2014,"Domingo",0,07:20:00,,"0.0",2,"Automóvil,Automóvil","San Juan Y Sarmiento",4,2,0,0,2,0,0,,"Calle",,"ROSARIO","Rosario","Asfalto","S/D","II","Dentro","Urbana","Ninguna","No existe","Intersección","Bueno","Buena","Diurna","Buen Tiempo","Lateral","S/D","Colisión","S/D","Faltante","S/D","Sin restricción"
2014,681,12/01/2014,"Domingo",0,,,"0.0",2,"Moto/Ciclomotor,Automóvil","Av. Circunvalacion Y Av. Ovidio Lagos",2,1,0,0,1,0,0,,"Avenida",,"ROSARIO","Rosario","Asfalto","Pavimento","II","S/D","Urbana","Semáforo","Funciona","Recta","Bueno","Buena","S/D","Buen Tiempo","Lateral","S/D","Colisión","S/D","S/D","Barrera de hormigón","S/D"
2014,682,16/01/2014,"Jueves",0,07:45:00,,"0.0",2,"Automóvil,Moto/Ciclomotor"," ",2,1,0,0,1,0,0,,"Avenida",,"ROSARIO","Rosario","Asfalto","No existe","II","Dentro","Urbana","Ninguna","No existe","Intersección","Bueno","Buena","Diurna,Con luz artificial","Buen Tiempo","Lateral","S/D","Colisión","S/D","Faltante","Ninguna","Sin restricción"
2014,683,22/01/2014,"Miercoles",0,22:30:00,,"0.0",2,"Automóvil,Moto/Ciclomotor","Cazadores Y Mariano Moreno",3,2,0,0,1,0,0,,"Calle",,"ROSARIO","Rosario","S/D","S/D","II","Dentro","Urbana","S/D","S/D","Intersección","Bueno","S/D","Nocturna","S/D","S/D","S/D","S/D","S/D","S/D","S/D","S/D"
2014,684,20/01/2014,"Lunes",0,16:55:00,,"0.0",2,"Automóvil,Moto/Ciclomotor","Av. Pellegrini Y Entre Rios",2,1,0,0,1,0,0,,"Avenida",,"ROSARIO","Rosario","Asfalto","S/D","II","Dentro","Urbana","Ninguna","No existe","Intersección","Bueno","Buena","Diurna","Buen Tiempo","Lateral","S/D","Colisión","S/D","Faltante","S/D","Sin restricción"
2014,685,19/01/2014,"Domingo",0,18:00:00,,"0.0",2,"Moto/Ciclomotor,Automóvil","Punta Del Indio ",3,2,0,0,1,0,0,,"Calle",,"ROSARIO","Rosario","Asfalto","Natural","II","Dentro","Urbana","Ninguna","No existe","Recta","Bueno","Buena","Diurna","Buen Tiempo","Lateral","S/D","Colisión","S/D","Faltante","Ninguna","Sin restricción"
2014,686,18/01/2014,"Sabado",0,21:05:00,,"0.0",2,"Moto/Ciclomotor,Automóvil","San Juan Y Bv. Oroño",2,1,0,0,1,0,0,,"Avenida",,"ROSARIO","Rosario","Asfalto","S/D","II","Dentro","Urbana","Ninguna","No existe","Recta","Bueno","Buena","Nocturna,Con luz artificial","Buen Tiempo","Frontal","S/D","Colisión","S/D","Faltante","S/D","Sin restricción"