"anio_acci","nro_acci","fecha","desc_dia","fecha_aprox","hora_aprox","desc_ruta","km","cant_participantes","desc_participante","calle_avenida_km","total","heridos_leves","heridos_graves","heridos_gravisimos","ilesos","fallecidos","sin_datos","posicion_XY","desc_tipo_via","desc_ruta_ori","desc_loc","desc_dpto","desc_tipo_calzada","desc_tipo_banquina","desc_unidad_regional","desc_lugar_calzada","desc_zona","desc_prioridad","desc_estado_semaforo","desc_lugar_via","desc_estado_via","desc_estado_visibilidad","desc_luminosidad","desc_estado_clima","desc_tipo_colision","desc_tipo_atropello","desc_tipo_hecho","desc_pres_calzada","desc_senializacion","desc_separacion_via","desc_restriccion"
2014,687,17/01/2014,"Viernes",0,17:00:00,,"0.0",2,"Taxi/Remis,Bicicleta","Tucuman Y Entre Rios",2,1,0,0,1,0,0,,"Calle",,"ROSARIO","Rosario","Asfalto","No existe","II","Dentro","Urbana","Ninguna","No existe","Intersección","Bueno","Buena","Diurna","Buen Tiempo","S/D","S/D","Atropello","S/D","Faltante","Ninguna","Sin restricción"
2014,688,19/01/2014,"Domingo",0,21:30:00,,"0.0",2,"Automóvil,Automóvil","P.L.Funes 2250",3,1,0,0,2,0,0,,"Calle",,"ROSARIO","Rosario","Asfalto","S/D","II","Dentro","Urbana","S/D","S/D","Recta","S/D","Buena","Nocturna","S/D","Otro","S/D","Colisión","S/D","S/D","S/D","S/D"
2014,689,12/01/2014,"Domingo",0,16:15:00,,"0.0",2,"Moto/Ciclomotor,Automóvil","Av. Arijon Y Callao",2,1,0,0,1,0,0,,"Calle",,"ROSARIO","Rosario","Asfalto","S/D","II","Dentro","Urbana","S/D","S/D","Recta","Bueno","S/D","Diurna","S/D","S/D","S/D","Colisión","S/D","S/D","S/D","S/D"
2014,690,29/01/2014,"Miercoles",0,08:15:00,,"0.0",2,"Moto/Ciclomotor,Automóvil","Mariano Moreno Y E.Zeballos",3,1,0,0,2,0,0,,"Calle",,"ROSARIO","Rosario","Asfalto","S/D","II","Dentro","Urbana","Ninguna","S/D","Intersección","Bueno","Buena","Diurna","Buen Tiempo","Lateral","S/D","Colisión","S/D","Faltante","S/D","Sin restricción"
2014,691,10/01/2014,"Viernes",0,09:45:00,,"0.0",2,"Moto/Ciclomotor,Pickup/Utilitario","San Luis Y Bv. Oroño",2,1,0,0,1,0,0,,"Avenida",,"ROSARIO","Rosario","Asfalto","S/D","II","Dentro","Urbana","Semáforo","Funciona","Intersección","Bueno","Buena","Diurna","Buen Tiempo","Frontal","S/D","Colisión","S/D","Vertical","S/D","Sin restricción"
2014,692,27/01/2014,"Lunes",0,13:10:00,,"0.0",2,"Moto/Ciclomotor,Automóvil","Av. Ovidio Lagos Y Hilarion de la Quintana",2,1,0,0,1,0,0,,"Calle",,"ROSARIO","Rosario","Asfalto","Natural","II","S/D","Urbana","Otra Señal","No existe","Recta","Con baches","Buena","Diurna","Buen Tiempo","Lateral","S/D","Colisión","S/D","S/D","Ninguna","Sin restricción"
2014,693,18/01/2014,"Sabado",0,14:30:00,,"0.0",2,"Moto/Ciclomotor,Automóvil","Sarmiento Y Santa Fe",2,1,0,0,1,0,0,,"Calle",,"ROSARIO","Rosario","Asfalto","No existe","II","S/D","Urbana","Semáforo","Funciona","Intersección","Bueno","Buena","Con luz artificial","Buen Tiempo","Lateral","S/D","Colisión","S/D","Vertical","Ninguna","Sin restricción"
2014,694,14/01/2014,"Martes",0,02:30:00,,"0.0",2,"Taxi/Remis,Moto/Ciclomotor","Santa Fe Y Balcarce",4,3,0,0,1,0,0,"-32.942611111111,-60.651583333333","Calle",,"ROSARIO","Rosario","Asfalto","S/D","II","Dentro","Urbana","Semáforo","Funciona","Intersección","Bueno","Buena","Nocturna,Con luz artificial","Buen Tiempo","Lateral","S/D","Colisión","S/D","Vertical","S/D","Sin restricción"
2014,695,23/01/2014,"Jueves",0,09:00:00,,"0.0",2,"Automóvil,Moto/Ciclomotor","Brown Y Pje. Ramirez",2,1,0,0,1,0,0,,"Calle",,"ROSARIO","Rosario","Asfalto","S/D","II","S/D","Urbana","S/D","S/D","Recta","S/D","Buena","Atardecer","S/D","S/D","S/D","S/D","S/D","S/D","S/D","S/D"
2014,696,18/01/2014,"Sabado",0,07:45:00,,"0.0",2,"Automóvil,Automóvil","Tucuman Y España",2,1,0,0,1,0,0,,"Calle",,"ROSARIO","Rosario","Asfalto","No existe","II","Dentro","Urbana","Ninguna","No existe","Intersección","Bueno","Buena","Diurna,Con luz artificial","Buen Tiempo","De alcance","S/D","Colisión","S/D","Faltante","Ninguna","Sin restricción"
2014,697,10/01/2014,"Viernes",0,16:00:00,,"0.0",2,"Moto/Ciclomotor,Automóvil","Bv. Oroño 6000",3,1,0,0,2,0,0,,"Avenida",,"ROSARIO","Rosario","Asfalto","S/D","II","Dentro","Urbana","S/D","S/D","S/D","Bueno","S/D","Diurna","Buen Tiempo","S/D","S/D","S/D","S/D","S/D","S/D","Accidente Previo"
2014,698,21/01/2014,"Martes",0,09:10:00,,"0.0",2,"Peatón,Automóvil","9 De Julio Y Alvear",2,1,0,0,1,0,0,,"Calle",,"ROSARIO","Rosario","Asfalto","S/D","II","Dentro","Urbana","Ninguna","No existe","Intersección","Bueno","Buena","Diurna","Buen Tiempo","S/D","S/D","Atropello","S/D","Faltante","S/D","Sin restricción"
2014,699,20/01/2014,"Lunes",0,10:00:00,,"0.0",2,"Taxi/Remis,Automóvil","Av. Wheelwright Y Pte.Roca",2,1,0,0,1,0,0,,"Avenida",,"ROSARIO","Rosario","Asfalto","No existe","II","Dentro","Urbana","Ninguna","No existe","Intersección","Bueno","Buena","Diurna,Con luz artificial","Buen Tiempo","Frontal","S/D","Colisión","S/D","Faltante","S/D","Sin restricción"
2014,700,09/01/2014,"Jueves",0,00:40:00,,"0.0",2,"Taxi/Remis,Moto/Ciclomotor","Av. Arijon Y Balcarce",3,2,0,0,1,0,0,,"Calle",,"ROSARIO","Rosario","Asfalto","S/D","II","S/D","Urbana","S/D","S/D","Intersección","Bueno","S/D","Nocturna","S/D","S/D","S/D","S/D","S/D","S/D","S/D","S/D"
2014,701,28/01/2014,"Martes",0,18:10:00,,"0.0",2,"Automóvil,Automóvil","Dorrego Y 9 De Julio",3,2,0,0,1,0,0,,"Calle",,"ROSARIO","Rosario","Asfalto","S/D","II","Dentro","Urbana","Ninguna","No existe","Intersección","Bueno","Buena","Diurna","Buen Tiempo","Lateral","S/D","Colisión","S/D","Vertical","S/D","Sin restricción"
2014,702,14/01/2014,"Martes",0,07:40:00,,"0.0",2,"Taxi/Remis,Moto/Ciclomotor"," ",3,2,0,0,1,0,0,,"Calle",,"ROSARIO","Rosario","S/D","S/D","II","Dentro","Urbana","S/D","S/D","S/D","S/D","S/D","S/D","S/D","S/D","S/D","S/D","S/D","S/D","S/D","S/D"
2014,703,05/01/2014,"Domingo",0,22:00:00,,"0.0",2,"Moto/Ciclomotor,Automóvil","Balcarce 5900",3,1,0,0,2,0,0,,"Calle",,"ROSARIO","Rosario","Asfalto","S/D","II","S/D","Urbana","S/D","S/D","S/D","Bueno","S/D","Nocturna","S/D","S/D","S/D","S/D","S/D","S/D","S/D","S/D"
2014,704,13/01/2014,"Lunes",0,16:45:00,,"0.0",2,"Peatón,Pickup/Utilitario","Pte.Roca Y Av. Pellegrini",2,1,0,0,1,0,0,,"Avenida",,"ROSARIO","Rosario","Asfalto","S/D","II","Dentro","Urbana","Semáforo","Funciona","Intersección","Bueno","Buena","Diurna","Buen Tiempo","S/D","S/D","Atropello","S/D","Vertical","Cordón divisorio","Sin restricción"
2014,705,19/04/2014,"Sabado",0,03:00:00,,"0.0",2,"Automóvil,Automóvil","Catamarca Y Pte.Roca",2,1,0,0,1,0,0,,"Calle",,"ROSARIO","Rosario","Asfalto","No existe","II","Dentro","Urbana","Ninguna","No existe","Intersección","Bueno","Buena","Nocturna,Con luz artificial","Buen Tiempo","Lateral","S/D","Colisión","S/D","Faltante","Ninguna","Sin restricción"
2014,706,13/01/2014,"Lunes",0,17:50:00,,"0.0",2,"Moto/Ciclomotor,Automóvil","Av. Battle y Ordoñez Y Italia",3,2,0,0,1,0,0,,"Calle",,"ROSARIO","Rosario","Asfalto","S/D","II","Dentro","Urbana","S/D","S/D","Recta","Bueno","Buena","Diurna","Buen Tiempo","S/D","S/D","S/D","S/D","S/D","S/D","S/D"
2014,707,07/01/2014,"Martes",0,10:45:00,,"0.0",2,"Bicicleta,Automóvil","Cazadores Y Tabares",2,1,0,0,0,0,1,,"S/D",,"ROSARIO","Rosario","S/D","S/D","II","Dentro","Urbana","S/D","S/D","S/D","S/D","S/D","S/D","S/D","S/D","S/D","Atropello","S/D","S/D","S/D","S/D"
2014,708,29/01/2014,"Miercoles",0,16:00:00,,"0.0",2,"Peatón,Taxi/Remis","Cordoba Y Entre Rios",2,1,0,0,1,0,0,,"Calle",,"ROSARIO","Rosario","Asfalto","S/D","II","S/D","Urbana","Paso Peatonal","No existe","Intersección","Bueno","Buena","Diurna","Buen Tiempo","S/D","S/D","Atropello","S/D","Horizontal","S/D","Sin restricción"
2014,709,14/01/2014,"Martes",0,14:55:00,,"0.0",1,"Transporte de Pasajeros Urbano (> 8 asientos)","San Lorenzo ",2,1,0,0,1,0,0,,"S/D",,"ROSARIO","Rosario","Asfalto","No existe","II","Dentro","Urbana","Ninguna","No existe","Intersección","Bueno","Buena","Diurna","Buen Tiempo","S/D","S/D","Caída ocupante","S/D","Faltante","Ninguna","Sin restricción"
2014,710,14/01/2014,"Martes",0,21:50:00,,"0.0",2,"Moto/Ciclomotor,Automóvil","Dorrego Y Madre Cabrini",3,2,0,0,1,0,0,,"Calle",,"ROSARIO","Rosario","Asfalto","S/D","II","Dentro","Urbana","S/D","S/D","Recta","Bueno","Buena","Nocturna","S/D","S/D","S/D","Colisión","S/D","S/D","S/D","S/D"
2014,711,29/01/2014,"Miercoles",0,21:50:00,,"0.0",2,"Peatón,Moto/Ciclomotor","Mitre 1000",2,1,0,0,1,0,0,,"Calle",,"ROSARIO","Rosario","Asfalto","S/D","II","S/D","Urbana","Ninguna","No existe","Recta","Bueno","Buena","Nocturna,Con luz artificial","Buen Tiempo","S/D","S/D","Atropello","S/D","Faltante","S/D","Sin restricción"
2014,712,20/01/2014,"Lunes",0,13:00:00,,"0.0",2,"Moto/Ciclomotor,Peatón"," ",2,1,0,0,1,0,0,,"Calle",,"ROSARIO","Rosario","S/D","Pavimento","II","Dentro","Urbana","S/D","S/D","Intersección","S/D","S/D","Diurna","S/D","S/D","S/D","Atropello","S/D","S/D","S/D","S/D"
2014,713,13/01/2014,"Lunes",0,11:10:00,,"0.0",2,"Automóvil,Automóvil","Tucuman Y Dorrego",2,1,0,0,1,0,0,,"Calle",,"ROSARIO","Rosario","Asfalto","No existe","II","Dentro","Urbana","Ninguna","No existe","Intersección","Bueno","Buena","Diurna","Buen Tiempo","Lateral","S/D","Colisión","S/D","Faltante","Ninguna","Sin restricción"
2014,714,09/01/2014,"Jueves",0,03:00:00,,"0.0",2,"Taxi/Remis,Moto/Ciclomotor","San Luis 1200",3,2,0,0,1,0,0,,"Calle",,"ROSARIO","Rosario","Asfalto","S/D","II","Dentro","Urbana","Ninguna","No existe","Recta","Con baches","Reducida","Nocturna,Con luz artificial","Buen Tiempo","Frontal","S/D","Colisión","S/D","Faltante","S/D","Sin restricción"
2014,715,17/01/2014,"Viernes",0,22:30:00,,"0.0",2,"Moto/Ciclomotor,Moto/Ciclomotor","Av. Battle y Ordoñez Y Italia",3,2,0,0,1,0,0,,"S/D",,"ROSARIO","Rosario","Asfalto","S/D","II","S/D","S/D","S/D","S/D","Intersección","Bueno","Buena","Nocturna","S/D","S/D","S/D","Colisión","S/D","S/D","S/D","S/D"
2014,716,26/01/2014,"Domingo",0,23:30:00,,"0.0",2,"Moto/Ciclomotor,Automóvil","Bv. Segui Y San Nicolas",2,1,0,0,1,0,0,,"Avenida",,"ROSARIO","Rosario","Asfalto","No existe","II","Dentro","Urbana","Semáforo","Funciona","Intersección","Bueno","Buena","Nocturna","Buen Tiempo","S/D","S/D","Colisión","Ninguna","Faltante","Cordón divisorio","Sin restricción"
2014,717,23/04/2014,"Miercoles",0,15:20:00,,"0.0",2,"Peatón,Automóvil","Urquiza Y Alvear",2,1,0,0,1,0,0,,"Calle",,"ROSARIO","Rosario","Asfalto","No existe","II","Dentro","Urbana","Ninguna","No existe","Recta","Bueno","Buena","Diurna,Con luz artificial","Buen Tiempo","S/D","S/D","Atropello","S/D","Faltante","Ninguna","Sin restricción"
2014,718,14/01/2014,"Martes",0,20:20:00,,"0.0",2,"Peatón,Moto/Ciclomotor","Amenabar Y Av. Ovidio Lagos",2,1,0,0,1,0,0,,"Avenida",,"ROSARIO","Rosario","Asfalto","No existe","II","Dentro","Urbana","Ninguna","No existe","Intersección","Bueno","Buena","Nocturna","Buen Tiempo","S/D","S/D","Atropello","Ninguna","Faltante","Cordón divisorio","Sin restricción"
2014,719,24/01/2014,"Viernes",0,00:10:00,,"0.0",2,"Automóvil,Moto/Ciclomotor","Balcarce Y Tucuman",2,1,0,0,1,0,0,,"Calle",,"ROSARIO","Rosario","Asfalto","No existe","II","Dentro","Urbana","Ninguna","No existe","Intersección","Bueno","Buena","Nocturna,Con luz artificial","Buen Tiempo","Lateral","S/D","Colisión","S/D","Faltante","Ninguna","Sin restricción"
2014,720,21/01/2014,"Martes",0,23:00:00,,"0.0",2,"Moto/Ciclomotor,Tren","Bv. Segui Y Crespo",2,1,0,0,1,0,0,,"Avenida",,"ROSARIO","Rosario","Asfalto","No existe","II","Dentro","Urbana","Ninguna","No existe","Intersección","Bueno","Buena","Nocturna","Buen Tiempo","S/D","S/D","Colisión","Ninguna","Faltante","Cordón divisorio","Sin restricción"
2014,721,24/01/2014,"Viernes",0,15:20:00,,"0.0",2,"Automóvil,Automóvil","San Lorenzo Y Dorrego",3,1,0,0,2,0,0,,"Calle",,"ROSARIO","Rosario","Asfalto","No existe","II","Dentro","Urbana","Ninguna","No existe","Intersección","Bueno","Buena","Diurna,Con luz artificial","Buen Tiempo","Lateral","S/D","Colisión","S/D","Faltante","Ninguna","Sin restricción"
2014,722,23/04/2014,"Miercoles",0,18:30:00,,"0.0",2,"Moto/Ciclomotor,Automóvil","Pte.Quintana Y Pte.Roca",3,1,0,0,2,0,0,,"Calle",,"ROSARIO","Rosario","Asfalto","No existe","II","Dentro","Urbana","Ninguna","No existe","Intersección","Bueno","Buena","Diurna,Con luz artificial","Buen Tiempo","Lateral","S/D","Colisión","S/D","Faltante","Ninguna","Sin restricción"
2014,723,05/01/2014,"Domingo",0,01:40:00,,"0.0",2,"Automóvil,Automóvil","Bv. Segui Y Lavalle",6,6,0,0,0,0,0,,"Avenida",,"ROSARIO","Rosario","Asfalto","S/D","II","S/D","Urbana","Ninguna","S/D","Intersección","Bueno","S/D","S/D","Buen Tiempo","S/D","S/D","Colisión","Ninguna","Faltante","Cordón divisorio","Sin restricción"
2014,724,04/01/2014,"Sabado",0,14:55:00,,"0.0",2,"Moto/Ciclomotor,Automóvil"," ",3,2,0,0,0,0,1,,"Calle",,"ROSARIO","Rosario","Asfalto","No existe","II","Dentro","Urbana","Marca Vial","No existe","Intersección","Bueno","Buena","Diurna","Buen Tiempo","Lateral","S/D","Colisión","Otro","Horizontal","Cordón divisorio","Sin restricción"
2014,725,08/01/2014,"Miercoles",0,10:00:00,,"0.0",2,"Moto/Ciclomotor,Automóvil","Vera Mujica Y Dr.Rivas",3,1,0,0,2,0,0,,"Calle",,"ROSARIO","Rosario","Asfalto","No existe","II","Dentro","Urbana","Ninguna","No existe","Intersección","Deteriorada","Buena","Diurna","Buen Tiempo","S/D","S/D","Colisión","Ninguna","Faltante","Cordón divisorio","Sin restricción"
2014,726,08/01/2014,"Miercoles",0,11:00:00,,"0.0",2,"Moto/Ciclomotor,Automóvil","Bv. Segui Y Iriondo",2,1,0,0,1,0,0,,"Avenida",,"ROSARIO","Rosario","Asfalto","No existe","II","Dentro","Urbana","Ninguna","No existe","Intersección","Bueno","Buena","Diurna","Buen Tiempo","S/D","S/D","Colisión","Ninguna","Faltante","Cordón divisorio","Sin restricción"
2014,727,09/01/2014,"Jueves",0,12:15:00,,"0.0",2,"Moto/Ciclomotor,Automóvil","Pampero Y Lavalle",2,1,0,0,1,0,0,,"Calle",,"ROSARIO","Rosario","Asfalto","No existe","II","Dentro","Urbana","Ninguna","No existe","Intersección","Deteriorada","Buena","Diurna","Buen Tiempo","S/D","S/D","Colisión","Ninguna","Faltante","Vegetación","Sin restricción"
2014,728,04/01/2014,"Sabado",0,22:30:00,,"0.0",2,"Automóvil,Otros","Lainez Y Laprida",2,0,0,0,1,0,1,,"Calle",,"ROSARIO","Rosario","Asfalto","No existe","II","Dentro","Urbana","Marca Vial","No existe","Intersección","Bueno","Buena","Nocturna,Con luz artificial","Buen Tiempo","Lateral","S/D","Colisión","S/D","Horizontal","Cordón divisorio","Sin restricción"
2014,729,12/01/2014,"Domingo",0,19:00:00,,"0.0",2,"Moto/Ciclomotor,Automóvil","Bv. Avellaneda Y Gral.Mosconi",2,2,0,0,0,0,0,,"Avenida",,"ROSARIO","Rosario","Asfalto","S/D","II","Dentro","Urbana","Ninguna","S/D","Intersección","Bueno","S/D","S/D","Buen Tiempo","Frontal","S/D","Colisión","Ninguna","Faltante","Cordón divisorio","Sin restricción"
2014,730,02/01/2014,"Jueves",0,09:00:00,"Ruta Nacional Gral. Juan Jose Valle","0.0",2,"Moto/Ciclomotor,Transporte de Pasajeros Urbano (> 8 asientos)","San Martin 7200",2,1,0,0,1,0,0,,"Ruta","Gral. Juan Jose Valle","ROSARIO","Rosario","Asfalto","No existe","II","Dentro","Urbana","Marca Vial","No existe","Recta","Bueno","Buena","Diurna","Buen Tiempo","Lateral","S/D","Colisión","S/D","Horizontal","Cordón divisorio","Sin restricción"
2014,731,05/01/2014,"Domingo",0,20:00:00,,"0.0",2,"Moto/Ciclomotor,Automóvil","Cafferata Y 24 De Setiembre",3,0,0,0,1,0,2,,"Calle",,"ROSARIO","Rosario","Asfalto","No existe","II","Dentro","Urbana","S/D","No existe","Intersección","Bueno","Buena","Nocturna","Buen Tiempo","S/D","S/D","Colisión","Ninguna","Faltante","Ninguna","Sin restricción"
2014,732,02/01/2014,"Jueves",0,14:30:00,,"0.0",2,"Moto/Ciclomotor,Automóvil","Lainez Y Sadi Carnot",3,2,0,0,1,0,0,,"Calle",,"ROSARIO","Rosario","Asfalto","No existe","II","Dentro","Urbana","Marca Vial","No existe","Intersección","Bueno","Buena","Diurna","Buen Tiempo","Lateral","S/D","Colisión","S/D","Horizontal","Cordón divisorio","Sin restricción"
2014,733,15/01/2014,"Miercoles",0,16:30:00,,"0.0",2,"Transporte de Pasajeros Urbano (> 8 asientos),Automóvil","Bv. Segui 2800",4,3,0,0,0,0,1,,"Avenida",,"ROSARIO","Rosario","Asfalto","No existe","II","Dentro","Urbana","Ninguna","No existe","Recta","Bueno","Buena","Diurna","Buen Tiempo","Contra objeto fijo","S/D","Colisión","Ninguna","S/D","Cordón divisorio","Sin restricción"
2014,734,18/01/2014,"Sabado",0,13:20:00,,"0.0",2,"Taxi/Remis,Moto/Ciclomotor","Av. Battle y Ordoñez Y Melincue",2,1,0,0,1,0,0,,"Avenida",,"ROSARIO","Rosario","Asfalto","No existe","II","Dentro","Urbana","Marca Vial","No existe","Intersección","Bueno","Buena","Diurna","Buen Tiempo","Lateral","S/D","Colisión","S/D","Horizontal","Cordón divisorio","Sin restricción"
2014,735,20/01/2014,"Lunes",0,11:30:00,,"0.0",2,"Bicicleta,Automóvil","San Martin Y Leon",2,1,0,0,1,0,0,,"Avenida",,"ROSARIO","Rosario","Asfalto","No existe","II","Dentro","Urbana","Marca Vial","No existe","Intersección","Bueno","Buena","Diurna","Buen Tiempo","S/D","S/D","Atropello","S/D","Horizontal","Cordón divisorio","Sin restricción"
2014,736,17/01/2014,"Viernes",0,18:30:00,,"0.0",2,"Moto/Ciclomotor,Automóvil","Bv. Avellaneda Y Uruguay",2,1,0,0,1,0,0,,"Calle",,"ROSARIO","Rosario","Asfalto","No existe","II","Dentro","Urbana","Ninguna","No existe","Intersección","Bueno","Buena","Atardecer","Buen Tiempo","Lateral","S/D","Colisión","Ninguna","Faltante","Cordón divisorio","Sin restricción"
2014,737,30/01/2014,"Jueves",0,17:00:00,,"0.0",2,"Pickup/Utilitario,Moto/Ciclomotor","Rep.Dominicana Y Pje. Alemania",3,2,0,0,1,0,0,,"Calle",,"ROSARIO","Rosario","Asfalto","No existe","II","S/D","Urbana","Ninguna","No existe","Intersección","S/D","S/D","Diurna","S/D","Lateral","S/D","Colisión","S/D","Faltante","Ninguna","Sin restricción"
2014,738,26/01/2014,"Domingo",0,13:30:00,,"0.0",2,"Automóvil,Taxi/Remis","Donado 1290",2,1,0,0,1,0,0,,"S/D",,"ROSARIO","Rosario","Asfalto","No existe","II","S/D","S/D","Ninguna","No existe","Recta","Bueno","Buena","Diurna","Buen Tiempo","Lateral","S/D","Colisión","Ninguna","Faltante","S/D","Sin restricción"
2014,739,19/01/2014,"Domingo",0,18:00:00,,"0.0",2,"Automóvil,Automóvil","Bv. Avellaneda Y Gaboto",3,1,0,0,2,0,0,,"Calle",,"ROSARIO","Rosario","Asfalto","No existe","II","Dentro","Urbana","Ninguna","No existe","Intersección","Bueno","Buena","Diurna","Buen Tiempo","S/D","S/D","Colisión","S/D","Horizontal","Ninguna","Sin restricción"
2014,740,25/01/2014,"Sabado",0,11:30:00,,"0.0",2,"Automóvil,Automóvil","Gutenberg 500",3,2,0,0,1,0,0,,"Calle",,"ROSARIO","Rosario","Asfalto","No existe","II","S/D","Urbana","Ninguna","No existe","Recta","S/D","S/D","Diurna","S/D","Contra objeto fijo","S/D","Colisión","S/D","Faltante","Ninguna","Sin restricción"
2014,741,31/01/2014,"Viernes",0,07:15:00,,"0.0",2,"Moto/Ciclomotor,Pickup/Utilitario","Bv. Segui Y Italia",2,1,0,0,1,0,0,,"Calle",,"ROSARIO","Rosario","Asfalto","S/D","II","Dentro","Urbana","Ninguna","No existe","Intersección","Bueno","Buena","Diurna","Buen Tiempo","De alcance","S/D","Colisión","S/D","S/D","S/D","Sin restricción"
2014,742,26/01/2014,"Domingo",0,21:00:00,,"0.0",2,"Moto/Ciclomotor,Moto/Ciclomotor","Calle 1707 Y Pje. 1740",2,2,0,0,0,0,0,,"Calle",,"ROSARIO","Rosario","Asfalto","No existe","II","Dentro","Urbana","Ninguna","No existe","S/D","Bueno","Buena","Nocturna","Buen Tiempo","Lateral","S/D","Colisión","Agua","Faltante","S/D","Sin restricción"
2014,743,19/01/2014,"Domingo",0,12:00:00,,"0.0",2,"Automóvil,Moto/Ciclomotor","Ayacucho Y Av. Battle y Ordoñez",2,1,0,0,1,0,0,,"Calle",,"ROSARIO","Rosario","S/D","Ripio","II","Dentro","Urbana","Ninguna","No existe","Intersección","Bueno","Buena","Diurna","Buen Tiempo","Otro","S/D","Colisión","S/D","Horizontal","Ninguna","Sin restricción"
2014,744,13/01/2014,"Lunes",0,14:30:00,,"0.0",2,"Automóvil,Moto/Ciclomotor","Pje. Polonia Y Florida",2,1,0,0,0,0,1,,"Calle",,"ROSARIO","Rosario","Asfalto","No existe","II","S/D","Urbana","Semáforo","Funciona","Recta","Bueno","Buena","Diurna","Buen Tiempo","S/D","S/D","Colisión","S/D","S/D","Ninguna","Sin restricción"
2014,745,21/01/2014,"Martes",0,21:30:00,,"0.0",2,"Camión,Bicicleta","Casilda Y Matienzo",3,2,0,0,1,0,0,,"Calle",,"ROSARIO","Rosario","S/D","S/D","II","S/D","Urbana","S/D","S/D","S/D","S/D","S/D","S/D","S/D","S/D","S/D","Atropello","S/D","S/D","S/D","S/D"
2014,746,20/01/2014,"Lunes",0,10:45:00,,"0.0",2,"Automóvil,Automóvil","Bv. 27 De Febrero Y Laprida",3,2,0,0,1,0,0,,"Avenida",,"ROSARIO","Rosario","Asfalto","No existe","II","Dentro","Urbana","Semáforo","Funciona","Intersección","Bueno","Buena","Diurna","Buen Tiempo","Lateral","S/D","Colisión","Ninguna","Vertical","Cordón divisorio","Sin restricción"
2014,747,31/01/2014,"Viernes",0,15:20:00,,"0.0",2,"Moto/Ciclomotor,Automóvil","Lamadrid Y Pje. Piano",2,1,0,0,1,0,0,,"Calle",,"ROSARIO","Rosario","Asfalto","S/D","II","Dentro","Urbana","S/D","No existe","Recta","Bueno","Buena","Diurna","Buen Tiempo","De alcance","S/D","Colisión","S/D","S/D","S/D","Sin restricción"
2014,748,22/01/2014,"Miercoles",0,18:40:00,,"0.0",2,"Automóvil,Moto/Ciclomotor","Brig Lopez 1200",2,1,0,0,1,0,0,,"Calle",,"SOLDINI","Rosario","Hormigón","Natural","II","S/D","Urbana","Ninguna","No existe","Recta","Bueno","Buena","Diurna","Buen Tiempo","Lateral","S/D","Colisión","S/D","Faltante","Cordón divisorio","Sin restricción"
2014,749,16/01/2014,"Jueves",0,11:00:00,,"0.0",2,"Moto/Ciclomotor,Peatón","24 De Setiembre Y Biedma",2,1,0,0,1,0,0,,"Calle",,"ROSARIO","Rosario","Asfalto","No existe","II","Dentro","Urbana","Ninguna","No existe","Recta","Bueno","Buena","Diurna","Buen Tiempo","S/D","S/D","Atropello","S/D","Horizontal","Ninguna","Sin restricción"
2014,750,02/01/2014,"Jueves",0,18:00:00,,"0.0",2,"Automóvil,Automóvil","TUNEL CELEDONIO ESCALADA ",2,1,0,0,1,0,0,,"Calle",,"ROSARIO","Rosario","Asfalto","No existe","II","S/D","Urbana","Ninguna","No existe","Curva","Otro","Buena","Diurna","Buen Tiempo","Otro","S/D","Colisión","Ninguna","Horizontal","Ninguna","Sin restricción"
2014,751,28/01/2014,"Martes",0,12:30:00,,"0.0",2,"Peatón,Automóvil","San Martin Y Olegario V.Andrade",2,1,0,0,1,0,0,,"Calle",,"ROSARIO","Rosario","Asfalto","S/D","II","Dentro","Urbana","S/D","S/D","Recta","Bueno","Buena","Diurna","Buen Tiempo","S/D","S/D","Atropello","S/D","S/D","S/D","S/D"
2014,752,29/01/2014,"Miercoles",0,09:25:00,,"0.0",2,"Automóvil,Bicicleta","Moreno Y Gral Paz",2,1,0,0,0,0,1,,"Calle",,"FUNES","Rosario","Asfalto","Natural","II","Dentro","Urbana","Ninguna","No existe","Recta","Bueno","Buena","Diurna","Buen Tiempo","S/D","S/D","Atropello","S/D","S/D","Ninguna","Sin restricción"
2014,753,26/01/2014,"Domingo",0,17:00:00,,"0.0",1,"Moto/Ciclomotor","33 Cristo Rey ",2,2,0,0,0,0,0,,"Calle",,"SOLDINI","Rosario","Tierra","No existe","II","S/D","S/D","Ninguna","No existe","Recta","Deteriorada","Buena","Diurna","Buen Tiempo","S/D","S/D","Vuelco","Otro","Faltante","Ninguna","Sin restricción"
2014,754,15/01/2014,"Miercoles",0,10:10:00,,"0.0",2,"Automóvil,Moto/Ciclomotor","Bv. Segui Y 1 de Mayo",2,2,0,0,0,0,0,,"Calle",,"ROSARIO","Rosario","Asfalto","Pavimento","II","Dentro","Urbana","Paso Peatonal","No existe","Intersección","Bueno","Buena","Diurna","Buen Tiempo","Lateral","S/D","Colisión","S/D","Horizontal","Cordón divisorio","Sin restricción"
2014,755,01/01/2014,"Miercoles",0,16:20:00,"Ruta Nacional 33","776.0",1,"Automóvil"," ",3,2,0,0,1,0,0,,"Ruta",33,"ZAVALLA","Rosario","Asfalto","Natural","II","Dentro","Rural","Ninguna","No existe","Recta","Bueno","Buena","Diurna","Buen Tiempo","S/D","S/D","Otro","S/D","Horizontal","Línea divisoria pintada","Sin restricción"