"anio_acci","nro_acci","fecha","desc_dia","fecha_aprox","hora_aprox","desc_ruta","km","cant_participantes","desc_participante","calle_avenida_km","total","heridos_leves","heridos_graves","heridos_gravisimos","ilesos","fallecidos","sin_datos","posicion_XY","desc_tipo_via","desc_ruta_ori","desc_loc","desc_dpto","desc_tipo_calzada","desc_tipo_banquina","desc_unidad_regional","desc_lugar_calzada","desc_zona","desc_prioridad","desc_estado_semaforo","desc_lugar_via","desc_estado_via","desc_estado_visibilidad","desc_luminosidad","desc_estado_clima","desc_tipo_colision","desc_tipo_atropello","desc_tipo_hecho","desc_pres_calzada","desc_senializacion","desc_separacion_via","desc_restriccion"
2014,756,28/01/2014,"Martes",0,18:30:00,,"0.0",2,"Automóvil,Pickup/Utilitario","Av Fuerza Aerea Y Urquiza",2,2,0,0,0,0,0,,"S/D",,"FUNES","Rosario","Asfalto","Natural","II","S/D","Urbana","S/D","No existe","Recta","Bueno","Reducida","Atardecer","Buen Tiempo","S/D","S/D","Colisión","Ninguna","Faltante","Ninguna","S/D"
2014,757,29/01/2014,"Miercoles",0,18:30:00,,"0.0",2,"Peatón,Moto/Ciclomotor","Biedma 1154",2,1,0,0,1,0,0,,"Calle",,"ROSARIO","Rosario","Asfalto","S/D","II","Dentro","Urbana","S/D","S/D","Otro","Bueno","Buena","Diurna","Buen Tiempo","S/D","S/D","Atropello","S/D","S/D","S/D","S/D"
2014,758,14/01/2014,"Martes",0,17:30:00,,"0.0",2,"Automóvil,Moto/Ciclomotor","L.N.Alem Y Rueda",3,1,0,0,2,0,0,,"Calle",,"ROSARIO","Rosario","Asfalto","No existe","II","Dentro","Urbana","Otra Señal","No existe","Intersección","Bueno","Buena","Diurna","Buen Tiempo","Lateral","S/D","Colisión","S/D","Horizontal","Línea divisoria pintada","Sin restricción"
2014,759,04/01/2014,"Sabado",0,05:30:00,,"0.0",2,"Automóvil,Peatón","Crespo Y Santa Fe",2,1,0,0,1,0,0,,"Calle",,"ROSARIO","Rosario","Asfalto","No existe","II","S/D","Urbana","Semáforo","Funciona","Recta","Otro","Buena","Amanecer","Buen Tiempo","S/D","S/D","Atropello","Ninguna","Horizontal","Ninguna","Accidente Previo"
2014,760,24/01/2014,"Viernes",0,20:30:00,"Ruta Nacional 33","0.0",2,"Pickup/Utilitario,Pickup/Utilitario","Sastre Bv Y Villarino Bv",5,1,0,0,4,0,0,,"Ruta",33,"ZAVALLA","Rosario","Asfalto","Pavimento","II","Dentro","Urbana","Semáforo","Funciona","Recta","Bueno","Buena","Atardecer,Con luz artificial","Buen Tiempo","De alcance","S/D","Colisión","S/D","Horizontal","Línea divisoria pintada","Sin restricción"
2014,761,14/01/2014,"Martes",0,14:30:00,,"0.0",2,"Automóvil,Bicicleta","1 de Mayo Y Garay",2,1,0,0,1,0,0,,"Calle",,"ROSARIO","Rosario","Asfalto","No existe","II","Dentro","Urbana","Ninguna","No existe","Intersección","Bueno","Buena","Diurna","Buen Tiempo","De alcance","S/D","Atropello","S/D","Horizontal","Ninguna","Sin restricción"
2014,762,28/01/2014,"Martes",0,12:45:00,,"0.0",2,"Automóvil,Moto/Ciclomotor","Bv. Segui Y Entre Rios",2,1,0,0,1,0,0,,"Calle",,"ROSARIO","Rosario","Asfalto","S/D","II","Dentro","Urbana","S/D","No existe","Intersección","Bueno","Buena","Diurna","Buen Tiempo","De alcance","S/D","Colisión","S/D","S/D","S/D","Sin restricción"
2014,763,06/01/2014,"Lunes",0,06:40:00,,"0.0",2,"Automóvil,Moto/Ciclomotor","Santiago Y Salta",2,1,0,0,1,0,0,,"Calle",,"ROSARIO","Rosario","Asfalto","No existe","II","S/D","Urbana","Semáforo","Funciona","Recta","Bueno","Buena","Amanecer","Buen Tiempo","Otro","S/D","Colisión","Ninguna","Horizontal","Ninguna","Sin restricción"
2014,764,18/01/2014,"Sabado",0,19:20:00,,"0.0",2,"Moto/Ciclomotor,Transporte de Pasajeros Urbano (> 8 asientos)","Ayala Gauna 7800",2,1,0,0,1,0,0,,"Calle",,"ROSARIO","Rosario","Asfalto","S/D","II","S/D","Urbana","S/D","S/D","Recta","S/D","S/D","S/D","S/D","S/D","S/D","S/D","S/D","S/D","S/D","S/D"
2014,765,14/01/2014,"Martes",0,15:00:00,,"0.0",2,"Moto/Ciclomotor,Peatón","Ayacucho Y Saavedra",2,1,0,0,1,0,0,,"Calle",,"ROSARIO","Rosario","Asfalto","No existe","II","Dentro","Urbana","Ninguna","No existe","Intersección","Bueno","Buena","Diurna","Buen Tiempo","S/D","S/D","Atropello","S/D","Horizontal","Ninguna","Sin restricción"
2014,766,26/01/2014,"Domingo",0,20:00:00,,"0.0",1,"Transporte de Pasajeros Urbano (> 8 asientos)","Mariano Moreno Y Bv. Segui",2,1,0,0,1,0,0,,"Calle",,"ROSARIO","Rosario","Asfalto","S/D","II","Dentro","Urbana","S/D","No existe","Recta","Bueno","Buena","Atardecer","Buen Tiempo","S/D","S/D","Atropello","S/D","S/D","S/D","Sin restricción"
2014,767,17/01/2014,"Viernes",0,19:00:00,,"0.0",2,"Ambulancia,Moto/Ciclomotor","Juan Bautista Alberdi Y Av Belgrano",4,2,0,0,2,0,0,,"Avenida",,"PEREZ","Rosario","S/D","No existe","II","Dentro","Urbana","Ninguna","No existe","Intersección","Otro","Buena","Atardecer","Otro","Lateral","S/D","Colisión","Otro","Faltante","Ninguna","Sin restricción"
2014,768,26/01/2014,"Domingo",0,20:05:00,,"0.0",2,"Automóvil,Transporte de Pasajeros Urbano (> 8 asientos)","Av. Jorge Newbery Y Tarragona",4,2,0,0,2,0,0,,"Calle",,"ROSARIO","Rosario","Asfalto","S/D","II","S/D","Urbana","S/D","S/D","Recta","S/D","S/D","Nocturna","S/D","S/D","S/D","S/D","S/D","S/D","S/D","S/D"
2014,769,02/01/2014,"Jueves",0,,,"0.0",2,"Moto/Ciclomotor,Otros","Abanderado Grandoli Y Ocampo",3,1,0,1,1,0,0,,"Calle",,"ROSARIO","Rosario","Asfalto","S/D","II","Dentro","Urbana","S/D","S/D","Intersección","Bueno","S/D","S/D","Buen Tiempo","Lateral","S/D","S/D","Ninguna","Faltante","Ninguna","Sin restricción"
2014,770,07/01/2014,"Martes",0,12:20:00,,"0.0",2,"Automóvil,Bicicleta","Cafferata Y Urquiza",2,1,0,0,1,0,0,,"Calle",,"ROSARIO","Rosario","Asfalto","No existe","II","S/D","Urbana","Semáforo","Funciona","Recta","Bueno","Buena","Diurna","Buen Tiempo","S/D","S/D","Atropello","Ninguna","Horizontal","Ninguna","Sin restricción"
2014,771,25/01/2014,"Sabado",0,12:00:00,,"0.0",2,"Automóvil,Automóvil","J.M.de Rosas Y Cerrito",2,1,0,0,1,0,0,,"Calle",,"ROSARIO","Rosario","Asfalto","No existe","II","Dentro","Urbana","Ninguna","No existe","Intersección","Bueno","Buena","Diurna","Buen Tiempo","De alcance","S/D","Colisión","Ninguna","Faltante","Ninguna","Sin restricción"
2014,772,14/01/2014,"Martes",0,20:00:00,,"0.0",2,"Automóvil,Moto/Ciclomotor","Chacabuco Y Rueda",3,1,0,0,2,0,0,,"Calle",,"ROSARIO","Rosario","Asfalto","No existe","II","Dentro","Urbana","Ninguna","No existe","Intersección","Bueno","Buena","Nocturna","Buen Tiempo","Lateral","S/D","Colisión","S/D","Horizontal","Cordón divisorio","Sin restricción"
2014,773,26/01/2014,"Domingo",0,20:05:00,,"0.0",2,"Moto/Ciclomotor,Automóvil","Schweitzer 7700",2,2,0,0,0,0,0,,"S/D",,"ROSARIO","Rosario","Asfalto","S/D","II","S/D","S/D","S/D","S/D","Recta","S/D","S/D","Nocturna","S/D","S/D","S/D","S/D","S/D","S/D","S/D","S/D"
2014,774,29/01/2014,"Miercoles",0,19:30:00,,"0.0",2,"Automóvil,Automóvil","Buenos Aires Y Biedma",3,1,0,0,2,0,0,,"Calle",,"ROSARIO","Rosario","Asfalto","Pavimento","II","S/D","Urbana","Ninguna","No existe","Intersección","Bueno","Buena","Diurna","Buen Tiempo","Lateral","S/D","Colisión","Ninguna","Horizontal","Cordón divisorio","Sin restricción"
2014,775,25/01/2014,"Sabado",0,22:20:00,,"0.0",2,"Bicicleta,Taxi/Remis","Av. Ntra.Sra.del Rosario Y Av. Corrientes",3,2,0,0,1,0,0,,"Calle",,"ROSARIO","Rosario","Asfalto","S/D","II","Dentro","Urbana","S/D","S/D","Recta","Bueno","Buena","Nocturna","Buen Tiempo","S/D","S/D","Atropello","S/D","S/D","S/D","S/D"
2014,776,14/01/2014,"Martes",0,22:45:00,,"0.0",2,"Taxi/Remis,Automóvil","Crespo Y Santa Fe",3,2,0,0,1,0,0,,"Calle",,"ROSARIO","Rosario","Asfalto","No existe","II","S/D","Urbana","Semáforo","Funciona","Recta","Bueno","Buena","Nocturna","Buen Tiempo","S/D","S/D","Colisión","Ninguna","Horizontal","Ninguna","Sin restricción"
2014,777,02/01/2014,"Jueves",0,,,"0.0",2,"Moto/Ciclomotor,Automóvil","Buenos Aires Y Pasco",2,1,0,0,1,0,0,,"Calle",,"ROSARIO","Rosario","Asfalto","No existe","II","S/D","Urbana","Ninguna","No existe","Recta","Bueno","Buena","Diurna","Buen Tiempo","Frontal","S/D","Colisión","Ninguna","Faltante","Ninguna","Sin restricción"
2014,778,14/01/2014,"Martes",0,19:45:00,,"0.0",2,"Taxi/Remis,Moto/Ciclomotor","Bv. Segui Y L.N.Alem",2,1,0,0,1,0,0,,"Calle",,"ROSARIO","Rosario","Asfalto","Natural","II","Dentro","Urbana","Marca Vial","No existe","Intersección","Bueno","S/D","Atardecer","Buen Tiempo","De alcance","S/D","Colisión","S/D","Horizontal","Cordón divisorio","Sin restricción"
2014,779,28/01/2014,"Martes",0,17:15:00,,"0.0",2,"Moto/Ciclomotor,Automóvil","Buenos Aires Y Centeno",2,1,0,0,0,0,1,,"Calle",,"ROSARIO","Rosario","Asfalto","No existe","II","S/D","Urbana","Ninguna","S/D","Recta","Bueno","S/D","S/D","Buen Tiempo","De alcance","S/D","Colisión","Ninguna","Horizontal","Ninguna","Sin restricción"
2014,780,25/01/2014,"Sabado",0,,,"0.0",2,"Moto/Ciclomotor,Moto/Ciclomotor","Av. Genova 8000",3,3,0,0,0,0,0,,"Avenida",,"ROSARIO","Rosario","Asfalto","Pavimento","II","Dentro","Urbana","Semáforo","Funciona","Recta","Bueno","S/D","S/D","S/D","Frontal","S/D","Colisión","S/D","Horizontal","Barrera de hormigón","Sin restricción"
2014,781,28/01/2014,"Martes",0,,,"0.0",3,"Automóvil,Moto/Ciclomotor,Bicicleta","Entre Rios Y Ocampo",3,2,0,0,1,0,0,,"Calle",,"ROSARIO","Rosario","Asfalto","S/D","II","Dentro","Urbana","S/D","S/D","Intersección","S/D","S/D","S/D","S/D","Múltiple","S/D","Atropello","S/D","S/D","S/D","S/D"
2014,782,25/01/2014,"Sabado",0,08:10:00,,"0.0",2,"Camión,Moto/Ciclomotor","Paraguay ",3,2,0,0,1,0,0,,"Calle",,"ROSARIO","Rosario","Asfalto","S/D","II","Dentro","Urbana","S/D","No existe","S/D","Bueno","Buena","Diurna","Buen Tiempo","De alcance","S/D","Colisión","S/D","S/D","S/D","S/D"
2014,783,29/01/2014,"Miercoles",0,,,"0.0",2,"Automóvil,Automóvil","La Paz Y Chacabuco",3,1,0,0,2,0,0,,"Calle",,"ROSARIO","Rosario","Asfalto","S/D","II","S/D","Urbana","Ninguna","S/D","Recta","Bueno","S/D","S/D","Buen Tiempo","De alcance","S/D","Colisión","Ninguna","Faltante","Ninguna","Sin restricción"
2014,784,28/01/2014,"Martes",0,08:20:00,,"0.0",2,"Taxi/Remis,Moto/Ciclomotor","L.N.Alem Y Bv. Segui",2,1,0,0,1,0,0,,"Calle",,"ROSARIO","Rosario","Asfalto","No existe","II","S/D","Urbana","Ninguna","No existe","Intersección","Bueno","Buena","Diurna","Lluvia","Frontal","S/D","Colisión","Ninguna","Horizontal","Cordón divisorio","Sin restricción"
2014,785,24/01/2014,"Viernes",0,,,"0.0",2,"Automóvil,Automóvil","Gonzalez del Solar Y Av. Eva Peron",2,1,0,0,1,0,0,,"Avenida",,"ROSARIO","Rosario","Asfalto","Pavimento","II","Dentro","Urbana","Ninguna","Funciona","Recta","Bueno","S/D","S/D","S/D","Lateral","S/D","Colisión","S/D","Horizontal","Barrera de hormigón","Sin restricción"
2014,786,27/01/2014,"Lunes",0,10:30:00,,"0.0",2,"Automóvil,Automóvil","Beruti Y Amenabar",2,1,0,0,1,0,0,,"Calle",,"ROSARIO","Rosario","Asfalto","No existe","II","S/D","Urbana","Ninguna","No existe","Intersección","Bueno","Buena","Diurna","Buen Tiempo","Lateral","S/D","Colisión","Ninguna","Horizontal","Línea divisoria pintada","Sin restricción"
2014,787,29/01/2014,"Miercoles",0,,,"0.0",2,"Moto/Ciclomotor,Automóvil","Ituzaingo Y Buenos Aires",2,1,0,0,1,0,0,,"Calle",,"ROSARIO","Rosario","Asfalto","No existe","II","S/D","Urbana","Señal Pare","No existe","Intersección","Bueno","Buena","Diurna","Buen Tiempo","De alcance","S/D","Despiste","Ninguna","Vertical","Ninguna","Sin restricción"
2014,788,27/01/2014,"Lunes",0,08:45:00,,"0.0",2,"Pickup/Utilitario,Moto/Ciclomotor","Virasoro Y Sarmiento",2,1,0,0,1,0,0,,"Calle",,"ROSARIO","Rosario","Asfalto","S/D","II","Dentro","Urbana","S/D","S/D","Recta","S/D","S/D","Diurna","S/D","S/D","S/D","S/D","S/D","S/D","S/D","S/D"
2014,789,24/01/2014,"Viernes",0,21:00:00,,"0.0",2,"Automóvil,Bicicleta","Ayolas Y Buenos Aires",3,2,0,0,1,0,0,,"Calle",,"ROSARIO","Rosario","Asfalto","No existe","II","S/D","Urbana","Semáforo","Funciona","Recta","Con baches","Buena","Nocturna","Buen Tiempo","S/D","S/D","Atropello","S/D","Vertical","Cordón divisorio","Sin restricción"
2014,790,22/01/2014,"Miercoles",0,,,"0.0",2,"Moto/Ciclomotor,Automóvil","Av. Eva Peron Y Sanchez de Loria",2,1,0,0,1,0,0,,"Avenida",,"ROSARIO","Rosario","Asfalto","Pavimento","II","Dentro","Urbana","Semáforo","S/D","Recta","Bueno","S/D","S/D","S/D","S/D","S/D","Colisión","S/D","Horizontal,Vertical","Barrera de hormigón","Sin restricción"
2014,791,23/01/2014,"Jueves",0,17:50:00,,"0.0",2,"Automóvil,Moto/Ciclomotor","Av. Corrientes Y Uruguay",2,1,0,0,1,0,0,,"Calle",,"ROSARIO","Rosario","Asfalto","S/D","II","Dentro","Urbana","S/D","No existe","Intersección","Bueno","Buena","Diurna","Buen Tiempo","De alcance","S/D","Colisión","S/D","S/D","S/D","Sin restricción"
2014,792,28/01/2014,"Martes",0,18:00:00,,"0.0",2,"Pickup/Utilitario,Moto/Ciclomotor","Dorrego Y Galvez",3,2,0,0,1,0,0,,"Calle",,"ROSARIO","Rosario","Asfalto","S/D","II","Dentro","Urbana","S/D","S/D","Intersección","S/D","S/D","S/D","S/D","S/D","S/D","S/D","S/D","S/D","S/D","S/D"
2014,793,25/01/2014,"Sabado",0,12:50:00,,"0.0",2,"Moto/Ciclomotor,Automóvil","Riobamba Y Laprida",2,1,0,0,1,0,0,,"Calle",,"ROSARIO","Rosario","Asfalto","No existe","II","Dentro","Urbana","Ninguna","No existe","Intersección","Bueno","Buena","Diurna","Buen Tiempo","Lateral","S/D","Colisión","Ninguna","Faltante","Ninguna","Sin restricción"
2014,794,13/01/2014,"Lunes",0,23:30:00,,"0.0",2,"Pickup/Utilitario,Moto/Ciclomotor","Bv. Segui Y Laprida",3,2,0,0,1,0,0,,"Calle",,"ROSARIO","Rosario","Asfalto","Pavimento","II","Dentro","Urbana","Marca Vial","No existe","Intersección","Bueno","Buena","Nocturna","Buen Tiempo","S/D","S/D","Atropello","Ninguna","Horizontal","Cordón divisorio","Sin restricción"
2014,795,23/01/2014,"Jueves",0,19:00:00,,"0.0",2,"Moto/Ciclomotor,Moto/Ciclomotor","Grandoli Y Pte.Quintana",3,0,3,0,0,0,0,,"Calle",,"ROSARIO","Rosario","Asfalto","Pavimento","II","Dentro","Urbana","Marca Vial","No existe","Intersección","Bueno","Buena","Atardecer","Buen Tiempo","Lateral","S/D","Colisión","Ninguna","Horizontal","Cordón divisorio","Sin restricción"
2014,796,22/01/2014,"Miercoles",0,09:15:00,,"0.0",2,"Peatón,Automóvil","Av. Provincias Unidas Y Velez Sarsfield",2,1,0,0,1,0,0,,"Avenida",,"ROSARIO","Rosario","Asfalto","Pavimento","II","Dentro","Urbana","Semáforo","Funciona","Recta","Bueno","S/D","Diurna","S/D","S/D","S/D","Atropello","S/D","Horizontal,Vertical","Barrera de hormigón","Sin restricción"
2014,797,21/01/2014,"Martes",0,18:20:00,,"0.0",2,"Automóvil,Moto/Ciclomotor","San Martin Y Pte.Quintana",3,2,0,0,1,0,0,,"Avenida",,"ROSARIO","Rosario","Asfalto","S/D","II","Dentro","Urbana","S/D","No existe","Intersección","Bueno","Buena","Diurna","Buen Tiempo","De alcance","S/D","Colisión","S/D","S/D","S/D","Sin restricción"
2014,798,22/01/2014,"Miercoles",0,10:15:00,,"0.0",2,"Automóvil,Moto/Ciclomotor","1 de Mayo Y Garibaldi",2,1,0,0,1,0,0,,"Calle",,"ROSARIO","Rosario","Asfalto","No existe","II","Dentro","Urbana","Ninguna","No existe","Intersección","Bueno","Buena","Diurna","Buen Tiempo","Lateral","S/D","Colisión","Ninguna","Horizontal","Cordón divisorio","Sin restricción"
2014,799,27/01/2014,"Lunes",0,11:30:00,,"0.0",2,"Automóvil,Moto/Ciclomotor","Cerrito Y Av. Corrientes",2,1,0,0,1,0,0,,"Calle",,"ROSARIO","Rosario","Asfalto","S/D","II","Dentro","Urbana","S/D","S/D","Intersección","S/D","S/D","Diurna","S/D","S/D","S/D","S/D","S/D","S/D","S/D","S/D"
2014,800,06/01/2014,"Lunes",0,07:50:00,,"0.0",2,"Moto/Ciclomotor,Pickup/Utilitario","Bv. 27 De Febrero Y Colon",2,1,0,0,1,0,0,,"Avenida",,"ROSARIO","Rosario","Asfalto","No existe","II","Dentro","Urbana","Ninguna","No existe","Recta","Bueno","Buena","Diurna","Buen Tiempo","Lateral","S/D","Colisión","Ninguna","Faltante","Ninguna","Sin restricción"
2014,801,25/01/2014,"Sabado",0,19:10:00,,"0.0",2,"Automóvil,Moto/Ciclomotor","Av. Pellegrini Y Mariano Moreno",2,1,0,0,1,0,0,,"Calle",,"ROSARIO","Rosario","S/D","S/D","II","Dentro","Urbana","S/D","S/D","S/D","S/D","S/D","Atardecer","S/D","S/D","S/D","S/D","S/D","S/D","S/D","S/D"
2014,802,21/01/2014,"Martes",0,13:00:00,,"0.0",2,"Automóvil,Bicicleta","Laprida Y P.L.Funes",2,1,0,0,1,0,0,,"Calle",,"ROSARIO","Rosario","Asfalto","No existe","II","S/D","Urbana","Ninguna","No existe","Intersección","Bueno","Buena","Diurna","Buen Tiempo","S/D","S/D","Atropello","Ninguna","Horizontal","Cordón divisorio","Sin restricción"
2014,803,21/01/2014,"Martes",0,04:00:00,,"0.0",2,"Moto/Ciclomotor,Pickup/Utilitario","Av. Eva Peron Y Av. Provincias Unidas",3,2,0,0,1,0,0,,"Avenida",,"ROSARIO","Rosario","Asfalto","Pavimento","II","Dentro","Urbana","Semáforo","Funciona","Recta","Bueno","S/D","Nocturna","S/D","Frontal","S/D","Colisión","S/D","Horizontal,Vertical","Cordón divisorio","Sin restricción"
2014,804,23/01/2014,"Jueves",0,16:30:00,,"0.0",2,"Taxi/Remis,Moto/Ciclomotor","Pte.Roca Y Rueda",2,1,0,0,1,0,0,,"Calle",,"ROSARIO","Rosario","S/D","S/D","II","Dentro","Urbana","S/D","S/D","S/D","S/D","S/D","S/D","S/D","S/D","S/D","S/D","S/D","S/D","S/D","S/D"
2014,805,25/01/2014,"Sabado",0,17:30:00,,"0.0",2,"Pickup/Utilitario,Automóvil","San Martin Y Viamonte",3,2,0,0,1,0,0,,"Calle",,"ROSARIO","Rosario","S/D","S/D","II","Dentro","Urbana","S/D","S/D","S/D","S/D","S/D","S/D","S/D","S/D","S/D","S/D","S/D","S/D","S/D","S/D"
2014,806,20/01/2014,"Lunes",0,16:30:00,,"0.0",2,"Moto/Ciclomotor,Otros","La Republica Y Dr.Maradona",2,1,0,0,1,0,0,,"Calle",,"ROSARIO","Rosario","Asfalto","No existe","II","Dentro","Urbana","Ninguna","No existe","Recta","Otro","S/D","Diurna","S/D","Frontal","S/D","Colisión","S/D","Horizontal,Vertical","Barrera de hormigón","Sin restricción"
2014,807,06/01/2014,"Lunes",0,20:15:00,,"0.0",2,"Bicicleta,Automóvil","Ocampo Y Buenos Aires",2,1,0,0,1,0,0,,"Calle",,"ROSARIO","Rosario","Asfalto","No existe","II","Dentro","Urbana","Señal Pare","No existe","Intersección","Bueno","Buena","Atardecer","Buen Tiempo","S/D","S/D","Atropello","Ninguna","Vertical","Ninguna","Sin restricción"
2014,808,20/01/2014,"Lunes",0,08:30:00,,"0.0",2,"Moto/Ciclomotor,Automóvil","Av. Eva Peron 9000",2,1,0,0,1,0,0,,"Avenida",,"ROSARIO","Rosario","Asfalto","No existe","II","Dentro","Urbana","Ninguna","No existe","Recta","Bueno","S/D","Diurna","S/D","Frontal","S/D","Colisión","S/D","Horizontal","Barrera de hormigón","S/D"
2014,809,16/01/2014,"Jueves",0,12:00:00,,"0.0",2,"Moto/Ciclomotor,Automóvil","Av. Provincias Unidas Y Bielsa",2,1,0,0,1,0,0,,"Avenida",,"ROSARIO","Rosario","Asfalto","Pavimento","II","Dentro","Urbana","Ninguna","S/D","Recta","Bueno","S/D","Diurna","S/D","Frontal","S/D","Colisión","S/D","Horizontal","Barrera de hormigón","Sin restricción"
2014,810,01/01/2014,"Miercoles",0,,,"0.0",2,"Automóvil,Moto/Ciclomotor","Bv. 27 De Febrero Y Chacabuco",2,0,1,0,0,0,1,,"Avenida",,"ROSARIO","Rosario","Asfalto","No existe","II","S/D","Urbana","Ninguna","No existe","Intersección","Bueno","Buena","Nocturna","Buen Tiempo","Lateral","S/D","Colisión","S/D","Vertical","Cordón divisorio","Sin restricción"
2014,811,25/01/2014,"Sabado",0,08:45:00,,"0.0",2,"Automóvil,Automóvil","Bv. 27 De Febrero Y Av. Ovidio Lagos",2,1,0,0,1,0,0,,"Calle",,"ROSARIO","Rosario","Asfalto","S/D","II","Dentro","Urbana","Semáforo","S/D","Intersección","S/D","S/D","S/D","S/D","S/D","S/D","S/D","S/D","S/D","S/D","S/D"
2014,812,21/01/2014,"Martes",0,,,"0.0",3,"Automóvil,Automóvil,Automóvil","Av. Uriburu Y Flamarion",4,2,0,0,2,0,0,,"Calle",,"ROSARIO","Rosario","Asfalto","S/D","II","S/D","Urbana","Otra Señal","No existe","Paso a Nivel FFCC","S/D","Buena","S/D","Buen Tiempo","Múltiple","S/D","Colisión","S/D","S/D","S/D","S/D"
2014,813,24/01/2014,"Viernes",0,12:40:00,,"0.0",2,"Automóvil,Bicicleta","Pte.Roca Y Paraguay",2,1,0,0,1,0,0,,"Calle",,"ROSARIO","Rosario","S/D","S/D","II","Dentro","Urbana","S/D","S/D","S/D","S/D","S/D","S/D","S/D","S/D","S/D","Atropello","S/D","S/D","S/D","S/D"
2014,814,12/01/2014,"Domingo",0,09:00:00,,"0.0",2,"Automóvil,Moto/Ciclomotor","Saavedra Y Maipu",3,1,0,0,2,0,0,,"Calle",,"ROSARIO","Rosario","Asfalto","No existe","II","Dentro","Urbana","Señal Ceda el Paso","No existe","Recta","Bueno","Buena","Diurna","Buen Tiempo","De alcance","S/D","Colisión","Ninguna","Horizontal","Línea divisoria pintada","Sin restricción"
2014,815,22/01/2014,"Miercoles",0,12:10:00,,"0.0",2,"Pickup/Utilitario,Moto/Ciclomotor","Av. Ovidio Lagos Y Galvez",2,1,0,0,1,0,0,,"Calle",,"ROSARIO","Rosario","S/D","S/D","II","Dentro","Urbana","S/D","S/D","S/D","S/D","S/D","S/D","S/D","S/D","S/D","S/D","S/D","S/D","S/D","S/D"
2014,816,13/01/2014,"Lunes",0,20:00:00,,"0.0",2,"Automóvil,Automóvil","Av. Corrientes Y Garay",2,2,0,0,0,0,0,,"Calle",,"ROSARIO","Rosario","Asfalto","S/D","II","Dentro","Urbana","S/D","No existe","Intersección","Bueno","Buena","Nocturna","Buen Tiempo","De alcance","S/D","Colisión","S/D","S/D","S/D","Obra en Construcción"
2014,817,20/01/2014,"Lunes",0,18:10:00,,"0.0",2,"Pickup/Utilitario,Moto/Ciclomotor","Bv. Segui Y Paraguay",2,1,0,0,1,0,0,,"Calle",,"ROSARIO","Rosario","Asfalto","S/D","II","Dentro","Urbana","S/D","No existe","S/D","Bueno","Buena","Diurna","Buen Tiempo","De alcance","S/D","Colisión","S/D","S/D","S/D","Sin restricción"
2014,818,08/01/2014,"Miercoles",0,01:00:00,,"0.0",2,"Moto/Ciclomotor,Taxi/Remis","Pte.Quintana Y Necochea",2,1,0,0,1,0,0,,"Calle",,"ROSARIO","Rosario","Asfalto","No existe","II","Dentro","Urbana","Marca Vial","No existe","Intersección","Bueno","Buena","Nocturna,Con luz artificial","Buen Tiempo","Lateral","S/D","Colisión","Ninguna","Vertical","Línea divisoria pintada","Sin restricción"
2014,819,06/01/2014,"Lunes",0,10:10:00,,"0.0",2,"Bicicleta,Pickup/Utilitario","Ayacucho 2300",2,1,0,0,1,0,0,,"Calle",,"ROSARIO","Rosario","Asfalto","No existe","II","Dentro","Urbana","Ninguna","No existe","Recta","Bueno","Buena","Diurna","Buen Tiempo","Contra objeto fijo","S/D","Colisión","Ninguna","Faltante","Ninguna","Sin restricción"
2014,820,13/01/2014,"Lunes",0,14:30:00,,"0.0",2,"Taxi/Remis,Camión","San Martin Y Dr.Rivas",4,3,0,0,1,0,0,,"Avenida",,"ROSARIO","Rosario","Asfalto","S/D","II","Dentro","Urbana","S/D","S/D","Intersección","Bueno","Buena","Diurna","Buen Tiempo","De alcance","S/D","Despeñamiento","S/D","S/D","S/D","Sin restricción"
2014,821,05/01/2014,"Domingo",0,09:30:00,,"0.0",2,"Bicicleta,Moto/Ciclomotor","Pte.Quintana Y L.N.Alem",2,1,0,0,1,0,0,,"Calle",,"ROSARIO","Rosario","Asfalto","No existe","II","Dentro","Urbana","Marca Vial","No existe","Intersección","Bueno","Buena","Diurna","Buen Tiempo","S/D","S/D","Atropello","Otro","Vertical","Línea divisoria pintada","Sin restricción"
2014,822,20/01/2014,"Lunes",0,16:55:00,,"0.0",2,"Automóvil,Moto/Ciclomotor","Av. Corrientes Y Viamonte",2,1,0,0,1,0,0,,"Calle",,"ROSARIO","Rosario","S/D","S/D","II","Dentro","Urbana","S/D","S/D","S/D","S/D","S/D","S/D","S/D","S/D","S/D","S/D","S/D","S/D","S/D","S/D"
2014,823,20/01/2014,"Lunes",0,12:20:00,,"0.0",2,"Pickup/Utilitario,Moto/Ciclomotor","Bv. Segui Y Mitre",2,1,0,0,1,0,0,,"Calle",,"ROSARIO","Rosario","Asfalto","S/D","II","Dentro","Urbana","S/D","No existe","Intersección","Bueno","Buena","Diurna","Buen Tiempo","De alcance","S/D","Colisión","S/D","S/D","S/D","Sin restricción"
2014,824,13/01/2014,"Lunes",0,16:30:00,,"0.0",2,"Peatón,Pickup/Utilitario","Lamadrid Y Pje. Raffo",2,1,0,0,1,0,0,,"S/D",,"ROSARIO","Rosario","Asfalto","S/D","II","S/D","S/D","S/D","No existe","Recta","Bueno","Buena","Diurna","Buen Tiempo","S/D","S/D","Atropello","S/D","S/D","S/D","S/D"