"anio_acci","nro_acci","fecha","desc_dia","fecha_aprox","hora_aprox","desc_ruta","km","cant_participantes","desc_participante","calle_avenida_km","total","heridos_leves","heridos_graves","heridos_gravisimos","ilesos","fallecidos","sin_datos","posicion_XY","desc_tipo_via","desc_ruta_ori","desc_loc","desc_dpto","desc_tipo_calzada","desc_tipo_banquina","desc_unidad_regional","desc_lugar_calzada","desc_zona","desc_prioridad","desc_estado_semaforo","desc_lugar_via","desc_estado_via","desc_estado_visibilidad","desc_luminosidad","desc_estado_clima","desc_tipo_colision","desc_tipo_atropello","desc_tipo_hecho","desc_pres_calzada","desc_senializacion","desc_separacion_via","desc_restriccion"
2014,825,14/01/2014,"Martes",0,13:15:00,,"0.0",2,"Moto/Ciclomotor,Automóvil","Pte.Roca Y Centeno",2,1,0,0,1,0,0,,"Calle",,"ROSARIO","Rosario","Asfalto","No existe","II","Dentro","Urbana","Ninguna","No existe","Intersección","Bueno","Buena","Diurna","Buen Tiempo","Lateral","S/D","Colisión","Ninguna","Faltante","Ninguna","Sin restricción"
2014,826,01/01/2014,"Miercoles",0,,,"0.0",2,"Automóvil,Automóvil","Buenos Aires Y Av. Pellegrini",4,3,0,0,1,0,0,,"Avenida",,"ROSARIO","Rosario","Asfalto","No existe","II","Dentro","Urbana","Semáforo","Funciona","Recta","Bueno","Buena","Nocturna","Buen Tiempo","De alcance","S/D","Colisión","Ninguna","Vertical","Ninguna","Sin restricción"
2014,827,19/01/2014,"Domingo",0,12:50:00,,"0.0",2,"Moto/Ciclomotor,Automóvil","Bv. Segui Y Italia",3,2,0,0,1,0,0,,"Calle",,"ROSARIO","Rosario","Asfalto","S/D","II","Dentro","Urbana","S/D","No existe","S/D","Bueno","Buena","Diurna","Buen Tiempo","De alcance","S/D","Colisión","S/D","S/D","S/D","S/D"
2014,828,16/01/2014,"Jueves",0,,,"0.0",2,"Pickup/Utilitario,Moto/Ciclomotor","Virasoro Y Sarmiento",3,1,0,0,2,0,0,,"Calle",,"ROSARIO","Rosario","S/D","S/D","II","Dentro","Urbana","S/D","S/D","S/D","S/D","S/D","S/D","S/D","S/D","S/D","S/D","S/D","S/D","S/D","S/D"
2014,829,14/01/2014,"Martes",0,10:40:00,,"0.0",2,"Moto/Ciclomotor,Automóvil","Entre Rios Y Dean Funes",2,1,0,0,1,0,0,,"Calle",,"ROSARIO","Rosario","Asfalto","No existe","II","Dentro","Urbana","Ninguna","No existe","Intersección","Bueno","Buena","Diurna","Buen Tiempo","Lateral","S/D","Colisión","S/D","Faltante","Ninguna","Sin restricción"
2014,830,12/01/2014,"Domingo",0,19:55:00,,"0.0",2,"Automóvil,Moto/Ciclomotor","San Martin Y Bv. Segui",2,1,0,0,1,0,0,,"Calle",,"ROSARIO","Rosario","Asfalto","No existe","II","Dentro","Urbana","S/D","No existe","Intersección","Bueno","Buena","Nocturna","Buen Tiempo","Lateral","S/D","Colisión","Ninguna","Faltante","Ninguna","Obra en Construcción"
2014,831,14/01/2014,"Martes",0,15:00:00,,"0.0",2,"Moto/Ciclomotor,Automóvil","Italia Y Dean Funes",2,1,0,0,1,0,0,,"Calle",,"ROSARIO","Rosario","Asfalto","No existe","II","Dentro","Urbana","Ninguna","No existe","Intersección","Bueno","Buena","Diurna","Buen Tiempo","Lateral","S/D","Colisión","Ninguna","Faltante","Ninguna","Sin restricción"
2014,832,11/01/2014,"Sabado",0,20:00:00,,"0.0",2,"Automóvil,Moto/Ciclomotor","Balcarce Y Pje. Blanque",2,1,0,0,1,0,0,,"Calle",,"ROSARIO","Rosario","Asfalto","No existe","II","Dentro","Urbana","Ninguna","No existe","Intersección","Bueno","Buena","Nocturna","Buen Tiempo","Lateral","S/D","Colisión","Ninguna","Faltante","Ninguna","Sin restricción"
2014,833,10/01/2014,"Viernes",0,22:40:00,,"0.0",2,"Automóvil,Moto/Ciclomotor","Bv. Oroño Y Coulin",2,1,0,0,1,0,0,,"Avenida",,"ROSARIO","Rosario","S/D","S/D","II","Dentro","Urbana","S/D","S/D","S/D","S/D","S/D","Nocturna","S/D","S/D","S/D","S/D","S/D","S/D","S/D","S/D"
2014,834,11/01/2014,"Sabado",0,,,"0.0",2,"Moto/Ciclomotor,Pickup/Utilitario","Pte.Quintana Y Bv. Oroño",2,1,0,0,1,0,0,,"Avenida",,"ROSARIO","Rosario","Asfalto","No existe","II","Dentro","Urbana","Ninguna","No existe","Intersección","Bueno","Buena","S/D","Buen Tiempo","Lateral","S/D","Colisión","Ninguna","Faltante","Ninguna","Sin restricción"
2014,835,18/01/2014,"Sabado",0,21:00:00,,"0.0",2,"Peatón,Automóvil","Bv. Oroño Y Garibaldi",2,1,0,0,1,0,0,,"Avenida",,"ROSARIO","Rosario","Asfalto","S/D","II","Dentro","Urbana","Semáforo","Funciona","S/D","Bueno","Buena","Nocturna","Buen Tiempo","S/D","S/D","Atropello","S/D","Vertical","S/D","S/D"
2014,836,18/01/2014,"Sabado",0,14:00:00,,"0.0",2,"Moto/Ciclomotor,Automóvil","Pje. Colegiales Y Pueyrredon",2,1,0,0,1,0,0,,"Calle",,"ROSARIO","Rosario","Asfalto","S/D","II","Dentro","Urbana","S/D","No existe","S/D","Bueno","Buena","Diurna","Buen Tiempo","De alcance","S/D","Colisión","S/D","S/D","S/D","Sin restricción"
2014,837,10/01/2014,"Viernes",0,18:35:00,,"0.0",2,"Automóvil,Moto/Ciclomotor","Entre Rios ",2,1,0,0,1,0,0,,"Calle",,"ROSARIO","Rosario","Asfalto","No existe","II","Dentro","Urbana","S/D","No existe","Intersección","Bueno","Buena","Diurna","Buen Tiempo","Lateral","S/D","Colisión","Ninguna","Faltante","Ninguna","Sin restricción"
2014,838,10/01/2014,"Viernes",0,17:30:00,,"0.0",2,"Pickup/Utilitario,Moto/Ciclomotor","Lamadrid Y Av. Corrientes",3,2,0,0,1,0,0,,"Calle",,"ROSARIO","Rosario","Asfalto","No existe","II","Dentro","Urbana","Ninguna","No existe","Intersección","Bueno","Buena","Diurna","Buen Tiempo","Lateral","S/D","Colisión","Ninguna","Faltante","Ninguna","Sin restricción"
2014,839,17/01/2014,"Viernes",0,11:00:00,,"0.0",2,"Moto/Ciclomotor,Automóvil","San Martin Y Anchorena",2,1,0,0,1,0,0,,"Avenida",,"ROSARIO","Rosario","Asfalto","S/D","II","Dentro","Urbana","S/D","S/D","Recta","Bueno","Buena","Diurna","Buen Tiempo","De alcance","S/D","Colisión","S/D","S/D","S/D","Sin restricción"
2014,840,17/01/2014,"Viernes",0,08:15:00,,"0.0",2,"Automóvil,Moto/Ciclomotor","Pje. Labroca Y Balcarce",3,2,0,0,1,0,0,,"Calle",,"ROSARIO","Rosario","Asfalto","S/D","II","Dentro","Urbana","Ninguna","No existe","Recta","Bueno","Buena","Diurna","Buen Tiempo","De alcance","S/D","Colisión","S/D","S/D","S/D","Sin restricción"
2014,841,09/01/2014,"Jueves",0,17:55:00,,"0.0",2,"Automóvil,Moto/Ciclomotor","Dorrego Y Milan",3,2,0,0,1,0,0,,"Calle",,"ROSARIO","Rosario","Asfalto","No existe","I","Dentro","Urbana","Ninguna","No existe","Intersección","Bueno","Buena","Diurna","Buen Tiempo","Frontal","S/D","Colisión","Ninguna","Faltante","Ninguna","Sin restricción"
2014,842,08/01/2014,"Miercoles",0,15:30:00,,"0.0",2,"Automóvil,Moto/Ciclomotor","Av. Corrientes Y Milan",3,1,0,0,2,0,0,,"Calle",,"ROSARIO","Rosario","Asfalto","No existe","II","Dentro","Urbana","S/D","No existe","Intersección","Bueno","Buena","Diurna","Buen Tiempo","Lateral","S/D","Colisión","Ninguna","Faltante","Ninguna","Sin restricción"
2014,843,16/01/2014,"Jueves",0,19:30:00,,"0.0",2,"Moto/Ciclomotor,Automóvil","San Martin Y Sanchez de Bustamante",4,3,0,0,1,0,0,,"Avenida",,"ROSARIO","Rosario","Asfalto","S/D","II","Dentro","Urbana","Semáforo","Funciona","Intersección","Bueno","Buena","Atardecer","Buen Tiempo","De alcance","S/D","Colisión","S/D","Vertical","S/D","Sin restricción"
2014,844,07/01/2014,"Martes",0,21:50:00,,"0.0",2,"Moto/Ciclomotor,Moto/Ciclomotor","Av. Uriburu Y San Martin",3,3,0,0,0,0,0,,"Avenida",,"ROSARIO","Rosario","Asfalto","No existe","II","Dentro","Urbana","S/D","Funciona","Intersección","Bueno","Buena","Nocturna","Buen Tiempo","Lateral","S/D","Colisión","Ninguna","Faltante","Ninguna","Sin restricción"
2014,845,03/01/2014,"Viernes",0,22:00:00,,"0.0",2,"Moto/Ciclomotor,Automóvil","Bv. Segui Y L.N.Alem",3,2,0,0,1,0,0,,"Calle",,"ROSARIO","Rosario","Asfalto","No existe","II","Dentro","Urbana","Marca Vial","No existe","Intersección","Bueno","Buena","Nocturna,Con luz artificial","Buen Tiempo","Lateral","S/D","Colisión","S/D","Vertical","Línea divisoria pintada","Sin restricción"
2014,846,14/01/2014,"Martes",0,19:50:00,,"0.0",2,"Moto/Ciclomotor,Automóvil","Mitre Y Juan Canals",4,2,0,0,2,0,0,,"Calle",,"ROSARIO","Rosario","Asfalto","No existe","II","Dentro","Urbana","Ninguna","No existe","Intersección","Bueno","Buena","Diurna","Buen Tiempo","Lateral","S/D","Colisión","S/D","Faltante","S/D","Sin restricción"
2014,847,07/01/2014,"Martes",0,14:00:00,,"0.0",2,"Automóvil,Moto/Ciclomotor","Bv. Segui 2100",3,2,0,0,1,0,0,,"Avenida",,"ROSARIO","Rosario","Asfalto","No existe","II","Dentro","Urbana","Ninguna","No existe","Intersección","Bueno","Buena","Diurna","Buen Tiempo","Lateral","S/D","Colisión","Ninguna","Faltante","Ninguna","Sin restricción"
2014,848,16/01/2014,"Jueves",0,08:15:00,,"0.0",2,"Moto/Ciclomotor,Automóvil","Italia Y Uruguay",2,1,0,0,1,0,0,,"Calle",,"ROSARIO","Rosario","Asfalto","S/D","II","Dentro","Urbana","S/D","No existe","Intersección","Bueno","Buena","Diurna","Buen Tiempo","Lateral","S/D","Colisión","S/D","S/D","S/D","Sin restricción"
2014,849,07/01/2014,"Martes",0,12:45:00,,"0.0",2,"Automóvil,Moto/Ciclomotor","Pje. Quintanilla Y Mitre",3,2,0,0,1,0,0,,"Calle",,"ROSARIO","Rosario","Asfalto","No existe","II","Dentro","Urbana","Ninguna","No existe","Intersección","Bueno","Buena","Diurna","Buen Tiempo","Lateral","S/D","Colisión","Ninguna","Faltante","Ninguna","Sin restricción"
2014,850,26/01/2014,"Domingo",0,06:10:00,,"0.0",2,"Automóvil,Automóvil","Ayacucho Y Pje. 525",4,2,0,0,2,0,0,,"S/D",,"ROSARIO","Rosario","Asfalto","No existe","II","S/D","S/D","Ninguna","No existe","Intersección","S/D","Buena","Diurna","Buen Tiempo","Lateral","S/D","Colisión","S/D","S/D","Ninguna","Sin restricción"
2014,851,13/01/2014,"Lunes",0,17:40:00,,"0.0",2,"Moto/Ciclomotor,Moto/Ciclomotor","Mariano Cabal Bis Y Pje. Franklin",2,0,1,0,0,0,1,,"Calle",,"ROSARIO","Rosario","Asfalto","S/D","II","Dentro","Urbana","Ninguna","No existe","Intersección","Bueno","Buena","Diurna","Buen Tiempo","S/D","S/D","Colisión","S/D","Faltante","S/D","Sin restricción"
2014,852,15/01/2014,"Miercoles",0,,,"0.0",2,"Moto/Ciclomotor,Peatón","Balcarce Y Av. Pellegrini",2,1,0,0,1,0,0,,"Calle",,"ROSARIO","Rosario","Asfalto","S/D","II","S/D","Urbana","S/D","Funciona","Intersección","S/D","S/D","S/D","S/D","S/D","S/D","S/D","S/D","Vertical","S/D","S/D"
2014,853,09/01/2014,"Jueves",0,16:39:00,,"0.0",2,"Moto/Ciclomotor,Pickup/Utilitario","G.Carrasco Y Pje. San Cristobal Bis",2,1,0,0,1,0,0,,"Calle",,"ROSARIO","Rosario","Asfalto","S/D","II","S/D","Urbana","Ninguna","S/D","Intersección","Bueno","S/D","S/D","Buen Tiempo","Lateral","S/D","Colisión","S/D","Faltante","Ninguna","Sin restricción"
2014,854,26/01/2014,"Domingo",0,,,"0.0",2,"Automóvil,Moto/Ciclomotor","Entre Rios Y Bv. Segui",6,3,0,0,3,0,0,,"Calle",,"ROSARIO","Rosario","Asfalto","S/D","II","Dentro","Urbana","S/D","S/D","Intersección","Bueno","Buena","S/D","Buen Tiempo","De alcance","S/D","Colisión","S/D","S/D","S/D","Sin restricción"
2014,855,23/01/2014,"Jueves",0,20:20:00,,"0.0",2,"Moto/Ciclomotor,Automóvil","Ayacucho Y Reg.11 de Infanteria",3,1,0,0,2,0,0,,"S/D",,"ROSARIO","Rosario","Asfalto","No existe","II","S/D","S/D","Señal Pare","No existe","Intersección","Bueno","S/D","Diurna","S/D","Lateral","S/D","Colisión","S/D","Horizontal,Vertical","Línea divisoria pintada","Sin restricción"
2014,856,08/01/2014,"Miercoles",0,,,"0.0",2,"Moto/Ciclomotor,Automóvil","Mariano Cabal Bis Y J.J.Paso",3,1,0,0,2,0,0,,"Avenida",,"ROSARIO","Rosario","Asfalto","Pavimento","II","Dentro","Urbana","Ninguna","No existe","Recta","Bueno","Buena","Diurna","Buen Tiempo","Otro","S/D","Otro","Ninguna","Faltante","Ninguna","Sin restricción"
2014,857,09/01/2014,"Jueves",0,06:50:00,,"0.0",2,"Moto/Ciclomotor,Transporte de Pasajeros Urbano (> 8 asientos)","Pago Largo Y A.Maza",2,1,0,0,1,0,0,,"Calle",,"ROSARIO","Rosario","Asfalto","No existe","II","S/D","Urbana","Ninguna","No existe","Recta","Bueno","Buena","Diurna","Buen Tiempo","De alcance","S/D","Colisión","Otro","Faltante","Ninguna","Sin restricción"
2014,858,12/01/2014,"Domingo",0,19:30:00,,"0.0",2,"Automóvil,Moto/Ciclomotor","San Martin Y Ayolas",3,1,0,0,2,0,0,,"Calle",,"ROSARIO","Rosario","Asfalto","No existe","II","Dentro","Urbana","Ninguna","No existe","Recta","Bueno","Buena","Diurna","Buen Tiempo","Frontal","S/D","Colisión","Agua","Faltante","Ninguna","Sin restricción"
2014,859,09/01/2014,"Jueves",0,14:00:00,,"0.0",2,"Bicicleta,Automóvil","L.M.Drago Bis Y Jose Ingenieros",2,1,0,0,1,0,0,,"Calle",,"ROSARIO","Rosario","Asfalto","S/D","II","S/D","Urbana","Ninguna","S/D","Intersección","Bueno","S/D","S/D","Buen Tiempo","S/D","S/D","Atropello","S/D","Faltante","S/D","Sin restricción"
2014,860,21/01/2014,"Martes",0,08:00:00,,"0.0",2,"Automóvil,Automóvil","Leiva Y Sanchez de Bustamante",2,1,0,0,1,0,0,,"Calle",,"ROSARIO","Rosario","Asfalto","No existe","II","S/D","Urbana","Ninguna","No existe","Intersección","Bueno","S/D","Diurna","Buen Tiempo","Lateral","S/D","Colisión","S/D","S/D","Ninguna","Sin restricción"
2014,861,10/01/2014,"Viernes",0,22:30:00,,"0.0",2,"Automóvil,Moto/Ciclomotor","Laprida Y Pte.Quintana",3,2,0,0,1,0,0,,"Calle",,"ROSARIO","Rosario","Asfalto","Pavimento","II","Dentro","Urbana","Ninguna","No existe","Intersección","Bueno","Buena","Nocturna","Buen Tiempo","Lateral","S/D","Colisión","S/D","Horizontal","Línea divisoria pintada","Sin restricción"
2014,862,12/01/2014,"Domingo",0,,,"0.0",2,"Bicicleta,Automóvil","J.J.Paso Y Colombia",2,1,0,0,0,0,1,,"Calle",,"ROSARIO","Rosario","Asfalto","S/D","II","Dentro","Urbana","Ninguna","No existe","Intersección","Bueno","Buena","Nocturna","Buen Tiempo","S/D","S/D","Atropello","S/D","Faltante","S/D","Sin restricción"
2014,863,05/01/2014,"Domingo",0,22:20:00,,"0.0",2,"Automóvil,Moto/Ciclomotor","Av. Luis Carballo 300",3,1,0,0,2,0,0,,"Avenida",,"ROSARIO","Rosario","Hormigón","No existe","II","Dentro","Urbana","Semáforo","Funciona","Recta","Bueno","Buena","Nocturna","Buen Tiempo","Contra objeto fijo","S/D","Colisión","S/D","Vertical","Cordón divisorio","Sin restricción"
2014,864,21/01/2014,"Martes",0,08:00:00,,"0.0",2,"Moto/Ciclomotor,Automóvil","Ayacucho 600",2,1,0,0,1,0,0,,"Calle",,"ROSARIO","Rosario","Asfalto","No existe","II","S/D","Urbana","S/D","S/D","Recta","Bueno","S/D","S/D","S/D","De alcance","S/D","Colisión","S/D","S/D","Línea divisoria pintada","S/D"
2014,865,07/01/2014,"Martes",0,12:00:00,,"0.0",2,"Taxi/Remis,Peatón","Dorrego Y Bv. Segui",2,1,0,0,1,0,0,,"Calle",,"ROSARIO","Rosario","Asfalto","No existe","II","Dentro","Urbana","Ninguna","No existe","Intersección","Bueno","Buena","Diurna","Buen Tiempo","S/D","S/D","Atropello","Ninguna","Faltante","Ninguna","Sin restricción"
2014,866,19/01/2014,"Domingo",0,14:30:00,,"0.0",2,"Moto/Ciclomotor,Automóvil","Av. Circunvalacion Y Baigorria",3,1,1,0,1,0,0,,"S/D",,"ROSARIO","Rosario","Asfalto","No existe","II","S/D","S/D","Ninguna","No existe","Recta","Bueno","Buena","Diurna","Buen Tiempo","Lateral","S/D","Colisión","Ninguna","Faltante","Ninguna","Sin restricción"
2014,867,06/01/2014,"Lunes",0,14:45:00,,"0.0",2,"Moto/Ciclomotor,Automóvil","Bv. Segui 1800",2,1,0,0,1,0,0,,"Calle",,"ROSARIO","Rosario","Asfalto","No existe","II","Dentro","Urbana","Ninguna","No existe","Intersección","Bueno","Buena","Diurna","Buen Tiempo","Lateral","S/D","Colisión","Ninguna","Faltante","Ninguna","Sin restricción"
2014,868,19/01/2014,"Domingo",0,05:00:00,,"0.0",2,"Moto/Ciclomotor,Automóvil","Av. Ntra.Sra.del Rosario Y Ayacucho",2,1,0,0,1,0,0,,"Calle",,"ROSARIO","Rosario","Asfalto","No existe","II","S/D","Urbana","Semáforo","Intermitente","Intersección","Bueno","Buena","Amanecer","S/D","Lateral","S/D","Colisión","S/D","S/D","Línea divisoria pintada","Sin restricción"
2014,869,06/01/2014,"Lunes",0,07:45:00,,"0.0",2,"Automóvil,Moto/Ciclomotor","8 de Noviembre Y Albert Sabin",2,0,1,0,1,0,0,,"Avenida",,"ROSARIO","Rosario","Asfalto","No existe","II","S/D","S/D","Semáforo","Funciona","Recta","Bueno","Buena","Diurna","Buen Tiempo","Otro","S/D","Colisión","Otro","Horizontal,Vertical","Cordón divisorio","Sin restricción"
2014,870,05/01/2014,"Domingo",0,18:00:00,,"0.0",2,"Moto/Ciclomotor,Automóvil","Av. Belgrano Y L.N.Alem",2,1,0,0,1,0,0,,"Calle",,"ROSARIO","Rosario","S/D","No existe","II","Dentro","Urbana","Ninguna","No existe","Intersección","Otro","Buena","Atardecer","Otro","Lateral","S/D","Colisión","Otro","Faltante","Cordón divisorio","Sin restricción"
2014,871,30/01/2014,"Jueves",0,11:45:00,,"0.0",2,"Automóvil,Moto/Ciclomotor","Entre Rios Y La Paz",2,1,0,0,1,0,0,,"Calle",,"ROSARIO","Rosario","Asfalto","S/D","II","S/D","Urbana","S/D","S/D","Intersección","S/D","S/D","Diurna","S/D","S/D","S/D","Colisión","S/D","S/D","S/D","S/D"
2014,872,06/01/2014,"Lunes",0,22:50:00,,"0.0",2,"Moto/Ciclomotor,Moto/Ciclomotor","Bv. Oroño Y Pte.Quintana",3,1,0,0,2,0,0,,"Calle",,"ROSARIO","Rosario","Asfalto","No existe","II","Dentro","Urbana","Semáforo","Funciona","Intersección","Bueno","Buena","Nocturna","Buen Tiempo","Lateral","S/D","Colisión","Ninguna","Faltante","Ninguna","Sin restricción"
2014,873,13/01/2014,"Lunes",0,18:00:00,,"0.0",2,"Moto/Ciclomotor,Automóvil","Av. Eudoro Carrasco Y Gallo",3,2,0,0,1,0,0,,"Avenida",,"ROSARIO","Rosario","Asfalto","Pavimento","II","S/D","S/D","Semáforo","Funciona","Recta","Bueno","Buena","Diurna","Buen Tiempo","Lateral","S/D","Colisión","Otro","Horizontal,Vertical","Cordón divisorio","Sin restricción"
2014,874,13/01/2014,"Lunes",0,23:00:00,,"0.0",2,"Pickup/Utilitario,Automóvil","Bv. Rondeau Y Luis Vila",3,1,0,0,2,0,0,,"Calle",,"ROSARIO","Rosario","Asfalto","No existe","II","S/D","Urbana","Semáforo","Funciona","Recta","Bueno","Buena","Nocturna,Con luz artificial","Buen Tiempo","De alcance","S/D","Colisión","Otro","Vertical","Cordón divisorio","Sin restricción"
2014,875,31/01/2014,"Viernes",0,15:10:00,,"0.0",2,"Bicicleta,Automóvil","Sarmiento Y San Martin",2,1,0,0,1,0,0,,"Calle",,"ROSARIO","Rosario","Asfalto","S/D","II","S/D","Urbana","S/D","S/D","Intersección","S/D","S/D","S/D","S/D","S/D","S/D","Atropello","S/D","S/D","S/D","S/D"
2014,876,04/01/2014,"Sabado",0,10:30:00,,"0.0",2,"Automóvil,Moto/Ciclomotor","Gaboto 3100",2,1,0,0,1,0,0,,"Calle",,"ROSARIO","Rosario","Asfalto","No existe","II","Dentro","Urbana","Ninguna","No existe","Intersección","Bueno","Buena","Diurna","Buen Tiempo","De alcance","S/D","Colisión","Ninguna","Faltante","Ninguna","Sin restricción"
2014,877,06/01/2014,"Lunes",0,08:15:00,,"0.0",2,"Moto/Ciclomotor,Automóvil","Bv. Rondeau Y Av. Puccio",2,1,0,0,1,0,0,,"Avenida",,"ROSARIO","Rosario","Asfalto","No existe","II","S/D","Urbana","Semáforo","Funciona","Recta","Bueno","Buena","Diurna","Buen Tiempo","De alcance","S/D","Colisión","Otro","Horizontal,Vertical","Cordón divisorio","Sin restricción"
2014,878,04/01/2014,"Sabado",0,19:40:00,,"0.0",2,"Automóvil,Moto/Ciclomotor","Estado de Israel Y Italia",3,2,0,0,1,0,0,,"Calle",,"ROSARIO","Rosario","Asfalto","No existe","II","Dentro","Urbana","S/D","No existe","Intersección","Bueno","Buena","Diurna","Buen Tiempo","Lateral","S/D","Colisión","Ninguna","Faltante","S/D","Sin restricción"
2014,879,30/01/2014,"Jueves",0,12:30:00,,"0.0",2,"Moto/Ciclomotor,Peatón","Entre Rios 2500",2,2,0,0,0,0,0,,"Calle",,"ROSARIO","Rosario","S/D","S/D","II","S/D","Urbana","S/D","S/D","S/D","S/D","S/D","Diurna","S/D","S/D","S/D","Atropello","S/D","S/D","S/D","S/D"
2014,880,09/01/2014,"Jueves",0,09:30:00,,"0.0",2,"Moto/Ciclomotor,Automóvil","Albert Sabin 1300",2,1,0,0,1,0,0,,"Avenida",,"ROSARIO","Rosario","Asfalto","No existe","II","Dentro","Urbana","Semáforo","Funciona","Recta","Bueno","Buena","Diurna","Buen Tiempo","Frontal","S/D","Colisión","Otro","Horizontal,Vertical","Cordón divisorio","Sin restricción"
2014,881,09/01/2014,"Jueves",0,21:00:00,,"0.0",2,"Automóvil,Moto/Ciclomotor","Av San Martin 1846",3,2,0,0,1,0,0,,"Avenida",,"PEREZ","Rosario","S/D","No existe","II","Dentro","Urbana","Ninguna","No existe","Intersección","Otro","Buena","Nocturna,Con luz artificial","Otro","Lateral","S/D","Colisión","Otro","Faltante","Línea divisoria pintada","Sin restricción"
2014,882,29/01/2014,"Miercoles",0,18:40:00,,"0.0",2,"Moto/Ciclomotor,Automóvil","Bv. 27 De Febrero Y Rodriguez",2,1,0,0,1,0,0,,"Avenida",,"ROSARIO","Rosario","S/D","S/D","II","S/D","Urbana","S/D","S/D","Intersección","S/D","S/D","Atardecer","S/D","S/D","S/D","Colisión","S/D","S/D","S/D","S/D"
2014,883,04/01/2014,"Sabado",0,16:30:00,,"0.0",2,"Moto/Ciclomotor,Moto/Ciclomotor","Rodriguez Y Coulin",2,1,0,0,0,0,1,,"Avenida",,"ROSARIO","Rosario","Asfalto","No existe","II","Dentro","Urbana","Ninguna","No existe","Intersección","Bueno","Buena","Diurna","Buen Tiempo","Lateral","S/D","Colisión","Ninguna","Faltante","Ninguna","Sin restricción"
2014,884,03/01/2014,"Viernes",0,17:30:00,,"0.0",2,"Automóvil,Moto/Ciclomotor","Av. Corrientes Y Biedma",2,1,0,0,1,0,0,,"Calle",,"ROSARIO","Rosario","Asfalto","No existe","II","Dentro","Urbana","Ninguna","No existe","Intersección","Bueno","Buena","Diurna","Buen Tiempo","Lateral","S/D","Colisión","Ninguna","Faltante","Ninguna","Sin restricción"
2014,885,09/01/2014,"Jueves",0,23:20:00,,"0.0",2,"Automóvil,Bicicleta","Mariano Moreno Y Bv Centenario",2,1,0,0,1,0,0,,"Avenida",,"ACEBAL","Rosario","Asfalto","No existe","II","Dentro","Urbana","Ninguna","No existe","Intersección","Bueno","Buena","Nocturna,Con luz artificial","Buen Tiempo","S/D","S/D","Atropello","Ninguna","Vertical","Ninguna","Sin restricción"
2014,886,03/01/2014,"Viernes",0,12:00:00,,"0.0",2,"Peatón,Taxi/Remis","Dr.Rivas Y Av. Corrientes",2,1,0,0,0,0,1,,"Calle",,"ROSARIO","Rosario","Asfalto","No existe","II","Dentro","Urbana","Ninguna","No existe","Intersección","Bueno","Buena","Diurna","Buen Tiempo","S/D","S/D","Atropello","Ninguna","Faltante","Ninguna","Sin restricción"
2014,887,03/01/2014,"Viernes",0,10:30:00,,"0.0",2,"Moto/Ciclomotor,Automóvil","Pte.Roca Y Av. Pellegrini",2,1,0,0,1,0,0,,"Calle",,"ROSARIO","Rosario","Asfalto","S/D","II","S/D","Urbana","S/D","S/D","Intersección","S/D","S/D","Diurna","S/D","S/D","S/D","Colisión","S/D","S/D","S/D","S/D"
2014,888,03/01/2014,"Viernes",0,13:30:00,,"0.0",2,"Automóvil,Camión","Garay Y Balcarce",2,1,0,0,1,0,0,,"Calle",,"ROSARIO","Rosario","Asfalto","No existe","II","Dentro","Urbana","Ninguna","No existe","Intersección","Bueno","Buena","Diurna","Buen Tiempo","Lateral","S/D","Colisión","Ninguna","Faltante","Ninguna","Sin restricción"
2014,889,04/01/2014,"Sabado",0,20:00:00,,"0.0",2,"Moto/Ciclomotor,Automóvil","Av. Corrientes Y Viamonte",2,1,0,0,1,0,0,,"Calle",,"ROSARIO","Rosario","Asfalto","S/D","II","Dentro","Urbana","S/D","S/D","Intersección","S/D","S/D","Nocturna","S/D","S/D","S/D","Colisión","S/D","S/D","Barrera de hormigón","S/D"
2014,890,02/01/2014,"Jueves",0,16:15:00,,"0.0",3,"Automóvil,Taxi/Remis,Peatón","Rodriguez Y Uruguay",3,3,0,0,0,0,0,,"Calle",,"ROSARIO","Rosario","Asfalto","No existe","II","Dentro","Urbana","Ninguna","No existe","Intersección","Bueno","Buena","Diurna","Buen Tiempo","De alcance,Lateral,Múltiple","S/D","Colisión,Atropello","Ninguna","Faltante","Ninguna","Sin restricción"
2014,891,01/01/2014,"Miercoles",0,13:15:00,,"0.0",2,"Automóvil,Moto/Ciclomotor","Bv. Segui Y Italia",2,1,0,0,1,0,0,,"Calle",,"ROSARIO","Rosario","Asfalto","No existe","II","Dentro","Urbana","Ninguna","No existe","Intersección","Bueno","Buena","Diurna","Buen Tiempo","Lateral","S/D","Colisión","Ninguna","Faltante","Ninguna","Sin restricción"
2014,892,05/01/2014,"Domingo",0,,,"0.0",2,"Taxi/Remis,Automóvil","Sarmiento Y Viamonte",3,1,0,0,2,0,0,,"Calle",,"ROSARIO","Rosario","Asfalto","S/D","II","S/D","Urbana","S/D","S/D","Intersección","S/D","S/D","S/D","S/D","S/D","S/D","Colisión","S/D","S/D","S/D","S/D"