"anio_acci","nro_acci","fecha","desc_dia","fecha_aprox","hora_aprox","desc_ruta","km","cant_participantes","desc_participante","calle_avenida_km","total","heridos_leves","heridos_graves","heridos_gravisimos","ilesos","fallecidos","sin_datos","posicion_XY","desc_tipo_via","desc_ruta_ori","desc_loc","desc_dpto","desc_tipo_calzada","desc_tipo_banquina","desc_unidad_regional","desc_lugar_calzada","desc_zona","desc_prioridad","desc_estado_semaforo","desc_lugar_via","desc_estado_via","desc_estado_visibilidad","desc_luminosidad","desc_estado_clima","desc_tipo_colision","desc_tipo_atropello","desc_tipo_hecho","desc_pres_calzada","desc_senializacion","desc_separacion_via","desc_restriccion"
2014,893,15/01/2014,"Miercoles",0,12:00:00,,"0.0",2,"Moto/Ciclomotor,Pickup/Utilitario","GUILLERMO TELL 300",2,1,0,0,1,0,0,,"Calle",,"ROSARIO","Rosario","Asfalto","No existe","II","Dentro","Urbana","Ninguna","No existe","Recta","Bueno","Buena","Diurna","Buen Tiempo","De alcance","S/D","Colisión","S/D","S/D","Ninguna","Sin restricción"
2014,894,05/01/2014,"Domingo",0,07:30:00,,"0.0",2,"Automóvil,Moto/Ciclomotor","Av. Pellegrini 1700",3,0,1,0,2,0,0,,"Avenida",,"ROSARIO","Rosario","S/D","S/D","II","S/D","Urbana","S/D","Funciona","Recta","S/D","S/D","Diurna","S/D","S/D","S/D","Colisión","S/D","Vertical","S/D","S/D"
2014,895,02/01/2014,"Jueves",0,13:30:00,,"0.0",2,"Moto/Ciclomotor,Automóvil","Av. Battle y Ordoñez Y Ayacucho",2,1,0,0,1,0,0,,"Avenida",,"ROSARIO","Rosario","Asfalto","No existe","II","Dentro","Urbana","Semáforo","Funciona","Intersección","Bueno","Buena","Diurna","Buen Tiempo","Lateral","S/D","Colisión","S/D","S/D","Ninguna","Sin restricción"
2014,896,11/01/2014,"Sabado",0,10:40:00,"Ruta Secundaria 26-s","999.9",1,"Otros"," ",1,0,1,0,0,0,0,,"Ruta","26-s","ANDINO","Iriondo","Asfalto","Natural","II","Dentro","Urbana","Marca Vial","No existe","Recta","Bueno","S/D","Diurna","Buen Tiempo","S/D","S/D","Colisión","S/D","Horizontal","Línea divisoria pintada","Sin restricción"
2014,897,06/01/2014,"Lunes",0,11:20:00,,"0.0",2,"Moto/Ciclomotor,Automóvil","Rueda Y Ricchieri",3,2,0,0,1,0,0,,"Calle",,"ROSARIO","Rosario","Asfalto","S/D","II","S/D","Urbana","S/D","S/D","Intersección","S/D","S/D","Diurna","S/D","S/D","S/D","Colisión","S/D","S/D","S/D","S/D"
2014,898,02/01/2014,"Jueves",0,22:40:00,,"0.0",2,"Automóvil,Automóvil","Av. Ntra.Sra.del Rosario Y Av. Castro Barros",6,4,0,0,2,0,0,,"Avenida",,"ROSARIO","Rosario","Asfalto","No existe","II","Dentro","Urbana","Semáforo","Intermitente","Intersección","Bueno","Buena","Nocturna","Buen Tiempo","Lateral","S/D","Colisión","S/D","S/D","Ninguna","Sin restricción"
2014,899,09/01/2014,"Jueves",0,14:00:00,"Ruta Secundaria 26-s","0.0",1,"Otros"," ",1,1,0,0,0,0,0,,"Ruta","26-s","ANDINO","Iriondo","Asfalto","Natural","X","Dentro","Urbana","Ninguna","No existe","Intersección","Bueno","Buena","Diurna","Buen Tiempo","Lateral","S/D","Colisión","S/D","Horizontal","Ninguna","Sin restricción"
2014,900,06/01/2014,"Lunes",0,07:40:00,,"0.0",2,"Pickup/Utilitario,Moto/Ciclomotor","Italia Y Cerrito",3,2,0,0,1,0,0,,"Calle",,"ROSARIO","Rosario","Asfalto","S/D","II","S/D","Urbana","S/D","S/D","Intersección","S/D","S/D","Diurna","S/D","S/D","S/D","Colisión","S/D","Faltante","S/D","S/D"
2014,901,06/01/2014,"Lunes",0,12:30:00,,"0.0",2,"Moto/Ciclomotor,Pickup/Utilitario","Bv. 27 De Febrero Y Dorrego",2,1,0,0,1,0,0,,"Calle",,"ROSARIO","Rosario","S/D","S/D","II","S/D","Urbana","S/D","Funciona","Intersección","S/D","S/D","S/D","S/D","S/D","S/D","Colisión","S/D","Vertical","S/D","S/D"
2014,902,10/01/2014,"Viernes",0,,,"0.0",2,"Moto/Ciclomotor,Automóvil","Av. Arijon Y Ayacucho",3,2,0,0,1,0,0,,"Avenida",,"ROSARIO","Rosario","Asfalto","No existe","II","Dentro","Urbana","Semáforo","Funciona","Intersección","Bueno","Buena","S/D","Buen Tiempo","Lateral","S/D","Colisión","S/D","S/D","Línea divisoria pintada","Sin restricción"
2014,903,07/01/2014,"Martes",0,01:00:00,,"0.0",2,"Taxi/Remis,Moto/Ciclomotor","Bv. 27 De Febrero Y Entre Rios",2,1,0,0,1,0,0,,"Avenida",,"ROSARIO","Rosario","S/D","S/D","II","S/D","Urbana","S/D","Intermitente","S/D","S/D","S/D","Nocturna","S/D","S/D","S/D","Colisión","S/D","Vertical","S/D","S/D"
2014,904,01/01/2014,"Miercoles",0,15:00:00,,"0.0",2,"Automóvil,Moto/Ciclomotor","San Martin Y Pasco",2,1,0,0,1,0,0,,"Avenida",,"ROSARIO","Rosario","Asfalto","S/D","II","Dentro","Urbana","S/D","S/D","Intersección","S/D","S/D","Diurna","S/D","S/D","S/D","Colisión","S/D","Faltante","S/D","S/D"
2014,905,07/01/2014,"Martes",0,,,"0.0",2,"Automóvil,Moto/Ciclomotor","Virasoro Y Pte.Roca",2,1,0,0,1,0,0,,"Calle",,"ROSARIO","Rosario","Asfalto","S/D","II","S/D","Urbana","S/D","S/D","Intersección","S/D","S/D","S/D","S/D","S/D","S/D","Colisión","S/D","S/D","S/D","S/D"
2014,906,02/01/2014,"Jueves",0,09:00:00,,"0.0",2,"Automóvil,Automóvil","Paraguay Y Virasoro",2,1,0,0,1,0,0,,"Calle",,"ROSARIO","Rosario","Asfalto","S/D","II","S/D","Urbana","S/D","S/D","Intersección","S/D","S/D","Diurna","S/D","S/D","S/D","Colisión","S/D","S/D","Barrera de hormigón","S/D"
2014,907,09/01/2014,"Jueves",0,17:30:00,,"0.0",2,"Moto/Ciclomotor,Automóvil","Paraguay Y Amenabar",3,2,0,0,1,0,0,,"Calle",,"ROSARIO","Rosario","Asfalto","S/D","II","S/D","Urbana","S/D","S/D","Intersección","S/D","S/D","Diurna","S/D","S/D","S/D","Colisión","S/D","S/D","S/D","S/D"
2014,908,09/01/2014,"Jueves",0,17:00:00,,"0.0",2,"Automóvil,Moto/Ciclomotor","Paraguay Y Galvez",3,2,0,0,1,0,0,,"Calle",,"ROSARIO","Rosario","S/D","S/D","II","S/D","Urbana","S/D","S/D","Intersección","S/D","S/D","Diurna","S/D","S/D","S/D","Colisión","S/D","S/D","S/D","S/D"
2014,909,11/01/2014,"Sabado",0,00:20:00,,"0.0",2,"Automóvil,Moto/Ciclomotor","Bv. 27 De Febrero Y Sarmiento",2,1,0,0,1,0,0,,"Avenida",,"ROSARIO","Rosario","S/D","S/D","II","S/D","Urbana","S/D","S/D","Intersección","S/D","S/D","Nocturna","S/D","S/D","S/D","Colisión","S/D","Vertical","S/D","S/D"
2014,910,13/01/2014,"Lunes",0,21:30:00,,"0.0",2,"Automóvil,Moto/Ciclomotor","Ricchieri Y Viamonte",3,1,0,0,2,0,0,,"Calle",,"ROSARIO","Rosario","S/D","S/D","II","S/D","Urbana","S/D","S/D","Intersección","S/D","S/D","Nocturna","S/D","S/D","S/D","Colisión","S/D","S/D","S/D","S/D"
2014,911,13/01/2014,"Lunes",0,10:30:00,,"0.0",2,"Moto/Ciclomotor,Automóvil","Ocampo 1300",2,0,1,0,1,0,0,,"Calle",,"ROSARIO","Rosario","S/D","S/D","II","S/D","Urbana","S/D","S/D","Recta","S/D","S/D","Diurna","S/D","De alcance","S/D","Colisión","S/D","S/D","S/D","S/D"
2014,912,10/01/2014,"Viernes",0,19:15:00,,"0.0",2,"Taxi/Remis,Automóvil","Bv. 27 De Febrero Y Entre Rios",2,1,0,0,1,0,0,,"Avenida",,"ROSARIO","Rosario","S/D","S/D","II","S/D","Urbana","S/D","Funciona","Intersección","S/D","S/D","Atardecer","S/D","De alcance","S/D","Colisión","S/D","Vertical","S/D","S/D"
2014,913,13/01/2014,"Lunes",0,,,"0.0",2,"Automóvil,Bicicleta","Av. Francia Y Cerrito",2,1,0,0,1,0,0,,"Avenida",,"ROSARIO","Rosario","S/D","S/D","II","S/D","Urbana","S/D","S/D","Intersección","S/D","S/D","S/D","S/D","S/D","S/D","Atropello","S/D","S/D","S/D","S/D"
2014,914,13/01/2014,"Lunes",0,11:40:00,,"0.0",2,"Moto/Ciclomotor,Automóvil","Dorrego Y Rueda",2,1,0,0,1,0,0,,"Calle",,"ROSARIO","Rosario","S/D","S/D","II","S/D","Urbana","S/D","S/D","Intersección","S/D","S/D","Diurna","S/D","S/D","S/D","Colisión","S/D","S/D","S/D","S/D"
2014,915,14/01/2014,"Martes",0,,,"0.0",2,"Automóvil,Moto/Ciclomotor","Av. Corrientes Y Ituzaingo",3,2,0,0,1,0,0,,"Calle",,"ROSARIO","Rosario","S/D","S/D","II","S/D","Urbana","S/D","S/D","Intersección","S/D","S/D","S/D","S/D","S/D","S/D","Colisión","S/D","S/D","S/D","S/D"
2014,916,03/01/2014,"Viernes",0,,,"0.0",2,"Moto/Ciclomotor,Automóvil","INTENDENTE MORCILLO Y VALVO",2,1,0,0,1,0,0,,"Calle",,"ROSARIO","Rosario","Asfalto","S/D","II","S/D","Urbana","S/D","S/D","Intersección","S/D","S/D","S/D","S/D","S/D","S/D","Colisión","S/D","S/D","S/D","S/D"
2014,917,11/01/2014,"Sabado",0,03:10:00,,"0.0",2,"Moto/Ciclomotor,Automóvil"," ",2,1,0,0,1,0,0,,"Calle",,"EL TRÉBOL","San Martín","Tierra","Natural","XVIII","Dentro","Urbana","Ninguna","No existe","Intersección","Bueno","S/D","Nocturna","Buen Tiempo","De alcance","S/D","Colisión","S/D","Horizontal","Ninguna","Sin restricción"
2014,918,14/01/2014,"Martes",0,19:00:00,,"0.0",2,"Automóvil,Pickup/Utilitario","Iturraspe Y J B Alberdi",4,3,0,0,1,0,0,,"Calle",,"SASTRE","San Martín","Asfalto","No existe","XVIII","Dentro","Urbana","Ninguna","No existe","Intersección","Bueno","Buena","Diurna","Buen Tiempo","Lateral","S/D","Colisión","S/D","Faltante","Ninguna","Sin restricción"
2014,919,15/01/2014,"Miercoles",0,17:55:00,,"0.0",2,"Camión,Camión"," ",3,1,0,0,2,0,0,,"Calle",,"SASTRE","San Martín","Tierra","No existe","XVIII","Dentro","Urbana","Ninguna","No existe","Recta","Bueno","Reducida polvo","Diurna","Buen Tiempo","De alcance","S/D","Colisión","S/D","Faltante","Ninguna","Sin restricción"
2014,920,22/02/2014,"Sabado",0,05:15:00,"Ruta Nacional 34","154.0",2,"Transporte de Pasajeros Larga Distancia (Doble Piso),Camión"," ",55,9,4,0,42,0,0,,"Ruta",34,"SAN MARTIN DE LAS ESCOBAS","San Martín","Asfalto","Ripio","XVIII","Dentro","Rural","Ninguna","No existe","Paso a Nivel FFCC","Ahuellamiento","Buena","Nocturna","Buen Tiempo","Frontal","S/D","Colisión","S/D","Horizontal,Vertical","Línea divisoria pintada","Sin restricción"
2014,921,27/02/2014,"Jueves",0,09:30:00,"Ruta Nacional 34","144.0",2,"Camión,Camión"," ",2,1,0,0,1,0,0,,"Ruta",34,"SAN MARTIN DE LAS ESCOBAS","San Martín","Asfalto","Ripio","XVIII","Dentro","Rural","Ninguna","No existe","Recta","Bueno","Buena","Diurna","Buen Tiempo","Lateral","S/D","Colisión","S/D","Horizontal,Vertical","Línea divisoria pintada","Sin restricción"
2014,922,01/02/2014,"Sabado",0,19:45:00,,"0.0",2,"Moto/Ciclomotor,Automóvil","Colón ",2,1,0,0,1,0,0,,"Calle",,"EL TRÉBOL","San Martín","Asfalto","Natural","XVIII","Dentro","Urbana","Ninguna","No existe","Intersección","Bueno","Buena","Diurna","Buen Tiempo","S/D","S/D","S/D","S/D","Horizontal","Ninguna","Sin restricción"
2014,923,01/01/2014,"Miercoles",0,05:50:00,,"0.0",2,"Moto/Ciclomotor,Vehículo Oficial","Brigadier Lopez Y 20 De Junio",4,3,1,0,0,0,0,,"Calle",,"ARRUFÓ","San Cristóbal","Hormigón","S/D","XIII","Dentro","Urbana","S/D","S/D","Intersección","S/D","S/D","Amanecer","S/D","Lateral","S/D","Colisión","S/D","S/D","S/D","S/D"
2014,924,17/02/2014,"Lunes",0,19:30:00,,"0.0",2,"Moto/Ciclomotor,Automóvil","Cafferata Y 24 De Setiembre",3,2,0,0,1,0,0,,"Calle",,"ROSARIO","Rosario","Asfalto","No existe","II","Dentro","Urbana","Ninguna","No existe","Intersección","Bueno","Buena","Atardecer","Buen Tiempo","Lateral","S/D","Colisión","Ninguna","Faltante","Cordón divisorio","Sin restricción"
2014,925,27/02/2014,"Jueves",0,22:00:00,,"0.0",2,"Peatón,Automóvil","Bv. Segui Y Pte.Roca",2,1,0,0,1,0,0,,"Avenida",,"ROSARIO","Rosario","S/D","S/D","II","Dentro","Urbana","Ninguna","No existe","Intersección","Bueno","Buena","Nocturna","Buen Tiempo","S/D","S/D","Atropello","Ninguna","Faltante","Ninguna","Sin restricción"
2014,926,03/02/2014,"Lunes",0,04:00:00,,"0.0",2,"Moto/Ciclomotor,Otros","Mitre Y Juan Canals",2,1,0,0,0,0,1,,"Calle",,"ROSARIO","Rosario","Asfalto","No existe","II","Dentro","Urbana","Ninguna","No existe","Intersección","Bueno","Buena","Nocturna","Buen Tiempo","Lateral","S/D","Colisión","S/D","S/D","Ninguna","Sin restricción"
2014,927,26/02/2014,"Miercoles",0,12:40:00,,"0.0",2,"Automóvil,Moto/Ciclomotor","Av. Corrientes Y Uruguay",2,1,0,0,1,0,0,,"Calle",,"ROSARIO","Rosario","S/D","S/D","II","Dentro","Urbana","Ninguna","No existe","Intersección","Bueno","Buena","Diurna","Buen Tiempo","Lateral","S/D","Colisión","Ninguna","Faltante","Ninguna","Sin restricción"
2014,928,14/02/2014,"Viernes",0,13:00:00,,"0.0",2,"Moto/Ciclomotor,Automóvil","Beruti Y Centeno",4,3,0,0,0,1,0,"-32.987866, -60.629612","Calle",,"ROSARIO","Rosario","Asfalto","No existe","II","Dentro","Urbana","Marca Vial","No existe","Intersección","Bueno","Buena","Diurna","Buen Tiempo","Lateral","S/D","Colisión","Ninguna","Vertical","Línea divisoria pintada","Sin restricción"
2014,929,04/02/2014,"Martes",0,11:30:00,,"0.0",2,"Moto/Ciclomotor,Pickup/Utilitario","Av. Corrientes Y Garibaldi",2,1,0,0,1,0,0,,"Calle",,"ROSARIO","Rosario","Asfalto","No existe","II","Dentro","Urbana","Ninguna","No existe","Intersección","Bueno","Buena","Diurna","Buen Tiempo","Lateral","S/D","Colisión","S/D","S/D","Ninguna","Sin restricción"
2014,930,05/02/2014,"Miercoles",0,17:30:00,,"0.0",2,"Automóvil,Bicicleta","Bv. Segui Y Santiago",2,1,0,0,1,0,0,,"Calle",,"ROSARIO","Rosario","Asfalto","No existe","II","Dentro","Urbana","Ninguna","No existe","Intersección","Bueno","Buena","Diurna","Buen Tiempo","S/D","S/D","Atropello","Ninguna","Faltante","Ninguna","Sin restricción"
2014,931,10/02/2014,"Lunes",0,17:00:00,,"0.0",2,"Moto/Ciclomotor,Automóvil","Biedma Y Chacabuco",2,1,0,0,1,0,0,,"Calle",,"ROSARIO","Rosario","Asfalto","No existe","II","Dentro","Urbana","Marca Vial","No existe","Intersección","Bueno","Buena","Diurna","Buen Tiempo","Lateral","S/D","Colisión","Ninguna","Vertical","Línea divisoria pintada","Sin restricción"
2014,932,06/02/2014,"Jueves",0,07:30:00,,"0.0",2,"Automóvil,Moto/Ciclomotor","Av. Corrientes Y Dean Funes",3,1,0,0,2,0,0,,"Calle",,"ROSARIO","Rosario","Asfalto","No existe","II","Dentro","Urbana","Ninguna","No existe","Intersección","Bueno","Buena","Diurna","Buen Tiempo","Lateral","S/D","Colisión","Ninguna","Faltante","Ninguna","Sin restricción"
2014,933,05/02/2014,"Miercoles",0,15:10:00,,"0.0",2,"Automóvil,Automóvil","Bv. Oroño Y Av. Jorge Cura",2,1,0,0,1,0,0,,"Avenida",,"ROSARIO","Rosario","Asfalto","No existe","II","Dentro","Urbana","Ninguna","No existe","Intersección","Bueno","Buena","Diurna","Buen Tiempo","Lateral","S/D","Colisión","Ninguna","Faltante","Ninguna","Sin restricción"
2014,934,09/02/2014,"Domingo",0,22:30:00,,"0.0",2,"Peatón,Moto/Ciclomotor","Ayacucho Y Gaboto",2,1,0,0,1,0,0,,"Calle",,"ROSARIO","Rosario","Asfalto","No existe","II","Dentro","Urbana","Marca Vial","No existe","Intersección","Bueno","Buena","Nocturna","Buen Tiempo","S/D","S/D","Atropello","Ninguna","Vertical","Línea divisoria pintada","Sin restricción"
2014,935,25/02/2014,"Martes",0,17:12:00,,"0.0",2,"Automóvil,Moto/Ciclomotor","San Martin Y Garibaldi",3,2,0,0,1,0,0,,"Calle",,"ROSARIO","Rosario","Asfalto","No existe","II","Dentro","Urbana","S/D","No existe","Intersección","Bueno","Buena","Diurna","Buen Tiempo","Lateral","S/D","Colisión","Ninguna","Faltante","Ninguna","Sin restricción"
2014,936,05/02/2014,"Miercoles",0,19:50:00,,"0.0",2,"Pickup/Utilitario,Moto/Ciclomotor","Alvear Y Pte.Quintana",3,2,0,0,1,0,0,,"Calle",,"ROSARIO","Rosario","Asfalto","No existe","II","Dentro","Urbana","Ninguna","No existe","Intersección","Bueno","Buena","Diurna","Buen Tiempo","Lateral","S/D","Colisión","Ninguna","Faltante","Ninguna","Sin restricción"
2014,937,08/02/2014,"Sabado",0,02:00:00,,"0.0",2,"Moto/Ciclomotor,Automóvil","Bv. Avellaneda Y Bv. Segui",3,2,0,0,1,0,0,,"Avenida",,"ROSARIO","Rosario","Asfalto","Pavimento","II","Dentro","Urbana","Marca Vial","Funciona","Intersección","Bueno","Buena","Nocturna,Con luz artificial","Buen Tiempo","Lateral","S/D","Colisión","Ninguna","Vertical","Cordón divisorio","Sin restricción"
2014,938,24/02/2014,"Lunes",0,17:20:00,,"0.0",2,"Automóvil,Moto/Ciclomotor","Bv. Oroño Y Bv. Segui",2,1,0,0,1,0,0,,"Avenida",,"ROSARIO","Rosario","Asfalto","No existe","II","Dentro","Urbana","Ninguna","No existe","Intersección","Bueno","Buena","Diurna","Buen Tiempo","Lateral","S/D","Colisión","Ninguna","Faltante","Ninguna","Sin restricción"
2014,939,08/02/2014,"Sabado",0,20:00:00,,"0.0",2,"Moto/Ciclomotor,Automóvil","Buenos Aires Y Bv. Segui",3,2,0,0,1,0,0,,"Calle",,"ROSARIO","Rosario","Asfalto","No existe","II","Dentro","Urbana","Marca Vial","No existe","Intersección","Bueno","Buena","Nocturna,Con luz artificial","Buen Tiempo","Lateral","S/D","Colisión","Ninguna","Vertical","Cordón divisorio","Sin restricción"
2014,940,08/02/2014,"Sabado",0,16:50:00,,"0.0",2,"Automóvil,Moto/Ciclomotor","Dr.Rivas Y Rodriguez",4,3,0,0,1,0,0,,"Calle",,"ROSARIO","Rosario","Asfalto","No existe","II","Dentro","Urbana","Ninguna","No existe","Intersección","Bueno","Buena","Diurna","Buen Tiempo","Lateral","S/D","Colisión","Ninguna","Faltante","Ninguna","Sin restricción"
2014,941,06/02/2014,"Jueves",0,20:00:00,,"0.0",2,"Moto/Ciclomotor,Automóvil","J.M.de Rosas Y Gaboto",3,2,0,0,1,0,0,,"Calle",,"ROSARIO","Rosario","Asfalto","No existe","II","Dentro","Urbana","Marca Vial","No existe","Intersección","Bueno","Buena","Nocturna,Con luz artificial","Buen Tiempo","Lateral","S/D","Colisión","Ninguna","Vertical","Línea divisoria pintada","Sin restricción"
2014,942,21/02/2014,"Viernes",0,09:00:00,,"0.0",2,"Automóvil,Moto/Ciclomotor","San Martin Y Hilarion de la Quintana",2,1,0,0,1,0,0,,"Avenida",,"ROSARIO","Rosario","Asfalto","No existe","II","Dentro","Urbana","Ninguna","No existe","Intersección","Bueno","Buena","Diurna","Buen Tiempo","Lateral","S/D","Colisión","Ninguna","Faltante","Ninguna","Sin restricción"
2014,943,15/02/2014,"Sabado",0,13:15:00,,"0.0",2,"Taxi/Remis,Moto/Ciclomotor","Sarmiento Y J.M.Gutierrez",2,1,0,0,1,0,0,,"Calle",,"ROSARIO","Rosario","Asfalto","No existe","II","Dentro","Urbana","Ninguna","No existe","Intersección","Bueno","Buena","Diurna","Buen Tiempo","Lateral","S/D","Colisión","Ninguna","Faltante","Ninguna","Sin restricción"
2014,944,09/02/2014,"Domingo",0,03:17:00,,"0.0",2,"Automóvil,Automóvil","Amenabar Y Paraguay",4,1,0,0,3,0,0,,"Calle",,"ROSARIO","Rosario","Asfalto","No existe","II","Dentro","Urbana","Ninguna","No existe","Intersección","Bueno","Buena","Nocturna","Buen Tiempo","Lateral","S/D","Colisión","Ninguna","Faltante","Ninguna","Sin restricción"
2014,945,06/02/2014,"Jueves",0,18:30:00,,"0.0",2,"Moto/Ciclomotor,Automóvil","Dr.Rivas Y Chacabuco",2,1,0,0,1,0,0,,"Calle",,"ROSARIO","Rosario","Asfalto","No existe","II","Dentro","Urbana","Marca Vial","No existe","Intersección","Bueno","Buena","Atardecer","Buen Tiempo","Lateral","S/D","Colisión","Ninguna","Horizontal","Línea divisoria pintada","Sin restricción"
2014,946,21/02/2014,"Viernes",0,09:45:00,,"0.0",2,"Peatón,Automóvil","Pte.Roca Y Bv. Segui",2,1,0,0,1,0,0,,"Calle",,"ROSARIO","Rosario","S/D","S/D","II","Dentro","Urbana","S/D","No existe","Intersección","S/D","S/D","Diurna","S/D","S/D","S/D","Atropello","S/D","S/D","S/D","S/D"
2014,947,05/02/2014,"Miercoles",0,18:00:00,,"0.0",2,"Moto/Ciclomotor,Automóvil","1 de Mayo Y Bv. Segui",2,1,0,0,1,0,0,,"Calle",,"ROSARIO","Rosario","Asfalto","No existe","II","Dentro","Urbana","Marca Vial","No existe","Intersección","Bueno","Buena","Atardecer","Buen Tiempo","Lateral","S/D","Colisión","Ninguna","Vertical","Línea divisoria pintada","Sin restricción"
2014,948,09/02/2014,"Domingo",0,11:00:00,,"0.0",2,"Automóvil,Moto/Ciclomotor","Italia Y Bv. Segui",3,2,0,0,1,0,0,,"Calle",,"ROSARIO","Rosario","Asfalto","No existe","II","Dentro","Urbana","Ninguna","No existe","Intersección","Bueno","Buena","Diurna","Buen Tiempo","Lateral","S/D","Colisión","Ninguna","Faltante","Ninguna","Sin restricción"
2014,949,19/02/2014,"Miercoles",0,13:10:00,,"0.0",2,"Automóvil,Taxi/Remis","San Martin Y Gaboto",3,2,0,0,1,0,0,,"Calle",,"ROSARIO","Rosario","Asfalto","No existe","II","Dentro","Urbana","Semáforo","Funciona","Intersección","Bueno","Buena","Diurna","Buen Tiempo","Lateral","S/D","Colisión","S/D","S/D","Ninguna","Sin restricción"
2014,950,10/02/2014,"Lunes",0,15:50:00,,"0.0",2,"Automóvil,Pickup/Utilitario","Callao Y 24 De Setiembre",2,1,0,0,1,0,0,,"Calle",,"ROSARIO","Rosario","Asfalto","No existe","II","Dentro","Urbana","Ninguna","No existe","Intersección","Bueno","Buena","Diurna","Buen Tiempo","Lateral","S/D","Colisión","Ninguna","Faltante","Ninguna","Sin restricción"
2014,951,16/02/2014,"Domingo",0,14:40:00,,"0.0",2,"Moto/Ciclomotor,Taxi/Remis","Ayacucho Y Bv. Segui",2,1,0,0,1,0,0,,"Calle",,"ROSARIO","Rosario","Asfalto","No existe","II","Dentro","Urbana","Marca Vial","No existe","Intersección","Bueno","Buena","Diurna","Buen Tiempo","Lateral","S/D","Colisión","Ninguna","Vertical","Línea divisoria pintada","Sin restricción"
2014,952,19/02/2014,"Miercoles",0,06:00:00,,"0.0",2,"Bicicleta,Automóvil","Av. Corrientes Y J.M.Gutierrez",2,1,0,0,1,0,0,,"Calle",,"ROSARIO","Rosario","Asfalto","No existe","II","Dentro","Urbana","Ninguna","No existe","Intersección","Bueno","Buena","Diurna","Buen Tiempo","S/D","S/D","Atropello","Ninguna","Faltante","Ninguna","Sin restricción"
2014,953,10/02/2014,"Lunes",0,12:45:00,,"0.0",2,"Pickup/Utilitario,Automóvil","San Martin Y Garibaldi",3,1,0,0,2,0,0,,"Calle",,"ROSARIO","Rosario","Asfalto","No existe","II","Dentro","Urbana","Ninguna","S/D","Intersección","Bueno","Buena","Diurna","Buen Tiempo","Lateral","S/D","Colisión","Ninguna","Faltante","Ninguna","Sin restricción"
2014,954,25/02/2014,"Martes",0,16:00:00,,"0.0",2,"Moto/Ciclomotor,Automóvil","L.N.Alem Y Pte.Quintana",3,2,0,0,1,0,0,,"Calle",,"ROSARIO","Rosario","Asfalto","No existe","II","Dentro","Urbana","Marca Vial","No existe","Intersección","Bueno","Buena","Diurna","Buen Tiempo","Lateral","S/D","Colisión","Ninguna","Vertical","Línea divisoria pintada","Sin restricción"
2014,955,17/02/2014,"Lunes",0,19:10:00,,"0.0",2,"Taxi/Remis,Automóvil","Sarmiento Y Ameghino",3,1,0,0,2,0,0,,"Calle",,"ROSARIO","Rosario","Asfalto","No existe","II","Dentro","Urbana","Ninguna","No existe","Intersección","Bueno","Buena","Diurna","Buen Tiempo","Lateral","S/D","Colisión","S/D","Faltante","Ninguna","Sin restricción"
2014,956,24/02/2014,"Lunes",0,09:15:00,,"0.0",2,"Moto/Ciclomotor,Automóvil","Buenos Aires Y Gaboto",3,2,0,0,1,0,0,,"Calle",,"ROSARIO","Rosario","Asfalto","No existe","II","Dentro","Urbana","Marca Vial","No existe","Intersección","Bueno","Buena","Diurna","Buen Tiempo","Lateral","S/D","Colisión","Ninguna","Vertical","Línea divisoria pintada","Sin restricción"
2014,957,28/02/2014,"Viernes",1,16:30:00,,"0.0",2,"Moto/Ciclomotor,Otros","Av. Ovidio Lagos Y Garibaldi",3,2,0,0,0,0,1,,"Calle",,"ROSARIO","Rosario","Asfalto","No existe","II","Dentro","Urbana","Ninguna","No existe","Intersección","Bueno","Buena","Diurna","Buen Tiempo","Lateral","S/D","Colisión","Ninguna","Faltante","Ninguna","Sin restricción"
2014,958,17/02/2014,"Lunes",0,11:20:00,,"0.0",2,"Automóvil,Moto/Ciclomotor","Bv. Segui Y Pte.Roca",2,1,0,0,1,0,0,,"Calle",,"ROSARIO","Rosario","Asfalto","No existe","II","Dentro","Urbana","Ninguna","No existe","Intersección","Bueno","Buena","Diurna","Buen Tiempo","Lateral","S/D","Colisión","Ninguna","S/D","Ninguna","Sin restricción"
2014,959,28/02/2014,"Viernes",0,17:30:00,,"0.0",2,"Moto/Ciclomotor,Automóvil","Av. Jorge Cura Y Callao",2,1,0,0,1,0,0,,"Calle",,"ROSARIO","Rosario","Asfalto","No existe","II","Dentro","Urbana","Ninguna","No existe","Intersección","Bueno","Buena","Diurna","Buen Tiempo","Lateral","S/D","Colisión","Ninguna","Faltante","Ninguna","S/D"
2014,960,17/02/2014,"Lunes",0,11:00:00,,"0.0",2,"Automóvil,Moto/Ciclomotor","Biedma Y Bv. Oroño",2,1,0,0,1,0,0,,"Avenida",,"ROSARIO","Rosario","Asfalto","No existe","II","Dentro","Urbana","Ninguna","No existe","Intersección","Bueno","Buena","Diurna","Buen Tiempo","Lateral","S/D","Colisión","Ninguna","Faltante","Ninguna","Sin restricción"