"anio_acci","nro_acci","fecha","desc_dia","fecha_aprox","hora_aprox","desc_ruta","km","cant_participantes","desc_participante","calle_avenida_km","total","heridos_leves","heridos_graves","heridos_gravisimos","ilesos","fallecidos","sin_datos","posicion_XY","desc_tipo_via","desc_ruta_ori","desc_loc","desc_dpto","desc_tipo_calzada","desc_tipo_banquina","desc_unidad_regional","desc_lugar_calzada","desc_zona","desc_prioridad","desc_estado_semaforo","desc_lugar_via","desc_estado_via","desc_estado_visibilidad","desc_luminosidad","desc_estado_clima","desc_tipo_colision","desc_tipo_atropello","desc_tipo_hecho","desc_pres_calzada","desc_senializacion","desc_separacion_via","desc_restriccion"
2014,1030,10/02/2014,"Lunes",0,22:00:00,,"0.0",2,"Automóvil,Moto/Ciclomotor","Av. Provincias Unidas Y Bielsa",2,1,0,0,1,0,0,,"Calle",,"ROSARIO","Rosario","Asfalto","No existe","II","Dentro","Urbana","Ninguna","No existe","Recta","S/D","S/D","Nocturna","S/D","Frontal","S/D","Colisión","S/D","Horizontal","Barrera de hormigón","Sin restricción"
2014,1031,12/02/2014,"Miercoles",0,14:45:00,,"0.0",2,"Moto/Ciclomotor,Automóvil","Av. Provincias Unidas Y Velez Sarsfield",2,1,0,0,1,0,0,,"Avenida",,"ROSARIO","Rosario","Asfalto","S/D","II","Dentro","Urbana","Ninguna","S/D","Recta","S/D","S/D","Diurna","S/D","Frontal","S/D","Colisión","S/D","Horizontal","Barrera de hormigón","Sin restricción"
2014,1032,18/02/2014,"Martes",0,,,"0.0",2,"Automóvil,Bicicleta","CESAR Y DANTE ALIGHIERI",2,1,0,0,1,0,0,,"Calle",,"ROSARIO","Rosario","S/D","S/D","II","S/D","Urbana","S/D","S/D","Rotonda","S/D","S/D","S/D","S/D","S/D","S/D","Atropello","S/D","S/D","S/D","S/D"
2014,1033,09/02/2014,"Domingo",0,17:10:00,,"0.0",2,"Moto/Ciclomotor,Automóvil","Zelaya Y Superi",3,2,0,0,1,0,0,,"Calle",,"ROSARIO","Rosario","Asfalto","S/D","II","Dentro","Urbana","Ninguna","No existe","Recta","Bueno","Buena","Diurna","S/D","Frontal","S/D","Colisión","Ninguna","S/D","S/D","Sin restricción"
2014,1034,01/02/2014,"Sabado",0,04:15:00,,"0.0",2,"Moto/Ciclomotor,Automóvil","Av. Provincias Unidas Y Pasco",2,0,1,0,1,0,0,,"Avenida",,"ROSARIO","Rosario","Asfalto","No existe","II","Dentro","Urbana","Semáforo","Funciona","Intersección","Bueno","Buena","Nocturna,Con luz artificial","Buen Tiempo","Lateral","S/D","Colisión","Otro","Vertical","Ninguna","Sin restricción"
2014,1035,12/02/2014,"Miercoles",0,18:50:00,,"0.0",2,"Automóvil,Automóvil","Av. Eva Peron Y J.Colombres",2,1,0,0,1,0,0,,"Avenida",,"ROSARIO","Rosario","Asfalto","No existe","II","Dentro","Urbana","Ninguna","Funciona","Recta","S/D","S/D","Atardecer","S/D","Frontal","S/D","Colisión","S/D","Vertical","Barrera de hormigón","Sin restricción"
2014,1036,09/02/2014,"Domingo",0,02:15:00,,"0.0",2,"Automóvil,Moto/Ciclomotor","Av Filipini Y Fray Justo Santa Maria de Oro",5,1,0,0,4,0,0,,"Avenida",,"VILLA GOBERNADOR GÁLVEZ","Rosario","Asfalto","No existe","II","Dentro","Urbana","S/D","No existe","Intersección","Bueno","Reducida","Nocturna,Con luz artificial","S/D","S/D","S/D","S/D","S/D","S/D","S/D","S/D"
2014,1037,23/02/2014,"Domingo",0,17:48:00,,"0.0",2,"Automóvil,Moto/Ciclomotor","Entre Rios 1742",2,1,0,0,1,0,0,,"Calle",,"ROSARIO","Rosario","S/D","S/D","II","S/D","Urbana","S/D","S/D","Recta","S/D","S/D","Diurna","S/D","S/D","S/D","Colisión","S/D","S/D","S/D","S/D"
2014,1038,07/02/2014,"Viernes",0,12:00:00,,"0.0",2,"Automóvil,Moto/Ciclomotor","Mendoza 8300",3,2,0,0,1,0,0,,"Calle",,"ROSARIO","Rosario","S/D","Natural","II","Dentro","S/D","Ninguna","No existe","S/D","Bueno","Buena","Diurna","Buen Tiempo","Lateral","S/D","Colisión","Ninguna","Faltante","S/D","Sin restricción"
2014,1039,24/02/2014,"Lunes",0,10:00:00,,"0.0",2,"Otros,Moto/Ciclomotor","Pasco Y San Martin",2,1,0,0,1,0,0,,"Calle",,"ROSARIO","Rosario","S/D","S/D","II","S/D","Urbana","S/D","S/D","Intersección","S/D","S/D","Diurna","S/D","S/D","S/D","Colisión","S/D","S/D","S/D","S/D"
2014,1040,03/02/2014,"Lunes",0,10:00:00,,"0.0",2,"Automóvil,Automóvil","Bv. Segui Y Av. Circunvalacion",2,2,0,0,0,0,0,,"Avenida",,"ROSARIO","Rosario","S/D","S/D","II","Dentro","Urbana","Semáforo","S/D","Intersección","Bueno","Buena","Diurna","Buen Tiempo","Lateral","S/D","Colisión","S/D","S/D","S/D","S/D"
2014,1041,25/02/2014,"Martes",0,13:55:00,,"0.0",2,"Automóvil,Moto/Ciclomotor","Belgrano Y Alberdi",3,2,0,0,1,0,0,,"Calle",,"VILLA GOBERNADOR GÁLVEZ","Rosario","Asfalto","S/D","II","S/D","Urbana","S/D","No existe","Intersección","Bueno","Buena","Diurna","Buen Tiempo","S/D","S/D","Colisión","Ninguna","S/D","S/D","S/D"
2014,1042,07/02/2014,"Viernes",0,17:30:00,,"0.0",2,"Transporte de Pasajeros Larga Distancia (> 8 asientos),Automóvil","Mendoza 7500",4,2,0,0,2,0,0,,"Calle",,"ROSARIO","Rosario","S/D","Pavimento","II","Dentro","Urbana","Ninguna","Funciona","S/D","Bueno","Buena","Atardecer","Buen Tiempo","Lateral","S/D","Colisión","Ninguna","Faltante","S/D","Sin restricción"
2014,1043,10/02/2014,"Lunes",0,11:20:00,,"0.0",2,"Automóvil,Automóvil","Bv. Rondeau Y Av. Irigoyen",2,1,0,0,1,0,0,,"Avenida",,"ROSARIO","Rosario","Asfalto","S/D","II","Dentro","Urbana","S/D","Funciona","Intersección","S/D","S/D","Diurna","S/D","Frontal","S/D","Colisión","S/D","S/D","S/D","Sin restricción"
2014,1044,24/02/2014,"Lunes",0,11:20:00,,"0.0",1,"Transporte de Pasajeros","Balcarce Y Galvez",2,1,0,0,1,0,0,,"Calle",,"ROSARIO","Rosario","S/D","S/D","II","S/D","Urbana","S/D","S/D","Intersección","S/D","S/D","Diurna","S/D","S/D","S/D","S/D","S/D","S/D","S/D","S/D"
2014,1045,26/02/2014,"Miercoles",0,14:20:00,,"0.0",2,"Automóvil,Moto/Ciclomotor","Jaures 200",3,2,0,0,1,0,0,,"Calle",,"VILLA GOBERNADOR GÁLVEZ","Rosario","Asfalto","S/D","II","S/D","Urbana","S/D","S/D","Recta","Bueno","Buena","Diurna","Buen Tiempo","Lateral","S/D","Colisión","S/D","S/D","S/D","S/D"
2014,1046,17/02/2014,"Lunes",0,20:00:00,,"0.0",2,"Moto/Ciclomotor,Moto/Ciclomotor","Lisandro de la Torre Y Laprida",3,2,1,0,0,0,0,,"Calle",,"GENERAL LAGOS","Rosario","Asfalto","No existe","II","Dentro","Urbana","Ninguna","No existe","Recta","Bueno","Buena","Nocturna,Con luz artificial","Buen Tiempo","De alcance","S/D","Colisión","S/D","Vertical","Ninguna","Sin restricción"
2014,1047,26/02/2014,"Miercoles",0,18:30:00,,"0.0",2,"Moto/Ciclomotor,Automóvil","Soldado Aguirre Y Urquiza",3,2,0,0,1,0,0,,"Calle",,"VILLA GOBERNADOR GÁLVEZ","Rosario","S/D","S/D","II","S/D","Urbana","S/D","S/D","Intersección","S/D","S/D","Atardecer","S/D","S/D","S/D","Colisión","S/D","S/D","S/D","S/D"
2014,1048,22/02/2014,"Sabado",0,10:30:00,,"0.0",2,"Taxi/Remis,Automóvil","Cochabamba Y Italia",3,1,0,0,2,0,0,,"Calle",,"ROSARIO","Rosario","S/D","S/D","II","S/D","Urbana","S/D","S/D","Intersección","S/D","S/D","Diurna","S/D","S/D","S/D","Colisión","S/D","S/D","S/D","S/D"
2014,1049,04/02/2014,"Martes",0,15:15:00,"Autopista Nacional Rosario -Cordoba","800.0",4,"Automóvil,Automóvil,Automóvil,Automóvil","Suipacha ",5,0,0,0,0,0,5,,"Autopista","Rosario -Cordoba","ROSARIO","Rosario","Asfalto","Pavimento","II","S/D","S/D","Ninguna","No existe","S/D","Bueno","Buena","Diurna","Buen Tiempo","Lateral,Múltiple","S/D","Colisión","Ninguna","Faltante","S/D","Sin restricción"
2014,1050,17/02/2014,"Lunes",0,,,"0.0",2,"Automóvil,Bicicleta","AV. INTENDENTE MORCILLO ",2,1,0,0,1,0,0,,"Calle",,"ROSARIO","Rosario","S/D","S/D","II","S/D","Urbana","S/D","S/D","Recta","S/D","S/D","S/D","S/D","S/D","S/D","Atropello","S/D","S/D","S/D","S/D"
2014,1051,01/02/2014,"Sabado",0,11:30:00,,"0.0",2,"Taxi/Remis,Pickup/Utilitario","Av. Pte.Peron Y Ecuador",2,1,0,0,1,0,0,,"Avenida",,"ROSARIO","Rosario","Asfalto","No existe","II","Dentro","Urbana","Ninguna","No existe","Intersección","Bueno","Buena","Diurna","Lluvia","Lateral","S/D","Colisión","Agua","Horizontal","Ninguna","Sin restricción"
2014,1052,18/03/2014,"Martes",0,21:00:00,,"0.0",2,"Pickup/Utilitario,Moto/Ciclomotor","MILLER Y CAVASSA",2,1,0,0,1,0,0,,"Calle",,"ROSARIO","Rosario","S/D","S/D","II","Dentro","Urbana","S/D","S/D","Intersección","S/D","S/D","Nocturna","Buen Tiempo","S/D","S/D","Colisión","S/D","S/D","S/D","S/D"
2014,1053,19/02/2014,"Miercoles",0,05:10:00,,"0.0",2,"Automóvil,Taxi/Remis","Av. Provincias Unidas Y J.J.Paso",2,1,0,0,0,0,1,,"S/D",,"ROSARIO","Rosario","Asfalto","No existe","II","S/D","S/D","Ninguna","No existe","Recta","Bueno","Buena","Amanecer","Buen Tiempo","Frontal","S/D","Colisión","S/D","S/D","Ninguna","Sin restricción"
2014,1054,20/02/2014,"Jueves",0,13:40:00,,"0.0",2,"Automóvil,Bicicleta","Ricchieri Y Ituzaingo",2,1,0,0,1,0,0,,"Calle",,"ROSARIO","Rosario","S/D","S/D","II","S/D","Urbana","S/D","S/D","Intersección","S/D","S/D","Diurna","S/D","S/D","S/D","Atropello","S/D","S/D","S/D","S/D"
2014,1055,04/02/2014,"Martes",0,09:30:00,,"0.0",2,"Automóvil,Moto/Ciclomotor","Mendoza Y Nicolas Julian",3,2,0,0,1,0,0,,"Avenida",,"ROSARIO","Rosario","Asfalto","No existe","II","S/D","Urbana","Semáforo","Funciona","Intersección","Bueno","Buena","Diurna","Lluvia","Lateral","S/D","Colisión","Agua","Vertical","Ninguna","Sin restricción"
2014,1056,14/02/2014,"Viernes",0,15:00:00,,"0.0",2,"Moto/Ciclomotor,Automóvil","Av. Provincias Unidas Y J.B.Justo",2,1,0,0,0,0,1,,"Calle",,"ROSARIO","Rosario","Asfalto","No existe","II","Dentro","Urbana","Ninguna","S/D","Recta","Bueno","Buena","Diurna","Buen Tiempo","Lateral","S/D","Colisión","S/D","S/D","Ninguna","Sin restricción"
2014,1057,08/02/2014,"Sabado",0,14:55:00,,"0.0",3,"Automóvil,Moto/Ciclomotor,Peatón","F.M.Esquiu Y Barra",4,3,0,0,1,0,0,,"Calle",,"ROSARIO","Rosario","Asfalto","No existe","II","S/D","Urbana","Ninguna","No existe","Intersección","S/D","S/D","Diurna","S/D","S/D","S/D","Atropello","S/D","Faltante","Ninguna","Sin restricción"
2014,1058,01/02/2014,"Sabado",0,10:45:00,,"0.0",2,"Peatón,Automóvil","Washington Y Bv. Rondeau",2,1,0,0,1,0,0,,"Avenida",,"ROSARIO","Rosario","Asfalto","S/D","II","Dentro","Urbana","S/D","Funciona","Intersección","S/D","S/D","Diurna","S/D","S/D","S/D","Atropello","S/D","S/D","S/D","S/D"
2014,1059,13/02/2014,"Jueves",0,16:30:00,,"0.0",2,"Automóvil,Automóvil","Entre Rios Y Virasoro",3,2,0,0,1,0,0,,"Calle",,"ROSARIO","Rosario","Asfalto","S/D","II","S/D","Urbana","S/D","S/D","Intersección","S/D","S/D","Diurna","Buen Tiempo","S/D","S/D","Colisión","S/D","S/D","S/D","S/D"
2014,1060,07/02/2014,"Viernes",0,19:25:00,,"0.0",2,"Moto/Ciclomotor,Pickup/Utilitario","Av. Pellegrini Y Campbell",4,1,0,0,3,0,0,,"Calle",,"ROSARIO","Rosario","Asfalto","S/D","II","Dentro","Urbana","Ninguna","S/D","Intersección","Bueno","Buena","Atardecer","Lluvia","Lateral","S/D","Colisión","Agua","Horizontal","Ninguna","Sin restricción"
2014,1061,01/02/2014,"Sabado",0,23:20:00,,"0.0",2,"Moto/Ciclomotor,Peatón","Tte.Agneta Bis 200",2,1,0,0,1,0,0,,"Calle",,"ROSARIO","Rosario","Asfalto","No existe","II","S/D","Urbana","Ninguna","No existe","Recta","S/D","S/D","Nocturna","S/D","S/D","S/D","Atropello","S/D","Faltante","Ninguna","Sin restricción"
2014,1062,27/02/2014,"Jueves",0,20:25:00,,"0.0",1,"Moto/Ciclomotor","Casiano Casas Y Washington",3,2,0,0,1,0,0,,"Calle",,"ROSARIO","Rosario","Asfalto","S/D","II","S/D","Urbana","S/D","S/D","Recta","S/D","S/D","Nocturna","S/D","S/D","S/D","Colisión","S/D","S/D","S/D","S/D"
2014,1063,25/02/2014,"Martes",0,21:55:00,,"0.0",2,"Automóvil,Moto/Ciclomotor","Av Belgrano Y D F Sarmiento",2,1,0,0,1,0,0,,"Avenida",,"PEREZ","Rosario","Asfalto","S/D","II","S/D","Urbana","S/D","S/D","Intersección","Bueno","Buena","Nocturna","Buen Tiempo","Frontal","S/D","Colisión","S/D","S/D","S/D","S/D"
2014,1064,07/02/2014,"Viernes",0,17:00:00,,"0.0",2,"Peatón,Moto/Ciclomotor","GODOY CRUZ  Y 25 MAYO",2,1,0,0,0,0,1,,"Calle",,"ROSARIO","Rosario","Asfalto","No existe","II","Dentro","Urbana","Ninguna","S/D","S/D","Con baches","Buena","Diurna","Buen Tiempo","S/D","S/D","Atropello","S/D","S/D","S/D","Sin restricción"
2014,1065,15/02/2014,"Sabado",0,18:30:00,,"0.0",2,"Pickup/Utilitario,Moto/Ciclomotor","Av San Martin 2800",2,0,1,0,0,0,1,,"S/D",,"PEREZ","Rosario","Asfalto","S/D","II","S/D","S/D","S/D","S/D","Recta","Bueno","S/D","Atardecer","Buen Tiempo","Frontal,Lateral","S/D","Colisión","S/D","S/D","S/D","S/D"
2014,1066,05/02/2014,"Miercoles",0,19:30:00,"Ruta Nacional 33","0.0",2,"Moto/Ciclomotor,Automóvil","Ruta Nac 33 Y Ruta Prov 14",3,2,0,0,1,0,0,,"Ruta",33,"PEREZ","Rosario","S/D","S/D","II","S/D","S/D","S/D","S/D","Intersección","S/D","S/D","Atardecer","Buen Tiempo","S/D","S/D","Colisión","S/D","S/D","S/D","S/D"
2014,1067,05/02/2014,"Miercoles",0,12:00:00,,"0.0",2,"Peatón,Moto/Ciclomotor","Bv. 27 De Febrero ",2,2,0,0,0,0,0,,"Calle",,"ROSARIO","Rosario","Asfalto,Hormigón","Pavimento","II","Dentro","Urbana","Semáforo","Funciona","Intersección","Con baches","Buena","Diurna","Buen Tiempo","S/D","S/D","Atropello","S/D","S/D","S/D","Sin restricción"
2014,1068,25/02/2014,"Martes",0,12:10:00,,"288.0",2,"Automóvil,Moto/Ciclomotor"," ",3,1,0,0,0,0,2,,"S/D",,"PEREZ","Rosario","Asfalto","S/D","II","S/D","S/D","Otra Señal","S/D","Recta","Bueno","Buena","Diurna","Buen Tiempo","Otro","S/D","Colisión","S/D","S/D","S/D","S/D"
2014,1069,10/02/2014,"Lunes",0,10:30:00,,"0.0",2,"Moto/Ciclomotor,Automóvil","Av. Provincias Unidas Y Rivarola",2,2,0,0,0,0,0,,"Calle",,"ROSARIO","Rosario","Asfalto","Natural","II","Dentro","Urbana","Ninguna","No existe","Intersección","Bueno","Buena","Diurna","Buen Tiempo","Lateral","S/D","Colisión","S/D","S/D","S/D","Sin restricción"
2014,1070,07/02/2014,"Viernes",0,19:30:00,,"0.0",2,"Moto/Ciclomotor,Automóvil","Av. Pellegrini Y Campbell",5,1,0,0,4,0,0,,"Avenida",,"ROSARIO","Rosario","Asfalto","No existe","II","Dentro","Urbana","Ninguna","No existe","Intersección","Bueno","Buena","Atardecer","Lluvia","Lateral","S/D","Colisión","Agua","Horizontal","Ninguna","Sin restricción"
2014,1071,13/02/2014,"Jueves",0,11:30:00,,"0.0",2,"Moto/Ciclomotor,Moto/Ciclomotor","Donado Y Av. Jorge Newbery",2,2,0,0,0,0,0,,"S/D",,"ROSARIO","Rosario","S/D","S/D","II","S/D","Urbana","S/D","S/D","S/D","S/D","S/D","S/D","S/D","S/D","S/D","Colisión","S/D","S/D","S/D","S/D"
2014,1072,13/02/2014,"Jueves",0,08:30:00,,"0.0",2,"Automóvil,Automóvil","Bv. 27 De Febrero Y Campbell",2,1,0,0,1,0,0,,"Calle",,"ROSARIO","Rosario","Asfalto","Natural","II","Dentro","Urbana","Ninguna","No existe","Intersección","Bueno","Buena","Diurna","Buen Tiempo","Lateral","S/D","Colisión","S/D","S/D","S/D","Sin restricción"
2014,1073,06/02/2014,"Jueves",0,17:05:00,"Ruta Nacional 33","0.0",2,"Moto/Ciclomotor,Automóvil","Ruta Nac 33 Y Nicolas Avellaneda",2,1,0,0,1,0,0,,"Ruta",33,"PEREZ","Rosario","Asfalto","S/D","II","S/D","S/D","S/D","S/D","Recta","Bueno","Buena","Diurna","Buen Tiempo","Otro","S/D","Colisión","S/D","S/D","S/D","S/D"
2014,1074,13/02/2014,"Jueves",0,22:10:00,,"0.0",2,"Otros,Otros","Schweitzer 7900",2,1,0,0,0,0,1,,"S/D",,"ROSARIO","Rosario","Asfalto","S/D","II","S/D","Urbana","S/D","S/D","Recta","S/D","S/D","Nocturna","S/D","S/D","S/D","Atropello","S/D","S/D","S/D","S/D"
2014,1075,08/02/2014,"Sabado",0,06:50:00,"Ruta Nacional 33","0.0",1,"Moto/Ciclomotor","Ruta Nac 33 Y Ruta Prov 14",2,1,1,0,0,0,0,,"Ruta",33,"PEREZ","Rosario","Asfalto","S/D","II","S/D","S/D","Señal Pare","S/D","Rotonda","Bueno","Buena","Amanecer","Buen Tiempo","S/D","S/D","Caída ocupante","S/D","S/D","S/D","S/D"
2014,1076,05/02/2014,"Miercoles",0,21:50:00,,"0.0",2,"Moto/Ciclomotor,Bicicleta","Rio Negro Y Av. Provincias Unidas",2,1,0,0,1,0,0,,"Calle",,"ROSARIO","Rosario","Asfalto","No existe","II","Dentro","Urbana","Ninguna","No existe","Intersección","Bueno","Buena","Nocturna","Lluvia","S/D","S/D","Atropello","Agua","Horizontal","Ninguna","Sin restricción"
2014,1077,06/02/2014,"Jueves",0,21:50:00,"Ruta Nacional 9","0.0",2,"Moto/Ciclomotor,Bicicleta","Salto Grande Y Ruta Nacional 9",2,2,0,0,0,0,0,,"Ruta",9,"FUNES","Rosario","S/D","Natural","II","S/D","Urbana","Ninguna","No existe","Recta","S/D","S/D","Nocturna","Buen Tiempo","Frontal","S/D","Atropello","S/D","S/D","Ninguna","Sin restricción"
2014,1078,15/02/2014,"Sabado",0,07:45:00,"Ruta Nacional 33","0.0",2,"Taxi/Remis,Automóvil","Ruta Nac 33 Y Av Las Palmeras",2,0,0,0,0,0,2,,"Ruta",33,"PEREZ","Rosario","Asfalto","S/D","II","S/D","S/D","S/D","S/D","Recta","Bueno","S/D","Diurna","Buen Tiempo","Frontal","S/D","Colisión","S/D","S/D","S/D","S/D"
2014,1079,08/02/2014,"Sabado",0,13:45:00,,"0.0",2,"Automóvil,Peatón","Av Fuerza Aerea Y Arroyo Ludueña",2,0,1,0,1,0,0,,"S/D",,"FUNES","Rosario","Asfalto","No existe","II","S/D","Urbana","Ninguna","No existe","Curva","Bueno","Buena","Diurna","Buen Tiempo","S/D","S/D","Atropello","S/D","S/D","Ninguna","S/D"
2014,1080,13/02/2014,"Jueves",0,17:30:00,,"0.0",2,"Bicicleta,Taxi/Remis","Av. Provincias Unidas Y Perez Bulnes",2,1,0,0,1,0,0,,"Calle",,"ROSARIO","Rosario","Asfalto","No existe","II","Dentro","Urbana","Semáforo","Funciona","Intersección","Bueno","Buena","Diurna","Buen Tiempo","S/D","S/D","Atropello","Ninguna","Vertical","Ninguna","Sin restricción"
2014,1081,13/02/2014,"Jueves",0,19:50:00,"Ruta Nacional 33","0.0",1,"Moto/Ciclomotor","Ruta Nac 33 Y Ruta Prov 14",2,2,0,0,0,0,0,,"Ruta",33,"PEREZ","Rosario","Asfalto","S/D","II","S/D","S/D","Otra Señal","S/D","Recta","Bueno","Buena","Atardecer","Buen Tiempo","S/D","S/D","Caída ocupante","S/D","S/D","S/D","S/D"
2014,1082,16/02/2014,"Domingo",0,18:00:00,,"0.0",2,"Peatón,Automóvil","Av. Provincias Unidas Y Godoy Cruz",2,1,0,0,1,0,0,,"Calle",,"ROSARIO","Rosario","Asfalto","Pavimento","II","Dentro","Urbana","Semáforo","Funciona","Intersección","Con baches","Buena","Diurna","Buen Tiempo","Lateral","S/D","Atropello","S/D","S/D","S/D","Sin restricción"
2014,1083,19/02/2014,"Miercoles",0,19:00:00,,"0.0",2,"Moto/Ciclomotor,Automóvil","Av. Provincias Unidas Y Rueda",2,1,0,0,1,0,0,,"Calle",,"ROSARIO","Rosario","Asfalto","No existe","II","Dentro","Urbana","Ninguna","No existe","Intersección","Con baches","Buena","Diurna","Buen Tiempo","De alcance","S/D","Colisión","S/D","S/D","S/D","Sin restricción"
2014,1084,27/02/2014,"Jueves",0,14:10:00,,"0.0",2,"Automóvil,Automóvil","Cordoba Y Garzon",2,1,0,0,1,0,0,,"Avenida",,"ROSARIO","Rosario","Asfalto","No existe","II","Dentro","Urbana","Semáforo","Funciona","Intersección","Bueno","Buena","Nocturna","Buen Tiempo","Lateral","S/D","Colisión","Ninguna","Vertical","Ninguna","Sin restricción"
2014,1085,01/02/2014,"Sabado",0,23:10:00,,"0.0",2,"Automóvil,Moto/Ciclomotor","Derqui Y Nicaragua",3,2,0,0,1,0,0,,"Calle",,"ROSARIO","Rosario","Asfalto","Natural","II","Dentro","Urbana","Ninguna","No existe","Recta","Bueno","Buena","Nocturna","Buen Tiempo","Lateral","S/D","Colisión","Ninguna","Faltante","S/D","Sin restricción"
2014,1086,21/02/2014,"Viernes",0,22:00:00,,"0.0",2,"Moto/Ciclomotor,Automóvil","Rivarola Y J.M.de Rosas",2,1,0,0,1,0,0,,"Calle",,"ROSARIO","Rosario","Hormigón","No existe","II","S/D","Urbana","Ninguna","No existe","Intersección","Con baches","Buena","Nocturna","Buen Tiempo","Lateral","S/D","Colisión","S/D","S/D","S/D","Sin restricción"
2014,1087,23/02/2014,"Domingo",0,02:30:00,,"0.0",2,"Moto/Ciclomotor,Automóvil","Ocampo Y Fraga",2,2,0,0,0,0,0,,"Calle",,"ROSARIO","Rosario","Asfalto","No existe","II","S/D","Urbana","Ninguna","No existe","Intersección","Con baches","Buena","Nocturna","Buen Tiempo","Lateral","S/D","Colisión","S/D","S/D","S/D","Sin restricción"
2014,1088,01/02/2014,"Sabado",0,13:50:00,,"0.0",2,"Automóvil,Bicicleta","Av. Circunvalacion Y San Lorenzo",2,1,0,0,1,0,0,,"Calle",,"ROSARIO","Rosario","Asfalto","No existe","II","S/D","Urbana","Ninguna","No existe","S/D","Bueno","Buena","Diurna","Buen Tiempo","Lateral","S/D","Atropello","Ninguna","Faltante","S/D","Sin restricción"
2014,1089,04/02/2014,"Martes",0,07:30:00,,"0.0",2,"Camión,Peatón","Bv. Wilde Y Mendoza",2,1,0,0,1,0,0,,"Avenida",,"ROSARIO","Rosario","Asfalto","Pavimento","II","S/D","Urbana","Ninguna","No existe","S/D","Bueno","Buena","Diurna","Buen Tiempo","S/D","S/D","Atropello","Ninguna","Faltante","S/D","Sin restricción"
2014,1090,27/02/2014,"Jueves",0,10:00:00,,"0.0",2,"Automóvil,Automóvil","Ocampo Y Cullen",2,1,0,0,1,0,0,,"Calle",,"ROSARIO","Rosario","Asfalto","No existe","II","S/D","Urbana","Ninguna","No existe","Intersección","Con baches","Buena","Diurna","Buen Tiempo","Lateral","S/D","Colisión","S/D","S/D","S/D","Sin restricción"
2014,1091,03/02/2014,"Lunes",0,20:30:00,,"0.0",2,"Automóvil,Moto/Ciclomotor","Mendoza Y J.Colombres",3,2,0,0,1,0,0,,"Calle",,"ROSARIO","Rosario","Asfalto","Pavimento","II","S/D","Urbana","Semáforo","Funciona","Recta","Bueno","Buena","Nocturna","Buen Tiempo","Lateral","S/D","Colisión","Ninguna","S/D","S/D","Sin restricción"
2014,1092,22/02/2014,"Sabado",0,05:15:00,,"0.0",2,"Peatón,Automóvil","Forest 7500",2,0,1,0,0,0,1,,"Calle",,"ROSARIO","Rosario","Asfalto","No existe","II","S/D","Urbana","Ninguna","No existe","Recta","Bueno","Buena","Amanecer","Buen Tiempo","S/D","S/D","Atropello","S/D","Faltante","S/D","Sin restricción"
2014,1093,20/02/2014,"Jueves",0,13:40:00,,"0.0",2,"Automóvil,Automóvil","Av. Circunvalacion 880",4,3,0,0,0,0,1,,"Avenida",,"ROSARIO","Rosario","Asfalto","Natural","II","S/D","Urbana","Ninguna","No existe","Recta","Bueno","Buena","Diurna","Buen Tiempo","Frontal","S/D","Colisión","Ninguna","Faltante","S/D","Sin restricción"
2014,1094,14/02/2014,"Viernes",0,09:50:00,,"0.0",2,"Moto/Ciclomotor,Automóvil","Montevideo Y Mitre",2,1,0,0,1,0,0,,"Calle",,"ROSARIO","Rosario","Asfalto","S/D","II","Dentro","Urbana","Ninguna","No existe","Intersección","Bueno","Buena","Diurna","Buen Tiempo","Lateral","S/D","Colisión","S/D","Faltante","Cordón divisorio","Sin restricción"
2014,1095,05/02/2014,"Miercoles",0,19:30:00,"Ruta Nacional 33","0.0",2,"Moto/Ciclomotor,Automóvil","Ruta Nac 33 848",3,2,0,0,1,0,0,,"Ruta",33,"PEREZ","Rosario","S/D","No existe","II","Dentro","Urbana","Ninguna","No existe","Recta","Otro","Buena","Nocturna","Otro","De alcance","S/D","Colisión","Otro","Faltante","Línea divisoria pintada","Sin restricción"
2014,1096,13/02/2014,"Jueves",0,11:00:00,,"0.0",2,"Peatón,Automóvil"," ",2,1,0,0,1,0,0,,"S/D",,"ROSARIO","Rosario","Asfalto","No existe","II","Dentro","Urbana","Ninguna","No existe","Intersección","Bueno","Buena","Diurna","Buen Tiempo","S/D","S/D","Atropello","Otro","S/D","Ninguna","S/D"
2014,1097,16/02/2014,"Domingo",0,19:00:00,,"0.0",2,"Automóvil,Moto/Ciclomotor","Machain Y Castagnino",3,2,0,0,1,0,0,,"Calle",,"ROSARIO","Rosario","Asfalto","No existe","II","Dentro","Urbana","Ninguna","No existe","Intersección","Bueno","Buena","Diurna","Buen Tiempo","Lateral","S/D","Colisión","S/D","Faltante","Ninguna","Sin restricción"
2014,1098,17/02/2014,"Lunes",0,12:30:00,,"0.0",2,"Moto/Ciclomotor,Pickup/Utilitario","Olmos Bis Y Av. Genova",2,1,0,0,0,0,1,,"Avenida",,"ROSARIO","Rosario","Hormigón","S/D","II","Dentro","Urbana","Ninguna","No existe","Intersección","Bueno","Buena","Atardecer","S/D","Lateral","S/D","Colisión","S/D","Horizontal","Barrera de hormigón","Sin restricción"
2014,1099,04/02/2014,"Martes",0,17:05:00,,"0.0",2,"Moto/Ciclomotor,Automóvil","Av Belgrano 2988",2,1,0,0,1,0,0,,"Avenida",,"PEREZ","Rosario","S/D","No existe","II","Dentro","Urbana","Ninguna","No existe","Recta","S/D","Buena","Atardecer","S/D","Lateral","S/D","Colisión","S/D","Faltante","Línea divisoria pintada","Sin restricción"