"anio_acci","nro_acci","fecha","desc_dia","fecha_aprox","hora_aprox","desc_ruta","km","cant_participantes","desc_participante","calle_avenida_km","total","heridos_leves","heridos_graves","heridos_gravisimos","ilesos","fallecidos","sin_datos","posicion_XY","desc_tipo_via","desc_ruta_ori","desc_loc","desc_dpto","desc_tipo_calzada","desc_tipo_banquina","desc_unidad_regional","desc_lugar_calzada","desc_zona","desc_prioridad","desc_estado_semaforo","desc_lugar_via","desc_estado_via","desc_estado_visibilidad","desc_luminosidad","desc_estado_clima","desc_tipo_colision","desc_tipo_atropello","desc_tipo_hecho","desc_pres_calzada","desc_senializacion","desc_separacion_via","desc_restriccion"
2014,1100,20/02/2014,"Jueves",0,17:30:00,,"0.0",2,"Bicicleta,Pickup/Utilitario","Av. Brassey Y J.Colombres",2,1,0,0,0,0,1,,"Avenida",,"ROSARIO","Rosario","Asfalto","No existe","II","Dentro","Urbana","Ninguna","No existe","Intersección","Bueno","Buena","Atardecer","Buen Tiempo","S/D","S/D","Atropello","S/D","Horizontal","Ninguna","Sin restricción"
2014,1101,11/02/2014,"Martes",0,14:50:00,"Ruta Nacional 33","776.0",2,"Automóvil,Automóvil"," ",5,2,0,0,3,0,0,,"Ruta",33,"ZAVALLA","Rosario","Asfalto","Natural","II","Dentro","Urbana","Ninguna","No existe","Cruce","Bueno","Buena","Diurna","Lluvia","Lateral","S/D","Colisión","Agua","Horizontal","Línea divisoria pintada","Sin restricción"
2014,1102,28/02/2014,"Viernes",0,15:35:00,"Ruta Nacional 33","776.0",1,"Automóvil"," ",3,3,0,0,0,0,0,,"Ruta",33,"ZAVALLA","Rosario","Asfalto","Natural","II","Dentro","Rural","Ninguna","No existe","Curva","Bueno","Buena","Diurna","Buen Tiempo","S/D","S/D","Despiste","S/D","Horizontal","Línea divisoria pintada","Sin restricción"
2014,1103,19/02/2014,"Miercoles",0,15:30:00,,"0.0",2,"Moto/Ciclomotor,Automóvil","Cordoba Y Ecuador",2,0,0,0,1,0,1,,"Calle",,"ROSARIO","Rosario","Asfalto","No existe","II","Dentro","Urbana","Ninguna","Funciona","Intersección","S/D","Buena","Diurna","Buen Tiempo","Lateral","S/D","Colisión","S/D","Horizontal","Ninguna","Sin restricción"
2014,1104,16/02/2014,"Domingo",0,16:00:00,,"0.0",2,"Moto/Ciclomotor,Automóvil","Donado Y Martinez Estrada",2,1,0,0,1,0,0,,"Calle",,"ROSARIO","Rosario","Asfalto","S/D","II","Dentro","Urbana","S/D","S/D","Intersección","S/D","S/D","Diurna","S/D","S/D","S/D","S/D","S/D","S/D","S/D","S/D"
2014,1105,28/02/2014,"Viernes",0,14:30:00,,"0.0",2,"Moto/Ciclomotor,Automóvil","Magallanes Y French",2,1,0,0,1,0,0,,"Calle",,"ROSARIO","Rosario","S/D","No existe","II","Dentro","Urbana","Ninguna","No existe","Intersección","S/D","Buena","Diurna","S/D","Lateral","S/D","Colisión","S/D","Faltante","Ninguna","Sin restricción"
2014,1106,28/02/2014,"Viernes",1,06:30:00,,"0.0",2,"Moto/Ciclomotor,Automóvil","Av. Circunvalacion Y Av. Jorge Newbery",2,1,0,0,1,0,0,,"Calle",,"ROSARIO","Rosario","Asfalto","S/D","II","Dentro","Urbana","S/D","S/D","Intersección","S/D","S/D","Amanecer","Buen Tiempo","S/D","S/D","S/D","S/D","S/D","S/D","S/D"
2014,1107,21/02/2014,"Viernes",0,21:10:00,,"0.0",2,"Otros,Peatón","Av. Jorge Newbery Y Donado",2,1,0,0,1,0,0,,"Calle",,"ROSARIO","Rosario","Asfalto","S/D","II","Dentro","Urbana","S/D","S/D","Intersección","S/D","S/D","Nocturna","S/D","S/D","S/D","Atropello","S/D","S/D","S/D","S/D"
2014,1108,22/02/2014,"Sabado",0,18:20:00,,"0.0",2,"Automóvil,Automóvil","Larrea Y Esquivel",2,1,0,0,1,0,0,,"Calle",,"ROSARIO","Rosario","S/D","No existe","II","Dentro","Urbana","Ninguna","No existe","Intersección","S/D","Buena","Diurna","S/D","Lateral","S/D","Colisión","S/D","Faltante","Ninguna","Sin restricción"
2014,1109,19/02/2014,"Miercoles",0,10:30:00,,"0.0",2,"Moto/Ciclomotor,Automóvil","Tucuman Y F.More",2,1,0,0,1,0,0,,"Calle",,"ROSARIO","Rosario","S/D","No existe","II","Dentro","Rural","Ninguna","S/D","Intersección","S/D","S/D","S/D","S/D","Lateral","S/D","Colisión","S/D","Faltante","Ninguna","Sin restricción"
2014,1110,20/04/2014,"Domingo",0,17:50:00,,"0.0",2,"Automóvil,Moto/Ciclomotor"," ",2,1,0,0,1,0,0,,"Calle",,"ROSARIO","Rosario","S/D","No existe","II","Dentro","Urbana","Ninguna","No existe","Intersección","S/D","Buena","Diurna","S/D","Lateral","S/D","Colisión","S/D","Faltante","Ninguna","Sin restricción"
2014,1111,23/02/2014,"Domingo",0,14:00:00,,"0.0",2,"Moto/Ciclomotor,Automóvil","Av. Battle y Ordoñez 700",2,0,0,1,1,0,0,,"Calle",,"ROSARIO","Rosario","Asfalto","No existe","II","Dentro","Urbana","Marca Vial","No existe","Intersección","Bueno","Buena","Diurna","Buen Tiempo","Lateral","S/D","Colisión","Ninguna","Horizontal","Cordón divisorio","Sin restricción"
2014,1112,07/02/2014,"Viernes",0,06:25:00,,"0.0",2,"Peatón,Tren","San Martin Y Av. Battle y Ordoñez",2,0,0,1,1,0,0,,"Calle",,"ROSARIO","Rosario","S/D","No existe","II","Dentro","Urbana","Semáforo","Funciona","Intersección","Bueno","Buena","Diurna","Buen Tiempo","S/D","S/D","Atropello","Ninguna","Vertical","Ninguna","Sin restricción"
2014,1113,18/02/2014,"Martes",0,17:15:00,,"0.0",2,"Pickup/Utilitario,Pickup/Utilitario","Catamarca ",3,3,0,0,0,0,0,,"Calle",,"FUNES","Rosario","Asfalto","Natural","II","Dentro","Urbana","Ninguna","S/D","Recta","Bueno","Buena","Diurna","Buen Tiempo","Otro","S/D","Colisión","S/D","Faltante","Ninguna","S/D"
2014,1114,20/02/2014,"Jueves",0,21:15:00,,"0.0",2,"Automóvil,Moto/Ciclomotor","Coronel Diaz Y Olavarria",2,1,1,0,0,0,0,,"Calle",,"FUNES","Rosario","Asfalto","Ripio","II","Dentro","Urbana","S/D","No existe","Recta","Bueno","Buena","Nocturna","Buen Tiempo","S/D","S/D","Colisión","Agua","S/D","Ninguna","Sin restricción"
2014,1115,15/02/2014,"Sabado",0,16:00:00,,"0.0",2,"Moto/Ciclomotor,Automóvil","Galindo Y Av Fuerza Aerea",2,1,0,0,1,0,0,,"Calle",,"FUNES","Rosario","Asfalto","Natural","II","Dentro","Urbana","Ninguna","No existe","Recta","Bueno","Buena","Diurna","Buen Tiempo","Lateral","S/D","Colisión","Ninguna","Faltante","Ninguna","Sin restricción"
2014,1116,04/02/2014,"Martes",0,07:00:00,,"0.0",2,"Bicicleta,Otros","San Martin Y Rui Barbosa",2,1,0,0,1,0,0,,"Avenida",,"ROSARIO","Rosario","Asfalto","No existe","II","Dentro","Urbana","Marca Vial","No existe","Intersección","Bueno","Buena","Diurna","Buen Tiempo","S/D","S/D","Atropello","Ninguna","Horizontal","Cordón divisorio","Sin restricción"
2014,1117,13/02/2014,"Jueves",0,07:30:00,,"0.0",2,"Moto/Ciclomotor,Automóvil","Madre Cabrini Y España",2,1,0,0,1,0,0,,"Calle",,"ROSARIO","Rosario","Asfalto","No existe","II","Dentro","Urbana","Marca Vial","No existe","Intersección","Bueno","Buena","Diurna","Buen Tiempo","Lateral","S/D","Colisión","Ninguna","Horizontal","Cordón divisorio","Sin restricción"
2014,1118,14/02/2014,"Viernes",0,20:20:00,,"0.0",2,"Moto/Ciclomotor,Automóvil","San Martin Y Av. Battle y Ordoñez",2,1,0,0,1,0,0,,"Avenida",,"ROSARIO","Rosario","Asfalto","No existe","II","Dentro","Urbana","Semáforo","Funciona","Intersección","Bueno","Buena","Nocturna,Con luz artificial","Buen Tiempo","Lateral","S/D","Colisión","Ninguna","Vertical","Cordón divisorio","Sin restricción"
2014,1120,16/02/2014,"Domingo",0,12:30:00,,"0.0",2,"Moto/Ciclomotor,Automóvil"," ",2,1,0,0,1,0,0,,"Avenida",,"ROSARIO","Rosario","Asfalto","No existe","II","Dentro","Urbana","Semáforo","No existe","Intersección","S/D","Buena","Diurna","Buen Tiempo","Lateral","S/D","Colisión","Ninguna","Vertical","Cordón divisorio","Sin restricción"
2014,1121,17/02/2014,"Lunes",0,14:00:00,,"0.0",2,"Automóvil,Moto/Ciclomotor","Lainez Y Laprida",2,2,0,0,0,0,0,,"Calle",,"ROSARIO","Rosario","S/D","S/D","II","Dentro","Urbana","Marca Vial","No existe","Intersección","Bueno","Buena","Diurna","Buen Tiempo","Lateral","S/D","Colisión","Ninguna","Horizontal","Cordón divisorio","Sin restricción"
2014,1122,18/02/2014,"Martes",0,23:30:00,,"0.0",2,"Moto/Ciclomotor,Automóvil","Av. Arijon Y Rodriguez",2,1,0,0,1,0,0,,"Avenida",,"ROSARIO","Rosario","Asfalto","Natural","II","Dentro","Urbana","Ninguna","S/D","Recta","S/D","S/D","Nocturna","Buen Tiempo","De alcance","S/D","Colisión","S/D","S/D","Vegetación","Sin restricción"
2014,1123,19/02/2014,"Miercoles",0,02:45:00,,"0.0",2,"Moto/Ciclomotor,Camión","Av. Circunvalacion Y Av. Ovidio Lagos",2,1,0,0,1,0,0,,"Avenida",,"ROSARIO","Rosario","Asfalto","Pavimento","II","Dentro","Urbana","Otra Señal","S/D","Recta","Bueno","Buena","Nocturna","Buen Tiempo","Frontal","S/D","Colisión","S/D","Vertical","Guardarrail","Sin restricción"
2014,1124,19/02/2014,"Miercoles",0,18:20:00,,"0.0",2,"Automóvil,Peatón","Av. Arijon Y Mariano Moreno",2,1,0,0,1,0,0,,"Avenida",,"ROSARIO","Rosario","Asfalto","Pavimento","II","Dentro","Urbana","S/D","S/D","Intersección","S/D","S/D","Diurna","S/D","S/D","S/D","Atropello","S/D","S/D","S/D","S/D"
2014,1125,03/02/2014,"Lunes",0,21:45:00,,"0.0",2,"Automóvil,Peatón","J.M.Gutierrez Y Vuelta De Obligado",2,1,0,0,1,0,0,,"Calle",,"ROSARIO","Rosario","Asfalto","S/D","II","Dentro","Urbana","S/D","S/D","Intersección","Bueno","S/D","Nocturna","S/D","S/D","S/D","Atropello","S/D","S/D","S/D","S/D"
2014,1126,27/02/2014,"Jueves",0,22:30:00,,"0.0",2,"Automóvil,Peatón","Av. Battle y Ordoñez Y Bv. Oroño",2,1,0,0,1,0,0,,"Avenida",,"ROSARIO","Rosario","Asfalto","Pavimento","II","Dentro","Urbana","S/D","S/D","Intersección","Bueno","S/D","Nocturna","S/D","S/D","S/D","Atropello","S/D","S/D","S/D","S/D"
2014,1127,04/03/2014,"Martes",0,20:55:00,,"0.0",2,"Automóvil,Peatón","Av. Battle y Ordoñez Y España",2,1,0,0,1,0,0,,"Calle",,"ROSARIO","Rosario","Asfalto","S/D","II","Dentro","Urbana","S/D","S/D","Intersección","S/D","S/D","Nocturna","S/D","S/D","S/D","Atropello","S/D","S/D","S/D","S/D"
2014,1128,12/02/2014,"Miercoles",0,19:20:00,,"0.0",2,"Moto/Ciclomotor,Otros","Av. Ovidio Lagos Y Bv. Segui",2,1,0,0,1,0,0,,"Avenida",,"ROSARIO","Rosario","S/D","S/D","II","Dentro","Urbana","Ninguna","Funciona","Intersección","Bueno","Buena","Atardecer","Buen Tiempo","Lateral","S/D","Colisión","Ninguna","S/D","Ninguna","Sin restricción"
2014,1129,17/02/2014,"Lunes",0,17:00:00,,"0.0",2,"Moto/Ciclomotor,Otros","Av. Francia Y Acevedo Bis",2,1,0,0,1,0,0,,"Avenida",,"ROSARIO","Rosario","Asfalto","No existe","II","Dentro","Urbana","Ninguna","Funciona","Recta","Bueno","Buena","Atardecer","Buen Tiempo","Lateral","S/D","Colisión","Ninguna","Faltante","Ninguna","Sin restricción"
2014,1130,13/02/2014,"Jueves",0,19:00:00,,"0.0",1,"Moto/Ciclomotor","Castellanos Y Saavedra",1,1,0,0,0,0,0,,"Calle",,"ROSARIO","Rosario","Asfalto","No existe","II","Dentro","Urbana","Ninguna","No existe","Intersección","Bueno","Buena","Atardecer","Buen Tiempo","S/D","S/D","Colisión","Ninguna","Faltante","Ninguna","Sin restricción"
2014,1131,13/02/2014,"Jueves",0,16:15:00,,"0.0",1,"Automóvil","Av. Uriburu Y Bv. Avellaneda",3,1,0,0,2,0,0,,"Avenida",,"ROSARIO","Rosario","Asfalto","No existe","II","Dentro","Urbana","Ninguna","Funciona","Intersección","Bueno","Buena","Diurna","Buen Tiempo","Lateral","S/D","Colisión","Ninguna","S/D","Ninguna","Sin restricción"
2014,1132,02/02/2014,"Domingo",0,01:45:00,,"0.0",1,"Automóvil","Bv. Avellaneda Y Dr.Rivas",1,1,0,0,0,0,0,,"Avenida",,"ROSARIO","Rosario","Asfalto","No existe","II","Dentro","Urbana","Ninguna","No existe","Recta","Bueno","Buena","Diurna","Buen Tiempo","Lateral","S/D","Colisión","Ninguna","Faltante","Ninguna","Sin restricción"
2014,1133,07/02/2014,"Viernes",0,05:30:00,,"0.0",1,"Moto/Ciclomotor","Av. Ovidio Lagos Y Rivadavia",1,1,0,0,0,0,0,,"Avenida",,"ROSARIO","Rosario","Asfalto","No existe","II","Dentro","Urbana","Ninguna","No existe","Recta","Bueno","Buena","Amanecer","Buen Tiempo","S/D","S/D","Colisión","Ninguna","Faltante","Ninguna","Sin restricción"
2014,1134,06/02/2014,"Jueves",0,15:10:00,,"0.0",2,"Bicicleta,Otros","Av. Ovidio Lagos 4500",2,1,0,0,0,0,1,,"Avenida",,"ROSARIO","Rosario","Asfalto","No existe","II","Dentro","Urbana","Ninguna","No existe","Intersección","Bueno","Buena","Atardecer","Buen Tiempo","S/D","S/D","Atropello","Ninguna","Faltante","Ninguna","Sin restricción"
2014,1135,06/02/2014,"Jueves",0,21:15:00,,"0.0",2,"Peatón,Otros","Crespo Y Dr.Rivas",2,1,0,0,0,0,1,,"Calle",,"ROSARIO","Rosario","Asfalto","No existe","II","Dentro","Urbana","Ninguna","No existe","Intersección","Bueno","Buena","Nocturna,Con luz artificial","Buen Tiempo","S/D","S/D","Atropello","Ninguna","Faltante","Ninguna","Sin restricción"
2014,1136,05/02/2014,"Miercoles",0,21:30:00,,"0.0",2,"Bicicleta,Moto/Ciclomotor","Bv. Segui 3400",2,1,0,0,0,0,1,,"Avenida",,"ROSARIO","Rosario","Asfalto","No existe","II","Dentro","Urbana","Ninguna","No existe","Recta","Bueno","Buena","Nocturna","Buen Tiempo","S/D","S/D","Atropello","Ninguna","Faltante","Ninguna","Sin restricción"
2014,1137,04/02/2014,"Martes",0,17:00:00,,"0.0",2,"Moto/Ciclomotor,Otros","Castellanos Y Saavedra",2,1,0,0,0,0,1,,"Calle",,"ROSARIO","Rosario","Asfalto","Pavimento","II","Dentro","Urbana","Ninguna","No existe","Intersección","Bueno","Buena","Atardecer","Buen Tiempo","Lateral","S/D","Colisión","Ninguna","Faltante","Ninguna","Sin restricción"
2014,1138,06/02/2014,"Jueves",0,14:00:00,,"0.0",2,"Bicicleta,Automóvil","Pte.Roca 1100",2,1,0,0,1,0,0,,"Calle",,"ROSARIO","Rosario","Asfalto","S/D","II","Dentro","Urbana","Ninguna","No existe","Recta","Bueno","Buena","Diurna","Buen Tiempo","S/D","S/D","Atropello","S/D","Faltante","Cordón divisorio","Sin restricción"
2014,1139,04/02/2014,"Martes",0,11:00:00,,"0.0",2,"Peatón,Taxi/Remis","Paraguay 1400",2,1,0,0,1,0,0,,"Calle",,"ROSARIO","Rosario","Asfalto","S/D","II","S/D","Urbana","Ninguna","No existe","Recta","Bueno","Buena","Diurna","Buen Tiempo","S/D","S/D","Atropello","S/D","Faltante","S/D","Sin restricción"
2014,1140,13/02/2014,"Jueves",0,10:45:00,,"0.0",2,"Peatón,Otros","L.N.Alem 1400",2,1,0,0,1,0,0,,"Calle",,"ROSARIO","Rosario","Asfalto","S/D","II","Dentro","Urbana","S/D","S/D","Recta","Bueno","S/D","Diurna","S/D","S/D","S/D","Atropello","S/D","S/D","S/D","S/D"
2014,1141,18/02/2014,"Martes",0,10:00:00,,"0.0",2,"Moto/Ciclomotor,Automóvil","Buenos Aires Y 9 De Julio",2,1,0,0,1,0,0,,"Calle",,"ROSARIO","Rosario","Asfalto","S/D","II","Dentro","Urbana","S/D","No existe","Intersección","Bueno","Buena","Diurna","S/D","Lateral","S/D","Colisión","S/D","S/D","S/D","S/D"
2014,1142,20/02/2014,"Jueves",0,20:00:00,,"0.0",2,"Moto/Ciclomotor,Moto/Ciclomotor","Santa Fe Y Bv. Oroño",2,1,0,0,1,0,0,,"Calle",,"ROSARIO","Rosario","Asfalto","S/D","II","Dentro","Urbana","Ninguna","No existe","Intersección","Bueno","Buena","Nocturna,Con luz artificial","Buen Tiempo","Lateral","S/D","Colisión","S/D","Faltante","S/D","S/D"
2014,1143,19/02/2014,"Miercoles",0,02:00:00,,"0.0",2,"Automóvil,Automóvil","Av. Pellegrini Y Paraguay",3,2,0,0,1,0,0,,"Calle",,"ROSARIO","Rosario","Asfalto","S/D","II","Dentro","Urbana","Ninguna","No existe","Intersección","Bueno","Buena","Nocturna,Con luz artificial","Buen Tiempo","Frontal","S/D","Colisión","S/D","Faltante","Cordón divisorio","Sin restricción"
2014,1144,08/02/2014,"Sabado",0,04:15:00,,"0.0",2,"Automóvil,Automóvil","San Luis Y Av. Corrientes",4,4,0,0,0,0,0,,"Calle",,"ROSARIO","Rosario","Asfalto","S/D","II","Dentro","Urbana","Semáforo","Funciona","Intersección","Bueno","Buena","Nocturna,Con luz artificial","Buen Tiempo","Lateral","S/D","Colisión","S/D","Vertical","Cordón divisorio","Sin restricción"
2014,1145,08/02/2014,"Sabado",0,22:50:00,,"0.0",2,"Moto/Ciclomotor,Taxi/Remis","Av. Corrientes 1600",3,2,0,0,1,0,0,,"Calle",,"ROSARIO","Rosario","Asfalto","S/D","II","Dentro","Urbana","Ninguna","No existe","Recta","Bueno","Buena","Nocturna,Con luz artificial","Buen Tiempo","Frontal","S/D","Colisión","S/D","Faltante","Cordón divisorio","Sin restricción"
2014,1146,08/02/2014,"Sabado",0,17:15:00,,"0.0",2,"Automóvil,Automóvil","Mariano Moreno Y San Luis",2,1,0,0,1,0,0,,"Calle",,"ROSARIO","Rosario","Asfalto","S/D","II","Dentro","Urbana","Ninguna","S/D","Intersección","Con baches","Buena","Diurna","Buen Tiempo","Lateral","S/D","Colisión","S/D","Faltante","Cordón divisorio","Sin restricción"
2014,1147,04/02/2014,"Martes",0,11:20:00,,"0.0",2,"Pickup/Utilitario,Bicicleta","Mitre 1200",2,1,0,0,1,0,0,,"Calle",,"ROSARIO","Rosario","Asfalto","S/D","II","Dentro","Urbana","Ninguna","No existe","Recta","Con baches","Buena","Diurna","Buen Tiempo","S/D","S/D","Atropello","S/D","S/D","Cordón divisorio","Sin restricción"
2014,1148,12/02/2014,"Miercoles",0,14:30:00,,"0.0",2,"Moto/Ciclomotor,Automóvil","3 De Febrero Y Ricchieri",2,1,0,0,1,0,0,,"Calle",,"ROSARIO","Rosario","Asfalto","S/D","II","Dentro","Urbana","S/D","S/D","Intersección","S/D","S/D","S/D","S/D","S/D","S/D","Colisión","S/D","S/D","Cordón divisorio","S/D"
2014,1149,18/02/2014,"Martes",0,07:45:00,,"0.0",2,"Automóvil,Moto/Ciclomotor","9 De Julio Y Av. Ovidio Lagos",2,1,0,0,1,0,0,,"Calle",,"ROSARIO","Rosario","Asfalto","S/D","II","Dentro","Urbana","S/D","S/D","Intersección","S/D","S/D","Diurna","S/D","S/D","S/D","Colisión","S/D","S/D","Cordón divisorio","S/D"
2014,1150,24/02/2014,"Lunes",0,22:00:00,,"0.0",2,"Moto/Ciclomotor,Automóvil","Baigorria Y Warnes",3,1,0,0,2,0,0,,"Calle",,"ROSARIO","Rosario","S/D","S/D","II","Dentro","Urbana","S/D","S/D","Recta","S/D","S/D","Nocturna","S/D","S/D","S/D","S/D","S/D","S/D","S/D","S/D"
2014,1151,24/02/2014,"Lunes",0,06:10:00,,"0.0",2,"Moto/Ciclomotor,Moto/Ciclomotor","Tucuman ",2,2,0,0,0,0,0,,"Calle",,"ROSARIO","Rosario","S/D","S/D","II","S/D","Urbana","S/D","S/D","S/D","S/D","S/D","Amanecer","S/D","S/D","S/D","S/D","S/D","S/D","S/D","S/D"
2014,1152,19/02/2014,"Miercoles",0,16:25:00,,"0.0",2,"Moto/Ciclomotor,Automóvil","Av. Alberdi Bis Y French",2,1,0,0,1,0,0,,"Avenida",,"ROSARIO","Rosario","Asfalto","S/D","II","S/D","Urbana","S/D","Intermitente","Recta","Bueno","Buena","Diurna","Buen Tiempo","Lateral","S/D","Colisión","S/D","Vertical","Cordón divisorio","S/D"
2014,1153,12/02/2014,"Miercoles",0,21:45:00,,"0.0",2,"Automóvil,Moto/Ciclomotor","Albert Sabin Y Av. Alberdi Bis",2,1,0,0,1,0,0,,"Calle",,"ROSARIO","Rosario","Asfalto","S/D","II","Dentro","Urbana","Semáforo","Funciona","Intersección","Bueno","Buena","Nocturna","Buen Tiempo","Lateral","S/D","Colisión","S/D","S/D","Barrera de hormigón","S/D"
2014,1154,10/02/2014,"Lunes",0,19:00:00,,"0.0",2,"Automóvil,Automóvil","Av. Alberdi Bis Y Velez Sarsfield",2,1,0,0,1,0,0,,"S/D",,"ROSARIO","Rosario","S/D","S/D","II","S/D","Urbana","S/D","S/D","S/D","S/D","S/D","Diurna","S/D","S/D","S/D","S/D","S/D","S/D","S/D","S/D"
2014,1155,03/02/2014,"Lunes",0,18:00:00,,"0.0",2,"Automóvil,Automóvil","Av. Frondizi A Y Av. de los Trabajadores",4,2,0,0,2,0,0,,"Avenida",,"ROSARIO","Rosario","Asfalto","Pavimento","II","S/D","Urbana","S/D","Funciona","Recta","Bueno","Buena","Diurna","Buen Tiempo","De alcance","S/D","Colisión","S/D","Vertical","S/D","S/D"
2014,1156,18/02/2014,"Martes",0,16:00:00,,"0.0",2,"Automóvil,Automóvil","Monte Flores Y Av. Alberdi Bis",4,2,0,0,2,0,0,,"Calle",,"ROSARIO","Rosario","Asfalto","S/D","II","Dentro","Urbana","S/D","S/D","Intersección","Bueno","S/D","Diurna","S/D","S/D","S/D","S/D","S/D","S/D","S/D","S/D"
2014,1157,27/02/2014,"Jueves",0,18:30:00,,"0.0",2,"Moto/Ciclomotor,Automóvil","Constitucion Y San Lorenzo",2,1,0,0,1,0,0,,"S/D",,"ROSARIO","Rosario","S/D","S/D","II","S/D","S/D","S/D","S/D","S/D","S/D","S/D","Atardecer","S/D","S/D","S/D","S/D","S/D","S/D","S/D","S/D"
2014,1158,04/02/2014,"Martes",0,12:20:00,,"0.0",2,"Peatón,Automóvil","Pueyrredon Y Urquiza",2,1,0,0,1,0,0,,"Calle",,"ROSARIO","Rosario","Asfalto","No existe","II","Dentro","Urbana","Señal Pare","No existe","Recta","Bueno","Buena","Diurna","Buen Tiempo","S/D","S/D","Atropello","Ninguna","S/D","Ninguna","Sin restricción"
2014,1159,17/02/2014,"Lunes",0,18:40:00,,"0.0",1,"Moto/Ciclomotor","Montevideo 3800",1,1,0,0,0,0,0,,"Calle",,"ROSARIO","Rosario","Asfalto","S/D","II","S/D","Urbana","S/D","S/D","S/D","S/D","S/D","Diurna","S/D","S/D","S/D","Caída ocupante","S/D","S/D","S/D","S/D"
2014,1160,20/02/2014,"Jueves",0,20:45:00,,"0.0",2,"Moto/Ciclomotor,Moto/Ciclomotor","Humberto I Y Florida",3,3,0,0,0,0,0,,"Calle",,"ROSARIO","Rosario","Asfalto","S/D","II","Dentro","Urbana","S/D","S/D","Intersección","Bueno","S/D","S/D","S/D","S/D","S/D","S/D","S/D","S/D","S/D","S/D"
2014,1161,14/02/2014,"Viernes",0,17:50:00,"Ruta Nacional A012","0.0",2,"Automóvil,Camión"," ",3,2,0,0,1,0,0,,"Ruta","A012","PIÑERO","Rosario","Asfalto","Natural","II","Dentro","Urbana","Ninguna","No existe","Cruce","Bueno","S/D","Atardecer","Buen Tiempo","Lateral","S/D","Colisión","Ninguna","Vertical","Línea divisoria pintada","Sin restricción"
2014,1162,05/02/2014,"Miercoles",0,20:30:00,,"0.0",2,"Pickup/Utilitario,Moto/Ciclomotor","San Lorenzo Y Constitucion",2,1,0,0,1,0,0,,"Calle",,"ROSARIO","Rosario","Asfalto","Pavimento","II","Dentro","Urbana","Ninguna","No existe","Recta","Bueno","Buena","Nocturna","Buen Tiempo","Lateral","S/D","Colisión","S/D","S/D","S/D","S/D"
2014,1163,22/02/2014,"Sabado",0,18:25:00,,"0.0",2,"Transporte de Pasajeros Urbano (> 8 asientos),Automóvil","Junin Y Ing.Thedy Bis",2,1,0,0,1,0,0,,"Calle",,"ROSARIO","Rosario","Asfalto","S/D","II","Dentro","Urbana","Semáforo","Funciona","Recta","Resbaladiza","S/D","S/D","Lluvia","S/D","S/D","S/D","S/D","S/D","S/D","S/D"
2014,1164,17/02/2014,"Lunes",0,08:40:00,,"0.0",2,"Moto/Ciclomotor,Automóvil","Av. Pellegrini 3300",2,1,0,0,1,0,0,,"Avenida",,"ROSARIO","Rosario","S/D","S/D","II","S/D","Urbana","S/D","S/D","Recta","S/D","S/D","Diurna","S/D","S/D","S/D","Colisión","S/D","S/D","S/D","S/D"
2014,1165,07/02/2014,"Viernes",0,21:30:00,,"0.0",2,"Automóvil,Automóvil","Urquiza Y Callao",3,2,0,0,1,0,0,,"Calle",,"ROSARIO","Rosario","Asfalto","Pavimento","II","Dentro","Urbana","Semáforo","Funciona","Intersección","Bueno","Buena","Nocturna","Buen Tiempo","Lateral","S/D","Colisión","S/D","Vertical","Ninguna","S/D"
2014,1166,09/02/2014,"Domingo",0,18:30:00,,"0.0",2,"Automóvil,Moto/Ciclomotor","Alberdi Y Av. Genova",4,1,0,0,3,0,0,,"Avenida",,"ROSARIO","Rosario","S/D","S/D","II","S/D","Urbana","S/D","S/D","Recta","Bueno","S/D","S/D","S/D","Lateral","S/D","Colisión","S/D","S/D","S/D","S/D"
2014,1167,03/02/2014,"Lunes",0,15:30:00,,"0.0",2,"Automóvil,Moto/Ciclomotor","Echeverria Bis Y Av. Luis Carballo",3,1,0,0,2,0,0,,"Calle",,"ROSARIO","Rosario","S/D","S/D","II","Dentro","Urbana","S/D","S/D","S/D","S/D","S/D","Diurna","S/D","S/D","S/D","S/D","S/D","S/D","S/D","S/D"
2014,1168,07/02/2014,"Viernes",0,08:15:00,,"0.0",2,"Moto/Ciclomotor,Automóvil","Salta Y Crespo",2,1,0,0,1,0,0,,"Calle",,"ROSARIO","Rosario","Asfalto","Pavimento","II","Dentro","Urbana","Semáforo","Funciona","Recta","Bueno","Buena","Diurna","Buen Tiempo","Lateral","S/D","Colisión","Ninguna","Vertical","Ninguna","Sin restricción"
2014,1171,15/02/2014,"Sabado",0,18:20:00,,"0.0",2,"Automóvil,Moto/Ciclomotor","Bv. Avellaneda Y 3 De Febrero",2,1,0,0,1,0,0,,"Avenida",,"ROSARIO","Rosario","S/D","S/D","II","Dentro","Urbana","S/D","S/D","Intersección","S/D","S/D","Diurna","S/D","S/D","S/D","Colisión","S/D","S/D","Cordón divisorio","S/D"
2014,1172,10/02/2014,"Lunes",0,14:30:00,,"0.0",2,"Automóvil,Moto/Ciclomotor","3 De Febrero Y Pueyrredon",2,2,0,0,0,0,0,,"Calle",,"ROSARIO","Rosario","S/D","S/D","II","Dentro","Urbana","S/D","S/D","Intersección","S/D","S/D","Diurna","S/D","S/D","S/D","Colisión","S/D","S/D","S/D","S/D"
2014,1173,01/02/2014,"Sabado",0,01:36:00,,"0.0",2,"Moto/Ciclomotor,Automóvil","Ignacio Asurmendi 800",2,1,0,0,1,0,0,,"Calle",,"ACEBAL","Rosario","Asfalto","No existe","II","Dentro","Urbana","Ninguna","No existe","Recta","Bueno","Buena","Nocturna,Con luz artificial","Buen Tiempo","Lateral,Otro","S/D","Colisión","Ninguna","Faltante","Ninguna","Sin restricción"