"anio_acci","nro_acci","fecha","desc_dia","fecha_aprox","hora_aprox","desc_ruta","km","cant_participantes","desc_participante","calle_avenida_km","total","heridos_leves","heridos_graves","heridos_gravisimos","ilesos","fallecidos","sin_datos","posicion_XY","desc_tipo_via","desc_ruta_ori","desc_loc","desc_dpto","desc_tipo_calzada","desc_tipo_banquina","desc_unidad_regional","desc_lugar_calzada","desc_zona","desc_prioridad","desc_estado_semaforo","desc_lugar_via","desc_estado_via","desc_estado_visibilidad","desc_luminosidad","desc_estado_clima","desc_tipo_colision","desc_tipo_atropello","desc_tipo_hecho","desc_pres_calzada","desc_senializacion","desc_separacion_via","desc_restriccion"
2014,1174,08/02/2014,"Sabado",0,11:40:00,,"0.0",2,"Taxi/Remis,Moto/Ciclomotor","Bv. Avellaneda Y Rioja",3,2,0,0,1,0,0,,"Avenida",,"ROSARIO","Rosario","S/D","S/D","II","S/D","Urbana","S/D","S/D","Intersección","S/D","S/D","Diurna","S/D","S/D","S/D","Colisión","S/D","S/D","S/D","S/D"
2014,1175,11/02/2014,"Martes",0,15:00:00,,"0.0",2,"Automóvil,Automóvil","Salta Y Suipacha",3,1,0,0,1,0,1,,"Calle",,"ROSARIO","Rosario","S/D","S/D","II","Dentro","Urbana","S/D","S/D","S/D","S/D","S/D","Diurna","S/D","S/D","S/D","Colisión","S/D","S/D","S/D","S/D"
2014,1176,07/02/2014,"Viernes",0,09:15:00,,"0.0",2,"Moto/Ciclomotor,Pickup/Utilitario","Av. Pellegrini Y Iriondo",2,1,0,0,1,0,0,,"Avenida",,"ROSARIO","Rosario","S/D","S/D","II","S/D","Urbana","S/D","S/D","Intersección","S/D","S/D","Diurna","S/D","S/D","S/D","Colisión","S/D","S/D","S/D","S/D"
2014,1177,28/02/2014,"Viernes",0,20:30:00,"Ruta Provincial 18","115.0",2,"Automóvil,Automóvil"," ",2,1,0,0,1,0,0,,"Ruta",18,"ALVEAR","Rosario","Asfalto","Ripio","II","S/D","S/D","Ninguna","No existe","Recta","Bueno","Buena","Nocturna","Buen Tiempo","S/D","S/D","S/D","Otro","Faltante","Ninguna","Sin restricción"
2014,1178,04/02/2014,"Martes",0,17:50:00,,"0.0",2,"Automóvil,Automóvil","Bv. Avellaneda ",3,1,0,0,2,0,0,,"Avenida",,"ROSARIO","Rosario","S/D","S/D","II","S/D","Urbana","S/D","S/D","S/D","S/D","S/D","Diurna","S/D","S/D","S/D","S/D","S/D","S/D","S/D","S/D"
2014,1179,13/02/2014,"Jueves",0,12:30:00,,"0.0",2,"Moto/Ciclomotor,Automóvil","Av. Del Valle Y Av. Ovidio Lagos",2,1,0,0,1,0,0,,"Avenida",,"ROSARIO","Rosario","S/D","S/D","II","Dentro","Urbana","S/D","S/D","S/D","S/D","S/D","Diurna","S/D","S/D","S/D","Colisión","S/D","S/D","S/D","S/D"
2014,1180,07/02/2014,"Viernes",0,14:30:00,,"0.0",2,"Peatón,Otros","Av de los inmigrantes Y Av. Pellegrini",2,1,0,0,0,0,1,,"Calle",,"ROSARIO","Rosario","S/D","S/D","II","S/D","Urbana","S/D","S/D","Intersección","S/D","S/D","Diurna","S/D","S/D","S/D","Atropello","S/D","S/D","Cordón divisorio","S/D"
2014,1181,07/02/2014,"Viernes",0,20:15:00,,"0.0",2,"Moto/Ciclomotor,Automóvil","Bahia Blanca Bis Y Velez Sarsfield",2,1,0,0,1,0,0,,"Calle",,"ROSARIO","Rosario","S/D","S/D","II","Dentro","Urbana","S/D","S/D","S/D","S/D","S/D","Diurna","S/D","S/D","S/D","S/D","S/D","S/D","S/D","S/D"
2014,1182,18/02/2014,"Martes",0,11:10:00,"Ruta Provincial 18","6.0",3,"Pickup/Utilitario,Automóvil,Automóvil"," ",5,3,0,0,2,0,0,,"Ruta",18,"PIÑERO","Rosario","Asfalto","Natural","II","S/D","Urbana","S/D","No existe","Recta","Bueno","S/D","Diurna","Buen Tiempo","S/D","S/D","S/D","S/D","S/D","Cordón divisorio","S/D"
2014,1183,24/01/2014,"Viernes",0,10:30:00,,"0.0",2,"Automóvil,Automóvil","E.Zeballos Y Santiago",3,1,0,0,2,0,0,,"Calle",,"ROSARIO","Rosario","S/D","S/D","II","S/D","Urbana","S/D","S/D","Intersección","S/D","S/D","S/D","S/D","S/D","S/D","Colisión","S/D","S/D","S/D","S/D"
2014,1184,14/02/2014,"Viernes",0,09:15:00,,"0.0",2,"Moto/Ciclomotor,Automóvil","Salta Y Suipacha",2,1,0,0,1,0,0,,"Calle",,"ROSARIO","Rosario","S/D","S/D","II","S/D","Urbana","S/D","S/D","S/D","S/D","S/D","Diurna","S/D","S/D","S/D","Colisión","S/D","S/D","S/D","S/D"
2014,1185,17/02/2014,"Lunes",0,05:00:00,,"0.0",2,"Moto/Ciclomotor,Pickup/Utilitario","Salta Y Pueyrredon",2,1,0,0,0,0,1,,"Calle",,"ROSARIO","Rosario","S/D","S/D","II","S/D","Urbana","S/D","S/D","Intersección","S/D","S/D","Amanecer","S/D","S/D","S/D","Colisión","S/D","S/D","S/D","S/D"
2014,1186,27/02/2014,"Jueves",0,03:10:00,"Ruta Provincial 14","0.0",2,"Pickup/Utilitario,Camión"," ",3,2,0,0,1,0,0,,"Ruta",14,"PIÑERO","Rosario","Asfalto","Natural","II","Dentro","Rural","Ninguna","No existe","Cruce","Otro","S/D","Nocturna","S/D","Lateral","S/D","Colisión","Ninguna","Vertical","Barrera de hormigón","Sin restricción"
2014,1187,07/02/2014,"Viernes",0,,,"0.0",2,"Bicicleta,Automóvil","San Nicolas Y 9 De Julio",2,1,0,0,1,0,0,,"Calle",,"ROSARIO","Rosario","S/D","S/D","II","S/D","Urbana","S/D","S/D","Intersección","S/D","S/D","S/D","S/D","S/D","S/D","Atropello","S/D","S/D","Cordón divisorio","S/D"
2014,1188,17/02/2014,"Lunes",0,13:00:00,,"0.0",2,"Bicicleta,Automóvil","Pueyrredon Y Tucuman",2,1,0,0,1,0,0,,"Calle",,"ROSARIO","Rosario","Asfalto","S/D","II","Dentro","Urbana","S/D","S/D","Intersección","S/D","S/D","Diurna","S/D","S/D","S/D","Atropello","S/D","S/D","S/D","S/D"
2014,1189,08/02/2014,"Sabado",0,17:30:00,,"0.0",2,"Moto/Ciclomotor,Pickup/Utilitario","Av. E.Lopez Y Av. Plaza Argentina",2,1,0,0,1,0,0,,"Calle",,"ROSARIO","Rosario","S/D","S/D","II","Dentro","Urbana","S/D","S/D","S/D","S/D","S/D","Diurna","S/D","S/D","S/D","S/D","S/D","S/D","S/D","S/D"
2014,1190,07/02/2014,"Viernes",0,17:20:00,,"0.0",2,"Automóvil,Moto/Ciclomotor","Montevideo Y Gutenberg",3,2,0,0,1,0,0,,"Calle",,"ROSARIO","Rosario","S/D","S/D","II","S/D","Urbana","S/D","S/D","Intersección","S/D","S/D","Diurna","S/D","S/D","S/D","Colisión","S/D","S/D","Cordón divisorio","S/D"
2014,1191,21/02/2014,"Viernes",0,18:45:00,,"0.0",1,"Automóvil","Anchorena 2276",1,1,0,0,0,0,0,,"Calle",,"ROSARIO","Rosario","Asfalto","S/D","II","Dentro","Urbana","S/D","S/D","S/D","Bueno","S/D","S/D","S/D","S/D","S/D","S/D","S/D","S/D","S/D","S/D"
2014,1192,22/02/2014,"Sabado",0,17:30:00,,"0.0",2,"Moto/Ciclomotor,Otros","Pueyrredon Y Catamarca",2,1,0,0,0,0,1,,"Calle",,"ROSARIO","Rosario","Asfalto","S/D","II","S/D","Urbana","S/D","S/D","Intersección","S/D","S/D","Diurna","S/D","S/D","S/D","Colisión","S/D","S/D","S/D","S/D"
2014,1193,02/02/2014,"Domingo",0,,,"0.0",2,"Pickup/Utilitario,Moto/Ciclomotor","AV. HIPÓLITO IRIGOYEN ",2,0,1,0,1,0,0,,"Avenida",,"FORTÍN OLMOS","Vera","Asfalto","Natural","XIX","Dentro","Urbana","Ninguna","No existe","Intersección","Bueno","Reducida","Atardecer","Buen Tiempo","Otro","S/D","Otro","Otro","Faltante","Ninguna","Sin restricción"
2014,1194,11/02/2014,"Martes",0,11:50:00,,"0.0",2,"Moto/Ciclomotor,Peatón","Santiago Y Pje. Edison",3,0,1,0,2,0,0,,"Calle",,"ROSARIO","Rosario","Asfalto","Pavimento","II","Dentro","Urbana","S/D","S/D","Recta","S/D","S/D","Diurna","S/D","S/D","S/D","Atropello","S/D","S/D","S/D","S/D"
2014,1195,01/01/2014,"Miercoles",0,04:15:00,,"0.0",2,"Bicicleta,Automóvil","San Juan Y Moreno",2,1,0,0,1,0,0,,"Calle",,"SAN JORGE","San Martín","Asfalto","S/D","VIII","Dentro","Urbana","S/D","S/D","Intersección","Bueno","Buena","Nocturna,Con luz artificial","Buen Tiempo","S/D","S/D","Atropello","S/D","S/D","S/D","S/D"
2014,1196,01/02/2014,"Sabado",0,,"Ruta Nacional 11","0.0",2,"Automóvil,Automóvil","9 de Julio ",4,4,0,0,0,0,0,,"Ruta",11,"CALCHAQUÍ","Vera","S/D","S/D","XIX","Dentro","Urbana","S/D","S/D","S/D","S/D","S/D","S/D","S/D","S/D","S/D","S/D","S/D","S/D","S/D","S/D"
2014,1197,21/02/2014,"Viernes",0,18:30:00,,"0.0",2,"Automóvil,Moto/Ciclomotor","Lamadrid Y Dorrego",2,1,0,0,1,0,0,,"Calle",,"ROSARIO","Rosario","Asfalto","S/D","II","Dentro","Urbana","S/D","S/D","Recta","Bueno","S/D","Diurna","S/D","S/D","S/D","S/D","S/D","S/D","S/D","S/D"
2014,1198,24/02/2014,"Lunes",0,10:50:00,"Ruta Nacional 11","723.0",1,"Automóvil"," ",1,1,0,0,0,0,0,,"Ruta",11,"VERA","Vera","Asfalto","Ripio","XIX","S/D","Urbana","Ninguna","No existe","Recta","Bueno","Buena","Nocturna,Con luz artificial","Buen Tiempo","Contra objeto fijo","S/D","Colisión","S/D","Faltante","Línea divisoria pintada","S/D"
2014,1199,07/02/2014,"Viernes",0,17:30:00,,"0.0",2,"Automóvil,Moto/Ciclomotor","Rioja 3800",2,1,0,0,1,0,0,,"Calle",,"ROSARIO","Rosario","Asfalto","S/D","II","Dentro","Urbana","S/D","S/D","Recta","S/D","S/D","Diurna","S/D","S/D","S/D","Colisión","S/D","S/D","Cordón divisorio","S/D"
2014,1200,04/02/2014,"Martes",0,08:30:00,,"0.0",2,"Moto/Ciclomotor,Pickup/Utilitario","9 de Julio Y Col¾n",2,1,0,0,1,0,0,,"Calle",,"MARGARITA","Vera","Asfalto","No existe","XIX","S/D","Urbana","Ninguna","No existe","Intersección","Bueno","Reducida","Diurna","Lluvia","Lateral","S/D","Colisión","Agua","Horizontal,Vertical","Cordón divisorio","Sin restricción"
2014,1201,26/02/2014,"Miercoles",0,18:30:00,,"0.0",2,"Pickup/Utilitario,Moto/Ciclomotor","Av. Ntra.Sra.del Rosario Y Dorrego",3,2,0,0,1,0,0,,"Calle",,"ROSARIO","Rosario","Asfalto","Pavimento","II","Dentro","Urbana","S/D","S/D","Intersección","S/D","S/D","Diurna","S/D","S/D","S/D","S/D","S/D","S/D","S/D","S/D"
2014,1202,01/01/2014,"Miercoles",0,19:35:00,,"0.0",1,"Moto/Ciclomotor","Sargento Cabral Y Fray Luis Beltran",2,2,0,0,0,0,0,,"Calle",,"SAN JORGE","San Martín","S/D","S/D","XVIII","Dentro","Urbana","S/D","S/D","Intersección","Bueno","Buena","Atardecer","Buen Tiempo","S/D","S/D","Despiste","S/D","S/D","S/D","S/D"
2014,1203,07/02/2014,"Viernes",0,12:00:00,,"0.0",2,"Moto/Ciclomotor,Automóvil","Mendoza Y Bv. Avellaneda",3,2,0,0,1,0,0,,"Avenida",,"ROSARIO","Rosario","S/D","S/D","II","S/D","Urbana","S/D","S/D","Intersección","S/D","S/D","Diurna","S/D","S/D","S/D","Colisión","S/D","S/D","Cordón divisorio","S/D"
2014,1204,24/02/2014,"Lunes",0,20:30:00,,"0.0",2,"Moto/Ciclomotor,Peatón","Bv Belgrano 20",2,0,1,0,1,0,0,,"Calle",,"CALCHAQUÍ","Vera","S/D","S/D","XIX","Dentro","Urbana","S/D","S/D","S/D","S/D","S/D","Nocturna","S/D","S/D","S/D","Atropello","S/D","S/D","S/D","S/D"
2014,1205,13/02/2014,"Jueves",0,20:45:00,,"0.0",2,"Moto/Ciclomotor,Taxi/Remis","Ayohuma Y S Gaboto",2,1,0,0,1,0,0,,"S/D",,"SAN LORENZO","San Lorenzo","S/D","S/D","XVII","S/D","S/D","S/D","S/D","S/D","S/D","S/D","Nocturna","S/D","S/D","S/D","S/D","S/D","S/D","S/D","S/D"
2014,1206,28/02/2014,"Viernes",0,21:10:00,,"0.0",2,"Automóvil,Moto/Ciclomotor"," ",3,2,0,0,1,0,0,,"S/D",,"CALCHAQUÍ","Vera","S/D","S/D","XIX","S/D","S/D","S/D","S/D","S/D","S/D","S/D","Nocturna","S/D","S/D","S/D","S/D","S/D","S/D","S/D","S/D"
2014,1207,07/02/2014,"Viernes",0,04:55:00,,"0.0",2,"Automóvil,Taxi/Remis","Cafferata Y Santa Fe",5,3,0,0,2,0,0,,"Calle",,"ROSARIO","Rosario","Asfalto","S/D","II","S/D","Urbana","S/D","S/D","Intersección","S/D","S/D","Nocturna","S/D","S/D","S/D","Colisión","S/D","S/D","Cordón divisorio","S/D"
2014,1208,22/02/2014,"Sabado",0,10:40:00,,"0.0",2,"Automóvil,Automóvil","Av. Ovidio Lagos 1100",2,1,0,0,1,0,0,,"Calle",,"ROSARIO","Rosario","Asfalto","S/D","II","Dentro","Urbana","S/D","S/D","Intersección","S/D","S/D","Diurna","S/D","S/D","S/D","Colisión","S/D","S/D","Cordón divisorio","S/D"
2014,1209,17/02/2014,"Lunes",0,07:45:00,,"0.0",2,"Automóvil,Moto/Ciclomotor","Urquiza Y General Lopez",2,1,0,0,1,0,0,,"S/D",,"SAN LORENZO","San Lorenzo","S/D","S/D","XVII","S/D","S/D","S/D","S/D","S/D","S/D","S/D","Diurna","S/D","S/D","S/D","S/D","S/D","S/D","S/D","S/D"
2014,1210,28/02/2014,"Viernes",0,19:00:00,,"0.0",2,"Moto/Ciclomotor,Pickup/Utilitario","Salta Y Lamadrid",2,0,1,0,1,0,0,,"Calle",,"LAS ROSAS","Belgrano","Ripio","Ripio","III","Dentro","Urbana","Ninguna","No existe","Intersección","Deteriorada","Buena","Diurna","Buen Tiempo","Lateral","S/D","Colisión","Ninguna","Faltante","Ninguna","Sin restricción"
2014,1211,21/02/2014,"Viernes",0,04:45:00,,"0.0",2,"Moto/Ciclomotor,Peatón","Pje. Zavalla 3121",2,1,0,0,0,0,1,,"Calle",,"ROSARIO","Rosario","Asfalto","S/D","II","Dentro","Urbana","S/D","S/D","Intersección","S/D","S/D","Nocturna","S/D","S/D","S/D","Atropello","S/D","S/D","S/D","S/D"
2014,1212,11/02/2014,"Martes",0,17:50:00,,"0.0",2,"Automóvil,Automóvil","Urquiza ",4,2,0,0,2,0,0,,"S/D",,"SAN LORENZO","San Lorenzo","S/D","S/D","XVII","S/D","S/D","S/D","S/D","S/D","S/D","S/D","Diurna","S/D","S/D","S/D","Colisión","S/D","S/D","S/D","S/D"
2014,1213,04/01/2014,"Sabado",0,20:25:00,,"0.0",2,"Automóvil,Bicicleta","Bartolome Mitre Y Bv Pte Peron",2,1,0,0,1,0,0,,"Avenida",,"SAN JORGE","San Martín","Asfalto","S/D","XVIII","Dentro","Urbana","S/D","S/D","Intersección","Bueno","S/D","Nocturna","Buen Tiempo","S/D","S/D","Atropello","S/D","S/D","S/D","Sin restricción"
2014,1214,17/02/2014,"Lunes",0,19:43:00,,"0.0",2,"Camión,Moto/Ciclomotor","MAESTRA CORINA Y OROÑO",2,0,0,0,1,0,1,,"S/D",,"SAN LORENZO","San Lorenzo","S/D","S/D","XVII","S/D","S/D","S/D","S/D","S/D","S/D","S/D","Atardecer","S/D","S/D","S/D","S/D","S/D","S/D","S/D","S/D"
2014,1215,01/02/2014,"Sabado",0,04:00:00,,"0.0",2,"Taxi/Remis,Automóvil","San Juan Y Bv. Avellaneda",3,1,0,0,1,0,1,,"Avenida",,"ROSARIO","Rosario","Asfalto","S/D","II","S/D","Urbana","S/D","S/D","Intersección","S/D","S/D","Nocturna","S/D","S/D","S/D","Colisión","S/D","S/D","Cordón divisorio","S/D"
2014,1216,13/02/2014,"Jueves",0,20:40:00,,"0.0",2,"Pickup/Utilitario,Moto/Ciclomotor","Bateria Independencia Y Luis Braille",2,1,0,0,0,0,1,,"S/D",,"SAN LORENZO","San Lorenzo","S/D","S/D","XVII","S/D","S/D","S/D","S/D","S/D","S/D","S/D","Nocturna","S/D","S/D","S/D","S/D","S/D","S/D","S/D","S/D"
2014,1217,18/02/2014,"Martes",0,18:20:00,,"0.0",2,"Automóvil,Moto/Ciclomotor","Irigoyen Y Entre Rios",3,1,0,0,2,0,0,,"S/D",,"SAN LORENZO","San Lorenzo","S/D","S/D","XVII","S/D","S/D","S/D","S/D","S/D","S/D","S/D","Diurna","S/D","S/D","S/D","S/D","S/D","S/D","S/D","S/D"
2014,1218,27/02/2014,"Jueves",0,19:00:00,,"0.0",2,"Moto/Ciclomotor,Pickup/Utilitario","Ituzaingo Y Guillermo Benitez",3,2,0,0,1,0,0,,"Calle",,"LAS ROSAS","Belgrano","S/D","Pavimento","III","Dentro","Urbana","Ninguna","No existe","Intersección","Bueno","Buena","Atardecer","Buen Tiempo","Lateral","S/D","Colisión","Ninguna","Horizontal","Ninguna","Sin restricción"
2014,1219,31/01/2014,"Viernes",0,11:00:00,,"0.0",2,"Automóvil,Pickup/Utilitario","Alvear Y Mendoza",2,1,0,0,1,0,0,,"Calle",,"ROSARIO","Rosario","Asfalto","S/D","II","S/D","Urbana","S/D","S/D","Intersección","S/D","S/D","Diurna","S/D","S/D","S/D","Colisión","S/D","S/D","S/D","S/D"
2014,1220,11/01/2014,"Sabado",0,21:30:00,,"0.0",2,"Moto/Ciclomotor,Peatón","Lavalle Y Bv. de las Americas",2,1,0,0,1,0,0,,"Avenida",,"SAN JORGE","San Martín","Asfalto","S/D","XVIII","Dentro","Urbana","S/D","S/D","Intersección","Bueno","Buena","Nocturna,Con luz artificial","Buen Tiempo","S/D","S/D","Atropello","S/D","S/D","S/D","S/D"
2014,1221,13/02/2014,"Jueves",0,15:30:00,,"0.0",2,"Moto/Ciclomotor,Automóvil","Urquiza ",2,1,0,0,1,0,0,,"S/D",,"SAN LORENZO","San Lorenzo","S/D","S/D","XVII","S/D","S/D","S/D","S/D","S/D","S/D","S/D","Diurna","S/D","S/D","S/D","S/D","S/D","S/D","S/D","S/D"
2014,1222,31/01/2014,"Viernes",0,09:15:00,,"0.0",2,"Automóvil,Automóvil","3 De Febrero Y Vera Mujica",2,1,0,0,1,0,0,,"Calle",,"ROSARIO","Rosario","Asfalto","S/D","II","S/D","Urbana","S/D","S/D","Intersección","S/D","S/D","Diurna","S/D","S/D","S/D","Colisión","S/D","S/D","S/D","S/D"
2014,1223,14/02/2014,"Viernes",0,20:20:00,,"0.0",2,"Bicicleta,Moto/Ciclomotor","Genral Lopez Y San Lorenzo",2,1,0,0,1,0,0,,"Calle",,"LAS ROSAS","Belgrano","Asfalto","Pavimento","III","Dentro","Urbana","S/D","No existe","Intersección","Bueno","Buena","Nocturna","Buen Tiempo","S/D","S/D","Atropello","Ninguna","Horizontal","Ninguna","Sin restricción"
2014,1224,10/02/2014,"Lunes",0,16:50:00,"Ruta Secundaria 98-s","0.0",1,"Moto/Ciclomotor"," ",1,1,0,0,0,0,0,,"Ruta","98-s","GARABATO","Vera","Tierra","Natural","XIX","S/D","Rural","Ninguna","S/D","Recta","Ahuellamiento","Buena","Diurna","Buen Tiempo","S/D","S/D","Caída ocupante","S/D","S/D","Vegetación","Sin restricción"
2014,1225,16/02/2014,"Domingo",0,19:49:00,,"0.0",2,"Taxi/Remis,Automóvil","Av. Pellegrini Y Crespo",2,1,0,0,1,0,0,,"Calle",,"ROSARIO","Rosario","Asfalto","S/D","II","Dentro","Urbana","S/D","S/D","Intersección","S/D","S/D","Diurna","S/D","S/D","S/D","Colisión","S/D","S/D","S/D","S/D"
2014,1226,02/02/2014,"Domingo",0,03:30:00,,"0.0",2,"Moto/Ciclomotor,Automóvil","Sarmiento Y Lavalle",2,0,1,0,1,0,0,,"Calle",,"LAS ROSAS","Belgrano","Asfalto","Pavimento","III","Dentro","Urbana","Ninguna","No existe","Intersección","Bueno","Buena","Con luz artificial","Buen Tiempo","Lateral","S/D","Colisión","Ninguna,S/D","Horizontal","Ninguna","Sin restricción"
2014,1227,20/01/2014,"Lunes",0,12:50:00,,"0.0",2,"Moto/Ciclomotor,Automóvil","Bartolome Mitre Y Santa Fe",2,1,0,0,1,0,0,,"Calle",,"SAN JORGE","San Martín","Asfalto","S/D","XVIII","Dentro","Urbana","S/D","S/D","Intersección","Bueno","Buena","Diurna","Buen Tiempo","Lateral","S/D","Colisión","S/D","S/D","S/D","Sin restricción"
2014,1228,01/02/2014,"Sabado",0,09:35:00,,"0.0",2,"Automóvil,Moto/Ciclomotor","Cordoba Y Gutenberg",2,1,0,0,1,0,0,,"Calle",,"ROSARIO","Rosario","Asfalto","S/D","II","S/D","Urbana","S/D","S/D","Intersección","S/D","S/D","Diurna","S/D","S/D","S/D","Colisión","S/D","S/D","S/D","S/D"
2014,1229,05/02/2014,"Miercoles",0,14:50:00,,"0.0",2,"Automóvil,Moto/Ciclomotor","Bv Delfo Cabrera Y Floresta",2,1,0,0,1,0,0,,"Calle",,"ARMSTRONG","Belgrano","Asfalto","Pavimento","III","Dentro","Urbana","Ninguna","No existe","Intersección","Bueno","Buena","Diurna","Buen Tiempo","De alcance","S/D","Colisión","Ninguna","S/D","Ninguna","Sin restricción"
2014,1230,02/02/2014,"Domingo",0,,,"0.0",2,"Moto/Ciclomotor,Automóvil","Vera Mujica 875",3,2,0,0,1,0,0,,"Calle",,"ROSARIO","Rosario","Asfalto","S/D","II","S/D","Urbana","S/D","S/D","Recta","S/D","S/D","S/D","S/D","S/D","S/D","Colisión","S/D","S/D","S/D","S/D"
2014,1231,08/02/2014,"Sabado",0,12:20:00,"Ruta Provincial 3","45.0",1,"Moto/Ciclomotor"," ",1,1,0,0,0,0,0,,"Ruta",3,"GARABATO","Vera","Asfalto","Natural","XIX","S/D","Rural","Ninguna","S/D","Puente","Bueno","Buena","Diurna","Buen Tiempo","S/D","S/D","Despiste","S/D","Horizontal","Guardarrail","Sin restricción"
2014,1232,18/02/2014,"Martes",0,19:45:00,,"0.0",2,"Moto/Ciclomotor,Automóvil","Jose Ingenieros Y C Escalada",2,1,0,0,1,0,0,,"S/D",,"SAN LORENZO","San Lorenzo","S/D","S/D","XVII","S/D","S/D","S/D","S/D","S/D","S/D","S/D","Atardecer","S/D","S/D","S/D","S/D","S/D","S/D","S/D","S/D"
2014,1233,13/02/2014,"Jueves",0,16:45:00,,"0.0",2,"Moto/Ciclomotor,Automóvil","Av San Martin Y San Juan",2,1,0,0,1,0,0,,"Avenida",,"SAN JORGE","San Martín","Asfalto","S/D","XVIII","Dentro","Urbana","S/D","S/D","Intersección","Bueno","Buena","Diurna","Buen Tiempo","Lateral","S/D","Colisión","S/D","S/D","S/D","Sin restricción"
2014,1234,10/02/2014,"Lunes",0,09:10:00,"Ruta Nacional 11","0.0",2,"Pickup/Utilitario,Moto/Ciclomotor","Av San Martin 135 B",4,1,0,0,3,0,0,,"Ruta",11,"SAN LORENZO","San Lorenzo","S/D","S/D","XVII","S/D","S/D","S/D","S/D","S/D","S/D","S/D","Diurna","S/D","S/D","S/D","S/D","S/D","S/D","S/D","S/D"
2014,1235,18/02/2014,"Martes",0,19:00:00,,"0.0",2,"Automóvil,Moto/Ciclomotor","San Juan Y Vera Mujica",3,1,0,0,2,0,0,,"Calle",,"ROSARIO","Rosario","Asfalto","S/D","II","S/D","Urbana","S/D","S/D","Intersección","S/D","S/D","S/D","S/D","S/D","S/D","Colisión","S/D","S/D","S/D","S/D"
2014,1236,22/02/2014,"Sabado",0,14:20:00,,"0.0",2,"Automóvil,Transporte de Pasajeros Urbano (> 8 asientos)","Cafferata Y Av. Pellegrini",3,1,0,0,2,0,0,,"Avenida",,"ROSARIO","Rosario","Asfalto","S/D","II","S/D","Urbana","S/D","S/D","Intersección","S/D","S/D","S/D","S/D","S/D","S/D","Colisión","S/D","S/D","S/D","S/D"
2014,1237,05/02/2014,"Miercoles",0,21:40:00,,"0.0",2,"Moto/Ciclomotor,Automóvil","Gral Guemes Y Santa Fe",2,1,0,0,1,0,0,,"Calle",,"SAN JORGE","San Martín","Asfalto","S/D","XVIII","Dentro","Urbana","S/D","S/D","Intersección","Bueno","Buena","Nocturna,Con luz artificial","Buen Tiempo","Lateral","S/D","Colisión","S/D","S/D","S/D","Sin restricción"
2014,1238,16/02/2014,"Domingo",0,10:00:00,,"0.0",3,"Moto/Ciclomotor,Moto/Ciclomotor,Moto/Ciclomotor","Jujuy Y R S Pe±a",4,4,0,0,0,0,0,,"Calle",,"VERA","Vera","Tierra","No existe","XIX","Dentro","Urbana","Ninguna","No existe","Intersección","Deteriorada","Buena","Diurna","Buen Tiempo","Lateral,Múltiple","S/D","Colisión","S/D","Faltante","Ninguna","S/D"
2014,1239,16/02/2014,"Domingo",0,00:25:00,,"0.0",2,"Automóvil,Moto/Ciclomotor","Av Arronga 1260",2,1,0,0,1,0,0,,"Calle",,"VERA","Vera","Tierra","No existe","XIX","Dentro","Urbana","Ninguna","No existe","Recta","Deteriorada","Reducida polvo","Amanecer","Buen Tiempo","S/D","S/D","Colisión","S/D","Faltante","Ninguna","S/D"
2014,1240,14/02/2014,"Viernes",0,01:20:00,,"0.0",2,"Moto/Ciclomotor,Automóvil","Sarmiento Y Laprida",2,1,0,0,1,0,0,,"S/D",,"CARCARAÑÁ","San Lorenzo","Asfalto","S/D","XVII","S/D","Urbana","S/D","No existe","Intersección","Bueno","S/D","Nocturna","Buen Tiempo","S/D","S/D","Colisión","Ninguna","S/D","S/D","Sin restricción"
2014,1241,22/02/2014,"Sabado",0,01:20:00,,"0.0",2,"Moto/Ciclomotor,Pickup/Utilitario","Cordoba ",2,1,0,0,1,0,0,,"Avenida",,"PUERTO SAN MARTÍN","San Lorenzo","Asfalto","No existe","XVII","Dentro","Urbana","Ninguna","No existe","Recta","Bueno","Buena","Nocturna","Buen Tiempo","Lateral","S/D","Colisión","Ninguna","Horizontal","Ninguna","Sin restricción"
2014,1242,21/02/2014,"Viernes",0,01:00:00,"Ruta Nacional 9","348.0",1,"Automóvil"," ",1,0,0,0,0,0,1,,"Ruta",9,"CARCARAÑÁ","San Lorenzo","Asfalto","S/D","XVII","Dentro","Urbana","Ninguna","S/D","Recta","Bueno","Reducida","Nocturna","Buen Tiempo","Atropello animal","S/D","Colisión","S/D","S/D","S/D","S/D"
2014,1243,20/02/2014,"Jueves",0,14:45:00,,"0.0",2,"Automóvil,Moto/Ciclomotor","Belgrano Y Eva Peron",2,1,0,0,1,0,0,,"Calle",,"SAN JORGE","San Martín","Asfalto","S/D","XVIII","Dentro","Urbana","S/D","S/D","Intersección","Bueno","Buena","Diurna","Buen Tiempo","S/D","S/D","Colisión","S/D","S/D","S/D","S/D"
2014,1244,23/02/2014,"Domingo",0,05:15:00,"Ruta Nacional 11","0.0",2,"Automóvil,Automóvil"," ",5,3,0,0,2,0,0,,"Ruta",11,"PUERTO SAN MARTÍN","San Lorenzo","Asfalto","Natural","XVII","Dentro","Urbana","Ninguna","No existe","Recta","Bueno","Buena","Nocturna","Buen Tiempo","Lateral","S/D","Colisión","Ninguna","Horizontal","Ninguna","Sin restricción"
2014,1245,06/02/2014,"Jueves",0,06:10:00,"Ruta Provincial 92","0.0",1,"Camión","Pasteur ",1,1,0,0,0,0,0,,"Ruta",92,"SAN JOSÉ DE LA ESQUINA","Caseros","Asfalto","Natural","IV","Dentro","Urbana","Ninguna","No existe","Intersección","Bueno","Reducida","Amanecer","Lluvia","Contra objeto fijo","S/D","Colisión,Vuelco","Agua","Vertical","Línea divisoria pintada","Sin restricción"
2014,1246,19/02/2014,"Miercoles",0,08:40:00,,"0.0",2,"Automóvil,Moto/Ciclomotor","Sargento Cabral Y B de Astrada",2,1,0,0,1,0,0,,"S/D",,"SAN LORENZO","San Lorenzo","S/D","S/D","XVII","S/D","S/D","S/D","S/D","S/D","S/D","S/D","Diurna","S/D","S/D","S/D","S/D","S/D","S/D","S/D","S/D"
2014,1247,16/02/2014,"Domingo",0,23:00:00,"Autopista Nacional Rosario -Cordoba","380.0",2,"Pickup/Utilitario,Camión"," ",2,1,0,0,1,0,0,,"Autopista","Rosario -Cordoba","ARMSTRONG","Belgrano","Asfalto","Natural","III","Dentro","Rural","S/D","No existe","Recta","Bueno","Buena","Nocturna","Buen Tiempo","De alcance","S/D","Colisión","Ninguna","S/D","Vegetación","Sin restricción"