"anio_acci","nro_acci","fecha","desc_dia","fecha_aprox","hora_aprox","desc_ruta","km","cant_participantes","desc_participante","calle_avenida_km","total","heridos_leves","heridos_graves","heridos_gravisimos","ilesos","fallecidos","sin_datos","posicion_XY","desc_tipo_via","desc_ruta_ori","desc_loc","desc_dpto","desc_tipo_calzada","desc_tipo_banquina","desc_unidad_regional","desc_lugar_calzada","desc_zona","desc_prioridad","desc_estado_semaforo","desc_lugar_via","desc_estado_via","desc_estado_visibilidad","desc_luminosidad","desc_estado_clima","desc_tipo_colision","desc_tipo_atropello","desc_tipo_hecho","desc_pres_calzada","desc_senializacion","desc_separacion_via","desc_restriccion"
2014,1248,13/02/2014,"Jueves",0,17:30:00,,"0.0",2,"Moto/Ciclomotor,Automóvil","Av San Martin Y San Juan",2,1,0,0,1,0,0,,"Avenida",,"SAN JORGE","San Martín","Asfalto","S/D","XVIII","Dentro","Urbana","S/D","S/D","Intersección","Bueno","Buena","Diurna","Buen Tiempo","S/D","S/D","Colisión","S/D","S/D","S/D","S/D"
2014,1249,20/02/2014,"Jueves",0,14:20:00,,"0.0",1,"Automóvil","Sargento Cabral Y Diag. Berardo",1,1,0,0,0,0,0,,"S/D",,"SAN LORENZO","San Lorenzo","S/D","S/D","XVII","S/D","S/D","S/D","S/D","S/D","S/D","S/D","Diurna","S/D","S/D","S/D","S/D","S/D","S/D","S/D","S/D"
2014,1250,22/02/2014,"Sabado",0,21:30:00,"Ruta Nacional 11","0.0",2,"Automóvil,Moto/Ciclomotor","Av San Martin Y Pte Peron",2,1,0,0,1,0,0,,"Ruta",11,"FRAY LUIS BELTRÁN","San Lorenzo","Asfalto","Ripio","XVII","Dentro","Urbana","Ninguna","No existe","Intersección","Bueno","Buena","Nocturna","Buen Tiempo","Lateral","S/D","Colisión","S/D","S/D","Ninguna","Sin restricción"
2014,1251,21/02/2014,"Viernes",0,18:00:00,,"0.0",2,"Bicicleta,Automóvil","Av Pellegrini Y San Luis",2,1,0,0,1,0,0,,"Avenida",,"SAN JORGE","San Martín","Asfalto","S/D","XVIII","Dentro","Urbana","S/D","S/D","Intersección","Bueno","Buena","Diurna","Buen Tiempo","S/D","S/D","Atropello","S/D","S/D","S/D","S/D"
2014,1252,20/02/2014,"Jueves",0,12:00:00,,"0.0",2,"Pickup/Utilitario,Moto/Ciclomotor","San Juan ",2,1,0,0,1,0,0,,"S/D",,"SAN LORENZO","San Lorenzo","S/D","S/D","XVII","S/D","S/D","S/D","S/D","S/D","S/D","S/D","Diurna","S/D","S/D","S/D","S/D","S/D","S/D","S/D","S/D"
2014,1253,26/02/2014,"Miercoles",0,18:00:00,,"0.0",2,"Automóvil,Bicicleta","Bernardino Rivadavia Y Santa Teresa",2,1,0,0,1,0,0,,"Calle",,"TORTUGAS","Belgrano","Asfalto","No existe","III","Dentro","Urbana","Ninguna","No existe","Intersección","Bueno","Buena","Diurna","Buen Tiempo","S/D","S/D","Atropello","S/D","Vertical","Ninguna","Sin restricción"
2014,1254,20/02/2014,"Jueves",0,22:45:00,,"0.0",2,"Moto/Ciclomotor,Automóvil","Dorrego Y Santiago del Estero",3,2,0,0,1,0,0,,"S/D",,"SAN LORENZO","San Lorenzo","S/D","S/D","XVII","S/D","S/D","S/D","S/D","S/D","S/D","S/D","S/D","S/D","S/D","S/D","S/D","S/D","S/D","S/D","S/D"
2014,1255,19/02/2014,"Miercoles",0,15:45:00,,"0.0",2,"Automóvil,Moto/Ciclomotor","3 De Febrero Y Sucre",3,2,0,0,1,0,0,,"Calle",,"ROSARIO","Rosario","Asfalto","S/D","II","Dentro","Urbana","S/D","S/D","Intersección","S/D","S/D","S/D","S/D","S/D","S/D","Colisión","S/D","S/D","Cordón divisorio","S/D"
2014,1256,01/02/2014,"Sabado",0,03:30:00,,"0.0",2,"Pickup/Utilitario,Moto/Ciclomotor","Calle 12 Y Calle 9",2,0,1,0,1,0,0,,"Calle",,"LAS PAREJAS","Belgrano","Hormigón","No existe","III","Dentro","Urbana","Ninguna","No existe","Intersección","Bueno","Buena","Nocturna,Con luz artificial","Buen Tiempo","Lateral","S/D","Colisión","Ninguna","Vertical","Ninguna","Sin restricción"
2014,1257,01/02/2014,"Sabado",0,16:00:00,"Ruta Provincial 93","0.0",1,"Moto/Ciclomotor"," ",1,1,0,0,0,0,0,,"Ruta",93,"BERABEVÚ","Caseros","Asfalto","Ripio","IV","S/D","S/D","Ninguna","S/D","Recta","Bueno","Buena","Diurna","Buen Tiempo","S/D","S/D","Caída ocupante","S/D","Faltante","Línea divisoria pintada","Sin restricción"
2014,1258,20/02/2014,"Jueves",0,10:35:00,,"0.0",2,"Moto/Ciclomotor,Taxi/Remis","Cayetano Nerbutti Y 25 de Mayo",2,1,0,0,1,0,0,,"Calle",,"PUERTO SAN MARTÍN","San Lorenzo","Asfalto","No existe","XVII","Dentro","Urbana","Ninguna","No existe","Intersección","Bueno","Buena","Diurna","Buen Tiempo","Lateral","S/D","Colisión","Ninguna","Horizontal","Ninguna","Sin restricción"
2014,1259,13/02/2014,"Jueves",0,21:30:00,,"0.0",2,"Moto/Ciclomotor,Automóvil","Av. Pellegrini 3400",2,1,0,0,1,0,0,,"Calle",,"ROSARIO","Rosario","Asfalto","S/D","II","Dentro","Urbana","S/D","S/D","Intersección","S/D","S/D","Nocturna","S/D","S/D","S/D","Colisión","S/D","S/D","Cordón divisorio","S/D"
2014,1260,23/02/2014,"Domingo",0,02:35:00,"Ruta Nacional 11","338.0",2,"Automóvil,Moto/Ciclomotor"," ",3,1,0,0,2,0,0,,"Ruta",11,"TIMBÚES","San Lorenzo","Asfalto","Pavimento","XVII","Dentro","Urbana","Ninguna","No existe","Intersección","Bueno","Buena","Nocturna,Con luz artificial","Buen Tiempo","Lateral","S/D","Colisión","Ninguna","Horizontal","Línea divisoria pintada","Sin restricción"
2014,1261,08/02/2014,"Sabado",0,09:00:00,"Autopista Nacional Rosario -Cordoba","0.0",1,"Automóvil"," ",3,1,1,0,1,0,0,,"Autopista","Rosario -Cordoba","TORTUGAS","Belgrano","Asfalto","Natural","III","Dentro","Rural","Ninguna","No existe","Recta","Bueno","Buena","Diurna","Buen Tiempo","S/D","S/D","Despiste","Ninguna","S/D","Vegetación","Sin restricción"
2014,1262,23/02/2014,"Domingo",0,21:50:00,,"0.0",2,"Automóvil,Moto/Ciclomotor","Poeta Fontanarrosa Y G.Carrasco",3,2,0,0,1,0,0,,"Calle",,"ROSARIO","Rosario","Asfalto","S/D","II","Dentro","Urbana","S/D","S/D","Recta","S/D","S/D","Nocturna","S/D","Frontal","S/D","Colisión","S/D","S/D","S/D","S/D"
2014,1263,16/02/2014,"Domingo",0,18:55:00,,"0.0",2,"Moto/Ciclomotor,Moto/Ciclomotor","Cordoba 700",2,2,0,0,0,0,0,,"Calle",,"PUERTO SAN MARTÍN","San Lorenzo","Asfalto","No existe","XVII","Dentro","Urbana","Ninguna","No existe","Intersección","Otro","Buena","Diurna","Buen Tiempo","Lateral","S/D","Colisión","Ninguna","Horizontal","Ninguna","Sin restricción"
2014,1264,21/02/2014,"Viernes",0,12:30:00,"Ruta Nacional 11","0.0",2,"Automóvil,Camión","Ruta Nac 11 Y N Peña",2,1,0,0,1,0,0,,"Ruta",11,"SAN LORENZO","San Lorenzo","S/D","S/D","XVII","S/D","S/D","S/D","S/D","S/D","S/D","S/D","S/D","S/D","S/D","S/D","S/D","S/D","S/D","S/D","S/D"
2014,1265,22/02/2014,"Sabado",0,20:15:00,"Ruta Nacional 11","0.0",2,"Automóvil,Moto/Ciclomotor","Av San Martin Y Teniente Agneta",2,1,0,0,1,0,0,,"Ruta",11,"FRAY LUIS BELTRÁN","San Lorenzo","Asfalto","Ripio","XVII","Dentro","Urbana","Ninguna","No existe","Intersección","Bueno","Buena","Nocturna","Buen Tiempo","Lateral","S/D","Colisión","S/D","S/D","Ninguna","Sin restricción"
2014,1266,21/02/2014,"Viernes",0,16:30:00,,"0.0",2,"Moto/Ciclomotor,Pickup/Utilitario","Ing White Y B Haussay",2,1,0,0,1,0,0,,"S/D",,"SAN LORENZO","San Lorenzo","S/D","S/D","XVII","S/D","S/D","S/D","S/D","S/D","S/D","S/D","Diurna","S/D","S/D","S/D","S/D","S/D","S/D","S/D","S/D"
2014,1267,22/02/2014,"Sabado",0,15:10:00,,"0.0",2,"Moto/Ciclomotor,Automóvil"," ",3,1,1,0,1,0,0,,"S/D",,"SAN LORENZO","San Lorenzo","S/D","S/D","XVII","S/D","S/D","S/D","S/D","S/D","S/D","S/D","Diurna","S/D","S/D","S/D","S/D","S/D","S/D","S/D","S/D"
2014,1268,23/02/2014,"Domingo",0,,,"0.0",2,"Automóvil,Moto/Ciclomotor","Cochabamba ",2,1,0,0,1,0,0,,"S/D",,"SAN LORENZO","San Lorenzo","S/D","S/D","XVII","S/D","S/D","S/D","S/D","S/D","S/D","S/D","S/D","S/D","S/D","S/D","S/D","S/D","S/D","S/D","S/D"
2014,1269,25/02/2014,"Martes",0,14:10:00,,"0.0",2,"Automóvil,Moto/Ciclomotor","Irigoyen Y Artigas",2,1,0,0,1,0,0,,"S/D",,"SAN LORENZO","San Lorenzo","S/D","S/D","XVII","S/D","S/D","S/D","S/D","S/D","S/D","S/D","Diurna","S/D","S/D","S/D","S/D","S/D","S/D","S/D","S/D"
2014,1270,15/02/2014,"Sabado",0,00:30:00,,"0.0",2,"Moto/Ciclomotor,Automóvil","Cordoba Y Falucho",2,0,1,0,0,0,1,,"Calle",,"PUERTO SAN MARTÍN","San Lorenzo","Asfalto","No existe","XVII","Dentro","Urbana","Ninguna","No existe","Intersección","Bueno","Buena","Nocturna","Buen Tiempo","De alcance","S/D","Colisión","Ninguna","Horizontal","Ninguna","Sin restricción"
2014,1271,27/02/2014,"Jueves",0,10:30:00,"Ruta Nacional 11","0.0",2,"Moto/Ciclomotor,Automóvil","Av San Martin Y Santa Fe",2,1,0,0,1,0,0,,"Ruta",11,"FRAY LUIS BELTRÁN","San Lorenzo","Asfalto","Ripio","XVII","Dentro","Urbana","Ninguna","No existe","Intersección","Bueno","Buena","Diurna","Buen Tiempo","Lateral","S/D","Colisión","S/D","S/D","Ninguna","Sin restricción"
2014,1272,15/02/2014,"Sabado",0,21:50:00,,"0.0",1,"Moto/Ciclomotor","Eva Peron Y General Lopez",1,1,0,0,0,0,0,,"Calle",,"SAN LORENZO","San Lorenzo","S/D","No existe","XVII","Dentro","Urbana","Ninguna","No existe","Intersección","Deteriorada","Reducida","Nocturna","Buen Tiempo","S/D","S/D","Caída ocupante","Otro","Faltante","S/D","Sin restricción"
2014,1273,11/02/2014,"Martes",1,10:05:00,,"0.0",2,"Moto/Ciclomotor,Moto/Ciclomotor","25 de Mayo Y G Kirk",3,3,0,0,0,0,0,,"Calle",,"PUERTO SAN MARTÍN","San Lorenzo","Asfalto","No existe","XVII","Dentro","Urbana","Ninguna","No existe","Intersección","Resbaladiza","Buena","Diurna","Lluvia","De alcance","S/D","Colisión","Agua","Horizontal","Ninguna","Sin restricción"
2014,1274,20/02/2014,"Jueves",0,10:30:00,,"0.0",2,"Moto/Ciclomotor,Pickup/Utilitario","Bv Oroño Y Clemente Albelo",2,1,0,0,1,0,0,,"Calle",,"SAN LORENZO","San Lorenzo","Asfalto","No existe","XVII","Dentro","Urbana","S/D","No existe","Intersección","Bueno","Buena","Diurna","Buen Tiempo","Lateral","S/D","Colisión","Ninguna","Horizontal","S/D","S/D"
2014,1275,19/02/2014,"Miercoles",0,09:15:00,,"0.0",2,"Automóvil,Vehículo Oficial","Belgrano Y Laprida",3,1,0,0,2,0,0,,"Calle",,"CARCARAÑÁ","San Lorenzo","Asfalto","S/D","XVII","Dentro","Urbana","S/D","No existe","Intersección","S/D","S/D","Diurna","S/D","S/D","S/D","S/D","Ninguna","S/D","S/D","S/D"
2014,1276,15/02/2014,"Sabado",0,01:10:00,"Ruta Secundaria 20-s","0.0",2,"Pickup/Utilitario,Moto/Ciclomotor"," ",3,0,0,2,1,0,0,,"Ruta","20-s","LANDETA","San Martín","Ripio","Natural","XVIII","Dentro","Rural","Ninguna","No existe","Recta","Deteriorada","Buena","Nocturna","Buen Tiempo","Frontal","S/D","Colisión","Material Suelto","Faltante","Ninguna","Sin restricción"
2014,1277,09/02/2014,"Domingo",0,,"Ruta Nacional 11","0.0",2,"Automóvil,Moto/Ciclomotor"," ",3,1,1,0,1,0,0,,"Ruta",11,"TIMBÚES","San Lorenzo","Asfalto","Ripio","XVII","S/D","Urbana","S/D","No existe","S/D","Con baches","S/D","S/D","S/D","S/D","S/D","Colisión","Ninguna","Horizontal","S/D","S/D"
2014,1278,08/02/2014,"Sabado",0,02:30:00,,"0.0",2,"Otros,Moto/Ciclomotor","Av Roque Saenz Peña Y San Martin",2,0,1,0,0,0,1,,"Calle",,"SAN GENARO","San Jerónimo","Asfalto","S/D","XV","Dentro","Urbana","Ninguna","S/D","Recta","Bueno","S/D","Nocturna","Buen Tiempo","S/D","S/D","S/D","S/D","S/D","Ninguna","Sin restricción"
2014,1279,01/02/2014,"Sabado",0,04:30:00,,"0.0",2,"Moto/Ciclomotor,Automóvil","Calle 25 Y Calle 20",4,3,0,0,1,0,0,,"Calle",,"LAS PAREJAS","Belgrano","Hormigón","S/D","III","Dentro","Urbana","S/D","No existe","Intersección","Bueno","Buena","Nocturna","Buen Tiempo","Lateral","S/D","Colisión","Ninguna","Vertical","S/D","Sin restricción"
2014,1280,25/02/2014,"Martes",0,21:30:00,,"0.0",2,"Automóvil,Bicicleta","S/D ",2,1,0,0,1,0,0,,"Calle",,"SAN LORENZO","San Lorenzo","S/D","S/D","XVII","Dentro","Urbana","S/D","S/D","S/D","S/D","S/D","Nocturna","S/D","S/D","S/D","Atropello","S/D","S/D","S/D","S/D"
2014,1281,28/02/2014,"Viernes",0,05:00:00,"Ruta Nacional 11","331.0",2,"Pickup/Utilitario,Pickup/Utilitario"," ",3,1,2,0,0,0,0,,"Ruta",11,"SAN LORENZO","San Lorenzo","Asfalto","Ripio","XVII","Fuera","Urbana","S/D","No existe","Recta","Bueno","Reducida","Nocturna","S/D","S/D","S/D","Colisión","Ninguna","Horizontal","S/D","S/D"
2014,1282,11/02/2014,"Martes",0,19:45:00,,"0.0",2,"Moto/Ciclomotor,Automóvil","Rosario 858",2,1,0,0,1,0,0,,"Calle",,"EL TRÉBOL","San Martín","Asfalto","Natural","II","S/D","Urbana","S/D","S/D","Intersección","Bueno","Buena","Atardecer","Buen Tiempo","S/D","S/D","Colisión","S/D","S/D","S/D","Sin restricción"
2014,1283,26/02/2014,"Miercoles",0,20:35:00,,"0.0",2,"Peatón,Moto/Ciclomotor","S Gaboto Y Av Gral Lopez",2,1,0,0,1,0,0,,"Avenida",,"CAPITÁN BERMÚDEZ","San Lorenzo","Asfalto","Pavimento","XVII","Dentro","Urbana","Ninguna","No existe","Intersección","Bueno","Buena","Atardecer","Buen Tiempo","S/D","S/D","Atropello","Ninguna","Horizontal","Línea divisoria pintada","Sin restricción"
2014,1284,18/02/2014,"Martes",0,11:15:00,,"0.0",1,"Moto/Ciclomotor","Maipu Y Ituzaingo",1,1,0,0,0,0,0,,"Calle",,"SAN CRISTÓBAL","San Cristóbal","S/D","S/D","XIII","Dentro","Urbana","Ninguna","S/D","Intersección","S/D","S/D","Diurna","Buen Tiempo","S/D","S/D","Caída ocupante","S/D","S/D","S/D","Sin restricción"
2014,1285,13/02/2014,"Jueves",0,15:45:00,"Ruta Provincial 10","0.0",1,"Automóvil"," ",1,1,0,0,0,0,0,,"Ruta",10,"LÓPEZ","San Jerónimo","Asfalto","Pavimento","XV","Fuera","Urbana","Ninguna","No existe","Recta","Resbaladiza,Ahuellamiento","Reducida","Diurna","Lluvia","S/D","S/D","Vuelco,Despiste","Agua","Faltante","Ninguna","Sin restricción"
2014,1286,27/02/2014,"Jueves",0,,,"0.0",1,"Moto/Ciclomotor","Dorrego Y Nazareno C Rossi",2,2,0,0,0,0,0,,"Calle",,"GÁLVEZ","San Jerónimo","Asfalto","No existe","XV","Dentro","Urbana","Ninguna","No existe","Intersección","Bueno","Reducida","Nocturna,Con luz artificial","Buen Tiempo","S/D","S/D","Caída ocupante,Colisión","S/D","Horizontal,Vertical","Ninguna","Sin restricción"
2014,1287,17/02/2014,"Lunes",0,04:00:00,"Ruta Provincial 13","0.0",2,"Moto/Ciclomotor,Moto/Ciclomotor"," ",3,3,0,0,0,0,0,,"Ruta",13,"SAN CRISTÓBAL","San Cristóbal","Asfalto","Pavimento","XIII","Dentro","Urbana","S/D","No existe","Intersección","S/D","Buena","Nocturna,Con luz artificial","Buen Tiempo","Lateral","S/D","Colisión","S/D","S/D","S/D","S/D"
2014,1288,21/02/2014,"Viernes",0,21:05:00,,"0.0",2,"Moto/Ciclomotor,Automóvil","Martin Fierro Y Av San Lorenzo",2,1,0,0,1,0,0,,"Avenida",,"CAPITÁN BERMÚDEZ","San Lorenzo","Asfalto","Pavimento","II","Dentro","Urbana","Ninguna","No existe","Intersección","Bueno","Buena","Nocturna","Buen Tiempo","Lateral","S/D","Colisión","S/D","Faltante","Línea divisoria pintada","Sin restricción"
2014,1289,25/02/2014,"Martes",0,21:30:00,"Ruta Nacional 11","0.0",2,"Moto/Ciclomotor,Automóvil","Av L de la Torre-Ruta Nac 11 Y San Jeronimo",2,0,0,0,0,0,2,,"Ruta",11,"CORONDA","San Jerónimo","Asfalto","S/D","XV","Dentro","Urbana","Ninguna","S/D","Recta","Bueno","Buena","Nocturna","Buen Tiempo","Lateral","S/D","Colisión","Otro","S/D","Barrera de hormigón","Sin restricción"
2014,1290,04/02/2014,"Martes",0,19:00:00,,"0.0",2,"Moto/Ciclomotor,Pickup/Utilitario","Gro Baigorria Y Sarmiento",2,1,0,0,1,0,0,,"Calle",,"GÁLVEZ","San Jerónimo","Hormigón","Pavimento","XV","Dentro","Urbana","Ninguna","No existe","Intersección","Bueno","Buena","Diurna","Buen Tiempo","Frontal","S/D","Colisión","Otro","Faltante","Cordón divisorio","Sin restricción"
2014,1291,21/02/2014,"Viernes",0,21:00:00,,"0.0",2,"Moto/Ciclomotor,Automóvil","Av Gral Lopez Y Las Heras",2,1,0,0,1,0,0,,"Calle",,"CAPITÁN BERMÚDEZ","San Lorenzo","Asfalto","No existe","XVII","Dentro","Urbana","Ninguna","No existe","Intersección","Bueno","Buena","Nocturna","Buen Tiempo","Lateral","S/D","Colisión","S/D","S/D","Ninguna","Sin restricción"
2014,1292,22/02/2014,"Sabado",0,23:50:00,,"0.0",2,"Moto/Ciclomotor,Automóvil","Jose de San Martin Y Espa±a",4,2,0,0,2,0,0,,"Calle",,"CORONDA","San Jerónimo","Asfalto","No existe","XV","Dentro","Urbana","Ninguna","No existe","Intersección","Bueno","Buena","Con luz artificial","Buen Tiempo","Lateral","S/D","Colisión","S/D","S/D","Ninguna","Sin restricción"
2014,1293,11/02/2014,"Martes",0,18:10:00,,"0.0",1,"Moto/Ciclomotor","pbro d Balbiano ",1,1,0,0,0,0,0,,"S/D",,"GÁLVEZ","San Jerónimo","Asfalto","S/D","XV","S/D","Urbana","Ninguna","No existe","Recta","Bueno","Buena","Diurna","Buen Tiempo","Atropello animal","S/D","Colisión","S/D","S/D","Ninguna","Sin restricción"
2014,1294,28/02/2014,"Viernes",0,19:30:00,,"0.0",2,"Moto/Ciclomotor,Automóvil","Caseros Y Bv San Martin",2,1,0,0,1,0,0,,"Avenida",,"SAN CRISTÓBAL","San Cristóbal","Asfalto","S/D","XIII","Dentro","Urbana","Ninguna","No existe","Intersección","Bueno","Buena","Atardecer","Buen Tiempo","Lateral","S/D","Colisión","S/D","Faltante","Ninguna","Sin restricción"
2014,1295,06/02/2014,"Jueves",0,10:20:00,,"0.0",2,"Moto/Ciclomotor,Automóvil","Eva Peron Y R Dario",2,1,0,0,1,0,0,,"Avenida",,"CAPITÁN BERMÚDEZ","San Lorenzo","Asfalto","No existe","XVII","Dentro","Urbana","Ninguna","No existe","Intersección","Bueno","Buena","Diurna","Buen Tiempo","Lateral","S/D","Colisión","Ninguna","Faltante","Ninguna","Sin restricción"
2014,1296,17/02/2014,"Lunes",0,14:20:00,,"0.0",2,"Moto/Ciclomotor,Otros","Av Gral San Martin Y Av Los Proceres",2,1,0,0,1,0,0,,"Avenida",,"GREGORIA P. DE DENIS","9 de Julio","Asfalto,Ripio","No existe","XII","Dentro","Urbana","Ninguna","No existe","Intersección","Bueno","Buena","Diurna","Buen Tiempo","Lateral","S/D","Colisión","Ninguna","Faltante","Ninguna","Sin restricción"
2014,1297,11/02/2014,"Martes",0,12:30:00,,"0.0",2,"Bicicleta,Otros","CALLE PUBLICA S/N ",2,1,0,0,1,0,0,,"Calle",,"CORONDA","San Jerónimo","S/D","S/D","XV","S/D","Rural","S/D","S/D","S/D","S/D","S/D","Diurna","S/D","S/D","S/D","Atropello","S/D","S/D","S/D","S/D"
2014,1298,26/02/2014,"Miercoles",0,16:00:00,"Ruta Nacional 34","327.0",1,"Pickup/Utilitario"," ",4,2,0,0,2,0,0,,"Ruta",34,"CURUPAITY","San Cristóbal","Asfalto","Natural","XIII","Fuera","Rural","Ninguna","No existe","Curva","Bueno","Buena","Diurna","Buen Tiempo","S/D","S/D","Vuelco,Despiste","S/D","Vertical","Línea divisoria pintada","Sin restricción"
2014,1299,25/02/2014,"Martes",0,16:20:00,,"0.0",1,"Moto/Ciclomotor"," ",2,0,2,0,0,0,0,,"Calle",,"FRONTERA","Castellanos","Asfalto","S/D","V","S/D","Urbana","S/D","S/D","Recta","Bueno","Buena","Diurna","S/D","Atropello animal","S/D","Colisión","S/D","S/D","S/D","S/D"
2014,1300,17/02/2014,"Lunes",0,09:05:00,"Ruta Nacional 11","425.0",2,"Bicicleta,Camión"," ",2,1,0,0,1,0,0,,"Ruta",11,"CORONDA","San Jerónimo","Asfalto","Ripio","XV","Fuera","Rural","Ninguna","No existe","Recta","Bueno","Buena","Diurna","Buen Tiempo","S/D","S/D","Atropello","S/D","S/D","Línea divisoria pintada","Sin restricción"
2014,1301,22/02/2014,"Sabado",0,21:10:00,,"0.0",2,"Peatón,Automóvil","12 de Octubre ",2,1,0,0,0,0,1,,"Calle",,"TOSTADO","9 de Julio","Asfalto","No existe","XII","Dentro","Urbana","Ninguna","No existe","Recta","Bueno","Buena","Nocturna","Buen Tiempo","S/D","S/D","Atropello","S/D","Faltante","Cordón divisorio","Sin restricción"
2014,1302,25/02/2014,"Martes",0,17:30:00,,"0.0",2,"Moto/Ciclomotor,Automóvil","Santiago Shine Y Trento",2,1,0,0,1,0,0,,"Calle",,"RAFAELA","Castellanos","Asfalto","No existe","V","S/D","Urbana","S/D","No existe","Intersección","Bueno","Reducida","Diurna","Lluvia","Frontal","S/D","Colisión","Agua","S/D","S/D","S/D"
2014,1303,21/02/2014,"Viernes",0,,,"0.0",2,"Pickup/Utilitario,Pickup/Utilitario","CAMINO RURAL ",5,1,0,0,4,0,0,,"Camino Rural",,"SUNCHALES","Castellanos","S/D","S/D","V","S/D","Rural","S/D","S/D","S/D","Otro","S/D","S/D","S/D","S/D","S/D","S/D","S/D","S/D","S/D","S/D"
2014,1304,24/02/2014,"Lunes",0,18:30:00,,"0.0",1,"Moto/Ciclomotor","CAMINO RURAL ",1,1,0,0,0,0,0,,"Camino Rural",,"CERES","San Cristóbal","Tierra","No existe","XIII","S/D","Rural","Otra Señal","No existe","Intersección","Con baches","Buena","Diurna","Buen Tiempo","S/D","S/D","Caída ocupante","Otro","Vertical","Ninguna","Sin restricción"
2014,1305,16/02/2014,"Domingo",0,23:15:00,,"0.0",2,"Moto/Ciclomotor,Automóvil","Avenida San Martin Y Sarmiento",4,1,1,0,2,0,0,,"Avenida",,"TOSTADO","9 de Julio","Asfalto","Pavimento","XII","Dentro","Urbana","Ninguna","No existe","Intersección","Bueno","Buena","Nocturna","Buen Tiempo","Otro","S/D","Colisión","S/D","S/D","S/D","Sin restricción"
2014,1306,23/02/2014,"Domingo",0,18:30:00,,"0.0",2,"Automóvil,Moto/Ciclomotor","Av Sarmiento Y Roque Saenz Peña",3,2,0,0,1,0,0,,"Avenida",,"HERSILIA","San Cristóbal","Asfalto","No existe","XIII","Dentro","Urbana","Ninguna","No existe","Intersección","Bueno","Buena","Diurna","Buen Tiempo","Lateral","S/D","Colisión","S/D","Vertical","Ninguna","Sin restricción"
2014,1307,08/02/2014,"Sabado",0,19:15:00,"Ruta Nacional 95","785.0",2,"Otros,Camión"," ",2,0,1,0,1,0,0,,"Ruta",95,"TOSTADO","9 de Julio","Asfalto","Natural","XII","Dentro","Rural","Ninguna","No existe","Recta","Bueno","Buena","Diurna","Buen Tiempo","Lateral","S/D","Colisión","Ninguna","S/D","Línea divisoria pintada","Sin restricción"
2014,1308,20/02/2014,"Jueves",0,21:45:00,,"0.0",2,"Moto/Ciclomotor,Pickup/Utilitario","Clemente Zavaleta ",2,1,0,0,1,0,0,,"Calle",,"SUARDI","San Cristóbal","Asfalto","No existe","XIII","Dentro","Urbana","Ninguna","No existe","Recta","Bueno","Reducida","Nocturna,Con luz artificial","Buen Tiempo","Frontal","S/D","Colisión","S/D","Vertical","Ninguna","Sin restricción"
2014,1309,24/02/2014,"Lunes",0,18:25:00,,"0.0",2,"Moto/Ciclomotor,Automóvil","Av Dr E Salva Y Arenales",4,2,0,0,2,0,0,,"Avenida",,"RAFAELA","Castellanos","Asfalto","No existe","V","S/D","Urbana","S/D","No existe","Intersección","Resbaladiza","Reducida","Diurna","Lluvia","Frontal","S/D","Colisión","S/D","S/D","S/D","S/D"
2014,1310,19/02/2014,"Miercoles",0,13:15:00,"Ruta Provincial 1","151.0",1,"Moto/Ciclomotor"," ",1,1,0,0,0,0,0,,"Ruta",1,"SAN JAVIER","San Javier","Asfalto","Natural","XIV","Fuera","Rural","Ninguna","No existe","Recta","Bueno","Buena","Diurna","Lluvia","Otro","S/D","Caída ocupante","Agua","Vertical","Línea divisoria pintada","Sin restricción"
2014,1311,23/02/2014,"Domingo",0,08:00:00,,"0.0",2,"Moto/Ciclomotor,Automóvil","Luis Maggi Y B I Iturraspe",3,1,1,0,1,0,0,,"Calle",,"RAFAELA","Castellanos","Ripio","S/D","V","S/D","Urbana","S/D","S/D","Intersección","S/D","S/D","Diurna","S/D","S/D","S/D","Colisión","S/D","S/D","S/D","S/D"
2014,1312,02/02/2014,"Domingo",0,01:30:00,,"0.0",2,"Moto/Ciclomotor,Moto/Ciclomotor","Av San Lorenzo Y Juan de Garay",2,2,0,0,0,0,0,,"S/D",,"CAPITÁN BERMÚDEZ","San Lorenzo","Asfalto","Pavimento","XVII","Dentro","Urbana","Ninguna","No existe","Intersección","Bueno","Buena","Nocturna","Buen Tiempo","Lateral","S/D","Colisión","Ninguna","Horizontal","Línea divisoria pintada","Sin restricción"
2014,1313,08/02/2014,"Sabado",0,05:30:00,,"0.0",2,"Automóvil,Moto/Ciclomotor","Julio A Roca Y Carlos Silvestre Begnis",4,2,1,0,1,0,0,,"S/D",,"TOSTADO","9 de Julio","Asfalto","Pavimento","XII","Dentro","Urbana","Ninguna","No existe","Intersección","Bueno","Buena","Nocturna","Buen Tiempo","Lateral","S/D","Colisión","Otro","Faltante","Ninguna","Sin restricción"
2014,1314,16/02/2014,"Domingo",0,18:40:00,,"0.0",2,"Moto/Ciclomotor,Automóvil","Av Italia Y Domingo Silva",2,0,1,0,1,0,0,,"Avenida",,"RAFAELA","Castellanos","Asfalto","S/D","V","S/D","Urbana","S/D","S/D","Intersección","Bueno","Buena","Atardecer,Con luz artificial","S/D","S/D","S/D","Colisión","S/D","S/D","S/D","S/D"
2014,1315,23/02/2014,"Domingo",0,07:45:00,,"0.0",2,"Pickup/Utilitario,Moto/Ciclomotor","MARTIN FIERRO Y PAUL HARRIS",2,1,0,0,1,0,0,,"Calle",,"RAFAELA","Castellanos","Asfalto","S/D","V","S/D","Urbana","S/D","S/D","Intersección","Bueno","Buena","Diurna","S/D","S/D","S/D","Colisión","S/D","S/D","S/D","S/D"
2014,1316,27/02/2014,"Jueves",0,09:00:00,,"0.0",2,"Moto/Ciclomotor,Camión","Republica de Chile Y M de Iriondo",2,1,0,0,1,0,0,,"S/D",,"SAN LORENZO","San Lorenzo","S/D","S/D","XVII","S/D","S/D","S/D","S/D","S/D","S/D","S/D","S/D","S/D","S/D","S/D","S/D","S/D","S/D","S/D","S/D"