"anio_acci","nro_acci","fecha","desc_dia","fecha_aprox","hora_aprox","desc_ruta","km","cant_participantes","desc_participante","calle_avenida_km","total","heridos_leves","heridos_graves","heridos_gravisimos","ilesos","fallecidos","sin_datos","posicion_XY","desc_tipo_via","desc_ruta_ori","desc_loc","desc_dpto","desc_tipo_calzada","desc_tipo_banquina","desc_unidad_regional","desc_lugar_calzada","desc_zona","desc_prioridad","desc_estado_semaforo","desc_lugar_via","desc_estado_via","desc_estado_visibilidad","desc_luminosidad","desc_estado_clima","desc_tipo_colision","desc_tipo_atropello","desc_tipo_hecho","desc_pres_calzada","desc_senializacion","desc_separacion_via","desc_restriccion"
2014,1317,01/02/2014,"Sabado",0,13:00:00,,"0.0",2,"Moto/Ciclomotor,Automóvil","Pte Juan D Peron Y Guemes",2,1,0,0,1,0,0,,"Calle",,"TOSTADO","9 de Julio","Asfalto,Ripio","S/D","XII","S/D","Urbana","Ninguna","No existe","Intersección","Bueno","Buena","Diurna","Buen Tiempo","Lateral","S/D","Colisión","Ninguna","S/D","S/D","Sin restricción"
2014,1318,16/02/2014,"Domingo",0,07:00:00,,"0.0",2,"Moto/Ciclomotor,Moto/Ciclomotor","Eloy Gaitan Y Hugo del Carril",2,0,1,0,1,0,0,,"Calle",,"RAFAELA","Castellanos","Asfalto","S/D","V","S/D","S/D","S/D","S/D","Intersección","Otro","S/D","S/D","S/D","S/D","S/D","Colisión","S/D","S/D","S/D","S/D"
2014,1319,22/02/2014,"Sabado",0,17:15:00,,"0.0",2,"Automóvil,Moto/Ciclomotor","Belgrano Y Liniers",3,1,1,0,1,0,0,,"Calle",,"RAFAELA","Castellanos","Asfalto","S/D","V","S/D","Urbana","S/D","S/D","Intersección","S/D","Buena","Diurna","S/D","S/D","S/D","Colisión","S/D","S/D","S/D","S/D"
2014,1320,26/02/2014,"Miercoles",0,22:20:00,"Ruta Nacional 11","0.0",1,"Moto/Ciclomotor","Av San Martin Y Congreso",1,0,0,0,0,0,1,,"Ruta",11,"SAN LORENZO","San Lorenzo","S/D","S/D","XVII","S/D","S/D","S/D","S/D","S/D","S/D","S/D","Nocturna","S/D","Contra objeto fijo","S/D","Colisión","S/D","S/D","S/D","S/D"
2014,1321,16/02/2014,"Domingo",0,06:30:00,,"0.0",2,"Moto/Ciclomotor,Moto/Ciclomotor","J Zanetti 373",2,1,0,0,1,0,0,,"S/D",,"RAFAELA","Castellanos","Asfalto","S/D","V","S/D","S/D","S/D","S/D","Recta","Bueno","Buena","Amanecer,Con luz artificial","S/D","S/D","S/D","Colisión","S/D","S/D","S/D","S/D"
2014,1322,21/02/2014,"Viernes",0,11:50:00,,"0.0",2,"Moto/Ciclomotor,Automóvil","Bv Pte Roca Y Parana",2,1,0,0,1,0,0,,"Avenida",,"RAFAELA","Castellanos","Asfalto","S/D","V","S/D","Urbana","S/D","S/D","Intersección","Bueno","Buena","Diurna","S/D","S/D","S/D","Colisión","S/D","S/D","S/D","S/D"
2014,1323,15/02/2014,"Sabado",0,19:30:00,,"0.0",1,"Moto/Ciclomotor","Carrero Podio Y Juan B Justo",1,0,1,0,0,0,0,,"Calle",,"RAFAELA","Castellanos","Asfalto","S/D","V","S/D","S/D","S/D","S/D","Intersección","Bueno","Buena","Nocturna,Con luz artificial","S/D","S/D","S/D","Colisión","S/D","S/D","S/D","S/D"
2014,1324,11/02/2014,"Martes",0,17:00:00,,"0.0",2,"Moto/Ciclomotor,Automóvil","P Avanthay Y Mariano Moreno",2,0,1,0,1,0,0,,"Calle",,"RAFAELA","Castellanos","Asfalto","S/D","V","S/D","Urbana","S/D","S/D","Intersección","Bueno","Buena","Diurna","S/D","S/D","S/D","Colisión","S/D","S/D","S/D","S/D"
2014,1325,27/02/2014,"Jueves",0,16:00:00,,"0.0",2,"Moto/Ciclomotor,Automóvil","PARENTE Y BV. URQUIZA",2,1,0,0,1,0,0,,"S/D",,"SAN LORENZO","San Lorenzo","S/D","S/D","XVII","S/D","S/D","S/D","S/D","S/D","S/D","S/D","S/D","S/D","S/D","S/D","S/D","S/D","S/D","S/D","S/D"
2014,1326,16/02/2014,"Domingo",0,18:10:00,"Autovía Nacional 19","119.0",2,"Camión,Automóvil"," ",4,3,0,0,1,0,0,,"Autovía",19,"JOSEFINA","Castellanos","Asfalto","S/D","V","S/D","Rural","S/D","S/D","Recta","Bueno","Buena","Atardecer","S/D","S/D","S/D","Colisión","S/D","S/D","S/D","S/D"
2014,1327,11/02/2014,"Martes",0,23:30:00,,"0.0",2,"Peatón,Otros","Av Italia Y W Muniagurria",2,1,0,0,1,0,0,,"Avenida",,"RAFAELA","Castellanos","Asfalto","S/D","V","S/D","Urbana","S/D","S/D","Intersección","S/D","Buena","Nocturna,Con luz artificial","S/D","S/D","S/D","Atropello","S/D","S/D","S/D","S/D"
2014,1328,26/02/2014,"Miercoles",0,19:00:00,,"0.0",2,"Pickup/Utilitario,Moto/Ciclomotor","Neuquen ",2,1,0,0,1,0,0,,"S/D",,"SAN LORENZO","San Lorenzo","S/D","S/D","XVII","S/D","S/D","S/D","S/D","S/D","S/D","S/D","S/D","S/D","S/D","S/D","S/D","S/D","S/D","S/D","S/D"
2014,1329,21/02/2014,"Viernes",0,17:10:00,,"0.0",2,"Moto/Ciclomotor,Automóvil","Sarmiento Y Juan D Peron",3,2,0,0,0,0,1,,"Calle",,"SAN CRISTÓBAL","San Cristóbal","Asfalto","Pavimento","XIII","Dentro","Urbana","Ninguna","No existe","Intersección","Bueno","Buena","Atardecer","Buen Tiempo","Lateral","S/D","Colisión","Otro","Faltante","Ninguna","Accidente Previo"
2014,1330,11/02/2014,"Martes",0,18:00:00,,"0.0",2,"Pickup/Utilitario,Moto/Ciclomotor","Pueyrredon Y Ramon y Cajal",2,0,1,0,1,0,0,,"S/D",,"RAFAELA","Castellanos","Asfalto","S/D","V","S/D","Urbana","S/D","S/D","Intersección","Bueno","S/D","Diurna","S/D","S/D","S/D","Colisión","S/D","S/D","S/D","S/D"
2014,1331,15/02/2014,"Sabado",0,03:00:00,,"0.0",2,"Automóvil,Moto/Ciclomotor","R. S. PEÑA Y INDEPENDENCIA",3,1,0,0,2,0,0,,"Calle",,"SAN VICENTE.","Castellanos","S/D","S/D","V","S/D","Urbana","S/D","S/D","Intersección","S/D","S/D","Nocturna,Con luz artificial","S/D","S/D","S/D","Colisión","S/D","S/D","S/D","S/D"
2014,1332,15/02/2014,"Sabado",0,16:30:00,,"0.0",2,"Automóvil,Moto/Ciclomotor","Ctda Moreno Y Italia",2,1,0,0,1,0,0,,"Calle",,"MARIA JUANA","Castellanos","S/D","S/D","V","S/D","Urbana","S/D","S/D","Intersección","S/D","S/D","Diurna","S/D","S/D","S/D","Colisión","S/D","S/D","S/D","S/D"
2014,1333,21/02/2014,"Viernes",0,04:00:00,,"0.0",2,"Automóvil,Moto/Ciclomotor","Av Irigoyen Y Arturo Frondizi",3,0,1,0,2,0,0,,"Avenida",,"SUNCHALES","Castellanos","Asfalto","S/D","V","S/D","Urbana","S/D","S/D","Intersección","Bueno","Buena","Nocturna,Con luz artificial","S/D","S/D","S/D","Colisión","S/D","S/D","S/D","S/D"
2014,1334,08/02/2014,"Sabado",0,11:35:00,,"0.0",2,"Moto/Ciclomotor,Bicicleta","H Irigoyen Y Bv Poeta J Migno",2,2,0,0,0,0,0,,"Avenida",,"SAN JAVIER","San Javier","Asfalto","S/D","XIV","S/D","Urbana","Otra Señal","S/D","Intersección","Bueno","S/D","S/D","Buen Tiempo","S/D","S/D","Atropello","S/D","Faltante","Barrera de hormigón","Sin restricción"
2014,1335,14/02/2014,"Viernes",0,20:00:00,,"0.0",2,"Moto/Ciclomotor,Automóvil","Uruguay 457",4,3,0,0,1,0,0,,"Calle",,"RAFAELA","Castellanos","Asfalto","No existe","V","S/D","Urbana","S/D","No existe","Recta","Bueno","Buena","Atardecer","Buen Tiempo","Frontal","S/D","Colisión","S/D","S/D","S/D","S/D"
2014,1336,22/02/2014,"Sabado",0,,"Ruta Provincial 13","0.0",2,"Moto/Ciclomotor,Pickup/Utilitario"," ",2,1,0,0,1,0,0,,"Ruta",13,"HUMBERTO 1°","Castellanos","Asfalto","S/D","V","S/D","Rural","S/D","S/D","Cruce","S/D","Buena","Diurna","S/D","S/D","S/D","Colisión","S/D","S/D","S/D","S/D"
2014,1337,22/02/2014,"Sabado",0,03:30:00,,"0.0",3,"Moto/Ciclomotor,Moto/Ciclomotor,Automóvil","Bv San Martin Y Neuquen",4,2,0,0,2,0,0,,"Avenida",,"HUMBERTO 1°","Castellanos","Asfalto","S/D","V","S/D","Urbana","S/D","S/D","Intersección","S/D","S/D","Nocturna,Con luz artificial","S/D","Múltiple","S/D","Colisión","S/D","S/D","S/D","S/D"
2014,1338,08/02/2014,"Sabado",0,17:40:00,"Ruta Provincial 1","151.0",2,"Automóvil,Moto/Ciclomotor"," ",2,1,0,0,1,0,0,,"Ruta",1,"SAN JAVIER","San Javier","Asfalto","Natural","XIV","Dentro","Rural","Ninguna","No existe","Recta","Bueno","Buena","Diurna","Buen Tiempo","Lateral","S/D","Colisión","S/D","S/D","Ninguna","Sin restricción"
2014,1339,23/02/2014,"Domingo",0,18:50:00,"Ruta Nacional 19","0.0",2,"Pickup/Utilitario,Moto/Ciclomotor"," ",5,0,1,0,4,0,0,,"Ruta",19,"ANGÉLICA","Castellanos","Asfalto","S/D","V","S/D","Rural","S/D","S/D","Recta","S/D","Buena","Atardecer","S/D","S/D","S/D","Colisión","S/D","S/D","S/D","S/D"
2014,1340,14/02/2014,"Viernes",0,11:00:00,,"0.0",2,"Moto/Ciclomotor,Automóvil","Dentesano Y Roca",3,2,0,0,1,0,0,,"Calle",,"SUNCHALES","Castellanos","S/D","S/D","V","S/D","Urbana","S/D","S/D","Intersección","S/D","Buena","Diurna","Buen Tiempo","Frontal","S/D","Colisión","S/D","S/D","S/D","S/D"
2014,1341,13/02/2014,"Jueves",0,20:00:00,,"0.0",2,"Moto/Ciclomotor,Automóvil","Bv H Irigoyen Y Av Luis Fanti",2,1,0,0,1,0,0,,"Avenida",,"RAFAELA","Castellanos","Asfalto","No existe","V","Dentro","Urbana","S/D","Funciona","Intersección","Bueno","Buena","Diurna","Buen Tiempo","Frontal","S/D","Colisión","S/D","S/D","S/D","S/D"
2014,1342,26/02/2014,"Miercoles",0,21:20:00,,"0.0",2,"Automóvil,Moto/Ciclomotor","Dorrego Y Santiago del Estero",2,0,0,0,0,0,2,,"S/D",,"SAN LORENZO","San Lorenzo","S/D","S/D","XVII","S/D","S/D","S/D","S/D","S/D","S/D","S/D","S/D","S/D","S/D","S/D","S/D","S/D","S/D","S/D","S/D"
2014,1343,09/02/2014,"Domingo",0,16:30:00,,"0.0",2,"Moto/Ciclomotor,Moto/Ciclomotor","Av Brasil Y Ciudad de Esperanza",3,2,1,0,0,0,0,,"S/D",,"RAFAELA","Castellanos","Asfalto","S/D","V","S/D","Urbana","S/D","S/D","Intersección","S/D","Buena","Diurna","S/D","S/D","S/D","Colisión","S/D","S/D","S/D","S/D"
2014,1344,10/02/2014,"Lunes",0,20:00:00,,"0.0",2,"Moto/Ciclomotor,Automóvil","Bv Pte Roca Y Hermana Fortunata",2,1,0,0,1,0,0,,"Avenida",,"RAFAELA","Castellanos","Asfalto","S/D","V","S/D","Urbana","S/D","S/D","Intersección","Bueno","Buena","Nocturna,Con luz artificial","S/D","S/D","S/D","Colisión","S/D","S/D","S/D","S/D"
2014,1345,09/02/2014,"Domingo",0,12:00:00,,"0.0",1,"Moto/Ciclomotor","B Geuna Y Ramon y Cajal",1,1,0,0,0,0,0,,"S/D",,"RAFAELA","Castellanos","Asfalto","S/D","V","S/D","Urbana","S/D","S/D","Intersección","Bueno","Buena","Diurna","S/D","Atropello animal","S/D","Colisión","S/D","S/D","S/D","S/D"
2014,1346,26/02/2014,"Miercoles",0,19:00:00,,"0.0",2,"Automóvil,Otros","Dr Ghio Y Uriburu",2,0,0,0,1,0,1,,"S/D",,"SAN LORENZO","San Lorenzo","S/D","S/D","XVII","S/D","S/D","S/D","S/D","S/D","S/D","S/D","Atardecer","S/D","S/D","S/D","S/D","S/D","S/D","S/D","S/D"
2014,1347,09/02/2014,"Domingo",0,06:30:00,,"0.0",1,"Moto/Ciclomotor","F Dentesano 28",1,1,0,0,0,0,0,,"S/D",,"RAFAELA","Castellanos","Asfalto","S/D","V","S/D","Urbana","S/D","S/D","Recta","S/D","Buena","Diurna","S/D","S/D","S/D","Despiste","S/D","S/D","S/D","S/D"
2014,1348,08/02/2014,"Sabado",0,04:00:00,,"0.0",2,"Moto/Ciclomotor,Moto/Ciclomotor","Simon de Iriondo Y Luis Maggi",4,2,2,0,0,0,0,,"S/D",,"RAFAELA","Castellanos","Asfalto","S/D","V","S/D","Urbana","S/D","S/D","Intersección","S/D","S/D","Nocturna","S/D","S/D","S/D","Colisión","S/D","S/D","S/D","S/D"
2014,1349,26/02/2014,"Miercoles",0,16:30:00,,"0.0",2,"Automóvil,Otros","General Lopez Y Urquiza",2,1,0,0,1,0,0,,"S/D",,"SAN LORENZO","San Lorenzo","S/D","S/D","XVII","S/D","S/D","S/D","S/D","S/D","S/D","S/D","Diurna","S/D","S/D","S/D","S/D","S/D","S/D","S/D","S/D"
2014,1350,08/02/2014,"Sabado",0,09:00:00,,"0.0",2,"Automóvil,Moto/Ciclomotor","25 de Mayo ",3,2,0,0,1,0,0,,"Avenida",,"VILLA CONSTITUCIÓN","Constitución","Hormigón","Pavimento","VI","Dentro","Urbana","Ninguna","No existe","Recta","Con baches","Buena","Diurna","Buen Tiempo","Otro","S/D","Colisión","Ninguna","Faltante","Ninguna","Sin restricción"
2014,1351,05/02/2014,"Miercoles",0,13:00:00,,"0.0",2,"Automóvil,Moto/Ciclomotor","Av Estanislao Lopez Y Diagonal Norte",2,1,0,0,1,0,0,,"Avenida",,"LA CRIOLLA","San Justo","Hormigón","Natural","XVI","Dentro","Urbana","Ninguna","No existe","Intersección","Bueno","Buena","Diurna","Buen Tiempo","Lateral","S/D","Colisión","S/D","Faltante","Ninguna","Sin restricción"
2014,1352,20/02/2014,"Jueves",0,10:15:00,,"0.0",2,"Bicicleta,Automóvil","Av Gral Bartolome Mitre Y Av Roque Saenz Pe±a",2,1,0,0,1,0,0,,"Avenida",,"RAFAELA","Castellanos","S/D","No existe","V","S/D","Urbana","S/D","Funciona","Intersección","Bueno","Buena","Diurna","Buen Tiempo","S/D","S/D","Atropello","S/D","S/D","S/D","S/D"
2014,1353,17/02/2014,"Lunes",0,13:00:00,"Ruta Provincial 21","0.0",2,"Moto/Ciclomotor,Automóvil","San Martin Y Corrientes",2,1,0,0,1,0,0,,"Ruta",21,"VILLA CONSTITUCIÓN","Constitución","Asfalto","Pavimento","VI","Dentro","Urbana","Ninguna","No existe","Cruce","Bueno","Buena","Diurna","Buen Tiempo","Lateral","S/D","Colisión","Ninguna","Horizontal,Vertical","Línea divisoria pintada","Sin restricción"
2014,1354,19/02/2014,"Miercoles",0,10:30:00,,"0.0",2,"Moto/Ciclomotor,Moto/Ciclomotor","Magdalena de De Lorenzi Y Nicolas Avellaneda",2,1,1,0,0,0,0,,"Calle",,"RAFAELA","Castellanos","Asfalto","No existe","V","S/D","Urbana","S/D","No existe","Intersección","Bueno","Reducida","Diurna","Lluvia","Frontal","S/D","Colisión","S/D","S/D","S/D","S/D"
2014,1355,22/02/2014,"Sabado",0,07:05:00,"Ruta Nacional 11","0.0",2,"Bicicleta,Moto/Ciclomotor","RUTA NAC. 11 Y ITALIA",2,2,0,0,0,0,0,,"Ruta",11,"SAN JUSTO","San Justo","Asfalto","Pavimento","XVI","Fuera","Urbana","Ninguna","No existe","Recta","Deteriorada","Buena","Diurna","Buen Tiempo","S/D","S/D","Atropello","Otro","Horizontal","Línea divisoria pintada","Sin restricción"
2014,1356,19/02/2014,"Miercoles",0,17:30:00,,"0.0",2,"Automóvil,Moto/Ciclomotor","Bv Pte Roca 846",3,1,1,0,1,0,0,,"Avenida",,"RAFAELA","Castellanos","S/D","No existe","V","S/D","Urbana","S/D","No existe","Recta","S/D","Buena","Diurna","Buen Tiempo","De alcance","S/D","Colisión","S/D","S/D","S/D","S/D"
2014,1357,12/02/2014,"Miercoles",0,23:00:00,,"0.0",2,"Automóvil,Bicicleta","Pergamino Y Parana",2,1,0,0,1,0,0,,"Calle",,"PAVÓN ARRIBA","Constitución","Asfalto","Pavimento","VI","Dentro","Urbana","Ninguna","No existe","Intersección","Bueno","Buena","Nocturna","Buen Tiempo","S/D","S/D","Atropello","Otro","Faltante","Ninguna","Sin restricción"
2014,1358,17/02/2014,"Lunes",0,03:30:00,,"0.0",2,"Automóvil,Moto/Ciclomotor","Avenida de Mayo 220",3,0,1,0,2,0,0,,"Avenida",,"CERES","San Cristóbal","Asfalto","S/D","XIII","Dentro","Urbana","Semáforo","Funciona","Recta","Bueno","Buena","Nocturna","Buen Tiempo","Lateral","S/D","Colisión","Otro","Horizontal","Vegetación","Sin restricción"
2014,1359,13/02/2014,"Jueves",0,16:50:00,,"0.0",2,"Bicicleta,Automóvil","Manuel Dorrego Y Tierra del Fuego",2,1,0,0,1,0,0,,"Avenida",,"VILLA CONSTITUCIÓN","Constitución","Asfalto","S/D","VI","Dentro","Urbana","S/D","S/D","Recta","Bueno","Buena","Diurna","Buen Tiempo","S/D","S/D","Atropello","S/D","S/D","S/D","S/D"
2014,1360,08/02/2014,"Sabado",0,18:00:00,,"0.0",2,"Bicicleta,Moto/Ciclomotor","Av Aristobulo del Valle Y Intendente Gimenez",2,0,1,0,1,0,0,,"Avenida",,"RAFAELA","Castellanos","Asfalto","S/D","V","S/D","Urbana","S/D","S/D","Intersección","Bueno","Buena","Atardecer","S/D","S/D","S/D","Atropello","S/D","S/D","S/D","S/D"
2014,1361,15/02/2014,"Sabado",0,16:40:00,,"0.0",2,"Automóvil,Moto/Ciclomotor","Caseros Y Alberdi",3,2,0,0,1,0,0,,"Calle",,"SAN CRISTÓBAL","San Cristóbal","Asfalto","No existe","XIII","Dentro","Urbana","Ninguna","No existe","Intersección","Bueno","Buena","Diurna","Buen Tiempo","Lateral","S/D","Colisión","S/D","Faltante","Ninguna","Sin restricción"
2014,1362,21/02/2014,"Viernes",0,19:40:00,"Ruta Provincial 21","0.0",3,"Pickup/Utilitario,Automóvil,Automóvil","Ruta Prov 21 ",3,1,0,0,2,0,0,,"Ruta",21,"VILLA CONSTITUCIÓN","Constitución","Asfalto","S/D","VI","Dentro","Urbana","Semáforo","S/D","Recta","Bueno","Buena","Diurna","Buen Tiempo","Múltiple","S/D","Colisión","S/D","Horizontal","S/D","S/D"
2014,1363,09/02/2014,"Domingo",0,17:10:00,,"0.0",2,"Moto/Ciclomotor,Camión","Ayacucho Y Nicasio Oro±o",3,1,1,0,1,0,0,,"Calle",,"RAFAELA","Castellanos","Asfalto","S/D","V","S/D","Urbana","S/D","S/D","Intersección","Bueno","Buena","Diurna","S/D","S/D","S/D","Colisión","S/D","S/D","S/D","S/D"
2014,1364,10/02/2014,"Lunes",0,21:30:00,"Ruta Nacional 19","0.0",2,"Moto/Ciclomotor,Automóvil"," ",2,0,1,0,1,0,0,,"Ruta",19,"FRONTERA","Castellanos","Asfalto","S/D","V","S/D","Urbana","S/D","S/D","Intersección","S/D","S/D","Nocturna","S/D","S/D","S/D","Colisión","S/D","S/D","S/D","S/D"
2014,1365,14/02/2014,"Viernes",0,17:35:00,,"0.0",1,"Moto/Ciclomotor","Av Falucho Y Av Maipu",1,0,1,0,0,0,0,,"Avenida",,"CERES","San Cristóbal","Tierra","No existe","XIII","Dentro","Urbana","Ninguna","No existe","Intersección","Bueno","Buena","Diurna","Buen Tiempo","S/D","S/D","Caída ocupante","S/D","Horizontal","Ninguna","Sin restricción"
2014,1366,05/02/2014,"Miercoles",0,23:00:00,,"0.0",2,"Moto/Ciclomotor,Automóvil","Bv H Irigoyen Y Ayacucho",2,0,1,0,1,0,0,,"Calle",,"RAFAELA","Castellanos","Hormigón","S/D","V","Dentro","Urbana","S/D","S/D","Intersección","S/D","S/D","Nocturna,Con luz artificial","S/D","Lateral","S/D","Colisión","S/D","S/D","S/D","S/D"
2014,1367,03/02/2014,"Lunes",0,12:30:00,,"0.0",2,"Moto/Ciclomotor,Automóvil","Francia Y Ripamonti",2,1,0,0,1,0,0,,"Calle",,"RAFAELA","Castellanos","Asfalto","S/D","V","S/D","Rural","S/D","S/D","Intersección","Bueno","Buena","Diurna","S/D","S/D","S/D","Colisión","S/D","S/D","S/D","S/D"
2014,1368,03/02/2014,"Lunes",0,18:50:00,,"0.0",2,"Moto/Ciclomotor,Moto/Ciclomotor","G Mainardi Y Ayacucho",3,2,0,0,1,0,0,,"Calle",,"RAFAELA","Castellanos","Asfalto","S/D","V","S/D","Urbana","S/D","S/D","Intersección","Bueno","Buena","Atardecer","S/D","S/D","S/D","Colisión","S/D","S/D","S/D","S/D"
2014,1369,14/02/2014,"Viernes",0,02:15:00,"Ruta Nacional 34","354.0",1,"Automóvil"," ",1,1,0,0,0,0,0,,"Ruta",34,"LA RUBIA","San Cristóbal","Asfalto","Natural","XIII","Dentro","Rural","Ninguna","No existe","Recta","Deteriorada","Buena","Nocturna","Buen Tiempo","Atropello animal","S/D","Colisión","S/D","S/D","Ninguna","Sin restricción"
2014,1370,02/02/2014,"Domingo",0,07:05:00,,"0.0",2,"Pickup/Utilitario,Bicicleta","Dr Fernandez 541",3,1,0,0,2,0,0,,"Calle",,"SUARDI","San Cristóbal","Asfalto","No existe","XIII","Dentro","Urbana","Ninguna","No existe","Recta","Bueno","Buena","Diurna","Buen Tiempo","S/D","S/D","Atropello","S/D","Faltante","Ninguna","Sin restricción"
2014,1371,08/02/2014,"Sabado",0,22:15:00,,"0.0",2,"Moto/Ciclomotor,Peatón","Calle 9 936",2,1,0,0,1,0,0,,"Calle",,"FRONTERA","Castellanos","S/D","S/D","V","S/D","Urbana","S/D","S/D","Recta","S/D","S/D","Nocturna,Con luz artificial","S/D","S/D","S/D","Atropello","S/D","S/D","S/D","S/D"
2014,1372,13/02/2014,"Jueves",0,20:00:00,,"0.0",2,"Moto/Ciclomotor,Otros","Garibaldi Y Estanislao Zeballos",2,1,0,0,1,0,0,,"Calle",,"RAFAELA","Castellanos","Asfalto","No existe","V","S/D","Urbana","S/D","No existe","Intersección","Bueno","Buena","Atardecer","Buen Tiempo","Frontal","S/D","Colisión","S/D","S/D","S/D","S/D"
2014,1373,19/02/2014,"Miercoles",0,19:00:00,,"0.0",3,"Moto/Ciclomotor,Moto/Ciclomotor,Automóvil","Nicasio Oro±o Y Chiaraviglio",3,1,0,0,2,0,0,,"Calle",,"RAFAELA","Castellanos","Asfalto","S/D","V","S/D","Urbana","S/D","S/D","Intersección","S/D","Buena","Diurna","Buen Tiempo","Múltiple","S/D","Colisión","S/D","S/D","S/D","S/D"
2014,1374,13/02/2014,"Jueves",0,13:00:00,,"0.0",2,"Bicicleta,Automóvil","Av Gral Bartolome Mitre Y San Martin",2,0,1,0,1,0,0,,"Calle",,"RAFAELA","Castellanos","S/D","S/D","V","S/D","S/D","S/D","S/D","Intersección","S/D","Buena","Diurna","Buen Tiempo","Frontal","S/D","Atropello","S/D","S/D","S/D","S/D"
2014,1375,14/02/2014,"Viernes",0,20:15:00,,"0.0",2,"Moto/Ciclomotor,Automóvil","Bv Jaime Ferre Y Ciudad de Esperanza",3,1,0,0,1,0,1,,"Calle",,"RAFAELA","Castellanos","Asfalto","No existe","V","S/D","Urbana","S/D","No existe","Intersección","Bueno","S/D","Atardecer","Buen Tiempo","Lateral","S/D","Colisión","S/D","S/D","S/D","S/D"
2014,1376,01/02/2014,"Sabado",0,21:30:00,,"0.0",2,"Moto/Ciclomotor,Pickup/Utilitario","Bv Santa Fe Y Cayetano Garrappa",2,1,0,0,1,0,0,,"Avenida",,"RAFAELA","Castellanos","Asfalto","S/D","V","Dentro","Urbana","S/D","S/D","Intersección","Bueno","S/D","S/D","S/D","Lateral","S/D","Colisión","S/D","S/D","S/D","S/D"
2014,1377,18/02/2014,"Martes",0,22:30:00,,"0.0",2,"Automóvil,Automóvil","Bv G L Lhemann Y Simon Bolivar",4,1,0,0,3,0,0,,"Avenida",,"RAFAELA","Castellanos","S/D","S/D","V","S/D","Urbana","S/D","No existe","Intersección","Resbaladiza","Buena","Nocturna","Lluvia","Frontal","S/D","Colisión","S/D","S/D","S/D","S/D"
2014,1378,07/02/2014,"Viernes",0,20:00:00,,"0.0",2,"Moto/Ciclomotor,Automóvil","Salta 380",2,1,0,0,1,0,0,,"Calle",,"SUNCHALES","Castellanos","Asfalto","S/D","V","S/D","Urbana","S/D","S/D","Recta","S/D","S/D","Nocturna,Con luz artificial","S/D","S/D","S/D","Colisión","S/D","S/D","S/D","S/D"
2014,1379,27/02/2014,"Jueves",0,10:00:00,,"0.0",2,"Bicicleta,Automóvil","Magdalena de De Lorenzi Y Juan Bautista Alberdi",2,1,0,0,1,0,0,,"S/D",,"RAFAELA","Castellanos","Asfalto","S/D","V","S/D","Urbana","S/D","S/D","Intersección","Bueno","Buena","Diurna","S/D","S/D","S/D","Atropello","S/D","S/D","S/D","S/D"
2014,1380,07/02/2014,"Viernes",0,12:00:00,,"0.0",2,"Moto/Ciclomotor,Automóvil","Carlos Pellegrini Y Lainez",2,1,0,0,1,0,0,,"Calle",,"SUNCHALES","Castellanos","Asfalto","S/D","V","S/D","Urbana","S/D","S/D","Intersección","Bueno","S/D","Diurna","S/D","S/D","S/D","Colisión","S/D","S/D","S/D","S/D"
2014,1381,04/02/2014,"Martes",0,21:15:00,,"0.0",2,"Moto/Ciclomotor,Automóvil","Calle 64 Y Calle 5",2,0,1,0,1,0,0,,"Calle",,"FRONTERA","Castellanos","S/D","S/D","V","Dentro","Urbana","S/D","S/D","Intersección","S/D","S/D","Nocturna","S/D","Lateral","S/D","Colisión","S/D","S/D","S/D","S/D"
2014,1382,11/02/2014,"Martes",0,14:45:00,,"0.0",2,"Moto/Ciclomotor,Automóvil","Avenida Mitre Y Perez de Denis Gregoria",4,2,0,0,2,0,0,,"Calle",,"CERES","San Cristóbal","Asfalto","No existe","XIII","Dentro","Urbana","Ninguna","No existe","Intersección","Bueno","Buena","Diurna","Lluvia","Lateral","S/D","Colisión","S/D","Horizontal","Ninguna","Sin restricción"
2014,1383,11/02/2014,"Martes",0,09:35:00,,"0.0",2,"Moto/Ciclomotor,Pickup/Utilitario","Avenida Chacabuco Y Victoria",3,2,0,0,1,0,0,,"Avenida",,"CERES","San Cristóbal","Asfalto","Pavimento","XIII","Dentro","Urbana","Ninguna","No existe","Intersección","Bueno","Buena","Amanecer","Buen Tiempo","Frontal","S/D","Colisión","S/D","Horizontal","Ninguna","Sin restricción"
2014,1384,10/02/2014,"Lunes",0,01:20:00,"Ruta Nacional 34","352.0",1,"Pickup/Utilitario"," ",5,3,0,0,2,0,0,,"Ruta",34,"LA RUBIA","San Cristóbal","Asfalto","Natural","XIII","S/D","Rural","Ninguna","No existe","Recta","Deteriorada","S/D","Nocturna","Buen Tiempo","S/D","S/D","Vuelco","S/D","S/D","Ninguna","S/D"
2014,1385,23/02/2014,"Domingo",0,03:35:00,,"0.0",2,"Moto/Ciclomotor,Pickup/Utilitario","Almafuerte Y Mariano Moreno",5,1,0,0,4,0,0,,"Calle",,"ESPERANZA","Las Colonias","Asfalto","No existe","XI","S/D","Urbana","Ninguna","No existe","Intersección","Bueno","Buena","Nocturna","Buen Tiempo","Lateral","S/D","Colisión","S/D","Horizontal","Ninguna","Sin restricción"
2014,1386,21/02/2014,"Viernes",0,20:30:00,,"0.0",2,"Moto/Ciclomotor,Camión","Gorriti Y Hipolito Yrigoyen",2,1,0,0,1,0,0,,"Avenida",,"SANTA FE","La Capital","Asfalto","No existe","I","S/D","Urbana","Ninguna","No existe","Intersección","Bueno","Reducida","Nocturna","Buen Tiempo","De alcance","S/D","Colisión","Ninguna","Faltante","Ninguna","Sin restricción"
2014,1387,03/02/2014,"Lunes",0,23:40:00,,"0.0",2,"Moto/Ciclomotor,Pickup/Utilitario","Av A del Valle Y Espora",2,1,0,0,1,0,0,,"Avenida",,"SANTA FE","La Capital","Hormigón","No existe","I","Dentro","Urbana","Ninguna","No existe","Intersección","Bueno","Reducida","Nocturna,Con luz artificial","Lluvia","Lateral","S/D","Colisión","Otro","Faltante","Cordón divisorio","Sin restricción"