"anio_acci","nro_acci","fecha","desc_dia","fecha_aprox","hora_aprox","desc_ruta","km","cant_participantes","desc_participante","calle_avenida_km","total","heridos_leves","heridos_graves","heridos_gravisimos","ilesos","fallecidos","sin_datos","posicion_XY","desc_tipo_via","desc_ruta_ori","desc_loc","desc_dpto","desc_tipo_calzada","desc_tipo_banquina","desc_unidad_regional","desc_lugar_calzada","desc_zona","desc_prioridad","desc_estado_semaforo","desc_lugar_via","desc_estado_via","desc_estado_visibilidad","desc_luminosidad","desc_estado_clima","desc_tipo_colision","desc_tipo_atropello","desc_tipo_hecho","desc_pres_calzada","desc_senializacion","desc_separacion_via","desc_restriccion"
2014,1388,20/02/2014,"Jueves",0,12:00:00,,"0.0",2,"Automóvil,Moto/Ciclomotor","Av Blas Parera Y Beruti",3,2,0,0,1,0,0,,"Avenida",,"SANTA FE","La Capital","Asfalto","No existe","I","S/D","Urbana","Ninguna","No existe","Intersección","Bueno","Buena","Diurna","Buen Tiempo","Lateral","S/D","Colisión","Ninguna","Faltante","Cordón divisorio","Sin restricción"
2014,1389,18/02/2014,"Martes",0,,,"0.0",2,"Moto/Ciclomotor,Automóvil","General Paz Y Marcos Avellaneda",2,0,1,0,0,0,1,,"Calle",,"ESPERANZA","Las Colonias","Hormigón","No existe","XI","S/D","S/D","S/D","No existe","Intersección","Bueno","Buena","Diurna","Buen Tiempo","S/D","S/D","Colisión","S/D","S/D","Cordón divisorio","Sin restricción"
2014,1390,07/02/2014,"Viernes",0,13:30:00,,"0.0",2,"Moto/Ciclomotor,Automóvil","Av Facundo Zuviria Y Boneo",2,1,0,0,1,0,0,,"Avenida",,"SANTA FE","La Capital","Hormigón","No existe","I","Dentro","Urbana","Ninguna","No existe","Intersección","Bueno","Buena","Diurna","Buen Tiempo","Lateral","S/D","Colisión","Otro","Faltante","Cordón divisorio","Sin restricción"
2014,1391,20/02/2014,"Jueves",0,,,"0.0",2,"Pickup/Utilitario,Bicicleta","Gobernador Crespo Y Av Cordoba",2,0,1,0,0,0,1,,"Avenida",,"ESPERANZA","Las Colonias","Hormigón","No existe","XI","S/D","S/D","Ninguna","No existe","Intersección","Bueno","Buena","Diurna","Buen Tiempo","S/D","S/D","Atropello","S/D","Horizontal","Cordón divisorio","Sin restricción"
2014,1392,07/02/2014,"Viernes",0,20:00:00,,"0.0",2,"Moto/Ciclomotor,Automóvil","J Castelli Y Av Urquiza",2,1,0,0,1,0,0,,"Calle",,"SANTA FE","La Capital","Asfalto","No existe","I","Dentro","Urbana","Ninguna","No existe","Intersección","Bueno","Buena","Diurna","Buen Tiempo","Lateral","S/D","Colisión","Otro","Faltante","Cordón divisorio","Sin restricción"
2014,1393,06/02/2014,"Jueves",0,08:10:00,,"0.0",2,"Automóvil,Moto/Ciclomotor","Av Blas Parera Y Almonacid",2,1,0,0,1,0,0,,"Avenida",,"SANTA FE","La Capital","Asfalto","S/D","I","S/D","Urbana","Ninguna","S/D","Intersección","Bueno","S/D","S/D","S/D","Frontal","S/D","Colisión","S/D","S/D","Ninguna","Sin restricción"
2014,1394,10/02/2014,"Lunes",0,,"Autovía Nacional 19","0.0",1,"Automóvil"," ",4,2,0,0,2,0,0,,"Autovía",19,"SAN JERÓNIMO DEL SAUCE","Las Colonias","Asfalto","Natural","XI","S/D","Rural","Ninguna","No existe","Recta","Bueno","Reducida","Diurna","Lluvia","S/D","S/D","Despiste","Agua","S/D","Vegetación","Sin restricción"
2014,1395,07/02/2014,"Viernes",0,20:30:00,,"0.0",2,"Automóvil,Pickup/Utilitario","1ro de Mayo Y Pedro Ferre",2,1,0,0,1,0,0,,"Calle",,"SANTA FE","La Capital","Asfalto","No existe","I","Dentro","Urbana","Ninguna","No existe","Intersección","Bueno","Buena","Diurna","Buen Tiempo","Lateral","S/D","Colisión","Otro","Faltante","Cordón divisorio","Sin restricción"
2014,1396,03/02/2014,"Lunes",0,16:00:00,,"0.0",2,"Moto/Ciclomotor,Moto/Ciclomotor","Av Blas Parera Y French",2,1,0,0,0,0,1,,"Avenida",,"SANTA FE","La Capital","Hormigón","Pavimento","I","Dentro","Urbana","Ninguna","No existe","Intersección","Bueno","Buena","Diurna","Buen Tiempo","Lateral","S/D","Colisión","S/D","Horizontal,Vertical","Cordón divisorio","Sin restricción"
2014,1397,10/02/2014,"Lunes",0,08:55:00,"Ruta Provincial 10","0.0",1,"Moto/Ciclomotor"," ",1,1,0,0,0,0,0,,"Ruta",10,"FELICIA","Las Colonias","S/D","S/D","XI","Dentro","Rural","Ninguna","S/D","S/D","S/D","S/D","Diurna","S/D","S/D","S/D","Caída ocupante","S/D","S/D","Línea divisoria pintada","Sin restricción"
2014,1398,08/02/2014,"Sabado",0,18:00:00,,"0.0",2,"Moto/Ciclomotor,Pickup/Utilitario","Av Facundo Zuviria Y Cordoba",2,1,0,0,1,0,0,,"Calle",,"SANTA FE","La Capital","Asfalto","No existe","I","Dentro","Urbana","Semáforo","Funciona","Intersección","Bueno","Buena","Diurna","Buen Tiempo","Lateral","S/D","Colisión","Otro","Vertical","Cordón divisorio","Sin restricción"
2014,1399,07/02/2014,"Viernes",0,19:45:00,,"0.0",1,"Moto/Ciclomotor","Beruti Y Gdor Rodolfo Lehman",1,1,0,0,0,0,0,,"Calle",,"SANTA FE","La Capital","Asfalto","No existe","I","S/D","Urbana","Ninguna","No existe","Recta","Bueno","Buena","Atardecer","S/D","Atropello animal","S/D","Colisión","Ninguna","Faltante","Ninguna","Sin restricción"
2014,1400,01/02/2014,"Sabado",0,01:30:00,,"0.0",2,"Moto/Ciclomotor,Pickup/Utilitario","Lamadrid Y Primera Junta",2,1,0,0,1,0,0,,"Calle",,"SANTA FE","La Capital","S/D","S/D","I","S/D","Urbana","S/D","S/D","S/D","S/D","S/D","Nocturna","S/D","S/D","S/D","S/D","S/D","S/D","S/D","S/D"
2014,1401,05/02/2014,"Miercoles",0,10:00:00,,"0.0",2,"Moto/Ciclomotor,Automóvil","Av Peñaloza Y Estanislao Zeballos",2,1,0,0,1,0,0,,"Avenida",,"SANTA FE","La Capital","Hormigón","Pavimento","I","Dentro","Urbana","Semáforo","Funciona","Intersección","Bueno","Buena","Diurna","Buen Tiempo","Lateral","S/D","Colisión","S/D","Vertical","Cordón divisorio","Sin restricción"
2014,1402,13/02/2014,"Jueves",0,21:00:00,,"0.0",2,"Pickup/Utilitario,Moto/Ciclomotor","3 de Febrero Y P Pfeiffer",3,2,0,0,1,0,0,,"Calle",,"RAFAELA","Castellanos","Asfalto","No existe","V","S/D","Urbana","S/D","No existe","Intersección","Bueno","Buena","Nocturna","Buen Tiempo","Frontal","S/D","Colisión","S/D","S/D","S/D","S/D"
2014,1403,12/02/2014,"Miercoles",0,23:00:00,,"0.0",2,"Moto/Ciclomotor,Automóvil","Av Facundo Zuviria Y Domingo Silva",2,1,0,0,1,0,0,,"Avenida",,"SANTA FE","La Capital","Hormigón","No existe","I","Dentro","Urbana","Semáforo","Funciona","Recta","Otro","Buena","Nocturna,Con luz artificial","Buen Tiempo","De alcance","S/D","Colisión","Otro","Vertical","Cordón divisorio","Sin restricción"
2014,1404,24/02/2014,"Lunes",0,,,"0.0",2,"Moto/Ciclomotor,Pickup/Utilitario","Cordoba Y Pres Domingo Faustino Sarmient",2,1,0,0,1,0,0,,"Calle",,"SANTO TOMÉ","La Capital","Asfalto","Pavimento","I","Dentro","Urbana","Semáforo","Funciona","Recta","Bueno","Buena","Nocturna","Buen Tiempo","De alcance","S/D","Colisión","Ninguna","Horizontal","Ninguna","Sin restricción"
2014,1405,01/02/2014,"Sabado",0,15:20:00,,"0.0",2,"Moto/Ciclomotor,Automóvil","Av Freyre Y Moreno",2,1,0,0,1,0,0,,"Avenida",,"SANTA FE","La Capital","S/D","S/D","I","S/D","Urbana","S/D","S/D","S/D","S/D","S/D","Diurna","S/D","S/D","S/D","S/D","S/D","S/D","S/D","S/D"
2014,1406,14/02/2014,"Viernes",0,11:30:00,,"0.0",2,"Moto/Ciclomotor,Pickup/Utilitario","Av A del Valle Y Alberti",2,1,0,0,1,0,0,,"Avenida",,"SANTA FE","La Capital","Asfalto","No existe","I","Dentro","Urbana","Ninguna","No existe","Intersección","Bueno","Buena","Diurna","Buen Tiempo","Lateral","S/D","Colisión","Otro","Faltante","Cordón divisorio","Sin restricción"
2014,1407,02/02/2014,"Domingo",0,08:45:00,"Ruta Nacional 34","246.5",2,"Pickup/Utilitario,Transporte de Pasajeros Larga Distancia (> 8 asientos)"," ",5,4,0,0,1,0,0,,"Ruta",34,"ATALIVA","Castellanos","Asfalto","S/D","V","Dentro","Rural","S/D","S/D","Recta","S/D","S/D","Diurna","S/D","Frontal","S/D","Colisión","S/D","S/D","S/D","S/D"
2014,1408,08/02/2014,"Sabado",0,22:10:00,,"0.0",2,"Moto/Ciclomotor,Moto/Ciclomotor","Av Blas Parera Y Padre Genesio",2,1,0,0,1,0,0,,"Avenida",,"SANTA FE","La Capital","Asfalto","Pavimento","I","Dentro","Urbana","Ninguna","Intermitente","Intersección","Bueno","Buena","Nocturna,Con luz artificial","Buen Tiempo","Lateral","S/D","Colisión","S/D","Horizontal,Vertical","Cordón divisorio","Sin restricción"
2014,1409,14/02/2014,"Viernes",0,20:30:00,,"0.0",2,"Moto/Ciclomotor,Otros","Estanislao Zeballos 3126",2,1,0,0,0,0,1,,"Calle",,"SANTA FE","La Capital","Asfalto","No existe","I","Dentro","Urbana","Ninguna","No existe","Recta","Bueno","Buena","Diurna","Buen Tiempo","De alcance","S/D","Colisión","Otro","Faltante","Cordón divisorio","Sin restricción"
2014,1410,02/02/2014,"Domingo",0,07:00:00,"Ruta Provincial 70","0.0",1,"Automóvil"," ",5,4,0,0,1,0,0,,"Ruta",70,"PRESIDENTE ROCA","Castellanos","Asfalto","S/D","V","Dentro","Rural","S/D","S/D","Recta","Bueno","S/D","Diurna","S/D","S/D","S/D","Vuelco","S/D","S/D","S/D","S/D"
2014,1411,16/02/2014,"Domingo",0,18:05:00,,"0.0",2,"Moto/Ciclomotor,Taxi/Remis","Av Facundo Zuviria Y Domingo Silva",3,2,0,0,1,0,0,,"Avenida",,"SANTA FE","La Capital","Asfalto","S/D","I","Dentro","Urbana","Semáforo","S/D","Recta","Bueno","Buena","Diurna","Buen Tiempo","De alcance","S/D","Colisión","Otro","Vertical","Cordón divisorio","Sin restricción"
2014,1412,02/02/2014,"Domingo",0,03:20:00,,"0.0",2,"Moto/Ciclomotor,Automóvil","Av Urquiza Y Vera",2,1,0,0,1,0,0,,"Avenida",,"SANTA FE","La Capital","S/D","S/D","I","S/D","Urbana","S/D","S/D","S/D","S/D","S/D","Nocturna","S/D","S/D","S/D","S/D","S/D","S/D","S/D","S/D"
2014,1413,15/02/2014,"Sabado",0,22:30:00,,"0.0",2,"Bicicleta,Otros","Avenida Nuestra Señora del Luj Y Sebastian Gaboto",2,1,0,0,1,0,0,"-31.669277777778,-60.766166666667","Avenida",,"SANTO TOMÉ","La Capital","Asfalto","Pavimento","I","S/D","Urbana","Semáforo","Funciona","Recta","Bueno","Buena","Diurna","Buen Tiempo","S/D","S/D","Atropello","Ninguna","Horizontal","Línea divisoria pintada","Sin restricción"
2014,1414,17/02/2014,"Lunes",0,20:26:00,,"0.0",2,"Pickup/Utilitario,Pickup/Utilitario","1ro de Mayo Y Hernandarias",3,2,0,0,1,0,0,,"Calle",,"SANTA FE","La Capital","Asfalto","No existe","I","Dentro","Urbana","Ninguna","No existe","Intersección","Bueno","Buena","Atardecer,Con luz artificial","Otro","Lateral","S/D","Colisión","Otro","Faltante","Cordón divisorio","Sin restricción"
2014,1415,14/02/2014,"Viernes",0,14:30:00,,"0.0",2,"Moto/Ciclomotor,Automóvil","Salta Y Juan Diaz de Solis",2,1,0,0,1,0,0,,"Calle",,"SANTA FE","La Capital","S/D","S/D","I","S/D","Urbana","S/D","S/D","S/D","S/D","S/D","Diurna","S/D","S/D","S/D","S/D","S/D","S/D","S/D","S/D"
2014,1416,08/02/2014,"Sabado",0,02:00:00,,"0.0",2,"Automóvil,Moto/Ciclomotor","Av Blas Parera Y Larrea",3,2,0,0,1,0,0,,"Avenida",,"SANTA FE","La Capital","Hormigón","Pavimento","I","Dentro","Urbana","Ninguna","Intermitente","Intersección","Bueno","Buena","Nocturna,Con luz artificial","Buen Tiempo","Lateral","S/D","Colisión","S/D","Horizontal,Vertical","Cordón divisorio","Sin restricción"
2014,1417,14/02/2014,"Viernes",0,05:40:00,,"0.0",2,"Moto/Ciclomotor,Automóvil","Av Urquiza Y Gdor Crespo",2,1,0,0,1,0,0,,"Avenida",,"SANTA FE","La Capital","S/D","S/D","I","S/D","Urbana","S/D","S/D","S/D","S/D","S/D","Nocturna","S/D","S/D","S/D","S/D","S/D","S/D","S/D","S/D"
2014,1418,03/02/2014,"Lunes",0,22:00:00,,"0.0",2,"Moto/Ciclomotor,Automóvil","Bv G L Lhemann Y A Alvarez",2,1,0,0,1,0,0,,"Avenida",,"RAFAELA","Castellanos","Asfalto","S/D","V","S/D","Urbana","S/D","S/D","Intersección","Bueno","Buena","Nocturna,Con luz artificial","S/D","S/D","S/D","Colisión","S/D","S/D","S/D","S/D"
2014,1419,11/02/2014,"Martes",0,07:20:00,,"0.0",1,"Moto/Ciclomotor","Av Blas Parera Y Vieytes",1,1,0,0,0,0,0,,"Avenida",,"SANTA FE","La Capital","Hormigón","Pavimento","I","Dentro","Urbana","Semáforo","Funciona","Intersección","Bueno,Resbaladiza","Buena","Diurna","Buen Tiempo","S/D","S/D","Caída ocupante","Material Suelto","Vertical","Cordón divisorio","Sin restricción"
2014,1420,13/02/2014,"Jueves",0,21:35:00,,"0.0",2,"Moto/Ciclomotor,Pickup/Utilitario","Jose De San Martin Y Sabroso Hilario",2,1,0,0,1,0,0,,"Calle",,"SANTO TOMÉ","La Capital","Asfalto","Pavimento","I","S/D","Urbana","Ninguna","No existe","Intersección","Bueno","Buena","Diurna","Buen Tiempo","S/D","S/D","Colisión","Ninguna","Faltante","Ninguna","Sin restricción"
2014,1421,13/02/2014,"Jueves",0,20:30:00,,"0.0",2,"Moto/Ciclomotor,Pickup/Utilitario","Saavedra Y Hipolito Yrigoyen",2,1,0,0,1,0,0,,"Calle",,"SANTA FE","La Capital","S/D","S/D","I","S/D","Urbana","S/D","S/D","S/D","S/D","S/D","Nocturna","S/D","S/D","S/D","S/D","S/D","S/D","S/D","S/D"
2014,1422,11/02/2014,"Martes",0,23:00:00,,"0.0",2,"Peatón,Automóvil","Av Blas Parera Y Espora",2,1,0,0,0,0,1,"-31.597472222222,-60.722388888889","Avenida",,"SANTA FE","La Capital","Hormigón","Pavimento","I","Dentro","Urbana","Ninguna","No existe","Intersección","Bueno","S/D","Nocturna,Con luz artificial","Buen Tiempo","S/D","S/D","Atropello","S/D","Horizontal,Vertical","Cordón divisorio","Sin restricción"
2014,1423,03/02/2014,"Lunes",0,18:50:00,,"0.0",2,"Pickup/Utilitario,Automóvil","Gobernador Crespo Y C Bolliger",3,2,0,0,1,0,0,,"Calle",,"RAFAELA","Castellanos","Asfalto","S/D","V","S/D","Urbana","S/D","S/D","Intersección","Bueno","Buena","Atardecer","S/D","S/D","S/D","Colisión","S/D","S/D","S/D","S/D"
2014,1424,18/02/2014,"Martes",0,13:30:00,,"0.0",2,"Moto/Ciclomotor,Automóvil","Av Facundo Zuviria Y Vieytes",2,1,0,0,1,0,0,,"Avenida",,"SANTA FE","La Capital","Asfalto","S/D","I","Dentro","Urbana","Ninguna","S/D","Intersección","Bueno","Buena","Diurna","Buen Tiempo","De alcance","S/D","Caída ocupante,Colisión","Otro","Faltante","Cordón divisorio","Sin restricción"
2014,1425,12/02/2014,"Miercoles",0,10:35:00,,"0.0",2,"Automóvil,Automóvil","Sebastian Gaboto Y Avenida Nuestra Señora del Luj",2,1,0,0,1,0,0,,"Avenida",,"SANTO TOMÉ","La Capital","Asfalto","Pavimento","I","S/D","Urbana","Semáforo","Funciona","Intersección","Bueno","Reducida","Diurna","Lluvia","Otro","S/D","Colisión","Agua","Horizontal,Vertical","Ninguna","Sin restricción"
2014,1426,10/02/2014,"Lunes",0,16:20:00,,"0.0",2,"Moto/Ciclomotor,Automóvil","Cordoba Y Pellegrini",2,1,0,0,1,0,0,,"Calle",,"OLIVEROS","Iriondo","Asfalto","No existe","X","Dentro","Urbana","Ninguna","No existe","Intersección","Bueno","Buena","Diurna","Buen Tiempo","Lateral","S/D","Colisión","S/D","Faltante","Ninguna","Sin restricción"
2014,1427,18/02/2014,"Martes",0,20:00:00,,"0.0",2,"Moto/Ciclomotor,Pickup/Utilitario","Iturraspe Y 4 de Enero",2,1,0,0,1,0,0,,"Calle",,"SANTA FE","La Capital","Asfalto","No existe","I","Dentro","Urbana","Ninguna","No existe","Intersección","Bueno","Buena","Nocturna","Lluvia","Lateral","S/D","Colisión","Otro","Faltante","S/D","Sin restricción"
2014,1428,12/02/2014,"Miercoles",0,19:10:00,,"0.0",2,"Moto/Ciclomotor,Automóvil","Gdor Freyre Y Hipolito Yrigoyen",2,1,0,0,1,0,0,,"S/D",,"SANTA FE","La Capital","S/D","S/D","I","S/D","S/D","S/D","S/D","S/D","S/D","S/D","Diurna","S/D","S/D","S/D","S/D","S/D","S/D","S/D","S/D"
2014,1429,17/02/2014,"Lunes",0,10:00:00,,"0.0",2,"Pickup/Utilitario,Peatón","Sebastian Gaboto Y Boneo",2,1,0,0,0,0,1,"-31.59975,-60.716222222222","Calle",,"SANTA FE","La Capital","Asfalto","Natural","I","Dentro","Urbana","Ninguna","No existe","Intersección","Con baches","Buena","Diurna","Buen Tiempo","S/D","S/D","Atropello","S/D","Faltante","Ninguna","Sin restricción"
2014,1430,11/02/2014,"Martes",0,21:10:00,,"0.0",1,"Moto/Ciclomotor","Jose De San Martin ",1,1,0,0,0,0,0,,"Calle",,"SANTO TOMÉ","La Capital","Ripio","No existe","I","S/D","Urbana","S/D","No existe","Recta","Bueno","Buena","Nocturna","Buen Tiempo","S/D","S/D","S/D","Ninguna","Faltante","S/D","S/D"
2014,1431,11/02/2014,"Martes",0,19:30:00,"Autopista Provincial Brigadier E.López","0.0",1,"Automóvil"," ",2,1,0,0,1,0,0,,"Autopista","Brigadier E.López","OLIVEROS","Iriondo","Asfalto","Pavimento","X","Dentro","Rural","Ninguna","No existe","Recta","Bueno","Buena","Diurna","Buen Tiempo","S/D","S/D","Vuelco","S/D","Horizontal,Vertical","Vegetación","Sin restricción"
2014,1432,19/02/2014,"Miercoles",0,14:20:00,,"0.0",2,"Moto/Ciclomotor,Taxi/Remis","Av Facundo Zuviria Y Domingo Silva",3,2,0,0,1,0,0,,"Avenida",,"SANTA FE","La Capital","Asfalto","No existe","I","Dentro","Urbana","Semáforo","Funciona","Intersección","Bueno","Buena","Diurna","Buen Tiempo","De alcance","S/D","Colisión","Otro","Vertical","Cordón divisorio","Sin restricción"
2014,1433,17/02/2014,"Lunes",0,19:00:00,,"0.0",2,"Moto/Ciclomotor,Transporte de Pasajeros Urbano (> 8 asientos)","Vera Y San Juan",3,2,0,0,1,0,0,,"Calle",,"SANTA FE","La Capital","S/D","S/D","I","S/D","Urbana","S/D","S/D","S/D","S/D","S/D","Diurna","S/D","S/D","S/D","S/D","S/D","S/D","S/D","S/D"
2014,1434,18/02/2014,"Martes",0,22:20:00,,"0.0",2,"Automóvil,Moto/Ciclomotor","Av Blas Parera Y Vieytes",3,2,0,0,1,0,0,,"Avenida",,"SANTA FE","La Capital","Hormigón","Pavimento","I","Dentro","Urbana","Ninguna","Intermitente","Intersección","Bueno","Buena","Nocturna,Con luz artificial","Buen Tiempo","Lateral","S/D","Colisión","S/D","Horizontal,Vertical","Cordón divisorio","Sin restricción"
2014,1435,02/02/2014,"Domingo",0,16:30:00,,"0.0",2,"Peatón,Otros","Jose De San Martin ",3,2,0,0,0,0,1,"-31.66425,-60.762583333333","S/D",,"SANTO TOMÉ","La Capital","S/D","S/D","I","S/D","Urbana","S/D","S/D","Otro","S/D","S/D","S/D","S/D","S/D","S/D","Atropello","S/D","S/D","S/D","S/D"
2014,1436,08/02/2014,"Sabado",0,15:50:00,"Ruta Nacional 11","0.0",2,"Moto/Ciclomotor,Automóvil","JUJUY ",4,0,1,0,3,0,0,,"Ruta",11,"OLIVEROS","Iriondo","Asfalto","Natural","X","Dentro","Urbana","Ninguna","No existe","Recta","Bueno","Buena","Diurna","Buen Tiempo","Lateral","S/D","Colisión","S/D","Horizontal","Línea divisoria pintada","Sin restricción"
2014,1437,19/02/2014,"Miercoles",0,20:30:00,,"0.0",2,"Moto/Ciclomotor,Automóvil","9 de Julio Y Pedro Centeno",2,1,0,0,1,0,0,,"Calle",,"SANTA FE","La Capital","Asfalto","No existe","I","Dentro","Urbana","Ninguna","No existe","Intersección","Bueno","Buena","Atardecer,Con luz artificial","Lluvia","Lateral","S/D","Colisión","Otro","Faltante","Cordón divisorio","Sin restricción"
2014,1438,14/02/2014,"Viernes",0,16:30:00,,"0.0",2,"Moto/Ciclomotor,Transporte de Pasajeros Urbano (> 8 asientos)","Salta Y Av Urquiza",2,1,0,0,1,0,0,,"Avenida",,"SANTA FE","La Capital","S/D","S/D","I","S/D","Urbana","S/D","S/D","S/D","S/D","S/D","Diurna","S/D","S/D","S/D","S/D","S/D","S/D","S/D","S/D"
2014,1439,26/02/2014,"Miercoles",0,19:30:00,,"0.0",2,"Peatón,Otros","Av 7 de marzo Y Avenida General Bartolome Mitr",2,1,0,0,0,0,1,"-31.66775,-60.753583333333","Avenida",,"SANTO TOMÉ","La Capital","Asfalto","Pavimento","I","S/D","Urbana","S/D","No existe","Recta","Bueno","S/D","Atardecer","S/D","S/D","S/D","Atropello","Ninguna","Horizontal","S/D","S/D"
2014,1440,14/02/2014,"Viernes",0,16:30:00,,"0.0",2,"Bicicleta,Otros"," ",2,1,0,0,0,0,1,"-31.666583333333,-60.764","S/D",,"SANTO TOMÉ","La Capital","Asfalto","Pavimento","I","S/D","Urbana","S/D","No existe","Recta","Bueno","S/D","S/D","S/D","S/D","S/D","Atropello","Ninguna","Horizontal","S/D","S/D"
2014,1441,19/02/2014,"Miercoles",0,22:00:00,,"0.0",2,"Moto/Ciclomotor,Automóvil","Av A del Valle Y Iturraspe",2,1,0,0,1,0,0,,"Avenida",,"SANTA FE","La Capital","Asfalto","No existe","I","Dentro","Urbana","Ninguna","No existe","Intersección","Otro","Buena","Nocturna,Con luz artificial","Lluvia","Lateral","S/D","Colisión","Agua","Faltante","Cordón divisorio","Sin restricción"
2014,1442,15/02/2014,"Sabado",0,19:30:00,,"0.0",2,"Moto/Ciclomotor,Automóvil","Francia Y Primera Junta",2,1,0,0,1,0,0,,"Calle",,"SANTA FE","La Capital","S/D","S/D","I","S/D","Urbana","S/D","S/D","S/D","S/D","S/D","Diurna","S/D","S/D","S/D","S/D","S/D","S/D","S/D","S/D"
2014,1443,01/02/2014,"Sabado",0,04:45:00,,"0.0",1,"Moto/Ciclomotor","Boulevard Centenario 647",1,1,0,0,0,0,0,,"Calle",,"CAÑADA DE GÓMEZ","Iriondo","Asfalto","No existe","X","Dentro","Urbana","Ninguna","No existe","Recta","Bueno","Buena","Nocturna,Con luz artificial","Buen Tiempo","Contra objeto fijo","S/D","Colisión","S/D","Faltante","Ninguna","Sin restricción"
2014,1444,14/02/2014,"Viernes",0,19:10:00,"Ruta Nacional 19","0.0",1,"Moto/Ciclomotor"," ",1,1,0,0,0,0,0,,"Ruta",19,"SANTO TOMÉ","La Capital","Asfalto","Pavimento","I","S/D","Rural","S/D","No existe","Recta","Bueno","Buena","Nocturna","Buen Tiempo","S/D","S/D","Caída ocupante","Ninguna","S/D","S/D","Sin restricción"
2014,1445,20/02/2014,"Jueves",0,13:30:00,,"0.0",2,"Moto/Ciclomotor,Automóvil","Av A del Valle Y Luciano Torrent",3,2,0,0,1,0,0,,"Avenida",,"SANTA FE","La Capital","Asfalto","No existe","I","Dentro","Urbana","Ninguna","No existe","Intersección","Bueno","Buena","Diurna","Lluvia","Lateral","S/D","Colisión","Otro","Faltante","Cordón divisorio","Sin restricción"
2014,1446,24/02/2014,"Lunes",0,16:45:00,,"0.0",2,"Bicicleta,Moto/Ciclomotor","Mitre Y Nicolas Avellaneda",3,3,0,0,0,0,0,,"Calle",,"CAÑADA DE GÓMEZ","Iriondo","Asfalto","No existe","X","Dentro","Urbana","Ninguna","No existe","Recta","Con baches,Deteriorada,Ahuellamiento","Buena","Diurna","Buen Tiempo","S/D","S/D","Atropello","S/D","Faltante","Ninguna","Sin restricción"
2014,1447,11/02/2014,"Martes",0,19:00:00,,"0.0",2,"Moto/Ciclomotor,Automóvil","Av 7 de marzo Y Avenida Nuestra Señora del Luj",2,0,1,0,0,0,1,,"Avenida",,"SANTO TOMÉ","La Capital","Asfalto","Pavimento","I","S/D","Urbana","Semáforo","Funciona","Curva","Bueno","Buena","Atardecer","Buen Tiempo","Lateral","S/D","Colisión","Ninguna","S/D","S/D","S/D"
2014,1448,26/02/2014,"Miercoles",0,17:30:00,,"0.0",2,"Moto/Ciclomotor,Pickup/Utilitario"," ",3,2,0,0,0,0,1,,"Calle",,"SANTO TOMÉ","La Capital","Asfalto","Pavimento","I","S/D","Urbana","S/D","No existe","Recta","Bueno","Buena","Nocturna","Buen Tiempo","De alcance","S/D","Colisión","S/D","S/D","S/D","S/D"
2014,1449,21/02/2014,"Viernes",0,19:10:00,,"0.0",2,"Moto/Ciclomotor,Automóvil","Av Facundo Zuviria Y Pedro Diaz Colodrero",3,2,0,0,1,0,0,,"Avenida",,"SANTA FE","La Capital","Asfalto","No existe","I","Dentro","Urbana","Semáforo","Funciona","Intersección","Bueno","Buena","Diurna","Lluvia","Lateral","S/D","Colisión","Agua","Vertical","Cordón divisorio","Sin restricción"
2014,1450,27/02/2014,"Jueves",0,12:05:00,,"0.0",1,"Moto/Ciclomotor","Sarmiento Y Nicolas Avellaneda",2,2,0,0,0,0,0,,"Calle",,"CAÑADA DE GÓMEZ","Iriondo","Asfalto","No existe","X","Dentro","Urbana","Ninguna","No existe","Recta","Bueno","Buena","Diurna","Buen Tiempo","S/D","S/D","Caída ocupante","S/D","Faltante","S/D","Sin restricción"
2014,1451,19/02/2014,"Miercoles",0,20:30:00,,"0.0",1,"Transporte de Pasajeros Urbano (> 8 asientos)","Av Blas Parera Y J Castelli",2,1,0,0,1,0,0,,"Avenida",,"SANTA FE","La Capital","Hormigón","Pavimento","I","Dentro","Urbana","Semáforo","Funciona","Intersección","Bueno","Buena","Nocturna,Con luz artificial","Buen Tiempo","S/D","S/D","Caída ocupante","S/D","Horizontal,Vertical","Cordón divisorio","Sin restricción"
2014,1452,27/02/2014,"Jueves",0,13:00:00,,"0.0",2,"Moto/Ciclomotor,Pickup/Utilitario","Alvear Y Buenos Aires",3,2,0,0,1,0,0,,"Calle",,"SANTO TOMÉ","La Capital","Hormigón","Pavimento","I","Fuera","Urbana","Ninguna","No existe","Intersección","Bueno","Buena","Diurna","Buen Tiempo","Lateral","S/D","Colisión","Ninguna","Faltante","Ninguna","Sin restricción"
2014,1453,08/02/2014,"Sabado",0,09:20:00,,"0.0",2,"Moto/Ciclomotor,Automóvil"," ",2,1,0,0,1,0,0,,"Calle",,"SANTA FE","La Capital","Asfalto","Pavimento","I","Dentro","Urbana","Ninguna","No existe","Intersección","Bueno","Buena","Diurna","Buen Tiempo","De alcance","S/D","Colisión","S/D","Faltante","Cordón divisorio","Sin restricción"