"anio_acci","nro_acci","fecha","desc_dia","fecha_aprox","hora_aprox","desc_ruta","km","cant_participantes","desc_participante","calle_avenida_km","total","heridos_leves","heridos_graves","heridos_gravisimos","ilesos","fallecidos","sin_datos","posicion_XY","desc_tipo_via","desc_ruta_ori","desc_loc","desc_dpto","desc_tipo_calzada","desc_tipo_banquina","desc_unidad_regional","desc_lugar_calzada","desc_zona","desc_prioridad","desc_estado_semaforo","desc_lugar_via","desc_estado_via","desc_estado_visibilidad","desc_luminosidad","desc_estado_clima","desc_tipo_colision","desc_tipo_atropello","desc_tipo_hecho","desc_pres_calzada","desc_senializacion","desc_separacion_via","desc_restriccion"
2014,1454,07/02/2014,"Viernes",0,07:30:00,"Ruta Provincial 1","6.5",2,"Moto/Ciclomotor,Moto/Ciclomotor","Gregorio Gamboa ",3,3,0,0,0,0,0,,"Ruta",1,"SAN JOSÉ DEL RINCÓN","La Capital","Asfalto","Natural","I","Dentro","Urbana","Ninguna","No existe","Intersección","Bueno","Buena","Diurna","Buen Tiempo","Lateral","S/D","Colisión","Ninguna","Faltante","Línea divisoria pintada","Sin restricción"
2014,1455,20/02/2014,"Jueves",0,11:50:00,,"0.0",2,"Automóvil,Moto/Ciclomotor","Gorriti 4183",2,1,0,0,1,0,0,,"Calle",,"SANTA FE","La Capital","Hormigón","Pavimento","I","Dentro","Urbana","Ninguna","No existe","Intersección","Bueno","Buena","Diurna","Buen Tiempo","De alcance","S/D","Colisión","S/D","Faltante","Cordón divisorio","Sin restricción"
2014,1456,19/02/2014,"Miercoles",0,16:35:00,,"0.0",1,"Moto/Ciclomotor","Av Blas Parera 10300",2,1,0,0,0,0,1,,"Avenida",,"SANTA FE","La Capital","Asfalto","S/D","I","S/D","Urbana","Semáforo","Funciona","Curva","Bueno","Buena","Diurna","Otro","S/D","S/D","S/D","S/D","Horizontal,Vertical","Cordón divisorio","S/D"
2014,1457,21/02/2014,"Viernes",0,19:00:00,,"0.0",1,"Moto/Ciclomotor","Av Blas Parera Y Vieytes",3,2,0,0,1,0,0,,"Avenida",,"SANTA FE","La Capital","Hormigón","Pavimento","I","Dentro","Urbana","Semáforo","Funciona","Intersección","Bueno","Buena","Atardecer","Buen Tiempo","Lateral","S/D","Colisión","S/D","S/D","Cordón divisorio","Sin restricción"
2014,1458,20/02/2014,"Jueves",0,19:00:00,,"0.0",2,"Automóvil,Moto/Ciclomotor","Saavedra Y Lavaisse",3,0,0,0,0,0,3,,"Calle",,"SANTA FE","La Capital","S/D","S/D","I","S/D","S/D","S/D","S/D","Intersección","S/D","S/D","Atardecer","S/D","S/D","S/D","S/D","S/D","S/D","S/D","S/D"
2014,1459,22/02/2014,"Sabado",0,07:00:00,,"0.0",2,"Automóvil,Automóvil","Ayacucho Y Gdor Rodolfo Lehman",2,2,0,0,0,0,0,,"Calle",,"SANTA FE","La Capital","Asfalto,Ripio","Natural","I","Dentro","Urbana","Ninguna","No existe","Intersección","Deteriorada","Buena","Diurna","Buen Tiempo","Lateral","S/D","Colisión","Material Suelto","Faltante","Ninguna","Sin restricción"
2014,1460,02/02/2014,"Domingo",0,11:00:00,,"0.0",2,"Moto/Ciclomotor,Automóvil","Diag Pedro de Mendoza Y Saavedra",2,0,0,0,0,0,2,,"Calle",,"SANTA FE","La Capital","S/D","S/D","I","S/D","S/D","S/D","S/D","S/D","S/D","S/D","Diurna","S/D","S/D","S/D","S/D","S/D","S/D","S/D","S/D"
2014,1461,16/02/2014,"Domingo",0,12:15:00,,"0.0",2,"Otros,Automóvil","Alvear Y G Lopez",2,1,0,0,1,0,0,,"Calle",,"VILLA GOBERNADOR GÁLVEZ","Rosario","Asfalto","No existe","II","Dentro","Urbana","Ninguna","No existe","Recta","Bueno","Buena","Diurna","Buen Tiempo","De alcance","S/D","Colisión","S/D","Faltante","Ninguna","Sin restricción"
2014,1462,15/02/2014,"Sabado",0,17:45:00,,"0.0",2,"Otros,Otros","Av Juan Domingo Peron Y I A Edison",2,1,0,0,0,0,1,,"Avenida",,"VILLA GOBERNADOR GÁLVEZ","Rosario","Asfalto","No existe","II","Dentro","Urbana","Ninguna","No existe","Intersección","Bueno","Buena","Diurna","Buen Tiempo","De alcance","S/D","Colisión","S/D","Faltante","Ninguna","Sin restricción"
2014,1463,19/02/2014,"Miercoles",0,08:30:00,,"0.0",2,"Moto/Ciclomotor,Automóvil","Azopardo Y Millan Medina",2,1,0,0,0,0,1,,"Calle",,"SANTA FE","La Capital","Asfalto","No existe","I","S/D","Urbana","Ninguna","No existe","Cruce","Deteriorada","Buena","Diurna","Buen Tiempo","Lateral","S/D","Colisión","Otro","Faltante","Ninguna","Sin restricción"
2014,1464,23/02/2014,"Domingo",0,16:30:00,,"0.0",2,"Moto/Ciclomotor,Peatón","Alvear Y Independencia",3,1,0,0,2,0,0,,"Calle",,"SAN JAVIER","San Javier","Tierra","No existe","XIV","Dentro","Urbana","Ninguna","No existe","Intersección","Ahuellamiento","Buena","Diurna","Buen Tiempo","S/D","S/D","Atropello","S/D","Faltante","Ninguna","Sin restricción"
2014,1465,20/02/2014,"Jueves",0,13:00:00,,"0.0",2,"Moto/Ciclomotor,Moto/Ciclomotor","Almte. Brown Y Laprida",2,1,1,0,0,0,0,,"Calle",,"CAÑADA DE GÓMEZ","Iriondo","Asfalto","No existe","X","Dentro","Urbana","Ninguna","No existe","Intersección","Deteriorada","Buena","Diurna","Buen Tiempo","Frontal","S/D","Colisión","S/D","Faltante","Ninguna","Sin restricción"
2014,1466,20/02/2014,"Jueves",0,10:30:00,,"0.0",1,"Moto/Ciclomotor","Reg 12 de Infanteria Y Estrada",2,1,0,0,0,0,1,,"Calle",,"SANTA FE","La Capital","Asfalto","No existe","I","S/D","Urbana","Ninguna","No existe","Cruce","Deteriorada","Buena","Diurna","Buen Tiempo","Lateral","S/D","Colisión","Otro","Faltante","Ninguna","Sin restricción"
2014,1467,06/02/2014,"Jueves",0,07:30:00,,"0.0",2,"Automóvil,Moto/Ciclomotor","9 de Julio Y Presidente Roca",3,0,0,0,0,0,3,,"Calle",,"SANTA FE","La Capital","S/D","S/D","I","S/D","S/D","S/D","S/D","S/D","S/D","S/D","S/D","S/D","S/D","S/D","S/D","S/D","S/D","S/D","S/D"
2014,1468,17/02/2014,"Lunes",0,12:00:00,,"0.0",2,"Moto/Ciclomotor,Automóvil","Av Freyre Y Junin",2,1,0,0,1,0,0,,"Avenida",,"SANTA FE","La Capital","S/D","S/D","I","S/D","Urbana","S/D","S/D","S/D","S/D","S/D","Diurna","S/D","S/D","S/D","S/D","S/D","S/D","S/D","S/D"
2014,1469,08/02/2014,"Sabado",0,12:30:00,,"0.0",2,"Moto/Ciclomotor,Automóvil","Av Freyre Y Junin",2,1,0,0,1,0,0,,"Avenida",,"SANTA FE","La Capital","S/D","S/D","I","S/D","Urbana","S/D","S/D","S/D","S/D","S/D","S/D","S/D","S/D","S/D","S/D","S/D","S/D","S/D","S/D"
2014,1470,20/02/2014,"Jueves",0,22:30:00,,"0.0",2,"Moto/Ciclomotor,Automóvil","12 de Octubre Y Chaco",2,1,0,0,1,0,0,,"Avenida",,"SANTA FE","La Capital","Hormigón","S/D","I","Dentro","Urbana","Otra Señal","S/D","Intersección","Bueno","S/D","Nocturna","Buen Tiempo","Lateral","S/D","Colisión","S/D","Vertical","Cordón divisorio","Sin restricción"
2014,1471,06/02/2014,"Jueves",0,15:00:00,,"0.0",2,"Moto/Ciclomotor,Bicicleta","Av Peñaloza Y Vieytes",2,0,0,0,0,0,2,"-31.59875,-60.712277777778","Avenida",,"SANTA FE","La Capital","S/D","S/D","I","S/D","S/D","S/D","S/D","S/D","S/D","S/D","S/D","S/D","S/D","S/D","Atropello","S/D","S/D","S/D","S/D"
2014,1472,07/02/2014,"Viernes",0,18:45:00,,"0.0",2,"Pickup/Utilitario,Moto/Ciclomotor","Francia Y Primera Junta",2,1,0,0,1,0,0,,"Calle",,"SANTA FE","La Capital","S/D","S/D","I","S/D","Urbana","S/D","S/D","S/D","S/D","S/D","Diurna","S/D","S/D","S/D","S/D","S/D","S/D","S/D","S/D"
2014,1473,18/02/2014,"Martes",0,15:00:00,,"0.0",2,"Moto/Ciclomotor,Moto/Ciclomotor","Av Gral Lopez Y 12 de Octubre",2,2,0,0,0,0,0,,"Avenida",,"SANTA FE","La Capital","Hormigón","No existe","I","Dentro","Urbana","Semáforo","No funciona","Intersección","Bueno","Buena","Diurna","Buen Tiempo","Lateral","S/D","Colisión","S/D","Vertical","Cordón divisorio","Sin restricción"
2014,1474,22/02/2014,"Sabado",0,07:05:00,,"0.0",2,"Moto/Ciclomotor,Automóvil","San Martin Y 7 de Octubre",2,0,1,0,1,0,0,,"Calle",,"CAÑADA DE GÓMEZ","Iriondo","Asfalto","No existe","X","Dentro","Urbana","Ninguna","No existe","Intersección","Bueno","Buena","Diurna","Buen Tiempo","Frontal","S/D","Colisión","S/D","Faltante","Ninguna","Sin restricción"
2014,1475,12/02/2014,"Miercoles",0,15:15:00,,"0.0",2,"Moto/Ciclomotor,Automóvil","Santiago del Estero Y Francia",3,3,0,0,0,0,0,,"Calle",,"SANTA FE","La Capital","S/D","S/D","I","S/D","Urbana","S/D","S/D","S/D","S/D","S/D","Diurna","S/D","S/D","S/D","S/D","S/D","S/D","S/D","S/D"
2014,1476,11/02/2014,"Martes",0,09:10:00,,"0.0",1,"Otros","Av 7 de marzo Y Falucho",1,0,0,0,0,0,1,,"Avenida",,"SANTO TOMÉ","La Capital","Asfalto","Pavimento","I","S/D","Urbana","S/D","No existe","Recta","Bueno","S/D","Nocturna","Buen Tiempo","S/D","S/D","S/D","Ninguna","S/D","S/D","S/D"
2014,1477,18/02/2014,"Martes",0,11:00:00,,"0.0",2,"Moto/Ciclomotor,Pickup/Utilitario","Lamadrid Y Primera Junta",4,3,0,0,1,0,0,,"S/D",,"SANTA FE","La Capital","S/D","S/D","I","S/D","Urbana","S/D","S/D","S/D","S/D","S/D","Diurna","S/D","S/D","S/D","S/D","S/D","S/D","S/D","S/D"
2014,1478,23/02/2014,"Domingo",0,18:20:00,,"0.0",1,"Automóvil","BV MARCONI ",1,1,0,0,0,0,0,,"Calle",,"CAÑADA DE GÓMEZ","Iriondo","Asfalto","Pavimento","X","Dentro","Urbana","Ninguna","No existe","Curva","Bueno","Buena","Diurna","Buen Tiempo","Contra objeto fijo","S/D","Colisión","S/D","Faltante","Cordón divisorio","Sin restricción"
2014,1479,08/02/2014,"Sabado",0,13:55:00,,"0.0",2,"Moto/Ciclomotor,Automóvil","Formosa 7400",2,1,0,0,0,0,1,,"Calle",,"SANTA FE","La Capital","Ripio","No existe","I","Dentro","Urbana","Otra Señal","No existe","Intersección","Deteriorada","Buena","Diurna","Buen Tiempo","Lateral","S/D","Colisión","S/D","Vertical","Ninguna","Sin restricción"
2014,1480,18/02/2014,"Martes",0,12:50:00,,"0.0",2,"Moto/Ciclomotor,Moto/Ciclomotor","Av Lopez y Planes Y Mariano Comas",2,2,0,0,0,0,0,,"Avenida",,"SANTA FE","La Capital","S/D","S/D","I","S/D","Urbana","S/D","S/D","S/D","S/D","S/D","Diurna","S/D","S/D","S/D","S/D","S/D","S/D","S/D","S/D"
2014,1481,22/02/2014,"Sabado",0,20:20:00,,"0.0",2,"Automóvil,Moto/Ciclomotor"," ",2,1,0,0,1,0,0,,"S/D",,"ALTO VERDE","La Capital","Asfalto","No existe","I","S/D","Urbana","Ninguna","No existe","Recta","Con baches","Reducida","Diurna","Buen Tiempo","Lateral","S/D","Colisión","Otro","Faltante","Ninguna","Sin restricción"
2014,1482,06/02/2014,"Jueves",0,02:00:00,,"0.0",1,"Moto/Ciclomotor","12 de Octubre Y Chaco",1,1,0,0,0,0,0,,"Calle",,"SANTA FE","La Capital","Hormigón","No existe","I","Dentro","Urbana","Otra Señal","No existe","Intersección","Bueno","Buena","Nocturna","Buen Tiempo","Contra objeto fijo","S/D","Caída ocupante","S/D","Vertical","Barrera de hormigón","Sin restricción"
2014,1483,03/03/2014,"Lunes",0,14:00:00,,"0.0",2,"Automóvil,Moto/Ciclomotor","J M Zuviria Y Gorriti",2,1,0,0,0,0,1,,"Calle",,"SANTA FE","La Capital","Asfalto","Pavimento","I","Dentro","Urbana","Ninguna","Funciona","Intersección","Bueno","Buena","Diurna","Buen Tiempo","Lateral","S/D","Colisión","S/D","S/D","S/D","Sin restricción"
2014,1484,27/02/2014,"Jueves",0,11:45:00,,"0.0",2,"Taxi/Remis,Automóvil","Ocampo 447",2,1,0,0,1,0,0,,"Calle",,"CAÑADA DE GÓMEZ","Iriondo","Asfalto","No existe","X","Dentro","Urbana","Ninguna","No existe","Recta","Bueno","Buena","Diurna","Buen Tiempo","Frontal","S/D","Colisión","S/D","Faltante","Ninguna","Sin restricción"
2014,1485,19/02/2014,"Miercoles",0,13:20:00,,"0.0",2,"Automóvil,Pickup/Utilitario","Av Lopez y Planes Y Mariano Comas",2,1,0,0,1,0,0,,"Avenida",,"SANTA FE","La Capital","S/D","S/D","I","S/D","Urbana","S/D","S/D","S/D","S/D","S/D","Diurna","S/D","S/D","S/D","S/D","S/D","S/D","S/D","S/D"
2014,1486,15/02/2014,"Sabado",0,18:00:00,"Ruta Provincial 5","0.0",3,"Automóvil,Automóvil,Tractor","RUTA PROVINCIAL 5 Y RTA 2 ",6,3,0,0,3,0,0,,"Ruta",5,"MONTE VERA","La Capital","Hormigón","S/D","I","Dentro","Rural","S/D","No existe","Recta","Bueno","Buena","Atardecer","Buen Tiempo","Múltiple","S/D","Colisión","Ninguna","S/D","Ninguna","Sin restricción"
2014,1487,17/02/2014,"Lunes",0,20:00:00,,"0.0",2,"Moto/Ciclomotor,Automóvil"," ",2,1,0,0,1,0,0,,"Calle",,"ALTO VERDE","La Capital","Asfalto","No existe","I","S/D","Urbana","Ninguna","No existe","Curva","Con baches","Reducida","Nocturna","Buen Tiempo","Frontal","S/D","Colisión","Otro","Faltante","Ninguna","Sin restricción"
2014,1488,07/03/2014,"Viernes",0,18:00:00,,"0.0",2,"Automóvil,Moto/Ciclomotor","San Martin Y Estanislao Zeballos",2,1,0,0,0,0,1,,"Calle",,"SANTA FE","La Capital","Asfalto","Pavimento","I","Dentro","Urbana","Ninguna","No existe","Intersección","Bueno","Buena","Diurna","Buen Tiempo","Lateral","S/D","Colisión","S/D","Faltante","S/D","S/D"
2014,1489,27/02/2014,"Jueves",0,22:00:00,,"0.0",2,"Moto/Ciclomotor,Pickup/Utilitario"," ",2,1,0,0,1,0,0,,"Avenida",,"ANGEL GALLARDO","La Capital","Hormigón","Natural","I","Dentro","Rural","Ninguna","No existe","Intersección","Bueno","Buena","Nocturna,Con luz artificial","Buen Tiempo","Lateral","S/D","Colisión","Ninguna","S/D","Cordón divisorio","Sin restricción"
2014,1490,25/02/2014,"Martes",0,23:50:00,,"0.0",2,"Moto/Ciclomotor,Automóvil","Bv Pellegrini Y Francia",2,1,0,0,1,0,0,,"S/D",,"SANTA FE","La Capital","S/D","S/D","I","S/D","Urbana","S/D","S/D","S/D","S/D","S/D","Nocturna","S/D","S/D","S/D","S/D","S/D","S/D","S/D","S/D"
2014,1491,13/03/2014,"Jueves",0,23:00:00,,"0.0",2,"Pickup/Utilitario,Peatón","French Y Av Urquiza",2,1,0,0,0,0,1,"-31.591222222222,-60.697361111111","Avenida",,"SANTA FE","La Capital","Tierra","No existe","I","Dentro","Urbana","S/D","No existe","Intersección","Deteriorada","S/D","Nocturna,Con luz artificial","Buen Tiempo","S/D","S/D","Atropello","S/D","Faltante","S/D","S/D"
2014,1492,25/02/2014,"Martes",0,21:45:00,,"0.0",2,"Moto/Ciclomotor,Automóvil","Gdor Freyre Y Gdor Crespo",2,1,0,0,1,0,0,,"Avenida",,"SANTA FE","La Capital","S/D","S/D","I","S/D","Urbana","S/D","S/D","S/D","S/D","S/D","Nocturna","S/D","S/D","S/D","S/D","S/D","S/D","S/D","S/D"
2014,1493,14/03/2014,"Viernes",0,10:00:00,,"0.0",2,"Automóvil,Moto/Ciclomotor","Risso Y J M Zuviria",2,1,0,0,1,0,0,,"Calle",,"SANTA FE","La Capital","Asfalto","S/D","I","Dentro","Urbana","S/D","No existe","Intersección","Bueno","Buena","Diurna","Buen Tiempo","Lateral","S/D","Colisión","S/D","Faltante","S/D","S/D"
2014,1494,16/06/2014,"Lunes",0,12:00:00,,"0.0",2,"Automóvil,Moto/Ciclomotor","Javier de la Rosa 2900",2,1,0,0,1,0,0,,"Calle",,"SANTA FE","La Capital","Tierra","No existe","I","Dentro","Urbana","S/D","No existe","Recta","Ahuellamiento","Buena","Diurna","Buen Tiempo","Lateral","S/D","Colisión","S/D","S/D","S/D","S/D"
2014,1495,07/02/2014,"Viernes",0,21:00:00,,"0.0",2,"Pickup/Utilitario,Moto/Ciclomotor","Av Peñaloza 5600",2,0,0,0,0,0,2,,"Calle",,"SANTA FE","La Capital","S/D","S/D","I","S/D","S/D","S/D","S/D","S/D","S/D","S/D","Nocturna","S/D","S/D","S/D","S/D","S/D","S/D","S/D","S/D"
2014,1496,16/03/2014,"Domingo",0,18:00:00,,"0.0",2,"Automóvil,Automóvil","Reg 12 de Infanteria Y 9 de Julio",2,1,0,0,1,0,0,,"Calle",,"SANTA FE","La Capital","Tierra","No existe","I","Dentro","Urbana","S/D","No existe","Intersección","Deteriorada","Buena","Diurna","Buen Tiempo","Lateral","S/D","Colisión","S/D","S/D","S/D","S/D"
2014,1497,19/03/2014,"Miercoles",0,21:40:00,,"0.0",2,"Moto/Ciclomotor,Otros","Av A del Valle Y Padre Genesio",3,1,0,0,1,0,1,,"Avenida",,"SANTA FE","La Capital","Asfalto","S/D","I","Dentro","Urbana","S/D","Funciona","Intersección","Bueno","Buena","Nocturna,Con luz artificial","Buen Tiempo","Lateral","S/D","Colisión","S/D","S/D","S/D","S/D"
2014,1498,19/03/2014,"Miercoles",0,23:00:00,,"0.0",2,"Moto/Ciclomotor,Otros","Ayacucho Y San Jeronimo",2,1,0,0,1,0,0,,"Calle",,"SANTA FE","La Capital","Tierra,Ripio","No existe","I","Dentro","Urbana","S/D","No existe","Intersección","Deteriorada","S/D","Nocturna,Con luz artificial","Buen Tiempo","Lateral","S/D","Colisión","S/D","S/D","S/D","S/D"
2014,1499,20/03/2014,"Jueves",0,23:00:00,,"0.0",2,"Automóvil,Moto/Ciclomotor","Gorriti Y San Juan",2,1,0,0,1,0,0,,"Calle",,"SANTA FE","La Capital","Asfalto","S/D","I","Dentro","Urbana","S/D","No existe","Intersección","Bueno","Buena","Nocturna,Con luz artificial","Buen Tiempo","Lateral","S/D","Colisión","S/D","S/D","S/D","S/D"
2014,1500,23/03/2014,"Domingo",0,17:00:00,,"0.0",2,"Moto/Ciclomotor,Otros","Av Peñaloza Y Callejón El Sable",3,1,0,0,1,0,1,,"Calle",,"SANTA FE","La Capital","Tierra,Ripio","No existe","I","S/D","Urbana","S/D","No existe","Intersección","Deteriorada","Buena","Diurna","Buen Tiempo","Lateral","S/D","Colisión","S/D","Faltante","S/D","S/D"
2014,1501,23/03/2014,"Domingo",0,23:50:00,,"0.0",2,"Automóvil,Moto/Ciclomotor","Gorriti Y Av A del Valle",2,1,0,0,1,0,0,,"Avenida",,"SANTA FE","La Capital","Asfalto","S/D","I","Dentro","Urbana","S/D","Funciona","Intersección","Bueno","Buena","Nocturna,Con luz artificial","Buen Tiempo","Lateral","S/D","Colisión","S/D","S/D","S/D","S/D"
2014,1502,13/02/2014,"Jueves",0,06:10:00,"Ruta Provincial 70","0.0",2,"Automóvil,Moto/Ciclomotor","General Paz Y Ruta provincial 70",3,1,0,0,2,0,0,,"Ruta",70,"ESPERANZA","Las Colonias","Asfalto","Pavimento","XI","Dentro","Urbana","Ninguna","No existe","Intersección","Bueno","Buena","Amanecer","Buen Tiempo","Frontal","S/D","Colisión","S/D","Horizontal","Cordón divisorio,Línea divisoria pintada","Sin restricción"
2014,1503,27/02/2014,"Jueves",0,12:00:00,,"0.0",2,"Pickup/Utilitario,Moto/Ciclomotor","25 de Mayo 1600",2,0,1,0,1,0,0,,"Calle",,"ESPERANZA","Las Colonias","Asfalto","No existe","XI","Dentro","Urbana","Ninguna","No existe","Recta","Bueno","Buena","Diurna","Buen Tiempo","De alcance","S/D","Colisión","S/D","Vertical","Ninguna","Sin restricción"
2014,1504,14/02/2014,"Viernes",0,09:30:00,,"0.0",2,"Moto/Ciclomotor,Otros"," ",2,1,0,0,0,0,1,,"Calle",,"SANTO TOMÉ","La Capital","Tierra","No existe","I","S/D","Rural","Ninguna","No existe","Recta","Bueno","Buena","Diurna","Buen Tiempo","Lateral","S/D","Colisión","Ninguna","Faltante","Ninguna","Obra en Construcción"
2014,1505,06/02/2014,"Jueves",0,18:00:00,,"0.0",2,"Automóvil,Moto/Ciclomotor","Av A del Valle Y Crucero Gral. Belgrano",2,1,0,0,1,0,0,,"Avenida",,"SANTA FE","La Capital","Asfalto","Natural","I","Dentro","Urbana","S/D","No existe","Intersección","Bueno","Buena","Atardecer,Con luz artificial","Buen Tiempo","Lateral","S/D","Colisión","S/D","Faltante","S/D","S/D"
2014,1506,15/02/2014,"Sabado",0,13:10:00,"Ruta Provincial 70","0.0",2,"Automóvil,Moto/Ciclomotor","RUTA PROVINCIAL N&#186; 6 Y RUTA PROVINCIAL N&#186; 70",7,1,1,0,5,0,0,,"Ruta",70,"ESPERANZA","Las Colonias","Asfalto","Ripio","XI","Dentro","Urbana","Ninguna","No existe","Intersección","Bueno","Buena","Diurna","Buen Tiempo","Lateral","S/D","Colisión","S/D","Horizontal","Línea divisoria pintada","Sin restricción"
2014,1507,08/02/2014,"Sabado",0,22:00:00,,"0.0",2,"Moto/Ciclomotor,Moto/Ciclomotor","Av Santa Fe Y Sarmiento",2,2,0,0,0,0,0,,"Calle",,"NELSON","La Capital","Asfalto","Natural","I","Dentro","Urbana","Ninguna","No existe","Recta","Bueno","Buena","Nocturna","Buen Tiempo","Lateral","S/D","Colisión","Ninguna","Faltante","Ninguna","Sin restricción"
2014,1508,01/02/2014,"Sabado",0,06:30:00,,"0.0",2,"Automóvil,Moto/Ciclomotor","Rivadavia 1200",3,1,1,0,1,0,0,,"Calle",,"ESPERANZA","Las Colonias","Asfalto","No existe","XI","Dentro","Urbana","Ninguna","No existe","Intersección","Bueno","Buena","Diurna","Buen Tiempo","Lateral","S/D","Colisión","S/D","Vertical","Ninguna","Sin restricción"
2014,1509,09/02/2014,"Domingo",0,04:00:00,,"0.0",2,"Taxi/Remis,Moto/Ciclomotor","Av A del Valle Y La Pampa",2,1,0,0,1,0,0,,"Avenida",,"SANTA FE","La Capital","Asfalto,Tierra","No existe","I","Dentro","Urbana","S/D","No existe","Intersección","Bueno,Resbaladiza","Buena","Diurna","Lluvia","Lateral","S/D","Colisión","Agua","Faltante","S/D","S/D"
2014,1510,01/02/2014,"Sabado",0,22:40:00,"Ruta Nacional 11","0.0",2,"Automóvil,Moto/Ciclomotor","Ruta Nacional 11 Y Calle 17",4,3,0,0,1,0,0,,"Ruta",11,"AVELLANEDA","General Obligado","Asfalto","No existe","IX","S/D","S/D","S/D","No existe","Intersección","Bueno","Buena","Nocturna","Buen Tiempo","Lateral","S/D","Colisión","S/D","Horizontal","Ninguna","Sin restricción"
2014,1511,23/02/2014,"Domingo",0,23:00:00,,"0.0",1,"Moto/Ciclomotor","San Martin Y Belgrano",2,1,0,0,1,0,0,,"Calle",,"NELSON","La Capital","Asfalto","Natural","I","Dentro","Urbana","Ninguna","No existe","Intersección","Bueno","Buena","Nocturna,Con luz artificial","Buen Tiempo","S/D","S/D","Caída ocupante","Ninguna","Faltante","Ninguna","Sin restricción"
2014,1512,12/02/2014,"Miercoles",0,15:00:00,,"0.0",2,"Automóvil,Moto/Ciclomotor","Gorriti Y 1ro de Mayo",2,1,0,0,1,0,0,,"Calle",,"SANTA FE","La Capital","Asfalto","S/D","I","Dentro","Urbana","S/D","No existe","Intersección","Bueno","Buena","Diurna","Buen Tiempo","Lateral","S/D","Colisión","S/D","Faltante","S/D","S/D"
2014,1513,18/02/2014,"Martes",0,12:00:00,,"0.0",2,"Automóvil,Moto/Ciclomotor","Domingo Faustino Sarmiento Y Berutti",2,1,0,0,1,0,0,,"Calle",,"ESPERANZA","Las Colonias","Asfalto","No existe","XI","Dentro","Urbana","Ninguna","No existe","Intersección","Bueno","Buena","Diurna","Buen Tiempo","Lateral","S/D","Colisión","S/D","Horizontal","Cordón divisorio","Sin restricción"
2014,1514,04/02/2014,"Martes",0,20:00:00,,"0.0",2,"Moto/Ciclomotor,Automóvil","Roverano Y Coronda",2,1,0,0,0,0,1,,"Calle",,"SANTO TOMÉ","La Capital","Tierra","No existe","I","S/D","Urbana","Ninguna","No existe","S/D","Deteriorada","Buena","Nocturna","Buen Tiempo","S/D","S/D","Colisión","S/D","S/D","Ninguna","S/D"
2014,1515,13/02/2014,"Jueves",0,21:00:00,,"0.0",2,"Automóvil,Moto/Ciclomotor","Ayacucho Y 9 de Julio",2,1,0,0,1,0,0,,"Calle",,"SANTA FE","La Capital","Tierra","No existe","I","Dentro","Urbana","S/D","No existe","Intersección","Con baches","S/D","S/D","Lluvia","Lateral","S/D","Colisión","Agua","Faltante","S/D","S/D"
2014,1516,18/02/2014,"Martes",0,11:30:00,,"0.0",2,"Automóvil,Moto/Ciclomotor","General Manuel Belgrano Y Pueyrredon",3,1,0,0,2,0,0,,"Calle",,"ESPERANZA","Las Colonias","Asfalto","No existe","XI","Dentro","Urbana","Ninguna","No existe","Intersección","Bueno","Buena","Diurna","Buen Tiempo","Frontal","S/D","Colisión","S/D","Horizontal","Cordón divisorio","Sin restricción"
2014,1517,05/02/2014,"Miercoles",0,23:00:00,,"0.0",2,"Automóvil,Moto/Ciclomotor","Talcahuano Y Reg 12 de Infanteria",2,1,0,0,1,0,0,,"Calle",,"SANTA FE","La Capital","Asfalto","S/D","I","S/D","Urbana","S/D","S/D","Intersección","S/D","S/D","Nocturna","S/D","Lateral","S/D","Colisión","S/D","S/D","S/D","S/D"
2014,1518,09/02/2014,"Domingo",0,11:45:00,"Ruta Nacional 11","0.0",2,"Moto/Ciclomotor,Automóvil"," ",2,1,0,0,1,0,0,,"Ruta",11,"RECREO","La Capital","Ripio","Natural","I","Dentro","Urbana","Ninguna","No existe","Intersección","Bueno","Buena","Diurna","Buen Tiempo","De alcance","S/D","Colisión","Ninguna","Vertical","Ninguna","Sin restricción"
2014,1519,03/02/2014,"Lunes",0,,,"0.0",2,"Bicicleta,Moto/Ciclomotor","Calle 21 Y Calle 105",3,2,0,0,1,0,0,,"S/D",,"AVELLANEDA","General Obligado","S/D","No existe","IX","S/D","S/D","S/D","No existe","Recta","Bueno","S/D","Diurna","S/D","S/D","S/D","Atropello","S/D","S/D","Ninguna","S/D"
2014,1520,19/02/2014,"Miercoles",0,00:50:00,,"0.0",2,"Bicicleta,Automóvil","Avenida Nuestra Señora del Luj Y Rca Oriental del Uruguay",2,1,0,0,0,0,1,"-31.6815,-60.775805555556","Calle",,"SANTO TOMÉ","La Capital","Asfalto","No existe","I","S/D","Urbana","Semáforo","No existe","Intersección","Otro","Buena","Nocturna,Con luz artificial","Buen Tiempo","Lateral","S/D","Colisión","Otro","Faltante","Ninguna","Sin restricción"
2014,1521,15/02/2014,"Sabado",0,19:50:00,,"0.0",2,"Moto/Ciclomotor,Automóvil","Avellaneda Y Lavaisse",2,1,0,0,1,0,0,,"Calle",,"SANTA FE","La Capital","Hormigón","No existe","I","S/D","Urbana","Ninguna","No existe","Intersección","Bueno","Buena","Atardecer,Con luz artificial","Buen Tiempo","Lateral","S/D","Colisión","Ninguna","S/D","Ninguna","Sin restricción"