"anio_acci","nro_acci","fecha","desc_dia","fecha_aprox","hora_aprox","desc_ruta","km","cant_participantes","desc_participante","calle_avenida_km","total","heridos_leves","heridos_graves","heridos_gravisimos","ilesos","fallecidos","sin_datos","posicion_XY","desc_tipo_via","desc_ruta_ori","desc_loc","desc_dpto","desc_tipo_calzada","desc_tipo_banquina","desc_unidad_regional","desc_lugar_calzada","desc_zona","desc_prioridad","desc_estado_semaforo","desc_lugar_via","desc_estado_via","desc_estado_visibilidad","desc_luminosidad","desc_estado_clima","desc_tipo_colision","desc_tipo_atropello","desc_tipo_hecho","desc_pres_calzada","desc_senializacion","desc_separacion_via","desc_restriccion"
2014,1522,14/02/2014,"Viernes",0,17:00:00,,"0.0",2,"Moto/Ciclomotor,Moto/Ciclomotor","Reg 12 de Infanteria Y Av Facundo Zuviria",2,1,0,0,0,0,1,,"Avenida",,"SANTA FE","La Capital","Asfalto","Pavimento","I","Dentro","Urbana","S/D","No existe","Intersección","Bueno","Buena","Diurna","Buen Tiempo","Lateral","S/D","Colisión","S/D","Faltante","S/D","S/D"
2014,1523,05/02/2014,"Miercoles",0,17:45:00,,"0.0",2,"Moto/Ciclomotor,Automóvil","Belgrano Y Av Galicia",2,1,0,0,1,0,0,,"Avenida",,"SANTA FE","La Capital","S/D","S/D","I","S/D","Urbana","S/D","S/D","Intersección","S/D","S/D","Diurna","S/D","Lateral","S/D","Colisión","S/D","S/D","S/D","S/D"
2014,1524,17/02/2014,"Lunes",0,13:00:00,,"0.0",2,"Moto/Ciclomotor,Moto/Ciclomotor","Padre Genesio Y Javier de la Rosa",2,1,0,0,0,0,1,,"Calle",,"SANTA FE","La Capital","Tierra","No existe","I","Dentro","Urbana","S/D","No existe","Intersección","Con baches","Buena","Diurna","Buen Tiempo","Lateral","S/D","Colisión","Material Suelto","Faltante","S/D","S/D"
2014,1525,15/02/2014,"Sabado",0,14:30:00,,"0.0",2,"Moto/Ciclomotor,Automóvil","D'Anuncio Y Mateo Booz",2,1,0,0,0,0,1,,"Calle",,"RECREO","La Capital","Tierra","Natural","I","Dentro","Urbana","Ninguna","No existe","Intersección","Bueno","Buena","Diurna","Buen Tiempo","De alcance","S/D","Colisión","Ninguna","Faltante","Ninguna","Sin restricción"
2014,1526,08/02/2014,"Sabado",0,15:00:00,,"0.0",2,"Automóvil,Moto/Ciclomotor","Lavalle Y Alberdi",2,1,0,0,1,0,0,,"S/D",,"SANTA FE","La Capital","S/D","S/D","I","S/D","S/D","S/D","S/D","Intersección","S/D","S/D","Diurna","S/D","Lateral","S/D","Colisión","S/D","S/D","S/D","S/D"
2014,1527,11/02/2014,"Martes",0,21:00:00,,"0.0",2,"Automóvil,Moto/Ciclomotor","4 de enero Y Frutos",2,1,0,0,1,0,0,,"Calle",,"SANTO TOMÉ","La Capital","Ripio","Natural","I","S/D","Urbana","Ninguna","No existe","Intersección","Resbaladiza","Buena","Atardecer","Lluvia","Lateral","S/D","Colisión","Agua","S/D","Ninguna","Sin restricción"
2014,1528,05/02/2014,"Miercoles",0,20:00:00,,"0.0",2,"Moto/Ciclomotor,Taxi/Remis","Sarmiento Y Llerena",2,1,0,0,1,0,0,,"Calle",,"SANTA FE","La Capital","Asfalto","Pavimento","I","S/D","Urbana","Ninguna","No existe","Intersección","Bueno","Buena","Nocturna","Buen Tiempo","Lateral","S/D","Colisión","Ninguna","Horizontal","Ninguna","Sin restricción"
2014,1529,21/02/2014,"Viernes",0,12:00:00,,"0.0",2,"Vehículo Oficial,Moto/Ciclomotor","Risso Y 1ro de Mayo",2,1,0,0,1,0,0,,"Calle",,"SANTA FE","La Capital","Asfalto","No existe","I","Dentro","Urbana","S/D","No existe","Intersección","Bueno","Buena","Diurna","Buen Tiempo","Lateral","S/D","Colisión","S/D","Faltante","S/D","S/D"
2014,1530,07/02/2014,"Viernes",0,23:00:00,,"0.0",2,"Peatón,Moto/Ciclomotor","Moreno Y 7 de Octubre",2,1,0,0,0,0,1,,"Calle",,"CAÑADA DE GÓMEZ","Iriondo","Asfalto","No existe","X","Dentro","Urbana","Ninguna","No existe","Recta","Bueno","Buena","Nocturna,Con luz artificial","Lluvia","S/D","S/D","Atropello","Agua","Faltante","Ninguna","Sin restricción"
2014,1531,02/02/2014,"Domingo",0,20:06:00,,"0.0",2,"Moto/Ciclomotor,Automóvil","Espora Y Piedras",2,1,0,0,1,0,0,,"Calle",,"SANTA FE","La Capital","Asfalto","S/D","I","S/D","Urbana","S/D","S/D","Intersección","S/D","S/D","Nocturna","S/D","Lateral","S/D","Colisión","S/D","S/D","S/D","S/D"
2014,1532,26/02/2014,"Miercoles",0,16:30:00,,"0.0",2,"Pickup/Utilitario,Moto/Ciclomotor","Avenida Nuestra Señora del Luj 4000",2,1,0,0,1,0,0,,"Avenida",,"SANTO TOMÉ","La Capital","Asfalto","No existe","I","S/D","Urbana","Ninguna","No existe","Recta","Bueno","Buena","Diurna","Buen Tiempo","Lateral","S/D","Colisión","S/D","S/D","Cordón divisorio","Sin restricción"
2014,1533,28/02/2014,"Viernes",0,21:30:00,,"0.0",2,"Automóvil,Moto/Ciclomotor","Calle 15-Patricio Diez Y Calle 21-Gdor. iriondo",2,1,0,0,0,0,1,,"Avenida",,"RECONQUISTA","General Obligado","Asfalto","No existe","IX","S/D","S/D","S/D","Funciona","Intersección","Bueno","Buena","Nocturna","Buen Tiempo","Lateral","S/D","Colisión","S/D","Faltante","Cordón divisorio","S/D"
2014,1534,05/02/2014,"Miercoles",0,19:05:00,,"0.0",2,"Moto/Ciclomotor,Pickup/Utilitario","San Martin Y Ballesteros",3,2,0,0,1,0,0,,"Calle",,"CAÑADA DE GÓMEZ","Iriondo","Asfalto","No existe","X","Dentro","Urbana","Ninguna","No existe","Intersección","Con baches","Reducida","Atardecer","Buen Tiempo","Frontal","S/D","Colisión","S/D","Faltante","Ninguna","Sin restricción"
2014,1535,15/02/2014,"Sabado",0,02:30:00,"Ruta Nacional 11","0.0",2,"Moto/Ciclomotor,Automóvil"," ",2,1,0,0,1,0,0,,"Ruta",11,"RECREO","La Capital","Asfalto","S/D","I","Dentro","Urbana","Ninguna","Funciona","Intersección","Bueno","Buena","Nocturna,Con luz artificial","Buen Tiempo","De alcance","S/D","Colisión","Ninguna","Vertical","Línea divisoria pintada","Sin restricción"
2014,1536,16/02/2014,"Domingo",0,19:00:00,"Ruta Nacional 11","480.0",2,"Moto/Ciclomotor,Automóvil"," ",3,1,0,0,2,0,0,,"Ruta",11,"RECREO","La Capital","Asfalto","Natural","I","Dentro","Urbana","Ninguna","No existe","Recta","Bueno","Buena","Atardecer","Buen Tiempo","De alcance","S/D","Colisión","Ninguna","Vertical","Cordón divisorio","Sin restricción"
2014,1537,16/02/2014,"Domingo",0,10:20:00,,"0.0",2,"Moto/Ciclomotor,Automóvil","Av A del Valle Y French",3,1,0,0,2,0,0,,"Calle",,"SANTA FE","La Capital","Asfalto","No existe","I","S/D","Urbana","Semáforo","Funciona","Intersección","Con baches","Buena","Diurna","Buen Tiempo","Lateral","S/D","Colisión","Ninguna","S/D","Ninguna","Sin restricción"
2014,1538,07/02/2014,"Viernes",0,20:30:00,"Ruta Nacional 11","479.0",2,"Moto/Ciclomotor,Peatón"," ",2,0,1,0,0,0,1,"-31.531280, -60.722364","Ruta",11,"RECREO","La Capital","Hormigón","Natural","I","Dentro","Urbana","Ninguna","No existe","Recta","Bueno","Buena","Diurna","Buen Tiempo","S/D","S/D","Atropello","Ninguna","Horizontal","Línea divisoria pintada","Sin restricción"
2014,1539,24/02/2014,"Lunes",0,20:00:00,,"0.0",2,"Moto/Ciclomotor,Moto/Ciclomotor","Necochea Y Quintana",2,1,0,0,1,0,0,,"Calle",,"SANTA FE","La Capital","Hormigón","No existe","I","S/D","Urbana","Ninguna","No existe","Intersección","Bueno","Buena","Nocturna,Con luz artificial","Buen Tiempo","Lateral","S/D","Colisión","Ninguna","S/D","Ninguna","Sin restricción"
2014,1540,27/02/2014,"Jueves",0,19:30:00,,"0.0",2,"Camión,Bicicleta","Av A del Valle Y Lamothe",2,1,0,0,1,0,0,"-31.582472222222,-60.689777777778","Avenida",,"SANTA FE","La Capital","Asfalto","No existe","I","Dentro","Urbana","Ninguna","No existe","Recta","Con baches","Buena","Atardecer","Buen Tiempo","S/D","S/D","Caída ocupante,Atropello","Otro","Faltante","Guardarrail","Reparación de Vía"
2014,1541,05/02/2014,"Miercoles",0,17:45:00,,"0.0",2,"Moto/Ciclomotor,Automóvil","Necochea Y España",3,2,0,0,1,0,0,,"Calle",,"CAÑADA DE GÓMEZ","Iriondo","Asfalto","No existe","X","Dentro","Urbana","Ninguna","No existe","Intersección","Deteriorada","Buena","Diurna","Buen Tiempo","Frontal","S/D","Colisión","S/D","Faltante","Ninguna","Sin restricción"
2014,1542,07/02/2014,"Viernes",0,19:40:00,,"0.0",2,"Automóvil,Moto/Ciclomotor","Av A del Valle Y Lamothe",3,2,0,0,1,0,0,,"Avenida",,"SANTA FE","La Capital","Asfalto","No existe","I","Dentro","Urbana","Ninguna","No existe","Recta","Bueno","Buena","Atardecer","Buen Tiempo","Lateral","S/D","Colisión","Ninguna","Faltante","Guardarrail","Sin restricción"
2014,1543,21/02/2014,"Viernes",0,22:05:00,,"0.0",2,"Moto/Ciclomotor,Camión","Gorriti Y Bernardo de Irigoyen",2,1,0,0,0,0,1,,"Calle",,"SANTA FE","La Capital","Asfalto,Tierra","No existe","I","Dentro","Urbana","Ninguna","No existe","Intersección","Con baches","Buena","Nocturna","Buen Tiempo","Lateral","S/D","Colisión","S/D","Faltante","Cordón divisorio","Sin restricción"
2014,1544,05/02/2014,"Miercoles",0,00:30:00,"Ruta Nacional 11","634.0",2,"Automóvil,Camión"," ",7,2,0,0,5,0,0,,"Ruta",11,"LA CRIOLLA","San Justo","Asfalto","S/D","XVI","Fuera","Urbana","Ninguna","S/D","Curva","Bueno","Buena","Nocturna","Buen Tiempo","S/D","S/D","Colisión","S/D","S/D","Línea divisoria pintada","Sin restricción"
2014,1545,24/02/2014,"Lunes",0,16:30:00,,"0.0",2,"Moto/Ciclomotor,Automóvil","Necochea Y Gorostiaga",2,1,0,0,0,0,1,,"Calle",,"SANTA FE","La Capital","Hormigón","No existe","I","S/D","Urbana","Ninguna","No existe","Intersección","Bueno","Buena","Con luz artificial","Buen Tiempo","Lateral","S/D","Colisión","Ninguna","S/D","Ninguna","Sin restricción"
2014,1546,06/02/2014,"Jueves",0,10:30:00,"Ruta Provincial 5","0.0",2,"Automóvil,Camión","RP5 A 400 MM DE LA RP2 ",2,0,1,0,1,0,0,,"Ruta",5,"SANTA FE","La Capital","Hormigón","Natural","I","Dentro","Rural","Ninguna","No existe","Recta","Bueno","Buena","Diurna","Buen Tiempo","De alcance","S/D","Colisión","Ninguna","S/D","Ninguna","Sin restricción"
2014,1547,12/02/2014,"Miercoles",0,19:30:00,,"0.0",2,"Moto/Ciclomotor,Pickup/Utilitario","Candioti Y Llerena",3,2,0,0,0,0,1,,"Calle",,"SANTA FE","La Capital","Hormigón","No existe","I","S/D","Urbana","Ninguna","No existe","Intersección","Bueno","Buena","Atardecer,Con luz artificial","Buen Tiempo","Lateral","S/D","Colisión","Ninguna","S/D","Ninguna","Sin restricción"
2014,1548,14/02/2014,"Viernes",0,15:00:00,,"0.0",2,"Pickup/Utilitario,Moto/Ciclomotor","Av A del Valle Y Alfonsina Storni",2,1,0,0,1,0,0,,"Avenida",,"SANTA FE","La Capital","Asfalto","Natural","I","Dentro","Urbana","Ninguna","No existe","Recta","Bueno","Buena","Diurna","Buen Tiempo","Lateral","S/D","Colisión","Ninguna","Faltante","Vegetación","Sin restricción"
2014,1549,01/02/2014,"Sabado",0,00:10:00,,"0.0",2,"Moto/Ciclomotor,Moto/Ciclomotor","Avellaneda Y J Castelli",4,4,0,0,0,0,0,"-31.609618, -60.679635","Calle",,"SANTA FE","La Capital","Hormigón","No existe","I","S/D","Urbana","Ninguna","No existe","Intersección","Bueno","Buena","Nocturna,Con luz artificial","Buen Tiempo","Lateral","S/D","Colisión","Ninguna","Faltante","Ninguna","Sin restricción"
2014,1550,10/02/2014,"Lunes",0,16:50:00,,"0.0",2,"Automóvil,Moto/Ciclomotor","AV. A DEL VALLE Y AV LOS QUINTEROS",2,1,0,0,1,0,0,,"Avenida",,"SANTA FE","La Capital","Hormigón","Natural","I","Dentro","Rural","Ninguna","No existe","Intersección","Bueno","Buena","Diurna","Lluvia","De alcance","S/D","Colisión","Agua","S/D","Cordón divisorio","Sin restricción"
2014,1551,04/02/2014,"Martes",0,18:10:00,"Ruta Nacional 11","548.0",2,"Automóvil,Moto/Ciclomotor"," ",5,2,0,0,3,0,0,,"Ruta",11,"VIDELA","San Justo","Asfalto","Ripio","XVI","Dentro","Urbana","Ninguna","No existe","Recta","Bueno","Buena","Diurna","Buen Tiempo","Lateral","S/D","Colisión","S/D","Horizontal","Línea divisoria pintada","Sin restricción"
2014,1552,01/02/2014,"Sabado",0,12:15:00,,"0.0",2,"Moto/Ciclomotor,Automóvil","Falucho Y Hernandarias",3,1,0,0,2,0,0,,"Avenida",,"SANTO TOMÉ","La Capital","Asfalto","S/D","I","S/D","Urbana","S/D","No existe","Recta","Bueno","Buena","Diurna","Buen Tiempo","Lateral","S/D","Colisión","S/D","S/D","S/D","Sin restricción"
2014,1553,03/02/2014,"Lunes",0,20:25:00,,"0.0",1,"Moto/Ciclomotor","Bv. Balcarce Y Quintana",1,1,0,0,0,0,0,,"Avenida",,"CAÑADA DE GÓMEZ","Iriondo","Asfalto","No existe","X","Dentro","Urbana","Ninguna","No existe","Recta","Con baches","Buena","Nocturna,Con luz artificial","Buen Tiempo","S/D","S/D","Caída ocupante","S/D","Faltante","Ninguna","Sin restricción"
2014,1554,02/03/2014,"Domingo",0,09:00:00,,"0.0",2,"Moto/Ciclomotor,Camión","Gorriti Y San Juan",2,1,0,0,1,0,0,,"Calle",,"SANTA FE","La Capital","Asfalto,Tierra","No existe","I","Dentro","Urbana","S/D","No existe","Intersección","S/D","Buena","Diurna","Buen Tiempo","Lateral","S/D","Colisión","S/D","Faltante","S/D","S/D"
2014,1555,22/02/2014,"Sabado",0,,,"0.0",2,"Moto/Ciclomotor,Automóvil","Av Gral Paz ",2,1,0,0,1,0,0,,"Avenida",,"SANTA FE","La Capital","Asfalto","No existe","I","S/D","Urbana","Ninguna","No existe","Intersección","Bueno","Buena","Atardecer","Buen Tiempo","Otro","S/D","Colisión","Ninguna","Faltante","Ninguna","Sin restricción"
2014,1556,18/02/2014,"Martes",0,18:10:00,,"0.0",2,"Moto/Ciclomotor,Automóvil","9 de Julio Y Fco Romero",3,1,0,0,2,0,0,,"Calle",,"SAN JUSTO","San Justo","Asfalto","No existe","XVI","Dentro","Urbana","Ninguna","No existe","Intersección","Bueno","Buena","Diurna","Buen Tiempo","Lateral","S/D","Colisión","S/D","S/D","Ninguna","Sin restricción"
2014,1557,08/02/2014,"Sabado",0,20:30:00,,"0.0",2,"Moto/Ciclomotor,Automóvil","Independencia 446",3,1,0,0,2,0,0,,"Calle",,"GOBERNADOR CRESPO","San Justo","Asfalto","Pavimento","XVI","S/D","Urbana","Ninguna","No existe","Recta","Bueno","Buena","Nocturna","Buen Tiempo","Frontal","S/D","Colisión","Ninguna","S/D","Ninguna","Sin restricción"
2014,1558,09/02/2014,"Domingo",0,22:40:00,"Ruta Nacional 11","477.3",2,"Automóvil,Moto/Ciclomotor"," ",2,1,0,0,1,0,0,,"Ruta",11,"RECREO","La Capital","Asfalto","Natural","I","Dentro","Urbana","Ninguna","No existe","Cruce","Bueno","Buena","Nocturna,Con luz artificial","Buen Tiempo","Frontal","S/D","Colisión","Ninguna","Horizontal","Línea divisoria pintada","Sin restricción"
2014,1559,04/02/2014,"Martes",0,11:40:00,,"0.0",2,"Automóvil,Automóvil","PJE. LOS JACINTOS ",5,1,0,0,4,0,0,,"S/D",,"ALEJANDRA","San Javier","Asfalto","Natural","XIV","S/D","Rural","Ninguna","No existe","Recta","Resbaladiza","Buena","Diurna","Lluvia","De alcance","S/D","Colisión","Agua","Faltante","Vegetación","Sin restricción"
2014,1560,22/02/2014,"Sabado",0,21:30:00,,"0.0",2,"Peatón,Otros","Alvear Y J P Lopez",2,1,0,0,0,0,1,"-31.609638888889,-60.6885","Calle",,"SANTA FE","La Capital","Asfalto","No existe","I","Dentro","Urbana","Ninguna","No existe","Recta","Bueno","Buena","Nocturna","Buen Tiempo","S/D","S/D","Atropello","Ninguna","S/D","Ninguna","Sin restricción"
2014,1561,07/02/2014,"Viernes",0,,,"0.0",2,"Moto/Ciclomotor,Automóvil","Juan Bautista Alberdi Y Cornelio de Saavedra",2,1,0,0,1,0,0,,"Calle",,"SANTO TOMÉ","La Capital","Asfalto","S/D","I","S/D","Urbana","Ninguna","No existe","Recta","Bueno","Buena","Diurna","Buen Tiempo","Lateral","S/D","Colisión","S/D","S/D","S/D","Sin restricción"
2014,1562,25/02/2014,"Martes",0,16:00:00,,"0.0",2,"Automóvil,Moto/Ciclomotor","Av Blas Parera Y Callejon Aguirre",4,1,0,0,3,0,0,,"Avenida",,"SANTA FE","La Capital","Asfalto","No existe","I","Dentro","Urbana","Semáforo","Funciona","Intersección","Bueno","Buena","Diurna","Buen Tiempo","Lateral","S/D","Colisión","Ninguna","S/D","Cordón divisorio","Sin restricción"
2014,1563,07/02/2014,"Viernes",0,08:00:00,,"0.0",2,"Moto/Ciclomotor,Pickup/Utilitario","Mariano Candioti 3100",2,1,0,0,1,0,0,,"Calle",,"SANTO TOMÉ","La Capital","Asfalto","No existe","I","S/D","Urbana","Semáforo","Funciona","Intersección","Bueno","Buena","Diurna","Buen Tiempo","De alcance","S/D","Colisión","S/D","S/D","S/D","S/D"
2014,1564,16/02/2014,"Domingo",0,09:45:00,,"0.0",2,"Automóvil,Moto/Ciclomotor","Candioti Y R Godoy",2,1,0,0,1,0,0,,"Calle",,"SANTA FE","La Capital","Asfalto","No existe","I","Dentro","Urbana","Ninguna","No existe","Intersección","Bueno","Buena","Amanecer","Buen Tiempo","Otro","S/D","Colisión","Ninguna","Faltante","Ninguna","Sin restricción"
2014,1565,08/02/2014,"Sabado",0,19:00:00,,"0.0",2,"Camión,Bicicleta","H Irigoyen 1500",2,0,1,0,1,0,0,,"Calle",,"SAN JAVIER","San Javier","Tierra","S/D","XIV","Dentro","Urbana","Ninguna","No existe","S/D","Bueno","Buena","Diurna","Buen Tiempo","S/D","S/D","Atropello","S/D","Faltante","Ninguna","Sin restricción"
2014,1566,22/02/2014,"Sabado",0,23:30:00,,"0.0",2,"Moto/Ciclomotor,Pickup/Utilitario","manzana 1 ",7,3,0,0,3,1,0,"-31.657947, -60.698072","Calle",,"ALTO VERDE","La Capital","Asfalto","No existe","I","S/D","Urbana","Ninguna","No existe","Curva","Bueno","Buena","Nocturna","Buen Tiempo","Lateral","S/D","Colisión","Ninguna","Faltante","Ninguna","Sin restricción"
2014,1567,07/02/2014,"Viernes",0,19:15:00,,"0.0",2,"Moto/Ciclomotor,Automóvil","Maletti Y Buenos Aires",2,1,0,0,1,0,0,,"Calle",,"SANTO TOMÉ","La Capital","Ripio","No existe","I","S/D","Urbana","Ninguna","No existe","Recta","Con baches","Buena","Atardecer","Buen Tiempo","Lateral","S/D","Colisión","S/D","S/D","S/D","Sin restricción"
2014,1568,04/02/2014,"Martes",0,16:45:00,,"0.0",2,"Moto/Ciclomotor,Automóvil","Comodoro Rivadavia ",3,1,0,0,0,0,2,,"Calle",,"VILLA CONSTITUCIÓN","Constitución","Asfalto","S/D","VI","S/D","Urbana","S/D","S/D","Recta","Bueno","Buena","S/D","S/D","Frontal","S/D","Colisión","S/D","S/D","S/D","S/D"
2014,1569,17/02/2014,"Lunes",0,13:10:00,,"0.0",2,"Moto/Ciclomotor,Automóvil","Agustin Delgado Y Lavalle",3,2,0,0,1,0,0,,"Calle",,"SANTA FE","La Capital","Asfalto","No existe","I","S/D","Urbana","Ninguna","No existe","Intersección","Bueno","Buena","Diurna","Buen Tiempo","Otro","S/D","Colisión","Ninguna","Faltante","Ninguna","Sin restricción"
2014,1570,24/02/2014,"Lunes",0,17:00:00,,"0.0",2,"Automóvil,Moto/Ciclomotor","Av Blas Parera Y Gorriti",2,1,0,0,1,0,0,,"Avenida",,"SANTA FE","La Capital","Asfalto","S/D","I","Dentro","Urbana","S/D","S/D","Intersección","Bueno","Buena","Diurna","Buen Tiempo","Lateral","S/D","Colisión","S/D","S/D","Cordón divisorio","Sin restricción"
2014,1571,10/02/2014,"Lunes",0,,"Ruta Nacional 177","4.0",2,"Automóvil,Moto/Ciclomotor"," ",2,1,0,0,1,0,0,,"Ruta",177,"VILLA CONSTITUCIÓN","Constitución","Asfalto","No existe","VI","Dentro","Urbana","Ninguna","No existe","Recta","Bueno","Buena","Diurna","Buen Tiempo","Lateral","S/D","Colisión","S/D","Faltante","Ninguna","Sin restricción"
2014,1572,14/02/2014,"Viernes",0,,,"0.0",2,"Moto/Ciclomotor,Automóvil","Juan Bautista Alberdi Y Buenos Aires",2,1,0,0,1,0,0,,"Calle",,"SANTO TOMÉ","La Capital","Asfalto,Ripio","No existe","I","S/D","Urbana","Ninguna","No existe","Intersección","Bueno","Buena","Nocturna,Con luz artificial","Buen Tiempo","Lateral","S/D","Colisión","S/D","S/D","S/D","Sin restricción"
2014,1573,05/02/2014,"Miercoles",0,08:50:00,,"0.0",1,"Moto/Ciclomotor","Ocampo 700",1,1,0,0,0,0,0,,"Calle",,"CAÑADA DE GÓMEZ","Iriondo","Asfalto","No existe","X","Dentro","Urbana","Ninguna","No existe","Recta","Bueno","Buena","Diurna","Buen Tiempo","S/D","S/D","Caída ocupante","S/D","Faltante","Ninguna","Sin restricción"
2014,1574,10/02/2014,"Lunes",0,20:55:00,,"0.0",2,"Moto/Ciclomotor,Automóvil","Pres Domingo Faustino Sarmient Y Juan Jose Castelli",2,1,0,0,0,0,1,,"Calle",,"SANTO TOMÉ","La Capital","Asfalto","Pavimento","I","Dentro","Urbana","S/D","No existe","Intersección","Bueno","Buena","Nocturna","Buen Tiempo","Lateral","S/D","Colisión","Ninguna","Faltante","S/D","S/D"
2014,1575,26/02/2014,"Miercoles",0,23:30:00,,"0.0",2,"Automóvil,Moto/Ciclomotor"," ",3,2,0,0,1,0,0,,"Calle",,"RECONQUISTA","General Obligado","Asfalto","S/D","IX","S/D","S/D","Semáforo","Funciona","Intersección","Bueno","Reducida","Nocturna","Lluvia","Lateral","S/D","Colisión","Agua","S/D","Ninguna","Sin restricción"
2014,1576,21/02/2014,"Viernes",0,,,"0.0",2,"Moto/Ciclomotor,Otros"," ",2,1,0,0,1,0,0,,"S/D",,"VILLA CONSTITUCIÓN","Constitución","S/D","S/D","VI","S/D","Urbana","S/D","S/D","S/D","S/D","S/D","S/D","S/D","S/D","S/D","S/D","S/D","S/D","S/D","S/D"
2014,1577,13/02/2014,"Jueves",0,11:25:00,,"0.0",2,"Automóvil,Otros","Av Gral Paz Y Luciano Torrent",3,1,0,0,1,0,1,,"Avenida",,"SANTA FE","La Capital","Asfalto","No existe","I","Dentro","Urbana","S/D","No existe","Intersección","Bueno","Buena","Diurna","Buen Tiempo","S/D","S/D","Colisión","Ninguna","Faltante","S/D","Sin restricción"
2014,1578,17/02/2014,"Lunes",0,21:30:00,,"0.0",2,"Moto/Ciclomotor,Bicicleta","Ruta 11 Avenida Richieri Y Presidente Bernardino Rivadavi",2,2,0,0,0,0,0,"-31.688138888889,-60.76925","Calle",,"SANTO TOMÉ","La Capital","Ripio","Ripio","I","S/D","Urbana","Ninguna","No existe","Intersección","Con baches","Reducida","Nocturna","Lluvia","S/D","S/D","Atropello","Agua","Faltante","S/D","Sin restricción"
2014,1579,05/02/2014,"Miercoles",0,13:40:00,"Ruta Provincial 1","10.0",2,"Automóvil,Automóvil"," ",2,1,0,0,1,0,0,,"Ruta",1,"ARROYO LEYES","La Capital","Asfalto","Natural","I","Fuera","Urbana","Ninguna","No existe","Recta","Bueno","Buena","Con luz artificial","Otro","De alcance","S/D","Colisión","Ninguna","Faltante","Vegetación","Sin restricción"
2014,1580,11/02/2014,"Martes",0,18:30:00,,"0.0",2,"Moto/Ciclomotor,Automóvil","Alberdi Y Llerena",3,2,0,0,0,0,1,,"Calle",,"SANTA FE","La Capital","Asfalto","Pavimento","I","S/D","Urbana","Ninguna","No existe","Intersección","Bueno","Buena","Atardecer","Buen Tiempo","Frontal","S/D","Colisión","Ninguna","S/D","Ninguna","Sin restricción"
2014,1581,15/02/2014,"Sabado",0,15:35:00,"Ruta Provincial 1","17.8",2,"Automóvil,Pickup/Utilitario"," ",4,2,0,0,2,0,0,,"Ruta",1,"ARROYO LEYES","La Capital","Asfalto","Natural","I","Dentro","Urbana","Ninguna","No existe","Recta","Bueno","Buena","Diurna","Buen Tiempo","Lateral","S/D","Colisión","Ninguna","Horizontal","Línea divisoria pintada","Sin restricción"
2014,1582,24/02/2014,"Lunes",0,20:30:00,"Ruta Nacional 11","0.0",2,"Moto/Ciclomotor,Moto/Ciclomotor","IRIGOYEN Y ALVEAR",2,1,0,0,1,0,0,,"Ruta",11,"RECONQUISTA","General Obligado","Asfalto","S/D","IX","S/D","S/D","Ninguna","S/D","Recta","S/D","S/D","Nocturna","Buen Tiempo","Frontal","S/D","Colisión","S/D","S/D","S/D","S/D"
2014,1583,15/02/2014,"Sabado",0,11:20:00,,"0.0",2,"Moto/Ciclomotor,Bicicleta","Mariano Candioti Y Frutos",3,1,1,0,1,0,0,"-31.685888888889,-60.758138888889","Calle",,"SANTO TOMÉ","La Capital","Asfalto","No existe","I","S/D","Urbana","Ninguna","No existe","Intersección","Bueno","Buena","Diurna","S/D","S/D","S/D","Atropello","S/D","Horizontal","S/D","Sin restricción"
2014,1584,11/02/2014,"Martes",0,11:30:00,,"0.0",2,"Bicicleta,Moto/Ciclomotor","Lavalle Y Gutierrez",2,1,0,0,1,0,0,"-31.626444444444,-60.686666666667","Calle",,"SANTA FE","La Capital","Asfalto","Pavimento","I","S/D","Urbana","Ninguna","No existe","Intersección","Bueno","Buena","Diurna","Buen Tiempo","S/D","S/D","Atropello","S/D","S/D","Ninguna","Sin restricción"
2014,1585,24/02/2014,"Lunes",0,10:00:00,,"0.0",2,"Automóvil,Moto/Ciclomotor","Av Blas Parera Y Gorriti",2,1,0,0,1,0,0,,"Avenida",,"SANTA FE","La Capital","Asfalto","No existe","I","Dentro","Urbana","S/D","S/D","Intersección","Bueno","Buena","Diurna","Buen Tiempo","De alcance","S/D","Colisión","S/D","S/D","Cordón divisorio","Sin restricción"
2014,1586,26/02/2014,"Miercoles",0,23:00:00,,"0.0",2,"Moto/Ciclomotor,Taxi/Remis","Juan Bautista Alberdi Y Hipolito Irigoyen",2,1,0,0,1,0,0,,"Calle",,"SANTO TOMÉ","La Capital","Asfalto","No existe","I","S/D","Urbana","Ninguna","Intermitente","Intersección","Bueno","Buena","Nocturna,Con luz artificial","Buen Tiempo","Lateral","S/D","Colisión","S/D","S/D","Vegetación","Sin restricción"