"anio_acci","nro_acci","fecha","desc_dia","fecha_aprox","hora_aprox","desc_ruta","km","cant_participantes","desc_participante","calle_avenida_km","total","heridos_leves","heridos_graves","heridos_gravisimos","ilesos","fallecidos","sin_datos","posicion_XY","desc_tipo_via","desc_ruta_ori","desc_loc","desc_dpto","desc_tipo_calzada","desc_tipo_banquina","desc_unidad_regional","desc_lugar_calzada","desc_zona","desc_prioridad","desc_estado_semaforo","desc_lugar_via","desc_estado_via","desc_estado_visibilidad","desc_luminosidad","desc_estado_clima","desc_tipo_colision","desc_tipo_atropello","desc_tipo_hecho","desc_pres_calzada","desc_senializacion","desc_separacion_via","desc_restriccion"
2014,1587,22/02/2014,"Sabado",0,21:05:00,,"0.0",2,"Automóvil,Moto/Ciclomotor","Calle 32 - Amenabar Y Calle 17-Bartolome Mitre",2,1,0,0,1,0,0,,"Calle",,"RECONQUISTA","General Obligado","Hormigón","No existe","IX","Dentro","Urbana","S/D","No existe","Intersección","Bueno","Buena","Nocturna,Con luz artificial","Buen Tiempo","Lateral","S/D","Colisión","S/D","Horizontal","Ninguna","Sin restricción"
2014,1588,19/02/2014,"Miercoles",0,19:45:00,,"0.0",2,"Automóvil,Moto/Ciclomotor"," ",2,1,0,0,1,0,0,,"Calle",,"RECONQUISTA","General Obligado","Hormigón","No existe","IX","Dentro","Urbana","Ninguna","No existe","Intersección","Bueno","Reducida polvo","Diurna","Lluvia","Lateral","S/D","Colisión","Agua","Faltante","Ninguna","Sin restricción"
2014,1589,27/02/2014,"Jueves",0,11:30:00,,"0.0",2,"Moto/Ciclomotor,Peatón","Belgrano Y French",4,3,0,0,1,0,0,"-31.59375,-60.686111111111","Calle",,"SANTA FE","La Capital","Asfalto","No existe","I","Dentro","Urbana","Ninguna","No existe","Intersección","Bueno","Buena","Diurna","Buen Tiempo","S/D","S/D","Atropello","S/D","Horizontal","Cordón divisorio","Sin restricción"
2014,1590,14/02/2014,"Viernes",0,17:25:00,,"0.0",2,"Automóvil,Moto/Ciclomotor","Calle 8-Chacabuco Y Calle 27-Gdor Freyre",2,1,0,0,0,0,1,,"Calle",,"RECONQUISTA","General Obligado","Asfalto","S/D","IX","S/D","Urbana","Ninguna","No existe","Intersección","Bueno","Buena","Diurna","Buen Tiempo","Frontal","S/D","Colisión","S/D","S/D","Ninguna","S/D"
2014,1591,23/02/2014,"Domingo",0,20:40:00,,"0.0",2,"Automóvil,Moto/Ciclomotor","Av Gral Paz Y Ricardo Aldao",3,1,0,0,0,0,2,,"Avenida",,"SANTA FE","La Capital","Asfalto","Pavimento","I","S/D","Urbana","S/D","S/D","Recta","Bueno","Buena","Nocturna","Buen Tiempo","Lateral","S/D","Colisión","Ninguna","Vertical","S/D","Sin restricción"
2014,1592,11/02/2014,"Martes",0,19:40:00,,"0.0",2,"Peatón,Automóvil","Calle 16 Gral Obligado Y Calle 21-Gdor. iriondo",2,1,0,0,1,0,0,,"Calle",,"RECONQUISTA","General Obligado","Hormigón","No existe","IX","Dentro","Urbana","Ninguna","No existe","Recta","Bueno","Buena","Diurna","Buen Tiempo","S/D","S/D","Atropello","S/D","Horizontal","Ninguna","Sin restricción"
2014,1593,10/02/2014,"Lunes",0,19:20:00,,"0.0",2,"Moto/Ciclomotor,Automóvil","Calle 22- 25 de Mayo Y Calle 11-Alvear",4,0,0,0,0,0,4,,"Calle",,"RECONQUISTA","General Obligado","Asfalto","S/D","IX","S/D","S/D","Ninguna","No existe","Intersección","Bueno","Buena","Diurna","S/D","Lateral","S/D","Colisión","S/D","S/D","Ninguna","S/D"
2014,1594,07/02/2014,"Viernes",0,10:40:00,,"0.0",2,"Moto/Ciclomotor,Pickup/Utilitario","Buenos Aires Y Pbro Marozi",2,1,0,0,1,0,0,,"Calle",,"SANTA ROSA DE CALCHINES","Garay","Hormigón","Pavimento","VII","S/D","Urbana","Ninguna","No existe","Intersección","Bueno","Buena","Diurna","Buen Tiempo","Frontal","S/D","Colisión","S/D","Faltante","Ninguna","Sin restricción"
2014,1595,24/02/2014,"Lunes",0,,"Ruta Provincial 1","13.5",2,"Automóvil,Automóvil"," ",3,2,0,0,1,0,0,,"Ruta",1,"ARROYO LEYES","La Capital","Asfalto","Natural","I","Dentro","Urbana","Marca Vial","No existe","Recta","Bueno","Buena","Con luz artificial","Buen Tiempo","De alcance","S/D","Colisión","Ninguna","Vertical","Vegetación","Sin restricción"
2014,1596,01/02/2014,"Sabado",0,11:30:00,,"0.0",2,"Moto/Ciclomotor,Automóvil","Calle 16 Y Calle 15",2,0,1,0,1,0,0,,"Calle",,"AVELLANEDA","General Obligado","Asfalto","Pavimento","IX","S/D","Urbana","Ninguna","No existe","Intersección","Bueno","Buena","Diurna","Buen Tiempo","Lateral","S/D","Colisión","Otro","Faltante","Ninguna","Sin restricción"
2014,1597,24/02/2014,"Lunes",0,12:10:00,,"0.0",2,"Automóvil,Moto/Ciclomotor","Belgrano 2700",2,1,0,0,1,0,0,,"Calle",,"SANTA FE","La Capital","Asfalto","No existe","I","Dentro","Urbana","Ninguna","No existe","Intersección","Bueno","Buena","Diurna","Buen Tiempo","Lateral","S/D","Colisión","S/D","Vertical","Ninguna","Sin restricción"
2014,1598,11/02/2014,"Martes",0,11:45:00,"Ruta Nacional 11","0.0",2,"Automóvil,Moto/Ciclomotor","Calle 31-Newbery Y Ruta Nacional 11",2,1,0,0,1,0,0,,"Ruta",11,"RECONQUISTA","General Obligado","Asfalto","No existe","IX","Dentro","Urbana","Ninguna","No existe","Recta","Bueno","Buena","Diurna","Buen Tiempo","S/D","S/D","Colisión","Otro","Faltante","Ninguna","Sin restricción"
2014,1599,10/02/2014,"Lunes",0,09:00:00,,"0.0",2,"Moto/Ciclomotor,Automóvil","Calle 20 9 de Julio 450",2,1,0,0,1,0,0,,"Calle",,"RECONQUISTA","General Obligado","Hormigón","No existe","IX","Dentro","Urbana","Ninguna","No existe","Recta","Bueno","Buena","Diurna","Buen Tiempo","Lateral","S/D","Colisión","S/D","Faltante","Cordón divisorio","Sin restricción"
2014,1600,23/02/2014,"Domingo",0,03:10:00,"Ruta Provincial 1","24.5",2,"Moto/Ciclomotor,Moto/Ciclomotor"," ",2,1,1,0,0,0,0,,"Ruta",1,"LOS ZAPALLOS","Garay","Asfalto","No existe","VII","Dentro","Urbana","Marca Vial","Intermitente","Puente","Bueno","Reducida","Nocturna,Con luz artificial","Buen Tiempo","De alcance","S/D","Colisión","S/D","S/D","Línea divisoria pintada","Sin restricción"
2014,1601,04/02/2014,"Martes",0,19:30:00,"Ruta Provincial 1","2.0",1,"Moto/Ciclomotor"," ",2,1,0,0,1,0,0,,"Ruta",1,"COLASTINE","La Capital","Asfalto","Natural","I","Dentro","Urbana","Semáforo","Funciona","Recta","Bueno","Buena","Nocturna","Buen Tiempo","Lateral","S/D","Colisión","S/D","Horizontal","Línea divisoria pintada","Sin restricción"
2014,1602,26/02/2014,"Miercoles",0,12:30:00,,"0.0",2,"Moto/Ciclomotor,Automóvil","Mariano Moreno Y Aaron Castellanos",3,2,0,0,1,0,0,,"Calle",,"ESPERANZA","Las Colonias","Asfalto","Pavimento","XI","Dentro","Urbana","Otra Señal","No existe","Intersección","Bueno","Buena","Diurna","Buen Tiempo","Frontal","S/D","Colisión","S/D","S/D","Línea divisoria pintada","Sin restricción"
2014,1603,10/02/2014,"Lunes",0,19:20:00,,"0.0",2,"Moto/Ciclomotor,Moto/Ciclomotor","Roca Pte Y Calle 21-Gdor. iriondo",3,2,0,0,0,0,1,,"Calle",,"RECONQUISTA","General Obligado","Asfalto","No existe","IX","S/D","S/D","Ninguna","No existe","Intersección","Bueno","Buena","Nocturna","Buen Tiempo","Lateral","S/D","Colisión","S/D","S/D","Ninguna","Sin restricción"
2014,1604,06/02/2014,"Jueves",0,,,"0.0",2,"Moto/Ciclomotor,Automóvil","Lisandro de la Torre Y San Martin",2,1,0,0,1,0,0,,"Avenida",,"VILLA CONSTITUCIÓN","Constitución","Asfalto","Pavimento","VI","S/D","Urbana","Ninguna","No existe","Intersección","Otro","Buena","Diurna","Buen Tiempo","Lateral","S/D","Colisión","S/D","Faltante","Ninguna","Sin restricción"
2014,1605,06/02/2014,"Jueves",0,22:00:00,,"0.0",2,"Moto/Ciclomotor,Moto/Ciclomotor","Mariano Candioti Y Juan Bautista Alberdi",2,2,0,0,0,0,0,,"Avenida",,"SANTO TOMÉ","La Capital","S/D","S/D","I","S/D","Urbana","S/D","Funciona","Intersección","Bueno","Buena","Nocturna,Con luz artificial","Buen Tiempo","Lateral","S/D","Colisión","S/D","Vertical","S/D","S/D"
2014,1606,28/02/2014,"Viernes",0,19:40:00,,"0.0",2,"Moto/Ciclomotor,Automóvil","Domingo Faustino Sarmiento Y Runciman",2,1,0,0,1,0,0,,"Calle",,"VENADO TUERTO","General López","Asfalto","No existe","VIII","S/D","Urbana","S/D","No existe","Intersección","Bueno","Buena","Diurna","Buen Tiempo","Lateral","S/D","Colisión","S/D","Faltante","S/D","Sin restricción"
2014,1607,02/02/2014,"Domingo",0,14:15:00,,"0.0",2,"Moto/Ciclomotor,Bicicleta","Calle 25 - Pietropaolo 1600",2,1,0,0,0,0,1,,"Calle",,"RECONQUISTA","General Obligado","Asfalto","S/D","IX","S/D","S/D","Ninguna","Funciona","Recta","Bueno","Buena","Diurna","Otro","S/D","S/D","Atropello","S/D","S/D","Ninguna","Sin restricción"
2014,1608,02/02/2014,"Domingo",0,21:20:00,,"0.0",2,"Automóvil,Automóvil","Lavalle Y Gutierrez",4,3,0,0,0,0,1,,"Calle",,"SANTA FE","La Capital","Asfalto","Pavimento","I","S/D","Urbana","Ninguna","No existe","Curva","Bueno","Buena","Nocturna","Buen Tiempo","Lateral","S/D","Colisión","S/D","S/D","Ninguna","Sin restricción"
2014,1609,13/02/2014,"Jueves",0,12:15:00,,"0.0",1,"Moto/Ciclomotor","San Martin Y Santa Fe",1,1,0,0,0,0,0,,"Calle",,"MALABRIGO","General Obligado","Asfalto","S/D","IX","Dentro","Urbana","S/D","S/D","Intersección","Bueno","S/D","S/D","Buen Tiempo","S/D","S/D","Caída ocupante","S/D","Vertical","S/D","S/D"
2014,1610,02/02/2014,"Domingo",0,20:30:00,"Ruta Provincial 32","0.0",2,"Bicicleta,Moto/Ciclomotor"," ",5,4,1,0,0,0,0,,"Ruta",32,"SANTA ANA","General Obligado","Asfalto","Natural","IX","S/D","Rural","Ninguna","No existe","Recta","Bueno","Buena","Nocturna","Buen Tiempo","S/D","S/D","Atropello","Ninguna","Faltante","Ninguna","Sin restricción"
2014,1611,16/02/2014,"Domingo",0,19:00:00,,"0.0",2,"Automóvil,Moto/Ciclomotor","Av Santa Fe 3100",2,1,0,0,1,0,0,,"Calle",,"SANTA FE","La Capital","Asfalto","S/D","I","S/D","Urbana","Ninguna","No existe","Intersección","Bueno","Buena","Nocturna,Con luz artificial","Buen Tiempo","Frontal","S/D","Colisión","Ninguna","Faltante","Ninguna","Sin restricción"
2014,1612,04/02/2014,"Martes",0,01:30:00,,"0.0",2,"Moto/Ciclomotor,Automóvil","Av Almte Brown 5700",2,1,1,0,0,0,0,,"Avenida",,"SANTA FE","La Capital","Hormigón","No existe","I","S/D","Urbana","Ninguna","No existe","Recta","Bueno","Buena","Con luz artificial","Buen Tiempo","Lateral","S/D","Colisión","Ninguna","S/D","Ninguna","Sin restricción"
2014,1613,26/02/2014,"Miercoles",0,20:00:00,,"0.0",2,"Moto/Ciclomotor,Otros","Lamadrid 202",2,1,0,0,0,0,1,,"S/D",,"SANTA FE","La Capital","Asfalto","No existe","II","S/D","Urbana","Ninguna","No existe","Cruce","Bueno","Buena","Nocturna","Buen Tiempo","Lateral","S/D","Colisión","S/D","Horizontal","Ninguna","Sin restricción"
2014,1614,04/02/2014,"Martes",0,10:00:00,,"0.0",2,"Automóvil,Peatón","Av Circunvalación 3000",2,1,0,0,1,0,0,"-31.641305555556,-60.740305555556","Avenida",,"SANTA FE","La Capital","Asfalto","Pavimento","I","S/D","Urbana","Ninguna","No existe","Recta","Bueno","Buena","Diurna","Buen Tiempo","S/D","S/D","Atropello","Ninguna","Faltante","Guardarrail","Sin restricción"
2014,1615,02/02/2014,"Domingo",0,21:20:00,,"0.0",2,"Automóvil,Otros","Lavalle Y Gorostiaga",3,2,0,0,0,0,1,,"Calle",,"SANTA FE","La Capital","Hormigón","No existe","I","S/D","Urbana","Ninguna","No existe","Intersección","Bueno","Buena","Nocturna,Con luz artificial","Buen Tiempo","Lateral","S/D","Colisión","Ninguna","S/D","Ninguna","Sin restricción"
2014,1616,01/02/2014,"Sabado",0,15:20:00,,"0.0",2,"Moto/Ciclomotor,Automóvil","Av Freyre Y Moreno",2,1,0,0,0,0,1,,"S/D",,"SANTA FE","La Capital","Asfalto","S/D","II","S/D","Urbana","Ninguna","S/D","Curva","Bueno","S/D","S/D","Buen Tiempo","Lateral","S/D","Colisión","S/D","Horizontal","Ninguna","S/D"
2014,1617,01/02/2014,"Sabado",0,15:00:00,,"0.0",2,"Moto/Ciclomotor,Taxi/Remis","Carlos Chapearouge Y Juan Jose Castelli",2,1,0,0,1,0,0,,"S/D",,"SANTO TOMÉ","La Capital","Tierra","S/D","I","S/D","Urbana","Ninguna","S/D","S/D","Deteriorada","Buena","Diurna","S/D","S/D","S/D","S/D","S/D","S/D","S/D","S/D"
2014,1618,15/02/2014,"Sabado",0,15:00:00,,"0.0",2,"Moto/Ciclomotor,Automóvil","Avellaneda Y Lavaisse",2,1,0,0,0,0,1,,"Calle",,"SANTA FE","La Capital","Hormigón","No existe","I","S/D","Urbana","Ninguna","No existe","Intersección","Bueno","Buena","Diurna","Buen Tiempo","Lateral","S/D","Colisión","Ninguna","S/D","Ninguna","Sin restricción"
2014,1619,04/02/2014,"Martes",0,15:45:00,,"0.0",2,"Moto/Ciclomotor,Automóvil","Uruguay Y Av Freyre",3,1,1,0,0,0,1,,"S/D",,"SANTA FE","La Capital","Asfalto","No existe","II","S/D","Urbana","Ninguna","No existe","Curva","Bueno","Buena","Diurna","Buen Tiempo","Lateral","S/D","Colisión","S/D","Horizontal","Ninguna","Sin restricción"
2014,1620,01/02/2014,"Sabado",0,11:35:00,,"0.0",1,"Moto/Ciclomotor","Laprida Y Derqui",1,0,1,0,0,0,0,,"Calle",,"CAÑADA DE GÓMEZ","Iriondo","Asfalto","No existe","X","Dentro","Urbana","Ninguna","No existe","Recta","Con baches,Deteriorada","Buena","Diurna","Buen Tiempo","S/D","S/D","Caída ocupante","S/D","Faltante","Ninguna","Sin restricción"
2014,1621,16/02/2014,"Domingo",0,,,"0.0",1,"Moto/Ciclomotor","Almirante Brown Y Tucuman",3,2,0,0,1,0,0,,"Calle",,"MALABRIGO","General Obligado","Tierra","S/D","IX","S/D","Urbana","S/D","S/D","Intersección","Bueno","S/D","S/D","Buen Tiempo","S/D","S/D","S/D","S/D","S/D","S/D","S/D"
2014,1622,14/02/2014,"Viernes",0,19:00:00,,"0.0",2,"Automóvil,Moto/Ciclomotor","Boulevard General Belgrano Y Santiago",2,1,0,0,1,0,0,,"Calle",,"SALTO GRANDE","Iriondo","Ripio","No existe","X","Dentro","Urbana","Ninguna","No existe","Intersección","S/D","Buena","Atardecer","Otro","S/D","S/D","Colisión","S/D","S/D","Ninguna","Sin restricción"
2014,1623,05/02/2014,"Miercoles",0,22:00:00,,"0.0",2,"Moto/Ciclomotor,Automóvil","Lavalle Y Pje Pasteur",2,1,0,0,0,0,1,,"S/D",,"SANTA FE","La Capital","Asfalto","No existe","II","S/D","Urbana","Ninguna","No existe","Curva","Bueno","Buena","Nocturna","Buen Tiempo","Lateral","S/D","Colisión","S/D","Horizontal","Ninguna","Sin restricción"
2014,1624,06/02/2014,"Jueves",0,10:00:00,,"0.0",2,"Moto/Ciclomotor,Automóvil","RUTA NAC. 11 Y ROLON",2,1,0,0,0,0,1,,"S/D",,"SANTA FE","La Capital","Asfalto","No existe","II","S/D","Urbana","Ninguna","No existe","Recta","Bueno","Buena","Diurna","Buen Tiempo","Lateral","S/D","Colisión","S/D","Faltante","S/D","Sin restricción"
2014,1625,07/02/2014,"Viernes",0,19:00:00,,"0.0",2,"Moto/Ciclomotor,Moto/Ciclomotor","Rafaela 2600",2,1,0,0,1,0,0,,"S/D",,"ESPERANZA","Las Colonias","Ripio","No existe","XI","Dentro","Urbana","Ninguna","No existe","Recta","Bueno","Buena","Diurna","Buen Tiempo","Lateral","S/D","Colisión","S/D","Faltante","Ninguna","Sin restricción"
2014,1626,07/02/2014,"Viernes",0,15:45:00,,"0.0",2,"Moto/Ciclomotor,Automóvil","3 de Febrero Y San Jose",2,1,0,0,0,0,1,,"S/D",,"SANTA FE","La Capital","Asfalto","No existe","II","S/D","Urbana","Ninguna","No existe","Curva","Bueno","Buena","Diurna","Buen Tiempo","Lateral","S/D","Colisión","S/D","Horizontal","Ninguna","Sin restricción"
2014,1627,03/02/2014,"Lunes",0,07:50:00,,"0.0",2,"Moto/Ciclomotor,Pickup/Utilitario","General Manuel Belgrano Y Castelli",2,1,0,0,1,0,0,,"Calle",,"ESPERANZA","Las Colonias","Asfalto","No existe","XI","Dentro","Urbana","Ninguna","No existe","Intersección","Resbaladiza","Reducida","Diurna","Lluvia","Lateral","S/D","Colisión","Agua","Horizontal","Cordón divisorio","Sin restricción"
2014,1628,28/02/2014,"Viernes",0,19:35:00,,"0.0",2,"Moto/Ciclomotor,Pickup/Utilitario","Domingo Faustino Sarmiento ",2,1,0,0,1,0,0,,"Avenida",,"VENADO TUERTO","General López","Asfalto","Pavimento","VIII","S/D","Urbana","Ninguna","No existe","Intersección","Bueno","Buena","Atardecer","Buen Tiempo","Lateral","S/D","Colisión","S/D","Faltante","Línea divisoria pintada","Sin restricción"
2014,1629,07/02/2014,"Viernes",0,21:45:00,,"0.0",2,"Bicicleta,Moto/Ciclomotor","Dr Zavalla Y Entre Rios",2,1,0,0,0,0,1,"-31.657694444444,-60.723583333333","S/D",,"SANTA FE","La Capital","Asfalto","No existe","II","S/D","Urbana","Ninguna","No existe","Curva","Bueno","Buena","Nocturna","Buen Tiempo","Lateral","S/D","Atropello","S/D","Horizontal","S/D","Sin restricción"
2014,1630,10/02/2014,"Lunes",0,14:30:00,,"0.0",2,"Automóvil,Moto/Ciclomotor","Cullen Y 1 de Mayo",2,0,1,0,1,0,0,,"Calle",,"ESPERANZA","Las Colonias","Asfalto","No existe","XI","Dentro","Urbana","Ninguna","No existe","Intersección","Bueno","Buena","Diurna","Buen Tiempo","Frontal,Lateral","S/D","Colisión","S/D","Faltante","Ninguna","Sin restricción"
2014,1631,18/03/2014,"Martes",0,23:00:00,,"0.0",2,"Moto/Ciclomotor,Automóvil","Ayacucho Y Rueda",2,1,0,0,1,0,0,,"Calle",,"ROSARIO","Rosario","Asfalto","No existe","II","S/D","Urbana","Marca Vial","No existe","Intersección","Bueno","Buena","Nocturna,Con luz artificial","Buen Tiempo","Lateral","S/D","Colisión","Ninguna","Vertical","Línea divisoria pintada","Sin restricción"
2014,1632,23/02/2014,"Domingo",0,01:30:00,,"0.0",2,"Automóvil,Moto/Ciclomotor","Chacabuco Y Nicolas Schneider",2,1,0,0,1,0,0,,"Calle",,"ESPERANZA","Las Colonias","Asfalto","No existe","XI","S/D","Urbana","Ninguna","No existe","Intersección","Bueno","Buena","Nocturna","Buen Tiempo","Frontal,Lateral","S/D","Colisión","S/D","S/D","Ninguna","Sin restricción"
2014,1633,28/02/2014,"Viernes",0,18:55:00,,"0.0",2,"Moto/Ciclomotor,Pickup/Utilitario","Juan Jose Castelli Y Alberto de Brouckere",2,1,0,0,1,0,0,,"Calle",,"VENADO TUERTO","General López","Asfalto","No existe","VIII","S/D","Urbana","S/D","No existe","Recta","Bueno","Buena","Atardecer","Buen Tiempo","Frontal","S/D","Colisión","S/D","S/D","Ninguna","Sin restricción"
2014,1634,14/03/2014,"Viernes",0,15:00:00,,"0.0",2,"Automóvil,Automóvil","Laprida Y Amenabar",2,1,0,0,1,0,0,,"Calle",,"ROSARIO","Rosario","Asfalto","No existe","II","Dentro","Urbana","Marca Vial","No existe","Intersección","Bueno","Buena","Diurna","Buen Tiempo","Lateral","S/D","Colisión","Ninguna","Vertical","Línea divisoria pintada","Sin restricción"
2014,1635,10/02/2014,"Lunes",0,17:00:00,"Ruta Provincial 2","0.0",2,"Moto/Ciclomotor,Automóvil"," ",2,0,1,0,1,0,0,,"Ruta",2,"LAGUNA PAIVA","La Capital","Tierra","Natural","I","S/D","Rural","Ninguna","No existe","Intersección","Deteriorada","Reducida polvo","Diurna","Buen Tiempo","Lateral","S/D","Colisión","S/D","Faltante","S/D","Sin restricción"
2014,1636,19/02/2014,"Miercoles",0,16:30:00,,"0.0",2,"Automóvil,Moto/Ciclomotor","Av San Martin Y Boassi",4,0,1,0,1,0,2,,"Avenida",,"LAGUNA PAIVA","La Capital","Asfalto","Pavimento","I","S/D","Urbana","Semáforo","Funciona","Intersección","Bueno","Buena","Diurna","Buen Tiempo","Lateral","S/D","Colisión","S/D","Vertical","Cordón divisorio","Sin restricción"
2014,1637,18/03/2014,"Martes",0,16:00:00,,"0.0",2,"Peatón,Automóvil","L.N.Alem Y Rueda",2,1,0,0,1,0,0,,"Calle",,"ROSARIO","Rosario","Asfalto","S/D","II","Dentro","Urbana","Marca Vial","No existe","Intersección","Bueno","Buena","Diurna","Buen Tiempo","S/D","S/D","Atropello","Ninguna","Vertical","Línea divisoria pintada","Sin restricción"
2014,1638,08/02/2014,"Sabado",0,22:00:00,,"0.0",2,"Moto/Ciclomotor,Automóvil","Dr Zavalla Y 3 de Febrero",2,1,0,0,0,0,1,,"S/D",,"SANTA FE","La Capital","Asfalto","No existe","II","S/D","Urbana","Ninguna","No existe","Curva","Bueno","Buena","Nocturna","Buen Tiempo","Lateral","S/D","Colisión","S/D","Horizontal","Ninguna","Sin restricción"
2014,1639,02/03/2014,"Domingo",0,08:30:00,,"0.0",2,"Moto/Ciclomotor,Automóvil","Cordoba Y Av. Provincias Unidas",3,2,0,0,1,0,0,,"Calle",,"ROSARIO","Rosario","Asfalto","No existe","II","Dentro","Urbana","Marca Vial","No existe","Intersección","Bueno","Buena","Diurna","Buen Tiempo","Lateral","S/D","Colisión","Ninguna","Vertical","S/D","Sin restricción"
2014,1640,15/02/2014,"Sabado",0,16:10:00,"Ruta Nacional 11","0.0",2,"Moto/Ciclomotor,Automóvil","Av San Martin Y N Peña",3,1,0,0,2,0,0,,"Ruta",11,"SAN LORENZO","San Lorenzo","S/D","S/D","XVII","S/D","S/D","S/D","S/D","S/D","S/D","S/D","Diurna","S/D","S/D","S/D","S/D","S/D","S/D","S/D","S/D"
2014,1641,16/02/2014,"Domingo",0,15:45:00,,"0.0",2,"Automóvil,Automóvil","Juan de Garay Y San Lorenzo",2,1,0,0,0,0,1,,"S/D",,"SANTA FE","La Capital","Asfalto","No existe","II","S/D","Urbana","Ninguna","No existe","Curva","Bueno","Buena","Diurna","Buen Tiempo","Lateral","S/D","Colisión","S/D","Horizontal","Ninguna","Sin restricción"
2014,1642,20/03/2014,"Jueves",0,16:00:00,,"0.0",2,"Moto/Ciclomotor,Automóvil","J.M.de Rosas Y Ayolas",2,1,0,0,1,0,0,,"Calle",,"ROSARIO","Rosario","Asfalto","No existe","II","Dentro","Urbana","Marca Vial","Intermitente","Intersección","Bueno","Buena","Atardecer","Buen Tiempo","De alcance","S/D","Colisión","Ninguna","Vertical","Línea divisoria pintada","Sin restricción"
2014,1643,12/03/2014,"Miercoles",0,22:00:00,,"0.0",2,"Moto/Ciclomotor,Automóvil","Laprida Y Buenos Aires",3,2,0,0,1,0,0,,"Calle",,"ROSARIO","Rosario","Asfalto","No existe","II","Dentro","Urbana","Marca Vial","No existe","Intersección","Bueno","Buena","Nocturna,Con luz artificial","Buen Tiempo","Lateral","S/D","Colisión","Ninguna","Horizontal","Línea divisoria pintada","Sin restricción"
2014,1644,20/03/2014,"Jueves",0,19:30:00,,"0.0",2,"Automóvil,Automóvil","Ayacucho Y Pje. Guillermo Penn Bis",2,1,0,0,1,0,0,,"Calle",,"ROSARIO","Rosario","Asfalto","No existe","II","Dentro","Urbana","Marca Vial","No existe","Intersección","Bueno","Buena","Nocturna,Con luz artificial","Buen Tiempo","Lateral","S/D","Colisión","Ninguna","Vertical","Línea divisoria pintada","Sin restricción"
2014,1645,28/03/2014,"Viernes",0,23:50:00,,"0.0",2,"Peatón,Otros","Av. Ntra.Sra.del Rosario Y El Mangrullo",2,1,0,0,0,0,1,,"Calle",,"ROSARIO","Rosario","Asfalto","No existe","II","Dentro","Urbana","Ninguna","No existe","Intersección","Con baches","S/D","Nocturna","Buen Tiempo","S/D","S/D","Atropello","S/D","S/D","Ninguna","Sin restricción"
2014,1646,17/02/2014,"Lunes",0,03:04:00,,"0.0",2,"Pickup/Utilitario,Tracción animal / Carro","PUENTE CARRETERO ",2,1,0,0,0,0,1,,"S/D",,"SANTA FE","La Capital","Asfalto","No existe","II","S/D","Urbana","Ninguna","No existe","Recta","Bueno","Buena","Nocturna","Buen Tiempo","Atropello animal","S/D","Colisión","Ninguna","Faltante","Ninguna","Sin restricción"
2014,1647,19/03/2014,"Miercoles",0,18:30:00,,"0.0",2,"Pickup/Utilitario,Moto/Ciclomotor","Leiva Y Sanchez de Bustamante",2,0,1,0,0,0,1,,"Calle",,"ROSARIO","Rosario","Asfalto","No existe","II","Dentro","Urbana","Ninguna","No existe","Intersección","Bueno","Buena","Atardecer","Buen Tiempo","Lateral","S/D","Colisión","S/D","S/D","Ninguna","Sin restricción"
2014,1648,02/03/2014,"Domingo",0,05:30:00,,"0.0",2,"Moto/Ciclomotor,Automóvil","Ayolas Y Buenos Aires",2,1,0,0,1,0,0,,"Calle",,"ROSARIO","Rosario","Asfalto","S/D","II","Dentro","Urbana","Marca Vial","S/D","Intersección","Bueno","Buena","Nocturna","Buen Tiempo","Lateral","S/D","Colisión","Ninguna","Horizontal","S/D","Sin restricción"
2014,1649,18/02/2014,"Martes",0,08:20:00,,"0.0",2,"Moto/Ciclomotor,Moto/Ciclomotor"," ",2,1,0,0,0,0,1,,"S/D",,"SANTA FE","La Capital","Asfalto","No existe","II","S/D","Urbana","Ninguna","No existe","Recta","Bueno","Buena","Diurna","Buen Tiempo","De alcance","S/D","Colisión","S/D","Faltante","Ninguna","Sin restricción"
2014,1650,20/03/2014,"Jueves",0,19:30:00,,"0.0",2,"Moto/Ciclomotor,Automóvil","Bv. 27 De Febrero Y Av. Corrientes",2,1,0,0,1,0,0,,"Avenida",,"ROSARIO","Rosario","Asfalto","No existe","II","Dentro","Urbana","Semáforo","Funciona","Intersección","Bueno","Buena","Nocturna,Con luz artificial","Buen Tiempo","De alcance","S/D","Colisión","Ninguna","Vertical","Línea divisoria pintada","Sin restricción"