"anio_acci","nro_acci","fecha","desc_dia","fecha_aprox","hora_aprox","desc_ruta","km","cant_participantes","desc_participante","calle_avenida_km","total","heridos_leves","heridos_graves","heridos_gravisimos","ilesos","fallecidos","sin_datos","posicion_XY","desc_tipo_via","desc_ruta_ori","desc_loc","desc_dpto","desc_tipo_calzada","desc_tipo_banquina","desc_unidad_regional","desc_lugar_calzada","desc_zona","desc_prioridad","desc_estado_semaforo","desc_lugar_via","desc_estado_via","desc_estado_visibilidad","desc_luminosidad","desc_estado_clima","desc_tipo_colision","desc_tipo_atropello","desc_tipo_hecho","desc_pres_calzada","desc_senializacion","desc_separacion_via","desc_restriccion"
2014,1651,15/03/2014,"Sabado",0,23:00:00,,"0.0",2,"Moto/Ciclomotor,Automóvil","Anchorena Y Av. Bermudez",3,2,0,0,1,0,0,,"Avenida",,"ROSARIO","Rosario","Asfalto","No existe","II","Dentro","Urbana","Ninguna","No existe","Intersección","Bueno","Buena","Nocturna","S/D","De alcance","S/D","Colisión","S/D","S/D","Ninguna","Sin restricción"
2014,1652,02/03/2014,"Domingo",0,08:00:00,,"0.0",2,"Moto/Ciclomotor,Automóvil","Buenos Aires 1300",2,1,0,0,1,0,0,,"Calle",,"ROSARIO","Rosario","Asfalto","No existe","II","Dentro","Urbana","Marca Vial","No existe","Recta","Bueno","Buena","Diurna","Buen Tiempo","Lateral","S/D","Colisión","Ninguna","S/D","Línea divisoria pintada","Sin restricción"
2014,1653,20/02/2014,"Jueves",0,03:00:00,,"0.0",2,"Moto/Ciclomotor,Automóvil","Juan de Garay Y Lamadrid",2,1,0,0,0,0,1,,"S/D",,"SANTA FE","La Capital","Asfalto","No existe","II","S/D","Urbana","Ninguna","No funciona","Curva","Bueno","Buena","Nocturna","Buen Tiempo","Lateral","S/D","Colisión","Ninguna","Horizontal","Ninguna","Sin restricción"
2014,1654,17/03/2014,"Lunes",0,,,"0.0",2,"Moto/Ciclomotor,Automóvil","Buenos Aires Y Reg.11 de Infanteria",2,1,0,0,1,0,0,,"S/D",,"ROSARIO","Rosario","Asfalto","No existe","II","S/D","S/D","Señal Pare","No existe","Intersección","Bueno","S/D","S/D","S/D","Lateral","S/D","Colisión","S/D","Vertical","Ninguna","Sin restricción"
2014,1655,18/03/2014,"Martes",0,23:50:00,,"0.0",2,"Moto/Ciclomotor,Automóvil","Necochea Y Pte.Quintana",2,1,0,0,1,0,0,,"Calle",,"ROSARIO","Rosario","Asfalto","No existe","II","Dentro","Urbana","Marca Vial","No existe","Intersección","Bueno","Buena","Nocturna,Con luz artificial","Buen Tiempo","Lateral","S/D","Colisión","Ninguna","Vertical","Línea divisoria pintada","Sin restricción"
2014,1656,02/03/2014,"Domingo",0,08:30:00,,"0.0",2,"Moto/Ciclomotor,Pickup/Utilitario","Bv. Segui Y Maipu",3,2,0,0,1,0,0,,"Calle",,"ROSARIO","Rosario","Asfalto","No existe","II","Dentro","Urbana","Marca Vial","No existe","Intersección","Bueno","Buena","Diurna","Buen Tiempo","Lateral","S/D","Colisión","Ninguna","Vertical","Línea divisoria pintada","Sin restricción"
2014,1657,23/03/2014,"Domingo",0,01:45:00,,"0.0",1,"Automóvil","Pasaje Plaza oeste 774",4,4,0,0,0,0,0,,"Calle",,"AVELLANEDA","General Obligado","Tierra","No existe","IX","S/D","S/D","Ninguna","No existe","Recta","Bueno","Buena","Nocturna","Buen Tiempo","Contra objeto fijo","S/D","Colisión","S/D","Faltante","Ninguna","Sin restricción"
2014,1658,12/03/2014,"Miercoles",0,22:00:00,,"0.0",2,"Moto/Ciclomotor,Automóvil","Laprida Y Buenos Aires",3,2,0,0,1,0,0,,"Calle",,"ROSARIO","Rosario","Asfalto","No existe","II","Dentro","Urbana","Marca Vial","No existe","Intersección","Bueno","Buena","Nocturna,Con luz artificial","Buen Tiempo","Lateral","S/D","Colisión","Ninguna","Vertical","Línea divisoria pintada","Sin restricción"
2014,1659,10/03/2014,"Lunes",0,20:00:00,,"0.0",2,"Automóvil,Peatón","Dr.Rivas Y Paraguay",2,1,0,0,1,0,0,,"Calle",,"ROSARIO","Rosario","Asfalto","S/D","II","Dentro","Urbana","Ninguna","S/D","Intersección","Bueno","Buena","Nocturna","Buen Tiempo","S/D","S/D","Atropello","Ninguna","Faltante","Ninguna","Sin restricción"
2014,1660,03/03/2014,"Lunes",0,17:00:00,,"0.0",2,"Pickup/Utilitario,Moto/Ciclomotor","España Y Galvez",3,1,0,0,0,0,2,,"Calle",,"ROSARIO","Rosario","S/D","S/D","II","Dentro","Urbana","S/D","S/D","S/D","S/D","S/D","S/D","S/D","S/D","S/D","S/D","S/D","S/D","S/D","S/D"
2014,1661,03/03/2014,"Lunes",0,20:25:00,,"0.0",2,"Moto/Ciclomotor,Automóvil","Chacabuco Y Centeno",2,1,0,0,1,0,0,,"Calle",,"ROSARIO","Rosario","Asfalto","No existe","II","Dentro","Urbana","Marca Vial","No existe","Intersección","Bueno","Buena","Nocturna,Con luz artificial","Buen Tiempo","Lateral","S/D","Colisión","Ninguna","Vertical","Línea divisoria pintada","Sin restricción"
2014,1662,07/03/2014,"Viernes",0,18:40:00,,"0.0",2,"Bicicleta,Automóvil","Entre Rios Y Ocampo",2,1,0,0,1,0,0,,"Calle",,"ROSARIO","Rosario","S/D","S/D","II","S/D","Urbana","S/D","S/D","S/D","S/D","S/D","Atardecer","S/D","S/D","S/D","Atropello","S/D","S/D","S/D","S/D"
2014,1663,27/03/2014,"Jueves",0,19:15:00,,"0.0",2,"Moto/Ciclomotor,Automóvil","Necochea Y Amenabar",2,1,0,0,1,0,0,,"Calle",,"ROSARIO","Rosario","Asfalto","No existe","II","Dentro","Urbana","Marca Vial","No existe","Intersección","Bueno","Buena","Nocturna,Con luz artificial","Buen Tiempo","Lateral","S/D","Colisión","Ninguna","Vertical","Línea divisoria pintada","Sin restricción"
2014,1664,23/03/2014,"Domingo",0,19:10:00,,"0.0",2,"Automóvil,Moto/Ciclomotor","Calle 10 Y Calle 21",3,2,0,0,1,0,0,,"Calle",,"LAS TOSCAS","General Obligado","Asfalto","No existe","IX","Dentro","Urbana","S/D","No existe","Recta","Bueno","Buena","Diurna","Buen Tiempo","Lateral","S/D","Colisión","S/D","Horizontal","Cordón divisorio","Sin restricción"
2014,1665,23/03/2014,"Domingo",0,15:00:00,,"0.0",2,"Moto/Ciclomotor,Automóvil","Ayolas Y Beruti",2,1,0,0,1,0,0,,"Calle",,"ROSARIO","Rosario","Asfalto","No existe","II","Dentro","Urbana","Marca Vial","No existe","Intersección","Bueno","Buena","Atardecer","Buen Tiempo","Lateral","S/D","Colisión","Ninguna","Vertical","Línea divisoria pintada","Sin restricción"
2014,1666,07/03/2014,"Viernes",0,19:45:00,,"0.0",2,"Automóvil,Peatón","Sarmiento Y Ituzaingo",3,2,0,0,1,0,0,,"Calle",,"ROSARIO","Rosario","S/D","S/D","II","Dentro","Urbana","S/D","S/D","Intersección","S/D","S/D","S/D","S/D","S/D","S/D","Atropello","S/D","S/D","S/D","S/D"
2014,1667,21/03/2014,"Viernes",0,23:00:00,,"0.0",2,"Peatón,Automóvil"," ",2,1,0,0,1,0,0,,"S/D",,"ROSARIO","Rosario","Asfalto","S/D","II","S/D","S/D","Marca Vial","S/D","Intersección","Bueno","Buena","Nocturna,Con luz artificial","Buen Tiempo","S/D","S/D","Atropello","Ninguna","Vertical","Línea divisoria pintada","Sin restricción"
2014,1668,09/03/2014,"Domingo",0,10:30:00,,"0.0",2,"Automóvil,Bicicleta","Sarmiento Y La Paz",2,1,0,0,1,0,0,,"Calle",,"ROSARIO","Rosario","S/D","S/D","II","S/D","Urbana","S/D","S/D","S/D","S/D","S/D","S/D","S/D","S/D","S/D","Atropello","S/D","S/D","S/D","S/D"
2014,1669,15/03/2014,"Sabado",0,10:30:00,,"0.0",2,"Automóvil,Otros","Mitre Y Bv. Segui",2,1,0,0,0,0,1,,"Calle",,"ROSARIO","Rosario","Asfalto","No existe","II","Dentro","Urbana","Ninguna","No existe","Intersección","Bueno","Buena","Diurna","Buen Tiempo","Contra objeto fijo","S/D","Atropello","Ninguna","Faltante","Ninguna","Sin restricción"
2014,1670,20/03/2014,"Jueves",0,11:00:00,,"0.0",2,"Moto/Ciclomotor,Automóvil","Servando Bayo Y Marcos Paz",2,1,0,0,1,0,0,,"Calle",,"ROSARIO","Rosario","Asfalto","Pavimento","II","S/D","Urbana","Marca Vial","No existe","Intersección","Bueno","S/D","Diurna","Buen Tiempo","Lateral","S/D","Colisión","Ninguna","Vertical","Ninguna","Sin restricción"
2014,1671,11/03/2014,"Martes",0,14:15:00,,"0.0",2,"Moto/Ciclomotor,Moto/Ciclomotor","Calle 10 Y Calle 17",3,3,0,0,0,0,0,,"Calle",,"LAS TOSCAS","General Obligado","Asfalto","No existe","IX","Dentro","Urbana","Ninguna","No existe","Intersección","Bueno","Buena","Diurna","Buen Tiempo","Lateral","S/D","Colisión","S/D","Vertical","Ninguna","Sin restricción"
2014,1672,10/03/2014,"Lunes",0,11:45:00,,"0.0",2,"Automóvil,Moto/Ciclomotor","Virasoro Y Balcarce",2,1,0,0,1,0,0,,"Calle",,"ROSARIO","Rosario","S/D","S/D","II","S/D","Urbana","S/D","S/D","Intersección","S/D","S/D","S/D","S/D","S/D","S/D","S/D","S/D","S/D","S/D","S/D"
2014,1673,15/03/2014,"Sabado",0,04:30:00,,"0.0",1,"Automóvil","Bv. Segui Y Alvear",2,2,0,0,0,0,0,,"Calle",,"ROSARIO","Rosario","Asfalto","No existe","II","Dentro","Urbana","Ninguna","No existe","Recta","Resbaladiza","Reducida","Nocturna","Lluvia","Contra objeto fijo","S/D","Colisión","Agua","Faltante","Ninguna","Sin restricción"
2014,1674,10/03/2014,"Lunes",0,09:40:00,,"0.0",2,"Automóvil,Moto/Ciclomotor","Cochabamba Y Bv. Oroño",2,1,0,0,1,0,0,,"Avenida",,"ROSARIO","Rosario","S/D","S/D","II","S/D","Urbana","S/D","S/D","S/D","S/D","S/D","S/D","S/D","S/D","S/D","S/D","S/D","S/D","S/D","S/D"
2014,1675,20/03/2014,"Jueves",0,20:00:00,,"0.0",2,"Automóvil,Automóvil","Palestina Y Camino de los Granaderos",2,1,0,0,1,0,0,,"Calle",,"ROSARIO","Rosario","Asfalto","No existe","II","Dentro","Urbana","Marca Vial","No existe","Intersección","Bueno","Buena","Nocturna,Con luz artificial","Buen Tiempo","Lateral","S/D","Colisión","Ninguna","Vertical","Línea divisoria pintada","Sin restricción"
2014,1676,11/03/2014,"Martes",0,08:55:00,,"0.0",2,"Moto/Ciclomotor,Pickup/Utilitario","Av. Dante Alighieri Y Bv. Oroño",4,2,0,0,2,0,0,,"Avenida",,"ROSARIO","Rosario","S/D","S/D","II","Dentro","Urbana","S/D","No existe","Intersección","S/D","S/D","Diurna","S/D","S/D","S/D","S/D","S/D","S/D","S/D","S/D"
2014,1677,21/03/2014,"Viernes",0,07:00:00,,"0.0",2,"Moto/Ciclomotor,Pickup/Utilitario","Rueda Y Lavalle",3,2,0,0,1,0,0,,"Calle",,"ROSARIO","Rosario","Asfalto","No existe","II","Dentro","Urbana","Marca Vial","No existe","Intersección","Bueno","Buena","Diurna","Buen Tiempo","Lateral","S/D","Colisión","Ninguna","Vertical","Línea divisoria pintada","Sin restricción"
2014,1678,09/03/2014,"Domingo",0,15:00:00,,"0.0",2,"Automóvil,Moto/Ciclomotor","Calle 9 Y Calle 12",2,1,0,0,1,0,0,,"Calle",,"LAS TOSCAS","General Obligado","Ripio","Natural","IX","Dentro","Urbana","Ninguna","No existe","Intersección","Bueno","Buena","Diurna","Buen Tiempo","Lateral","S/D","Colisión","S/D","Faltante","Ninguna","Sin restricción"
2014,1679,10/03/2014,"Lunes",0,13:20:00,,"0.0",2,"Automóvil,Moto/Ciclomotor","Mitre Y Olegario V.Andrade",2,0,1,0,1,0,0,,"Calle",,"ROSARIO","Rosario","Asfalto","No existe","II","Dentro","Urbana","Ninguna","No existe","Intersección","Bueno","Buena","Diurna","Buen Tiempo","Lateral","S/D","Colisión","Ninguna","Faltante","Ninguna","Sin restricción"
2014,1680,13/03/2014,"Jueves",0,16:00:00,,"0.0",2,"Automóvil,Moto/Ciclomotor","Virasoro Y Italia",2,1,0,0,1,0,0,,"Calle",,"ROSARIO","Rosario","S/D","S/D","II","S/D","Urbana","S/D","S/D","Intersección","S/D","S/D","S/D","S/D","S/D","S/D","S/D","S/D","S/D","S/D","S/D"
2014,1681,21/03/2014,"Viernes",0,17:50:00,,"0.0",2,"Bicicleta,Moto/Ciclomotor","Calle 12 Y Calle 21",2,0,2,0,0,0,0,,"Calle",,"AVELLANEDA","General Obligado","Asfalto","Natural","IX","Dentro","Urbana","Ninguna","No existe","Recta","Bueno","Buena","Diurna","Buen Tiempo","Lateral","S/D","Atropello","S/D","Vertical","Ninguna","Sin restricción"
2014,1682,12/03/2014,"Miercoles",0,23:55:00,,"0.0",2,"Transporte de Pasajeros Larga Distancia (> 8 asientos),Moto/Ciclomotor","Av. Corrientes Y Gaboto",2,1,0,0,1,0,0,,"Calle",,"ROSARIO","Rosario","Asfalto","No existe","II","Dentro","Urbana","Ninguna","No existe","Intersección","Bueno","Buena","Nocturna","Buen Tiempo","De alcance","S/D","Colisión","Ninguna","Faltante","Ninguna","Sin restricción"
2014,1683,07/03/2014,"Viernes",0,09:35:00,,"0.0",2,"Automóvil,Moto/Ciclomotor","Entre Rios Y Sanchez de Bustamante",3,1,0,0,2,0,0,,"Calle",,"ROSARIO","Rosario","Asfalto","No existe","II","Dentro","Urbana","Ninguna","No existe","Intersección","Bueno","Buena","Diurna","Buen Tiempo","Lateral","S/D","Colisión","Ninguna","Vertical","Ninguna","Sin restricción"
2014,1684,18/03/2014,"Martes",0,16:30:00,"Ruta Nacional 11","0.0",1,"Pickup/Utilitario"," ",2,1,0,0,1,0,0,,"Ruta",11,"AVELLANEDA","General Obligado","Asfalto","Natural","IX","Dentro","Urbana","Ninguna","No existe","Recta","Bueno","Buena","Diurna","Buen Tiempo","Otro","S/D","Vuelco","S/D","Vertical","Ninguna","Sin restricción"
2014,1685,20/03/2014,"Jueves",0,11:00:00,,"0.0",2,"Automóvil,Pickup/Utilitario","Av. Circunvalacion Y J.J.Paso",2,1,0,0,1,0,0,,"Avenida",,"ROSARIO","Rosario","Asfalto","Pavimento","II","Dentro","Urbana","Marca Vial","No existe","Recta","Bueno","Buena","Diurna","Buen Tiempo","De alcance","S/D","Colisión","Ninguna","Vertical","Línea divisoria pintada","Sin restricción"
2014,1686,23/03/2014,"Domingo",0,00:00:00,,"0.0",2,"Moto/Ciclomotor,Automóvil","Ayolas Y Buenos Aires",2,1,0,0,1,0,0,,"Calle",,"ROSARIO","Rosario","S/D","S/D","II","Dentro","Urbana","S/D","S/D","Intersección","S/D","S/D","Nocturna","S/D","S/D","S/D","Colisión","S/D","S/D","S/D","S/D"
2014,1687,10/03/2014,"Lunes",0,23:50:00,,"0.0",2,"Automóvil,Moto/Ciclomotor","Italia Y Garay",2,1,0,0,1,0,0,,"Calle",,"ROSARIO","Rosario","Asfalto","No existe","II","Dentro","Urbana","Ninguna","No existe","Intersección","Bueno","Buena","Nocturna","Buen Tiempo","Lateral","S/D","Colisión","S/D","Faltante","Ninguna","Sin restricción"
2014,1688,13/03/2014,"Jueves",0,11:30:00,,"0.0",2,"Moto/Ciclomotor,Pickup/Utilitario","CALLE 21 Y ZONA RURAL S/N",2,1,0,0,1,0,0,,"S/D",,"AVELLANEDA","General Obligado","Tierra","No existe","IX","S/D","Rural","S/D","No existe","Recta","Otro","S/D","S/D","S/D","S/D","S/D","Colisión","Otro","Faltante","S/D","S/D"
2014,1689,13/03/2014,"Jueves",0,,,"0.0",2,"Moto/Ciclomotor,Pickup/Utilitario","Dorrego 2900",3,2,0,0,1,0,0,,"Calle",,"ROSARIO","Rosario","S/D","S/D","II","S/D","Urbana","S/D","S/D","S/D","S/D","S/D","S/D","S/D","S/D","S/D","S/D","S/D","S/D","S/D","S/D"
2014,1690,11/03/2014,"Martes",0,18:25:00,,"0.0",2,"Automóvil,Moto/Ciclomotor","Mariano Moreno 4200",2,1,0,0,1,0,0,,"Calle",,"ROSARIO","Rosario","Asfalto","No existe","II","Dentro","Urbana","Ninguna","No existe","Intersección","Bueno","Buena","Diurna","Buen Tiempo","Lateral","S/D","Colisión","Ninguna","Faltante","Ninguna","Sin restricción"
2014,1691,13/03/2014,"Jueves",0,10:30:00,,"0.0",2,"Pickup/Utilitario,Moto/Ciclomotor","Amenabar Y Santiago",2,1,0,0,1,0,0,,"Calle",,"ROSARIO","Rosario","S/D","S/D","II","S/D","Urbana","S/D","No existe","Intersección","S/D","S/D","Diurna","S/D","S/D","S/D","S/D","S/D","S/D","S/D","S/D"
2014,1692,21/03/2014,"Viernes",0,01:50:00,,"0.0",2,"Moto/Ciclomotor,Automóvil","Calle 23-Gral lopez Y Calle 16-Obligado",3,1,0,0,2,0,0,,"Calle",,"RECONQUISTA","General Obligado","Asfalto","No existe","IX","S/D","S/D","S/D","No existe","Intersección","Bueno","S/D","Nocturna","Buen Tiempo","Lateral","S/D","Colisión","S/D","S/D","S/D","S/D"
2014,1693,28/03/2014,"Viernes",0,19:00:00,,"0.0",2,"Moto/Ciclomotor,Automóvil"," ",2,1,0,0,1,0,0,,"Calle",,"RECONQUISTA","General Obligado","Asfalto","Pavimento","IX","Dentro","Urbana","Ninguna","No existe","Intersección","Bueno","Buena","Atardecer","Buen Tiempo","Lateral","S/D","Colisión","Otro","Horizontal","Cordón divisorio","Sin restricción"
2014,1694,16/03/2014,"Domingo",0,22:55:00,,"0.0",2,"Moto/Ciclomotor,Automóvil","Calle 15-Patricio Diez Y Calle 30-Lucas Funes",3,2,0,0,1,0,0,,"Calle",,"RECONQUISTA","General Obligado","Asfalto","No existe","IX","S/D","S/D","S/D","No existe","Intersección","Bueno","Buena","Nocturna","Buen Tiempo","Lateral","S/D","Colisión","S/D","S/D","S/D","Sin restricción"
2014,1695,06/03/2014,"Jueves",0,08:15:00,,"0.0",2,"Automóvil,Bicicleta"," ",2,1,0,0,1,0,0,,"Calle",,"RECONQUISTA","General Obligado","Asfalto","Pavimento","IX","Dentro","Urbana","Ninguna","No existe","Intersección","Bueno","Buena","Diurna","Buen Tiempo","S/D","S/D","Atropello","Otro","Vertical","Cordón divisorio","Sin restricción"
2014,1696,02/03/2014,"Domingo",0,,,"0.0",3,"Automóvil,Automóvil,Automóvil","Bv. 27 De Febrero Y Maipu",3,1,0,0,0,0,2,,"Calle",,"ROSARIO","Rosario","Hormigón","S/D","II","Dentro","Urbana","Semáforo","S/D","Recta","Bueno","S/D","S/D","Buen Tiempo","Múltiple","S/D","Colisión","Ninguna","Vertical","Cordón divisorio","Sin restricción"
2014,1697,07/03/2014,"Viernes",0,,,"0.0",2,"Pickup/Utilitario,Moto/Ciclomotor","J.B.Justo Y Av. Alberdi Bis",2,1,0,0,1,0,0,,"Avenida",,"VENADO TUERTO","General López","Asfalto","No existe","VIII","Dentro","Urbana","S/D","S/D","Intersección","Bueno","S/D","Con luz artificial","Buen Tiempo","S/D","S/D","Colisión","S/D","S/D","S/D","S/D"
2014,1698,07/03/2014,"Viernes",0,,,"0.0",2,"Bicicleta,Moto/Ciclomotor","Ayacucho Y Lamadrid",2,1,0,0,1,0,0,,"Calle",,"ROSARIO","Rosario","Asfalto","No existe","II","Dentro","Urbana","Ninguna","Funciona","Intersección","Bueno","Buena","Diurna","Buen Tiempo","S/D","S/D","Colisión","S/D","Horizontal","Línea divisoria pintada","Sin restricción"
2014,1699,06/03/2014,"Jueves",0,,,"0.0",2,"Moto/Ciclomotor,Automóvil","San Martin ",2,1,0,0,1,0,0,,"Avenida",,"VILLA CONSTITUCIÓN","Constitución","Asfalto","S/D","VI","Dentro","Urbana","Ninguna","S/D","Intersección","Otro","S/D","S/D","Buen Tiempo","Lateral","S/D","Colisión","Otro","Faltante","Ninguna","Sin restricción"
2014,1700,01/03/2014,"Sabado",0,13:10:00,,"0.0",2,"Moto/Ciclomotor,Automóvil","Ayacucho Y Pje. Pelikan",4,1,0,0,2,0,1,,"Calle",,"ROSARIO","Rosario","Asfalto","No existe","II","Dentro","Urbana","Ninguna","No existe","Intersección","Bueno","Buena","Diurna","S/D","Lateral","S/D","Colisión","S/D","S/D","Línea divisoria pintada","Sin restricción"
2014,1701,01/03/2014,"Sabado",0,,,"0.0",2,"Bicicleta,Moto/Ciclomotor","San Martin Y Acevedo",2,1,0,0,1,0,0,,"Avenida",,"VILLA CONSTITUCIÓN","Constitución","Asfalto","Pavimento","VI","S/D","Urbana","Semáforo","Funciona","Intersección","Bueno","Buena","Diurna","Buen Tiempo","S/D","S/D","Atropello","Otro","Vertical","Ninguna","Sin restricción"
2014,1702,17/03/2014,"Lunes",0,23:00:00,,"0.0",3,"Moto/Ciclomotor,Moto/Ciclomotor,Automóvil","San Martin Y Pasco",3,1,1,0,1,0,0,,"Calle",,"ROSARIO","Rosario","Asfalto","S/D","II","Dentro","Urbana","S/D","S/D","Intersección","S/D","S/D","Nocturna","S/D","Lateral,Múltiple","S/D","Colisión","S/D","S/D","S/D","S/D"
2014,1703,07/03/2014,"Viernes",0,,"Ruta Nacional 8","0.0",3,"Moto/Ciclomotor,Automóvil,Pickup/Utilitario","Ruta Nac 8 Y Velez Sarsfield",3,1,0,0,2,0,0,,"Ruta",8,"VENADO TUERTO","General López","Asfalto","Ripio","VIII","S/D","Urbana","S/D","S/D","Recta","Bueno","S/D","S/D","Buen Tiempo","Múltiple","S/D","Colisión","S/D","S/D","S/D","S/D"
2014,1704,25/03/2014,"Martes",0,17:40:00,,"0.0",2,"Moto/Ciclomotor,Camión","Av. Pellegrini Y Dorrego",2,1,0,0,1,0,0,,"S/D",,"ROSARIO","Rosario","S/D","S/D","II","S/D","Urbana","Ninguna","S/D","Intersección","S/D","S/D","Diurna","S/D","S/D","S/D","Colisión","S/D","S/D","S/D","S/D"
2014,1705,07/03/2014,"Viernes",0,19:30:00,,"0.0",2,"Moto/Ciclomotor,Automóvil","Rivadavia Y Hipolito Irigoyen",2,1,0,0,1,0,0,,"Calle",,"VILLA CONSTITUCIÓN","Constitución","S/D","Pavimento","VI","Fuera","Urbana","Ninguna","No existe","Intersección","Otro","Buena","Diurna","Buen Tiempo","Lateral","S/D","Colisión","Otro","Faltante","Ninguna","Sin restricción"
2014,1706,12/03/2014,"Miercoles",0,10:15:00,,"0.0",2,"Moto/Ciclomotor,Automóvil","Casey Y Maipu",2,1,0,0,1,0,0,,"Calle",,"VENADO TUERTO","General López","Asfalto","No existe","VIII","Dentro","Urbana","S/D","No existe","Intersección","Bueno","Buena","Diurna","Buen Tiempo","Lateral","S/D","Colisión","S/D","S/D","Ninguna","Sin restricción"
2014,1707,18/03/2014,"Martes",0,,,"0.0",2,"Moto/Ciclomotor,Automóvil","Av. D.Infante ",2,1,0,0,1,0,0,,"Calle",,"ROSARIO","Rosario","S/D","S/D","II","S/D","Urbana","S/D","S/D","S/D","S/D","S/D","S/D","S/D","S/D","S/D","S/D","S/D","S/D","S/D","S/D"
2014,1708,19/03/2014,"Miercoles",0,12:37:00,,"0.0",2,"Automóvil,Moto/Ciclomotor","Av. Corrientes Y Pasco",2,1,0,0,1,0,0,,"Calle",,"ROSARIO","Rosario","S/D","S/D","II","Dentro","Urbana","S/D","No existe","Intersección","S/D","S/D","Diurna","S/D","Lateral","S/D","Colisión","S/D","Vertical","S/D","S/D"
2014,1709,17/03/2014,"Lunes",0,,,"0.0",2,"Moto/Ciclomotor,Pickup/Utilitario","Chacabuco Y Balcarce",2,0,1,0,1,0,0,,"Calle",,"VENADO TUERTO","General López","Asfalto","No existe","VIII","Dentro","Urbana","S/D","No existe","Intersección","Bueno","Buena","S/D","Buen Tiempo","Lateral","S/D","Colisión","S/D","S/D","Ninguna","Sin restricción"
2014,1710,07/03/2014,"Viernes",0,00:30:00,,"0.0",2,"Moto/Ciclomotor,Automóvil","Catamarca Y Saavedra",2,1,0,0,1,0,0,,"Avenida",,"VILLA CONSTITUCIÓN","Constitución","S/D","Pavimento","VI","Dentro","Urbana","Ninguna","No existe","Intersección","Otro","Reducida","Nocturna","Otro","Frontal","S/D","Colisión","Otro","Faltante","Ninguna","Sin restricción"
2014,1711,21/03/2014,"Viernes",0,20:30:00,,"0.0",2,"Moto/Ciclomotor,Automóvil","Calle 30-Lucas Funes Y Calle 15-Patricio Diez",3,0,0,0,1,0,2,,"Calle",,"RECONQUISTA","General Obligado","Asfalto","No existe","IX","S/D","Urbana","S/D","No existe","Intersección","Bueno","Buena","Nocturna","Buen Tiempo","Lateral","S/D","Colisión","S/D","S/D","Ninguna","S/D"
2014,1712,20/03/2014,"Jueves",0,11:07:00,,"0.0",2,"Automóvil,Moto/Ciclomotor","Av. Corrientes Y Cerrito",2,1,0,0,1,0,0,,"Calle",,"ROSARIO","Rosario","S/D","S/D","II","Dentro","Urbana","S/D","S/D","Intersección","S/D","S/D","Diurna","S/D","Lateral","S/D","Colisión","S/D","S/D","S/D","S/D"
2014,1713,07/03/2014,"Viernes",0,11:20:00,,"0.0",2,"Bicicleta,Moto/Ciclomotor"," ",2,1,0,0,1,0,0,,"Calle",,"VILLA CONSTITUCIÓN","Constitución","S/D","Pavimento","VI","Dentro","Urbana","Ninguna","No existe","Intersección","Otro","Buena","Diurna","Otro","S/D","S/D","Atropello","Ninguna","Faltante","Ninguna","Sin restricción"
2014,1714,20/03/2014,"Jueves",0,14:30:00,,"0.0",1,"Transporte de Pasajeros Urbano (> 8 asientos)","Bv. 27 De Febrero Y Av. Ovidio Lagos",2,1,0,0,1,0,0,,"Avenida",,"ROSARIO","Rosario","S/D","S/D","II","Dentro","Urbana","S/D","S/D","Intersección","S/D","S/D","Diurna","S/D","S/D","S/D","Caída ocupante","S/D","S/D","S/D","S/D"
2014,1715,31/03/2014,"Lunes",0,12:00:00,,"0.0",2,"Automóvil,Moto/Ciclomotor","SD ",2,1,0,0,1,0,0,,"Calle",,"VENADO TUERTO","General López","Asfalto","No existe","VIII","Dentro","Urbana","Ninguna","No existe","Intersección","Bueno","Buena","Diurna","Buen Tiempo","Lateral","S/D","Colisión","S/D","S/D","Ninguna","Sin restricción"
2014,1716,20/03/2014,"Jueves",0,11:48:00,,"0.0",2,"Bicicleta,Automóvil","Mitre Y Ocampo",2,1,0,0,1,0,0,,"Calle",,"ROSARIO","Rosario","S/D","S/D","II","Dentro","Urbana","S/D","S/D","Recta","S/D","S/D","Diurna","S/D","S/D","S/D","Atropello","S/D","S/D","S/D","S/D"
2014,1717,09/03/2014,"Domingo",0,17:35:00,,"0.0",2,"Automóvil,Pickup/Utilitario","Manuel Dorrego Y 14 de Febrero",2,1,0,0,1,0,0,,"Avenida",,"VILLA CONSTITUCIÓN","Constitución","S/D","Pavimento","VI","Dentro","Urbana","Ninguna","Funciona","Intersección","Otro","Buena","Diurna","Otro","Frontal","S/D","Colisión","Otro","Horizontal","Ninguna","Sin restricción"
2014,1718,11/02/2014,"Martes",0,17:45:00,"Ruta Provincial 1","999.9",2,"Moto/Ciclomotor,Moto/Ciclomotor"," ",4,0,1,0,3,0,0,,"Ruta",1,"COLASTINE","La Capital","Asfalto","Natural","I","S/D","S/D","S/D","Funciona","Recta","Bueno","Buena","Diurna","Buen Tiempo","De alcance","S/D","Colisión","S/D","Horizontal","Línea divisoria pintada","Sin restricción"
2014,1719,24/03/2014,"Lunes",0,19:00:00,,"0.0",2,"Bicicleta,Transporte de Pasajeros Larga Distancia (> 8 asientos)","Bv. Oroño 2800",2,0,0,1,1,0,0,,"Avenida",,"ROSARIO","Rosario","S/D","S/D","II","Dentro","Urbana","S/D","S/D","S/D","S/D","S/D","Atardecer","S/D","S/D","S/D","Atropello","S/D","S/D","S/D","S/D"