"anio_acci","nro_acci","fecha","desc_dia","fecha_aprox","hora_aprox","desc_ruta","km","cant_participantes","desc_participante","calle_avenida_km","total","heridos_leves","heridos_graves","heridos_gravisimos","ilesos","fallecidos","sin_datos","posicion_XY","desc_tipo_via","desc_ruta_ori","desc_loc","desc_dpto","desc_tipo_calzada","desc_tipo_banquina","desc_unidad_regional","desc_lugar_calzada","desc_zona","desc_prioridad","desc_estado_semaforo","desc_lugar_via","desc_estado_via","desc_estado_visibilidad","desc_luminosidad","desc_estado_clima","desc_tipo_colision","desc_tipo_atropello","desc_tipo_hecho","desc_pres_calzada","desc_senializacion","desc_separacion_via","desc_restriccion"
2014,1720,09/03/2014,"Domingo",0,18:45:00,,"0.0",2,"Moto/Ciclomotor,Automóvil","J J de Urquiza bis Y Presidente Peron",2,1,0,0,1,0,0,,"Avenida",,"VILLA CONSTITUCIÓN","Constitución","S/D","Pavimento","VI","Dentro","Urbana","Ninguna","No existe","Intersección","Otro","Buena","Diurna","Otro","Lateral","S/D","Colisión","Otro","Faltante","Ninguna","Sin restricción"
2014,1721,16/02/2014,"Domingo",0,17:30:00,"Ruta Provincial 1","1.0",2,"Automóvil,Moto/Ciclomotor"," ",2,1,0,0,1,0,0,,"Ruta",1,"COLASTINE","La Capital","Asfalto","Natural","I","Dentro","Rural","Ninguna","No existe","Recta","Bueno","Buena","Diurna","Buen Tiempo","Lateral","S/D","Colisión","S/D","Horizontal","Línea divisoria pintada","Sin restricción"
2014,1722,25/03/2014,"Martes",0,02:20:00,,"0.0",2,"Moto/Ciclomotor,Moto/Ciclomotor","Bv. Oroño Y Lugones",2,1,0,0,1,0,0,,"Avenida",,"ROSARIO","Rosario","S/D","S/D","II","Dentro","Urbana","S/D","S/D","Intersección","S/D","S/D","Nocturna","S/D","Lateral","S/D","Colisión","S/D","S/D","S/D","S/D"
2014,1723,11/03/2014,"Martes",0,11:30:00,,"0.0",2,"Moto/Ciclomotor,Automóvil","Acevedo Y Rivadavia",2,1,0,0,1,0,0,,"Avenida",,"VILLA CONSTITUCIÓN","Constitución","S/D","Pavimento","VI","S/D","Urbana","Ninguna","No existe","Intersección","Otro","Buena","Diurna","Otro","Frontal","S/D","Colisión","Otro","Faltante","Ninguna","Sin restricción"
2014,1724,28/03/2014,"Viernes",0,09:15:00,,"0.0",2,"Automóvil,Bicicleta","Chacabuco Y Cornelio Saavedra",2,1,0,0,1,0,0,,"Calle",,"VENADO TUERTO","General López","Asfalto","Pavimento","VIII","Dentro","Urbana","S/D","No existe","Intersección","Bueno","Buena","Diurna","Buen Tiempo","S/D","S/D","Atropello","S/D","Faltante","Cordón divisorio","Sin restricción"
2014,1725,20/02/2014,"Jueves",0,18:50:00,"Ruta Provincial 1","2.8",2,"Moto/Ciclomotor,Otros"," ",2,1,0,0,1,0,0,,"Ruta",1,"COLASTINE","La Capital","Asfalto","S/D","I","Dentro","Urbana","Marca Vial","S/D","Recta","Bueno","Buena","Atardecer","Buen Tiempo","De alcance","S/D","Colisión","S/D","S/D","Línea divisoria pintada","Sin restricción"
2014,1726,11/03/2014,"Martes",0,,,"0.0",2,"Bicicleta,Automóvil","Moreno Y Cordoba",2,1,0,0,1,0,0,,"Calle",,"VILLA CONSTITUCIÓN","Constitución","S/D","Pavimento","VI","Dentro","Urbana","Ninguna","No existe","Intersección","Otro","Buena","Diurna","Otro","S/D","S/D","Atropello","Otro","Faltante","Ninguna","Sin restricción"
2014,1727,13/03/2014,"Jueves",0,03:30:00,,"0.0",2,"Bicicleta,Automóvil","Manuel Dorrego Y Formosa",2,1,0,0,1,0,0,,"Calle",,"VILLA CONSTITUCIÓN","Constitución","S/D","Pavimento","VI","Dentro","Urbana","Ninguna","No existe","Intersección","Otro","Buena","Diurna","Buen Tiempo","S/D","S/D","Atropello","Otro","Faltante","Ninguna","Sin restricción"
2014,1728,15/03/2014,"Sabado",0,12:30:00,,"0.0",2,"Moto/Ciclomotor,Automóvil","Cordoba Y Moreno",2,1,0,0,1,0,0,,"Calle",,"VILLA CONSTITUCIÓN","Constitución","S/D","Pavimento","VI","S/D","Urbana","Ninguna","No existe","Intersección","Otro","Buena","Diurna","Otro","Frontal","S/D","Colisión","Otro","Faltante","Ninguna","Sin restricción"
2014,1729,29/03/2014,"Sabado",0,19:25:00,,"0.0",2,"Moto/Ciclomotor,Pickup/Utilitario","Leoncio de la Barrera Y Santa Fe",2,1,0,0,1,0,0,,"Calle",,"VENADO TUERTO","General López","Asfalto","Pavimento","VIII","Dentro","Urbana","S/D","No existe","Intersección","Bueno","Buena","Nocturna","Buen Tiempo","Lateral","S/D","Colisión","S/D","Faltante","Cordón divisorio","Sin restricción"
2014,1730,29/03/2014,"Sabado",0,13:00:00,,"0.0",2,"Moto/Ciclomotor,Automóvil","Saavedra Y Lisandro de la Torre",2,1,0,0,1,0,0,,"Avenida",,"VILLA CONSTITUCIÓN","Constitución","Asfalto","Natural","VI","S/D","Urbana","Ninguna","No existe","Intersección","Bueno","Buena","Diurna","Buen Tiempo","Frontal","S/D","Colisión","Ninguna","Faltante","Ninguna","Sin restricción"
2014,1731,25/03/2014,"Martes",0,12:55:00,,"0.0",2,"Moto/Ciclomotor,Pickup/Utilitario","Mariano Moreno Y Alvear",2,1,0,0,1,0,0,,"Calle",,"VENADO TUERTO","General López","Asfalto","S/D","VIII","Dentro","Urbana","S/D","S/D","Intersección","S/D","S/D","S/D","S/D","S/D","S/D","Colisión","S/D","S/D","S/D","S/D"
2014,1732,24/03/2014,"Lunes",0,22:00:00,,"0.0",1,"Transporte de Pasajeros Urbano (> 8 asientos)","Av. Pellegrini Y Mariano Moreno",2,1,0,0,1,0,0,,"Calle",,"ROSARIO","Rosario","Asfalto","S/D","II","Dentro","Urbana","S/D","S/D","Intersección","S/D","S/D","Nocturna","S/D","S/D","S/D","Caída ocupante","S/D","S/D","S/D","S/D"
2014,1733,26/03/2014,"Miercoles",0,19:30:00,,"0.0",2,"Automóvil,Automóvil","Salta Y Manuel Dorrego",2,1,0,0,0,0,1,,"Calle",,"VILLA CONSTITUCIÓN","Constitución","Hormigón","Pavimento","VI","S/D","Urbana","Ninguna","No existe","Recta","Otro","Reducida","Atardecer","Buen Tiempo","S/D","S/D","Colisión","Ninguna","Faltante","Ninguna","Sin restricción"
2014,1734,25/03/2014,"Martes",0,12:55:00,,"0.0",2,"Bicicleta,Automóvil","26 de Abril Y Nicolas Avellaneda",4,3,0,0,1,0,0,,"Calle",,"VENADO TUERTO","General López","Asfalto","No existe","VIII","Dentro","Urbana","S/D","No existe","Intersección","Bueno","Buena","Diurna","Buen Tiempo","S/D","S/D","Atropello","S/D","Faltante","Ninguna","Sin restricción"
2014,1735,16/03/2014,"Domingo",0,03:30:00,,"0.0",2,"Moto/Ciclomotor,Automóvil","San Martin Y Mendoza",2,1,0,0,1,0,0,,"Avenida",,"VILLA CONSTITUCIÓN","Constitución","S/D","S/D","VI","Dentro","Urbana","Ninguna","S/D","Intersección","Otro","S/D","Nocturna","Otro","Lateral","S/D","Colisión","Otro","Faltante","Ninguna","Sin restricción"
2014,1736,25/03/2014,"Martes",0,19:55:00,,"0.0",2,"Moto/Ciclomotor,Automóvil","Santa Fe Y Salta",2,1,0,0,1,0,0,,"Avenida",,"VENADO TUERTO","General López","Asfalto","Pavimento","VIII","Dentro","Urbana","S/D","No existe","Intersección","Bueno","Buena","Nocturna","Buen Tiempo","Lateral","S/D","Colisión","S/D","S/D","Línea divisoria pintada","Sin restricción"
2014,1737,20/02/2014,"Jueves",0,19:00:00,"Autopista Nacional Rosario -Cordoba","319.0",2,"Camión,Automóvil"," ",6,3,0,0,3,0,0,,"Autopista","Rosario -Cordoba","ROSARIO","Rosario","Asfalto","Natural","II","Dentro","Urbana","Ninguna","No existe","Recta","Bueno","Buena","Atardecer","Buen Tiempo","Múltiple","S/D","Colisión","S/D","Horizontal","Ninguna","Sin restricción"
2014,1738,08/03/2014,"Sabado",0,21:35:00,,"0.0",2,"Moto/Ciclomotor,Automóvil","San Martin Y Tabares",2,2,0,0,0,0,0,,"Calle",,"VILLA CONSTITUCIÓN","Constitución","Asfalto","S/D","VI","Dentro","Urbana","S/D","S/D","Recta","Bueno","Buena","Nocturna","Buen Tiempo","Frontal","S/D","Colisión","S/D","Horizontal","S/D","S/D"
2014,1739,18/03/2014,"Martes",0,17:30:00,,"0.0",2,"Automóvil,Automóvil","S Rubios Y Roma",4,1,0,0,0,0,3,,"Calle",,"VILLA CONSTITUCIÓN","Constitución","Asfalto","S/D","VI","Dentro","Urbana","S/D","S/D","Intersección","Bueno","S/D","Diurna","Buen Tiempo","Frontal","S/D","Colisión","S/D","S/D","S/D","S/D"
2014,1740,20/03/2014,"Jueves",0,20:30:00,,"0.0",2,"Moto/Ciclomotor,Pickup/Utilitario","San Martin Y 23 de Setiembre",2,1,0,0,1,0,0,,"Avenida",,"VILLA CONSTITUCIÓN","Constitución","Asfalto","S/D","VI","S/D","Urbana","S/D","S/D","Intersección","Bueno","Buena","Nocturna,Con luz artificial","Buen Tiempo","Frontal","S/D","Colisión","S/D","S/D","S/D","S/D"
2014,1741,31/03/2014,"Lunes",0,15:50:00,,"0.0",2,"Bicicleta,Moto/Ciclomotor","España Y Rueda",2,1,0,0,1,0,0,,"Calle",,"ROSARIO","Rosario","S/D","S/D","II","Dentro","Urbana","S/D","S/D","Intersección","S/D","S/D","Diurna","S/D","S/D","S/D","Atropello","S/D","S/D","S/D","S/D"
2014,1742,28/03/2014,"Viernes",0,16:00:00,,"0.0",2,"Moto/Ciclomotor,Automóvil","Av. Corrientes Y Ocampo",2,1,0,0,1,0,0,,"Calle",,"ROSARIO","Rosario","S/D","S/D","II","Dentro","Urbana","S/D","S/D","Intersección","S/D","S/D","Diurna","S/D","Lateral","S/D","Colisión","S/D","S/D","S/D","S/D"
2014,1743,15/03/2014,"Sabado",0,11:00:00,,"0.0",2,"Moto/Ciclomotor,Automóvil","Chubut ",2,1,0,0,1,0,0,,"Calle",,"VILLA CONSTITUCIÓN","Constitución","Asfalto","S/D","VI","Dentro","Urbana","S/D","S/D","Rotonda","Bueno","Buena","Diurna","Buen Tiempo","Frontal","S/D","Colisión","S/D","S/D","S/D","S/D"
2014,1744,27/03/2014,"Jueves",0,21:00:00,,"0.0",2,"Peatón,Automóvil","Av. Corrientes Y Ocampo",2,1,0,0,1,0,0,,"Calle",,"ROSARIO","Rosario","S/D","S/D","II","Dentro","Urbana","S/D","S/D","Intersección","S/D","S/D","Nocturna","S/D","S/D","S/D","Atropello","S/D","S/D","S/D","S/D"
2014,1745,25/03/2014,"Martes",0,09:50:00,,"0.0",2,"Bicicleta,Automóvil","La Paz Y Sarmiento",2,1,0,0,1,0,0,,"Calle",,"ROSARIO","Rosario","S/D","S/D","II","Dentro","Urbana","S/D","S/D","Intersección","S/D","S/D","Diurna","S/D","S/D","S/D","Atropello","S/D","S/D","S/D","S/D"
2014,1746,28/03/2014,"Viernes",0,10:30:00,,"0.0",2,"Moto/Ciclomotor,Moto/Ciclomotor","A Rossi 581",2,1,1,0,0,0,0,,"Calle",,"SANTA ROSA DE CALCHINES","Garay","Asfalto","Pavimento","VII","Dentro","Urbana","Ninguna","No existe","Recta","Bueno","S/D","Diurna","Buen Tiempo","Frontal","S/D","Colisión","S/D","Faltante","Cordón divisorio","Sin restricción"
2014,1747,27/03/2014,"Jueves",0,10:30:00,,"0.0",2,"Moto/Ciclomotor,Moto/Ciclomotor","Av. Pellegrini Y Callao",2,1,0,0,1,0,0,,"Avenida",,"ROSARIO","Rosario","Asfalto","S/D","II","Dentro","Urbana","S/D","S/D","Intersección","S/D","S/D","Diurna","S/D","Lateral","S/D","Colisión","S/D","S/D","S/D","S/D"
2014,1748,25/03/2014,"Martes",0,01:15:00,"Ruta Provincial 1","122.0",1,"Moto/Ciclomotor"," ",1,1,0,0,0,0,0,,"Ruta",1,"COLONIA MASCIAS","Garay","Asfalto","Natural","VII","Dentro","Rural","Ninguna","No existe","Recta","Bueno","Reducida","Nocturna","Buen Tiempo","Atropello animal","S/D","Atropello","S/D","Horizontal,Vertical","Línea divisoria pintada","Sin restricción"
2014,1749,21/03/2014,"Viernes",0,11:13:00,,"0.0",2,"Automóvil,Otros","La Paz 1000",3,1,0,0,2,0,0,,"Calle",,"ROSARIO","Rosario","S/D","S/D","II","Dentro","Urbana","S/D","S/D","Recta","S/D","S/D","Diurna","S/D","Lateral","S/D","Colisión","S/D","S/D","S/D","S/D"
2014,1750,26/02/2014,"Miercoles",0,18:10:00,,"0.0",2,"Moto/Ciclomotor,Automóvil","Av Gral Lopez Y Quintana",3,2,0,0,1,0,0,,"Calle",,"SANTA FE","La Capital","Asfalto","Pavimento","I","Dentro","Urbana","Ninguna","No existe","Curva","Bueno","Buena","Atardecer","Buen Tiempo","Lateral","S/D","Colisión","S/D","S/D","Ninguna","Sin restricción"
2014,1751,06/03/2014,"Jueves",0,08:00:00,"Ruta Provincial 1","125.0",2,"Automóvil,Camión"," ",3,1,0,0,2,0,0,,"Ruta",1,"COLONIA SAN JOAQUIN","Garay","Asfalto","Natural","VII","Dentro","Urbana","Ninguna","No existe","Recta","Bueno","Buena","Diurna","Buen Tiempo","S/D","S/D","Colisión","S/D","Horizontal,Vertical","Línea divisoria pintada","Sin restricción"
2014,1752,13/03/2014,"Jueves",0,17:20:00,"Ruta Provincial 1","73.7",1,"Automóvil"," ",1,1,0,0,0,0,0,,"Ruta",1,"CAYASTA","Garay","Asfalto","Natural","VII","Fuera","Urbana","Ninguna","No existe","Recta","Bueno","Buena","Diurna","Buen Tiempo","Otro","S/D","Despiste","Otro","Faltante","Ninguna","Sin restricción"
2014,1753,16/03/2014,"Domingo",0,12:35:00,,"0.0",2,"Moto/Ciclomotor,Camión"," ",2,1,0,0,1,0,0,,"S/D",,"RECONQUISTA","General Obligado","S/D","S/D","IX","S/D","Urbana","Ninguna","No existe","Recta","Bueno","Buena","Diurna","Buen Tiempo","S/D","S/D","Colisión","Otro","S/D","Ninguna","S/D"
2014,1754,15/03/2014,"Sabado",0,20:45:00,,"0.0",2,"Moto/Ciclomotor,Automóvil","Avenida San Martin Y Bv Sarmiento",2,1,0,0,1,0,0,,"Avenida",,"VILLA OCAMPO","General Obligado","Asfalto","Pavimento","IX","S/D","Urbana","Ninguna","No existe","Intersección","Resbaladiza","Buena","Nocturna","Buen Tiempo","S/D","S/D","Otro","Otro","Horizontal","Ninguna","Sin restricción"
2014,1755,26/03/2014,"Miercoles",0,09:45:00,,"0.0",2,"Moto/Ciclomotor,Automóvil","Fray Luis Beltran Y General Guemes",2,1,0,0,1,0,0,,"Calle",,"VILLA OCAMPO","General Obligado","Asfalto","Natural","IX","S/D","Urbana","Ninguna","No existe","Intersección","Bueno","Buena","Diurna","Buen Tiempo","S/D","S/D","Colisión","Otro","Faltante","Ninguna","Sin restricción"
2014,1756,07/03/2014,"Viernes",0,20:00:00,,"0.0",2,"Automóvil,Moto/Ciclomotor"," ",3,2,0,0,1,0,0,,"Calle",,"RECONQUISTA","General Obligado","Asfalto","No existe","IX","Dentro","Urbana","Ninguna","No existe","Intersección","Bueno","Buena","Nocturna,Con luz artificial","Buen Tiempo","Frontal","S/D","Colisión","Otro","Faltante","Ninguna","Sin restricción"
2014,1757,29/03/2014,"Sabado",0,20:20:00,"Ruta Provincial 1","295.0",2,"Automóvil,Pickup/Utilitario"," ",6,1,0,0,5,0,0,,"Ruta",1,"LOS LAURELES","General Obligado","Asfalto","Natural","IX","Dentro","Rural","Marca Vial","No existe","Recta","Resbaladiza","Buena","Nocturna,Con luz artificial","Lluvia","De alcance","S/D","Colisión","Agua","S/D","Línea divisoria pintada","Sin restricción"
2014,1758,09/03/2014,"Domingo",0,14:00:00,,"0.0",2,"Automóvil,Moto/Ciclomotor","Pasco Y Necochea",3,1,0,0,2,0,0,,"Calle",,"ROSARIO","Rosario","S/D","S/D","II","Dentro","Urbana","S/D","S/D","Intersección","S/D","S/D","Diurna","S/D","Lateral","S/D","Colisión","S/D","S/D","S/D","S/D"
2014,1759,17/03/2014,"Lunes",0,14:30:00,,"0.0",2,"Automóvil,Automóvil","Riobamba Y Ayacucho",3,2,0,0,1,0,0,,"Calle",,"ROSARIO","Rosario","S/D","S/D","II","Dentro","Urbana","S/D","S/D","Intersección","S/D","S/D","Diurna","S/D","Lateral","S/D","Colisión","S/D","S/D","S/D","S/D"
2014,1760,18/03/2014,"Martes",0,18:00:00,,"0.0",2,"Automóvil,Moto/Ciclomotor","L.N.Alem Y Galvez",2,1,0,0,1,0,0,,"Calle",,"ROSARIO","Rosario","S/D","S/D","II","Dentro","Urbana","Ninguna","S/D","Intersección","S/D","S/D","Diurna","Buen Tiempo","Lateral","S/D","Colisión","S/D","S/D","Ninguna","Sin restricción"
2014,1761,06/03/2014,"Jueves",0,12:00:00,,"0.0",2,"Automóvil,Automóvil","Sipe Sipe Y Callao",3,1,0,0,2,0,0,,"Calle",,"ROSARIO","Rosario","Asfalto","No existe","II","S/D","Urbana","S/D","Funciona","Recta","Bueno","Buena","Diurna","Buen Tiempo","S/D","S/D","Colisión","S/D","Horizontal","Ninguna","Sin restricción"
2014,1762,15/03/2014,"Sabado",0,,,"0.0",2,"Moto/Ciclomotor,Moto/Ciclomotor","Av. Genova Y Tarragona",2,2,0,0,0,0,0,,"Calle",,"ROSARIO","Rosario","Asfalto","No existe","II","Dentro","Urbana","Ninguna","No existe","Recta","S/D","S/D","S/D","S/D","Frontal","S/D","Colisión","S/D","Horizontal","Ninguna","Sin restricción"
2014,1763,01/03/2014,"Sabado",0,17:20:00,,"0.0",2,"Moto/Ciclomotor,Automóvil","Pasco Y Mariano Moreno",2,1,0,0,1,0,0,,"Calle",,"CASILDA","Caseros","Asfalto","No existe","IV","Dentro","Urbana","Ninguna","No existe","Intersección","Bueno","Buena","Diurna","Buen Tiempo","Lateral","S/D","Colisión","Ninguna","Horizontal","S/D","Sin restricción"
2014,1764,14/03/2014,"Viernes",0,10:30:00,,"0.0",2,"Automóvil,Moto/Ciclomotor","Av. Provincias Unidas Y Velez Sarsfield",2,1,0,0,1,0,0,,"Avenida",,"ROSARIO","Rosario","Asfalto","No existe","II","Dentro","Urbana","Ninguna","No existe","Recta","S/D","Buena","Amanecer","S/D","Frontal","S/D","Colisión","S/D","Horizontal","Ninguna","Sin restricción"
2014,1765,06/03/2014,"Jueves",0,15:50:00,,"0.0",2,"Automóvil,Automóvil","Santiago Y Brown",2,1,0,0,1,0,0,,"Calle",,"ROSARIO","Rosario","Asfalto","No existe","II","S/D","Urbana","Señal Pare","No existe","Recta","Bueno","Buena","Diurna","Buen Tiempo","Frontal","S/D","Colisión","S/D","Vertical","Ninguna","Sin restricción"
2014,1766,07/03/2014,"Viernes",0,12:00:00,,"0.0",3,"Pickup/Utilitario,Moto/Ciclomotor,Bicicleta","Garibaldi Y  General Martin Miguel de Guem",3,1,0,0,2,0,0,,"Calle",,"CASILDA","Caseros","Asfalto","Pavimento","IV","S/D","Urbana","Ninguna","No existe","Intersección","Bueno","Buena","Diurna","Buen Tiempo","S/D","S/D","Atropello","Ninguna","Vertical","Ninguna","Sin restricción"
2014,1767,11/03/2014,"Martes",0,18:35:00,,"0.0",2,"Bicicleta,Automóvil","J.J.Paso Y Pje. Craig Bis",2,1,0,0,1,0,0,,"Calle",,"ROSARIO","Rosario","Asfalto","No existe","II","Dentro","Urbana","Ninguna","No existe","Recta","S/D","Buena","Diurna","S/D","S/D","S/D","Atropello","S/D","Horizontal","Ninguna","Sin restricción"
2014,1768,08/03/2014,"Sabado",0,09:30:00,,"0.0",2,"Automóvil,Pickup/Utilitario","Rodriguez Y Urquiza",2,1,0,0,1,0,0,,"Calle",,"ROSARIO","Rosario","Asfalto","No existe","II","S/D","Urbana","Ninguna","No existe","Recta","Bueno","Buena","Diurna","Buen Tiempo","S/D","S/D","Colisión","S/D","Faltante","Ninguna","Sin restricción"
2014,1769,06/03/2014,"Jueves",0,11:00:00,,"0.0",2,"Automóvil,Automóvil","Av. Brassey Y Donado",2,1,0,0,1,0,0,,"Avenida",,"ROSARIO","Rosario","Asfalto","No existe","II","Dentro","Urbana","Ninguna","No existe","Recta","Bueno","Buena","Diurna","S/D","Frontal","S/D","Colisión","S/D","Vertical","Ninguna","Sin restricción"
2014,1770,08/03/2014,"Sabado",0,12:00:00,,"0.0",2,"Moto/Ciclomotor,Taxi/Remis","Santa Fe Y Av. Francia",2,1,0,0,1,0,0,,"Avenida",,"ROSARIO","Rosario","Asfalto","S/D","II","Dentro","Urbana","Semáforo","Funciona","Recta","Bueno","Buena","Diurna","S/D","S/D","S/D","Colisión","S/D","Vertical","Ninguna","S/D"
2014,1771,05/03/2014,"Miercoles",0,16:50:00,"Ruta Nacional 9","0.0",2,"Moto/Ciclomotor,Camión","Ruta Nacional 9 Y Jorge Newbery",2,1,0,0,0,0,1,,"Ruta",9,"FUNES","Rosario","Asfalto","Pavimento","II","S/D","S/D","S/D","No existe","Recta","Bueno","Reducida polvo","Con luz artificial","Buen Tiempo","Lateral","S/D","Colisión","Material Suelto","Faltante","Línea divisoria pintada","Sin restricción"
2014,1772,11/03/2014,"Martes",0,08:00:00,,"0.0",2,"Peatón,Automóvil","Iriondo 300",2,1,0,0,1,0,0,,"Calle",,"ROSARIO","Rosario","Asfalto","S/D","II","S/D","Urbana","Ninguna","S/D","Recta","Bueno","Buena","Diurna","Buen Tiempo","S/D","S/D","Atropello","S/D","Faltante","Ninguna","Sin restricción"
2014,1773,17/03/2014,"Lunes",0,18:00:00,,"0.0",2,"Pickup/Utilitario,Moto/Ciclomotor","Juan XXIII Y Italia",2,1,0,0,1,0,0,,"Calle",,"EL TRÉBOL","San Martín","Asfalto","S/D","XVIII","Dentro","Urbana","S/D","S/D","Recta","Bueno","Buena","Diurna","Buen Tiempo","De alcance","S/D","Colisión","S/D","S/D","S/D","S/D"
2014,1774,13/03/2014,"Jueves",0,09:00:00,,"0.0",2,"Automóvil,Automóvil","Salta Y Av. Francia",2,1,0,0,1,0,0,,"Avenida",,"ROSARIO","Rosario","Asfalto","No existe","II","S/D","Urbana","Semáforo","Funciona","Recta","Bueno","Buena","Diurna","Buen Tiempo","S/D","S/D","S/D","S/D","Horizontal","Ninguna","Sin restricción"
2014,1775,07/03/2014,"Viernes",0,11:00:00,,"0.0",2,"Moto/Ciclomotor,Automóvil","Junin Y F.More",2,1,0,0,1,0,0,,"Calle",,"ROSARIO","Rosario","Asfalto","No existe","II","S/D","Urbana","Ninguna","No existe","Intersección","S/D","Buena","Diurna","S/D","Lateral","S/D","Colisión","S/D","Faltante","Ninguna","Sin restricción"
2014,1776,14/03/2014,"Viernes",0,10:30:00,,"0.0",2,"Automóvil,Moto/Ciclomotor","Urquiza Y Iriondo",2,1,0,0,1,0,0,,"Calle",,"ROSARIO","Rosario","Asfalto","S/D","II","Dentro","Urbana","Ninguna","S/D","Recta","Bueno","Buena","Diurna","Buen Tiempo","Otro","S/D","Colisión","S/D","Faltante","Ninguna","S/D"
2014,1777,11/03/2014,"Martes",0,,,"0.0",2,"Automóvil,Pickup/Utilitario","Junin Y Formosa",2,1,0,0,1,0,0,,"Calle",,"ROSARIO","Rosario","S/D","S/D","II","S/D","Urbana","Semáforo","S/D","Rotonda","S/D","S/D","S/D","S/D","Otro","S/D","Colisión","S/D","Horizontal","Ninguna","Sin restricción"
2014,1778,17/03/2014,"Lunes",0,18:15:00,,"0.0",2,"Moto/Ciclomotor,Automóvil","Juan XXIII Y Italia",2,1,0,0,1,0,0,,"Calle",,"EL TRÉBOL","San Martín","S/D","S/D","XVIII","Dentro","Urbana","S/D","S/D","Intersección","Bueno","Buena","Diurna","Buen Tiempo","S/D","S/D","Colisión","S/D","S/D","S/D","S/D"
2014,1779,03/03/2014,"Lunes",0,21:50:00,,"0.0",2,"Automóvil,Camión","Av. Circunvalacion 7500",2,1,0,0,1,0,0,,"Avenida",,"ROSARIO","Rosario","Asfalto","Pavimento","II","Dentro","Urbana","Ninguna","No existe","S/D","Bueno","Buena","Nocturna","Buen Tiempo","Lateral","S/D","Colisión","Ninguna","Faltante","S/D","Sin restricción"
2014,1780,15/03/2014,"Sabado",0,12:35:00,,"0.0",2,"Moto/Ciclomotor,Automóvil","Santa Fe Y Callao",2,1,0,0,1,0,0,,"S/D",,"ROSARIO","Rosario","Asfalto","No existe","II","Dentro","Urbana","S/D","Funciona","Recta","Bueno","Buena","Diurna","S/D","S/D","S/D","S/D","S/D","Horizontal","S/D","S/D"
2014,1781,10/03/2014,"Lunes",0,21:10:00,"Ruta Nacional 9","0.0",2,"Moto/Ciclomotor,Automóvil"," ",4,1,0,0,3,0,0,,"Ruta",9,"ROLDÁN","San Lorenzo","Hormigón","Ripio","XVII","Dentro","Urbana","Semáforo","Funciona","Intersección","Bueno","Buena","Nocturna,Con luz artificial","Buen Tiempo","Lateral","S/D","Colisión","S/D","Horizontal","Ninguna","Sin restricción"
2014,1782,20/03/2014,"Jueves",0,17:05:00,,"0.0",2,"Camión,Moto/Ciclomotor","Rivadavia Y A Brown",2,1,0,0,1,0,0,,"Calle",,"PIAMONTE","San Martín","Asfalto","Natural","XVIII","Dentro","Urbana","Ninguna","No existe","Recta","Bueno","Buena","Diurna","Buen Tiempo","Frontal","S/D","Colisión","Ninguna","Faltante","Ninguna","Sin restricción"
2014,1783,13/03/2014,"Jueves",0,22:15:00,,"0.0",2,"Automóvil,Moto/Ciclomotor","Santa Fe Y Av. Circunvalacion",3,1,0,0,0,0,2,,"Calle",,"ROSARIO","Rosario","Asfalto","Natural","II","S/D","Urbana","Ninguna","No existe","S/D","Bueno","Buena","Nocturna","Buen Tiempo","Lateral","S/D","Colisión","Ninguna","Faltante","S/D","Sin restricción"
2014,1784,04/03/2014,"Martes",0,02:20:00,,"0.0",2,"Moto/Ciclomotor,Automóvil","Santa Fe ",2,1,0,0,0,0,1,,"S/D",,"ROSARIO","Rosario","Asfalto","S/D","II","S/D","Urbana","Semáforo","Funciona","Cruce","Bueno","Buena","Nocturna","Buen Tiempo","Otro","S/D","Colisión","S/D","Vertical","Barrera de hormigón","Sin restricción"
2014,1785,13/03/2014,"Jueves",0,14:30:00,,"0.0",2,"Automóvil,Moto/Ciclomotor","Av. Circunvalacion 7500",2,0,0,0,0,0,2,,"Avenida",,"ROSARIO","Rosario","Asfalto","No existe","II","S/D","S/D","Ninguna","No existe","S/D","Bueno","Buena","Diurna","Buen Tiempo","Lateral","S/D","Colisión","Ninguna","Faltante","S/D","Sin restricción"
2014,1786,07/03/2014,"Viernes",0,10:30:00,,"0.0",1,"Taxi/Remis","Av. Provincias Unidas Y Junin",2,1,0,0,0,0,1,,"Calle",,"ROSARIO","Rosario","Asfalto","No existe","II","S/D","Urbana","Ninguna","No existe","Recta","Bueno","Buena","Diurna","S/D","Contra objeto fijo","S/D","Colisión","S/D","Vertical","Ninguna","S/D"
2014,1787,28/02/2014,"Viernes",0,06:40:00,,"0.0",1,"Moto/Ciclomotor"," ",1,1,0,0,0,0,0,,"S/D",,"SANTA FE","La Capital","Asfalto","No existe","I","Dentro","Urbana","Ninguna","No existe","Recta","Bueno","Buena","Diurna","Buen Tiempo","Contra objeto fijo","S/D","Colisión","Ninguna","Faltante","Ninguna","Sin restricción"