"anio_acci","nro_acci","fecha","desc_dia","fecha_aprox","hora_aprox","desc_ruta","km","cant_participantes","desc_participante","calle_avenida_km","total","heridos_leves","heridos_graves","heridos_gravisimos","ilesos","fallecidos","sin_datos","posicion_XY","desc_tipo_via","desc_ruta_ori","desc_loc","desc_dpto","desc_tipo_calzada","desc_tipo_banquina","desc_unidad_regional","desc_lugar_calzada","desc_zona","desc_prioridad","desc_estado_semaforo","desc_lugar_via","desc_estado_via","desc_estado_visibilidad","desc_luminosidad","desc_estado_clima","desc_tipo_colision","desc_tipo_atropello","desc_tipo_hecho","desc_pres_calzada","desc_senializacion","desc_separacion_via","desc_restriccion"
2014,1788,04/03/2014,"Martes",0,,,"0.0",2,"Moto/Ciclomotor,Taxi/Remis","Av. Francia Y Av. Caseros Bis",2,1,0,0,1,0,0,,"Avenida",,"ROSARIO","Rosario","Asfalto","Pavimento","II","Dentro","Urbana","Semáforo","Funciona","Intersección","Bueno","Buena","S/D","Buen Tiempo","Lateral","S/D","Colisión","Ninguna","Vertical","Cordón divisorio","Sin restricción"
2014,1789,04/03/2014,"Martes",0,21:15:00,"Ruta Provincial 14","21.0",3,"Automóvil,Automóvil,Automóvil","Ruta Prov 14 ",6,2,0,0,4,0,0,,"Ruta",14,"PEREZ","Rosario","S/D","Natural","II","Dentro","Urbana","Ninguna","No existe","Recta","S/D","Buena","Nocturna","Otro","Múltiple","S/D","Colisión","S/D","Faltante","Línea divisoria pintada","Sin restricción"
2014,1790,02/03/2014,"Domingo",0,02:00:00,,"0.0",2,"Moto/Ciclomotor,Automóvil","Bv Pte Peron 400",2,1,0,0,1,0,0,,"Avenida",,"SAN JORGE","San Martín","Hormigón","Pavimento","XVIII","Dentro","Urbana","S/D","No existe","Recta","Bueno","Buena","Nocturna","Buen Tiempo","Otro","S/D","Colisión","S/D","S/D","S/D","S/D"
2014,1791,15/03/2014,"Sabado",0,18:55:00,,"0.0",2,"Moto/Ciclomotor,Automóvil","Boulevard Lisandro de la Torre Y Boulevard Ovidio Lagos",2,1,0,0,1,0,0,,"Avenida",,"CASILDA","Caseros","Asfalto","No existe","IV","S/D","Urbana","Ninguna","No existe","Intersección","Bueno","Buena","Diurna","Buen Tiempo","Lateral","S/D","Colisión","Ninguna","S/D","Ninguna","Sin restricción"
2014,1792,05/03/2014,"Miercoles",0,19:00:00,,"0.0",2,"Automóvil,Moto/Ciclomotor","Pje. Polonia Y Bahia Blanca Bis",3,1,0,0,0,0,2,,"Calle",,"ROSARIO","Rosario","Asfalto","S/D","II","Dentro","Urbana","S/D","No existe","Intersección","S/D","S/D","Atardecer","S/D","Lateral","S/D","Colisión","S/D","S/D","S/D","S/D"
2014,1793,17/03/2014,"Lunes",0,18:00:00,"Ruta Nacional 9","0.0",2,"Automóvil,Moto/Ciclomotor"," ",2,0,1,0,1,0,0,,"Ruta",9,"ROLDÁN","San Lorenzo","Asfalto","S/D","XVII","Dentro","Urbana","Ninguna","No existe","Intersección","Bueno","Buena","Diurna","Buen Tiempo","Lateral","S/D","Colisión","S/D","Vertical","Ninguna","Sin restricción"
2014,1794,10/03/2014,"Lunes",0,18:30:00,"Ruta Nacional 33","0.0",2,"Moto/Ciclomotor,Pickup/Utilitario","Ruta Nac 33 Y Juan Bautista Alberdi",2,1,0,0,1,0,0,,"Ruta",33,"PEREZ","Rosario","S/D","No existe","II","Dentro","Urbana","Ninguna","No existe","Intersección","Otro","Buena","Amanecer","Otro","Lateral","S/D","Colisión","Otro","Faltante","Línea divisoria pintada","Sin restricción"
2014,1795,10/03/2014,"Lunes",0,21:45:00,,"0.0",2,"Moto/Ciclomotor,Automóvil","San Lorenzo Y Fray Luis Beltran",2,1,0,0,1,0,0,,"Calle",,"CASILDA","Caseros","Asfalto","No existe","IV","S/D","Urbana","Ninguna","No existe","Intersección","Bueno","Buena","Nocturna","Buen Tiempo","Lateral","S/D","Colisión","S/D","S/D","Ninguna","Sin restricción"
2014,1796,07/03/2014,"Viernes",0,14:25:00,"Ruta Nacional 33","0.0",2,"Automóvil,Camión","Ruta Nac 33 Y Ruta Prov 14",4,3,0,0,1,0,0,,"Ruta",33,"PEREZ","Rosario","S/D","No existe","II","S/D","S/D","Ninguna","No existe","Cruce","Otro","Buena","Diurna","Otro","Lateral","S/D","Colisión","Otro","Faltante","Línea divisoria pintada","Sin restricción"
2014,1797,20/03/2014,"Jueves",0,11:00:00,,"0.0",2,"Automóvil,Automóvil","Av Pellegrini Y Catamarca",4,1,0,0,3,0,0,,"Avenida",,"SAN JORGE","San Martín","Asfalto","S/D","XVIII","Dentro","Urbana","S/D","S/D","Intersección","Bueno","Buena","Diurna","Buen Tiempo","Otro","S/D","Colisión","S/D","S/D","S/D","S/D"
2014,1798,07/03/2014,"Viernes",0,23:15:00,,"0.0",2,"Moto/Ciclomotor,Automóvil","Av. Genova Y J.V.Gonzalez Bis",2,1,0,0,1,0,0,,"Avenida",,"ROSARIO","Rosario","Asfalto","S/D","II","S/D","Urbana","Ninguna","S/D","Intersección","Bueno","S/D","S/D","Buen Tiempo","S/D","S/D","Colisión","S/D","Faltante","Ninguna","Sin restricción"
2014,1799,22/03/2014,"Sabado",0,,,"0.0",2,"Peatón,Automóvil","Boulevard Lisandro de la Torre Y España",2,1,0,0,0,0,1,,"Avenida",,"CASILDA","Caseros","Asfalto","No existe","IV","S/D","Urbana","Ninguna","No existe","Intersección","Bueno","Buena","Nocturna","Buen Tiempo","S/D","S/D","Atropello","S/D","S/D","Ninguna","Sin restricción"
2014,1800,10/03/2014,"Lunes",0,,,"0.0",2,"Moto/Ciclomotor,Moto/Ciclomotor","Valle Hermoso Y Medrano",5,3,0,0,2,0,0,,"Calle",,"ROSARIO","Rosario","Asfalto","No existe","II","Dentro","Urbana","Ninguna","No existe","Intersección","Bueno","Buena","Diurna","Buen Tiempo","Otro","S/D","Colisión","S/D","Faltante","Ninguna","Sin restricción"
2014,1801,01/03/2014,"Sabado",0,12:20:00,,"0.0",2,"Peatón,Pickup/Utilitario","Av. Circunvalacion Y Av. Sorrento",2,1,0,0,1,0,0,,"Avenida",,"ROSARIO","Rosario","Asfalto","S/D","II","S/D","Urbana","Semáforo","Funciona","Intersección","Bueno","Buena","Diurna","Buen Tiempo","S/D","S/D","Atropello","S/D","Vertical","Línea divisoria pintada","S/D"
2014,1802,24/03/2014,"Lunes",0,05:15:00,,"0.0",2,"Pickup/Utilitario,Peatón","Av Roque Saenz Peña ",2,1,0,0,1,0,0,,"Avenida",,"SAN GENARO","San Jerónimo","Asfalto","No existe","XV","Dentro","Urbana","Ninguna","No existe","Recta","Bueno","Buena","Nocturna","Buen Tiempo","S/D","S/D","Atropello","Ninguna","Faltante","Ninguna","Sin restricción"
2014,1803,06/03/2014,"Jueves",0,19:00:00,,"0.0",2,"Moto/Ciclomotor,Automóvil","Almte Brown Y Juan Jose Paso",2,1,0,0,1,0,0,,"Calle",,"ROLDÁN","San Lorenzo","Tierra","No existe","XVII","Dentro","Urbana","Ninguna","No existe","Intersección","Bueno","Buena","Atardecer","Buen Tiempo","Lateral","S/D","Colisión","S/D","Faltante","Ninguna","Sin restricción"
2014,1804,01/03/2014,"Sabado",0,22:00:00,,"0.0",2,"Automóvil,Automóvil","Av. Circunvalacion ",2,1,0,0,1,0,0,,"Avenida",,"ROSARIO","Rosario","Asfalto","S/D","II","S/D","Urbana","Ninguna","No existe","Recta","Bueno","Buena","Nocturna,Con luz artificial","Buen Tiempo","Otro","S/D","Colisión","S/D","Faltante","Barrera de hormigón","Obra en Construcción"
2014,1805,22/03/2014,"Sabado",0,10:10:00,,"0.0",1,"Moto/Ciclomotor","10 DE SEPTIEMBRE  Y CORRIENTES",1,1,0,0,0,0,0,,"Calle",,"SAN GENARO","San Jerónimo","Asfalto","No existe","XV","Dentro","Urbana","Ninguna","No existe","Recta","Bueno","Buena","Diurna","Buen Tiempo","S/D","S/D","Caída ocupante","Otro","Vertical","Ninguna","Sin restricción"
2014,1806,02/03/2014,"Domingo",0,15:00:00,,"0.0",3,"Automóvil,Automóvil,Pickup/Utilitario","Av. Circunvalacion 2500",3,1,0,0,2,0,0,,"Avenida",,"ROSARIO","Rosario","Asfalto","Pavimento","II","Dentro","Urbana","Ninguna","No existe","Recta","Otro","Buena","Diurna","Buen Tiempo","Múltiple","S/D","Colisión","Otro","Vertical","Guardarrail","Obra en Construcción"
2014,1807,01/03/2014,"Sabado",0,21:30:00,,"0.0",2,"Automóvil,Moto/Ciclomotor","Santa Fe Y Rivadavia",2,1,0,0,1,0,0,,"Calle",,"SAN JORGE","San Martín","Hormigón","S/D","XVIII","Dentro","Urbana","S/D","S/D","Intersección","Bueno","Buena","Nocturna","S/D","Otro","S/D","Colisión","S/D","S/D","S/D","S/D"
2014,1808,21/03/2014,"Viernes",0,01:30:00,,"0.0",2,"Automóvil,Moto/Ciclomotor","Bv San Martin Y Rivadavia",2,1,0,0,1,0,0,,"Avenida",,"ROLDÁN","San Lorenzo","Asfalto","No existe","XVII","Dentro","Urbana","Ninguna","No existe","Intersección","Bueno","Buena","Nocturna,Con luz artificial","Buen Tiempo","Lateral","S/D","Colisión","S/D","Faltante","Cordón divisorio","Sin restricción"
2014,1809,17/03/2014,"Lunes",0,20:50:00,,"0.0",2,"Moto/Ciclomotor,Pickup/Utilitario","Av Roque Saenz Peña Y Moreno",3,0,2,0,1,0,0,,"Avenida",,"SAN GENARO","San Jerónimo","Asfalto","No existe","XV","Dentro","Urbana","Ninguna","No existe","Intersección","Bueno","Buena","Nocturna","Buen Tiempo","Frontal","S/D","Colisión","Ninguna","Faltante","Ninguna","Sin restricción"
2014,1810,12/03/2014,"Miercoles",0,17:30:00,,"0.0",2,"Moto/Ciclomotor,Automóvil","Bv. Rondeau Y Ricardo Gutierrez",3,2,0,0,1,0,0,,"Avenida",,"ROSARIO","Rosario","Asfalto","S/D","II","Dentro","Urbana","S/D","S/D","S/D","S/D","S/D","Diurna","S/D","Frontal","S/D","Colisión","S/D","S/D","S/D","S/D"
2014,1811,05/03/2014,"Miercoles",0,19:30:00,,"0.0",2,"Automóvil,Moto/Ciclomotor","Palestina Y Blomberg",3,1,0,0,2,0,0,,"Calle",,"ROSARIO","Rosario","Asfalto","No existe","II","Dentro","Urbana","Ninguna","No existe","Recta","Bueno","Buena","Atardecer","Buen Tiempo","De alcance","S/D","Colisión","Ninguna","Faltante","Ninguna","Sin restricción"
2014,1812,21/03/2014,"Viernes",0,20:10:00,,"0.0",1,"Moto/Ciclomotor","Bartolome Mitre Y Eva Peron",1,1,0,0,0,0,0,,"Calle",,"SAN JORGE","San Martín","Hormigón","S/D","XVIII","Dentro","Urbana","S/D","S/D","Intersección","Bueno","Buena","Nocturna","Buen Tiempo","S/D","S/D","S/D","S/D","S/D","S/D","S/D"
2014,1813,24/03/2014,"Lunes",0,12:30:00,,"0.0",2,"Moto/Ciclomotor,Automóvil","Galvez Y Hernandez",2,1,0,0,1,0,0,,"Calle",,"ROLDÁN","San Lorenzo","Tierra","No existe","XVII","Dentro","Urbana","Ninguna","No existe","Intersección","Bueno","Buena","Diurna","Buen Tiempo","Lateral","S/D","Colisión","S/D","Faltante","Ninguna","Sin restricción"
2014,1814,03/03/2014,"Lunes",0,16:15:00,"Ruta Provincial 14","0.0",2,"Automóvil,Automóvil","A012 Y RUTA PROVINCIAL N&#186;14",6,2,1,0,3,0,0,,"Ruta",14,"PIÑERO","Rosario","Asfalto","Natural","II","Dentro","Urbana","Ninguna","No existe","Recta","Bueno","Buena","Diurna","Buen Tiempo","Lateral","S/D","Colisión","Ninguna","Vertical","Línea divisoria pintada","Sin restricción"
2014,1815,13/03/2014,"Jueves",0,08:30:00,,"0.0",2,"Moto/Ciclomotor,Automóvil","Bv 9 de Julio Y San Juan",2,1,0,0,1,0,0,,"Calle",,"SAN JORGE","San Martín","Asfalto","S/D","XVIII","Dentro","Urbana","S/D","No existe","Intersección","Bueno","Buena","Diurna","Buen Tiempo","Otro","S/D","Colisión","S/D","S/D","S/D","S/D"
2014,1816,21/03/2014,"Viernes",0,10:45:00,"Ruta Nacional 11","419.0",1,"Moto/Ciclomotor"," ",1,1,0,0,0,0,0,,"Ruta",11,"CORONDA","San Jerónimo","Asfalto","Natural","XV","S/D","S/D","Ninguna","No existe","Recta","Bueno","Buena","Diurna","Buen Tiempo","S/D","S/D","Caída ocupante","Ninguna","Faltante","Línea divisoria pintada","Sin restricción"
2014,1817,19/03/2014,"Miercoles",0,,"Ruta Nacional 11","0.0",2,"Moto/Ciclomotor,Automóvil","Mitre ",2,0,0,0,0,0,2,,"Ruta",11,"CORONDA","San Jerónimo","Asfalto","Natural","XV","Dentro","Urbana","Ninguna","No existe","Recta","Bueno","Buena","Atardecer","Buen Tiempo","Frontal","S/D","Colisión","S/D","Faltante","Ninguna","Sin restricción"
2014,1818,27/03/2014,"Jueves",0,10:30:00,,"0.0",2,"Automóvil,Peatón","Alberdi Y Jose de San Martin",2,1,0,0,1,0,0,,"S/D",,"CORONDA","San Jerónimo","Hormigón","Pavimento","XV","S/D","S/D","Ninguna","No existe","Intersección","Bueno","Buena","Diurna","Buen Tiempo","S/D","S/D","Atropello","Ninguna","Faltante","Ninguna","Sin restricción"
2014,1819,01/03/2014,"Sabado",0,12:20:00,"Ruta Secundaria 20-s","0.0",1,"Automóvil","A012 Y RUTA SECUNDARIA 20S",3,1,1,0,1,0,0,,"Ruta","20-s","PIÑERO","Rosario","Asfalto","Natural","II","Dentro","Urbana","Ninguna","No existe","Curva","Bueno","Buena","Diurna","Buen Tiempo","S/D","S/D","Vuelco","Ninguna","Vertical","Línea divisoria pintada","Sin restricción"
2014,1820,18/03/2014,"Martes",0,08:25:00,,"0.0",2,"Moto/Ciclomotor,Automóvil","Sarmiento Y Bv Pte Peron",2,0,1,0,1,0,0,,"Calle",,"SAN JORGE","San Martín","Asfalto","S/D","XVIII","Dentro","Urbana","S/D","S/D","Recta","Bueno","Buena","Diurna","Buen Tiempo","Otro","S/D","Colisión","S/D","S/D","S/D","S/D"
2014,1821,13/03/2014,"Jueves",0,20:50:00,,"0.0",2,"Bicicleta,Moto/Ciclomotor","Av. Peron ",2,1,0,0,0,0,1,,"Avenida",,"CORONDA","San Jerónimo","Asfalto","No existe","XV","Dentro","Urbana","Ninguna","No existe","Recta","Bueno","Reducida","Nocturna,Con luz artificial","S/D","S/D","S/D","Atropello","Otro","Faltante","Ninguna","Sin restricción"
2014,1822,01/03/2014,"Sabado",0,15:10:00,,"0.0",1,"Moto/Ciclomotor","Avenida 13 Y Avenida 2",1,1,0,0,0,0,0,,"Avenida",,"LAS PAREJAS","Belgrano","Hormigón","S/D","III","Dentro","Urbana","Ninguna","No existe","Recta","Bueno","Buena","Diurna","Buen Tiempo","S/D","S/D","Caída ocupante","Ninguna","Vertical","Ninguna","Sin restricción"
2014,1823,30/03/2014,"Domingo",0,19:15:00,,"0.0",1,"Moto/Ciclomotor","Saenz Pe±a Y Maestro Sarco",1,0,0,0,0,0,1,,"Calle",,"CORONDA","San Jerónimo","Tierra","No existe","XV","S/D","S/D","Ninguna","No existe","Recta","Bueno","Reducida","Atardecer","Buen Tiempo","Lateral","S/D","Colisión","Otro","Faltante","Ninguna","Sin restricción"
2014,1824,26/03/2014,"Miercoles",0,12:50:00,,"0.0",2,"Moto/Ciclomotor,Bicicleta","Pellegrini Y Carlos Avale",2,2,0,0,0,0,0,,"Calle",,"SAN GENARO","San Jerónimo","Asfalto","Natural","XV","S/D","Urbana","Ninguna","No existe","Recta","Con baches","Buena","Atardecer","Buen Tiempo","S/D","S/D","Atropello","Ninguna","Faltante","S/D","Sin restricción"
2014,1825,22/03/2014,"Sabado",0,18:40:00,,"0.0",1,"Moto/Ciclomotor","Calle 19 Y Calle 30",1,1,0,0,0,0,0,,"Calle",,"LAS PAREJAS","Belgrano","Hormigón","No existe","III","Dentro","Urbana","Ninguna","No existe","Recta","Bueno","Buena","Diurna","Buen Tiempo","Atropello animal","S/D","Colisión","Ninguna","Faltante","Ninguna","Sin restricción"
2014,1826,12/03/2014,"Miercoles",0,11:50:00,"Ruta Nacional 11","0.0",2,"Moto/Ciclomotor,Bicicleta","Consejal Horacio Gagliano Y Av L de la Torre-Ruta Nac 11",2,1,0,0,1,0,0,,"Ruta",11,"CORONDA","San Jerónimo","Asfalto,Tierra","Natural","XV","Dentro","Urbana","Ninguna","No existe","Recta","Bueno","Buena","Diurna","Buen Tiempo","S/D","S/D","Atropello","Ninguna","Faltante","Ninguna","Sin restricción"
2014,1827,01/03/2014,"Sabado",0,08:15:00,"Ruta Nacional 11","0.0",2,"Moto/Ciclomotor,Pickup/Utilitario","SANTA FE ",2,0,1,0,1,0,0,,"Ruta",11,"SAN FABIÁN","San Jerónimo","Asfalto","Ripio","XV","S/D","Urbana","Señal Ceda el Paso","No existe","Recta","Bueno","Buena","Diurna","Buen Tiempo","Lateral","S/D","Colisión","S/D","Vertical","S/D","Sin restricción"
2014,1828,19/03/2014,"Miercoles",0,11:10:00,,"0.0",2,"Pickup/Utilitario,Bicicleta","Juarez Celman Y General San Martin",2,0,1,0,1,0,0,,"Calle",,"TORTUGAS","Belgrano","Asfalto","No existe","III","Dentro","Urbana","Ninguna","No existe","Intersección","Bueno","Buena","Diurna","Buen Tiempo","S/D","S/D","Atropello","Ninguna","Faltante","Ninguna","Sin restricción"
2014,1829,15/03/2014,"Sabado",0,21:05:00,,"0.0",2,"Moto/Ciclomotor,Otros","Jose de San Martin Y G Brown",2,0,2,0,0,0,0,,"Calle",,"CORONDA","San Jerónimo","Asfalto","No existe","XV","Dentro","Urbana","Ninguna","No existe","Intersección","Bueno","S/D","Atardecer","S/D","Lateral","S/D","Colisión","Otro","Faltante","S/D","S/D"
2014,1830,17/03/2014,"Lunes",0,08:30:00,,"0.0",1,"Moto/Ciclomotor"," ",2,0,1,0,1,0,0,,"Camino Rural",,"CASALEGNO","San Jerónimo","Tierra","Natural","XV","Dentro","Rural","Ninguna","No existe","Otro","Ahuellamiento","Buena","Diurna","Buen Tiempo","S/D","S/D","Caída ocupante","Otro","Faltante","Ninguna","Sin restricción"
2014,1831,07/03/2014,"Viernes",0,19:45:00,,"0.0",1,"Moto/Ciclomotor","Avda 25 de Mayo Y Bme Mitre",1,1,0,0,0,0,0,,"Avenida",,"GÁLVEZ","San Jerónimo","Hormigón","No existe","XV","S/D","Urbana","Semáforo","Funciona","Intersección","Bueno","Reducida","Atardecer","Buen Tiempo","Contra objeto fijo","S/D","Colisión","Otro","Vertical","Cordón divisorio","Desvío Provisorio"
2014,1832,23/03/2014,"Domingo",0,20:30:00,,"0.0",1,"Moto/Ciclomotor","Bv Sarmiento Y Echague",2,1,0,0,1,0,0,,"Avenida",,"ROLDÁN","San Lorenzo","Tierra","Natural","XVII","Dentro","Urbana","Ninguna","No existe","Intersección","Con baches","Reducida","Nocturna","Buen Tiempo","S/D","S/D","Caída ocupante","S/D","Faltante","Ninguna","Sin restricción"
2014,1834,01/03/2014,"Sabado",0,07:15:00,"Autopista Provincial Brigadier E.López","60.0",1,"Automóvil"," ",2,1,0,0,1,0,0,,"Autopista","Brigadier E.López","MONJE","San Jerónimo","Asfalto","Pavimento","XV","Fuera","Rural","Ninguna","No existe","Recta","Bueno","Buena","Diurna","Buen Tiempo","S/D","S/D","Despiste","Ninguna","Horizontal","Vegetación","Sin restricción"
2014,1835,29/03/2014,"Sabado",0,06:50:00,,"0.0",3,"Pickup/Utilitario,Peatón,Peatón","Juarez Celman Y Dean Funes",3,2,0,0,1,0,0,,"Calle",,"TORTUGAS","Belgrano","Asfalto","No existe","III","Dentro","Urbana","Ninguna","No existe","Intersección","Bueno","Buena","Amanecer","Buen Tiempo","S/D","S/D","Atropello","Ninguna","Faltante","Ninguna","Sin restricción"
2014,1836,20/03/2014,"Jueves",0,18:40:00,,"0.0",2,"Pickup/Utilitario,Bicicleta","Santa Fe Y Fray Luis Beltran",2,0,1,0,1,0,0,,"Calle",,"SAN JORGE","San Martín","Asfalto","S/D","XVIII","Dentro","Urbana","S/D","S/D","Intersección","Bueno","Buena","Diurna","Buen Tiempo","S/D","S/D","Atropello","S/D","S/D","S/D","Sin restricción"
2014,1837,14/03/2014,"Viernes",0,15:10:00,"Autopista Nacional Rosario -Cordoba","8.0",2,"Automóvil,Automóvil"," ",2,1,0,0,1,0,0,,"Autopista","Rosario -Cordoba","CAPITÁN BERMÚDEZ","San Lorenzo","Hormigón","Natural","XVII","Dentro","Rural","Ninguna","No existe","Recta","Bueno","Buena","Diurna","Buen Tiempo","De alcance","S/D","Colisión","Ninguna","Horizontal","Línea divisoria pintada","Sin restricción"
2014,1838,16/03/2014,"Domingo",0,17:30:00,"Ruta Nacional 9","0.0",2,"Moto/Ciclomotor,Camión","RUTA NACIONAL N&#186; 9 417",2,1,0,0,1,0,0,,"Ruta",9,"TORTUGAS","Belgrano","Asfalto","Pavimento","III","Dentro","Urbana","Ninguna","No existe","Recta","Bueno","S/D","Diurna","Buen Tiempo","Lateral","S/D","Colisión","Ninguna","Faltante","Línea divisoria pintada","Sin restricción"
2014,1839,11/03/2014,"Martes",0,12:20:00,"Ruta Nacional 11","0.0",2,"Automóvil,Otros","Ruta Nac 11 Y Corrientes",2,1,1,0,0,0,0,,"Ruta",11,"MACIEL","San Jerónimo","Asfalto","Natural","XV","Dentro","Urbana","Ninguna","No existe","Recta","Con baches","Buena","Diurna","Buen Tiempo","De alcance","S/D","Colisión","Ninguna","S/D","Vegetación","Sin restricción"
2014,1840,27/03/2014,"Jueves",0,15:35:00,"Autopista Provincial Brigadier E.López","65.0",2,"Pickup/Utilitario,Pickup/Utilitario"," ",3,2,1,0,0,0,0,,"Autopista","Brigadier E.López","MONJE","San Jerónimo","Asfalto","Pavimento","XV","S/D","Rural","Ninguna","No existe","Recta","Bueno,Resbaladiza","Reducida","Diurna","Lluvia","De alcance","S/D","Colisión","Agua","Horizontal","Vegetación","Sin restricción"
2014,1841,20/03/2014,"Jueves",0,14:20:00,"Ruta Nacional 11","0.0",2,"Moto/Ciclomotor,Otros","Ruta Nac 11 Y Buenos Aires",3,1,0,0,2,0,0,,"Ruta",11,"MACIEL","San Jerónimo","Asfalto","Ripio","XV","Dentro","Rural","Ninguna","No existe","Recta","Bueno","Buena","Diurna","Buen Tiempo","De alcance","S/D","Colisión","Ninguna","S/D","Línea divisoria pintada","S/D"
2014,1842,01/03/2014,"Sabado",0,14:30:00,,"0.0",2,"Automóvil,Otros","Boulevard Ovidio Lagos Y San Juan",3,1,0,0,2,0,0,,"Avenida",,"CASILDA","Caseros","Asfalto","No existe","IV","S/D","Urbana","Ninguna","No existe","Intersección","Bueno","Buena","Diurna","Buen Tiempo","Lateral","S/D","Colisión","S/D","S/D","Ninguna","Sin restricción"
2014,1843,20/03/2014,"Jueves",0,20:30:00,,"0.0",2,"Peatón,Automóvil"," ",2,1,0,0,1,0,0,,"Calle",,"SAN JORGE","San Martín","Asfalto","S/D","XVIII","Dentro","Urbana","S/D","S/D","Recta","S/D","Buena","Nocturna","Buen Tiempo","S/D","S/D","Atropello","S/D","S/D","S/D","Sin restricción"
2014,1844,26/03/2014,"Miercoles",0,00:10:00,"Ruta Nacional A012","40.0",2,"Camión,Camión"," ",2,0,0,0,1,1,0,"-32.944424, -60.904488","Ruta","A012","ROLDÁN","San Lorenzo","Asfalto","Natural","XVII","Fuera","Rural","Ninguna","No existe","Recta","Bueno","Reducida","Nocturna","Buen Tiempo","Otro","S/D","Colisión","S/D","Vertical","Ninguna","Sin restricción"
2014,1845,13/03/2014,"Jueves",0,12:05:00,,"0.0",2,"Otros,Automóvil","Ferrocarril Manuel Belgrano ",5,1,0,0,4,0,0,,"Camino Rural",,"NARÉ","San Justo","Tierra","No existe","XVI","S/D","Rural","Señal Pare","No existe","Paso a Nivel FFCC","Bueno","Buena","Diurna","Buen Tiempo","Lateral","S/D","Colisión","Otro","Vertical","Ninguna","Sin restricción"
2014,1846,26/03/2014,"Miercoles",0,18:50:00,,"0.0",2,"Bicicleta,Pickup/Utilitario","Vicente Lopez Y  Remedios de Escalada de San M",2,1,0,0,1,0,0,,"Calle",,"CASILDA","Caseros","Asfalto","No existe","IV","S/D","Urbana","Ninguna","No existe","Intersección","Bueno","Buena","Diurna","Buen Tiempo","S/D","S/D","Atropello","Ninguna","S/D","Ninguna","Sin restricción"
2014,1847,29/03/2014,"Sabado",0,14:40:00,,"0.0",2,"Automóvil,Moto/Ciclomotor","Santiago Y Rivadavia Bernardino",3,2,0,0,1,0,0,,"Calle",,"CAPITÁN BERMÚDEZ","San Lorenzo","Asfalto","No existe","XVII","Dentro","Urbana","Ninguna","No existe","Intersección","Bueno","Buena","Diurna","Buen Tiempo","Frontal","S/D","Colisión","Ninguna","Faltante","Ninguna","Sin restricción"
2014,1848,07/03/2014,"Viernes",0,04:15:00,"Ruta Nacional 33","0.0",2,"Bicicleta,Otros"," Ruta Nac 33 Y Boulevard 9 de julio",2,1,0,0,1,0,0,,"Ruta",33,"CASILDA","Caseros","Asfalto","Pavimento","IV","S/D","Urbana","Semáforo","Intermitente","Cruce","Bueno","Buena","Nocturna","Buen Tiempo","S/D","S/D","Atropello","Ninguna","Horizontal,Vertical","Cordón divisorio","Sin restricción"
2014,1849,01/03/2014,"Sabado",0,23:00:00,,"0.0",2,"Moto/Ciclomotor,Automóvil","Virasoro Y Mont Cenis",2,1,0,0,1,0,0,,"Calle",,"ROSARIO","Rosario","Asfalto","S/D","II","Dentro","Urbana","S/D","S/D","Recta","S/D","S/D","Nocturna","S/D","Frontal","S/D","Colisión","S/D","S/D","S/D","S/D"
2014,1850,28/03/2014,"Viernes",0,11:10:00,,"0.0",2,"Moto/Ciclomotor,Camión","Avellaneda Y Bv San Martin",2,1,0,0,1,0,0,,"Avenida",,"ROLDÁN","San Lorenzo","Hormigón","No existe","XVII","Dentro","Urbana","Ninguna","No existe","Intersección","Bueno","Buena","Diurna","Buen Tiempo","Lateral","S/D","Colisión","S/D","Vertical","Ninguna","Sin restricción"
2014,1851,26/03/2014,"Miercoles",0,19:30:00,,"0.0",1,"Moto/Ciclomotor","Av San Martin Y Dr Ghio",1,1,0,0,0,0,0,,"Avenida",,"SAN LORENZO","San Lorenzo","Asfalto","S/D","XVII","Dentro","Urbana","S/D","S/D","Intersección","S/D","S/D","Nocturna","S/D","S/D","S/D","S/D","S/D","S/D","S/D","S/D"
2014,1852,01/03/2014,"Sabado",0,15:15:00,"Ruta Nacional 11","0.0",1,"Automóvil","S J Puig Y Juan de Garay",1,1,0,0,0,0,0,,"Ruta",11,"GOBERNADOR CRESPO","San Justo","Asfalto","Natural","XVI","Fuera","Urbana","Señal Pare","No existe","Recta","Bueno","Buena","Diurna","Buen Tiempo","S/D","S/D","Vuelco","Ninguna","Horizontal,Vertical","Ninguna","Sin restricción"
2014,1853,31/03/2014,"Lunes",0,10:10:00,,"0.0",2,"Automóvil,Moto/Ciclomotor","Bv Sarmiento 300",2,0,1,0,1,0,0,,"Avenida",,"ROLDÁN","San Lorenzo","Hormigón","No existe","XVII","Dentro","Urbana","Ninguna","No existe","Intersección","Bueno","Buena","Diurna","Buen Tiempo","Lateral","S/D","Colisión","S/D","Vertical","Ninguna","Sin restricción"
2014,1854,27/03/2014,"Jueves",0,12:10:00,,"0.0",2,"Bicicleta,Automóvil","Boulevard Villada Y España",2,1,0,0,1,0,0,,"Avenida",,"CASILDA","Caseros","Asfalto","No existe","IV","S/D","Rural","Ninguna","No existe","Intersección","Bueno","Buena","Diurna","Buen Tiempo","S/D","S/D","Atropello","Ninguna","S/D","Ninguna","Sin restricción"