"anio_acci","nro_acci","fecha","desc_dia","fecha_aprox","hora_aprox","desc_ruta","km","cant_participantes","desc_participante","calle_avenida_km","total","heridos_leves","heridos_graves","heridos_gravisimos","ilesos","fallecidos","sin_datos","posicion_XY","desc_tipo_via","desc_ruta_ori","desc_loc","desc_dpto","desc_tipo_calzada","desc_tipo_banquina","desc_unidad_regional","desc_lugar_calzada","desc_zona","desc_prioridad","desc_estado_semaforo","desc_lugar_via","desc_estado_via","desc_estado_visibilidad","desc_luminosidad","desc_estado_clima","desc_tipo_colision","desc_tipo_atropello","desc_tipo_hecho","desc_pres_calzada","desc_senializacion","desc_separacion_via","desc_restriccion"
2014,1856,05/03/2014,"Miercoles",0,01:15:00,,"0.0",2,"Automóvil,Moto/Ciclomotor","Av. Eudoro Carrasco 3400",3,1,0,0,2,0,0,,"Calle",,"ROSARIO","Rosario","Asfalto","S/D","II","Dentro","Urbana","S/D","S/D","Recta","Bueno","S/D","Nocturna,Con luz artificial","S/D","S/D","S/D","S/D","S/D","S/D","Cordón divisorio","S/D"
2014,1857,01/03/2014,"Sabado",1,11:20:00,,"0.0",2,"Pickup/Utilitario,Moto/Ciclomotor","S Domingo de Guzman Y 1ro de setiembre",3,2,0,0,1,0,0,,"S/D",,"GOBERNADOR CRESPO","San Justo","Asfalto","Natural","XVI","S/D","Urbana","Ninguna","No existe","Recta","Bueno","Buena","Diurna","Buen Tiempo","S/D","S/D","Colisión","Ninguna","Vertical","Línea divisoria pintada","Sin restricción"
2014,1858,29/03/2014,"Sabado",0,18:00:00,"Ruta Nacional 11","0.0",2,"Moto/Ciclomotor,Otros"," ",5,4,0,0,1,0,0,,"Ruta",11,"RECONQUISTA","General Obligado","Asfalto","Pavimento","IX","Dentro","Urbana","Semáforo","Funciona","Intersección","Resbaladiza","Reducida","Diurna","Lluvia","Lateral","S/D","Colisión","Agua","Vertical","Cordón divisorio","Sin restricción"
2014,1859,02/03/2014,"Domingo",0,19:30:00,,"0.0",2,"Automóvil,Moto/Ciclomotor","Brown ",2,1,0,0,1,0,0,,"Calle",,"SAN LORENZO","San Lorenzo","Asfalto","No existe","XVII","Dentro","Urbana","S/D","No existe","Intersección","S/D","Buena","Nocturna","Buen Tiempo","Lateral","S/D","Colisión","S/D","S/D","Ninguna","S/D"
2014,1860,09/03/2014,"Domingo",0,08:45:00,,"0.0",2,"Automóvil,Moto/Ciclomotor","Agrelo Y Martin Fierro",3,1,0,0,2,0,0,,"Calle",,"ROSARIO","Rosario","Asfalto","S/D","II","Dentro","Urbana","S/D","No existe","Recta","Bueno","S/D","Diurna","S/D","S/D","S/D","S/D","S/D","S/D","S/D","S/D"
2014,1861,25/03/2014,"Martes",0,09:30:00,,"0.0",2,"Automóvil,Moto/Ciclomotor","Calle 28 - San Lorenzo Y Calle 25-Rivadavia",2,1,0,0,1,0,0,,"Calle",,"RECONQUISTA","General Obligado","Hormigón","No existe","IX","Dentro","Urbana","Ninguna","No existe","Recta","Bueno","Buena","Diurna","Buen Tiempo","Frontal","S/D","Colisión","S/D","Horizontal","Ninguna","S/D"
2014,1862,28/03/2014,"Viernes",0,22:00:00,,"0.0",2,"Moto/Ciclomotor,Automóvil","Cordoba 1700",3,2,0,0,1,0,0,,"Calle",,"PUERTO SAN MARTÍN","San Lorenzo","Asfalto","No existe","XVII","Dentro","Urbana","Ninguna","No existe","Recta","Bueno","Buena","Nocturna","Buen Tiempo","De alcance","S/D","Colisión","Ninguna","Horizontal","Ninguna","Sin restricción"
2014,1863,07/03/2014,"Viernes",0,21:10:00,"Ruta Nacional 11","544.8",2,"Moto/Ciclomotor,Moto/Ciclomotor","Ruta Nac 11 544.8",5,5,0,0,0,0,0,,"Ruta",11,"VIDELA","San Justo","Asfalto","Natural","XVI","S/D","Rural","Ninguna","No existe","Recta","Bueno","Buena","Nocturna","Buen Tiempo","Frontal","S/D","Colisión","S/D","Horizontal","Línea divisoria pintada","Sin restricción"
2014,1864,29/03/2014,"Sabado",0,06:50:00,,"0.0",1,"Automóvil","L N Alem 100",1,1,0,0,0,0,0,,"Calle",,"PUERTO SAN MARTÍN","San Lorenzo","Asfalto","No existe","XVII","Dentro","Urbana","Ninguna","No existe","Recta","Bueno","Buena","Diurna","Buen Tiempo","Contra objeto fijo","S/D","Colisión","Ninguna","Horizontal","Ninguna","Sin restricción"
2014,1865,07/03/2014,"Viernes",0,08:10:00,,"0.0",2,"Moto/Ciclomotor,Automóvil","Av. Irigoyen Y Varela",3,2,0,0,1,0,0,,"Calle",,"ROSARIO","Rosario","Asfalto","S/D","II","Dentro","Urbana","S/D","S/D","Intersección","S/D","S/D","Diurna","S/D","Lateral","S/D","Colisión","S/D","S/D","S/D","S/D"
2014,1866,27/03/2014,"Jueves",0,19:30:00,,"0.0",2,"Automóvil,Moto/Ciclomotor","Guayaquil Y San Lorenzo",2,1,0,0,1,0,0,,"Calle",,"FRAY LUIS BELTRÁN","San Lorenzo","Hormigón","No existe","XVII","Dentro","Urbana","Ninguna","No existe","Intersección","Bueno","Buena","Diurna","Buen Tiempo","Lateral","S/D","Colisión","S/D","S/D","Ninguna","Sin restricción"
2014,1867,09/03/2014,"Domingo",0,17:00:00,,"0.0",2,"Automóvil,Automóvil","J B Alberdi 200",3,2,0,0,1,0,0,,"Calle",,"PUERTO SAN MARTÍN","San Lorenzo","Asfalto","No existe","XVII","Dentro","Urbana","Ninguna","No existe","Recta","Bueno","Buena","Diurna","Buen Tiempo","De alcance","S/D","Colisión","Ninguna","Horizontal","Ninguna","Sin restricción"
2014,1868,06/03/2014,"Jueves",0,17:50:00,,"0.0",2,"Moto/Ciclomotor,Automóvil"," ",2,1,0,0,1,0,0,,"Calle",,"RECONQUISTA","General Obligado","Asfalto","Pavimento","IX","Dentro","Urbana","Ninguna","No existe","Intersección","Bueno","Buena","Diurna","Buen Tiempo","Lateral","S/D","Colisión","Otro","Vertical","Cordón divisorio","Sin restricción"
2014,1869,15/03/2014,"Sabado",0,06:30:00,"Ruta Nacional 11","0.0",1,"Moto/Ciclomotor","Mendoza ",2,2,0,0,0,0,0,,"Ruta",11,"MACIEL","San Jerónimo","Asfalto","No existe","XV","Fuera","Urbana","Ninguna","No existe","Recta","Bueno","Buena","Amanecer,Con luz artificial","Buen Tiempo","S/D","S/D","Caída ocupante","Ninguna","S/D","Ninguna","Sin restricción"
2014,1870,20/03/2014,"Jueves",0,20:00:00,,"0.0",2,"Bicicleta,Moto/Ciclomotor","9 de Julio Y P Gaggero",2,1,0,0,1,0,0,,"Calle",,"SAN JUSTO","San Justo","Asfalto","Pavimento","XVI","Dentro","Urbana","Ninguna","No existe","Recta","Bueno","Buena","Nocturna","Buen Tiempo","S/D","S/D","Atropello","S/D","Faltante","Ninguna","Sin restricción"
2014,1871,02/03/2014,"Domingo",0,05:15:00,"Ruta Nacional 11","0.0",2,"Moto/Ciclomotor,Automóvil","Av San Martin Y Urquiza",2,0,0,0,0,0,2,,"Ruta",11,"SAN LORENZO","San Lorenzo","S/D","S/D","XVII","S/D","Urbana","S/D","S/D","S/D","S/D","S/D","Nocturna","S/D","S/D","S/D","S/D","S/D","S/D","S/D","S/D"
2014,1872,12/03/2014,"Miercoles",0,10:15:00,,"0.0",2,"Moto/Ciclomotor,Automóvil"," ",2,1,0,0,1,0,0,,"Calle",,"RECONQUISTA","General Obligado","Asfalto","Pavimento","IX","Dentro","Urbana","Ninguna","No existe","Intersección","Bueno","Buena","Diurna","Buen Tiempo","Lateral","S/D","Colisión","Otro","Vertical","Cordón divisorio","Sin restricción"
2014,1873,07/03/2014,"Viernes",0,09:40:00,,"0.0",2,"Moto/Ciclomotor,Automóvil","Cayetano Nerbutti Y L N Alem",3,2,0,0,1,0,0,,"Calle",,"PUERTO SAN MARTÍN","San Lorenzo","Asfalto","No existe","XVII","Dentro","Urbana","Ninguna","No existe","Intersección","Bueno","Buena","Diurna","Buen Tiempo","De alcance","S/D","Colisión","Ninguna","Horizontal","Ninguna","Sin restricción"
2014,1874,23/03/2014,"Domingo",0,11:45:00,,"0.0",2,"Moto/Ciclomotor,Peatón","Larrea Y 1 de Mayo",2,1,0,0,1,0,0,,"Calle",,"FRAY LUIS BELTRÁN","San Lorenzo","Ripio","No existe","XVII","Dentro","Urbana","Ninguna","No existe","Recta","Bueno","Buena","Diurna","Buen Tiempo","S/D","S/D","Atropello","S/D","S/D","Ninguna","Sin restricción"
2014,1875,09/03/2014,"Domingo",0,08:20:00,"Ruta Nacional 11","0.0",2,"Automóvil,Moto/Ciclomotor","Av San Martin Y Rosario",4,0,0,0,1,0,3,,"Ruta",11,"SAN LORENZO","San Lorenzo","S/D","S/D","XVII","Dentro","Urbana","S/D","S/D","Intersección","S/D","S/D","Diurna","S/D","S/D","S/D","Colisión","S/D","S/D","S/D","S/D"
2014,1876,13/03/2014,"Jueves",0,17:00:00,,"0.0",2,"Automóvil,Moto/Ciclomotor","Cordoba Y Belgrano",3,2,0,0,1,0,0,,"Calle",,"PUERTO SAN MARTÍN","San Lorenzo","Asfalto","No existe","XVII","Dentro","Urbana","Ninguna","No existe","Intersección","Bueno","Buena","Diurna","Buen Tiempo","De alcance","S/D","Colisión","Ninguna","Horizontal","Ninguna","Sin restricción"
2014,1877,27/03/2014,"Jueves",0,15:50:00,,"0.0",2,"Pickup/Utilitario,Bicicleta","Sarmiento Y Guayaquil",2,1,0,0,1,0,0,,"Calle",,"FRAY LUIS BELTRÁN","San Lorenzo","Asfalto","No existe","XVII","Dentro","Urbana","Ninguna","No existe","Intersección","Bueno","Buena","Diurna","Buen Tiempo","S/D","S/D","Atropello","S/D","S/D","Ninguna","Sin restricción"
2014,1878,01/03/2014,"Sabado",0,01:00:00,"Ruta Nacional 11","0.0",2,"Automóvil,Moto/Ciclomotor","Av San Martin Y Santiago del Estero",2,0,0,0,1,0,1,,"Ruta",11,"SAN LORENZO","San Lorenzo","S/D","S/D","XVII","S/D","Urbana","S/D","S/D","S/D","S/D","S/D","Nocturna","S/D","S/D","S/D","S/D","S/D","S/D","S/D","S/D"
2014,1879,13/03/2014,"Jueves",0,18:20:00,,"0.0",2,"Bicicleta,Moto/Ciclomotor","9 de Julio Y Belgrano",3,2,0,0,1,0,0,,"Calle",,"PUERTO SAN MARTÍN","San Lorenzo","Asfalto","No existe","XVII","Dentro","Urbana","Ninguna","No existe","Intersección","Bueno","Buena","Diurna","Buen Tiempo","S/D","S/D","Atropello","Ninguna","Horizontal","Ninguna","Sin restricción"
2014,1880,27/03/2014,"Jueves",0,20:15:00,,"0.0",2,"Automóvil,Moto/Ciclomotor","Guayaquil Y San Lorenzo",2,1,0,0,1,0,0,,"Calle",,"FRAY LUIS BELTRÁN","San Lorenzo","Hormigón","No existe","XVII","Dentro","Urbana","Ninguna","No existe","Intersección","Bueno","Buena","Nocturna","Buen Tiempo","Lateral","S/D","Colisión","S/D","S/D","Ninguna","Sin restricción"
2014,1881,01/03/2014,"Sabado",0,11:45:00,,"0.0",2,"Automóvil,Bicicleta","General Lopez Y L N Alem",2,0,0,0,1,0,1,,"Calle",,"SAN LORENZO","San Lorenzo","S/D","S/D","XVII","S/D","Urbana","S/D","S/D","S/D","S/D","S/D","S/D","S/D","S/D","S/D","Atropello","S/D","S/D","S/D","S/D"
2014,1882,23/03/2014,"Domingo",0,01:45:00,,"0.0",1,"Automóvil"," ",4,4,0,0,0,0,0,,"Camino Rural",,"MACIEL","San Jerónimo","Tierra","No existe","XV","Dentro","Rural","Otra Señal","No existe","Recta","Bueno","Buena","Nocturna,Con luz artificial","Buen Tiempo","Contra objeto fijo","S/D","Colisión","Ninguna","Faltante","Ninguna","Sin restricción"
2014,1883,20/03/2014,"Jueves",0,09:30:00,,"0.0",2,"Transporte de Pasajeros (H/ 8 asientos),Moto/Ciclomotor","L N Alem Y Cordoba",2,1,0,0,1,0,0,,"Calle",,"PUERTO SAN MARTÍN","San Lorenzo","Asfalto","No existe","XVII","Dentro","Urbana","Ninguna","No existe","Intersección","Bueno","Buena","Diurna","Buen Tiempo","Lateral","S/D","Colisión","Ninguna","Horizontal","Ninguna","Sin restricción"
2014,1884,20/03/2014,"Jueves",0,14:30:00,,"0.0",1,"Automóvil","Dorrego Y L N Alem",1,0,0,0,0,0,1,,"Calle",,"SAN LORENZO","San Lorenzo","S/D","S/D","XVII","Dentro","Urbana","S/D","S/D","S/D","S/D","S/D","Diurna","S/D","S/D","S/D","S/D","S/D","S/D","S/D","S/D"
2014,1885,26/03/2014,"Miercoles",0,00:00:00,"Ruta Nacional 11","0.0",2,"Automóvil,Automóvil"," ",3,2,0,0,1,0,0,,"Ruta",11,"PUERTO SAN MARTÍN","San Lorenzo","Asfalto","Natural","XVII","Dentro","Urbana","Ninguna","No existe","Intersección","Bueno","Buena","Nocturna","Buen Tiempo","De alcance","S/D","Colisión","Ninguna","Horizontal","Ninguna","Sin restricción"
2014,1886,05/03/2014,"Miercoles",0,15:25:00,,"0.0",2,"Pickup/Utilitario,Moto/Ciclomotor","Velez Sarsfield Y Jose Marquez",4,0,0,0,0,0,4,,"Calle",,"SAN LORENZO","San Lorenzo","S/D","S/D","XVII","S/D","Urbana","S/D","S/D","S/D","S/D","S/D","S/D","S/D","S/D","S/D","S/D","S/D","S/D","S/D","S/D"
2014,1887,10/03/2014,"Lunes",0,10:35:00,,"0.0",2,"Moto/Ciclomotor,Moto/Ciclomotor","Amado Cittadini Y Bateria del Quebracho",2,0,0,0,0,0,2,,"Calle",,"SAN LORENZO","San Lorenzo","S/D","S/D","XVII","S/D","Urbana","S/D","S/D","Intersección","S/D","S/D","Diurna","S/D","S/D","S/D","S/D","S/D","S/D","S/D","S/D"
2014,1888,22/03/2014,"Sabado",0,09:10:00,"Ruta Nacional 11","334.0",2,"Moto/Ciclomotor,Camión"," ",3,2,0,0,1,0,0,,"Ruta",11,"PUERTO SAN MARTÍN","San Lorenzo","Asfalto","Natural","XVII","Dentro","Urbana","Ninguna","No existe","Intersección","Bueno","Buena","Diurna","Buen Tiempo","De alcance","S/D","Colisión","Ninguna","Horizontal","Ninguna","Sin restricción"
2014,1889,08/03/2014,"Sabado",0,17:45:00,"Autopista Provincial Brigadier E.López","15.0",2,"Automóvil,Automóvil"," ",5,1,0,0,0,0,4,,"Autopista","Brigadier E.López","SAN LORENZO","San Lorenzo","S/D","S/D","XVII","S/D","S/D","S/D","S/D","S/D","S/D","S/D","S/D","S/D","S/D","S/D","S/D","S/D","S/D","S/D","S/D"
2014,1890,25/03/2014,"Martes",0,21:00:00,"Ruta Nacional 11","0.0",2,"Automóvil,Moto/Ciclomotor","Cordoba ",2,1,0,0,1,0,0,,"Ruta",11,"PUERTO SAN MARTÍN","San Lorenzo","Asfalto","No existe","XVII","Dentro","Urbana","Ninguna","No existe","Intersección","Bueno","Buena","Nocturna","Buen Tiempo","De alcance","S/D","Colisión","Ninguna","Horizontal","Ninguna","Sin restricción"
2014,1891,27/03/2014,"Jueves",0,19:30:00,,"0.0",2,"Moto/Ciclomotor,Automóvil","Tucuman Y 25 de Mayo",2,1,0,0,1,0,0,,"Calle",,"PUERTO SAN MARTÍN","San Lorenzo","Asfalto","No existe","XVII","Dentro","Urbana","Ninguna","No existe","Intersección","Bueno","Buena","Nocturna","Buen Tiempo","De alcance","S/D","Colisión","Ninguna","Horizontal","Ninguna","Sin restricción"
2014,1892,28/03/2014,"Viernes",0,11:50:00,,"0.0",2,"Moto/Ciclomotor,Moto/Ciclomotor","Reconquista Y Rivadavia",4,2,0,0,2,0,0,,"Calle",,"PUERTO SAN MARTÍN","San Lorenzo","Asfalto","No existe","XVII","Dentro","Urbana","Ninguna","No existe","Intersección","Bueno","Buena","Diurna","Buen Tiempo","De alcance","S/D","Colisión","Ninguna","Horizontal","Ninguna","Sin restricción"
2014,1893,06/03/2014,"Jueves",0,11:25:00,,"0.0",2,"Moto/Ciclomotor,Moto/Ciclomotor","Intendente Santos Palacios Y Sargento Cabral",2,0,0,0,0,0,2,,"Calle",,"SAN LORENZO","San Lorenzo","S/D","S/D","XVII","S/D","Urbana","S/D","S/D","S/D","S/D","S/D","S/D","S/D","S/D","S/D","Otro","S/D","S/D","S/D","S/D"
2014,1894,08/03/2014,"Sabado",0,15:50:00,"Ruta Nacional 11","0.0",2,"Automóvil,Moto/Ciclomotor","Bv Oroño Y Ruta Nac 11 Av Peron",2,0,0,0,1,0,1,,"Ruta",11,"SAN LORENZO","San Lorenzo","S/D","S/D","XVIII","S/D","Urbana","S/D","S/D","S/D","S/D","S/D","Diurna","S/D","S/D","S/D","S/D","S/D","S/D","S/D","S/D"
2014,1895,26/03/2014,"Miercoles",0,23:00:00,,"0.0",2,"Moto/Ciclomotor,Automóvil","Sargento Cabral Y San Luis",2,1,0,0,1,0,0,,"Calle",,"SAN LORENZO","San Lorenzo","S/D","S/D","XVII","Dentro","Urbana","S/D","S/D","S/D","S/D","S/D","Nocturna","S/D","S/D","S/D","Colisión","S/D","S/D","S/D","S/D"
2014,1896,22/03/2014,"Sabado",0,22:15:00,,"0.0",1,"Moto/Ciclomotor","THOMSON Y J.INGENIEROS",2,2,0,0,0,0,0,,"Calle",,"SAN LORENZO","San Lorenzo","S/D","S/D","XVII","Dentro","Urbana","S/D","S/D","S/D","S/D","S/D","Nocturna","S/D","S/D","S/D","Caída ocupante","S/D","S/D","S/D","S/D"
2014,1897,25/03/2014,"Martes",0,16:30:00,,"0.0",2,"Automóvil,Moto/Ciclomotor","Tucuman Y Brown",2,1,0,0,1,0,0,,"Calle",,"SAN LORENZO","San Lorenzo","S/D","S/D","XVII","S/D","Urbana","S/D","S/D","S/D","S/D","S/D","Diurna","S/D","S/D","S/D","Colisión","S/D","S/D","S/D","S/D"
2014,1898,15/03/2014,"Sabado",0,09:00:00,,"0.0",2,"Moto/Ciclomotor,Transporte de Pasajeros Urbano (> 8 asientos)","Av Aristobulo del Valle Y B Anduiza",2,1,0,0,1,0,0,,"Avenida",,"RAFAELA","Castellanos","Asfalto","No existe","V","Dentro","Urbana","S/D","No existe","Intersección","Bueno","Buena","Diurna","Buen Tiempo","Lateral","S/D","Colisión","S/D","S/D","S/D","S/D"
2014,1899,20/03/2014,"Jueves",0,18:15:00,,"0.0",2,"Automóvil,Moto/Ciclomotor","Calle 12 San Martin ",2,1,0,0,1,0,0,,"Calle",,"RECONQUISTA","General Obligado","Asfalto","S/D","IX","Dentro","Urbana","Ninguna","S/D","Recta","Bueno","S/D","Diurna","Buen Tiempo","Lateral","S/D","Colisión","S/D","S/D","Ninguna","S/D"
2014,1900,08/03/2014,"Sabado",0,10:00:00,,"0.0",2,"Automóvil,Moto/Ciclomotor","Calle 22- 25 de Mayo Y Calle 15-Patricio Diez",2,0,1,0,1,0,0,,"Calle",,"RECONQUISTA","General Obligado","Asfalto","No existe","IX","Dentro","Urbana","Ninguna","No existe","Recta","Bueno","Buena","Diurna","Buen Tiempo","Frontal","S/D","Colisión","S/D","Horizontal,Vertical","Ninguna","Sin restricción"
2014,1901,15/03/2014,"Sabado",0,20:15:00,,"0.0",2,"Bicicleta,Moto/Ciclomotor","Leandro N Alem Y Av Rivadavia",2,1,0,0,1,0,0,,"Avenida",,"SUNCHALES","Castellanos","S/D","S/D","V","Dentro","Urbana","S/D","S/D","Intersección","S/D","S/D","Atardecer","Buen Tiempo","S/D","S/D","Atropello","S/D","S/D","S/D","S/D"
2014,1902,03/03/2014,"Lunes",0,12:15:00,,"0.0",2,"Pickup/Utilitario,Moto/Ciclomotor","Calle 27-Gdor Freyre Y Calle 30-Lucas Funes",2,1,0,0,1,0,0,,"Calle",,"RECONQUISTA","General Obligado","Asfalto","No existe","IX","Dentro","Urbana","Ninguna","No existe","Intersección","Bueno","Buena","Diurna","Lluvia","Lateral","S/D","Colisión","S/D","Horizontal,Vertical","Ninguna","Sin restricción"
2014,1903,05/03/2014,"Miercoles",0,20:00:00,,"0.0",2,"Moto/Ciclomotor,Automóvil","Rafaela Y A Borlenghi",3,2,0,0,1,0,0,,"Calle",,"SUNCHALES","Castellanos","S/D","S/D","V","Dentro","Urbana","S/D","S/D","Curva","S/D","S/D","Atardecer","Buen Tiempo","Lateral","S/D","Colisión","S/D","S/D","S/D","S/D"
2014,1904,01/03/2014,"Sabado",0,,,"0.0",2,"Bicicleta,Transporte de Pasajeros Urbano (> 8 asientos)","Bv. 27 De Febrero Y Necochea",2,1,0,0,0,0,1,,"Calle",,"ROSARIO","Rosario","Hormigón","No existe","II","Dentro","Urbana","Semáforo","Funciona","Intersección","Bueno","Buena","Diurna","Buen Tiempo","S/D","S/D","Atropello","Ninguna","Vertical","Ninguna","Sin restricción"
2014,1905,17/03/2014,"Lunes",0,12:05:00,,"0.0",2,"Moto/Ciclomotor,Automóvil","Laprida Y Riobamba",2,1,0,0,1,0,0,,"Calle",,"ROSARIO","Rosario","S/D","S/D","II","Dentro","Urbana","S/D","S/D","S/D","S/D","S/D","Diurna","S/D","S/D","S/D","Colisión","S/D","S/D","S/D","S/D"
2014,1906,08/03/2014,"Sabado",0,12:15:00,,"0.0",2,"Moto/Ciclomotor,Pickup/Utilitario","Bv Pte Roca Y J Galvez",2,1,0,0,1,0,0,,"Calle",,"RAFAELA","Castellanos","Asfalto","No existe","V","Dentro","Urbana","S/D","No existe","Intersección","Bueno","Buena","Diurna","Buen Tiempo","Frontal","S/D","Colisión","S/D","S/D","S/D","S/D"
2014,1907,05/03/2014,"Miercoles",0,14:00:00,,"0.0",2,"Pickup/Utilitario,Peatón","Maipu Y 25 de Mayo",2,1,0,0,1,0,0,,"Calle",,"RAFAELA","Castellanos","Asfalto","S/D","V","Dentro","Urbana","S/D","S/D","Intersección","Bueno","Buena","Diurna","S/D","S/D","S/D","Atropello","S/D","S/D","S/D","S/D"
2014,1908,10/03/2014,"Lunes",0,22:40:00,,"0.0",2,"Automóvil,Moto/Ciclomotor","Cochabamba Y L.N.Alem",3,2,0,0,1,0,0,,"Calle",,"ROSARIO","Rosario","S/D","S/D","II","Dentro","Urbana","S/D","S/D","S/D","S/D","S/D","Nocturna","S/D","S/D","S/D","Colisión","S/D","S/D","S/D","S/D"
2014,1909,07/03/2014,"Viernes",0,10:50:00,"Ruta Nacional 34","0.0",2,"Moto/Ciclomotor,Ambulancia","Falucho ",2,1,0,0,1,0,0,,"Ruta",34,"RAFAELA","Castellanos","Asfalto","S/D","V","Dentro","Urbana","S/D","S/D","Intersección","S/D","Buena","Diurna","S/D","S/D","S/D","Colisión","S/D","S/D","S/D","S/D"
2014,1910,15/03/2014,"Sabado",0,08:00:00,,"0.0",2,"Bicicleta,Automóvil","Av Luis Fanti Y Ituzaingo",2,0,1,0,1,0,0,,"Avenida",,"RAFAELA","Castellanos","Asfalto","No existe","V","Dentro","Urbana","S/D","No existe","Intersección","Bueno","Buena","Diurna","Buen Tiempo","S/D","S/D","Atropello","S/D","S/D","S/D","S/D"
2014,1911,06/03/2014,"Jueves",0,03:00:00,,"0.0",1,"Moto/Ciclomotor","Bv G L Lhemann Y Carrero Podio",1,0,1,0,0,0,0,,"Calle",,"RAFAELA","Castellanos","Asfalto","S/D","V","Dentro","Urbana","S/D","S/D","Intersección","S/D","S/D","Con luz artificial","S/D","Atropello animal","S/D","Colisión","S/D","S/D","S/D","S/D"
2014,1912,06/03/2014,"Jueves",0,23:00:00,,"0.0",2,"Peatón,Automóvil","Eva Peron Y 500 Millas Argentinas",3,2,0,0,1,0,0,,"Calle",,"RAFAELA","Castellanos","Asfalto","S/D","V","Dentro","Urbana","S/D","S/D","Intersección","S/D","Buena","Nocturna,Con luz artificial","S/D","S/D","S/D","Atropello","S/D","S/D","S/D","S/D"
2014,1913,06/03/2014,"Jueves",0,06:30:00,,"0.0",2,"Moto/Ciclomotor,Automóvil","Av Luis Fanti Y Ituzaingo",2,1,0,0,0,0,1,,"Avenida",,"RAFAELA","Castellanos","Asfalto","S/D","V","S/D","Urbana","S/D","S/D","Intersección","S/D","Buena","Amanecer,Con luz artificial","S/D","S/D","S/D","Caída ocupante","S/D","S/D","S/D","S/D"
2014,1914,14/03/2014,"Viernes",0,15:45:00,"Ruta Nacional 34","0.0",2,"Automóvil,Camión","LAS VIOLETAS ",2,1,0,0,1,0,0,,"Ruta",34,"RAFAELA","Castellanos","Hormigón","S/D","V","Dentro","Urbana","S/D","S/D","Intersección","Resbaladiza","Reducida","Diurna","Lluvia","Lateral","S/D","Colisión","Agua","S/D","S/D","S/D"
2014,1915,06/03/2014,"Jueves",0,19:30:00,,"0.0",2,"Automóvil,Moto/Ciclomotor","Intendente Nestor Bode Y Independencia",2,0,1,0,1,0,0,,"Calle",,"SAN JAVIER","San Javier","Hormigón","S/D","XIV","Dentro","Urbana","Ninguna","No existe","Intersección","Bueno","Buena","Atardecer","Buen Tiempo","Lateral","S/D","Colisión","S/D","Faltante","Ninguna","Sin restricción"
2014,1916,06/03/2014,"Jueves",0,17:00:00,,"0.0",2,"Moto/Ciclomotor,Automóvil","Primera Junta Y Jose Ingenieros",2,1,0,0,1,0,0,,"Calle",,"RAFAELA","Castellanos","Asfalto","S/D","V","S/D","Urbana","S/D","S/D","Intersección","S/D","Buena","Diurna","S/D","S/D","S/D","Colisión","S/D","S/D","S/D","S/D"
2014,1917,13/03/2014,"Jueves",0,21:00:00,,"0.0",1,"Moto/Ciclomotor","Libertad ",1,1,0,0,0,0,0,,"Calle",,"SAN JAVIER","San Javier","Asfalto","S/D","XIV","Dentro","Urbana","Ninguna","No existe","Recta","Bueno","Buena","Nocturna","Buen Tiempo","Atropello animal","S/D","Colisión","S/D","Faltante","S/D","Sin restricción"
2014,1918,06/03/2014,"Jueves",0,07:30:00,,"0.0",2,"Moto/Ciclomotor,Moto/Ciclomotor","Simon Bolivar Y Ayacucho",2,1,0,0,1,0,0,,"Calle",,"RAFAELA","Castellanos","Asfalto","S/D","V","S/D","Urbana","S/D","S/D","Intersección","Bueno","Buena","Diurna","S/D","S/D","S/D","Colisión","S/D","S/D","S/D","S/D"
2014,1919,14/03/2014,"Viernes",0,10:00:00,"Ruta Nacional 34","216.0",1,"Camión"," ",1,1,0,0,0,0,0,,"Ruta",34,"SUSANA","Castellanos","Hormigón","Natural","V","S/D","Rural","S/D","No existe","Intersección","Resbaladiza","Reducida","Diurna","Lluvia","S/D","S/D","Vuelco","Agua","S/D","S/D","S/D"
2014,1920,21/03/2014,"Viernes",0,18:30:00,,"0.0",2,"Moto/Ciclomotor,Otros","Bv Poeta J Migno Y Gral Lavalle",4,1,0,0,3,0,0,,"Calle",,"SAN JAVIER","San Javier","Asfalto","S/D","XIV","Dentro","Urbana","Ninguna","No existe","Intersección","Resbaladiza","Buena","Diurna","Buen Tiempo","De alcance","S/D","Colisión","Material Suelto","Faltante","Vegetación","Sin restricción"
2014,1921,13/03/2014,"Jueves",0,15:30:00,,"0.0",2,"Moto/Ciclomotor,Automóvil","Pasteur Y E Zeballos",3,1,0,0,2,0,0,,"Calle",,"SUNCHALES","Castellanos","S/D","S/D","V","Dentro","Urbana","S/D","S/D","Intersección","S/D","S/D","Diurna","S/D","Lateral","S/D","Colisión","S/D","S/D","S/D","S/D"
2014,1922,01/03/2014,"Sabado",0,22:30:00,"Ruta Secundaria 280-s","0.0",2,"Moto/Ciclomotor,Tren"," ",3,0,1,0,2,0,0,,"Ruta","280-s","SUNCHALES","Castellanos","Asfalto","S/D","V","S/D","Rural","S/D","S/D","Recta","Bueno","S/D","Nocturna","S/D","S/D","S/D","Colisión","S/D","S/D","S/D","S/D"
2014,1923,24/03/2014,"Lunes",0,11:40:00,,"0.0",3,"Moto/Ciclomotor,Automóvil,Pickup/Utilitario","Independencia Y Sarmiento",4,2,0,0,2,0,0,,"Calle",,"SAN JAVIER","San Javier","Asfalto","S/D","XIV","Dentro","Urbana","Ninguna","No existe","Intersección","Bueno","Buena","Diurna","Buen Tiempo","Múltiple","S/D","Colisión","S/D","Faltante","Ninguna","Sin restricción"
2014,1924,02/03/2014,"Domingo",0,23:00:00,,"0.0",2,"Moto/Ciclomotor,Automóvil","Schweitzer Y Pje. Candelaria Bis",2,1,0,0,1,0,0,,"Calle",,"ROSARIO","Rosario","S/D","S/D","II","Dentro","Urbana","S/D","S/D","S/D","S/D","S/D","Nocturna","S/D","S/D","S/D","Colisión","S/D","S/D","S/D","S/D"