"anio_acci","nro_acci","fecha","desc_dia","fecha_aprox","hora_aprox","desc_ruta","km","cant_participantes","desc_participante","calle_avenida_km","total","heridos_leves","heridos_graves","heridos_gravisimos","ilesos","fallecidos","sin_datos","posicion_XY","desc_tipo_via","desc_ruta_ori","desc_loc","desc_dpto","desc_tipo_calzada","desc_tipo_banquina","desc_unidad_regional","desc_lugar_calzada","desc_zona","desc_prioridad","desc_estado_semaforo","desc_lugar_via","desc_estado_via","desc_estado_visibilidad","desc_luminosidad","desc_estado_clima","desc_tipo_colision","desc_tipo_atropello","desc_tipo_hecho","desc_pres_calzada","desc_senializacion","desc_separacion_via","desc_restriccion"
2014,1925,01/03/2014,"Sabado",0,19:00:00,,"0.0",1,"Moto/Ciclomotor","Ayacucho 1050",1,0,1,0,0,0,0,,"Calle",,"RAFAELA","Castellanos","Asfalto","S/D","V","S/D","Urbana","S/D","S/D","Recta","S/D","Buena","Atardecer,Con luz artificial","S/D","Contra objeto fijo","S/D","Colisión","S/D","S/D","S/D","S/D"
2014,1926,23/03/2014,"Domingo",0,13:00:00,,"0.0",1,"Moto/Ciclomotor","B Geuna 600",2,1,0,0,1,0,0,,"Calle",,"RAFAELA","Castellanos","Hormigón","S/D","V","Dentro","Urbana","S/D","S/D","Recta","S/D","Buena","Diurna","Buen Tiempo","Contra objeto fijo","S/D","Colisión","Agua","S/D","S/D","Sin restricción"
2014,1927,13/03/2014,"Jueves",0,20:30:00,,"0.0",2,"Automóvil,Moto/Ciclomotor","Victor Manuel Y Primera Junta",2,1,0,0,1,0,0,,"Calle",,"RAFAELA","Castellanos","Asfalto","S/D","V","Dentro","Urbana","S/D","S/D","Intersección","Bueno","Buena","Nocturna,Con luz artificial","S/D","Lateral","S/D","Colisión","S/D","S/D","S/D","S/D"
2014,1928,25/03/2014,"Martes",0,11:30:00,,"0.0",2,"Automóvil,Moto/Ciclomotor","Bv Poeta J Migno Y Rivadavia",2,1,0,0,1,0,0,,"Calle",,"SAN JAVIER","San Javier","Hormigón","S/D","XIV","Dentro","Urbana","Ninguna","No existe","Intersección","Bueno","Buena","Diurna","Buen Tiempo","Lateral","S/D","Colisión","S/D","Horizontal","S/D","Sin restricción"
2014,1929,01/03/2014,"Sabado",0,,,"0.0",2,"Moto/Ciclomotor,Peatón","Urquiza Y Av Gral Bartolome Mitre",2,1,0,0,1,0,0,,"Avenida",,"RAFAELA","Castellanos","Asfalto","S/D","V","S/D","Urbana","S/D","S/D","Intersección","S/D","Buena","Nocturna,Con luz artificial","S/D","S/D","S/D","Atropello","S/D","S/D","S/D","S/D"
2014,1930,13/03/2014,"Jueves",0,18:30:00,,"0.0",2,"Moto/Ciclomotor,Automóvil","25 de Mayo Y Mariano Moreno",3,1,0,0,2,0,0,,"Calle",,"RAFAELA","Castellanos","Asfalto","S/D","V","Dentro","Urbana","S/D","S/D","Intersección","S/D","Buena","Diurna","S/D","Lateral","S/D","Colisión","S/D","S/D","S/D","S/D"
2014,1931,01/03/2014,"Sabado",0,17:15:00,,"0.0",1,"Moto/Ciclomotor"," ",1,1,0,0,0,0,0,,"Camino Rural",,"SAN JAVIER","San Javier","Tierra","No existe","XIV","Dentro","Rural","Ninguna","No existe","Recta","S/D","Buena","Diurna","Buen Tiempo","S/D","S/D","Caída ocupante","S/D","S/D","Ninguna","Sin restricción"
2014,1932,01/03/2014,"Sabado",0,16:10:00,,"0.0",2,"Moto/Ciclomotor,Automóvil","Hugo del Carril Y Eloy Gaitan",4,0,1,0,3,0,0,,"Calle",,"RAFAELA","Castellanos","Asfalto","S/D","V","S/D","Urbana","S/D","S/D","Intersección","S/D","Buena","Diurna","S/D","S/D","S/D","Colisión","S/D","S/D","S/D","S/D"
2014,1933,13/03/2014,"Jueves",0,22:00:00,,"0.0",2,"Peatón,Automóvil","25 de Mayo Y Arenales",2,1,0,0,1,0,0,,"Calle",,"RAFAELA","Castellanos","Asfalto","S/D","V","Dentro","Urbana","S/D","S/D","Intersección","Bueno","Buena","Nocturna,Con luz artificial","S/D","S/D","S/D","Atropello","S/D","S/D","S/D","S/D"
2014,1934,01/03/2014,"Sabado",0,13:55:00,,"0.0",2,"Moto/Ciclomotor,Automóvil","Santa Fe Y Lopez",2,1,0,0,1,0,0,,"Calle",,"VENADO TUERTO","General López","Asfalto","Pavimento","VIII","Dentro","Urbana","Ninguna","No existe","Intersección","Bueno","Buena","Diurna","Buen Tiempo","Frontal","S/D","Colisión","S/D","S/D","Línea divisoria pintada","Sin restricción"
2014,1935,01/03/2014,"Sabado",0,11:05:00,,"0.0",2,"Automóvil,Automóvil","España Y Iturraspe",2,2,0,0,0,0,0,,"Calle",,"VENADO TUERTO","General López","Asfalto","No existe","VIII","Dentro","Urbana","Señal Pare","No existe","Intersección","Bueno","Buena","Diurna","Buen Tiempo","De alcance","S/D","Colisión","S/D","Vertical","Línea divisoria pintada","Sin restricción"
2014,1936,01/03/2014,"Sabado",0,18:50:00,,"0.0",2,"Automóvil,Moto/Ciclomotor","Rivadavia Y Bv H Irigoyen",2,1,0,0,1,0,0,,"Avenida",,"RAFAELA","Castellanos","Asfalto","S/D","V","S/D","Urbana","S/D","S/D","Intersección","S/D","Buena","Atardecer,Con luz artificial","S/D","S/D","S/D","Colisión","S/D","S/D","S/D","S/D"
2014,1937,12/03/2014,"Miercoles",0,20:00:00,"Ruta Nacional 34","0.0",2,"Moto/Ciclomotor,Moto/Ciclomotor","LUIS MAGGI ",4,4,0,0,0,0,0,,"Ruta",34,"RAFAELA","Castellanos","Asfalto","S/D","V","S/D","Urbana","S/D","S/D","Intersección","S/D","Buena","Atardecer,Con luz artificial","S/D","Lateral","S/D","Colisión","S/D","S/D","S/D","S/D"
2014,1938,06/03/2014,"Jueves",0,,,"0.0",2,"Moto/Ciclomotor,Automóvil","Fernando Azcoaga Y Almafuerte",2,1,0,0,1,0,0,,"Calle",,"VENADO TUERTO","General López","Asfalto","S/D","VIII","Dentro","Urbana","Ninguna","S/D","Intersección","Bueno","S/D","S/D","Buen Tiempo","Lateral","S/D","Colisión","S/D","Faltante","Ninguna","Sin restricción"
2014,1939,01/03/2014,"Sabado",0,18:00:00,,"0.0",2,"Moto/Ciclomotor,Pickup/Utilitario","Rivadavia Y J G Artigas",3,1,0,0,2,0,0,,"Calle",,"RAFAELA","Castellanos","Asfalto","S/D","V","S/D","Urbana","S/D","S/D","Intersección","Bueno","Buena","Diurna","S/D","S/D","S/D","Colisión","S/D","S/D","S/D","S/D"
2014,1940,12/02/2014,"Miercoles",0,,,"0.0",2,"Otros,Otros"," ",2,1,0,0,1,0,0,,"S/D",,"VILLA CONSTITUCIÓN","Constitución","S/D","S/D","VI","S/D","Urbana","S/D","S/D","S/D","S/D","S/D","S/D","S/D","S/D","S/D","Colisión","S/D","S/D","S/D","S/D"
2014,1941,15/03/2014,"Sabado",0,14:30:00,,"0.0",2,"Moto/Ciclomotor,Automóvil"," ",2,1,0,0,1,0,0,,"S/D",,"ROSARIO","Rosario","Asfalto","S/D","II","S/D","Urbana","S/D","S/D","Intersección","S/D","S/D","Diurna","S/D","S/D","S/D","Colisión","S/D","S/D","S/D","S/D"
2014,1942,10/03/2014,"Lunes",0,21:10:00,,"0.0",2,"Moto/Ciclomotor,Automóvil","Bv G L Lhemann 401",2,1,0,0,1,0,0,,"Avenida",,"RAFAELA","Castellanos","S/D","No existe","V","Dentro","Urbana","S/D","No existe","Recta","Bueno","S/D","Nocturna","Buen Tiempo","Lateral","S/D","Colisión","S/D","S/D","S/D","S/D"
2014,1943,28/02/2014,"Viernes",0,,,"0.0",2,"Otros,Otros"," ",2,0,0,0,0,0,2,,"S/D",,"VILLA CONSTITUCIÓN","Constitución","S/D","S/D","VI","S/D","S/D","S/D","S/D","S/D","S/D","S/D","S/D","S/D","S/D","S/D","Colisión","S/D","S/D","S/D","S/D"
2014,1944,03/03/2014,"Lunes",0,23:00:00,,"0.0",2,"Otros,Moto/Ciclomotor","J B Justo Y J D Peron",2,0,1,0,1,0,0,,"Calle",,"SUNCHALES","Castellanos","S/D","S/D","V","S/D","Urbana","S/D","S/D","Intersección","S/D","S/D","Nocturna","Lluvia","Frontal","S/D","Colisión","Agua","S/D","S/D","S/D"
2014,1945,10/03/2014,"Lunes",0,11:30:00,,"0.0",3,"Automóvil,Automóvil,Pickup/Utilitario","Av. Sorrento Y Av. Circunvalacion",5,3,0,0,2,0,0,,"Avenida",,"ROSARIO","Rosario","Asfalto","S/D","II","Dentro","Urbana","S/D","S/D","Intersección","S/D","S/D","Diurna","S/D","Múltiple","S/D","Colisión","S/D","S/D","S/D","S/D"
2014,1946,20/02/2014,"Jueves",0,20:50:00,"Ruta Provincial 1","200.0",2,"Automóvil,Moto/Ciclomotor"," ",2,0,1,0,1,0,0,,"Ruta",1,"COLASTINE","La Capital","Asfalto","Natural","I","Dentro","Urbana","Semáforo","Funciona","Recta","Bueno","Buena","Nocturna","Buen Tiempo","Lateral","S/D","Colisión","S/D","Horizontal","Línea divisoria pintada","Sin restricción"
2014,1947,10/03/2014,"Lunes",0,13:00:00,,"0.0",2,"Moto/Ciclomotor,Automóvil","Edison Y A Marini",3,1,1,0,0,0,1,,"Calle",,"RAFAELA","Castellanos","Asfalto","No existe","V","Dentro","Urbana","S/D","No existe","Intersección","Bueno","S/D","Diurna","Buen Tiempo","Lateral","S/D","Colisión","S/D","S/D","S/D","S/D"
2014,1948,23/02/2014,"Domingo",0,02:00:00,"Ruta Provincial 1","999.9",2,"Automóvil,Moto/Ciclomotor"," ",2,0,1,0,1,0,0,,"Ruta",1,"COLASTINE","La Capital","Asfalto","Natural","I","Dentro","Urbana","Semáforo","Funciona","Recta","Bueno","Buena","Nocturna,Con luz artificial","Buen Tiempo","Lateral","S/D","Colisión","S/D","Horizontal","Línea divisoria pintada","Sin restricción"
2014,1949,10/03/2014,"Lunes",0,12:45:00,,"0.0",1,"Moto/Ciclomotor","Av Luis Fanti Y Antonio Podio",1,1,0,0,0,0,0,,"Avenida",,"RAFAELA","Castellanos","Asfalto","Pavimento","V","Dentro","Urbana","S/D","No existe","Intersección","Bueno","S/D","Diurna","Buen Tiempo","Contra objeto fijo","S/D","Colisión","S/D","S/D","S/D","S/D"
2014,1950,24/03/2014,"Lunes",0,18:35:00,,"0.0",2,"Moto/Ciclomotor,Automóvil","Carlos Pellegrini Y Parana",3,2,0,0,1,0,0,,"Calle",,"RAFAELA","Castellanos","S/D","S/D","V","Dentro","Urbana","S/D","S/D","Intersección","S/D","S/D","Diurna","S/D","Lateral","S/D","Colisión","S/D","S/D","S/D","S/D"
2014,1951,12/03/2014,"Miercoles",0,19:00:00,,"0.0",2,"Automóvil,Automóvil","S/D ",3,2,0,0,1,0,0,,"Calle",,"RECONQUISTA","General Obligado","Asfalto","No existe","IX","Dentro","Urbana","Ninguna","No existe","Intersección","Bueno","Buena","Diurna","Buen Tiempo","Frontal","S/D","Colisión","S/D","S/D","Cordón divisorio","Sin restricción"
2014,1952,06/03/2014,"Jueves",0,17:30:00,"Ruta Nacional 95","25.0",1,"Automóvil"," ",1,1,0,0,0,0,0,,"Ruta",95,"VILLA MINETTI","9 de Julio","Asfalto","Natural","XII","Fuera","Rural","S/D","No existe","Recta","Bueno","Buena","Diurna","Buen Tiempo","S/D","S/D","Vuelco","S/D","S/D","Ninguna","Sin restricción"
2014,1953,23/03/2014,"Domingo",0,21:50:00,,"0.0",2,"Moto/Ciclomotor,Automóvil","S/D ",3,2,0,0,1,0,0,,"Calle",,"RECONQUISTA","General Obligado","Asfalto","No existe","IX","Dentro","Urbana","Ninguna","No existe","Intersección","Bueno","Buena","Nocturna","Buen Tiempo","Frontal","S/D","Colisión","S/D","S/D","Cordón divisorio","Sin restricción"
2014,1954,12/03/2014,"Miercoles",0,11:45:00,"Ruta Nacional 95","0.0",2,"Automóvil,Pickup/Utilitario","Reconquista ",3,2,0,0,1,0,0,,"Ruta",95,"TOSTADO","9 de Julio","Asfalto,Tierra","Natural","XII","S/D","Urbana","Ninguna","No existe","Cruce","Bueno","Buena","Diurna","Buen Tiempo","Otro","S/D","Colisión","S/D","S/D","S/D","S/D"
2014,1955,10/03/2014,"Lunes",0,11:00:00,,"0.0",2,"Moto/Ciclomotor,Automóvil","Av Aristobulo del Valle Y Saavedra",2,0,1,0,1,0,0,,"Avenida",,"RAFAELA","Castellanos","Asfalto","No existe","V","Dentro","Urbana","S/D","No existe","Intersección","Bueno","Buena","Diurna","Buen Tiempo","Lateral","S/D","Colisión","Ninguna","S/D","S/D","S/D"
2014,1956,13/02/2014,"Jueves",0,10:35:00,,"0.0",2,"Moto/Ciclomotor,Pickup/Utilitario","S/D ",3,2,0,0,1,0,0,,"Calle",,"RECONQUISTA","General Obligado","Asfalto","No existe","IX","Dentro","Urbana","Ninguna","No existe","Intersección","Bueno","Buena","Diurna","Buen Tiempo","Frontal","S/D","Colisión","S/D","S/D","Cordón divisorio","Sin restricción"
2014,1957,29/03/2014,"Sabado",0,20:00:00,,"0.0",2,"Bicicleta,Automóvil","25 de Mayo Y Simon Bolivar",2,1,0,0,1,0,0,,"Calle",,"RAFAELA","Castellanos","Hormigón","S/D","V","Dentro","Urbana","S/D","S/D","Intersección","S/D","S/D","Nocturna","S/D","S/D","S/D","Atropello","S/D","S/D","S/D","S/D"
2014,1958,09/03/2014,"Domingo",0,19:30:00,,"0.0",1,"Moto/Ciclomotor","Velez Sarfield 340",1,0,1,0,0,0,0,,"Calle",,"RAFAELA","Castellanos","Asfalto","S/D","V","Dentro","Urbana","S/D","S/D","Recta","S/D","S/D","Atardecer","S/D","Contra objeto fijo","S/D","Colisión","Otro","S/D","S/D","S/D"
2014,1959,05/03/2014,"Miercoles",0,00:00:00,,"0.0",1,"Moto/Ciclomotor","Perusia Y Bv Jaime Ferre",1,1,0,0,0,0,0,,"Calle",,"RAFAELA","Castellanos","Asfalto","No existe","V","Dentro","Urbana","S/D","No existe","Intersección","Resbaladiza","S/D","S/D","S/D","S/D","S/D","Caída ocupante","Material Suelto","S/D","S/D","S/D"
2014,1960,07/03/2014,"Viernes",0,15:00:00,,"0.0",2,"Automóvil,Bicicleta","Gral Mosconi Y Mateo Galvez",2,0,1,0,1,0,0,,"Calle",,"SAN LORENZO","San Lorenzo","Asfalto","No existe","XVII","Dentro","Urbana","Ninguna","No existe","Intersección","Bueno","Buena","Diurna","Buen Tiempo","S/D","S/D","Atropello","S/D","S/D","Ninguna","Sin restricción"
2014,1961,29/03/2014,"Sabado",0,21:00:00,,"0.0",2,"Moto/Ciclomotor,Automóvil","BELGRANO Y SAN LORENZO",2,1,0,0,1,0,0,,"Calle",,"RAFAELA","Castellanos","S/D","S/D","V","Dentro","Urbana","S/D","S/D","Intersección","S/D","S/D","Nocturna","S/D","Lateral","S/D","Colisión","S/D","S/D","S/D","S/D"
2014,1962,23/03/2014,"Domingo",0,13:30:00,,"0.0",2,"Pickup/Utilitario,Moto/Ciclomotor","Enrrique Crippa Y Soldados Argentinos",3,2,0,0,1,0,0,,"Calle",,"ARRUFÓ","San Cristóbal","Asfalto","No existe","XIII","Dentro","Urbana","Ninguna","No existe","Intersección","Bueno","Buena","Diurna","Buen Tiempo","Lateral","S/D","Colisión","S/D","Faltante","Ninguna","S/D"
2014,1963,30/03/2014,"Domingo",0,04:00:00,,"0.0",4,"Peatón,Peatón,Peatón,Automóvil","Rafaela 1500",4,2,1,0,1,0,0,,"Calle",,"SUNCHALES","Castellanos","Hormigón","S/D","V","Dentro","Urbana","S/D","S/D","Recta","S/D","S/D","Nocturna","S/D","S/D","S/D","Atropello","S/D","S/D","S/D","S/D"
2014,1964,09/03/2014,"Domingo",0,01:30:00,,"0.0",1,"Moto/Ciclomotor","ACTIS ",1,0,1,0,0,0,0,,"Calle",,"RAFAELA","Castellanos","Ripio","S/D","V","Dentro","Urbana","S/D","S/D","Recta","S/D","Reducida","Nocturna","Buen Tiempo","S/D","S/D","Caída ocupante","S/D","S/D","S/D","S/D"
2014,1965,16/03/2014,"Domingo",0,08:55:00,,"0.0",2,"Automóvil,Moto/Ciclomotor","Calle 13-Iturraspe Y Calle 16 Gral Obligado",3,2,0,0,1,0,0,,"Calle",,"RECONQUISTA","General Obligado","Hormigón","No existe","IX","Dentro","Urbana","Ninguna","No existe","Intersección","Bueno","Buena","Diurna","Lluvia","Frontal","S/D","Colisión","Agua","Faltante","Cordón divisorio","Sin restricción"
2014,1966,22/03/2014,"Sabado",0,11:50:00,,"0.0",2,"Moto/Ciclomotor,Automóvil","Avenida Chacabuco Y Victoria",3,1,0,0,2,0,0,,"Avenida",,"CERES","San Cristóbal","Asfalto","Pavimento","XIII","Dentro","Urbana","Ninguna","No existe","Intersección","Bueno","Buena","Diurna","Buen Tiempo","S/D","S/D","Colisión","S/D","Horizontal","Ninguna","Sin restricción"
2014,1967,20/03/2014,"Jueves",0,10:40:00,,"0.0",2,"Automóvil,Moto/Ciclomotor","Calle 11-Alvear Y Calle 20 9 de Julio",2,1,0,0,1,0,0,,"Calle",,"RECONQUISTA","General Obligado","Hormigón","No existe","IX","Dentro","Urbana","Ninguna","No existe","Recta","Bueno","Buena","Diurna","Buen Tiempo","Lateral","S/D","Colisión","S/D","Faltante","Cordón divisorio","Sin restricción"
2014,1968,29/03/2014,"Sabado",0,02:50:00,"Ruta Nacional 34","0.0",2,"Moto/Ciclomotor,Automóvil"," ",2,0,1,0,1,0,0,,"Ruta",34,"RAFAELA","Castellanos","Hormigón","S/D","V","Dentro","Urbana","S/D","S/D","Recta","S/D","Reducida","Nocturna","Buen Tiempo","Frontal","S/D","Colisión","S/D","S/D","S/D","S/D"
2014,1969,09/03/2014,"Domingo",0,10:00:00,"Ruta Provincial 13","0.0",2,"Peatón,Automóvil","jujuy ",4,1,0,0,3,0,0,,"Ruta",13,"MARIA JUANA","Castellanos","S/D","S/D","V","S/D","Urbana","S/D","S/D","Intersección","S/D","Buena","Diurna","Buen Tiempo","S/D","S/D","Atropello","Ninguna","S/D","S/D","S/D"
2014,1970,29/03/2014,"Sabado",0,02:00:00,,"0.0",2,"Automóvil,Moto/Ciclomotor","Calle 19-Habegger ",2,1,0,0,1,0,0,,"Calle",,"RECONQUISTA","General Obligado","Hormigón","No existe","III","Dentro","Urbana","Semáforo","Funciona","Intersección","Bueno","Buena","Nocturna,Con luz artificial","Buen Tiempo","Frontal","S/D","Colisión","S/D","S/D","Cordón divisorio","Sin restricción"
2014,1971,12/03/2014,"Miercoles",0,14:45:00,,"0.0",2,"Automóvil,Moto/Ciclomotor","Peru Y Ledesma",2,1,0,0,1,0,0,,"Calle",,"SAN LORENZO","San Lorenzo","Asfalto","No existe","XVII","Dentro","Urbana","Ninguna","No existe","Intersección","Bueno","Buena","Diurna","Buen Tiempo","Lateral","S/D","Colisión","S/D","Faltante","S/D","Sin restricción"
2014,1972,11/03/2014,"Martes",0,,"Ruta Provincial 23","0.0",2,"Automóvil,Moto/Ciclomotor"," ",3,1,1,0,1,0,0,,"Ruta",23,"SAN GUILLERMO","San Cristóbal","Asfalto","Natural","XIII","Dentro","Rural","Ninguna","No existe","Recta","Bueno","Reducida","Nocturna","Buen Tiempo","De alcance","S/D","Colisión","S/D","S/D","Ninguna","Sin restricción"
2014,1973,20/03/2014,"Jueves",0,14:00:00,"Ruta Nacional 11","0.0",3,"Automóvil,Camión,Automóvil"," ",3,1,0,0,2,0,0,,"Ruta",11,"RECONQUISTA","General Obligado","Asfalto","S/D","IX","Dentro","Urbana","S/D","Funciona","Recta","Bueno","Buena","Diurna","Buen Tiempo","Múltiple","S/D","Colisión","S/D","S/D","S/D","S/D"
2014,1974,28/03/2014,"Viernes",0,11:20:00,,"0.0",1,"Moto/Ciclomotor","Bv Pte Roca 625",1,1,0,0,0,0,0,,"Avenida",,"RAFAELA","Castellanos","S/D","No existe","V","S/D","Urbana","S/D","Funciona","Recta","Resbaladiza","S/D","S/D","Lluvia","Contra objeto fijo","S/D","Colisión","Agua","S/D","S/D","S/D"
2014,1975,17/03/2014,"Lunes",0,12:10:00,,"0.0",2,"Moto/Ciclomotor,Pickup/Utilitario","Calle 19-Habegger Y Calle 30-Lucas Funes",2,0,1,0,1,0,0,,"Calle",,"RECONQUISTA","General Obligado","Asfalto","No existe","IX","Dentro","Urbana","Otra Señal","No existe","Intersección","Bueno","Buena","Diurna","Buen Tiempo","De alcance","S/D","Colisión","S/D","Faltante","Ninguna","Sin restricción"
2014,1976,27/03/2014,"Jueves",0,11:45:00,,"0.0",2,"Moto/Ciclomotor,Automóvil","Bv G L Lhemann Y Soldano",2,1,0,0,0,0,1,,"Avenida",,"RAFAELA","Castellanos","Asfalto","No existe","V","S/D","Urbana","S/D","No existe","Intersección","Resbaladiza","Reducida","Diurna","Lluvia","De alcance","S/D","Colisión","Agua","S/D","S/D","S/D"
2014,1977,08/03/2014,"Sabado",0,14:00:00,,"0.0",1,"Moto/Ciclomotor"," ",1,1,0,0,0,0,0,,"S/D",,"RAFAELA","Castellanos","S/D","S/D","V","S/D","S/D","S/D","S/D","S/D","S/D","S/D","Diurna","S/D","S/D","S/D","Caída ocupante","S/D","S/D","S/D","S/D"
2014,1978,24/03/2014,"Lunes",0,11:30:00,,"0.0",2,"Bicicleta,Moto/Ciclomotor","Sarmiento Y C Colon",2,2,0,0,0,0,0,,"Calle",,"SAN GUILLERMO","San Cristóbal","Asfalto","S/D","XIII","Dentro","Urbana","Ninguna","No existe","Intersección","Bueno","Buena","Diurna","Buen Tiempo","S/D","S/D","Atropello","S/D","Vertical","Ninguna","Sin restricción"
2014,1979,01/03/2014,"Sabado",0,12:15:00,,"0.0",2,"Pickup/Utilitario,Moto/Ciclomotor","Avenida Mitre Y 9 de Julio",3,0,1,0,2,0,0,,"Avenida",,"CERES","San Cristóbal","Asfalto","No existe","XIII","Dentro","Urbana","Ninguna","No existe","Intersección","Bueno","Buena","Diurna","Buen Tiempo","Lateral","S/D","Colisión","S/D","Horizontal","Ninguna","Sin restricción"
2014,1980,03/03/2014,"Lunes",0,16:20:00,"Ruta Nacional 34","364.0",1,"Automóvil","Ruta Nac 34 ",3,3,0,0,0,0,0,,"Ruta",34,"HERSILIA","San Cristóbal","Asfalto","Natural","XIII","Fuera","Rural","Ninguna","No existe","Recta","S/D","Reducida","Diurna","Lluvia","Contra objeto fijo","S/D","Colisión","S/D","S/D","Ninguna","Sin restricción"
2014,1981,26/03/2014,"Miercoles",0,22:30:00,,"0.0",1,"Moto/Ciclomotor","Av Italia Y  David MAZZI",1,1,0,0,0,0,0,,"Avenida",,"RAFAELA","Castellanos","Asfalto","S/D","V","S/D","Urbana","S/D","S/D","Intersección","Bueno","Buena","Nocturna,Con luz artificial","S/D","S/D","S/D","Despiste","S/D","S/D","S/D","S/D"
2014,1982,22/03/2014,"Sabado",0,18:45:00,"Ruta Nacional 11","331.0",2,"Moto/Ciclomotor,Automóvil"," ",2,1,0,0,1,0,0,,"Ruta",11,"SAN LORENZO","San Lorenzo","Asfalto","Natural","XVII","Dentro","Urbana","Ninguna","No existe","Cruce","Bueno","Buena","Diurna","Lluvia","S/D","S/D","Colisión","Ninguna","Faltante","Ninguna","Sin restricción"
2014,1983,06/03/2014,"Jueves",0,09:35:00,,"0.0",1,"Moto/Ciclomotor","Antonio Podio 420",1,0,1,0,0,0,0,,"Calle",,"RAFAELA","Castellanos","Asfalto","S/D","V","Dentro","Urbana","S/D","S/D","Recta","Bueno","Buena","Diurna","S/D","Contra objeto fijo","S/D","Colisión","S/D","S/D","S/D","S/D"
2014,1984,24/03/2014,"Lunes",0,20:30:00,,"0.0",2,"Automóvil,Moto/Ciclomotor","Clemente Albelo Y Granadero Baigorria",3,2,0,0,1,0,0,,"Calle",,"SAN LORENZO","San Lorenzo","Asfalto","Natural","XVII","Dentro","Urbana","Otra Señal","No existe","Intersección","Bueno","Reducida","Nocturna","Buen Tiempo","S/D","S/D","Colisión","S/D","S/D","Ninguna","Sin restricción"
2014,1985,26/03/2014,"Miercoles",0,17:00:00,,"0.0",2,"Moto/Ciclomotor,Automóvil","Velez Sarfield ",3,1,0,0,2,0,0,,"Calle",,"RAFAELA","Castellanos","Asfalto","S/D","V","S/D","Urbana","S/D","S/D","S/D","Bueno","Buena","Diurna","S/D","S/D","S/D","Colisión","S/D","S/D","S/D","S/D"
2014,1986,03/03/2014,"Lunes",0,05:10:00,,"0.0",1,"Moto/Ciclomotor","Rivadavia 330",2,2,0,0,0,0,0,,"Calle",,"HERSILIA","San Cristóbal","Asfalto","No existe","XIII","Dentro","Urbana","Ninguna","No existe","Recta","Bueno","Reducida","Nocturna,Con luz artificial","Buen Tiempo","S/D","S/D","Caída ocupante","Ninguna","S/D","Ninguna","Sin restricción"
2014,1987,25/03/2014,"Martes",0,21:00:00,,"0.0",2,"Peatón,Moto/Ciclomotor","Bv G L Lhemann 1700",2,1,0,0,1,0,0,,"Avenida",,"RAFAELA","Castellanos","Asfalto","S/D","V","S/D","Urbana","S/D","S/D","Recta","S/D","Buena","Atardecer","S/D","S/D","S/D","Atropello","S/D","S/D","S/D","S/D"
2014,1988,03/03/2014,"Lunes",0,15:50:00,"Ruta Nacional 34","330.0",1,"Pickup/Utilitario"," ",3,3,0,0,0,0,0,,"Ruta",34,"CURUPAITY","San Cristóbal","Asfalto","Natural","XIII","Fuera","Rural","Ninguna","No existe","Recta","Resbaladiza,Ahuellamiento","Buena","Diurna","Lluvia","S/D","S/D","Vuelco,Despiste","Agua","Faltante","Línea divisoria pintada","Sin restricción"
2014,1989,18/03/2014,"Martes",0,18:15:00,,"0.0",2,"Moto/Ciclomotor,Moto/Ciclomotor","Sarmiento Y E Zeballos",2,2,0,0,0,0,0,,"Calle",,"SUNCHALES","Castellanos","Asfalto","S/D","V","Dentro","Urbana","S/D","S/D","Intersección","Bueno","Buena","Atardecer","S/D","S/D","S/D","Colisión","S/D","S/D","S/D","S/D"
2014,1990,19/03/2014,"Miercoles",0,18:30:00,,"0.0",2,"Pickup/Utilitario,Moto/Ciclomotor","Avenida Belgrano 535",3,0,1,0,2,0,0,,"Avenida",,"SUNCHALES","Castellanos","Asfalto","S/D","V","S/D","Urbana","S/D","S/D","Recta","Bueno","Buena","Atardecer","S/D","S/D","S/D","Colisión","S/D","S/D","S/D","S/D"
2014,1991,27/03/2014,"Jueves",0,17:30:00,,"0.0",2,"Tren,Automóvil","Genaro Roldan Y Ferrocarril Mitre",3,1,0,0,2,0,0,,"Calle",,"SAN LORENZO","San Lorenzo","Asfalto","No existe","XVII","Dentro","Urbana","Otra Señal","No existe","Paso a Nivel FFCC","Bueno","Buena","Diurna","Buen Tiempo","Lateral","S/D","Colisión","Ninguna","Vertical","Ninguna","Sin restricción"
2014,1992,18/03/2014,"Martes",0,18:45:00,,"0.0",2,"Moto/Ciclomotor,Pickup/Utilitario","Falucho Y Francisco Peretti",2,1,0,0,1,0,0,,"Calle",,"RAFAELA","Castellanos","Asfalto","S/D","V","S/D","Urbana","S/D","S/D","Intersección","Bueno","S/D","Nocturna,Con luz artificial","S/D","S/D","S/D","Colisión","S/D","S/D","S/D","S/D"
2014,1993,31/03/2014,"Lunes",0,17:15:00,,"0.0",2,"Moto/Ciclomotor,Automóvil","Dorrego Y Cayetano Silva",3,2,0,0,1,0,0,,"Calle",,"SAN LORENZO","San Lorenzo","Asfalto","No existe","XVII","Dentro","Urbana","Ninguna","No existe","Intersección","Bueno","Buena","Diurna","Buen Tiempo","Lateral","S/D","Otro","Ninguna","Faltante","S/D","Sin restricción"
2014,1995,18/03/2014,"Martes",0,19:30:00,,"0.0",2,"Moto/Ciclomotor,Moto/Ciclomotor","PARQUE INDUSTRIAL ",2,1,0,0,1,0,0,,"Calle",,"RAFAELA","Castellanos","Asfalto","S/D","V","S/D","Urbana","S/D","S/D","Intersección","Bueno","S/D","Atardecer,Con luz artificial","S/D","S/D","S/D","Colisión","S/D","S/D","S/D","S/D"