"anio_acci","nro_acci","fecha","desc_dia","fecha_aprox","hora_aprox","desc_ruta","km","cant_participantes","desc_participante","calle_avenida_km","total","heridos_leves","heridos_graves","heridos_gravisimos","ilesos","fallecidos","sin_datos","posicion_XY","desc_tipo_via","desc_ruta_ori","desc_loc","desc_dpto","desc_tipo_calzada","desc_tipo_banquina","desc_unidad_regional","desc_lugar_calzada","desc_zona","desc_prioridad","desc_estado_semaforo","desc_lugar_via","desc_estado_via","desc_estado_visibilidad","desc_luminosidad","desc_estado_clima","desc_tipo_colision","desc_tipo_atropello","desc_tipo_hecho","desc_pres_calzada","desc_senializacion","desc_separacion_via","desc_restriccion"
2014,1996,03/02/2014,"Lunes",0,12:30:00,"Ruta Provincial 70","999.9",3,"Camión,Pickup/Utilitario,Automóvil"," ",7,3,0,0,4,0,0,,"Ruta",70,"ESPERANZA","Las Colonias","Asfalto","Pavimento","XI","Dentro","Urbana","Semáforo","Funciona","Recta","Bueno","Buena","Diurna","Buen Tiempo","De alcance","S/D","Colisión","S/D","Horizontal,Vertical","Ninguna","Sin restricción"
2014,1997,04/03/2014,"Martes",0,19:30:00,,"0.0",2,"Automóvil,Otros","Guemes Y Calle s/n",2,0,1,0,1,0,0,,"Calle",,"VILLA TRINIDAD","San Cristóbal","Tierra,Ripio","No existe","XIII","Dentro","Urbana","Ninguna","No existe","Intersección","Bueno","Buena","Atardecer","Buen Tiempo","Lateral","S/D","Colisión","Material Suelto","Faltante","Ninguna","Sin restricción"
2014,1998,17/03/2014,"Lunes",0,12:00:00,,"0.0",2,"Automóvil,Moto/Ciclomotor","Gabriel Maggi Y Santa Rosa",2,1,0,0,1,0,0,,"Calle",,"RAFAELA","Castellanos","Asfalto","S/D","V","S/D","Urbana","S/D","S/D","Intersección","Bueno","Buena","Diurna","S/D","S/D","S/D","Colisión","S/D","S/D","S/D","S/D"
2014,1999,04/03/2014,"Martes",0,19:30:00,,"0.0",2,"Automóvil,Moto/Ciclomotor","Guemes Y Calle s/n",2,0,1,0,1,0,0,,"Calle",,"VILLA TRINIDAD","San Cristóbal","Tierra,Ripio","No existe","XIII","Dentro","Urbana","Ninguna","No existe","Intersección","Bueno","Buena","Atardecer","Buen Tiempo","Lateral","S/D","Colisión","Material Suelto","Faltante","Ninguna","Sin restricción"
2014,2000,31/03/2014,"Lunes",0,07:05:00,"Autopista Nacional Rosario -Cordoba","318.0",1,"Camión"," ",1,1,0,0,0,0,0,,"Autopista","Rosario -Cordoba","SAN JERÓNIMO SUR","San Lorenzo","Asfalto","Natural","XVII","S/D","Rural","Ninguna","S/D","Recta","Con baches","Buena","Amanecer","Buen Tiempo","S/D","S/D","Vuelco","S/D","Vertical","Guardarrail,Vegetación","Sin restricción"
2014,2001,21/03/2014,"Viernes",0,18:15:00,,"0.0",2,"Moto/Ciclomotor,Automóvil","R Casabella Y Gral Juan Pablo Lopez",2,1,0,0,1,0,0,,"Calle",,"RAFAELA","Castellanos","Asfalto","S/D","V","S/D","Urbana","S/D","S/D","Intersección","S/D","Buena","Diurna","Buen Tiempo","Frontal","S/D","Colisión","S/D","S/D","S/D","S/D"
2014,2002,22/02/2014,"Sabado",0,16:30:00,"Ruta Provincial 1","11.7",2,"Pickup/Utilitario,Automóvil"," ",8,8,0,0,0,0,0,,"Ruta",1,"ARROYO LEYES","La Capital","Asfalto","Natural","I","Dentro","Urbana","Ninguna","No existe","Recta","Bueno","Buena","Diurna","Lluvia","Lateral","S/D","Colisión","Agua","Horizontal","Línea divisoria pintada","Sin restricción"
2014,2005,08/03/2014,"Sabado",0,14:30:00,"Ruta Nacional A012","0.0",2,"Automóvil,Bicicleta"," ",2,0,1,0,1,0,0,,"Ruta","A012","RICARDONE","San Lorenzo","S/D","S/D","XVIII","Dentro","Rural","S/D","S/D","Recta","S/D","S/D","Diurna","Buen Tiempo","S/D","S/D","Atropello","S/D","S/D","S/D","S/D"
2014,2006,22/03/2014,"Sabado",0,08:45:00,,"0.0",2,"Moto/Ciclomotor,Moto/Ciclomotor","25 de Mayo Y Calle 37",3,3,0,0,0,0,0,,"Calle",,"ROMANG","San Javier","Tierra","No existe","XIV","Dentro","Urbana","Ninguna","No existe","Intersección","Bueno","Reducida","Amanecer","Buen Tiempo","Lateral","S/D","Colisión","Otro","Faltante","Ninguna","Sin restricción"
2014,2007,24/03/2014,"Lunes",0,08:10:00,,"0.0",2,"Automóvil,Moto/Ciclomotor","L de la Torre Y Islas Malvinas",2,1,0,0,1,0,0,,"Calle",,"ROMANG","San Javier","Ripio","No existe","XIV","Dentro","Urbana","Ninguna","No existe","Intersección","Bueno","Buena","Amanecer","Buen Tiempo","Lateral","S/D","Colisión","Otro","Faltante","Ninguna","Sin restricción"
2014,2008,04/02/2014,"Martes",0,01:30:00,,"0.0",2,"Moto/Ciclomotor,Automóvil","Av Almte Brown 5700",2,1,0,0,1,0,0,,"Avenida",,"SANTA FE","La Capital","S/D","No existe","I","Dentro","Urbana","S/D","S/D","S/D","S/D","S/D","Nocturna","S/D","S/D","S/D","Colisión","S/D","S/D","S/D","S/D"
2014,2009,09/01/2014,"Jueves",0,,,"0.0",2,"Moto/Ciclomotor,Automóvil","J Castelli Y Avellaneda",2,0,0,0,0,1,1,"-30.306178, -61.237914","Calle",,"SAN CRISTÓBAL","San Cristóbal","S/D","S/D","XIII","Dentro","Urbana","S/D","S/D","S/D","S/D","S/D","S/D","S/D","S/D","S/D","Colisión","S/D","S/D","S/D","S/D"
2014,2010,05/03/2014,"Miercoles",0,13:00:00,,"0.0",2,"Moto/Ciclomotor,Automóvil","Rivadavia Y Gorostiaga",2,1,0,0,1,0,0,,"Calle",,"SANTA FE","La Capital","S/D","No existe","I","Dentro","Urbana","S/D","No existe","Intersección","S/D","S/D","Diurna","S/D","Lateral","S/D","Colisión","S/D","S/D","S/D","S/D"
2014,2011,08/04/2014,"Martes",0,18:15:00,,"0.0",2,"Automóvil,Automóvil","Hipolito Irigoyen 2474",2,1,0,0,1,0,0,,"Calle",,"SANTO TOMÉ","La Capital","Asfalto","Pavimento","I","S/D","Urbana","Ninguna","No existe","Recta","Bueno","Buena","Diurna","Buen Tiempo","Lateral","S/D","Colisión","Otro","Faltante","Ninguna","Sin restricción"
2014,2012,06/03/2014,"Jueves",0,18:30:00,,"0.0",2,"Automóvil,Pickup/Utilitario","7 de marzo Y Simon de Iriondo",3,1,0,0,2,0,0,,"Avenida",,"SANTO TOMÉ","La Capital","Asfalto","Pavimento","I","Dentro","Urbana","Semáforo","Funciona","Intersección","Bueno","Buena","Diurna","Buen Tiempo","De alcance","S/D","Colisión","Ninguna","Horizontal","Línea divisoria pintada","Sin restricción"
2014,2013,13/03/2014,"Jueves",0,10:30:00,,"0.0",2,"Automóvil,Moto/Ciclomotor","Irigoyen Y Urquiza",2,0,0,0,0,0,2,,"S/D",,"SAN LORENZO","San Lorenzo","S/D","S/D","XVII","S/D","S/D","S/D","S/D","Intersección","S/D","S/D","Diurna","S/D","S/D","S/D","Colisión","S/D","S/D","S/D","S/D"
2014,2014,01/03/2014,"Sabado",0,17:30:00,,"0.0",2,"Automóvil,Moto/Ciclomotor"," ",2,1,0,0,1,0,0,,"Calle",,"SANTA FE","La Capital","Asfalto","S/D","I","S/D","S/D","S/D","No existe","S/D","S/D","S/D","Diurna","Buen Tiempo","De alcance","S/D","Colisión","S/D","Faltante","S/D","S/D"
2014,2015,17/03/2014,"Lunes",0,04:40:00,,"0.0",2,"Moto/Ciclomotor,Automóvil","Avenida Nuestra Señora del Luj Y San Luis",2,1,0,0,1,0,0,,"Calle",,"SANTO TOMÉ","La Capital","Asfalto","Pavimento","I","S/D","Urbana","Semáforo","Funciona","Intersección","Bueno","Buena","Nocturna","Buen Tiempo","De alcance","S/D","Colisión","Ninguna","Horizontal","Ninguna","Sin restricción"
2014,2016,12/03/2014,"Miercoles",0,,,"0.0",1,"Moto/Ciclomotor","Dorrego ",1,0,0,0,0,0,1,,"S/D",,"SAN LORENZO","San Lorenzo","S/D","S/D","XVII","S/D","S/D","S/D","S/D","S/D","S/D","S/D","S/D","S/D","S/D","S/D","S/D","S/D","S/D","S/D","S/D"
2014,2017,03/03/2014,"Lunes",0,21:50:00,,"0.0",2,"Moto/Ciclomotor,Automóvil","Av San Lorenzo Y Misiones",2,1,0,0,1,0,0,,"Avenida",,"CAPITÁN BERMÚDEZ","San Lorenzo","Asfalto","Pavimento","XVII","Dentro","Urbana","Ninguna","No existe","Recta","Bueno","Buena","Nocturna","Buen Tiempo","Lateral","S/D","Colisión","Ninguna","Horizontal","Línea divisoria pintada","Sin restricción"
2014,2018,20/03/2014,"Jueves",0,20:30:00,"Ruta Nacional 168","0.0",2,"Moto/Ciclomotor,Automóvil","Azcuenaga Y Ruta Nac 168",3,1,0,0,2,0,0,,"Ruta",168,"SANTA FE","La Capital","Asfalto","Natural","I","Dentro","Urbana","Semáforo","Funciona","Intersección","Bueno","Buena","Nocturna","Buen Tiempo","De alcance","S/D","Colisión","Ninguna","Horizontal","Línea divisoria pintada","Sin restricción"
2014,2019,29/03/2014,"Sabado",0,15:00:00,,"0.0",1,"Moto/Ciclomotor","3 de Febrero 0",1,1,0,0,0,0,0,,"Calle",,"ESPERANZA","Las Colonias","Ripio","No existe","XI","Dentro","Urbana","S/D","No existe","Recta","Con baches,Resbaladiza","Buena","Diurna","Buen Tiempo","Contra objeto fijo","S/D","Colisión","Agua","Vertical","Ninguna","Sin restricción"
2014,2020,13/03/2014,"Jueves",0,12:10:00,,"0.0",2,"Moto/Ciclomotor,Moto/Ciclomotor","Av San Lorenzo Y Rosario",2,1,0,0,1,0,0,,"Avenida",,"CAPITÁN BERMÚDEZ","San Lorenzo","Asfalto","Pavimento","XVII","Dentro","Urbana","Ninguna","No existe","Intersección","Bueno","Buena","Diurna","Buen Tiempo","Frontal","S/D","Colisión","Ninguna","Horizontal","Línea divisoria pintada","Sin restricción"
2014,2021,21/03/2014,"Viernes",0,08:15:00,,"0.0",2,"Moto/Ciclomotor,Automóvil","Avenida Nuestra Señora del Luj Y Vicente Lopez y Planes",2,1,0,0,1,0,0,,"Avenida",,"SANTO TOMÉ","La Capital","Asfalto","No existe","I","S/D","S/D","Ninguna","Funciona","Intersección","Bueno","Buena","Diurna","Buen Tiempo","Lateral","S/D","Colisión","S/D","Faltante","S/D","Sin restricción"
2014,2022,22/03/2014,"Sabado",0,17:55:00,,"0.0",2,"Bicicleta,Moto/Ciclomotor","Chaco Y Simon Bolivar",2,0,0,0,0,0,2,,"Calle",,"VILLA CONSTITUCIÓN","Constitución","Asfalto","S/D","VI","S/D","Urbana","Ninguna","S/D","Intersección","Bueno","S/D","Diurna","Buen Tiempo","S/D","S/D","Atropello","Ninguna","Faltante","S/D","Sin restricción"
2014,2023,31/03/2014,"Lunes",0,11:20:00,,"0.0",2,"Pickup/Utilitario,Moto/Ciclomotor","Calle 19-Habegger Y Calle 8-Chacabuco",3,2,0,0,1,0,0,,"Calle",,"RECONQUISTA","General Obligado","Asfalto","No existe","IX","Dentro","Urbana","Ninguna","No existe","Intersección","Bueno","Buena","Diurna","Buen Tiempo","Lateral","S/D","Colisión","S/D","Horizontal,Vertical","Ninguna","Sin restricción"
2014,2024,29/03/2014,"Sabado",0,10:30:00,,"0.0",2,"Moto/Ciclomotor,Automóvil","Belgrano Y Balcarce",2,1,0,0,1,0,0,,"Calle",,"SANTA FE","La Capital","Asfalto","No existe","I","S/D","Urbana","Ninguna","No existe","Intersección","Bueno","Buena","Diurna","Buen Tiempo","Lateral","S/D","Colisión","S/D","Faltante","S/D","Sin restricción"
2014,2025,01/03/2014,"Sabado",0,,,"0.0",2,"Moto/Ciclomotor,Pickup/Utilitario"," ",4,1,1,0,2,0,0,,"S/D",,"ESPERANZA","Las Colonias","S/D","S/D","XI","S/D","S/D","S/D","S/D","S/D","S/D","S/D","S/D","S/D","S/D","S/D","Otro","S/D","S/D","S/D","S/D"
2014,2026,31/03/2014,"Lunes",0,12:00:00,,"0.0",2,"Bicicleta,Pickup/Utilitario","Cochabamba 1529",2,1,0,0,1,0,0,,"Calle",,"ROSARIO","Rosario","Asfalto","S/D","II","S/D","Urbana","S/D","S/D","Recta","S/D","S/D","Diurna","S/D","S/D","S/D","Atropello","S/D","S/D","S/D","S/D"
2014,2027,06/03/2014,"Jueves",0,00:15:00,,"0.0",2,"Automóvil,Moto/Ciclomotor","CENTENARIO 2830",2,1,0,0,1,0,0,,"Calle",,"SANTA FE","La Capital","Asfalto","S/D","I","S/D","Urbana","Semáforo","Funciona","Recta","Bueno","Buena","Nocturna","Buen Tiempo","De alcance","S/D","Colisión","S/D","Vertical","S/D","S/D"
2014,2028,31/03/2014,"Lunes",0,12:00:00,,"0.0",2,"Taxi/Remis,Moto/Ciclomotor","Rueda 1300",2,1,0,0,1,0,0,,"S/D",,"ROSARIO","Rosario","Asfalto","S/D","II","S/D","S/D","S/D","S/D","Recta","S/D","S/D","Diurna","S/D","S/D","S/D","Colisión","S/D","S/D","S/D","S/D"
2014,2029,17/03/2014,"Lunes",0,11:00:00,,"0.0",2,"Automóvil,Moto/Ciclomotor","9 de Julio Y R P A Janssen",2,1,0,0,1,0,0,,"Calle",,"ESPERANZA","Las Colonias","Asfalto","No existe","XI","Dentro","Urbana","S/D","No existe","Intersección","Bueno","Buena","Diurna","Buen Tiempo","Lateral","S/D","Colisión","S/D","Vertical","Ninguna","Sin restricción"
2014,2030,24/03/2014,"Lunes",0,,,"0.0",2,"Moto/Ciclomotor,Automóvil","Presidente Bernardino Rivadavi Y Rca Oriental del Uruguay",2,1,0,0,1,0,0,,"Calle",,"SANTO TOMÉ","La Capital","Asfalto","Pavimento","I","S/D","Urbana","S/D","No existe","Intersección","Deteriorada","Buena","S/D","Buen Tiempo","Lateral","S/D","Colisión","Otro","Faltante","Cordón divisorio","Sin restricción"
2014,2031,05/03/2014,"Miercoles",0,07:45:00,,"0.0",2,"Automóvil,Moto/Ciclomotor","R Obligado Y Olegario Victor Andrade",2,1,0,0,1,0,0,,"Calle",,"CAPITÁN BERMÚDEZ","San Lorenzo","Asfalto","No existe","XVII","Dentro","Urbana","Ninguna","No existe","Intersección","Bueno","Buena","Diurna","Buen Tiempo","Lateral","S/D","Colisión","Ninguna","Faltante","Ninguna","Sin restricción"
2014,2032,22/03/2014,"Sabado",0,10:30:00,,"0.0",2,"Transporte de Pasajeros Urbano (> 8 asientos),Automóvil","VIEYTES Y VECCHIOLI",5,0,1,0,4,0,0,,"Calle",,"RAFAELA","Castellanos","S/D","S/D","V","S/D","Urbana","S/D","S/D","Intersección","S/D","Buena","Diurna","Buen Tiempo","Frontal","S/D","Colisión","S/D","S/D","S/D","S/D"
2014,2033,25/03/2014,"Martes",0,12:00:00,,"0.0",2,"Moto/Ciclomotor,Pickup/Utilitario","Rca Oriental del Uruguay 1300",3,2,0,0,1,0,0,,"Calle",,"SANTO TOMÉ","La Capital","Ripio","No existe","I","S/D","Urbana","Ninguna","No existe","Intersección","Bueno","Buena","Diurna","Buen Tiempo","Lateral","S/D","Colisión","S/D","Faltante","S/D","Sin restricción"
2014,2034,27/03/2014,"Jueves",0,11:05:00,,"0.0",2,"Bicicleta,Automóvil","Buenos Aires Y Ituzaingo",2,1,0,0,1,0,0,,"Calle",,"ROSARIO","Rosario","S/D","S/D","II","Dentro","Urbana","S/D","S/D","Intersección","S/D","S/D","Diurna","S/D","S/D","S/D","Atropello","S/D","S/D","S/D","S/D"
2014,2035,12/03/2014,"Miercoles",0,19:05:00,,"0.0",2,"Automóvil,Moto/Ciclomotor","Juan Semino Y San Martin",2,1,0,0,1,0,0,,"Calle",,"CARCARAÑÁ","San Lorenzo","Hormigón","S/D","XVII","Dentro","Urbana","Ninguna","No existe","Intersección","Bueno","Buena","Diurna","Buen Tiempo","Frontal","S/D","Colisión","Ninguna","Faltante","Ninguna","Sin restricción"
2014,2036,18/03/2014,"Martes",0,18:00:00,,"0.0",2,"Automóvil,Moto/Ciclomotor","L.N.Alem Y Galvez",2,1,0,0,1,0,0,,"Calle",,"ROSARIO","Rosario","S/D","S/D","II","Dentro","Urbana","S/D","S/D","Intersección","S/D","S/D","Diurna","S/D","S/D","S/D","Colisión","S/D","S/D","S/D","S/D"
2014,2037,23/03/2014,"Domingo",0,03:00:00,,"0.0",2,"Moto/Ciclomotor,Moto/Ciclomotor","Belgrano 1400",3,1,2,0,0,0,0,,"Calle",,"CARCARAÑÁ","San Lorenzo","S/D","S/D","XVII","Dentro","Urbana","S/D","S/D","Intersección","Bueno","Reducida","Nocturna","Buen Tiempo","Frontal","S/D","Colisión","Ninguna","Faltante","S/D","S/D"
2014,2038,11/03/2014,"Martes",0,20:40:00,,"0.0",2,"Automóvil,Moto/Ciclomotor","General Manuel Belgrano Y Cullen",2,1,0,0,1,0,0,,"Calle",,"ESPERANZA","Las Colonias","Asfalto","No existe","XI","Dentro","Urbana","Ninguna","No existe","Intersección","Bueno","Buena","Nocturna,Con luz artificial","Buen Tiempo","Lateral","S/D","Colisión","S/D","Vertical","Ninguna","Sin restricción"
2014,2039,21/03/2014,"Viernes",0,13:00:00,,"0.0",2,"Moto/Ciclomotor,Automóvil","Azopardo Y Diagonal Aguado",2,1,0,0,0,0,1,,"Calle",,"SANTA FE","La Capital","Asfalto","No existe","I","S/D","Urbana","Ninguna","No existe","Cruce","Deteriorada","Buena","Diurna","Buen Tiempo","Lateral","S/D","Colisión","Otro","Faltante","Ninguna","Sin restricción"
2014,2040,21/03/2014,"Viernes",0,14:00:00,,"0.0",2,"Moto/Ciclomotor,Automóvil","General Paz Y Av Gral Bartolome Mitre",2,1,0,0,1,0,0,,"Avenida",,"RAFAELA","Castellanos","S/D","No existe","V","S/D","Urbana","S/D","No existe","Intersección","Bueno","Buena","Diurna","Buen Tiempo","Frontal","S/D","Colisión","S/D","S/D","S/D","S/D"
2014,2041,25/03/2014,"Martes",0,12:55:00,,"0.0",2,"Moto/Ciclomotor,Moto/Ciclomotor","Pavon Y Azopardo",2,1,0,0,0,0,1,,"Calle",,"SANTA FE","La Capital","Asfalto","No existe","I","S/D","Urbana","Ninguna","No existe","Cruce","Deteriorada","Buena","Diurna","Buen Tiempo","Lateral","S/D","Colisión","Otro","Faltante","Ninguna","Sin restricción"
2014,2042,29/03/2014,"Sabado",0,08:50:00,"Ruta Nacional 9","347.0",2,"Pickup/Utilitario,Pickup/Utilitario"," ",4,2,2,0,0,0,0,,"Ruta",9,"CARCARAÑÁ","San Lorenzo","Asfalto","Natural","XVII","S/D","Rural","S/D","No existe","Recta","Bueno","Buena","Diurna","Buen Tiempo","S/D","S/D","Colisión","Ninguna","S/D","S/D","S/D"
2014,2043,27/03/2014,"Jueves",0,14:00:00,,"0.0",2,"Moto/Ciclomotor,Automóvil","Av Peñaloza Y Javier de la Rosa",2,1,0,0,0,0,1,,"Avenida",,"SANTA FE","La Capital","Asfalto","No existe","I","S/D","Urbana","Ninguna","No existe","Cruce","Bueno","Buena","Diurna","Buen Tiempo","Lateral","S/D","Colisión","Otro","Faltante","S/D","S/D"
2014,2044,21/03/2014,"Viernes",0,00:15:00,,"0.0",2,"Moto/Ciclomotor,Automóvil","Domingo Silva Y Alvear",4,2,0,0,2,0,0,,"Calle",,"RAFAELA","Castellanos","Asfalto","No existe","V","S/D","Urbana","S/D","No existe","Intersección","Bueno","Buena","Nocturna","Buen Tiempo","Frontal","S/D","Colisión","S/D","S/D","S/D","S/D"
2014,2045,19/03/2014,"Miercoles",0,11:10:00,,"0.0",2,"Moto/Ciclomotor,Automóvil","Millan Medina ",2,1,0,0,0,0,1,,"Avenida",,"SANTA FE","La Capital","Asfalto","No existe","I","S/D","Urbana","Semáforo","Funciona","Curva","Deteriorada","Buena","Diurna","Buen Tiempo","Lateral","S/D","Colisión","Otro","Faltante","S/D","Sin restricción"
2014,2046,08/03/2014,"Sabado",0,17:00:00,,"0.0",2,"Automóvil,Moto/Ciclomotor","San Martin Y 12 de Octubre",4,1,1,0,2,0,0,,"Calle",,"ESPERANZA","Las Colonias","Asfalto","No existe","XI","Dentro","Urbana","Ninguna","No existe","Intersección","Bueno","Buena","Diurna","Buen Tiempo","Lateral","S/D","Colisión","S/D","Vertical","Ninguna","Sin restricción"
2014,2047,09/03/2014,"Domingo",0,20:00:00,,"0.0",2,"Moto/Ciclomotor,Automóvil","Av Peñaloza Y Javier de la Rosa",2,1,0,0,0,0,1,,"Avenida",,"SANTA FE","La Capital","Asfalto","No existe","I","S/D","Urbana","Ninguna","No existe","Intersección","Deteriorada","Buena","Nocturna","Buen Tiempo","Lateral","S/D","Colisión","Otro","Faltante","Ninguna","Sin restricción"
2014,2048,22/03/2014,"Sabado",0,03:30:00,,"0.0",2,"Moto/Ciclomotor,Tracción animal / Carro","Cafferata 8600",2,1,0,0,1,0,0,,"Calle",,"SANTA FE","La Capital","Asfalto","S/D","I","S/D","Urbana","Ninguna","No existe","Recta","Bueno","Reducida","Nocturna","Buen Tiempo","Frontal","S/D","Colisión","S/D","S/D","Ninguna","Sin restricción"
2014,2049,22/03/2014,"Sabado",0,23:05:00,"Ruta Nacional 11","0.0",2,"Moto/Ciclomotor,Moto/Ciclomotor","Los Paraisos ",3,0,1,0,0,0,2,,"Ruta",11,"CORONDA","San Jerónimo","Asfalto","Natural","XV","Dentro","Urbana","Ninguna","No existe","Recta","Bueno","Reducida","Nocturna","Buen Tiempo","Frontal,Lateral","S/D","Colisión","Otro","Faltante","Ninguna","Sin restricción"
2014,2050,17/03/2014,"Lunes",0,12:30:00,,"0.0",2,"Automóvil,Moto/Ciclomotor","Av Blas Parera 8400",2,1,0,0,1,0,0,,"Avenida",,"SANTA FE","La Capital","Asfalto","S/D","I","S/D","Urbana","Ninguna","No existe","Recta","Bueno","Buena","Diurna","Buen Tiempo","Frontal","S/D","Colisión","S/D","S/D","Cordón divisorio","Sin restricción"
2014,2051,15/03/2014,"Sabado",0,18:00:00,,"0.0",2,"Moto/Ciclomotor,Automóvil","Reg 12 de Infanteria Y Lamadrid",2,1,0,0,0,0,1,,"Calle",,"SANTA FE","La Capital","Asfalto","No existe","I","S/D","Urbana","Ninguna","No existe","Intersección","Deteriorada","Buena","Diurna","Buen Tiempo","Lateral","S/D","Colisión","Otro","Faltante","Ninguna","Sin restricción"
2014,2052,08/03/2014,"Sabado",0,18:00:00,,"0.0",2,"Pickup/Utilitario,Moto/Ciclomotor","Av Cordoba Y Bartolome Mitre",2,1,0,0,1,0,0,,"Avenida",,"ESPERANZA","Las Colonias","Asfalto","No existe","XI","Dentro","Urbana","Ninguna","No existe","Intersección","Bueno","Buena","Diurna","Buen Tiempo","Frontal","S/D","Colisión","S/D","Horizontal","Cordón divisorio","Sin restricción"
2014,2053,11/03/2014,"Martes",0,12:05:00,,"0.0",2,"Automóvil,Moto/Ciclomotor","Av Blas Parera Y Callejon Mendez",2,1,0,0,1,0,0,,"Avenida",,"SANTA FE","La Capital","Asfalto,Ripio","S/D","I","S/D","Urbana","S/D","S/D","Intersección","Bueno","S/D","Diurna","Buen Tiempo","De alcance","S/D","Colisión","S/D","S/D","Guardarrail","Sin restricción"
2014,2054,21/03/2014,"Viernes",0,00:50:00,,"0.0",2,"Moto/Ciclomotor,Automóvil","Bv Santa Fe Y Salta",2,0,1,0,1,0,0,,"Avenida",,"RAFAELA","Castellanos","S/D","No existe","V","Dentro","Urbana","Ninguna","No existe","Intersección","S/D","Buena","Nocturna,Con luz artificial","Buen Tiempo","Frontal","S/D","Colisión","S/D","S/D","S/D","S/D"
2014,2055,07/03/2014,"Viernes",0,19:25:00,,"0.0",2,"Automóvil,Moto/Ciclomotor","Av Peñaloza Y French",2,1,0,0,0,0,1,,"Avenida",,"SANTA FE","La Capital","Asfalto","No existe","I","S/D","Urbana","Ninguna","No existe","Recta","Otro","Buena","Diurna","Buen Tiempo","Lateral","S/D","Colisión","Otro","Faltante","Ninguna","Sin restricción"
2014,2056,05/03/2014,"Miercoles",0,10:35:00,,"0.0",2,"Automóvil,Bicicleta","Jujuy Y Parana",3,2,0,0,1,0,0,,"Calle",,"CAPITÁN BERMÚDEZ","San Lorenzo","Asfalto","No existe","XVII","Dentro","Urbana","Ninguna","No existe","Intersección","Bueno","Buena","Diurna","Buen Tiempo","S/D","S/D","Atropello","Ninguna","S/D","Ninguna","Sin restricción"
2014,2057,01/03/2014,"Sabado",0,09:20:00,,"0.0",2,"Moto/Ciclomotor,Camión","Gorriti Y Cafferata",2,1,0,0,1,0,0,,"Avenida",,"SANTA FE","La Capital","Asfalto,Ripio","S/D","I","S/D","Urbana","Ninguna","No existe","Intersección","Con baches","Buena","Diurna","Buen Tiempo","De alcance","S/D","Colisión","S/D","S/D","Ninguna","Sin restricción"
2014,2058,01/03/2014,"Sabado",0,19:30:00,"Ruta Nacional 11","0.0",2,"Moto/Ciclomotor,Peatón","Av Blas Parera 7800",3,2,0,0,1,0,0,"-31.589833333333,-60.724638888889","Ruta",11,"SANTA FE","La Capital","Hormigón","Pavimento","I","Dentro","Urbana","Ninguna","No existe","Recta","Bueno","Buena","Atardecer,Con luz artificial","Buen Tiempo","S/D","S/D","Atropello","S/D","Horizontal,Vertical","Cordón divisorio","Sin restricción"
2014,2059,22/03/2014,"Sabado",0,08:30:00,"Ruta Nacional 34","0.0",1,"Automóvil"," ",3,3,0,0,0,0,0,,"Ruta",34,"ATALIVA","Castellanos","Hormigón","Natural","V","S/D","Rural","S/D","No existe","Cruce","S/D","Buena","Diurna","Buen Tiempo","S/D","S/D","Vuelco","S/D","S/D","S/D","S/D"
2014,2060,16/03/2014,"Domingo",0,20:10:00,"Ruta Nacional 11","477.5",1,"Bicicleta","Ruta Nacional 11 ",1,1,0,0,0,0,0,"-31.563694444444,-60.729833333333","Ruta",11,"RECREO","La Capital","Asfalto","S/D","I","S/D","Urbana","Ninguna","No existe","Recta","Bueno","Buena","Nocturna","Buen Tiempo","Otro","S/D","S/D","Ninguna","Horizontal","Ninguna","Sin restricción"
2014,2061,27/02/2014,"Jueves",0,17:00:00,,"0.0",2,"Automóvil,Automóvil","Juan de Garay Y Santiago de Chile",2,1,0,0,0,0,1,,"S/D",,"SANTA FE","La Capital","Asfalto","No existe","I","S/D","Urbana","Ninguna","No existe","Curva","Bueno","Buena","Diurna","Buen Tiempo","Lateral","S/D","Colisión","Ninguna","Horizontal","Ninguna","Sin restricción"
2014,2062,10/03/2014,"Lunes",0,14:20:00,,"0.0",2,"Moto/Ciclomotor,Pickup/Utilitario","Storni A Y Caferata",3,2,0,0,1,0,0,,"S/D",,"RECREO","La Capital","Asfalto","Ripio","I","S/D","Urbana","Ninguna","No existe","Intersección","Bueno","Buena","Diurna","Buen Tiempo","De alcance","S/D","Colisión","Ninguna","Vertical","Ninguna","Sin restricción"
2014,2063,24/03/2014,"Lunes",0,06:10:00,"Ruta Nacional 11","0.0",1,"Moto/Ciclomotor"," ",1,1,0,0,0,0,0,,"Ruta",11,"NELSON","La Capital","Ripio","Natural","I","S/D","Rural","Ninguna","No existe","Recta","Con baches","Buena","Amanecer","Buen Tiempo","Otro","S/D","Caída ocupante","Ninguna","Faltante","Ninguna","Sin restricción"
2014,2064,03/03/2014,"Lunes",0,10:30:00,,"0.0",2,"Moto/Ciclomotor,Automóvil","Cullen Y Mendoza",2,1,0,0,1,0,0,,"Calle",,"NELSON","La Capital","Tierra","No existe","I","Dentro","Urbana","Ninguna","No existe","Intersección","Bueno","Buena","Diurna","Buen Tiempo","Lateral","S/D","Colisión","Ninguna","Faltante","Ninguna","Sin restricción"