"anio_acci","nro_acci","fecha","desc_dia","fecha_aprox","hora_aprox","desc_ruta","km","cant_participantes","desc_participante","calle_avenida_km","total","heridos_leves","heridos_graves","heridos_gravisimos","ilesos","fallecidos","sin_datos","posicion_XY","desc_tipo_via","desc_ruta_ori","desc_loc","desc_dpto","desc_tipo_calzada","desc_tipo_banquina","desc_unidad_regional","desc_lugar_calzada","desc_zona","desc_prioridad","desc_estado_semaforo","desc_lugar_via","desc_estado_via","desc_estado_visibilidad","desc_luminosidad","desc_estado_clima","desc_tipo_colision","desc_tipo_atropello","desc_tipo_hecho","desc_pres_calzada","desc_senializacion","desc_separacion_via","desc_restriccion"
2014,2065,21/03/2014,"Viernes",0,20:00:00,,"0.0",2,"Moto/Ciclomotor,Automóvil","AV INDEPENDENCIA Y PLAZA CENTRAL",2,1,0,0,1,0,0,,"Avenida",,"SUNCHALES","Castellanos","S/D","S/D","V","S/D","Urbana","S/D","S/D","Plaza","S/D","S/D","Atardecer","S/D","Frontal","S/D","Colisión","S/D","S/D","S/D","S/D"
2014,2066,29/03/2014,"Sabado",0,10:25:00,,"0.0",2,"Moto/Ciclomotor,Bicicleta","Mariano Moreno 340",2,1,0,0,1,0,0,,"Calle",,"ESPERANZA","Las Colonias","Asfalto","No existe","XI","Dentro","Urbana","Ninguna","No existe","Curva","Bueno","Buena","Diurna","Buen Tiempo","S/D","S/D","Atropello","S/D","Horizontal","Cordón divisorio","Sin restricción"
2014,2067,17/03/2014,"Lunes",0,20:00:00,"Ruta Provincial 1","2.0",2,"Moto/Ciclomotor,Otros"," ",2,1,0,0,0,0,1,,"Ruta",1,"COLASTINE","La Capital","Asfalto","Natural","I","Fuera","Urbana","Semáforo","Funciona","Curva","S/D","S/D","Nocturna","Buen Tiempo","S/D","S/D","Colisión","S/D","Vertical","S/D","S/D"
2014,2068,05/03/2014,"Miercoles",0,07:00:00,"Ruta Nacional 11","0.0",2,"Moto/Ciclomotor,Automóvil","Av Blas Parera Y French",2,1,0,0,1,0,0,,"Ruta",11,"SANTA FE","La Capital","Asfalto","Pavimento","I","Dentro","Urbana","Semáforo","Funciona","Intersección","Bueno","Buena","Diurna","Buen Tiempo","Lateral","S/D","Colisión","S/D","Horizontal,Vertical","Cordón divisorio","Sin restricción"
2014,2069,26/03/2014,"Miercoles",0,21:40:00,"Ruta Provincial 1","2.0",2,"Moto/Ciclomotor,Automóvil"," ",2,1,0,0,1,0,0,,"Ruta",1,"COLASTINE","La Capital","Asfalto","Natural","I","S/D","Urbana","Semáforo","Funciona","Recta","Bueno","Buena","Nocturna","Buen Tiempo","S/D","S/D","Colisión","Ninguna","Horizontal,Vertical","Línea divisoria pintada","S/D"
2014,2070,30/03/2014,"Domingo",0,00:00:00,"Ruta Provincial 1","2.2",2,"Otros,Otros"," ",2,1,0,0,0,0,1,,"Ruta",1,"COLASTINE","La Capital","Asfalto","Natural","I","S/D","Urbana","Marca Vial","No existe","Recta","Bueno","Buena","Nocturna","Buen Tiempo","S/D","S/D","Colisión","Ninguna","Horizontal","Ninguna","S/D"
2014,2071,22/03/2014,"Sabado",0,20:20:00,"Ruta Provincial 1","6.0",2,"Automóvil,Peatón","Jose de San Martin ",2,1,0,0,0,0,1,,"Ruta",1,"SAN JOSÉ DEL RINCÓN","La Capital","Asfalto","Natural","I","S/D","Urbana","Ninguna","No existe","Recta","Bueno","Reducida","Nocturna","Buen Tiempo","S/D","S/D","Atropello","Ninguna","Horizontal","Línea divisoria pintada","Sin restricción"
2014,2072,15/03/2014,"Sabado",0,,,"0.0",1,"Moto/Ciclomotor","General Paz Y Colon",1,1,0,0,0,0,0,,"Calle",,"ESPERANZA","Las Colonias","Asfalto","No existe","XI","Dentro","Urbana","S/D","No existe","Intersección","Bueno","Reducida","Amanecer","Buen Tiempo","Otro","S/D","Otro","S/D","Horizontal","Cordón divisorio","Sin restricción"
2014,2073,09/03/2014,"Domingo",0,17:45:00,,"0.0",2,"Moto/Ciclomotor,Automóvil","Av Blas Parera Y Matheu",2,1,0,0,1,0,0,,"Avenida",,"SANTA FE","La Capital","Asfalto","Pavimento","I","S/D","Urbana","Ninguna","No existe","Intersección","Bueno","Buena","Diurna","Buen Tiempo","Lateral","S/D","Colisión","S/D","Horizontal,Vertical","Cordón divisorio","Sin restricción"
2014,2074,31/03/2014,"Lunes",0,17:40:00,,"0.0",2,"Automóvil,Moto/Ciclomotor","G Lehmann Y Mariano Moreno",2,0,0,0,0,0,2,,"Calle",,"ESPERANZA","Las Colonias","Hormigón","No existe","XI","Dentro","Urbana","Ninguna","No existe","Intersección","Bueno","Buena","Diurna","Buen Tiempo","Lateral","S/D","Colisión","S/D","Vertical","Cordón divisorio","Sin restricción"
2014,2075,11/03/2014,"Martes",0,19:00:00,,"0.0",2,"Automóvil,Moto/Ciclomotor","Entre Rios Y Pellegrini",2,1,0,0,1,0,0,,"Calle",,"LAGUNA PAIVA","La Capital","Hormigón","No existe","I","Dentro","Urbana","Ninguna","No existe","Intersección","Bueno","Buena","Diurna","Buen Tiempo","Lateral","S/D","Colisión","S/D","Horizontal","Ninguna","Sin restricción"
2014,2076,08/03/2014,"Sabado",0,08:50:00,,"0.0",2,"Automóvil,Moto/Ciclomotor","Teniente Loza Y Av Blas Parera",2,1,0,0,1,0,0,,"Avenida",,"SANTA FE","La Capital","Hormigón","Natural","I","Dentro","Urbana","Semáforo","Funciona","Intersección","Bueno","Buena","Diurna","Buen Tiempo","Lateral","S/D","Colisión","S/D","Vertical","Ninguna","Sin restricción"
2014,2077,16/03/2014,"Domingo",0,20:30:00,"Ruta Nacional 34","0.0",2,"Moto/Ciclomotor,Automóvil","27 de setiembre ",2,2,0,0,0,0,0,,"Ruta",34,"RAFAELA","Castellanos","Hormigón","Pavimento","V","S/D","Urbana","S/D","No funciona","Intersección","Bueno","Buena","Nocturna","Buen Tiempo","Frontal","S/D","Colisión","S/D","S/D","S/D","S/D"
2014,2078,16/03/2014,"Domingo",0,11:55:00,,"0.0",2,"Moto/Ciclomotor,Moto/Ciclomotor","Bv Pte Roca Y Alfredo Palacios",2,1,0,0,0,0,1,,"Avenida",,"RAFAELA","Castellanos","Asfalto","No existe","V","S/D","Urbana","S/D","No existe","Intersección","Bueno","Buena","Diurna","Buen Tiempo","Frontal","S/D","Colisión","S/D","S/D","S/D","S/D"
2014,2079,07/03/2014,"Viernes",0,23:00:00,"Ruta Provincial 4","0.0",1,"Automóvil"," ",1,1,0,0,0,0,0,,"Ruta",4,"LAGUNA PAIVA","La Capital","Asfalto","Natural","I","S/D","S/D","S/D","S/D","Recta","S/D","Buena","Nocturna","Buen Tiempo","S/D","S/D","Despiste","S/D","S/D","S/D","S/D"
2014,2080,16/03/2014,"Domingo",0,20:10:00,"Ruta Provincial 70","71.0",2,"Moto/Ciclomotor,Camión"," ",2,1,0,0,1,0,0,,"Ruta",70,"BELLA ITALIA","Castellanos","Hormigón","Natural","V","S/D","Urbana","S/D","S/D","Recta","Bueno","Buena","Atardecer","Buen Tiempo","Lateral","S/D","Colisión","S/D","S/D","S/D","S/D"
2014,2081,28/03/2014,"Viernes",0,12:15:00,,"0.0",2,"Moto/Ciclomotor,Automóvil","General Paz Y 25 de Mayo",2,0,0,0,0,0,2,,"Calle",,"ESPERANZA","Las Colonias","Hormigón","No existe","XI","Dentro","Urbana","Ninguna","No existe","Intersección","Bueno","Buena","Diurna","Lluvia","Lateral","S/D","Colisión","Agua","Horizontal,Vertical","Cordón divisorio","Sin restricción"
2014,2082,11/03/2014,"Martes",0,21:00:00,,"0.0",2,"Automóvil,Bicicleta"," ",2,1,0,0,1,0,0,,"Camino Rural",,"LAGUNA PAIVA","La Capital","Tierra","No existe","I","Dentro","Rural","Ninguna","No existe","Recta","Deteriorada,Ahuellamiento","Reducida polvo","Nocturna","Buen Tiempo","S/D","S/D","Atropello","Material Suelto","S/D","Ninguna","Sin restricción"
2014,2083,10/03/2014,"Lunes",0,14:30:00,,"0.0",2,"Automóvil,Moto/Ciclomotor","Hugo Wast Y Hermano Figueroa",2,1,0,0,1,0,0,,"Avenida",,"SANTA FE","La Capital","Hormigón","S/D","I","Dentro","Urbana","Otra Señal","S/D","Intersección","Bueno","S/D","Diurna","Buen Tiempo","Lateral","S/D","Colisión","S/D","Vertical","Cordón divisorio","Sin restricción"
2014,2084,17/03/2014,"Lunes",0,17:30:00,,"0.0",2,"Automóvil,Moto/Ciclomotor"," ",2,1,0,0,1,0,0,,"Calle",,"SANTA FE","La Capital","Asfalto","No existe","I","Dentro","Urbana","Ninguna","No existe","Intersección","Bueno","Buena","Atardecer","Buen Tiempo","Otro","S/D","Colisión","Ninguna","S/D","Ninguna","Sin restricción"
2014,2085,05/03/2014,"Miercoles",0,11:50:00,,"0.0",2,"Automóvil,Moto/Ciclomotor","Teniente Loza 6300",2,1,0,0,1,0,0,,"Avenida",,"SANTA FE","La Capital","Hormigón","Natural","I","Dentro","Urbana","Ninguna","No existe","Recta","Bueno","Buena","Diurna","Buen Tiempo","De alcance","S/D","Colisión","S/D","Vertical","Ninguna","Sin restricción"
2014,2086,10/03/2014,"Lunes",0,23:40:00,"Ruta Nacional 11","0.0",2,"Moto/Ciclomotor,Moto/Ciclomotor","Av Blas Parera Y French",4,2,0,0,0,0,2,,"Ruta",11,"SANTA FE","La Capital","Asfalto","Pavimento","I","Dentro","Urbana","Semáforo","Intermitente","Intersección","Bueno","Buena","Con luz artificial","Buen Tiempo","Lateral","S/D","Colisión","S/D","Horizontal,Vertical","Cordón divisorio","Sin restricción"
2014,2087,17/03/2014,"Lunes",0,19:30:00,,"0.0",2,"Automóvil,Moto/Ciclomotor","Av J J Paso Y Av Urquiza",2,1,0,0,1,0,0,,"Avenida",,"SANTA FE","La Capital","Asfalto","No existe","I","Dentro","Urbana","Semáforo","No funciona","Intersección","Bueno","Buena","Atardecer","Buen Tiempo","S/D","S/D","Colisión","Ninguna","Faltante","Ninguna","Sin restricción"
2014,2088,11/04/2014,"Viernes",0,13:20:00,"Ruta Nacional 11","0.0",2,"Moto/Ciclomotor,Pickup/Utilitario","Av Blas Parera Y Estado de Israel",2,0,1,0,1,0,0,,"Ruta",11,"SANTA FE","La Capital","Hormigón","Pavimento","I","Dentro","Urbana","Semáforo","Funciona","Intersección","Bueno","Buena","Diurna","Buen Tiempo","Lateral","S/D","Colisión","Material Suelto","Horizontal,Vertical","Cordón divisorio","Sin restricción"
2014,2089,18/03/2014,"Martes",0,09:20:00,,"0.0",2,"Automóvil,Moto/Ciclomotor","PUENTE CARRETERO ",3,2,0,0,1,0,0,,"S/D",,"SANTA FE","La Capital","Asfalto","No existe","I","Dentro","Urbana","Ninguna","No existe","Puente","Bueno","Buena","Diurna","Buen Tiempo","S/D","S/D","Colisión","Ninguna","Faltante","Línea divisoria pintada","Sin restricción"
2014,2090,18/03/2014,"Martes",0,15:45:00,,"0.0",2,"Automóvil,Moto/Ciclomotor","Av Gral Lopez Y Av Freyre",2,1,0,0,1,0,0,,"Avenida",,"SANTA FE","La Capital","Asfalto","No existe","I","Dentro","Urbana","Ninguna","No existe","Intersección","Bueno","Buena","Diurna","Buen Tiempo","S/D","S/D","Colisión","Ninguna","Faltante","Ninguna","Sin restricción"
2014,2091,05/03/2014,"Miercoles",0,21:45:00,,"0.0",2,"Moto/Ciclomotor,Automóvil","Av A del Valle 5700",2,1,0,0,1,0,0,,"Avenida",,"SANTA FE","La Capital","Asfalto","No existe","I","Dentro","Urbana","Semáforo","Funciona","Recta","Bueno","Buena","Nocturna","Buen Tiempo","Frontal","S/D","Colisión","Ninguna","Vertical","Ninguna","Sin restricción"
2014,2092,03/03/2014,"Lunes",0,20:15:00,,"0.0",2,"Moto/Ciclomotor,Peatón","Av Blas Parera Y Pedro Espinosa",3,2,0,0,0,0,1,"-31.563833333333,-60.729888888889","Avenida",,"SANTA FE","La Capital","Asfalto","S/D","I","S/D","Urbana","S/D","S/D","Intersección","Otro","S/D","Nocturna","Buen Tiempo","S/D","S/D","Atropello","Otro","Faltante","Línea divisoria pintada","S/D"
2014,2093,04/03/2014,"Martes",0,02:00:00,"Ruta Nacional 11","477.0",2,"Moto/Ciclomotor,Otros","Ruta Nacional 11 ",3,2,0,0,0,0,1,,"Ruta",11,"RECREO","La Capital","Asfalto","Ripio","I","S/D","Urbana","S/D","No existe","Recta","Bueno","Buena","Nocturna","Buen Tiempo","Lateral","S/D","Colisión","Ninguna","S/D","Línea divisoria pintada","S/D"
2014,2094,23/03/2014,"Domingo",0,06:20:00,"Ruta Provincial 6","49.0",2,"Moto/Ciclomotor,Bicicleta","Ruta Prov 6 49",2,2,0,0,0,0,0,,"Ruta",6,"FRANCK","Las Colonias","Asfalto","Natural","XI","Dentro","Urbana","S/D","S/D","Intersección","Bueno","S/D","Amanecer","S/D","S/D","S/D","Atropello","S/D","S/D","Línea divisoria pintada","Sin restricción"
2014,2095,22/03/2014,"Sabado",0,11:00:00,,"0.0",2,"Camión,Moto/Ciclomotor","PUENTE CARRETERO ",2,1,0,0,0,0,1,,"S/D",,"SANTA FE","La Capital","Asfalto","No existe","I","Dentro","Urbana","Ninguna","No existe","Puente","Bueno","Buena","Diurna","Buen Tiempo","S/D","S/D","Colisión","Ninguna","Faltante","Línea divisoria pintada","Sin restricción"
2014,2096,05/03/2014,"Miercoles",0,13:00:00,,"0.0",2,"Moto/Ciclomotor,Automóvil","Rivadavia Y Gorostiaga",2,1,0,0,1,0,0,,"Calle",,"SANTA FE","La Capital","Asfalto","No existe","I","Dentro","Urbana","Ninguna","No existe","Intersección","Bueno","Buena","Diurna","Buen Tiempo","Frontal","S/D","Colisión","Ninguna","Vertical","Ninguna","Sin restricción"
2014,2097,22/03/2014,"Sabado",0,11:05:00,,"0.0",2,"Automóvil,Otros","PUENTE CARRETERO ",3,1,0,0,2,0,0,,"S/D",,"SANTA FE","La Capital","Asfalto","No existe","I","Dentro","Urbana","Ninguna","No existe","Puente","Bueno","Buena","Diurna","Buen Tiempo","S/D","S/D","Colisión","Ninguna","Faltante","Línea divisoria pintada","Sin restricción"
2014,2098,05/03/2014,"Miercoles",0,07:15:00,"Ruta Provincial 70","0.0",2,"Automóvil,Moto/Ciclomotor","Ruta provincial 70 Y Pio J Guala",2,1,0,0,1,0,0,,"Ruta",70,"ESPERANZA","Las Colonias","Asfalto","Ripio","XI","S/D","Urbana","S/D","No existe","Intersección","Bueno","S/D","Diurna","S/D","Lateral","S/D","Colisión","S/D","S/D","Línea divisoria pintada","Sin restricción"
2014,2099,21/03/2014,"Viernes",0,10:00:00,,"0.0",2,"Moto/Ciclomotor,Automóvil","Aguado Y Don Guanella",2,1,0,0,1,0,0,,"Calle",,"SANTA FE","La Capital","Asfalto","Natural","I","S/D","Urbana","Ninguna","No existe","Intersección","Con baches","Buena","Diurna","Buen Tiempo","Lateral","S/D","Colisión","Material Suelto","Faltante","Ninguna","Sin restricción"
2014,2100,22/03/2014,"Sabado",0,11:10:00,,"0.0",2,"Automóvil,Moto/Ciclomotor","PUENTE CARRETERO ",2,1,0,0,1,0,0,,"S/D",,"SANTA FE","La Capital","Asfalto","No existe","I","Dentro","Urbana","Ninguna","No existe","Puente","Bueno","Buena","Diurna","Buen Tiempo","S/D","S/D","Colisión","Ninguna","Faltante","Línea divisoria pintada","Sin restricción"
2014,2101,17/03/2014,"Lunes",0,11:00:00,,"0.0",1,"Moto/Ciclomotor","Av Peñaloza 6700",2,1,0,0,1,0,0,,"Avenida",,"SANTA FE","La Capital","Hormigón","Pavimento","I","Dentro","Urbana","S/D","No existe","Recta","Bueno","S/D","Diurna","Buen Tiempo","S/D","S/D","Caída ocupante","S/D","Vertical","Cordón divisorio","Sin restricción"
2014,2102,23/03/2014,"Domingo",0,07:45:00,,"0.0",3,"Moto/Ciclomotor,Peatón,Peatón","Intendente Manuel Irigoyen ",3,2,0,0,1,0,0,"-31.587944444444,-60.721222222222","Calle",,"SANTA FE","La Capital","Asfalto","Pavimento","I","Dentro","Urbana","Otra Señal","No existe","Recta","S/D","Buena","Amanecer","Buen Tiempo","S/D","S/D","Atropello","S/D","Faltante","Línea divisoria pintada","Sin restricción"
2014,2103,25/03/2014,"Martes",0,14:35:00,,"0.0",2,"Automóvil,Bicicleta","Corrientes Y Av Freyre",2,1,0,0,1,0,0,"-31.651722222222,-60.720111111111","Avenida",,"SANTA FE","La Capital","Asfalto","No existe","I","Dentro","Urbana","Semáforo","Funciona","Intersección","Bueno","Buena","Diurna","Buen Tiempo","S/D","S/D","Atropello","Ninguna","Faltante","Ninguna","Sin restricción"
2014,2104,07/03/2014,"Viernes",0,07:00:00,,"0.0",2,"Automóvil,Otros","Av Mosconi Y Juan de Garay",3,1,0,0,2,0,0,,"Avenida",,"SANTA FE","La Capital","Asfalto","No existe","I","Dentro","Urbana","Semáforo","No funciona","Intersección","Bueno","Buena","Amanecer","Buen Tiempo","S/D","S/D","Colisión","Ninguna","Faltante","Ninguna","Sin restricción"
2014,2105,13/03/2014,"Jueves",0,19:30:00,,"0.0",2,"Automóvil,Moto/Ciclomotor","Doctor Teisaire Y Belgrano",2,1,0,0,1,0,0,,"Calle",,"SAN JERÓNIMO NORTE","Las Colonias","Asfalto","No existe","XI","Dentro","Urbana","S/D","S/D","Intersección","Bueno","Buena","Atardecer","S/D","Lateral","S/D","Colisión","S/D","S/D","Ninguna","Sin restricción"
2014,2106,16/03/2014,"Domingo",0,03:20:00,,"0.0",1,"Automóvil","Escalabrini Ortiz Y 25 de Mayo",5,1,0,0,4,0,0,,"Calle",,"SAN CARLOS CENTRO","Las Colonias","S/D","S/D","XI","Dentro","Urbana","S/D","S/D","Intersección","S/D","S/D","Nocturna","S/D","Contra objeto fijo","S/D","Colisión","S/D","S/D","S/D","S/D"
2014,2107,06/03/2014,"Jueves",0,12:30:00,,"0.0",2,"Moto/Ciclomotor,Automóvil","Av Gral Lopez Y Gorostiaga",2,1,0,0,1,0,0,,"Avenida",,"SANTA FE","La Capital","Asfalto","S/D","I","S/D","Urbana","S/D","S/D","Intersección","Bueno","Buena","Diurna","Buen Tiempo","S/D","S/D","Colisión","Ninguna","S/D","S/D","Sin restricción"
2014,2108,12/03/2014,"Miercoles",0,10:00:00,"Ruta Nacional 11","0.0",2,"Moto/Ciclomotor,Automóvil","Av Blas Parera Y Larrea",3,1,0,0,2,0,0,,"Ruta",11,"SANTA FE","La Capital","Asfalto","Pavimento","I","S/D","Urbana","S/D","Funciona","Intersección","Bueno","Buena","Diurna","Buen Tiempo","Lateral","S/D","Colisión","S/D","Horizontal,Vertical","Cordón divisorio","Sin restricción"
2014,2109,03/03/2014,"Lunes",0,20:00:00,"Ruta Provincial 68","0.0",2,"Tractor,Peatón","Ruta Provincial  68 S ",2,1,0,0,1,0,0,,"Ruta",68,"GRUTLY","Las Colonias","Asfalto","Natural","XI","Dentro","Rural","Ninguna","No existe","Recta","Con baches","Reducida","Nocturna","Lluvia","S/D","S/D","Atropello","Agua","Faltante","Línea divisoria pintada","Sin restricción"
2014,2110,03/03/2014,"Lunes",0,21:50:00,,"0.0",2,"Automóvil,Moto/Ciclomotor","San Martin Y Salta",2,2,0,0,0,0,0,,"Calle",,"SAN CARLOS CENTRO","Las Colonias","S/D","S/D","XI","S/D","Urbana","S/D","S/D","Intersección","S/D","S/D","S/D","S/D","Lateral","S/D","Colisión","S/D","S/D","S/D","S/D"
2014,2111,18/03/2014,"Martes",0,12:30:00,,"0.0",2,"Moto/Ciclomotor,Automóvil","Rio Negro 1500",2,1,0,0,0,0,1,,"Calle",,"MONTE VERA","La Capital","Ripio","No existe","I","Dentro","Urbana","Ninguna","No existe","Recta","Bueno","Buena","Diurna","Buen Tiempo","De alcance","S/D","Colisión","Ninguna","S/D","Ninguna","Sin restricción"
2014,2112,06/03/2014,"Jueves",0,00:50:00,"Ruta Provincial 2","0.0",2,"Camión,Moto/Ciclomotor","Cordoba Y Ruta pcial 2 Av San Martin",2,1,0,0,1,0,0,,"Ruta",2,"MONTE VERA","La Capital","Hormigón,Ripio","Natural","I","Dentro","Urbana","Ninguna","No existe","Intersección","Bueno","S/D","Nocturna,Con luz artificial","Buen Tiempo","Lateral","S/D","Colisión","Ninguna","S/D","Ninguna","Sin restricción"
2014,2113,01/03/2014,"Sabado",0,21:05:00,,"0.0",2,"Automóvil,Bicicleta","25 De Mayo Y Mariano Moreno",2,1,0,0,1,0,0,,"S/D",,"SAN CARLOS NORTE","Las Colonias","S/D","S/D","XI","S/D","S/D","S/D","S/D","Intersección","S/D","S/D","Nocturna","S/D","S/D","S/D","Atropello","S/D","S/D","S/D","S/D"
2014,2114,07/03/2014,"Viernes",0,10:00:00,,"0.0",2,"Automóvil,Otros"," ",2,0,1,0,1,0,0,,"Calle",,"SANTA FE","La Capital","Asfalto","No existe","I","Dentro","Urbana","Ninguna","No existe","Intersección","Bueno","Buena","Diurna","Buen Tiempo","S/D","S/D","Colisión","Ninguna","Faltante","Ninguna","Sin restricción"
2014,2115,11/03/2014,"Martes",0,23:00:00,,"0.0",2,"Automóvil,Moto/Ciclomotor","Ayacucho 5200",3,2,0,0,1,0,0,,"Calle",,"SANTA FE","La Capital","Ripio","Natural","I","Dentro","Urbana","Ninguna","No existe","Recta","Con baches","Reducida","Nocturna,Con luz artificial","Buen Tiempo","Lateral","S/D","Colisión","Material Suelto","Faltante","Ninguna","Sin restricción"
2014,2116,07/03/2014,"Viernes",0,18:00:00,,"0.0",2,"Automóvil,Otros","FRAWA Y MORENO",2,1,0,0,1,0,0,,"Calle",,"SANTA FE","La Capital","Asfalto","No existe","I","Dentro","Urbana","Ninguna","No existe","Intersección","Bueno","Buena","Atardecer","Buen Tiempo","Otro","S/D","Colisión","Ninguna","Faltante","Ninguna","Sin restricción"
2014,2117,02/03/2014,"Domingo",0,04:30:00,,"0.0",2,"Automóvil,Moto/Ciclomotor","Av Almte Brown Y Agustin Delgado",2,1,0,0,1,0,0,,"Calle",,"SANTA FE","La Capital","Asfalto","S/D","I","Dentro","Urbana","Ninguna","S/D","Recta","Bueno","S/D","Nocturna","Buen Tiempo","Lateral","S/D","Colisión","S/D","S/D","Ninguna","Sin restricción"
2014,2118,11/03/2014,"Martes",0,22:10:00,,"0.0",2,"Moto/Ciclomotor,Automóvil","Boneo Y Aguado",3,2,0,0,1,0,0,,"Calle",,"SANTA FE","La Capital","Asfalto","Natural","I","S/D","Urbana","Ninguna","No existe","Intersección","Con baches","Reducida","Nocturna,Con luz artificial","Buen Tiempo","Lateral","S/D","Colisión","S/D","Faltante","Ninguna","Sin restricción"
2014,2119,21/03/2014,"Viernes",0,19:30:00,,"0.0",2,"Moto/Ciclomotor,Peatón","Roque Saenz Peña 600",2,1,0,0,1,0,0,"-31.608805555556,-60.714694444444","Calle",,"SANTA FE","La Capital","Asfalto","S/D","I","Dentro","Urbana","Ninguna","S/D","Recta","Bueno","S/D","Atardecer","Buen Tiempo","Lateral","S/D","Atropello","Ninguna","Faltante","Ninguna","Sin restricción"
2014,2120,16/03/2014,"Domingo",0,08:20:00,"Ruta Nacional 11","0.0",1,"Moto/Ciclomotor","San Juan ",1,1,0,0,0,0,0,,"Ruta",11,"NELSON","La Capital","Asfalto","Ripio","I","Dentro","Urbana","Ninguna","No existe","Recta","Con baches","Buena","Diurna","Buen Tiempo","S/D","S/D","Caída ocupante","Agua","Faltante","Ninguna","Sin restricción"
2014,2121,19/03/2014,"Miercoles",0,07:45:00,,"0.0",2,"Automóvil,Moto/Ciclomotor","Av Galicia Y Rivadavia",2,1,0,0,0,0,1,,"Avenida",,"SANTA FE","La Capital","S/D","No existe","I","S/D","Urbana","Ninguna","No existe","Recta","Bueno","Buena","Amanecer","Lluvia","S/D","S/D","Colisión","Ninguna","Horizontal","Ninguna","Sin restricción"
2014,2122,16/03/2014,"Domingo",0,03:40:00,,"0.0",2,"Moto/Ciclomotor,Automóvil","San Martin Y Gdor. Candioti",2,1,0,0,1,0,0,,"Avenida",,"NELSON","La Capital","Asfalto","No existe","I","S/D","Urbana","Ninguna","No existe","Intersección","Bueno","Buena","Nocturna","Buen Tiempo","Lateral","S/D","Colisión","Ninguna","Faltante","Vegetación","Sin restricción"
2014,2123,19/03/2014,"Miercoles",0,20:20:00,,"0.0",2,"Moto/Ciclomotor,Automóvil","Salvador del Carril Y Sarmiento",2,1,0,0,1,0,0,,"Calle",,"SANTA FE","La Capital","Asfalto","Pavimento","I","S/D","Urbana","S/D","No existe","Intersección","Bueno","Buena","Nocturna","Buen Tiempo","Otro","S/D","Colisión","Ninguna","S/D","Ninguna","Sin restricción"
2014,2124,09/03/2014,"Domingo",0,06:40:00,,"0.0",2,"Automóvil,Moto/Ciclomotor"," ",4,2,0,0,2,0,0,,"Camino Rural",,"ANGEL GALLARDO","La Capital","Tierra","No existe","I","Dentro","Rural","Ninguna","No existe","Recta","Bueno","Buena","Amanecer,Con luz artificial","Buen Tiempo","Frontal","S/D","Colisión","Ninguna","S/D","Ninguna","Sin restricción"
2014,2125,20/03/2014,"Jueves",0,10:30:00,,"0.0",2,"Moto/Ciclomotor,Pickup/Utilitario","Av Almte Brown Y Bv Muttis",2,1,0,0,1,0,0,,"Avenida",,"SANTA FE","La Capital","Asfalto","No existe","I","Dentro","Urbana","S/D","No existe","Intersección","Bueno","Buena","Diurna","Buen Tiempo","Frontal","S/D","Colisión","Ninguna","Vertical","S/D","Sin restricción"
2014,2126,16/03/2014,"Domingo",0,03:00:00,,"0.0",2,"Moto/Ciclomotor,Automóvil","Av Santa Fe Y Av Almte Brown",2,1,0,0,1,0,0,,"Avenida",,"SANTA FE","La Capital","Asfalto","S/D","I","Dentro","Urbana","S/D","S/D","Intersección","Bueno","Buena","Nocturna","Buen Tiempo","Frontal","S/D","Colisión","Ninguna","S/D","S/D","Sin restricción"
2014,2128,10/03/2014,"Lunes",0,22:00:00,,"0.0",2,"Moto/Ciclomotor,Moto/Ciclomotor","Garibaldi Y Bartolome Mitre gral",2,1,0,0,1,0,0,,"Calle",,"ARROYO SECO","Rosario","Hormigón","Pavimento","II","Dentro","Urbana","Ninguna","No existe","Recta","Bueno","Buena","Nocturna","Buen Tiempo","Lateral","S/D","Colisión","S/D","S/D","Ninguna","Sin restricción"
2014,2129,15/03/2014,"Sabado",0,11:50:00,,"0.0",2,"Moto/Ciclomotor,Moto/Ciclomotor","Av. Genova Y Tarragona",2,1,0,0,1,0,0,,"Calle",,"ROSARIO","Rosario","Asfalto","No existe","II","Dentro","Urbana","Ninguna","No existe","Recta","Bueno","Buena","Amanecer","S/D","Frontal","S/D","Colisión","S/D","Horizontal","Ninguna","Sin restricción"
2014,2130,16/03/2014,"Domingo",0,17:15:00,,"0.0",2,"Pickup/Utilitario,Moto/Ciclomotor","4 de enero Y Obispo Gelabert",3,1,0,0,0,0,2,,"Calle",,"SANTO TOMÉ","La Capital","S/D","No existe","I","S/D","Urbana","Ninguna","No existe","Intersección","Otro","Buena","Diurna","Buen Tiempo","Frontal","S/D","Colisión","Ninguna","Faltante","Ninguna","Sin restricción"