"anio_acci","nro_acci","fecha","desc_dia","fecha_aprox","hora_aprox","desc_ruta","km","cant_participantes","desc_participante","calle_avenida_km","total","heridos_leves","heridos_graves","heridos_gravisimos","ilesos","fallecidos","sin_datos","posicion_XY","desc_tipo_via","desc_ruta_ori","desc_loc","desc_dpto","desc_tipo_calzada","desc_tipo_banquina","desc_unidad_regional","desc_lugar_calzada","desc_zona","desc_prioridad","desc_estado_semaforo","desc_lugar_via","desc_estado_via","desc_estado_visibilidad","desc_luminosidad","desc_estado_clima","desc_tipo_colision","desc_tipo_atropello","desc_tipo_hecho","desc_pres_calzada","desc_senializacion","desc_separacion_via","desc_restriccion"
2014,2131,21/03/2014,"Viernes",0,14:00:00,,"0.0",2,"Camión,Automóvil","Av. Carlos Colombres Y Mendoza",2,1,0,0,1,0,0,,"Calle",,"ROSARIO","Rosario","Asfalto","Pavimento","II","Dentro","Urbana","Semáforo","Funciona","S/D","Bueno","Buena","Diurna","Buen Tiempo","Lateral","S/D","Colisión","S/D","Faltante","S/D","Sin restricción"
2014,2132,01/03/2014,"Sabado",0,12:20:00,,"0.0",2,"Moto/Ciclomotor,Taxi/Remis","J Castelli Y Pje Esteban Echeverria",2,0,0,0,0,0,2,,"Calle",,"SANTA FE","La Capital","S/D","S/D","I","Dentro","Urbana","S/D","S/D","Intersección","S/D","S/D","Diurna","S/D","S/D","S/D","S/D","S/D","S/D","S/D","S/D"
2014,2133,24/03/2014,"Lunes",0,06:30:00,,"0.0",2,"Moto/Ciclomotor,Taxi/Remis","Av. Jorge Newbery Y Av. Circunvalacion",2,0,1,0,1,0,0,,"Calle",,"ROSARIO","Rosario","S/D","S/D","II","Dentro","Urbana","S/D","S/D","S/D","S/D","S/D","Diurna","S/D","S/D","S/D","Colisión","S/D","S/D","S/D","S/D"
2014,2134,24/03/2014,"Lunes",0,20:30:00,,"0.0",2,"Otros,Automóvil","J.B.Justo ",3,1,0,0,2,0,0,,"Calle",,"ROSARIO","Rosario","S/D","S/D","II","Dentro","Urbana","S/D","S/D","S/D","S/D","S/D","Atardecer","S/D","S/D","S/D","Colisión","S/D","S/D","S/D","S/D"
2014,2135,01/03/2014,"Sabado",0,21:30:00,,"0.0",2,"Moto/Ciclomotor,Automóvil","San Nicolas Y San Martin",2,1,0,0,1,0,0,,"Calle",,"ROSARIO","Rosario","Asfalto","Pavimento","II","Dentro","Urbana","Ninguna","No existe","Intersección","S/D","Buena","Nocturna","Buen Tiempo","Lateral","S/D","Colisión","S/D","S/D","Ninguna","Sin restricción"
2014,2136,14/03/2014,"Viernes",0,16:00:00,,"0.0",2,"Pickup/Utilitario,Moto/Ciclomotor","Pres Domingo Faustino Sarmient Y Juan Jose Paso",3,2,0,0,0,0,1,,"Calle",,"SANTO TOMÉ","La Capital","Asfalto","No existe","I","Dentro","Urbana","Ninguna","No existe","Intersección","Bueno","Buena","Diurna","Buen Tiempo","Lateral","S/D","Colisión","Ninguna","Faltante","Ninguna","Sin restricción"
2014,2137,29/03/2014,"Sabado",0,20:15:00,,"0.0",2,"Moto/Ciclomotor,Moto/Ciclomotor","J.B.Justo ",3,3,0,0,0,0,0,,"Calle",,"ROSARIO","Rosario","S/D","S/D","II","Dentro","Urbana","S/D","S/D","S/D","S/D","S/D","S/D","S/D","S/D","S/D","Colisión","S/D","S/D","S/D","S/D"
2014,2138,14/03/2014,"Viernes",0,20:10:00,,"0.0",2,"Moto/Ciclomotor,Automóvil","J Castelli Y Pje Esteban Echeverria",2,0,0,0,0,0,2,,"Calle",,"SANTA FE","La Capital","S/D","S/D","I","S/D","Urbana","S/D","S/D","Intersección","S/D","S/D","Nocturna","Buen Tiempo","S/D","S/D","S/D","S/D","S/D","S/D","S/D"
2014,2139,21/03/2014,"Viernes",0,11:00:00,,"0.0",2,"Moto/Ciclomotor,Automóvil","Bernardino Rivadavia Y Sabatino Gaboto",2,1,0,0,1,0,0,,"Calle",,"ARROYO SECO","Rosario","Hormigón","Pavimento","II","Dentro","Urbana","Ninguna","No existe","Intersección","Bueno","Buena","Diurna","Buen Tiempo","Lateral","S/D","Colisión","S/D","S/D","Ninguna","Sin restricción"
2014,2140,23/03/2014,"Domingo",0,22:10:00,,"0.0",1,"Moto/Ciclomotor","Avenida Nuestra Señora del Luj 4000",2,1,0,0,1,0,0,,"Avenida",,"SANTO TOMÉ","La Capital","Ripio","No existe","I","Dentro","Urbana","S/D","No existe","Recta","Ahuellamiento","Buena","Nocturna,Con luz artificial","Buen Tiempo","S/D","S/D","Caída ocupante","S/D","Faltante","Ninguna","S/D"
2014,2141,30/03/2014,"Domingo",0,21:00:00,,"0.0",1,"Moto/Ciclomotor","Nicasio Oroño Y 7 de Octubre",2,2,0,0,0,0,0,,"Calle",,"CAÑADA DE GÓMEZ","Iriondo","Asfalto","No existe","X","Dentro","Urbana","Ninguna","No existe","Intersección","Con baches","Buena","Nocturna,Con luz artificial","Buen Tiempo","Contra objeto fijo","S/D","Colisión","S/D","Faltante","Ninguna","Sin restricción"
2014,2143,18/03/2014,"Martes",0,12:00:00,,"0.0",2,"Moto/Ciclomotor,Automóvil","Pedro de Vega Y San Juan",2,0,0,0,0,0,2,,"Calle",,"SANTA FE","La Capital","S/D","S/D","I","S/D","Urbana","S/D","S/D","Intersección","S/D","S/D","Diurna","S/D","S/D","S/D","S/D","S/D","S/D","S/D","S/D"
2014,2144,01/03/2014,"Sabado",0,21:00:00,,"0.0",1,"Moto/Ciclomotor"," ",1,0,1,0,0,0,0,,"S/D",,"ALBARELLOS","Rosario","Tierra","Natural","II","Fuera","Urbana","Marca Vial","No existe","Curva","Bueno","Reducida","Nocturna","Buen Tiempo","Contra objeto fijo","S/D","Colisión,Despiste","S/D","Faltante","Guardarrail","Sin restricción"
2014,2145,29/03/2014,"Sabado",0,20:05:00,,"0.0",2,"Moto/Ciclomotor,Automóvil","Bv Centenario B Y Av L N Alem",2,0,1,0,1,0,0,,"Avenida",,"CAÑADA DE GÓMEZ","Iriondo","Asfalto","No existe","X","Dentro","Urbana","Ninguna","No existe","Intersección","Bueno","Buena","Nocturna,Con luz artificial","Buen Tiempo","Lateral","S/D","Colisión","S/D","Faltante","Ninguna","Sin restricción"
2014,2146,25/03/2014,"Martes",0,,,"0.0",2,"Automóvil,Moto/Ciclomotor","Baigorria Y Av. Circunvalacion",2,1,0,0,1,0,0,,"Calle",,"ROSARIO","Rosario","S/D","S/D","II","Dentro","Urbana","S/D","S/D","S/D","S/D","S/D","S/D","S/D","S/D","S/D","Colisión","S/D","S/D","S/D","S/D"
2014,2147,24/03/2014,"Lunes",0,21:30:00,,"0.0",2,"Automóvil,Moto/Ciclomotor","Azcuenaga Y Lisandro de La Torre",3,2,0,0,0,0,1,,"Calle",,"SANTO TOMÉ","La Capital","Hormigón","No existe","I","S/D","Urbana","Ninguna","No existe","Intersección","Bueno","Buena","Diurna","Lluvia","Lateral","S/D","Colisión","Otro","Faltante","Ninguna","Sin restricción"
2014,2148,13/03/2014,"Jueves",0,18:10:00,,"0.0",1,"Otros","Saavedra 5148",2,0,0,0,0,0,2,,"Calle",,"SANTA FE","La Capital","S/D","S/D","I","S/D","S/D","S/D","S/D","S/D","S/D","S/D","Diurna","S/D","S/D","S/D","S/D","S/D","S/D","S/D","S/D"
2014,2149,13/03/2014,"Jueves",0,18:10:00,,"0.0",2,"Automóvil,Peatón","Saavedra 5148",2,0,0,0,0,0,2,"-31.618555555556,-60.707972222222","Calle",,"SANTA FE","La Capital","S/D","S/D","I","S/D","S/D","S/D","S/D","S/D","S/D","S/D","Diurna","S/D","S/D","S/D","Atropello","S/D","S/D","S/D","S/D"
2014,2150,23/03/2014,"Domingo",0,17:10:00,,"0.0",2,"Moto/Ciclomotor,Automóvil","Superi Y Avalos",3,2,0,0,1,0,0,,"Calle",,"ROSARIO","Rosario","Asfalto","No existe","II","Dentro","Urbana","Semáforo","Funciona","Intersección","Bueno","Buena","Diurna","Buen Tiempo","Lateral","S/D","Colisión","Otro","Vertical","Ninguna","Sin restricción"
2014,2151,29/03/2014,"Sabado",0,,"Ruta Nacional 9","0.0",2,"Moto/Ciclomotor,Automóvil","Av. Santa Fe 1800",2,1,0,0,1,0,0,,"Ruta",9,"CAÑADA DE GÓMEZ","Iriondo","Hormigón","Natural","X","Dentro","Urbana","Ninguna","No existe","Recta","Deteriorada,Ahuellamiento","Buena","S/D","Buen Tiempo","Frontal","S/D","Colisión","S/D","Faltante","Línea divisoria pintada","Sin restricción"
2014,2152,13/03/2014,"Jueves",0,16:00:00,,"0.0",2,"Automóvil,Moto/Ciclomotor","Presidente Roca 2900",2,0,0,0,0,0,2,,"Calle",,"SANTA FE","La Capital","S/D","S/D","I","S/D","S/D","S/D","S/D","S/D","S/D","S/D","Diurna","S/D","S/D","S/D","S/D","S/D","S/D","S/D","S/D"
2014,2153,14/03/2014,"Viernes",0,08:45:00,,"0.0",2,"Peatón,Otros","Av. Battle y Ordoñez 3600",2,1,0,0,0,0,1,,"Calle",,"ROSARIO","Rosario","Asfalto","No existe","II","Dentro","Urbana","Señal Ceda el Paso","No existe","Recta","Bueno","Buena","Diurna","Buen Tiempo","S/D","S/D","Atropello","S/D","Horizontal","Ninguna","Sin restricción"
2014,2154,13/03/2014,"Jueves",0,14:30:00,,"0.0",2,"Moto/Ciclomotor,Pickup/Utilitario","4 de Enero Y J M Perez",2,0,0,0,0,0,2,,"Calle",,"SANTA FE","La Capital","S/D","S/D","I","S/D","S/D","S/D","S/D","Intersección","S/D","S/D","Diurna","S/D","S/D","S/D","S/D","S/D","S/D","S/D","S/D"
2014,2155,21/03/2014,"Viernes",0,13:30:00,,"0.0",2,"Moto/Ciclomotor,Moto/Ciclomotor","Santa Fe ",3,1,1,0,0,0,1,,"Calle",,"SANTO TOMÉ","La Capital","Asfalto","No existe","I","S/D","S/D","Ninguna","No existe","Intersección","Bueno","Buena","Diurna","Buen Tiempo","Lateral","S/D","Colisión","Otro","Faltante","Ninguna","Sin restricción"
2014,2156,11/03/2014,"Martes",0,15:00:00,,"0.0",2,"Moto/Ciclomotor,Automóvil","Av. Ovidio Lagos Y Av. Arijon",2,1,0,0,1,0,0,,"Avenida",,"ROSARIO","Rosario","Asfalto","No existe","II","Dentro","Urbana","Semáforo","Funciona","Recta","Con baches","Buena","Diurna","Buen Tiempo","Lateral","S/D","Colisión","S/D","Vertical","Ninguna","Sin restricción"
2014,2157,11/03/2014,"Martes",0,08:45:00,,"0.0",2,"Moto/Ciclomotor,Automóvil","Av Facundo Zuviria Y Ricardo Aldao",2,0,0,0,0,0,2,,"Avenida",,"SANTA FE","La Capital","S/D","S/D","I","S/D","S/D","S/D","S/D","Intersección","S/D","S/D","Diurna","S/D","S/D","S/D","S/D","S/D","S/D","S/D","S/D"
2014,2158,27/03/2014,"Jueves",0,18:00:00,,"0.0",2,"Moto/Ciclomotor,Transporte de Pasajeros Urbano (> 8 asientos)","Santa Fe ",2,1,0,0,1,0,0,,"Calle",,"FUNES","Rosario","Asfalto","No existe","II","Dentro","Urbana","Ninguna","No existe","Recta","Bueno","Buena","Atardecer","Buen Tiempo","Frontal","S/D","Colisión","S/D","Faltante","Ninguna","Sin restricción"
2014,2159,14/03/2014,"Viernes",0,11:30:00,,"0.0",2,"Peatón,Automóvil","Buenos Aires Y 3 De Febrero",2,1,0,0,1,0,0,,"Calle",,"ROSARIO","Rosario","Asfalto","S/D","II","Dentro","Urbana","Paso Peatonal","S/D","Intersección","Bueno","S/D","Diurna","S/D","Otro","S/D","Atropello","S/D","S/D","S/D","S/D"
2014,2160,31/03/2014,"Lunes",0,19:30:00,"Ruta Nacional 11","0.0",2,"Moto/Ciclomotor,Automóvil","Ruta 11 Avenida Richieri 3200",4,3,0,0,1,0,0,,"Ruta",11,"SANTO TOMÉ","La Capital","Asfalto","Natural","I","S/D","Urbana","S/D","S/D","Recta","Bueno","Buena","Nocturna,Con luz artificial","Buen Tiempo","De alcance","S/D","Colisión","S/D","Horizontal","Línea divisoria pintada","S/D"
2014,2161,11/03/2014,"Martes",0,11:50:00,,"0.0",2,"Moto/Ciclomotor,Otros","Av Facundo Zuviria Y M De Polonia",2,0,0,0,0,0,2,,"Avenida",,"SANTA FE","La Capital","S/D","S/D","I","S/D","Urbana","S/D","S/D","Intersección","S/D","S/D","Diurna","S/D","S/D","S/D","S/D","S/D","S/D","S/D","S/D"
2014,2162,16/03/2014,"Domingo",0,19:30:00,,"0.0",2,"Moto/Ciclomotor,Automóvil","Av. Pellegrini 600",3,1,0,0,1,0,1,,"Avenida",,"ROSARIO","Rosario","Asfalto","S/D","II","Dentro","Urbana","Semáforo","Funciona","Recta","Bueno","Buena","Atardecer","S/D","Otro","S/D","Colisión","S/D","S/D","Cordón divisorio","S/D"
2014,2163,26/03/2014,"Miercoles",0,20:30:00,,"0.0",2,"Moto/Ciclomotor,Automóvil","Donado Y Brandsen",2,0,0,0,0,0,2,,"Calle",,"ROSARIO","Rosario","Asfalto","No existe","II","Dentro","Urbana","Ninguna","No existe","Recta","Bueno","Buena","Nocturna","S/D","Frontal","S/D","Colisión","S/D","Horizontal","Ninguna","Sin restricción"
2014,2164,12/03/2014,"Miercoles",0,12:55:00,,"0.0",2,"Moto/Ciclomotor,Automóvil","Av. Ntra.Sra.del Rosario Y Av. Francia",2,1,0,0,1,0,0,,"Avenida",,"ROSARIO","Rosario","Asfalto","No existe","II","Dentro","Urbana","Señal Pare","No existe","Recta","Bueno","S/D","S/D","Buen Tiempo","Lateral","S/D","Colisión","S/D","Horizontal","Barrera de hormigón","Sin restricción"
2014,2165,09/03/2014,"Domingo",0,16:00:00,,"0.0",2,"Automóvil,Moto/Ciclomotor","Lavalle Y Regis Martinez",2,0,0,0,0,0,2,,"Calle",,"SANTA FE","La Capital","S/D","S/D","I","S/D","Urbana","S/D","S/D","S/D","S/D","S/D","Diurna","S/D","S/D","S/D","S/D","S/D","S/D","S/D","S/D"
2014,2166,11/03/2014,"Martes",0,12:30:00,,"0.0",2,"Moto/Ciclomotor,Pickup/Utilitario","9 De Julio 300",2,1,0,0,1,0,0,,"Calle",,"ROSARIO","Rosario","Asfalto","S/D","II","Dentro","Urbana","S/D","S/D","Recta","Bueno","S/D","Diurna","Buen Tiempo","Otro","S/D","Colisión","S/D","S/D","S/D","S/D"
2014,2167,09/03/2014,"Domingo",0,09:20:00,,"0.0",2,"Moto/Ciclomotor,Automóvil","Av Facundo Zuviria Y Angel Cassanello",2,0,0,0,0,0,2,,"Avenida",,"SANTA FE","La Capital","S/D","S/D","I","S/D","Urbana","S/D","S/D","Intersección","S/D","S/D","Diurna","S/D","S/D","S/D","S/D","S/D","S/D","S/D","S/D"
2014,2168,13/03/2014,"Jueves",0,22:30:00,,"0.0",2,"Automóvil,Moto/Ciclomotor","Av J J Paso Y San Lorenzo",2,1,0,0,1,0,0,,"Avenida",,"SANTA FE","La Capital","Asfalto","No existe","I","Dentro","Urbana","Ninguna","No existe","Intersección","Bueno","Buena","Nocturna,Con luz artificial","Buen Tiempo","Otro","S/D","Colisión","Ninguna","Faltante","Ninguna","Sin restricción"
2014,2169,23/03/2014,"Domingo",0,,,"0.0",2,"Moto/Ciclomotor,Automóvil","Av. Eva Peron Y Bv. Wilde",2,1,0,0,1,0,0,,"Calle",,"ROSARIO","Rosario","Asfalto","Pavimento","II","Dentro","Urbana","Ninguna","No existe","Curva","S/D","S/D","Nocturna","S/D","Frontal","S/D","Colisión","S/D","Horizontal","Ninguna","Sin restricción"
2014,2170,01/03/2014,"Sabado",0,07:50:00,,"0.0",1,"Automóvil","Pueyrredon 700",1,1,0,0,0,0,0,,"Calle",,"ROSARIO","Rosario","Asfalto","S/D","II","Dentro","Urbana","S/D","S/D","Recta","S/D","S/D","Amanecer","S/D","S/D","S/D","Vuelco","S/D","S/D","S/D","S/D"
2014,2171,28/03/2014,"Viernes",0,12:35:00,,"0.0",2,"Moto/Ciclomotor,Automóvil","España Y Rivadavia",2,1,0,0,1,0,0,,"Calle",,"CAÑADA DE GÓMEZ","Iriondo","Asfalto","No existe","X","Dentro","Urbana","Ninguna","No existe","Intersección","Con baches,Deteriorada","Buena","Diurna","Buen Tiempo","Frontal","S/D","Colisión","S/D","Faltante","Ninguna","Sin restricción"
2014,2172,13/03/2014,"Jueves",0,15:20:00,,"0.0",2,"Transporte de Pasajeros Urbano (> 8 asientos),Otros","Uruguay Y Gdor Freyre",2,1,0,0,1,0,0,,"Calle",,"SANTA FE","La Capital","Asfalto","No existe","I","Dentro","Urbana","Ninguna","No existe","Intersección","Bueno","Buena","Diurna","Buen Tiempo","Otro","S/D","Colisión","Ninguna","Faltante","Ninguna","Sin restricción"
2014,2173,08/03/2014,"Sabado",0,04:20:00,,"0.0",2,"Moto/Ciclomotor,Automóvil","Lavaisse Y 4 de Enero",3,0,0,0,0,0,3,,"Calle",,"SANTA FE","La Capital","S/D","S/D","I","S/D","S/D","S/D","S/D","Intersección","S/D","S/D","Nocturna","S/D","S/D","S/D","S/D","S/D","S/D","S/D","S/D"
2014,2174,02/03/2014,"Domingo",0,00:15:00,,"0.0",2,"Automóvil,Automóvil","Constitucion Y Montevideo",2,1,0,0,1,0,0,,"Calle",,"ROSARIO","Rosario","Asfalto","S/D","II","Dentro","Urbana","S/D","S/D","Intersección","S/D","S/D","Nocturna","S/D","S/D","S/D","Colisión","S/D","S/D","S/D","S/D"
2014,2175,22/03/2014,"Sabado",0,20:30:00,,"0.0",2,"Pickup/Utilitario,Moto/Ciclomotor","Jose Ingenieros 8200",2,1,0,0,1,0,0,,"Calle",,"ROSARIO","Rosario","Asfalto","No existe","II","Dentro","Urbana","Ninguna","No existe","Recta","S/D","Buena","Nocturna","S/D","Frontal","S/D","Colisión","S/D","Horizontal","Ninguna","Sin restricción"
2014,2176,18/03/2014,"Martes",0,15:15:00,,"0.0",2,"Moto/Ciclomotor,Pickup/Utilitario","Bv. Avellaneda Y Lamadrid",5,4,0,0,1,0,0,,"Avenida",,"ROSARIO","Rosario","Asfalto","No existe","II","Dentro","Urbana","Ninguna","No existe","Recta","Bueno","Buena","Diurna","Buen Tiempo","Lateral","S/D","Colisión","S/D","Faltante","Barrera de hormigón","Sin restricción"
2014,2177,11/03/2014,"Martes",0,19:40:00,,"0.0",2,"Moto/Ciclomotor,Otros","Amenabar Y San Lorenzo",2,1,0,0,1,0,0,,"Calle",,"SANTA FE","La Capital","Asfalto","No existe","I","Dentro","Urbana","Ninguna","No existe","Intersección","Bueno","Buena","Atardecer","Buen Tiempo","Otro","S/D","Colisión","Ninguna","Faltante","Ninguna","Sin restricción"
2014,2178,17/03/2014,"Lunes",0,17:30:00,,"0.0",2,"Automóvil,Automóvil","Av. Circunvalacion Y Av. Circunvalacion",2,1,0,0,1,0,0,,"Calle",,"ROSARIO","Rosario","Asfalto","Pavimento","II","Dentro","Urbana","Ninguna","No existe","Recta","S/D","Buena","Atardecer","S/D","De alcance","S/D","Colisión","S/D","Vertical","Guardarrail","Sin restricción"
2014,2179,18/03/2014,"Martes",0,18:00:00,,"0.0",2,"Automóvil,Moto/Ciclomotor","Navarro Y Donado",2,1,0,0,1,0,0,,"Calle",,"ROSARIO","Rosario","Asfalto","No existe","II","Dentro","Urbana","Ninguna","No existe","Recta","Bueno","Buena","Atardecer","S/D","Frontal","S/D","Colisión","S/D","Horizontal","Ninguna","Sin restricción"
2014,2180,02/03/2014,"Domingo",0,,,"0.0",2,"Automóvil,Moto/Ciclomotor","Cordoba Y Vera Mujica",2,1,0,0,1,0,0,,"Calle",,"ROSARIO","Rosario","Asfalto","S/D","II","Dentro","Urbana","S/D","S/D","Intersección","S/D","S/D","S/D","S/D","S/D","S/D","Colisión","S/D","S/D","S/D","S/D"
2014,2181,07/03/2014,"Viernes",0,20:30:00,,"0.0",2,"Automóvil,Moto/Ciclomotor","Necochea Y Chacabuco",3,2,0,0,0,0,1,,"Calle",,"SANTA FE","La Capital","Asfalto","No existe","I","S/D","Urbana","S/D","S/D","Intersección","Bueno","S/D","Nocturna","S/D","Lateral","S/D","Colisión","S/D","S/D","Ninguna","S/D"
2014,2182,20/03/2014,"Jueves",0,08:30:00,,"0.0",2,"Moto/Ciclomotor,Automóvil","Arevalo Y Mejico",2,1,0,0,1,0,0,,"Calle",,"ROSARIO","Rosario","Asfalto","No existe","II","Dentro","Urbana","Ninguna","Funciona","Recta","Bueno","Buena","Amanecer","S/D","Frontal","S/D","Colisión","S/D","Vertical","Ninguna","Sin restricción"
2014,2183,02/03/2014,"Domingo",0,22:30:00,,"0.0",2,"Moto/Ciclomotor,Automóvil","Av. Pellegrini 4400",2,1,0,0,1,0,0,,"Avenida",,"ROSARIO","Rosario","Asfalto","S/D","II","Dentro","Urbana","S/D","S/D","Intersección","S/D","S/D","Nocturna","S/D","S/D","S/D","Colisión","S/D","S/D","S/D","S/D"
2014,2184,19/03/2014,"Miercoles",0,09:00:00,,"0.0",2,"Moto/Ciclomotor,Automóvil","Salvador del Carril Y Rivadavia",2,1,0,0,0,0,1,,"S/D",,"SANTA FE","La Capital","Asfalto","S/D","I","S/D","S/D","Ninguna","S/D","Intersección","Bueno","S/D","Diurna","Lluvia","Otro","S/D","Colisión","Ninguna","Horizontal","Ninguna","Sin restricción"
2014,2186,21/03/2014,"Viernes",0,16:15:00,,"0.0",2,"Bicicleta,Camión","Av. Ovidio Lagos Y Av. Arijon",2,1,0,0,1,0,0,,"Avenida",,"ROSARIO","Rosario","Asfalto","No existe","II","Dentro","Urbana","Semáforo","Funciona","Recta","Bueno","Buena","Atardecer","Buen Tiempo","De alcance","S/D","Colisión","S/D","Vertical","Barrera de hormigón","Sin restricción"
2014,2187,09/03/2014,"Domingo",0,06:30:00,,"0.0",2,"Automóvil,Moto/Ciclomotor","3 De Febrero Y Santiago",3,2,0,0,1,0,0,,"Calle",,"ROSARIO","Rosario","Asfalto","S/D","II","Dentro","Urbana","S/D","S/D","Intersección","S/D","S/D","Diurna","S/D","S/D","S/D","Colisión","S/D","S/D","S/D","S/D"
2014,2188,27/03/2014,"Jueves",0,20:45:00,,"0.0",1,"Bicicleta","Ocampo Y San Martin",1,1,0,0,0,0,0,,"Calle",,"CAÑADA DE GÓMEZ","Iriondo","Asfalto","No existe","X","Dentro","Urbana","Ninguna","Funciona","Curva","Bueno","Buena","Nocturna,Con luz artificial","Buen Tiempo","S/D","S/D","Caída ocupante","S/D","Faltante","Ninguna","Sin restricción"
2014,2189,27/03/2014,"Jueves",0,08:50:00,,"0.0",2,"Camión,Moto/Ciclomotor","3 de febrero Y Martin Zavalla",2,0,1,0,0,0,1,,"Calle",,"SANTO TOMÉ","La Capital","Hormigón","No existe","I","S/D","S/D","Ninguna","No existe","Intersección","Bueno","Buena","Diurna","Buen Tiempo","Lateral","S/D","Colisión","Otro","Faltante","Ninguna","Sin restricción"
2014,2190,12/03/2014,"Miercoles",0,17:45:00,,"0.0",2,"Automóvil,Moto/Ciclomotor","3 De Febrero Y Av. Avellaneda B",3,2,0,0,1,0,0,,"Calle",,"ROSARIO","Rosario","Asfalto","S/D","II","Dentro","Urbana","S/D","S/D","Intersección","S/D","S/D","Diurna","S/D","S/D","S/D","Colisión","S/D","S/D","S/D","S/D"
2014,2191,27/03/2014,"Jueves",0,14:50:00,,"0.0",1,"Moto/Ciclomotor","San Martin Y Almte. Brown",1,1,0,0,0,0,0,,"Calle",,"CAÑADA DE GÓMEZ","Iriondo","Asfalto","No existe","X","Dentro","Urbana","Ninguna","No existe","Recta","Deteriorada","Buena","Diurna","Lluvia","S/D","S/D","Caída ocupante","Agua","Faltante","Ninguna","Sin restricción"
2014,2192,13/03/2014,"Jueves",0,12:10:00,,"0.0",2,"Moto/Ciclomotor,Camión","Angel Cassanello Y Av Gral Paz",2,1,0,0,1,0,0,,"Avenida",,"SANTA FE","La Capital","Asfalto","S/D","I","S/D","Urbana","S/D","S/D","Intersección","Bueno","Buena","Diurna","S/D","Frontal","S/D","Colisión","Ninguna","S/D","S/D","Sin restricción"
2014,2193,13/03/2014,"Jueves",0,12:00:00,,"0.0",2,"Taxi/Remis,Automóvil","Rodriguez Y Montevideo",2,1,0,0,1,0,0,,"Calle",,"ROSARIO","Rosario","Asfalto","S/D","II","Dentro","Urbana","S/D","S/D","Intersección","S/D","S/D","Diurna","S/D","S/D","S/D","Colisión","S/D","S/D","S/D","S/D"
2014,2194,11/03/2014,"Martes",0,10:45:00,,"0.0",2,"Moto/Ciclomotor,Automóvil","Pedro Diaz Colodrero Y Alvear",2,1,0,0,1,0,0,,"Calle",,"SANTA FE","La Capital","Asfalto","No existe","I","Dentro","Urbana","Ninguna","No existe","Intersección","Bueno","Buena","Diurna","Buen Tiempo","Frontal","S/D","Colisión","Ninguna","Vertical","Ninguna","Sin restricción"
2014,2195,13/03/2014,"Jueves",0,22:10:00,,"0.0",2,"Automóvil,Moto/Ciclomotor","Av. Francia 700",2,1,0,0,1,0,0,,"Calle",,"ROSARIO","Rosario","Asfalto","S/D","II","Dentro","Urbana","S/D","S/D","Recta","S/D","S/D","Nocturna","S/D","S/D","S/D","Colisión","S/D","S/D","S/D","S/D"
2014,2196,11/03/2014,"Martes",0,10:50:00,,"0.0",2,"Moto/Ciclomotor,Automóvil","Vera Mujica Y San Luis",2,1,0,0,1,0,0,,"Calle",,"ROSARIO","Rosario","Asfalto","S/D","II","S/D","Urbana","S/D","S/D","Intersección","S/D","S/D","Diurna","S/D","S/D","S/D","Colisión","S/D","S/D","S/D","S/D"
2014,2197,14/03/2014,"Viernes",0,12:00:00,,"0.0",2,"Automóvil,Automóvil","Pueyrredon Y 9 De Julio",2,1,0,0,1,0,0,,"Calle",,"ROSARIO","Rosario","Asfalto","S/D","II","Dentro","Urbana","S/D","S/D","Intersección","S/D","S/D","Diurna","S/D","S/D","S/D","Colisión","S/D","S/D","S/D","S/D"
2014,2198,13/03/2014,"Jueves",0,16:00:00,,"0.0",2,"Automóvil,Moto/Ciclomotor","Necochea Y Padilla",2,0,1,0,0,0,1,,"S/D",,"SANTA FE","La Capital","Asfalto","Pavimento","I","S/D","Urbana","Ninguna","No existe","Recta","Bueno","Buena","Atardecer","Buen Tiempo","Lateral","S/D","Colisión","Ninguna","Horizontal","Ninguna","Sin restricción"
2014,2199,05/03/2014,"Miercoles",0,10:50:00,,"0.0",2,"Moto/Ciclomotor,Automóvil","Montevideo Y Santiago",2,1,0,0,1,0,0,,"Calle",,"ROSARIO","Rosario","Asfalto","S/D","II","Dentro","Urbana","S/D","S/D","Intersección","S/D","S/D","Diurna","S/D","S/D","S/D","Colisión","S/D","S/D","S/D","S/D"
2014,2200,07/03/2014,"Viernes",0,10:45:00,,"0.0",2,"Automóvil,Moto/Ciclomotor","San Luis 2700",3,2,0,0,1,0,0,,"Calle",,"ROSARIO","Rosario","Asfalto","S/D","II","Dentro","Urbana","S/D","S/D","Recta","S/D","S/D","Diurna","S/D","S/D","S/D","Colisión","S/D","S/D","S/D","S/D"
2014,2201,22/03/2014,"Sabado",0,13:40:00,,"0.0",2,"Moto/Ciclomotor,Pickup/Utilitario","España Y Jorge Newbery",2,1,0,0,1,0,0,,"Calle",,"CAÑADA DE GÓMEZ","Iriondo","Asfalto","No existe","X","Dentro","Urbana","Ninguna","No existe","Intersección","Con baches,Deteriorada,Ahuellamiento","Buena","Diurna","Buen Tiempo","Frontal","S/D","Colisión","S/D","Faltante","Ninguna","Sin restricción"
2014,2202,14/03/2014,"Viernes",0,14:55:00,,"0.0",2,"Automóvil,Otros","Av. Pellegrini Y Av. Corrientes",3,2,0,0,1,0,0,,"Avenida",,"ROSARIO","Rosario","Asfalto","S/D","II","Dentro","Urbana","Semáforo","Funciona","Intersección","Bueno","Buena","Diurna","Buen Tiempo","Lateral","S/D","Colisión","S/D","Vertical","Cordón divisorio","Sin restricción"
2014,2203,03/03/2014,"Lunes",0,15:35:00,,"0.0",2,"Pickup/Utilitario,Moto/Ciclomotor","3 De Febrero Y Rodriguez",2,1,0,0,1,0,0,,"Calle",,"ROSARIO","Rosario","Asfalto","S/D","II","Dentro","Urbana","S/D","S/D","Intersección","S/D","S/D","Diurna","S/D","S/D","S/D","Colisión","S/D","S/D","S/D","S/D"