"anio_acci","nro_acci","fecha","desc_dia","fecha_aprox","hora_aprox","desc_ruta","km","cant_participantes","desc_participante","calle_avenida_km","total","heridos_leves","heridos_graves","heridos_gravisimos","ilesos","fallecidos","sin_datos","posicion_XY","desc_tipo_via","desc_ruta_ori","desc_loc","desc_dpto","desc_tipo_calzada","desc_tipo_banquina","desc_unidad_regional","desc_lugar_calzada","desc_zona","desc_prioridad","desc_estado_semaforo","desc_lugar_via","desc_estado_via","desc_estado_visibilidad","desc_luminosidad","desc_estado_clima","desc_tipo_colision","desc_tipo_atropello","desc_tipo_hecho","desc_pres_calzada","desc_senializacion","desc_separacion_via","desc_restriccion"
2014,2204,10/03/2014,"Lunes",0,19:10:00,,"0.0",2,"Automóvil,Automóvil","Alvear Y Pedro Ferre",2,2,0,0,0,0,0,,"S/D",,"SANTA FE","La Capital","Asfalto","Pavimento","I","S/D","S/D","Ninguna","No existe","Intersección","Bueno","Buena","Diurna","Buen Tiempo","S/D","S/D","S/D","Ninguna","Vertical","Ninguna","Sin restricción"
2014,2205,14/03/2014,"Viernes",0,19:00:00,,"0.0",2,"Pickup/Utilitario,Moto/Ciclomotor","Montevideo Y Constitucion",3,1,0,0,2,0,0,,"Calle",,"ROSARIO","Rosario","Asfalto","S/D","II","Dentro","Urbana","S/D","S/D","Intersección","S/D","S/D","Diurna","S/D","S/D","S/D","Colisión","S/D","S/D","S/D","S/D"
2014,2206,07/03/2014,"Viernes",0,08:15:00,,"0.0",2,"Camión,Moto/Ciclomotor","Mendoza Y Carriego",2,0,1,0,1,0,0,,"Calle",,"ROSARIO","Rosario","Asfalto","S/D","II","Dentro","Urbana","S/D","S/D","Intersección","S/D","S/D","Diurna","S/D","S/D","S/D","Colisión","S/D","S/D","S/D","S/D"
2014,2207,08/03/2014,"Sabado",0,09:15:00,,"0.0",2,"Moto/Ciclomotor,Pickup/Utilitario","Alvear Y Llerena",2,0,1,0,1,0,0,,"Avenida",,"SANTA FE","La Capital","Asfalto","No existe","I","Dentro","Urbana","Ninguna","No existe","Intersección","Bueno","Buena","Diurna","Buen Tiempo","Frontal","S/D","Colisión","Ninguna","Vertical","Ninguna","Sin restricción"
2014,2208,15/03/2014,"Sabado",0,06:50:00,,"0.0",2,"Moto/Ciclomotor,Taxi/Remis","Mendoza Y Lima",2,1,0,0,1,0,0,,"Calle",,"ROSARIO","Rosario","Asfalto","S/D","II","Dentro","Urbana","S/D","S/D","Intersección","S/D","S/D","Diurna","S/D","S/D","S/D","Colisión","S/D","S/D","S/D","S/D"
2014,2209,22/03/2014,"Sabado",0,12:45:00,"Ruta Nacional 9","0.0",2,"Moto/Ciclomotor,Automóvil","Pellegrini ",2,1,0,0,1,0,0,,"Ruta",9,"CAÑADA DE GÓMEZ","Iriondo","Asfalto","Ripio","X","Dentro","Urbana","Ninguna","No existe","Cruce","Con baches,Deteriorada,Ahuellamiento","Reducida p/ objetos","Diurna","Buen Tiempo","Lateral","S/D","Colisión","S/D","Faltante","Línea divisoria pintada","Sin restricción"
2014,2210,08/03/2014,"Sabado",0,08:30:00,,"0.0",2,"Moto/Ciclomotor,Automóvil","Montevideo Y Rio De Janeiro",2,1,0,0,1,0,0,,"Calle",,"ROSARIO","Rosario","Asfalto","S/D","II","Dentro","Urbana","S/D","S/D","Intersección","S/D","S/D","Diurna","S/D","S/D","S/D","Colisión","S/D","S/D","S/D","S/D"
2014,2211,21/03/2014,"Viernes",0,20:00:00,,"0.0",2,"Taxi/Remis,Pickup/Utilitario","Santa Fe Y Balcarce",3,1,0,0,2,0,0,,"Calle",,"ROSARIO","Rosario","Asfalto","S/D","II","Dentro","Urbana","Semáforo","Funciona","Intersección","Bueno","Buena","Nocturna,Con luz artificial","Buen Tiempo","Lateral","S/D","Colisión","S/D","Vertical","S/D","Sin restricción"
2014,2212,22/03/2014,"Sabado",0,08:00:00,,"0.0",1,"Automóvil","Pellegrini 600",1,1,0,0,0,0,0,,"Calle",,"CAÑADA DE GÓMEZ","Iriondo","Asfalto","No existe","X","Dentro","Urbana","Ninguna","No existe","Recta","Deteriorada","Buena","Diurna","Buen Tiempo","Contra objeto fijo","S/D","Colisión","S/D","Faltante","Cordón divisorio","Sin restricción"
2014,2213,08/03/2014,"Sabado",0,00:40:00,,"0.0",2,"Automóvil,Moto/Ciclomotor","Lavaisse Y J M Zuviria",2,1,0,0,0,0,1,,"Calle",,"SANTA FE","La Capital","Asfalto","Pavimento","I","S/D","Urbana","S/D","No existe","Curva","Bueno","Buena","Nocturna","Buen Tiempo","S/D","S/D","Colisión","Ninguna","Horizontal","Ninguna","S/D"
2014,2214,10/03/2014,"Lunes",0,09:55:00,,"0.0",2,"Automóvil,Camión","Mendoza Y Crespo",2,1,0,0,1,0,0,,"Calle",,"ROSARIO","Rosario","Asfalto","S/D","II","Dentro","Urbana","S/D","S/D","Intersección","S/D","S/D","Diurna","S/D","S/D","S/D","Colisión","S/D","S/D","S/D","S/D"
2014,2215,04/03/2014,"Martes",0,13:50:00,,"0.0",2,"Moto/Ciclomotor,Moto/Ciclomotor","Av Facundo Zuviria Y Martin Zapata",3,0,0,0,0,0,3,,"Calle",,"SANTA FE","La Capital","S/D","S/D","I","S/D","Urbana","S/D","S/D","Intersección","S/D","S/D","Diurna","S/D","S/D","S/D","S/D","S/D","S/D","S/D","S/D"
2014,2216,15/03/2014,"Sabado",0,19:40:00,,"0.0",2,"Moto/Ciclomotor,Automóvil","Italia Y San Luis",2,1,0,0,1,0,0,,"Calle",,"ROSARIO","Rosario","Asfalto","S/D","II","Dentro","Urbana","Ninguna","No existe","Recta","Bueno","Buena","Diurna","Buen Tiempo","Frontal","S/D","Colisión","S/D","Faltante","S/D","Sin restricción"
2014,2217,01/03/2014,"Sabado",0,09:30:00,,"0.0",2,"Bicicleta,Automóvil","Pagani Y Lavalle",2,1,0,0,1,0,0,,"Calle",,"CAÑADA DE GÓMEZ","Iriondo","Asfalto","No existe","X","Dentro","Urbana","Ninguna","No existe","Recta","Deteriorada","Buena","Diurna","Buen Tiempo","S/D","S/D","Atropello","S/D","Faltante","Ninguna","Sin restricción"
2014,2218,31/03/2014,"Lunes",0,12:00:00,,"0.0",2,"Moto/Ciclomotor,Automóvil","Av A del Valle Y J Castelli",2,1,0,0,1,0,0,,"Avenida",,"SANTA FE","La Capital","S/D","S/D","I","S/D","Urbana","Semáforo","Funciona","Intersección","Bueno","Buena","Diurna","S/D","Frontal","S/D","Colisión","Ninguna","Vertical","S/D","S/D"
2014,2219,10/03/2014,"Lunes",0,22:00:00,,"0.0",2,"Automóvil,Pickup/Utilitario","Montevideo Y Pascual Rosas",2,1,0,0,1,0,0,,"Calle",,"ROSARIO","Rosario","Asfalto","S/D","II","Dentro","Urbana","S/D","S/D","Intersección","S/D","S/D","Nocturna","S/D","S/D","S/D","Colisión","S/D","S/D","S/D","S/D"
2014,2220,24/03/2014,"Lunes",0,19:00:00,,"0.0",2,"Taxi/Remis,Automóvil","Entre Rios 1200",2,1,0,0,1,0,0,,"Calle",,"ROSARIO","Rosario","Asfalto","No existe","II","Dentro","Urbana","Ninguna","No existe","Recta","Bueno","Buena","Atardecer,Con luz artificial","Buen Tiempo","Frontal","S/D","Colisión","S/D","Faltante","S/D","Sin restricción"
2014,2221,15/03/2014,"Sabado",0,20:25:00,,"0.0",2,"Automóvil,Moto/Ciclomotor","Castellanos Y Marcos Paz",2,1,0,0,1,0,0,,"Calle",,"ROSARIO","Rosario","Asfalto","S/D","II","Dentro","Urbana","S/D","S/D","Intersección","S/D","S/D","Atardecer","S/D","S/D","S/D","Colisión","S/D","S/D","S/D","S/D"
2014,2222,10/03/2014,"Lunes",0,,,"0.0",2,"Pickup/Utilitario,Moto/Ciclomotor","E.Zeballos Y Rodriguez",2,1,0,0,1,0,0,,"Calle",,"ROSARIO","Rosario","Asfalto","S/D","II","Dentro","Urbana","S/D","S/D","Intersección","S/D","S/D","S/D","S/D","S/D","S/D","Colisión","S/D","S/D","S/D","S/D"
2014,2223,26/03/2014,"Miercoles",0,20:10:00,,"0.0",2,"Automóvil,Moto/Ciclomotor","Av A del Valle Y J Castelli",2,1,0,0,1,0,0,,"Avenida",,"SANTA FE","La Capital","Asfalto","No existe","I","Dentro","Urbana","Semáforo","Funciona","Intersección","Bueno","Buena","Nocturna","Buen Tiempo","Frontal","S/D","Colisión","Ninguna","Vertical","Ninguna","Sin restricción"
2014,2224,15/03/2014,"Sabado",0,15:30:00,,"0.0",2,"Bicicleta,Automóvil","Bv. Oroño 1000",2,1,0,0,1,0,0,,"Avenida",,"ROSARIO","Rosario","Asfalto","S/D","II","Dentro","Urbana","Ninguna","S/D","Recta","Bueno","Buena","Diurna","Buen Tiempo","S/D","S/D","Atropello","S/D","Faltante","S/D","Sin restricción"
2014,2225,29/03/2014,"Sabado",0,16:00:00,"Ruta Secundaria 26-s","4.5",1,"Moto/Ciclomotor"," ",1,0,1,0,0,0,0,,"Ruta","26-s","ANDINO","Iriondo","Asfalto","Natural","X","Dentro","Urbana","Ninguna","No existe","Recta","Con baches","Buena","Diurna","Buen Tiempo","S/D","S/D","Caída ocupante","S/D","Horizontal","Ninguna","Sin restricción"
2014,2226,28/03/2014,"Viernes",0,01:00:00,,"0.0",2,"Peatón,Taxi/Remis","J M Zuviria 1369",2,1,0,0,1,0,0,"-31.620166666667,-60.684472222222","Calle",,"SANTA FE","La Capital","Asfalto","S/D","I","S/D","Urbana","S/D","S/D","Recta","Bueno","S/D","Nocturna","S/D","S/D","S/D","Atropello","S/D","S/D","S/D","S/D"
2014,2227,23/03/2014,"Domingo",0,06:00:00,,"0.0",2,"Peatón,Automóvil","Pte.Roca 700",2,1,0,0,1,0,0,,"Calle",,"ROSARIO","Rosario","Asfalto","No existe","II","Dentro","Urbana","Ninguna","No existe","Recta","Bueno","Buena","Diurna","Buen Tiempo","S/D","S/D","Atropello","S/D","Faltante","S/D","Sin restricción"
2014,2228,19/02/2014,"Miercoles",0,21:00:00,,"0.0",2,"Peatón,Moto/Ciclomotor","Suipacha Y San Juan",2,1,0,0,1,0,0,,"S/D",,"ROSARIO","Rosario","Asfalto","S/D","II","Dentro","Urbana","S/D","S/D","Intersección","S/D","S/D","S/D","S/D","S/D","S/D","Atropello","S/D","S/D","Cordón divisorio","S/D"
2014,2229,23/03/2014,"Domingo",0,12:55:00,,"0.0",2,"Automóvil,Automóvil","Mendoza 2000",2,1,0,0,1,0,0,,"Calle",,"ROSARIO","Rosario","Asfalto","No existe","II","Dentro","Urbana","Ninguna","No existe","Recta","Bueno","Buena","Diurna","Buen Tiempo","S/D","S/D","Colisión","S/D","Faltante","S/D","Sin restricción"
2014,2230,10/03/2014,"Lunes",0,08:20:00,,"0.0",2,"Moto/Ciclomotor,Peatón","Los Nogales 2600",2,1,0,0,1,0,0,"-31.572444444444,-60.68575","Calle",,"SANTA FE","La Capital","Asfalto","No existe","I","Dentro","Urbana","Ninguna","No existe","Recta","Con baches","Buena","Diurna","Buen Tiempo","S/D","S/D","Atropello","Ninguna","Faltante","Ninguna","Sin restricción"
2014,2231,20/03/2014,"Jueves",0,12:15:00,,"0.0",2,"Moto/Ciclomotor,Automóvil","Montevideo Y Santiago",2,1,0,0,1,0,0,,"Calle",,"ROSARIO","Rosario","Asfalto","S/D","II","Dentro","Urbana","S/D","S/D","Intersección","S/D","S/D","Diurna","S/D","S/D","S/D","Colisión","S/D","S/D","S/D","S/D"
2014,2232,20/03/2014,"Jueves",1,07:00:00,,"0.0",2,"Moto/Ciclomotor,Bicicleta","Montevideo 4200",2,1,0,0,1,0,0,,"Calle",,"ROSARIO","Rosario","Asfalto","S/D","II","Dentro","Urbana","S/D","S/D","Recta","S/D","S/D","Diurna","S/D","S/D","S/D","Atropello","S/D","S/D","S/D","S/D"
2014,2233,22/03/2014,"Sabado",0,11:30:00,,"0.0",2,"Automóvil,Automóvil","Bv. Avellaneda Y San Luis",3,2,0,0,1,0,0,,"Calle",,"ROSARIO","Rosario","Asfalto","S/D","II","Dentro","Urbana","S/D","S/D","Intersección","S/D","S/D","Diurna","S/D","S/D","S/D","Colisión","S/D","S/D","S/D","S/D"
2014,2234,08/03/2014,"Sabado",0,01:45:00,,"0.0",2,"Automóvil,Peatón","French Y Necochea",2,1,0,0,1,0,0,"-31.594583333333,-60.681805555556","Calle",,"SANTA FE","La Capital","Asfalto","No existe","I","Dentro","Urbana","Ninguna","No existe","Intersección","Bueno","Reducida","Nocturna,Con luz artificial","Buen Tiempo","S/D","S/D","Atropello","Ninguna","Faltante","Ninguna","Sin restricción"
2014,2235,22/03/2014,"Sabado",0,11:30:00,,"0.0",2,"Moto/Ciclomotor,Moto/Ciclomotor","Callao Y Cordoba",2,2,0,0,0,0,0,,"Calle",,"ROSARIO","Rosario","Asfalto","S/D","II","Dentro","Urbana","S/D","S/D","Intersección","S/D","S/D","Diurna","S/D","S/D","S/D","Colisión","S/D","S/D","S/D","S/D"
2014,2236,27/03/2014,"Jueves",0,,,"0.0",2,"Automóvil,Moto/Ciclomotor","Av A del Valle Y Aras General Belgrano",2,1,0,0,1,0,0,,"Avenida",,"SANTA FE","La Capital","Asfalto","Natural","I","Dentro","Urbana","Ninguna","No existe","Cruce","Bueno","Buena","Nocturna,Con luz artificial","Buen Tiempo","Frontal","S/D","Colisión","Ninguna","Faltante","Cordón divisorio","Sin restricción"
2014,2237,05/03/2014,"Miercoles",0,12:20:00,,"0.0",1,"Moto/Ciclomotor","Belgrano Y Almte. Brown",1,1,0,0,0,0,0,,"Calle",,"CAÑADA DE GÓMEZ","Iriondo","Asfalto","No existe","X","Dentro","Urbana","Ninguna","No existe","Recta","Bueno","Buena","Diurna","Lluvia","S/D","S/D","Caída ocupante","Agua","Faltante","Ninguna","Sin restricción"
2014,2238,19/03/2014,"Miercoles",0,07:10:00,"Ruta Nacional A012","0.0",1,"Automóvil"," ",1,1,0,0,0,0,0,,"Ruta","A012","RICARDONE","San Lorenzo","Asfalto","S/D","XVII","Dentro","Rural","S/D","S/D","Recta","Bueno","Buena","Diurna","Buen Tiempo","S/D","S/D","Vuelco","S/D","S/D","S/D","S/D"
2014,2239,24/03/2014,"Lunes",0,05:45:00,,"0.0",2,"Moto/Ciclomotor,Moto/Ciclomotor","Necochea Y Sarmiento",2,2,0,0,0,0,0,,"Calle",,"CAÑADA DE GÓMEZ","Iriondo","Asfalto","No existe","X","Dentro","Urbana","Ninguna","No existe","Intersección","Bueno","Buena","Nocturna,Con luz artificial","Buen Tiempo","Frontal","S/D","Colisión","S/D","Faltante","Ninguna","Sin restricción"
2014,2240,23/03/2014,"Domingo",0,19:35:00,"Ruta Nacional 9","0.0",1,"Moto/Ciclomotor"," ",1,1,0,0,0,0,0,,"Ruta",9,"CAÑADA DE GÓMEZ","Iriondo","Hormigón","Natural","X","Fuera","Rural","Señal Ceda el Paso","No existe","Cruce","Bueno","Buena","Nocturna,Con luz artificial","Buen Tiempo","S/D","S/D","Despiste","S/D","Vertical","Cordón divisorio","Sin restricción"
2014,2241,07/03/2014,"Viernes",0,22:10:00,,"0.0",2,"Moto/Ciclomotor,Automóvil","Salvador del Carril Y Regis Martinez",2,0,1,0,0,0,1,,"Calle",,"SANTA FE","La Capital","Asfalto","Pavimento","I","S/D","Urbana","Ninguna","No existe","Intersección","Bueno","Buena","Nocturna","Buen Tiempo","S/D","S/D","S/D","S/D","Vertical","Ninguna","Sin restricción"
2014,2242,20/03/2014,"Jueves",0,12:50:00,,"0.0",2,"Moto/Ciclomotor,Pickup/Utilitario","Bv Centenario B Y Hipolito Irigoyen",2,1,0,0,1,0,0,,"Calle",,"CAÑADA DE GÓMEZ","Iriondo","Asfalto","No existe","X","Dentro","Urbana","Ninguna","No existe","Intersección","Deteriorada","Buena","Diurna","Buen Tiempo","Frontal","S/D","Colisión","S/D","Faltante","Cordón divisorio","Sin restricción"
2014,2243,23/03/2014,"Domingo",0,12:55:00,,"0.0",2,"Automóvil,Automóvil","Santa Fe Y Mariano Moreno",7,6,0,0,1,0,0,,"Calle",,"ROSARIO","Rosario","Asfalto","S/D","II","Dentro","Urbana","Semáforo","Funciona","Intersección","Bueno","Buena","Diurna","Buen Tiempo","Lateral","S/D","Colisión","S/D","Vertical","S/D","Sin restricción"
2014,2244,13/03/2014,"Jueves",0,00:15:00,,"0.0",2,"Moto/Ciclomotor,Automóvil","Belgrano Y Lavaisse",3,2,0,0,1,0,0,,"Calle",,"SANTA FE","La Capital","Asfalto","S/D","I","Dentro","Urbana","Ninguna","No existe","Intersección","Bueno","S/D","Nocturna","Buen Tiempo","Frontal","S/D","Colisión","Ninguna","S/D","S/D","Sin restricción"
2014,2245,12/03/2014,"Miercoles",0,12:10:00,,"0.0",2,"Moto/Ciclomotor,Otros","Av. Pellegrini Y Bv. Avellaneda",2,1,0,0,0,0,1,,"Avenida",,"ROSARIO","Rosario","Asfalto","S/D","II","Dentro","Urbana","S/D","S/D","Intersección","S/D","S/D","Diurna","S/D","S/D","S/D","Colisión","S/D","S/D","S/D","S/D"
2014,2246,08/03/2014,"Sabado",0,23:00:00,,"0.0",2,"Moto/Ciclomotor,Pickup/Utilitario","Rioja Y Balcarce",3,2,0,0,1,0,0,,"Calle",,"ROSARIO","Rosario","Asfalto","S/D","II","Dentro","Urbana","Ninguna","S/D","Intersección","Bueno","Buena","Nocturna,Con luz artificial","Buen Tiempo","Lateral","S/D","Colisión","S/D","S/D","S/D","Sin restricción"
2014,2247,03/03/2014,"Lunes",0,12:30:00,,"0.0",2,"Bicicleta,Automóvil","Bv. Avellaneda Y Cordoba",2,1,0,0,1,0,0,,"Calle",,"ROSARIO","Rosario","Asfalto","S/D","II","Dentro","Urbana","S/D","S/D","Intersección","S/D","S/D","S/D","S/D","S/D","S/D","Atropello","S/D","S/D","S/D","S/D"
2014,2248,07/03/2014,"Viernes",0,17:00:00,,"0.0",2,"Moto/Ciclomotor,Automóvil","3 De Febrero Y Pueyrredon",2,1,0,0,1,0,0,,"Calle",,"ROSARIO","Rosario","Asfalto","S/D","II","Dentro","Urbana","S/D","S/D","Intersección","S/D","S/D","Diurna","S/D","S/D","S/D","Colisión","S/D","S/D","S/D","S/D"
2014,2249,24/03/2014,"Lunes",0,03:40:00,,"0.0",2,"Taxi/Remis,Automóvil","Mendoza Y Cafferata",4,3,0,0,1,0,0,,"Calle",,"ROSARIO","Rosario","Asfalto","S/D","II","Dentro","Urbana","S/D","S/D","Intersección","S/D","S/D","Nocturna","S/D","S/D","S/D","Colisión","S/D","S/D","S/D","S/D"
2014,2250,24/03/2014,"Lunes",0,21:15:00,,"0.0",2,"Automóvil,Moto/Ciclomotor","9 De Julio Y Bv. Avellaneda",2,1,0,0,1,0,0,,"Calle",,"ROSARIO","Rosario","Asfalto","S/D","II","Dentro","Urbana","S/D","S/D","Intersección","S/D","S/D","S/D","S/D","S/D","S/D","Colisión","S/D","S/D","S/D","S/D"
2014,2251,07/03/2014,"Viernes",0,17:45:00,,"0.0",2,"Bicicleta,Pickup/Utilitario","Pascual Rosas 800",2,1,0,0,1,0,0,,"Calle",,"ROSARIO","Rosario","Asfalto","S/D","II","S/D","S/D","S/D","S/D","Recta","S/D","S/D","Diurna","S/D","S/D","S/D","Atropello","S/D","S/D","S/D","S/D"
2014,2252,12/03/2014,"Miercoles",0,13:30:00,,"0.0",2,"Moto/Ciclomotor,Peatón","Av Gral Paz Y Pedro Ferre",3,1,0,0,2,0,0,"-31.628277777778,-60.691555555556","Avenida",,"SANTA FE","La Capital","Asfalto","S/D","I","S/D","Urbana","S/D","S/D","Recta","Bueno","Buena","Nocturna","Buen Tiempo","Frontal","S/D","Colisión","Ninguna","S/D","S/D","S/D"
2014,2253,24/03/2014,"Lunes",0,20:30:00,,"0.0",2,"Automóvil,Automóvil","Av. Pellegrini Y Rio De Janeiro",3,2,0,0,1,0,0,,"Calle",,"ROSARIO","Rosario","Asfalto","S/D","II","Dentro","Urbana","S/D","S/D","Intersección","S/D","S/D","S/D","S/D","S/D","S/D","Colisión","S/D","S/D","S/D","S/D"
2014,2254,01/03/2014,"Sabado",1,17:00:00,,"0.0",2,"Automóvil,Pickup/Utilitario","San Luis Y Pascual Rosas",2,1,0,0,1,0,0,,"Calle",,"ROSARIO","Rosario","Asfalto","S/D","II","Dentro","Urbana","S/D","S/D","Intersección","S/D","S/D","Diurna","S/D","S/D","S/D","Colisión","S/D","S/D","S/D","S/D"
2014,2255,17/03/2014,"Lunes",0,10:30:00,,"0.0",2,"Taxi/Remis,Automóvil","San Juan 4800",5,3,0,0,2,0,0,,"Calle",,"ROSARIO","Rosario","Asfalto","S/D","II","Dentro","Urbana","S/D","S/D","Intersección","S/D","S/D","Diurna","S/D","S/D","S/D","Colisión","S/D","S/D","S/D","S/D"
2014,2256,16/03/2014,"Domingo",0,,,"0.0",1,"Moto/Ciclomotor","Pascual Rosas Y Av. Pellegrini",2,2,0,0,0,0,0,,"Calle",,"ROSARIO","Rosario","Asfalto","S/D","II","Dentro","Urbana","S/D","S/D","Intersección","S/D","S/D","S/D","S/D","S/D","S/D","Caída ocupante","S/D","S/D","S/D","S/D"
2014,2257,11/03/2014,"Martes",0,11:45:00,,"0.0",2,"Automóvil,Moto/Ciclomotor","Rioja Y Av. Ovidio Lagos",2,1,0,0,1,0,0,,"Calle",,"ROSARIO","Rosario","Asfalto","S/D","II","Dentro","Urbana","S/D","S/D","Intersección","S/D","S/D","Diurna","S/D","S/D","S/D","Colisión","S/D","S/D","S/D","S/D"
2014,2258,15/03/2014,"Sabado",0,18:40:00,,"0.0",2,"Moto/Ciclomotor,Automóvil","Mitre Y A. Capdevila",2,0,1,0,1,0,0,,"Calle",,"CAÑADA DE GÓMEZ","Iriondo","Asfalto","No existe","X","Dentro","Urbana","Ninguna","No existe","Recta","Bueno","Buena","Atardecer","Buen Tiempo","Lateral","S/D","Colisión","S/D","Faltante","Ninguna","Sin restricción"
2014,2259,17/03/2014,"Lunes",0,14:00:00,,"0.0",2,"Automóvil,Pickup/Utilitario","Av. Ovidio Lagos Y Av. Pellegrini",2,1,0,0,1,0,0,,"Calle",,"ROSARIO","Rosario","Asfalto","S/D","II","Dentro","Urbana","S/D","S/D","Intersección","S/D","S/D","Diurna","S/D","S/D","S/D","Colisión","S/D","S/D","S/D","S/D"
2014,2260,17/03/2014,"Lunes",0,,,"0.0",2,"Automóvil,Transporte de Pasajeros Urbano (> 8 asientos)","Constitucion Y Santa Fe",5,3,0,0,2,0,0,,"Calle",,"ROSARIO","Rosario","S/D","S/D","II","Dentro","Urbana","S/D","S/D","Intersección","S/D","S/D","S/D","S/D","S/D","S/D","Colisión","S/D","S/D","S/D","S/D"
2014,2261,08/03/2014,"Sabado",0,10:00:00,,"0.0",2,"Peatón,Taxi/Remis","E.Zeballos Y Mitre",2,1,0,0,1,0,0,,"Calle",,"ROSARIO","Rosario","Asfalto","S/D","II","Dentro","Urbana","Marca Vial","No existe","Intersección","Bueno","Buena","Diurna","Buen Tiempo","S/D","S/D","Atropello","S/D","Faltante","S/D","Sin restricción"
2014,2262,15/03/2014,"Sabado",0,17:00:00,"Ruta Nacional 9","0.0",2,"Moto/Ciclomotor,Pickup/Utilitario"," ",2,1,0,0,1,0,0,,"Ruta",9,"CAÑADA DE GÓMEZ","Iriondo","Ripio","No existe","X","Dentro","Urbana","Ninguna","No existe","Intersección","Deteriorada","Buena","Diurna","Buen Tiempo","Frontal","S/D","Colisión","S/D","Faltante","Ninguna","Sin restricción"
2014,2263,10/03/2014,"Lunes",0,,,"0.0",2,"Automóvil,Moto/Ciclomotor","Cafferata Y Av. Pellegrini",2,1,0,0,1,0,0,,"Calle",,"ROSARIO","Rosario","Asfalto","S/D","II","Dentro","Urbana","S/D","S/D","Intersección","S/D","S/D","S/D","S/D","S/D","S/D","Colisión","S/D","S/D","S/D","S/D"
2014,2264,17/03/2014,"Lunes",0,22:50:00,,"0.0",2,"Automóvil,Automóvil","Av. Ovidio Lagos Y 9 De Julio",2,2,0,0,0,0,0,,"Calle",,"ROSARIO","Rosario","Asfalto","S/D","II","Dentro","Urbana","S/D","S/D","Intersección","S/D","S/D","Nocturna","S/D","S/D","S/D","Colisión","S/D","S/D","S/D","S/D"
2014,2265,14/03/2014,"Viernes",0,11:30:00,,"0.0",2,"Bicicleta,Pickup/Utilitario","Bv Centenario B Y Ayacucho",2,1,0,0,1,0,0,,"Calle",,"CAÑADA DE GÓMEZ","Iriondo","Asfalto","No existe","X","Dentro","Urbana","Ninguna","No existe","Intersección","Deteriorada","Reducida","Diurna","Lluvia","S/D","S/D","Atropello","Agua","Faltante","Ninguna","Sin restricción"
2014,2266,10/03/2014,"Lunes",0,,,"0.0",2,"Camión,Moto/Ciclomotor","Cafferata Y Montevideo",3,1,0,0,2,0,0,,"Calle",,"ROSARIO","Rosario","Asfalto","S/D","II","Dentro","Urbana","S/D","S/D","Intersección","S/D","S/D","S/D","S/D","S/D","S/D","Colisión","S/D","S/D","S/D","S/D"
2014,2267,12/03/2014,"Miercoles",0,18:15:00,,"0.0",2,"Peatón,Moto/Ciclomotor","Bernardo de Irigoyen Y Ballesteros",4,2,0,0,2,0,0,,"Calle",,"CAÑADA DE GÓMEZ","Iriondo","Asfalto","No existe","X","Dentro","Urbana","Ninguna","No existe","Recta","Bueno","Buena","Atardecer","Buen Tiempo","S/D","S/D","Atropello","S/D","Faltante","Ninguna","Sin restricción"
2014,2268,12/03/2014,"Miercoles",0,07:00:00,,"0.0",2,"Moto/Ciclomotor,Pickup/Utilitario","Laprida Y Ballesteros",2,1,0,0,1,0,0,,"Calle",,"CAÑADA DE GÓMEZ","Iriondo","Asfalto","No existe","X","Dentro","Urbana","Ninguna","No existe","Intersección","Deteriorada","Buena","Diurna","Buen Tiempo","Frontal","S/D","Colisión","S/D","Faltante","Ninguna","Sin restricción"
2014,2269,22/03/2014,"Sabado",0,13:00:00,,"0.0",2,"Transporte de Pasajeros Urbano (> 8 asientos),Moto/Ciclomotor","9 De Julio Y Entre Rios",2,0,0,1,1,0,0,,"Avenida",,"ROSARIO","Rosario","Asfalto","S/D","II","Dentro","Urbana","Ninguna","No existe","Recta","Bueno","Buena","Diurna","Buen Tiempo","Frontal","S/D","Colisión","S/D","Faltante","S/D","Sin restricción"
2014,2270,21/03/2014,"Viernes",0,18:00:00,,"0.0",2,"Moto/Ciclomotor,Automóvil","Larrea Y Rivarola",2,2,0,0,0,0,0,,"Calle",,"ROSARIO","Rosario","Asfalto,Hormigón","No existe","II","S/D","Urbana","Ninguna","No existe","Intersección","Con baches","Buena","Diurna","Buen Tiempo","Lateral","S/D","Colisión","S/D","S/D","S/D","Sin restricción"
2014,2271,21/03/2014,"Viernes",0,07:40:00,,"0.0",2,"Automóvil,Moto/Ciclomotor","Fraga Y San Lorenzo",2,0,1,0,1,0,0,,"Calle",,"ROSARIO","Rosario","Asfalto","No existe","II","Dentro","Urbana","Ninguna","No existe","Intersección","Bueno","Buena","Diurna","Buen Tiempo","Lateral","S/D","Colisión","Ninguna","Horizontal","Ninguna","Sin restricción"
2014,2272,08/03/2014,"Sabado",0,22:00:00,,"0.0",2,"Automóvil,Moto/Ciclomotor","Av Gral Paz Y Agustin Delgado",3,1,1,0,1,0,0,,"Avenida",,"SANTA FE","La Capital","Asfalto","No existe","I","Dentro","Urbana","Ninguna","Funciona","Intersección","Bueno","Buena","Nocturna","Buen Tiempo","Frontal","S/D","Colisión","Ninguna","Vertical","Ninguna","Sin restricción"
2014,2273,27/03/2014,"Jueves",0,18:30:00,,"0.0",2,"Moto/Ciclomotor,Moto/Ciclomotor","C Ramseyer Y L de la Torre",7,4,0,0,3,0,0,,"Calle",,"ROMANG","San Javier","Asfalto","No existe","XIV","Dentro","Urbana","Ninguna","No existe","Intersección","Bueno","Buena","Diurna","Buen Tiempo","Lateral","S/D","Colisión","Otro","Faltante","Ninguna","Sin restricción"