"anio_acci","nro_acci","fecha","desc_dia","fecha_aprox","hora_aprox","desc_ruta","km","cant_participantes","desc_participante","calle_avenida_km","total","heridos_leves","heridos_graves","heridos_gravisimos","ilesos","fallecidos","sin_datos","posicion_XY","desc_tipo_via","desc_ruta_ori","desc_loc","desc_dpto","desc_tipo_calzada","desc_tipo_banquina","desc_unidad_regional","desc_lugar_calzada","desc_zona","desc_prioridad","desc_estado_semaforo","desc_lugar_via","desc_estado_via","desc_estado_visibilidad","desc_luminosidad","desc_estado_clima","desc_tipo_colision","desc_tipo_atropello","desc_tipo_hecho","desc_pres_calzada","desc_senializacion","desc_separacion_via","desc_restriccion"
2014,2274,24/03/2014,"Lunes",0,10:50:00,,"0.0",2,"Bicicleta,Pickup/Utilitario","Av. Provincias Unidas Y Rueda",2,1,0,0,0,0,1,,"S/D",,"ROSARIO","Rosario","Asfalto,Hormigón","No existe","I","S/D","Urbana","Ninguna","No existe","Intersección","Bueno,Con baches","Buena","Diurna","Buen Tiempo","S/D","S/D","Atropello","S/D","S/D","S/D","Sin restricción"
2014,2275,11/03/2014,"Martes",0,09:45:00,,"0.0",2,"Automóvil,Automóvil","Av. Alberdi Bis Y Jose Ingenieros",3,1,0,0,2,0,0,,"Avenida",,"ROSARIO","Rosario","Asfalto","S/D","II","S/D","Urbana","S/D","S/D","Recta","Bueno","S/D","S/D","Buen Tiempo","De alcance","S/D","Colisión","S/D","S/D","S/D","S/D"
2014,2276,19/03/2014,"Miercoles",0,10:10:00,,"0.0",2,"Taxi/Remis,Peatón","Bolivia Y Marcos Paz",2,1,0,0,1,0,0,,"Calle",,"ROSARIO","Rosario","Asfalto","No existe","II","Dentro","Urbana","Ninguna","No existe","Intersección","Bueno","Buena","Diurna","Buen Tiempo","S/D","S/D","Atropello","Ninguna","Horizontal","Ninguna","Sin restricción"
2014,2277,28/03/2014,"Viernes",0,09:30:00,,"0.0",2,"Bicicleta,Automóvil","Bv. Segui Y Av. De Las Palmeras",2,1,0,0,0,0,1,,"S/D",,"ROSARIO","Rosario","Asfalto,Hormigón","No existe","II","S/D","Urbana","Ninguna","No existe","Intersección","Resbaladiza","Buena","Diurna","Buen Tiempo","S/D","S/D","Atropello","S/D","S/D","S/D","Sin restricción"
2014,2278,23/03/2014,"Domingo",0,21:00:00,"Ruta Nacional 11","0.0",2,"Otros,Otros","ACCCESO AL AEROPUERTO ",3,2,0,0,1,0,0,,"Ruta",11,"SAUCE VIEJO","La Capital","Asfalto","Pavimento","I","S/D","S/D","S/D","No existe","Intersección","Bueno","Buena","Nocturna","Buen Tiempo","Lateral","S/D","Colisión","Otro","Vertical","Línea divisoria pintada","Sin restricción"
2014,2279,16/03/2014,"Domingo",0,07:00:00,,"0.0",2,"Automóvil,Moto/Ciclomotor"," ",3,1,0,0,2,0,0,,"Calle",,"ROSARIO","Rosario","Asfalto","No existe","II","Dentro","Urbana","Ninguna","No existe","Intersección","Bueno","Buena","Amanecer","Buen Tiempo","Lateral","S/D","Colisión","Ninguna","Horizontal","Ninguna","Sin restricción"
2014,2280,07/03/2014,"Viernes",0,23:15:00,,"0.0",2,"Moto/Ciclomotor,Automóvil","Av. Genova Y J.V.Gonzalez Bis",2,1,0,0,1,0,0,,"S/D",,"ROSARIO","Rosario","Asfalto","S/D","II","S/D","Urbana","S/D","No existe","Recta","Bueno","Buena","Nocturna","Buen Tiempo","Lateral","S/D","Colisión","Ninguna","Vertical","S/D","S/D"
2014,2281,03/03/2014,"Lunes",0,10:30:00,,"0.0",2,"Automóvil,Moto/Ciclomotor","Av. Provincias Unidas Y Viamonte",2,2,0,0,0,0,0,,"Calle",,"ROSARIO","Rosario","Asfalto","No existe","II","S/D","Urbana","Ninguna","No existe","Intersección","Con baches","Buena","Diurna","Buen Tiempo","Lateral","S/D","Colisión","S/D","S/D","S/D","S/D"
2014,2282,10/03/2014,"Lunes",0,12:00:00,,"0.0",2,"Moto/Ciclomotor,Pickup/Utilitario","Cullen Y Fraga",2,2,0,0,0,0,0,,"Calle",,"ROSARIO","Rosario","Hormigón","No existe","II","S/D","Urbana","Ninguna","No existe","Intersección","Con baches","Buena","Diurna","Buen Tiempo","Lateral","S/D","Colisión","S/D","S/D","S/D","Sin restricción"
2014,2283,29/03/2014,"Sabado",0,16:25:00,,"0.0",2,"Bicicleta,Pickup/Utilitario","J.J.Paso Y Cullen",2,0,1,0,1,0,0,,"Calle",,"ROSARIO","Rosario","Asfalto","No existe","II","Dentro","Urbana","Semáforo","S/D","Intersección","Con baches","Buena","Diurna","Buen Tiempo","S/D","S/D","Atropello","Agua","Horizontal","Ninguna","Sin restricción"
2014,2284,01/03/2014,"Sabado",0,07:00:00,,"0.0",2,"Moto/Ciclomotor,Automóvil","Av. Provincias Unidas Y Montevideo",2,1,0,0,1,0,0,,"Avenida",,"ROSARIO","Rosario","Asfalto","No existe","II","Dentro","Urbana","Semáforo","Funciona","Intersección","Bueno","Buena","Diurna","Buen Tiempo","Lateral","S/D","Colisión","Ninguna","Vertical","Ninguna","Sin restricción"
2014,2285,16/03/2014,"Domingo",0,13:30:00,,"0.0",2,"Moto/Ciclomotor,Moto/Ciclomotor","Av A del Valle Y Hernandarias",4,3,0,0,1,0,0,,"Avenida",,"SANTA FE","La Capital","Asfalto","S/D","I","Dentro","Urbana","S/D","Funciona","Intersección","Bueno","Buena","Diurna","S/D","Frontal","S/D","Colisión","Agua","S/D","S/D","S/D"
2014,2286,05/03/2014,"Miercoles",0,16:55:00,,"0.0",2,"Moto/Ciclomotor,Automóvil","Cordoba Y Colombia",2,1,0,0,1,0,0,,"Calle",,"ROSARIO","Rosario","Asfalto","No existe","II","S/D","Urbana","Ninguna","No existe","Intersección","Bueno","Buena","Diurna","Buen Tiempo","Lateral","S/D","Colisión","Ninguna","Horizontal","Ninguna","Sin restricción"
2014,2287,12/03/2014,"Miercoles",0,10:00:00,,"0.0",2,"Moto/Ciclomotor,Automóvil","Av. Provincias Unidas Y Bv. 27 De Febrero",2,1,0,0,0,0,1,,"Calle",,"ROSARIO","Rosario","Asfalto,Hormigón","Pavimento","II","S/D","Urbana","Semáforo","Funciona","Intersección","Con baches","Buena","Diurna","Buen Tiempo","Lateral","S/D","Colisión","S/D","S/D","S/D","Sin restricción"
2014,2288,27/03/2014,"Jueves",0,18:45:00,,"0.0",2,"Automóvil,Automóvil","Av. Eudoro Carrasco Y Solis",2,1,0,0,1,0,0,,"Calle",,"ROSARIO","Rosario","S/D","S/D","II","Dentro","Urbana","Ninguna","S/D","Recta","S/D","S/D","Diurna","Buen Tiempo","De alcance","S/D","Colisión","S/D","S/D","S/D","Sin restricción"
2014,2289,12/03/2014,"Miercoles",0,19:55:00,,"0.0",2,"Automóvil,Moto/Ciclomotor","Av. Provincias Unidas Y Cerrito",3,2,0,0,1,0,0,,"Calle",,"ROSARIO","Rosario","Asfalto","No existe","II","S/D","Urbana","Ninguna","No existe","Intersección","Bueno","Buena","Atardecer","Buen Tiempo","Lateral","S/D","Colisión","Ninguna","Horizontal","Ninguna","Sin restricción"
2014,2290,15/03/2014,"Sabado",0,07:30:00,,"0.0",2,"Moto/Ciclomotor,Automóvil","Av. De Las Palmeras Y Av. Pte.Peron",2,2,0,0,0,0,0,,"Avenida",,"ROSARIO","Rosario","Asfalto,Hormigón","Pavimento","II","S/D","Urbana","Ninguna","No existe","Intersección","Bueno","Buena","Diurna","Buen Tiempo","Lateral","S/D","Colisión","S/D","S/D","S/D","Sin restricción"
2014,2291,23/03/2014,"Domingo",0,20:30:00,,"0.0",2,"Moto/Ciclomotor,Automóvil","Av. Sorrento Y Av. Provincias Unidas",2,0,1,0,1,0,0,,"Avenida",,"ROSARIO","Rosario","Asfalto","S/D","II","S/D","Urbana","S/D","S/D","Rotonda","Bueno","S/D","Nocturna","Buen Tiempo","Frontal,Lateral","S/D","Colisión","S/D","Vertical","Ninguna","Sin restricción"
2014,2292,03/03/2014,"Lunes",0,17:35:00,,"0.0",2,"Moto/Ciclomotor,Moto/Ciclomotor","Av Facundo Zuviria 5200",3,0,0,0,0,0,3,,"Calle",,"SANTA FE","La Capital","S/D","S/D","I","S/D","Urbana","S/D","S/D","Recta","S/D","S/D","Diurna","S/D","S/D","S/D","S/D","S/D","S/D","S/D","S/D"
2014,2293,18/03/2014,"Martes",0,14:30:00,,"0.0",2,"Moto/Ciclomotor,Automóvil","Av. Pte.Peron 8100",2,2,0,0,0,0,0,,"Avenida",,"ROSARIO","Rosario","Asfalto,Hormigón","Pavimento","II","S/D","Urbana","Semáforo","Funciona","Recta","Con baches","Buena","Diurna","Buen Tiempo","De alcance","S/D","Colisión","S/D","Vertical","S/D","Sin restricción"
2014,2294,18/03/2014,"Martes",0,17:30:00,,"0.0",2,"Automóvil,Taxi/Remis","Av. Provincias Unidas Y Chubut",2,1,0,0,1,0,0,,"Avenida",,"ROSARIO","Rosario","Asfalto","No existe","II","Dentro","Urbana","Ninguna","No existe","Intersección","Bueno","Buena","Diurna","Lluvia","Lateral","S/D","Colisión","Agua","Horizontal","Ninguna","Sin restricción"
2014,2295,28/03/2014,"Viernes",0,11:00:00,,"0.0",2,"Moto/Ciclomotor,Automóvil","Av A del Valle Y Hernandarias",2,1,0,0,1,0,0,,"Avenida",,"SANTA FE","La Capital","Hormigón","No existe","I","Dentro","Urbana","Ninguna","Funciona","Intersección","Bueno","Buena","Diurna","Buen Tiempo","Lateral","S/D","Colisión","Otro","Vertical","Cordón divisorio","Sin restricción"
2014,2296,23/03/2014,"Domingo",0,19:40:00,,"0.0",2,"Automóvil,Moto/Ciclomotor","Av. Genova ",3,1,0,0,0,0,2,,"Avenida",,"ROSARIO","Rosario","Asfalto","Pavimento","II","S/D","Urbana","S/D","No existe","Intersección","Bueno","Buena","Nocturna","Buen Tiempo","Frontal,Lateral","S/D","Colisión","S/D","Faltante","Ninguna","Sin restricción"
2014,2297,21/03/2014,"Viernes",0,16:10:00,,"0.0",2,"Bicicleta,Automóvil","Juan Bautista Alberdi Y Yapeyu",2,1,0,0,1,0,0,,"Calle",,"PEREZ","Rosario","S/D","No existe","II","Dentro","Urbana","Ninguna","No existe","Intersección","Otro","Buena","Diurna","Otro","S/D","S/D","Atropello","Otro","Faltante","Ninguna","Sin restricción"
2014,2298,05/03/2014,"Miercoles",0,17:00:00,,"0.0",2,"Automóvil,Automóvil","Av. Pellegrini Y Roullon",2,1,0,0,1,0,0,,"Avenida",,"ROSARIO","Rosario","Asfalto","No existe","II","S/D","Urbana","Semáforo","Funciona","Intersección","Bueno","Buena","Diurna","Buen Tiempo","Lateral","S/D","Colisión","Ninguna","Vertical","Ninguna","Sin restricción"
2014,2299,27/03/2014,"Jueves",0,22:15:00,,"0.0",2,"Automóvil,Peatón","Av Facundo Zuviria Y Iturraspe",2,1,0,0,1,0,0,"-31.628333333333,-60.704972222222","Avenida",,"SANTA FE","La Capital","Hormigón","No existe","I","Dentro","Urbana","Ninguna","Funciona","Intersección","Bueno","Buena","Nocturna,Con luz artificial","Otro","S/D","S/D","Atropello","Otro","Vertical","Cordón divisorio","Sin restricción"
2014,2300,14/03/2014,"Viernes",0,16:30:00,"Ruta Provincial 18","26.0",2,"Automóvil,Automóvil"," ",2,1,0,0,1,0,0,,"Ruta",18,"CARMEN DEL SAUCE","Rosario","Asfalto","Pavimento","II","Dentro","Urbana","Otra Señal","Funciona","Recta","Bueno","Buena","Diurna","Buen Tiempo","Múltiple","S/D","Colisión","Ninguna","S/D","Línea divisoria pintada","Sin restricción"
2014,2301,28/03/2014,"Viernes",0,13:30:00,,"0.0",2,"Moto/Ciclomotor,Automóvil","Bv San Martin ",2,1,0,0,1,0,0,,"Avenida",,"ÁLVAREZ","Rosario","Asfalto","S/D","II","Dentro","Urbana","Ninguna","S/D","Otro","Bueno","S/D","Diurna","Buen Tiempo","Lateral","S/D","Colisión","Otro","Faltante","Cordón divisorio","Sin restricción"
2014,2302,19/03/2014,"Miercoles",0,16:15:00,,"0.0",2,"Moto/Ciclomotor,Tractor","25 de Mayo Y San Martin",2,1,0,0,1,0,0,,"Calle",,"ZAVALLA","Rosario","Asfalto","No existe","II","Dentro","Urbana","Ninguna","No existe","Intersección","Bueno","Buena","Diurna","Buen Tiempo","Lateral","S/D","Colisión","S/D","Faltante","Ninguna","Sin restricción"
2014,2303,23/03/2014,"Domingo",0,06:15:00,,"0.0",2,"Moto/Ciclomotor,Automóvil","Av Belgrano Y Av 9 de Julio",2,1,0,0,1,0,0,,"Avenida",,"PEREZ","Rosario","S/D","No existe","II","Dentro","Urbana","Ninguna","No existe","Intersección","Otro","Buena","Amanecer","Otro","Lateral","S/D","Colisión","Otro","Faltante","Ninguna","Sin restricción"
2014,2304,27/03/2014,"Jueves",0,20:15:00,,"0.0",2,"Automóvil,Moto/Ciclomotor","Angel Cassanello Y San Martin",2,1,0,0,1,0,0,,"Calle",,"SANTA FE","La Capital","Hormigón","No existe","I","Dentro","Urbana","Ninguna","No existe","Intersección","Bueno","Buena","Atardecer,Con luz artificial","Otro","Lateral","S/D","Colisión","Otro","Faltante","Cordón divisorio","Sin restricción"
2014,2305,21/03/2014,"Viernes",0,17:30:00,"Ruta Nacional 33","0.0",2,"Moto/Ciclomotor,Automóvil","Sastre Bv Y Necochea",2,1,0,0,1,0,0,,"Ruta",33,"ZAVALLA","Rosario","Asfalto","Ripio","II","Dentro","Urbana","Ninguna","No existe","Intersección","Bueno","Buena","Diurna","Buen Tiempo","Lateral","S/D","Colisión","S/D","Horizontal","Línea divisoria pintada","Sin restricción"
2014,2306,01/03/2014,"Sabado",0,20:30:00,,"0.0",2,"Moto/Ciclomotor,Automóvil","Cullen Y Av. Pellegrini",2,1,0,0,1,0,0,,"Calle",,"ROSARIO","Rosario","Asfalto","S/D","II","S/D","Urbana","Semáforo","Funciona","Intersección","Bueno","Buena","Nocturna,Con luz artificial","Buen Tiempo","Lateral","S/D","Colisión","Ninguna","Vertical","Ninguna","Sin restricción"
2014,2307,23/03/2014,"Domingo",0,23:50:00,,"0.0",2,"Automóvil,Moto/Ciclomotor","Gorriti Y Av A del Valle",2,1,0,0,1,0,0,,"Avenida",,"SANTA FE","La Capital","Asfalto","S/D","I","Dentro","Urbana","S/D","Funciona","Intersección","Bueno","Buena","Nocturna","Buen Tiempo","Lateral","S/D","Colisión","S/D","S/D","S/D","S/D"
2014,2308,22/03/2014,"Sabado",0,06:40:00,"Ruta Nacional A012","25.7",2,"Pickup/Utilitario,Automóvil"," ",2,1,0,0,1,0,0,,"Ruta","A012","ZAVALLA","Rosario","Asfalto","Natural","II","Dentro","Rural","Ninguna","No existe","Recta","Bueno","S/D","S/D","Buen Tiempo","Lateral","S/D","Colisión","S/D","Horizontal","Línea divisoria pintada","Sin restricción"
2014,2309,27/03/2014,"Jueves",0,06:00:00,,"0.0",2,"Bicicleta,Automóvil","Mendoza ",2,1,0,0,1,0,0,,"Avenida",,"ROSARIO","Rosario","Asfalto","S/D","II","Dentro","Urbana","Ninguna","No existe","Intersección","Bueno","Buena","Amanecer","Buen Tiempo","S/D","S/D","Atropello","Ninguna","Horizontal","Ninguna","S/D"
2014,2310,10/03/2014,"Lunes",0,16:00:00,,"0.0",1,"Otros","Av Peñaloza Y Lavaisse",1,0,0,0,0,0,1,,"Avenida",,"SANTA FE","La Capital","S/D","S/D","I","S/D","Urbana","S/D","S/D","S/D","S/D","S/D","S/D","S/D","S/D","S/D","S/D","S/D","S/D","S/D","S/D"
2014,2311,24/03/2014,"Lunes",0,15:30:00,,"0.0",2,"Moto/Ciclomotor,Automóvil","Sarmiento Y 25 de Mayo",2,1,0,0,1,0,0,,"Calle",,"ZAVALLA","Rosario","Asfalto","No existe","II","Dentro","Urbana","Ninguna","No existe","Intersección","Bueno","Buena","Diurna","Buen Tiempo","Lateral","S/D","Colisión","S/D","Faltante","Ninguna","Sin restricción"
2014,2312,12/03/2014,"Miercoles",0,09:30:00,,"0.0",2,"Automóvil,Automóvil","Av. Pellegrini Y Camilo Aldao",2,1,0,0,1,0,0,,"Avenida",,"ROSARIO","Rosario","Asfalto","No existe","II","Dentro","Urbana","Semáforo","Funciona","Otro","Otro","Buena","Diurna","Buen Tiempo","Lateral","S/D","Colisión","Ninguna","Vertical","Ninguna","Sin restricción"
2014,2313,19/03/2014,"Miercoles",0,02:00:00,"Ruta Nacional A012","21.0",2,"Camión,Pickup/Utilitario"," ",2,1,0,0,1,0,0,,"Ruta","A012","SOLDINI","Rosario","Asfalto","Natural","II","Dentro","Rural","Ninguna","No existe","Recta","Deteriorada","Buena","Nocturna","Buen Tiempo","S/D","S/D","Vuelco,Despiste","S/D","Faltante","Línea divisoria pintada","Sin restricción"
2014,2314,27/03/2014,"Jueves",0,11:30:00,,"0.0",3,"Pickup/Utilitario,Automóvil,Moto/Ciclomotor","San Juan Y F.More",3,1,0,0,2,0,0,,"Calle",,"ROSARIO","Rosario","Asfalto","No existe","II","Dentro","Urbana","Semáforo","Funciona","Intersección","Bueno","Buena","Diurna","Buen Tiempo","Lateral,Múltiple","S/D","Colisión","Ninguna","Vertical","Ninguna","Sin restricción"
2014,2315,19/03/2014,"Miercoles",0,21:40:00,,"0.0",1,"Moto/Ciclomotor","Av A del Valle Y Padre Genesio",2,1,0,0,1,0,0,,"Avenida",,"SANTA FE","La Capital","Asfalto","S/D","I","Dentro","Urbana","S/D","Funciona","Intersección","Bueno","Buena","Nocturna,Con luz artificial","Buen Tiempo","Lateral","S/D","Colisión","S/D","S/D","S/D","S/D"
2014,2316,26/03/2014,"Miercoles",0,,,"0.0",2,"Automóvil,Automóvil","Bv. Avellaneda Y San Juan",2,1,0,0,1,0,0,,"Calle",,"ROSARIO","Rosario","Asfalto","S/D","II","Dentro","Urbana","S/D","S/D","Intersección","S/D","S/D","S/D","S/D","S/D","S/D","Colisión","S/D","S/D","S/D","S/D"
2014,2317,12/03/2014,"Miercoles",0,,,"0.0",2,"Moto/Ciclomotor,Transporte de Pasajeros Urbano (> 8 asientos)","A F Temporelli Y Marcos Paz",2,1,0,0,1,0,0,,"Calle",,"VILLA GOBERNADOR GÁLVEZ","Rosario","Asfalto","No existe","II","S/D","S/D","Ninguna","No existe","Recta","Otro","Buena","Diurna","S/D","Otro","S/D","Otro","Otro","Faltante","Ninguna","Sin restricción"
2014,2318,19/03/2014,"Miercoles",0,23:00:00,,"0.0",2,"Moto/Ciclomotor,Moto/Ciclomotor","Ayacucho Y San Jeronimo",2,1,0,0,1,0,0,,"Calle",,"SANTA FE","La Capital","Tierra,Ripio","No existe","I","Dentro","Urbana","S/D","No existe","Intersección","Deteriorada","S/D","Nocturna","Buen Tiempo","Lateral","S/D","Colisión","S/D","S/D","S/D","S/D"
2014,2319,07/03/2014,"Viernes",0,19:03:00,,"0.0",2,"Automóvil,Automóvil","Av. Pellegrini Y Fraga",3,1,0,0,2,0,0,,"Avenida",,"ROSARIO","Rosario","Asfalto","No existe","II","S/D","Urbana","Semáforo","Funciona","Intersección","Bueno","Buena","Atardecer","Buen Tiempo","Lateral","S/D","Colisión","Ninguna","Vertical","Ninguna","Sin restricción"
2014,2320,05/03/2014,"Miercoles",0,05:30:00,,"0.0",2,"Moto/Ciclomotor,Automóvil","Soldado Aguirre Y Marcos Paz",2,1,0,0,1,0,0,,"Calle",,"VILLA GOBERNADOR GÁLVEZ","Rosario","Asfalto,Tierra","S/D","II","S/D","S/D","S/D","S/D","Intersección","Deteriorada","S/D","S/D","Buen Tiempo","Lateral","S/D","Colisión","Otro","Faltante","Ninguna","Sin restricción"
2014,2321,28/03/2014,"Viernes",0,,,"0.0",2,"Automóvil,Peatón","Vera Mujica Y San Juan",2,1,0,0,1,0,0,,"Calle",,"ROSARIO","Rosario","Asfalto","S/D","II","Dentro","Urbana","S/D","S/D","Intersección","S/D","S/D","S/D","S/D","S/D","S/D","Atropello","S/D","S/D","S/D","S/D"
2014,2322,20/03/2014,"Jueves",0,23:00:00,,"0.0",2,"Automóvil,Moto/Ciclomotor","Gorriti Y San Juan",2,1,0,0,1,0,0,,"Avenida",,"SANTA FE","La Capital","Asfalto","S/D","I","Dentro","Urbana","S/D","No existe","Intersección","Bueno","Buena","Nocturna,Con luz artificial","Buen Tiempo","Lateral","S/D","Colisión","S/D","S/D","S/D","S/D"
2014,2323,07/03/2014,"Viernes",0,17:00:00,,"0.0",2,"Automóvil,Automóvil","Av. Pte.Peron Y Av. De Las Palmeras",2,1,0,0,0,0,1,,"Avenida",,"ROSARIO","Rosario","Asfalto,Hormigón","No existe","II","S/D","Urbana","Ninguna","No existe","Intersección","Con baches","Buena","Diurna","Buen Tiempo","Lateral","S/D","Colisión","S/D","S/D","S/D","Sin restricción"
2014,2324,29/03/2014,"Sabado",0,21:15:00,,"0.0",2,"Pickup/Utilitario,Moto/Ciclomotor","Benegas Y Bv. Wilde",3,2,0,0,0,0,1,,"Calle",,"ROSARIO","Rosario","Asfalto","S/D","II","Dentro","Urbana","Ninguna","S/D","Recta","Bueno","Buena","Nocturna","S/D","S/D","S/D","S/D","S/D","S/D","Ninguna","Sin restricción"
2014,2325,08/03/2014,"Sabado",0,20:00:00,,"0.0",2,"Moto/Ciclomotor,Automóvil","Av. Pte.Peron Y Av. Circunvalacion",2,2,0,0,0,0,0,,"Avenida",,"ROSARIO","Rosario","Asfalto,Hormigón","Pavimento","II","S/D","Urbana","Semáforo","Funciona","Intersección","Con baches","Buena","Nocturna,Con luz artificial","Buen Tiempo","Lateral","S/D","Colisión","S/D","S/D","S/D","Sin restricción"
2014,2326,27/03/2014,"Jueves",0,,,"0.0",2,"Taxi/Remis,Automóvil","Av. Pellegrini 4700",4,2,0,0,2,0,0,,"Avenida",,"ROSARIO","Rosario","S/D","S/D","II","Dentro","Urbana","S/D","S/D","Recta","S/D","S/D","S/D","S/D","S/D","S/D","Colisión","S/D","S/D","S/D","S/D"
2014,2327,31/03/2014,"Lunes",0,18:00:00,,"0.0",2,"Bicicleta,Automóvil","Venezuela Y Av. Genova",2,2,0,0,0,0,0,,"Calle",,"ROSARIO","Rosario","Asfalto","S/D","II","Dentro","Urbana","Ninguna","S/D","Recta","Bueno","Buena","Atardecer","S/D","S/D","S/D","Atropello","S/D","S/D","Ninguna","Sin restricción"
2014,2328,14/03/2014,"Viernes",0,10:00:00,,"0.0",2,"Automóvil,Moto/Ciclomotor","Risso Y J M Zuviria",2,1,0,0,1,0,0,,"Avenida",,"SANTA FE","La Capital","Asfalto","S/D","I","Dentro","Urbana","S/D","No existe","Intersección","Bueno","Buena","Diurna","Buen Tiempo","Lateral","S/D","Colisión","S/D","Faltante","S/D","S/D"
2014,2329,26/03/2014,"Miercoles",0,23:40:00,,"0.0",2,"Taxi/Remis,Automóvil","3 De Febrero Y Av. Ovidio Lagos",4,3,0,0,1,0,0,,"Calle",,"ROSARIO","Rosario","Asfalto","S/D","II","Dentro","Urbana","S/D","S/D","Intersección","S/D","S/D","Nocturna","S/D","S/D","S/D","Colisión","S/D","S/D","S/D","S/D"
2014,2330,05/03/2014,"Miercoles",0,13:50:00,,"0.0",2,"Moto/Ciclomotor,Moto/Ciclomotor","Av Filipini Y Libertad",3,2,0,0,0,0,1,,"Avenida",,"VILLA GOBERNADOR GÁLVEZ","Rosario","Asfalto","No existe","II","S/D","Urbana","Ninguna","No existe","Intersección","Bueno","Buena","Diurna","Buen Tiempo","Lateral","S/D","Colisión","Ninguna","S/D","S/D","Sin restricción"
2014,2331,02/03/2014,"Domingo",0,23:00:00,,"0.0",2,"Automóvil,Automóvil"," ",4,0,1,0,3,0,0,,"Calle",,"ARROYO LEYES","La Capital","Asfalto","Natural","I","Dentro","Urbana","Ninguna","No existe","Recta","Bueno","Buena","Nocturna,Con luz artificial","Buen Tiempo","Lateral","S/D","Colisión","S/D","Faltante","Ninguna","Sin restricción"
2014,2332,17/03/2014,"Lunes",0,11:10:00,,"0.0",2,"Automóvil,Moto/Ciclomotor","Solis Y Tucuman",2,1,0,0,1,0,0,,"Calle",,"ROSARIO","Rosario","Asfalto","No existe","II","Dentro","Urbana","Ninguna","No existe","Intersección","S/D","Buena","Diurna","S/D","Lateral","S/D","Colisión","S/D","Faltante","S/D","Sin restricción"
2014,2333,12/03/2014,"Miercoles",0,07:50:00,,"0.0",2,"Bicicleta,Camión","Av. Circunvalacion Y San Martin",2,1,0,0,1,0,0,,"Avenida",,"ROSARIO","Rosario","Asfalto","S/D","II","Dentro","Urbana","Ninguna","Funciona","Recta","Bueno","Buena","Diurna","Otro","S/D","S/D","Atropello","Ninguna","Vertical","Cordón divisorio","Sin restricción"
2014,2334,12/03/2014,"Miercoles",0,12:00:00,,"0.0",2,"Automóvil,Moto/Ciclomotor","Juan B Justo Y Av del Libertador",2,1,0,0,1,0,0,,"Calle",,"VILLA GOBERNADOR GÁLVEZ","Rosario","Asfalto","No existe","II","Dentro","Urbana","Ninguna","No existe","Intersección","Bueno","Buena","Diurna","Buen Tiempo","Lateral","S/D","Colisión","Ninguna","Faltante","Cordón divisorio","Sin restricción"
2014,2335,15/03/2014,"Sabado",0,12:00:00,,"0.0",2,"Automóvil,Moto/Ciclomotor","Javier de la Rosa 2900",2,1,0,0,1,0,0,,"Calle",,"SANTA FE","La Capital","Tierra","No existe","I","Dentro","Urbana","S/D","No existe","Recta","Ahuellamiento","Buena","Diurna","Buen Tiempo","Lateral","S/D","Colisión","S/D","S/D","S/D","S/D"
2014,2336,21/03/2014,"Viernes",0,22:55:00,,"0.0",2,"Automóvil,Moto/Ciclomotor","Lavalle Y Buenos Aires",2,1,0,0,1,0,0,,"Calle",,"ROSARIO","Rosario","Asfalto","No existe","II","S/D","Urbana","Ninguna","No existe","Intersección","Bueno","Buena","Nocturna,Con luz artificial","Buen Tiempo","S/D","S/D","Colisión","Ninguna","Faltante","Ninguna","Sin restricción"
2014,2337,29/03/2014,"Sabado",0,04:30:00,,"0.0",2,"Automóvil,Moto/Ciclomotor","Urquiza Y San Nicolas",2,1,0,0,1,0,0,,"Calle",,"ROSARIO","Rosario","S/D","No existe","II","S/D","Urbana","S/D","No existe","Recta","Bueno","Buena","Nocturna","Buen Tiempo","Otro","S/D","Colisión","Otro","Faltante","Ninguna","Sin restricción"
2014,2338,06/03/2014,"Jueves",0,16:00:00,,"0.0",2,"Moto/Ciclomotor,Automóvil","Av Almte Brown Y Pje Calcena",3,1,0,0,2,0,0,,"Calle",,"SANTA FE","La Capital","Asfalto","S/D","I","Dentro","Urbana","S/D","No existe","Recta","Bueno","Buena","Diurna","Buen Tiempo","S/D","S/D","Colisión","S/D","S/D","S/D","Sin restricción"
2014,2339,18/03/2014,"Martes",0,15:10:00,,"0.0",2,"Moto/Ciclomotor,Automóvil","Junin Y Formosa",2,1,0,0,1,0,0,,"Calle",,"ROSARIO","Rosario","Asfalto","S/D","II","S/D","Urbana","Semáforo","S/D","Intersección","S/D","S/D","Diurna","S/D","Lateral","S/D","Colisión","S/D","Vertical","Línea divisoria pintada","Sin restricción"
2014,2340,29/03/2014,"Sabado",0,14:30:00,,"0.0",2,"Moto/Ciclomotor,Automóvil","Soldado Aguirre Y San Nicolas",2,1,0,0,0,0,1,,"Calle",,"VILLA GOBERNADOR GÁLVEZ","Rosario","Asfalto","No existe","II","S/D","Urbana","Ninguna","No existe","Intersección","Bueno","S/D","Diurna","Buen Tiempo","S/D","S/D","Colisión","Ninguna","S/D","Ninguna","Sin restricción"
2014,2341,09/03/2014,"Domingo",0,14:05:00,"Ruta Nacional 9","384.0",1,"Automóvil"," ",2,1,1,0,0,0,0,,"Ruta",9,"CAÑADA DE GÓMEZ","Iriondo","Hormigón","Natural","X","Dentro","Rural","Ninguna","No existe","Recta","Con baches","Reducida","Diurna","Lluvia","S/D","S/D","Despiste","Agua","Faltante","Línea divisoria pintada","Sin restricción"