"anio_acci","nro_acci","fecha","desc_dia","fecha_aprox","hora_aprox","desc_ruta","km","cant_participantes","desc_participante","calle_avenida_km","total","heridos_leves","heridos_graves","heridos_gravisimos","ilesos","fallecidos","sin_datos","posicion_XY","desc_tipo_via","desc_ruta_ori","desc_loc","desc_dpto","desc_tipo_calzada","desc_tipo_banquina","desc_unidad_regional","desc_lugar_calzada","desc_zona","desc_prioridad","desc_estado_semaforo","desc_lugar_via","desc_estado_via","desc_estado_visibilidad","desc_luminosidad","desc_estado_clima","desc_tipo_colision","desc_tipo_atropello","desc_tipo_hecho","desc_pres_calzada","desc_senializacion","desc_separacion_via","desc_restriccion"
2014,2342,27/03/2014,"Jueves",0,10:00:00,,"0.0",2,"Automóvil,Bicicleta","Jujuy Y Pueyrredon",2,1,0,0,1,0,0,,"Calle",,"ROSARIO","Rosario","S/D","No existe","II","Dentro","Urbana","Ninguna","No existe","Recta","Bueno","Buena","Diurna","Buen Tiempo","Otro","S/D","Atropello","Otro","Faltante","S/D","Sin restricción"
2014,2343,23/03/2014,"Domingo",0,17:00:00,,"0.0",1,"Moto/Ciclomotor","Av Peñaloza Y Callejón El Sable",2,1,0,0,1,0,0,,"Calle",,"SANTA FE","La Capital","Tierra","No existe","I","Dentro","Urbana","S/D","No existe","Intersección","Deteriorada","Buena","Diurna","Buen Tiempo","S/D","S/D","Colisión","S/D","Faltante","S/D","S/D"
2014,2344,25/03/2014,"Martes",0,02:30:00,,"0.0",2,"Automóvil,Moto/Ciclomotor","Mitre Y Urquiza",2,1,0,0,1,0,0,,"Calle",,"VILLA GOBERNADOR GÁLVEZ","Rosario","Asfalto","No existe","II","S/D","Urbana","Ninguna","No existe","Intersección","Bueno","Buena","Nocturna,Con luz artificial","Buen Tiempo","S/D","S/D","Colisión","Ninguna","Faltante","Ninguna","Sin restricción"
2014,2345,12/03/2014,"Miercoles",0,07:50:00,,"0.0",2,"Bicicleta,Moto/Ciclomotor","Av. Circunvalacion Y San Martin",2,1,0,0,1,0,0,,"Avenida",,"ROSARIO","Rosario","Asfalto","S/D","II","Dentro","Urbana","Ninguna","Funciona","Recta","Bueno","Buena","Diurna","Otro","S/D","S/D","Atropello","S/D","Horizontal,Vertical","Cordón divisorio","Sin restricción"
2014,2346,07/03/2014,"Viernes",0,18:55:00,,"0.0",2,"Moto/Ciclomotor,Automóvil","Bv Centenario B Y Dorrego",2,1,0,0,1,0,0,,"Avenida",,"CAÑADA DE GÓMEZ","Iriondo","Asfalto","No existe","X","Dentro","Urbana","Ninguna","No existe","Intersección","Con baches,Deteriorada","Buena","Diurna","Buen Tiempo","Lateral","S/D","Colisión","S/D","Faltante","Cordón divisorio","Sin restricción"
2014,2347,21/03/2014,"Viernes",0,20:00:00,,"0.0",3,"Automóvil,Moto/Ciclomotor,Moto/Ciclomotor","Bv San diego Y Av Filipini",3,1,0,0,2,0,0,,"Avenida",,"VILLA GOBERNADOR GÁLVEZ","Rosario","Asfalto","No existe","II","Dentro","Urbana","Ninguna","Funciona","Intersección","Bueno","Buena","Nocturna,Con luz artificial","Buen Tiempo","Múltiple","S/D","Colisión","Ninguna","Faltante","Ninguna","Sin restricción"
2014,2348,19/03/2014,"Miercoles",0,17:45:00,,"0.0",2,"Bicicleta,Pickup/Utilitario","Solis Y Junin",2,1,0,0,1,0,0,,"Calle",,"ROSARIO","Rosario","Asfalto","S/D","II","S/D","Urbana","Semáforo","S/D","Intersección","Bueno","S/D","S/D","S/D","S/D","S/D","Atropello","S/D","Vertical","Ninguna","Sin restricción"
2014,2349,25/03/2014,"Martes",0,12:30:00,,"0.0",2,"Bicicleta,Automóvil","Av. Francia Y Urquiza",2,1,0,0,1,0,0,,"Calle",,"ROSARIO","Rosario","Asfalto","No existe","II","S/D","Urbana","S/D","No existe","Recta","Bueno","Buena","Diurna","Buen Tiempo","Otro","S/D","Atropello","S/D","Faltante","Barrera de hormigón","Sin restricción"
2014,2350,18/03/2014,"Martes",0,14:40:00,,"0.0",2,"Moto/Ciclomotor,Automóvil","Dorrego Y Hilarion de la Quintana",2,1,0,0,1,0,0,,"Calle",,"ROSARIO","Rosario","S/D","No existe","II","Dentro","Urbana","Ninguna","No existe","Intersección","Bueno","Buena","Diurna","Buen Tiempo","Lateral","S/D","Colisión","S/D","Faltante","Ninguna","Sin restricción"
2014,2351,16/03/2014,"Domingo",0,18:00:00,,"0.0",2,"Automóvil,Automóvil","Reg 12 de Infanteria Y 9 de Julio",2,1,0,0,1,0,0,,"Calle",,"SANTA FE","La Capital","Tierra","No existe","I","Dentro","Urbana","S/D","No existe","Intersección","Con baches","Buena","Diurna","Buen Tiempo","Lateral","S/D","Colisión","S/D","Faltante","S/D","S/D"
2014,2352,21/03/2014,"Viernes",0,18:20:00,,"0.0",2,"Automóvil,Moto/Ciclomotor","Ing Mosconi Y Urquiza",3,1,0,0,2,0,0,,"Calle",,"VILLA GOBERNADOR GÁLVEZ","Rosario","Asfalto","No existe","II","Dentro","Urbana","Ninguna","No existe","Intersección","Bueno","Buena","Diurna","Buen Tiempo","S/D","S/D","Colisión","Ninguna","Faltante","Ninguna","Sin restricción"
2014,2353,23/03/2014,"Domingo",0,20:40:00,,"0.0",2,"Moto/Ciclomotor,Automóvil","Bv. Avellaneda Y Bv. Segui",2,0,1,0,1,0,0,,"Calle",,"ROSARIO","Rosario","Asfalto","No existe","II","Dentro","Urbana","Semáforo","Funciona","Intersección","Bueno","Buena","Nocturna","Buen Tiempo","Lateral","S/D","Colisión","Ninguna","Faltante","Cordón divisorio","Sin restricción"
2014,2354,13/03/2014,"Jueves",0,14:00:00,,"0.0",2,"Moto/Ciclomotor,Automóvil","Av. Battle y Ordoñez ",3,1,0,0,2,0,0,,"Avenida",,"ROSARIO","Rosario","Asfalto","S/D","II","Dentro","Urbana","Ninguna","No existe","Recta","Bueno","Buena","Diurna","Otro","Otro","S/D","Colisión","Ninguna","Horizontal","Cordón divisorio","S/D"
2014,2355,03/03/2014,"Lunes",0,14:00:00,,"0.0",2,"Automóvil,Otros","Av Facundo Zuviria Y Gorriti",2,1,0,0,0,0,1,,"Calle",,"SANTA FE","La Capital","Asfalto","Pavimento","I","Dentro","Urbana","S/D","Funciona","Intersección","Bueno","Buena","Diurna","Buen Tiempo","S/D","S/D","Colisión","S/D","S/D","S/D","S/D"
2014,2356,19/03/2014,"Miercoles",0,00:30:00,,"0.0",2,"Moto/Ciclomotor,Taxi/Remis","Av. Ovidio Lagos Y Salta",2,1,0,0,1,0,0,,"Calle",,"ROSARIO","Rosario","S/D","No existe","II","S/D","Urbana","Semáforo","Funciona","Recta","Bueno","Buena","Nocturna","Buen Tiempo","Otro","S/D","Colisión","Otro","Vertical","Ninguna","Sin restricción"
2014,2357,07/03/2014,"Viernes",0,17:25:00,"Ruta Nacional 9","0.0",2,"Moto/Ciclomotor,Automóvil","Av. Santa Fe Y Sarmiento",2,1,0,0,1,0,0,,"Ruta",9,"CAÑADA DE GÓMEZ","Iriondo","Asfalto","Natural","X","Dentro","Urbana","Ninguna","No existe","Intersección","Con baches,Deteriorada,Ahuellamiento","Reducida p/ objetos","Diurna","Buen Tiempo","Lateral","S/D","Colisión","S/D","Faltante","Línea divisoria pintada","Sin restricción"
2014,2358,07/03/2014,"Viernes",0,18:00:00,,"0.0",2,"Automóvil,Otros","San Martin Y Estanislao Zeballos",2,1,0,0,0,0,1,,"Calle",,"SANTA FE","La Capital","Asfalto","Pavimento","I","Dentro","Urbana","S/D","No existe","Intersección","Bueno","Buena","Diurna","Buen Tiempo","S/D","S/D","Colisión","S/D","Faltante","S/D","S/D"
2014,2359,19/03/2014,"Miercoles",0,12:30:00,,"0.0",2,"Moto/Ciclomotor,Automóvil","Soldado Aguirre Y Iriondo",2,1,0,0,1,0,0,,"Calle",,"VILLA GOBERNADOR GÁLVEZ","Rosario","Asfalto","No existe","II","S/D","Urbana","Ninguna","No existe","Intersección","Bueno","Buena","Diurna","Buen Tiempo","S/D","S/D","Colisión","Ninguna","Faltante","Ninguna","Sin restricción"
2014,2360,01/03/2014,"Sabado",0,18:15:00,,"0.0",2,"Moto/Ciclomotor,Automóvil","Saavedra Y Lavalle",3,1,1,0,1,0,0,,"Calle",,"ROSARIO","Rosario","Hormigón","No existe","II","Dentro","Urbana","Ninguna","No existe","Intersección","Bueno","Buena","Atardecer","Buen Tiempo","Lateral","S/D","Colisión","Ninguna","Faltante","Cordón divisorio","Sin restricción"
2014,2361,12/03/2014,"Miercoles",0,18:15:00,,"0.0",2,"Moto/Ciclomotor,Automóvil","Ayacucho ",2,1,0,0,1,0,0,,"Calle",,"VILLA GOBERNADOR GÁLVEZ","Rosario","Asfalto","No existe","II","Dentro","Urbana","Ninguna","No existe","Recta","Bueno","Buena","Diurna","Buen Tiempo","Lateral","S/D","Colisión","Otro","Faltante","Ninguna","Sin restricción"
2014,2362,13/03/2014,"Jueves",0,21:30:00,,"0.0",2,"Moto/Ciclomotor,Moto/Ciclomotor","Av. Battle y Ordoñez Y España",3,2,0,0,1,0,0,,"Avenida",,"ROSARIO","Rosario","Asfalto","S/D","II","Dentro","Urbana","S/D","Funciona","Recta","Bueno","Buena","Nocturna","Buen Tiempo","S/D","S/D","Colisión","Ninguna","Vertical","S/D","Sin restricción"
2014,2363,14/03/2014,"Viernes",0,20:30:00,,"0.0",2,"Automóvil,Moto/Ciclomotor","Av de Circunvalacion Y Av Costera Saladillo",2,1,0,0,1,0,0,,"Avenida",,"VILLA GOBERNADOR GÁLVEZ","Rosario","Asfalto","Natural","II","Dentro","Urbana","Ninguna","No existe","Recta","Bueno","Buena","Diurna","Buen Tiempo","S/D","S/D","Colisión","Ninguna","Faltante","Guardarrail","Sin restricción"
2014,2364,16/03/2014,"Domingo",0,12:35:00,,"0.0",2,"Moto/Ciclomotor,Automóvil","Santa Fe Y Callao",2,1,0,0,1,0,0,,"Calle",,"ROSARIO","Rosario","Asfalto","No existe","II","S/D","Urbana","Semáforo","Funciona","Recta","Otro","Buena","Diurna","Buen Tiempo","Otro","S/D","Colisión","Otro","Horizontal","Ninguna","Sin restricción"
2014,2365,25/03/2014,"Martes",0,10:00:00,,"0.0",2,"Bicicleta,Pickup/Utilitario","Bv. Segui Y Rio De Janeiro",2,0,1,0,1,0,0,,"Avenida",,"ROSARIO","Rosario","Asfalto","No existe","II","Dentro","Urbana","Ninguna","No existe","Intersección","Bueno","Buena","Diurna","Buen Tiempo","Lateral","S/D","Atropello","Ninguna","Faltante","Cordón divisorio","Sin restricción"
2014,2366,25/03/2014,"Martes",0,08:00:00,,"0.0",2,"Automóvil,Moto/Ciclomotor","Av Filipini Y Av Gral San Martin",2,1,0,0,1,0,0,,"Calle",,"VILLA GOBERNADOR GÁLVEZ","Rosario","Asfalto","Natural","II","S/D","Urbana","Ninguna","Funciona","Intersección","Bueno","Buena","Diurna","Buen Tiempo","S/D","S/D","Colisión","Ninguna","Faltante","Ninguna","Sin restricción"
2014,2367,13/03/2014,"Jueves",0,21:00:00,,"0.0",2,"Pickup/Utilitario,Peatón","French Y Av Urquiza",2,1,0,0,1,0,0,"-31.591222222222,-60.697361111111","Calle",,"SANTA FE","La Capital","Tierra","No existe","I","Dentro","Urbana","S/D","No existe","Intersección","Deteriorada","Buena","Nocturna,Con luz artificial","Buen Tiempo","S/D","S/D","Atropello","S/D","Faltante","S/D","S/D"
2014,2368,13/03/2014,"Jueves",0,21:30:00,,"0.0",2,"Moto/Ciclomotor,Automóvil","Av. Battle y Ordoñez Y Entre Rios",2,1,0,0,1,0,0,,"Avenida",,"ROSARIO","Rosario","Asfalto","S/D","II","Dentro","Urbana","Ninguna","No existe","Intersección","Bueno","Buena","Nocturna","Otro","Otro","S/D","Colisión","Ninguna","Horizontal","Cordón divisorio","Sin restricción"
2014,2369,28/03/2014,"Viernes",0,09:00:00,,"0.0",2,"Automóvil,Automóvil","Av Gral Paz Y Regis Martinez",3,1,0,0,2,0,0,,"Calle",,"SANTA FE","La Capital","S/D","S/D","I","Dentro","Urbana","S/D","S/D","Intersección","Bueno","Buena","Diurna","S/D","Frontal","S/D","Colisión","S/D","S/D","S/D","S/D"
2014,2370,14/03/2014,"Viernes",0,20:30:00,,"0.0",2,"Pickup/Utilitario,Moto/Ciclomotor","Pasteur Y Eva Peron",2,1,0,0,1,0,0,,"Calle",,"VILLA GOBERNADOR GÁLVEZ","Rosario","Asfalto","No existe","II","Dentro","Urbana","Ninguna","No existe","Intersección","Bueno","Buena","Nocturna,Con luz artificial","Buen Tiempo","S/D","S/D","Colisión","Ninguna","S/D","Ninguna","Sin restricción"
2014,2371,10/03/2014,"Lunes",0,21:00:00,,"0.0",2,"Automóvil,Otros","3 de Febrero Y Francia",2,1,0,0,1,0,0,,"Calle",,"SANTA FE","La Capital","Asfalto","No existe","I","Dentro","Urbana","Ninguna","No existe","Intersección","Bueno","Buena","Nocturna,Con luz artificial","Buen Tiempo","Otro","S/D","Colisión","Ninguna","Faltante","Ninguna","Sin restricción"
2014,2372,19/03/2014,"Miercoles",0,08:00:00,,"0.0",2,"Bicicleta,Pickup/Utilitario","Bordabhere Y Urquiza",2,1,0,0,1,0,0,,"Calle",,"VILLA GOBERNADOR GÁLVEZ","Rosario","Asfalto","No existe","II","S/D","Urbana","Ninguna","No existe","Otro","Bueno","Buena","Diurna","Buen Tiempo","S/D","S/D","Atropello","Ninguna","Faltante","Ninguna","Sin restricción"
2014,2373,23/03/2014,"Domingo",0,,,"0.0",2,"Automóvil,Moto/Ciclomotor","Llerena Y Republica de Siria",2,0,0,0,0,0,2,,"Calle",,"SANTA FE","La Capital","Asfalto","No existe","I","Dentro","Urbana","Ninguna","No existe","Intersección","Bueno","Buena","Nocturna","Buen Tiempo","S/D","S/D","Colisión","S/D","Horizontal","Ninguna","Sin restricción"
2014,2374,17/03/2014,"Lunes",0,21:30:00,,"0.0",2,"Automóvil,Automóvil","Avenida Nuestra Señora del Luj Y Rca Oriental del Uruguay",4,2,0,0,2,0,0,,"Calle",,"SANTO TOMÉ","La Capital","Asfalto","No existe","I","Dentro","Urbana","S/D","Funciona","Intersección","Bueno","Buena","Nocturna,Con luz artificial","Buen Tiempo","De alcance","S/D","Colisión","S/D","Vertical","S/D","S/D"
2014,2375,17/03/2014,"Lunes",0,06:30:00,,"0.0",2,"Automóvil,Moto/Ciclomotor","Alberdi Y Belgrano",2,1,0,0,1,0,0,,"S/D",,"VILLA GOBERNADOR GÁLVEZ","Rosario","Asfalto","No existe","II","S/D","Urbana","S/D","No existe","Intersección","Bueno","Buena","Amanecer,Con luz artificial","Buen Tiempo","S/D","S/D","Colisión","Ninguna","Faltante","Ninguna","Sin restricción"
2014,2376,11/03/2014,"Martes",0,,,"0.0",2,"Automóvil,Automóvil","Urquiza Y Ing Mosconi",3,1,0,0,2,0,0,,"Calle",,"VILLA GOBERNADOR GÁLVEZ","Rosario","Asfalto","No existe","II","Dentro","Urbana","Ninguna","No existe","Intersección","Bueno","Buena","S/D","Buen Tiempo","S/D","S/D","Colisión","Ninguna","Faltante","Ninguna","Sin restricción"
2014,2377,22/03/2014,"Sabado",0,13:00:00,,"0.0",3,"Automóvil,Automóvil,Automóvil","Av. Pellegrini 1000",6,4,0,0,2,0,0,,"Calle",,"ROSARIO","Rosario","Asfalto","S/D","II","Dentro","Urbana","Semáforo","Funciona","Recta","Bueno","Buena","Diurna","Buen Tiempo","Múltiple","S/D","Colisión","S/D","Vertical","Cordón divisorio","Sin restricción"
2014,2378,14/03/2014,"Viernes",0,21:00:00,,"0.0",2,"Moto/Ciclomotor,Automóvil","Bv. Segui Y Crespo",5,2,0,0,3,0,0,,"Avenida",,"ROSARIO","Rosario","Asfalto","No existe","II","Dentro","Urbana","Ninguna","No existe","Intersección","Bueno","Buena","Nocturna","Buen Tiempo","S/D","S/D","Colisión","Ninguna","Faltante","Barrera de hormigón","Sin restricción"
2014,2379,08/03/2014,"Sabado",0,,,"0.0",1,"Automóvil","Santiago Y San Luis",4,1,0,0,3,0,0,,"Calle",,"ROSARIO","Rosario","Asfalto","S/D","II","Dentro","Urbana","S/D","S/D","Intersección","S/D","S/D","S/D","S/D","S/D","S/D","Vuelco","S/D","S/D","S/D","S/D"
2014,2380,13/03/2014,"Jueves",0,18:00:00,"Ruta Provincial 21","0.0",2,"Moto/Ciclomotor,Pickup/Utilitario","Paraguay Y Av Gral San Martin",2,1,0,0,1,0,0,,"Ruta",21,"VILLA GOBERNADOR GÁLVEZ","Rosario","Asfalto","No existe","II","Dentro","Urbana","Ninguna","No existe","Recta","Bueno","Buena","Diurna","Buen Tiempo","Lateral","S/D","Colisión","Otro","Faltante","Ninguna","Sin restricción"
2014,2381,07/03/2014,"Viernes",0,,,"0.0",2,"Automóvil,Moto/Ciclomotor","Montevideo Y Castellanos",3,2,0,0,1,0,0,,"Calle",,"ROSARIO","Rosario","Asfalto","S/D","II","Dentro","Urbana","S/D","S/D","Intersección","S/D","S/D","S/D","S/D","S/D","S/D","Colisión","S/D","S/D","S/D","S/D"
2014,2382,25/03/2014,"Martes",0,14:15:00,,"0.0",2,"Moto/Ciclomotor,Otros","CAMINO BARRANQUERA 0",3,2,0,0,1,0,0,,"Camino Rural",,"SAUCE VIEJO","La Capital","Tierra","No existe","I","Dentro","Rural","Ninguna","No existe","Curva","Otro","Buena","Diurna","Buen Tiempo","S/D","S/D","Colisión","Otro","Faltante","Ninguna","Sin restricción"
2014,2383,15/03/2014,"Sabado",0,18:30:00,,"0.0",2,"Moto/Ciclomotor,Automóvil","MENCHACA Y ARDEOPA",2,1,0,0,1,0,0,,"Calle",,"ROSARIO","Rosario","Asfalto","S/D","II","Dentro","Urbana","S/D","S/D","Intersección","Bueno","Buena","Diurna","Buen Tiempo","Otro","S/D","Colisión","Ninguna","S/D","S/D","Sin restricción"
2014,2384,11/03/2014,"Martes",0,07:30:00,,"0.0",2,"Moto/Ciclomotor,Automóvil","Av. Francia Y Calle 1211",2,1,0,0,1,0,0,,"Calle",,"ROSARIO","Rosario","Asfalto","No existe","II","S/D","Urbana","Ninguna","No existe","Intersección","Bueno","Buena","Amanecer","Buen Tiempo","S/D","S/D","Colisión","Ninguna","Faltante","Cordón divisorio","Sin restricción"
2014,2385,15/03/2014,"Sabado",0,16:30:00,,"0.0",2,"Pickup/Utilitario,Moto/Ciclomotor","Buenos Aires Y Balcarce",2,1,0,0,1,0,0,,"Calle",,"VILLA GOBERNADOR GÁLVEZ","Rosario","Asfalto","No existe","II","Dentro","Urbana","Ninguna","No existe","Intersección","Bueno","Buena","Diurna","Buen Tiempo","S/D","S/D","Colisión","Ninguna","S/D","Ninguna","Sin restricción"
2014,2387,07/03/2014,"Viernes",0,,,"0.0",2,"Automóvil,Moto/Ciclomotor","Rodriguez Y E.Zeballos",3,2,0,0,1,0,0,,"Calle",,"ROSARIO","Rosario","Asfalto","S/D","II","Dentro","Urbana","S/D","S/D","Intersección","S/D","S/D","S/D","S/D","S/D","S/D","Colisión","S/D","S/D","S/D","S/D"
2014,2388,14/03/2014,"Viernes",0,17:15:00,,"0.0",2,"Automóvil,Moto/Ciclomotor","Juan B Justo Y Fornieles",4,2,0,0,2,0,0,,"Calle",,"VILLA GOBERNADOR GÁLVEZ","Rosario","Asfalto","No existe","II","Dentro","Urbana","Ninguna","No existe","Intersección","Bueno","Buena","Diurna","Buen Tiempo","S/D","S/D","Colisión","Ninguna","Faltante","Ninguna","Sin restricción"
2014,2389,06/03/2014,"Jueves",0,08:50:00,,"0.0",2,"Automóvil,Pickup/Utilitario","Bv. Segui Y Av. Ovidio Lagos",2,1,0,0,1,0,0,,"Avenida",,"ROSARIO","Rosario","Asfalto","No existe","II","Dentro","Urbana","Semáforo","Funciona","Intersección","Bueno","Buena","Diurna","Buen Tiempo","De alcance","S/D","Colisión","Ninguna","Faltante","Cordón divisorio","Sin restricción"
2014,2390,07/03/2014,"Viernes",0,10:30:00,,"0.0",2,"Moto/Ciclomotor,Moto/Ciclomotor","Lavalle Y Mitre",5,2,0,0,3,0,0,,"Calle",,"CAÑADA DE GÓMEZ","Iriondo","Asfalto","No existe","X","Dentro","Urbana","Ninguna","No existe","Intersección","Deteriorada","Buena","Diurna","Buen Tiempo","Lateral","S/D","Colisión","S/D","Faltante","Ninguna","Sin restricción"
2014,2391,03/03/2014,"Lunes",0,,,"0.0",2,"Automóvil,Moto/Ciclomotor","Av. Avellaneda B Y Av. Pellegrini",3,2,0,0,1,0,0,,"Calle",,"ROSARIO","Rosario","Asfalto","S/D","II","Dentro","Urbana","S/D","S/D","Intersección","S/D","S/D","S/D","S/D","S/D","S/D","Colisión","S/D","S/D","S/D","S/D"
2014,2392,15/03/2014,"Sabado",0,19:00:00,,"0.0",2,"Moto/Ciclomotor,Automóvil","Laprida Y Muñoz",2,1,0,0,1,0,0,,"Calle",,"ROSARIO","Rosario","Asfalto","S/D","II","Dentro","Urbana","S/D","No existe","Recta","Bueno","Buena","Diurna","Buen Tiempo","Otro","S/D","Colisión","S/D","Horizontal","S/D","Sin restricción"
2014,2393,03/03/2014,"Lunes",0,06:20:00,,"0.0",2,"Automóvil,Automóvil","Cafferata Y Montevideo",3,1,0,0,2,0,0,,"Calle",,"ROSARIO","Rosario","Asfalto","S/D","II","Dentro","Urbana","S/D","S/D","Intersección","S/D","S/D","S/D","S/D","S/D","S/D","Colisión","S/D","S/D","S/D","S/D"
2014,2394,16/03/2014,"Domingo",0,02:00:00,"Ruta Provincial 21","0.0",2,"Moto/Ciclomotor,Moto/Ciclomotor","Av Gral San Martin Y Eva Peron",2,2,0,0,0,0,0,,"Ruta",21,"VILLA GOBERNADOR GÁLVEZ","Rosario","Asfalto","No existe","II","Dentro","Urbana","Semáforo","Funciona","Recta","Bueno","Buena","Nocturna","Buen Tiempo","Lateral","S/D","Colisión","Otro","Vertical","S/D","Sin restricción"
2014,2395,05/03/2014,"Miercoles",0,20:20:00,,"0.0",2,"Automóvil,Moto/Ciclomotor","San Juan Y Gutenberg",4,3,0,0,1,0,0,,"Calle",,"ROSARIO","Rosario","Asfalto","S/D","II","Dentro","Urbana","S/D","S/D","Intersección","S/D","S/D","Nocturna","S/D","S/D","S/D","Colisión","S/D","S/D","S/D","S/D"
2014,2396,07/03/2014,"Viernes",0,05:50:00,,"0.0",2,"Moto/Ciclomotor,Automóvil","Rivadavia Y Nicasio Oroño",3,2,0,0,1,0,0,,"Calle",,"CAÑADA DE GÓMEZ","Iriondo","Asfalto","No existe","X","Dentro","Urbana","Ninguna","No existe","Intersección","Con baches","Buena","Nocturna,Con luz artificial","Buen Tiempo","Frontal","S/D","Colisión","S/D","Faltante","Ninguna","Sin restricción"
2014,2397,26/03/2014,"Miercoles",0,02:00:00,,"0.0",2,"Pickup/Utilitario,Moto/Ciclomotor","Av Facundo Zuviria Y Luciano Torrent",2,1,0,0,1,0,0,,"Avenida",,"SANTA FE","La Capital","Asfalto","No existe","I","Dentro","Urbana","Ninguna","Intermitente","Intersección","Bueno","Buena","Nocturna,Con luz artificial","Otro","Lateral","S/D","Colisión","Otro","Vertical","Cordón divisorio","Sin restricción"
2014,2398,25/03/2014,"Martes",0,13:30:00,,"0.0",2,"Moto/Ciclomotor,Automóvil","Garay Y Tucuman",2,2,0,0,0,0,0,,"Calle",,"VILLA GOBERNADOR GÁLVEZ","Rosario","Asfalto","No existe","II","Dentro","Urbana","Ninguna","No existe","Recta","Bueno","Buena","Diurna","Buen Tiempo","Lateral","S/D","Colisión","S/D","Faltante","Ninguna","Sin restricción"
2014,2399,01/03/2014,"Sabado",0,11:50:00,,"0.0",2,"Taxi/Remis,Automóvil","Montevideo Y Crespo",4,3,0,0,1,0,0,,"Calle",,"ROSARIO","Rosario","Asfalto","S/D","II","Dentro","Urbana","S/D","S/D","Intersección","S/D","S/D","Diurna","S/D","S/D","S/D","Colisión","S/D","S/D","S/D","S/D"
2014,2400,17/03/2014,"Lunes",0,08:00:00,,"0.0",2,"Automóvil,Moto/Ciclomotor","Av Filipini Y Libertad",2,1,0,0,1,0,0,,"Calle",,"VILLA GOBERNADOR GÁLVEZ","Rosario","Asfalto","No existe","II","S/D","Urbana","Ninguna","No existe","Intersección","Bueno","Buena","Diurna","Buen Tiempo","S/D","S/D","Colisión","Ninguna","S/D","Ninguna","Sin restricción"
2014,2401,25/03/2014,"Martes",0,18:30:00,,"0.0",2,"Moto/Ciclomotor,Automóvil","Av A del Valle Y Gorostiaga",2,1,0,0,1,0,0,,"Avenida",,"SANTA FE","La Capital","Hormigón","No existe","I","Dentro","Urbana","Ninguna","Funciona","Intersección","Bueno","Buena","Diurna","Otro","Lateral","S/D","Colisión","Otro","Vertical","Cordón divisorio","Sin restricción"
2014,2402,23/03/2014,"Domingo",0,15:10:00,,"0.0",2,"Automóvil,Moto/Ciclomotor","Juan B Justo Y Pasteur",3,2,0,0,1,0,0,,"Calle",,"VILLA GOBERNADOR GÁLVEZ","Rosario","Asfalto","No existe","II","Dentro","Urbana","Ninguna","No existe","Intersección","Bueno","Buena","Diurna","Buen Tiempo","Lateral","S/D","Colisión","Ninguna","Faltante","Ninguna","Sin restricción"
2014,2403,07/03/2014,"Viernes",0,22:00:00,,"0.0",2,"Moto/Ciclomotor,Moto/Ciclomotor","Av A del Valle Y Callejon Funes",3,3,0,0,0,0,0,,"Calle",,"SANTA FE","La Capital","Asfalto","Natural","I","Dentro","Urbana","Ninguna","No existe","Recta","Bueno","Buena","Nocturna,Con luz artificial","Buen Tiempo","De alcance","S/D","Colisión","S/D","Faltante","Cordón divisorio","Sin restricción"
2014,2404,06/03/2014,"Jueves",0,08:00:00,,"0.0",2,"Peatón,Automóvil","Av del Libertador Y Almafuerte",2,1,0,0,1,0,0,,"Calle",,"VILLA GOBERNADOR GÁLVEZ","Rosario","Asfalto","No existe","II","S/D","Urbana","Ninguna","No existe","Intersección","Bueno","Buena","Diurna","Buen Tiempo","S/D","S/D","Atropello","Ninguna","Faltante","Ninguna","Sin restricción"
2014,2405,17/03/2014,"Lunes",0,11:15:00,,"0.0",2,"Peatón,Moto/Ciclomotor","Copihue Y Ceibo",2,1,0,0,0,0,1,,"Calle",,"ROSARIO","Rosario","Asfalto","S/D","II","Dentro","Urbana","S/D","No existe","Intersección","Bueno","Buena","Diurna","Buen Tiempo","S/D","S/D","Atropello","Ninguna","Horizontal","S/D","S/D"
2014,2406,04/03/2014,"Martes",0,12:00:00,,"0.0",2,"Moto/Ciclomotor,Moto/Ciclomotor","Boulevard General San Martin Y Porteña",2,0,1,0,1,0,0,,"Calle",,"SALTO GRANDE","Iriondo","Hormigón","S/D","X","Dentro","Urbana","Ninguna","No existe","Intersección","Bueno","Buena","Diurna","Buen Tiempo","Lateral","S/D","Colisión","S/D","Faltante","Ninguna","S/D"
2014,2407,12/03/2014,"Miercoles",0,13:35:00,,"0.0",2,"Automóvil,Moto/Ciclomotor","Av Facundo Zuviria Y Espora",3,1,0,0,2,0,0,,"Avenida",,"SANTA FE","La Capital","Hormigón","No existe","I","S/D","Urbana","Ninguna","No existe","Intersección","Bueno","Buena","Diurna","Otro","Lateral","S/D","Colisión","Otro","Faltante","Cordón divisorio","Sin restricción"