"anio_acci","nro_acci","fecha","desc_dia","fecha_aprox","hora_aprox","desc_ruta","km","cant_participantes","desc_participante","calle_avenida_km","total","heridos_leves","heridos_graves","heridos_gravisimos","ilesos","fallecidos","sin_datos","posicion_XY","desc_tipo_via","desc_ruta_ori","desc_loc","desc_dpto","desc_tipo_calzada","desc_tipo_banquina","desc_unidad_regional","desc_lugar_calzada","desc_zona","desc_prioridad","desc_estado_semaforo","desc_lugar_via","desc_estado_via","desc_estado_visibilidad","desc_luminosidad","desc_estado_clima","desc_tipo_colision","desc_tipo_atropello","desc_tipo_hecho","desc_pres_calzada","desc_senializacion","desc_separacion_via","desc_restriccion"
2014,2408,25/03/2014,"Martes",0,12:50:00,,"0.0",2,"Moto/Ciclomotor,Camión","Av Facundo Zuviria Y Gutierrez",2,1,0,0,1,0,0,,"Avenida",,"SANTA FE","La Capital","S/D","S/D","I","Dentro","Urbana","Ninguna","S/D","Intersección","S/D","S/D","Diurna","Otro","Lateral","S/D","Colisión","Otro","Vertical","Cordón divisorio","Sin restricción"
2014,2409,30/03/2014,"Domingo",0,19:05:00,,"0.0",2,"Automóvil,Automóvil","Nogues Y Av Ntra Sra de la Paz",2,1,0,0,1,0,0,,"Avenida",,"VILLA GOBERNADOR GÁLVEZ","Rosario","Asfalto","No existe","II","S/D","Urbana","Ninguna","No existe","Recta","Bueno","Buena","Atardecer","Buen Tiempo","De alcance","S/D","Colisión","S/D","Faltante","Ninguna","Sin restricción"
2014,2410,14/03/2014,"Viernes",0,02:30:00,"Autopista Provincial Brigadier E.López","40.0",2,"Camión,Camión"," ",3,0,1,0,2,0,0,,"Autopista","Brigadier E.López","OLIVEROS","Iriondo","Asfalto","Pavimento","X","S/D","Rural","Ninguna","No existe","Recta","Bueno","Buena","Nocturna","Buen Tiempo","De alcance","S/D","Colisión","S/D","Horizontal","Vegetación","Sin restricción"
2014,2411,09/03/2014,"Domingo",0,17:00:00,,"0.0",2,"Automóvil,Moto/Ciclomotor","Av Facundo Zuviria Y Domingo Silva",4,2,0,0,2,0,0,,"Avenida",,"SANTA FE","La Capital","Hormigón","No existe","II","Dentro","Urbana","Ninguna","Funciona","Intersección","Bueno","Buena","Diurna","Otro","Lateral","S/D","Colisión","Otro","Vertical","Cordón divisorio","Sin restricción"
2014,2412,22/03/2014,"Sabado",0,05:00:00,,"0.0",2,"Moto/Ciclomotor,Otros","G Lopez ",2,1,0,0,0,0,1,,"Calle",,"VILLA GOBERNADOR GÁLVEZ","Rosario","Asfalto","No existe","II","S/D","Urbana","Ninguna","No existe","Recta","Bueno","Buena","Diurna","Buen Tiempo","De alcance","S/D","Colisión","S/D","Faltante","Ninguna","Sin restricción"
2014,2413,12/03/2014,"Miercoles",0,21:00:00,,"0.0",2,"Automóvil,Moto/Ciclomotor","Cordoba Y 9 de Julio",2,1,0,0,1,0,0,,"Calle",,"SANTA FE","La Capital","Hormigón","No existe","I","Dentro","Urbana","Ninguna","No existe","Intersección","Bueno","Buena","Nocturna,Con luz artificial","Otro","Lateral","S/D","Colisión","Otro","Faltante","Cordón divisorio","Sin restricción"
2014,2414,07/03/2014,"Viernes",0,12:40:00,,"0.0",2,"Automóvil,Moto/Ciclomotor","Soldado Aguirre Y San Nicolas",3,2,0,0,1,0,0,,"Calle",,"VILLA GOBERNADOR GÁLVEZ","Rosario","Asfalto","No existe","II","Dentro","Urbana","Ninguna","No existe","Intersección","Bueno","Buena","Diurna","Buen Tiempo","Lateral","S/D","Colisión","Ninguna","Faltante","S/D","Sin restricción"
2014,2415,20/03/2014,"Jueves",0,13:15:00,,"0.0",2,"Bicicleta,Automóvil","Av Juan Domingo Peron Y Nogues",2,1,0,0,1,0,0,,"Avenida",,"VILLA GOBERNADOR GÁLVEZ","Rosario","Asfalto","No existe","II","S/D","Urbana","Ninguna","No existe","Recta","Bueno","Buena","Diurna","Buen Tiempo","S/D","S/D","Atropello","S/D","Faltante","Ninguna","Sin restricción"
2014,2416,06/03/2014,"Jueves",0,21:15:00,,"0.0",2,"Moto/Ciclomotor,Peatón","9 de Julio ",2,2,0,0,0,0,0,,"Calle",,"CALCHAQUÍ","Vera","Tierra","Natural","XIX","Dentro","Urbana","Ninguna","No existe","Recta","Bueno","S/D","Nocturna","Buen Tiempo","S/D","S/D","Atropello","S/D","Faltante","S/D","Sin restricción"
2014,2417,17/03/2014,"Lunes",0,14:40:00,,"0.0",2,"Automóvil,Otros","Corrientes ",4,2,0,0,1,0,1,,"Calle",,"VILLA GOBERNADOR GÁLVEZ","Rosario","Asfalto","No existe","II","Dentro","Urbana","Ninguna","No existe","Recta","Bueno","Buena","Diurna","Buen Tiempo","De alcance","S/D","Colisión","S/D","Faltante","Ninguna","Sin restricción"
2014,2418,15/03/2014,"Sabado",0,18:30:00,,"0.0",2,"Moto/Ciclomotor,Moto/Ciclomotor","Pellegrini Y Salta",3,2,0,0,1,0,0,,"Calle",,"OLIVEROS","Iriondo","Asfalto","No existe","X","Dentro","Urbana","Ninguna","No existe","Intersección","Bueno","Buena","Diurna","Buen Tiempo","Lateral","S/D","Colisión","S/D","Faltante","Ninguna","Sin restricción"
2014,2419,07/03/2014,"Viernes",0,20:20:00,,"0.0",2,"Automóvil,Moto/Ciclomotor","Quintana Y 1ro de Mayo",2,1,0,0,1,0,0,,"Calle",,"SANTA FE","La Capital","Hormigón","No existe","I","Dentro","Urbana","Ninguna","No existe","Intersección","Otro","Buena","Atardecer,Con luz artificial","Otro","Lateral","S/D","Colisión","S/D","Faltante","Cordón divisorio","Sin restricción"
2014,2420,06/03/2014,"Jueves",0,12:40:00,,"0.0",1,"Tracción animal / Carro","Av Filipini ",2,2,0,0,0,0,0,,"Avenida",,"VILLA GOBERNADOR GÁLVEZ","Rosario","Asfalto","S/D","II","Dentro","Urbana","S/D","No existe","Curva","Bueno","Buena","Diurna","Buen Tiempo","Contra objeto fijo","S/D","Colisión","Ninguna","S/D","Cordón divisorio","Sin restricción"
2014,2421,28/03/2014,"Viernes",0,21:30:00,,"0.0",2,"Moto/Ciclomotor,Automóvil","Av Gral San Martin Y Emilio Zola",2,1,0,0,1,0,0,,"Calle",,"VILLA GOBERNADOR GÁLVEZ","Rosario","Asfalto","No existe","II","Dentro","Urbana","Ninguna","No existe","Recta","Con baches","Buena","Nocturna","Buen Tiempo","Lateral","S/D","Colisión","Otro","Faltante","Ninguna","Sin restricción"
2014,2422,17/03/2014,"Lunes",0,21:00:00,,"0.0",2,"Moto/Ciclomotor,Automóvil","San Juan Y Mendoza",2,1,0,0,1,0,0,,"Calle",,"SANTA FE","La Capital","S/D","S/D","I","Dentro","Urbana","S/D","S/D","S/D","S/D","S/D","Nocturna","S/D","S/D","S/D","S/D","S/D","S/D","S/D","S/D"
2014,2423,05/03/2014,"Miercoles",0,21:45:00,,"0.0",2,"Automóvil,Moto/Ciclomotor","Av A del Valle Y Luciano Torrent",2,1,0,0,1,0,0,,"Avenida",,"SANTA FE","La Capital","Hormigón","No existe","I","Dentro","Urbana","Ninguna","No existe","Intersección","Bueno","Buena","Nocturna,Con luz artificial","Otro","Lateral","S/D","Colisión","Otro","S/D","Cordón divisorio","Sin restricción"
2014,2424,29/03/2014,"Sabado",0,16:10:00,"Autopista Provincial Brigadier E.López","42.0",2,"Automóvil,Automóvil"," ",3,3,0,0,0,0,0,,"Autopista","Brigadier E.López","OLIVEROS","Iriondo","Asfalto","Natural","X","Dentro","Rural","Ninguna","No existe","Recta","Bueno","Buena","Diurna","Buen Tiempo","De alcance","S/D","Colisión","S/D","Horizontal,Vertical","Vegetación","Sin restricción"
2014,2425,16/03/2014,"Domingo",0,14:05:00,,"0.0",2,"Moto/Ciclomotor,Moto/Ciclomotor","Primera Junta Y Lamadrid",2,2,0,0,0,0,0,,"Calle",,"SANTA FE","La Capital","S/D","S/D","I","S/D","Urbana","S/D","S/D","S/D","S/D","S/D","S/D","S/D","S/D","S/D","S/D","S/D","S/D","S/D","S/D"
2014,2426,05/03/2014,"Miercoles",0,20:10:00,,"0.0",2,"Automóvil,Moto/Ciclomotor","Av Facundo Zuviria Y Espora",3,1,0,0,2,0,0,,"Avenida",,"SANTA FE","La Capital","Asfalto","No existe","I","Dentro","Urbana","Ninguna","No existe","Intersección","Bueno","S/D","Atardecer,Con luz artificial","Otro","Lateral","S/D","Colisión","Otro","Faltante","Cordón divisorio","Sin restricción"
2014,2427,06/03/2014,"Jueves",0,09:40:00,,"0.0",1,"Moto/Ciclomotor","Av Gral San Martin Y Av de Circunvalacion",2,2,0,0,0,0,0,,"Avenida",,"VILLA GOBERNADOR GÁLVEZ","Rosario","Asfalto","Natural","II","Dentro","Urbana","Ninguna","No existe","Intersección","Bueno","Buena","Diurna","Buen Tiempo","S/D","S/D","Caída ocupante","Ninguna","S/D","S/D","Sin restricción"
2014,2428,21/03/2014,"Viernes",0,07:55:00,,"0.0",2,"Automóvil,Moto/Ciclomotor","Domingo Silva Y Av Pte Peron",2,1,0,0,1,0,0,,"Avenida",,"SANTA FE","La Capital","Asfalto","Pavimento","I","Dentro","Urbana","Ninguna","No existe","Intersección","Bueno","Buena","Diurna","Buen Tiempo","S/D","S/D","Colisión","S/D","S/D","Ninguna","Sin restricción"
2014,2429,05/03/2014,"Miercoles",0,17:15:00,,"0.0",2,"Moto/Ciclomotor,Automóvil","Av Gral San Martin Y Einstein bis",2,2,0,0,0,0,0,,"Avenida",,"VILLA GOBERNADOR GÁLVEZ","Rosario","Asfalto","No existe","II","Dentro","Urbana","Ninguna","No existe","Recta","Con baches","Buena","Diurna","Buen Tiempo","Lateral","S/D","Colisión","Otro","Faltante","Ninguna","Sin restricción"
2014,2430,14/03/2014,"Viernes",0,19:20:00,,"0.0",2,"Moto/Ciclomotor,Moto/Ciclomotor","Sarmiento Y Pje J B de Del Coro",2,2,0,0,0,0,0,,"Calle",,"CORREA","Iriondo","Asfalto","Pavimento","X","Dentro","Urbana","Ninguna","No existe","Intersección","Bueno","Buena","Atardecer","Buen Tiempo","Lateral","S/D","Colisión","S/D","S/D","Línea divisoria pintada","Sin restricción"
2014,2431,13/03/2014,"Jueves",0,15:47:00,,"0.0",2,"Moto/Ciclomotor,Pickup/Utilitario","Av Pte Peron ",2,1,0,0,0,0,1,,"Avenida",,"SANTA FE","La Capital","Asfalto","Pavimento","I","Dentro","Urbana","S/D","No existe","Recta","Bueno","Buena","Diurna","Buen Tiempo","S/D","S/D","Colisión","S/D","S/D","S/D","Sin restricción"
2014,2432,07/03/2014,"Viernes",0,12:00:00,,"0.0",2,"Moto/Ciclomotor,Automóvil","Av Gral San Martin ",3,2,0,0,1,0,0,,"Calle",,"VILLA GOBERNADOR GÁLVEZ","Rosario","Asfalto","No existe","II","Dentro","Urbana","Ninguna","No existe","Recta","Bueno","Buena","Diurna","Buen Tiempo","Lateral","S/D","Colisión","S/D","Faltante","Ninguna","Sin restricción"
2014,2433,31/03/2014,"Lunes",0,19:30:00,"Ruta Nacional 9","0.0",2,"Moto/Ciclomotor,Camión"," ",2,1,0,0,1,0,0,,"Ruta",9,"CORREA","Iriondo","Asfalto","Ripio","X","Dentro","Urbana","Ninguna","No existe","Intersección","Bueno","Buena","Nocturna,Con luz artificial","Buen Tiempo","Lateral","S/D","Colisión","S/D","Horizontal","Línea divisoria pintada","Sin restricción"
2014,2434,02/03/2014,"Domingo",0,20:50:00,,"0.0",2,"Peatón,Moto/Ciclomotor","Laprida Y Caupolican",3,1,0,0,2,0,0,,"Calle",,"ROSARIO","Rosario","Asfalto","No existe","II","Dentro","Urbana","Ninguna","No existe","Intersección","Bueno","Buena","Nocturna","Otro","S/D","S/D","Atropello","Ninguna","Horizontal","S/D","Sin restricción"
2014,2435,04/03/2014,"Martes",0,09:15:00,,"0.0",4,"Automóvil,Automóvil,Automóvil,Automóvil","Av. Circunvalacion Y Av. Pellegrini",4,1,0,0,0,0,3,,"Calle",,"ROSARIO","Rosario","S/D","S/D","II","Dentro","Urbana","S/D","S/D","S/D","S/D","S/D","S/D","S/D","Múltiple","S/D","Colisión","S/D","S/D","S/D","S/D"
2014,2436,04/03/2014,"Martes",0,17:35:00,,"0.0",2,"Moto/Ciclomotor,Automóvil","Av. Arijon Y San Martin",2,1,0,0,0,0,1,,"Calle",,"ROSARIO","Rosario","Asfalto","S/D","II","Dentro","Urbana","Ninguna","Funciona","Intersección","Bueno","Buena","Diurna","Otro","S/D","S/D","Colisión","S/D","Vertical","Cordón divisorio","Sin restricción"
2014,2437,11/03/2014,"Martes",0,20:00:00,,"0.0",2,"Pickup/Utilitario,Bicicleta","25 de Mayo Y Roque Saenz Peña",2,1,0,0,1,0,0,,"Calle",,"CALCHAQUÍ","Vera","Asfalto","S/D","XIX","Dentro","Urbana","S/D","S/D","Intersección","Bueno","Buena","Nocturna","Buen Tiempo","S/D","S/D","Atropello","S/D","S/D","S/D","Sin restricción"
2014,2438,09/03/2014,"Domingo",0,15:00:00,,"0.0",2,"Automóvil,Moto/Ciclomotor","Paraguay Y Caña De Ambar",2,0,0,0,1,0,1,,"Calle",,"ROSARIO","Rosario","Asfalto","S/D","II","Dentro","Urbana","S/D","No existe","Intersección","Bueno","Buena","Diurna","Otro","S/D","S/D","Colisión","Ninguna","Horizontal","S/D","Sin restricción"
2014,2439,15/03/2014,"Sabado",0,12:45:00,,"0.0",2,"Moto/Ciclomotor,Automóvil","Primera Junta Y Francia",3,2,0,0,1,0,0,,"Calle",,"SANTA FE","La Capital","S/D","S/D","I","Dentro","Urbana","S/D","S/D","Intersección","S/D","S/D","Diurna","S/D","S/D","S/D","Colisión","S/D","S/D","S/D","S/D"
2014,2440,10/03/2014,"Lunes",0,18:00:00,,"0.0",2,"Moto/Ciclomotor,Automóvil","Av. Corrientes 5900",3,2,0,0,1,0,0,,"Avenida",,"ROSARIO","Rosario","Asfalto","S/D","II","Dentro","Urbana","Ninguna","No existe","Recta","Bueno","Buena","Diurna","S/D","S/D","S/D","Colisión","Ninguna","Horizontal","S/D","Sin restricción"
2014,2441,12/03/2014,"Miercoles",0,21:45:00,,"0.0",2,"Moto/Ciclomotor,Automóvil","Tucuman Y Zavalia",3,2,0,0,1,0,0,,"Calle",,"SANTA FE","La Capital","S/D","S/D","I","Dentro","Urbana","S/D","S/D","Intersección","S/D","S/D","Nocturna","S/D","S/D","S/D","Colisión","S/D","S/D","S/D","S/D"
2014,2442,17/03/2014,"Lunes",0,14:00:00,,"0.0",2,"Moto/Ciclomotor,Automóvil","Rafael Arrieta Y Pje. Humahuaca",2,0,1,0,1,0,0,,"Calle",,"ROSARIO","Rosario","Asfalto","S/D","II","Dentro","Urbana","Ninguna","No existe","Intersección","Bueno","Buena","Diurna","S/D","S/D","S/D","Colisión","Ninguna","Horizontal","S/D","Sin restricción"
2014,2443,12/03/2014,"Miercoles",0,12:00:00,,"0.0",2,"Automóvil,Automóvil","Bv Pellegrini Y Av Lopez y Planes",2,1,0,0,1,0,0,,"Avenida",,"SANTA FE","La Capital","S/D","S/D","I","Dentro","Urbana","S/D","S/D","Intersección","S/D","S/D","Diurna","S/D","S/D","S/D","Colisión","S/D","S/D","S/D","S/D"
2014,2444,19/03/2014,"Miercoles",0,11:30:00,,"0.0",2,"Moto/Ciclomotor,Camión","Av. Battle y Ordoñez Y Av. Bermudez",2,1,0,0,1,0,0,,"Avenida",,"ROSARIO","Rosario","Asfalto","S/D","II","Dentro","Urbana","Ninguna","S/D","Intersección","Bueno","Buena","Diurna","S/D","S/D","S/D","Colisión","Ninguna","Horizontal","S/D","Sin restricción"
2014,2445,11/03/2014,"Martes",0,11:00:00,,"0.0",2,"Moto/Ciclomotor,Automóvil","Francia Y Junin",2,1,0,0,1,0,0,,"Calle",,"SANTA FE","La Capital","S/D","S/D","I","Dentro","Urbana","S/D","S/D","Intersección","S/D","S/D","Diurna","S/D","S/D","S/D","Colisión","S/D","S/D","S/D","S/D"
2014,2446,25/03/2014,"Martes",0,17:30:00,"Ruta Provincial 21","0.0",2,"Pickup/Utilitario,Camión"," ",2,1,0,0,1,0,0,,"Ruta",21,"GENERAL LAGOS","Rosario","Asfalto","Natural","II","Dentro","Rural","Ninguna","No existe","Recta","Bueno","Buena","Atardecer","Buen Tiempo","Frontal","S/D","Colisión","S/D","Vertical","Ninguna","Sin restricción"
2014,2447,10/03/2014,"Lunes",0,11:00:00,,"0.0",2,"Automóvil,Moto/Ciclomotor","Bv Pellegrini Y Francia",2,1,0,0,1,0,0,,"Avenida",,"SANTA FE","La Capital","S/D","S/D","I","Dentro","Urbana","S/D","S/D","S/D","S/D","S/D","Diurna","S/D","S/D","S/D","Colisión","S/D","S/D","S/D","S/D"
2014,2448,27/03/2014,"Jueves",0,21:40:00,"Ruta Nacional 11","670.0",2,"Pickup/Utilitario,Moto/Ciclomotor"," ",3,1,0,0,2,0,0,,"Ruta",11,"CALCHAQUÍ","Vera","Asfalto","S/D","XIX","Dentro","S/D","S/D","S/D","Recta","Bueno","Buena","Nocturna","Buen Tiempo","S/D","S/D","Colisión","S/D","S/D","S/D","S/D"
2014,2449,10/03/2014,"Lunes",0,13:50:00,,"0.0",2,"Pickup/Utilitario,Bicicleta","Salvador Caputo Y San Lorenzo",2,1,0,0,1,0,0,"-31.637722222222,-60.715","Calle",,"SANTA FE","La Capital","S/D","S/D","I","Dentro","Urbana","S/D","S/D","Intersección","S/D","S/D","Diurna","S/D","S/D","S/D","Atropello","S/D","S/D","S/D","S/D"
2014,2450,02/03/2014,"Domingo",0,19:30:00,,"0.0",2,"Moto/Ciclomotor,Automóvil","Av Freyre Y Vera",3,2,0,0,1,0,0,,"Avenida",,"SANTA FE","La Capital","S/D","S/D","I","Dentro","Urbana","S/D","S/D","S/D","S/D","S/D","Atardecer","S/D","S/D","S/D","Colisión","S/D","S/D","S/D","S/D"
2014,2451,07/03/2014,"Viernes",0,19:30:00,,"0.0",2,"Moto/Ciclomotor,Pickup/Utilitario","Bv Pellegrini Y Av Freyre",4,3,0,0,1,0,0,,"Avenida",,"SANTA FE","La Capital","S/D","S/D","I","S/D","Urbana","S/D","S/D","S/D","S/D","S/D","S/D","S/D","S/D","S/D","S/D","S/D","S/D","S/D","S/D"
2014,2452,02/03/2014,"Domingo",0,14:20:00,,"0.0",2,"Moto/Ciclomotor,Automóvil","Av Freyre 2350",2,1,0,0,1,0,0,,"Avenida",,"SANTA FE","La Capital","S/D","S/D","I","Dentro","Urbana","S/D","S/D","S/D","S/D","S/D","Diurna","S/D","S/D","S/D","Colisión","S/D","S/D","S/D","S/D"
2014,2453,01/04/2014,"Martes",0,08:05:00,,"0.0",2,"Automóvil,Moto/Ciclomotor","Av. Pellegrini Y Alsina",3,2,0,0,1,0,0,,"Calle",,"ROSARIO","Rosario","Asfalto","S/D","II","Dentro","Urbana","S/D","S/D","Intersección","S/D","S/D","Diurna","S/D","S/D","S/D","Colisión","S/D","S/D","S/D","S/D"
2014,2454,10/03/2014,"Lunes",0,19:55:00,,"0.0",2,"Moto/Ciclomotor,Moto/Ciclomotor","Buenos Aires Y Av. Battle y Ordoñez",3,2,0,0,1,0,0,,"Avenida",,"ROSARIO","Rosario","Asfalto","S/D","II","Dentro","Urbana","Ninguna","No existe","Recta","Bueno","Buena","Nocturna","Otro","Otro","S/D","Colisión","Ninguna","Horizontal","Cordón divisorio","Sin restricción"
2014,2455,17/03/2014,"Lunes",0,16:30:00,,"0.0",2,"Automóvil,Pickup/Utilitario","Vera Mujica Y Arenales",3,1,0,0,2,0,0,,"Calle",,"SANTA FE","La Capital","Asfalto","S/D","II","Dentro","Urbana","S/D","S/D","Intersección","S/D","S/D","Diurna","S/D","S/D","S/D","Colisión","S/D","S/D","S/D","S/D"
2014,2456,06/03/2014,"Jueves",0,22:00:00,,"0.0",2,"Moto/Ciclomotor,Pickup/Utilitario","Primera Junta 4100",2,1,0,0,1,0,0,,"Calle",,"SANTA FE","La Capital","S/D","S/D","I","S/D","Urbana","S/D","S/D","S/D","S/D","S/D","Nocturna","S/D","S/D","S/D","S/D","S/D","S/D","S/D","S/D"
2014,2457,17/03/2014,"Lunes",0,22:35:00,,"0.0",2,"Vehículo Oficial,Automóvil","Junin 1800",3,2,0,0,1,0,0,,"Calle",,"ROSARIO","Rosario","Asfalto","No existe","II","Dentro","Urbana","S/D","S/D","Intersección","S/D","S/D","Nocturna","S/D","S/D","S/D","Colisión","S/D","S/D","S/D","S/D"
2014,2458,01/04/2014,"Martes",0,08:40:00,,"0.0",2,"Automóvil,Moto/Ciclomotor","San Luis Y Crespo",2,1,0,0,1,0,0,,"Calle",,"ROSARIO","Rosario","Asfalto","S/D","II","Dentro","Urbana","S/D","S/D","Intersección","S/D","S/D","Diurna","S/D","S/D","S/D","Colisión","S/D","S/D","S/D","S/D"
2014,2459,06/03/2014,"Jueves",0,13:40:00,,"0.0",2,"Bicicleta,Otros","Bv Pellegrini Y Av Lopez y Planes",2,1,0,0,1,0,0,"-31.633138888889,-60.715027777778","Avenida",,"SANTA FE","La Capital","S/D","S/D","I","S/D","Urbana","S/D","S/D","S/D","S/D","S/D","Diurna","S/D","S/D","S/D","Atropello","S/D","S/D","S/D","S/D"
2014,2460,24/04/2014,"Jueves",0,12:30:00,,"0.0",2,"Automóvil,Automóvil","Montevideo 1200",2,1,0,0,1,0,0,,"Calle",,"ROSARIO","Rosario","Asfalto","S/D","II","Dentro","Urbana","S/D","S/D","Recta","Bueno","Buena","Diurna","Buen Tiempo","De alcance","S/D","Colisión","S/D","S/D","Cordón divisorio","S/D"
2014,2461,20/03/2014,"Jueves",0,08:55:00,,"0.0",2,"Moto/Ciclomotor,Automóvil","J M Zuviria Y 4 de Enero",2,1,0,0,1,0,0,,"Calle",,"SANTA FE","La Capital","S/D","S/D","I","Dentro","Urbana","S/D","S/D","Intersección","S/D","S/D","S/D","S/D","S/D","S/D","Colisión","S/D","S/D","S/D","S/D"
2014,2462,20/03/2014,"Jueves",0,13:15:00,,"0.0",2,"Moto/Ciclomotor,Automóvil"," ",4,3,0,0,1,0,0,,"Avenida",,"ROSARIO","Rosario","Asfalto","S/D","II","Dentro","Urbana","Ninguna","No existe","Recta","Bueno","Buena","Diurna","Otro","Otro","S/D","Colisión","Ninguna","Horizontal","Cordón divisorio","Sin restricción"
2014,2463,01/04/2014,"Martes",0,16:30:00,,"0.0",2,"Peatón,Taxi/Remis","Av. Francia Y San Luis",2,1,0,0,1,0,0,,"Avenida",,"ROSARIO","Rosario","S/D","S/D","II","Dentro","Urbana","S/D","S/D","Intersección","S/D","S/D","Diurna","S/D","S/D","S/D","Atropello","S/D","S/D","S/D","S/D"
2014,2464,05/03/2014,"Miercoles",0,10:20:00,,"0.0",2,"Moto/Ciclomotor,Automóvil","Av Freyre Y Hipolito Yrigoyen",2,1,0,0,1,0,0,,"Avenida",,"SANTA FE","La Capital","S/D","S/D","I","S/D","Urbana","S/D","S/D","S/D","S/D","S/D","S/D","S/D","S/D","S/D","S/D","S/D","S/D","S/D","S/D"
2014,2465,19/03/2014,"Miercoles",0,17:20:00,,"0.0",2,"Bicicleta,Moto/Ciclomotor","Estanislao Zeballos Y San Juan",2,1,0,0,1,0,0,"-31.602361111111,-60.708888888889","Avenida",,"SANTA FE","La Capital","S/D","S/D","I","Dentro","Urbana","S/D","S/D","S/D","S/D","S/D","Diurna","S/D","S/D","S/D","Atropello","S/D","S/D","S/D","S/D"
2014,2466,15/04/2014,"Martes",0,20:30:00,,"0.0",2,"Vehículo Oficial,Automóvil","Rioja 700",2,1,0,0,1,0,0,,"Calle",,"ROSARIO","Rosario","Asfalto","S/D","II","Dentro","Urbana","S/D","S/D","Recta","Bueno","Buena","Nocturna","Buen Tiempo","De alcance","S/D","Colisión","S/D","S/D","Barrera de alto impacto","S/D"
2014,2467,15/03/2014,"Sabado",0,20:30:00,,"0.0",2,"Bicicleta,Automóvil","Patricios Y Arteaga",2,1,0,0,1,0,0,,"Calle",,"ROSARIO","Rosario","Asfalto","S/D","II","Dentro","Urbana","Ninguna","No existe","Intersección","Bueno","Buena","Nocturna","Otro","Otro","S/D","Colisión","Ninguna","Horizontal","Cordón divisorio","Sin restricción"
2014,2468,21/03/2014,"Viernes",0,20:10:00,,"0.0",2,"Moto/Ciclomotor,Automóvil","Av Facundo Zuviria Y Estanislao Zeballos",2,1,0,0,1,0,0,,"Avenida",,"SANTA FE","La Capital","S/D","S/D","I","Dentro","Urbana","S/D","S/D","Intersección","S/D","S/D","Nocturna","S/D","S/D","S/D","Colisión","S/D","S/D","S/D","S/D"
2014,2469,03/03/2014,"Lunes",0,00:50:00,,"0.0",2,"Taxi/Remis,Automóvil","Francia Y Mendoza",2,1,0,0,1,0,0,,"Calle",,"SANTA FE","La Capital","S/D","S/D","I","S/D","Urbana","S/D","S/D","S/D","S/D","S/D","S/D","S/D","S/D","S/D","S/D","S/D","S/D","S/D","S/D"
2014,2470,12/04/2014,"Sabado",0,11:00:00,,"0.0",2,"Taxi/Remis,Pickup/Utilitario","L.N.Alem Y 3 De Febrero",2,2,0,0,0,0,0,,"Calle",,"ROSARIO","Rosario","Asfalto","S/D","II","Dentro","Urbana","S/D","S/D","Intersección","Bueno","S/D","Diurna","S/D","Lateral","S/D","Colisión","S/D","S/D","Cordón divisorio","S/D"
2014,2471,01/04/2014,"Martes",0,23:30:00,,"0.0",3,"Automóvil,Moto/Ciclomotor,Moto/Ciclomotor","Valparaiso Y Cordoba",3,2,0,0,1,0,0,,"Calle",,"ROSARIO","Rosario","Asfalto","S/D","II","Dentro","Urbana","S/D","S/D","Intersección","S/D","S/D","Nocturna","S/D","S/D","S/D","Colisión","S/D","S/D","S/D","S/D"
2014,2472,04/04/2014,"Viernes",0,15:30:00,,"0.0",2,"Bicicleta,Automóvil","Pueyrredon Y San Luis",2,1,0,0,1,0,0,,"Calle",,"ROSARIO","Rosario","Asfalto","S/D","II","Dentro","Urbana","S/D","S/D","Intersección","S/D","S/D","S/D","S/D","S/D","S/D","Atropello","S/D","S/D","S/D","S/D"
2014,2473,12/03/2014,"Miercoles",0,06:00:00,,"0.0",2,"Automóvil,Moto/Ciclomotor","Cordoba Y Andreu",2,1,0,0,1,0,0,,"Calle",,"VILLA GOBERNADOR GÁLVEZ","Rosario","Asfalto","No existe","II","Dentro","Urbana","Ninguna","No existe","Recta","Bueno","Buena","Amanecer,Con luz artificial","Buen Tiempo","De alcance","S/D","Colisión","S/D","Faltante","Ninguna","Sin restricción"
2014,2474,05/03/2014,"Miercoles",0,09:00:00,,"0.0",2,"Automóvil,Peatón","A Lezama ",2,1,0,0,1,0,0,,"Calle",,"VERA","Vera","Asfalto","No existe","XIX","Dentro","Urbana","Ninguna","No existe","Recta","Bueno","Buena","Diurna","Buen Tiempo","S/D","S/D","Atropello","Otro","Faltante","Ninguna","Sin restricción"
2014,2475,11/04/2014,"Viernes",0,13:50:00,,"0.0",2,"Moto/Ciclomotor,Bicicleta","Av. De La Libertad Y San Juan",3,2,0,0,1,0,0,,"Calle",,"ROSARIO","Rosario","Asfalto","S/D","II","Dentro","Urbana","S/D","S/D","Intersección","Bueno","Buena","Diurna","Buen Tiempo","S/D","S/D","Atropello","S/D","S/D","Cordón divisorio","S/D"
2014,2476,07/03/2014,"Viernes",0,16:45:00,,"0.0",3,"Automóvil,Moto/Ciclomotor,Bicicleta","Iturraspe ",5,3,0,0,0,0,2,"-31.626805555556,-60.713916666667","Calle",,"SANTA FE","La Capital","Asfalto","No existe","I","Dentro","Urbana","Ninguna","No existe","Recta","Bueno","Buena","Diurna","Buen Tiempo","Múltiple","S/D","Colisión","S/D","S/D","Cordón divisorio","Sin restricción"
2014,2477,06/03/2014,"Jueves",0,11:00:00,,"0.0",2,"Automóvil,Moto/Ciclomotor","Rosario Y Colon",2,1,0,0,1,0,0,,"Calle",,"VERA","Vera","Tierra","No existe","XIX","Dentro","Urbana","Ninguna","No existe","Intersección","Bueno","Buena","Diurna","Buen Tiempo","Frontal","S/D","Colisión","Otro","Faltante","Ninguna","Sin restricción"