"anio_acci","nro_acci","fecha","desc_dia","fecha_aprox","hora_aprox","desc_ruta","km","cant_participantes","desc_participante","calle_avenida_km","total","heridos_leves","heridos_graves","heridos_gravisimos","ilesos","fallecidos","sin_datos","posicion_XY","desc_tipo_via","desc_ruta_ori","desc_loc","desc_dpto","desc_tipo_calzada","desc_tipo_banquina","desc_unidad_regional","desc_lugar_calzada","desc_zona","desc_prioridad","desc_estado_semaforo","desc_lugar_via","desc_estado_via","desc_estado_visibilidad","desc_luminosidad","desc_estado_clima","desc_tipo_colision","desc_tipo_atropello","desc_tipo_hecho","desc_pres_calzada","desc_senializacion","desc_separacion_via","desc_restriccion"
2014,2478,07/04/2014,"Lunes",0,12:30:00,,"0.0",2,"Taxi/Remis,Pickup/Utilitario","Italia Y San Juan",2,1,0,0,1,0,0,,"Calle",,"ROSARIO","Rosario","Asfalto","S/D","II","Dentro","Urbana","Ninguna","No existe","Recta","Bueno","Buena","Diurna","Buen Tiempo","Frontal","S/D","Colisión","S/D","Faltante","Cordón divisorio","Sin restricción"
2014,2479,30/03/2014,"Domingo",0,06:45:00,"Ruta Nacional A012","34.9",2,"Automóvil,Camión"," ",4,2,1,0,1,0,0,,"Ruta","A012","ZAVALLA","Rosario","Asfalto","Pavimento","II","Dentro","Urbana","Ninguna","No existe","Recta","Bueno","Reducida","Diurna","Buen Tiempo","De alcance","S/D","Colisión","S/D","Horizontal","Línea divisoria pintada","Sin restricción"
2014,2480,22/03/2014,"Sabado",0,18:00:00,,"0.0",2,"Moto/Ciclomotor,Automóvil","Diagonal Goyena 3500",2,1,0,0,1,0,0,,"Calle",,"SANTA FE","La Capital","S/D","S/D","I","S/D","Urbana","S/D","S/D","S/D","S/D","S/D","S/D","S/D","S/D","S/D","Colisión","S/D","S/D","S/D","S/D"
2014,2481,22/03/2014,"Sabado",0,,,"0.0",2,"Moto/Ciclomotor,Moto/Ciclomotor","R S Pe±a Y Sarmiento D",2,0,0,0,1,0,1,,"Calle",,"VERA","Vera","Tierra","No existe","XIX","Dentro","Urbana","Ninguna","No existe","Otro","Ahuellamiento","Buena","Diurna","Buen Tiempo","Lateral","S/D","Colisión","Material Suelto","Faltante","Ninguna","Sin restricción"
2014,2482,09/04/2014,"Miercoles",0,08:30:00,,"0.0",2,"Moto/Ciclomotor,Automóvil","Mendoza Y Mitre",3,2,0,0,1,0,0,,"Calle",,"ROSARIO","Rosario","Asfalto","S/D","II","Dentro","Urbana","Ninguna","No existe","Recta","Bueno","Buena","Diurna","Buen Tiempo","Frontal","S/D","Colisión","S/D","Faltante","Cordón divisorio","Sin restricción"
2014,2483,25/03/2014,"Martes",0,10:40:00,,"0.0",2,"Moto/Ciclomotor,Automóvil","Saavedra Y Diagonal Goyena",2,1,0,0,1,0,0,,"Calle",,"SANTA FE","La Capital","S/D","S/D","I","Dentro","Urbana","S/D","S/D","S/D","S/D","S/D","Diurna","S/D","S/D","S/D","Colisión","S/D","S/D","S/D","S/D"
2014,2484,12/03/2014,"Miercoles",0,13:00:00,,"0.0",2,"Moto/Ciclomotor,Pickup/Utilitario","Pte Peron 1250",3,1,0,0,2,0,0,,"Avenida",,"VERA","Vera","Asfalto","No existe","XIX","Dentro","Urbana","Ninguna","No existe","Recta","Con baches","Reducida polvo","Diurna","Buen Tiempo","De alcance","S/D","Colisión","Material Suelto","Faltante","Ninguna","Sin restricción"
2014,2485,04/04/2014,"Viernes",0,17:50:00,,"0.0",2,"Peatón,Automóvil","Servando Bayo Y Marcos Paz",2,1,0,0,1,0,0,,"Calle",,"ROSARIO","Rosario","Asfalto","No existe","II","Dentro","Urbana","Otra Señal","No existe","S/D","Bueno","Buena","Diurna","Buen Tiempo","S/D","S/D","Atropello","Otro","Horizontal","S/D","Sin restricción"
2014,2486,11/03/2014,"Martes",0,16:30:00,,"0.0",2,"Moto/Ciclomotor,Automóvil","BUSANICHE JULIO Y MARQUEZ",2,1,0,0,1,0,0,,"Calle",,"SANTA FE","La Capital","Asfalto","Pavimento","I","Dentro","Urbana","Ninguna","No existe","Intersección","Bueno","Buena","Diurna","Buen Tiempo","Lateral","S/D","Colisión","S/D","Faltante","Cordón divisorio","Sin restricción"
2014,2487,06/04/2014,"Domingo",0,04:00:00,,"0.0",2,"Automóvil,Taxi/Remis","Rioja Y Av. Corrientes",3,1,0,0,2,0,0,,"Calle",,"ROSARIO","Rosario","Asfalto","S/D","II","Dentro","Urbana","Semáforo","Intermitente","Intersección","Bueno","Buena","Nocturna,Con luz artificial","Buen Tiempo","Lateral","S/D","Colisión","S/D","Vertical","Cordón divisorio","Sin restricción"
2014,2488,13/03/2014,"Jueves",0,10:00:00,,"0.0",2,"Bicicleta,Automóvil","Av. Pte.Peron Y 3 De Febrero",2,1,0,0,1,0,0,,"Calle",,"ROSARIO","Rosario","Asfalto","No existe","II","S/D","Urbana","Ninguna","No existe","Recta","Bueno","Buena","Diurna","Buen Tiempo","S/D","S/D","Atropello","S/D","Faltante","Ninguna","Sin restricción"
2014,2489,19/03/2014,"Miercoles",0,19:30:00,,"0.0",2,"Moto/Ciclomotor,Automóvil","Derqui Y 4 de Enero",2,0,0,0,0,0,2,,"Calle",,"SANTA FE","La Capital","S/D","S/D","I","Dentro","Urbana","S/D","S/D","Intersección","S/D","S/D","Diurna","S/D","S/D","S/D","Colisión","S/D","S/D","S/D","S/D"
2014,2490,07/04/2014,"Lunes",0,14:50:00,,"0.0",2,"Moto/Ciclomotor,Otros","Cordoba Y Servando Bayo",2,0,0,1,1,0,0,,"Calle",,"ROSARIO","Rosario","Asfalto","No existe","II","Dentro","Urbana","Ninguna","No existe","Recta","Bueno","Buena","Diurna","Buen Tiempo","Otro","S/D","Colisión","Agua","Vertical","Barrera de alto impacto","Obra en Construcción"
2014,2491,05/04/2014,"Sabado",0,12:10:00,,"0.0",2,"Automóvil,Automóvil","Santa Fe Y Balcarce",3,2,0,0,1,0,0,,"Calle",,"ROSARIO","Rosario","Asfalto","No existe","II","Dentro","Urbana","Semáforo","Funciona","Recta","Bueno","Buena","Diurna","Buen Tiempo","Frontal","S/D","Colisión","S/D","Vertical","Cordón divisorio","Sin restricción"
2014,2492,19/03/2014,"Miercoles",0,02:40:00,,"0.0",2,"Moto/Ciclomotor,Automóvil","PUENTE HEROES DE MALVINAS ",2,0,0,0,0,0,2,,"S/D",,"SANTA FE","La Capital","S/D","S/D","I","S/D","S/D","S/D","S/D","Puente","S/D","S/D","Nocturna","S/D","S/D","S/D","Colisión","S/D","S/D","S/D","S/D"
2014,2493,27/03/2014,"Jueves",0,11:20:00,,"0.0",2,"Automóvil,Moto/Ciclomotor","Diagonal Goyena Y Saavedra",3,0,0,0,0,0,3,,"Calle",,"SANTA FE","La Capital","S/D","S/D","I","Dentro","Urbana","S/D","S/D","S/D","S/D","S/D","Diurna","S/D","S/D","S/D","Colisión","S/D","S/D","S/D","S/D"
2014,2494,23/03/2014,"Domingo",0,07:30:00,,"0.0",2,"Moto/Ciclomotor,Automóvil","Rivadavia Y Alvear",2,1,0,0,1,0,0,,"Calle",,"VERA","Vera","Tierra","No existe","XIX","Dentro","Urbana","Ninguna","No existe","Intersección","Ahuellamiento","Reducida polvo","Amanecer","Buen Tiempo","Lateral","S/D","Colisión","S/D","Faltante","Ninguna","Sin restricción"
2014,2495,14/03/2014,"Viernes",0,21:30:00,,"0.0",2,"Automóvil,Camión","AV SAN MARTÍN Y SAN JUAN",2,1,0,0,1,0,0,,"Calle",,"GENERAL LAGOS","Rosario","Asfalto","No existe","II","Dentro","Urbana","Ninguna","No existe","Recta","Bueno","Buena","Nocturna,Con luz artificial","Buen Tiempo","Contra objeto fijo","S/D","Colisión","S/D","Faltante","Ninguna","Sin restricción"
2014,2496,22/03/2014,"Sabado",0,20:00:00,,"0.0",2,"Moto/Ciclomotor,Automóvil","Candido Pujato Y Av Lopez y Planes",2,1,0,0,1,0,0,,"Avenida",,"SANTA FE","La Capital","S/D","S/D","I","S/D","Urbana","S/D","S/D","S/D","S/D","S/D","Nocturna","S/D","S/D","S/D","Colisión","S/D","S/D","S/D","S/D"
2014,2497,25/03/2014,"Martes",0,14:30:00,,"0.0",2,"Moto/Ciclomotor,Automóvil","Av Freyre Y Salta",2,1,0,0,1,0,0,,"Avenida",,"SANTA FE","La Capital","S/D","S/D","I","Dentro","Urbana","S/D","S/D","S/D","S/D","S/D","Diurna","S/D","S/D","S/D","Colisión","S/D","S/D","S/D","S/D"
2014,2498,04/04/2014,"Viernes",0,17:50:00,,"0.0",2,"Peatón,Otros","Av. Ovidio Lagos Y Montevideo",2,1,0,0,1,0,0,,"Calle",,"ROSARIO","Rosario","Asfalto","No existe","II","Dentro","Urbana","Otra Señal","Funciona","Recta","Bueno","Reducida polvo","Diurna","Buen Tiempo","S/D","S/D","Atropello","S/D","Horizontal","Barrera de hormigón","Sin restricción"
2014,2499,18/03/2014,"Martes",0,12:50:00,,"0.0",2,"Moto/Ciclomotor,Camión","Dr Zavalla Y San Juan",2,0,0,0,0,0,2,,"Calle",,"SANTA FE","La Capital","S/D","S/D","I","S/D","S/D","S/D","S/D","Intersección","S/D","S/D","Diurna","S/D","S/D","S/D","Colisión","S/D","S/D","S/D","S/D"
2014,2500,07/04/2014,"Lunes",0,08:45:00,,"0.0",2,"Peatón,Moto/Ciclomotor","Av. Pellegrini Y San Martin",3,2,0,0,1,0,0,,"Avenida",,"ROSARIO","Rosario","Asfalto","S/D","II","Dentro","Urbana","Semáforo","Funciona","Intersección","Bueno","Buena","Diurna","Buen Tiempo","S/D","S/D","Atropello","S/D","Vertical","Cordón divisorio","Sin restricción"
2014,2501,10/03/2014,"Lunes",0,11:30:00,,"0.0",3,"Bicicleta,Peatón,Automóvil","Av. Battle y Ordoñez Y Paraguay",3,1,1,0,1,0,0,,"Avenida",,"ROSARIO","Rosario","Asfalto","S/D","II","Dentro","Urbana","Ninguna","No existe","Recta","Bueno","Buena","Diurna","Otro","Múltiple","S/D","Colisión,Atropello","S/D","Horizontal","Cordón divisorio","Sin restricción"
2014,2502,13/03/2014,"Jueves",0,20:50:00,,"0.0",2,"Moto/Ciclomotor,Automóvil","Saavedra 2855",3,1,1,0,1,0,0,,"Calle",,"ZAVALLA","Rosario","Ripio","No existe","II","Dentro","Urbana","Ninguna","No existe","Recta","Bueno","Buena","Nocturna,Con luz artificial","Buen Tiempo","Lateral","S/D","Colisión","S/D","Faltante","Ninguna","Sin restricción"
2014,2503,07/04/2014,"Lunes",0,22:00:00,,"0.0",2,"Transporte de Pasajeros Larga Distancia (> 8 asientos),Automóvil","Mendoza Y Bv. Avellaneda",2,1,0,0,1,0,0,,"Calle",,"ROSARIO","Rosario","Asfalto","Pavimento","II","Dentro","Urbana","Paso Peatonal","No existe","S/D","Bueno","Reducida polvo","Nocturna","Buen Tiempo","Otro","S/D","S/D","S/D","Horizontal","Guardarrail","Sin restricción"
2014,2504,09/03/2014,"Domingo",0,05:00:00,,"0.0",2,"Peatón,Automóvil"," ",2,1,0,0,1,0,0,"-31.661385744196,-60.700434950284","S/D",,"ALTO VERDE","La Capital","Asfalto","No existe","I","Dentro","Urbana","Ninguna","No existe","Curva","Bueno","Reducida","Amanecer","Buen Tiempo","S/D","S/D","Atropello","S/D","Faltante","Ninguna","Sin restricción"
2014,2505,12/04/2014,"Sabado",0,18:00:00,,"0.0",2,"Moto/Ciclomotor,Automóvil","Valparaiso 900",2,1,0,0,1,0,0,,"Calle",,"ROSARIO","Rosario","Asfalto","S/D","II","Dentro","Urbana","S/D","S/D","Recta","S/D","S/D","Diurna","S/D","Contra objeto fijo","S/D","Colisión","S/D","S/D","S/D","S/D"
2014,2506,18/03/2014,"Martes",0,16:00:00,,"0.0",2,"Moto/Ciclomotor,Automóvil","Diagonal Goyena Y San Lorenzo",2,0,0,0,0,0,2,,"Calle",,"SANTA FE","La Capital","S/D","S/D","I","S/D","Urbana","S/D","S/D","Intersección","S/D","S/D","Diurna","S/D","S/D","S/D","Colisión","S/D","S/D","S/D","S/D"
2014,2507,30/03/2014,"Domingo",0,01:20:00,"Ruta Nacional 98","0.0",1,"Moto/Ciclomotor","Soldado Gomez ",1,1,0,0,0,0,0,,"Ruta",98,"VERA","Vera","Asfalto","No existe","XIX","Dentro","Urbana","Ninguna","No existe","Intersección","Bueno","Reducida","Nocturna","Lluvia","Atropello animal","S/D","Colisión","Agua","Faltante","Ninguna","Sin restricción"
2014,2508,21/03/2014,"Viernes",0,19:00:00,"Ruta Nacional 33","0.0",2,"Bicicleta,Automóvil","Av San Martin ",4,3,0,0,1,0,0,,"Ruta",33,"PEREZ","Rosario","Asfalto","Pavimento","II","Dentro","Urbana","Ninguna","No existe","Recta","Otro","Buena","Atardecer","Otro","S/D","S/D","Atropello","Otro","Faltante","Línea divisoria pintada","Sin restricción"
2014,2509,03/04/2014,"Jueves",0,11:35:00,,"0.0",2,"Peatón,Automóvil","3 De Febrero Y San Nicolas",2,1,0,0,1,0,0,,"Calle",,"ROSARIO","Rosario","Asfalto","S/D","II","Dentro","Urbana","S/D","S/D","Intersección","S/D","S/D","Diurna","S/D","S/D","S/D","Atropello","S/D","S/D","S/D","S/D"
2014,2510,19/03/2014,"Miercoles",0,22:40:00,,"0.0",2,"Automóvil,Moto/Ciclomotor"," ",2,1,0,0,1,0,0,,"S/D",,"ALTO VERDE","La Capital","Asfalto","No existe","I","Dentro","Urbana","Ninguna","No existe","Puente","Bueno","Buena","Nocturna,Con luz artificial","Buen Tiempo","Lateral","S/D","Colisión","Ninguna","Faltante","Barrera de alto impacto","Sin restricción"
2014,2511,19/03/2014,"Miercoles",0,19:20:00,,"0.0",2,"Moto/Ciclomotor,Taxi/Remis","Av Peñaloza Y Angel Cassanello",3,0,0,0,0,0,3,,"Avenida",,"SANTA FE","La Capital","S/D","S/D","I","S/D","S/D","S/D","S/D","Intersección","S/D","S/D","Diurna","S/D","S/D","S/D","Colisión","S/D","S/D","S/D","S/D"
2014,2512,28/03/2014,"Viernes",0,12:30:00,,"0.0",2,"Automóvil,Moto/Ciclomotor","AV ALEM Y CLUB REGATTA",2,1,0,0,1,0,0,,"Avenida",,"SANTA FE","La Capital","Hormigón","No existe","I","S/D","Urbana","S/D","S/D","Recta","Bueno","S/D","Diurna","S/D","Lateral","S/D","Colisión","S/D","S/D","Cordón divisorio","S/D"
2014,2513,01/04/2014,"Martes",0,17:00:00,,"0.0",2,"Automóvil,Moto/Ciclomotor","Iriondo Y Montevideo",3,0,0,2,1,0,0,,"Calle",,"ROSARIO","Rosario","Asfalto","No existe","II","Dentro","Urbana","Otra Señal","No existe","S/D","Bueno","Buena","Diurna","Buen Tiempo","Otro","S/D","Colisión","Otro","Vertical","Cordón divisorio","Sin restricción"
2014,2514,11/04/2014,"Viernes",0,14:20:00,,"0.0",3,"Automóvil,Automóvil,Pickup/Utilitario","Mendoza Y Ecuador",4,1,0,0,3,0,0,,"Avenida",,"ROSARIO","Rosario","Asfalto","No existe","II","Dentro","Urbana","Semáforo","Funciona","Intersección","Bueno","Buena","Diurna","Buen Tiempo","Lateral","S/D","Colisión","Ninguna","Vertical","Ninguna","Sin restricción"
2014,2515,28/04/2014,"Lunes",0,07:45:00,,"0.0",2,"Automóvil,Peatón","Villa del Parque Y Robles",2,1,0,0,1,0,0,,"S/D",,"ROSARIO","Rosario","S/D","S/D","II","S/D","Urbana","S/D","S/D","S/D","S/D","S/D","Diurna","S/D","S/D","S/D","Atropello","S/D","S/D","S/D","S/D"
2014,2516,11/03/2014,"Martes",0,,,"0.0",2,"Automóvil,Moto/Ciclomotor","Bv Galvez Y Alberdi",2,1,0,0,1,0,0,,"Avenida",,"SANTA FE","La Capital","Hormigón","No existe","I","Dentro","Urbana","S/D","S/D","Intersección","Bueno","S/D","S/D","S/D","Lateral","S/D","Colisión","S/D","S/D","Vegetación","S/D"
2014,2517,05/04/2014,"Sabado",0,03:40:00,"Ruta Provincial 21","0.0",2,"Automóvil,Automóvil","Av Gral San Martin Y Chubut",2,1,0,0,1,0,0,,"Ruta",21,"VILLA GOBERNADOR GÁLVEZ","Rosario","Asfalto","No existe","II","Dentro","Urbana","Ninguna","No funciona","Recta","Otro","Buena","Nocturna","Buen Tiempo","Lateral","S/D","Colisión","Otro","Faltante","Ninguna","Sin restricción"
2014,2518,21/03/2014,"Viernes",0,00:00:00,,"0.0",2,"Automóvil,Transporte de Pasajeros Larga Distancia (> 8 asientos)","Bv. Oroño Y Av. Battle y Ordoñez",3,2,0,0,1,0,0,,"Avenida",,"ROSARIO","Rosario","Asfalto","S/D","II","Dentro","Urbana","Ninguna","Funciona","Recta","Bueno","Buena","Nocturna","Otro","Otro","S/D","Colisión","Ninguna","Vertical","Cordón divisorio","Sin restricción"
2014,2519,09/03/2014,"Domingo",0,05:30:00,,"0.0",2,"Automóvil,Automóvil","ALBERDI 900",3,2,0,0,1,0,0,,"Avenida",,"PUEBLO ESTHER","Rosario","Asfalto","S/D","II","Dentro","Urbana","Ninguna","No existe","Recta","Bueno","Buena","Nocturna","Buen Tiempo","De alcance","S/D","Colisión","Ninguna","Faltante","Línea divisoria pintada","Sin restricción"
2014,2520,08/04/2014,"Martes",0,09:20:00,,"0.0",2,"Peatón,Moto/Ciclomotor","Santiago del Estero ",2,1,0,0,1,0,0,,"S/D",,"VILLA GOBERNADOR GÁLVEZ","Rosario","Asfalto","No existe","II","S/D","Urbana","Ninguna","No existe","Recta","Con baches","Buena","Diurna","Buen Tiempo","S/D","S/D","Atropello","S/D","Faltante","Ninguna","Sin restricción"
2014,2521,21/04/2014,"Lunes",0,04:00:00,,"0.0",2,"Automóvil,Automóvil","Union Y Baigorria",4,3,1,0,0,0,0,,"Calle",,"ROSARIO","Rosario","Asfalto","No existe","II","S/D","Urbana","Ninguna","No existe","Intersección","Bueno","Buena","Nocturna","Buen Tiempo","Lateral","S/D","Colisión","Otro","Faltante","Ninguna","Sin restricción"
2014,2522,06/04/2014,"Domingo",0,10:00:00,,"0.0",2,"Peatón,Automóvil","Ituzaingo Y Av. Provincias Unidas",2,1,0,0,1,0,0,,"Calle",,"ROSARIO","Rosario","Asfalto","No existe","II","Dentro","Urbana","Ninguna","No existe","Intersección","Bueno","Buena","Diurna","Lluvia","S/D","S/D","Atropello","Agua","Horizontal","Ninguna","Sin restricción"
2014,2523,22/03/2014,"Sabado",0,12:15:00,,"0.0",2,"Automóvil,Automóvil","Bv Galvez Y Guemes",2,1,0,0,1,0,0,,"Avenida",,"SANTA FE","La Capital","Asfalto","No existe","I","S/D","Urbana","S/D","S/D","Intersección","Bueno","S/D","S/D","S/D","Lateral","S/D","Colisión","S/D","S/D","Vegetación","S/D"
2014,2524,10/04/2014,"Jueves",0,06:20:00,,"0.0",2,"Automóvil,Automóvil","Mendoza Y Valparaiso",2,1,0,0,1,0,0,,"Calle",,"ROSARIO","Rosario","Asfalto","Pavimento","II","Dentro","Urbana","Otra Señal","Funciona","Recta","Bueno","Buena","Diurna","Buen Tiempo","S/D","S/D","S/D","Agua","Vertical","Barrera de hormigón","Sin restricción"
2014,2525,19/03/2014,"Miercoles",0,13:00:00,,"0.0",2,"Pickup/Utilitario,Peatón","AV. ALBERDI 1300",2,1,0,0,1,0,0,,"Avenida",,"PUEBLO ESTHER","Rosario","Asfalto","Pavimento","II","Fuera","Urbana","Ninguna","No existe","Recta","Bueno","Buena","Diurna","Buen Tiempo","S/D","S/D","Atropello","Ninguna","Faltante","Línea divisoria pintada","Sin restricción"
2014,2526,05/04/2014,"Sabado",0,11:50:00,,"0.0",2,"Bicicleta,Automóvil","Laprida Y Av Juan Domingo Peron",2,1,0,0,1,0,0,,"Calle",,"VILLA GOBERNADOR GÁLVEZ","Rosario","Asfalto","No existe","II","Dentro","Urbana","Ninguna","No existe","Recta","Bueno","Buena","Diurna","Buen Tiempo","Lateral","S/D","Atropello","Otro","Faltante","Ninguna","Sin restricción"
2014,2527,11/04/2014,"Viernes",0,19:55:00,,"0.0",2,"Moto/Ciclomotor,Automóvil","San Juan Y Ricchieri",2,1,0,0,1,0,0,,"Calle",,"ROSARIO","Rosario","Asfalto","Pavimento","II","Dentro","Urbana","Otra Señal","Funciona","Recta","Bueno","Buena","Nocturna","Buen Tiempo","Lateral","S/D","Colisión","Otro","Horizontal","S/D","Sin restricción"
2014,2528,22/03/2014,"Sabado",0,,,"0.0",3,"Automóvil,Automóvil,Automóvil","Bv Galvez Y Guemes",3,1,0,0,1,0,1,,"Avenida",,"SANTA FE","La Capital","Asfalto","No existe","I","S/D","Urbana","S/D","S/D","Intersección","Bueno","S/D","S/D","S/D","Múltiple","S/D","Colisión","S/D","S/D","Vegetación","S/D"
2014,2529,12/04/2014,"Sabado",0,20:25:00,,"0.0",2,"Taxi/Remis,Moto/Ciclomotor","Av. Provincias Unidas Y Cerrito",2,1,0,0,1,0,0,,"S/D",,"ROSARIO","Rosario","Asfalto","No existe","II","Dentro","Urbana","Semáforo","Funciona","Intersección","Bueno","Buena","Nocturna,Con luz artificial","Buen Tiempo","Lateral","S/D","Colisión","Ninguna","Vertical","Ninguna","Sin restricción"
2014,2530,08/04/2014,"Martes",0,22:20:00,"Ruta Provincial 21","0.0",2,"Moto/Ciclomotor,Automóvil","Av Gral San Martin 2200",2,1,0,0,1,0,0,,"Ruta",21,"VILLA GOBERNADOR GÁLVEZ","Rosario","Asfalto","No existe","II","Dentro","Urbana","Ninguna","No existe","Recta","Otro","Buena","Nocturna","Otro","Lateral","S/D","Colisión","Otro","Faltante","Ninguna","Sin restricción"
2014,2531,11/04/2014,"Viernes",0,23:00:00,,"0.0",2,"Moto/Ciclomotor,Automóvil","Montevideo Y Rodriguez",3,2,0,0,1,0,0,,"Calle",,"ROSARIO","Rosario","Asfalto","No existe","II","Dentro","Urbana","Otra Señal","No existe","Recta","Bueno","Buena","Nocturna","Buen Tiempo","S/D","S/D","S/D","S/D","Horizontal","Guardarrail","Sin restricción"
2014,2532,14/04/2014,"Lunes",0,13:25:00,,"0.0",2,"Automóvil,Moto/Ciclomotor","Camino de los Granaderos ",2,1,0,0,1,0,0,,"Avenida",,"ROSARIO","Rosario","Asfalto","No existe","II","Dentro","Urbana","Semáforo","Funciona","Recta","Bueno","Buena","Diurna","Buen Tiempo","Lateral","S/D","Colisión","Ninguna","Faltante","Cordón divisorio","Sin restricción"
2014,2533,21/04/2014,"Lunes",0,16:30:00,,"0.0",2,"Moto/Ciclomotor,Pickup/Utilitario","Av. Eva Peron 5800",3,2,0,0,1,0,0,,"Avenida",,"ROSARIO","Rosario","Asfalto","No existe","II","Dentro","Urbana","Ninguna","No existe","Recta","Bueno","Buena","Diurna","Buen Tiempo","Lateral","S/D","Colisión","Ninguna","Horizontal","Ninguna","Sin restricción"
2014,2534,11/04/2014,"Viernes",0,08:00:00,,"0.0",2,"Moto/Ciclomotor,Automóvil","Av Juan Domingo Peron Y Piazza",2,1,0,0,1,0,0,,"Calle",,"VILLA GOBERNADOR GÁLVEZ","Rosario","Asfalto","No existe","II","S/D","Urbana","Semáforo","Funciona","Recta","Bueno","Buena","Diurna","Buen Tiempo","Lateral","S/D","Colisión","Otro","Faltante","Ninguna","Sin restricción"
2014,2535,04/04/2014,"Viernes",0,20:00:00,,"0.0",2,"Moto/Ciclomotor,Bicicleta","Polledo Y Grandoli",2,2,0,0,0,0,0,,"Calle",,"ROSARIO","Rosario","Asfalto","Pavimento","II","S/D","Urbana","Señal Pare","No existe","Intersección","Bueno","Buena","Nocturna","Buen Tiempo","S/D","S/D","Atropello","Ninguna","Faltante","Ninguna","Accidente Previo"
2014,2536,12/04/2014,"Sabado",0,18:25:00,,"0.0",2,"Automóvil,Automóvil","Av. Pellegrini Y San Nicolas",2,1,0,0,1,0,0,,"Avenida",,"ROSARIO","Rosario","Asfalto","Pavimento","II","Dentro","Urbana","Semáforo","Funciona","Recta","Bueno","Buena","Diurna","Buen Tiempo","Otro","S/D","Colisión","S/D","Horizontal","Barrera de hormigón","Sin restricción"
2014,2537,08/04/2014,"Martes",0,12:00:00,,"0.0",1,"Moto/Ciclomotor","Av Juan Domingo Peron Y G Lopez",2,1,0,0,1,0,0,,"Avenida",,"VILLA GOBERNADOR GÁLVEZ","Rosario","Asfalto","No existe","II","S/D","S/D","Ninguna","No existe","Recta","Deteriorada","Buena","Diurna","Buen Tiempo","S/D","S/D","Caída ocupante","S/D","Faltante","Ninguna","Sin restricción"
2014,2538,26/04/2014,"Sabado",0,11:20:00,,"0.0",2,"Automóvil,Moto/Ciclomotor","Campbell Y Derqui",2,1,0,0,1,0,0,,"Calle",,"ROSARIO","Rosario","Asfalto","No existe","II","Dentro","Urbana","Ninguna","No existe","Intersección","Bueno","Buena","Diurna","Buen Tiempo","Lateral","S/D","Colisión","Ninguna","Horizontal","Ninguna","Sin restricción"
2014,2539,16/04/2014,"Miercoles",0,18:30:00,,"0.0",2,"Moto/Ciclomotor,Otros","Av Juan Domingo Peron Y Maipu",2,1,0,0,0,0,1,,"Avenida",,"VILLA GOBERNADOR GÁLVEZ","Rosario","Asfalto","No existe","II","Dentro","Urbana","Ninguna","No existe","Recta","Deteriorada","Buena","Diurna","Buen Tiempo","Lateral","S/D","Colisión","S/D","S/D","Ninguna","Sin restricción"
2014,2540,21/04/2014,"Lunes",0,22:00:00,,"0.0",2,"Automóvil,Automóvil","Av Juan Domingo Peron Y Maipu",2,1,0,0,1,0,0,,"S/D",,"VILLA GOBERNADOR GÁLVEZ","Rosario","Asfalto","No existe","II","S/D","Urbana","Ninguna","No existe","Recta","Con baches","Buena","Nocturna,Con luz artificial","Buen Tiempo","De alcance","S/D","Colisión","S/D","Faltante","Ninguna","Sin restricción"
2014,2541,26/04/2014,"Sabado",0,19:30:00,,"0.0",2,"Automóvil,Moto/Ciclomotor","Neuquen Y Av. Provincias Unidas",2,1,0,0,1,0,0,,"Avenida",,"ROSARIO","Rosario","Asfalto","No existe","II","S/D","Urbana","Ninguna","No existe","Intersección","Bueno","Buena","S/D","Buen Tiempo","Lateral","S/D","Colisión","Ninguna","Horizontal","Ninguna","Sin restricción"
2014,2542,24/03/2014,"Lunes",0,19:15:00,"Ruta Provincial 21","283.0",2,"Automóvil,Moto/Ciclomotor"," ",2,0,1,0,1,0,0,,"Ruta",21,"PUEBLO ESTHER","Rosario","Asfalto","Natural","II","S/D","Urbana","Ninguna","No existe","Recta","Bueno","Buena","Diurna","Buen Tiempo","Lateral","S/D","Colisión","Ninguna","Faltante","Línea divisoria pintada","Sin restricción"
2014,2543,14/04/2014,"Lunes",0,08:20:00,,"0.0",2,"Moto/Ciclomotor,Automóvil","20 de Junio Y Jujuy",2,1,0,0,1,0,0,,"Calle",,"ROSARIO","Rosario","Asfalto","No existe","II","Dentro","Urbana","Ninguna","No existe","Recta","Bueno","Buena","Diurna","Buen Tiempo","Lateral","S/D","Colisión","Otro","Faltante","Ninguna","Sin restricción"
2014,2544,17/04/2014,"Jueves",0,10:00:00,,"0.0",2,"Moto/Ciclomotor,Automóvil","Av. Pellegrini Y Ricchieri",3,2,0,0,1,0,0,,"Calle",,"ROSARIO","Rosario","Asfalto","No existe","II","Dentro","Urbana","Ninguna","Funciona","Recta","Bueno","Buena","Diurna","Buen Tiempo","S/D","S/D","Colisión","Ninguna","Horizontal","Barrera de hormigón","Sin restricción"
2014,2545,21/04/2014,"Lunes",0,11:20:00,,"0.0",2,"Automóvil,Pickup/Utilitario","Gral Jose de San Martin Y Sabatino Gaboto",2,1,0,0,1,0,0,,"Calle",,"ARROYO SECO","Rosario","Hormigón","S/D","II","S/D","Urbana","Ninguna","No funciona","Intersección","Bueno","Buena","Diurna","Buen Tiempo","Lateral","S/D","Colisión","S/D","Faltante","Ninguna","Sin restricción"