"anio_acci","nro_acci","fecha","desc_dia","fecha_aprox","hora_aprox","desc_ruta","km","cant_participantes","desc_participante","calle_avenida_km","total","heridos_leves","heridos_graves","heridos_gravisimos","ilesos","fallecidos","sin_datos","posicion_XY","desc_tipo_via","desc_ruta_ori","desc_loc","desc_dpto","desc_tipo_calzada","desc_tipo_banquina","desc_unidad_regional","desc_lugar_calzada","desc_zona","desc_prioridad","desc_estado_semaforo","desc_lugar_via","desc_estado_via","desc_estado_visibilidad","desc_luminosidad","desc_estado_clima","desc_tipo_colision","desc_tipo_atropello","desc_tipo_hecho","desc_pres_calzada","desc_senializacion","desc_separacion_via","desc_restriccion"
2014,2546,26/03/2014,"Miercoles",0,,,"0.0",2,"Automóvil,Automóvil","Avellaneda Y Bv Galvez",4,1,0,0,1,0,2,,"Avenida",,"SANTA FE","La Capital","Asfalto","No existe","I","S/D","Urbana","S/D","No existe","Intersección","Bueno","S/D","S/D","S/D","Lateral","S/D","Colisión","S/D","S/D","Vegetación","S/D"
2014,2547,20/04/2014,"Domingo",0,20:20:00,,"0.0",1,"Automóvil","Av Juan Domingo Peron Y Laprida",2,2,0,0,0,0,0,,"Avenida",,"VILLA GOBERNADOR GÁLVEZ","Rosario","Asfalto","No existe","II","Dentro","Urbana","Ninguna","No existe","Recta","Bueno","Buena","Nocturna","Buen Tiempo","Contra objeto fijo","S/D","Colisión","Otro","Faltante","Ninguna","Sin restricción"
2014,2548,23/04/2014,"Miercoles",0,06:30:00,,"0.0",2,"Automóvil,Moto/Ciclomotor","Pje. Asuncion Y Campbell",2,1,0,0,1,0,0,,"Calle",,"ROSARIO","Rosario","Asfalto","No existe","II","Dentro","Urbana","Ninguna","No existe","Intersección","Bueno","Buena","Amanecer","Buen Tiempo","Lateral","S/D","Colisión","Ninguna","Horizontal","Ninguna","Sin restricción"
2014,2549,13/04/2014,"Domingo",0,12:30:00,,"0.0",2,"Pickup/Utilitario,Pickup/Utilitario","Lisandro de la Torre ",2,1,0,0,1,0,0,,"S/D",,"ARROYO SECO","Rosario","Hormigón","Pavimento","II","S/D","Urbana","Ninguna","No existe","Intersección","Bueno","Buena","Diurna","Buen Tiempo","Lateral","S/D","Colisión","S/D","Faltante","Ninguna","Sin restricción"
2014,2550,02/04/2014,"Miercoles",0,11:00:00,,"0.0",2,"Automóvil,Pickup/Utilitario","Bv. 27 De Febrero Y Av. Provincias Unidas",2,2,0,0,0,0,0,,"Avenida",,"ROSARIO","Rosario","Asfalto","No existe","II","S/D","Urbana","Ninguna","Funciona","Intersección","Con baches","Buena","Diurna","Buen Tiempo","Lateral","S/D","Colisión","S/D","Faltante","S/D","Sin restricción"
2014,2551,20/04/2014,"Domingo",0,04:50:00,,"0.0",2,"Moto/Ciclomotor,Automóvil","Av. Pte.Peron Y Laprida",3,2,0,0,1,0,0,,"Avenida",,"ROSARIO","Rosario","Asfalto","No existe","II","Dentro","Urbana","Ninguna","No existe","Recta","Bueno","Buena","Nocturna","Buen Tiempo","Lateral","S/D","Colisión","Otro","Faltante","Ninguna","Sin restricción"
2014,2552,23/04/2014,"Miercoles",0,07:00:00,"Ruta Provincial 14","0.0",2,"Pickup/Utilitario,Camión"," ",4,3,0,0,0,0,1,,"Ruta",14,"PIÑERO","Rosario","Asfalto","Natural","II","Dentro","Urbana","Señal Pare","No existe","Cruce","Bueno","Buena","Diurna","Buen Tiempo","Lateral","S/D","Colisión","S/D","Horizontal,Vertical","Línea divisoria pintada","Sin restricción"
2014,2553,27/03/2014,"Jueves",0,11:35:00,,"0.0",2,"Moto/Ciclomotor,Automóvil","Patricios Y Melincue",3,2,0,0,1,0,0,,"Calle",,"ROSARIO","Rosario","Asfalto","S/D","II","Dentro","Urbana","Ninguna","No existe","Intersección","Bueno","Buena","Diurna","Otro","Otro","S/D","Colisión","Ninguna","Horizontal","Cordón divisorio","Sin restricción"
2014,2554,08/04/2014,"Martes",0,19:00:00,,"0.0",2,"Automóvil,Otros","Godoy Cruz Y Av. Provincias Unidas",2,1,0,0,1,0,0,,"Avenida",,"ROSARIO","Rosario","Asfalto","No existe","II","S/D","Urbana","Ninguna","Intermitente","Intersección","Con baches","Buena","Atardecer","Buen Tiempo","Lateral","S/D","Colisión","S/D","Faltante","S/D","Sin restricción"
2014,2555,16/04/2014,"Miercoles",0,20:05:00,,"0.0",2,"Moto/Ciclomotor,Pickup/Utilitario","Av. Francia Y Av. Ntra.Sra.del Rosario",3,2,0,0,1,0,0,,"Avenida",,"ROSARIO","Rosario","Asfalto","Natural","II","Dentro","Urbana","Señal Pare","No existe","Recta","Bueno","Buena","Nocturna","Buen Tiempo","Lateral","S/D","Colisión","S/D","Horizontal","Ninguna","Sin restricción"
2014,2556,19/04/2014,"Sabado",0,15:45:00,,"0.0",2,"Automóvil,Moto/Ciclomotor","Neuquen Y P.L.Funes",2,0,1,0,1,0,0,,"Calle",,"ROSARIO","Rosario","Asfalto","No existe","II","Dentro","Urbana","Ninguna","No existe","Intersección","Bueno","Buena","Diurna","Buen Tiempo","Lateral","S/D","Colisión","Ninguna","Horizontal","Ninguna","Sin restricción"
2014,2557,23/04/2014,"Miercoles",0,09:20:00,"Ruta Nacional A012","11.0",2,"Camión,Camión"," ",2,0,1,0,1,0,0,,"Ruta","A012","PIÑERO","Rosario","Asfalto","Natural","II","Dentro","Urbana","Marca Vial","No existe","Recta","Bueno","Buena","Diurna","Buen Tiempo","Lateral","S/D","Colisión","S/D","Vertical","Línea divisoria pintada","Sin restricción"
2014,2558,12/04/2014,"Sabado",0,10:00:00,"Ruta Nacional 33","0.0",2,"Bicicleta,Automóvil","Av. Pte.Peron 8000",2,0,0,0,1,1,0,"-32.975833333333,-60.727222222222","Ruta",33,"ROSARIO","Rosario","Asfalto","No existe","II","Dentro","Urbana","Ninguna","Intermitente","Recta","Con baches","Buena","Diurna","Buen Tiempo","S/D","S/D","Atropello","S/D","Faltante","Cordón divisorio,S/D","Sin restricción"
2014,2559,05/04/2014,"Sabado",0,14:30:00,,"0.0",2,"Moto/Ciclomotor,Otros","Av. Pellegrini Y Av. Provincias Unidas",2,1,0,0,1,0,0,,"Avenida",,"ROSARIO","Rosario","Asfalto","No existe","II","Dentro","Urbana","Ninguna","No existe","Recta","Bueno","Buena","Diurna","Lluvia","Lateral","S/D","Colisión","Agua","Horizontal","Barrera de hormigón","Sin restricción"
2014,2560,13/04/2014,"Domingo",0,22:30:00,"Ruta Nacional A012","11.0",2,"Automóvil,Pickup/Utilitario"," ",2,0,1,0,0,0,1,,"Ruta","A012","PIÑERO","Rosario","Asfalto","Natural","II","Dentro","Urbana","Marca Vial","No existe","Recta","Bueno","Buena","Nocturna","Buen Tiempo","Frontal","S/D","Colisión","Ninguna","Vertical","Línea divisoria pintada","Sin restricción"
2014,2561,14/04/2014,"Lunes",0,14:00:00,,"0.0",2,"Bicicleta,Automóvil","Bv. 27 De Febrero Y Av. Circunvalacion",2,2,0,0,0,0,0,,"Avenida",,"ROSARIO","Rosario","Asfalto","Pavimento","II","S/D","Urbana","Ninguna","No existe","Intersección","Con baches","Buena","Diurna","Lluvia","S/D","S/D","Atropello","Agua","Faltante","S/D","Sin restricción"
2014,2562,19/04/2014,"Sabado",0,22:30:00,,"0.0",2,"Moto/Ciclomotor,Automóvil","Pje. 12 De Octubre Y Fornells",3,2,0,0,1,0,0,,"Calle",,"ROSARIO","Rosario","Asfalto","No existe","II","Dentro","Urbana","Ninguna","No existe","Recta","Con baches","Reducida","Nocturna","Otro","Lateral","S/D","Colisión","Otro","Faltante","Ninguna","Sin restricción"
2014,2563,13/04/2014,"Domingo",0,07:10:00,"Ruta Nacional A012","11.5",2,"Automóvil,Pickup/Utilitario"," ",3,1,0,0,2,0,0,,"Ruta","A012","PIÑERO","Rosario","Asfalto","Natural","II","Dentro","Urbana","Marca Vial","No existe","Curva","Bueno","Buena","Diurna","Buen Tiempo","Lateral","S/D","Colisión","S/D","Vertical","Línea divisoria pintada","Sin restricción"
2014,2564,16/04/2014,"Miercoles",0,21:00:00,,"0.0",2,"Moto/Ciclomotor,Automóvil","Rivarola Y Mendez",2,2,0,0,0,0,0,,"Calle",,"ROSARIO","Rosario","Asfalto","No existe","II","S/D","Urbana","Ninguna","No existe","Intersección","Con baches","Buena","Nocturna","Buen Tiempo","Lateral","S/D","Colisión","S/D","Faltante","S/D","Sin restricción"
2014,2565,22/04/2014,"Martes",0,16:30:00,,"0.0",2,"Moto/Ciclomotor,Automóvil","Colombia Y Zuviria",3,2,0,0,1,0,0,,"Calle",,"ROSARIO","Rosario","Asfalto","No existe","II","Dentro","Urbana","Ninguna","No existe","Intersección","Bueno","Buena","Atardecer","Buen Tiempo","Lateral","S/D","Colisión","Ninguna","Horizontal","Ninguna","Sin restricción"
2014,2566,19/04/2014,"Sabado",0,15:00:00,,"0.0",2,"Moto/Ciclomotor,Pickup/Utilitario","Bv. 27 De Febrero Y Peru",2,2,0,0,0,0,0,,"Avenida",,"ROSARIO","Rosario","Asfalto","No existe","II","S/D","Urbana","Ninguna","No existe","Intersección","Con baches","Buena","Diurna","Buen Tiempo","Lateral","S/D","Colisión","S/D","Faltante","S/D","Sin restricción"
2014,2567,20/04/2014,"Domingo",0,18:00:00,,"0.0",2,"Moto/Ciclomotor,Automóvil","Calle 1731 Y Calle 1707",2,2,0,0,0,0,0,,"Calle",,"ROSARIO","Rosario","Asfalto","No existe","II","S/D","Urbana","Ninguna","No existe","Intersección","Bueno","Buena","Atardecer","Buen Tiempo","Lateral","S/D","Colisión","S/D","Faltante","S/D","Sin restricción"
2014,2568,15/04/2014,"Martes",0,11:50:00,,"0.0",2,"Moto/Ciclomotor,Automóvil","Bv. Oroño Y Ricardo Gutierrez",2,1,0,0,1,0,0,,"Avenida",,"ROSARIO","Rosario","Asfalto","No existe","II","Dentro","Urbana","Ninguna","No existe","Intersección","Bueno","Buena","Diurna","Buen Tiempo","Lateral","S/D","Colisión","S/D","Faltante","Cordón divisorio","Sin restricción"
2014,2569,22/04/2014,"Martes",0,17:00:00,,"0.0",2,"Bicicleta,Moto/Ciclomotor","J.Colombres Y Calle 1735",2,2,0,0,0,0,0,,"Calle",,"ROSARIO","Rosario","Asfalto","No existe","II","S/D","Urbana","Ninguna","No existe","Intersección","Con baches","Buena","Diurna","Buen Tiempo","S/D","S/D","Atropello","S/D","Faltante","S/D","Sin restricción"
2014,2570,03/04/2014,"Jueves",0,07:00:00,,"0.0",2,"Bicicleta,Pickup/Utilitario","Bv. Avellaneda Y Av. Uriburu",2,1,0,0,1,0,0,,"Avenida",,"ROSARIO","Rosario","Asfalto","No existe","II","S/D","Urbana","Semáforo","Funciona","Intersección","Bueno","Buena","Amanecer","Buen Tiempo","S/D","S/D","Atropello","Ninguna","Faltante","Cordón divisorio","Sin restricción"
2014,2571,15/04/2014,"Martes",0,11:50:00,,"0.0",2,"Automóvil,Moto/Ciclomotor","Iriondo Y E.Zeballos",2,2,0,0,0,0,0,,"Calle",,"ROSARIO","Rosario","Asfalto","No existe","II","Dentro","Urbana","Ninguna","S/D","Recta","Bueno","Buena","Diurna","Buen Tiempo","S/D","S/D","Colisión","Otro","Horizontal","S/D","Sin restricción"
2014,2572,13/04/2014,"Domingo",0,22:30:00,,"0.0",2,"Moto/Ciclomotor,Automóvil","Bv. Oroño 6100",2,1,0,0,1,0,0,,"Avenida",,"ROSARIO","Rosario","Asfalto","No existe","II","Dentro","Urbana","Semáforo","Funciona","Curva","Bueno","Buena","Con luz artificial","Buen Tiempo","Lateral","S/D","Colisión","S/D","Vertical","Cordón divisorio","Sin restricción"
2014,2573,22/04/2014,"Martes",0,09:00:00,,"0.0",2,"Moto/Ciclomotor,Automóvil","BERTOLE Y AV. COLECTORA",2,2,0,0,0,0,0,,"Avenida",,"ROSARIO","Rosario","Asfalto","Pavimento","II","S/D","Urbana","Ninguna","No existe","Intersección","Con baches","Buena","Diurna","Buen Tiempo","De alcance","S/D","Colisión","S/D","Faltante","S/D","Sin restricción"
2014,2574,21/04/2014,"Lunes",0,19:00:00,,"0.0",2,"Moto/Ciclomotor,Automóvil","Bv San diego Y Av Juan Domingo Peron",3,2,0,0,1,0,0,,"Avenida",,"VILLA GOBERNADOR GÁLVEZ","Rosario","Asfalto","No existe","II","Dentro","Urbana","Semáforo","Funciona","Recta","Bueno","Buena","Diurna","Buen Tiempo","Lateral","S/D","Colisión","Otro","Vertical","Ninguna","Sin restricción"
2014,2575,03/04/2014,"Jueves",0,09:00:00,,"0.0",2,"Moto/Ciclomotor,Automóvil","Suipacha Y Bv. Segui",2,1,0,0,1,0,0,,"Avenida",,"ROSARIO","Rosario","Asfalto","No existe","II","S/D","Urbana","Ninguna","No existe","Intersección","Bueno","Buena","Diurna","Buen Tiempo","S/D","S/D","Colisión","Ninguna","Faltante","Cordón divisorio","Sin restricción"
2014,2576,23/04/2014,"Miercoles",0,10:00:00,,"0.0",2,"Peatón,Otros","Rivarola Y Av. Circunvalacion",2,1,0,0,0,0,1,,"Avenida",,"ROSARIO","Rosario","Asfalto","No existe","II","S/D","Urbana","Ninguna","No existe","Intersección","Con baches","Buena","Diurna","Buen Tiempo","S/D","S/D","Atropello","S/D","Faltante","S/D","Sin restricción"
2014,2577,07/04/2014,"Lunes",0,16:00:00,,"0.0",2,"Moto/Ciclomotor,Automóvil","Av. Ntra.Sra.del Rosario Y Pueyrredon",2,1,0,0,1,0,0,,"Avenida",,"ROSARIO","Rosario","Asfalto","No existe","II","Dentro","Urbana","Ninguna","No existe","Intersección","Con baches","Buena","Diurna","Buen Tiempo","Lateral","S/D","Colisión","S/D","Faltante","Ninguna","Sin restricción"
2014,2578,15/04/2014,"Martes",0,14:35:00,,"0.0",2,"Peatón,Automóvil","San Luis Y Santiago",2,1,0,0,1,0,0,,"Calle",,"ROSARIO","Rosario","Asfalto","Pavimento","II","Dentro","Urbana","Ninguna","No existe","Curva","Bueno","Reducida polvo","Diurna","Buen Tiempo","S/D","S/D","Atropello","Otro","Vertical","Barrera de hormigón","Sin restricción"
2014,2579,05/04/2014,"Sabado",0,21:45:00,,"0.0",2,"Automóvil,Automóvil","Lamadrid Y Vera Mujica",2,1,0,0,1,0,0,,"Calle",,"ROSARIO","Rosario","Asfalto","No existe","II","Dentro","Urbana","Ninguna","No existe","Recta","Deteriorada","Buena","Nocturna,Con luz artificial","Buen Tiempo","Otro","S/D","Colisión","Ninguna","Faltante","Cordón divisorio","Sin restricción"
2014,2580,15/04/2014,"Martes",0,08:30:00,,"0.0",2,"Pickup/Utilitario,Automóvil","Av. Pellegrini Y F.More",2,1,0,0,1,0,0,,"Calle",,"ROSARIO","Rosario","Asfalto","Pavimento","II","Dentro","Urbana","Semáforo","Funciona","Recta","Bueno","Buena","Diurna","Buen Tiempo","Otro","S/D","Colisión","Ninguna","Horizontal","Guardarrail","Sin restricción"
2014,2581,04/04/2014,"Viernes",0,20:20:00,,"0.0",2,"Automóvil,Moto/Ciclomotor","F.More Y Riobamba",3,2,0,0,1,0,0,,"Calle",,"ROSARIO","Rosario","Asfalto","No existe","II","Dentro","Urbana","Ninguna","No existe","Intersección","Bueno","Buena","Nocturna,Con luz artificial","Buen Tiempo","Lateral","S/D","Colisión","Ninguna","Horizontal","Ninguna","Sin restricción"
2014,2582,31/03/2014,"Lunes",0,14:30:00,,"0.0",2,"Moto/Ciclomotor,Automóvil","Alvear Y Chacabuco",2,1,0,0,0,0,1,,"Calle",,"SANTA FE","La Capital","Asfalto","No existe","I","Dentro","Urbana","S/D","S/D","Intersección","Deteriorada","S/D","Diurna","S/D","Lateral","S/D","Colisión","S/D","S/D","S/D","S/D"
2014,2583,09/04/2014,"Miercoles",0,11:45:00,,"0.0",2,"Moto/Ciclomotor,Automóvil","Bv. Segui Y Castellanos",2,1,0,0,1,0,0,,"Avenida",,"ROSARIO","Rosario","Asfalto","No existe","II","S/D","Urbana","S/D","S/D","Intersección","Bueno","Buena","Diurna","Buen Tiempo","Lateral","S/D","Colisión","Ninguna","Faltante","Cordón divisorio","Sin restricción"
2014,2584,15/04/2014,"Martes",0,10:50:00,,"0.0",2,"Moto/Ciclomotor,Automóvil","Cordoba Y Lavalle",3,2,0,0,1,0,0,,"Calle",,"ROSARIO","Rosario","Asfalto","Pavimento","II","Dentro","Urbana","Ninguna","No existe","Recta","Bueno","S/D","Diurna","Buen Tiempo","S/D","S/D","Otro","S/D","S/D","S/D","Sin restricción"
2014,2585,16/04/2014,"Miercoles",0,20:10:00,,"0.0",2,"Bicicleta,Automóvil","Dorrego Y Madre Cabrini",2,1,0,0,1,0,0,,"Calle",,"ROSARIO","Rosario","Asfalto","No existe","II","S/D","Urbana","Ninguna","No existe","Intersección","Con baches","Buena","Nocturna,Con luz artificial","Buen Tiempo","S/D","S/D","Atropello","S/D","Faltante","Ninguna","Sin restricción"
2014,2586,01/03/2014,"Sabado",0,,,"0.0",2,"Moto/Ciclomotor,Pickup/Utilitario","Av Leandro Alem Y Don Guanella",3,2,0,0,1,0,0,,"Avenida",,"SANTA FE","La Capital","Asfalto,Hormigón","No existe","I","Dentro","Urbana","S/D","No existe","Intersección","Bueno","S/D","S/D","S/D","Lateral","S/D","Colisión","S/D","S/D","Ninguna","S/D"
2014,2587,12/04/2014,"Sabado",0,09:25:00,,"0.0",2,"Moto/Ciclomotor,Automóvil","Bv. Segui Y Constitucion",2,1,0,0,1,0,0,,"Avenida",,"ROSARIO","Rosario","Asfalto","No existe","II","Dentro","Urbana","S/D","S/D","Intersección","Bueno","Buena","Diurna","Buen Tiempo","S/D","S/D","Colisión","Ninguna","Faltante","Cordón divisorio","Sin restricción"
2014,2588,27/03/2014,"Jueves",0,14:25:00,,"0.0",2,"Moto/Ciclomotor,Automóvil","Av. Circunvalacion Y Av. Bermudez",3,2,0,0,1,0,0,,"Avenida",,"ROSARIO","Rosario","Asfalto","S/D","II","Dentro","Urbana","Ninguna","No existe","Recta","Bueno","Buena","Diurna","Otro","Otro","S/D","Colisión","Ninguna","Horizontal","Barrera de hormigón","Sin restricción"
2014,2589,20/05/2014,"Martes",0,10:20:00,,"0.0",2,"Automóvil,Moto/Ciclomotor","San Luis Y Av. Ovidio Lagos",3,2,0,0,1,0,0,,"Calle",,"ROSARIO","Rosario","Asfalto","No existe","II","Dentro","Urbana","Semáforo","No funciona","Recta","Bueno","Buena","Diurna","Buen Tiempo","Otro","S/D","Colisión","Material Suelto","Vertical","S/D","Sin restricción"
2014,2590,04/04/2014,"Viernes",0,16:30:00,,"0.0",2,"Bicicleta,Automóvil","Sanchez de Bustamante Y Pte.Roca",3,2,0,0,1,0,0,,"Calle",,"ROSARIO","Rosario","Asfalto","No existe","II","Dentro","Urbana","Ninguna","No existe","Recta","Bueno","Buena","Diurna","Buen Tiempo","S/D","S/D","Atropello","S/D","Faltante","Ninguna","Sin restricción"
2014,2591,14/04/2014,"Lunes",0,15:15:00,,"0.0",2,"Moto/Ciclomotor,Automóvil","Bv. Segui Y Cafferata",2,1,0,0,1,0,0,,"Avenida",,"ROSARIO","Rosario","Asfalto","No existe","II","S/D","Urbana","Semáforo","Funciona","Intersección","Bueno","Buena","Diurna","Buen Tiempo","S/D","S/D","Colisión","Ninguna","Faltante","Cordón divisorio","Sin restricción"
2014,2592,07/03/2014,"Viernes",0,10:00:00,,"0.0",2,"Camión,Moto/Ciclomotor","Av Leandro Alem Y Alvear",2,1,0,0,1,0,0,,"Avenida",,"SANTA FE","La Capital","Hormigón","No existe","I","Dentro","Urbana","S/D","S/D","Intersección","Bueno","S/D","Diurna","S/D","Lateral","S/D","Colisión","S/D","S/D","Ninguna","S/D"
2014,2593,31/03/2014,"Lunes",1,13:15:00,,"0.0",2,"Automóvil,Moto/Ciclomotor","Diaz Velez Y Pje. Bogado",3,2,0,0,1,0,0,,"Calle",,"ROSARIO","Rosario","Hormigón","S/D","II","Dentro","Urbana","S/D","S/D","Intersección","S/D","S/D","Diurna","S/D","S/D","S/D","S/D","S/D","S/D","S/D","S/D"
2014,2594,27/03/2014,"Jueves",0,23:30:00,,"0.0",2,"Moto/Ciclomotor,Automóvil","San Martin Y Av. Circunvalacion",2,1,0,0,1,0,0,,"Avenida",,"ROSARIO","Rosario","Asfalto","S/D","II","Dentro","Urbana","Ninguna","Funciona","Recta","Bueno","Buena","Nocturna","Otro","De alcance","S/D","Colisión","Ninguna","Vertical","Cordón divisorio","Sin restricción"
2014,2595,16/04/2014,"Miercoles",0,14:15:00,,"0.0",2,"Moto/Ciclomotor,Automóvil","Pueyrredon Y 3 De Febrero",2,1,0,0,1,0,0,,"Calle",,"ROSARIO","Rosario","Asfalto","Natural","II","Dentro","Urbana","Policía de tránsito","No existe","Recta","Bueno","Buena","Diurna","Buen Tiempo","Otro","S/D","Colisión","S/D","Horizontal","Guardarrail","Sin restricción"
2014,2596,16/04/2014,"Miercoles",0,15:00:00,,"0.0",2,"Moto/Ciclomotor,Automóvil","Pje. Boman Y Av. Ovidio Lagos",2,1,0,0,1,0,0,,"Avenida",,"ROSARIO","Rosario","Asfalto","No existe","II","S/D","Urbana","Ninguna","No existe","Intersección","Bueno","Buena","Diurna","Buen Tiempo","De alcance","S/D","Colisión","Ninguna","Faltante","Cordón divisorio","Sin restricción"
2014,2597,29/03/2014,"Sabado",0,09:15:00,,"0.0",2,"Peatón,Automóvil","J.E.BIANCO 5900",2,1,0,0,1,0,0,,"Calle",,"ROSARIO","Rosario","Asfalto","S/D","II","Dentro","Urbana","Ninguna","No existe","Recta","Bueno","Buena","Diurna","Otro","S/D","S/D","Atropello","Ninguna","Horizontal","Cordón divisorio","Sin restricción"
2014,2598,07/03/2014,"Viernes",0,14:30:00,,"0.0",2,"Moto/Ciclomotor,Pickup/Utilitario","Castellanos Y Alvear",2,0,0,0,1,0,1,,"Calle",,"SANTA FE","La Capital","Asfalto","No existe","I","S/D","Urbana","S/D","S/D","Intersección","S/D","S/D","Diurna","S/D","Lateral","S/D","Colisión","S/D","S/D","Ninguna","S/D"
2014,2599,16/04/2014,"Miercoles",0,16:15:00,,"0.0",2,"Automóvil,Moto/Ciclomotor","Av. Pellegrini Y Crespo",2,1,0,0,1,0,0,,"Avenida",,"ROSARIO","Rosario","Asfalto","Natural","II","Dentro","Urbana","Semáforo","Funciona","Recta","Bueno","Buena","Diurna","Buen Tiempo","Otro","S/D","Colisión","Ninguna","Vertical","Barrera de hormigón","Sin restricción"
2014,2600,28/03/2014,"Viernes",0,13:35:00,,"0.0",2,"Moto/Ciclomotor,Automóvil","San Martin Y Platon",2,1,0,0,1,0,0,,"Calle",,"ROSARIO","Rosario","Asfalto","S/D","II","Dentro","Urbana","Ninguna","No existe","Intersección","Bueno","Buena","Diurna","Otro","S/D","S/D","Colisión","S/D","Horizontal","Cordón divisorio","Sin restricción"
2014,2601,19/04/2014,"Sabado",0,11:15:00,,"0.0",2,"Moto/Ciclomotor,Moto/Ciclomotor","Lavalle Y Centeno",2,2,0,0,0,0,0,,"Calle",,"ROSARIO","Rosario","Asfalto","No existe","II","Dentro","Urbana","Ninguna","No existe","Intersección","Bueno","Buena","Diurna","Buen Tiempo","S/D","S/D","Colisión","Ninguna","Faltante","Vegetación","Sin restricción"
2014,2602,23/04/2014,"Miercoles",0,12:00:00,,"0.0",2,"Moto/Ciclomotor,Automóvil","Irurtia Y Fernandez Diaz",2,1,0,0,1,0,0,,"Calle",,"ROSARIO","Rosario","Asfalto","No existe","II","Dentro","Urbana","Ninguna","No existe","Intersección","Con baches","Buena","Diurna","Buen Tiempo","Lateral","S/D","Colisión","S/D","Faltante","S/D","Sin restricción"
2014,2603,07/03/2014,"Viernes",0,,,"0.0",2,"Automóvil,Moto/Ciclomotor","Necochea Y Luciano Molinas",3,2,0,0,1,0,0,,"Calle",,"SANTA FE","La Capital","Asfalto","No existe","I","S/D","Urbana","S/D","S/D","Intersección","S/D","S/D","S/D","S/D","Lateral","S/D","Colisión","S/D","S/D","Ninguna","S/D"
2014,2604,09/03/2014,"Domingo",0,11:00:00,,"0.0",2,"Bicicleta,Automóvil","Mariano Moreno Y Balcarce",3,2,0,0,1,0,0,,"Calle",,"ROSARIO","Rosario","Asfalto","No existe","II","Dentro","Urbana","Ninguna","No existe","Intersección","Bueno","Buena","Diurna","Buen Tiempo","S/D","S/D","Atropello","S/D","Faltante","Ninguna","Sin restricción"
2014,2605,03/04/2014,"Jueves",0,20:00:00,,"0.0",2,"Peatón,Moto/Ciclomotor","Av. Battle y Ordoñez Y España",2,1,0,0,1,0,0,,"Avenida",,"ROSARIO","Rosario","Asfalto","S/D","II","Dentro","Urbana","Ninguna","No existe","Intersección","Bueno","Buena","Nocturna,Con luz artificial","Otro","S/D","S/D","Atropello","Ninguna","Horizontal","Cordón divisorio","Sin restricción"
2014,2606,16/04/2014,"Miercoles",0,16:00:00,,"0.0",2,"Automóvil,Automóvil","Mendoza 4500",2,1,0,0,1,0,0,,"Calle",,"ROSARIO","Rosario","Asfalto","No existe","II","Dentro","Urbana","Otra Señal","No existe","Recta","Bueno","Buena","Diurna","Buen Tiempo","S/D","S/D","S/D","Otro","Horizontal","Barrera de hormigón","Sin restricción"
2014,2607,21/04/2014,"Lunes",0,09:45:00,,"0.0",2,"Bicicleta,Moto/Ciclomotor","Gral.Mosconi 3350",2,2,0,0,0,0,0,,"Calle",,"ROSARIO","Rosario","Asfalto","No existe","II","Dentro","Urbana","Ninguna","No existe","Recta","Bueno","Buena","Diurna","Buen Tiempo","S/D","S/D","Atropello","Ninguna","Faltante","Vegetación","Sin restricción"
2014,2608,26/04/2014,"Sabado",0,19:00:00,,"0.0",2,"Automóvil,Automóvil","Av. Battle y Ordoñez Y Melincue",3,1,0,0,2,0,0,,"Avenida",,"ROSARIO","Rosario","Asfalto","No existe","II","Dentro","Urbana","Ninguna","No existe","Recta","Bueno","Buena","Diurna","S/D","De alcance","S/D","Colisión","Ninguna","Horizontal","S/D","Sin restricción"
2014,2609,11/03/2014,"Martes",0,19:30:00,,"0.0",2,"Automóvil,Automóvil","Candioti 3600",4,0,0,0,0,0,4,,"Calle",,"SANTA FE","La Capital","Hormigón","No existe","I","S/D","Urbana","S/D","S/D","Recta","Bueno","S/D","Atardecer","S/D","Lateral","S/D","Colisión","S/D","S/D","S/D","S/D"
2014,2610,13/04/2014,"Domingo",0,18:00:00,,"0.0",1,"Automóvil","San Martin Y Patricios",2,0,1,0,1,0,0,,"Calle",,"ROSARIO","Rosario","Asfalto","No existe","II","Dentro","Urbana","Ninguna","No existe","Recta","Bueno","Buena","Diurna","Otro","Contra objeto fijo","S/D","Colisión","Ninguna","Vertical","Cordón divisorio","Sin restricción"
2014,2611,19/04/2014,"Sabado",0,15:00:00,,"0.0",2,"Pickup/Utilitario,Moto/Ciclomotor","Rodriguez Y San Luis",2,1,0,0,1,0,0,,"Calle",,"ROSARIO","Rosario","Asfalto","No existe","II","S/D","Urbana","Semáforo","No existe","Recta","Bueno","Buena","Diurna","Buen Tiempo","Otro","S/D","Colisión","Ninguna","Horizontal","Barrera de hormigón","Sin restricción"