"anio_acci","nro_acci","fecha","desc_dia","fecha_aprox","hora_aprox","desc_ruta","km","cant_participantes","desc_participante","calle_avenida_km","total","heridos_leves","heridos_graves","heridos_gravisimos","ilesos","fallecidos","sin_datos","posicion_XY","desc_tipo_via","desc_ruta_ori","desc_loc","desc_dpto","desc_tipo_calzada","desc_tipo_banquina","desc_unidad_regional","desc_lugar_calzada","desc_zona","desc_prioridad","desc_estado_semaforo","desc_lugar_via","desc_estado_via","desc_estado_visibilidad","desc_luminosidad","desc_estado_clima","desc_tipo_colision","desc_tipo_atropello","desc_tipo_hecho","desc_pres_calzada","desc_senializacion","desc_separacion_via","desc_restriccion"
2014,2612,21/04/2014,"Lunes",0,01:00:00,,"0.0",2,"Moto/Ciclomotor,Automóvil","Bv. Avellaneda Y Av. Uriburu",4,2,0,0,2,0,0,,"Avenida",,"ROSARIO","Rosario","S/D","No existe","II","Dentro","Urbana","Semáforo","Intermitente","Intersección","S/D","Buena","Nocturna","Buen Tiempo","S/D","S/D","Colisión","Otro","Faltante","Cordón divisorio","Sin restricción"
2014,2613,10/03/2014,"Lunes",0,20:45:00,,"0.0",2,"Moto/Ciclomotor,Pickup/Utilitario","Av. Arijon Y Corralito",2,1,0,0,1,0,0,,"Calle",,"ROSARIO","Rosario","Asfalto","No existe","II","Dentro","Urbana","Semáforo","Intermitente","Intersección","Bueno","Buena","Nocturna,Con luz artificial","Buen Tiempo","Lateral","S/D","Colisión","S/D","Vertical","Línea divisoria pintada","Sin restricción"
2014,2614,03/04/2014,"Jueves",0,13:00:00,,"0.0",2,"Moto/Ciclomotor,Automóvil","Irurtia Y Av. Provincias Unidas",2,2,0,0,0,0,0,,"Avenida",,"ROSARIO","Rosario","Asfalto","No existe","II","Dentro","Urbana","Ninguna","No existe","Intersección","Con baches","Buena","Diurna","Buen Tiempo","Lateral","S/D","Colisión","S/D","Faltante","S/D","Sin restricción"
2014,2615,03/04/2014,"Jueves",0,14:15:00,,"0.0",2,"Moto/Ciclomotor,Taxi/Remis","Av. Arijon Y Balcarce",2,1,0,0,1,0,0,,"Avenida",,"ROSARIO","Rosario","Asfalto","No existe","II","Dentro","Urbana","Ninguna","No existe","Recta","Bueno","Buena","Diurna","Buen Tiempo","Lateral","S/D","Colisión","S/D","Faltante","Línea divisoria pintada","Sin restricción"
2014,2616,19/04/2014,"Sabado",0,,,"0.0",2,"Automóvil,Automóvil","Av. Eva Peron ",3,2,0,0,1,0,0,,"Avenida",,"ROSARIO","Rosario","Asfalto","Pavimento","II","Dentro","Urbana","Ninguna","No existe","Recta","Bueno","Buena","Nocturna,Con luz artificial","Otro","Otro","S/D","Colisión","Ninguna","Horizontal","Ninguna","Sin restricción"
2014,2617,28/04/2014,"Lunes",0,20:00:00,,"0.0",2,"Moto/Ciclomotor,Automóvil","San Martin Y Av. Circunvalacion",4,4,0,0,0,0,0,,"Avenida",,"ROSARIO","Rosario","Asfalto","No existe","II","Dentro","Urbana","Ninguna","Funciona","Recta","Bueno","Buena","Nocturna","S/D","S/D","S/D","Colisión","Ninguna","Vertical","Cordón divisorio","Sin restricción"
2014,2618,21/04/2014,"Lunes",0,23:10:00,,"0.0",2,"Moto/Ciclomotor,Pickup/Utilitario","Av. Provincias Unidas Y Velez Sarsfield",2,1,0,0,1,0,0,,"Avenida",,"ROSARIO","Rosario","Asfalto","Natural","II","Dentro","Urbana","Ninguna","No existe","Curva","Bueno","Buena","Nocturna,Con luz artificial","Buen Tiempo","Otro","S/D","Colisión","Ninguna","Faltante","Ninguna","Sin restricción"
2014,2619,03/04/2014,"Jueves",0,09:15:00,,"0.0",2,"Moto/Ciclomotor,Automóvil","Bv San diego Y Andreu",3,2,0,0,1,0,0,,"Calle",,"VILLA GOBERNADOR GÁLVEZ","Rosario","Asfalto","No existe","II","Dentro","Urbana","Ninguna","No existe","Recta","Con baches","Buena","Diurna","Buen Tiempo","Lateral","S/D","Colisión","Otro","Faltante","Ninguna","Sin restricción"
2014,2620,26/04/2014,"Sabado",0,13:20:00,,"0.0",2,"Moto/Ciclomotor,Automóvil","Av. Arijon 1600",3,1,0,0,2,0,0,,"Avenida",,"ROSARIO","Rosario","Asfalto","No existe","II","Dentro","Urbana","Ninguna","Funciona","Recta","Bueno","Buena","Diurna","S/D","S/D","S/D","Colisión","Ninguna","Vertical","Cordón divisorio","Sin restricción"
2014,2621,13/04/2014,"Domingo",0,20:30:00,,"0.0",2,"Automóvil,Pickup/Utilitario","Av Gral San Martin 2200",4,2,0,0,2,0,0,,"Avenida",,"VILLA GOBERNADOR GÁLVEZ","Rosario","Asfalto","No existe","II","Dentro","Urbana","Ninguna","No existe","Recta","Bueno","Buena","Nocturna","Buen Tiempo","Lateral","S/D","Colisión","Ninguna","Faltante","Ninguna","Sin restricción"
2014,2622,20/04/2014,"Domingo",0,20:00:00,,"0.0",2,"Automóvil,Taxi/Remis","3 De Febrero Y Castellanos",3,3,0,0,0,0,0,,"Calle",,"ROSARIO","Rosario","Asfalto","Pavimento","II","Dentro","Urbana","Ninguna","No existe","Recta","Bueno","Buena","Nocturna","Buen Tiempo","Otro","S/D","Colisión","Ninguna","Horizontal","Barrera de hormigón","Sin restricción"
2014,2623,20/04/2014,"Domingo",0,14:00:00,,"0.0",2,"Automóvil,Taxi/Remis","Rioja Y Av. Ovidio Lagos",4,1,0,0,3,0,0,,"Calle",,"ROSARIO","Rosario","Asfalto","No existe","II","Dentro","Urbana","Ninguna","Funciona","Recta","Bueno","Buena","Diurna","Buen Tiempo","Otro","S/D","Colisión","Ninguna","Horizontal","Barrera de hormigón","Sin restricción"
2014,2624,20/04/2014,"Domingo",0,13:00:00,,"0.0",2,"Automóvil,Moto/Ciclomotor","Montevideo Y Francia F",3,2,0,0,1,0,0,,"Avenida",,"ROSARIO","Rosario","Asfalto","No existe","II","Dentro","Urbana","Semáforo","Funciona","Recta","Bueno","Buena","Diurna","Buen Tiempo","S/D","S/D","Colisión","Ninguna","Horizontal","S/D","Sin restricción"
2014,2625,21/04/2014,"Lunes",0,08:50:00,,"0.0",2,"Camión,Moto/Ciclomotor","Gutenberg Y Mendoza",2,1,0,0,1,0,0,,"Calle",,"ROSARIO","Rosario","Asfalto","No existe","II","Dentro","Urbana","Semáforo","No existe","Recta","Bueno","Buena","Diurna","Buen Tiempo","Otro","S/D","Colisión","S/D","S/D","Barrera de hormigón","Sin restricción"
2014,2626,07/04/2014,"Lunes",0,08:50:00,,"0.0",2,"Automóvil,Moto/Ciclomotor","Bv. Segui Y Rodriguez",2,1,0,0,1,0,0,,"Calle",,"ROSARIO","Rosario","Asfalto","No existe","II","Dentro","Urbana","Ninguna","No existe","Intersección","Bueno","Buena","Diurna","Buen Tiempo","Lateral","S/D","Colisión","Ninguna","Faltante","Ninguna","Sin restricción"
2014,2627,08/04/2014,"Martes",0,08:30:00,,"0.0",2,"Automóvil,Automóvil","Av Fuerza Aerea Y Arroyo Ludueña",2,1,0,0,1,0,0,,"Avenida",,"FUNES","Rosario","S/D","No existe","II","S/D","Urbana","Ninguna","S/D","Recta","Otro","Buena","Amanecer","Otro","Otro","S/D","Colisión","Ninguna","S/D","Ninguna","Sin restricción"
2014,2628,05/04/2014,"Sabado",0,10:10:00,,"0.0",2,"Moto/Ciclomotor,Automóvil","Alberdi Y Albert Sabin",2,1,0,0,1,0,0,,"Avenida",,"ROSARIO","Rosario","Asfalto","S/D","II","Dentro","Urbana","S/D","S/D","Intersección","S/D","S/D","Diurna","S/D","Lateral","S/D","Colisión","S/D","S/D","S/D","S/D"
2014,2629,28/04/2014,"Lunes",0,13:20:00,,"0.0",2,"Automóvil,Automóvil","J.C.Paz Y Uriarte",3,2,0,0,1,0,0,,"Calle",,"ROSARIO","Rosario","Asfalto","No existe","II","Dentro","Urbana","Ninguna","No existe","Intersección","Bueno","Buena","Diurna","Buen Tiempo","Frontal","S/D","Colisión","Ninguna","Faltante","Ninguna","Sin restricción"
2014,2630,07/04/2014,"Lunes",0,12:00:00,,"0.0",2,"Automóvil,Taxi/Remis","Entre Rios Y Saavedra",2,1,0,0,1,0,0,,"Calle",,"ROSARIO","Rosario","Asfalto","No existe","II","Dentro","Urbana","Ninguna","No existe","Intersección","Bueno","Buena","Diurna","Buen Tiempo","Lateral","S/D","Colisión","Ninguna","Faltante","Ninguna","Sin restricción"
2014,2631,12/04/2014,"Sabado",0,19:45:00,,"0.0",2,"Bicicleta,Automóvil","Santa Fe Y Moreno",2,0,1,0,1,0,0,,"Calle",,"FUNES","Rosario","Asfalto","No existe","II","S/D","Urbana","Ninguna","No existe","Intersección","Bueno","Reducida","Atardecer","Buen Tiempo","S/D","S/D","Atropello","Ninguna","Vertical","Cordón divisorio","Sin restricción"
2014,2632,05/04/2014,"Sabado",0,12:30:00,,"0.0",2,"Moto/Ciclomotor,Automóvil","Laprida Y Ituzaingo",3,2,0,0,1,0,0,,"Calle",,"ROSARIO","Rosario","Asfalto","No existe","II","Dentro","Urbana","S/D","S/D","Intersección","S/D","S/D","Diurna","Buen Tiempo","S/D","S/D","Colisión","S/D","S/D","S/D","S/D"
2014,2633,21/04/2014,"Lunes",0,20:15:00,,"0.0",2,"Moto/Ciclomotor,Otros","Pje. Santa Matilde 3637",2,1,0,0,1,0,0,,"Calle",,"ROSARIO","Rosario","Asfalto","No existe","II","Dentro","Urbana","Otra Señal","No existe","Recta","Bueno","Buena","Nocturna","Buen Tiempo","Otro","S/D","Colisión","Ninguna","Horizontal","Barrera de hormigón","Sin restricción"
2014,2634,03/04/2014,"Jueves",0,20:30:00,"Ruta Provincial 1","5.0",2,"Moto/Ciclomotor,Pickup/Utilitario"," ",3,2,0,0,1,0,0,,"Ruta",1,"RINCÓN POTRERO","La Capital","Asfalto","Natural","I","Dentro","Urbana","Ninguna","No existe","Intersección","Bueno","Reducida","Nocturna","Buen Tiempo","Lateral","S/D","Colisión","Material Suelto","Horizontal","Línea divisoria pintada","Sin restricción"
2014,2635,09/04/2014,"Miercoles",0,20:00:00,,"0.0",2,"Automóvil,Taxi/Remis","Albert Sabin 246 B",4,2,0,0,2,0,0,,"Avenida",,"ROSARIO","Rosario","Asfalto","S/D","II","Dentro","Urbana","S/D","S/D","Recta","S/D","S/D","Nocturna","S/D","De alcance","S/D","Colisión","S/D","S/D","S/D","S/D"
2014,2636,21/05/2014,"Miercoles",0,14:00:00,,"0.0",2,"Bicicleta,Automóvil","Alvear Y Agustin Delgado",2,1,0,0,1,0,0,"-31.622361111111,-60.692222222222","Calle",,"SANTA FE","La Capital","Asfalto","S/D","I","Dentro","Urbana","Ninguna","No existe","Intersección","Bueno","Buena","Diurna","Buen Tiempo","Frontal","S/D","Atropello","S/D","S/D","S/D","Sin restricción"
2014,2637,12/04/2014,"Sabado",0,02:00:00,,"0.0",2,"Moto/Ciclomotor,Automóvil","Gral Paz Y Elorza",3,1,0,0,1,0,1,,"Calle",,"FUNES","Rosario","Asfalto","S/D","II","Dentro","Urbana","S/D","S/D","Recta","Bueno","S/D","Nocturna","Buen Tiempo","S/D","S/D","Otro","Ninguna","Faltante","Ninguna","Sin restricción"
2014,2638,22/04/2014,"Martes",0,08:00:00,,"0.0",3,"Automóvil,Automóvil,Automóvil","3 De Febrero Y San Nicolas",3,1,0,0,2,0,0,,"Calle",,"ROSARIO","Rosario","Asfalto","No existe","II","Dentro","Urbana","Otra Señal","No existe","Recta","Bueno","Buena","Diurna","Buen Tiempo","Múltiple","S/D","Colisión","Otro","S/D","Guardarrail","Sin restricción"
2014,2639,03/04/2014,"Jueves",0,19:25:00,,"0.0",2,"Automóvil,Moto/Ciclomotor","Gaboto 1300",2,1,0,0,1,0,0,,"Calle",,"ROSARIO","Rosario","Asfalto","No existe","II","Dentro","Urbana","Ninguna","No existe","Intersección","Bueno","Buena","Diurna","Buen Tiempo","Lateral","S/D","Colisión","Ninguna","Faltante","Ninguna","Sin restricción"
2014,2640,27/04/2014,"Domingo",0,17:20:00,,"0.0",2,"Automóvil,Vehículo Oficial","Dr.D.Peña Y Spegazzini",6,5,0,0,1,0,0,,"Calle",,"ROSARIO","Rosario","Asfalto","No existe","II","Dentro","Urbana","Ninguna","No existe","Intersección","Bueno","Buena","Diurna","Buen Tiempo","Frontal","S/D","Colisión","Ninguna","Faltante","Ninguna","Sin restricción"
2014,2641,07/04/2014,"Lunes",0,08:30:00,,"0.0",2,"Bicicleta,Pickup/Utilitario","San Martin Y Primera Junta",2,1,0,0,1,0,0,,"Calle",,"ROSARIO","Rosario","Asfalto","No existe","II","Dentro","Urbana","S/D","S/D","S/D","S/D","S/D","Diurna","S/D","S/D","S/D","Atropello","S/D","S/D","S/D","S/D"
2014,2642,12/04/2014,"Sabado",0,18:00:00,,"0.0",1,"Moto/Ciclomotor","Alberdi Y Av. Luis Carballo",1,1,0,0,0,0,0,,"Avenida",,"ROSARIO","Rosario","Asfalto","S/D","II","Dentro","Urbana","S/D","S/D","Intersección","S/D","S/D","Diurna","S/D","S/D","S/D","Otro","S/D","S/D","S/D","S/D"
2014,2643,05/04/2014,"Sabado",0,15:30:00,,"0.0",2,"Bicicleta,Automóvil","Belgrano Y J P Lopez",2,1,0,0,1,0,0,"-31.609194444444,-60.690638888889","Calle",,"SANTA FE","La Capital","Asfalto","No existe","I","Dentro","Urbana","Ninguna","No existe","Intersección","Bueno","Buena","Diurna","Buen Tiempo","S/D","S/D","Atropello","S/D","Vertical","Ninguna","Sin restricción"
2014,2644,19/04/2014,"Sabado",0,02:00:00,,"0.0",2,"Automóvil,Automóvil","Mendoza Y Bv. Avellaneda",2,1,0,0,1,0,0,,"Avenida",,"ROSARIO","Rosario","Asfalto","No existe","II","Dentro","Urbana","Otra Señal","No existe","Recta","Bueno","Buena","Nocturna","Buen Tiempo","Otro","S/D","Colisión","Agua","Faltante","Guardarrail","Sin restricción"
2014,2645,11/04/2014,"Viernes",0,13:30:00,,"0.0",2,"Moto/Ciclomotor,Automóvil","Velez Sarsfield Y Diaz Velez",2,1,0,0,1,0,0,,"Calle",,"ROSARIO","Rosario","Asfalto","S/D","II","Dentro","Urbana","S/D","S/D","Intersección","S/D","S/D","Diurna","S/D","Lateral","S/D","Colisión","S/D","S/D","S/D","S/D"
2014,2646,06/04/2014,"Domingo",0,20:00:00,"Ruta Provincial 1","0.5",2,"Automóvil,Automóvil"," ",2,1,0,0,1,0,0,,"Ruta",1,"RINCÓN POTRERO","La Capital","Asfalto","Natural","I","Dentro","Urbana","Ninguna","No existe","Intersección","Bueno","Reducida","Nocturna","Buen Tiempo","Lateral","S/D","Colisión","Material Suelto","Horizontal","Línea divisoria pintada","Sin restricción"
2014,2647,24/04/2014,"Jueves",0,21:00:00,,"0.0",2,"Moto/Ciclomotor,Otros","Av Gral Paz Y Quintana",3,2,0,0,1,0,0,,"Calle",,"SANTA FE","La Capital","Asfalto","S/D","I","Dentro","Urbana","S/D","No existe","Intersección","Bueno","S/D","Nocturna","Buen Tiempo","Frontal","S/D","Colisión","S/D","S/D","S/D","Sin restricción"
2014,2648,02/04/2014,"Miercoles",0,12:30:00,,"0.0",2,"Automóvil,Bicicleta","Av del Rosario Y Richieri",2,1,0,0,1,0,0,,"S/D",,"PEREZ","Rosario","S/D","No existe","II","S/D","S/D","Ninguna","No existe","Intersección","Otro","Buena","Diurna","Otro","S/D","S/D","Atropello","Otro","Faltante","Ninguna","Sin restricción"
2014,2649,01/04/2014,"Martes",0,12:00:00,,"0.0",2,"Moto/Ciclomotor,Automóvil","Bv. Avellaneda Y Albert Sabin",2,1,0,0,1,0,0,,"Avenida",,"ROSARIO","Rosario","Asfalto","S/D","II","Dentro","Urbana","S/D","S/D","Recta","S/D","S/D","Diurna","S/D","Lateral","S/D","Colisión","S/D","S/D","S/D","S/D"
2014,2650,03/04/2014,"Jueves",0,07:50:00,"Ruta Nacional 33","0.0",2,"Automóvil,Moto/Ciclomotor","Av San Martin Y Miguel De Cervantes",2,1,0,0,1,0,0,,"Ruta",33,"PEREZ","Rosario","S/D","Ripio","II","Dentro","Urbana","Ninguna","No existe","Intersección","Otro","Buena","Diurna","Otro","Lateral","S/D","Colisión","Otro","Faltante","Línea divisoria pintada","Sin restricción"
2014,2651,23/04/2014,"Miercoles",0,10:00:00,,"0.0",2,"Automóvil,Moto/Ciclomotor","J P Lopez Y Republica de Siria",2,1,0,0,1,0,0,,"Calle",,"SANTA FE","La Capital","Asfalto","No existe","I","Dentro","Urbana","Ninguna","No existe","Intersección","Bueno","Buena","Diurna","Buen Tiempo","S/D","S/D","Colisión","S/D","S/D","Ninguna","Sin restricción"
2014,2652,25/04/2014,"Viernes",0,14:36:00,,"0.0",2,"Automóvil,Automóvil","Laprida Y Ocampo",2,2,0,0,0,0,0,,"Calle",,"ROSARIO","Rosario","Asfalto","No existe","II","Dentro","Urbana","S/D","S/D","S/D","S/D","S/D","Diurna","Buen Tiempo","S/D","S/D","Colisión","S/D","S/D","S/D","S/D"
2014,2653,18/04/2014,"Viernes",0,23:30:00,,"0.0",2,"Moto/Ciclomotor,Automóvil","Vera Mujica Y San Luis",3,0,1,0,0,0,2,,"Calle",,"ROSARIO","Rosario","Asfalto","No existe","II","Dentro","Urbana","Otra Señal","No existe","Recta","Bueno","Buena","Nocturna","Buen Tiempo","S/D","S/D","Colisión","Otro","S/D","Guardarrail","Sin restricción"
2014,2654,07/04/2014,"Lunes",0,21:20:00,"Ruta Provincial 1","9.0",2,"Pickup/Utilitario,Moto/Ciclomotor"," ",2,1,0,0,1,0,0,,"Ruta",1,"RINCÓN POTRERO","La Capital","Asfalto","No existe","I","S/D","Urbana","Ninguna","No existe","Intersección","Bueno","Reducida","Nocturna","Buen Tiempo","Lateral","S/D","Colisión","Material Suelto","Horizontal","Línea divisoria pintada","Sin restricción"
2014,2655,01/04/2014,"Martes",0,18:00:00,,"0.0",1,"Moto/Ciclomotor","Ricchieri Y Tucuman",2,1,0,0,1,0,0,,"Calle",,"ROSARIO","Rosario","Asfalto","No existe","II","Dentro","Urbana","Ninguna","No existe","Recta","Bueno","Buena","Diurna","Buen Tiempo","Lateral","S/D","Colisión","Otro","Faltante","Ninguna","Sin restricción"
2014,2656,22/04/2014,"Martes",0,16:00:00,,"0.0",2,"Moto/Ciclomotor,Automóvil","Alvear Y Martin Zapata",2,0,1,0,1,0,0,,"Calle",,"SANTA FE","La Capital","Asfalto","No existe","I","Dentro","Urbana","Ninguna","No existe","Intersección","Bueno","Buena","Diurna","Buen Tiempo","Frontal","S/D","Colisión","S/D","Vertical","Ninguna","Sin restricción"
2014,2657,25/04/2014,"Viernes",0,13:30:00,,"0.0",2,"Automóvil,Moto/Ciclomotor","Mitre Y Uruguay",2,1,0,0,1,0,0,,"Calle",,"ROSARIO","Rosario","Asfalto","No existe","II","Dentro","Urbana","Ninguna","No existe","Intersección","Bueno","Buena","Diurna","Buen Tiempo","Lateral","S/D","Colisión","Ninguna","Faltante","Ninguna","Sin restricción"
2014,2658,02/04/2014,"Miercoles",0,04:25:00,,"0.0",2,"Automóvil,Automóvil","Av. Ovidio Lagos Y Catamarca",2,1,0,0,1,0,0,,"Calle",,"ROSARIO","Rosario","S/D","No existe","II","Dentro","Urbana","Semáforo","Funciona","Recta","Otro","Buena","Amanecer","Buen Tiempo","Lateral","S/D","Colisión","Otro","Horizontal","Ninguna","Sin restricción"
2014,2659,11/04/2014,"Viernes",0,17:30:00,"Ruta Nacional 33","848.0",2,"Automóvil,Automóvil","Ruta Nac 33 ",3,1,0,0,2,0,0,,"Ruta",33,"PEREZ","Rosario","S/D","Ripio","II","Dentro","Urbana","Ninguna","No existe","Recta","Otro","Buena","Atardecer","Otro","De alcance","S/D","Colisión","Otro","Faltante","Línea divisoria pintada","Sin restricción"
2014,2660,14/04/2014,"Lunes",0,07:00:00,,"0.0",2,"Moto/Ciclomotor,Automóvil","Av. Ovidio Lagos 7200",2,1,0,0,1,0,0,,"Avenida",,"ROSARIO","Rosario","Asfalto","Natural","II","Dentro","Urbana","Otra Señal","No existe","S/D","Otro","Buena","Diurna","Buen Tiempo","Lateral","S/D","Colisión","Otro","S/D","Barrera de hormigón","Obra en Construcción"
2014,2661,22/04/2014,"Martes",0,14:45:00,,"0.0",2,"Automóvil,Automóvil","Av Gral Paz Y J M Zuviria",2,1,0,0,1,0,0,,"Calle",,"SANTA FE","La Capital","Asfalto","No existe","I","Dentro","Urbana","Ninguna","No existe","Intersección","Bueno","Buena","Diurna","Buen Tiempo","Frontal","S/D","Colisión","S/D","Vertical","Ninguna","Sin restricción"
2014,2662,21/04/2014,"Lunes",0,12:30:00,,"0.0",2,"Moto/Ciclomotor,Automóvil","Rioja Y Bv. Avellaneda",3,1,0,0,2,0,0,,"Avenida",,"ROSARIO","Rosario","Asfalto","Natural","II","S/D","Urbana","Ninguna","No funciona","Recta","Bueno","Buena","Diurna","Buen Tiempo","Múltiple","S/D","Colisión","Otro","S/D","Barrera de hormigón","Sin restricción"
2014,2663,11/04/2014,"Viernes",0,19:00:00,"Ruta Provincial 1","4.0",2,"Automóvil,Moto/Ciclomotor"," ",2,1,0,0,1,0,0,,"Ruta",1,"RINCÓN POTRERO","La Capital","Asfalto","Natural","I","S/D","Urbana","Ninguna","No existe","Intersección","Bueno","Reducida","Atardecer","Buen Tiempo","Lateral","S/D","Colisión","Material Suelto","Horizontal","Línea divisoria pintada","Sin restricción"
2014,2664,22/04/2014,"Martes",0,09:00:00,,"0.0",2,"Moto/Ciclomotor,Pickup/Utilitario","Av Almte Brown 6200",2,1,0,0,1,0,0,,"Calle",,"SANTA FE","La Capital","Asfalto","No existe","I","Dentro","Urbana","Ninguna","No existe","Recta","Bueno","Buena","Diurna","Buen Tiempo","Frontal","S/D","Colisión","S/D","Vertical","Ninguna","Sin restricción"
2014,2665,03/04/2014,"Jueves",0,23:30:00,,"0.0",2,"Moto/Ciclomotor,Pickup/Utilitario","Brown Y Callao",2,0,1,0,1,0,0,,"Calle",,"ROSARIO","Rosario","Asfalto","No existe","II","Dentro","Urbana","Semáforo","Funciona","Recta","Bueno","Buena","Nocturna","Buen Tiempo","Lateral","S/D","Colisión","Otro","Horizontal","Ninguna","Sin restricción"
2014,2666,06/04/2014,"Domingo",0,05:35:00,"Ruta Nacional 33","776.0",2,"Automóvil,Automóvil","Ruta Nac 33 776",5,5,0,0,0,0,0,,"Ruta",33,"ZAVALLA","Rosario","Asfalto","Natural","II","Dentro","Urbana","Ninguna","No existe","Recta","Bueno","Reducida","Nocturna","Lluvia","Lateral","S/D","Colisión","Agua","Horizontal","Línea divisoria pintada","Sin restricción"
2014,2667,23/04/2014,"Miercoles",0,14:00:00,,"0.0",2,"Pickup/Utilitario,Peatón","Bv. Avellaneda Y E.Zeballos",2,1,0,0,1,0,0,,"Avenida",,"ROSARIO","Rosario","Asfalto","S/D","II","S/D","Urbana","Ninguna","S/D","Recta","Bueno","Buena","Diurna","Buen Tiempo","S/D","S/D","Atropello","Otro","S/D","Barrera de hormigón","Sin restricción"
2014,2668,08/04/2014,"Martes",0,23:00:00,,"0.0",2,"Moto/Ciclomotor,Automóvil","Baigorria Y Zelaya",3,2,0,0,1,0,0,,"Calle",,"ROSARIO","Rosario","Asfalto","S/D","II","Dentro","Urbana","Semáforo","Funciona","Recta","Bueno","Buena","Nocturna","Buen Tiempo","Lateral","S/D","Colisión","Ninguna","Horizontal,Vertical","Ninguna","Sin restricción"
2014,2669,06/04/2014,"Domingo",0,21:55:00,,"0.0",2,"Moto/Ciclomotor,Pickup/Utilitario","San Lorenzo Y Constitucion",2,1,0,0,1,0,0,,"Calle",,"ROSARIO","Rosario","Asfalto","No existe","II","Dentro","Urbana","Ninguna","No existe","Recta","Bueno","Buena","Nocturna","Buen Tiempo","Lateral","S/D","Colisión","Otro","Faltante","Ninguna","Sin restricción"
2014,2670,21/04/2014,"Lunes",0,12:55:00,,"0.0",2,"Moto/Ciclomotor,Moto/Ciclomotor","J P Lopez Y Rivadavia",2,1,0,0,1,0,0,,"Calle",,"SANTA FE","La Capital","Asfalto","S/D","I","Dentro","Urbana","S/D","No existe","Intersección","Bueno","Buena","Diurna","Buen Tiempo","Frontal","S/D","Colisión","S/D","S/D","S/D","Sin restricción"
2014,2671,02/04/2014,"Miercoles",0,20:15:00,,"0.0",2,"Peatón,Automóvil","Bv. Segui Y Dorrego",2,1,0,0,1,0,0,,"Avenida",,"ROSARIO","Rosario","Asfalto","No existe","II","Dentro","Urbana","Ninguna","No existe","Intersección","Bueno","Buena","Diurna","Buen Tiempo","S/D","S/D","Atropello","Ninguna","Faltante","Ninguna","Sin restricción"
2014,2672,19/04/2014,"Sabado",0,13:59:00,,"0.0",2,"Moto/Ciclomotor,Automóvil","Av. Ovidio Lagos 7300",2,1,0,0,1,0,0,,"Avenida",,"ROSARIO","Rosario","Asfalto","Natural","II","Dentro","Urbana","S/D","No existe","Recta","Otro","Buena","Diurna","Buen Tiempo","Lateral","S/D","Colisión","Otro","S/D","Barrera de hormigón","Obra en Construcción"
2014,2673,24/04/2014,"Jueves",0,12:20:00,,"0.0",2,"Automóvil,Automóvil","Warnes Y M.Perdriel",2,1,0,0,1,0,0,,"Calle",,"ROSARIO","Rosario","Asfalto","No existe","II","Dentro","Urbana","Ninguna","No existe","Intersección","Bueno","Buena","Diurna","Buen Tiempo","Frontal","S/D","Colisión","Ninguna","Faltante","Ninguna","Sin restricción"
2014,2674,09/04/2014,"Miercoles",0,11:50:00,,"0.0",2,"Automóvil,Pickup/Utilitario","Bv. Rondeau 900",2,1,0,0,1,0,0,,"Avenida",,"ROSARIO","Rosario","Asfalto","No existe","II","Dentro","Urbana","Semáforo","Funciona","Recta","Bueno","Buena","Diurna","Buen Tiempo","Frontal","S/D","Colisión","Ninguna","Vertical","Cordón divisorio","Sin restricción"
2014,2675,25/04/2014,"Viernes",0,17:50:00,,"0.0",3,"Automóvil,Automóvil,Automóvil","Av. Ovidio Lagos Y Santa Fe",3,1,0,0,2,0,0,,"Calle",,"ROSARIO","Rosario","Asfalto","No existe","II","S/D","Urbana","Semáforo","Intermitente","Recta","Bueno","Buena","Atardecer","Buen Tiempo","Otro","S/D","Colisión","Otro","S/D","S/D","Sin restricción"
2014,2676,24/04/2014,"Jueves",0,03:50:00,"Ruta Provincial 1","9.0",1,"Automóvil"," ",3,3,0,0,0,0,0,,"Ruta",1,"RINCÓN POTRERO","La Capital","Asfalto","Natural","I","Dentro","Urbana","Ninguna","No existe","Intersección","Bueno","Reducida","Nocturna","Buen Tiempo","Atropello animal","S/D","Colisión","Material Suelto","Horizontal","Línea divisoria pintada","Sin restricción"
2014,2677,20/04/2014,"Domingo",0,21:00:00,,"0.0",2,"Moto/Ciclomotor,Automóvil","Agustin Delgado 1400",3,2,0,0,1,0,0,,"Calle",,"SANTA FE","La Capital","Asfalto","S/D","I","Dentro","Urbana","Ninguna","No existe","Recta","Bueno","Reducida p/ objetos","Nocturna","Buen Tiempo","S/D","S/D","Colisión","S/D","S/D","S/D","Sin restricción"