"anio_acci","nro_acci","fecha","desc_dia","fecha_aprox","hora_aprox","desc_ruta","km","cant_participantes","desc_participante","calle_avenida_km","total","heridos_leves","heridos_graves","heridos_gravisimos","ilesos","fallecidos","sin_datos","posicion_XY","desc_tipo_via","desc_ruta_ori","desc_loc","desc_dpto","desc_tipo_calzada","desc_tipo_banquina","desc_unidad_regional","desc_lugar_calzada","desc_zona","desc_prioridad","desc_estado_semaforo","desc_lugar_via","desc_estado_via","desc_estado_visibilidad","desc_luminosidad","desc_estado_clima","desc_tipo_colision","desc_tipo_atropello","desc_tipo_hecho","desc_pres_calzada","desc_senializacion","desc_separacion_via","desc_restriccion"
2014,2678,30/04/2014,"Miercoles",0,10:40:00,,"0.0",2,"Moto/Ciclomotor,Automóvil","Laprida Y Cerrito",3,2,0,0,1,0,0,,"Calle",,"ROSARIO","Rosario","Asfalto","No existe","II","Dentro","Urbana","S/D","S/D","S/D","S/D","S/D","Diurna","S/D","S/D","S/D","Colisión","S/D","S/D","S/D","S/D"
2014,2679,18/04/2014,"Viernes",0,12:00:00,,"0.0",2,"Bicicleta,Automóvil","Av. Ntra.Sra.del Rosario Y San Martin",2,1,0,0,1,0,0,,"Avenida",,"ROSARIO","Rosario","Asfalto","No existe","II","Dentro","Urbana","Ninguna","No existe","Intersección","Bueno","Buena","Diurna","Buen Tiempo","S/D","S/D","Atropello","Ninguna","Faltante","Ninguna","Sin restricción"
2014,2680,20/04/2014,"Domingo",0,13:10:00,,"0.0",2,"Moto/Ciclomotor,Automóvil","Salvador del Carril Y Belgrano",2,1,0,0,1,0,0,,"Calle",,"SANTA FE","La Capital","Asfalto","S/D","I","Dentro","Urbana","Ninguna","No existe","Intersección","Bueno","Buena","Diurna","Buen Tiempo","Frontal","S/D","Colisión","Ninguna","S/D","S/D","Sin restricción"
2014,2681,04/04/2014,"Viernes",0,22:20:00,"Ruta Provincial 1","17.0",2,"Camión,Pickup/Utilitario","Ruta Nac 1 17",2,1,0,0,1,0,0,,"Ruta",1,"ARROYO LEYES","La Capital","Asfalto","Natural","I","S/D","Rural","S/D","No existe","Recta","Deteriorada","Reducida","Nocturna","Buen Tiempo","Lateral","S/D","Colisión","Ninguna","Faltante","Línea divisoria pintada","Sin restricción"
2014,2682,23/04/2014,"Miercoles",0,15:09:00,,"0.0",2,"Moto/Ciclomotor,Automóvil","Bv. Rondeau Y Baigorria",2,1,0,0,1,0,0,,"Avenida",,"ROSARIO","Rosario","Asfalto","No existe","II","Dentro","Urbana","Semáforo","Funciona","Recta","Bueno","Buena","Diurna","Buen Tiempo","Lateral","S/D","Colisión","Ninguna","Vertical","Cordón divisorio","Sin restricción"
2014,2683,11/04/2014,"Viernes",0,21:00:00,,"0.0",2,"Automóvil,Moto/Ciclomotor","J.J.Paso Y Garzon",2,1,0,0,1,0,0,,"Calle",,"ROSARIO","Rosario","Asfalto","No existe","II","Dentro","Urbana","Ninguna","No existe","Intersección","Con baches","Buena","Nocturna","Buen Tiempo","De alcance","S/D","Colisión","Ninguna","Faltante","Ninguna","Sin restricción"
2014,2684,12/04/2014,"Sabado",0,11:30:00,,"0.0",2,"Pickup/Utilitario,Bicicleta","Bv. Rondeau 100",2,1,0,0,1,0,0,,"Avenida",,"ROSARIO","Rosario","Asfalto","No existe","II","Dentro","Urbana","Semáforo","Funciona","Recta","Bueno","Buena","Diurna","Buen Tiempo","S/D","S/D","Atropello","Ninguna","Vertical","Cordón divisorio","Sin restricción"
2014,2685,11/04/2014,"Viernes",0,10:00:00,,"0.0",1,"Automóvil"," ",2,2,0,0,0,0,0,,"Camino Rural",,"ZAVALLA","Rosario","Tierra","Natural","II","S/D","Rural","Ninguna","No existe","Recta","Bueno","Buena","Diurna","Buen Tiempo","S/D","S/D","Vuelco","S/D","Faltante","Ninguna","Sin restricción"
2014,2686,11/04/2014,"Viernes",0,17:00:00,,"0.0",2,"Moto/Ciclomotor,Automóvil","Ocampo Y Buenos Aires",2,1,0,0,1,0,0,,"Calle",,"ROSARIO","Rosario","Asfalto","No existe","II","Dentro","Urbana","Ninguna","No existe","Recta","Bueno","S/D","Diurna","Buen Tiempo","Lateral","S/D","Colisión","Ninguna","S/D","Ninguna","Sin restricción"
2014,2687,17/04/2014,"Jueves",0,18:00:00,,"0.0",2,"Bicicleta,Automóvil","San Martin Y Gaboto",2,1,0,0,1,0,0,,"Avenida",,"ROSARIO","Rosario","Asfalto","No existe","II","Dentro","Urbana","Ninguna","No existe","Intersección","Bueno","Buena","Diurna","Buen Tiempo","S/D","S/D","Atropello","Ninguna","Faltante","Ninguna","Sin restricción"
2014,2688,23/04/2014,"Miercoles",0,22:00:00,,"0.0",2,"Automóvil,Moto/Ciclomotor","Av. Battle y Ordoñez 3500",2,1,0,0,1,0,0,,"Avenida",,"ROSARIO","Rosario","Asfalto","Natural","II","Dentro","Urbana","Señal Pare","No existe","Recta","Bueno","Buena","Nocturna","Buen Tiempo","Lateral","S/D","Colisión","S/D","Horizontal","Ninguna","Sin restricción"
2014,2689,04/04/2014,"Viernes",0,18:00:00,,"0.0",2,"Moto/Ciclomotor,Automóvil","Hipolito Irigoyen Y 12 de septiembre",2,1,0,0,1,0,0,,"S/D",,"SANTO TOMÉ","La Capital","Asfalto","S/D","I","S/D","Urbana","S/D","No existe","Recta","S/D","S/D","Atardecer","Buen Tiempo","S/D","S/D","Colisión","S/D","S/D","S/D","Sin restricción"
2014,2690,19/01/2014,"Domingo",0,14:00:00,,"0.0",2,"Automóvil,Bicicleta","San Juan 2800",2,1,0,0,1,0,0,,"Calle",,"ROSARIO","Rosario","Asfalto","No existe","II","S/D","Urbana","Otra Señal","No existe","Recta","Bueno","Buena","Diurna","Buen Tiempo","S/D","S/D","Atropello","Otro","Faltante","Ninguna","Sin restricción"
2014,2691,19/04/2014,"Sabado",0,15:15:00,,"0.0",2,"Moto/Ciclomotor,Pickup/Utilitario","Laprida Y Salvador del Carril",3,1,1,0,1,0,0,,"Calle",,"SANTA FE","La Capital","Asfalto","No existe","I","Dentro","Urbana","Ninguna","No existe","Intersección","Bueno","Buena","Diurna","Buen Tiempo","Frontal","S/D","Colisión","S/D","Vertical","Ninguna","Sin restricción"
2014,2692,08/04/2014,"Martes",0,18:30:00,,"0.0",2,"Moto/Ciclomotor,Automóvil","J.J.Paso 2000",2,1,0,0,1,0,0,,"Calle",,"ROSARIO","Rosario","Asfalto","Pavimento","II","Dentro","Urbana","Semáforo","Funciona","Intersección","Bueno","Buena","Atardecer","Buen Tiempo","Lateral","S/D","Colisión","S/D","S/D","Ninguna","Sin restricción"
2014,2693,21/04/2014,"Lunes",0,13:30:00,,"0.0",2,"Automóvil,Moto/Ciclomotor","Washington Y Darragueira",3,2,0,0,1,0,0,,"Calle",,"ROSARIO","Rosario","Asfalto","No existe","II","Dentro","Urbana","Señal Pare","No existe","Intersección","Bueno","Buena","Diurna","Buen Tiempo","Frontal","S/D","Colisión","Ninguna","Faltante","Ninguna","Sin restricción"
2014,2694,16/04/2014,"Miercoles",0,20:20:00,,"0.0",2,"Automóvil,Moto/Ciclomotor","Bv. Oroño Y Dean Funes",2,1,0,0,1,0,0,,"Avenida",,"ROSARIO","Rosario","Asfalto","No existe","II","Dentro","Urbana","Ninguna","No existe","Intersección","Bueno","Buena","Nocturna","Buen Tiempo","Lateral","S/D","Colisión","Ninguna","Faltante","Ninguna","Sin restricción"
2014,2695,12/04/2014,"Sabado",0,07:40:00,,"0.0",2,"Moto/Ciclomotor,Moto/Ciclomotor","Necochea Y La Paz",3,3,0,0,0,0,0,,"Calle",,"ROSARIO","Rosario","Asfalto","No existe","II","Dentro","Urbana","Ninguna","No existe","Recta","Bueno","Buena","Diurna","Buen Tiempo","Lateral","S/D","Colisión","Otro","Faltante","Ninguna","Sin restricción"
2014,2696,10/04/2014,"Jueves",0,17:15:00,,"0.0",2,"Automóvil,Moto/Ciclomotor","Ameghino Y Mitre",2,1,0,0,1,0,0,,"Calle",,"ROSARIO","Rosario","Asfalto","No existe","II","Dentro","Urbana","Ninguna","No existe","Intersección","Bueno","Buena","Diurna","Buen Tiempo","Lateral","S/D","Colisión","Ninguna","Faltante","Ninguna","Sin restricción"
2014,2698,29/04/2014,"Martes",0,14:15:00,,"0.0",2,"Automóvil,Automóvil","Pascual Rosas Y Av. Pellegrini",3,2,0,0,1,0,0,,"Avenida",,"ROSARIO","Rosario","Asfalto","S/D","II","Fuera","Urbana","Semáforo","Funciona","Recta","Bueno","Buena","Diurna","Otro","S/D","S/D","Colisión","Otro","Horizontal","S/D","Sin restricción"
2014,2699,19/04/2014,"Sabado",0,13:45:00,,"0.0",2,"Moto/Ciclomotor,Moto/Ciclomotor","Av Almte Brown Y Pje Calcena",4,2,2,0,0,0,0,,"Calle",,"SANTA FE","La Capital","Asfalto","No existe","I","Dentro","Urbana","Ninguna","No existe","Intersección","Bueno","Buena","Diurna","Buen Tiempo","Frontal","S/D","Colisión","S/D","Vertical","Ninguna","Sin restricción"
2014,2700,06/04/2014,"Domingo",0,17:40:00,,"0.0",2,"Automóvil,Vehículo Oficial","Matheu Y Bv. Rondeau",3,2,0,0,1,0,0,,"Avenida",,"ROSARIO","Rosario","Asfalto","No existe","II","Dentro","Urbana","Semáforo","Funciona","Intersección","Bueno","Buena","Diurna","Buen Tiempo","Frontal","S/D","Colisión","Ninguna","Vertical","Cordón divisorio","Sin restricción"
2014,2701,02/04/2014,"Miercoles",0,03:30:00,,"0.0",2,"Moto/Ciclomotor,Automóvil","Ayacucho Y Av. Uriburu",3,2,0,0,1,0,0,,"Avenida",,"ROSARIO","Rosario","Asfalto","No existe","II","Dentro","Urbana","Semáforo","Intermitente","Intersección","S/D","S/D","Nocturna","S/D","Lateral","S/D","Colisión","S/D","Vertical","Cordón divisorio","S/D"
2014,2702,13/04/2014,"Domingo",0,10:00:00,,"0.0",2,"Peatón,Otros","Bv. 27 De Febrero Y J.M.de Rosas",2,0,1,0,0,0,1,,"Avenida",,"ROSARIO","Rosario","Asfalto","No existe","II","Dentro","Urbana","Ninguna","No existe","S/D","Bueno","S/D","Diurna","Otro","S/D","S/D","Atropello","Ninguna","Faltante","Cordón divisorio","Sin restricción"
2014,2703,02/04/2014,"Miercoles",0,06:30:00,,"0.0",1,"Moto/Ciclomotor","J.J.Paso 2000",1,1,0,0,0,0,0,,"Calle",,"ROSARIO","Rosario","Asfalto","Pavimento","II","Dentro","Urbana","Ninguna","No existe","Intersección","Bueno","Buena","Amanecer","Otro","S/D","S/D","Colisión","Otro","Faltante","Ninguna","Sin restricción"
2014,2704,18/04/2014,"Viernes",0,13:10:00,,"0.0",2,"Automóvil,Moto/Ciclomotor","Bv. Rondeau Y Av. Sorrento",2,1,0,0,1,0,0,,"Avenida",,"ROSARIO","Rosario","Asfalto","No existe","II","Dentro","Urbana","Semáforo","Funciona","Recta","Bueno","Buena","Diurna","Buen Tiempo","Frontal","S/D","Colisión","Ninguna","Vertical","Cordón divisorio","Sin restricción"
2014,2705,10/04/2014,"Jueves",0,11:40:00,,"0.0",2,"Automóvil,Moto/Ciclomotor","Dorrego Y Dean Funes",3,1,0,0,2,0,0,,"Calle",,"ROSARIO","Rosario","Asfalto","No existe","II","S/D","S/D","Ninguna","No existe","Intersección","Bueno","Buena","Diurna","Buen Tiempo","Lateral","S/D","Colisión","Ninguna","Faltante","Ninguna","Sin restricción"
2014,2706,23/04/2014,"Miercoles",0,12:00:00,,"0.0",2,"Moto/Ciclomotor,Otros","Avenida General Bartolome Mitr Y Lisandro de La Torre",2,1,0,0,0,0,1,,"Calle",,"SANTO TOMÉ","La Capital","Tierra","No existe","I","Dentro","Urbana","S/D","S/D","Intersección","Bueno","Buena","Diurna","Buen Tiempo","Lateral","S/D","Colisión","S/D","Faltante","S/D","Sin restricción"
2014,2707,11/04/2014,"Viernes",0,14:00:00,,"0.0",2,"Vehículo Oficial,Automóvil","French Y Ecuador",2,1,0,0,1,0,0,,"Calle",,"ROSARIO","Rosario","Asfalto","No existe","II","Dentro","Urbana","Ninguna","No existe","Intersección","Bueno","Buena","Diurna","Buen Tiempo","Lateral","S/D","Colisión","S/D","Faltante","Ninguna","Sin restricción"
2014,2708,05/04/2014,"Sabado",0,13:05:00,,"0.0",2,"Moto/Ciclomotor,Automóvil","Soldado Aguirre ",2,2,0,0,0,0,0,,"Avenida",,"VILLA GOBERNADOR GÁLVEZ","Rosario","Asfalto","Pavimento","II","S/D","S/D","Ninguna","No existe","Recta","Otro","Buena","Diurna","Otro","S/D","S/D","Colisión","Otro","Faltante","Ninguna","Sin restricción"
2014,2709,08/04/2014,"Martes",0,19:11:00,"Ruta Nacional A012","12.5",2,"Camión,Camión"," ",2,1,0,0,1,0,0,,"Ruta","A012","PIÑERO","Rosario","Asfalto","Natural","II","Dentro","Urbana","Ninguna","No existe","Recta","Bueno","Buena","Diurna","Buen Tiempo","Lateral","S/D","Colisión","Ninguna","Vertical","Línea divisoria pintada","Sin restricción"
2014,2710,19/04/2014,"Sabado",0,17:45:00,,"0.0",2,"Automóvil,Moto/Ciclomotor"," ",2,1,0,0,1,0,0,,"Calle",,"ROSARIO","Rosario","Asfalto","No existe","II","Dentro","Urbana","Semáforo","Funciona","Recta","Bueno","Buena","Diurna","Buen Tiempo","Frontal","S/D","Colisión","Ninguna","Vertical","Ninguna","Sin restricción"
2014,2711,23/04/2014,"Miercoles",0,07:00:00,,"0.0",2,"Moto/Ciclomotor,Automóvil","Av. Ovidio Lagos 7100",2,1,0,0,1,0,0,,"Calle",,"ROSARIO","Rosario","Asfalto","Natural","II","S/D","S/D","Otra Señal","S/D","Recta","Otro","Buena","Diurna","Buen Tiempo","Lateral","S/D","Colisión","S/D","Horizontal","Barrera de hormigón","Obra en Construcción"
2014,2712,04/04/2014,"Viernes",0,07:50:00,,"0.0",2,"Moto/Ciclomotor,Automóvil","Gral. J.M.Paz Y Anchorena",3,2,0,0,1,0,0,,"Calle",,"ROSARIO","Rosario","Asfalto","No existe","II","Dentro","Urbana","Ninguna","No existe","Intersección","S/D","Buena","Diurna","S/D","De alcance","S/D","Colisión","S/D","S/D","Ninguna","Sin restricción"
2014,2713,17/04/2014,"Jueves",0,09:00:00,,"0.0",2,"Moto/Ciclomotor,Automóvil","Piedras Y Alvear",2,1,0,0,1,0,0,,"Calle",,"SANTA FE","La Capital","Asfalto","No existe","I","Dentro","Urbana","Ninguna","No existe","Intersección","Bueno","Buena","Diurna","Buen Tiempo","Frontal","S/D","Colisión","S/D","Vertical","Ninguna","Sin restricción"
2014,2714,23/04/2014,"Miercoles",0,11:50:00,,"0.0",2,"Moto/Ciclomotor,Pickup/Utilitario","Rca Oriental del Uruguay Y  Saavedra Miguel de Cervantes",2,1,0,0,1,0,0,,"Calle",,"SANTO TOMÉ","La Capital","Tierra","No existe","I","S/D","Urbana","Ninguna","S/D","Intersección","Bueno","Buena","Diurna","Buen Tiempo","Lateral","S/D","Colisión","S/D","S/D","S/D","Sin restricción"
2014,2715,08/04/2014,"Martes",0,11:00:00,,"0.0",2,"Automóvil,Taxi/Remis","Bv. Segui Y Av. Corrientes",3,1,0,0,2,0,0,,"Avenida",,"ROSARIO","Rosario","Asfalto","No existe","II","Dentro","Urbana","Ninguna","No existe","Intersección","Bueno","Buena","Diurna","Buen Tiempo","Lateral","S/D","Colisión","Ninguna","Faltante","Ninguna","Sin restricción"
2014,2716,03/04/2014,"Jueves",0,19:10:00,,"0.0",2,"Peatón,Automóvil","San Lorenzo Y Soldado Aguirre",2,2,0,0,0,0,0,,"Avenida",,"VILLA GOBERNADOR GÁLVEZ","Rosario","Asfalto","S/D","II","S/D","S/D","Ninguna","S/D","Intersección","Otro","S/D","Atardecer","Otro","S/D","S/D","Atropello","Otro","Faltante","Barrera de hormigón","Sin restricción"
2014,2717,22/04/2014,"Martes",0,07:45:00,,"0.0",2,"Moto/Ciclomotor,Automóvil","Washington Y Darragueira",4,2,0,0,2,0,0,,"Calle",,"ROSARIO","Rosario","Asfalto","No existe","II","Dentro","Urbana","Señal Pare","No existe","Intersección","Bueno","Buena","Diurna","Buen Tiempo","Frontal","S/D","Colisión","Ninguna","Vertical","Ninguna","Sin restricción"
2014,2718,08/04/2014,"Martes",0,12:20:00,,"0.0",2,"Automóvil,Pickup/Utilitario","Santa Fe Y Av. Francia",2,1,0,0,0,0,1,,"Avenida",,"ROSARIO","Rosario","Asfalto","S/D","II","S/D","Urbana","Semáforo","Funciona","Recta","Bueno","Buena","Diurna","Buen Tiempo","S/D","S/D","Colisión","S/D","Vertical","Cordón divisorio","S/D"
2014,2719,18/04/2014,"Viernes",0,09:00:00,"Ruta Provincial 21","0.0",1,"Automóvil"," ",1,1,0,0,0,0,0,,"Ruta",21,"VILLA GOBERNADOR GÁLVEZ","Rosario","Asfalto","Ripio","II","S/D","S/D","Ninguna","No existe","Recta","Otro","Buena","Diurna","Otro","Otro","S/D","Otro","Otro","Faltante","Ninguna","Sin restricción"
2014,2720,09/04/2014,"Miercoles",0,17:35:00,,"0.0",2,"Automóvil,Moto/Ciclomotor","Av. Corrientes Y Sanchez de Bustamante",2,1,0,0,1,0,0,,"Calle",,"ROSARIO","Rosario","Asfalto","No existe","II","Dentro","Urbana","Ninguna","No existe","Intersección","Bueno","Buena","Diurna","Buen Tiempo","Lateral","S/D","Colisión","Ninguna","Faltante","Ninguna","Sin restricción"
2014,2721,15/04/2014,"Martes",0,20:50:00,,"0.0",2,"Moto/Ciclomotor,Pickup/Utilitario","CASANELLO Y ALVEAR",2,1,0,0,1,0,0,,"Calle",,"SANTA FE","La Capital","Asfalto","S/D","I","Dentro","Urbana","Ninguna","No existe","Intersección","Bueno","Buena","Diurna","Buen Tiempo","Frontal","S/D","Colisión","S/D","S/D","S/D","Sin restricción"
2014,2722,11/04/2014,"Viernes",0,17:20:00,,"0.0",2,"Moto/Ciclomotor,Transporte de Pasajeros Urbano (> 8 asientos)","Sanchez de Thompson Y Abanderado Grandoli",2,1,0,0,1,0,0,,"Calle",,"ROSARIO","Rosario","Asfalto","No existe","II","Dentro","Urbana","Ninguna","No existe","Intersección","S/D","Buena","Diurna","S/D","Lateral","S/D","Colisión","S/D","S/D","Ninguna","Sin restricción"
2014,2723,07/04/2014,"Lunes",0,02:30:00,"Ruta Provincial 18","6.0",2,"Automóvil,Moto/Ciclomotor"," ",2,1,0,0,1,0,0,,"Ruta",18,"PIÑERO","Rosario","Asfalto","Natural","II","Dentro","Urbana","Marca Vial","No existe","Recta","Resbaladiza","Reducida","Nocturna","Lluvia","Lateral","S/D","Colisión","Agua","Vertical","Línea divisoria pintada","Sin restricción"
2014,2724,15/04/2014,"Martes",0,19:40:00,,"0.0",2,"Moto/Ciclomotor,Moto/Ciclomotor","Esmeralda Y Viamonte",3,3,0,0,0,0,0,,"Calle",,"ROSARIO","Rosario","Asfalto","No existe","II","Dentro","Urbana","Señal Pare","No existe","Intersección","Bueno","Buena","Atardecer,Con luz artificial","Buen Tiempo","De alcance","S/D","Colisión","Ninguna","Vertical","Ninguna","Sin restricción"
2014,2725,28/04/2014,"Lunes",0,12:00:00,,"0.0",1,"Moto/Ciclomotor","crespo Y T A Edison bis",1,1,0,0,0,0,0,,"Calle",,"VILLA GOBERNADOR GÁLVEZ","Rosario","Asfalto","Pavimento","II","Dentro","Urbana","Ninguna","No existe","Recta","Otro","Buena","Diurna","Otro","Otro","S/D","Otro","Otro","Faltante","Ninguna","Sin restricción"
2014,2726,05/04/2014,"Sabado",0,10:30:00,,"0.0",1,"Moto/Ciclomotor","Machain 1300",2,2,0,0,0,0,0,,"Calle",,"ROSARIO","Rosario","Asfalto","No existe","II","Dentro","Urbana","Ninguna","No existe","Recta","Bueno","Buena","Diurna","Buen Tiempo","Atropello animal","S/D","Colisión","Ninguna","Faltante","Ninguna","Sin restricción"
2014,2727,10/04/2014,"Jueves",0,11:25:00,,"0.0",2,"Automóvil,Taxi/Remis","Catamarca Y Iriondo",2,1,0,0,1,0,0,,"Calle",,"ROSARIO","Rosario","Asfalto","S/D","II","S/D","Urbana","Semáforo","Funciona","Recta","Bueno","Buena","Diurna","Buen Tiempo","S/D","S/D","S/D","S/D","Vertical","Ninguna","S/D"
2014,2728,07/04/2014,"Lunes",0,07:45:00,,"0.0",2,"Moto/Ciclomotor,Otros","Av. Jorge Newbery ",2,1,0,0,0,0,1,,"Avenida",,"ROSARIO","Rosario","Asfalto","S/D","II","Dentro","Urbana","S/D","S/D","Recta","S/D","S/D","Amanecer","S/D","Lateral","S/D","Colisión","S/D","S/D","S/D","S/D"
2014,2729,07/04/2014,"Lunes",0,,,"0.0",2,"Automóvil,Automóvil"," ",2,1,0,0,1,0,0,,"Calle",,"ROSARIO","Rosario","Asfalto","No existe","II","Dentro","Urbana","Ninguna","No existe","Recta","Bueno","Buena","Diurna","Buen Tiempo","Frontal","S/D","Colisión","Ninguna","Faltante","Ninguna","Sin restricción"
2014,2730,17/04/2014,"Jueves",0,20:00:00,,"0.0",2,"Moto/Ciclomotor,Pickup/Utilitario","Ayacucho Y Centenario",4,3,0,0,1,0,0,,"Calle",,"ROSARIO","Rosario","Asfalto","No existe","II","Dentro","Urbana","Ninguna","No existe","Intersección","Con baches","S/D","Nocturna","S/D","Lateral","S/D","Colisión","Agua","S/D","Ninguna","Sin restricción"
2014,2731,15/04/2014,"Martes",0,13:40:00,,"0.0",2,"Automóvil,Taxi/Remis","Ayacucho Y Riobamba",2,1,0,0,1,0,0,,"Calle",,"ROSARIO","Rosario","Asfalto","No existe","II","Dentro","Urbana","Señal Ceda el Paso","No existe","Intersección","Bueno","Buena","Diurna","Buen Tiempo","De alcance","S/D","Colisión","Ninguna","Vertical","Ninguna","Sin restricción"
2014,2732,07/04/2014,"Lunes",0,09:30:00,"Ruta Nacional A012","0.0",3,"Camión,Transporte de Pasajeros Urbano (> 8 asientos),Pickup/Utilitario"," ",4,3,0,0,1,0,0,,"Ruta","A012","PIÑERO","Rosario","Asfalto","Natural","II","Dentro","Urbana","Señal Pare","No existe","Cruce","Resbaladiza","Buena","Diurna","Otro","Múltiple","S/D","Colisión","Agua","Horizontal,Vertical","Línea divisoria pintada","Sin restricción"
2014,2733,26/04/2014,"Sabado",0,12:20:00,,"0.0",2,"Moto/Ciclomotor,Moto/Ciclomotor","Mariano Candioti Y Juan Antonio Alvarez de Arenal",3,2,0,0,0,0,1,,"Calle",,"SANTO TOMÉ","La Capital","Asfalto","No existe","I","S/D","Urbana","Ninguna","S/D","Intersección","Bueno","Buena","Diurna","Buen Tiempo","Lateral","S/D","Colisión","S/D","Horizontal","S/D","Sin restricción"
2014,2734,14/04/2014,"Lunes",0,11:50:00,,"0.0",2,"Automóvil,Moto/Ciclomotor","Rodriguez Y Guemes",2,1,0,0,1,0,0,,"Calle",,"ROSARIO","Rosario","Asfalto","No existe","II","S/D","Urbana","Ninguna","No existe","Recta","Bueno","Buena","Diurna","Buen Tiempo","S/D","S/D","Colisión","S/D","Vertical","Ninguna","Sin restricción"
2014,2735,22/04/2014,"Martes",0,15:30:00,,"0.0",2,"Moto/Ciclomotor,Automóvil","Pje. Huergo Y Estado de Israel",2,1,0,0,1,0,0,,"Calle",,"ROSARIO","Rosario","Asfalto","No existe","II","Dentro","Urbana","Ninguna","No existe","Intersección","S/D","Buena","Diurna","Buen Tiempo","Lateral","S/D","Colisión","S/D","S/D","Ninguna","Sin restricción"
2014,2736,29/04/2014,"Martes",0,21:55:00,,"0.0",2,"Pickup/Utilitario,Moto/Ciclomotor","Soldado Aguirre Y San Lorenzo",2,1,0,0,1,0,0,,"Avenida",,"VILLA GOBERNADOR GÁLVEZ","Rosario","Asfalto","Pavimento","II","S/D","Urbana","Ninguna","No existe","Recta","Otro","Buena","Nocturna","Otro","Otro","S/D","Otro","Otro","Faltante","Barrera de hormigón","Sin restricción"
2014,2737,06/04/2014,"Domingo",0,18:30:00,,"0.0",2,"Automóvil,Automóvil","Mitre Y 24 De Setiembre",4,3,0,0,1,0,0,,"Calle",,"ROSARIO","Rosario","Asfalto","No existe","II","Dentro","Urbana","Ninguna","No existe","Intersección","Bueno","Buena","Diurna","Buen Tiempo","Lateral","S/D","Colisión","Ninguna","Faltante","Ninguna","Sin restricción"
2014,2738,02/04/2014,"Miercoles",0,04:30:00,,"0.0",2,"Automóvil,Automóvil","Av. Ovidio Lagos Y La Paz",3,2,0,0,1,0,0,,"Calle",,"ROSARIO","Rosario","S/D","S/D","II","Dentro","Urbana","S/D","S/D","Intersección","S/D","S/D","Nocturna","S/D","S/D","S/D","S/D","S/D","S/D","S/D","S/D"
2014,2739,05/04/2014,"Sabado",0,19:30:00,"Ruta Nacional 11","0.0",2,"Moto/Ciclomotor,Peatón","PUENTE CARRETERO ",2,2,0,0,0,0,0,"-31.666064171205,-60.742638226029","Ruta",11,"SANTA FE","La Capital","Asfalto","S/D","I","Dentro","Urbana","Ninguna","No existe","Puente","Bueno","Buena","Diurna","Buen Tiempo","S/D","S/D","Atropello","Ninguna","Faltante","Ninguna","S/D"
2014,2740,13/03/2014,"Jueves",0,,,"0.0",2,"Moto/Ciclomotor,Automóvil","J.Colombres Y Gurruchaga",3,1,0,0,2,0,0,,"Calle",,"ROSARIO","Rosario","Asfalto","No existe","II","Dentro","Urbana","Semáforo","Funciona","Recta","Bueno","Buena","Diurna","Buen Tiempo","Frontal","S/D","Colisión","Ninguna","Vertical","Cordón divisorio","Sin restricción"
2014,2741,09/04/2014,"Miercoles",0,14:30:00,,"0.0",2,"Transporte de Pasajeros Urbano (> 8 asientos),Moto/Ciclomotor"," ",2,1,0,0,1,0,0,,"Calle",,"ROSARIO","Rosario","Asfalto","No existe","II","Dentro","Urbana","Ninguna","No existe","Recta","Bueno","Buena","Diurna","Buen Tiempo","S/D","S/D","Colisión","Ninguna","Faltante","Ninguna","Sin restricción"
2014,2742,12/04/2014,"Sabado",0,13:00:00,,"0.0",2,"Bicicleta,Otros","J.J.Paso Y Barra",2,1,0,0,1,0,0,,"Calle",,"ROSARIO","Rosario","Asfalto","S/D","II","Dentro","Urbana","Ninguna","S/D","Intersección","Bueno","S/D","Diurna","Buen Tiempo","S/D","S/D","Atropello","S/D","Faltante","Ninguna","Sin restricción"
2014,2743,01/04/2014,"Martes",0,12:30:00,,"0.0",2,"Moto/Ciclomotor,Transporte Escolar","Soldado Aguirre Y Richieri",2,1,0,0,0,0,1,,"Avenida",,"VILLA GOBERNADOR GÁLVEZ","Rosario","Asfalto","No existe","II","S/D","Urbana","Ninguna","No existe","Intersección","Deteriorada","Buena","Diurna","S/D","Otro","S/D","Colisión","Otro","Faltante","Ninguna","Sin restricción"
2014,2744,16/04/2014,"Miercoles",0,16:15:00,,"0.0",2,"Bicicleta,Otros","Riobamba Y Ayacucho",2,1,0,0,0,0,1,,"Calle",,"ROSARIO","Rosario","Asfalto","No existe","II","Dentro","Urbana","Señal Pare","No existe","Intersección","Bueno","Buena","Diurna","Buen Tiempo","S/D","S/D","Atropello","Ninguna","Vertical","Ninguna","Sin restricción"