"anio_acci","nro_acci","fecha","desc_dia","fecha_aprox","hora_aprox","desc_ruta","km","cant_participantes","desc_participante","calle_avenida_km","total","heridos_leves","heridos_graves","heridos_gravisimos","ilesos","fallecidos","sin_datos","posicion_XY","desc_tipo_via","desc_ruta_ori","desc_loc","desc_dpto","desc_tipo_calzada","desc_tipo_banquina","desc_unidad_regional","desc_lugar_calzada","desc_zona","desc_prioridad","desc_estado_semaforo","desc_lugar_via","desc_estado_via","desc_estado_visibilidad","desc_luminosidad","desc_estado_clima","desc_tipo_colision","desc_tipo_atropello","desc_tipo_hecho","desc_pres_calzada","desc_senializacion","desc_separacion_via","desc_restriccion"
2014,2745,05/04/2014,"Sabado",0,12:25:00,,"0.0",2,"Automóvil,Moto/Ciclomotor","Pje. Blanque Y Paraguay",2,1,0,0,1,0,0,,"Calle",,"ROSARIO","Rosario","Asfalto","No existe","II","Dentro","Urbana","S/D","No existe","Intersección","Bueno","Buena","Diurna","Buen Tiempo","Lateral","S/D","Colisión","Ninguna","Faltante","Ninguna","Sin restricción"
2014,2746,03/04/2014,"Jueves",0,14:20:00,,"0.0",2,"Moto/Ciclomotor,Automóvil","Av. Corrientes Y Ituzaingo",2,1,0,0,1,0,0,,"Calle",,"ROSARIO","Rosario","S/D","S/D","II","Dentro","Urbana","S/D","S/D","S/D","S/D","S/D","Diurna","S/D","S/D","S/D","S/D","S/D","S/D","S/D","S/D"
2014,2747,09/04/2014,"Miercoles",0,15:00:00,,"0.0",2,"Moto/Ciclomotor,Automóvil","Uriarte Y Laplace",2,1,0,0,1,0,0,,"Calle",,"ROSARIO","Rosario","Asfalto","S/D","II","Dentro","Urbana","Ninguna","S/D","Intersección","Bueno","Buena","Diurna","Buen Tiempo","Lateral","S/D","Colisión","Ninguna","S/D","Ninguna","Sin restricción"
2014,2748,07/04/2014,"Lunes",0,21:15:00,,"0.0",2,"Automóvil,Peatón","Juan de Garay Y San Lorenzo",2,1,0,0,1,0,0,"-31.650638888889,-60.718666666667","Calle",,"SANTA FE","La Capital","Asfalto","No existe","I","Dentro","Urbana","S/D","No existe","Intersección","Bueno","Buena","Nocturna","Buen Tiempo","S/D","S/D","Atropello","Ninguna","S/D","Ninguna","Sin restricción"
2014,2749,05/04/2014,"Sabado",0,08:00:00,"Ruta Provincial 16","4.0",2,"Automóvil,Peatón"," ",2,0,1,0,1,0,0,,"Ruta",16,"PUEBLO ESTHER","Rosario","Asfalto","Natural","II","Dentro","Rural","Ninguna","No existe","Recta","Bueno","Buena","Diurna","Buen Tiempo","S/D","S/D","Atropello","Ninguna","Faltante","Línea divisoria pintada","Sin restricción"
2014,2750,19/04/2014,"Sabado",0,12:00:00,,"0.0",2,"Moto/Ciclomotor,Automóvil","Riobamba Y L.N.Alem",2,1,0,0,0,0,1,,"Calle",,"ROSARIO","Rosario","Asfalto","No existe","II","Dentro","Urbana","Señal Pare","No existe","Intersección","Bueno","Buena","Diurna","Buen Tiempo","De alcance","S/D","Colisión","Ninguna","Vertical","Ninguna","Sin restricción"
2014,2751,14/04/2014,"Lunes",0,15:45:00,,"0.0",2,"Automóvil,Moto/Ciclomotor","Entre Rios Y Uruguay",2,1,0,0,1,0,0,,"S/D",,"ROSARIO","Rosario","Asfalto","No existe","II","S/D","S/D","Ninguna","No existe","Intersección","Bueno","Buena","Diurna","Buen Tiempo","Lateral","S/D","Colisión","Ninguna","Faltante","Ninguna","Sin restricción"
2014,2752,19/03/2014,"Miercoles",0,,,"0.0",2,"Automóvil,Automóvil","Blas Parera Y Esquivel",3,2,0,0,1,0,0,,"Calle",,"ROSARIO","Rosario","Asfalto","S/D","II","Dentro","Urbana","Ninguna","S/D","Recta","Bueno","S/D","S/D","Buen Tiempo","Frontal","S/D","Colisión","Ninguna","Faltante","Ninguna","Sin restricción"
2014,2753,28/04/2014,"Lunes",0,13:10:00,,"0.0",2,"Moto/Ciclomotor,Automóvil","Tucuman 5800",3,1,0,0,2,0,0,,"Calle",,"SANTA FE","La Capital","Asfalto","No existe","I","Dentro","Urbana","Ninguna","No existe","Intersección","Bueno","Buena","Diurna","Buen Tiempo","Frontal","S/D","Colisión","Ninguna","Vertical","Ninguna","Sin restricción"
2014,2754,03/04/2014,"Jueves",0,16:30:00,,"0.0",3,"Taxi/Remis,Automóvil,Automóvil","Bv. 27 De Febrero 2600",3,2,0,0,1,0,0,,"Avenida",,"ROSARIO","Rosario","S/D","S/D","II","Dentro","Urbana","S/D","S/D","Intersección","S/D","S/D","S/D","S/D","Múltiple","S/D","Colisión","S/D","S/D","S/D","S/D"
2014,2755,19/04/2014,"Sabado",0,19:00:00,,"0.0",2,"Moto/Ciclomotor,Peatón","Casiano Casas Y Pavlov",2,1,0,0,1,0,0,,"Calle",,"ROSARIO","Rosario","Asfalto","S/D","II","Dentro","Urbana","Semáforo","Funciona","Recta","Bueno","Buena","Atardecer","Buen Tiempo","S/D","S/D","Atropello","Ninguna","Vertical","Cordón divisorio","Sin restricción"
2014,2756,17/04/2014,"Jueves",0,18:00:00,,"0.0",2,"Automóvil,Moto/Ciclomotor","RIOJA ",3,2,0,0,1,0,0,,"Calle",,"PUEBLO ESTHER","Rosario","Ripio","No existe","II","Dentro","Urbana","Ninguna","No existe","Intersección","Bueno","Buena","Atardecer","Buen Tiempo","Lateral","S/D","Colisión","Ninguna","Faltante","Ninguna","Sin restricción"
2014,2757,08/04/2014,"Martes",0,12:45:00,,"0.0",2,"Moto/Ciclomotor,Pickup/Utilitario","Av Gral Lopez Y San Lorenzo",2,1,0,0,1,0,0,,"Avenida",,"SANTA FE","La Capital","Asfalto","No existe","I","Dentro","Urbana","Ninguna","No existe","Intersección","Bueno","Buena","Diurna","Buen Tiempo","Otro","S/D","Colisión","Ninguna","Faltante","Ninguna","Sin restricción"
2014,2758,14/04/2014,"Lunes",0,16:50:00,,"0.0",2,"Moto/Ciclomotor,Automóvil","Santiago 40",2,1,0,0,1,0,0,,"S/D",,"ROSARIO","Rosario","Asfalto","No existe","II","S/D","S/D","Ninguna","No existe","Recta","Bueno","Buena","Diurna","Buen Tiempo","Otro","S/D","Colisión","Otro","Faltante","Ninguna","Sin restricción"
2014,2759,04/04/2014,"Viernes",0,07:30:00,,"0.0",2,"Pickup/Utilitario,Moto/Ciclomotor","San Martin Y Sanchez de Bustamante",3,2,0,0,1,0,0,,"Avenida",,"ROSARIO","Rosario","Asfalto","No existe","II","S/D","S/D","Ninguna","No existe","Intersección","Bueno","Buena","Diurna","Buen Tiempo","Lateral","S/D","Colisión","Ninguna","Faltante","Ninguna","Sin restricción"
2014,2760,26/04/2014,"Sabado",0,21:30:00,,"0.0",2,"Moto/Ciclomotor,Pickup/Utilitario","Juan Bautista Alberdi Y Centenario",3,2,0,0,0,0,1,,"Calle",,"SANTO TOMÉ","La Capital","Asfalto","No existe","I","S/D","Urbana","Ninguna","No existe","Recta","Bueno","Buena","Nocturna","Buen Tiempo","Lateral","S/D","Colisión","S/D","Vertical","Línea divisoria pintada","Sin restricción"
2014,2761,05/04/2014,"Sabado",0,12:00:00,,"0.0",2,"Pickup/Utilitario,Moto/Ciclomotor","Bv. 27 De Febrero Y Av. Circunvalacion",2,2,0,0,0,0,0,,"Avenida",,"ROSARIO","Rosario","Asfalto,Hormigón","Natural","II","Dentro","Urbana","Semáforo","Funciona","Intersección","Con baches","Buena","Diurna","Buen Tiempo","Lateral","S/D","Colisión","S/D","S/D","S/D","Sin restricción"
2014,2762,25/04/2014,"Viernes",0,,,"0.0",2,"Moto/Ciclomotor,Automóvil","Riobamba Y Buenos Aires",2,1,0,0,1,0,0,,"Calle",,"ROSARIO","Rosario","Hormigón","S/D","II","Dentro","Urbana","Ninguna","S/D","Intersección","Bueno","S/D","S/D","Buen Tiempo","Lateral","S/D","Colisión","S/D","Faltante","Ninguna","S/D"
2014,2763,26/04/2014,"Sabado",0,17:30:00,,"0.0",2,"Moto/Ciclomotor,Automóvil","SARMIENTO Y RIOJA",3,2,0,0,1,0,0,,"Calle",,"PUEBLO ESTHER","Rosario","Tierra","No existe","II","Dentro","Urbana","Ninguna","No existe","Intersección","Ahuellamiento","Buena","Diurna","Buen Tiempo","Lateral","S/D","Colisión","Ninguna","Faltante","Ninguna","Sin restricción"
2014,2764,09/04/2014,"Miercoles",0,,,"0.0",2,"Moto/Ciclomotor,Automóvil","J.C.Paz Y Nansen",2,1,0,0,1,0,0,,"Calle",,"ROSARIO","Rosario","Asfalto","No existe","II","Dentro","Urbana","Ninguna","No existe","Intersección","Bueno","Buena","S/D","Buen Tiempo","Frontal","S/D","Colisión","Ninguna","Faltante","Ninguna","Sin restricción"
2014,2765,07/04/2014,"Lunes",0,19:45:00,,"0.0",2,"Automóvil,Automóvil","Bv. Rondeau 4300",2,1,0,0,1,0,0,,"Avenida",,"ROSARIO","Rosario","Asfalto","S/D","II","Dentro","Urbana","Ninguna","S/D","Recta","Bueno","Buena","Atardecer","Buen Tiempo","S/D","S/D","Colisión","Ninguna","S/D","Cordón divisorio","Sin restricción"
2014,2766,04/04/2014,"Viernes",0,18:00:00,,"0.0",2,"Moto/Ciclomotor,Automóvil","Entre Rios Y Ocampo",2,1,0,0,1,0,0,,"Calle",,"ROSARIO","Rosario","S/D","S/D","II","Dentro","Urbana","S/D","S/D","Intersección","S/D","S/D","Atardecer","S/D","S/D","S/D","Colisión","S/D","S/D","S/D","S/D"
2014,2767,26/04/2014,"Sabado",0,15:00:00,,"0.0",2,"Moto/Ciclomotor,Automóvil","Av San Nicolas ",2,1,0,0,1,0,0,,"Calle",,"FUNES","Rosario","Asfalto","No existe","II","Dentro","Urbana","Ninguna","No existe","Recta","Bueno","Buena","Diurna","Buen Tiempo","S/D","S/D","Colisión","S/D","Faltante","Ninguna","Sin restricción"
2014,2768,04/04/2014,"Viernes",0,12:55:00,,"0.0",2,"Automóvil,Automóvil","Uruguay Y Sarmiento",2,1,0,0,1,0,0,,"Calle",,"ROSARIO","Rosario","Asfalto","No existe","II","Dentro","Urbana","Ninguna","No existe","Intersección","Bueno","Buena","Diurna","Buen Tiempo","Lateral","S/D","Colisión","Ninguna","Faltante","Ninguna","Sin restricción"
2014,2769,15/04/2014,"Martes",0,09:30:00,,"0.0",2,"Peatón,Automóvil","San Lorenzo Y Bv. Avellaneda",2,1,0,0,1,0,0,,"Avenida",,"ROSARIO","Rosario","Asfalto","No existe","II","S/D","Urbana","Semáforo","Funciona","Recta","Bueno","Buena","Diurna","Buen Tiempo","S/D","S/D","Atropello","Otro","Horizontal","Ninguna","Sin restricción"
2014,2770,08/04/2014,"Martes",0,14:15:00,,"0.0",2,"Automóvil,Moto/Ciclomotor","Santiago de Chile Y Pietranera",3,2,0,0,1,0,0,,"Calle",,"SANTA FE","La Capital","Asfalto","No existe","I","Dentro","Urbana","Ninguna","No existe","Intersección","Bueno","Buena","Diurna","Buen Tiempo","Otro","S/D","Colisión","Ninguna","S/D","Ninguna","Sin restricción"
2014,2771,14/04/2014,"Lunes",0,13:00:00,,"0.0",2,"Automóvil,Moto/Ciclomotor","Riobamba Y Brasil",2,1,0,0,1,0,0,,"Calle",,"ROSARIO","Rosario","Asfalto","No existe","II","Fuera","Urbana","Ninguna","No existe","Recta","Bueno","Buena","Diurna","Buen Tiempo","Lateral","S/D","Colisión","Ninguna","Faltante","S/D","Sin restricción"
2014,2772,12/04/2014,"Sabado",0,09:00:00,,"0.0",2,"Automóvil,Automóvil","Av. Circunvalacion Y Av. Pellegrini",2,1,0,0,1,0,0,,"Avenida",,"ROSARIO","Rosario","Asfalto","No existe","II","Dentro","Urbana","Ninguna","No existe","S/D","Bueno","Buena","Diurna","Buen Tiempo","Lateral","S/D","Colisión","S/D","Faltante","S/D","Sin restricción"
2014,2773,07/04/2014,"Lunes",0,07:45:00,,"0.0",2,"Taxi/Remis,Moto/Ciclomotor","Av. Corrientes Y Ocampo",2,1,0,0,1,0,0,,"Calle",,"ROSARIO","Rosario","S/D","S/D","II","Dentro","Urbana","S/D","S/D","Intersección","S/D","S/D","Diurna","S/D","S/D","S/D","Colisión","S/D","S/D","S/D","S/D"
2014,2774,30/04/2014,"Miercoles",0,19:00:00,,"0.0",2,"Peatón,Automóvil","Av. Alberdi Bis Y Montes Carballo",2,1,0,0,1,0,0,,"Avenida",,"ROSARIO","Rosario","Asfalto","S/D","II","Dentro","Urbana","S/D","S/D","Intersección","S/D","S/D","Atardecer","S/D","S/D","S/D","Atropello","S/D","S/D","S/D","S/D"
2014,2775,27/04/2014,"Domingo",0,,,"0.0",2,"Automóvil,Moto/Ciclomotor","Pasco Y L.N.Alem",2,1,0,0,1,0,0,,"Calle",,"ROSARIO","Rosario","Asfalto","S/D","II","Dentro","Urbana","Señal Pare","S/D","Recta","Bueno","S/D","S/D","Buen Tiempo","S/D","S/D","S/D","S/D","Vertical","Ninguna","S/D"
2014,2776,24/04/2014,"Jueves",0,18:30:00,,"0.0",2,"Moto/Ciclomotor,Automóvil","COLECTORA  Y AV. CIRCUNVALACION",3,2,0,0,1,0,0,,"Avenida",,"VILLA GOBERNADOR GÁLVEZ","Rosario","Asfalto","No existe","II","Dentro","Urbana","Ninguna","No existe","Curva","Bueno","Buena","Atardecer","Buen Tiempo","Lateral","S/D","Colisión","Otro","Faltante","Ninguna","Sin restricción"
2014,2777,09/04/2014,"Miercoles",0,08:00:00,,"0.0",2,"Moto/Ciclomotor,Automóvil","Cordoba Y Juan Bautista Alberdi",3,1,0,0,2,0,0,,"Calle",,"SANTO TOMÉ","La Capital","Asfalto","S/D","I","S/D","Urbana","Ninguna","No existe","Intersección","Bueno","Buena","Diurna","Buen Tiempo","Lateral","S/D","Colisión","S/D","Faltante","Vegetación","Sin restricción"
2014,2778,25/04/2014,"Viernes",0,19:10:00,,"0.0",2,"Automóvil,Moto/Ciclomotor","Av J J Paso Y Av Urquiza",2,1,0,0,1,0,0,,"Avenida",,"SANTA FE","La Capital","Asfalto","No existe","I","S/D","Urbana","Ninguna","Intermitente","Intersección","Bueno","Buena","Atardecer","Buen Tiempo","Otro","S/D","Colisión","Ninguna","Faltante","Ninguna","Sin restricción"
2014,2779,01/04/2014,"Martes",0,08:50:00,,"0.0",2,"Automóvil,Moto/Ciclomotor","Sarmiento Y Pje. Chopin",2,1,0,0,1,0,0,,"Calle",,"ROSARIO","Rosario","Asfalto","No existe","II","Dentro","Urbana","Ninguna","No existe","Intersección","Bueno","Buena","Diurna","Buen Tiempo","Lateral","S/D","Colisión","Ninguna","Faltante","Ninguna","Sin restricción"
2014,2780,08/04/2014,"Martes",0,18:35:00,,"0.0",2,"Peatón,Automóvil","Cochabamba Y Pte.Roca",3,2,0,0,1,0,0,,"Calle",,"ROSARIO","Rosario","S/D","S/D","II","S/D","Urbana","S/D","S/D","S/D","S/D","S/D","Atardecer","S/D","S/D","S/D","Atropello","S/D","S/D","S/D","S/D"
2014,2781,27/04/2014,"Domingo",0,16:30:00,,"0.0",2,"Moto/Ciclomotor,Otros","Alvear Y R Godoy",4,2,0,0,2,0,0,,"Calle",,"SANTA FE","La Capital","Asfalto","S/D","I","Dentro","Urbana","S/D","No existe","Intersección","S/D","Buena","Diurna","Buen Tiempo","Frontal","S/D","Colisión","Ninguna","S/D","S/D","Sin restricción"
2014,2782,09/04/2014,"Miercoles",0,13:20:00,,"0.0",2,"Automóvil,Moto/Ciclomotor","Mariano Cabal Bis Y Jose Ingenieros",2,1,0,0,1,0,0,,"Calle",,"ROSARIO","Rosario","Asfalto","S/D","II","Dentro","Urbana","S/D","S/D","Intersección","Con baches","Buena","Diurna","Buen Tiempo","Frontal","S/D","Colisión","S/D","Faltante","Ninguna","Sin restricción"
2014,2783,01/04/2014,"Martes",0,21:50:00,,"0.0",2,"Bicicleta,Automóvil","Velez Sarsfield Y Brandsen",2,1,0,0,0,0,1,,"Calle",,"ROSARIO","Rosario","Asfalto","S/D","II","Dentro","Urbana","S/D","S/D","Intersección","S/D","S/D","Nocturna","S/D","S/D","S/D","Atropello","S/D","S/D","S/D","S/D"
2014,2784,29/04/2014,"Martes",0,09:30:00,,"0.0",2,"Automóvil,Taxi/Remis","Rivadavia Y Alvear",3,2,0,0,1,0,0,,"Avenida",,"ROSARIO","Rosario","Asfalto","No existe","II","Dentro","Urbana","Ninguna","No existe","Intersección","Bueno","Buena","Diurna","Buen Tiempo","Lateral","S/D","Colisión","S/D","Faltante","Ninguna","Sin restricción"
2014,2785,27/04/2014,"Domingo",0,20:30:00,,"0.0",2,"Bicicleta,Automóvil","Lisandro de La Torre Y Centenario",2,1,0,0,0,0,1,"-31.68,-60.764972222222","Calle",,"SANTO TOMÉ","La Capital","Asfalto","No existe","I","S/D","Urbana","Ninguna","No funciona","Intersección","Bueno","S/D","Nocturna","Lluvia","S/D","S/D","Atropello","S/D","S/D","S/D","Sin restricción"
2014,2786,08/04/2014,"Martes",0,19:05:00,,"0.0",2,"Automóvil,Bicicleta","Paraguay Y Av. Pellegrini",2,1,0,0,1,0,0,,"Avenida",,"ROSARIO","Rosario","S/D","S/D","II","Dentro","Urbana","S/D","S/D","Intersección","S/D","S/D","Atardecer","S/D","S/D","S/D","Atropello","S/D","S/D","S/D","S/D"
2014,2787,26/04/2014,"Sabado",0,12:00:00,,"0.0",2,"Moto/Ciclomotor,Automóvil","R Godoy Y Candioti",2,1,0,0,1,0,0,,"Calle",,"SANTA FE","La Capital","S/D","S/D","I","Dentro","Urbana","Ninguna","No existe","Intersección","S/D","Buena","Diurna","Buen Tiempo","Frontal","S/D","Colisión","Ninguna","S/D","S/D","Sin restricción"
2014,2788,09/04/2014,"Miercoles",0,01:55:00,,"0.0",2,"Moto/Ciclomotor,Taxi/Remis","Av. Provincias Unidas Y Gorriti",2,1,0,0,0,0,1,,"Avenida",,"ROSARIO","Rosario","Asfalto","Pavimento","II","Dentro","Urbana","S/D","Funciona","Recta","Bueno","Buena","Nocturna,Con luz artificial","Otro","Otro","S/D","Colisión","Ninguna","Horizontal","Ninguna","Sin restricción"
2014,2789,12/04/2014,"Sabado",0,09:30:00,,"0.0",2,"Moto/Ciclomotor,Automóvil","Dorrego Y San Lorenzo",2,1,0,0,1,0,0,,"Calle",,"ROSARIO","Rosario","Asfalto","No existe","II","Dentro","Urbana","Señal Pare","No existe","Intersección","Bueno","Buena","Diurna","Buen Tiempo","Lateral","S/D","Colisión","S/D","Vertical","Ninguna","Sin restricción"
2014,2790,10/04/2014,"Jueves",0,17:15:00,,"0.0",2,"Automóvil,Moto/Ciclomotor","Entre Rios Y Bv. 27 De Febrero",2,1,0,0,1,0,0,,"Avenida",,"ROSARIO","Rosario","S/D","S/D","II","S/D","Urbana","Semáforo","Funciona","Recta","S/D","S/D","Diurna","S/D","De alcance","S/D","Colisión","S/D","Vertical","S/D","S/D"
2014,2791,03/04/2014,"Jueves",0,20:15:00,,"0.0",2,"Moto/Ciclomotor,Pickup/Utilitario","Av Gral Paz Y Ricardo Aldao",2,1,0,0,1,0,0,,"Avenida",,"SANTA FE","La Capital","Asfalto","S/D","I","Dentro","Urbana","S/D","No existe","Intersección","Bueno","Buena","Nocturna","Buen Tiempo","Frontal","S/D","Colisión","Ninguna","S/D","S/D","Sin restricción"
2014,2792,22/04/2014,"Martes",0,23:45:00,,"0.0",2,"Automóvil,Otros","Paula Albarracin de Sarmiento 4400",3,1,0,0,1,0,1,,"Calle",,"SANTO TOMÉ","La Capital","Asfalto","No existe","I","S/D","Urbana","Ninguna","No existe","Recta","Bueno","Reducida","Nocturna","Buen Tiempo","S/D","S/D","Colisión","Ninguna","Faltante","Ninguna","Sin restricción"
2014,2793,28/04/2014,"Lunes",0,17:00:00,,"0.0",2,"Moto/Ciclomotor,Bicicleta","Gdor Freyre Y Jujuy",2,2,0,0,0,0,0,"-31.660222222222,-60.722944444444","Calle",,"SANTA FE","La Capital","Asfalto","No existe","I","Dentro","Urbana","Ninguna","No existe","Intersección","Bueno","Buena","Atardecer","Buen Tiempo","S/D","S/D","Atropello","Ninguna","Faltante","Ninguna","Sin restricción"
2014,2794,02/04/2014,"Miercoles",0,16:00:00,,"0.0",2,"Automóvil,Automóvil","Alvear Y Hernandarias",2,1,0,0,1,0,0,,"Calle",,"SANTA FE","La Capital","Asfalto","No existe","I","S/D","Urbana","Ninguna","No existe","Intersección","Bueno","Buena","Atardecer","Buen Tiempo","Frontal","S/D","Colisión","Ninguna","Vertical","Ninguna","Sin restricción"
2014,2795,23/04/2014,"Miercoles",0,19:30:00,,"0.0",2,"Bicicleta,Automóvil","Av. Battle y Ordoñez Y Laprida",2,1,0,0,1,0,0,,"Avenida",,"ROSARIO","Rosario","Asfalto","No existe","II","Dentro","Urbana","Ninguna","Funciona","Recta","Bueno","Buena","Atardecer","Otro","S/D","S/D","Atropello","Ninguna","Vertical","Cordón divisorio","Sin restricción"
2014,2796,19/04/2014,"Sabado",0,13:45:00,,"0.0",2,"Moto/Ciclomotor,Automóvil","Santiago Y Tucuman",2,1,0,0,1,0,0,,"Calle",,"ROSARIO","Rosario","Asfalto","No existe","II","Dentro","Urbana","Ninguna","No existe","Intersección","Bueno","Buena","Diurna","Buen Tiempo","De alcance","S/D","Colisión","S/D","Faltante","Ninguna","Sin restricción"
2014,2797,30/04/2014,"Miercoles",0,19:00:00,,"0.0",2,"Automóvil,Moto/Ciclomotor","Dr Zavalla Y Corrientes",2,2,0,0,0,0,0,,"Calle",,"SANTA FE","La Capital","Asfalto","No existe","I","Dentro","Urbana","Ninguna","No existe","Intersección","Bueno","Buena","Atardecer","Buen Tiempo","Otro","S/D","Colisión","Ninguna","Faltante","Ninguna","Sin restricción"
2014,2798,03/04/2014,"Jueves",0,05:35:00,"Ruta Provincial 21","186.0",2,"Bicicleta,Moto/Ciclomotor","Rivadavia ",2,1,0,0,0,0,1,,"Ruta",21,"ALVEAR","Rosario","Asfalto","Natural","II","S/D","Rural","Ninguna","No existe","Recta","Bueno","Buena","Nocturna,Con luz artificial","Buen Tiempo","S/D","S/D","Atropello","Otro","Horizontal,Vertical","Ninguna","Sin restricción"
2014,2799,14/04/2014,"Lunes",0,13:15:00,"Ruta Nacional 11","477.5",2,"Pickup/Utilitario,Moto/Ciclomotor","Ruta Nacional 11 447.5",3,2,0,0,0,0,1,,"Ruta",11,"RECREO","La Capital","Asfalto","Ripio","I","S/D","Urbana","Ninguna","No existe","Otro","Bueno","Buena","Diurna","Buen Tiempo","Otro","S/D","Colisión","Ninguna","S/D","Ninguna","Sin restricción"
2014,2800,26/04/2014,"Sabado",0,20:15:00,,"0.0",3,"Pickup/Utilitario,Automóvil,Automóvil","Av. Francia Y Av. Caseros Bis",3,1,0,0,0,0,2,,"Calle",,"ROSARIO","Rosario","Asfalto","S/D","II","Dentro","Urbana","S/D","S/D","Intersección","S/D","S/D","Nocturna","S/D","Múltiple","S/D","Colisión","S/D","S/D","S/D","S/D"
2014,2801,12/04/2014,"Sabado",0,02:00:00,,"0.0",2,"Automóvil,Automóvil","Av de Circunvalacion ",2,2,0,0,0,0,0,,"Avenida",,"RECREO","La Capital","Asfalto","Natural","I","S/D","Rural","Ninguna","No existe","Otro","Bueno","S/D","Nocturna","Buen Tiempo","S/D","S/D","Colisión","Otro","Vertical","Guardarrail","Sin restricción"
2014,2802,25/04/2014,"Viernes",0,09:15:00,,"0.0",2,"Automóvil,Moto/Ciclomotor","Dr Zavalla Y Monseñor Zaspe",2,1,0,0,1,0,0,,"Calle",,"SANTA FE","La Capital","Asfalto","No existe","I","Dentro","Urbana","Ninguna","No existe","Intersección","Otro","Buena","Diurna","Buen Tiempo","Otro","S/D","Colisión","S/D","Faltante","Ninguna","Sin restricción"
2014,2803,10/04/2014,"Jueves",0,09:30:00,"Autopista Provincial Trebol SE","477.5",2,"Automóvil,Bicicleta"," ",2,1,0,0,1,0,0,"-31.501453302381,-60.735726862884","Autopista","Trebol SE","RECREO","La Capital","Asfalto","Ripio","I","S/D","Urbana","Ninguna","No existe","Otro","Bueno","Buena","Diurna","Buen Tiempo","S/D","S/D","Atropello","Ninguna","Horizontal","Ninguna","Sin restricción"
2014,2804,25/04/2014,"Viernes",0,12:50:00,,"0.0",2,"Taxi/Remis,Otros","Corrientes Y Roque Saenz Peña",2,1,0,0,1,0,0,,"Calle",,"SANTA FE","La Capital","Asfalto","No existe","I","Dentro","Urbana","Ninguna","No existe","Intersección","Bueno","Buena","Diurna","Buen Tiempo","Otro","S/D","Colisión","Ninguna","Faltante","Ninguna","Sin restricción"
2014,2805,08/04/2014,"Martes",0,20:10:00,,"0.0",2,"Moto/Ciclomotor,Automóvil","Navarro Y Muniagurria",3,2,0,0,0,0,1,,"Calle",,"ROSARIO","Rosario","Asfalto","S/D","II","Dentro","Urbana","Ninguna","S/D","Recta","Bueno","Buena","Nocturna","Otro","S/D","S/D","Colisión","Ninguna","Horizontal","Ninguna","Sin restricción"
2014,2806,14/04/2014,"Lunes",0,22:40:00,,"0.0",2,"Automóvil,Automóvil","Entre Rios Y Gaboto",2,1,0,0,1,0,0,,"Calle",,"ROSARIO","Rosario","Asfalto","No existe","II","S/D","Urbana","Ninguna","No existe","Intersección","Bueno","Buena","Nocturna","Buen Tiempo","Lateral","S/D","Colisión","Ninguna","Faltante","Ninguna","Sin restricción"
2014,2807,18/04/2014,"Viernes",0,13:10:00,,"0.0",2,"Automóvil,Automóvil","San Martín Y Italia",4,4,0,0,0,0,0,,"Calle",,"ALVEAR","Rosario","Asfalto,Ripio","No existe","II","Dentro","Urbana","Ninguna","No existe","Intersección","Bueno","Buena","Diurna","Buen Tiempo","Lateral","S/D","Colisión","Otro","Faltante","Ninguna","Sin restricción"
2014,2808,21/04/2014,"Lunes",0,09:45:00,,"0.0",2,"Automóvil,Moto/Ciclomotor","Av Freyre Y Juan de Garay",2,1,0,0,1,0,0,,"Avenida",,"SANTA FE","La Capital","Asfalto","No existe","I","Dentro","Urbana","Ninguna","No existe","Intersección","Bueno","Buena","Amanecer","Buen Tiempo","Otro","S/D","Colisión","Ninguna","Faltante","Ninguna","Sin restricción"
2014,2809,07/04/2014,"Lunes",0,12:00:00,,"0.0",2,"Taxi/Remis,Automóvil","Salta Y Entre Rios",2,1,0,0,1,0,0,,"Calle",,"ROSARIO","Rosario","Asfalto","No existe","II","Dentro","Urbana","Ninguna","No existe","Intersección","Bueno","Buena","Diurna","Buen Tiempo","De alcance","S/D","Colisión","S/D","Faltante","Ninguna","Sin restricción"
2014,2810,25/04/2014,"Viernes",0,17:05:00,,"0.0",2,"Pickup/Utilitario,Automóvil","Iguazu Y Gorriti",3,3,0,0,0,0,0,,"Calle",,"ROSARIO","Rosario","Asfalto","S/D","II","S/D","Urbana","S/D","S/D","Intersección","S/D","S/D","Diurna","S/D","Otro","S/D","Colisión","S/D","S/D","S/D","S/D"
2014,2811,05/04/2014,"Sabado",0,16:40:00,,"0.0",2,"Automóvil,Moto/Ciclomotor","Av. Genova Y Venezuela",2,1,0,0,1,0,0,,"Avenida",,"ROSARIO","Rosario","Asfalto","No existe","II","Dentro","Urbana","Ninguna","S/D","Recta","Bueno","Buena","Atardecer","Otro","Otro","S/D","Colisión","Ninguna","Horizontal","Ninguna","Sin restricción"
2014,2812,14/04/2014,"Lunes",0,08:10:00,,"0.0",2,"Pickup/Utilitario,Moto/Ciclomotor","Hilarion de la Quintana Y Pueyrredon",2,1,0,0,1,0,0,,"Calle",,"ROSARIO","Rosario","Asfalto","No existe","II","Dentro","Urbana","Ninguna","No existe","Intersección","Bueno","Buena","Diurna","Buen Tiempo","Lateral","S/D","Colisión","Ninguna","Faltante","Ninguna","Sin restricción"