"anio_acci","nro_acci","fecha","desc_dia","fecha_aprox","hora_aprox","desc_ruta","km","cant_participantes","desc_participante","calle_avenida_km","total","heridos_leves","heridos_graves","heridos_gravisimos","ilesos","fallecidos","sin_datos","posicion_XY","desc_tipo_via","desc_ruta_ori","desc_loc","desc_dpto","desc_tipo_calzada","desc_tipo_banquina","desc_unidad_regional","desc_lugar_calzada","desc_zona","desc_prioridad","desc_estado_semaforo","desc_lugar_via","desc_estado_via","desc_estado_visibilidad","desc_luminosidad","desc_estado_clima","desc_tipo_colision","desc_tipo_atropello","desc_tipo_hecho","desc_pres_calzada","desc_senializacion","desc_separacion_via","desc_restriccion"
2014,2813,22/04/2014,"Martes",0,11:15:00,,"0.0",2,"Automóvil,Bicicleta","Bv. Oroño Y Av. Lugones",2,1,0,0,1,0,0,,"Avenida",,"ROSARIO","Rosario","S/D","S/D","II","Dentro","Urbana","S/D","S/D","Intersección","S/D","S/D","Diurna","S/D","S/D","S/D","Atropello","S/D","S/D","S/D","S/D"
2014,2814,04/04/2014,"Viernes",0,18:45:00,,"0.0",2,"Moto/Ciclomotor,Peatón","Bielsa Y Mejico",2,1,0,0,1,0,0,,"Calle",,"ROSARIO","Rosario","Asfalto","No existe","II","Dentro","Urbana","Ninguna","S/D","Recta","Bueno","Buena","Atardecer","Otro","S/D","S/D","Atropello","Ninguna","Horizontal","Ninguna","Sin restricción"
2014,2815,25/04/2014,"Viernes",0,08:45:00,,"0.0",2,"Moto/Ciclomotor,Moto/Ciclomotor","Av. Alberdi Bis Y Velez Sarsfield",2,2,0,0,0,0,0,,"Avenida",,"ROSARIO","Rosario","Asfalto","S/D","II","S/D","Urbana","S/D","S/D","Intersección","S/D","S/D","Diurna","S/D","S/D","S/D","Colisión","S/D","S/D","S/D","S/D"
2014,2816,12/04/2014,"Sabado",0,09:20:00,,"0.0",2,"Automóvil,Moto/Ciclomotor","Sarmiento Y Pje. Gral.Savio",3,2,0,0,1,0,0,,"Calle",,"ROSARIO","Rosario","Asfalto","No existe","II","Dentro","Urbana","Ninguna","No existe","Intersección","Bueno","Buena","Diurna","Buen Tiempo","Lateral","S/D","Colisión","Ninguna","Faltante","Ninguna","Sin restricción"
2014,2817,21/04/2014,"Lunes",0,07:00:00,,"0.0",2,"Automóvil,Bicicleta","Corrientes Y Pje Esteban Echeverria",2,1,0,0,1,0,0,"-31.651555555556,-60.721027777778","Calle",,"SANTA FE","La Capital","Asfalto","No existe","I","Dentro","Urbana","Ninguna","No existe","Intersección","Bueno","Buena","Amanecer","Buen Tiempo","S/D","S/D","Atropello","Ninguna","Faltante","Ninguna","Sin restricción"
2014,2818,10/04/2014,"Jueves",0,17:40:00,,"0.0",2,"Automóvil,Moto/Ciclomotor","Mitre Y Bv. 27 De Febrero",3,2,0,0,1,0,0,,"Calle",,"ROSARIO","Rosario","S/D","S/D","II","Dentro","Urbana","S/D","S/D","Intersección","S/D","S/D","Diurna","S/D","S/D","S/D","Colisión","S/D","S/D","S/D","S/D"
2014,2819,25/04/2014,"Viernes",0,00:00:00,,"0.0",2,"Moto/Ciclomotor,Otros","Juan Jose Paso Y Paula Albarracin de Sarmiento",3,2,0,0,0,0,1,,"Calle",,"SANTO TOMÉ","La Capital","Asfalto,Ripio","No existe","I","S/D","Urbana","Ninguna","No existe","Intersección","Bueno","Buena","Nocturna","Buen Tiempo","Frontal","S/D","Colisión","Ninguna","Faltante","Ninguna","Sin restricción"
2014,2820,04/04/2014,"Viernes",0,23:55:00,,"0.0",2,"Automóvil,Moto/Ciclomotor","Av. Genova Y Sarratea Bis",2,1,0,0,1,0,0,,"Avenida",,"ROSARIO","Rosario","Asfalto","No existe","II","Dentro","Urbana","Ninguna","No existe","Recta","Bueno","Buena","Nocturna,Con luz artificial","Otro","Otro","S/D","Colisión","Ninguna","Horizontal","Ninguna","Sin restricción"
2014,2821,22/04/2014,"Martes",0,06:10:00,"Autopista Provincial Trebol SE","478.5",1,"Moto/Ciclomotor"," ",2,2,0,0,0,0,0,,"Autopista","Trebol SE","RECREO","La Capital","Asfalto","Ripio","I","Dentro","Urbana","Ninguna","No existe","Recta","Bueno","Buena","Amanecer","Buen Tiempo","S/D","S/D","Caída ocupante","Ninguna","Horizontal","Línea divisoria pintada","Sin restricción"
2014,2822,24/04/2014,"Jueves",0,19:15:00,,"0.0",2,"Moto/Ciclomotor,Automóvil"," ",2,1,0,0,1,0,0,,"Calle",,"ROSARIO","Rosario","Asfalto","S/D","II","Dentro","Urbana","S/D","S/D","Recta","S/D","S/D","Atardecer","S/D","Otro","S/D","Colisión","S/D","S/D","S/D","S/D"
2014,2823,16/04/2014,"Miercoles",0,21:50:00,,"0.0",2,"Automóvil,Moto/Ciclomotor","Monseñor Zaspe Y Juan Diaz de Solis",2,0,1,0,1,0,0,,"Calle",,"SANTA FE","La Capital","Asfalto","No existe","I","Dentro","Urbana","Ninguna","No existe","Intersección","Bueno","Buena","Nocturna","Buen Tiempo","Otro","S/D","Colisión","Ninguna","Faltante","Ninguna","Sin restricción"
2014,2824,04/04/2014,"Viernes",0,19:43:00,,"0.0",2,"Automóvil,Moto/Ciclomotor","Bv. 27 De Febrero Y España",3,2,0,0,1,0,0,,"Avenida",,"ROSARIO","Rosario","S/D","S/D","II","Dentro","Urbana","S/D","S/D","Intersección","S/D","S/D","Atardecer","S/D","S/D","S/D","Colisión","S/D","S/D","S/D","S/D"
2014,2825,15/04/2014,"Martes",0,12:45:00,,"0.0",2,"Automóvil,Moto/Ciclomotor","Av J J Paso Y Roque Saenz Peña",2,1,0,0,1,0,0,,"Calle",,"SANTA FE","La Capital","Asfalto","No existe","I","Dentro","Urbana","Ninguna","No existe","Intersección","Bueno","Buena","Diurna","Buen Tiempo","Otro","S/D","Colisión","Ninguna","Faltante","Ninguna","Sin restricción"
2014,2826,02/04/2014,"Miercoles",0,11:00:00,,"0.0",2,"Automóvil,Moto/Ciclomotor","Buenos Aires Y Frutos",2,0,1,0,1,0,0,,"Calle",,"SANTO TOMÉ","La Capital","Ripio","No existe","I","Dentro","Urbana","Ninguna","No existe","Intersección","Bueno","Buena","Diurna","Buen Tiempo","Lateral","S/D","Colisión","S/D","Faltante","Ninguna","Sin restricción"
2014,2827,25/04/2014,"Viernes",0,13:30:00,,"0.0",2,"Automóvil,Moto/Ciclomotor","España Y Viamonte",2,1,0,0,1,0,0,,"Calle",,"ROSARIO","Rosario","S/D","S/D","II","Dentro","Urbana","S/D","S/D","Intersección","S/D","S/D","Diurna","S/D","S/D","S/D","Colisión","S/D","S/D","S/D","S/D"
2014,2828,24/04/2014,"Jueves",0,19:15:00,,"0.0",2,"Automóvil,Bicicleta","Albert Sabin Y Junin",2,1,0,0,1,0,0,,"Avenida",,"ROSARIO","Rosario","Asfalto","S/D","II","Dentro","Urbana","S/D","S/D","Intersección","S/D","S/D","Atardecer","S/D","S/D","S/D","Atropello","S/D","S/D","S/D","S/D"
2014,2829,05/04/2014,"Sabado",0,11:50:00,"Ruta Provincial 4","4.5",1,"Moto/Ciclomotor"," ",3,2,0,0,1,0,0,,"Ruta",4,"LAGUNA PAIVA","La Capital","Asfalto","Natural","I","Dentro","Rural","Ninguna","No existe","Recta","Bueno","Buena","Diurna","Buen Tiempo","S/D","S/D","Caída ocupante","S/D","Faltante","Línea divisoria pintada","Sin restricción"
2014,2830,09/04/2014,"Miercoles",0,18:20:00,,"0.0",2,"Peatón,Camión","Almirante Brown Y Rivadavia",2,1,0,0,1,0,0,,"Calle",,"ALVEAR","Rosario","Asfalto","No existe","II","Dentro","Urbana","Otra Señal","No existe","Intersección","Bueno","Buena","Diurna","Buen Tiempo","S/D","S/D","Atropello","Otro","Horizontal,Vertical","Línea divisoria pintada","Sin restricción"
2014,2831,09/04/2014,"Miercoles",0,18:30:00,,"0.0",2,"Automóvil,Moto/Ciclomotor","Av Urquiza Y Corrientes",2,1,0,0,1,0,0,,"Avenida",,"SANTA FE","La Capital","Asfalto","No existe","I","Dentro","Urbana","Ninguna","Funciona","Intersección","Bueno","Buena","Diurna","Buen Tiempo","Otro","S/D","Colisión","Agua","Faltante","Ninguna","Sin restricción"
2014,2832,19/04/2014,"Sabado",0,14:50:00,,"0.0",2,"Moto/Ciclomotor,Automóvil","Echeverria Bis ",2,1,0,0,0,0,1,,"Calle",,"ROSARIO","Rosario","Asfalto","S/D","II","Dentro","Urbana","S/D","S/D","Intersección","S/D","S/D","Diurna","S/D","S/D","S/D","Colisión","S/D","S/D","S/D","S/D"
2014,2833,14/04/2014,"Lunes",0,19:15:00,,"0.0",2,"Moto/Ciclomotor,Automóvil","Laprida Y Bv Muttis",3,1,0,0,2,0,0,,"Calle",,"SANTA FE","La Capital","Asfalto","S/D","I","Dentro","Urbana","S/D","No existe","Intersección","S/D","Buena","Diurna","Buen Tiempo","Frontal","S/D","Colisión","S/D","S/D","S/D","Sin restricción"
2014,2834,04/04/2014,"Viernes",0,09:40:00,,"0.0",2,"Bicicleta,Automóvil","Ugarteche Y Lozzia A",2,1,0,0,1,0,0,,"Calle",,"ROSARIO","Rosario","Asfalto","S/D","II","Dentro","Urbana","Ninguna","S/D","Recta","Bueno","Buena","Diurna","Otro","S/D","S/D","Atropello","S/D","Horizontal","Ninguna","Sin restricción"
2014,2835,30/04/2014,"Miercoles",0,08:20:00,,"0.0",2,"Moto/Ciclomotor,Automóvil","SAN MARTIN  Y JUAN DOMINGO PERON",3,0,1,0,2,0,0,,"Calle",,"ANGEL GALLARDO","La Capital","Ripio","No existe","I","Dentro","Urbana","Ninguna","No existe","Intersección","Bueno","Buena","Amanecer,Con luz artificial","Buen Tiempo","Lateral","S/D","Colisión","Ninguna","S/D","Ninguna","Sin restricción"
2014,2836,11/04/2014,"Viernes",0,12:30:00,,"0.0",2,"Automóvil,Moto/Ciclomotor","Av J J Paso Y Dr Zavalla",2,1,0,0,1,0,0,,"Calle",,"SANTA FE","La Capital","Asfalto","No existe","I","Dentro","Urbana","Ninguna","No existe","Intersección","Bueno","Buena","Diurna","Buen Tiempo","Otro","S/D","Colisión","Ninguna","Faltante","Ninguna","Sin restricción"
2014,2837,11/03/2014,"Martes",0,15:30:00,,"0.0",2,"Moto/Ciclomotor,Automóvil","Bv. Oroño Y Av. Ntra.Sra.del Rosario",2,1,0,0,1,0,0,,"Avenida",,"ROSARIO","Rosario","Asfalto","No existe","II","Dentro","Urbana","Semáforo","Funciona","Intersección","Bueno","Buena","Diurna","Buen Tiempo","Lateral","S/D","Colisión","S/D","Vertical","Cordón divisorio","Sin restricción"
2014,2838,11/04/2014,"Viernes",0,12:42:00,,"0.0",2,"Automóvil,Moto/Ciclomotor","San Martin 530",2,1,0,0,1,0,0,,"Calle",,"ROSARIO","Rosario","Asfalto","No existe","II","Dentro","Urbana","Ninguna","No existe","Intersección","Bueno","Buena","Diurna","Buen Tiempo","Lateral","S/D","Colisión","Ninguna","Faltante","Ninguna","Sin restricción"
2014,2839,24/04/2014,"Jueves",0,23:30:00,,"0.0",2,"Moto/Ciclomotor,Camión","DONADO Y BROSSEY",2,1,0,0,1,0,0,,"Calle",,"ROSARIO","Rosario","Asfalto","Pavimento","II","Dentro","Urbana","Ninguna","No existe","Otro","Otro","Buena","Nocturna","Buen Tiempo","Otro","S/D","Colisión","Otro","S/D","Ninguna","Sin restricción"
2014,2840,23/04/2014,"Miercoles",0,11:30:00,"Ruta Provincial 2","0.0",2,"Moto/Ciclomotor,Automóvil","Ruta pcial 2 Av San Martin Y Santiago del Estero",2,0,1,0,1,0,0,,"Ruta",2,"MONTE VERA","La Capital","Hormigón","Ripio","I","Dentro","Urbana","Ninguna","No existe","Intersección","Bueno","Buena","Diurna","Buen Tiempo","Lateral","S/D","Colisión","S/D","S/D","Ninguna","Sin restricción"
2014,2841,18/04/2014,"Viernes",0,,,"0.0",2,"Peatón,Otros"," ",2,1,0,0,0,0,1,,"S/D",,"ROSARIO","Rosario","Asfalto","No existe","II","S/D","Urbana","Ninguna","No existe","Intersección","Bueno","Buena","Diurna","Buen Tiempo","S/D","S/D","Atropello","Otro","Faltante","Ninguna","Sin restricción"
2014,2842,11/04/2014,"Viernes",0,19:30:00,,"0.0",2,"Automóvil,Moto/Ciclomotor","3 de Febrero 3700",2,1,0,0,1,0,0,,"Calle",,"SANTA FE","La Capital","Asfalto","No existe","I","Dentro","Urbana","Ninguna","No existe","Recta","Bueno","Buena","Atardecer","Buen Tiempo","Otro","S/D","Colisión","Ninguna","S/D","Ninguna","Sin restricción"
2014,2843,08/04/2014,"Martes",0,18:40:00,,"0.0",2,"Moto/Ciclomotor,Automóvil","Av Gral Paz Y Agustin Delgado",2,1,0,0,1,0,0,,"Calle",,"SANTA FE","La Capital","Asfalto","S/D","I","Dentro","Urbana","S/D","S/D","Intersección","Bueno","Buena","Atardecer","Buen Tiempo","Frontal","S/D","Colisión","S/D","S/D","S/D","Sin restricción"
2014,2844,26/04/2014,"Sabado",0,20:40:00,,"0.0",2,"Camión,Transporte de Pasajeros Urbano (> 8 asientos)","13 de diciembre Y Maletti",6,1,0,0,5,0,0,,"Calle",,"SANTO TOMÉ","La Capital","Ripio","No existe","I","Dentro","S/D","Ninguna","No existe","Intersección","Bueno","Buena","Atardecer","Buen Tiempo","De alcance","S/D","Colisión","Otro","Faltante","Ninguna","S/D"
2014,2845,11/04/2014,"Viernes",0,11:20:00,,"0.0",2,"Automóvil,Moto/Ciclomotor","Pje. Del Campo Y Milan",2,1,0,0,1,0,0,,"Calle",,"ROSARIO","Rosario","Asfalto","No existe","II","Dentro","Urbana","Ninguna","No existe","Intersección","Bueno","Buena","Diurna","Buen Tiempo","Lateral","S/D","Colisión","Ninguna","Faltante","Ninguna","Sin restricción"
2014,2846,15/03/2014,"Sabado",0,14:20:00,,"0.0",2,"Bicicleta,Automóvil","Pueyrredon Y Cazadores",2,1,0,0,1,0,0,,"Calle",,"ROSARIO","Rosario","Asfalto","No existe","II","Dentro","Urbana","Ninguna","No existe","Intersección","Bueno","Buena","Diurna","Buen Tiempo","Lateral","S/D","Atropello","S/D","S/D","Ninguna","Sin restricción"
2014,2847,12/04/2014,"Sabado",0,18:30:00,"Ruta Provincial 18","11.0",1,"Automóvil"," ",3,2,0,0,1,0,0,,"Ruta",18,"ANGEL GALLARDO","La Capital","Hormigón","Ripio","I","Fuera","Rural","Ninguna","No existe","Curva","Bueno","Reducida","Nocturna,Con luz artificial","Buen Tiempo","S/D","S/D","Vuelco","Ninguna","S/D","Ninguna","Sin restricción"
2014,2848,09/04/2014,"Miercoles",0,10:30:00,,"0.0",2,"Automóvil,Moto/Ciclomotor","Entre Rios Y Gdor Freyre",2,1,0,0,1,0,0,,"Calle",,"SANTA FE","La Capital","Asfalto","No existe","I","Dentro","Urbana","Ninguna","S/D","Intersección","Bueno","Buena","Diurna","Buen Tiempo","Otro","S/D","Colisión","Ninguna","Faltante","Ninguna","Sin restricción"
2014,2849,26/04/2014,"Sabado",0,,,"0.0",2,"Moto/Ciclomotor,Moto/Ciclomotor","Av. Genova Y Pje. Aguapey Bis",3,1,0,0,0,0,2,,"Avenida",,"ROSARIO","Rosario","Asfalto","No existe","II","S/D","Urbana","Ninguna","No existe","Intersección","Bueno","Buena","S/D","Buen Tiempo","Otro","S/D","Colisión","Otro","Faltante","Ninguna","Sin restricción"
2014,2850,27/04/2014,"Domingo",0,20:45:00,,"0.0",2,"Pickup/Utilitario,Bicicleta","Entre Rios Y La Paz",2,1,0,0,1,0,0,,"Calle",,"ROSARIO","Rosario","S/D","S/D","II","Dentro","Urbana","S/D","S/D","S/D","S/D","S/D","Nocturna","S/D","S/D","S/D","Atropello","S/D","S/D","S/D","S/D"
2014,2851,07/04/2014,"Lunes",0,20:20:00,,"0.0",1,"Moto/Ciclomotor","Rio Negro 1700",1,1,0,0,0,0,0,,"Calle",,"MONTE VERA","La Capital","Ripio","No existe","I","Dentro","Urbana","Ninguna","No existe","Recta","Bueno","Buena","Atardecer,Con luz artificial","Buen Tiempo","Otro","S/D","Caída ocupante","Ninguna","S/D","Ninguna","Sin restricción"
2014,2852,04/04/2014,"Viernes",0,09:00:00,,"0.0",2,"Automóvil,Moto/Ciclomotor","Bv. Argentino Y Tarragona",2,1,0,0,1,0,0,,"Avenida",,"ROSARIO","Rosario","Asfalto","Pavimento","II","Dentro","Urbana","Ninguna","No existe","Recta","Bueno","Buena","Diurna","Otro","Otro","S/D","Colisión","Ninguna","Horizontal","Ninguna","Sin restricción"
2014,2853,28/04/2014,"Lunes",0,22:00:00,,"0.0",2,"Moto/Ciclomotor,Pickup/Utilitario","J.B.Justo Y Av. Provincias Unidas",3,1,0,0,1,0,1,,"Avenida",,"ROSARIO","Rosario","Asfalto","S/D","II","S/D","Urbana","Ninguna","S/D","Intersección","Bueno","S/D","S/D","Buen Tiempo","Lateral","S/D","Colisión","Otro","Faltante","Ninguna","Sin restricción"
2014,2854,01/04/2014,"Martes",0,20:15:00,,"0.0",1,"Moto/Ciclomotor","Guatemala Y Pje. Ghandi",1,1,0,0,0,0,0,,"Calle",,"ROSARIO","Rosario","Asfalto","No existe","II","Dentro","Urbana","Ninguna","S/D","Recta","Bueno","Buena","Nocturna","Otro","S/D","S/D","Caída ocupante","Ninguna","Horizontal","Ninguna","Sin restricción"
2014,2855,07/04/2014,"Lunes",0,18:30:00,,"0.0",2,"Bicicleta,Automóvil","Salvador del Carril 950",2,1,0,0,1,0,0,"-31.621583333333,-60.679916666667","Calle",,"SANTA FE","La Capital","Asfalto","No existe","I","Dentro","Urbana","Ninguna","No existe","Intersección","Bueno","Buena","Diurna","Buen Tiempo","S/D","S/D","Atropello","S/D","Vertical","Ninguna","Sin restricción"
2014,2856,20/04/2014,"Domingo",0,18:15:00,,"0.0",2,"Automóvil,Moto/Ciclomotor","Italia 1900",3,2,0,0,1,0,0,,"Calle",,"ROSARIO","Rosario","S/D","S/D","II","S/D","S/D","S/D","S/D","S/D","S/D","S/D","Atardecer","S/D","S/D","S/D","S/D","S/D","S/D","S/D","S/D"
2014,2857,26/03/2014,"Miercoles",0,18:00:00,,"0.0",2,"Moto/Ciclomotor,Moto/Ciclomotor","Av Pte Peron Y Obispo Gelabert",2,1,0,0,1,0,0,,"Avenida",,"SANTA FE","La Capital","Asfalto","Pavimento","I","Dentro","Urbana","Paso Peatonal","No existe","Intersección","Bueno","Buena","Diurna","Buen Tiempo","Lateral","S/D","Colisión","S/D","Faltante","Cordón divisorio","Sin restricción"
2014,2858,20/04/2014,"Domingo",0,22:00:00,,"0.0",2,"Automóvil,Automóvil","Junin Y Matienzo",3,2,0,0,1,0,0,,"Calle",,"ROSARIO","Rosario","Asfalto","No existe","II","Dentro","Urbana","Ninguna","No existe","Intersección","S/D","Reducida","Nocturna","S/D","Lateral","S/D","Colisión","S/D","Faltante","Ninguna","Sin restricción"
2014,2859,26/04/2014,"Sabado",0,,,"0.0",2,"Moto/Ciclomotor,Automóvil","Av. Genova Y Olavarria Bis",2,1,0,0,1,0,0,,"Avenida",,"ROSARIO","Rosario","Asfalto","No existe","II","S/D","Urbana","Semáforo","No existe","Intersección","Bueno","Buena","Diurna","Buen Tiempo","Lateral","S/D","Colisión","S/D","Faltante","Ninguna","Sin restricción"
2014,2860,01/04/2014,"Martes",0,15:30:00,,"0.0",2,"Pickup/Utilitario,Moto/Ciclomotor","Velez Sarsfield Y Brasil",2,1,0,0,1,0,0,,"Calle",,"ROSARIO","Rosario","Asfalto","S/D","II","Dentro","Urbana","Ninguna","No existe","Recta","Bueno","Buena","Diurna","Buen Tiempo","S/D","S/D","Colisión","S/D","Horizontal","Ninguna","Sin restricción"
2014,2861,19/04/2014,"Sabado",0,14:50:00,,"0.0",2,"Moto/Ciclomotor,Automóvil","Solis Y Casilda",2,1,0,0,1,0,0,,"Calle",,"ROSARIO","Rosario","Asfalto","No existe","II","Dentro","Urbana","Ninguna","No existe","Intersección","Bueno","Buena","Diurna","S/D","Lateral","S/D","Colisión","S/D","Faltante","Ninguna","Sin restricción"
2014,2862,28/04/2014,"Lunes",0,,,"0.0",2,"Moto/Ciclomotor,Otros","Av. Sorrento Y Av. Provincias Unidas",2,1,0,0,0,0,1,,"Avenida",,"ROSARIO","Rosario","Asfalto","Natural","II","Dentro","Urbana","Semáforo","No funciona","Recta","Bueno","Buena","Nocturna","Buen Tiempo","De alcance","S/D","Colisión","Ninguna","Faltante","Ninguna","Sin restricción"
2014,2863,22/03/2014,"Sabado",0,12:00:00,,"0.0",2,"Moto/Ciclomotor,Automóvil","Alfonso Duran Y Santiago de Chile",2,1,0,0,1,0,0,,"S/D",,"SANTA FE","La Capital","S/D","S/D","I","S/D","Urbana","S/D","S/D","S/D","S/D","S/D","S/D","S/D","S/D","S/D","S/D","S/D","S/D","S/D","S/D"
2014,2864,07/04/2014,"Lunes",0,22:00:00,,"0.0",2,"Moto/Ciclomotor,Otros","Av Facundo Zuviria Y Reg 12 de Infanteria",3,2,0,0,0,0,1,,"Avenida",,"SANTA FE","La Capital","Asfalto","S/D","I","S/D","Urbana","S/D","No existe","Intersección","Bueno","S/D","Nocturna,Con luz artificial","Buen Tiempo","Lateral","S/D","Colisión","S/D","Faltante","S/D","S/D"
2014,2865,16/04/2014,"Miercoles",0,09:20:00,,"0.0",3,"Automóvil,Automóvil,Taxi/Remis","Av. Arijon Y Entre Rios",4,2,0,0,2,0,0,,"Avenida",,"ROSARIO","Rosario","Asfalto","No existe","II","Dentro","Urbana","Ninguna","Funciona","Recta","Bueno","Buena","Diurna","Otro","Múltiple","S/D","Colisión","Ninguna","Vertical","Cordón divisorio","Sin restricción"
2014,2866,01/04/2014,"Martes",0,10:30:00,,"0.0",2,"Automóvil,Moto/Ciclomotor","J.B.Justo Y Donado",2,1,0,0,1,0,0,,"Calle",,"ROSARIO","Rosario","Asfalto","Pavimento","II","Dentro","Urbana","Ninguna","S/D","Recta","Bueno","Buena","Diurna","Otro","Otro","S/D","Colisión","Ninguna","Horizontal","Ninguna","Sin restricción"
2014,2867,27/04/2014,"Domingo",0,18:00:00,,"0.0",2,"Moto/Ciclomotor,Transporte de Pasajeros Urbano (> 8 asientos)","Santa Fe Y Monteagudo",2,1,0,0,1,0,0,,"Calle",,"FUNES","Rosario","Asfalto","No existe","II","S/D","Urbana","Ninguna","No existe","Recta","Bueno","S/D","Atardecer","Buen Tiempo","Lateral","S/D","Colisión","S/D","Faltante","Ninguna","S/D"
2014,2868,02/04/2014,"Miercoles",0,09:45:00,,"0.0",2,"Automóvil,Moto/Ciclomotor","Donado Y Brandsen",2,2,0,0,0,0,0,,"Calle",,"ROSARIO","Rosario","Asfalto","Pavimento","II","Dentro","Urbana","Ninguna","S/D","Recta","Bueno","Buena","Diurna","Otro","Otro","S/D","Colisión","Ninguna","S/D","Ninguna","Sin restricción"
2014,2869,28/03/2014,"Viernes",0,17:00:00,,"0.0",2,"Automóvil,Automóvil","Ituzaingo Y Alvear",3,0,0,0,2,0,1,,"Calle",,"SANTA FE","La Capital","Asfalto","No existe","I","Dentro","Urbana","S/D","S/D","Intersección","Deteriorada","S/D","Diurna","S/D","Lateral","S/D","Colisión","S/D","S/D","Ninguna","S/D"
2014,2870,23/04/2014,"Miercoles",0,13:00:00,,"0.0",2,"Moto/Ciclomotor,Automóvil","Jose Ingenieros Y De Angelis Bis",2,1,0,0,1,0,0,,"Calle",,"ROSARIO","Rosario","Asfalto","No existe","II","Dentro","Urbana","Ninguna","No existe","Intersección","Bueno","Buena","Diurna","Buen Tiempo","De alcance","S/D","Colisión","Ninguna","Faltante","Ninguna","Sin restricción"
2014,2871,10/04/2014,"Jueves",0,21:00:00,,"0.0",2,"Pickup/Utilitario,Moto/Ciclomotor","9 de Julio Y Risso",2,1,0,0,0,0,1,,"Calle",,"SANTA FE","La Capital","Asfalto,Tierra","S/D","I","Dentro","Urbana","S/D","No existe","Intersección","Deteriorada","Buena","Nocturna,Con luz artificial","Buen Tiempo","Lateral","S/D","Colisión","S/D","S/D","S/D","S/D"
2014,2872,22/04/2014,"Martes",0,20:00:00,,"0.0",2,"Automóvil,Moto/Ciclomotor","Av. Provincias Unidas Y Jose Ingenieros",2,1,0,0,1,0,0,,"Avenida",,"ROSARIO","Rosario","Asfalto","No existe","II","Dentro","Urbana","Ninguna","No existe","Intersección","Bueno","Buena","Nocturna","Buen Tiempo","De alcance","S/D","Colisión","Ninguna","Faltante","Ninguna","Sin restricción"
2014,2873,28/04/2014,"Lunes",0,15:30:00,"Ruta Nacional 9","0.0",2,"Camión,Camión","Av Rosario Y Av Cordoba - Colectora",3,0,1,0,2,0,0,,"Ruta",9,"FUNES","Rosario","Asfalto","Ripio","II","S/D","Urbana","Marca Vial","No existe","Curva","Con baches","Buena","Diurna","Buen Tiempo","Frontal","S/D","Colisión","S/D","Faltante","Vegetación","S/D"
2014,2874,12/04/2014,"Sabado",0,23:00:00,,"0.0",2,"Moto/Ciclomotor,Automóvil","Ayacucho Y Rueda",2,1,0,0,1,0,0,,"Calle",,"ROSARIO","Rosario","Asfalto","No existe","II","Dentro","Urbana","Marca Vial","No existe","Intersección","Bueno","Buena","Nocturna,Con luz artificial","Buen Tiempo","Lateral","S/D","Colisión","Ninguna","Vertical","Línea divisoria pintada","Sin restricción"
2014,2875,12/04/2014,"Sabado",0,12:00:00,,"0.0",2,"Automóvil,Pickup/Utilitario","9 de Julio Y Ayacucho",3,2,1,0,0,0,0,,"Calle",,"SANTA FE","La Capital","Tierra","Natural","I","Dentro","Urbana","S/D","No existe","Intersección","Con baches","Buena","Diurna","Buen Tiempo","Lateral","S/D","Colisión","S/D","S/D","S/D","S/D"
2014,2876,22/04/2014,"Martes",0,12:55:00,,"0.0",2,"Moto/Ciclomotor,Moto/Ciclomotor","J.J.Paso Y Camilo Aldao",2,1,0,0,1,0,0,,"Calle",,"ROSARIO","Rosario","Asfalto","No existe","II","Dentro","Urbana","Ninguna","No existe","Intersección","Bueno","Buena","Diurna","Buen Tiempo","De alcance","S/D","Colisión","Ninguna","Faltante","Ninguna","Sin restricción"
2014,2877,10/04/2014,"Jueves",0,17:30:00,,"0.0",2,"Automóvil,Moto/Ciclomotor","Av. Uriburu Y Dorrego",3,2,0,0,1,0,0,,"Avenida",,"ROSARIO","Rosario","Asfalto","No existe","II","Dentro","Urbana","Ninguna","No existe","Intersección","Bueno","Buena","Diurna","Buen Tiempo","Lateral","S/D","Colisión","Ninguna","Faltante","Ninguna","Sin restricción"
2014,2878,01/04/2014,"Martes",0,11:25:00,,"0.0",2,"Automóvil,Moto/Ciclomotor","Av A del Valle 4073",2,1,0,0,1,0,0,,"Avenida",,"SANTA FE","La Capital","Hormigón","No existe","I","Dentro","Urbana","S/D","S/D","Recta","Bueno","Buena","Diurna","Buen Tiempo","Contra objeto fijo","S/D","Colisión","Otro","S/D","Cordón divisorio","Sin restricción"
2014,2879,19/04/2014,"Sabado",0,07:00:00,,"0.0",2,"Automóvil,Camión","Av A del Valle 8300",2,1,0,0,1,0,0,,"Avenida",,"SANTA FE","La Capital","Asfalto","S/D","I","Dentro","Urbana","S/D","Funciona","Curva","Bueno","Buena","Diurna","Buen Tiempo","Frontal","S/D","Colisión","S/D","S/D","S/D","S/D"
2014,2880,03/04/2014,"Jueves",0,14:00:00,"Ruta Nacional 11","0.0",2,"Bicicleta,Pickup/Utilitario","ELISEO MUSSIO ",2,1,0,0,1,0,0,,"Ruta",11,"ROSARIO","Rosario","Asfalto","Natural","I","Dentro","Urbana","Ninguna","No existe","Intersección","Bueno","Buena","Diurna","Buen Tiempo","S/D","S/D","Atropello","Ninguna","Faltante","Ninguna","Sin restricción"