"anio_acci","nro_acci","fecha","desc_dia","fecha_aprox","hora_aprox","desc_ruta","km","cant_participantes","desc_participante","calle_avenida_km","total","heridos_leves","heridos_graves","heridos_gravisimos","ilesos","fallecidos","sin_datos","posicion_XY","desc_tipo_via","desc_ruta_ori","desc_loc","desc_dpto","desc_tipo_calzada","desc_tipo_banquina","desc_unidad_regional","desc_lugar_calzada","desc_zona","desc_prioridad","desc_estado_semaforo","desc_lugar_via","desc_estado_via","desc_estado_visibilidad","desc_luminosidad","desc_estado_clima","desc_tipo_colision","desc_tipo_atropello","desc_tipo_hecho","desc_pres_calzada","desc_senializacion","desc_separacion_via","desc_restriccion"
2014,2881,05/04/2014,"Sabado",0,06:35:00,,"0.0",2,"Automóvil,Moto/Ciclomotor","Av Facundo Zuviria Y Domingo Silva",3,2,0,0,0,0,1,,"Avenida",,"SANTA FE","La Capital","Hormigón","No existe","I","Dentro","Urbana","Semáforo","Intermitente","Intersección","Bueno","Buena","Amanecer,Con luz artificial","Buen Tiempo","De alcance","S/D","Colisión","Otro","S/D","Cordón divisorio","Sin restricción"
2014,2882,10/04/2014,"Jueves",0,19:30:00,,"0.0",2,"Moto/Ciclomotor,Automóvil","Av Facundo Zuviria Y Espora",2,1,0,0,1,0,0,,"Avenida",,"SANTA FE","La Capital","Hormigón","No existe","I","Dentro","Urbana","Ninguna","No existe","Intersección","Bueno","Buena","Nocturna,Con luz artificial","Buen Tiempo","Lateral","S/D","Colisión","Otro","Faltante","Cordón divisorio","Sin restricción"
2014,2883,08/04/2014,"Martes",0,14:00:00,,"0.0",2,"Moto/Ciclomotor,Taxi/Remis","9 de Julio Y Luciano Molinas",2,1,0,0,1,0,0,,"Calle",,"SANTA FE","La Capital","Hormigón","No existe","I","Dentro","Urbana","Ninguna","No existe","Intersección","Bueno","Buena","Diurna","Buen Tiempo","Lateral","S/D","Colisión","Otro","Faltante","Cordón divisorio","Sin restricción"
2014,2884,19/04/2014,"Sabado",0,18:15:00,,"0.0",2,"Moto/Ciclomotor,Pickup/Utilitario","Callejon Aguirre Y Av Peñaloza",2,1,0,0,1,0,0,,"Avenida",,"SANTA FE","La Capital","Tierra,Ripio","S/D","I","Dentro","Urbana","S/D","No existe","Intersección","Con baches","Buena","Nocturna,Con luz artificial","Buen Tiempo","Lateral","S/D","Colisión","S/D","S/D","S/D","S/D"
2014,2885,26/04/2014,"Sabado",0,17:10:00,,"0.0",2,"Moto/Ciclomotor,Automóvil","Sarmiento Y Gdor. Candioti",2,0,1,0,0,0,1,,"Calle",,"NELSON","La Capital","Asfalto","S/D","I","Dentro","Urbana","Ninguna","No existe","Intersección","Bueno","Buena","Atardecer","Buen Tiempo","Lateral","S/D","Colisión","Ninguna","S/D","Ninguna","Sin restricción"
2014,2886,25/04/2014,"Viernes",0,15:00:00,"Ruta Nacional 11","483.0",3,"Pickup/Utilitario,Moto/Ciclomotor,Automóvil","Ruta Nacional 11 483",3,2,1,0,0,0,0,,"Ruta",11,"RECREO","La Capital","Tierra,Ripio","Natural","I","S/D","Urbana","Ninguna","No existe","Recta","S/D","Buena","Diurna","Buen Tiempo","Múltiple","S/D","Colisión","S/D","Faltante","Línea divisoria pintada","Sin restricción"
2014,2887,21/04/2014,"Lunes",0,15:00:00,,"0.0",2,"Pickup/Utilitario,Tracción animal / Carro","Gorriti Y San Lorenzo",2,1,0,0,1,0,0,,"Calle",,"SANTA FE","La Capital","Asfalto,Ripio","S/D","I","S/D","Urbana","S/D","No existe","Intersección","Resbaladiza","Buena","Diurna","Buen Tiempo","Lateral","S/D","Colisión","Material Suelto","S/D","S/D","S/D"
2014,2888,27/04/2014,"Domingo",0,15:00:00,,"0.0",2,"Automóvil,Moto/Ciclomotor","Av Facundo Zuviria Y French",2,0,0,0,1,0,1,,"Avenida",,"SANTA FE","La Capital","Asfalto,Tierra","S/D","I","Dentro","Urbana","S/D","No existe","Intersección","Bueno","Buena","Diurna","Buen Tiempo","Lateral","S/D","Colisión","S/D","Faltante","S/D","S/D"
2014,2889,28/04/2014,"Lunes",0,20:40:00,,"0.0",1,"Moto/Ciclomotor","Juan Bautista Alberdi Y J Macia",1,1,0,0,0,0,0,,"Avenida",,"SANTO TOMÉ","La Capital","Asfalto,Ripio","S/D","I","S/D","Urbana","S/D","No existe","Intersección","Bueno","Buena","Diurna","Buen Tiempo","Atropello animal","S/D","Colisión","S/D","S/D","S/D","Sin restricción"
2014,2890,05/04/2014,"Sabado",0,12:15:00,,"3.5",2,"Automóvil,Moto/Ciclomotor"," ",2,1,0,0,0,0,1,,"S/D",,"SANTA FE","La Capital","Asfalto","Natural","I","S/D","Urbana","Ninguna","No existe","Recta","Bueno","Buena","Diurna","Buen Tiempo","Lateral","S/D","Colisión","Ninguna","Faltante","Ninguna","Sin restricción"
2014,2891,11/04/2014,"Viernes",0,18:45:00,,"0.0",2,"Automóvil,Otros"," ",2,0,0,0,0,0,2,,"S/D",,"SANTA FE","La Capital","Asfalto","Natural","I","S/D","Urbana","Ninguna","No existe","Recta","Bueno","Buena","Nocturna","Buen Tiempo","Lateral","S/D","Colisión","Ninguna","Faltante","Ninguna","Sin restricción"
2014,2892,24/04/2014,"Jueves",0,10:00:00,,"0.0",2,"Moto/Ciclomotor,Automóvil","Estrada Y Espora",2,1,0,0,1,0,0,,"Calle",,"SANTA FE","La Capital","Asfalto","No existe","I","S/D","Urbana","Ninguna","No existe","Recta","Bueno","Buena","Diurna","Buen Tiempo","Lateral","S/D","Colisión","S/D","Faltante","Ninguna","Sin restricción"
2014,2893,21/04/2014,"Lunes",0,21:50:00,,"0.0",2,"Automóvil,Moto/Ciclomotor","Quintana Y Av A del Valle",2,1,0,0,1,0,0,,"Avenida",,"SANTA FE","La Capital","Hormigón","No existe","I","Dentro","Urbana","Ninguna","No existe","Intersección","Bueno","Buena","Nocturna,Con luz artificial","Buen Tiempo","Lateral","S/D","Colisión","Otro","Faltante","Cordón divisorio","Sin restricción"
2014,2894,23/04/2014,"Miercoles",0,15:00:00,,"0.0",2,"Bicicleta,Automóvil","Garay Y L.N.Alem",2,1,0,0,1,0,0,,"Calle",,"ROSARIO","Rosario","Asfalto","No existe","II","Dentro","Urbana","Marca Vial","No existe","Intersección","Bueno","Buena","Diurna","Buen Tiempo","S/D","S/D","Atropello","Ninguna","Vertical","Línea divisoria pintada","Sin restricción"
2014,2895,28/04/2014,"Lunes",0,17:30:00,,"0.0",2,"Moto/Ciclomotor,Automóvil","Alvear Y Beruti",3,1,0,0,2,0,0,,"Calle",,"SANTA FE","La Capital","Asfalto","No existe","I","Dentro","Urbana","Ninguna","No existe","Intersección","Bueno","Buena","Diurna","Buen Tiempo","Lateral","S/D","Colisión","Ninguna","Faltante","Ninguna","Sin restricción"
2014,2896,07/04/2014,"Lunes",0,21:00:00,,"0.0",2,"Automóvil,Moto/Ciclomotor","Francia Y Catamarca",3,2,0,0,1,0,0,,"Calle",,"SANTA FE","La Capital","S/D","S/D","I","S/D","Urbana","S/D","S/D","Intersección","S/D","S/D","Nocturna","S/D","S/D","S/D","S/D","S/D","S/D","S/D","S/D"
2014,2897,25/04/2014,"Viernes",0,15:20:00,,"0.0",2,"Automóvil,Automóvil","San Jeronimo Y Iturraspe",2,1,0,0,1,0,0,,"Calle",,"SANTA FE","La Capital","Hormigón","No existe","I","Dentro","Urbana","Ninguna","No existe","Intersección","Bueno","Buena","Diurna","Buen Tiempo","Lateral","S/D","Colisión","Otro","Faltante","Cordón divisorio","Sin restricción"
2014,2898,28/04/2014,"Lunes",0,13:00:00,,"0.0",2,"Moto/Ciclomotor,Automóvil","Maipu Y Garay",2,1,0,0,1,0,0,,"Calle",,"ROSARIO","Rosario","Asfalto","No existe","II","Dentro","Urbana","Marca Vial","No existe","Intersección","Bueno","Buena","Diurna","Buen Tiempo","Lateral","S/D","Colisión","Ninguna","Vertical","Línea divisoria pintada","Sin restricción"
2014,2899,29/04/2014,"Martes",0,13:00:00,,"0.0",2,"Automóvil,Moto/Ciclomotor","Gorriti 4600",3,2,0,0,1,0,0,,"Calle",,"SANTA FE","La Capital","Asfalto","S/D","I","S/D","Urbana","Ninguna","S/D","Recta","Bueno","Buena","Diurna","Buen Tiempo","Otro","S/D","Colisión","S/D","S/D","Ninguna","Sin restricción"
2014,2900,21/04/2014,"Lunes",0,12:30:00,,"0.0",2,"Moto/Ciclomotor,Camión","L.N.Alem 3300",2,1,0,0,1,0,0,,"Calle",,"ROSARIO","Rosario","Asfalto","No existe","II","Dentro","Urbana","Marca Vial","Funciona","Recta","Bueno","Buena","Diurna","Buen Tiempo","Lateral","S/D","Colisión","Ninguna","Vertical","Línea divisoria pintada","Sin restricción"
2014,2901,04/04/2014,"Viernes",0,18:15:00,,"0.0",2,"Automóvil,Moto/Ciclomotor","Gorriti Y Bernardo de Irigoyen",3,2,0,0,1,0,0,,"Calle",,"SANTA FE","La Capital","Asfalto","No existe","I","Dentro","Urbana","Ninguna","No existe","Intersección","Bueno","Buena","Diurna","Buen Tiempo","Múltiple","S/D","Colisión","Ninguna","Faltante","Cordón divisorio","Sin restricción"
2014,2902,20/04/2014,"Domingo",0,17:30:00,,"0.0",1,"Moto/Ciclomotor","Av A del Valle Y Belgrano",2,1,1,0,0,0,0,,"Avenida",,"SANTA FE","La Capital","Asfalto","Natural","I","Dentro","Urbana","Ninguna","No existe","Cruce","Bueno","Buena","Atardecer","Buen Tiempo","S/D","S/D","Otro","Ninguna","Faltante","Vegetación","Sin restricción"
2014,2903,28/04/2014,"Lunes",0,20:30:00,,"0.0",2,"Automóvil,Automóvil","Av Facundo Zuviria Y Cordoba",2,1,0,0,1,0,0,,"Avenida",,"SANTA FE","La Capital","Hormigón","No existe","I","Dentro","Urbana","Semáforo","Funciona","Distribuidor","Bueno","Buena","Nocturna,Con luz artificial","Buen Tiempo","Lateral","S/D","Colisión","Otro","Vertical","Cordón divisorio","Sin restricción"
2014,2904,05/04/2014,"Sabado",0,21:30:00,,"0.0",2,"Automóvil,Moto/Ciclomotor","Zavalia Y Intendente Manuel Irigoyen",3,2,0,0,1,0,0,,"Calle",,"SANTA FE","La Capital","S/D","S/D","I","S/D","Urbana","S/D","S/D","Intersección","S/D","S/D","Nocturna","S/D","S/D","S/D","Colisión","S/D","S/D","S/D","S/D"
2014,2905,21/04/2014,"Lunes",0,11:50:00,,"0.0",2,"Moto/Ciclomotor,Automóvil","Bv. Segui Y Necochea",3,2,0,0,1,0,0,,"Avenida",,"ROSARIO","Rosario","Asfalto","No existe","II","S/D","S/D","Marca Vial","No existe","Intersección","Bueno","Buena","Diurna","Buen Tiempo","Frontal","S/D","Colisión","Ninguna","Vertical","Línea divisoria pintada","Sin restricción"
2014,2906,16/04/2014,"Miercoles",0,07:10:00,,"0.0",2,"Automóvil,Moto/Ciclomotor","Av Freyre Y Mendoza",2,1,0,0,1,0,0,,"Avenida",,"SANTA FE","La Capital","S/D","S/D","I","S/D","Urbana","S/D","S/D","Intersección","S/D","S/D","Amanecer","S/D","S/D","S/D","Colisión","S/D","S/D","S/D","S/D"
2014,2907,24/04/2014,"Jueves",0,23:00:00,,"0.0",2,"Moto/Ciclomotor,Moto/Ciclomotor","Av A del Valle Y J M Zuviria",3,1,0,0,2,0,0,,"Avenida",,"SANTA FE","La Capital","Asfalto","No existe","I","Dentro","Urbana","Semáforo","Intermitente","Intersección","Bueno","Buena","Nocturna,Con luz artificial","Buen Tiempo","Lateral","S/D","Colisión","Otro","Vertical","Cordón divisorio","Sin restricción"
2014,2908,30/04/2014,"Miercoles",0,21:10:00,,"0.0",2,"Moto/Ciclomotor,Automóvil","Av Gral Paz Y R Godoy",2,1,0,0,1,0,0,,"Avenida",,"SANTA FE","La Capital","Asfalto","S/D","I","Dentro","Urbana","Ninguna","S/D","Intersección","Bueno","Buena","Nocturna","Buen Tiempo","De alcance","S/D","Colisión","Ninguna","S/D","S/D","Sin restricción"
2014,2909,19/04/2014,"Sabado",0,,,"0.0",1,"Moto/Ciclomotor","Callejon Funes Y Pje Luis Braille",2,2,0,0,0,0,0,,"S/D",,"SANTA FE","La Capital","Ripio","Ripio","I","S/D","Urbana","Ninguna","No existe","Intersección","Otro","Buena","Diurna","Buen Tiempo","S/D","S/D","Caída ocupante","Ninguna","Faltante","Ninguna","S/D"
2014,2910,14/04/2014,"Lunes",0,23:00:00,,"0.0",2,"Automóvil,Otros","Av Lopez y Planes Y Mariano Comas",2,1,0,0,1,0,0,,"Avenida",,"SANTA FE","La Capital","S/D","S/D","I","S/D","Urbana","S/D","S/D","Intersección","S/D","S/D","Nocturna","S/D","S/D","S/D","Colisión","S/D","S/D","S/D","S/D"
2014,2911,21/04/2014,"Lunes",0,22:15:00,,"0.0",2,"Automóvil,Automóvil","J Castelli Y Av Facundo Zuviria",3,0,0,0,0,0,3,,"Avenida",,"SANTA FE","La Capital","S/D","S/D","I","Dentro","Urbana","S/D","S/D","Intersección","S/D","S/D","Nocturna","S/D","S/D","S/D","Colisión","S/D","S/D","S/D","S/D"
2014,2912,29/04/2014,"Martes",0,10:50:00,,"0.0",2,"Moto/Ciclomotor,Automóvil","Av A del Valle Y Alberti",2,1,0,0,1,0,0,,"Avenida",,"SANTA FE","La Capital","Hormigón","No existe","I","Dentro","Urbana","Ninguna","No existe","Intersección","Bueno","Buena","Diurna","Buen Tiempo","Lateral","S/D","Colisión","Otro","Faltante","Cordón divisorio","Sin restricción"
2014,2913,16/04/2014,"Miercoles",0,13:40:00,,"0.0",2,"Moto/Ciclomotor,Automóvil","L.N.Alem Y Gaboto",2,1,0,0,1,0,0,,"Calle",,"ROSARIO","Rosario","Asfalto","No existe","II","Dentro","Urbana","Semáforo","Funciona","Intersección","Bueno","Buena","Diurna","Buen Tiempo","Lateral","S/D","Colisión","Ninguna","Vertical","Línea divisoria pintada","Sin restricción"
2014,2914,04/04/2014,"Viernes",0,09:20:00,,"0.0",2,"Automóvil,Moto/Ciclomotor","Av Blas Parera 8400",2,1,0,0,1,0,0,,"Avenida",,"SANTA FE","La Capital","Asfalto","No existe","I","S/D","Urbana","Ninguna","No existe","Recta","Bueno","Buena","Diurna","Buen Tiempo","De alcance","S/D","Colisión","Ninguna","Faltante","Cordón divisorio","Sin restricción"
2014,2915,29/04/2014,"Martes",0,13:00:00,,"0.0",2,"Automóvil,Bicicleta","Lavaisse Y Rivadavia",2,0,0,0,1,0,1,"-31.613222222222,-60.694388888889","S/D",,"SANTA FE","La Capital","Asfalto","No existe","I","S/D","S/D","Ninguna","No existe","Intersección","Bueno","Buena","Diurna","Buen Tiempo","S/D","S/D","Atropello","Ninguna","S/D","Ninguna","Sin restricción"
2014,2916,14/04/2014,"Lunes",0,17:30:00,,"0.0",2,"Moto/Ciclomotor,Automóvil","Mendoza 4200",2,1,0,0,1,0,0,,"Calle",,"SANTA FE","La Capital","S/D","S/D","I","S/D","Urbana","S/D","S/D","Recta","S/D","S/D","Diurna","S/D","S/D","S/D","Colisión","S/D","S/D","S/D","S/D"
2014,2917,18/04/2014,"Viernes",0,12:30:00,,"0.0",2,"Automóvil,Moto/Ciclomotor","Av. Del Valle 2900",3,1,0,0,1,0,1,,"Avenida",,"ROSARIO","Rosario","Asfalto","No existe","II","Dentro","Urbana","Semáforo","Funciona","Recta","Bueno","Buena","Diurna","Buen Tiempo","Lateral","S/D","Colisión","Otro","Vertical","Ninguna","Sin restricción"
2014,2918,16/04/2014,"Miercoles",0,14:30:00,,"0.0",2,"Peatón,Automóvil","Chacabuco 3300",2,1,0,0,1,0,0,,"Calle",,"ROSARIO","Rosario","Asfalto","No existe","II","Dentro","Urbana","Policía de tránsito","S/D","Recta","Bueno","S/D","Diurna","Buen Tiempo","S/D","S/D","Atropello","S/D","S/D","Línea divisoria pintada","Sin restricción"
2014,2919,13/04/2014,"Domingo",0,10:35:00,,"0.0",2,"Moto/Ciclomotor,Automóvil","Av Blas Parera Y Beruti",2,1,0,0,1,0,0,,"Avenida",,"SANTA FE","La Capital","Asfalto","No existe","I","Dentro","Urbana","Ninguna","No existe","Intersección","Bueno","Buena","Diurna","Buen Tiempo","Lateral","S/D","Colisión","Ninguna","Faltante","Ninguna","Sin restricción"
2014,2920,23/04/2014,"Miercoles",0,14:00:00,,"0.0",2,"Moto/Ciclomotor,Automóvil","Av Freyre Y Regis Martinez",2,0,0,0,0,0,2,,"Avenida",,"SANTA FE","La Capital","S/D","S/D","I","S/D","S/D","S/D","S/D","Intersección","S/D","S/D","Diurna","S/D","S/D","S/D","Colisión","S/D","S/D","S/D","S/D"
2014,2921,14/04/2014,"Lunes",0,13:30:00,,"0.0",2,"Moto/Ciclomotor,Pickup/Utilitario","Av Urquiza Y Salta",2,1,0,0,1,0,0,,"Avenida",,"SANTA FE","La Capital","S/D","S/D","I","S/D","Urbana","S/D","S/D","Intersección","S/D","S/D","Diurna","S/D","S/D","S/D","Colisión","S/D","S/D","S/D","S/D"
2014,2922,29/04/2014,"Martes",0,14:20:00,,"0.0",2,"Bicicleta,Pickup/Utilitario","Boneo Y Av A del Valle",2,1,0,0,1,0,0,"-31.604916666667,-60.692416666667","Avenida",,"SANTA FE","La Capital","Hormigón","No existe","I","Dentro","Urbana","Ninguna","No existe","Intersección","Bueno","Buena","Diurna","Buen Tiempo","S/D","S/D","Atropello","Otro","Faltante","Cordón divisorio","Sin restricción"
2014,2923,06/04/2014,"Domingo",0,12:30:00,,"0.0",2,"Moto/Ciclomotor,Automóvil","12 de Octubre Y Neuquen",2,1,0,0,1,0,0,,"Avenida",,"SANTA FE","La Capital","Hormigón","No existe","I","Dentro","Urbana","Otra Señal","No existe","Intersección","Con baches","Buena","Diurna","Buen Tiempo","Lateral","S/D","Colisión","S/D","Vertical","Cordón divisorio","Sin restricción"
2014,2924,14/04/2014,"Lunes",0,09:45:00,,"0.0",2,"Moto/Ciclomotor,Taxi/Remis","Av Freyre 2100",2,1,0,0,1,0,0,,"Avenida",,"SANTA FE","La Capital","S/D","S/D","I","S/D","Urbana","S/D","S/D","Recta","S/D","S/D","Diurna","S/D","S/D","S/D","Colisión","S/D","S/D","S/D","S/D"
2014,2925,16/04/2014,"Miercoles",0,18:15:00,,"0.0",2,"Automóvil,Pickup/Utilitario","Gorriti ",4,2,0,0,2,0,0,,"Avenida",,"SANTA FE","La Capital","Asfalto","No existe","I","Dentro","Urbana","Ninguna","No existe","Recta","Bueno","Buena","Atardecer","Buen Tiempo","De alcance","S/D","Colisión","Ninguna","Faltante","Cordón divisorio","Sin restricción"
2014,2926,22/04/2014,"Martes",0,13:30:00,,"0.0",2,"Transporte de Pasajeros Urbano (> 8 asientos),Peatón","Santa Fe 3100",2,1,0,0,1,0,0,,"Calle",,"ROSARIO","Rosario","Asfalto","No existe","II","Dentro","Urbana","Semáforo","Funciona","Recta","Bueno","Buena","Diurna","Buen Tiempo","S/D","S/D","Atropello","Otro","Vertical","Ninguna","Sin restricción"
2014,2927,24/04/2014,"Jueves",0,07:30:00,,"0.0",2,"Moto/Ciclomotor,Camión","J Castelli Y Pje Gregoria P de Denis",2,0,0,0,0,0,2,,"Calle",,"SANTA FE","La Capital","S/D","S/D","I","S/D","S/D","S/D","S/D","S/D","S/D","S/D","Diurna","S/D","S/D","S/D","Colisión","S/D","S/D","S/D","S/D"
2014,2928,03/04/2014,"Jueves",0,19:30:00,,"0.0",2,"Bicicleta,Automóvil","Saavedra 3075",2,1,0,0,1,0,0,"-31.649027777778,-60.713722222222","Calle",,"SANTA FE","La Capital","S/D","S/D","I","S/D","Urbana","S/D","S/D","S/D","S/D","S/D","Atardecer","S/D","S/D","S/D","Atropello","S/D","S/D","S/D","S/D"
2014,2929,29/04/2014,"Martes",0,15:30:00,,"0.0",2,"Moto/Ciclomotor,Automóvil","Av A del Valle Y Boneo",2,1,0,0,1,0,0,,"Avenida",,"SANTA FE","La Capital","Hormigón","No existe","I","Dentro","Urbana","Ninguna","No existe","Intersección","Bueno","Buena","Diurna","Buen Tiempo","Lateral","S/D","Colisión","Otro","Faltante","Cordón divisorio","Sin restricción"
2014,2930,20/04/2014,"Domingo",0,23:00:00,,"0.0",2,"Pickup/Utilitario,Moto/Ciclomotor","Bernardo de Irigoyen Y Gorriti",2,0,1,0,1,0,0,,"Avenida",,"SANTA FE","La Capital","Asfalto","No existe","I","Dentro","Urbana","Ninguna","No existe","Intersección","Bueno","Buena","Nocturna","Buen Tiempo","Frontal","S/D","Colisión","Ninguna","Faltante","Ninguna","Sin restricción"
2014,2931,26/04/2014,"Sabado",0,11:00:00,,"0.0",2,"Moto/Ciclomotor,Automóvil","Zavalia 2600",2,1,0,0,1,0,0,,"Calle",,"SANTA FE","La Capital","S/D","S/D","I","S/D","Urbana","S/D","S/D","S/D","S/D","S/D","Diurna","S/D","S/D","S/D","Colisión","S/D","S/D","S/D","S/D"
2014,2932,28/04/2014,"Lunes",0,17:00:00,,"0.0",2,"Moto/Ciclomotor,Automóvil","Gorriti Y Vigna",2,1,0,0,0,0,1,,"Calle",,"SANTA FE","La Capital","Ripio","No existe","I","Dentro","Urbana","Ninguna","No existe","Intersección","Deteriorada","Buena","Atardecer,Con luz artificial","Buen Tiempo","Lateral","S/D","Colisión","S/D","Faltante","Ninguna","Sin restricción"
2014,2933,28/04/2014,"Lunes",0,20:50:00,,"0.0",2,"Taxi/Remis,Moto/Ciclomotor","Salvador del Carril Y Belgrano",3,2,0,0,1,0,0,,"Calle",,"SANTA FE","La Capital","Asfalto","No existe","I","Dentro","Urbana","Ninguna","No existe","Intersección","Bueno","Buena","Nocturna","Buen Tiempo","Frontal","S/D","Colisión","Ninguna","Vertical","Ninguna","Sin restricción"
2014,2934,30/04/2014,"Miercoles",0,18:00:00,,"0.0",2,"Moto/Ciclomotor,Taxi/Remis","J Castelli Y San Martin",2,1,0,0,1,0,0,,"Calle",,"SANTA FE","La Capital","Hormigón","No existe","I","Dentro","Urbana","Ninguna","No existe","Intersección","Bueno","Buena","Atardecer,Con luz artificial","Buen Tiempo","Lateral","S/D","Colisión","Otro","Faltante","Cordón divisorio","Sin restricción"
2014,2935,02/04/2014,"Miercoles",0,22:15:00,,"0.0",1,"Moto/Ciclomotor","Mariano Moreno 285",1,1,0,0,0,0,0,,"Calle",,"GOBERNADOR CRESPO","San Justo","Asfalto","Pavimento","XVI","S/D","Urbana","Ninguna","No existe","Recta","Bueno","Buena","Nocturna","Buen Tiempo","Atropello animal","S/D","Colisión","Ninguna","S/D","Cordón divisorio","Sin restricción"
2014,2936,23/04/2014,"Miercoles",0,05:50:00,,"0.0",2,"Moto/Ciclomotor,Automóvil","Catamarca Y Suipacha",2,1,0,0,1,0,0,,"Calle",,"ROSARIO","Rosario","S/D","No existe","II","Dentro","Urbana","Semáforo","Funciona","Recta","Otro","Buena","Amanecer","Buen Tiempo","De alcance","S/D","Colisión","Otro","Vertical","Ninguna","Sin restricción"
2014,2937,01/04/2014,"Martes",0,07:35:00,,"0.0",2,"Automóvil,Automóvil","Av Facundo Zuviria Y Agustin Delgado",2,0,0,0,0,0,2,,"Avenida",,"SANTA FE","La Capital","S/D","S/D","I","S/D","S/D","S/D","S/D","S/D","S/D","S/D","Diurna","S/D","S/D","S/D","Colisión","S/D","S/D","S/D","S/D"
2014,2938,25/04/2014,"Viernes",0,07:00:00,,"0.0",2,"Moto/Ciclomotor,Moto/Ciclomotor","L N Alem 2460",2,2,0,0,0,0,0,,"Calle",,"SAN JUSTO","San Justo","Asfalto","No existe","XVI","Dentro","Urbana","Ninguna","No existe","Recta","Bueno","Buena","Diurna","Buen Tiempo","Frontal","S/D","Colisión","Ninguna","Horizontal","Ninguna","Sin restricción"
2014,2939,26/04/2014,"Sabado",0,09:30:00,,"0.0",2,"Automóvil,Moto/Ciclomotor","Tucuman Y Vera Mujica",2,1,0,0,1,0,0,,"Calle",,"ROSARIO","Rosario","Asfalto","No existe","II","Dentro","Urbana","Ninguna","No existe","Recta","Bueno","Buena","Diurna","S/D","Lateral","S/D","Colisión","S/D","Faltante","Ninguna","S/D"
2014,2940,30/04/2014,"Miercoles",0,10:20:00,,"0.0",2,"Taxi/Remis,Camión","Salta Y Santiago",2,1,0,0,1,0,0,,"Calle",,"ROSARIO","Rosario","Asfalto","No existe","II","Dentro","Urbana","Semáforo","Funciona","Recta","Bueno","Buena","Diurna","Buen Tiempo","Lateral","S/D","Colisión","S/D","Vertical","Ninguna","Sin restricción"
2014,2941,11/04/2014,"Viernes",0,,"Ruta Provincial 18","6.5",2,"Pickup/Utilitario,Automóvil"," ",2,1,0,0,1,0,0,,"Ruta",18,"PIÑERO","Rosario","Asfalto","Natural","II","S/D","Urbana","Ninguna","No existe","Recta","Bueno","Buena","Nocturna","Buen Tiempo","S/D","S/D","Colisión","Ninguna","Vertical","Línea divisoria pintada","Sin restricción"
2014,2942,08/04/2014,"Martes",0,18:30:00,,"0.0",2,"Bicicleta,Automóvil","Beruti Y Guillermo Furlong Cardiff",2,1,0,0,1,0,0,"-31.581333333333,-60.745944444444","Calle",,"SANTA FE","La Capital","Asfalto","No existe","I","Dentro","Urbana","Ninguna","No existe","Intersección","Bueno","Buena","Atardecer","Buen Tiempo","S/D","S/D","Atropello","S/D","Faltante","Ninguna","Sin restricción"
2014,2943,09/04/2014,"Miercoles",0,,"Autopista Provincial Brigadier E.López","0.0",2,"Automóvil,Otros","AUTOPISTA SANTA FE-ROSARIO Y CIRCUNVALACION",3,2,0,0,0,0,1,,"Autopista","Brigadier E.López","SANTA FE","La Capital","Asfalto","Natural","I","Dentro","Urbana","Ninguna","No existe","Intersección","Bueno","S/D","Diurna","Buen Tiempo","Lateral","S/D","Colisión","S/D","S/D","Ninguna","Sin restricción"
2014,2944,04/04/2014,"Viernes",0,20:05:00,,"0.0",2,"Moto/Ciclomotor,Moto/Ciclomotor","Vicente Lopez y Planes Y Centenario",2,0,1,0,1,0,0,,"S/D",,"SANTO TOMÉ","La Capital","Asfalto,Ripio","S/D","I","S/D","S/D","S/D","S/D","Intersección","Bueno","Buena","Nocturna","Buen Tiempo","Lateral","S/D","Colisión","S/D","S/D","S/D","Sin restricción"
2014,2945,09/04/2014,"Miercoles",0,12:45:00,,"0.0",2,"Moto/Ciclomotor,Automóvil","Av Peñaloza Y Pje Paraguay",2,1,0,0,0,0,1,,"Avenida",,"SANTA FE","La Capital","Asfalto","No existe","I","S/D","Urbana","Ninguna","No existe","Recta","Deteriorada","Buena","Diurna","Buen Tiempo","De alcance","S/D","Colisión","Otro","Faltante","Ninguna","Sin restricción"
2014,2946,09/04/2014,"Miercoles",0,00:00:00,"Ruta Provincial 65","15.0",3,"Moto/Ciclomotor,Automóvil,Camión"," ",3,1,0,0,2,0,0,,"Ruta",65,"ESTACIÓN DÍAZ","San Jerónimo","Asfalto","Natural","XV","Dentro","Rural","Ninguna","No existe","Recta","Deteriorada","Buena","Nocturna","Buen Tiempo","Atropello animal,Frontal","S/D","Colisión","Ninguna","Faltante","Ninguna","Sin restricción"