"anio_acci","nro_acci","fecha","desc_dia","fecha_aprox","hora_aprox","desc_ruta","km","cant_participantes","desc_participante","calle_avenida_km","total","heridos_leves","heridos_graves","heridos_gravisimos","ilesos","fallecidos","sin_datos","posicion_XY","desc_tipo_via","desc_ruta_ori","desc_loc","desc_dpto","desc_tipo_calzada","desc_tipo_banquina","desc_unidad_regional","desc_lugar_calzada","desc_zona","desc_prioridad","desc_estado_semaforo","desc_lugar_via","desc_estado_via","desc_estado_visibilidad","desc_luminosidad","desc_estado_clima","desc_tipo_colision","desc_tipo_atropello","desc_tipo_hecho","desc_pres_calzada","desc_senializacion","desc_separacion_via","desc_restriccion"
2014,2947,06/04/2014,"Domingo",0,15:40:00,,"0.0",2,"Bicicleta,Automóvil","9 de Julio Y Tucuman",2,0,0,0,0,0,2,"-31.646194444444,-60.709166666667","Calle",,"SANTA FE","La Capital","S/D","S/D","I","S/D","S/D","S/D","S/D","S/D","S/D","S/D","Diurna","S/D","S/D","S/D","Atropello","S/D","S/D","S/D","S/D"
2014,2948,03/04/2014,"Jueves",0,11:30:00,,"0.0",2,"Moto/Ciclomotor,Automóvil","Av Pte Peron Y Candido Pujato",2,1,0,0,1,0,0,,"Avenida",,"SANTA FE","La Capital","S/D","S/D","I","S/D","Urbana","S/D","S/D","S/D","S/D","S/D","Diurna","S/D","S/D","S/D","S/D","S/D","S/D","S/D","S/D"
2014,2949,16/04/2014,"Miercoles",0,19:30:00,,"0.0",2,"Automóvil,Moto/Ciclomotor","Av Pte Peron 4900",2,1,0,0,1,0,0,,"Avenida",,"SANTA FE","La Capital","Asfalto","Natural","I","Dentro","Urbana","Ninguna","No existe","Curva","Bueno","S/D","Atardecer","Buen Tiempo","Otro","S/D","Colisión","S/D","S/D","Ninguna","Sin restricción"
2014,2950,12/04/2014,"Sabado",0,19:00:00,,"0.0",2,"Automóvil,Moto/Ciclomotor","Av Peñaloza 7700",2,1,0,0,0,0,1,,"Avenida",,"SANTA FE","La Capital","Asfalto","No existe","I","S/D","Urbana","Ninguna","No existe","Otro","Bueno","Buena","Atardecer","Buen Tiempo","De alcance","S/D","Colisión","Otro","S/D","Ninguna","Sin restricción"
2014,2951,11/04/2014,"Viernes",0,13:30:00,,"0.0",2,"Moto/Ciclomotor,Moto/Ciclomotor","J Castelli Y San Lorenzo",2,0,0,0,0,0,2,,"Calle",,"SANTA FE","La Capital","S/D","S/D","I","S/D","S/D","S/D","S/D","S/D","S/D","S/D","Diurna","S/D","S/D","S/D","Colisión","S/D","S/D","S/D","S/D"
2014,2952,12/04/2014,"Sabado",0,13:45:00,,"0.0",2,"Automóvil,Bicicleta","Reg 12 de Infanteria Y Estrada",2,1,0,0,0,0,1,"-31.593055555556,-60.715611111111","Calle",,"SANTA FE","La Capital","Asfalto","No existe","I","S/D","Urbana","Semáforo","No existe","Cruce","Deteriorada","Buena","Diurna","Buen Tiempo","S/D","S/D","Atropello","Otro","Faltante","Ninguna","Sin restricción"
2014,2953,19/04/2014,"Sabado",0,20:45:00,,"0.0",2,"Automóvil,Automóvil","Mitre Y Virasoro",4,1,0,0,3,0,0,,"Calle",,"ROSARIO","Rosario","S/D","S/D","II","Dentro","Urbana","S/D","S/D","Intersección","S/D","S/D","Nocturna","S/D","S/D","S/D","Colisión","S/D","S/D","S/D","S/D"
2014,2954,26/04/2014,"Sabado",0,11:30:00,,"0.0",2,"Moto/Ciclomotor,Automóvil"," ",3,2,0,0,0,0,1,,"Avenida",,"NELSON","La Capital","Asfalto","Natural","I","S/D","Urbana","S/D","No existe","Recta","Bueno","S/D","Diurna","S/D","S/D","S/D","S/D","Ninguna","Faltante","S/D","S/D"
2014,2955,08/04/2014,"Martes",0,17:00:00,,"0.0",2,"Automóvil,Automóvil","Av Urquiza Y Lavaisse",2,0,0,0,0,0,2,,"Calle",,"SANTA FE","La Capital","S/D","S/D","I","S/D","S/D","S/D","S/D","Intersección","S/D","S/D","Diurna","S/D","S/D","S/D","Colisión","S/D","S/D","S/D","S/D"
2014,2956,18/04/2014,"Viernes",0,08:00:00,,"0.0",2,"Automóvil,Otros","Av Pte Peron Y Ecuador",3,2,0,0,1,0,0,,"Calle",,"SANTA FE","La Capital","Asfalto","Natural","I","Dentro","Urbana","Ninguna","Funciona","Recta","Bueno","Buena","Diurna","Buen Tiempo","Otro","S/D","Colisión","S/D","S/D","Ninguna","Sin restricción"
2014,2957,03/04/2014,"Jueves",0,08:20:00,,"0.0",1,"Moto/Ciclomotor"," ",1,1,0,0,0,0,0,,"S/D",,"GESSLER","San Jerónimo","Asfalto","Natural","XV","Dentro","Rural","S/D","S/D","Recta","Con baches","Buena","Diurna","Buen Tiempo","Otro","S/D","Caída ocupante","Ninguna","S/D","S/D","S/D"
2014,2958,12/04/2014,"Sabado",0,22:00:00,,"0.0",2,"Automóvil,Moto/Ciclomotor","Av Blas Parera Y Don Guanella",2,1,0,0,0,0,1,,"Avenida",,"SANTA FE","La Capital","Asfalto","No existe","I","S/D","Urbana","Ninguna","No existe","Cruce","Deteriorada","Buena","Nocturna","Buen Tiempo","Lateral","S/D","Colisión","S/D","Faltante","Ninguna","Sin restricción"
2014,2959,21/04/2014,"Lunes",0,21:20:00,,"0.0",2,"Peatón,Moto/Ciclomotor","Av Pte Peron Y Pedro Centeno",3,2,0,0,1,0,0,"-31.623833333333,-60.718722222222","Avenida",,"SANTA FE","La Capital","Asfalto","No existe","I","S/D","Urbana","Ninguna","S/D","Recta","Bueno","Buena","Nocturna,Con luz artificial","Buen Tiempo","Otro","S/D","Atropello","S/D","S/D","S/D","Sin restricción"
2014,2960,12/04/2014,"Sabado",0,23:30:00,,"0.0",2,"Automóvil,Moto/Ciclomotor","Av Peñaloza Y Reg 12 de Infanteria",2,1,0,0,0,0,1,,"Avenida",,"SANTA FE","La Capital","Asfalto","No existe","I","S/D","Urbana","Semáforo","Funciona","Cruce","Deteriorada","Buena","Nocturna","Buen Tiempo","Lateral","S/D","Colisión","Otro","Vertical","Ninguna","Sin restricción"
2014,2961,21/04/2014,"Lunes",0,17:30:00,"Ruta Nacional 11","0.0",2,"Moto/Ciclomotor,Pickup/Utilitario","25 de Mayo Y Av L de la Torre-Ruta Nac 11",2,1,0,0,1,0,0,,"Ruta",11,"CORONDA","San Jerónimo","Asfalto","Natural","XV","Dentro","Urbana","Ninguna","No existe","Intersección","Bueno","Buena","Diurna","Lluvia","Lateral","S/D","Colisión","Agua","Faltante","Ninguna","Sin restricción"
2014,2962,06/04/2014,"Domingo",0,02:15:00,,"0.0",2,"Automóvil,Automóvil","Av. Pellegrini Y Mariano Moreno",6,1,0,0,5,0,0,,"Avenida",,"ROSARIO","Rosario","S/D","S/D","II","Dentro","Urbana","S/D","S/D","Intersección","S/D","S/D","Nocturna","S/D","S/D","S/D","Colisión","S/D","S/D","S/D","S/D"
2014,2963,28/04/2014,"Lunes",0,06:45:00,,"0.0",2,"Moto/Ciclomotor,Automóvil","Av Blas Parera 10000",2,1,0,0,0,0,1,,"Avenida",,"SANTA FE","La Capital","Asfalto","Natural","I","S/D","Urbana","Ninguna","No existe","Recta","Bueno","Buena","Amanecer","Buen Tiempo","Frontal","S/D","Colisión","Ninguna","Faltante","Ninguna","Sin restricción"
2014,2964,20/04/2014,"Domingo",0,02:00:00,,"0.0",2,"Automóvil,Automóvil","Av Peñaloza 7315",2,1,0,0,0,0,1,,"Avenida",,"SANTA FE","La Capital","Asfalto","No existe","I","S/D","Urbana","Ninguna","No existe","Recta","Bueno","Buena","Nocturna","Buen Tiempo","De alcance","S/D","Colisión","Otro","Faltante","Ninguna","Sin restricción"
2014,2965,25/04/2014,"Viernes",0,14:50:00,,"0.0",2,"Automóvil,Moto/Ciclomotor","Reg 12 de Infanteria 4200",2,1,0,0,0,0,1,,"Calle",,"SANTA FE","La Capital","Asfalto","No existe","I","S/D","Urbana","Ninguna","No existe","Cruce","Deteriorada","Buena","Diurna","Buen Tiempo","Lateral","S/D","Colisión","Otro","Faltante","Ninguna","Sin restricción"
2014,2966,05/04/2014,"Sabado",0,17:00:00,,"0.0",2,"Automóvil,Moto/Ciclomotor","Lamadrid Y Reg 12 de Infanteria",2,1,0,0,0,0,1,,"Calle",,"SANTA FE","La Capital","Asfalto","No existe","I","S/D","Urbana","Ninguna","No existe","Cruce","Deteriorada","Buena","Diurna","Buen Tiempo","Lateral","S/D","Colisión","S/D","Faltante","Ninguna","Sin restricción"
2014,2967,05/04/2014,"Sabado",0,19:00:00,,"0.0",2,"Moto/Ciclomotor,Pickup/Utilitario","Bv Galvez Y Av Leandro Alem",3,1,0,0,1,0,1,,"Avenida",,"SANTA FE","La Capital","Asfalto","S/D","I","S/D","Urbana","S/D","S/D","Intersección","Deteriorada","S/D","S/D","S/D","Lateral","S/D","Colisión","S/D","S/D","Ninguna","S/D"
2014,2968,30/04/2014,"Miercoles",0,20:00:00,"Ruta Nacional 11","0.0",2,"Automóvil,Moto/Ciclomotor","Av L de la Torre-Ruta Nac 11 Y Av Juan Domingo Peron",2,1,0,0,1,0,0,,"Ruta",11,"CORONDA","San Jerónimo","Asfalto","No existe","XV","Dentro","Urbana","Ninguna","No existe","Intersección","Bueno","Buena","Nocturna,Con luz artificial","Buen Tiempo","Lateral","S/D","Colisión","S/D","S/D","Barrera de hormigón","Sin restricción"
2014,2969,10/04/2014,"Jueves",0,19:30:00,,"0.0",2,"Moto/Ciclomotor,Automóvil","Av Facundo Zuviria Y Espora",2,0,0,0,0,0,2,,"Avenida",,"SANTA FE","La Capital","S/D","S/D","I","S/D","Urbana","S/D","S/D","S/D","S/D","S/D","Atardecer","S/D","S/D","S/D","Colisión","S/D","S/D","S/D","S/D"
2014,2970,23/04/2014,"Miercoles",0,16:30:00,"Autovía Provincial Brigadier E.López","154.0",2,"Automóvil,Moto/Ciclomotor"," ",2,1,0,0,1,0,0,,"Autovía","Brigadier E.López","SANTA FE","La Capital","Asfalto","Pavimento","I","S/D","Urbana","Ninguna","No existe","Recta","Bueno","Buena","Diurna","Buen Tiempo","S/D","S/D","Colisión","S/D","S/D","Guardarrail","Sin restricción"
2014,2971,25/04/2014,"Viernes",0,16:00:00,,"0.0",2,"Moto/Ciclomotor,Pickup/Utilitario","Callejon Mendez 5600",3,2,0,0,1,0,0,,"Calle",,"SANTA FE","La Capital","Asfalto","No existe","I","Dentro","Urbana","Ninguna","No existe","Recta","Bueno","Buena","Diurna","Buen Tiempo","De alcance","S/D","Colisión","Ninguna","Faltante","Ninguna","Sin restricción"
2014,2972,21/04/2014,"Lunes",0,19:50:00,,"0.0",2,"Bicicleta,Camión","Cno San Roque Y Comb de Malvinas",2,1,0,0,1,0,0,,"Calle",,"SAN JUSTO","San Justo","Hormigón","No existe","XVI","Dentro","Urbana","Ninguna","No existe","Intersección","Bueno","Buena","Nocturna,Con luz artificial","Buen Tiempo","S/D","S/D","Atropello","Ninguna","Faltante","Ninguna","Sin restricción"
2014,2973,20/04/2014,"Domingo",0,17:25:00,,"0.0",2,"Pickup/Utilitario,Automóvil","CALLES SUBURBANAS ",3,1,1,0,1,0,0,,"Calle",,"VILLA MINETTI","9 de Julio","Tierra","No existe","XII","S/D","Rural","Ninguna","No existe","Intersección","Deteriorada","Buena","Atardecer","Buen Tiempo","Lateral","S/D","Colisión","Otro","Faltante","Vegetación","Sin restricción"
2014,2974,12/04/2014,"Sabado",0,14:00:00,,"0.0",2,"Moto/Ciclomotor,Automóvil","Diagonal Goyena 3300",2,0,0,0,0,0,2,,"Calle",,"SANTA FE","La Capital","S/D","S/D","I","S/D","S/D","S/D","S/D","S/D","S/D","S/D","Diurna","S/D","S/D","S/D","Colisión","S/D","S/D","S/D","S/D"
2014,2975,02/04/2014,"Miercoles",0,14:03:00,,"0.0",2,"Automóvil,Automóvil","Domingo Silva Y Grand Bourg",4,3,0,0,0,0,1,,"Calle",,"SANTA FE","La Capital","Hormigón","No existe","I","S/D","Urbana","S/D","S/D","Intersección","Deteriorada","S/D","Diurna","S/D","Lateral","S/D","Colisión","S/D","S/D","Ninguna","S/D"
2014,2976,06/04/2014,"Domingo",0,23:55:00,,"0.0",2,"Automóvil,Moto/Ciclomotor","La Paz Y J.M.de Rosas",2,1,0,0,1,0,0,,"Calle",,"ROSARIO","Rosario","Asfalto","S/D","II","Dentro","Urbana","S/D","S/D","Intersección","S/D","S/D","Nocturna","S/D","S/D","S/D","S/D","S/D","S/D","S/D","S/D"
2014,2977,25/04/2014,"Viernes",0,09:10:00,,"0.0",2,"Automóvil,Camión","Bv Pellegrini Y Av Lopez y Planes",2,1,0,0,1,0,0,,"Avenida",,"SANTA FE","La Capital","S/D","S/D","I","S/D","Urbana","S/D","S/D","S/D","S/D","S/D","Diurna","S/D","S/D","S/D","S/D","S/D","S/D","S/D","S/D"
2014,2978,25/04/2014,"Viernes",0,11:50:00,,"0.0",2,"Automóvil,Moto/Ciclomotor","Av Pte Peron Y Pedro Centeno",2,1,0,0,1,0,0,,"Avenida",,"SANTA FE","La Capital","Asfalto","Pavimento","I","Dentro","Urbana","Ninguna","No existe","Recta","Bueno","Buena","Diurna","Buen Tiempo","Lateral","S/D","Colisión","S/D","S/D","Cordón divisorio","Sin restricción"
2014,2979,07/04/2014,"Lunes",0,11:45:00,,"0.0",3,"Moto/Ciclomotor,Automóvil,Pickup/Utilitario","Avda 25 de Mayo Y Pte peron",4,2,0,0,2,0,0,,"Avenida",,"GÁLVEZ","San Jerónimo","Asfalto","S/D","XV","S/D","Urbana","Ninguna","S/D","Intersección","Bueno","Buena","Diurna","Buen Tiempo","Lateral","S/D","Colisión","S/D","S/D","Ninguna","Sin restricción"
2014,2980,28/04/2014,"Lunes",0,07:30:00,,"0.0",2,"Automóvil,Moto/Ciclomotor","Almonacid Y La Esmeralda",3,2,0,0,1,0,0,,"Calle",,"SANTA FE","La Capital","Tierra","No existe","I","Dentro","Urbana","Ninguna","No existe","Intersección","Bueno","Buena","Diurna","Buen Tiempo","Frontal","S/D","Colisión","Ninguna","Faltante","Ninguna","Sin restricción"
2014,2981,15/04/2014,"Martes",0,,"Ruta Nacional 11","0.0",2,"Moto/Ciclomotor,Automóvil","Av L de la Torre-Ruta Nac 11 ",2,1,0,0,1,0,0,,"Ruta",11,"CORONDA","San Jerónimo","Asfalto","Natural","XV","S/D","Urbana","Ninguna","No existe","Recta","Bueno","Buena","Con luz artificial","Buen Tiempo","Lateral","S/D","Colisión","S/D","Faltante","Línea divisoria pintada","Sin restricción"
2014,2982,24/04/2014,"Jueves",0,20:10:00,,"0.0",2,"Moto/Ciclomotor,Automóvil","Santiago del Estero Y Av Freyre",2,1,0,0,1,0,0,,"Avenida",,"SANTA FE","La Capital","S/D","S/D","I","S/D","Urbana","S/D","S/D","S/D","S/D","S/D","S/D","S/D","S/D","S/D","S/D","S/D","S/D","S/D","S/D"
2014,2983,15/04/2014,"Martes",0,16:40:00,,"0.0",2,"Moto/Ciclomotor,Automóvil","Estanislao Zeballos 3000",3,2,0,0,1,0,0,,"Calle",,"SANTA FE","La Capital","Hormigón","No existe","I","Dentro","Urbana","Ninguna","No existe","Recta","Con baches","Buena","Diurna","Buen Tiempo","Otro","S/D","Colisión","Otro","Faltante","Cordón divisorio","Sin restricción"
2014,2984,04/04/2014,"Viernes",0,22:05:00,,"0.0",2,"Automóvil,Moto/Ciclomotor","Necochea 1800",4,3,0,0,1,0,0,,"Calle",,"ROSARIO","Rosario","S/D","S/D","II","Dentro","Urbana","S/D","S/D","S/D","S/D","S/D","Nocturna","S/D","S/D","S/D","S/D","S/D","S/D","S/D","S/D"
2014,2985,20/04/2014,"Domingo",0,15:05:00,,"0.0",1,"Moto/Ciclomotor","Domingo Faustino Sarmiento Y Juan de Garay",2,2,0,0,0,0,0,,"Calle",,"VILLA MINETTI","9 de Julio","Asfalto,Ripio","No existe","XII","Dentro","Urbana","Ninguna","No existe","Intersección","Bueno","Buena","S/D","Buen Tiempo","S/D","S/D","Colisión","Material Suelto","Horizontal","Ninguna","Sin restricción"
2014,2986,19/04/2014,"Sabado",0,09:40:00,,"0.0",2,"Moto/Ciclomotor,Automóvil","San Jeronimo Y Pedro Centeno",2,1,0,0,1,0,0,,"Calle",,"SANTA FE","La Capital","Asfalto","No existe","I","Dentro","Urbana","Ninguna","No existe","Intersección","Bueno","Buena","Diurna","Buen Tiempo","Lateral","S/D","Colisión","Otro","Faltante","Cordón divisorio","Sin restricción"
2014,2987,14/04/2014,"Lunes",0,19:30:00,,"0.0",2,"Moto/Ciclomotor,Moto/Ciclomotor","Av Peñaloza Y Boneo",2,0,0,0,0,0,2,,"Avenida",,"SANTA FE","La Capital","S/D","S/D","I","S/D","S/D","S/D","S/D","Intersección","S/D","S/D","Diurna","S/D","S/D","S/D","Colisión","S/D","S/D","S/D","S/D"
2014,2988,18/03/2014,"Martes",0,17:00:00,,"0.0",2,"Moto/Ciclomotor,Automóvil","Bme Mitre Y Rivadavia",3,1,0,0,2,0,0,,"Calle",,"GÁLVEZ","San Jerónimo","Asfalto","S/D","XV","Dentro","Urbana","Ninguna","No existe","Intersección","Bueno","Buena","Diurna","Buen Tiempo","Lateral","S/D","Colisión","S/D","S/D","Ninguna","Sin restricción"
2014,2989,30/04/2014,"Miercoles",0,13:00:00,,"0.0",2,"Automóvil,Automóvil","San Lorenzo Y Crespo",2,2,0,0,0,0,0,,"Calle",,"ROSARIO","Rosario","Asfalto","No existe","II","Dentro","Urbana","Señal Pare","No existe","Recta","Bueno","Buena","Diurna","Buen Tiempo","Lateral","S/D","Colisión","S/D","Vertical","Ninguna","S/D"
2014,2990,19/04/2014,"Sabado",0,13:30:00,,"0.0",2,"Moto/Ciclomotor,Automóvil","Av Facundo Zuviria Y Risso",2,1,0,0,1,0,0,,"Avenida",,"SANTA FE","La Capital","Hormigón","No existe","I","Dentro","Urbana","Ninguna","No existe","Intersección","Bueno","Buena","Diurna","Buen Tiempo","Lateral","S/D","Colisión","Otro","Faltante","Cordón divisorio","Sin restricción"
2014,2991,27/04/2014,"Domingo",0,08:15:00,"Ruta Provincial 39","0.0",1,"Moto/Ciclomotor","Ruta n°39 ",1,0,1,0,0,0,0,,"Ruta",39,"SAN JAVIER","San Javier","Tierra","No existe","XIV","S/D","Urbana","Ninguna","No existe","Recta","Otro","Buena","Diurna","Buen Tiempo","Otro","S/D","Caída ocupante","Ninguna","Faltante","Ninguna","Sin restricción"
2014,2992,12/04/2014,"Sabado",0,10:50:00,,"0.0",2,"Moto/Ciclomotor,Pickup/Utilitario","Alberdi Y Castellanos",2,1,0,0,1,0,0,,"Avenida",,"SANTA FE","La Capital","Hormigón","No existe","I","S/D","Urbana","S/D","S/D","Intersección","S/D","S/D","Diurna","S/D","Lateral","S/D","Colisión","S/D","S/D","Ninguna","S/D"
2014,2993,21/04/2014,"Lunes",0,11:50:00,,"0.0",2,"Automóvil,Otros","Av A del Valle Y Salvador del Carril",3,1,0,0,2,0,0,,"Avenida",,"SANTA FE","La Capital","Hormigón","No existe","I","Dentro","Urbana","Semáforo","No existe","Intersección","Bueno","Buena","Diurna","Buen Tiempo","Lateral","S/D","Colisión","Otro","Vertical","Cordón divisorio","Sin restricción"
2014,2994,05/04/2014,"Sabado",0,20:00:00,,"0.0",1,"Pickup/Utilitario"," ",3,1,0,0,2,0,0,,"S/D",,"VILLA MINETTI","9 de Julio","Asfalto","Natural","XII","Dentro","S/D","Ninguna","No existe","Recta","Bueno","Reducida","Nocturna","Buen Tiempo","Atropello animal","S/D","Colisión","S/D","Faltante","Ninguna","Sin restricción"
2014,2995,24/04/2014,"Jueves",0,11:10:00,,"0.0",2,"Bicicleta,Automóvil","Sarmiento Y Belgrano",2,1,0,0,1,0,0,,"Calle",,"GÁLVEZ","San Jerónimo","Hormigón","S/D","XV","Dentro","Urbana","Ninguna","No existe","Recta","Bueno","Buena","Diurna","Buen Tiempo","S/D","S/D","Atropello","S/D","Vertical","Ninguna","Sin restricción"
2014,2996,27/04/2014,"Domingo",0,04:35:00,"Ruta Provincial 39","0.0",1,"Automóvil","Ruta n°39 ",5,5,0,0,0,0,0,,"Ruta",39,"SAN JAVIER","San Javier","Asfalto","Natural","XIV","S/D","Rural","Ninguna","No existe","Recta","Bueno","Buena","Nocturna","Buen Tiempo","S/D","S/D","Despiste","Ninguna","Faltante","Línea divisoria pintada","Sin restricción"
2014,2997,09/04/2014,"Miercoles",0,16:30:00,,"0.0",2,"Moto/Ciclomotor,Automóvil","Av A del Valle Y Iturraspe",3,1,0,0,2,0,0,,"Avenida",,"SANTA FE","La Capital","Hormigón","No existe","I","Dentro","Urbana","Semáforo","Funciona","Intersección","Bueno","Buena","Diurna","Buen Tiempo","Lateral","S/D","Colisión","S/D","Vertical","Cordón divisorio","Sin restricción"
2014,2998,11/04/2014,"Viernes",0,19:45:00,,"0.0",2,"Automóvil,Moto/Ciclomotor","Jujuy Y pbro d Balbiano",2,0,1,0,1,0,0,,"Calle",,"GÁLVEZ","San Jerónimo","Asfalto","S/D","XV","Dentro","Urbana","Ninguna","No existe","Intersección","Bueno","Buena","Atardecer","Buen Tiempo","Lateral","S/D","Colisión","S/D","S/D","Ninguna","Sin restricción"
2014,2999,07/04/2014,"Lunes",0,14:00:00,,"0.0",2,"Automóvil,Automóvil","Av Blas Parera Y Estado de Israel",4,1,0,0,3,0,0,,"Avenida",,"SANTA FE","La Capital","Asfalto","No existe","I","Dentro","Urbana","Ninguna","Funciona","Intersección","Bueno","Buena","Diurna","Buen Tiempo","Lateral","S/D","Colisión","S/D","Horizontal","Barrera de hormigón","Sin restricción"
2014,3000,14/04/2014,"Lunes",0,10:45:00,,"0.0",2,"Automóvil,Moto/Ciclomotor","Uruguay Y 24 de Setiembre",2,1,0,0,1,0,0,,"Calle",,"GÁLVEZ","San Jerónimo","Asfalto","S/D","XV","S/D","Urbana","Ninguna","No existe","Intersección","Bueno","Buena","Diurna","Buen Tiempo","Lateral","S/D","Colisión","S/D","S/D","S/D","Sin restricción"
2014,3001,20/04/2014,"Domingo",0,00:30:00,,"0.0",2,"Moto/Ciclomotor,Moto/Ciclomotor","Sgto Cabral Y Buenos Aires",3,2,0,0,1,0,0,,"Calle",,"LAGUNA PAIVA","La Capital","Ripio","No existe","I","Dentro","Urbana","Ninguna","No existe","Intersección","Con baches,Ahuellamiento","Reducida","Nocturna","Buen Tiempo","Lateral","S/D","Colisión","Material Suelto","Faltante","Ninguna","Sin restricción"
2014,3002,05/04/2014,"Sabado",0,18:45:00,,"0.0",2,"Peatón,Moto/Ciclomotor","Bv 25 de Mayo 559",2,2,0,0,0,0,0,,"Avenida",,"SAN CRISTÓBAL","San Cristóbal","Asfalto","Natural","XIII","Dentro","Urbana","Ninguna","No existe","Recta","Bueno","Buena","Diurna","Buen Tiempo","S/D","S/D","Atropello","S/D","Faltante","Vegetación","Sin restricción"
2014,3003,01/04/2014,"Martes",0,22:10:00,,"0.0",2,"Moto/Ciclomotor,Moto/Ciclomotor","Zeballos ",2,1,0,0,0,0,1,,"Calle",,"SAN LORENZO","San Lorenzo","S/D","S/D","XVII","Dentro","Urbana","S/D","S/D","S/D","S/D","S/D","S/D","S/D","S/D","S/D","Colisión","S/D","S/D","S/D","S/D"
2014,3004,26/04/2014,"Sabado",0,23:30:00,"Autopista Provincial Brigadier E.López","57.8",1,"Pickup/Utilitario","AUTOPISTA PROVINCIAL BRIGADIER E. LOPEZ ",2,1,1,0,0,0,0,,"Autopista","Brigadier E.López","MACIEL","San Jerónimo","Asfalto","Natural","XV","Dentro","Rural","Ninguna","No existe","Recta","Bueno","Reducida","Nocturna","Buen Tiempo","S/D","S/D","Vuelco","Ninguna","S/D","Ninguna","Sin restricción"
2014,3005,15/04/2014,"Martes",0,20:40:00,,"0.0",2,"Moto/Ciclomotor,Automóvil","San Lorenzo Y Angel Cassanello",2,0,0,0,0,0,2,,"Calle",,"SANTA FE","La Capital","S/D","S/D","I","S/D","S/D","S/D","S/D","S/D","S/D","S/D","Nocturna","S/D","S/D","S/D","Colisión","S/D","S/D","S/D","S/D"
2014,3006,16/04/2014,"Miercoles",0,14:00:00,"Ruta Nacional 11","0.0",2,"Moto/Ciclomotor,Automóvil","Av Circunvalación ",2,1,0,0,1,0,0,,"Ruta",11,"SANTA FE","La Capital","Asfalto","Natural","I","S/D","Urbana","Ninguna","No existe","Intersección","Bueno","Buena","Diurna","Buen Tiempo","Lateral","S/D","Colisión","Ninguna","Horizontal,Vertical","Cordón divisorio,Línea divisoria pintada","Sin restricción"
2014,3007,26/04/2014,"Sabado",0,19:35:00,"Ruta Provincial 65","43.0",2,"Moto/Ciclomotor,Pickup/Utilitario","Ruta Prov 65 ",2,0,1,0,1,0,0,,"Ruta",65,"SAN GENARO","San Jerónimo","Asfalto","Pavimento","XV","Dentro","Rural","Ninguna","No existe","Recta","Bueno","Reducida","Nocturna","Buen Tiempo","Lateral","S/D","Colisión","Ninguna","Horizontal","Línea divisoria pintada","Sin restricción"
2014,3008,22/04/2014,"Martes",0,12:20:00,,"0.0",2,"Automóvil,Automóvil"," ",4,4,0,0,0,0,0,,"Avenida",,"ROSARIO","Rosario","Asfalto","No existe","II","Dentro","Urbana","Ninguna","No existe","Intersección","Bueno","Buena","Diurna","Buen Tiempo","Lateral","S/D","Colisión","Ninguna","Faltante","Ninguna","Sin restricción"
2014,3009,04/04/2014,"Viernes",0,17:10:00,,"0.0",2,"Moto/Ciclomotor,Tracción animal / Carro","Av Peñaloza Y Risso",2,1,0,0,0,0,1,,"Avenida",,"SANTA FE","La Capital","Asfalto","S/D","I","Dentro","Urbana","Ninguna","No existe","Intersección","Bueno","Buena","Diurna","Buen Tiempo","Otro","S/D","Colisión","S/D","Horizontal","Cordón divisorio","Sin restricción"
2014,3010,07/04/2014,"Lunes",0,09:00:00,,"0.0",1,"Automóvil","NESTOR KIRCHNER ",2,1,0,0,1,0,0,,"Calle",,"LAGUNA PAIVA","La Capital","Asfalto","No existe","I","S/D","Urbana","Ninguna","No existe","Curva","Con baches,Ahuellamiento","Reducida","Diurna","Viento Fuerte","Contra objeto fijo","S/D","Colisión","Agua","Faltante","Ninguna","Sin restricción"
2014,3011,14/04/2014,"Lunes",0,16:00:00,,"0.0",2,"Moto/Ciclomotor,Pickup/Utilitario"," ",2,1,0,0,1,0,0,,"Calle",,"SAN GENARO","San Jerónimo","Tierra","No existe","XV","S/D","Rural","Ninguna","No existe","Intersección","S/D","Buena","Diurna","Buen Tiempo","Lateral","S/D","Colisión","Ninguna","S/D","Ninguna","Sin restricción"
2014,3012,16/04/2014,"Miercoles",0,19:50:00,,"0.0",2,"Automóvil,Automóvil","Gdor Candioti ",3,2,0,0,1,0,0,,"Calle",,"SANTA FE","La Capital","Hormigón","No existe","I","S/D","Urbana","S/D","S/D","Intersección","S/D","S/D","Atardecer","S/D","Lateral","S/D","Colisión","S/D","S/D","Ninguna","S/D"
2014,3013,27/04/2014,"Domingo",0,03:00:00,"Ruta Nacional 11","0.0",2,"Moto/Ciclomotor,Moto/Ciclomotor","MITRE ",3,2,0,0,1,0,0,,"Ruta",11,"RECREO","La Capital","Asfalto","Ripio","I","S/D","Urbana","Semáforo","Intermitente","Intersección","Bueno","Buena","Nocturna,Con luz artificial","Buen Tiempo","Lateral","S/D","Colisión","Ninguna","Horizontal,Vertical","Línea divisoria pintada","Sin restricción"
2014,3014,20/04/2014,"Domingo",0,19:15:00,,"0.0",2,"Automóvil,Automóvil","Av San Lorenzo Y Las Heras",2,2,0,0,0,0,0,,"Avenida",,"CAPITÁN BERMÚDEZ","San Lorenzo","Asfalto","Pavimento","XVII","Dentro","Urbana","Otra Señal","No existe","Intersección","Bueno","Buena","Atardecer","Buen Tiempo","Lateral","S/D","Colisión","Ninguna","Horizontal","Línea divisoria pintada","Sin restricción"