"anio_acci","nro_acci","fecha","desc_dia","fecha_aprox","hora_aprox","desc_ruta","km","cant_participantes","desc_participante","calle_avenida_km","total","heridos_leves","heridos_graves","heridos_gravisimos","ilesos","fallecidos","sin_datos","posicion_XY","desc_tipo_via","desc_ruta_ori","desc_loc","desc_dpto","desc_tipo_calzada","desc_tipo_banquina","desc_unidad_regional","desc_lugar_calzada","desc_zona","desc_prioridad","desc_estado_semaforo","desc_lugar_via","desc_estado_via","desc_estado_visibilidad","desc_luminosidad","desc_estado_clima","desc_tipo_colision","desc_tipo_atropello","desc_tipo_hecho","desc_pres_calzada","desc_senializacion","desc_separacion_via","desc_restriccion"
2014,3015,12/04/2014,"Sabado",0,18:30:00,"Ruta Nacional 11","0.0",2,"Moto/Ciclomotor,Automóvil","Bv Domingo F Sarmiento Y Entre Rios",3,2,0,0,1,0,0,,"Ruta",11,"MACIEL","San Jerónimo","Asfalto","No existe","XV","Dentro","Urbana","Ninguna","No existe","Intersección","Bueno","Buena","Diurna","Buen Tiempo","Lateral","S/D","Colisión","Ninguna","Faltante","Cordón divisorio","Sin restricción"
2014,3016,21/04/2014,"Lunes",0,08:15:00,,"0.0",2,"Pickup/Utilitario,Bicicleta","Centeno Y Av. Corrientes",4,1,0,0,0,0,3,,"Calle",,"ROSARIO","Rosario","Asfalto","No existe","II","Dentro","Urbana","Ninguna","No existe","Intersección","Bueno","Buena","Diurna","Buen Tiempo","S/D","S/D","Atropello","Ninguna","Faltante","Ninguna","Sin restricción"
2014,3017,07/04/2014,"Lunes",0,07:40:00,,"0.0",2,"Bicicleta,Moto/Ciclomotor"," ",2,1,0,0,0,0,1,"-31.640555555556,-60.702472222222","S/D",,"SANTA FE","La Capital","S/D","S/D","I","S/D","Urbana","S/D","S/D","S/D","S/D","S/D","Diurna","S/D","S/D","S/D","Atropello","S/D","S/D","S/D","S/D"
2014,3018,23/04/2014,"Miercoles",0,14:30:00,,"0.0",2,"Moto/Ciclomotor,Automóvil","Bv Galvez Y San Luis",2,1,0,0,1,0,0,,"Avenida",,"SANTA FE","La Capital","Asfalto","No existe","I","S/D","Urbana","S/D","Funciona","Intersección","Bueno","S/D","Diurna","S/D","Otro","S/D","Colisión","S/D","S/D","Vegetación","S/D"
2014,3019,11/04/2014,"Viernes",0,07:20:00,"Ruta Nacional 11","0.0",2,"Moto/Ciclomotor,Automóvil","Av San Lorenzo Y Rosario",2,1,0,0,1,0,0,,"Ruta",11,"CAPITÁN BERMÚDEZ","San Lorenzo","Asfalto","Pavimento","XVII","Dentro","Urbana","Ninguna","No existe","Intersección","Bueno","Buena","Diurna","Buen Tiempo","Frontal","S/D","Colisión","Ninguna","Horizontal","Línea divisoria pintada","Sin restricción"
2014,3020,24/04/2014,"Jueves",0,15:00:00,,"0.0",2,"Automóvil,Moto/Ciclomotor","Castellanos Y Belgrano",2,0,1,0,1,0,0,,"Calle",,"SANTA FE","La Capital","Asfalto","No existe","I","S/D","Urbana","S/D","No existe","Intersección","Deteriorada","S/D","Diurna","S/D","Lateral","S/D","Colisión","S/D","S/D","Ninguna","S/D"
2014,3021,06/04/2014,"Domingo",0,02:45:00,,"0.0",2,"Moto/Ciclomotor,Automóvil","Belgrano Y Clemente Zavaleta",4,0,2,0,2,0,0,,"Calle",,"SUARDI","San Cristóbal","Hormigón","No existe","XIII","Dentro","Urbana","Ninguna","No existe","Intersección","Bueno","Reducida","Nocturna,Con luz artificial","Buen Tiempo","Frontal","S/D","Colisión","S/D","Horizontal","Ninguna","Sin restricción"
2014,3022,09/04/2014,"Miercoles",0,08:00:00,,"0.0",2,"Taxi/Remis,Pickup/Utilitario","Jujuy Y Mariano Moreno",2,1,0,0,1,0,0,,"Calle",,"ROSARIO","Rosario","Asfalto","No existe","II","Dentro","Urbana","Ninguna","No existe","Intersección","Bueno","Buena","Diurna","Buen Tiempo","De alcance","S/D","Colisión","S/D","Faltante","Ninguna","Sin restricción"
2014,3023,21/04/2014,"Lunes",0,18:45:00,,"0.0",2,"Pickup/Utilitario,Peatón","Av Gral Lopez Y H Irigoyen",2,0,1,0,1,0,0,,"Avenida",,"SAN JAVIER","San Javier","Asfalto","No existe","I","Dentro","Urbana","Ninguna","No existe","Intersección","Bueno","Buena","Atardecer","Buen Tiempo","S/D","S/D","Atropello","Ninguna","Vertical","Ninguna","Sin restricción"
2014,3024,07/04/2014,"Lunes",0,13:40:00,,"0.0",2,"Moto/Ciclomotor,Automóvil","Vieytes Y Castañaduy",2,1,0,0,0,0,1,,"Calle",,"SANTA FE","La Capital","Asfalto","Natural","I","S/D","Urbana","Ninguna","No existe","Intersección","Bueno","Buena","Diurna","Buen Tiempo","S/D","S/D","Colisión","S/D","Faltante","Ninguna","Sin restricción"
2014,3026,10/04/2014,"Jueves",0,20:50:00,,"0.0",2,"Automóvil,Moto/Ciclomotor","San Lorenzo Y 3 de Febrero",3,1,0,0,2,0,0,,"Calle",,"SANTA FE","La Capital","Asfalto","No existe","I","Dentro","Urbana","Ninguna","No existe","Intersección","Bueno","Buena","Nocturna","Buen Tiempo","Lateral","S/D","Colisión","Ninguna","S/D","Ninguna","Sin restricción"
2014,3027,13/04/2014,"Domingo",0,20:40:00,,"0.0",2,"Peatón,Moto/Ciclomotor","SD ",2,0,1,0,0,0,1,"-31.62925,-60.700833333333","Calle",,"SANTA FE","La Capital","S/D","S/D","I","S/D","Urbana","S/D","S/D","S/D","S/D","S/D","Nocturna","S/D","S/D","S/D","Atropello","S/D","S/D","S/D","S/D"
2014,3028,16/04/2014,"Miercoles",0,21:55:00,,"0.0",2,"Moto/Ciclomotor,Bicicleta","Bv Poeta J Migno Y Rivadavia",2,2,0,0,0,0,0,,"Avenida",,"SAN JAVIER","San Javier","Hormigón","S/D","XIV","S/D","Urbana","Ninguna","No existe","Intersección","Bueno","Buena","Nocturna","Buen Tiempo","S/D","S/D","Atropello","Ninguna","S/D","Ninguna","Sin restricción"
2014,3029,14/04/2014,"Lunes",0,19:30:00,,"0.0",1,"Automóvil","Saavedra Y Av Gral Lopez",2,1,0,0,1,0,0,,"Avenida",,"SANTA FE","La Capital","Asfalto","No existe","I","Dentro","Urbana","Ninguna","No existe","Intersección","Bueno","Buena","Atardecer","Buen Tiempo","S/D","S/D","Colisión","Ninguna","Faltante","Ninguna","Sin restricción"
2014,3030,08/04/2014,"Martes",0,19:30:00,,"0.0",2,"Automóvil,Moto/Ciclomotor","Cervantes Y Centenario",3,2,0,0,1,0,0,,"Calle",,"CAPITÁN BERMÚDEZ","San Lorenzo","Asfalto","No existe","XVII","Dentro","Urbana","Ninguna","No existe","Intersección","Bueno","Buena","Atardecer","Buen Tiempo","Lateral","S/D","Colisión","Ninguna","Faltante","Ninguna","Sin restricción"
2014,3031,15/04/2014,"Martes",0,,,"0.0",1,"Moto/Ciclomotor","San Lorenzo 4900",1,0,0,0,0,0,1,,"Calle",,"SANTA FE","La Capital","S/D","S/D","I","S/D","S/D","S/D","S/D","S/D","S/D","S/D","S/D","S/D","S/D","S/D","S/D","S/D","S/D","S/D","S/D"
2014,3032,09/04/2014,"Miercoles",0,14:00:00,,"0.0",1,"Automóvil","Zavalia Y J J Paso",2,1,0,0,1,0,0,,"Calle",,"SANTA FE","La Capital","Asfalto","No existe","I","Dentro","Urbana","Ninguna","No existe","Intersección","Bueno","Buena","Diurna","Buen Tiempo","Lateral","S/D","Colisión","Ninguna","S/D","Ninguna","Sin restricción"
2014,3033,16/04/2014,"Miercoles",0,12:50:00,,"0.0",2,"Moto/Ciclomotor,Bicicleta","Av Peñaloza Y Pedro de Vega",2,0,0,0,0,0,2,"-31.607194444444,-60.713222222222","Avenida",,"SANTA FE","La Capital","S/D","S/D","I","S/D","S/D","S/D","S/D","S/D","S/D","S/D","Diurna","S/D","S/D","S/D","Atropello","S/D","S/D","S/D","S/D"
2014,3034,06/04/2014,"Domingo",0,07:45:00,,"0.0",1,"Automóvil"," ",2,2,0,0,0,0,0,,"Calle",,"SUARDI","San Cristóbal","Hormigón","No existe","XIII","Dentro","Urbana","Ninguna","No existe","Recta","Bueno","Buena","Amanecer,Con luz artificial","Otro","Contra objeto fijo","S/D","Colisión","S/D","S/D","Ninguna","Sin restricción"
2014,3035,23/04/2014,"Miercoles",0,07:25:00,,"0.0",2,"Moto/Ciclomotor,Automóvil","Cordoba Y Av San Martin",3,2,0,0,1,0,0,,"Avenida",,"PUERTO SAN MARTÍN","San Lorenzo","Asfalto","No existe","XVII","Dentro","Urbana","Ninguna","No existe","Intersección","Bueno","Buena","Diurna","Buen Tiempo","De alcance","S/D","Colisión","Ninguna","Horizontal","Ninguna","Sin restricción"
2014,3036,12/04/2014,"Sabado",0,13:30:00,,"0.0",2,"Automóvil,Moto/Ciclomotor"," ",3,2,0,0,1,0,0,,"S/D",,"SAN JAVIER","San Javier","Asfalto","Pavimento","XIV","S/D","Urbana","Ninguna","No existe","Recta","Bueno","Buena","Diurna","Buen Tiempo","Múltiple","S/D","Colisión","Ninguna","S/D","Línea divisoria pintada","Accidente Previo"
2014,3037,12/04/2014,"Sabado",0,20:45:00,"Ruta Nacional 11","0.0",1,"Moto/Ciclomotor","Av San Lorenzo Y Misiones",1,1,0,0,0,0,0,,"Ruta",11,"CAPITÁN BERMÚDEZ","San Lorenzo","Asfalto","Pavimento","XVII","Dentro","Urbana","Ninguna","No existe","Recta","Bueno","Buena","Atardecer","Buen Tiempo","Contra objeto fijo","S/D","Colisión","Ninguna","Horizontal","Línea divisoria pintada","Sin restricción"
2014,3038,18/04/2014,"Viernes",0,12:30:00,,"0.0",2,"Moto/Ciclomotor,Automóvil","San Lorenzo Y Regis Martinez",2,0,0,0,0,0,2,,"Calle",,"SANTA FE","La Capital","S/D","S/D","I","S/D","S/D","S/D","S/D","Intersección","S/D","S/D","Diurna","S/D","S/D","S/D","Colisión","S/D","S/D","S/D","S/D"
2014,3039,08/04/2014,"Martes",0,12:00:00,,"0.0",2,"Moto/Ciclomotor,Moto/Ciclomotor","Pringles Y Caseros",2,2,0,0,0,0,0,,"Calle",,"SAN CRISTÓBAL","San Cristóbal","Asfalto","Pavimento","XIII","Dentro","Urbana","Ninguna","No existe","Intersección","S/D","Buena","Diurna","Buen Tiempo","Lateral","S/D","Colisión","S/D","S/D","Ninguna","Sin restricción"
2014,3040,14/04/2014,"Lunes",0,22:10:00,"Ruta Nacional 11","0.0",2,"Bicicleta,Moto/Ciclomotor","Av San Lorenzo Y Simon Bolivar",2,1,0,0,1,0,0,,"Ruta",11,"CAPITÁN BERMÚDEZ","San Lorenzo","Asfalto","Ripio","XVII","Dentro","Urbana","Ninguna","No existe","Recta","Bueno","Buena","Atardecer","Buen Tiempo","S/D","S/D","Atropello","Ninguna","Horizontal","Línea divisoria pintada","Sin restricción"
2014,3041,23/04/2014,"Miercoles",0,07:30:00,,"0.0",2,"Moto/Ciclomotor,Moto/Ciclomotor","Belgrano Y Domingo Silva",2,1,0,0,1,0,0,,"Calle",,"SANTA FE","La Capital","Asfalto","No existe","I","S/D","Urbana","S/D","No existe","Intersección","Deteriorada","S/D","Diurna","S/D","Lateral","S/D","Colisión","S/D","S/D","Ninguna","S/D"
2014,3042,21/04/2014,"Lunes",0,11:00:00,,"0.0",2,"Moto/Ciclomotor,Automóvil","Cordoba Y 25 de Mayo",4,1,0,0,3,0,0,,"Calle",,"PUERTO SAN MARTÍN","San Lorenzo","Asfalto","No existe","XVII","Dentro","Urbana","Ninguna","No existe","Intersección","Bueno","Buena","Diurna","Buen Tiempo","De alcance","S/D","Colisión","Ninguna","Horizontal","Ninguna","Sin restricción"
2014,3043,12/04/2014,"Sabado",0,22:40:00,,"0.0",2,"Moto/Ciclomotor,Otros","Estanislao Zeballos Y Ignacio Crespo",3,2,0,0,0,0,1,,"Calle",,"SANTA FE","La Capital","Ripio","No existe","I","Dentro","Urbana","Ninguna","No existe","Intersección","Bueno","Buena","Nocturna","Buen Tiempo","Lateral","S/D","Colisión","S/D","Faltante","S/D","Sin restricción"
2014,3044,09/04/2014,"Miercoles",0,18:30:00,"Ruta Provincial 2","0.0",1,"Moto/Ciclomotor"," ",1,1,0,0,0,0,0,,"Ruta",2,"SAN CRISTÓBAL","San Cristóbal","Asfalto","Pavimento","XIII","Dentro","Urbana","Ninguna","No existe","Intersección","Bueno","Buena","Atardecer","Buen Tiempo","S/D","S/D","Caída ocupante","S/D","S/D","Ninguna","Sin restricción"
2014,3045,09/04/2014,"Miercoles",0,09:00:00,,"0.0",2,"Moto/Ciclomotor,Pickup/Utilitario","Dorrego Y San Lorenzo",2,0,1,0,1,0,0,,"Calle",,"ROSARIO","Rosario","Asfalto","No existe","II","Dentro","Urbana","Ninguna","No existe","Intersección","Bueno","Buena","Diurna","Buen Tiempo","Lateral","S/D","Colisión","S/D","Faltante","Ninguna","Sin restricción"
2014,3046,04/04/2014,"Viernes",0,11:45:00,,"0.0",1,"Transporte de Pasajeros Larga Distancia (> 8 asientos)","Guemes Y Balcarce",2,1,0,0,1,0,0,,"Calle",,"SANTA FE","La Capital","Asfalto","No existe","I","S/D","Urbana","S/D","No existe","Intersección","S/D","S/D","Diurna","S/D","Múltiple","S/D","Colisión","S/D","S/D","Ninguna","S/D"
2014,3047,26/04/2014,"Sabado",0,08:30:00,,"0.0",2,"Peatón,Automóvil","San Jose Y Monseñor Zaspe",2,1,0,0,1,0,0,"-31.653333333333,-60.72525","Calle",,"SANTA FE","La Capital","Asfalto","No existe","I","Dentro","Urbana","Ninguna","No existe","Intersección","Bueno","Buena","Atardecer","Buen Tiempo","S/D","S/D","Atropello","Ninguna","Faltante","Ninguna","Sin restricción"
2014,3048,07/04/2014,"Lunes",0,14:00:00,"Ruta Nacional 11","0.0",2,"Automóvil,Automóvil","Av San Lorenzo Y Porvenir",3,1,0,0,2,0,0,,"Ruta",11,"CAPITÁN BERMÚDEZ","San Lorenzo","Asfalto","Pavimento","XVII","Dentro","Urbana","Ninguna","No existe","Intersección","Bueno","Buena","Diurna","Buen Tiempo","Lateral","S/D","Colisión","Ninguna","Horizontal","Línea divisoria pintada","Sin restricción"
2014,3049,16/04/2014,"Miercoles",0,15:20:00,"Ruta Nacional 11","0.0",2,"Automóvil,Moto/Ciclomotor","Cordoba Y Ruta Nac 11",2,1,0,0,1,0,0,,"Ruta",11,"PUERTO SAN MARTÍN","San Lorenzo","Asfalto","No existe","XVII","Dentro","Urbana","Ninguna","No existe","Intersección","Bueno","Buena","Diurna","Buen Tiempo","De alcance","S/D","Colisión","Ninguna","Horizontal","Ninguna","Sin restricción"
2014,3050,23/04/2014,"Miercoles",0,17:00:00,,"0.0",2,"Automóvil,Moto/Ciclomotor","Guemes Y Maipu",2,1,0,0,1,0,0,,"Calle",,"SANTA FE","La Capital","Asfalto","No existe","I","S/D","Urbana","S/D","No existe","Intersección","Bueno","S/D","Diurna","S/D","Lateral","S/D","Colisión","S/D","S/D","Ninguna","S/D"
2014,3051,10/04/2014,"Jueves",0,20:20:00,,"0.0",2,"Moto/Ciclomotor,Automóvil","Avenida Vicente Casares ",3,1,0,0,2,0,0,,"Avenida",,"CERES","San Cristóbal","Asfalto","Pavimento","XIII","Dentro","Urbana","Ninguna","No existe","Recta","Bueno","Buena","Nocturna","Buen Tiempo","Lateral","S/D","Colisión","S/D","Horizontal","Ninguna","Sin restricción"
2014,3052,01/04/2014,"Martes",0,07:40:00,,"0.0",2,"Automóvil,Moto/Ciclomotor","H Irigoyen 1642",2,1,0,0,1,0,0,,"Calle",,"SAN JAVIER","San Javier","Tierra","No existe","XIV","Dentro","Urbana","Ninguna","No existe","Recta","Deteriorada","Buena","Diurna","Buen Tiempo","Múltiple","S/D","Colisión","S/D","Faltante","Ninguna","Sin restricción"
2014,3053,04/04/2014,"Viernes",0,14:15:00,,"0.0",2,"Moto/Ciclomotor,Automóvil","Alvear Y Dr De la Colina",2,1,0,0,1,0,0,,"Calle",,"SAN JAVIER","San Javier","Hormigón","S/D","XIV","S/D","Urbana","Ninguna","No existe","Intersección","Bueno","Buena","Diurna","Buen Tiempo","Lateral","S/D","Colisión","Ninguna","S/D","Ninguna","Sin restricción"
2014,3054,09/04/2014,"Miercoles",0,12:50:00,,"0.0",2,"Automóvil,Automóvil","Bv. Oroño Y Urquiza",3,2,0,0,1,0,0,,"Avenida",,"ROSARIO","Rosario","Asfalto","No existe","II","Dentro","Urbana","S/D","No existe","Intersección","Bueno","Buena","Diurna","Buen Tiempo","Lateral","S/D","Colisión","S/D","Faltante","Ninguna","Sin restricción"
2014,3055,11/04/2014,"Viernes",0,19:00:00,,"0.0",2,"Moto/Ciclomotor,Automóvil","Garigliani Y Cordoba",4,2,1,0,1,0,0,,"Calle",,"SUARDI","San Cristóbal","Asfalto","No existe","XIII","Dentro","Urbana","Ninguna","No existe","Intersección","Bueno","Reducida","Atardecer,Con luz artificial","Buen Tiempo","Frontal","S/D","Colisión","S/D","Faltante","Ninguna","Sin restricción"
2014,3056,10/04/2014,"Jueves",0,17:20:00,"Ruta Nacional 11","0.0",2,"Automóvil,Moto/Ciclomotor","Cordoba Y Ruta Nac 11",2,1,0,0,1,0,0,,"Ruta",11,"PUERTO SAN MARTÍN","San Lorenzo","Asfalto","Natural","XVII","Dentro","Urbana","Ninguna","No existe","Intersección","Bueno","Buena","Diurna","Buen Tiempo","De alcance","S/D","Colisión","Ninguna","Horizontal","Ninguna","Sin restricción"
2014,3057,01/04/2014,"Martes",0,22:10:00,,"0.0",2,"Moto/Ciclomotor,Automóvil","Pje Brandsen 100",2,1,0,0,1,0,0,,"Calle",,"CAPITÁN BERMÚDEZ","San Lorenzo","Asfalto","No existe","XVII","Dentro","Urbana","Ninguna","No existe","Recta","Bueno","Buena","Nocturna,Con luz artificial","Buen Tiempo","Frontal","S/D","Colisión","Ninguna","Faltante","Ninguna","Sin restricción"
2014,3058,16/04/2014,"Miercoles",0,09:50:00,,"0.0",2,"Automóvil,Camión","CAMINO RURAL ",2,0,1,0,1,0,0,,"Camino Rural",,"MONTE OSCURIDAD","San Cristóbal","Tierra","No existe","XIII","Dentro","Rural","Ninguna","No existe","Intersección","Bueno","S/D","Diurna","Buen Tiempo","Frontal","S/D","Colisión","S/D","Faltante","Ninguna","Sin restricción"
2014,3059,09/04/2014,"Miercoles",0,14:20:00,,"0.0",2,"Moto/Ciclomotor,Transporte Escolar","Sarmiento Y Reconquista",17,1,1,0,15,0,0,,"Calle",,"PUERTO SAN MARTÍN","San Lorenzo","Asfalto","No existe","XVII","S/D","Urbana","Ninguna","No existe","Intersección","Bueno","Buena","Diurna","Buen Tiempo","De alcance","S/D","Colisión","Ninguna","Horizontal","Ninguna","Sin restricción"
2014,3060,11/04/2014,"Viernes",0,12:30:00,,"0.0",2,"Moto/Ciclomotor,Automóvil","L.N.Alem Y Dean Funes",3,2,0,0,1,0,0,,"Calle",,"ROSARIO","Rosario","Asfalto","No existe","II","Dentro","Urbana","Marca Vial","No existe","Intersección","Bueno","Buena","Diurna","Buen Tiempo","Lateral","S/D","Colisión","Ninguna","Vertical","Línea divisoria pintada","Sin restricción"
2014,3061,16/04/2014,"Miercoles",0,15:30:00,,"0.0",2,"Automóvil,Moto/Ciclomotor","Lamadrid Y J P Lopez",3,2,0,0,1,0,0,,"Calle",,"SANTA FE","La Capital","Asfalto","No existe","I","Dentro","Urbana","Ninguna","No existe","Intersección","Bueno","Buena","Diurna","Buen Tiempo","Lateral","S/D","Colisión","S/D","Faltante","Ninguna","Sin restricción"
2014,3062,14/04/2014,"Lunes",0,15:50:00,,"0.0",2,"Automóvil,Moto/Ciclomotor","Reconquista Y Piton",3,2,0,0,1,0,0,,"Calle",,"PUERTO SAN MARTÍN","San Lorenzo","Asfalto","No existe","XVII","Dentro","Urbana","Ninguna","No existe","Intersección","Bueno","Buena","Diurna","Buen Tiempo","De alcance","S/D","Colisión","Ninguna","Horizontal","Ninguna","Sin restricción"
2014,3063,21/04/2014,"Lunes",0,13:10:00,,"0.0",3,"Automóvil,Automóvil,Automóvil","Santiago Y Tucuman",5,3,0,0,2,0,0,,"Calle",,"CAPITÁN BERMÚDEZ","San Lorenzo","Asfalto","No existe","XVII","Dentro","Urbana","Ninguna","No existe","Intersección","Bueno","Buena","Diurna","Buen Tiempo","Múltiple","S/D","Colisión","Ninguna","Faltante","Ninguna","S/D"
2014,3064,19/04/2014,"Sabado",0,17:30:00,,"0.0",2,"Peatón,Automóvil","Gorostiaga Y Av Peñaloza",2,0,0,0,0,0,2,"-31.608111111111,-60.71325","Avenida",,"SANTA FE","La Capital","S/D","S/D","I","S/D","S/D","S/D","S/D","S/D","S/D","S/D","Diurna","S/D","S/D","S/D","Atropello","S/D","S/D","S/D","S/D"
2014,3065,14/04/2014,"Lunes",0,09:00:00,,"0.0",2,"Moto/Ciclomotor,Otros","primero de enero ",2,1,0,0,1,0,0,,"Calle",,"SAUCE VIEJO","La Capital","Asfalto","S/D","I","Dentro","Urbana","S/D","No existe","Recta","Bueno","Buena","Diurna","Buen Tiempo","Lateral","S/D","Colisión","S/D","Faltante","S/D","S/D"
2014,3066,17/04/2014,"Jueves",0,,"Ruta Provincial 4","0.0",2,"Moto/Ciclomotor,Pickup/Utilitario"," ",3,1,1,0,1,0,0,,"Ruta",4,"SAN CRISTÓBAL","San Cristóbal","Asfalto","Pavimento","XIII","S/D","S/D","S/D","No existe","Recta","Bueno","Buena","Diurna","Buen Tiempo","Lateral","S/D","Colisión","S/D","Faltante","Ninguna","Sin restricción"
2014,3067,19/04/2014,"Sabado",0,21:40:00,,"0.0",2,"Automóvil,Moto/Ciclomotor"," ",2,0,0,0,0,0,2,,"S/D",,"SANTA FE","La Capital","S/D","S/D","I","S/D","S/D","S/D","S/D","S/D","S/D","S/D","Nocturna","S/D","S/D","S/D","Colisión","S/D","S/D","S/D","S/D"
2014,3068,23/04/2014,"Miercoles",0,18:15:00,,"0.0",1,"Moto/Ciclomotor","SD ",1,1,0,0,0,0,0,,"Calle",,"SAN JORGE","San Martín","S/D","S/D","XVIII","Dentro","Urbana","S/D","S/D","Intersección","S/D","S/D","Diurna","Buen Tiempo","S/D","S/D","S/D","S/D","S/D","S/D","S/D"
2014,3069,16/04/2014,"Miercoles",0,08:10:00,"Ruta Nacional 168","472.0",2,"Pickup/Utilitario,Bicicleta"," ",3,1,0,0,2,0,0,"-31.640610, -60.665724","Ruta",168,"SANTA FE","La Capital","Asfalto","Natural","I","Dentro","Urbana","S/D","No existe","Curva","Bueno","Buena","Diurna","Buen Tiempo","S/D","S/D","Atropello","S/D","Horizontal","Barrera de hormigón","Sin restricción"
2014,3070,25/04/2014,"Viernes",0,,,"0.0",2,"Pickup/Utilitario,Automóvil"," ",2,1,0,0,1,0,0,,"S/D",,"SAUCE VIEJO","La Capital","Asfalto","S/D","I","Dentro","Urbana","Señal Ceda el Paso","No existe","Cruce","Bueno","Buena","Nocturna,Con luz artificial","Buen Tiempo","Lateral","S/D","Colisión","S/D","Vertical","Cordón divisorio,Línea divisoria pintada","Sin restricción"
2014,3071,23/04/2014,"Miercoles",0,09:30:00,,"0.0",2,"Moto/Ciclomotor,Pickup/Utilitario","Av J Ortiz Y Lavalle",2,1,0,0,1,0,0,,"Avenida",,"SAN JORGE","San Martín","Asfalto","No existe","XVIII","Dentro","Urbana","S/D","S/D","Intersección","Bueno","Buena","Diurna","Buen Tiempo","S/D","S/D","Colisión","S/D","Vertical","S/D","S/D"
2014,3072,21/04/2014,"Lunes",0,21:10:00,"Ruta Nacional 11","0.0",2,"Pickup/Utilitario,Moto/Ciclomotor","Av San Lorenzo Y Yapeyu",3,2,0,0,1,0,0,,"Ruta",11,"CAPITÁN BERMÚDEZ","San Lorenzo","Asfalto","Pavimento","XVII","Dentro","Urbana","Ninguna","No existe","Intersección","Bueno","Buena","Nocturna,Con luz artificial","Otro","Lateral","S/D","Colisión","Ninguna","Horizontal","Línea divisoria pintada","Sin restricción"
2014,3073,09/04/2014,"Miercoles",0,17:30:00,,"0.0",2,"Automóvil,Automóvil","Bv. Segui Y Maipu",3,2,0,0,1,0,0,,"Avenida",,"ROSARIO","Rosario","Asfalto","No existe","II","Dentro","Urbana","Marca Vial","No existe","Intersección","Bueno","Buena","Atardecer","Buen Tiempo","Lateral","S/D","Colisión","Ninguna","Vertical","Línea divisoria pintada","Sin restricción"
2014,3074,20/04/2014,"Domingo",0,21:30:00,,"0.0",1,"Moto/Ciclomotor","San Martin Y Calle s/n",2,1,1,0,0,0,0,,"Calle",,"VILLA TRINIDAD","San Cristóbal","Ripio,Arena","No existe","XIII","Fuera","Urbana","Ninguna","No existe","Intersección","Bueno","Buena","Nocturna","Buen Tiempo","S/D","S/D","Despiste","Material Suelto","Faltante","Ninguna","Sin restricción"
2014,3075,21/04/2014,"Lunes",0,17:00:00,,"0.0",2,"Automóvil,Moto/Ciclomotor","Rivadavia Y Catamarca",2,0,1,0,1,0,0,,"Calle",,"SAN JORGE","San Martín","Asfalto","S/D","XVIII","Dentro","Urbana","S/D","S/D","Intersección","Bueno","S/D","Diurna","Buen Tiempo","Lateral","S/D","Colisión","S/D","Horizontal","S/D","Sin restricción"
2014,3076,05/04/2014,"Sabado",0,22:00:00,"Ruta Nacional 9","330.0",2,"Automóvil,Automóvil","Ruta Nacional 9 ",2,1,0,0,1,0,0,,"Ruta",9,"ROLDÁN","San Lorenzo","Asfalto","Natural","XVII","S/D","Rural","Ninguna","No existe","Recta","Bueno","Reducida","Nocturna","Buen Tiempo","Lateral","S/D","Colisión","S/D","Faltante","Ninguna","Sin restricción"
2014,3077,26/04/2014,"Sabado",0,10:30:00,,"0.0",2,"Bicicleta,Automóvil","Gorriti Y J.B.Justo",2,1,0,0,1,0,0,,"Calle",,"ROSARIO","Rosario","Asfalto","Pavimento","II","Dentro","Urbana","Ninguna","No existe","Intersección","Bueno","Buena","Diurna","Buen Tiempo","S/D","S/D","Atropello","S/D","S/D","S/D","Sin restricción"
2014,3078,24/04/2014,"Jueves",0,23:00:00,"Ruta Nacional 11","0.0",2,"Automóvil,Moto/Ciclomotor","Av San Lorenzo Y Estrada",2,1,0,0,1,0,0,,"Ruta",11,"CAPITÁN BERMÚDEZ","San Lorenzo","Asfalto","Pavimento","XVII","Dentro","Urbana","Semáforo","Funciona","Intersección","Bueno","Buena","Nocturna,Con luz artificial","Otro","Lateral","S/D","Colisión","Ninguna","Vertical","Línea divisoria pintada","Sin restricción"
2014,3079,08/04/2014,"Martes",0,19:10:00,"Ruta Nacional 9","0.0",2,"Automóvil,Moto/Ciclomotor","Ruta Nacional 9 Y America",2,1,0,0,1,0,0,,"Ruta",9,"ROLDÁN","San Lorenzo","Asfalto","Natural","XVII","S/D","Rural","Ninguna","No existe","Intersección","Bueno","Reducida","Atardecer","Buen Tiempo","Lateral","S/D","Colisión","S/D","Faltante","Ninguna","Sin restricción"
2014,3080,26/04/2014,"Sabado",0,05:30:00,"Ruta Nacional 11","0.0",2,"Peatón,Automóvil","Av San Lorenzo Y Santa fe",2,1,0,0,0,0,1,,"Ruta",11,"CAPITÁN BERMÚDEZ","San Lorenzo","Asfalto","Pavimento","XVII","Dentro","Urbana","Semáforo","Funciona","Intersección","Bueno","Buena","Nocturna,Con luz artificial","Buen Tiempo","S/D","S/D","Atropello","Ninguna","Horizontal,Vertical","Línea divisoria pintada","Sin restricción"