"anio_acci","nro_acci","fecha","desc_dia","fecha_aprox","hora_aprox","desc_ruta","km","cant_participantes","desc_participante","calle_avenida_km","total","heridos_leves","heridos_graves","heridos_gravisimos","ilesos","fallecidos","sin_datos","posicion_XY","desc_tipo_via","desc_ruta_ori","desc_loc","desc_dpto","desc_tipo_calzada","desc_tipo_banquina","desc_unidad_regional","desc_lugar_calzada","desc_zona","desc_prioridad","desc_estado_semaforo","desc_lugar_via","desc_estado_via","desc_estado_visibilidad","desc_luminosidad","desc_estado_clima","desc_tipo_colision","desc_tipo_atropello","desc_tipo_hecho","desc_pres_calzada","desc_senializacion","desc_separacion_via","desc_restriccion"
2014,3081,01/04/2014,"Martes",0,10:25:00,,"0.0",2,"Automóvil,Moto/Ciclomotor","G.Carrasco Y Av. Alberdi Bis",2,1,0,0,1,0,0,,"Avenida",,"ROSARIO","Rosario","Asfalto","S/D","II","Dentro","Urbana","S/D","S/D","Intersección","Bueno","S/D","Diurna","Buen Tiempo","Lateral","S/D","Colisión","S/D","Vertical","Cordón divisorio","Sin restricción"
2014,3082,18/04/2014,"Viernes",0,12:30:00,,"0.0",2,"Automóvil,Moto/Ciclomotor"," ",2,2,0,0,0,0,0,,"Calle",,"SAUCE VIEJO","La Capital","Ripio","No existe","I","S/D","Urbana","Ninguna","No existe","Intersección","Otro","Buena","Diurna","Buen Tiempo","Lateral","S/D","Colisión","S/D","Faltante","Ninguna","Sin restricción"
2014,3083,14/04/2014,"Lunes",0,08:00:00,"Ruta Nacional 9","320.0",2,"Automóvil,Moto/Ciclomotor","Ruta Nacional 9 Y Aconcagua",2,0,0,1,1,0,0,,"Ruta",9,"ROLDÁN","San Lorenzo","Asfalto","S/D","XVII","S/D","Urbana","Ninguna","No existe","Intersección","Bueno","Buena","Diurna","Buen Tiempo","Lateral","S/D","Colisión","S/D","Horizontal","Ninguna","Sin restricción"
2014,3084,25/04/2014,"Viernes",0,21:15:00,,"0.0",2,"Moto/Ciclomotor,Pickup/Utilitario","Bv Mariano Moreno 400",3,3,0,0,0,0,0,,"Avenida",,"SAN CRISTÓBAL","San Cristóbal","Asfalto","Pavimento","XIII","Dentro","Urbana","Ninguna","No existe","Intersección","Bueno","Buena","Atardecer","Buen Tiempo","Lateral","S/D","Colisión","S/D","S/D","Ninguna","Sin restricción"
2014,3085,25/04/2014,"Viernes",0,17:25:00,,"0.0",2,"Moto/Ciclomotor,Bicicleta","Dr De la Colina Y Libertad",2,2,0,0,0,0,0,,"Avenida",,"SAN JAVIER","San Javier","Asfalto","S/D","XIV","Dentro","Urbana","Ninguna","No existe","Intersección","Bueno","Buena","Diurna","Buen Tiempo","S/D","S/D","Atropello","S/D","Faltante","Ninguna","Sin restricción"
2014,3086,24/04/2014,"Jueves",0,00:30:00,,"0.0",2,"Automóvil,Automóvil","Salta Y Av Urquiza",2,1,0,0,1,0,0,,"Avenida",,"SANTA FE","La Capital","S/D","S/D","I","Dentro","Urbana","S/D","S/D","Intersección","S/D","S/D","Nocturna","S/D","Lateral","S/D","Colisión","S/D","S/D","S/D","S/D"
2014,3087,08/04/2014,"Martes",0,10:00:00,,"0.0",2,"Automóvil,Automóvil","1 de Mayo Y Gaboto",2,1,0,0,1,0,0,,"Calle",,"ROSARIO","Rosario","Asfalto","No existe","II","Dentro","Urbana","Marca Vial","No existe","Intersección","Bueno","Buena","Diurna","Buen Tiempo","Lateral","S/D","Colisión","Ninguna","Vertical","Vegetación","Sin restricción"
2014,3088,08/04/2014,"Martes",0,10:20:00,,"0.0",2,"Moto/Ciclomotor,Pickup/Utilitario","Ayacucho Y Centeno",2,1,0,0,0,0,1,,"Calle",,"ROSARIO","Rosario","Asfalto","S/D","II","Dentro","Urbana","Marca Vial","S/D","Intersección","Bueno","S/D","Diurna","Buen Tiempo","Lateral","S/D","Colisión","Ninguna","Vertical","Línea divisoria pintada","Sin restricción"
2014,3089,28/04/2014,"Lunes",0,12:40:00,,"0.0",1,"Moto/Ciclomotor","Av Juan de Garay ",1,1,0,0,0,0,0,,"Calle",,"HERSILIA","San Cristóbal","Tierra","Natural","XIII","S/D","Urbana","Ninguna","No existe","Recta","Con baches","Buena","Diurna","Buen Tiempo","S/D","S/D","Caída ocupante","S/D","Faltante","Ninguna","Sin restricción"
2014,3090,23/04/2014,"Miercoles",0,12:30:00,,"0.0",2,"Moto/Ciclomotor,Automóvil","Av Lopez y Planes Y Mariano Comas",2,1,0,0,1,0,0,,"Calle",,"SANTA FE","La Capital","S/D","S/D","I","Dentro","Urbana","S/D","S/D","S/D","S/D","S/D","Diurna","S/D","Lateral","S/D","Colisión","S/D","S/D","S/D","S/D"
2014,3092,29/04/2014,"Martes",0,09:50:00,,"0.0",1,"Moto/Ciclomotor","Maipu Y Saavedra",1,1,0,0,0,0,0,,"Calle",,"SAN CRISTÓBAL","San Cristóbal","Asfalto","Pavimento","XIII","Dentro","Urbana","Ninguna","No existe","Intersección","Bueno","Buena","Diurna","Buen Tiempo","S/D","S/D","Colisión","Otro","Faltante","Ninguna","Sin restricción"
2014,3093,09/04/2014,"Miercoles",0,10:30:00,,"0.0",2,"Automóvil,Moto/Ciclomotor","Junin Y Tte.Agneta",2,1,0,0,1,0,0,,"Calle",,"ROSARIO","Rosario","Asfalto","S/D","II","Dentro","Urbana","Ninguna","S/D","Intersección","S/D","S/D","S/D","S/D","Lateral","S/D","Colisión","S/D","Faltante","Ninguna","Sin restricción"
2014,3094,02/04/2014,"Miercoles",0,01:30:00,,"0.0",2,"Moto/Ciclomotor,Moto/Ciclomotor","Velez Sarsfield Y Pje. San Geronimo",2,2,0,0,0,0,0,,"S/D",,"ROSARIO","Rosario","Asfalto","No existe","II","S/D","Urbana","Ninguna","No existe","Intersección","S/D","Reducida","Nocturna","S/D","Lateral","S/D","Colisión","S/D","Faltante","Ninguna","Sin restricción"
2014,3095,09/04/2014,"Miercoles",0,10:20:00,,"0.0",2,"Taxi/Remis,Pickup/Utilitario","Bv Santa Fe Y Saavedra",4,2,0,0,2,0,0,,"Avenida",,"RAFAELA","Castellanos","S/D","No existe","V","Dentro","Urbana","S/D","No existe","Intersección","Bueno","Buena","Diurna","Buen Tiempo","Frontal","S/D","Colisión","Ninguna","Horizontal,Vertical","S/D","S/D"
2014,3096,05/04/2014,"Sabado",0,08:00:00,,"0.0",1,"Moto/Ciclomotor","Lamadrid ",1,1,0,0,0,0,0,,"Calle",,"LAS ROSAS","Belgrano","Hormigón","No existe","III","Dentro","Urbana","S/D","No existe","Recta","Bueno","Buena","Diurna","Buen Tiempo","S/D","S/D","Caída ocupante","S/D","S/D","Cordón divisorio","Sin restricción"
2014,3097,26/04/2014,"Sabado",0,13:15:00,,"0.0",2,"Moto/Ciclomotor,Automóvil","Bv Kenmis Y Constitucion",2,0,1,0,1,0,0,,"Calle",,"LAS ROSAS","Belgrano","Asfalto","Pavimento","III","Dentro","Urbana","Ninguna","No existe","Intersección","Bueno","Buena","Diurna","Buen Tiempo","De alcance","S/D","Colisión","S/D","Faltante","Ninguna","Sin restricción"
2014,3098,09/04/2014,"Miercoles",0,09:00:00,"Ruta Nacional 34","0.0",2,"Moto/Ciclomotor,Automóvil","Bv H Irigoyen Y Rivadavia",2,1,0,0,1,0,0,,"Ruta",34,"RAFAELA","Castellanos","S/D","No existe","V","Dentro","Urbana","S/D","No existe","Intersección","S/D","Buena","Diurna","Buen Tiempo","Frontal","S/D","Colisión","S/D","S/D","S/D","S/D"
2014,3099,20/04/2014,"Domingo",0,19:00:00,,"0.0",2,"Automóvil,Moto/Ciclomotor","Calle 15 Y Calle 10",3,2,0,0,1,0,0,,"S/D",,"LAS PAREJAS","Belgrano","Hormigón","Pavimento","III","S/D","Urbana","Ninguna","No existe","Intersección","Bueno","Buena","Atardecer","Buen Tiempo","Lateral","S/D","Colisión","Ninguna","S/D","Ninguna","Sin restricción"
2014,3100,10/04/2014,"Jueves",0,,,"0.0",1,"Bicicleta","Acevedo Y Colon",1,1,0,0,0,0,0,,"Calle",,"VILLA CONSTITUCIÓN","Constitución","Asfalto","No existe","VI","Dentro","Urbana","Ninguna","No existe","Recta","Bueno","Buena","Diurna","Buen Tiempo","S/D","S/D","Despiste","S/D","S/D","Cordón divisorio","Sin restricción"
2014,3101,11/04/2014,"Viernes",0,21:00:00,,"0.0",2,"Moto/Ciclomotor,Moto/Ciclomotor","Remedios de Escalada Y Padre Dimas Mateo",3,1,1,0,1,0,0,,"Calle",,"RAFAELA","Castellanos","Asfalto","S/D","V","S/D","Urbana","S/D","S/D","Intersección","S/D","Buena","Atardecer","S/D","S/D","S/D","Colisión","S/D","S/D","S/D","S/D"
2014,3102,09/04/2014,"Miercoles",0,13:55:00,,"0.0",2,"Moto/Ciclomotor,Bicicleta","Calle 2-Constituyentes Y Calle 17-Bartolome Mitre",3,2,0,0,1,0,0,,"Calle",,"RECONQUISTA","General Obligado","Tierra","Natural","IX","S/D","Urbana","Ninguna","No existe","Intersección","Bueno","Buena","Diurna","Buen Tiempo","S/D","S/D","Atropello","Otro","Faltante","Ninguna","S/D"
2014,3103,08/04/2014,"Martes",0,13:50:00,,"0.0",2,"Moto/Ciclomotor,Camión","J Goffet Y Gobernador Crespo",2,1,0,0,1,0,0,,"Calle",,"RAFAELA","Castellanos","Asfalto","S/D","V","S/D","Urbana","S/D","S/D","Intersección","Bueno","Buena","Diurna","S/D","S/D","S/D","Colisión","S/D","S/D","S/D","S/D"
2014,3104,12/04/2014,"Sabado",0,,,"0.0",2,"Automóvil,Moto/Ciclomotor","Moreno Y 14 de Febrero",2,1,0,0,0,0,1,,"Calle",,"VILLA CONSTITUCIÓN","Constitución","Asfalto","No existe","VI","S/D","Urbana","Ninguna","No existe","Intersección","Bueno","Buena","Diurna","Buen Tiempo","S/D","S/D","Colisión","Ninguna","S/D","Cordón divisorio","S/D"
2014,3105,16/04/2014,"Miercoles",0,06:00:00,"Autopista Nacional Rosario -Cordoba","398.0",3,"Camión,Camión,Automóvil"," ",6,2,0,0,4,0,0,,"Autopista","Rosario -Cordoba","TORTUGAS","Belgrano","Asfalto","Natural","III","Dentro","Urbana","Ninguna","No existe","Recta","Bueno","Buena","Amanecer","Buen Tiempo","De alcance","S/D","Colisión","S/D","Horizontal","Vegetación","Sin restricción"
2014,3106,02/04/2014,"Miercoles",0,18:30:00,,"0.0",1,"Moto/Ciclomotor","Camilo Aldao Y Santa Fe",1,1,0,0,0,0,0,,"Calle",,"ROSARIO","Rosario","Asfalto","No existe","II","S/D","Urbana","Ninguna","No existe","Recta","Bueno","Buena","Atardecer","S/D","Contra objeto fijo","S/D","Colisión","S/D","Faltante","Ninguna","Sin restricción"
2014,3107,12/04/2014,"Sabado",0,17:00:00,"Ruta Nacional 178","0.0",2,"Automóvil,Moto/Ciclomotor","Ruta 178 Y Calle 13",2,1,0,0,1,0,0,,"Ruta",178,"LAS PAREJAS","Belgrano","Asfalto","Natural","III","Dentro","Urbana","Ninguna","Funciona","Recta","Bueno","Buena","Diurna","Buen Tiempo","Lateral","S/D","Colisión","Ninguna","Faltante","Ninguna","Sin restricción"
2014,3108,11/04/2014,"Viernes",0,19:00:00,,"0.0",2,"Moto/Ciclomotor,Automóvil","F Dentesano 60",3,0,1,0,2,0,0,,"Calle",,"RAFAELA","Castellanos","Asfalto","S/D","V","S/D","Urbana","S/D","S/D","Recta","Bueno","S/D","Atardecer","S/D","S/D","S/D","Colisión","S/D","S/D","S/D","S/D"
2014,3109,14/04/2014,"Lunes",0,13:10:00,,"0.0",2,"Moto/Ciclomotor,Automóvil","San martin Y 9 de Julio",3,2,0,0,1,0,0,,"Avenida",,"FLORENCIA","General Obligado","Asfalto","No existe","IX","Dentro","Urbana","Señal Pare","No existe","Intersección","Bueno","Buena","Diurna","Buen Tiempo","Lateral","S/D","Colisión","S/D","S/D","Cordón divisorio","Sin restricción"
2014,3110,10/04/2014,"Jueves",0,19:00:00,"Ruta Provincial 40","0.0",2,"Moto/Ciclomotor,Bicicleta","Calle 44-27 de Abril Y Calle 35-Espa±a",2,1,0,0,0,0,1,,"Ruta",40,"RECONQUISTA","General Obligado","Asfalto","No existe","IX","Dentro","Urbana","Ninguna","Funciona","Recta","Resbaladiza","Buena","Atardecer","Lluvia","S/D","S/D","Atropello","Agua","Horizontal","Ninguna","Sin restricción"
2014,3111,01/04/2014,"Martes",0,12:00:00,,"0.0",2,"Pickup/Utilitario,Moto/Ciclomotor","Santa Fe 300",2,1,0,0,1,0,0,,"Calle",,"ARMSTRONG","Belgrano","Ripio","Natural","III","Dentro","Urbana","Ninguna","No existe","Intersección","Bueno","Buena","Diurna","Buen Tiempo","Lateral","S/D","Colisión","Ninguna","Faltante","Ninguna","Sin restricción"
2014,3112,10/04/2014,"Jueves",0,17:45:00,,"0.0",2,"Moto/Ciclomotor,Automóvil","Neuquen Y Juan Jose de Urquiza",3,2,0,0,0,0,1,,"Calle",,"VILLA CONSTITUCIÓN","Constitución","Asfalto","No existe","VI","Dentro","Urbana","Ninguna","S/D","Intersección","Bueno","S/D","Atardecer","Buen Tiempo","Frontal","S/D","Colisión","S/D","S/D","S/D","S/D"
2014,3113,09/04/2014,"Miercoles",0,12:40:00,,"0.0",2,"Bicicleta,Automóvil","Formosa Y Pje. Alemania",2,1,0,0,1,0,0,,"Calle",,"ROSARIO","Rosario","S/D","S/D","II","S/D","Urbana","S/D","S/D","S/D","S/D","S/D","Diurna","S/D","S/D","S/D","Atropello","S/D","S/D","S/D","S/D"
2014,3114,11/04/2014,"Viernes",0,18:00:00,,"0.0",2,"Bicicleta,Automóvil","Ituzaingo 500",2,1,0,0,1,0,0,,"Calle",,"RAFAELA","Castellanos","Asfalto","S/D","V","S/D","Urbana","S/D","S/D","Recta","Bueno","S/D","Diurna","S/D","S/D","S/D","Atropello","S/D","S/D","S/D","S/D"
2014,3115,10/04/2014,"Jueves",0,22:10:00,,"0.0",2,"Moto/Ciclomotor,Automóvil","Calle 20-9 de Julio Y Calle 18 - Gral Belgrano",2,1,0,0,1,0,0,,"Calle",,"RECONQUISTA","General Obligado","Asfalto","Pavimento","IX","S/D","Urbana","Ninguna","No existe","Recta","Otro","Reducida p/ objetos","Nocturna","Lluvia","Lateral","S/D","Colisión","Agua","Faltante","Ninguna","Sin restricción"
2014,3116,25/04/2014,"Viernes",0,23:05:00,,"0.0",2,"Moto/Ciclomotor,Moto/Ciclomotor","Cortada 21 bis Y Calle 22",2,2,0,0,0,0,0,,"Calle",,"LAS PAREJAS","Belgrano","Hormigón","No existe","III","S/D","Urbana","Ninguna","No existe","Intersección","Bueno","Buena","Nocturna","Buen Tiempo","Lateral","S/D","Colisión","Ninguna","Faltante","Ninguna","Sin restricción"
2014,3117,14/04/2014,"Lunes",0,09:05:00,,"0.0",2,"Pickup/Utilitario,Moto/Ciclomotor","Santa Clara Y Paso",2,1,0,0,1,0,0,,"Calle",,"SAN JOSÉ DE LA ESQUINA","Caseros","Asfalto","No existe","IV","Dentro","Urbana","Ninguna","No existe","Intersección","Bueno","Buena","Diurna","Buen Tiempo","Frontal","S/D","Colisión","S/D","Horizontal,Vertical","Ninguna","Sin restricción"
2014,3118,11/04/2014,"Viernes",0,19:15:00,,"0.0",2,"Automóvil,Moto/Ciclomotor","Calle 33-Pueyrredon Y Calle 24 - Olessio",2,1,0,0,1,0,0,,"Calle",,"RECONQUISTA","General Obligado","Asfalto","Pavimento","IX","Dentro","Urbana","Ninguna","No existe","Intersección","Resbaladiza","Buena","Atardecer","Lluvia","Lateral","S/D","Colisión","Agua","S/D","S/D","Sin restricción"
2014,3119,03/04/2014,"Jueves",0,21:00:00,,"0.0",2,"Moto/Ciclomotor,Moto/Ciclomotor","Antonio Podio Y Av Luis Fanti",3,2,0,0,1,0,0,,"Avenida",,"RAFAELA","Castellanos","Hormigón","Pavimento","V","S/D","Urbana","S/D","No existe","Rotonda","Bueno","Buena","Nocturna","Buen Tiempo","Frontal","S/D","Colisión","S/D","S/D","S/D","S/D"
2014,3120,20/04/2014,"Domingo",0,18:10:00,,"0.0",1,"Moto/Ciclomotor","Las Heras ",1,0,1,0,0,0,0,,"Calle",,"SAN JOSÉ DE LA ESQUINA","Caseros","Asfalto","Ripio","IV","Dentro","Urbana","Ninguna","No existe","Recta","Bueno","Buena","Atardecer","Buen Tiempo","S/D","S/D","Despiste","S/D","Vertical","Línea divisoria pintada","Sin restricción"
2014,3121,08/04/2014,"Martes",0,11:25:00,,"0.0",2,"Moto/Ciclomotor,Pickup/Utilitario","AV. G. LEHMANN Y AV. BRASIL",2,1,0,0,1,0,0,,"Avenida",,"RAFAELA","Castellanos","Asfalto","S/D","V","S/D","Urbana","S/D","S/D","Intersección","Bueno","S/D","Diurna","S/D","S/D","S/D","Colisión","S/D","S/D","S/D","S/D"
2014,3122,17/04/2014,"Jueves",0,13:40:00,,"0.0",2,"Moto/Ciclomotor,Automóvil","Oroño Y D Izarra",3,2,0,0,1,0,0,,"Calle",,"VILLA CONSTITUCIÓN","Constitución","S/D","S/D","VI","S/D","Urbana","S/D","S/D","S/D","S/D","S/D","Diurna","S/D","S/D","S/D","S/D","S/D","S/D","S/D","S/D"
2014,3123,29/04/2014,"Martes",0,19:05:00,,"0.0",2,"Moto/Ciclomotor,Automóvil","Bv Centenario B Y Ayacucho",2,1,0,0,1,0,0,,"Avenida",,"CAÑADA DE GÓMEZ","Iriondo","Asfalto","No existe","X","S/D","Urbana","Ninguna","No existe","Intersección","Bueno","Buena","Atardecer","Buen Tiempo","Frontal","S/D","Colisión","S/D","Faltante","Ninguna","Sin restricción"
2014,3124,03/04/2014,"Jueves",0,13:30:00,,"0.0",2,"Moto/Ciclomotor,Moto/Ciclomotor","Viamonte Y Falucho",2,2,0,0,0,0,0,,"Calle",,"RAFAELA","Castellanos","Asfalto","No existe","V","S/D","Urbana","S/D","S/D","Intersección","Bueno","Buena","Diurna","Buen Tiempo","Frontal","S/D","Colisión","S/D","S/D","S/D","S/D"
2014,3125,10/04/2014,"Jueves",0,11:00:00,,"0.0",2,"Moto/Ciclomotor,Automóvil","Junin Y Tte.Agneta",3,1,0,0,2,0,0,,"Calle",,"ROSARIO","Rosario","Asfalto","S/D","II","S/D","Urbana","Ninguna","S/D","Curva","S/D","S/D","Diurna","S/D","Otro","S/D","Colisión","S/D","Faltante","Ninguna","Sin restricción"
2014,3126,26/02/2014,"Miercoles",0,08:00:00,"Ruta Nacional 34","280.0",1,"Automóvil","Ruta Nacional 34 ",1,0,1,0,0,0,0,,"Ruta",34,"SUNCHALES","Castellanos","Hormigón","Natural","V","S/D","Rural","S/D","No existe","Recta","S/D","Buena","Diurna","Buen Tiempo","Contra objeto fijo","S/D","Colisión","Otro","S/D","S/D","S/D"
2014,3127,08/04/2014,"Martes",0,20:50:00,,"0.0",2,"Moto/Ciclomotor,Automóvil","Naciones Unidas Y Roque Saenz Peña",2,1,0,0,1,0,0,,"Avenida",,"SANTA FE","La Capital","Asfalto","Pavimento","I","Dentro","Urbana","Ninguna","No existe","Intersección","Bueno","Buena","Nocturna","Buen Tiempo","Lateral","S/D","Colisión","S/D","Faltante","Cordón divisorio","Sin restricción"
2014,3128,14/04/2014,"Lunes",0,09:45:00,,"0.0",2,"Moto/Ciclomotor,Pickup/Utilitario","Calle 42 - Misiones Y Pje 23-25-Antartida Argentina",2,1,0,0,1,0,0,,"Calle",,"RECONQUISTA","General Obligado","Asfalto","No existe","IX","S/D","Urbana","Ninguna","No existe","Intersección","Bueno","Buena","Diurna","Buen Tiempo","Lateral","S/D","Colisión","S/D","Faltante","Ninguna","Sin restricción"
2014,3129,07/04/2014,"Lunes",0,23:00:00,,"0.0",2,"Bicicleta,Automóvil","Chubut Y Luis Pasteur",2,1,0,0,1,0,0,,"Calle",,"VILLA CONSTITUCIÓN","Constitución","Asfalto","No existe","VI","Dentro","Urbana","S/D","S/D","Recta","Bueno","Buena","Nocturna","Buen Tiempo","S/D","S/D","Atropello","S/D","S/D","S/D","S/D"
2014,3130,25/04/2014,"Viernes",0,13:40:00,,"0.0",2,"Moto/Ciclomotor,Automóvil","Artigas Y Almte. Brown",2,1,0,0,1,0,0,,"Calle",,"CAÑADA DE GÓMEZ","Iriondo","Asfalto","No existe","X","Dentro","Urbana","Ninguna","No existe","Recta","Bueno","Buena","Diurna","Buen Tiempo","Lateral","S/D","Colisión","S/D","Faltante","Ninguna","Sin restricción"
2014,3131,03/04/2014,"Jueves",0,16:00:00,,"0.0",2,"Moto/Ciclomotor,Moto/Ciclomotor","Carlos Pellegrini 500",2,1,0,0,1,0,0,,"Calle",,"RAFAELA","Castellanos","Asfalto","No existe","V","S/D","Urbana","S/D","No existe","Recta","Bueno","Buena","Diurna","Buen Tiempo","Lateral","S/D","Colisión","S/D","S/D","S/D","S/D"
2014,3132,22/04/2014,"Martes",0,18:00:00,,"0.0",2,"Moto/Ciclomotor,Automóvil","Avenida Carlos Pellegrini Y Paso",2,1,0,0,1,0,0,,"Calle",,"SAN JOSÉ DE LA ESQUINA","Caseros","Asfalto","No existe","IV","Dentro","Urbana","Ninguna","No existe","Intersección","Bueno","Buena","Atardecer,Con luz artificial","Buen Tiempo","De alcance","S/D","Colisión","S/D","Vertical","Ninguna","Sin restricción"
2014,3133,09/04/2014,"Miercoles",0,12:00:00,,"0.0",2,"Automóvil,Automóvil","Risso Y 1ro de Mayo",4,3,0,0,1,0,0,,"Calle",,"SANTA FE","La Capital","Asfalto","No existe","I","Dentro","Urbana","Ninguna","No existe","Intersección","Con baches","Buena","Diurna","Buen Tiempo","Lateral","S/D","Colisión","Otro","Faltante","Ninguna","Sin restricción"
2014,3134,15/04/2014,"Martes",0,10:35:00,,"0.0",2,"Moto/Ciclomotor,Automóvil","Pje. Einstein 2200",2,1,0,0,1,0,0,,"Calle",,"ROSARIO","Rosario","Asfalto","No existe","II","S/D","Urbana","Ninguna","No existe","Recta","S/D","S/D","Diurna","S/D","Lateral","S/D","Colisión","S/D","S/D","Ninguna","Sin restricción"
2014,3135,21/04/2014,"Lunes",0,22:40:00,,"0.0",2,"Moto/Ciclomotor,Automóvil","Calle 23-Gral lopez Y Calle 8-Chacabuco",2,1,0,0,1,0,0,,"S/D",,"RECONQUISTA","General Obligado","Asfalto","S/D","IX","S/D","Urbana","Ninguna","S/D","Intersección","Bueno","Buena","Nocturna","Buen Tiempo","Frontal","S/D","Colisión","S/D","S/D","Ninguna","Sin restricción"
2014,3136,24/04/2014,"Jueves",0,12:10:00,,"0.0",2,"Moto/Ciclomotor,Moto/Ciclomotor","Bv Centenario B Y Alvear",3,3,0,0,0,0,0,,"Calle",,"CAÑADA DE GÓMEZ","Iriondo","Asfalto","No existe","X","Dentro","Urbana","Ninguna","No existe","Intersección","Con baches","Buena","Diurna","Buen Tiempo","Frontal","S/D","Colisión","S/D","Faltante","Ninguna","Sin restricción"
2014,3137,05/04/2014,"Sabado",0,19:30:00,"Ruta Nacional 34","0.0",2,"Moto/Ciclomotor,Pickup/Utilitario"," ",2,1,0,0,1,0,0,,"Ruta",34,"LEHMANN","Castellanos","Asfalto","S/D","V","S/D","Urbana","S/D","S/D","Intersección","S/D","S/D","Atardecer","S/D","Lateral","S/D","Colisión","S/D","S/D","S/D","S/D"
2014,3138,18/04/2014,"Viernes",0,13:00:00,"Ruta Nacional 9","419.0",2,"Camión,Automóvil"," ",4,2,0,0,2,0,0,,"Ruta",9,"TORTUGAS","Belgrano","Asfalto","Pavimento","III","Dentro","Rural","Ninguna","No existe","Curva","Bueno","Buena","Diurna","Buen Tiempo","Lateral","S/D","Colisión","Ninguna","Vertical","Línea divisoria pintada","Sin restricción"
2014,3139,15/04/2014,"Martes",0,20:00:00,"Ruta Nacional 178","92.0",1,"Pickup/Utilitario","Ruta Nac 178 ",1,1,0,0,0,0,0,,"Ruta",178,"BIGAND","Caseros","Asfalto","Natural","IV","Dentro","Urbana","Ninguna","No existe","Recta","Bueno","Buena","Nocturna","Buen Tiempo","Atropello animal","S/D","Colisión","S/D","Faltante","Vegetación","Sin restricción"
2014,3140,07/03/2014,"Viernes",0,18:00:00,,"0.0",2,"Moto/Ciclomotor,Automóvil","MANZANA  2",3,2,0,0,0,0,1,,"S/D",,"ALTO VERDE","La Capital","Ripio","No existe","I","Dentro","Urbana","Ninguna","No existe","Recta","Deteriorada","Buena","Diurna","Buen Tiempo","Lateral","S/D","Colisión","Otro","Faltante","Ninguna","Sin restricción"
2014,3141,23/04/2014,"Miercoles",0,11:30:00,,"0.0",2,"Automóvil,Automóvil"," ",3,2,0,0,1,0,0,,"Calle",,"SANTA FE","La Capital","Asfalto","S/D","I","S/D","Urbana","S/D","S/D","Intersección","Deteriorada","S/D","Diurna","S/D","Lateral","S/D","Colisión","S/D","S/D","Ninguna","S/D"
2014,3142,25/04/2014,"Viernes",0,03:55:00,,"0.0",1,"Moto/Ciclomotor","PARQUE DE LA AGRICULTURA ",2,0,1,0,1,0,0,,"Calle",,"ESPERANZA","Las Colonias","Tierra","No existe","XI","Dentro","Urbana","Ninguna","No existe","Plaza","Bueno,Otro","Buena","Nocturna","Buen Tiempo","S/D","S/D","Despiste","S/D","S/D","Vegetación","Sin restricción"
2014,3143,16/04/2014,"Miercoles",0,08:00:00,,"0.0",2,"Moto/Ciclomotor,Moto/Ciclomotor","Oroño Y Perrissol",2,1,0,0,1,0,0,,"Calle",,"VILLA CONSTITUCIÓN","Constitución","Asfalto","S/D","VI","Dentro","Urbana","S/D","S/D","Intersección","S/D","Buena","Diurna","S/D","Frontal","S/D","Colisión","S/D","S/D","S/D","S/D"
2014,3144,28/04/2014,"Lunes",0,11:00:00,,"0.0",2,"Pickup/Utilitario,Bicicleta","Av San Martin Y Sarmiento",2,1,0,0,1,0,0,,"Calle",,"BIGAND","Caseros","Asfalto","Pavimento","IV","Dentro","Urbana","Ninguna","No existe","Intersección","Bueno","Buena","Diurna","Buen Tiempo","S/D","S/D","Atropello","S/D","S/D","Cordón divisorio","Sin restricción"
2014,3145,22/04/2014,"Martes",0,13:45:00,,"0.0",2,"Moto/Ciclomotor,Automóvil","Sarmiento Y Nicolas Avellaneda",2,1,0,0,1,0,0,,"Calle",,"CAÑADA DE GÓMEZ","Iriondo","Asfalto","No existe","X","Dentro","Urbana","Ninguna","No existe","Intersección","Bueno","Buena","Diurna","Buen Tiempo","Frontal","S/D","Colisión","S/D","Faltante","Ninguna","Sin restricción"
2014,3146,25/04/2014,"Viernes",0,09:00:00,,"0.0",2,"Automóvil,Moto/Ciclomotor","Calle 20-9 de Julio 155",2,1,0,0,1,0,0,,"Calle",,"RECONQUISTA","General Obligado","Hormigón","No existe","IX","Dentro","Urbana","Ninguna","No existe","Recta","Bueno","Buena","Diurna","Buen Tiempo","Lateral","S/D","Colisión","S/D","Faltante","Cordón divisorio","Sin restricción"
2014,3147,19/04/2014,"Sabado",0,10:30:00,"Ruta Nacional 9","0.0",2,"Automóvil,Moto/Ciclomotor","Ruta Nacional 9 Y Colombia",2,1,0,0,1,0,0,,"Ruta",9,"ROLDÁN","San Lorenzo","Asfalto","Natural","XVII","S/D","Urbana","Ninguna","No existe","Intersección","Bueno","S/D","Diurna","Buen Tiempo","Lateral","S/D","Colisión","S/D","Vertical","Ninguna","Sin restricción"
2014,3148,25/04/2014,"Viernes",0,08:15:00,,"0.0",1,"Moto/Ciclomotor","Calle 5 Y Calle 16",1,1,0,0,0,0,0,,"Avenida",,"LAS PAREJAS","Belgrano","Asfalto","No existe","III","Dentro","Urbana","Ninguna","No existe","Recta","Bueno","Buena","Diurna","Buen Tiempo","S/D","S/D","Caída ocupante","Ninguna","Faltante","Ninguna","Sin restricción"