"anio_acci","nro_acci","fecha","desc_dia","fecha_aprox","hora_aprox","desc_ruta","km","cant_participantes","desc_participante","calle_avenida_km","total","heridos_leves","heridos_graves","heridos_gravisimos","ilesos","fallecidos","sin_datos","posicion_XY","desc_tipo_via","desc_ruta_ori","desc_loc","desc_dpto","desc_tipo_calzada","desc_tipo_banquina","desc_unidad_regional","desc_lugar_calzada","desc_zona","desc_prioridad","desc_estado_semaforo","desc_lugar_via","desc_estado_via","desc_estado_visibilidad","desc_luminosidad","desc_estado_clima","desc_tipo_colision","desc_tipo_atropello","desc_tipo_hecho","desc_pres_calzada","desc_senializacion","desc_separacion_via","desc_restriccion"
2014,3149,21/04/2014,"Lunes",0,08:15:00,,"0.0",2,"Peatón,Moto/Ciclomotor","Independencia Y Tierra del Fuego",2,0,1,0,1,0,0,,"Calle",,"VILLA CONSTITUCIÓN","Constitución","Asfalto","S/D","VI","Dentro","Rural","S/D","S/D","Recta","Bueno","Buena","Diurna","Buen Tiempo","S/D","S/D","Atropello","S/D","S/D","S/D","S/D"
2014,3150,25/04/2014,"Viernes",0,20:20:00,,"0.0",2,"Moto/Ciclomotor,Automóvil","Av. Ovidio Lagos Y Av. Circunvalacion",2,1,0,0,1,0,0,,"Avenida",,"ROSARIO","Rosario","Asfalto","Natural","II","Dentro","Urbana","Semáforo","Funciona","Recta","Bueno","Buena","Nocturna","Buen Tiempo","Lateral","S/D","Colisión","S/D","Horizontal","Guardarrail","Sin restricción"
2014,3151,20/04/2014,"Domingo",0,20:30:00,,"0.0",2,"Moto/Ciclomotor,Automóvil","Bv Pellegrini Y Av Freyre",3,2,0,0,1,0,0,,"Avenida",,"SANTA FE","La Capital","S/D","S/D","I","S/D","Urbana","S/D","S/D","S/D","S/D","S/D","Nocturna","S/D","S/D","S/D","S/D","S/D","S/D","S/D","S/D"
2014,3152,28/04/2014,"Lunes",0,14:05:00,,"0.0",2,"Automóvil,Moto/Ciclomotor","Calle 24 - Olessio Y Calle 31-Newbery",2,1,0,0,1,0,0,,"Calle",,"RECONQUISTA","General Obligado","Asfalto","No existe","IX","Dentro","Urbana","Ninguna","No existe","Intersección","Bueno","Buena","Diurna","Buen Tiempo","Frontal","S/D","Colisión","S/D","Horizontal","Ninguna","Sin restricción"
2014,3153,12/04/2014,"Sabado",0,,,"0.0",1,"Moto/Ciclomotor","Gral Lopez Y San Juan",1,1,0,0,0,0,0,,"Calle",,"VILLA CONSTITUCIÓN","Constitución","Asfalto","No existe","VI","Dentro","Urbana","Ninguna","No existe","Recta","Bueno","Buena","S/D","Buen Tiempo","S/D","S/D","S/D","S/D","S/D","Cordón divisorio","S/D"
2014,3154,04/04/2014,"Viernes",0,,,"0.0",2,"Automóvil,Peatón","Belgrano Y Hipolito Irigoyen",2,0,1,0,1,0,0,,"Calle",,"VILLA CONSTITUCIÓN","Constitución","Asfalto","No existe","VI","S/D","Urbana","Ninguna","No existe","Recta","Bueno","Buena","Diurna","Buen Tiempo","S/D","S/D","Atropello","Ninguna","S/D","Cordón divisorio","Sin restricción"
2014,3155,20/04/2014,"Domingo",0,16:30:00,,"0.0",2,"Automóvil,Automóvil","Francia Y Tucuman",3,2,0,0,1,0,0,,"Calle",,"SANTA FE","La Capital","S/D","S/D","I","S/D","Urbana","S/D","S/D","S/D","S/D","S/D","S/D","S/D","S/D","S/D","Atropello","S/D","S/D","S/D","S/D"
2014,3156,01/04/2014,"Martes",0,05:10:00,"Ruta Nacional 19","31.5",1,"Camión"," ",1,1,0,0,0,0,0,,"Ruta",19,"SAN CARLOS NORTE","Las Colonias","Asfalto","Natural","XI","Dentro","Rural","Ninguna","No existe","Recta","Bueno","Buena","Amanecer","Buen Tiempo","S/D","S/D","Despiste","S/D","S/D","Vegetación","Sin restricción"
2014,3157,10/04/2014,"Jueves",0,,,"0.0",1,"Bicicleta","Belgrano Y Jujuy",1,1,0,0,0,0,0,,"Calle",,"VILLA CONSTITUCIÓN","Constitución","Asfalto","No existe","VI","Dentro","Urbana","Ninguna","No existe","Recta","Bueno","Buena","Diurna","Buen Tiempo","S/D","S/D","S/D","S/D","S/D","Cordón divisorio","S/D"
2014,3158,06/04/2014,"Domingo",0,06:00:00,,"0.0",2,"Automóvil,Automóvil","Bv Pellegrini Y Republica de Siria",2,1,0,0,1,0,0,,"Avenida",,"SANTA FE","La Capital","Hormigón","No existe","I","S/D","Urbana","S/D","S/D","Intersección","S/D","S/D","Amanecer","S/D","Lateral","S/D","Colisión","S/D","S/D","S/D","S/D"
2014,3159,15/04/2014,"Martes",0,17:40:00,"Ruta Nacional 9","388.0",2,"Moto/Ciclomotor,Automóvil","RUTA 9 388",2,1,0,0,1,0,0,,"Ruta",9,"CAÑADA DE GÓMEZ","Iriondo","Hormigón","Natural","X","Dentro","Urbana","Ninguna","No existe","Recta","Deteriorada","Buena","Diurna","Buen Tiempo","De alcance","S/D","Colisión","S/D","Faltante","Línea divisoria pintada","Sin restricción"
2014,3160,26/04/2014,"Sabado",0,13:30:00,,"0.0",2,"Automóvil,Automóvil","Bv San Martin Y Sgto. J Cabral",2,1,0,0,1,0,0,,"Avenida",,"ROLDÁN","San Lorenzo","Hormigón","No existe","XVII","Dentro","Urbana","Ninguna","No existe","Intersección","Bueno","Buena","Diurna","Buen Tiempo","Lateral","S/D","Colisión","S/D","Vertical","Ninguna","Sin restricción"
2014,3161,05/04/2014,"Sabado",0,,,"0.0",2,"Otros,Moto/Ciclomotor"," ",3,2,0,0,0,0,1,,"Calle",,"VILLA CONSTITUCIÓN","Constitución","Asfalto","No existe","VI","Dentro","Urbana","Ninguna","No existe","Recta","Bueno","Buena","Diurna","Buen Tiempo","S/D","S/D","Colisión","S/D","S/D","Cordón divisorio","S/D"
2014,3162,19/04/2014,"Sabado",0,19:00:00,,"0.0",2,"Peatón,Automóvil","Salta Y San Jose",3,2,0,0,1,0,0,"-31.647138888889,-60.723222222222","Calle",,"SANTA FE","La Capital","S/D","S/D","I","S/D","Urbana","S/D","S/D","S/D","S/D","S/D","Atardecer","S/D","S/D","S/D","Atropello","S/D","S/D","S/D","S/D"
2014,3163,28/04/2014,"Lunes",0,17:00:00,,"0.0",2,"Moto/Ciclomotor,Pickup/Utilitario","Av. Ovidio Lagos Y Av. Battle y Ordoñez",2,1,0,0,1,0,0,,"Avenida",,"ROSARIO","Rosario","Asfalto","Natural","II","Dentro","Urbana","Otra Señal","No existe","Recta","Bueno","Buena","Diurna","Buen Tiempo","Lateral","S/D","Colisión","S/D","Horizontal","Barrera de hormigón","Sin restricción"
2014,3164,07/04/2014,"Lunes",0,18:00:00,,"0.0",2,"Automóvil,Moto/Ciclomotor","Jose Ingenieros Y 9 de Julio",2,1,0,0,1,0,0,,"Calle",,"SUNCHALES","Castellanos","Asfalto","S/D","V","Dentro","Urbana","S/D","S/D","Intersección","Bueno","Buena","Atardecer,Con luz artificial","S/D","S/D","S/D","Colisión","S/D","S/D","S/D","S/D"
2014,3165,05/04/2014,"Sabado",0,06:45:00,"Ruta Provincial 70","64.0",1,"Automóvil","Avenida Camilo Aldao ",4,2,0,0,2,0,0,,"Ruta",70,"BELLA ITALIA","Castellanos","Asfalto","S/D","V","Fuera","Rural","S/D","S/D","Recta","S/D","S/D","Amanecer","S/D","S/D","S/D","Despiste","S/D","S/D","S/D","S/D"
2014,3166,29/04/2014,"Martes",0,08:15:00,,"0.0",2,"Moto/Ciclomotor,Pickup/Utilitario","Calle 6-Ituzaingo Y Calle 15-Pcio. Diez",2,1,0,0,1,0,0,,"Calle",,"RECONQUISTA","General Obligado","Asfalto","S/D","IX","Dentro","Urbana","S/D","No existe","Intersección","Bueno","Buena","Diurna","Buen Tiempo","Lateral","S/D","Colisión","Otro","S/D","Cordón divisorio","Sin restricción"
2014,3167,04/04/2014,"Viernes",0,,,"0.0",2,"Automóvil,Transporte de Pasajeros Larga Distancia (> 8 asientos)"," ",2,1,0,0,1,0,0,,"Calle",,"VILLA CONSTITUCIÓN","Constitución","Asfalto","No existe","VI","Dentro","Urbana","Semáforo","Funciona","Recta","Bueno","Buena","Atardecer","Buen Tiempo","S/D","S/D","Colisión","S/D","S/D","Cordón divisorio","S/D"
2014,3168,19/04/2014,"Sabado",0,12:50:00,,"0.0",2,"Moto/Ciclomotor,Automóvil","Mendoza Y Lamadrid",4,2,0,0,2,0,0,,"Avenida",,"SANTA FE","La Capital","S/D","S/D","I","S/D","Urbana","S/D","S/D","S/D","S/D","S/D","Diurna","S/D","S/D","S/D","S/D","S/D","S/D","S/D","S/D"
2014,3169,13/04/2014,"Domingo",0,00:30:00,,"0.0",2,"Moto/Ciclomotor,Automóvil","Bv Centenario B Y Laprida",2,1,0,0,1,0,0,,"Calle",,"CAÑADA DE GÓMEZ","Iriondo","Asfalto","No existe","X","Dentro","Urbana","S/D","Funciona","Recta","Bueno","Buena","Nocturna,Con luz artificial","Buen Tiempo","Frontal","S/D","Colisión","S/D","Faltante","Ninguna","Sin restricción"
2014,3170,05/04/2014,"Sabado",0,03:00:00,"Ruta Provincial 6","0.0",3,"Automóvil,Moto/Ciclomotor,Moto/Ciclomotor","Ruta Prov 6 Y Los Andes",4,2,1,0,1,0,0,,"Ruta",6,"FRANCK","Las Colonias","Asfalto","Natural","XI","Dentro","Urbana","Ninguna","No existe","Recta","Bueno","Reducida","Nocturna","Buen Tiempo","Múltiple","S/D","Colisión","S/D","S/D","Línea divisoria pintada","Sin restricción"
2014,3171,06/04/2014,"Domingo",0,23:45:00,,"0.0",2,"Automóvil,Moto/Ciclomotor","Av Moreno Y J B Mitri",2,0,1,0,1,0,0,,"Calle",,"SUNCHALES","Castellanos","Asfalto","S/D","V","Dentro","Urbana","S/D","S/D","Intersección","Bueno","S/D","Nocturna,Con luz artificial","S/D","S/D","S/D","Colisión","S/D","S/D","S/D","S/D"
2014,3172,25/04/2014,"Viernes",0,,,"0.0",2,"Moto/Ciclomotor,Automóvil","14 de Febrero Y Juan Jose de Urquiza",2,1,0,0,1,0,0,,"Calle",,"VILLA CONSTITUCIÓN","Constitución","Asfalto","No existe","VI","Dentro","Urbana","Ninguna","No existe","Recta","Bueno","Buena","Diurna","Buen Tiempo","S/D","S/D","Colisión","S/D","S/D","Cordón divisorio","Sin restricción"
2014,3173,19/04/2014,"Sabado",0,11:40:00,"Autopista Provincial Brigadier E.López","83.5",1,"Automóvil"," ",1,0,0,1,0,0,0,,"Autopista","Brigadier E.López","BARRANCAS","San Jerónimo","Asfalto","Natural","XV","S/D","Rural","Ninguna","No existe","Recta","Bueno","Buena","Diurna","Buen Tiempo","Otro","S/D","Vuelco","S/D","Faltante","Vegetación","Sin restricción"
2014,3174,12/04/2014,"Sabado",0,06:55:00,,"0.0",2,"Automóvil,Pickup/Utilitario","San Martin Y Almte. Brown",3,3,0,0,0,0,0,,"Calle",,"CAÑADA DE GÓMEZ","Iriondo","Asfalto","No existe","X","Dentro","Urbana","Ninguna","No existe","Recta","Bueno","Buena","Amanecer,Con luz artificial","Buen Tiempo","Frontal","S/D","Colisión","S/D","Faltante","Ninguna","Sin restricción"
2014,3175,18/04/2014,"Viernes",0,14:10:00,,"0.0",2,"Peatón,Automóvil","Bv Pellegrini Y San Lorenzo",2,1,0,0,1,0,0,"-31.633388888889,-60.713777777778","Avenida",,"SANTA FE","La Capital","S/D","S/D","I","S/D","Urbana","S/D","S/D","S/D","S/D","S/D","Diurna","S/D","S/D","S/D","Atropello","S/D","S/D","S/D","S/D"
2014,3176,04/04/2014,"Viernes",0,07:00:00,,"0.0",2,"Bicicleta,Automóvil","Colon Y Juan B Justo",2,1,0,0,1,0,0,,"Calle",,"RAFAELA","Castellanos","Hormigón","S/D","V","Dentro","Urbana","S/D","S/D","Intersección","S/D","S/D","Diurna","S/D","S/D","S/D","Atropello","S/D","S/D","S/D","S/D"
2014,3177,18/04/2014,"Viernes",0,16:30:00,,"0.0",2,"Moto/Ciclomotor,Camión","Calle 3 Y Calle 100",2,1,0,0,1,0,0,,"Calle",,"FRONTERA","Castellanos","S/D","S/D","V","Dentro","Urbana","S/D","S/D","Intersección","S/D","Buena","Diurna","S/D","S/D","S/D","Colisión","S/D","S/D","S/D","S/D"
2014,3178,21/04/2014,"Lunes",0,,,"0.0",2,"Moto/Ciclomotor,Automóvil","San Martin Y Mendoza",2,1,0,0,1,0,0,,"Calle",,"VILLA CONSTITUCIÓN","Constitución","Asfalto","No existe","VI","Dentro","Urbana","Ninguna","S/D","Recta","Bueno","Buena","Diurna","Buen Tiempo","S/D","S/D","S/D","S/D","S/D","Cordón divisorio","S/D"
2014,3179,22/04/2014,"Martes",0,15:55:00,"Ruta Nacional 177","10.0",2,"Transporte de Pasajeros Larga Distancia (> 8 asientos),Otros","San Luis ",12,5,0,0,7,0,0,,"Ruta",177,"EMPALME VILLA CONSTITUCIÓN","Constitución","Asfalto","Natural","VI","Dentro","Rural","Ninguna","No existe","Recta","Bueno","Buena","Diurna","Buen Tiempo","Lateral","S/D","Colisión","Ninguna","Vertical","Línea divisoria pintada","Sin restricción"
2014,3180,05/04/2014,"Sabado",0,03:20:00,,"0.0",1,"Bicicleta","Calle 121 Y Calle 122",2,1,1,0,0,0,0,,"Calle",,"AVELLANEDA","General Obligado","Tierra","No existe","IX","Dentro","Urbana","Ninguna","No existe","Intersección","Ahuellamiento","Reducida","Nocturna","Buen Tiempo","S/D","S/D","S/D","S/D","S/D","Ninguna","Sin restricción"
2014,3181,15/04/2014,"Martes",0,18:00:00,,"0.0",2,"Moto/Ciclomotor,Automóvil","Zeballos bis Y Guayaquil",2,1,0,0,1,0,0,,"S/D",,"FRAY LUIS BELTRÁN","San Lorenzo","Ripio","No existe","XVII","S/D","Urbana","Ninguna","No existe","Intersección","Con baches","Buena","Diurna","Buen Tiempo","Frontal","S/D","Colisión","S/D","S/D","Ninguna","Sin restricción"
2014,3182,13/04/2014,"Domingo",0,22:00:00,,"0.0",2,"Moto/Ciclomotor,Automóvil","Av Irigoyen Y 9 de Julio",3,1,0,0,2,0,0,,"Avenida",,"SUNCHALES","Castellanos","Asfalto","S/D","V","Dentro","Urbana","S/D","S/D","Intersección","S/D","Buena","Nocturna,Con luz artificial","S/D","S/D","S/D","Colisión","S/D","S/D","S/D","S/D"
2014,3183,17/04/2014,"Jueves",0,21:00:00,,"0.0",2,"Automóvil,Moto/Ciclomotor","PUENTE OROÑO ",2,1,0,0,1,0,0,,"S/D",,"SANTA FE","La Capital","Hormigón","No existe","I","Dentro","Urbana","S/D","No existe","Recta","Bueno","S/D","Nocturna","S/D","Otro","S/D","Colisión","S/D","S/D","Cordón divisorio","S/D"
2014,3184,09/04/2014,"Miercoles",0,12:35:00,,"0.0",2,"Moto/Ciclomotor,Automóvil","Ballesteros 900",2,1,0,0,1,0,0,,"Calle",,"CAÑADA DE GÓMEZ","Iriondo","Asfalto","No existe","X","Dentro","Urbana","Ninguna","No existe","Recta","Bueno","Buena","Diurna","Buen Tiempo","Frontal","S/D","Colisión","S/D","Faltante","Ninguna","Sin restricción"
2014,3185,04/04/2014,"Viernes",0,12:45:00,,"0.0",2,"Moto/Ciclomotor,Moto/Ciclomotor","Santa Rosa Y Montes de Oca",2,1,0,0,1,0,0,,"Calle",,"RAFAELA","Castellanos","Asfalto","S/D","V","Dentro","Urbana","S/D","S/D","Intersección","Bueno","S/D","Diurna","S/D","Lateral","S/D","Colisión","S/D","S/D","S/D","S/D"
2014,3186,28/04/2014,"Lunes",0,09:40:00,,"0.0",2,"Pickup/Utilitario,Bicicleta","Julio A Roca Y Gobernador Crespo",2,1,0,0,1,0,0,,"Calle",,"TOSTADO","9 de Julio","Asfalto","S/D","XII","S/D","Urbana","Ninguna","No existe","Intersección","Bueno","Buena","Diurna","Buen Tiempo","S/D","S/D","Atropello","Material Suelto","S/D","Ninguna","Sin restricción"
2014,3187,17/04/2014,"Jueves",0,06:30:00,,"0.0",2,"Moto/Ciclomotor,Automóvil"," ",2,1,0,0,1,0,0,,"Calle",,"SANTA FE","La Capital","S/D","S/D","I","Dentro","Urbana","S/D","S/D","S/D","S/D","S/D","Amanecer","S/D","S/D","S/D","S/D","S/D","S/D","S/D","S/D"
2014,3188,09/04/2014,"Miercoles",0,10:55:00,,"0.0",2,"Moto/Ciclomotor,Automóvil","Rivadavia Y Colon",2,1,0,0,1,0,0,,"Calle",,"CAÑADA DE GÓMEZ","Iriondo","Asfalto","No existe","X","Dentro","Urbana","Ninguna","No existe","Intersección","Bueno","Buena","Diurna","Buen Tiempo","Frontal","S/D","Colisión","S/D","Faltante","Ninguna","Sin restricción"
2014,3189,06/04/2014,"Domingo",0,,,"0.0",2,"Bicicleta,Automóvil","Calle 121 Y Calle 120",2,1,0,0,1,0,0,,"Calle",,"AVELLANEDA","General Obligado","Asfalto","Pavimento","IX","S/D","Urbana","Ninguna","No existe","Intersección","Bueno","Buena","Diurna","Buen Tiempo","S/D","S/D","Atropello","S/D","S/D","Ninguna","Sin restricción"
2014,3190,02/04/2014,"Miercoles",0,10:10:00,,"0.0",2,"Moto/Ciclomotor,Moto/Ciclomotor","Juan de Garay Y Avenida San Martin",2,2,0,0,0,0,0,,"Avenida",,"TOSTADO","9 de Julio","Asfalto","No existe","XII","Dentro","Urbana","Ninguna","No existe","Intersección","Bueno","Buena","Diurna","Buen Tiempo","Otro","S/D","Colisión","Otro","Faltante","Ninguna","Sin restricción"
2014,3191,03/04/2014,"Jueves",0,12:30:00,,"0.0",1,"Moto/Ciclomotor","Amado Cittadini ",1,1,0,0,0,0,0,,"Calle",,"SAN LORENZO","San Lorenzo","S/D","S/D","XVII","S/D","S/D","S/D","S/D","S/D","S/D","S/D","Diurna","S/D","S/D","S/D","S/D","S/D","S/D","S/D","S/D"
2014,3192,16/04/2014,"Miercoles",0,18:15:00,,"0.0",2,"Moto/Ciclomotor,Automóvil","Av Freyre 3000",2,1,0,0,1,0,0,,"Calle",,"SANTA FE","La Capital","S/D","S/D","I","Dentro","Urbana","S/D","S/D","S/D","S/D","S/D","Diurna","S/D","S/D","S/D","S/D","S/D","S/D","S/D","S/D"
2014,3193,18/04/2014,"Viernes",0,12:45:00,,"0.0",2,"Moto/Ciclomotor,Automóvil","Av Freyre Y Tucuman",2,1,0,0,1,0,0,,"Avenida",,"SANTA FE","La Capital","S/D","S/D","I","S/D","Urbana","S/D","S/D","S/D","S/D","S/D","Diurna","S/D","S/D","S/D","S/D","S/D","S/D","S/D","S/D"
2014,3194,08/04/2014,"Martes",0,19:00:00,,"0.0",2,"Moto/Ciclomotor,Pickup/Utilitario","Mariano Moreno Bis 727",2,1,0,0,1,0,0,,"Calle",,"CAÑADA DE GÓMEZ","Iriondo","Asfalto","No existe","X","Dentro","Urbana","Ninguna","No existe","Recta","Bueno","Buena","Atardecer,Con luz artificial","Buen Tiempo","Frontal","S/D","Colisión","S/D","Faltante","Ninguna","Sin restricción"
2014,3195,10/04/2014,"Jueves",0,16:30:00,"Ruta Provincial 70","0.0",2,"Automóvil,Moto/Ciclomotor","Ruta provincial 70 Y Hermenegildo Bonvin",3,2,0,0,1,0,0,,"Ruta",70,"ESPERANZA","Las Colonias","Asfalto","No existe","XI","Dentro","Urbana","Ninguna","No existe","Intersección","Bueno","Buena","Diurna","S/D","Lateral","S/D","Colisión","S/D","S/D","Línea divisoria pintada","Sin restricción"
2014,3196,09/04/2014,"Miercoles",0,22:05:00,,"0.0",2,"Moto/Ciclomotor,Automóvil","Calle 101 Y Calle 121",2,0,1,0,0,0,1,,"Calle",,"AVELLANEDA","General Obligado","Ripio","No existe","IX","Dentro","Urbana","Ninguna","No existe","Recta","Deteriorada","Reducida","Nocturna","Buen Tiempo","Frontal","S/D","Colisión","Ninguna","Faltante","Ninguna","Sin restricción"
2014,3197,04/04/2014,"Viernes",0,15:00:00,,"0.0",2,"Automóvil,Moto/Ciclomotor","Saavedra Y Lavalle",2,1,0,0,0,0,1,,"Calle",,"SAN LORENZO","San Lorenzo","S/D","S/D","XVII","S/D","S/D","S/D","S/D","S/D","S/D","S/D","Diurna","S/D","S/D","S/D","Colisión","S/D","S/D","S/D","S/D"
2014,3198,05/04/2014,"Sabado",0,12:00:00,,"0.0",2,"Moto/Ciclomotor,Automóvil","J Galvez Y Comisario Valentin Kaiser",3,2,0,0,1,0,0,,"Calle",,"RAFAELA","Castellanos","Hormigón","S/D","V","Dentro","Urbana","S/D","S/D","Intersección","S/D","S/D","Diurna","S/D","Lateral","S/D","Colisión","S/D","S/D","S/D","S/D"
2014,3199,10/04/2014,"Jueves",0,07:55:00,"Ruta Nacional 11","0.0",2,"Moto/Ciclomotor,Pickup/Utilitario","Calle 307 ",2,1,0,0,1,0,0,,"Ruta",11,"AVELLANEDA","General Obligado","Asfalto","S/D","IX","Dentro","Urbana","Ninguna","Intermitente","Intersección","Bueno","Buena","Diurna","Lluvia","Lateral","S/D","Colisión","Agua","Vertical","Línea divisoria pintada","Sin restricción"
2014,3200,17/04/2014,"Jueves",0,20:40:00,,"0.0",2,"Moto/Ciclomotor,Automóvil","Santiago del Estero Y Dr Zavalla",3,2,0,0,1,0,0,,"Calle",,"SANTA FE","La Capital","S/D","S/D","I","S/D","Urbana","S/D","S/D","S/D","S/D","S/D","Nocturna","S/D","S/D","S/D","S/D","S/D","S/D","S/D","S/D"
2014,3201,08/04/2014,"Martes",0,08:55:00,,"0.0",2,"Peatón,Automóvil","Nicasio Oroño Y Lavalle",2,1,0,0,1,0,0,,"Calle",,"CAÑADA DE GÓMEZ","Iriondo","Asfalto","No existe","X","S/D","Urbana","Ninguna","No existe","Recta","Bueno","Buena","Diurna","Buen Tiempo","S/D","S/D","Atropello","S/D","Faltante","Ninguna","Sin restricción"
2014,3202,03/04/2014,"Jueves",0,14:00:00,,"0.0",1,"Moto/Ciclomotor","Amado Cittadini ",1,1,0,0,0,0,0,,"S/D",,"SAN LORENZO","San Lorenzo","S/D","S/D","XVII","S/D","S/D","S/D","S/D","S/D","S/D","S/D","Diurna","S/D","S/D","S/D","S/D","S/D","S/D","S/D","S/D"
2014,3203,16/04/2014,"Miercoles",0,15:40:00,,"0.0",2,"Automóvil,Bicicleta","Alfonso Duran Y Juan Diaz de Solis",2,1,0,0,1,0,0,"-31.642916666667,-60.726305555556","Calle",,"SANTA FE","La Capital","S/D","S/D","I","Dentro","Urbana","S/D","S/D","S/D","S/D","S/D","Diurna","S/D","S/D","S/D","Atropello","S/D","S/D","S/D","S/D"
2014,3204,17/04/2014,"Jueves",0,12:40:00,,"0.0",2,"Moto/Ciclomotor,Pickup/Utilitario","Av Freyre 2500",2,1,0,0,1,0,0,,"Avenida",,"SANTA FE","La Capital","S/D","S/D","I","S/D","Urbana","S/D","S/D","S/D","S/D","S/D","Diurna","S/D","S/D","S/D","S/D","S/D","S/D","S/D","S/D"
2014,3205,14/04/2014,"Lunes",0,08:56:00,"Ruta Nacional 11","0.0",2,"Automóvil,Moto/Ciclomotor","Av San Martin Y Congreso",2,1,0,0,0,0,1,,"Ruta",11,"SAN LORENZO","San Lorenzo","S/D","S/D","XVII","S/D","S/D","S/D","S/D","S/D","S/D","S/D","Diurna","S/D","S/D","S/D","S/D","S/D","S/D","S/D","S/D"
2014,3206,06/04/2014,"Domingo",0,06:30:00,,"0.0",1,"Pickup/Utilitario","Bv Pte Roca Y Ayacucho",2,2,0,0,0,0,0,,"Calle",,"RAFAELA","Castellanos","S/D","S/D","V","Fuera","Urbana","S/D","S/D","Intersección","Resbaladiza","S/D","Amanecer","Lluvia","Contra objeto fijo","S/D","Colisión","Agua","S/D","S/D","S/D"
2014,3207,13/04/2014,"Domingo",0,18:50:00,"Autopista Provincial Brigadier E.López","11.0",2,"Automóvil,Pickup/Utilitario"," ",2,0,1,0,1,0,0,,"Autopista","Brigadier E.López","FRAY LUIS BELTRÁN","San Lorenzo","S/D","S/D","XVII","Dentro","Rural","S/D","S/D","S/D","S/D","S/D","Atardecer","S/D","S/D","S/D","S/D","S/D","S/D","S/D","S/D"
2014,3208,07/04/2014,"Lunes",0,19:15:00,,"0.0",2,"Moto/Ciclomotor,Moto/Ciclomotor","Maipu Y Ituzaingo",2,2,0,0,0,0,0,,"Calle",,"CAÑADA DE GÓMEZ","Iriondo","Asfalto","No existe","X","Dentro","Urbana","Ninguna","No existe","Intersección","Resbaladiza","Reducida","Nocturna,Con luz artificial","Lluvia","Frontal","S/D","Colisión","Agua","Faltante","Ninguna","Sin restricción"
2014,3209,17/04/2014,"Jueves",0,15:00:00,,"0.0",2,"Automóvil,Moto/Ciclomotor","Calle 21 Y Calle 10",3,1,1,0,1,0,0,,"Calle",,"AVELLANEDA","General Obligado","Asfalto","No existe","IX","Dentro","Urbana","Ninguna","No existe","Intersección","Bueno","Buena","Diurna","Buen Tiempo","Lateral","S/D","Colisión","S/D","Faltante","Ninguna","Sin restricción"
2014,3210,17/04/2014,"Jueves",0,21:40:00,,"0.0",1,"Moto/Ciclomotor","Av Argentina Y F L Carrel",1,0,1,0,0,0,0,,"Calle",,"ESPERANZA","Las Colonias","Ripio","No existe","XI","Dentro","Urbana","Ninguna","No existe","Intersección","Deteriorada","S/D","Nocturna","S/D","S/D","S/D","Caída ocupante","Material Suelto","S/D","Ninguna","Sin restricción"
2014,3211,19/04/2014,"Sabado",0,12:15:00,,"0.0",2,"Automóvil,Moto/Ciclomotor","Mariano Moreno Y Estanislao Zeballos",2,0,0,0,0,0,2,,"Calle",,"ESPERANZA","Las Colonias","Hormigón","No existe","XI","S/D","Urbana","Ninguna","No existe","Intersección","Bueno","Buena","Diurna","Buen Tiempo","Lateral","S/D","Colisión","S/D","Horizontal,Vertical","Cordón divisorio","Sin restricción"
2014,3212,12/04/2014,"Sabado",0,07:00:00,"Ruta Nacional 11","0.0",2,"Moto/Ciclomotor,Bicicleta","Av San Martin Y Gral Lopez",2,0,1,0,1,0,0,,"Ruta",11,"FRAY LUIS BELTRÁN","San Lorenzo","Asfalto","Ripio","XVII","S/D","Urbana","S/D","No existe","Recta","Bueno","Reducida","Amanecer","S/D","S/D","S/D","Atropello","S/D","S/D","S/D","S/D"
2014,3213,08/04/2014,"Martes",0,18:30:00,,"0.0",2,"Automóvil,Moto/Ciclomotor","Urquiza Y Sargento Cabral",2,1,0,0,1,0,0,,"S/D",,"SAN LORENZO","San Lorenzo","S/D","S/D","XVII","S/D","S/D","S/D","S/D","S/D","S/D","S/D","Diurna","S/D","S/D","S/D","S/D","S/D","S/D","S/D","S/D"
2014,3214,06/04/2014,"Domingo",0,07:15:00,,"0.0",1,"Automóvil","Alberdi 450",2,2,0,0,0,0,0,,"Calle",,"CAÑADA DE GÓMEZ","Iriondo","Asfalto","No existe","X","Dentro","Urbana","Ninguna","No existe","Recta","Bueno","Reducida","Diurna","Lluvia","Contra objeto fijo","S/D","Colisión","Agua","Faltante","Ninguna","Sin restricción"
2014,3215,16/04/2014,"Miercoles",0,,"Ruta Nacional 95","815.0",1,"Automóvil"," ",5,2,1,0,2,0,0,,"Ruta",95,"TOSTADO","9 de Julio","S/D","Natural","XII","Fuera","Rural","Ninguna","No existe","Otro","Otro","Reducida","Nocturna","Buen Tiempo","S/D","S/D","Vuelco","Otro","Horizontal","Ninguna","Sin restricción"
2014,3216,06/04/2014,"Domingo",0,06:50:00,,"0.0",2,"Automóvil,Automóvil","Bv Pte Roca Y 25 de Mayo",3,1,0,0,2,0,0,,"Calle",,"RAFAELA","Castellanos","S/D","S/D","V","Dentro","Urbana","S/D","S/D","Intersección","Resbaladiza","S/D","Amanecer","Lluvia","Lateral","S/D","Colisión","Agua","S/D","S/D","S/D"
2014,3217,05/04/2014,"Sabado",0,13:25:00,,"0.0",2,"Moto/Ciclomotor,Moto/Ciclomotor","Gorriti 4428",2,1,0,0,1,0,0,,"Calle",,"SANTA FE","La Capital","Hormigón","No existe","I","Dentro","Urbana","Ninguna","No existe","S/D","Bueno","Buena","Diurna","Buen Tiempo","De alcance","S/D","Colisión","S/D","Horizontal","Cordón divisorio","Sin restricción"