"anio_acci","nro_acci","fecha","desc_dia","fecha_aprox","hora_aprox","desc_ruta","km","cant_participantes","desc_participante","calle_avenida_km","total","heridos_leves","heridos_graves","heridos_gravisimos","ilesos","fallecidos","sin_datos","posicion_XY","desc_tipo_via","desc_ruta_ori","desc_loc","desc_dpto","desc_tipo_calzada","desc_tipo_banquina","desc_unidad_regional","desc_lugar_calzada","desc_zona","desc_prioridad","desc_estado_semaforo","desc_lugar_via","desc_estado_via","desc_estado_visibilidad","desc_luminosidad","desc_estado_clima","desc_tipo_colision","desc_tipo_atropello","desc_tipo_hecho","desc_pres_calzada","desc_senializacion","desc_separacion_via","desc_restriccion"
2014,3218,22/04/2014,"Martes",0,06:45:00,"Ruta Nacional 11","0.0",1,"Moto/Ciclomotor","Calle 13 ",2,2,0,0,0,0,0,,"Ruta",11,"AVELLANEDA","General Obligado","Asfalto","No existe","IX","Dentro","Urbana","Ninguna","No existe","Recta","Bueno","Buena","Diurna","Buen Tiempo","Atropello animal","S/D","Colisión","S/D","Faltante","Ninguna","Sin restricción"
2014,3219,04/04/2014,"Viernes",0,05:45:00,,"0.0",2,"Moto/Ciclomotor,Pickup/Utilitario","Saavedra Y Nogoya",2,1,0,0,1,0,0,,"Avenida",,"EMPALME VILLA CONSTITUCIÓN","Constitución","Asfalto","Pavimento","VI","Dentro","Urbana","Ninguna","No existe","Intersección","Bueno","Buena","Amanecer","Buen Tiempo","Lateral","S/D","Colisión","Ninguna","Horizontal","Ninguna","Sin restricción"
2014,3220,03/04/2014,"Jueves",0,19:40:00,,"0.0",2,"Moto/Ciclomotor,Moto/Ciclomotor","Bv. Balcarce Y Pellegrini",2,2,0,0,0,0,0,,"Calle",,"CAÑADA DE GÓMEZ","Iriondo","Asfalto","No existe","X","Dentro","Urbana","Ninguna","No existe","Intersección","Deteriorada","Reducida p/ objetos","Atardecer,Con luz artificial","Buen Tiempo","Frontal","S/D","Colisión","S/D","Faltante","Ninguna","Sin restricción"
2014,3221,07/04/2014,"Lunes",0,12:10:00,,"0.0",2,"Camión,Moto/Ciclomotor","Mariano Moreno Y Soler",2,0,0,0,0,0,2,,"Calle",,"ESPERANZA","Las Colonias","Hormigón","No existe","XI","S/D","Urbana","Semáforo","Funciona","Intersección","Bueno","Buena","Diurna","Buen Tiempo","Lateral","S/D","Colisión","S/D","Horizontal","Cordón divisorio","Sin restricción"
2014,3222,03/04/2014,"Jueves",0,,,"0.0",2,"Otros,Moto/Ciclomotor","Gorriti 4600",2,1,0,0,1,0,0,,"Calle",,"SANTA FE","La Capital","Hormigón","No existe","I","Dentro","Urbana","S/D","No existe","Otro","Bueno","S/D","Diurna","Buen Tiempo","S/D","S/D","S/D","S/D","S/D","Cordón divisorio","Sin restricción"
2014,3223,25/04/2014,"Viernes",0,22:05:00,"Ruta Provincial 70","0.0",1,"Bicicleta","Ruta provincial 70 ",2,0,0,0,0,0,2,,"Ruta",70,"ESPERANZA","Las Colonias","Hormigón","Pavimento","XI","S/D","S/D","Ninguna","No existe","Recta","Bueno","Buena","Nocturna","Buen Tiempo","Atropello animal","S/D","Colisión","S/D","Horizontal","Ninguna","Sin restricción"
2014,3224,25/04/2014,"Viernes",0,19:45:00,,"0.0",2,"Camión,Bicicleta","CALLE 1 Y CALLE 50",2,0,1,0,1,0,0,,"Calle",,"FRONTERA","Castellanos","Asfalto","S/D","V","S/D","Urbana","S/D","S/D","Intersección","Bueno","S/D","Nocturna,Con luz artificial","S/D","S/D","S/D","Atropello","S/D","S/D","S/D","S/D"
2014,3225,03/04/2014,"Jueves",0,12:55:00,,"0.0",1,"Moto/Ciclomotor","Bv. Balcarce 830",1,1,0,0,0,0,0,,"Calle",,"CAÑADA DE GÓMEZ","Iriondo","Asfalto","No existe","X","Dentro","Urbana","Ninguna","No existe","Recta","Deteriorada","Buena","Diurna","Buen Tiempo","Contra objeto fijo","S/D","Colisión","S/D","Faltante","Ninguna","Sin restricción"
2014,3226,06/04/2014,"Domingo",0,23:55:00,"Ruta Nacional 11","0.0",1,"Automóvil","Ruta Nac 11 ",2,0,2,0,0,0,0,,"Ruta",11,"SAN LORENZO","San Lorenzo","S/D","S/D","XVII","S/D","S/D","S/D","S/D","S/D","S/D","S/D","Nocturna","S/D","S/D","S/D","S/D","S/D","S/D","S/D","S/D"
2014,3227,22/04/2014,"Martes",0,,,"0.0",2,"Bicicleta,Otros","Laprida Y Lavalle",2,0,0,0,0,0,2,,"Calle",,"ESPERANZA","Las Colonias","Hormigón","No existe","XI","S/D","Urbana","Ninguna","No existe","Intersección","Bueno","Buena","Diurna","Buen Tiempo","S/D","S/D","Atropello","S/D","Horizontal,Vertical","Cordón divisorio","Sin restricción"
2014,3228,25/04/2014,"Viernes",0,06:45:00,,"0.0",2,"Moto/Ciclomotor,Camión","Tucuman Y Irigoyen",2,1,0,0,1,0,0,,"Calle",,"EMPALME VILLA CONSTITUCIÓN","Constitución","Hormigón","Pavimento","VI","Dentro","Urbana","Ninguna","No existe","Intersección","Bueno","Buena","Diurna","Buen Tiempo","Lateral","S/D","Colisión","Ninguna","Horizontal","Ninguna","Sin restricción"
2014,3229,28/04/2014,"Lunes",0,11:05:00,,"0.0",2,"Moto/Ciclomotor,Pickup/Utilitario","Calle 12 San Martin Y Calle 21-Gdor. iriondo",3,2,0,0,1,0,0,,"Avenida",,"RECONQUISTA","General Obligado","Asfalto","No existe","IX","Dentro","Urbana","Ninguna","No existe","Intersección","Bueno","Buena","Diurna","Buen Tiempo","De alcance","S/D","Colisión","S/D","Horizontal","S/D","Sin restricción"
2014,3230,19/04/2014,"Sabado",0,18:20:00,,"0.0",2,"Automóvil,Moto/Ciclomotor","Rivadavia 1571",3,0,0,0,0,0,3,,"Calle",,"ESPERANZA","Las Colonias","Hormigón","No existe","XI","S/D","Urbana","Ninguna","No existe","Recta","Bueno","Buena","Diurna","Buen Tiempo","Lateral","S/D","Colisión","S/D","Horizontal","Cordón divisorio","Sin restricción"
2014,3231,09/04/2014,"Miercoles",0,19:40:00,"Ruta Provincial 2","0.0",2,"Pickup/Utilitario,Moto/Ciclomotor","Ruta Prov 2 ",2,1,0,0,1,0,0,,"Ruta",2,"TOSTADO","9 de Julio","Asfalto","Ripio","XII","S/D","Urbana","Ninguna","No existe","Recta","Bueno","Buena","Nocturna,Con luz artificial","Buen Tiempo","Lateral","S/D","Colisión","Otro","Horizontal","Ninguna","Sin restricción"
2014,3232,07/04/2014,"Lunes",0,05:50:00,"Ruta Nacional 11","0.0",2,"Bicicleta,Moto/Ciclomotor","Av San Martin Y Guayaquil",2,0,1,0,1,0,0,,"Ruta",11,"FRAY LUIS BELTRÁN","San Lorenzo","Asfalto","Ripio","XVII","Dentro","Urbana","Ninguna","No existe","Recta","Bueno","Reducida","Nocturna","Buen Tiempo","S/D","S/D","Atropello","S/D","S/D","Ninguna","S/D"
2014,3233,11/04/2014,"Viernes",0,07:05:00,"Ruta Provincial 1","26.0",2,"Moto/Ciclomotor,Bicicleta"," ",3,2,1,0,0,0,0,,"Ruta",1,"LOS ZAPALLOS","Garay","Asfalto","Natural","VII","Dentro","Rural","Ninguna","No existe","Recta","Bueno","Reducida","Nocturna,Con luz artificial","Buen Tiempo","S/D","S/D","Atropello","S/D","Vertical","Ninguna","Sin restricción"
2014,3235,05/04/2014,"Sabado",0,23:20:00,,"0.0",2,"Automóvil,Moto/Ciclomotor","Rioja 1526",2,0,1,0,1,0,0,,"Calle",,"FRAY LUIS BELTRÁN","San Lorenzo","Ripio","No existe","XVII","S/D","Urbana","Ninguna","No existe","Recta","Bueno","Buena","Nocturna","Buen Tiempo","Frontal","S/D","Colisión","S/D","S/D","Ninguna","Sin restricción"
2014,3236,20/04/2014,"Domingo",0,09:25:00,"Ruta Provincial 1","67.0",1,"Moto/Ciclomotor","Ruta Prov 1 67",2,2,0,0,0,0,0,,"Ruta",1,"CAYASTA","Garay","Asfalto","Pavimento","VII","S/D","Rural","Ninguna","No existe","Curva","Bueno","Buena","Diurna","Buen Tiempo","Atropello animal","S/D","Colisión","S/D","Faltante","Ninguna","Sin restricción"
2014,3237,02/04/2014,"Miercoles",0,04:35:00,,"0.0",2,"Peatón,Moto/Ciclomotor","Beruti Y Virasoro",2,1,0,0,1,0,0,,"Calle",,"ROSARIO","Rosario","Asfalto","No existe","II","Dentro","Urbana","Marca Vial","No existe","Intersección","Bueno","Buena","Nocturna,Con luz artificial","Buen Tiempo","S/D","S/D","Atropello","Ninguna","Vertical","Línea divisoria pintada","Sin restricción"
2014,3238,01/04/2014,"Martes",0,07:50:00,,"0.0",2,"Moto/Ciclomotor,Pickup/Utilitario","Almte. Brown Y Hipolito Irigoyen",2,1,0,0,1,0,0,,"Calle",,"CAÑADA DE GÓMEZ","Iriondo","Asfalto","No existe","X","Dentro","Urbana","Ninguna","No existe","Intersección","Bueno","Buena","Diurna","Buen Tiempo","Frontal","S/D","Colisión","S/D","Faltante","Ninguna","Sin restricción"
2014,3239,30/04/2014,"Miercoles",0,14:20:00,,"0.0",2,"Moto/Ciclomotor,Automóvil"," ",3,2,0,0,1,0,0,,"Calle",,"AVELLANEDA","General Obligado","Asfalto","Natural","IX","Dentro","S/D","Ninguna","No existe","Recta","Bueno","Buena","Diurna","Buen Tiempo","De alcance","S/D","Colisión","S/D","Horizontal","Ninguna","Sin restricción"
2014,3240,25/04/2014,"Viernes",0,15:15:00,"Ruta Nacional 11","0.0",2,"Moto/Ciclomotor,Automóvil","Av San Martin Y Pte Peron",2,1,0,0,1,0,0,,"Ruta",11,"FRAY LUIS BELTRÁN","San Lorenzo","Asfalto","Ripio","XVII","Dentro","Urbana","Ninguna","No existe","Recta","Bueno","Buena","Diurna","Buen Tiempo","Frontal","S/D","Colisión","S/D","S/D","Ninguna","Sin restricción"
2014,3241,01/04/2014,"Martes",0,14:00:00,,"0.0",2,"Moto/Ciclomotor,Automóvil","Buenos Aires Y Bv. Segui",2,1,0,0,1,0,0,,"Avenida",,"ROSARIO","Rosario","Asfalto","No existe","II","Dentro","Urbana","Marca Vial","No existe","Intersección","Bueno","Buena","Diurna","Buen Tiempo","Lateral","S/D","Colisión","Ninguna","Vertical","Línea divisoria pintada","Sin restricción"
2014,3242,09/04/2014,"Miercoles",0,11:10:00,,"0.0",2,"Automóvil,Moto/Ciclomotor","Calle 1 ",2,1,0,0,1,0,0,,"Calle",,"SANTA ROSA DE CALCHINES","Garay","Asfalto","Pavimento","VII","S/D","Urbana","Ninguna","No existe","Recta","Bueno","Buena","Diurna","Buen Tiempo","Frontal,Lateral","S/D","Colisión","S/D","Faltante","Vegetación","Sin restricción"
2014,3243,11/04/2014,"Viernes",0,14:00:00,,"0.0",1,"Moto/Ciclomotor","ZONA RURAL ",1,0,1,0,0,0,0,,"Camino Rural",,"COLONIA ALDAO","Castellanos","S/D","S/D","V","S/D","Rural","S/D","S/D","Recta","S/D","S/D","Diurna","S/D","S/D","S/D","Caída ocupante","S/D","S/D","S/D","S/D"
2014,3244,13/04/2014,"Domingo",0,18:25:00,,"0.0",2,"Moto/Ciclomotor,Automóvil","Bv Santa Fe Y General Paz",2,1,0,0,1,0,0,,"Avenida",,"RAFAELA","Castellanos","Asfalto","S/D","V","S/D","Urbana","S/D","S/D","Intersección","Bueno","Buena","Atardecer,Con luz artificial","S/D","S/D","S/D","Colisión","S/D","S/D","S/D","S/D"
2014,3245,01/04/2014,"Martes",0,13:50:00,"Ruta Nacional 11","0.0",2,"Moto/Ciclomotor,Automóvil","Av San Martin Y Gral Lopez",2,0,1,0,1,0,0,,"Ruta",11,"FRAY LUIS BELTRÁN","San Lorenzo","Asfalto","Ripio","XVII","Dentro","Urbana","Ninguna","No existe","Intersección","Bueno","Buena","Diurna","Buen Tiempo","Lateral","S/D","Colisión","S/D","S/D","Ninguna","Sin restricción"
2014,3246,11/04/2014,"Viernes",0,15:00:00,,"0.0",2,"Moto/Ciclomotor,Pickup/Utilitario","Calle 9 ",2,1,0,0,1,0,0,,"Calle",,"FRONTERA","Castellanos","S/D","S/D","V","S/D","Urbana","S/D","S/D","Intersección","S/D","Buena","Diurna","S/D","S/D","S/D","Colisión","S/D","S/D","S/D","S/D"
2014,3247,16/04/2014,"Miercoles",0,23:50:00,,"0.0",2,"Camión,Moto/Ciclomotor","Sgto Cabral 1400",2,1,0,0,0,0,1,,"Calle",,"TOTORAS","Iriondo","Asfalto","S/D","X","Dentro","Urbana","S/D","No existe","Recta","Bueno","Buena","Nocturna","Buen Tiempo","Contra objeto fijo","S/D","Colisión","S/D","S/D","S/D","S/D"
2014,3248,29/04/2014,"Martes",0,07:15:00,"Ruta Nacional 34","259.0",1,"Vehículo Oficial"," ",2,2,0,0,0,0,0,,"Ruta",34,"SUNCHALES","Castellanos","Asfalto","S/D","V","Fuera","Rural","S/D","S/D","Recta","S/D","S/D","Diurna","S/D","S/D","S/D","Despiste","S/D","S/D","S/D","S/D"
2014,3249,16/04/2014,"Miercoles",0,15:30:00,"Ruta Provincial 70","0.0",2,"Moto/Ciclomotor,Automóvil","Dr Romang ",4,0,1,0,0,0,3,,"Ruta",70,"ESPERANZA","Las Colonias","Hormigón","No existe","XI","S/D","Urbana","Ninguna","No existe","Intersección","Bueno","Buena","Diurna","Buen Tiempo","Lateral","S/D","Colisión","S/D","Horizontal","Cordón divisorio","Sin restricción"
2014,3251,02/04/2014,"Miercoles",0,19:30:00,"Ruta Provincial 91","0.0",2,"Camión,Automóvil","Ruta Nac 34 ",4,3,0,0,0,0,1,,"Ruta",91,"TOTORAS","Iriondo","Asfalto","Natural","X","Dentro","Rural","Ninguna","No existe","Intersección","Bueno","Buena","Nocturna","Buen Tiempo","Lateral","S/D","Colisión","S/D","S/D","S/D","S/D"
2014,3252,15/04/2014,"Martes",0,,,"0.0",2,"Moto/Ciclomotor,Automóvil","Ing White ",2,0,0,0,0,0,2,,"Calle",,"SAN LORENZO","San Lorenzo","S/D","S/D","XVII","S/D","S/D","S/D","S/D","S/D","S/D","S/D","S/D","S/D","S/D","S/D","S/D","S/D","S/D","S/D","S/D"
2014,3253,03/04/2014,"Jueves",0,01:15:00,,"0.0",2,"Moto/Ciclomotor,Moto/Ciclomotor","Calle 27-Gdor Freyre Y Calle 26 - Bolivar",2,2,0,0,0,0,0,,"Calle",,"RECONQUISTA","General Obligado","Asfalto","No existe","IX","Dentro","Urbana","Ninguna","No existe","Intersección","Bueno","Buena","Nocturna","Buen Tiempo","Lateral","S/D","Colisión","Otro","Faltante","Cordón divisorio","Sin restricción"
2014,3254,04/04/2014,"Viernes",0,21:00:00,,"0.0",2,"Moto/Ciclomotor,Automóvil","Av. Ovidio Lagos Y Av. Battle y Ordoñez",2,1,0,0,1,0,0,,"Avenida",,"ROSARIO","Rosario","S/D","S/D","II","Dentro","Urbana","S/D","S/D","S/D","S/D","Buena","Nocturna","S/D","S/D","S/D","S/D","S/D","S/D","S/D","S/D"
2014,3256,11/04/2014,"Viernes",0,12:15:00,,"0.0",2,"Moto/Ciclomotor,Automóvil","Entre Rios Y Sarmiento",2,1,0,0,1,0,0,,"Calle",,"OLIVEROS","Iriondo","Asfalto","No existe","X","S/D","Urbana","Ninguna","No existe","Intersección","Bueno","Buena","Diurna","Buen Tiempo","Lateral","S/D","Colisión","S/D","Faltante","Ninguna","Sin restricción"
2014,3257,15/04/2014,"Martes",0,18:50:00,,"0.0",2,"Moto/Ciclomotor,Camión","Formosa Y Curupaiti",2,0,0,0,0,0,2,,"S/D",,"SAN LORENZO","San Lorenzo","S/D","S/D","XVII","S/D","S/D","S/D","S/D","S/D","S/D","S/D","Diurna","S/D","S/D","S/D","S/D","S/D","S/D","S/D","S/D"
2014,3258,04/04/2014,"Viernes",0,07:30:00,,"0.0",2,"Moto/Ciclomotor,Transporte de Pasajeros","Av. Ovidio Lagos 6000",3,2,0,0,1,0,0,,"Avenida",,"ROSARIO","Rosario","Asfalto","S/D","II","Dentro","Urbana","Otra Señal","S/D","Recta","Deteriorada","S/D","Amanecer","Buen Tiempo","Lateral","S/D","Colisión","S/D","Horizontal","Línea divisoria pintada","Obra en Construcción"
2014,3259,13/04/2014,"Domingo",0,02:50:00,"Ruta Provincial 1","80.0",1,"Moto/Ciclomotor"," ",1,0,1,0,0,0,0,,"Ruta",1,"HELVECIA","Garay","Asfalto","Natural","VII","Fuera","Rural","Ninguna","No existe","Recta","Bueno","S/D","Nocturna","Buen Tiempo","S/D","S/D","Despiste","S/D","Faltante","Ninguna","Sin restricción"
2014,3260,18/04/2014,"Viernes",0,18:20:00,,"0.0",2,"Moto/Ciclomotor,Automóvil","B Geuna Y J Abele",2,0,1,0,1,0,0,,"Calle",,"RAFAELA","Castellanos","Asfalto","S/D","V","S/D","Urbana","S/D","S/D","Intersección","Bueno","Buena","Atardecer","S/D","S/D","S/D","Colisión","S/D","S/D","S/D","S/D"
2014,3261,03/04/2014,"Jueves",0,17:30:00,"Ruta Nacional 11","0.0",2,"Pickup/Utilitario,Moto/Ciclomotor","Ruta Nacional 11 ",2,1,0,0,1,0,0,,"Ruta",11,"RECONQUISTA","General Obligado","Asfalto","Pavimento","IX","Dentro","Urbana","Semáforo","Funciona","Intersección","Bueno","Buena","Diurna","Buen Tiempo","Lateral","S/D","Colisión","Otro","Vertical","Cordón divisorio","Sin restricción"
2014,3262,17/04/2014,"Jueves",0,12:00:00,,"0.0",2,"Automóvil,Automóvil","A Aufranc Y Nicolas Schneider",2,1,0,0,1,0,0,,"Calle",,"ESPERANZA","Las Colonias","Asfalto","S/D","XI","S/D","Urbana","Semáforo","S/D","Intersección","Bueno","Buena","Diurna","Buen Tiempo","Frontal","S/D","Colisión","S/D","Horizontal","Línea divisoria pintada","Sin restricción"
2014,3263,13/04/2014,"Domingo",0,22:30:00,"Ruta Provincial 17","0.0",2,"Automóvil,Camión"," ",3,1,0,0,2,0,0,,"Ruta",17,"CORONEL ARNOLD","San Lorenzo","Asfalto","Natural","XVII","Dentro","Urbana","Ninguna","No existe","Recta","Bueno","Buena","Nocturna","Buen Tiempo","Lateral","S/D","Colisión","Ninguna","Faltante","Ninguna","Sin restricción"
2014,3264,28/04/2014,"Lunes",0,13:10:00,,"0.0",2,"Moto/Ciclomotor,Pickup/Utilitario","J G Artigas Y Rivadavia",2,0,1,0,1,0,0,,"Calle",,"RAFAELA","Castellanos","Hormigón","S/D","V","Dentro","Urbana","S/D","S/D","Intersección","S/D","S/D","Diurna","S/D","Lateral","S/D","Colisión","S/D","S/D","S/D","S/D"
2014,3265,26/04/2014,"Sabado",0,08:05:00,,"85.0",2,"Otros,Moto/Ciclomotor","Boulevard General B Mitre ",2,1,0,0,1,0,0,,"Calle",,"HELVECIA","Garay","Asfalto","Natural","VII","Dentro","Urbana","Ninguna","No existe","Curva","Bueno","Buena","Diurna","Buen Tiempo","Otro","S/D","Colisión","S/D","S/D","Ninguna","S/D"
2014,3266,19/04/2014,"Sabado",0,10:35:00,,"0.0",2,"Camión,Moto/Ciclomotor","Buenos Aires 300",2,1,0,0,1,0,0,,"Calle",,"OLIVEROS","Iriondo","Asfalto","No existe","X","Dentro","Urbana","Ninguna","No existe","Recta","Bueno","Buena","Diurna","Buen Tiempo","De alcance","S/D","Colisión","S/D","Horizontal","Línea divisoria pintada","Sin restricción"
2014,3267,04/04/2014,"Viernes",0,01:30:00,,"0.0",2,"Automóvil,Bicicleta","Calle 16 Gral Obligado Y Calle 17-Bartolome Mitre",2,1,0,0,1,0,0,,"Calle",,"RECONQUISTA","General Obligado","Asfalto","S/D","IX","S/D","Urbana","Ninguna","No existe","Intersección","Bueno","Buena","Nocturna","Buen Tiempo","S/D","S/D","Atropello","S/D","S/D","Ninguna","Sin restricción"
2014,3268,11/04/2014,"Viernes",0,21:00:00,,"0.0",1,"Moto/Ciclomotor","Rosendo M. Fraga Y Rio Negro",1,0,1,0,0,0,0,,"Calle",,"EL TRÉBOL","San Martín","S/D","S/D","XVIII","Dentro","Urbana","S/D","S/D","S/D","S/D","S/D","Nocturna","S/D","S/D","S/D","S/D","S/D","S/D","S/D","S/D"
2014,3269,14/04/2014,"Lunes",0,09:35:00,"Ruta Nacional 11","0.0",2,"Automóvil,Moto/Ciclomotor","Av San Martin Y Congreso",2,0,0,0,0,0,2,,"Ruta",11,"SAN LORENZO","San Lorenzo","S/D","S/D","XVII","S/D","Urbana","S/D","S/D","S/D","S/D","S/D","Diurna","S/D","S/D","S/D","S/D","S/D","S/D","S/D","S/D"
2014,3270,04/04/2014,"Viernes",0,09:30:00,,"0.0",2,"Automóvil,Moto/Ciclomotor","Calle 31-Newbery Y Roca Pte",3,0,1,0,2,0,0,,"Calle",,"RECONQUISTA","General Obligado","Asfalto","No existe","IX","Dentro","Urbana","Ninguna","No existe","Intersección","Bueno","Buena","Diurna","Buen Tiempo","Frontal","S/D","Colisión","S/D","Horizontal","Ninguna","Sin restricción"
2014,3271,20/04/2014,"Domingo",0,12:30:00,,"0.0",2,"Otros,Moto/Ciclomotor","Gral Roca Y Entre Rios",2,1,0,0,1,0,0,,"Calle",,"OLIVEROS","Iriondo","Asfalto","No existe","X","Dentro","Urbana","Ninguna","No existe","Intersección","Bueno","Buena","Diurna","Buen Tiempo","Lateral","S/D","Colisión","S/D","Faltante","Ninguna","Sin restricción"
2014,3272,17/04/2014,"Jueves",0,15:30:00,,"0.0",2,"Bicicleta,Moto/Ciclomotor","Bv Lisandro de la Torre Y Sargento Cabral",2,1,0,0,1,0,0,,"Avenida",,"SAN JORGE","San Martín","Asfalto","S/D","XVIII","S/D","Urbana","S/D","S/D","Intersección","Bueno","Buena","Diurna","Buen Tiempo","S/D","S/D","Atropello","S/D","Vertical","S/D","Sin restricción"
2014,3273,29/04/2014,"Martes",0,18:30:00,,"0.0",2,"Moto/Ciclomotor,Automóvil","Bv Pte Roca Y Viamonte",2,1,0,0,1,0,0,,"Avenida",,"RAFAELA","Castellanos","S/D","S/D","V","Dentro","Urbana","S/D","S/D","Intersección","Bueno","S/D","Diurna","S/D","Lateral","S/D","Colisión","S/D","S/D","S/D","S/D"
2014,3274,26/04/2014,"Sabado",0,09:00:00,"Ruta Nacional 19","0.0",2,"Peatón,Camión"," ",2,1,0,0,1,0,0,,"Ruta",19,"ESTACIÓN CLUCELLAS","Castellanos","Hormigón","S/D","V","S/D","Rural","S/D","No existe","Recta","S/D","Buena","Diurna","Buen Tiempo","S/D","S/D","Atropello","S/D","S/D","S/D","Reparación de Vía"
2014,3275,10/04/2014,"Jueves",0,01:20:00,"Ruta Provincial 6","63.0",1,"Moto/Ciclomotor"," ",1,1,0,0,0,0,0,,"Ruta",6,"ESPERANZA","Las Colonias","Asfalto","Natural","XI","S/D","Rural","Ninguna","No existe","Recta","Bueno","Reducida","Nocturna","Buen Tiempo","Atropello animal","S/D","Colisión","S/D","Faltante","Línea divisoria pintada","Sin restricción"
2014,3276,21/03/2014,"Viernes",0,10:15:00,,"0.0",2,"Moto/Ciclomotor,Automóvil","Av Urquiza Y Lisandro de la Torre",2,1,0,0,1,0,0,,"Avenida",,"SANTA FE","La Capital","S/D","S/D","I","S/D","Urbana","S/D","S/D","S/D","S/D","S/D","Diurna","S/D","S/D","S/D","Colisión","S/D","S/D","S/D","S/D"
2014,3277,26/04/2014,"Sabado",0,21:00:00,"Ruta Provincial 70","73.0",2,"Moto/Ciclomotor,Automóvil","Ruta Provincial 70 ",2,0,1,0,1,0,0,,"Ruta",70,"BELLA ITALIA","Castellanos","Hormigón","Natural","V","S/D","Rural","S/D","No existe","Curva","Bueno","Reducida","Nocturna","Buen Tiempo","S/D","S/D","Colisión","S/D","S/D","S/D","S/D"
2014,3278,10/04/2014,"Jueves",0,16:00:00,,"0.0",1,"Moto/Ciclomotor","R P A Janssen Y Almafuerte",1,1,0,0,0,0,0,,"Calle",,"ESPERANZA","Las Colonias","Hormigón","No existe","XI","Dentro","Urbana","Ninguna","No existe","Intersección","Bueno","Buena","Diurna","Buen Tiempo","Atropello animal","S/D","Colisión","S/D","Horizontal,Vertical","Cordón divisorio","Sin restricción"
2014,3279,20/03/2014,"Jueves",0,00:35:00,,"0.0",2,"Moto/Ciclomotor,Automóvil","Av Freyre Y Salta",2,1,0,0,1,0,0,,"Avenida",,"SANTA FE","La Capital","S/D","S/D","I","S/D","Urbana","S/D","S/D","S/D","S/D","S/D","Nocturna","S/D","S/D","S/D","S/D","S/D","S/D","S/D","S/D"
2014,3280,24/04/2014,"Jueves",0,20:30:00,"Ruta Nacional 34","236.0",1,"Moto/Ciclomotor"," ",1,1,0,0,0,0,0,,"Ruta",34,"LEHMANN","Castellanos","Hormigón","S/D","V","S/D","Rural","S/D","S/D","Recta","Otro","Reducida","Nocturna","Buen Tiempo","S/D","S/D","Caída ocupante","S/D","S/D","S/D","Reparación de Vía"
2014,3281,14/04/2014,"Lunes",0,10:30:00,,"0.0",2,"Moto/Ciclomotor,Automóvil","Domingo Silva Y Lavalle",3,0,1,0,2,0,0,,"Calle",,"RAFAELA","Castellanos","Asfalto","No existe","V","S/D","Urbana","S/D","No existe","Intersección","Bueno","Buena","Diurna","Buen Tiempo","Frontal","S/D","Colisión","S/D","S/D","S/D","S/D"
2014,3282,11/04/2014,"Viernes",0,12:40:00,,"0.0",2,"Automóvil,Moto/Ciclomotor","General Paz Y Aaron Castellanos",3,2,0,0,1,0,0,,"Calle",,"ESPERANZA","Las Colonias","Asfalto","Pavimento","XI","Dentro","Urbana","Ninguna","No existe","Intersección","Bueno","Buena","Diurna","Buen Tiempo","Lateral","S/D","Colisión","Otro","S/D","Línea divisoria pintada","Sin restricción"
2014,3283,24/04/2014,"Jueves",0,14:10:00,"Ruta Nacional 11","30.0",1,"Pickup/Utilitario"," ",2,1,0,0,1,0,0,,"Ruta",11,"ANDINO","Iriondo","Asfalto","S/D","X","Dentro","Urbana","S/D","S/D","Recta","Con baches","S/D","Diurna","Buen Tiempo","S/D","S/D","Colisión","S/D","Vertical","Línea divisoria pintada","Sin restricción"
2014,3284,26/04/2014,"Sabado",0,15:50:00,,"0.0",2,"Moto/Ciclomotor,Automóvil","Bv H Irigoyen Y Las Heras",2,1,0,0,1,0,0,,"Avenida",,"RAFAELA","Castellanos","S/D","S/D","V","S/D","Urbana","S/D","No existe","Intersección","Deteriorada","Buena","Diurna","Buen Tiempo","Frontal","S/D","Colisión","S/D","S/D","S/D","S/D"
2014,3285,01/04/2014,"Martes",0,19:31:00,"Ruta Nacional 11","0.0",2,"Moto/Ciclomotor,Automóvil","Av San Martin Y Bv Oroño",2,1,0,0,1,0,0,,"Ruta",11,"SAN LORENZO","San Lorenzo","Hormigón","S/D","XVII","S/D","Urbana","S/D","S/D","Intersección","Bueno","S/D","Nocturna","S/D","S/D","S/D","S/D","S/D","S/D","S/D","S/D"
2014,3286,21/04/2014,"Lunes",0,11:00:00,,"0.0",2,"Automóvil,Pickup/Utilitario","F Ameghino Y Suipacha",2,1,0,0,1,0,0,,"Calle",,"SUNCHALES","Castellanos","S/D","S/D","V","S/D","Urbana","S/D","S/D","Intersección","S/D","S/D","Diurna","S/D","Frontal","S/D","Colisión","S/D","S/D","S/D","S/D"
2014,3287,20/04/2014,"Domingo",0,13:00:00,,"0.0",2,"Moto/Ciclomotor,Automóvil","Bv Pte Roca Y P Avanthay",2,1,0,0,0,0,1,,"S/D",,"RAFAELA","Castellanos","Asfalto","S/D","V","S/D","Urbana","S/D","S/D","Intersección","S/D","Buena","Diurna","S/D","S/D","S/D","Colisión","S/D","S/D","S/D","S/D"
2014,3288,22/04/2014,"Martes",0,08:40:00,,"0.0",2,"Moto/Ciclomotor,Pickup/Utilitario"," ",3,2,0,0,1,0,0,,"Calle",,"RECONQUISTA","General Obligado","Asfalto","No existe","IX","Dentro","Urbana","Ninguna","No existe","Intersección","Bueno","Buena","Diurna","Buen Tiempo","Frontal","S/D","Colisión","Ninguna","Faltante","Cordón divisorio","Sin restricción"