"anio_acci","nro_acci","fecha","desc_dia","fecha_aprox","hora_aprox","desc_ruta","km","cant_participantes","desc_participante","calle_avenida_km","total","heridos_leves","heridos_graves","heridos_gravisimos","ilesos","fallecidos","sin_datos","posicion_XY","desc_tipo_via","desc_ruta_ori","desc_loc","desc_dpto","desc_tipo_calzada","desc_tipo_banquina","desc_unidad_regional","desc_lugar_calzada","desc_zona","desc_prioridad","desc_estado_semaforo","desc_lugar_via","desc_estado_via","desc_estado_visibilidad","desc_luminosidad","desc_estado_clima","desc_tipo_colision","desc_tipo_atropello","desc_tipo_hecho","desc_pres_calzada","desc_senializacion","desc_separacion_via","desc_restriccion"
2014,3289,05/04/2014,"Sabado",0,11:00:00,"Ruta Nacional 11","0.0",2,"Taxi/Remis,Pickup/Utilitario","Av San Martin Y Alemania",2,2,0,0,0,0,0,,"Ruta",11,"SAN LORENZO","San Lorenzo","Asfalto","S/D","XVII","S/D","Urbana","S/D","S/D","Intersección","Bueno","S/D","Diurna","S/D","S/D","S/D","S/D","S/D","S/D","S/D","S/D"
2014,3290,12/04/2014,"Sabado",0,22:05:00,,"0.0",1,"Automóvil","Bruselas 1000",2,2,0,0,0,0,0,,"Calle",,"EL TRÉBOL","San Martín","Hormigón","S/D","XVIII","S/D","Urbana","Ninguna","No existe","Recta","Bueno","Buena","Con luz artificial","Buen Tiempo","Contra objeto fijo","S/D","Colisión","S/D","Vertical","S/D","Sin restricción"
2014,3291,07/04/2014,"Lunes",0,22:30:00,,"0.0",2,"Moto/Ciclomotor,Automóvil","Mitre Y San Martin",2,0,0,1,1,0,0,,"Calle",,"CARCARAÑÁ","San Lorenzo","Asfalto","S/D","XVII","Dentro","Urbana","S/D","S/D","Intersección","Bueno","S/D","Nocturna","S/D","S/D","S/D","S/D","Agua","S/D","S/D","S/D"
2014,3292,20/04/2014,"Domingo",0,18:00:00,,"0.0",1,"Automóvil","Esperanza Y Urquiza",1,1,0,0,0,0,0,,"Calle",,"SUNCHALES","Castellanos","S/D","S/D","V","S/D","Urbana","S/D","S/D","Intersección","S/D","Buena","Diurna","Buen Tiempo","S/D","S/D","Despiste","S/D","S/D","S/D","S/D"
2014,3293,13/04/2014,"Domingo",0,03:50:00,,"0.0",2,"Moto/Ciclomotor,Automóvil","3 de Febrero Y General Manuel Belgrano",2,1,0,0,1,0,0,,"Calle",,"ESPERANZA","Las Colonias","Asfalto","No existe","XI","S/D","Urbana","Ninguna","No existe","Intersección","Bueno","Buena","Nocturna","Buen Tiempo","Frontal","S/D","Colisión","S/D","Horizontal","Cordón divisorio","Sin restricción"
2014,3294,07/04/2014,"Lunes",0,22:45:00,,"0.0",2,"Pickup/Utilitario,Moto/Ciclomotor","Genaro Roldan Y Peru",2,1,0,0,1,0,0,,"S/D",,"SAN LORENZO","San Lorenzo","Hormigón","S/D","XVII","S/D","Urbana","S/D","S/D","Intersección","Bueno","S/D","Nocturna","S/D","S/D","S/D","S/D","S/D","S/D","S/D","S/D"
2014,3295,14/04/2014,"Lunes",0,19:30:00,,"0.0",2,"Moto/Ciclomotor,Automóvil","Av Aristobulo del Valle Y Constitucion",2,0,1,0,1,0,0,,"Avenida",,"RAFAELA","Castellanos","S/D","S/D","V","Dentro","Urbana","S/D","S/D","Intersección","S/D","S/D","Nocturna","S/D","S/D","S/D","Colisión","S/D","S/D","S/D","S/D"
2014,3296,20/04/2014,"Domingo",0,21:00:00,,"0.0",2,"Moto/Ciclomotor,Otros","Bv Pte Roca Y Colon",2,1,0,0,0,0,1,,"Avenida",,"RAFAELA","Castellanos","S/D","No existe","V","S/D","Urbana","S/D","No existe","Intersección","Bueno","Buena","Nocturna","Buen Tiempo","Lateral","S/D","Colisión","S/D","S/D","S/D","S/D"
2014,3297,01/04/2014,"Martes",0,20:30:00,,"0.0",2,"Moto/Ciclomotor,Tracción animal / Carro","Av Peñaloza Y Risso",2,0,0,0,0,0,2,,"Avenida",,"SANTA FE","La Capital","S/D","S/D","I","S/D","S/D","S/D","S/D","S/D","S/D","S/D","Nocturna","S/D","S/D","S/D","Colisión","S/D","S/D","S/D","S/D"
2014,3298,01/04/2014,"Martes",0,20:00:00,,"0.0",2,"Bicicleta,Otros","Av Gral Belgrano Y J B Alberdi",2,1,0,0,0,0,1,,"Avenida",,"SASTRE","San Martín","Asfalto","No existe","XVIII","Dentro","Urbana","Ninguna","No existe","Recta","Bueno","Buena","Nocturna","Buen Tiempo","S/D","S/D","Atropello","Ninguna","Faltante","Ninguna","Sin restricción"
2014,3299,16/04/2014,"Miercoles",0,15:30:00,,"0.0",2,"Bicicleta,Moto/Ciclomotor","Bartolome Podio Y Av Luis Fanti",2,1,0,0,1,0,0,,"Avenida",,"RAFAELA","Castellanos","Asfalto","S/D","V","S/D","Urbana","S/D","S/D","Intersección","S/D","S/D","Diurna","S/D","S/D","S/D","Atropello","S/D","S/D","S/D","S/D"
2014,3300,04/04/2014,"Viernes",0,09:30:00,,"0.0",2,"Moto/Ciclomotor,Otros","Calle 25-Rivadavia Y Calle 26 - Bolivar",2,1,0,0,0,0,1,,"Calle",,"RECONQUISTA","General Obligado","Asfalto","No existe","IX","Dentro","Urbana","Ninguna","No existe","Intersección","Bueno","Buena","Diurna","Buen Tiempo","S/D","S/D","Colisión","S/D","Horizontal","Ninguna","Sin restricción"
2014,3301,17/04/2014,"Jueves",0,20:45:00,,"0.0",2,"Automóvil,Moto/Ciclomotor","Aristobulo del Valle Y Rivadavia",4,2,0,0,2,0,0,,"Calle",,"ESPERANZA","Las Colonias","Asfalto","Pavimento","XI","Dentro","Urbana","Ninguna","No existe","Intersección","Bueno","Buena","Nocturna,Con luz artificial","Buen Tiempo","Lateral","S/D","Colisión","Otro","S/D","Línea divisoria pintada","Sin restricción"
2014,3302,29/04/2014,"Martes",0,20:20:00,,"0.0",2,"Automóvil,Moto/Ciclomotor"," ",3,1,0,0,2,0,0,,"Calle",,"RECONQUISTA","General Obligado","Asfalto","Pavimento","IX","Dentro","Urbana","Ninguna","S/D","Intersección","Resbaladiza","Reducida","Nocturna","Lluvia","Lateral","S/D","Colisión","Agua","Vertical","Cordón divisorio","Sin restricción"
2014,3303,15/04/2014,"Martes",0,09:20:00,,"0.0",2,"Moto/Ciclomotor,Pickup/Utilitario","Santa Fe Y Urquiza",2,1,0,0,1,0,0,,"Calle",,"SAN JORGE","San Martín","Asfalto","S/D","XVIII","Dentro","Urbana","S/D","S/D","Intersección","Bueno","Buena","Diurna","Buen Tiempo","Lateral","S/D","Colisión","S/D","Vertical","S/D","Sin restricción"
2014,3304,09/04/2014,"Miercoles",0,11:00:00,,"0.0",2,"Moto/Ciclomotor,Moto/Ciclomotor","San Martin Y Alvear",2,0,1,0,1,0,0,,"Calle",,"RAFAELA","Castellanos","S/D","No existe","V","S/D","Urbana","S/D","No existe","Intersección","Bueno","Buena","Diurna","Buen Tiempo","Lateral","S/D","Colisión","S/D","S/D","S/D","S/D"
2014,3305,19/04/2014,"Sabado",0,19:00:00,"Ruta Provincial 13","0.0",2,"Moto/Ciclomotor,Camión"," ",2,0,1,0,1,0,0,,"Ruta",13,"SASTRE","San Martín","Asfalto","Natural","XVIII","Dentro","Urbana","Ninguna","No existe","Curva","Bueno","Buena","Atardecer","Buen Tiempo","De alcance","S/D","Colisión","Ninguna","Faltante","Ninguna","Sin restricción"
2014,3306,22/04/2014,"Martes",0,11:30:00,,"0.0",2,"Moto/Ciclomotor,Pickup/Utilitario","Ituzaingo Y Luis Fasoli",4,3,0,0,1,0,0,,"Avenida",,"RAFAELA","Castellanos","Asfalto","No existe","V","S/D","Urbana","S/D","No existe","Intersección","Bueno","S/D","Diurna","S/D","Frontal","S/D","Colisión","S/D","S/D","S/D","S/D"
2014,3307,20/04/2014,"Domingo",0,08:20:00,,"0.0",1,"Automóvil","Velez Sarfield 52",3,1,1,0,1,0,0,,"Calle",,"RAFAELA","Castellanos","Asfalto","S/D","V","S/D","Urbana","S/D","S/D","Recta","Bueno","Buena","Diurna","S/D","S/D","S/D","Despiste","S/D","S/D","S/D","S/D"
2014,3308,07/04/2014,"Lunes",0,19:45:00,,"0.0",2,"Automóvil,Moto/Ciclomotor"," ",2,1,0,0,1,0,0,,"Calle",,"RECONQUISTA","General Obligado","Asfalto","Pavimento","IX","Dentro","Urbana","Semáforo","Funciona","Intersección","Bueno","Buena","Con luz artificial","Buen Tiempo","Lateral","S/D","Colisión","Otro","Vertical","Cordón divisorio","Sin restricción"
2014,3309,01/04/2014,"Martes",0,06:30:00,,"0.0",2,"Moto/Ciclomotor,Pickup/Utilitario","Gorostiaga Y 4 de Enero",2,0,0,0,0,0,2,,"Calle",,"SANTA FE","La Capital","S/D","S/D","I","S/D","S/D","S/D","S/D","S/D","S/D","S/D","Diurna","S/D","S/D","S/D","S/D","S/D","S/D","S/D","S/D"
2014,3310,15/04/2014,"Martes",0,18:00:00,,"0.0",2,"Moto/Ciclomotor,Pickup/Utilitario","COLON 450",2,1,0,0,1,0,0,,"Calle",,"SAN VICENTE.","Castellanos","S/D","S/D","V","S/D","Urbana","S/D","S/D","Recta","S/D","Buena","Diurna","Buen Tiempo","Frontal","S/D","Colisión","S/D","S/D","S/D","S/D"
2014,3311,14/04/2014,"Lunes",0,11:35:00,,"0.0",2,"Automóvil,Moto/Ciclomotor","Av Alberdi Y Sargento Cabral",2,1,0,0,1,0,0,,"Avenida",,"SAN JORGE","San Martín","Asfalto","S/D","XVIII","S/D","Urbana","S/D","S/D","Intersección","Bueno","Buena","Diurna","Buen Tiempo","Lateral","S/D","Colisión","S/D","S/D","S/D","Sin restricción"
2014,3312,22/03/2014,"Sabado",0,10:40:00,,"0.0",2,"Moto/Ciclomotor,Automóvil","Bv Pellegrini Y Francia",2,1,0,0,1,0,0,,"Calle",,"SANTA FE","La Capital","S/D","S/D","I","Dentro","Urbana","S/D","S/D","S/D","S/D","S/D","Diurna","S/D","S/D","S/D","S/D","S/D","S/D","S/D","S/D"
2014,3313,20/04/2014,"Domingo",0,19:00:00,"Ruta Nacional 34","236.0",1,"Pickup/Utilitario"," ",3,3,0,0,0,0,0,,"Ruta",34,"LEHMANN","Castellanos","Asfalto","Natural","V","S/D","Rural","S/D","No existe","Recta","Bueno","Buena","Atardecer","Buen Tiempo","S/D","S/D","Vuelco","S/D","S/D","S/D","S/D"
2014,3314,08/04/2014,"Martes",0,14:25:00,,"0.0",2,"Moto/Ciclomotor,Pickup/Utilitario","Calle 13-Iturraspe 650",2,1,0,0,1,0,0,,"Calle",,"RECONQUISTA","General Obligado","Asfalto","S/D","IX","S/D","Urbana","Ninguna","No existe","Intersección","Bueno","Buena","Diurna","Buen Tiempo","Lateral","S/D","Colisión","S/D","S/D","Ninguna","Sin restricción"
2014,3315,18/04/2014,"Viernes",0,06:30:00,,"0.0",2,"Moto/Ciclomotor,Automóvil","Mariano Moreno Y De las Naciones",3,0,1,0,2,0,0,,"Calle",,"ESPERANZA","Las Colonias","Asfalto","No existe","XI","S/D","Urbana","Ninguna","No existe","Intersección","Bueno","Buena","Nocturna","Buen Tiempo","Frontal","S/D","Colisión","S/D","Horizontal","Cordón divisorio","Sin restricción"
2014,3316,15/04/2014,"Martes",0,19:00:00,,"0.0",2,"Peatón,Tren","VIAS FFCC ",2,0,0,1,1,0,0,,"S/D",,"NUEVA LEHMANN","Castellanos","S/D","S/D","V","S/D","Rural","S/D","S/D","Paso a Nivel FFCC","S/D","Buena","Atardecer","Buen Tiempo","S/D","S/D","Aplastamiento","S/D","S/D","S/D","S/D"
2014,3317,02/04/2014,"Miercoles",0,,,"0.0",2,"Peatón,Moto/Ciclomotor","Calle 126 ",2,1,0,0,1,0,0,,"Calle",,"AVELLANEDA","General Obligado","Tierra","No existe","IX","S/D","S/D","Ninguna","No existe","Recta","Bueno","Buena","Nocturna","Buen Tiempo","S/D","S/D","Atropello","S/D","Faltante","Ninguna","Sin restricción"
2014,3318,18/04/2014,"Viernes",0,00:45:00,"Ruta Nacional 34","145.0",2,"Automóvil,Camión"," ",5,2,1,0,2,0,0,,"Ruta",34,"SAN MARTIN DE LAS ESCOBAS","San Martín","Asfalto","No existe","XVIII","S/D","S/D","Ninguna","No existe","Recta","Bueno","Buena","Nocturna","Buen Tiempo","Frontal","S/D","Colisión","S/D","S/D","Línea divisoria pintada","Sin restricción"
2014,3319,08/04/2014,"Martes",0,15:55:00,,"0.0",1,"Automóvil","Calle 11-Alvear Y Calle 26 - Bolivar",2,1,0,0,1,0,0,,"Calle",,"RECONQUISTA","General Obligado","Asfalto","No existe","IX","S/D","Urbana","Ninguna","No existe","Intersección","Bueno","Buena","Diurna","Buen Tiempo","Contra objeto fijo","S/D","Colisión","S/D","Faltante","Ninguna","Sin restricción"
2014,3320,14/04/2014,"Lunes",0,20:00:00,,"0.0",1,"Moto/Ciclomotor"," ",2,2,0,0,0,0,0,,"Calle",,"LAZZARINO","General López","Ripio","No existe","VIII","Dentro","Urbana","S/D","No existe","Recta","Bueno","Buena","Nocturna","Buen Tiempo","Atropello animal","S/D","Colisión","S/D","Faltante","Ninguna","Sin restricción"
2014,3321,11/04/2014,"Viernes",0,17:00:00,,"0.0",2,"Moto/Ciclomotor,Automóvil","Av Pellegrini Y Tucuman",2,1,0,0,1,0,0,,"Avenida",,"SAN JORGE","San Martín","Asfalto","S/D","XVIII","Dentro","Urbana","S/D","S/D","Intersección","Bueno","Buena","Diurna","Buen Tiempo","Lateral","S/D","Colisión","S/D","S/D","S/D","Sin restricción"
2014,3322,27/04/2014,"Domingo",0,20:35:00,,"0.0",2,"Ambulancia,Moto/Ciclomotor","Av Pte Peron Y Iturraspe",3,0,0,0,0,0,3,,"S/D",,"SANTA FE","La Capital","S/D","S/D","I","S/D","S/D","S/D","S/D","S/D","S/D","S/D","Nocturna","S/D","S/D","S/D","S/D","S/D","S/D","S/D","S/D"
2014,3323,20/04/2014,"Domingo",0,20:00:00,,"0.0",2,"Moto/Ciclomotor,Pickup/Utilitario"," ",3,2,0,0,1,0,0,,"Camino Rural",,"LEHMANN","Castellanos","Tierra","S/D","V","S/D","Rural","S/D","S/D","Intersección","Deteriorada","Reducida","Atardecer","Buen Tiempo","Frontal","S/D","Colisión","S/D","S/D","S/D","S/D"
2014,3324,08/04/2014,"Martes",0,18:10:00,,"0.0",2,"Automóvil,Moto/Ciclomotor","Calle 17-Bartolome Mitre Y Calle 12 San Martin",4,3,0,0,1,0,0,,"Calle",,"RECONQUISTA","General Obligado","Asfalto","No existe","IX","S/D","Urbana","Ninguna","No existe","Intersección","Bueno","Buena","Atardecer","Buen Tiempo","Frontal","S/D","Colisión","Otro","Faltante","Ninguna","Sin restricción"
2014,3325,24/04/2014,"Jueves",0,18:00:00,"Ruta Provincial 70","0.0",2,"Moto/Ciclomotor,Camión"," ",2,1,0,0,1,0,0,,"Ruta",70,"RAFAELA","Castellanos","Asfalto","S/D","V","S/D","Urbana","S/D","S/D","Intersección","Bueno","S/D","Atardecer,Con luz artificial","S/D","S/D","S/D","Colisión","S/D","S/D","S/D","S/D"
2014,3326,25/04/2014,"Viernes",0,,,"0.0",2,"Moto/Ciclomotor,Automóvil","Venezuela Bis 1300",2,1,0,0,1,0,0,,"S/D",,"ROSARIO","Rosario","S/D","S/D","II","S/D","Urbana","S/D","S/D","Recta","S/D","S/D","S/D","S/D","S/D","S/D","S/D","S/D","S/D","S/D","S/D"
2014,3327,06/04/2014,"Domingo",0,19:20:00,,"0.0",2,"Automóvil,Moto/Ciclomotor","Bv 9 de Julio 700",3,2,0,0,1,0,0,,"Calle",,"SAN JORGE","San Martín","Asfalto","S/D","XVIII","Dentro","Urbana","S/D","S/D","Recta","Bueno","Buena","Atardecer","Buen Tiempo","Lateral","S/D","Colisión","S/D","Vertical","S/D","Sin restricción"
2014,3328,14/04/2014,"Lunes",0,07:30:00,,"0.0",2,"Moto/Ciclomotor,Automóvil","Av. Ovidio Lagos Y Av. Circunvalacion",3,2,0,0,0,0,1,,"S/D",,"ROSARIO","Rosario","Asfalto","Ripio","II","Dentro","Urbana","Semáforo","Funciona","Recta","Bueno","Buena","Amanecer","Buen Tiempo","Lateral","S/D","Colisión","S/D","Horizontal","Barrera de hormigón","Sin restricción"
2014,3329,26/04/2014,"Sabado",0,18:00:00,,"0.0",2,"Automóvil,Moto/Ciclomotor","Av Aristobulo del Valle Y B Anduiza",3,2,0,0,1,0,0,,"Avenida",,"RAFAELA","Castellanos","Asfalto","No existe","V","S/D","Urbana","S/D","Funciona","Intersección","Bueno","Buena","Diurna","Buen Tiempo","Frontal","S/D","Colisión","S/D","S/D","S/D","S/D"
2014,3330,09/04/2014,"Miercoles",0,09:30:00,,"0.0",2,"Moto/Ciclomotor,Moto/Ciclomotor","Calle 29-Alte Brown Y Calle 18-Belgrano",3,1,2,0,0,0,0,,"Calle",,"RECONQUISTA","General Obligado","Asfalto","Ripio","IX","S/D","Urbana","Ninguna","No existe","Intersección","Bueno","Buena","Diurna","Buen Tiempo","Frontal","S/D","Colisión","S/D","Faltante","Ninguna","Sin restricción"
2014,3331,24/04/2014,"Jueves",0,22:00:00,,"0.0",2,"Pickup/Utilitario,Moto/Ciclomotor","P Harrys Y E Oliber",2,1,0,0,1,0,0,,"Calle",,"RAFAELA","Castellanos","Asfalto","S/D","V","S/D","Urbana","S/D","S/D","Intersección","Bueno","Buena","Nocturna,Con luz artificial","S/D","S/D","S/D","Colisión","S/D","S/D","S/D","S/D"
2014,3332,06/04/2014,"Domingo",0,06:45:00,,"0.0",2,"Moto/Ciclomotor,Transporte de Pasajeros Urbano (> 8 asientos)","Bv Lisandro de la Torre Y Urquiza",2,1,0,0,1,0,0,,"Avenida",,"SAN JORGE","San Martín","S/D","S/D","XVIII","Dentro","Urbana","S/D","S/D","S/D","S/D","S/D","Atardecer","S/D","S/D","S/D","Colisión","S/D","S/D","S/D","S/D"
2014,3333,14/04/2014,"Lunes",0,19:00:00,,"0.0",2,"Moto/Ciclomotor,Pickup/Utilitario","Belgrano 500",2,1,0,0,1,0,0,,"Calle",,"RAFAELA","Castellanos","Asfalto","No existe","V","S/D","Urbana","S/D","No existe","Recta","Bueno","Buena","Diurna","Buen Tiempo","Lateral","S/D","Colisión","S/D","S/D","S/D","S/D"
2014,3334,10/04/2014,"Jueves",0,16:00:00,,"0.0",2,"Moto/Ciclomotor,Camión","Av. Ovidio Lagos Y Av. Circunvalacion",3,2,0,0,0,0,1,,"S/D",,"ROSARIO","Rosario","Asfalto","Ripio","II","Dentro","Urbana","Semáforo","Funciona","Recta","Bueno","Buena","Diurna","Buen Tiempo","Lateral","S/D","Colisión","S/D","Horizontal","Barrera de hormigón","Sin restricción"
2014,3335,24/04/2014,"Jueves",0,18:15:00,,"0.0",2,"Automóvil,Moto/Ciclomotor","General Manuel Belgrano Y Colon",2,0,1,0,1,0,0,,"Calle",,"ESPERANZA","Las Colonias","Asfalto","Pavimento","XI","Dentro","Urbana","Ninguna","No existe","Intersección","Bueno","Buena","Diurna","Buen Tiempo","Lateral","S/D","Colisión","S/D","S/D","Línea divisoria pintada","Sin restricción"
2014,3336,17/04/2014,"Jueves",0,14:00:00,,"0.0",2,"Bicicleta,Moto/Ciclomotor","MENDOZA Y COLECTORA",2,0,1,0,0,0,1,,"S/D",,"ROSARIO","Rosario","Asfalto","Pavimento","II","Dentro","Urbana","Ninguna","Funciona","S/D","Bueno","Buena","Diurna","Buen Tiempo","S/D","S/D","Atropello","Ninguna","Faltante","S/D","Sin restricción"
2014,3337,14/04/2014,"Lunes",0,09:00:00,,"0.0",2,"Moto/Ciclomotor,Automóvil","San Martin 2346",2,1,0,0,1,0,0,,"Calle",,"ESPERANZA","Las Colonias","Asfalto","No existe","XI","S/D","Urbana","Ninguna","No existe","Recta","Bueno","Buena","Diurna","Buen Tiempo","Contra objeto fijo","S/D","Colisión","S/D","Horizontal","Cordón divisorio","Sin restricción"
2014,3338,09/04/2014,"Miercoles",0,10:45:00,"Ruta Nacional 11","0.0",2,"Automóvil,Moto/Ciclomotor","Ruta Nacional 11 ",2,1,0,0,1,0,0,,"Ruta",11,"RECONQUISTA","General Obligado","Asfalto","Pavimento","IX","Dentro","Urbana","Ninguna","No existe","Intersección","Bueno","Buena","Diurna","Buen Tiempo","Lateral","S/D","Colisión","Otro","Vertical","Cordón divisorio","Sin restricción"
2014,3339,05/04/2014,"Sabado",0,20:50:00,,"0.0",2,"Moto/Ciclomotor,Tractor","Av Pellegrini Y Eva Peron",2,1,0,0,1,0,0,,"Avenida",,"SAN JORGE","San Martín","Asfalto","S/D","XVIII","Dentro","Urbana","S/D","S/D","Intersección","Bueno","Buena","Nocturna","Buen Tiempo","Lateral","S/D","Colisión","S/D","S/D","S/D","Sin restricción"
2014,3340,15/04/2014,"Martes",0,18:00:00,,"0.0",2,"Moto/Ciclomotor,Automóvil","Guemes Y Almirante Brown",2,0,1,0,1,0,0,,"Calle",,"RAFAELA","Castellanos","S/D","No existe","V","S/D","Urbana","S/D","No existe","Intersección","Bueno","Buena","Diurna","Buen Tiempo","Lateral","S/D","Colisión","Ninguna","S/D","S/D","S/D"
2014,3341,24/04/2014,"Jueves",0,12:30:00,,"0.0",1,"Moto/Ciclomotor"," ",1,0,1,0,0,0,0,,"S/D",,"SANTA FE","La Capital","S/D","S/D","I","S/D","Urbana","S/D","S/D","S/D","S/D","S/D","Diurna","S/D","S/D","S/D","S/D","S/D","S/D","S/D","S/D"
2014,3342,28/04/2014,"Lunes",0,19:35:00,,"0.0",2,"Otros,Moto/Ciclomotor","Gorriti 6200",3,2,0,0,0,0,1,,"Calle",,"SANTA FE","La Capital","Ripio","No existe","I","Dentro","Urbana","Ninguna","No existe","Intersección","Deteriorada","Reducida","Nocturna","Buen Tiempo","Lateral","S/D","Colisión","S/D","Faltante","Ninguna","Sin restricción"
2014,3343,21/04/2014,"Lunes",0,19:40:00,"Autopista Nacional Rosario -Cordoba","136.0",2,"Otros,Otros"," ",3,1,0,0,2,0,0,,"Autopista","Rosario -Cordoba","SAUCE VIEJO","La Capital","Asfalto","Pavimento","I","S/D","Rural","Ninguna","S/D","Recta","Bueno","Buena","Nocturna","Buen Tiempo","S/D","S/D","Colisión","S/D","S/D","S/D","S/D"
2014,3344,27/04/2014,"Domingo",0,07:45:00,,"0.0",1,"Moto/Ciclomotor","Colon Y Saavedra",1,1,0,0,0,0,0,,"Calle",,"TOTORAS","Iriondo","Asfalto","S/D","X","Dentro","Urbana","S/D","No existe","Intersección","Bueno","Buena","Diurna","Buen Tiempo","S/D","S/D","Vuelco","Otro","Horizontal","S/D","S/D"
2014,3345,29/04/2014,"Martes",0,10:45:00,"Ruta Provincial 31","0.0",2,"Pickup/Utilitario,Moto/Ciclomotor","Ruta Nacional 11 ",6,1,0,0,5,0,0,,"Ruta",31,"AVELLANEDA","General Obligado","Asfalto","Natural","IX","S/D","S/D","Ninguna","No existe","Curva","Resbaladiza","Reducida","Diurna","Lluvia","Lateral","S/D","Colisión","Agua","Faltante","Ninguna","Sin restricción"
2014,3346,09/04/2014,"Miercoles",0,12:30:00,,"0.0",2,"Automóvil,Moto/Ciclomotor","Urquiza Y 25 de Mayo",2,1,0,0,1,0,0,,"S/D",,"PIAMONTE","San Martín","Asfalto","No existe","XVIII","Dentro","Urbana","Ninguna","No existe","Intersección","Bueno","Buena","Diurna","Buen Tiempo","Frontal","S/D","Colisión","Ninguna","Faltante","Ninguna","Sin restricción"
2014,3347,16/04/2014,"Miercoles",0,16:45:00,,"0.0",2,"Moto/Ciclomotor,Camión","H Irigoyen Y A Lezama",2,0,1,0,1,0,0,,"Calle",,"VERA","Vera","Asfalto","Pavimento","XIX","Dentro","Urbana","Semáforo","Funciona","Intersección","Bueno","S/D","S/D","Buen Tiempo","Lateral","S/D","Colisión","S/D","S/D","Ninguna","S/D"
2014,3348,08/04/2014,"Martes",0,07:40:00,,"0.0",3,"Bicicleta,Bicicleta,Otros","Sarmiento Y Rivadavia",3,1,0,0,2,0,0,,"Calle",,"PIAMONTE","San Martín","Asfalto","Pavimento","XVIII","Dentro","Urbana","Ninguna","No existe","Intersección","Bueno","Buena","Diurna","Buen Tiempo","S/D","S/D","Atropello","Ninguna","Faltante","Ninguna","Sin restricción"
2014,3349,21/04/2014,"Lunes",0,13:20:00,"Autopista Provincial Brigadier E.López","0.0",2,"Otros,Otros"," ",5,2,2,0,1,0,0,,"Autopista","Brigadier E.López","SAUCE VIEJO","La Capital","Asfalto","Pavimento","I","S/D","Rural","S/D","S/D","Recta","Bueno","Buena","Diurna","Buen Tiempo","De alcance","S/D","Colisión","S/D","S/D","S/D","Sin restricción"
2014,3350,10/04/2014,"Jueves",0,12:35:00,"Ruta Provincial 3","12.0",1,"Pickup/Utilitario"," ",2,0,1,0,1,0,0,,"Ruta",3,"VERA","Vera","Asfalto","Natural","XIX","Fuera","Rural","Ninguna","S/D","Curva","Bueno","Reducida","Diurna","Lluvia","S/D","S/D","Vuelco","Agua","Faltante","Vegetación","S/D"
2014,3351,04/04/2014,"Viernes",0,,,"0.0",2,"Automóvil,Moto/Ciclomotor","Laprida Y Molina",3,1,0,0,2,0,0,,"Calle",,"CORREA","Iriondo","Asfalto","Pavimento","X","Dentro","Urbana","Ninguna","No existe","Intersección","Bueno","Buena","Diurna","Buen Tiempo","Lateral","S/D","Colisión","S/D","Horizontal","Línea divisoria pintada","Sin restricción"
2014,3352,12/04/2014,"Sabado",0,23:40:00,,"0.0",2,"Automóvil,Tren","Laprida ",3,2,0,0,1,0,0,,"Calle",,"CORREA","Iriondo","Asfalto","S/D","X","Dentro","Urbana","S/D","S/D","Recta","Deteriorada","Buena","Nocturna","Buen Tiempo","Lateral","S/D","Colisión","S/D","S/D","S/D","Sin restricción"
2014,3353,09/04/2014,"Miercoles",0,20:10:00,,"0.0",2,"Automóvil,Moto/Ciclomotor","L de la Torre Y Estanislao Lopez",3,1,0,0,2,0,0,,"Calle",,"VERA","Vera","Asfalto","Pavimento","XIX","Dentro","Urbana","Ninguna","S/D","Intersección","Con baches","S/D","Nocturna","Buen Tiempo","Lateral","S/D","Colisión","S/D","Faltante","Ninguna","S/D"
2014,3354,07/04/2014,"Lunes",0,20:30:00,"Ruta Nacional 9","0.0",2,"Moto/Ciclomotor,Pickup/Utilitario","Ruta Nac 9 Y Eva Peron",3,0,2,0,1,0,0,,"Ruta",9,"CARCARAÑÁ","San Lorenzo","Asfalto","No existe","XVII","Dentro","Urbana","S/D","No existe","Intersección","Bueno","Buena","Nocturna","Buen Tiempo","S/D","S/D","Colisión","Ninguna","S/D","S/D","S/D"
2014,3355,15/04/2014,"Martes",0,10:30:00,,"0.0",2,"Moto/Ciclomotor,Moto/Ciclomotor","GRAL OBLIGADO Y SANTA FE",2,2,0,0,0,0,0,,"Calle",,"LAS GARZAS","General Obligado","Asfalto","Natural","IX","Dentro","Urbana","Otra Señal","No existe","Intersección","S/D","Buena","Diurna","Buen Tiempo","Otro","S/D","Colisión","S/D","S/D","Ninguna","Sin restricción"
2014,3356,21/03/2014,"Viernes",0,15:20:00,,"0.0",2,"Automóvil,Automóvil","Lamadrid Y Vera",2,1,0,0,1,0,0,,"Calle",,"SANTA FE","La Capital","S/D","S/D","I","S/D","Urbana","S/D","S/D","S/D","S/D","S/D","S/D","S/D","S/D","S/D","S/D","S/D","S/D","S/D","S/D"
2014,3357,22/04/2014,"Martes",0,11:30:00,,"0.0",2,"Automóvil,Bicicleta","25 de Mayo Y Belgrano",2,1,0,0,1,0,0,,"Calle",,"VERA","Vera","Asfalto","No existe","XIX","Dentro","Urbana","Ninguna","No existe","Recta","Bueno","Buena","Diurna","Buen Tiempo","S/D","S/D","Atropello","Otro","S/D","Ninguna","Sin restricción"
2014,3358,22/04/2014,"Martes",0,08:40:00,,"0.0",2,"Moto/Ciclomotor,Moto/Ciclomotor","Beruti 6400",4,3,0,0,0,0,1,,"Avenida",,"SANTA FE","La Capital","Asfalto","No existe","I","Dentro","Urbana","Ninguna","No existe","Recta","Con baches,Deteriorada","Buena","Diurna","Buen Tiempo","Otro","S/D","Colisión","S/D","Faltante","Ninguna","Sin restricción"