"anio_acci","nro_acci","fecha","desc_dia","fecha_aprox","hora_aprox","desc_ruta","km","cant_participantes","desc_participante","calle_avenida_km","total","heridos_leves","heridos_graves","heridos_gravisimos","ilesos","fallecidos","sin_datos","posicion_XY","desc_tipo_via","desc_ruta_ori","desc_loc","desc_dpto","desc_tipo_calzada","desc_tipo_banquina","desc_unidad_regional","desc_lugar_calzada","desc_zona","desc_prioridad","desc_estado_semaforo","desc_lugar_via","desc_estado_via","desc_estado_visibilidad","desc_luminosidad","desc_estado_clima","desc_tipo_colision","desc_tipo_atropello","desc_tipo_hecho","desc_pres_calzada","desc_senializacion","desc_separacion_via","desc_restriccion"
2014,3359,21/04/2014,"Lunes",0,12:10:00,,"0.0",2,"Moto/Ciclomotor,Automóvil","Cordoba Y Saavedra",2,1,0,0,1,0,0,,"Calle",,"VERA","Vera","Ripio","No existe","XIX","Dentro","Urbana","Ninguna","No existe","Intersección","S/D","Buena","Diurna","Buen Tiempo","Lateral","S/D","Colisión","Otro","Faltante","Barrera de hormigón","Sin restricción"
2014,3360,13/04/2014,"Domingo",0,00:34:00,"Ruta Nacional 34","0.0",2,"Automóvil,Camión","Ruta Nacional A012 ",6,3,2,0,1,0,0,,"Ruta",34,"RICARDONE","San Lorenzo","Asfalto","S/D","XVII","S/D","S/D","S/D","S/D","Recta","Bueno","S/D","Nocturna","Buen Tiempo","Otro","S/D","Colisión","S/D","S/D","S/D","S/D"
2014,3361,30/04/2014,"Miercoles",0,19:10:00,,"0.0",2,"Bicicleta,Automóvil","Mitre 100",2,1,0,0,1,0,0,,"Calle",,"CARCARAÑÁ","San Lorenzo","Tierra","S/D","XVII","Dentro","Urbana","S/D","S/D","Recta","Con baches","S/D","Nocturna","S/D","S/D","S/D","Atropello","Ninguna","S/D","S/D","S/D"
2014,3362,13/03/2014,"Jueves",0,16:45:00,,"0.0",1,"Automóvil","Soldado Aguirre Y Rosario",5,2,0,0,0,0,3,,"Avenida",,"VILLA GOBERNADOR GÁLVEZ","Rosario","Asfalto","Pavimento","II","S/D","S/D","Ninguna","Funciona","Recta","Otro","Buena","Atardecer","Otro","Otro","S/D","Otro","S/D","S/D","Ninguna","Sin restricción"
2014,3363,07/04/2014,"Lunes",0,19:00:00,,"0.0",2,"Automóvil,Transporte de Pasajeros Larga Distancia (> 8 asientos)","Av. Ovidio Lagos Y Av. Circunvalacion",5,4,0,0,1,0,0,,"Avenida",,"ROSARIO","Rosario","Asfalto","No existe","II","Dentro","Urbana","S/D","Funciona","Recta","Bueno","Buena","Diurna","Buen Tiempo","Lateral","S/D","Colisión","S/D","Horizontal","S/D","Sin restricción"
2014,3365,07/03/2014,"Viernes",0,14:25:00,,"0.0",2,"Automóvil,Peatón"," ",2,1,0,0,0,0,1,"-31.637249, -60.700995","Calle",,"SANTA FE","La Capital","Hormigón","No existe","I","S/D","Urbana","S/D","No existe","Otro","Bueno","S/D","Diurna","S/D","S/D","S/D","Atropello","S/D","S/D","Ninguna","S/D"
2014,3366,17/04/2014,"Jueves",0,19:00:00,,"0.0",3,"Camión,Moto/Ciclomotor,Moto/Ciclomotor","Av. Circunvalacion 1700",6,3,2,0,1,0,0,,"Avenida",,"ROSARIO","Rosario","Asfalto","Natural","II","S/D","Urbana","Ninguna","No existe","S/D","Bueno","Buena","Atardecer","Buen Tiempo","Múltiple","S/D","Colisión","Ninguna","Faltante","S/D","Sin restricción"
2014,3367,05/04/2014,"Sabado",0,20:50:00,,"0.0",2,"Moto/Ciclomotor,Moto/Ciclomotor","Bv Lisandro de la Torre 1722",4,3,1,0,0,0,0,,"Avenida",,"SAN JORGE","San Martín","Asfalto","S/D","XVIII","Dentro","Urbana","S/D","S/D","Recta","Bueno","S/D","Nocturna","Buen Tiempo","De alcance","S/D","Colisión","S/D","S/D","S/D","Sin restricción"
2014,3368,03/04/2014,"Jueves",0,22:00:00,,"0.0",1,"Moto/Ciclomotor","JUAN DOMINGO PERON ",1,0,1,0,0,0,0,,"Calle",,"GARABATO","Vera","Tierra","No existe","XIX","Dentro","Urbana","Ninguna","No existe","Recta","Otro","Reducida","Nocturna","Buen Tiempo","S/D","S/D","Caída ocupante","Otro","Faltante","Ninguna","Sin restricción"
2014,3369,23/04/2014,"Miercoles",0,13:15:00,"Ruta Provincial 2","0.0",2,"Pickup/Utilitario,Camión"," ",5,4,0,0,1,0,0,,"Ruta",2,"SAN CRISTÓBAL","San Cristóbal","Tierra,Ripio","Natural","XIII","Dentro","Rural","Ninguna","No existe","Recta","Bueno","Buena","Diurna","Buen Tiempo","Lateral","S/D","Colisión","S/D","Faltante","Ninguna","Sin restricción"
2014,3370,04/04/2014,"Viernes",0,,,"0.0",2,"Moto/Ciclomotor,Automóvil","San Lorenzo Y Moreno",2,1,0,0,1,0,0,,"Calle",,"CALCHAQUÍ","Vera","S/D","S/D","XIX","S/D","Urbana","S/D","S/D","S/D","S/D","S/D","S/D","S/D","S/D","S/D","Colisión","S/D","S/D","S/D","S/D"
2014,3371,20/04/2014,"Domingo",0,,,"0.0",2,"Moto/Ciclomotor,Automóvil","Mitre Y Ituzaingo",3,2,0,0,1,0,0,,"Calle",,"CALCHAQUÍ","Vera","S/D","S/D","XIX","S/D","Urbana","S/D","S/D","S/D","S/D","S/D","S/D","S/D","S/D","S/D","Colisión","S/D","S/D","S/D","S/D"
2014,3372,27/04/2014,"Domingo",0,19:20:00,,"0.0",2,"Automóvil,Pickup/Utilitario","San Martin Y Independencia",3,2,0,0,1,0,0,,"Calle",,"CALCHAQUÍ","Vera","S/D","S/D","XIX","Dentro","Urbana","S/D","S/D","S/D","S/D","S/D","Atardecer","S/D","S/D","S/D","Colisión","S/D","S/D","S/D","S/D"
2014,3373,29/04/2014,"Martes",0,,,"0.0",2,"Moto/Ciclomotor,Pickup/Utilitario","Dorrego Y San Martin",2,1,0,0,1,0,0,,"Calle",,"CALCHAQUÍ","Vera","S/D","S/D","XIX","S/D","Urbana","S/D","S/D","S/D","S/D","S/D","S/D","S/D","S/D","S/D","Colisión","S/D","S/D","S/D","S/D"
2014,3374,31/05/2014,"Sabado",0,11:00:00,,"0.0",2,"Peatón,Moto/Ciclomotor","Uruguay Y 9 de Julio",2,0,0,0,0,0,2,"-31.660861111111,-60.713555555556","Calle",,"SANTA FE","La Capital","S/D","S/D","I","Dentro","Urbana","S/D","S/D","S/D","Bueno","S/D","Diurna","Buen Tiempo","S/D","S/D","Atropello","S/D","S/D","S/D","S/D"
2014,3375,27/05/2014,"Martes",0,16:05:00,,"0.0",2,"Automóvil,Automóvil","San Lorenzo Y Crespo",2,1,0,0,1,0,0,,"Calle",,"ROSARIO","Rosario","S/D","No existe","II","S/D","Urbana","Semáforo","Funciona","Recta","Bueno","Buena","Diurna","Buen Tiempo","Otro","S/D","Colisión","Otro","Horizontal","Ninguna","Sin restricción"
2014,3376,24/05/2014,"Sabado",0,04:30:00,,"0.0",2,"Automóvil,Moto/Ciclomotor","Cafferata 400",2,1,0,0,1,0,0,,"Calle",,"ROSARIO","Rosario","Asfalto","No existe","II","S/D","Urbana","Semáforo","Funciona","Recta","Bueno","Buena","Nocturna","Buen Tiempo","Otro","S/D","Colisión","Otro","Vertical","Ninguna","Sin restricción"
2014,3377,24/04/2014,"Jueves",0,13:00:00,,"0.0",2,"Moto/Ciclomotor,Automóvil","Casilda Y Diaz Velez",2,1,0,0,1,0,0,,"Avenida",,"ROSARIO","Rosario","Asfalto","S/D","II","Dentro","Urbana","S/D","S/D","Intersección","S/D","S/D","Diurna","S/D","Otro","S/D","Colisión","S/D","S/D","S/D","S/D"
2014,3378,20/05/2014,"Martes",0,07:40:00,,"0.0",2,"Transporte de Pasajeros Urbano (> 8 asientos),Transporte de Pasajeros Urbano (> 8 asientos)","Bv. Avellaneda Y Av. Alberdi Bis",4,3,0,0,0,0,1,,"Calle",,"ROSARIO","Rosario","Asfalto","S/D","II","Dentro","Urbana","S/D","S/D","Intersección","S/D","S/D","Diurna","S/D","Otro","S/D","Otro","S/D","S/D","S/D","S/D"
2014,3380,23/05/2014,"Viernes",0,03:30:00,,"0.0",2,"Automóvil,Automóvil","Av. Ovidio Lagos Y Urquiza",2,1,0,0,1,0,0,,"Calle",,"ROSARIO","Rosario","Asfalto","No existe","II","S/D","Urbana","Semáforo","Funciona","Recta","Bueno","Buena","Nocturna","Buen Tiempo","Otro","S/D","Colisión","Otro","Vertical","Ninguna","Sin restricción"
2014,3381,21/05/2014,"Miercoles",0,04:20:00,,"0.0",2,"Transporte de Pasajeros Urbano (> 8 asientos),Transporte de Pasajeros Urbano (> 8 asientos)","Velez Sarsfield Y Av. Alberdi Bis",4,2,0,0,0,0,2,,"Calle",,"ROSARIO","Rosario","Asfalto","S/D","II","Dentro","Urbana","S/D","S/D","Intersección","S/D","S/D","Nocturna","Buen Tiempo","Otro","S/D","Otro","S/D","S/D","S/D","S/D"
2014,3382,22/05/2014,"Jueves",0,18:35:00,,"0.0",2,"Moto/Ciclomotor,Camión","Urquiza Y Pje. San Jacinto",2,1,0,0,1,0,0,,"Calle",,"ROSARIO","Rosario","Asfalto","S/D","II","S/D","Urbana","Ninguna","S/D","Recta","S/D","Buena","Diurna","Buen Tiempo","Otro","S/D","Otro","S/D","Faltante","Ninguna","S/D"
2014,3383,21/05/2014,"Miercoles",0,10:40:00,,"0.0",2,"Moto/Ciclomotor,Automóvil","Callao Y San Lorenzo",2,1,0,0,1,0,0,,"Calle",,"ROSARIO","Rosario","Asfalto","No existe","II","S/D","Urbana","Semáforo","Funciona","Recta","Otro","Buena","Diurna","Buen Tiempo","Otro","S/D","Colisión","Otro","Vertical","Ninguna","Sin restricción"
2014,3384,20/05/2014,"Martes",0,08:50:00,,"0.0",2,"Automóvil,Automóvil","Av. Del Valle Y Av. Ovidio Lagos",2,1,0,0,1,0,0,,"Calle",,"ROSARIO","Rosario","Asfalto","No existe","II","S/D","Urbana","Semáforo","Funciona","Recta","Bueno","Buena","Diurna","Buen Tiempo","Otro","S/D","Colisión","Otro","Horizontal","Ninguna","Sin restricción"
2014,3385,02/04/2014,"Miercoles",0,19:30:00,,"0.0",2,"Automóvil,Automóvil","Av. Ovidio Lagos 1100",2,1,0,0,1,0,0,,"Calle",,"ROSARIO","Rosario","Asfalto","No existe","II","Dentro","Urbana","Otra Señal","Funciona","Recta","Bueno","Buena","Nocturna","Buen Tiempo","S/D","S/D","Colisión","S/D","Vertical","Ninguna","Sin restricción"
2014,3386,19/05/2014,"Lunes",0,23:10:00,,"0.0",2,"Automóvil,Moto/Ciclomotor","Salta Y Suipacha",2,1,0,0,1,0,0,,"Calle",,"ROSARIO","Rosario","Asfalto","No existe","II","S/D","Urbana","Semáforo","Funciona","Recta","Bueno","Buena","Nocturna","Buen Tiempo","Otro","S/D","Colisión","Otro","Vertical","Ninguna","Sin restricción"
2014,3387,09/05/2014,"Viernes",0,13:10:00,,"0.0",2,"Automóvil,Moto/Ciclomotor","9 De Julio Y Vera Mujica",2,1,0,0,1,0,0,,"Calle",,"ROSARIO","Rosario","Asfalto","No existe","II","Dentro","Urbana","Otra Señal","Intermitente","Recta","Bueno","Buena","Diurna","Buen Tiempo","S/D","S/D","Colisión","Ninguna","Vertical","Ninguna","Sin restricción"
2014,3388,19/05/2014,"Lunes",0,10:20:00,,"0.0",2,"Moto/Ciclomotor,Automóvil","Rep.Dominicana Y Pje. Franco",2,1,0,0,1,0,0,,"Calle",,"ROSARIO","Rosario","S/D","S/D","II","Dentro","Urbana","S/D","S/D","S/D","S/D","S/D","Diurna","S/D","Otro","S/D","Colisión","S/D","S/D","S/D","S/D"
2014,3389,15/05/2014,"Jueves",0,20:45:00,,"0.0",2,"Automóvil,Moto/Ciclomotor","Ferreyra Y J.B.Justo",3,2,0,0,0,0,1,,"S/D",,"ROSARIO","Rosario","Asfalto","S/D","II","S/D","Urbana","S/D","S/D","S/D","Bueno","S/D","Nocturna","Buen Tiempo","Lateral","S/D","Colisión","S/D","S/D","Cordón divisorio","S/D"
2014,3390,18/05/2014,"Domingo",0,16:30:00,,"0.0",2,"Taxi/Remis,Automóvil","Entre Rios Y Riobamba",3,1,0,0,2,0,0,,"Calle",,"ROSARIO","Rosario","S/D","S/D","II","Dentro","Urbana","S/D","S/D","Intersección","Bueno","Buena","Diurna","Buen Tiempo","S/D","S/D","Colisión","S/D","S/D","S/D","S/D"
2014,3391,16/05/2014,"Viernes",0,18:15:00,,"0.0",2,"Automóvil,Bicicleta","Ferreyra Y Del Valle Iberlucea",2,1,0,0,1,0,0,,"S/D",,"ROSARIO","Rosario","S/D","S/D","II","S/D","Urbana","S/D","S/D","S/D","S/D","S/D","Diurna","S/D","S/D","S/D","Atropello","S/D","S/D","S/D","S/D"
2014,3392,19/05/2014,"Lunes",0,21:00:00,,"0.0",2,"Automóvil,Moto/Ciclomotor","Av. Provincias Unidas Y La Republica",2,1,0,0,1,0,0,,"Avenida",,"ROSARIO","Rosario","Asfalto","No existe","II","S/D","Urbana","Ninguna","No existe","Intersección","Bueno","Buena","Nocturna","Buen Tiempo","Otro","S/D","Colisión","S/D","Faltante","Ninguna","Sin restricción"
2014,3393,18/05/2014,"Domingo",0,02:15:00,,"0.0",2,"Automóvil,Automóvil","Junin Y Diaz Velez",2,1,0,0,1,0,0,,"Calle",,"ROSARIO","Rosario","Asfalto","S/D","II","Dentro","Urbana","S/D","S/D","Intersección","S/D","S/D","Nocturna","S/D","Otro","S/D","Colisión","S/D","S/D","S/D","S/D"
2014,3394,18/05/2014,"Domingo",0,,,"0.0",2,"Bicicleta,Automóvil","Bahia Blanca Bis Y Pje. Bogado",2,1,0,0,1,0,0,,"Calle",,"ROSARIO","Rosario","Asfalto","S/D","II","Dentro","Urbana","S/D","S/D","Intersección","S/D","S/D","S/D","S/D","S/D","S/D","Atropello","S/D","S/D","S/D","S/D"
2014,3395,19/05/2014,"Lunes",0,08:00:00,,"0.0",2,"Moto/Ciclomotor,Transporte de Pasajeros Urbano (> 8 asientos)","Albert Sabin Y Gorriti",2,1,0,0,0,0,1,,"Calle",,"ROSARIO","Rosario","Asfalto","S/D","II","Dentro","Urbana","S/D","S/D","Recta","S/D","S/D","Diurna","S/D","S/D","S/D","Colisión","S/D","S/D","S/D","S/D"
2014,3396,05/05/2014,"Lunes",0,12:30:00,,"0.0",2,"Moto/Ciclomotor,Automóvil","San Luis Y Alsina",3,2,0,0,1,0,0,,"Calle",,"ROSARIO","Rosario","Asfalto","Natural","II","Dentro","Urbana","Otra Señal","No existe","Recta","Bueno","Buena","Diurna","Buen Tiempo","Otro","S/D","Colisión","Otro","Horizontal","Barrera de hormigón","Sin restricción"
2014,3397,08/05/2014,"Jueves",0,14:40:00,,"0.0",2,"Automóvil,Automóvil","San Juan Y Pueyrredon",4,4,0,0,0,0,0,,"Calle",,"ROSARIO","Rosario","Asfalto","No existe","II","Dentro","Urbana","S/D","S/D","Recta","Bueno","Buena","Diurna","Buen Tiempo","S/D","S/D","Colisión","S/D","S/D","S/D","Sin restricción"
2014,3398,09/05/2014,"Viernes",0,22:00:00,,"0.0",2,"Peatón,Automóvil","Virasoro Y Av. Corrientes",2,1,0,0,1,0,0,,"Calle",,"ROSARIO","Rosario","S/D","S/D","II","Dentro","Urbana","S/D","S/D","Recta","S/D","S/D","S/D","S/D","S/D","S/D","Atropello","S/D","S/D","S/D","S/D"
2014,3399,17/05/2014,"Sabado",0,11:30:00,,"0.0",2,"Moto/Ciclomotor,Automóvil","Montes Carballo ",2,1,0,0,1,0,0,,"Calle",,"ROSARIO","Rosario","Asfalto","S/D","II","Dentro","Urbana","S/D","S/D","Intersección","S/D","S/D","Diurna","S/D","Otro","S/D","Colisión","S/D","S/D","S/D","S/D"
2014,3400,06/05/2014,"Martes",0,17:30:00,,"0.0",2,"Automóvil,Bicicleta","Cochabamba Y Italia",2,1,0,0,1,0,0,,"Calle",,"ROSARIO","Rosario","S/D","S/D","II","Dentro","Urbana","S/D","S/D","Recta","S/D","S/D","S/D","S/D","S/D","S/D","Atropello","S/D","S/D","S/D","S/D"
2014,3401,01/05/2014,"Jueves",0,,,"0.0",2,"Moto/Ciclomotor,Moto/Ciclomotor","San Juan Y Pascual Rosas",2,1,0,0,1,0,0,,"Calle",,"ROSARIO","Rosario","Asfalto","Natural","II","S/D","Urbana","Otra Señal","No funciona","Recta","Bueno","Buena","Diurna","Lluvia","Otro","S/D","Colisión","Agua","Faltante","Guardarrail","Obra en Construcción"
2014,3402,30/05/2014,"Viernes",0,19:25:00,,"0.0",2,"Moto/Ciclomotor,Automóvil","San Nicolas Y San Lorenzo",2,1,0,0,1,0,0,,"Avenida",,"ROSARIO","Rosario","Asfalto","No existe","II","S/D","Urbana","Ninguna","No existe","Recta","Bueno","Buena","Nocturna","Lluvia","Otro","S/D","Colisión","Otro","Faltante","Ninguna","Sin restricción"
2014,3403,28/05/2014,"Miercoles",0,15:00:00,,"0.0",2,"Automóvil,Moto/Ciclomotor","San Nicolas Y Tucuman",2,1,0,0,1,0,0,,"Calle",,"ROSARIO","Rosario","S/D","No existe","II","S/D","Urbana","Ninguna","No existe","Recta","Bueno","Buena","Diurna","Buen Tiempo","Otro","S/D","Colisión","S/D","Faltante","Ninguna","Sin restricción"
2014,3404,04/04/2014,"Viernes",0,14:10:00,,"0.0",2,"Bicicleta,Automóvil","Pueyrredon 900",2,1,0,0,1,0,0,,"Calle",,"ROSARIO","Rosario","Asfalto","S/D","II","Dentro","Urbana","Semáforo","Intermitente","Recta","Bueno","Buena","Diurna","Buen Tiempo","S/D","S/D","Atropello","Otro","Vertical","S/D","Sin restricción"
2014,3405,15/05/2014,"Jueves",0,03:25:00,,"0.0",2,"Taxi/Remis,Moto/Ciclomotor","Necochea Y Viamonte",2,0,1,0,1,0,0,,"Calle",,"ROSARIO","Rosario","Asfalto","No existe","II","Dentro","Urbana","Ninguna","No existe","Intersección","Bueno","Buena","Nocturna,Con luz artificial","Buen Tiempo","De alcance","S/D","Colisión","Ninguna","Faltante","Ninguna","Sin restricción"
2014,3406,29/04/2014,"Martes",0,14:00:00,,"0.0",2,"Moto/Ciclomotor,Automóvil","Av. Pellegrini Y Valparaiso",3,2,0,0,1,0,0,,"Calle",,"ROSARIO","Rosario","Asfalto","No existe","II","Dentro","Urbana","Otra Señal","Intermitente","Intersección","Bueno","Buena","Diurna","Buen Tiempo","Otro","S/D","Colisión","Otro","Horizontal","Barrera de hormigón","Sin restricción"
2014,3407,12/05/2014,"Lunes",0,09:15:00,,"0.0",3,"Pickup/Utilitario,Moto/Ciclomotor,Automóvil","Bv. Segui Y Mariano Moreno",3,1,0,0,2,0,0,,"S/D",,"ROSARIO","Rosario","Asfalto","Pavimento","II","Dentro","Urbana","S/D","S/D","Intersección","Bueno","Buena","Diurna","Buen Tiempo","Múltiple","S/D","Colisión","S/D","S/D","S/D","S/D"
2014,3408,13/05/2014,"Martes",0,19:00:00,,"0.0",2,"Automóvil,Bicicleta","Mitre 1700",2,1,0,0,1,0,0,,"Calle",,"ROSARIO","Rosario","S/D","S/D","II","Dentro","Urbana","S/D","S/D","Recta","Bueno","Buena","Diurna","Buen Tiempo","S/D","S/D","Colisión","S/D","S/D","S/D","S/D"
2014,3409,08/05/2014,"Jueves",0,07:25:00,,"0.0",2,"Bicicleta,Automóvil","Ayacucho Y Bv. 27 De Febrero",2,1,0,0,1,0,0,,"Calle",,"ROSARIO","Rosario","Asfalto","No existe","II","Dentro","Urbana","Ninguna","No existe","Recta","Bueno","Buena","Diurna","Buen Tiempo","S/D","S/D","Atropello","Ninguna","S/D","Ninguna","Sin restricción"
2014,3410,06/05/2014,"Martes",0,14:15:00,,"0.0",2,"Automóvil,Automóvil","Bv. Avellaneda 1000",2,1,0,0,1,0,0,,"S/D",,"ROSARIO","Rosario","Asfalto","Natural","II","Dentro","Urbana","Ninguna","No funciona","Curva","Bueno","Reducida humo","Diurna","Buen Tiempo","Otro","S/D","Colisión","Ninguna","Vertical","Cordón divisorio","Obra en Construcción"
2014,3411,08/05/2014,"Jueves",0,18:30:00,,"0.0",2,"Moto/Ciclomotor,Automóvil","Av. Pellegrini 3932",3,2,0,0,1,0,0,,"Avenida",,"ROSARIO","Rosario","Asfalto","No existe","II","Dentro","Urbana","S/D","Intermitente","Recta","Bueno","Buena","Diurna","Buen Tiempo","S/D","S/D","Colisión","Ninguna","Horizontal","S/D","Sin restricción"
2014,3412,20/05/2014,"Martes",0,14:00:00,,"0.0",2,"Automóvil,Moto/Ciclomotor","Santiago 1300",2,1,1,0,0,0,0,,"Calle",,"ROSARIO","Rosario","Asfalto","Natural","II","Dentro","Urbana","Otra Señal","No existe","Recta","Bueno","Buena","Diurna","Buen Tiempo","Otro","S/D","Colisión","Otro","Vertical","Barrera de alto impacto","Sin restricción"
2014,3413,13/05/2014,"Martes",0,07:05:00,,"0.0",2,"Automóvil,Automóvil","Bv. 27 De Febrero Y Mitre",2,2,0,0,0,0,0,,"Avenida",,"ROSARIO","Rosario","S/D","S/D","II","Dentro","Urbana","S/D","S/D","Intersección","S/D","Buena","Diurna","Buen Tiempo","S/D","S/D","Colisión","S/D","S/D","S/D","S/D"
2014,3414,06/05/2014,"Martes",0,12:20:00,,"0.0",2,"Automóvil,Moto/Ciclomotor","Av. Pellegrini 3200",3,2,0,0,1,0,0,,"Calle",,"ROSARIO","Rosario","Asfalto","Natural","II","Dentro","Urbana","Semáforo","Intermitente","Recta","Bueno","Buena","Diurna","Buen Tiempo","Múltiple","S/D","Explosión","Otro","Horizontal","Guardarrail","Obra en Construcción"
2014,3415,14/05/2014,"Miercoles",0,09:30:00,,"0.0",2,"Peatón,Taxi/Remis","Santa Fe Y Cafferata",2,1,0,0,1,0,0,,"Calle",,"ROSARIO","Rosario","Asfalto","S/D","II","Dentro","Urbana","Otra Señal","No existe","Recta","Bueno","Buena","Diurna","Buen Tiempo","S/D","S/D","Atropello","Otro","Horizontal","S/D","Sin restricción"
2014,3416,10/05/2014,"Sabado",0,13:45:00,,"0.0",2,"Moto/Ciclomotor,Pickup/Utilitario","España Y Saavedra",3,1,0,0,2,0,0,,"Calle",,"ROSARIO","Rosario","Asfalto","Pavimento","II","Dentro","Urbana","S/D","S/D","Intersección","Bueno","Buena","Diurna","S/D","S/D","S/D","Colisión","S/D","S/D","S/D","S/D"
2014,3417,28/05/2014,"Miercoles",0,10:30:00,,"0.0",2,"Moto/Ciclomotor,Automóvil","Av. Francia Y Santa Fe",2,1,0,0,1,0,0,,"Calle",,"ROSARIO","Rosario","S/D","No existe","II","S/D","Urbana","S/D","Funciona","Recta","Bueno","Buena","Diurna","Buen Tiempo","Otro","S/D","Colisión","Otro","Vertical","Ninguna","Sin restricción"
2014,3418,14/05/2014,"Miercoles",0,20:00:00,,"0.0",2,"Automóvil,Automóvil","Mendoza Y Rio De Janeiro",2,1,0,0,1,0,0,,"Calle",,"ROSARIO","Rosario","Asfalto","No existe","II","Dentro","Urbana","Paso Peatonal","No existe","Curva","Bueno","Buena","Nocturna","Buen Tiempo","Múltiple","S/D","Colisión","Otro","Vertical","Barrera de hormigón","Sin restricción"
2014,3419,14/05/2014,"Miercoles",0,10:00:00,,"0.0",2,"Pickup/Utilitario,Moto/Ciclomotor","Alsina Y 9 De Julio",2,1,0,0,1,0,0,,"Calle",,"ROSARIO","Rosario","Asfalto","S/D","II","Dentro","Urbana","Paso Peatonal","S/D","Recta","Bueno","Buena","Diurna","Buen Tiempo","S/D","S/D","Colisión","Ninguna","Horizontal","S/D","Sin restricción"
2014,3420,14/05/2014,"Miercoles",0,21:00:00,,"0.0",2,"Taxi/Remis,Moto/Ciclomotor","Bv. 27 De Febrero Y Av. Ovidio Lagos",3,2,0,0,1,0,0,,"Avenida",,"ROSARIO","Rosario","S/D","S/D","II","Dentro","Urbana","S/D","S/D","S/D","Bueno","Buena","Diurna","Buen Tiempo","S/D","S/D","Colisión","S/D","S/D","S/D","S/D"
2014,3421,04/04/2014,"Viernes",0,12:30:00,,"0.0",2,"Bicicleta,Automóvil","Av. Pellegrini Y Castellanos",2,1,0,0,1,0,0,,"Avenida",,"ROSARIO","Rosario","Asfalto","S/D","II","Dentro","Urbana","Otra Señal","S/D","Recta","Bueno","Buena","Diurna","Buen Tiempo","S/D","S/D","Atropello","Ninguna","Horizontal","S/D","Sin restricción"
2014,3422,23/05/2014,"Viernes",0,10:30:00,,"0.0",2,"Automóvil,Moto/Ciclomotor","Av. Pellegrini Y Pte.Roca",2,1,0,0,1,0,0,,"Calle",,"ROSARIO","Rosario","S/D","S/D","II","Dentro","Urbana","S/D","S/D","Intersección","S/D","S/D","Diurna","S/D","S/D","S/D","Colisión","S/D","S/D","S/D","S/D"
2014,3423,13/05/2014,"Martes",0,15:50:00,,"0.0",2,"Automóvil,Pickup/Utilitario","Sucre 800",2,1,0,0,1,0,0,,"Calle",,"ROSARIO","Rosario","Asfalto","No existe","II","Dentro","Urbana","Paso Peatonal","S/D","Recta","Bueno","Buena","Diurna","Buen Tiempo","S/D","S/D","Colisión","Ninguna","Horizontal","Barrera de hormigón","Sin restricción"
2014,3424,31/05/2014,"Sabado",0,12:15:00,,"0.0",2,"Bicicleta,Pickup/Utilitario","Buenos Aires Y Saavedra",2,1,0,0,1,0,0,,"Calle",,"ROSARIO","Rosario","Asfalto","No existe","II","Dentro","Urbana","Marca Vial","No existe","Intersección","Bueno","Buena","Diurna","Buen Tiempo","S/D","S/D","Atropello","Ninguna","Vertical","Línea divisoria pintada","Sin restricción"
2014,3425,19/05/2014,"Lunes",0,10:50:00,,"0.0",2,"Automóvil,Automóvil","Sarmiento Y Lamadrid",2,1,0,0,1,0,0,,"Calle",,"ROSARIO","Rosario","Asfalto","No existe","II","Dentro","Urbana","S/D","No existe","Intersección","Bueno","Buena","Diurna","Buen Tiempo","De alcance","S/D","Colisión","S/D","S/D","S/D","Sin restricción"
2014,3426,18/05/2014,"Domingo",0,09:00:00,,"0.0",2,"Taxi/Remis,Moto/Ciclomotor","Uruguay Y Sarmiento",3,1,0,0,2,0,0,,"Calle",,"ROSARIO","Rosario","Asfalto","S/D","II","Dentro","Urbana","Ninguna","No existe","Intersección","Bueno","Buena","Diurna","Buen Tiempo","De alcance","S/D","Colisión","S/D","S/D","S/D","Sin restricción"
2014,3427,31/05/2014,"Sabado",0,14:35:00,,"0.0",2,"Moto/Ciclomotor,Automóvil","Amenabar Y Ayacucho",3,2,0,0,1,0,0,,"Calle",,"ROSARIO","Rosario","Asfalto","No existe","II","Dentro","Urbana","Marca Vial","No existe","Intersección","Bueno","Buena","Diurna","Buen Tiempo","Lateral","S/D","Colisión","Ninguna","Vertical","Línea divisoria pintada","Sin restricción"
2014,3428,27/05/2014,"Martes",0,14:30:00,,"0.0",2,"Automóvil,Automóvil","Virasoro Y Paraguay",3,1,0,0,2,0,0,,"Calle",,"ROSARIO","Rosario","S/D","S/D","II","Dentro","Urbana","S/D","S/D","Intersección","S/D","S/D","Diurna","S/D","S/D","S/D","Colisión","S/D","S/D","S/D","S/D"
2014,3429,21/05/2014,"Miercoles",0,11:30:00,,"0.0",2,"Automóvil,Bicicleta","Ocampo Y Sarmiento",2,1,0,0,1,0,0,,"Calle",,"ROSARIO","Rosario","S/D","S/D","II","Dentro","Urbana","S/D","S/D","Intersección","S/D","S/D","Diurna","S/D","S/D","S/D","Atropello","S/D","S/D","S/D","S/D"
2014,3430,10/05/2014,"Sabado",0,11:25:00,,"0.0",2,"Automóvil,Bicicleta","Centeno Y Entre Rios",2,1,0,0,1,0,0,,"Calle",,"ROSARIO","Rosario","Asfalto","Pavimento","II","Dentro","Urbana","S/D","S/D","Intersección","Bueno","Buena","Diurna","S/D","S/D","S/D","Atropello","S/D","S/D","S/D","S/D"
2014,3431,10/05/2014,"Sabado",0,,,"0.0",2,"Automóvil,Bicicleta","Italia Y La Paz",2,1,0,0,1,0,0,,"Calle",,"ROSARIO","Rosario","S/D","S/D","II","Dentro","Urbana","S/D","S/D","Recta","S/D","S/D","S/D","S/D","S/D","S/D","Atropello","S/D","S/D","S/D","S/D"