"anio_acci","nro_acci","fecha","desc_dia","fecha_aprox","hora_aprox","desc_ruta","km","cant_participantes","desc_participante","calle_avenida_km","total","heridos_leves","heridos_graves","heridos_gravisimos","ilesos","fallecidos","sin_datos","posicion_XY","desc_tipo_via","desc_ruta_ori","desc_loc","desc_dpto","desc_tipo_calzada","desc_tipo_banquina","desc_unidad_regional","desc_lugar_calzada","desc_zona","desc_prioridad","desc_estado_semaforo","desc_lugar_via","desc_estado_via","desc_estado_visibilidad","desc_luminosidad","desc_estado_clima","desc_tipo_colision","desc_tipo_atropello","desc_tipo_hecho","desc_pres_calzada","desc_senializacion","desc_separacion_via","desc_restriccion"
2014,3432,08/05/2014,"Jueves",0,07:15:00,,"0.0",2,"Automóvil,Bicicleta","Dean Funes Y Pte.Roca",2,1,0,0,1,0,0,,"Calle",,"ROSARIO","Rosario","Asfalto","S/D","II","Dentro","Urbana","S/D","S/D","Intersección","Bueno","S/D","Amanecer","S/D","S/D","S/D","Atropello","S/D","S/D","S/D","S/D"
2014,3433,11/05/2014,"Domingo",0,13:40:00,,"0.0",2,"Moto/Ciclomotor,Automóvil","Dorrego Y La Paz",2,1,0,0,1,0,0,,"Calle",,"ROSARIO","Rosario","Asfalto","S/D","II","Dentro","Urbana","S/D","S/D","Intersección","S/D","S/D","Diurna","S/D","S/D","S/D","S/D","S/D","S/D","S/D","S/D"
2014,3434,09/05/2014,"Viernes",0,15:15:00,,"0.0",3,"Automóvil,Taxi/Remis,Taxi/Remis","Av. Uriburu Y Rodriguez",3,1,0,0,2,0,0,,"Calle",,"ROSARIO","Rosario","Asfalto","Pavimento","II","S/D","Urbana","S/D","S/D","Intersección","Bueno","Buena","Atardecer","S/D","Múltiple","S/D","Colisión","S/D","S/D","S/D","S/D"
2014,3435,30/05/2014,"Viernes",0,12:00:00,,"0.0",2,"Moto/Ciclomotor,Automóvil","Grandoli Y Centeno",2,1,0,0,1,0,0,,"Avenida",,"ROSARIO","Rosario","Asfalto","No existe","II","Dentro","Urbana","Marca Vial","No existe","Intersección","Bueno","Buena","Diurna","Buen Tiempo","Lateral","S/D","Colisión","Ninguna","Vertical","Línea divisoria pintada","Sin restricción"
2014,3436,09/05/2014,"Viernes",0,13:25:00,,"0.0",2,"Automóvil,Bicicleta","Pasco Y Italia",2,1,0,0,1,0,0,,"Calle",,"ROSARIO","Rosario","S/D","S/D","II","Dentro","Urbana","S/D","S/D","Intersección","S/D","S/D","Diurna","S/D","S/D","S/D","Atropello","S/D","S/D","S/D","S/D"
2014,3437,06/05/2014,"Martes",0,11:45:00,,"0.0",2,"Automóvil,Automóvil","Ayacucho Y Pasco",2,1,0,0,1,0,0,,"Calle",,"ROSARIO","Rosario","Asfalto","No existe","II","Dentro","Urbana","Señal Pare","No existe","Intersección","Bueno","Buena","Diurna","Buen Tiempo","Lateral","S/D","Colisión","S/D","S/D","Ninguna","Sin restricción"
2014,3438,08/05/2014,"Jueves",0,19:10:00,,"0.0",2,"Automóvil,Moto/Ciclomotor","Mr.Ross Y Pte.Roca",3,1,0,0,2,0,0,,"Calle",,"ROSARIO","Rosario","Asfalto","Pavimento","II","Dentro","Urbana","S/D","S/D","Intersección","Bueno","Buena","Atardecer","S/D","S/D","S/D","Colisión","S/D","S/D","S/D","S/D"
2014,3439,07/05/2014,"Miercoles",0,13:20:00,,"0.0",2,"Automóvil,Automóvil","Cordoba Y Santa Fe",2,1,0,0,1,0,0,,"Calle",,"ROSARIO","Rosario","Asfalto","No existe","II","Dentro","Urbana","Semáforo","Intermitente","Recta","Bueno","Buena","Diurna","S/D","S/D","S/D","Colisión","Ninguna","Horizontal","S/D","Sin restricción"
2014,3440,23/05/2014,"Viernes",0,16:50:00,,"0.0",2,"Automóvil,Moto/Ciclomotor","Paraguay Y Galvez",3,1,0,0,2,0,0,,"Calle",,"ROSARIO","Rosario","S/D","S/D","II","Dentro","Urbana","S/D","S/D","Intersección","S/D","S/D","S/D","S/D","De alcance","S/D","Colisión","S/D","S/D","S/D","S/D"
2014,3441,28/05/2014,"Miercoles",0,19:00:00,,"0.0",2,"Bicicleta,Automóvil","Ayolas Y Dean Funes",2,1,0,0,1,0,0,,"Calle",,"ROSARIO","Rosario","Asfalto","No existe","II","Dentro","Urbana","Marca Vial","Funciona","Intersección","Bueno","Buena","Nocturna,Con luz artificial","Buen Tiempo","S/D","S/D","Atropello","Ninguna","Vertical","Línea divisoria pintada","Sin restricción"
2014,3442,28/05/2014,"Miercoles",0,,,"0.0",2,"Automóvil,Bicicleta","Suipacha Y Galvez",2,1,0,0,1,0,0,,"Calle",,"ROSARIO","Rosario","S/D","S/D","II","Dentro","Urbana","S/D","S/D","Intersección","S/D","S/D","S/D","S/D","S/D","S/D","Atropello","S/D","S/D","S/D","S/D"
2014,3443,18/05/2014,"Domingo",0,04:50:00,,"0.0",2,"Moto/Ciclomotor,Automóvil","Jose Ingenieros Y Barra",3,2,0,0,1,0,0,,"Calle",,"ROSARIO","Rosario","Asfalto","No existe","II","Dentro","Urbana","Ninguna","No existe","Intersección","Bueno","Buena","Nocturna","Buen Tiempo","Lateral","S/D","Colisión","S/D","Faltante","Ninguna","Sin restricción"
2014,3444,08/05/2014,"Jueves",0,,,"0.0",2,"Peatón,Moto/Ciclomotor","Pte.Roca Y Ituzaingo",2,1,0,0,1,0,0,,"Calle",,"ROSARIO","Rosario","S/D","S/D","II","Dentro","Urbana","S/D","S/D","Intersección","S/D","S/D","S/D","S/D","S/D","S/D","Atropello","S/D","S/D","S/D","S/D"
2014,3445,08/05/2014,"Jueves",0,16:20:00,,"0.0",2,"Bicicleta,Pickup/Utilitario","Bv. Oroño Y Reino de Marruecos",2,1,0,0,0,0,1,,"Avenida",,"ROSARIO","Rosario","Asfalto","Pavimento","II","Dentro","Urbana","S/D","S/D","Recta","Bueno","S/D","Diurna","S/D","S/D","S/D","Atropello","S/D","S/D","S/D","S/D"
2014,3446,28/05/2014,"Miercoles",0,21:00:00,,"0.0",2,"Automóvil,Moto/Ciclomotor","Cerrito Y Sarmiento",2,1,0,0,1,0,0,,"Calle",,"ROSARIO","Rosario","S/D","S/D","II","Dentro","Urbana","S/D","S/D","Intersección","S/D","S/D","Nocturna","S/D","S/D","S/D","Colisión","S/D","S/D","S/D","S/D"
2014,3447,23/05/2014,"Viernes",0,16:05:00,,"0.0",2,"Automóvil,Automóvil","Italia Y Garay",4,1,0,0,3,0,0,,"Calle",,"ROSARIO","Rosario","Asfalto","S/D","II","Dentro","Urbana","S/D","No existe","Intersección","Bueno","Buena","Diurna","Buen Tiempo","De alcance","S/D","Colisión","S/D","S/D","S/D","S/D"
2014,3448,22/05/2014,"Jueves",0,15:15:00,,"0.0",2,"Moto/Ciclomotor,Pickup/Utilitario","Esmeralda Y Pje. Falcon",2,1,0,0,1,0,0,,"Calle",,"ROSARIO","Rosario","Asfalto","No existe","II","S/D","Urbana","Marca Vial","No existe","Intersección","Bueno","Buena","Diurna","Buen Tiempo","Lateral","S/D","Colisión","Ninguna","Vertical","Línea divisoria pintada","Sin restricción"
2014,3449,02/05/2014,"Viernes",0,19:40:00,,"0.0",2,"Moto/Ciclomotor,Automóvil","L.N.Alem Y Ocampo",3,2,0,0,1,0,0,,"Calle",,"ROSARIO","Rosario","Asfalto","No existe","II","Dentro","Urbana","Señal Pare","No existe","Intersección","Bueno","Buena","Atardecer","Buen Tiempo","Lateral","S/D","Colisión","S/D","Vertical","Ninguna","Sin restricción"
2014,3450,28/05/2014,"Miercoles",0,09:00:00,,"0.0",2,"Moto/Ciclomotor,Taxi/Remis","Grandoli Y Garibaldi",2,1,0,0,1,0,0,,"Avenida",,"ROSARIO","Rosario","Asfalto","No existe","II","Dentro","Urbana","Marca Vial","No existe","Intersección","Bueno","Buena","Diurna","Buen Tiempo","Lateral","S/D","Colisión","Ninguna","Vertical","Línea divisoria pintada","Sin restricción"
2014,3451,08/05/2014,"Jueves",0,,,"0.0",2,"Transporte de Pasajeros Urbano (> 8 asientos),Peatón","Pueyrredon Y Rueda",2,1,0,0,1,0,0,,"Calle",,"ROSARIO","Rosario","Asfalto","S/D","II","Dentro","Urbana","S/D","S/D","S/D","S/D","S/D","S/D","S/D","S/D","S/D","Atropello","S/D","S/D","S/D","S/D"
2014,3452,26/05/2014,"Lunes",0,15:10:00,,"0.0",2,"Bicicleta,Automóvil","Amenabar Y Necochea",2,1,0,0,1,0,0,,"Calle",,"ROSARIO","Rosario","Asfalto","No existe","II","Dentro","Urbana","Marca Vial","No existe","Intersección","Bueno","Buena","Diurna","Buen Tiempo","S/D","S/D","Atropello","Ninguna","Vertical","Línea divisoria pintada","Sin restricción"
2014,3453,23/05/2014,"Viernes",0,15:45:00,,"0.0",2,"Automóvil,Moto/Ciclomotor","Mitre Y Sanchez de Bustamante",3,2,0,0,1,0,0,,"Calle",,"ROSARIO","Rosario","Asfalto","S/D","II","Dentro","Urbana","S/D","No existe","Recta","Bueno","Buena","Diurna","Buen Tiempo","De alcance","S/D","Colisión","Ninguna","S/D","S/D","Sin restricción"
2014,3454,23/05/2014,"Viernes",0,23:15:00,,"0.0",2,"Automóvil,Pickup/Utilitario","Av. Tte Gral Sanchez Y Ayolas",2,1,0,1,0,0,0,,"Calle",,"ROSARIO","Rosario","Asfalto","No existe","II","Dentro","Urbana","Marca Vial","No existe","Intersección","Bueno","Buena","Nocturna,Con luz artificial","Buen Tiempo","Lateral","S/D","Colisión","Ninguna","Vertical","Línea divisoria pintada","Sin restricción"
2014,3455,18/05/2014,"Domingo",0,01:45:00,,"0.0",2,"Moto/Ciclomotor,Automóvil","Av. Provincias Unidas Y Av. Genova",3,1,0,0,2,0,0,,"Avenida",,"ROSARIO","Rosario","Asfalto","No existe","II","Dentro","Urbana","Semáforo","Intermitente","Intersección","Bueno","Buena","Nocturna,Con luz artificial","Buen Tiempo","Lateral","S/D","Colisión","Ninguna","Faltante","Ninguna","Sin restricción"
2014,3456,07/05/2014,"Miercoles",0,10:40:00,,"0.0",2,"Peatón,Transporte de Pasajeros Urbano (> 8 asientos)","San Martin Y Pje. Undubarrena",2,1,0,0,0,0,1,,"Calle",,"ROSARIO","Rosario","Asfalto","Pavimento","II","Dentro","Urbana","S/D","S/D","Intersección","Bueno","Buena","Diurna","Buen Tiempo","S/D","S/D","Atropello","S/D","S/D","S/D","S/D"
2014,3457,22/05/2014,"Jueves",0,19:00:00,,"0.0",2,"Bicicleta,Taxi/Remis","L.N.Alem Y Gaboto",2,1,0,0,1,0,0,,"Calle",,"ROSARIO","Rosario","Asfalto","No existe","II","Dentro","Urbana","Marca Vial","Funciona","Intersección","Bueno","Buena","Atardecer,Con luz artificial","Buen Tiempo","S/D","S/D","Atropello","Ninguna","S/D","Línea divisoria pintada","Sin restricción"
2014,3458,25/05/2014,"Domingo",0,06:00:00,,"0.0",2,"Peatón,Automóvil","Av. Genova Y Olavarria Bis",2,1,0,0,1,0,0,,"S/D",,"ROSARIO","Rosario","Asfalto","S/D","II","S/D","Urbana","Ninguna","Funciona","Intersección","Bueno","Buena","Amanecer","Buen Tiempo","S/D","S/D","Atropello","S/D","S/D","Ninguna","Sin restricción"
2014,3459,28/05/2014,"Miercoles",0,07:50:00,,"0.0",2,"Automóvil,Transporte de Pasajeros Urbano (> 8 asientos)","Av. Sorrento Y Av. Casiano Casas",3,1,0,0,2,0,0,,"Avenida",,"ROSARIO","Rosario","Asfalto","No existe","II","Dentro","Urbana","Semáforo","Funciona","Intersección","Bueno","Buena","Diurna","Buen Tiempo","Frontal","S/D","Colisión","Ninguna","Vertical","Ninguna","Sin restricción"
2014,3460,01/05/2014,"Jueves",0,19:45:00,,"0.0",2,"Moto/Ciclomotor,Automóvil","Laprida Y Cerrito",3,2,0,0,1,0,0,,"Calle",,"ROSARIO","Rosario","Asfalto","No existe","II","S/D","Urbana","Señal Pare","No existe","Intersección","Bueno","Buena","Atardecer","Buen Tiempo","Lateral","S/D","Colisión","Ninguna","Vertical","Ninguna","Sin restricción"
2014,3461,23/05/2014,"Viernes",0,19:10:00,,"0.0",2,"Moto/Ciclomotor,Pickup/Utilitario","San Martin Y 24 De Setiembre",2,1,0,0,1,0,0,,"Avenida",,"ROSARIO","Rosario","Asfalto","No existe","II","Dentro","Urbana","Marca Vial","No existe","Intersección","Bueno","Buena","Nocturna,Con luz artificial","Buen Tiempo","Lateral","S/D","Colisión","Ninguna","Vertical","Línea divisoria pintada","Sin restricción"
2014,3462,26/05/2014,"Lunes",0,10:30:00,,"0.0",2,"Pickup/Utilitario,Peatón","Av. Sorrento Y Cavia",2,1,0,0,1,0,0,,"Avenida",,"ROSARIO","Rosario","Asfalto","No existe","II","Dentro","Urbana","Ninguna","No existe","Recta","Bueno","Buena","Diurna","Buen Tiempo","S/D","S/D","Atropello","Ninguna","Faltante","Ninguna","Sin restricción"
2014,3463,19/05/2014,"Lunes",0,15:15:00,,"0.0",2,"Automóvil,Taxi/Remis","Laprida Y Gaboto",2,1,0,0,1,0,0,,"Calle",,"ROSARIO","Rosario","Asfalto","No existe","II","Dentro","Urbana","Marca Vial","No existe","Intersección","Bueno","Buena","Diurna","Buen Tiempo","Lateral","S/D","Colisión","Ninguna","Vertical","Línea divisoria pintada","Sin restricción"
2014,3464,19/05/2014,"Lunes",0,22:30:00,,"0.0",2,"Moto/Ciclomotor,Pickup/Utilitario","Pje. Boedo Y Freyre",3,2,0,0,1,0,0,,"Calle",,"ROSARIO","Rosario","Asfalto","No existe","II","Dentro","Urbana","Ninguna","No existe","Intersección","Bueno","Buena","Nocturna","Buen Tiempo","Frontal","S/D","Colisión","Ninguna","Faltante","Ninguna","Sin restricción"
2014,3465,05/05/2014,"Lunes",0,11:00:00,,"0.0",2,"Automóvil,Automóvil","Uruguay Y España",2,1,0,0,1,0,0,,"Calle",,"ROSARIO","Rosario","Asfalto","Pavimento","II","Dentro","Urbana","S/D","No existe","Recta","Bueno","Buena","Diurna","Buen Tiempo","Lateral","S/D","Colisión","S/D","Faltante","S/D","Sin restricción"
2014,3466,19/05/2014,"Lunes",0,12:30:00,,"0.0",2,"Moto/Ciclomotor,Automóvil","L.N.Alem 3100",3,2,0,0,1,0,0,,"Calle",,"ROSARIO","Rosario","Asfalto","No existe","II","Dentro","Urbana","Marca Vial","No existe","Recta","Bueno","Buena","Diurna","Buen Tiempo","Lateral","S/D","Colisión","Ninguna","Vertical","Línea divisoria pintada","Sin restricción"
2014,3467,21/05/2014,"Miercoles",0,06:45:00,,"0.0",2,"Moto/Ciclomotor,Automóvil","Bv. Rondeau 1900",2,1,0,0,1,0,0,,"Avenida",,"ROSARIO","Rosario","Asfalto","No existe","II","Dentro","Urbana","Ninguna","No existe","Recta","Bueno","Buena","Amanecer","Buen Tiempo","Frontal","S/D","Colisión","Ninguna","Faltante","Ninguna","Sin restricción"
2014,3468,04/05/2014,"Domingo",0,20:23:00,,"0.0",2,"Automóvil,Bicicleta","Ameghino Y Dorrego",2,1,0,0,0,0,1,,"Calle",,"ROSARIO","Rosario","Asfalto","Pavimento","II","Dentro","Urbana","S/D","S/D","Recta","Bueno","Buena","Diurna","Buen Tiempo","S/D","S/D","Atropello","S/D","Faltante","S/D","Sin restricción"
2014,3469,04/05/2014,"Domingo",0,13:50:00,,"0.0",2,"Automóvil,Automóvil","Entre Rios Y Juan Canals",2,2,0,0,0,0,0,,"Calle",,"ROSARIO","Rosario","Asfalto","Pavimento","II","Dentro","Urbana","S/D","S/D","Intersección","Bueno","Buena","Diurna","Buen Tiempo","De alcance","S/D","Colisión","S/D","S/D","S/D","Sin restricción"
2014,3470,19/05/2014,"Lunes",0,14:00:00,,"0.0",2,"Moto/Ciclomotor,Automóvil","Buenos Aires Y Dean Funes",3,2,0,0,1,0,0,,"Calle",,"ROSARIO","Rosario","Asfalto","No existe","II","Dentro","Urbana","Marca Vial","No existe","Intersección","Bueno","Buena","Diurna","Buen Tiempo","Lateral","S/D","Colisión","Ninguna","Vertical","Línea divisoria pintada","Sin restricción"
2014,3471,01/05/2014,"Jueves",0,19:45:00,,"0.0",2,"Moto/Ciclomotor,Automóvil","1 de Mayo Y Cerrito",3,2,0,0,1,0,0,,"Calle",,"ROSARIO","Rosario","Asfalto","No existe","II","Dentro","Urbana","Ninguna","No existe","Intersección","Bueno","Buena","Atardecer","Buen Tiempo","Lateral","S/D","Colisión","Ninguna","Faltante","Ninguna","Sin restricción"
2014,3472,02/05/2014,"Viernes",0,02:30:00,,"0.0",2,"Automóvil,Automóvil","Bv. Oroño Y Gaboto",5,4,0,0,1,0,0,,"Avenida",,"ROSARIO","Rosario","Asfalto","No existe","II","Dentro","Urbana","Semáforo","Funciona","Recta","Bueno","Buena","Nocturna,Con luz artificial","Buen Tiempo","De alcance","S/D","Colisión","S/D","Horizontal","S/D","Sin restricción"
2014,3473,04/05/2014,"Domingo",0,17:35:00,,"0.0",2,"Automóvil,Taxi/Remis","Mendoza ",2,1,0,0,1,0,0,,"Calle",,"ROSARIO","Rosario","Asfalto","Natural","II","Dentro","Urbana","S/D","Intermitente","Recta","Bueno","Buena","Diurna","Buen Tiempo","Otro","S/D","Colisión","S/D","S/D","S/D","Sin restricción"
2014,3474,19/05/2014,"Lunes",0,19:40:00,,"0.0",2,"Automóvil,Transporte de Pasajeros Urbano (> 8 asientos)","Av. Sorrento Y Bv. Rondeau",2,1,0,0,1,0,0,,"Avenida",,"ROSARIO","Rosario","Asfalto","No existe","II","Dentro","Urbana","Semáforo","Funciona","Intersección","Bueno","Buena","Atardecer","Buen Tiempo","Frontal","S/D","Colisión","Ninguna","Vertical","Ninguna","Sin restricción"
2014,3475,20/05/2014,"Martes",0,18:15:00,,"0.0",2,"Automóvil,Bicicleta","Ameghino Y Pje. Humboldt",2,1,0,0,1,0,0,,"S/D",,"ROSARIO","Rosario","S/D","No existe","II","Dentro","Urbana","S/D","No existe","Intersección","Bueno","Buena","Diurna","Buen Tiempo","S/D","S/D","Atropello","S/D","S/D","S/D","Sin restricción"
2014,3476,14/05/2014,"Miercoles",0,09:30:00,,"0.0",2,"Automóvil,Moto/Ciclomotor","Centeno Y Italia",2,1,0,0,1,0,0,,"Calle",,"ROSARIO","Rosario","Asfalto","S/D","II","Dentro","Urbana","S/D","S/D","Intersección","Bueno","Buena","Diurna","Buen Tiempo","De alcance","S/D","Colisión","S/D","S/D","S/D","Sin restricción"
2014,3477,02/05/2014,"Viernes",0,12:10:00,,"0.0",2,"Automóvil,Moto/Ciclomotor","Callao Y 3 De Febrero",2,1,0,0,1,0,0,,"Calle",,"ROSARIO","Rosario","Asfalto","Natural","II","Dentro","Urbana","Paso Peatonal","Funciona","Recta","Bueno","Buena","Diurna","Buen Tiempo","Atropello animal","S/D","Colisión,Despeñamiento","Ninguna","Vertical","S/D","Sin restricción"
2014,3478,23/05/2014,"Viernes",0,13:00:00,,"0.0",2,"Moto/Ciclomotor,Automóvil","Balcarce Y Montevideo",3,2,0,0,1,0,0,,"Calle",,"ROSARIO","Rosario","Asfalto","No existe","II","Dentro","Urbana","Marca Vial","No existe","Intersección","Bueno","Buena","Diurna","Buen Tiempo","S/D","S/D","S/D","Ninguna","Vertical","Línea divisoria pintada","S/D"
2014,3479,22/05/2014,"Jueves",0,21:30:00,,"0.0",2,"Bicicleta,Automóvil","Grandoli Y 24 De Setiembre",1,1,0,0,0,0,0,,"Calle",,"ROSARIO","Rosario","Asfalto","No existe","I","Dentro","Urbana","Marca Vial","No existe","Intersección","Bueno","Buena","Nocturna,Con luz artificial","Buen Tiempo","S/D","S/D","Atropello","Ninguna","Vertical","Cordón divisorio","Sin restricción"
2014,3480,23/05/2014,"Viernes",0,22:30:00,,"0.0",2,"Bicicleta,Bicicleta","San Martin Y Saavedra",1,1,0,0,0,0,0,,"Calle",,"ROSARIO","Rosario","Asfalto","S/D","II","Dentro","Urbana","Semáforo","Funciona","Intersección","Bueno","Buena","Nocturna,Con luz artificial","Buen Tiempo","De alcance","S/D","Atropello","S/D","Horizontal","S/D","Sin restricción"
2014,3481,27/05/2014,"Martes",0,15:05:00,,"0.0",2,"Pickup/Utilitario,Moto/Ciclomotor","Pje. Del Campo Y Milan",3,2,0,0,1,0,0,,"Calle",,"ROSARIO","Rosario","Asfalto","No existe","II","Dentro","Urbana","S/D","No existe","Intersección","Bueno","Buena","Diurna","Buen Tiempo","De alcance","S/D","Colisión","S/D","S/D","S/D","S/D"
2014,3482,24/05/2014,"Sabado",0,00:45:00,,"0.0",2,"Moto/Ciclomotor,Automóvil","Gaboto Y Paraguay",1,1,0,0,0,0,0,,"Calle",,"ROSARIO","Rosario","Asfalto","S/D","II","Dentro","Urbana","S/D","No existe","Intersección","Bueno","Buena","S/D","Buen Tiempo","De alcance","S/D","Colisión","Ninguna","S/D","S/D","Sin restricción"
2014,3483,21/05/2014,"Miercoles",0,22:10:00,,"0.0",2,"Automóvil,Pickup/Utilitario","J.M.de Rosas Y Amenabar",2,2,0,0,0,0,0,,"Calle",,"ROSARIO","Rosario","Asfalto","No existe","II","Dentro","Urbana","S/D","No existe","Intersección","Bueno","Buena","Nocturna,Con luz artificial","Buen Tiempo","Lateral","S/D","Colisión","Ninguna","Vertical","Línea divisoria pintada","Sin restricción"
2014,3484,21/05/2014,"Miercoles",0,12:00:00,,"0.0",2,"Moto/Ciclomotor,Automóvil","Dean Funes Y 1 de Mayo",1,1,0,0,0,0,0,,"Calle",,"ROSARIO","Rosario","Asfalto","No existe","II","Dentro","Urbana","Marca Vial","No existe","Intersección","Bueno","Buena","Diurna","Buen Tiempo","Lateral","S/D","Colisión","Ninguna","Vertical","Línea divisoria pintada","Sin restricción"
2014,3485,23/05/2014,"Viernes",0,14:00:00,,"0.0",2,"Moto/Ciclomotor,Automóvil","Chacabuco Y Rueda",2,1,0,0,1,0,0,,"Calle",,"ROSARIO","Rosario","Asfalto","No existe","II","Dentro","Urbana","Marca Vial","No existe","Intersección","Bueno","Buena","Diurna","Buen Tiempo","Lateral","S/D","Colisión","Ninguna","Vertical","Línea divisoria pintada","Sin restricción"
2014,3486,23/05/2014,"Viernes",0,12:00:00,,"0.0",2,"Moto/Ciclomotor,Automóvil","Ayolas Y L.N.Alem",2,1,0,0,1,0,0,,"Calle",,"ROSARIO","Rosario","Asfalto","No existe","II","Dentro","Urbana","Semáforo","Funciona","Intersección","Bueno","Buena","Diurna","Buen Tiempo","Lateral","S/D","Colisión","Ninguna","Vertical","Línea divisoria pintada","Sin restricción"
2014,3487,24/05/2014,"Sabado",0,12:30:00,,"0.0",2,"Automóvil,Automóvil","Buenos Aires Y Dean Funes",2,1,0,0,1,0,0,,"Calle",,"ROSARIO","Rosario","Asfalto","No existe","II","Dentro","Urbana","Marca Vial","No existe","Intersección","Bueno","Buena","Diurna","Buen Tiempo","Lateral","S/D","Colisión","Ninguna","Vertical","Línea divisoria pintada","Sin restricción"
2014,3488,24/05/2014,"Sabado",0,22:30:00,,"0.0",2,"Moto/Ciclomotor,Automóvil","Buenos Aires Y Rueda",2,1,0,0,1,0,0,,"Calle",,"ROSARIO","Rosario","Asfalto","No existe","II","Dentro","Urbana","Marca Vial","S/D","Intersección","Bueno","Buena","Nocturna,Con luz artificial","Buen Tiempo","Lateral","S/D","Colisión","Ninguna","Vertical","Línea divisoria pintada","Sin restricción"
2014,3489,12/05/2014,"Lunes",0,10:30:00,"Ruta Provincial 1","22.0",1,"Automóvil"," ",2,2,0,0,0,0,0,,"Ruta",1,"COLONIA SAN JOSÉ","San Javier","Asfalto","Natural","XIV","Dentro","Urbana","Ninguna","No existe","Recta","Resbaladiza,Ahuellamiento","Reducida","Diurna","Lluvia","S/D","S/D","Despiste","Agua","Vertical","Ninguna","Sin restricción"
2014,3490,21/05/2014,"Miercoles",0,08:15:00,,"0.0",2,"Automóvil,Automóvil","Castellanos Y San Luis",4,2,0,0,2,0,0,,"Calle",,"ROSARIO","Rosario","Asfalto","No existe","II","Dentro","Urbana","Semáforo","No existe","Intersección","Bueno","Buena","Diurna","Granizo","S/D","S/D","Colisión","S/D","Horizontal","Línea divisoria pintada","Desvío Provisorio"
2014,3491,10/05/2014,"Sabado",0,13:45:00,,"0.0",2,"Camión,Moto/Ciclomotor","Rosario Y Pellegrini",2,1,0,0,1,0,0,,"Calle",,"VILLA GOBERNADOR GÁLVEZ","Rosario","Asfalto","No existe","II","Dentro","Urbana","Ninguna","No existe","Intersección","Bueno","S/D","Diurna","Buen Tiempo","S/D","S/D","Colisión","S/D","S/D","Ninguna","Sin restricción"
2014,3492,08/05/2014,"Jueves",0,11:45:00,,"0.0",1,"Moto/Ciclomotor","Ameghino Y L.N.Alem",1,1,0,0,0,0,0,,"Calle",,"ROSARIO","Rosario","Asfalto","No existe","II","Dentro","Urbana","Ninguna","No existe","Intersección","Bueno","Buena","Diurna","S/D","S/D","S/D","S/D","S/D","S/D","Ninguna","Sin restricción"
2014,3493,03/05/2014,"Sabado",0,09:00:00,,"0.0",2,"Automóvil,Automóvil","Juan B Justo 2200",2,1,0,0,1,0,0,,"Calle",,"VILLA GOBERNADOR GÁLVEZ","Rosario","Asfalto","No existe","II","Dentro","Urbana","Ninguna","No existe","Recta","Bueno","Buena","Diurna","Buen Tiempo","S/D","S/D","Colisión","S/D","Faltante","Ninguna","Sin restricción"
2014,3494,04/05/2014,"Domingo",0,10:20:00,,"0.0",2,"Automóvil,Automóvil","San Juan Y Gutenberg",6,3,0,0,3,0,0,,"Calle",,"ROSARIO","Rosario","Asfalto","Pavimento","II","Dentro","Urbana","Ninguna","Intermitente","Recta","Bueno","Buena","Diurna","Buen Tiempo","S/D","S/D","Colisión","Ninguna","Vertical","Barrera de hormigón","Sin restricción"
2014,3495,23/05/2014,"Viernes",0,12:00:00,,"0.0",2,"Moto/Ciclomotor,Automóvil","Alvear Y Santiago Cabral",2,1,0,0,1,0,0,,"Calle",,"SAN JAVIER","San Javier","Asfalto","S/D","XIV","S/D","Urbana","Ninguna","No existe","Cruce","Bueno","Buena","Diurna","Buen Tiempo","Otro","S/D","Colisión","Otro","S/D","S/D","Sin restricción"
2014,3496,11/05/2014,"Domingo",0,14:00:00,,"0.0",1,"Moto/Ciclomotor","J.J.Paso Y Olmos Bis",2,1,0,0,1,0,0,,"Calle",,"ROSARIO","Rosario","S/D","Pavimento","II","Dentro","Urbana","Ninguna","No existe","Intersección","S/D","Buena","Diurna","Lluvia","S/D","S/D","Caída ocupante","Agua","Faltante","Ninguna","Sin restricción"
2014,3497,23/05/2014,"Viernes",0,07:40:00,,"0.0",2,"Moto/Ciclomotor,Automóvil","San Nicolas Y Soldado Aguirre",2,1,0,0,1,0,0,,"Calle",,"VILLA GOBERNADOR GÁLVEZ","Rosario","Asfalto","No existe","II","Dentro","Urbana","Ninguna","No existe","Intersección","Bueno","Buena","Diurna","Buen Tiempo","S/D","S/D","Colisión","S/D","Faltante","Ninguna","Sin restricción"
2014,3498,05/05/2014,"Lunes",0,19:20:00,,"0.0",2,"Moto/Ciclomotor,Automóvil","Ayacucho Y Caupolican",2,1,0,0,1,0,0,,"Calle",,"ROSARIO","Rosario","Asfalto","No existe","II","Dentro","Urbana","Ninguna","No existe","Intersección","Bueno","Buena","Nocturna","S/D","Lateral","S/D","Colisión","S/D","Horizontal","Línea divisoria pintada","Sin restricción"