"anio_acci","nro_acci","fecha","desc_dia","fecha_aprox","hora_aprox","desc_ruta","km","cant_participantes","desc_participante","calle_avenida_km","total","heridos_leves","heridos_graves","heridos_gravisimos","ilesos","fallecidos","sin_datos","posicion_XY","desc_tipo_via","desc_ruta_ori","desc_loc","desc_dpto","desc_tipo_calzada","desc_tipo_banquina","desc_unidad_regional","desc_lugar_calzada","desc_zona","desc_prioridad","desc_estado_semaforo","desc_lugar_via","desc_estado_via","desc_estado_visibilidad","desc_luminosidad","desc_estado_clima","desc_tipo_colision","desc_tipo_atropello","desc_tipo_hecho","desc_pres_calzada","desc_senializacion","desc_separacion_via","desc_restriccion"
2014,3499,13/05/2014,"Martes",0,17:30:00,"Autopista Provincial Brigadier E.López","0.0",2,"Automóvil,Pickup/Utilitario"," ",2,1,0,0,1,0,0,,"Autopista","Brigadier E.López","ROSARIO","Rosario","Asfalto","Pavimento","II","Dentro","Urbana","Policía de tránsito","No existe","Recta","Bueno","Buena","Diurna","Buen Tiempo","De alcance","S/D","Colisión","Ninguna","S/D","Guardarrail","Sin restricción"
2014,3500,07/05/2014,"Miercoles",0,07:30:00,,"0.0",2,"Moto/Ciclomotor,Automóvil","Av. Eva Peron 8700",2,1,0,0,1,0,0,,"Avenida",,"ROSARIO","Rosario","Asfalto","No existe","II","Dentro","Urbana","Ninguna","No existe","Otro","Bueno","Reducida","Amanecer","Niebla","Otro","S/D","Colisión","Ninguna","Faltante","Ninguna","Sin restricción"
2014,3501,10/05/2014,"Sabado",0,20:15:00,,"0.0",2,"Moto/Ciclomotor,Pickup/Utilitario","San Martin Y Calle 48",3,2,0,0,1,0,0,,"Avenida",,"ROMANG","San Javier","Hormigón","No existe","XIV","Dentro","Urbana","Ninguna","No existe","Intersección","Bueno","Buena","Nocturna,Con luz artificial","Otro","Lateral","S/D","Colisión","Otro","Vertical","Ninguna","Sin restricción"
2014,3502,01/05/2014,"Jueves",0,00:15:00,,"0.0",2,"Automóvil,Moto/Ciclomotor","Pasteur ",3,2,0,0,1,0,0,,"Calle",,"VILLA GOBERNADOR GÁLVEZ","Rosario","Asfalto","No existe","II","Dentro","Urbana","Ninguna","No existe","Intersección","Bueno","Buena","Nocturna,Con luz artificial","Buen Tiempo","S/D","S/D","Colisión","S/D","S/D","Cordón divisorio","Sin restricción"
2014,3503,18/05/2014,"Domingo",0,21:30:00,,"0.0",2,"Moto/Ciclomotor,Automóvil","Maipu Y Alvear",2,1,0,0,1,0,0,,"Calle",,"VILLA GOBERNADOR GÁLVEZ","Rosario","Asfalto","No existe","II","Dentro","Urbana","Ninguna","No existe","Intersección","Bueno","Buena","Nocturna","Buen Tiempo","De alcance","S/D","Colisión","S/D","Faltante","Ninguna","Sin restricción"
2014,3504,21/05/2014,"Miercoles",0,12:45:00,,"0.0",2,"Peatón,Automóvil","Av. Francia Y E.Zeballos",2,1,0,0,1,0,0,,"Calle",,"ROSARIO","Rosario","Asfalto","S/D","II","Dentro","Urbana","Otra Señal","No existe","S/D","Bueno","Buena","Diurna","Buen Tiempo","S/D","S/D","Atropello","S/D","Vertical","S/D","S/D"
2014,3505,10/05/2014,"Sabado",1,19:45:00,"Ruta Provincial 21","286.0",2,"Automóvil,Automóvil"," ",2,2,0,0,0,0,0,,"Ruta",21,"ALVEAR","Rosario","Asfalto","S/D","II","Dentro","Rural","S/D","S/D","Recta","Bueno","S/D","Atardecer","Buen Tiempo","Lateral","S/D","Colisión","Otro","Horizontal,Vertical","Línea divisoria pintada","Sin restricción"
2014,3506,20/05/2014,"Martes",0,23:55:00,,"0.0",2,"Automóvil,Moto/Ciclomotor","Av Juan Domingo Peron Y Pasteur",2,1,0,0,1,0,0,,"Calle",,"VILLA GOBERNADOR GÁLVEZ","Rosario","Asfalto","No existe","II","Dentro","Urbana","Ninguna","No existe","Intersección","Bueno","Buena","Nocturna,Con luz artificial","Buen Tiempo","S/D","S/D","Colisión","S/D","Faltante","Ninguna","Sin restricción"
2014,3507,07/05/2014,"Miercoles",0,14:45:00,,"0.0",1,"Moto/Ciclomotor"," ",2,0,0,0,0,0,2,,"S/D",,"ROSARIO","Rosario","S/D","S/D","II","S/D","S/D","S/D","S/D","S/D","S/D","S/D","S/D","S/D","S/D","S/D","S/D","S/D","S/D","S/D","S/D"
2014,3508,04/05/2014,"Domingo",0,22:10:00,,"0.0",2,"Moto/Ciclomotor,Automóvil","Castagnino Y Miller",2,0,1,0,1,0,0,,"Calle",,"ROSARIO","Rosario","Asfalto","No existe","II","S/D","Urbana","Ninguna","No existe","Intersección","Bueno","Reducida","Nocturna","Buen Tiempo","Lateral","S/D","Colisión","Otro","Faltante","Ninguna","Sin restricción"
2014,3509,05/05/2014,"Lunes",0,18:00:00,,"0.0",2,"Bicicleta,Automóvil","CATAMARCA Y ALBERDI",2,1,0,0,1,0,0,,"Calle",,"PUEBLO ESTHER","Rosario","Asfalto","Ripio","II","Dentro","Urbana","Ninguna","No existe","Intersección","Bueno","Buena","Diurna","Buen Tiempo","Lateral","S/D","Atropello","S/D","Faltante","Línea divisoria pintada","Sin restricción"
2014,3510,05/05/2014,"Lunes",0,01:30:00,,"0.0",1,"Otros","Martinez Estrada Y Sanchez de Loria",1,1,0,0,0,0,0,,"Calle",,"ROSARIO","Rosario","S/D","S/D","II","Dentro","Urbana","S/D","S/D","S/D","S/D","S/D","Nocturna","S/D","S/D","S/D","S/D","S/D","S/D","S/D","S/D"
2014,3511,07/05/2014,"Miercoles",0,08:30:00,,"0.0",2,"Automóvil,Automóvil","Av. Circunvalacion Y Av. Sorrento",3,3,0,0,0,0,0,,"Avenida",,"ROSARIO","Rosario","Asfalto","No existe","II","S/D","Urbana","Ninguna","Funciona","Recta","Bueno","Reducida polvo","Diurna","Buen Tiempo","Otro","S/D","Colisión","S/D","Horizontal,Vertical","Ninguna","Sin restricción"
2014,3512,11/05/2014,"Domingo",0,10:10:00,,"0.0",2,"Moto/Ciclomotor,Automóvil","Donado Y Av. Jorge Newbery",2,0,0,0,1,0,1,,"S/D",,"ROSARIO","Rosario","S/D","S/D","II","S/D","Urbana","S/D","S/D","Curva","S/D","S/D","Diurna","S/D","S/D","S/D","Colisión","S/D","S/D","S/D","S/D"
2014,3513,06/05/2014,"Martes",0,17:00:00,,"0.0",2,"Bicicleta,Automóvil","Baigorria Y Medrano",2,1,0,0,1,0,0,,"Calle",,"ROSARIO","Rosario","Asfalto","No existe","II","S/D","Urbana","Ninguna","No existe","Intersección","Bueno","Buena","Diurna","Buen Tiempo","S/D","S/D","Atropello","Otro","Faltante","Ninguna","Sin restricción"
2014,3514,27/05/2014,"Martes",0,10:00:00,,"0.0",2,"Peatón,Automóvil","Saenz Peña Y Av de la Rivera Bis",2,1,0,0,1,0,0,,"Calle",,"VILLA GOBERNADOR GÁLVEZ","Rosario","Tierra","No existe","II","Dentro","Urbana","Ninguna","No existe","Recta","Con baches","Buena","Diurna","Buen Tiempo","S/D","S/D","Atropello","Agua","Faltante","Ninguna","Sin restricción"
2014,3515,20/05/2014,"Martes",0,11:00:00,,"0.0",2,"Peatón,Otros","San Martin 6300",2,1,0,0,0,0,1,,"Avenida",,"ROSARIO","Rosario","Asfalto","No existe","II","Dentro","Urbana","Marca Vial","No existe","Recta","Bueno","Buena","Diurna","Buen Tiempo","S/D","S/D","Atropello","S/D","Horizontal","Cordón divisorio","Sin restricción"
2014,3516,06/05/2014,"Martes",0,19:20:00,,"0.0",1,"Moto/Ciclomotor","Av. Eva Peron Y Ambrosetti",2,1,0,0,1,0,0,,"Avenida",,"ROSARIO","Rosario","Asfalto","No existe","II","Dentro","Urbana","Ninguna","No existe","Intersección","Bueno","Buena","Atardecer,Con luz artificial","Buen Tiempo","S/D","S/D","Caída ocupante","Ninguna","Faltante","Cordón divisorio","Sin restricción"
2014,3517,15/05/2014,"Jueves",0,07:30:00,,"0.0",2,"Moto/Ciclomotor,Otros","Mendoza 7500",2,1,0,0,1,0,0,,"Calle",,"ROSARIO","Rosario","Asfalto","No existe","II","S/D","Urbana","Ninguna","No existe","Otro","Bueno","Buena","Diurna","Buen Tiempo","Lateral","S/D","Colisión","Ninguna","Faltante","S/D","Sin restricción"
2014,3518,01/05/2014,"Jueves",0,19:50:00,,"0.0",2,"Moto/Ciclomotor,Automóvil","24 De Setiembre Y Pje. Santa Matilde",2,1,0,0,1,0,0,,"Calle",,"ROSARIO","Rosario","Asfalto","No existe","II","S/D","Urbana","Ninguna","No existe","Intersección","Deteriorada","Buena","Nocturna","Buen Tiempo","S/D","S/D","Colisión","S/D","Faltante","Cordón divisorio","Sin restricción"
2014,3519,22/05/2014,"Jueves",0,01:30:00,,"0.0",1,"Moto/Ciclomotor","Ayacucho Y Av de Circunvalacion",1,1,0,0,0,0,0,,"Avenida",,"VILLA GOBERNADOR GÁLVEZ","Rosario","Asfalto","No existe","II","Dentro","Urbana","Ninguna","No existe","Recta","Bueno","Buena","Nocturna,Con luz artificial","Buen Tiempo","Lateral","S/D","Caída ocupante","Otro","Faltante","Ninguna","Sin restricción"
2014,3520,06/05/2014,"Martes",0,08:50:00,,"0.0",2,"Moto/Ciclomotor,Automóvil","J.J.Paso Y Pje. Ascot Bis",2,1,0,0,1,0,0,,"Calle",,"ROSARIO","Rosario","Asfalto","No existe","II","Dentro","Urbana","Ninguna","No existe","Intersección","Bueno","Buena","Diurna","Buen Tiempo","Lateral","S/D","Colisión","Ninguna","Faltante","Ninguna","Sin restricción"
2014,3521,25/05/2014,"Domingo",0,15:50:00,,"0.0",2,"Moto/Ciclomotor,Automóvil","Av Juan Domingo Peron Y 3 de Febrero",3,2,0,0,1,0,0,,"Calle",,"VILLA GOBERNADOR GÁLVEZ","Rosario","Asfalto","No existe","II","Dentro","Urbana","Ninguna","No existe","Recta","Bueno","Buena","Diurna","Buen Tiempo","De alcance","S/D","Colisión","S/D","S/D","Ninguna","Sin restricción"
2014,3522,03/05/2014,"Sabado",0,06:50:00,,"0.0",2,"Automóvil,Moto/Ciclomotor","Bv. Oroño Y Rueda",2,0,1,0,1,0,0,,"Avenida",,"ROSARIO","Rosario","Asfalto","S/D","II","Dentro","Urbana","S/D","S/D","Intersección","S/D","S/D","Amanecer","S/D","S/D","S/D","Colisión","S/D","S/D","S/D","S/D"
2014,3523,19/05/2014,"Lunes",0,12:25:00,,"0.0",2,"Automóvil,Moto/Ciclomotor","San Martin Y F.Frias",2,1,0,0,1,0,0,,"Avenida",,"ROSARIO","Rosario","Asfalto","No existe","II","Dentro","Urbana","Marca Vial","No existe","Intersección","Bueno","Buena","Diurna","Buen Tiempo","Lateral","S/D","Colisión","Ninguna","Horizontal","Cordón divisorio","Sin restricción"
2014,3524,20/05/2014,"Martes",0,13:45:00,,"0.0",2,"Peatón,Moto/Ciclomotor","Alvear Y Corrientes",2,1,0,0,1,0,0,,"Calle",,"VILLA GOBERNADOR GÁLVEZ","Rosario","Hormigón","No existe","II","Dentro","Urbana","Ninguna","No existe","Recta","Con baches","Buena","Diurna","Buen Tiempo","S/D","S/D","Atropello","S/D","Faltante","Ninguna","Sin restricción"
2014,3525,13/05/2014,"Martes",0,13:20:00,,"0.0",2,"Bicicleta,Automóvil","Av. Pellegrini Y Brasil",3,2,0,0,1,0,0,,"Avenida",,"ROSARIO","Rosario","Asfalto","No existe","II","Dentro","Urbana","Ninguna","No existe","S/D","Bueno","Buena","Diurna","Buen Tiempo","S/D","S/D","Atropello","Agua","Faltante","S/D","Sin restricción"
2014,3526,04/04/2014,"Viernes",0,16:30:00,,"0.0",2,"Automóvil,Moto/Ciclomotor","Bv. Argentino Y Venezuela",2,2,0,0,0,0,0,,"Calle",,"ROSARIO","Rosario","Asfalto","No existe","II","Dentro","Urbana","Ninguna","No existe","Intersección","Bueno","Buena","Diurna","Buen Tiempo","Lateral","S/D","Colisión","Ninguna","Faltante","Ninguna","Sin restricción"
2014,3527,22/05/2014,"Jueves",0,,,"0.0",3,"Automóvil,Automóvil,Automóvil","Paraguay Y La Paz",4,4,0,0,0,0,0,,"Calle",,"ROSARIO","Rosario","S/D","S/D","II","Dentro","Urbana","S/D","S/D","Intersección","S/D","S/D","S/D","S/D","Múltiple","S/D","Colisión","S/D","S/D","S/D","S/D"
2014,3528,18/05/2014,"Domingo",0,13:30:00,,"0.0",2,"Moto/Ciclomotor,Automóvil","Nogues Y Av Juan Domingo Peron",3,2,0,0,1,0,0,,"Calle",,"VILLA GOBERNADOR GÁLVEZ","Rosario","Asfalto","No existe","II","Dentro","Urbana","Ninguna","No existe","Recta","Bueno","Buena","Diurna","S/D","De alcance","S/D","Colisión","S/D","S/D","Ninguna","Sin restricción"
2014,3529,19/05/2014,"Lunes",0,12:50:00,,"0.0",2,"Moto/Ciclomotor,Automóvil","Av Juan Domingo Peron Y Nogues",2,1,0,0,1,0,0,,"Calle",,"VILLA GOBERNADOR GÁLVEZ","Rosario","Asfalto","No existe","II","Dentro","Urbana","Ninguna","No existe","Recta","Con baches","Buena","Diurna","Buen Tiempo","De alcance","S/D","Colisión","S/D","Faltante","Ninguna","Sin restricción"
2014,3530,02/05/2014,"Viernes",0,05:40:00,,"0.0",2,"Automóvil,Automóvil","Santa Fe Y Lima",3,2,0,0,1,0,0,,"Calle",,"ROSARIO","Rosario","Asfalto","No existe","II","Dentro","Urbana","Semáforo","Funciona","Intersección","Bueno","Reducida humo","Amanecer","Buen Tiempo","De alcance","S/D","Colisión","S/D","Faltante","Ninguna","S/D"
2014,3531,22/05/2014,"Jueves",0,18:10:00,,"0.0",2,"Moto/Ciclomotor,Pickup/Utilitario","Madre Cabrini Y Arengreen",2,1,0,0,1,0,0,,"Calle",,"ROSARIO","Rosario","Asfalto","No existe","II","Dentro","Urbana","Ninguna","No existe","Intersección","Con baches","Buena","Atardecer","Buen Tiempo","Lateral","S/D","Colisión","S/D","Faltante","Ninguna","Sin restricción"
2014,3532,16/05/2014,"Viernes",0,10:00:00,,"0.0",2,"Moto/Ciclomotor,Moto/Ciclomotor","Av Juan Domingo Peron Y Cordoba",4,3,0,0,1,0,0,,"Avenida",,"VILLA GOBERNADOR GÁLVEZ","Rosario","Asfalto","No existe","II","Dentro","Urbana","Ninguna","No existe","Recta","Con baches","Buena","Diurna","Buen Tiempo","De alcance","S/D","Colisión","S/D","Faltante","Ninguna","Sin restricción"
2014,3533,01/05/2014,"Jueves",0,12:55:00,"Ruta Nacional A012","0.0",2,"Automóvil,Automóvil"," ",6,1,0,0,5,0,0,,"Ruta","A012","PIÑERO","Rosario","Asfalto","Natural","II","Dentro","Urbana","Marca Vial","No existe","Cruce","Bueno","Buena","Diurna","Buen Tiempo","Lateral","S/D","Colisión","Ninguna","Vertical","Línea divisoria pintada","Sin restricción"
2014,3534,25/04/2014,"Viernes",0,20:45:00,,"0.0",2,"Bicicleta,Automóvil","SD ",2,1,0,0,1,0,0,,"Calle",,"PEREZ","Rosario","S/D","No existe","II","Dentro","Urbana","Ninguna","No existe","Recta","Otro","Buena","Nocturna","Otro","S/D","S/D","Atropello","Otro","Faltante","Ninguna","Sin restricción"
2014,3535,16/05/2014,"Viernes",0,17:30:00,,"0.0",2,"Moto/Ciclomotor,Automóvil","Patricios Y Arteaga",3,2,0,0,1,0,0,,"Calle",,"ROSARIO","Rosario","Asfalto","No existe","II","Dentro","Urbana","Marca Vial","No existe","Intersección","Bueno","Buena","Atardecer","Buen Tiempo","Lateral","S/D","Colisión","Ninguna","Horizontal","Cordón divisorio","Sin restricción"
2014,3536,11/05/2014,"Domingo",0,23:45:00,,"0.0",2,"Moto/Ciclomotor,Automóvil","Gonzalez del Solar Y Tucuman",3,1,1,0,1,0,0,,"Calle",,"ROSARIO","Rosario","Asfalto","No existe","II","S/D","Urbana","Ninguna","No existe","S/D","Bueno","Buena","Nocturna","Buen Tiempo","Lateral","S/D","Colisión","Ninguna","Faltante","S/D","Sin restricción"
2014,3537,25/05/2014,"Domingo",0,08:40:00,,"0.0",1,"Automóvil","Av Gral San Martin Y Libertad",1,1,0,0,0,0,0,,"Calle",,"VILLA GOBERNADOR GÁLVEZ","Rosario","Asfalto","No existe","II","Dentro","Urbana","Ninguna","Funciona","Recta","Bueno","Buena","Diurna","Buen Tiempo","Contra objeto fijo","S/D","Colisión","Otro","Faltante","Ninguna","Sin restricción"
2014,3538,04/05/2014,"Domingo",0,20:45:00,,"0.0",2,"Taxi/Remis,Pickup/Utilitario","Mariano Moreno Y Cazadores",2,1,0,0,1,0,0,,"Calle",,"ROSARIO","Rosario","Asfalto","No existe","II","Dentro","Urbana","Ninguna","No existe","Cruce","Bueno","Buena","Nocturna","Buen Tiempo","Lateral","S/D","Colisión","S/D","Faltante","Ninguna","Sin restricción"
2014,3539,11/05/2014,"Domingo",0,11:30:00,,"0.0",2,"Bicicleta,Automóvil","Av. Arijon Y Paraguay",2,1,0,0,1,0,0,,"Avenida",,"ROSARIO","Rosario","Asfalto","No existe","II","Dentro","Urbana","Marca Vial","No existe","Intersección","Bueno","Buena","Diurna","Buen Tiempo","S/D","S/D","Atropello","Ninguna","Horizontal","Cordón divisorio","Sin restricción"
2014,3540,04/05/2014,"Domingo",0,22:00:00,"Ruta Secundaria 20-s","0.0",2,"Automóvil,Bicicleta"," ",2,0,1,0,1,0,0,,"Ruta","20-s","PIÑERO","Rosario","Asfalto","Natural","II","Dentro","Urbana","Ninguna","No existe","Recta","Bueno","Buena","Nocturna,Con luz artificial","Buen Tiempo","S/D","S/D","Atropello","Ninguna","Vertical","Ninguna","Sin restricción"
2014,3541,15/05/2014,"Jueves",0,21:15:00,,"0.0",2,"Moto/Ciclomotor,Automóvil","Av. Jorge Newbery Y Av. Circunvalacion",2,1,0,0,1,0,0,,"Calle",,"ROSARIO","Rosario","S/D","S/D","II","Dentro","Urbana","S/D","S/D","Intersección","S/D","S/D","Diurna","S/D","S/D","S/D","Colisión","S/D","S/D","S/D","S/D"
2014,3542,28/05/2014,"Miercoles",0,17:00:00,,"0.0",2,"Bicicleta,Otros","Velez Sarfield Y Thompson",2,1,0,0,1,0,0,,"Calle",,"VILLA GOBERNADOR GÁLVEZ","Rosario","Asfalto","No existe","II","Dentro","Urbana","Ninguna","No existe","Recta","Bueno","Buena","Diurna","Buen Tiempo","S/D","S/D","Atropello","Otro","Faltante","Ninguna","Sin restricción"
2014,3543,23/05/2014,"Viernes",0,03:45:00,,"0.0",2,"Automóvil,Automóvil","Bv. Rondeau Y Av. Puccio",3,3,0,0,0,0,0,,"Calle",,"ROSARIO","Rosario","Asfalto","No existe","II","Dentro","Urbana","Semáforo","Funciona","Intersección","Bueno","Buena","Nocturna","Buen Tiempo","Frontal","S/D","Colisión","Ninguna","Vertical","S/D","Sin restricción"
2014,3544,04/05/2014,"Domingo",0,07:00:00,"Ruta Nacional A012","10.0",1,"Pickup/Utilitario"," ",5,1,3,0,1,0,0,,"Ruta","A012","PIÑERO","Rosario","Asfalto","Natural","II","Dentro","Urbana","Marca Vial","No existe","Recta","Bueno","Buena","Diurna","Buen Tiempo","S/D","S/D","Vuelco","Ninguna","Vertical","Línea divisoria pintada","Sin restricción"
2014,3545,26/05/2014,"Lunes",0,12:15:00,,"0.0",2,"Moto/Ciclomotor,Automóvil","Schweitzer Y Donado",2,1,0,0,1,0,0,,"Calle",,"ROSARIO","Rosario","S/D","S/D","II","Dentro","Urbana","S/D","S/D","S/D","S/D","S/D","Diurna","S/D","S/D","S/D","Colisión","S/D","S/D","S/D","S/D"
2014,3546,09/05/2014,"Viernes",0,22:30:00,,"0.0",2,"Moto/Ciclomotor,Automóvil","Av. Bermudez Y Av. Battle y Ordoñez",3,0,2,0,1,0,0,,"Avenida",,"ROSARIO","Rosario","Asfalto","No existe","II","Dentro","Urbana","Marca Vial","No existe","Intersección","Bueno","Buena","Nocturna","Buen Tiempo","Lateral","S/D","Colisión","Ninguna","Horizontal","Cordón divisorio","Sin restricción"
2014,3547,06/05/2014,"Martes",0,14:00:00,,"0.0",2,"Camión,Moto/Ciclomotor","Mendoza 7500",2,0,1,0,1,0,0,,"Calle",,"ROSARIO","Rosario","Asfalto","Pavimento","II","S/D","Urbana","Ninguna","No existe","S/D","Bueno","Buena","Diurna","Buen Tiempo","Lateral","S/D","Colisión","Ninguna","S/D","S/D","Sin restricción"
2014,3548,05/05/2014,"Lunes",0,12:35:00,,"0.0",2,"Automóvil,Automóvil","J.M.Gutierrez Y Pueyrredon",3,2,0,0,1,0,0,,"Calle",,"ROSARIO","Rosario","Asfalto","No existe","II","Dentro","Urbana","Ninguna","No existe","Recta","Resbaladiza","Buena","Diurna","Lluvia","Lateral","S/D","Colisión","S/D","Faltante","Ninguna","Sin restricción"
2014,3549,12/05/2014,"Lunes",0,19:15:00,,"0.0",1,"Transporte de Pasajeros Larga Distancia (Doble Piso)","Montevideo Y Bv. Avellaneda",3,2,0,0,1,0,0,,"Avenida",,"ROSARIO","Rosario","Asfalto","No existe","II","Dentro","Urbana","Semáforo","Funciona","Recta","Bueno","Buena","Atardecer,Con luz artificial","Buen Tiempo","S/D","S/D","Colisión","S/D","Vertical","Cordón divisorio","Sin restricción"
2014,3550,28/05/2014,"Miercoles",0,00:20:00,,"0.0",2,"Moto/Ciclomotor,Pickup/Utilitario","Biedma Y Santiago",2,1,0,0,1,0,0,,"Calle",,"ROSARIO","Rosario","Asfalto","No existe","II","Dentro","Urbana","S/D","No existe","Intersección","Bueno","Buena","Nocturna,Con luz artificial","Buen Tiempo","De alcance","S/D","Colisión","S/D","S/D","S/D","Sin restricción"
2014,3551,09/05/2014,"Viernes",0,13:00:00,"Ruta Nacional A012","0.0",2,"Camión,Camión"," ",2,0,0,1,1,0,0,,"Ruta","A012","PIÑERO","Rosario","Asfalto","Natural","II","Dentro","Urbana","Marca Vial","No existe","Cruce","Bueno","Buena","Diurna","Buen Tiempo","Lateral","S/D","Colisión","Ninguna","Horizontal,Vertical","Línea divisoria pintada","Sin restricción"
2014,3552,29/05/2014,"Jueves",0,16:20:00,,"0.0",2,"Moto/Ciclomotor,Automóvil","Av Gral San Martin ",2,1,0,0,1,0,0,,"Avenida",,"VILLA GOBERNADOR GÁLVEZ","Rosario","Asfalto","No existe","II","Dentro","Urbana","Ninguna","No existe","Recta","Bueno","Buena","Diurna","Buen Tiempo","Lateral","S/D","Colisión","Otro","Faltante","Ninguna","Sin restricción"
2014,3553,27/05/2014,"Martes",0,19:55:00,,"0.0",2,"Moto/Ciclomotor,Moto/Ciclomotor","Santa Fe 2100",2,2,0,0,0,0,0,,"Calle",,"FUNES","Rosario","Asfalto","No existe","II","Dentro","Urbana","Ninguna","No existe","Recta","Bueno","Buena","Atardecer","Buen Tiempo","Lateral","S/D","Colisión","Ninguna","Faltante","Ninguna","Accidente Previo"
2014,3554,25/05/2014,"Domingo",0,17:00:00,,"0.0",2,"Moto/Ciclomotor,Automóvil","Crespo Y Amenabar",4,1,0,0,3,0,0,,"Calle",,"ROSARIO","Rosario","Asfalto","No existe","II","S/D","Urbana","Ninguna","No existe","Intersección","Bueno","Buena","Diurna","Buen Tiempo","S/D","S/D","Colisión","Ninguna","Faltante","Cordón divisorio","Sin restricción"
2014,3555,02/05/2014,"Viernes",0,17:30:00,,"0.0",2,"Moto/Ciclomotor,Pickup/Utilitario","Bv. Oroño Y Av. Battle y Ordoñez",3,1,0,0,2,0,0,,"Calle",,"ROSARIO","Rosario","Asfalto","No existe","II","S/D","Urbana","Ninguna","No existe","Recta","Bueno","Buena","Diurna","Buen Tiempo","Lateral","S/D","Colisión","S/D","Faltante","Ninguna","Sin restricción"
2014,3556,10/05/2014,"Sabado",0,13:30:00,,"6.0",1,"Automóvil"," ",2,2,0,0,0,0,0,,"S/D",,"PIÑERO","Rosario","Asfalto","Natural","II","Dentro","Urbana","Ninguna","No existe","Recta","Bueno","Buena","Diurna","Buen Tiempo","S/D","S/D","Vuelco","Ninguna","Vertical","Línea divisoria pintada","Sin restricción"
2014,3557,03/05/2014,"Sabado",0,18:20:00,,"0.0",2,"Automóvil,Moto/Ciclomotor","Av. Circunvalacion 1200",3,2,0,0,1,0,0,,"Avenida",,"ROSARIO","Rosario","Asfalto","No existe","II","S/D","Urbana","Ninguna","No existe","S/D","Bueno","Buena","Diurna","Buen Tiempo","Frontal","S/D","Colisión","Ninguna","Faltante","S/D","Sin restricción"
2014,3558,28/05/2014,"Miercoles",0,01:35:00,,"0.0",2,"Taxi/Remis,Moto/Ciclomotor","Entre Rios Y Mr.Ross",2,1,0,0,1,0,0,,"Calle",,"ROSARIO","Rosario","Asfalto","No existe","II","Dentro","Urbana","S/D","S/D","Intersección","Bueno","S/D","Nocturna,Con luz artificial","Buen Tiempo","Lateral","S/D","Colisión","S/D","S/D","S/D","Sin restricción"
2014,3559,04/05/2014,"Domingo",0,04:15:00,,"0.0",2,"Automóvil,Moto/Ciclomotor","Bv. 27 De Febrero Y Av. Francia",4,2,0,0,2,0,0,,"Avenida",,"ROSARIO","Rosario","Asfalto","S/D","II","Dentro","Urbana","S/D","Funciona","Intersección","Bueno","S/D","Nocturna,Con luz artificial","S/D","S/D","S/D","Colisión","S/D","S/D","S/D","S/D"
2014,3560,28/05/2014,"Miercoles",0,12:30:00,,"0.0",2,"Moto/Ciclomotor,Camión","Galindo ",2,2,0,0,0,0,0,,"Calle",,"FUNES","Rosario","Asfalto","No existe","II","Dentro","Urbana","Ninguna","No existe","Recta","Bueno","Buena","Atardecer","Buen Tiempo","Otro","S/D","Colisión","Ninguna","Horizontal","Ninguna","Sin restricción"
2014,3561,12/05/2014,"Lunes",0,22:00:00,,"0.0",2,"Moto/Ciclomotor,Pickup/Utilitario","Dorrego Y Alvear",2,1,0,0,1,0,0,,"Calle",,"VILLA GOBERNADOR GÁLVEZ","Rosario","Hormigón","No existe","II","Dentro","Urbana","Ninguna","No existe","Recta","Con baches","Buena","Nocturna","Buen Tiempo","De alcance","S/D","Colisión","S/D","Faltante","Ninguna","Sin restricción"
2014,3562,20/05/2014,"Martes",0,20:20:00,,"0.0",2,"Moto/Ciclomotor,Moto/Ciclomotor","Av Gral San Martin ",2,1,0,0,1,0,0,,"Avenida",,"VILLA GOBERNADOR GÁLVEZ","Rosario","Asfalto","No existe","II","Dentro","Urbana","Ninguna","No existe","Recta","Bueno","Buena","Nocturna","Buen Tiempo","Lateral","S/D","Colisión","Otro","Faltante","Ninguna","Sin restricción"
2014,3563,10/05/2014,"Sabado",0,11:00:00,,"0.0",2,"Moto/Ciclomotor,Taxi/Remis","Av. Arijon Y Tabare",3,2,0,0,1,0,0,,"Avenida",,"ROSARIO","Rosario","Asfalto","No existe","II","Dentro","Urbana","Ninguna","No existe","Intersección","Bueno","Buena","Diurna","Buen Tiempo","Lateral","S/D","Colisión","S/D","Faltante","Línea divisoria pintada","Sin restricción"
2014,3564,26/04/2014,"Sabado",0,22:50:00,,"0.0",3,"Automóvil,Automóvil,Automóvil","Av del Rosario Y Las Campanillas",3,2,0,0,1,0,0,,"Avenida",,"PEREZ","Rosario","S/D","No existe","II","Dentro","Urbana","Ninguna","No existe","Recta","Otro","Buena","S/D","S/D","Múltiple","S/D","Colisión","Otro","Faltante","Ninguna","Sin restricción"
2014,3565,30/05/2014,"Viernes",0,19:30:00,,"0.0",2,"Automóvil,Automóvil","Catamarca ",2,2,0,0,0,0,0,,"Calle",,"FUNES","Rosario","Asfalto","Natural","II","Dentro","Urbana","Semáforo","Funciona","Recta","Bueno","Buena","Diurna","Buen Tiempo","Otro","S/D","Colisión","S/D","Faltante","Ninguna","Sin restricción"