"anio_acci","nro_acci","fecha","desc_dia","fecha_aprox","hora_aprox","desc_ruta","km","cant_participantes","desc_participante","calle_avenida_km","total","heridos_leves","heridos_graves","heridos_gravisimos","ilesos","fallecidos","sin_datos","posicion_XY","desc_tipo_via","desc_ruta_ori","desc_loc","desc_dpto","desc_tipo_calzada","desc_tipo_banquina","desc_unidad_regional","desc_lugar_calzada","desc_zona","desc_prioridad","desc_estado_semaforo","desc_lugar_via","desc_estado_via","desc_estado_visibilidad","desc_luminosidad","desc_estado_clima","desc_tipo_colision","desc_tipo_atropello","desc_tipo_hecho","desc_pres_calzada","desc_senializacion","desc_separacion_via","desc_restriccion"
2014,3566,18/05/2014,"Domingo",0,14:25:00,,"0.0",2,"Moto/Ciclomotor,Moto/Ciclomotor","Bv. Segui Y Crespo",3,2,0,0,1,0,0,,"Avenida",,"ROSARIO","Rosario","Asfalto","S/D","II","Dentro","Urbana","Ninguna","No existe","Intersección","Bueno","Buena","Diurna","Lluvia","Lateral","S/D","Colisión","Ninguna","Faltante","Cordón divisorio","Sin restricción"
2014,3567,29/05/2014,"Jueves",0,16:06:00,,"0.0",2,"Automóvil,Pickup/Utilitario","San Martin Y Ameghino",2,1,0,0,1,0,0,,"Avenida",,"ROSARIO","Rosario","Asfalto","S/D","II","Dentro","Urbana","Ninguna","Funciona","Intersección","Bueno","Buena","Atardecer","Buen Tiempo","S/D","S/D","Colisión","S/D","S/D","S/D","Sin restricción"
2014,3568,04/05/2014,"Domingo",0,05:30:00,,"0.0",2,"Automóvil,Automóvil","Av. Pellegrini Y Bv. Oroño",2,2,0,0,0,0,0,,"Avenida",,"ROSARIO","Rosario","Asfalto","S/D","II","Dentro","Urbana","S/D","Funciona","Intersección","Bueno","S/D","S/D","S/D","S/D","S/D","Colisión","S/D","Vertical","Cordón divisorio","S/D"
2014,3569,06/05/2014,"Martes",0,18:55:00,,"0.0",2,"Bicicleta,Automóvil","Cordoba Y Av Juan Domingo Peron",2,1,0,0,1,0,0,,"Calle",,"VILLA GOBERNADOR GÁLVEZ","Rosario","S/D","No existe","II","Dentro","Urbana","Ninguna","No existe","Recta","Bueno","Reducida","Atardecer","Buen Tiempo","S/D","S/D","Atropello","S/D","Faltante","Ninguna","Sin restricción"
2014,3570,09/05/2014,"Viernes",0,00:45:00,,"0.0",2,"Moto/Ciclomotor,Automóvil","Av Gral San Martin Y Eva Peron",2,1,0,0,1,0,0,,"Calle",,"VILLA GOBERNADOR GÁLVEZ","Rosario","Asfalto","No existe","II","Dentro","Urbana","Ninguna","Funciona","Recta","Bueno","Buena","Nocturna","Buen Tiempo","Lateral","S/D","Colisión","Otro","Faltante","Ninguna","Sin restricción"
2014,3571,28/05/2014,"Miercoles",0,18:50:00,,"0.0",2,"Moto/Ciclomotor,Otros","Italia Y San Jose",2,1,0,0,1,0,0,,"Calle",,"GENERAL LAGOS","Rosario","Asfalto","No existe","II","Dentro","Urbana","Ninguna","No existe","Intersección","Bueno","Reducida","Nocturna,Con luz artificial","Buen Tiempo","Lateral","S/D","Colisión","S/D","Faltante","Ninguna","Sin restricción"
2014,3572,30/05/2014,"Viernes",0,07:45:00,,"0.0",2,"Moto/Ciclomotor,Moto/Ciclomotor","Av. Corrientes Y Biedma",3,3,0,0,0,0,0,,"S/D",,"ROSARIO","Rosario","Asfalto","No existe","II","S/D","Urbana","Ninguna","No existe","Intersección","Bueno","Buena","Amanecer","Buen Tiempo","Lateral","S/D","Colisión","Ninguna","S/D","S/D","Sin restricción"
2014,3573,23/05/2014,"Viernes",0,16:00:00,"Ruta Provincial 21","14.5",2,"Moto/Ciclomotor,Camión"," ",3,2,0,0,1,0,0,,"Ruta",21,"GENERAL LAGOS","Rosario","Asfalto","Natural","II","Dentro","Urbana","Ninguna","No existe","Recta","Bueno","Buena","Diurna","Buen Tiempo","Otro","S/D","Colisión","S/D","Faltante","Ninguna","Sin restricción"
2014,3574,18/05/2014,"Domingo",0,13:20:00,,"0.0",2,"Moto/Ciclomotor,Automóvil","San Luis Y Bv San diego",2,1,0,0,1,0,0,,"Avenida",,"VILLA GOBERNADOR GÁLVEZ","Rosario","Asfalto","No existe","II","Dentro","Urbana","Semáforo","Funciona","Recta","Con baches","Buena","Diurna","Buen Tiempo","Lateral","S/D","Colisión","Otro","Faltante","Ninguna","Sin restricción"
2014,3576,20/05/2014,"Martes",0,09:45:00,,"0.0",2,"Automóvil,Moto/Ciclomotor","Juan B.De La Salle Y Peru",2,1,0,0,1,0,0,,"Calle",,"ROSARIO","Rosario","Asfalto","No existe","II","Dentro","Urbana","Ninguna","No existe","Intersección","S/D","Buena","Diurna","S/D","Lateral","S/D","Colisión","S/D","Faltante","Ninguna","Sin restricción"
2014,3577,21/05/2014,"Miercoles",0,20:40:00,,"0.0",2,"Moto/Ciclomotor,Automóvil","Av. Ntra.Sra.del Rosario Y Alvear",2,1,0,0,1,0,0,,"Calle",,"ROSARIO","Rosario","Asfalto","No existe","II","Dentro","Urbana","Ninguna","No existe","Intersección","Bueno","Buena","Nocturna","Buen Tiempo","Lateral","S/D","Colisión","S/D","Faltante","Ninguna","Sin restricción"
2014,3578,18/05/2014,"Domingo",0,11:20:00,,"0.0",2,"Moto/Ciclomotor,Automóvil","Av. Francia Y Bv. Segui",2,1,0,0,0,0,1,,"Avenida",,"ROSARIO","Rosario","Asfalto","No existe","II","Dentro","Urbana","Semáforo","Funciona","Intersección","Bueno","Buena","Diurna","Lluvia","Lateral","S/D","Colisión","Ninguna","Vertical","Cordón divisorio","Sin restricción"
2014,3579,12/05/2014,"Lunes",0,17:30:00,"Ruta Provincial 21","14.0",2,"Moto/Ciclomotor,Automóvil"," ",2,1,0,0,1,0,0,,"Ruta",21,"GENERAL LAGOS","Rosario","Asfalto","Natural","II","Dentro","Rural","Ninguna","No existe","Recta","Bueno","Buena","Diurna","Buen Tiempo","De alcance","S/D","Colisión","S/D","Faltante","Ninguna","Sin restricción"
2014,3580,18/05/2014,"Domingo",0,03:30:00,,"0.0",2,"Automóvil,Moto/Ciclomotor","Santa Fe Y Liniers",5,3,0,0,2,0,0,,"Calle",,"ROSARIO","Rosario","Asfalto","S/D","II","Dentro","Urbana","Semáforo","Funciona","Intersección","S/D","Reducida","Diurna","S/D","Lateral","S/D","Colisión","S/D","Horizontal","Ninguna","Sin restricción"
2014,3581,05/05/2014,"Lunes",0,13:20:00,,"0.0",1,"Moto/Ciclomotor","Av Gral San Martin Y J F Kennedy",2,2,0,0,0,0,0,,"Calle",,"VILLA GOBERNADOR GÁLVEZ","Rosario","Asfalto","No existe","II","Dentro","Urbana","Ninguna","No existe","Recta","Con baches","Buena","Diurna","Buen Tiempo","S/D","S/D","Caída ocupante","Otro","Faltante","Ninguna","Sin restricción"
2014,3582,11/05/2014,"Domingo",0,17:00:00,,"0.0",2,"Automóvil,Automóvil","Bv. Oroño Y Ricardo Gutierrez",3,1,0,0,2,0,0,,"Avenida",,"ROSARIO","Rosario","Asfalto","No existe","II","Dentro","Urbana","Semáforo","Funciona","Intersección","Bueno","Buena","Diurna","Buen Tiempo","Lateral","S/D","Colisión","S/D","Vertical","Cordón divisorio","Sin restricción"
2014,3583,31/05/2014,"Sabado",0,12:20:00,,"0.0",2,"Automóvil,Bicicleta","Bv. Oroño Y Dean Funes",2,1,0,0,1,0,0,,"Avenida",,"ROSARIO","Rosario","Asfalto","S/D","II","Dentro","Urbana","Semáforo","Funciona","Recta","Bueno","Buena","Diurna","Buen Tiempo","S/D","S/D","Atropello","S/D","Horizontal","S/D","Sin restricción"
2014,3584,15/05/2014,"Jueves",0,18:30:00,,"0.0",2,"Bicicleta,Moto/Ciclomotor","Av. Francia Y Amenabar",2,1,0,0,1,0,0,,"Avenida",,"ROSARIO","Rosario","Asfalto","No existe","II","Dentro","Urbana","Ninguna","No existe","Intersección","Bueno","Buena","Atardecer","Buen Tiempo","S/D","S/D","Caída ocupante","Ninguna","Faltante","Cordón divisorio","Sin restricción"
2014,3585,04/05/2014,"Domingo",0,12:15:00,,"0.0",2,"Automóvil,Peatón","Santa Fe Y Elorza",2,1,0,0,1,0,0,,"Calle",,"FUNES","Rosario","Asfalto","Pavimento","II","Dentro","Urbana","Marca Vial","No existe","Recta","Bueno","Buena","Nocturna,Con luz artificial","Buen Tiempo","Otro","S/D","Atropello","Ninguna","S/D","Ninguna","Sin restricción"
2014,3586,28/05/2014,"Miercoles",0,14:45:00,,"0.0",2,"Automóvil,Automóvil","Morrison Y Donado",2,1,0,0,0,0,1,,"Calle",,"ROSARIO","Rosario","Asfalto","Pavimento","II","Dentro","Urbana","Ninguna","No existe","Intersección","Bueno","Buena","Diurna","Buen Tiempo","Lateral","S/D","Colisión","Ninguna","Faltante","Ninguna","Sin restricción"
2014,3587,01/05/2014,"Jueves",0,16:45:00,,"0.0",2,"Moto/Ciclomotor,Automóvil","Av. Belgrano Y Av. Pellegrini",2,1,0,0,1,0,0,,"Calle",,"ROSARIO","Rosario","Asfalto","S/D","II","Dentro","Urbana","Otra Señal","No existe","Curva","Bueno","Buena","Diurna","Buen Tiempo","Lateral","S/D","Colisión","S/D","S/D","Cordón divisorio","S/D"
2014,3588,19/05/2014,"Lunes",0,18:50:00,,"0.0",2,"Pickup/Utilitario,Bicicleta","Pte.Roca Y Ocampo",2,1,0,0,1,0,0,,"Calle",,"ROSARIO","Rosario","S/D","S/D","II","Dentro","Urbana","S/D","S/D","Intersección","S/D","S/D","Diurna","S/D","S/D","S/D","Atropello","S/D","S/D","S/D","S/D"
2014,3589,06/05/2014,"Martes",0,18:00:00,,"0.0",2,"Moto/Ciclomotor,Automóvil","Alsina Y Garay",3,2,0,0,1,0,0,,"Calle",,"ROSARIO","Rosario","Asfalto","No existe","II","Dentro","Urbana","Ninguna","No existe","Intersección","Deteriorada","Buena","Atardecer","Buen Tiempo","S/D","S/D","Colisión","Ninguna","Faltante","Cordón divisorio","Sin restricción"
2014,3590,05/05/2014,"Lunes",0,14:45:00,,"0.0",2,"Moto/Ciclomotor,Taxi/Remis","3 De Febrero Y Sarmiento",2,1,0,0,1,0,0,,"Calle",,"ROSARIO","Rosario","Asfalto","S/D","II","Dentro","Urbana","Ninguna","No existe","Intersección","Con baches","Buena","Diurna","Buen Tiempo","Lateral","S/D","Colisión","S/D","Faltante","Cordón divisorio","Sin restricción"
2014,3591,28/05/2014,"Miercoles",0,09:30:00,,"0.0",2,"Bicicleta,Automóvil","La Republica Y Av. Circunvalacion",2,1,0,0,0,0,1,,"Calle",,"ROSARIO","Rosario","Asfalto","Pavimento","II","Dentro","Urbana","Ninguna","No existe","Intersección","Bueno","Buena","Diurna","Buen Tiempo","S/D","S/D","Atropello","Ninguna","Faltante","Ninguna","Sin restricción"
2014,3592,31/05/2014,"Sabado",0,11:00:00,,"0.0",2,"Automóvil,Automóvil","San Martin Y Garibaldi",2,1,0,0,1,0,0,,"Avenida",,"ROSARIO","Rosario","Asfalto","S/D","II","Dentro","Urbana","S/D","No existe","Intersección","Bueno","Buena","Diurna","Buen Tiempo","Lateral","S/D","Colisión","S/D","S/D","S/D","Sin restricción"
2014,3593,06/05/2014,"Martes",0,17:25:00,,"0.0",2,"Moto/Ciclomotor,Pickup/Utilitario","Av Gral San Martin Y I A Edison",2,1,0,0,1,0,0,,"Calle",,"VILLA GOBERNADOR GÁLVEZ","Rosario","Asfalto","No existe","II","Dentro","Urbana","Ninguna","No existe","Recta","Otro","Buena","Diurna","Buen Tiempo","Lateral","S/D","Colisión","Otro","Faltante","Ninguna","Sin restricción"
2014,3594,26/04/2014,"Sabado",0,05:30:00,"Ruta Nacional 33","0.0",2,"Moto/Ciclomotor,Camión","Av Las Palmeras Y Ruta Nac 33",3,2,0,0,1,0,0,,"Ruta",33,"PEREZ","Rosario","S/D","No existe","II","Dentro","Urbana","Ninguna","No existe","Intersección","S/D","Buena","Amanecer","S/D","Lateral","S/D","Colisión","S/D","Faltante","Cordón divisorio","Sin restricción"
2014,3595,05/05/2014,"Lunes",0,12:30:00,,"0.0",2,"Bicicleta,Automóvil","Pte.Roca 1200",2,1,0,0,1,0,0,,"Calle",,"ROSARIO","Rosario","Asfalto","S/D","II","Dentro","Urbana","Ninguna","No existe","Recta","Bueno","Buena","Diurna","Buen Tiempo","S/D","S/D","Atropello","S/D","Faltante","Cordón divisorio","Sin restricción"
2014,3596,20/05/2014,"Martes",0,08:00:00,,"0.0",2,"Moto/Ciclomotor,Automóvil","Sarratea Bis Y Bv. Argentino",2,1,0,0,0,0,1,,"Avenida",,"ROSARIO","Rosario","Asfalto","No existe","II","Dentro","Urbana","S/D","No existe","Intersección","Bueno","Buena","Diurna","Buen Tiempo","Lateral","S/D","Colisión","S/D","Faltante","Ninguna","Sin restricción"
2014,3597,03/05/2014,"Sabado",0,12:00:00,,"0.0",2,"Moto/Ciclomotor,Automóvil","Av. Ovidio Lagos Y Bv. Segui",2,1,0,0,1,0,0,,"Avenida",,"ROSARIO","Rosario","Asfalto","No existe","II","S/D","Urbana","Semáforo","Funciona","Intersección","Bueno","Buena","Diurna","Buen Tiempo","S/D","S/D","Colisión","Ninguna","Vertical","Cordón divisorio","Sin restricción"
2014,3598,04/05/2014,"Domingo",0,18:00:00,,"0.0",2,"Moto/Ciclomotor,Automóvil","Ayolas Y Maipu",3,2,0,0,1,0,0,,"Calle",,"ROSARIO","Rosario","Asfalto","No existe","II","Dentro","Urbana","Marca Vial","No existe","Intersección","Bueno","Buena","Atardecer","Buen Tiempo","Lateral","S/D","Colisión","Ninguna","Vertical","Línea divisoria pintada","Sin restricción"
2014,3599,20/05/2014,"Martes",0,18:00:00,,"0.0",2,"Moto/Ciclomotor,Automóvil","Galvez Y Dorrego",2,1,0,0,1,0,0,,"Calle",,"ROSARIO","Rosario","Asfalto","S/D","II","Dentro","Urbana","S/D","S/D","Intersección","Bueno","S/D","Diurna","S/D","S/D","S/D","Colisión","S/D","S/D","S/D","S/D"
2014,3600,05/05/2014,"Lunes",0,16:30:00,,"0.0",2,"Automóvil,Automóvil","Pueyrredon Y Rioja",2,1,0,0,1,0,0,,"Calle",,"ROSARIO","Rosario","Asfalto","S/D","II","Dentro","Urbana","Ninguna","No existe","Recta","S/D","Buena","Diurna","Buen Tiempo","Frontal","S/D","Colisión","S/D","Faltante","Cordón divisorio","Sin restricción"
2014,3602,05/05/2014,"Lunes",0,18:00:00,,"0.0",2,"Automóvil,Peatón","9 De Julio Y Italia",2,1,0,0,1,0,0,,"Calle",,"ROSARIO","Rosario","Asfalto","S/D","II","Dentro","Urbana","Ninguna","No existe","Intersección","Bueno","Buena","Atardecer","Buen Tiempo","S/D","S/D","Atropello","S/D","Faltante","S/D","Sin restricción"
2014,3603,03/05/2014,"Sabado",0,10:00:00,,"0.0",2,"Moto/Ciclomotor,Automóvil","Ayolas Y Maipu",3,2,0,0,1,0,0,,"Calle",,"ROSARIO","Rosario","Asfalto","No existe","II","Dentro","Urbana","Marca Vial","No existe","Intersección","Bueno","Buena","Diurna","Buen Tiempo","Lateral","S/D","Colisión","Ninguna","Vertical","Línea divisoria pintada","Sin restricción"
2014,3604,06/05/2014,"Martes",0,09:30:00,,"0.0",2,"Moto/Ciclomotor,Automóvil","3 De Febrero Y Dorrego",2,1,0,0,1,0,0,,"Calle",,"ROSARIO","Rosario","Asfalto","S/D","II","Dentro","Urbana","Ninguna","No existe","Intersección","Bueno","Buena","Diurna","Buen Tiempo","Lateral","S/D","Colisión","S/D","Faltante","Cordón divisorio","Sin restricción"
2014,3605,21/05/2014,"Miercoles",0,08:20:00,,"0.0",2,"Pickup/Utilitario,Moto/Ciclomotor","Av. Corrientes Y Cerrito",2,1,0,0,1,0,0,,"Avenida",,"ROSARIO","Rosario","Asfalto","S/D","II","Dentro","Urbana","S/D","S/D","Intersección","Bueno","S/D","Diurna","S/D","S/D","S/D","Colisión","S/D","S/D","S/D","S/D"
2014,3606,17/05/2014,"Sabado",0,17:00:00,,"0.0",2,"Automóvil,Bicicleta","Brasil Y Av. Eva Peron",2,1,0,0,0,0,1,,"Calle",,"ROSARIO","Rosario","Asfalto","No existe","II","Dentro","Urbana","Ninguna","No existe","Intersección","Bueno","Buena","Diurna","Buen Tiempo","S/D","S/D","Atropello","Ninguna","Faltante","Ninguna","Sin restricción"
2014,3607,03/05/2014,"Sabado",0,07:00:00,,"0.0",2,"Moto/Ciclomotor,Automóvil","Rueda Y Ayacucho",3,2,0,0,1,0,0,,"Calle",,"ROSARIO","Rosario","Asfalto","No existe","II","Dentro","Urbana","Marca Vial","No existe","Intersección","Bueno","Buena","Diurna","Buen Tiempo","Lateral","S/D","Colisión","Ninguna","Vertical","Línea divisoria pintada","Sin restricción"
2014,3608,28/05/2014,"Miercoles",0,14:00:00,,"0.0",2,"Automóvil,Automóvil","San Lorenzo Y Alvear",3,2,0,0,1,0,0,,"Calle",,"ROSARIO","Rosario","Asfalto","No existe","II","Dentro","Urbana","Ninguna","No existe","Recta","Bueno","Buena","Diurna","Buen Tiempo","Lateral","S/D","Colisión","S/D","Faltante","Ninguna","Sin restricción"
2014,3609,15/05/2014,"Jueves",0,15:00:00,,"0.0",2,"Peatón,Moto/Ciclomotor","Bv. Oroño Y Av. Ponce",2,1,0,0,1,0,0,,"Avenida",,"ROSARIO","Rosario","Asfalto","S/D","II","Dentro","Urbana","S/D","S/D","Intersección","S/D","S/D","Diurna","S/D","S/D","S/D","Atropello","S/D","S/D","S/D","S/D"
2014,3610,04/05/2014,"Domingo",0,17:00:00,,"0.0",2,"Moto/Ciclomotor,Automóvil","Ayolas Y Buenos Aires",3,2,0,0,1,0,0,,"Calle",,"ROSARIO","Rosario","Asfalto","No existe","II","Dentro","Urbana","Semáforo","Funciona","Intersección","Bueno","Buena","Diurna","Buen Tiempo","Lateral","S/D","Colisión","Ninguna","Vertical","Línea divisoria pintada","Sin restricción"
2014,3611,26/05/2014,"Lunes",0,12:50:00,,"0.0",2,"Automóvil,Peatón","Italia Y Jujuy",2,1,0,0,1,0,0,,"Calle",,"ROSARIO","Rosario","Asfalto","No existe","II","Dentro","Urbana","Ninguna","No existe","Recta","Bueno","Buena","Diurna","Buen Tiempo","S/D","S/D","Atropello","Otro","Faltante","Ninguna","Sin restricción"
2014,3612,05/05/2014,"Lunes",0,19:00:00,,"0.0",2,"Moto/Ciclomotor,Automóvil","Montevideo Y Alvear",2,1,0,0,1,0,0,,"Calle",,"ROSARIO","Rosario","Asfalto","S/D","II","Dentro","Urbana","Ninguna","No existe","Recta","Bueno","Buena","Atardecer,Con luz artificial","Buen Tiempo","Lateral","S/D","Colisión","S/D","S/D","Cordón divisorio","Sin restricción"
2014,3613,22/05/2014,"Jueves",0,19:00:00,,"0.0",2,"Automóvil,Moto/Ciclomotor","Brasil Y Forest",2,1,0,0,1,0,0,,"Calle",,"ROSARIO","Rosario","Asfalto","No existe","II","S/D","Urbana","Ninguna","No existe","S/D","Bueno","Reducida","Atardecer","Buen Tiempo","Lateral","S/D","Colisión","Ninguna","Faltante","S/D","Sin restricción"
2014,3614,04/05/2014,"Domingo",0,11:30:00,,"0.0",2,"Moto/Ciclomotor,Pickup/Utilitario","Ayolas Y Beruti",2,1,0,0,1,0,0,,"Calle",,"ROSARIO","Rosario","Asfalto","No existe","II","Dentro","Urbana","Marca Vial","Funciona","Intersección","Bueno","Buena","Diurna","Buen Tiempo","Lateral","S/D","Colisión","Ninguna","Vertical","Línea divisoria pintada","Sin restricción"
2014,3615,24/05/2014,"Sabado",0,12:40:00,,"0.0",2,"Moto/Ciclomotor,Automóvil","España Y San Lorenzo",2,1,0,0,1,0,0,,"Calle",,"ROSARIO","Rosario","Asfalto","No existe","II","Dentro","Urbana","Ninguna","No existe","Intersección","Bueno","Buena","Diurna","Buen Tiempo","Lateral","S/D","Colisión","S/D","Faltante","Ninguna","Sin restricción"
2014,3616,03/05/2014,"Sabado",0,17:45:00,,"0.0",2,"Automóvil,Automóvil","San Luis Y Av. Corrientes",2,1,0,0,1,0,0,,"Calle",,"ROSARIO","Rosario","Asfalto","S/D","II","Dentro","Urbana","Semáforo","S/D","Recta","Bueno","Buena","Diurna","Buen Tiempo","Frontal","S/D","Colisión","S/D","Vertical","Cordón divisorio","Sin restricción"
2014,3617,20/05/2014,"Martes",0,07:00:00,,"0.0",2,"Peatón,Automóvil","Paraguay Y Urquiza",2,1,0,0,1,0,0,,"Calle",,"ROSARIO","Rosario","Asfalto","No existe","II","Dentro","Urbana","Ninguna","No existe","Intersección","Bueno","Buena","Diurna,Con luz artificial","Buen Tiempo","S/D","S/D","Atropello","S/D","Faltante","Ninguna","Sin restricción"
2014,3618,04/05/2014,"Domingo",0,10:30:00,,"0.0",2,"Moto/Ciclomotor,Automóvil","Laprida Y Bv. Segui",2,1,0,0,1,0,0,,"Calle",,"ROSARIO","Rosario","Asfalto","No existe","II","Dentro","Urbana","Marca Vial","No existe","Intersección","Bueno","Buena","Diurna","Buen Tiempo","Lateral","S/D","Colisión","Ninguna","Vertical","Línea divisoria pintada","Sin restricción"
2014,3619,21/05/2014,"Miercoles",0,10:00:00,,"0.0",2,"Moto/Ciclomotor,Automóvil","Mendoza 7400",2,2,0,0,0,0,0,,"Calle",,"ROSARIO","Rosario","Asfalto","No existe","II","S/D","Urbana","Ninguna","No existe","S/D","Bueno","Buena","Diurna","Buen Tiempo","S/D","S/D","Colisión","Ninguna","Faltante","S/D","Sin restricción"
2014,3620,29/05/2014,"Jueves",0,,,"0.0",2,"Peatón,Moto/Ciclomotor","M.Perdriel Y Carriego",2,1,0,0,0,0,1,,"Calle",,"ROSARIO","Rosario","Asfalto","No existe","II","Dentro","Urbana","S/D","S/D","Intersección","Bueno","S/D","S/D","S/D","S/D","S/D","Atropello","Ninguna","S/D","S/D","S/D"
2014,3621,03/05/2014,"Sabado",0,14:00:00,,"0.0",2,"Automóvil,Moto/Ciclomotor","Sarmiento 1100",2,1,0,0,1,0,0,,"Calle",,"ROSARIO","Rosario","Asfalto","S/D","II","Dentro","Urbana","Ninguna","No existe","Recta","Bueno","Buena","Diurna","Buen Tiempo","Frontal","S/D","Colisión","S/D","Faltante","S/D","Sin restricción"
2014,3622,13/05/2014,"Martes",0,09:25:00,,"0.0",2,"Automóvil,Bicicleta","Av. Luis Carballo Y Bv. Avellaneda",2,1,0,0,1,0,0,,"Avenida",,"ROSARIO","Rosario","Asfalto","S/D","II","S/D","Urbana","S/D","S/D","Intersección","Bueno","S/D","Diurna","Buen Tiempo","S/D","S/D","Atropello","S/D","Vertical","Cordón divisorio","S/D"
2014,3623,07/05/2014,"Miercoles",0,09:50:00,,"0.0",2,"Moto/Ciclomotor,Automóvil","Pje. Ivanowsky Y Laprida",2,1,0,0,1,0,0,,"Calle",,"ROSARIO","Rosario","Asfalto","No existe","II","Dentro","Urbana","Marca Vial","No existe","Intersección","Bueno","Buena","Diurna","Buen Tiempo","Lateral","S/D","Colisión","Ninguna","Vertical","Línea divisoria pintada","Sin restricción"
2014,3624,14/04/2014,"Lunes",0,21:15:00,"Ruta Nacional 33","778.0",2,"Automóvil,Moto/Ciclomotor"," ",2,1,0,0,0,0,1,,"Ruta",33,"ZAVALLA","Rosario","Asfalto","Natural","II","Dentro","Urbana","Ninguna","No existe","Recta","Bueno","Reducida","Nocturna","Buen Tiempo","S/D","S/D","Despiste","S/D","Horizontal","Línea divisoria pintada","Sin restricción"
2014,3625,15/05/2014,"Jueves",0,09:00:00,,"0.0",2,"Taxi/Remis,Automóvil","San Martin Y Rueda",3,2,0,0,1,0,0,,"Calle",,"ROSARIO","Rosario","Asfalto","S/D","II","Dentro","Urbana","S/D","S/D","Intersección","Bueno","S/D","Diurna","S/D","Lateral","S/D","Colisión","S/D","S/D","S/D","S/D"
2014,3626,15/05/2014,"Jueves",0,18:05:00,,"0.0",2,"Moto/Ciclomotor,Automóvil","Pte.Roca Y Santa Fe",2,1,0,0,1,0,0,,"Calle",,"ROSARIO","Rosario","Asfalto","S/D","II","Dentro","Urbana","Ninguna","No existe","Recta","Bueno","Buena","Diurna","Buen Tiempo","Frontal","S/D","Colisión","S/D","Faltante","Cordón divisorio","Sin restricción"
2014,3627,20/05/2014,"Martes",0,08:55:00,,"0.0",1,"Moto/Ciclomotor","J.C.Paz ",1,0,1,0,0,0,0,,"Calle",,"ROSARIO","Rosario","Asfalto","S/D","II","Dentro","Urbana","Marca Vial","S/D","Rotonda","S/D","S/D","Diurna","Lluvia","S/D","S/D","Otro","S/D","S/D","S/D","S/D"
2014,3628,08/05/2014,"Jueves",0,14:20:00,,"0.0",2,"Automóvil,Moto/Ciclomotor","Dr.Rivas Y Laprida",2,1,0,0,1,0,0,,"Calle",,"ROSARIO","Rosario","Asfalto","No existe","II","Dentro","Urbana","Marca Vial","No existe","Intersección","S/D","Buena","Diurna","Buen Tiempo","Lateral","S/D","Colisión","S/D","S/D","Línea divisoria pintada","Sin restricción"
2014,3629,16/05/2014,"Viernes",0,19:00:00,,"0.0",2,"Automóvil,Moto/Ciclomotor","Cerrito Y Paraguay",2,1,0,0,1,0,0,,"Calle",,"ROSARIO","Rosario","Asfalto","S/D","II","Dentro","Urbana","S/D","S/D","Intersección","S/D","S/D","Atardecer,Con luz artificial","S/D","S/D","S/D","Colisión","S/D","S/D","S/D","S/D"
2014,3630,15/05/2014,"Jueves",0,07:55:00,,"0.0",2,"Bicicleta,Automóvil","Alvear Y San Luis",2,1,0,0,1,0,0,,"Calle",,"ROSARIO","Rosario","Asfalto","S/D","II","Dentro","Urbana","Ninguna","No existe","Intersección","Bueno","Buena","Diurna","Buen Tiempo","S/D","S/D","Atropello","S/D","Faltante","Cordón divisorio","Sin restricción"
2014,3631,21/04/2014,"Lunes",0,18:00:00,,"0.0",2,"Peatón,Moto/Ciclomotor","El Hornero Y Perito Moreno",2,1,0,0,0,0,1,,"Calle",,"PEREZ","Rosario","Tierra","No existe","II","Dentro","Urbana","Ninguna","No existe","Intersección","Deteriorada","Buena","Atardecer","Buen Tiempo","S/D","S/D","Atropello","S/D","Faltante","Ninguna","Sin restricción"
2014,3632,09/05/2014,"Viernes",0,18:40:00,,"0.0",2,"Moto/Ciclomotor,Bicicleta","Bv. Segui Y Av. Circunvalacion",2,1,0,0,1,0,0,,"Avenida",,"ROSARIO","Rosario","Asfalto","No existe","II","Dentro","Urbana","Marca Vial","No existe","Intersección","S/D","Buena","Nocturna,Con luz artificial","Buen Tiempo","S/D","S/D","Atropello","Ninguna","Vertical","Línea divisoria pintada","Sin restricción"
2014,3633,12/05/2014,"Lunes",0,18:45:00,,"0.0",2,"Moto/Ciclomotor,Pickup/Utilitario","Av. Ovidio Lagos Y Hilarion de la Quintana",3,2,0,0,1,0,0,,"Avenida",,"ROSARIO","Rosario","Asfalto","No existe","II","S/D","Urbana","Semáforo","Funciona","Recta","Deteriorada","Buena","Atardecer","Buen Tiempo","Lateral","S/D","Colisión","S/D","Vertical","Cordón divisorio","Sin restricción"
2014,3634,15/05/2014,"Jueves",0,01:20:00,,"0.0",2,"Taxi/Remis,Automóvil","Av. Corrientes Y Pasco",2,1,0,0,1,0,0,,"Avenida",,"ROSARIO","Rosario","S/D","S/D","II","Dentro","Urbana","S/D","S/D","Intersección","S/D","S/D","Nocturna,Con luz artificial","S/D","S/D","S/D","Colisión","S/D","S/D","S/D","S/D"