"anio_acci","nro_acci","fecha","desc_dia","fecha_aprox","hora_aprox","desc_ruta","km","cant_participantes","desc_participante","calle_avenida_km","total","heridos_leves","heridos_graves","heridos_gravisimos","ilesos","fallecidos","sin_datos","posicion_XY","desc_tipo_via","desc_ruta_ori","desc_loc","desc_dpto","desc_tipo_calzada","desc_tipo_banquina","desc_unidad_regional","desc_lugar_calzada","desc_zona","desc_prioridad","desc_estado_semaforo","desc_lugar_via","desc_estado_via","desc_estado_visibilidad","desc_luminosidad","desc_estado_clima","desc_tipo_colision","desc_tipo_atropello","desc_tipo_hecho","desc_pres_calzada","desc_senializacion","desc_separacion_via","desc_restriccion"
2014,3771,22/05/2014,"Jueves",0,10:30:00,,"0.0",2,"Camión,Automóvil","Av A del Valle Y Diagonal Martinez",2,1,0,0,1,0,0,,"Avenida",,"SANTA FE","La Capital","Hormigón","No existe","I","Dentro","Urbana","Ninguna","No existe","Intersección","Bueno","Buena","Diurna","Buen Tiempo","Lateral","S/D","Colisión","Otro","Faltante","Ninguna","Sin restricción"
2014,3772,19/05/2014,"Lunes",0,15:15:00,,"0.0",2,"Automóvil,Moto/Ciclomotor","Independencia Y Cordoba",2,1,0,0,1,0,0,,"Calle",,"VILLA CONSTITUCIÓN","Constitución","Asfalto","Pavimento","VI","Dentro","Urbana","S/D","S/D","Intersección","Bueno","Buena","Diurna","Buen Tiempo","De alcance","S/D","Colisión","S/D","S/D","Línea divisoria pintada","Sin restricción"
2014,3773,01/05/2014,"Jueves",0,13:00:00,,"0.0",2,"Moto/Ciclomotor,Automóvil","Av Freyre Y La Rioja",2,1,0,0,1,0,0,,"Avenida",,"SANTA FE","La Capital","S/D","S/D","I","S/D","Urbana","S/D","S/D","S/D","S/D","S/D","Diurna","S/D","S/D","S/D","Colisión","S/D","S/D","S/D","S/D"
2014,3774,30/05/2014,"Viernes",0,10:10:00,"Ruta Nacional A008","16.0",2,"Moto/Ciclomotor,Pickup/Utilitario"," ",3,1,1,0,1,0,0,,"Ruta","A008","ROSARIO","Rosario","Asfalto","Pavimento","II","Dentro","Rural","Otra Señal","No existe","Recta","Bueno","Buena","Diurna","Buen Tiempo","Lateral","S/D","Colisión","S/D","Vertical","Guardarrail","Sin restricción"
2014,3775,22/05/2014,"Jueves",0,10:30:00,,"0.0",2,"Moto/Ciclomotor,Automóvil","Iturraspe 2900",2,1,0,0,1,0,0,,"Calle",,"SANTA FE","La Capital","Hormigón","No existe","I","Dentro","Urbana","Ninguna","No existe","Recta","Otro","Buena","Diurna","Buen Tiempo","De alcance","S/D","Colisión","Otro","Faltante","Ninguna","Sin restricción"
2014,3776,13/05/2014,"Martes",0,11:35:00,,"0.0",2,"Automóvil,Automóvil","Av Mosconi Y Lisandro de la Torre",2,1,0,0,1,0,0,,"Avenida",,"SANTA FE","La Capital","S/D","S/D","I","S/D","Urbana","S/D","S/D","S/D","S/D","S/D","Diurna","S/D","S/D","S/D","S/D","S/D","S/D","S/D","S/D"
2014,3777,23/05/2014,"Viernes",0,14:00:00,,"0.0",2,"Moto/Ciclomotor,Automóvil","Acevedo Y Sarmiento",2,0,1,0,1,0,0,,"Calle",,"VILLA CONSTITUCIÓN","Constitución","Asfalto","Pavimento","VI","Dentro","Urbana","Ninguna","S/D","Intersección","Bueno","Buena","Diurna","Buen Tiempo","De alcance","S/D","Colisión","S/D","S/D","Línea divisoria pintada","Sin restricción"
2014,3778,02/05/2014,"Viernes",0,16:20:00,,"0.0",2,"Moto/Ciclomotor,Automóvil"," ",2,1,0,0,1,0,0,,"Calle",,"SANTA FE","La Capital","Asfalto","No existe","I","Dentro","Urbana","S/D","S/D","Intersección","Bueno","S/D","Diurna","S/D","Lateral","S/D","Colisión","S/D","S/D","S/D","S/D"
2014,3779,07/05/2014,"Miercoles",0,19:20:00,,"0.0",2,"Automóvil,Automóvil","Av Blas Parera 7700",2,1,0,0,1,0,0,,"Avenida",,"SANTA FE","La Capital","Hormigón","Pavimento","I","Dentro","Urbana","Ninguna","No existe","Intersección","Bueno","Buena","Atardecer","Buen Tiempo","Lateral","S/D","Colisión","S/D","Horizontal","Barrera de hormigón","Sin restricción"
2014,3780,26/05/2014,"Lunes",0,20:00:00,,"0.0",2,"Moto/Ciclomotor,Pickup/Utilitario","Salta Y San Jose",3,1,0,0,2,0,0,,"Calle",,"SANTA FE","La Capital","S/D","S/D","I","S/D","Urbana","S/D","S/D","S/D","S/D","S/D","Nocturna","S/D","S/D","S/D","S/D","S/D","S/D","S/D","S/D"
2014,3781,20/05/2014,"Martes",0,18:55:00,,"0.0",2,"Moto/Ciclomotor,Pickup/Utilitario","J P Lopez Y San Jeronimo",3,2,0,0,1,0,0,,"Calle",,"SANTA FE","La Capital","Hormigón","No existe","I","Dentro","Urbana","Ninguna","No existe","Intersección","Bueno","Buena","Atardecer,Con luz artificial","Buen Tiempo","Lateral","S/D","Colisión","Otro","Faltante","Ninguna","Sin restricción"
2014,3782,10/05/2014,"Sabado",0,08:00:00,,"0.0",2,"Peatón,Moto/Ciclomotor","AV. PEÑALOZA Y A. CASANELLO",2,1,0,0,0,0,1,"-31.605305555556,-60.713138888889","Avenida",,"SANTA FE","La Capital","Asfalto","Pavimento","I","S/D","S/D","Ninguna","No existe","Intersección","Bueno","Buena","Diurna","Buen Tiempo","S/D","S/D","Atropello","S/D","Faltante","Ninguna","Sin restricción"
2014,3783,24/05/2014,"Sabado",0,07:00:00,,"0.0",2,"Moto/Ciclomotor,Automóvil","San Martin Y Lisandro de la Torre",2,1,0,0,1,0,0,,"Calle",,"VILLA CONSTITUCIÓN","Constitución","Asfalto","Pavimento","VI","Dentro","Urbana","S/D","S/D","Intersección","Bueno","Buena","Diurna","Buen Tiempo","Frontal","S/D","Colisión","S/D","S/D","Línea divisoria pintada","Sin restricción"
2014,3784,11/05/2014,"Domingo",0,13:00:00,,"0.0",2,"Moto/Ciclomotor,Automóvil","Av Freyre Y Lisandro de la Torre",2,1,0,0,1,0,0,,"Avenida",,"SANTA FE","La Capital","S/D","S/D","I","S/D","Urbana","S/D","S/D","S/D","S/D","S/D","S/D","S/D","S/D","S/D","S/D","S/D","S/D","S/D","S/D"
2014,3785,27/05/2014,"Martes",0,16:15:00,,"0.0",2,"Moto/Ciclomotor,Automóvil","Juan Diaz de Solis Y Vera",3,2,0,0,1,0,0,,"Calle",,"SANTA FE","La Capital","S/D","S/D","I","S/D","Urbana","S/D","S/D","S/D","S/D","S/D","Diurna","S/D","S/D","S/D","S/D","S/D","S/D","S/D","S/D"
2014,3786,03/05/2014,"Sabado",0,18:30:00,,"0.0",2,"Bicicleta,Moto/Ciclomotor","Libertad Y Esperanza",2,1,0,0,1,0,0,"-31.661055555556,-60.758722222222","Calle",,"SANTO TOMÉ","La Capital","Asfalto","S/D","I","Dentro","Urbana","S/D","S/D","Intersección","Bueno","S/D","Atardecer","Buen Tiempo","S/D","S/D","Atropello","S/D","S/D","S/D","S/D"
2014,3787,09/05/2014,"Viernes",0,20:30:00,,"0.0",2,"Moto/Ciclomotor,Automóvil","Av Freyre Y La Rioja",2,1,0,0,1,0,0,,"Avenida",,"SANTA FE","La Capital","S/D","S/D","I","S/D","Urbana","S/D","S/D","S/D","S/D","S/D","Nocturna","S/D","S/D","S/D","S/D","S/D","S/D","S/D","S/D"
2014,3788,16/05/2014,"Viernes",0,08:30:00,,"0.0",2,"Bicicleta,Moto/Ciclomotor","Av A del Valle Y Domingo Silva",2,1,0,0,1,0,0,"-31.631083333333,-60.701194444444","Avenida",,"SANTA FE","La Capital","Asfalto","No existe","I","Dentro","Urbana","Ninguna","No existe","Recta","Bueno","Buena","Diurna","Buen Tiempo","S/D","S/D","Atropello","Otro","Faltante","Ninguna","Sin restricción"
2014,3789,09/05/2014,"Viernes",0,17:10:00,,"0.0",2,"Moto/Ciclomotor,Automóvil","Av Lopez y Planes Y Maipu",3,2,0,0,1,0,0,,"Avenida",,"SANTA FE","La Capital","S/D","S/D","I","S/D","Urbana","S/D","S/D","S/D","S/D","S/D","Diurna","S/D","S/D","S/D","S/D","S/D","S/D","S/D","S/D"
2014,3790,06/05/2014,"Martes",0,18:00:00,,"0.0",2,"Moto/Ciclomotor,Automóvil","Mosconi Y Oroño",3,2,0,0,0,0,1,,"Calle",,"VILLA CONSTITUCIÓN","Constitución","Asfalto","S/D","VI","Dentro","Urbana","S/D","S/D","Intersección","S/D","S/D","Diurna","Buen Tiempo","S/D","S/D","Colisión","S/D","S/D","S/D","S/D"
2014,3791,14/05/2014,"Miercoles",0,10:15:00,,"0.0",2,"Moto/Ciclomotor,Pickup/Utilitario","San Jeronimo Y Alberti",3,2,0,0,1,0,0,,"Calle",,"SANTA FE","La Capital","Asfalto","No existe","I","Dentro","Urbana","Ninguna","No existe","Recta","Con baches","Buena","Diurna","Buen Tiempo","De alcance","S/D","Colisión","Otro","Faltante","Ninguna","Sin restricción"
2014,3792,12/05/2014,"Lunes",0,12:00:00,,"0.0",2,"Peatón,Automóvil","Av Gral Paz Y Agustin Delgado",2,1,0,0,1,0,0,"-31.62325,-60.688027777778","Avenida",,"SANTA FE","La Capital","Asfalto","No existe","I","Dentro","Urbana","S/D","S/D","Intersección","Bueno","Buena","Diurna","Buen Tiempo","S/D","S/D","Atropello","S/D","S/D","S/D","S/D"
2014,3793,17/05/2014,"Sabado",0,12:15:00,"Ruta Provincial 1","6.0",2,"Automóvil,Moto/Ciclomotor"," ",2,1,0,0,1,0,0,,"Ruta",1,"RINCÓN POTRERO","La Capital","Asfalto","Natural","I","Dentro","Urbana","Ninguna","No existe","Intersección","Bueno","Buena","Diurna","Buen Tiempo","Lateral","S/D","Colisión","Material Suelto","Horizontal","Línea divisoria pintada","Sin restricción"
2014,3794,01/05/2014,"Jueves",0,21:10:00,,"0.0",2,"Automóvil,Moto/Ciclomotor","Ayacucho 5400",2,1,0,0,1,0,0,,"Calle",,"SANTA FE","La Capital","Tierra","Natural","I","Dentro","Urbana","Ninguna","S/D","Intersección","Con baches","Buena","Nocturna","Buen Tiempo","Lateral","S/D","Colisión","S/D","Faltante","Ninguna","Sin restricción"
2014,3795,24/05/2014,"Sabado",0,07:20:00,"Ruta Nacional 11","0.0",2,"Moto/Ciclomotor,Moto/Ciclomotor","Avenida Nuestra Señora del Luj Y 12 de septiembre",3,3,0,0,0,0,0,,"Ruta",11,"SANTO TOMÉ","La Capital","Asfalto","No existe","I","Dentro","Urbana","Ninguna","Funciona","Intersección","Bueno","Buena","Diurna","Buen Tiempo","Lateral","S/D","Colisión","Otro","Horizontal","Línea divisoria pintada","Sin restricción"
2014,3796,15/05/2014,"Jueves",0,17:00:00,,"0.0",2,"Peatón,Pickup/Utilitario","Echeverria ",2,2,0,0,0,0,0,,"Calle",,"VILLA CONSTITUCIÓN","Constitución","Asfalto","S/D","VI","Dentro","Urbana","S/D","S/D","Recta","Bueno","Buena","Diurna","Buen Tiempo","S/D","S/D","Atropello","S/D","S/D","S/D","S/D"
2014,3797,09/05/2014,"Viernes",0,10:45:00,,"0.0",2,"Moto/Ciclomotor,Pickup/Utilitario","Mendoza Y San Lorenzo",2,1,0,0,1,0,0,,"S/D",,"SANTA FE","La Capital","S/D","S/D","I","S/D","Urbana","S/D","S/D","S/D","S/D","S/D","Diurna","S/D","S/D","S/D","S/D","S/D","S/D","S/D","S/D"
2014,3798,15/05/2014,"Jueves",0,15:10:00,,"0.0",2,"Moto/Ciclomotor,Automóvil","Av Freyre Y Santiago del Estero",2,1,0,0,1,0,0,,"Avenida",,"SANTA FE","La Capital","S/D","S/D","I","S/D","Urbana","S/D","S/D","S/D","S/D","S/D","Diurna","S/D","S/D","S/D","S/D","S/D","S/D","S/D","S/D"
2014,3799,13/05/2014,"Martes",0,17:00:00,,"0.0",2,"Moto/Ciclomotor,Moto/Ciclomotor","Av A del Valle Y Gorostiaga",2,1,0,0,1,0,0,,"Avenida",,"SANTA FE","La Capital","Hormigón","S/D","I","Dentro","Urbana","Semáforo","S/D","Recta","Bueno","S/D","Diurna","Buen Tiempo","De alcance","S/D","Colisión","Otro","Vertical","S/D","Sin restricción"
2014,3800,21/05/2014,"Miercoles",0,09:20:00,,"0.0",2,"Moto/Ciclomotor,Automóvil","Francia Y Santiago de Chile",2,1,0,0,1,0,0,,"Calle",,"SANTA FE","La Capital","S/D","S/D","I","S/D","Urbana","S/D","S/D","S/D","S/D","S/D","Diurna","S/D","S/D","S/D","S/D","S/D","S/D","S/D","S/D"
2014,3801,22/05/2014,"Jueves",0,13:40:00,,"0.0",2,"Moto/Ciclomotor,Automóvil","Bv. Avellaneda Y Av. Circunvalacion",4,2,0,0,2,0,0,,"Avenida",,"ROSARIO","Rosario","Asfalto","No existe","II","Dentro","Urbana","Ninguna","No existe","Curva","Con baches,Deteriorada","Buena","Diurna","Buen Tiempo","Lateral","S/D","Colisión","S/D","Faltante","Cordón divisorio","Sin restricción"
2014,3802,03/05/2014,"Sabado",0,06:45:00,,"0.0",2,"Automóvil,Moto/Ciclomotor","San Lorenzo Y Gorostiaga",2,0,0,0,0,0,2,,"Calle",,"SANTA FE","La Capital","S/D","S/D","I","S/D","S/D","S/D","S/D","S/D","S/D","S/D","S/D","S/D","S/D","S/D","S/D","S/D","S/D","S/D","S/D"
2014,3803,21/05/2014,"Miercoles",0,11:40:00,,"0.0",2,"Pickup/Utilitario,Peatón","Av Pte Peron 3465",2,1,0,0,1,0,0,"-31.632972222222,-60.717527777778","Avenida",,"SANTA FE","La Capital","Asfalto","Pavimento","I","Dentro","Urbana","Paso Peatonal","No existe","Recta","Bueno","Buena","Diurna","Buen Tiempo","S/D","S/D","Atropello","S/D","Faltante","Cordón divisorio","Sin restricción"
2014,3804,13/05/2014,"Martes",0,08:40:00,,"0.0",2,"Moto/Ciclomotor,Pickup/Utilitario","Gutierrez Y 9 de Julio",2,1,0,0,1,0,0,,"Calle",,"SANTA FE","La Capital","Hormigón","S/D","I","Dentro","Urbana","Ninguna","S/D","Intersección","Bueno","S/D","Diurna","Buen Tiempo","Lateral","S/D","Colisión","Otro","Faltante","Ninguna","Sin restricción"
2014,3805,30/05/2014,"Viernes",0,13:10:00,,"0.0",2,"Moto/Ciclomotor,Automóvil","Av. Battle y Ordoñez 3400",4,2,0,0,2,0,0,,"Calle",,"ROSARIO","Rosario","Asfalto","No existe","II","Dentro","Urbana","S/D","No existe","Recta","Bueno","Buena","Diurna","Buen Tiempo","Lateral","S/D","Colisión","S/D","S/D","Barrera de hormigón","Sin restricción"
2014,3806,03/05/2014,"Sabado",0,10:50:00,,"0.0",2,"Moto/Ciclomotor,Automóvil","San Lorenzo Y J P Lopez",2,0,0,0,0,0,2,,"Calle",,"SANTA FE","La Capital","S/D","S/D","I","S/D","S/D","S/D","S/D","S/D","S/D","S/D","S/D","S/D","S/D","S/D","S/D","S/D","S/D","S/D","S/D"
2014,3807,02/05/2014,"Viernes",0,12:10:00,,"0.0",2,"Automóvil,Moto/Ciclomotor","Av Blas Parera 7300",2,1,0,0,1,0,0,,"Avenida",,"SANTA FE","La Capital","Asfalto","Pavimento","I","Dentro","Urbana","Ninguna","No existe","Intersección","Bueno","Buena","Diurna","Buen Tiempo","Frontal","S/D","Colisión","S/D","Horizontal","Vegetación","Sin restricción"
2014,3808,14/05/2014,"Miercoles",0,07:50:00,,"0.0",2,"Bicicleta,Automóvil","Chubut Y Las Heras",2,1,0,0,1,0,0,,"Calle",,"VILLA CONSTITUCIÓN","Constitución","Asfalto","S/D","VI","Dentro","Urbana","S/D","S/D","Intersección","Bueno","Buena","Amanecer","S/D","S/D","S/D","Atropello","S/D","S/D","S/D","S/D"
2014,3809,03/05/2014,"Sabado",0,12:40:00,,"0.0",3,"Moto/Ciclomotor,Peatón,Peatón","Av Blas Parera Y Boneo",3,2,0,0,1,0,0,"-31.598888888889,-60.722166666667","Avenida",,"SANTA FE","La Capital","Asfalto","Pavimento","I","Dentro","Urbana","Ninguna","No existe","Intersección","Bueno","Buena","Diurna","Buen Tiempo","S/D","S/D","Atropello","S/D","Horizontal","Ninguna","Sin restricción"
2014,3810,25/05/2014,"Domingo",0,,,"0.0",2,"Moto/Ciclomotor,Automóvil","Av Blas Parera Y Pedro Espinosa",2,1,0,0,1,0,0,,"Calle",,"SANTA FE","La Capital","Asfalto","No existe","I","Dentro","Urbana","Ninguna","No existe","Curva","Bueno","S/D","S/D","Buen Tiempo","De alcance","S/D","Otro","Ninguna","Faltante","Vegetación","Sin restricción"
2014,3811,21/05/2014,"Miercoles",0,13:00:00,,"0.0",2,"Bicicleta,Pickup/Utilitario"," ",2,0,0,0,0,0,2,"-31.613222222222,-60.704972222222","S/D",,"SANTA FE","La Capital","S/D","S/D","I","S/D","S/D","S/D","S/D","S/D","S/D","S/D","S/D","S/D","S/D","S/D","Atropello","S/D","S/D","S/D","S/D"
2014,3812,09/05/2014,"Viernes",0,08:50:00,,"0.0",2,"Bicicleta,Automóvil","Salta Y Mendoza",2,1,0,0,1,0,0,"-31.647055555556,-60.719055555556","Calle",,"SANTA FE","La Capital","S/D","S/D","I","S/D","Urbana","S/D","S/D","S/D","S/D","S/D","Diurna","S/D","S/D","S/D","Atropello","S/D","S/D","S/D","S/D"
2014,3813,06/05/2014,"Martes",0,21:00:00,,"0.0",2,"Moto/Ciclomotor,Automóvil","Saavedra Y Chubut",2,2,0,0,0,0,0,,"Calle",,"VILLA CONSTITUCIÓN","Constitución","Asfalto","S/D","VI","Dentro","Urbana","S/D","S/D","Intersección","Bueno","Buena","Nocturna","S/D","Frontal","S/D","Colisión","S/D","S/D","S/D","S/D"
2014,3814,09/05/2014,"Viernes",0,20:00:00,,"0.0",2,"Moto/Ciclomotor,Automóvil","Av Freyre Y Santiago del Estero",3,1,0,0,2,0,0,,"Avenida",,"SANTA FE","La Capital","S/D","S/D","I","S/D","Urbana","S/D","S/D","S/D","S/D","S/D","S/D","S/D","S/D","S/D","S/D","S/D","S/D","S/D","S/D"
2014,3815,20/05/2014,"Martes",0,23:45:00,,"0.0",2,"Moto/Ciclomotor,Otros","Gorriti Y Gdor Luciano Leiva",3,2,0,0,1,0,0,,"Calle",,"SANTA FE","La Capital","Asfalto","No existe","I","S/D","Urbana","Ninguna","No existe","Intersección","Bueno","Buena","Nocturna","Buen Tiempo","Frontal","S/D","Colisión","Ninguna","Faltante","Ninguna","Sin restricción"
2014,3816,11/05/2014,"Domingo",0,19:00:00,,"0.0",2,"Automóvil,Moto/Ciclomotor","Av A del Valle Y Martin Zapata",2,1,0,0,1,0,0,,"Avenida",,"SANTA FE","La Capital","Hormigón","No existe","I","Dentro","Urbana","Ninguna","No existe","Intersección","Bueno","Buena","Atardecer,Con luz artificial","Buen Tiempo","Lateral","S/D","Colisión","Otro","Faltante","Ninguna","Sin restricción"
2014,3817,19/05/2014,"Lunes",0,13:30:00,,"0.0",2,"Pickup/Utilitario,Pickup/Utilitario","4 de Enero Y Lavalle",2,0,0,0,0,0,2,,"Calle",,"SANTA FE","La Capital","S/D","S/D","I","S/D","S/D","S/D","S/D","S/D","S/D","S/D","S/D","S/D","S/D","S/D","S/D","S/D","S/D","S/D","S/D"
2014,3818,10/05/2014,"Sabado",0,11:45:00,"Ruta Nacional 11","0.0",2,"Pickup/Utilitario,Moto/Ciclomotor","Avenida Nuestra Señora del Luj Y Ruta 11 Avenida Richieri",3,0,2,0,1,0,0,,"Ruta",11,"SANTO TOMÉ","La Capital","Asfalto,Ripio","No existe","I","S/D","Urbana","Ninguna","No existe","Intersección","Bueno","Buena","Diurna","Buen Tiempo","Lateral","S/D","Colisión","Otro","Faltante","Ninguna","Sin restricción"
2014,3819,06/05/2014,"Martes",0,21:00:00,,"0.0",2,"Moto/Ciclomotor,Automóvil","Comodoro Rivadavia Y Independencia",2,2,0,0,0,0,0,,"Calle",,"VILLA CONSTITUCIÓN","Constitución","Asfalto","S/D","VI","Dentro","Urbana","S/D","S/D","Intersección","Bueno","Buena","Nocturna","Buen Tiempo","Frontal","S/D","Colisión","S/D","S/D","S/D","S/D"
2014,3820,28/05/2014,"Miercoles",0,15:00:00,,"0.0",2,"Automóvil,Moto/Ciclomotor","Av Blas Parera Y Gorriti",2,1,0,0,1,0,0,,"Avenida",,"SANTA FE","La Capital","Asfalto","No existe","I","S/D","Urbana","Ninguna","Funciona","Intersección","Bueno","Buena","Diurna","Buen Tiempo","De alcance","S/D","Colisión","Ninguna","Faltante","Ninguna","Sin restricción"
2014,3821,08/05/2014,"Jueves",0,16:30:00,,"0.0",2,"Moto/Ciclomotor,Automóvil","Av A del Valle Y Luciano Torrent",2,1,0,0,1,0,0,,"Avenida",,"SANTA FE","La Capital","Hormigón","No existe","I","Dentro","Urbana","Ninguna","No existe","Intersección","Bueno","Buena","Diurna","Buen Tiempo","Lateral","S/D","Colisión","Otro","Faltante","Ninguna","Sin restricción"
2014,3822,08/05/2014,"Jueves",0,21:00:00,,"0.0",2,"Automóvil,Automóvil","Av Urquiza Y Hipolito Yrigoyen",4,2,0,0,2,0,0,,"S/D",,"SANTA FE","La Capital","S/D","S/D","I","S/D","Urbana","S/D","S/D","S/D","S/D","S/D","Nocturna","S/D","S/D","S/D","S/D","S/D","S/D","S/D","S/D"
2014,3823,03/05/2014,"Sabado",0,18:40:00,"Ruta Provincial 21","0.0",1,"Moto/Ciclomotor"," ",2,2,0,0,0,0,0,,"Ruta",21,"VILLA CONSTITUCIÓN","Constitución","Asfalto","S/D","VI","S/D","Urbana","S/D","No existe","Recta","Bueno","S/D","Nocturna","S/D","Atropello animal","S/D","Colisión","S/D","S/D","S/D","S/D"
2014,3824,14/05/2014,"Miercoles",0,14:15:00,,"0.0",2,"Bicicleta,Automóvil","Av Facundo Zuviria Y Presidente Roca",2,0,0,0,0,0,2,"-31.614194444444,-60.705194444444","Calle",,"SANTA FE","La Capital","S/D","S/D","I","S/D","S/D","S/D","S/D","S/D","S/D","S/D","S/D","S/D","S/D","S/D","Atropello","S/D","S/D","S/D","S/D"
2014,3825,30/05/2014,"Viernes",0,22:35:00,"Autopista Provincial Brigadier E.López","131.0",1,"Transporte de Pasajeros Urbano (> 8 asientos)","Ruta Nac 11 Av Grl Lopez ",16,11,5,0,0,0,0,,"Autopista","Brigadier E.López","SAUCE VIEJO","La Capital","Asfalto","Pavimento","I","S/D","S/D","S/D","No existe","Recta","Bueno","Reducida","Nocturna","Buen Tiempo","S/D","S/D","Vuelco","S/D","S/D","Vegetación","Sin restricción"
2014,3826,25/05/2014,"Domingo",0,20:40:00,,"0.0",1,"Moto/Ciclomotor","Av Blas Parera Y Estado de Israel",3,3,0,0,0,0,0,,"Avenida",,"SANTA FE","La Capital","Asfalto","Pavimento","I","Dentro","Urbana","Ninguna","Funciona","Intersección","Bueno","Buena","Nocturna","Buen Tiempo","Atropello animal","S/D","Colisión","S/D","Horizontal,Vertical","Ninguna","Sin restricción"
2014,3827,14/05/2014,"Miercoles",0,10:00:00,,"0.0",2,"Moto/Ciclomotor,Automóvil","Gdor Mariano Cabal Y Vera Mujica",2,0,0,0,0,0,2,,"Calle",,"SANTA FE","La Capital","S/D","S/D","I","S/D","S/D","S/D","S/D","S/D","S/D","S/D","S/D","S/D","S/D","S/D","S/D","S/D","S/D","S/D","S/D"
2014,3828,12/05/2014,"Lunes",0,18:20:00,,"0.0",2,"Moto/Ciclomotor,Pickup/Utilitario","Regis Martinez Y Candioti",3,2,0,0,1,0,0,,"Calle",,"SANTA FE","La Capital","Asfalto","S/D","I","Dentro","Urbana","S/D","S/D","S/D","Bueno","Buena","Diurna","Buen Tiempo","Frontal","S/D","Colisión","S/D","S/D","S/D","S/D"
2014,3829,17/05/2014,"Sabado",0,00:30:00,,"0.0",2,"Automóvil,Moto/Ciclomotor","Balcarce Y Mariano Moreno",2,2,0,0,0,0,0,,"Calle",,"SANTO TOMÉ","La Capital","Asfalto","S/D","I","Dentro","Urbana","S/D","S/D","Intersección","Bueno","S/D","Nocturna","Buen Tiempo","Lateral","S/D","Colisión","S/D","S/D","S/D","Sin restricción"
2014,3830,09/05/2014,"Viernes",0,13:15:00,,"0.0",2,"Moto/Ciclomotor,Pickup/Utilitario","Estanislao Zeballos 2700",2,1,0,0,1,0,0,,"Calle",,"SANTA FE","La Capital","Hormigón","No existe","I","Dentro","Urbana","Ninguna","No existe","Recta","Bueno","Buena","Diurna","Buen Tiempo","De alcance","S/D","Colisión","Otro","Faltante","Ninguna","Sin restricción"
2014,3831,28/05/2014,"Miercoles",0,18:45:00,,"0.0",2,"Automóvil,Automóvil","Angel Cassanello Y Alberdi",3,1,0,0,2,0,0,,"Calle",,"SANTA FE","La Capital","Asfalto","No existe","I","Dentro","Urbana","Ninguna","No existe","Intersección","Bueno","Buena","Diurna","Buen Tiempo","Otro","S/D","Colisión","Ninguna","Horizontal","Ninguna","Sin restricción"
2014,3832,08/05/2014,"Jueves",0,19:30:00,,"0.0",2,"Moto/Ciclomotor,Automóvil","Francia Y Mendoza",2,1,0,0,1,0,0,,"Avenida",,"SANTA FE","La Capital","S/D","S/D","I","S/D","Urbana","S/D","S/D","S/D","S/D","S/D","Atardecer","S/D","S/D","S/D","S/D","S/D","S/D","S/D","S/D"
2014,3833,28/05/2014,"Miercoles",0,,,"0.0",2,"Moto/Ciclomotor,Pickup/Utilitario","Cordoba Y Juan Bautista Alberdi",2,1,0,0,1,0,0,,"Calle",,"SANTO TOMÉ","La Capital","S/D","S/D","I","Dentro","Urbana","S/D","No existe","Intersección","Bueno","Buena","S/D","Buen Tiempo","Lateral","S/D","Colisión","S/D","S/D","S/D","S/D"
2014,3834,13/05/2014,"Martes",0,20:30:00,,"0.0",2,"Moto/Ciclomotor,Pickup/Utilitario","Av Facundo Zuviria Y J Castelli",2,0,0,0,0,0,2,,"Calle",,"SANTA FE","La Capital","S/D","S/D","I","S/D","S/D","S/D","S/D","S/D","S/D","S/D","S/D","S/D","S/D","S/D","S/D","S/D","S/D","S/D","S/D"
2014,3835,06/05/2014,"Martes",0,10:00:00,,"0.0",2,"Moto/Ciclomotor,Pickup/Utilitario","Av A del Valle Y Diagonal Aguirre",2,1,0,0,1,0,0,,"Avenida",,"SANTA FE","La Capital","Hormigón","No existe","I","Dentro","Urbana","Ninguna","No existe","Intersección","Bueno","Buena","Diurna","Buen Tiempo","Lateral","S/D","Colisión","Otro","Faltante","Ninguna","Sin restricción"
2014,3836,15/05/2014,"Jueves",0,08:00:00,,"0.0",2,"Camión,Moto/Ciclomotor","Calchines Y Av Leandro Alem",2,1,0,0,0,0,1,,"Avenida",,"SANTA FE","La Capital","Asfalto","No existe","I","Dentro","Urbana","S/D","Funciona","Intersección","Bueno","S/D","Diurna","S/D","Lateral","S/D","Colisión","S/D","S/D","S/D","S/D"
2014,3837,08/05/2014,"Jueves",0,14:40:00,,"0.0",2,"Moto/Ciclomotor,Automóvil","Av Freyre Y Santiago del Estero",2,1,0,0,1,0,0,,"Avenida",,"SANTA FE","La Capital","S/D","S/D","I","S/D","Urbana","S/D","S/D","S/D","S/D","S/D","Diurna","S/D","S/D","S/D","S/D","S/D","S/D","S/D","S/D"
2014,3838,27/05/2014,"Martes",0,00:30:00,,"0.0",2,"Moto/Ciclomotor,Automóvil","El Jilguero Y Av Las Palmeras",3,2,0,0,1,0,0,,"Calle",,"PEREZ","Rosario","Asfalto","No existe","II","S/D","Urbana","Ninguna","No existe","Intersección","Deteriorada","Buena","Nocturna,Con luz artificial","Buen Tiempo","Lateral","S/D","Colisión","S/D","S/D","Ninguna","Sin restricción"
2014,3839,27/05/2014,"Martes",0,12:30:00,,"0.0",2,"Moto/Ciclomotor,Moto/Ciclomotor","Av Blas Parera Y Estado de Israel",3,2,1,0,0,0,0,,"Avenida",,"SANTA FE","La Capital","S/D","S/D","I","S/D","S/D","S/D","S/D","Intersección","S/D","S/D","Diurna","S/D","S/D","S/D","S/D","S/D","S/D","S/D","S/D"
2014,3840,10/05/2014,"Sabado",0,18:00:00,,"0.0",2,"Moto/Ciclomotor,Automóvil","Av. Alberdi Bis Y Bv. Avellaneda",2,0,1,0,1,0,0,,"Avenida",,"ROSARIO","Rosario","S/D","S/D","II","Dentro","Urbana","S/D","S/D","Intersección","S/D","S/D","Atardecer","S/D","S/D","S/D","Colisión","S/D","S/D","S/D","S/D"