"anio_acci","nro_acci","fecha","desc_dia","fecha_aprox","hora_aprox","desc_ruta","km","cant_participantes","desc_participante","calle_avenida_km","total","heridos_leves","heridos_graves","heridos_gravisimos","ilesos","fallecidos","sin_datos","posicion_XY","desc_tipo_via","desc_ruta_ori","desc_loc","desc_dpto","desc_tipo_calzada","desc_tipo_banquina","desc_unidad_regional","desc_lugar_calzada","desc_zona","desc_prioridad","desc_estado_semaforo","desc_lugar_via","desc_estado_via","desc_estado_visibilidad","desc_luminosidad","desc_estado_clima","desc_tipo_colision","desc_tipo_atropello","desc_tipo_hecho","desc_pres_calzada","desc_senializacion","desc_separacion_via","desc_restriccion"
2014,3841,04/05/2014,"Domingo",0,17:30:00,"Ruta Nacional 11","0.0",2,"Moto/Ciclomotor,Otros","Almirante Guillermo Brown ",2,1,0,0,1,0,0,,"Ruta",11,"SAUCE VIEJO","La Capital","Asfalto","S/D","I","Dentro","Urbana","S/D","No existe","Recta","Bueno","Buena","Atardecer","Buen Tiempo","Lateral","S/D","Colisión","S/D","Faltante","Línea divisoria pintada","S/D"
2014,3842,07/05/2014,"Miercoles",0,13:40:00,,"0.0",2,"Moto/Ciclomotor,Automóvil","Santiago de Chile Y Salta",2,1,0,0,1,0,0,,"Calle",,"SANTA FE","La Capital","S/D","S/D","I","S/D","Urbana","S/D","S/D","S/D","S/D","S/D","Diurna","S/D","S/D","S/D","S/D","S/D","S/D","S/D","S/D"
2014,3843,08/05/2014,"Jueves",0,12:20:00,,"0.0",2,"Moto/Ciclomotor,Transporte de Pasajeros Urbano (> 8 asientos)","Teniente Loza 6800",2,1,0,0,1,0,0,,"Avenida",,"SANTA FE","La Capital","Hormigón","Natural","I","Dentro","Urbana","Otra Señal","No existe","Recta","Bueno","Buena","Diurna","Buen Tiempo","De alcance","S/D","Colisión","S/D","Vertical","Ninguna","Sin restricción"
2014,3844,21/05/2014,"Miercoles",0,23:00:00,,"0.0",2,"Automóvil,Moto/Ciclomotor","Potosi Y Paso",2,1,0,0,1,0,0,,"Calle",,"EMPALME VILLA CONSTITUCIÓN","Constitución","Hormigón","Pavimento","VI","Dentro","Urbana","Ninguna","No existe","Intersección","Con baches","Buena","Nocturna,Con luz artificial","Buen Tiempo","Lateral","S/D","Colisión","Ninguna","Horizontal","Ninguna","Sin restricción"
2014,3845,14/05/2014,"Miercoles",0,14:30:00,"Autopista Nacional Gral. Juan Jose Valle","0.0",1,"Automóvil"," ",1,1,0,0,0,0,0,,"Autopista","Gral. Juan Jose Valle","SANTO TOMÉ","La Capital","Asfalto","S/D","I","S/D","S/D","S/D","S/D","S/D","Bueno","Buena","Diurna","Buen Tiempo","S/D","S/D","Colisión","S/D","S/D","S/D","S/D"
2014,3846,10/05/2014,"Sabado",0,18:10:00,,"0.0",2,"Moto/Ciclomotor,Automóvil","Velez Sarsfield ",3,1,0,0,2,0,0,,"Calle",,"ROSARIO","Rosario","Asfalto","S/D","II","Dentro","Urbana","S/D","S/D","Intersección","S/D","S/D","Diurna","S/D","Frontal","S/D","Colisión","S/D","S/D","S/D","S/D"
2014,3847,10/05/2014,"Sabado",0,19:00:00,,"0.0",2,"Moto/Ciclomotor,Automóvil","J Macia Y Juan Bautista Alberdi",3,1,0,0,2,0,0,,"Calle",,"SANTO TOMÉ","La Capital","Asfalto","S/D","I","S/D","Urbana","S/D","S/D","Intersección","Bueno","S/D","Atardecer","Buen Tiempo","Lateral","S/D","Colisión","S/D","S/D","S/D","S/D"
2014,3848,09/05/2014,"Viernes",0,12:40:00,,"0.0",2,"Moto/Ciclomotor,Pickup/Utilitario","Fray de Aroca Y Teniente Loza",2,1,0,0,0,0,1,,"Calle",,"SANTA FE","La Capital","Ripio","No existe","I","Dentro","Urbana","Otra Señal","No existe","Intersección","Con baches","Buena","Diurna","Buen Tiempo","Lateral","S/D","Colisión","S/D","Vertical","Ninguna","Sin restricción"
2014,3849,25/05/2014,"Domingo",0,10:00:00,,"0.0",2,"Camión,Moto/Ciclomotor","Tucuman Y Irigoyen",2,1,0,0,1,0,0,,"Calle",,"EMPALME VILLA CONSTITUCIÓN","Constitución","Hormigón","Pavimento","VI","Dentro","Urbana","Ninguna","No existe","Intersección","Bueno","Buena","Diurna","Buen Tiempo","Lateral","S/D","Colisión","Ninguna","Horizontal","Ninguna","Sin restricción"
2014,3850,06/05/2014,"Martes",0,17:00:00,,"0.0",2,"Moto/Ciclomotor,Automóvil","Santiago del Estero Y Av Freyre",2,1,0,0,1,0,0,,"Avenida",,"SANTA FE","La Capital","S/D","S/D","I","S/D","Urbana","S/D","S/D","S/D","S/D","S/D","Diurna","S/D","S/D","S/D","S/D","S/D","S/D","S/D","S/D"
2014,3851,13/05/2014,"Martes",0,09:40:00,,"0.0",2,"Bicicleta,Automóvil","Av. Alberdi Bis ",2,1,0,0,0,0,1,,"Avenida",,"ROSARIO","Rosario","Asfalto","S/D","II","Dentro","Urbana","S/D","S/D","Intersección","S/D","S/D","Diurna","S/D","S/D","S/D","Atropello","S/D","S/D","S/D","S/D"
2014,3852,28/05/2014,"Miercoles",0,21:00:00,,"0.0",2,"Moto/Ciclomotor,Automóvil","Av Gral Paz Y Pedro Diaz Colodrero",2,1,0,0,1,0,0,,"Avenida",,"SANTA FE","La Capital","Asfalto","No existe","I","Dentro","Urbana","Ninguna","No existe","Intersección","Bueno","Buena","Nocturna","Buen Tiempo","Frontal","S/D","Colisión","Ninguna","Horizontal","Ninguna","Sin restricción"
2014,3853,05/05/2014,"Lunes",0,14:00:00,,"0.0",2,"Moto/Ciclomotor,Automóvil","Bv Pellegrini Y San Lorenzo",2,1,0,0,1,0,0,,"Avenida",,"SANTA FE","La Capital","S/D","S/D","I","S/D","Urbana","S/D","S/D","S/D","S/D","S/D","Diurna","S/D","S/D","S/D","S/D","S/D","S/D","S/D","S/D"
2014,3854,15/05/2014,"Jueves",0,13:00:00,,"0.0",1,"Moto/Ciclomotor","Maipu Y Lavalle",2,1,0,0,1,0,0,,"Calle",,"SANTA FE","La Capital","S/D","S/D","I","Dentro","Urbana","S/D","S/D","Intersección","S/D","S/D","Diurna","Buen Tiempo","Lateral","S/D","Colisión","S/D","S/D","S/D","S/D"
2014,3855,18/05/2014,"Domingo",0,14:30:00,,"0.0",2,"Peatón,Moto/Ciclomotor","12 de Octubre Y Pje Chubut",2,1,0,0,1,0,0,"-31.569222222222,-60.739361111111","Avenida",,"SANTA FE","La Capital","Hormigón","No existe","I","Dentro","Urbana","Otra Señal","No existe","Intersección","Bueno","Buena","Diurna","Buen Tiempo","S/D","S/D","Atropello","S/D","Vertical","Cordón divisorio","Sin restricción"
2014,3856,30/05/2014,"Viernes",0,19:45:00,"Autopista Nacional Gral. Juan Jose Valle","246.0",2,"Camión,Camión"," ",2,1,0,0,1,0,0,,"Autopista","Gral. Juan Jose Valle","EMPALME VILLA CONSTITUCIÓN","Constitución","Asfalto","Natural","VI","Dentro","Rural","Ninguna","No existe","Recta","Bueno","Buena","Atardecer","Buen Tiempo","De alcance","S/D","Colisión","Ninguna","Vertical","Vegetación","Sin restricción"
2014,3857,12/05/2014,"Lunes",0,18:00:00,,"0.0",2,"Moto/Ciclomotor,Automóvil","Juan Bautista Alberdi Y Centenario",2,1,0,0,1,0,0,,"Calle",,"SANTO TOMÉ","La Capital","Asfalto","S/D","I","S/D","Urbana","Marca Vial","Funciona","Intersección","Bueno","Buena","Diurna","Buen Tiempo","De alcance","S/D","Colisión","S/D","Faltante","S/D","Sin restricción"
2014,3858,16/05/2014,"Viernes",0,20:45:00,,"0.0",2,"Moto/Ciclomotor,Automóvil","Necochea Y Diego Nuñez",1,1,0,0,0,0,0,,"Calle",,"SANTA FE","La Capital","Asfalto","S/D","I","Dentro","Urbana","S/D","S/D","Intersección","Bueno","S/D","Nocturna","Buen Tiempo","Lateral","S/D","Colisión","S/D","S/D","S/D","S/D"
2014,3859,29/05/2014,"Jueves",0,06:40:00,,"0.0",2,"Bicicleta,Automóvil","Av. Battle y Ordoñez Y Laprida",2,1,0,0,0,0,1,,"Avenida",,"ROSARIO","Rosario","Asfalto","No existe","II","Dentro","Urbana","Ninguna","Funciona","Recta","Bueno","Buena","Diurna","Otro","S/D","S/D","Colisión","Ninguna","Vertical","Cordón divisorio","Sin restricción"
2014,3860,12/05/2014,"Lunes",0,15:00:00,,"0.0",3,"Automóvil,Automóvil,Automóvil","Av Facundo Zuviria Y Martin Zapata",3,0,0,0,0,0,3,,"S/D",,"SANTA FE","La Capital","S/D","S/D","I","S/D","S/D","S/D","S/D","S/D","S/D","S/D","S/D","S/D","S/D","S/D","S/D","S/D","S/D","S/D","S/D"
2014,3861,05/05/2014,"Lunes",0,19:15:00,,"0.0",2,"Moto/Ciclomotor,Pickup/Utilitario","9 de Julio Y Alberti",2,1,0,0,1,0,0,,"Calle",,"SANTA FE","La Capital","Asfalto","No existe","I","Dentro","Urbana","Ninguna","No existe","Intersección","Con baches","Buena","Atardecer,Con luz artificial","Buen Tiempo","Lateral","S/D","Colisión","S/D","Faltante","Ninguna","Sin restricción"
2014,3862,29/05/2014,"Jueves",0,10:30:00,,"0.0",2,"Moto/Ciclomotor,Automóvil","Av Lopez y Planes 3500",2,1,0,0,1,0,0,,"S/D",,"SANTA FE","La Capital","S/D","S/D","I","S/D","Urbana","S/D","S/D","S/D","S/D","S/D","Diurna","S/D","S/D","S/D","S/D","S/D","S/D","S/D","S/D"
2014,3863,12/05/2014,"Lunes",0,16:30:00,,"0.0",1,"Moto/Ciclomotor","Av Pte Peron Y Domingo Silva",1,1,0,0,0,0,0,,"Calle",,"SANTA FE","La Capital","Asfalto","S/D","I","S/D","Urbana","Ninguna","Funciona","Intersección","Bueno","Buena","Atardecer","Buen Tiempo","S/D","S/D","S/D","S/D","S/D","S/D","S/D"
2014,3864,23/05/2014,"Viernes",0,19:55:00,,"0.0",2,"Moto/Ciclomotor,Automóvil","Pje. Villegas Y Piedras",3,2,0,0,1,0,0,,"Calle",,"ROSARIO","Rosario","Asfalto","No existe","II","Dentro","Urbana","Marca Vial","No existe","Intersección","Bueno","Buena","Atardecer,Con luz artificial","Buen Tiempo","Lateral","S/D","Colisión","Ninguna","Horizontal","Cordón divisorio","Sin restricción"
2014,3865,27/05/2014,"Martes",0,19:30:00,,"0.0",2,"Pickup/Utilitario,Bicicleta","Potosi Y Av Escalada",2,1,0,0,1,0,0,,"Avenida",,"EMPALME VILLA CONSTITUCIÓN","Constitución","Hormigón","Pavimento","VI","Dentro","Urbana","Ninguna","No existe","Intersección","Con baches","Buena","Atardecer","Buen Tiempo","S/D","S/D","Atropello","Ninguna","Horizontal","Ninguna","Sin restricción"
2014,3866,06/05/2014,"Martes",0,13:00:00,,"0.0",2,"Moto/Ciclomotor,Automóvil","Mitre Y 12 de Octubre",2,1,0,0,1,0,0,,"S/D",,"SANTA FE","La Capital","Asfalto","S/D","I","S/D","Urbana","S/D","No existe","Intersección","Bueno","Buena","Diurna","Buen Tiempo","Lateral","S/D","Colisión","S/D","Faltante","S/D","S/D"
2014,3867,01/05/2014,"Jueves",0,12:35:00,,"0.0",1,"Otros","Beruti Y Larrechea",1,1,0,0,0,0,0,,"Calle",,"SANTA FE","La Capital","Asfalto","S/D","I","S/D","Urbana","Ninguna","No existe","Recta","Deteriorada","Buena","Diurna","Buen Tiempo","S/D","S/D","Caída ocupante","S/D","Faltante","S/D","Sin restricción"
2014,3868,16/05/2014,"Viernes",0,20:00:00,,"0.0",2,"Automóvil,Moto/Ciclomotor","Juan de Garay Y San Jose",2,1,0,0,1,0,0,,"Calle",,"SANTA FE","La Capital","Asfalto","No existe","I","Dentro","Urbana","Ninguna","No existe","Intersección","Bueno","Buena","Nocturna","Buen Tiempo","S/D","S/D","Colisión","Ninguna","S/D","Ninguna","Sin restricción"
2014,3869,09/05/2014,"Viernes",0,22:00:00,,"0.0",2,"Otros,Otros","Beruti Y Troncoso",3,1,1,0,1,0,0,,"Calle",,"SANTA FE","La Capital","Asfalto","S/D","I","S/D","Urbana","Ninguna","No existe","Intersección","Bueno","S/D","Nocturna,Con luz artificial","S/D","S/D","S/D","Colisión","S/D","Faltante","Ninguna","S/D"
2014,3870,09/05/2014,"Viernes",0,17:00:00,,"0.0",2,"Moto/Ciclomotor,Automóvil","Av Freyre Y Hernandarias",2,0,0,0,0,0,2,,"S/D",,"SANTA FE","La Capital","S/D","S/D","I","S/D","S/D","S/D","S/D","S/D","S/D","S/D","S/D","S/D","S/D","S/D","S/D","S/D","S/D","S/D","S/D"
2014,3871,01/05/2014,"Jueves",0,15:00:00,,"0.0",2,"Moto/Ciclomotor,Automóvil","Sarmiento Y Lisandro de la Torre",2,1,0,0,1,0,0,,"Calle",,"VILLA CONSTITUCIÓN","Constitución","Asfalto","Natural","VI","Dentro","Urbana","S/D","No existe","Recta","Bueno","Buena","Diurna","Buen Tiempo","De alcance","S/D","Colisión","S/D","Faltante","Línea divisoria pintada","Sin restricción"
2014,3872,28/05/2014,"Miercoles",0,22:40:00,,"0.0",2,"Moto/Ciclomotor,Pickup/Utilitario","French Y Mariano Comas",3,1,0,0,2,0,0,,"Calle",,"SANTA FE","La Capital","S/D","S/D","I","S/D","Urbana","S/D","S/D","S/D","S/D","S/D","Nocturna","S/D","S/D","S/D","S/D","S/D","S/D","S/D","S/D"
2014,3873,21/05/2014,"Miercoles",0,13:20:00,,"0.0",2,"Moto/Ciclomotor,Automóvil","Av Leandro Alem Y Gdor Candioti",2,1,0,0,1,0,0,,"Calle",,"SANTA FE","La Capital","Asfalto","No existe","I","Dentro","Urbana","S/D","Funciona","Intersección","Deteriorada","S/D","Diurna","Buen Tiempo","Lateral","S/D","Colisión","S/D","S/D","S/D","S/D"
2014,3874,20/05/2014,"Martes",0,12:50:00,,"0.0",2,"Moto/Ciclomotor,Transporte de Pasajeros Urbano (> 8 asientos)","Buenos Aires Y Rafael Arrieta",3,1,1,0,1,0,0,,"Calle",,"ROSARIO","Rosario","Asfalto","No existe","II","Dentro","Urbana","Marca Vial","No existe","Intersección","Bueno","Buena","Diurna","Buen Tiempo","Lateral","S/D","Colisión","Ninguna","Horizontal","Cordón divisorio","Sin restricción"
2014,3875,23/05/2014,"Viernes",0,10:30:00,,"0.0",2,"Moto/Ciclomotor,Moto/Ciclomotor","Avellaneda Y Bv Galvez",2,1,0,0,1,0,0,,"Avenida",,"SANTA FE","La Capital","Asfalto","No existe","I","Dentro","Urbana","S/D","Funciona","Intersección","Bueno","S/D","Diurna","Buen Tiempo","Lateral","S/D","Colisión","S/D","S/D","S/D","S/D"
2014,3876,05/05/2014,"Lunes",0,19:10:00,"Ruta Nacional 34","0.0",2,"Pickup/Utilitario,Camión","RUTA NACIONAL N&#186; 34 Y RUTA PROVINCIAL N&#186;63",2,1,0,0,1,0,0,,"Ruta",34,"SAN VICENTE.","Castellanos","Asfalto","S/D","V","Dentro","Rural","S/D","S/D","Intersección","S/D","S/D","Atardecer","S/D","S/D","S/D","Colisión","S/D","S/D","S/D","S/D"
2014,3877,14/05/2014,"Miercoles",0,18:45:00,,"0.0",2,"Automóvil,Moto/Ciclomotor","San Lorenzo Y Av Gral Lopez",2,1,0,0,1,0,0,,"Calle",,"SANTA FE","La Capital","Asfalto","No existe","I","S/D","Urbana","Ninguna","No existe","Intersección","Bueno","Buena","Atardecer","Buen Tiempo","S/D","S/D","Colisión","Ninguna","S/D","Ninguna","Sin restricción"
2014,3878,09/05/2014,"Viernes",0,17:00:00,,"0.0",2,"Moto/Ciclomotor,Pickup/Utilitario","oreno Y French",4,2,0,0,2,0,0,,"Calle",,"ZAVALLA","Rosario","Ripio","No existe","II","Dentro","Urbana","Ninguna","No existe","Intersección","Bueno","Buena","Diurna","Buen Tiempo","Lateral","S/D","Colisión","S/D","Faltante","Ninguna","Sin restricción"
2014,3879,09/05/2014,"Viernes",0,11:00:00,,"0.0",2,"Moto/Ciclomotor,Moto/Ciclomotor","Av Facundo Zuviria Y Gorostiaga",2,0,0,0,0,0,2,,"S/D",,"SANTA FE","La Capital","S/D","S/D","I","S/D","S/D","S/D","S/D","S/D","S/D","S/D","S/D","S/D","S/D","S/D","S/D","S/D","S/D","S/D","S/D"
2014,3880,27/05/2014,"Martes",0,10:50:00,,"0.0",2,"Automóvil,Moto/Ciclomotor","San Jose Y Av Mosconi",2,1,0,0,1,0,0,,"Avenida",,"SANTA FE","La Capital","Asfalto","No existe","I","Dentro","Urbana","Ninguna","No existe","Intersección","Bueno","Buena","Diurna","Buen Tiempo","S/D","S/D","Colisión","Ninguna","S/D","Ninguna","Sin restricción"
2014,3881,07/05/2014,"Miercoles",0,18:00:00,,"0.0",2,"Moto/Ciclomotor,Automóvil","Gorostiaga Y Av Freyre",2,0,0,0,0,0,2,,"S/D",,"SANTA FE","La Capital","S/D","S/D","I","S/D","S/D","S/D","S/D","S/D","S/D","S/D","S/D","S/D","S/D","S/D","S/D","S/D","S/D","S/D","S/D"
2014,3882,01/05/2014,"Jueves",0,17:45:00,,"0.0",2,"Automóvil,Automóvil","Bv Santa Fe Y America",2,1,0,0,1,0,0,,"Avenida",,"RAFAELA","Castellanos","Asfalto","S/D","V","S/D","Urbana","S/D","S/D","Intersección","Bueno","Buena","Atardecer","S/D","S/D","S/D","Colisión","S/D","S/D","S/D","S/D"
2014,3883,19/05/2014,"Lunes",0,07:45:00,,"0.0",2,"Moto/Ciclomotor,Camión","Av A del Valle 5400",3,2,0,0,1,0,0,,"Calle",,"SANTA FE","La Capital","Asfalto","No existe","I","Dentro","Urbana","Ninguna","No existe","Recta","Bueno","Buena","Nocturna","Buen Tiempo","Frontal","S/D","Colisión","Ninguna","S/D","Ninguna","Sin restricción"
2014,3884,28/05/2014,"Miercoles",0,08:30:00,,"0.0",2,"Moto/Ciclomotor,Pickup/Utilitario","Av Pte Peron Y Santiago del Estero",2,1,0,0,1,0,0,,"Calle",,"SANTA FE","La Capital","S/D","S/D","I","S/D","Urbana","S/D","S/D","S/D","S/D","S/D","Diurna","S/D","S/D","S/D","S/D","S/D","S/D","S/D","S/D"
2014,3885,24/05/2014,"Sabado",0,18:00:00,,"0.0",2,"Pickup/Utilitario,Moto/Ciclomotor","Av Belgrano Y Morelli",3,1,0,0,2,0,0,,"Avenida",,"PEREZ","Rosario","S/D","No existe","II","Dentro","Urbana","Ninguna","S/D","Intersección","Otro","Buena","Atardecer","Otro","Lateral","S/D","Colisión","Otro","Faltante","Línea divisoria pintada","Sin restricción"
2014,3886,05/05/2014,"Lunes",0,17:20:00,,"0.0",2,"Automóvil,Moto/Ciclomotor","Regis Martinez Y Gdor Freyre",2,0,0,0,0,0,2,,"Calle",,"SANTA FE","La Capital","S/D","S/D","I","S/D","S/D","S/D","S/D","S/D","S/D","S/D","S/D","S/D","S/D","S/D","S/D","S/D","S/D","S/D","S/D"
2014,3887,15/05/2014,"Jueves",0,21:15:00,,"0.0",2,"Moto/Ciclomotor,Automóvil","General Manuel Belgrano Y Vicente Lopez y Planes",2,1,0,0,1,0,0,,"Calle",,"SANTO TOMÉ","La Capital","Asfalto","S/D","I","S/D","Urbana","S/D","No existe","Intersección","Bueno","Buena","Nocturna","Buen Tiempo","Lateral","S/D","Colisión","S/D","S/D","S/D","Sin restricción"
2014,3888,02/05/2014,"Viernes",0,22:00:00,,"0.0",2,"Moto/Ciclomotor,Automóvil","B I Iturraspe ",2,0,1,0,1,0,0,,"Calle",,"RAFAELA","Castellanos","Asfalto","No existe","V","S/D","Urbana","S/D","No existe","Rotonda","Bueno","Reducida","Nocturna","Buen Tiempo","Frontal","S/D","Colisión","S/D","S/D","S/D","S/D"
2014,3889,06/05/2014,"Martes",0,16:30:00,,"0.0",2,"Moto/Ciclomotor,Automóvil","Av Peñaloza Y Boneo",3,0,0,0,0,0,3,,"S/D",,"SANTA FE","La Capital","S/D","S/D","I","S/D","S/D","S/D","S/D","S/D","S/D","S/D","S/D","S/D","S/D","S/D","S/D","S/D","S/D","S/D","S/D"
2014,3890,16/05/2014,"Viernes",0,12:15:00,"Ruta Nacional 33","0.0",2,"Automóvil,Automóvil","RUTA NAC. 33 Y MORELLI",3,2,0,0,1,0,0,,"Ruta",33,"PEREZ","Rosario","S/D","No existe","II","Dentro","Urbana","Ninguna","No existe","Intersección","Otro","Buena","Diurna","Otro","De alcance","S/D","Colisión","Otro","Faltante","Línea divisoria pintada","Sin restricción"
2014,3891,16/05/2014,"Viernes",0,16:30:00,,"0.0",2,"Bicicleta,Automóvil","Alvear Y J M Zuviria",2,1,0,0,1,0,0,"-31.618722222222,-60.691166666667","Calle",,"SANTA FE","La Capital","Asfalto","No existe","I","Dentro","Urbana","Ninguna","No existe","Intersección","Bueno","Buena","Diurna","Buen Tiempo","S/D","S/D","Atropello","Ninguna","Horizontal","Ninguna","Sin restricción"
2014,3892,03/05/2014,"Sabado",0,11:00:00,"Ruta Provincial 21","0.0",2,"Automóvil,Automóvil"," ",2,1,0,0,1,0,0,,"Ruta",21,"VILLA CONSTITUCIÓN","Constitución","Asfalto","Pavimento","VI","Dentro","Urbana","S/D","No existe","Intersección","Bueno","Buena","Diurna","Buen Tiempo","Lateral","S/D","Colisión","Ninguna","S/D","Línea divisoria pintada","Sin restricción"
2014,3893,26/05/2014,"Lunes",0,14:00:00,,"0.0",2,"Automóvil,Moto/Ciclomotor","3 de Febrero Y Dr Zavalla",2,1,0,0,1,0,0,,"Calle",,"SANTA FE","La Capital","Asfalto","No existe","I","Dentro","Urbana","Ninguna","No existe","Intersección","Bueno","Buena","Diurna","Buen Tiempo","S/D","S/D","Colisión","Ninguna","S/D","Ninguna","Sin restricción"
2014,3894,16/05/2014,"Viernes",0,22:00:00,,"0.0",2,"Moto/Ciclomotor,Automóvil","Alvear Y Angel Cassanello",3,1,0,0,2,0,0,,"Calle",,"SANTA FE","La Capital","Asfalto","No existe","I","Dentro","Urbana","Ninguna","No existe","Intersección","Bueno","Buena","Diurna","Buen Tiempo","Frontal","S/D","Colisión","Ninguna","Vertical","Ninguna","Sin restricción"
2014,3895,04/05/2014,"Domingo",0,23:45:00,,"0.0",2,"Moto/Ciclomotor,Automóvil","Av Freyre Y Derqui",2,0,0,0,0,0,2,,"Calle",,"SANTA FE","La Capital","S/D","S/D","I","S/D","S/D","S/D","S/D","S/D","S/D","S/D","S/D","S/D","S/D","S/D","S/D","S/D","S/D","S/D","S/D"
2014,3896,04/05/2014,"Domingo",0,16:15:00,,"0.0",2,"Automóvil,Moto/Ciclomotor","Tucuman Y Dorrego",3,1,0,0,2,0,0,,"Calle",,"ROSARIO","Rosario","Asfalto","No existe","II","Dentro","Urbana","Ninguna","No existe","Intersección","Bueno","Buena","Diurna","Buen Tiempo","Frontal","S/D","Colisión","S/D","Faltante","Ninguna","Sin restricción"
2014,3897,05/05/2014,"Lunes",0,09:45:00,,"0.0",2,"Automóvil,Bicicleta","Cordoba Y Juan Jose de Urquiza",2,1,0,0,1,0,0,,"Calle",,"VILLA CONSTITUCIÓN","Constitución","Asfalto","Pavimento","VI","Dentro","Urbana","S/D","S/D","Intersección","Bueno","Buena","Diurna","Buen Tiempo","S/D","S/D","Atropello","Ninguna","S/D","Línea divisoria pintada","Sin restricción"
2014,3898,03/05/2014,"Sabado",0,22:00:00,,"0.0",2,"Moto/Ciclomotor,Pickup/Utilitario","Av A del Valle Y Diagonal Aguirre",2,0,0,0,0,0,2,,"S/D",,"SANTA FE","La Capital","S/D","S/D","I","S/D","S/D","S/D","S/D","S/D","S/D","S/D","S/D","S/D","S/D","S/D","S/D","S/D","S/D","S/D","S/D"
2014,3899,11/05/2014,"Domingo",0,23:00:00,,"0.0",2,"Moto/Ciclomotor,Taxi/Remis","Republica de Siria Y Derqui",2,1,0,0,1,0,0,,"Calle",,"SANTA FE","La Capital","Asfalto","No existe","I","Dentro","Urbana","Ninguna","No existe","Recta","Bueno","Reducida","Nocturna","Buen Tiempo","Frontal","S/D","Colisión","Ninguna","Horizontal","Ninguna","Sin restricción"
2014,3900,07/05/2014,"Miercoles",0,13:00:00,,"0.0",2,"Automóvil,Automóvil","Sargento Cabral Y Guemes",2,1,0,0,1,0,0,,"Calle",,"SANTA FE","La Capital","Hormigón","No existe","I","S/D","Urbana","S/D","No existe","Intersección","Deteriorada","S/D","Diurna","S/D","Lateral","S/D","Colisión","S/D","S/D","S/D","S/D"
2014,3901,23/05/2014,"Viernes",0,22:05:00,,"0.0",2,"Moto/Ciclomotor,Automóvil","Junin Y Av Freyre",2,1,0,0,1,0,0,,"Avenida",,"SANTA FE","La Capital","S/D","S/D","I","S/D","Urbana","S/D","S/D","S/D","S/D","S/D","S/D","S/D","S/D","S/D","S/D","S/D","S/D","S/D","S/D"
2014,3902,09/05/2014,"Viernes",0,,,"0.0",2,"Automóvil,Moto/Ciclomotor","Av A del Valle 5400",3,2,0,0,1,0,0,,"Avenida",,"SANTA FE","La Capital","Asfalto","No existe","I","Dentro","Urbana","Ninguna","No existe","Recta","Bueno","Buena","Diurna","Buen Tiempo","Lateral","S/D","Colisión","Ninguna","Vertical","Ninguna","Sin restricción"
2014,3903,12/05/2014,"Lunes",0,12:00:00,,"0.0",2,"Camión,Automóvil","Av Leandro Alem Y Calchines",2,1,0,0,1,0,0,,"Avenida",,"SANTA FE","La Capital","Hormigón","No existe","I","S/D","Urbana","S/D","Funciona","Intersección","S/D","S/D","Diurna","S/D","Lateral","S/D","Colisión","S/D","S/D","S/D","S/D"
2014,3904,07/05/2014,"Miercoles",0,12:35:00,,"0.0",2,"Transporte de Pasajeros Urbano (> 8 asientos),Moto/Ciclomotor","Belgrano Y Javier de la Rosa",2,1,0,0,1,0,0,,"Calle",,"SANTA FE","La Capital","S/D","S/D","I","Dentro","Urbana","S/D","S/D","Intersección","S/D","S/D","Diurna","S/D","Lateral","S/D","Colisión","S/D","S/D","S/D","S/D"
2014,3905,12/05/2014,"Lunes",0,10:30:00,,"0.0",2,"Pickup/Utilitario,Automóvil","Independencia Y Lisandro de la Torre",2,1,0,0,1,0,0,,"Calle",,"VILLA CONSTITUCIÓN","Constitución","Asfalto","Pavimento","VI","Dentro","Urbana","S/D","No existe","Recta","Bueno","Buena","Diurna","Buen Tiempo","De alcance","S/D","Colisión","Ninguna","S/D","Línea divisoria pintada","Sin restricción"
2014,3906,18/05/2014,"Domingo",0,17:50:00,,"0.0",2,"Automóvil,Moto/Ciclomotor","Javier de la Rosa Y Lavalle",3,2,0,0,1,0,0,,"Calle",,"SANTA FE","La Capital","S/D","S/D","I","Dentro","Urbana","S/D","S/D","Intersección","S/D","S/D","Diurna","S/D","Lateral","S/D","Colisión","S/D","S/D","S/D","S/D"
2014,3907,17/05/2014,"Sabado",0,13:10:00,"Ruta Nacional 11","0.0",2,"Moto/Ciclomotor,Automóvil"," ",3,1,1,0,1,0,0,,"Ruta",11,"RECREO","La Capital","Asfalto","Ripio","I","Dentro","Urbana","Ninguna","No existe","Intersección","Bueno","Buena","Diurna","Buen Tiempo","Lateral","S/D","Colisión","Ninguna","Horizontal","Ninguna","Sin restricción"
2014,3908,15/05/2014,"Jueves",0,13:00:00,,"0.0",2,"Automóvil,Moto/Ciclomotor","Independencia Y 14 de Febrero",2,1,0,0,1,0,0,,"Calle",,"VILLA CONSTITUCIÓN","Constitución","Asfalto","Pavimento","VI","Dentro","Urbana","Ninguna","No existe","Intersección","Bueno","Buena","S/D","Buen Tiempo","De alcance","S/D","Colisión","Ninguna","S/D","Línea divisoria pintada","Sin restricción"
2014,3909,23/05/2014,"Viernes",0,21:30:00,,"0.0",2,"Bicicleta,Automóvil","Lamadrid Y Primera Junta",2,1,0,0,1,0,0,"-31.642638888889,-60.727555555556","Calle",,"SANTA FE","La Capital","S/D","S/D","I","S/D","Urbana","S/D","S/D","S/D","S/D","S/D","S/D","S/D","S/D","S/D","Atropello","S/D","S/D","S/D","S/D"