"anio_acci","nro_acci","fecha","desc_dia","fecha_aprox","hora_aprox","desc_ruta","km","cant_participantes","desc_participante","calle_avenida_km","total","heridos_leves","heridos_graves","heridos_gravisimos","ilesos","fallecidos","sin_datos","posicion_XY","desc_tipo_via","desc_ruta_ori","desc_loc","desc_dpto","desc_tipo_calzada","desc_tipo_banquina","desc_unidad_regional","desc_lugar_calzada","desc_zona","desc_prioridad","desc_estado_semaforo","desc_lugar_via","desc_estado_via","desc_estado_visibilidad","desc_luminosidad","desc_estado_clima","desc_tipo_colision","desc_tipo_atropello","desc_tipo_hecho","desc_pres_calzada","desc_senializacion","desc_separacion_via","desc_restriccion"
2014,3910,17/05/2014,"Sabado",0,05:30:00,,"0.0",2,"Automóvil,Moto/Ciclomotor","Cafferata Y Callejon Aguirre",2,1,0,0,1,0,0,,"Calle",,"SANTA FE","La Capital","Asfalto","No existe","I","S/D","Urbana","Ninguna","No existe","Intersección","Bueno","S/D","Nocturna","Buen Tiempo","Lateral","S/D","Colisión","Ninguna","Faltante","Ninguna","Sin restricción"
2014,3911,23/05/2014,"Viernes",0,19:30:00,,"0.0",2,"Moto/Ciclomotor,Automóvil","Bv Pellegrini Y Av Urquiza",2,1,0,0,1,0,0,,"Avenida",,"SANTA FE","La Capital","S/D","S/D","I","S/D","Urbana","S/D","S/D","S/D","S/D","S/D","S/D","S/D","S/D","S/D","S/D","S/D","S/D","S/D","S/D"
2014,3912,07/05/2014,"Miercoles",0,16:30:00,,"0.0",2,"Moto/Ciclomotor,Automóvil","Av Blas Parera Y Almonacid",2,1,0,0,1,0,0,,"Avenida",,"SANTA FE","La Capital","Asfalto","No existe","I","S/D","Urbana","Ninguna","No existe","Recta","Bueno","Buena","Diurna","Buen Tiempo","De alcance","S/D","Colisión","Ninguna","Faltante","Cordón divisorio","Sin restricción"
2014,3913,03/05/2014,"Sabado",0,10:30:00,,"0.0",2,"Moto/Ciclomotor,Automóvil","Castellanos Y Mitre",2,1,0,0,1,0,0,,"Calle",,"SANTA FE","La Capital","Asfalto","No existe","I","S/D","Urbana","S/D","S/D","Intersección","Deteriorada","S/D","Diurna","S/D","Lateral","S/D","Colisión","S/D","S/D","S/D","S/D"
2014,3914,16/05/2014,"Viernes",0,12:30:00,,"0.0",2,"Automóvil,Moto/Ciclomotor","14 de Febrero Y Juan Jose de Urquiza",2,1,0,0,1,0,0,,"Calle",,"VILLA CONSTITUCIÓN","Constitución","Asfalto","Pavimento","VI","Dentro","Urbana","Ninguna","No existe","Intersección","Bueno","Buena","Diurna","Buen Tiempo","De alcance","S/D","Colisión","Ninguna","S/D","Línea divisoria pintada","Sin restricción"
2014,3915,12/05/2014,"Lunes",0,12:30:00,,"0.0",2,"Moto/Ciclomotor,Automóvil","Alvear Y Pje Grilli",2,1,0,0,1,0,0,,"Calle",,"SANTA FE","La Capital","Hormigón","No existe","I","Dentro","Urbana","S/D","No existe","Intersección","Bueno","S/D","Diurna","S/D","Lateral","S/D","Colisión","S/D","S/D","S/D","S/D"
2014,3916,28/05/2014,"Miercoles",0,17:55:00,,"0.0",2,"Moto/Ciclomotor,Automóvil","Saavedra Y Gdor Crespo",2,1,0,0,1,0,0,,"Calle",,"SANTA FE","La Capital","S/D","S/D","I","S/D","Urbana","S/D","S/D","S/D","S/D","S/D","Diurna","S/D","S/D","S/D","S/D","S/D","S/D","S/D","S/D"
2014,3917,19/05/2014,"Lunes",0,16:35:00,,"0.0",2,"Moto/Ciclomotor,Automóvil","San Lorenzo Y Junin",2,1,0,0,1,0,0,,"S/D",,"SANTA FE","La Capital","S/D","S/D","I","S/D","Urbana","S/D","S/D","S/D","S/D","S/D","Diurna","S/D","S/D","S/D","S/D","S/D","S/D","S/D","S/D"
2014,3918,19/05/2014,"Lunes",0,19:00:00,,"0.0",2,"Peatón,Automóvil","Bv Pellegrini Y Av Urquiza",2,1,0,0,1,0,0,"-31.63425,-60.709888888889","Avenida",,"SANTA FE","La Capital","S/D","S/D","I","S/D","Urbana","S/D","S/D","S/D","S/D","S/D","Diurna","S/D","S/D","S/D","Atropello","S/D","S/D","S/D","S/D"
2014,3919,15/05/2014,"Jueves",0,17:00:00,,"0.0",2,"Moto/Ciclomotor,Automóvil","Francia Y Mariano Comas",2,1,0,0,1,0,0,,"Calle",,"SANTA FE","La Capital","S/D","S/D","I","S/D","Urbana","S/D","S/D","S/D","S/D","S/D","Diurna","S/D","S/D","S/D","S/D","S/D","S/D","S/D","S/D"
2014,3920,14/05/2014,"Miercoles",0,12:00:00,,"0.0",2,"Moto/Ciclomotor,Pickup/Utilitario","Av Freyre Y Gdor Crespo",2,1,0,0,1,0,0,,"Avenida",,"SANTA FE","La Capital","S/D","S/D","I","S/D","Urbana","S/D","S/D","S/D","S/D","S/D","Diurna","S/D","S/D","S/D","S/D","S/D","S/D","S/D","S/D"
2014,3921,30/05/2014,"Viernes",0,,,"0.0",2,"Bicicleta,Moto/Ciclomotor","Alemania Y Islas Malvinas",2,1,0,0,1,0,0,,"Calle",,"SAN LORENZO","San Lorenzo","S/D","S/D","XVII","Dentro","Urbana","S/D","S/D","S/D","S/D","S/D","S/D","S/D","S/D","S/D","Atropello","S/D","S/D","S/D","S/D"
2014,3922,22/05/2014,"Jueves",0,12:15:00,,"0.0",2,"Moto/Ciclomotor,Pickup/Utilitario","BV. SARMIENTO 300",2,1,0,0,1,0,0,,"Avenida",,"SAN VICENTE.","Castellanos","S/D","S/D","V","Dentro","Urbana","S/D","S/D","Recta","S/D","S/D","Diurna","S/D","Lateral","S/D","Colisión","S/D","S/D","S/D","S/D"
2014,3923,01/05/2014,"Jueves",0,11:25:00,,"0.0",1,"Moto/Ciclomotor","Ing White Y Jujuy",1,1,0,0,0,0,0,,"Calle",,"SAN LORENZO","San Lorenzo","S/D","S/D","XVII","S/D","Urbana","S/D","S/D","S/D","S/D","S/D","Diurna","S/D","S/D","S/D","S/D","S/D","S/D","S/D","S/D"
2014,3924,05/05/2014,"Lunes",0,12:35:00,,"0.0",2,"Pickup/Utilitario,Moto/Ciclomotor","BOLIVIA Y THOMPSON",3,2,0,0,1,0,0,,"Calle",,"SAN LORENZO","San Lorenzo","S/D","S/D","XVII","S/D","Urbana","S/D","S/D","S/D","S/D","S/D","Diurna","S/D","S/D","S/D","S/D","S/D","S/D","S/D","S/D"
2014,3926,23/05/2014,"Viernes",0,14:00:00,,"0.0",1,"Moto/Ciclomotor","Uruguay Y San Jose",2,1,0,0,1,0,0,,"Calle",,"SANTA FE","La Capital","Asfalto","No existe","I","Dentro","Urbana","Ninguna","No existe","Intersección","Bueno","Buena","Diurna","Buen Tiempo","S/D","S/D","Colisión","Ninguna","S/D","Ninguna","Sin restricción"
2014,3927,21/05/2014,"Miercoles",0,12:30:00,"Ruta Provincial 70","0.0",2,"Automóvil,Moto/Ciclomotor","RUTA PROVINCIAL N&#186; 70 Y LOS HORNEROS",2,1,0,0,1,0,0,,"Ruta",70,"BELLA ITALIA","Castellanos","Asfalto","S/D","V","Dentro","Urbana","S/D","S/D","Recta","Resbaladiza","S/D","Diurna","S/D","S/D","S/D","Colisión","Agua","S/D","S/D","S/D"
2014,3928,26/05/2014,"Lunes",0,18:25:00,,"0.0",2,"Moto/Ciclomotor,Automóvil"," ",2,1,0,0,1,0,0,,"Avenida",,"SAN LORENZO","San Lorenzo","Asfalto","Pavimento","XVII","Dentro","Urbana","Ninguna","No existe","Intersección","Bueno","Buena","Diurna","Buen Tiempo","Frontal","S/D","Colisión","Ninguna","Horizontal","Línea divisoria pintada","Sin restricción"
2014,3929,03/05/2014,"Sabado",0,09:40:00,,"0.0",2,"Moto/Ciclomotor,Pickup/Utilitario","Bernardo de Irigoyen Y Peru",3,2,0,0,0,0,1,,"Calle",,"RAFAELA","Castellanos","Asfalto","No existe","V","Dentro","Urbana","S/D","No existe","Intersección","Bueno","Buena","Diurna","Buen Tiempo","Frontal","S/D","Colisión","S/D","S/D","S/D","S/D"
2014,3930,29/05/2014,"Jueves",0,18:30:00,,"0.0",2,"Moto/Ciclomotor,Pickup/Utilitario","Peru 3475",4,3,0,0,1,0,0,,"Calle",,"SAN LORENZO","San Lorenzo","S/D","S/D","XVII","Dentro","Urbana","S/D","S/D","Recta","S/D","S/D","Atardecer","S/D","S/D","S/D","S/D","S/D","S/D","S/D","S/D"
2014,3931,13/05/2014,"Martes",0,11:15:00,,"0.0",2,"Automóvil,Moto/Ciclomotor","Santiago del Estero Y Dr Ghio",2,1,0,0,1,0,0,,"S/D",,"SAN LORENZO","San Lorenzo","S/D","S/D","XVII","S/D","S/D","S/D","S/D","S/D","S/D","S/D","Diurna","S/D","S/D","S/D","S/D","S/D","S/D","S/D","S/D"
2014,3932,22/05/2014,"Jueves",0,10:30:00,,"0.0",2,"Bicicleta,Automóvil","San Martin Y 25 de Mayo",3,2,0,0,1,0,0,,"Calle",,"MARIA JUANA","Castellanos","S/D","S/D","V","Dentro","Urbana","S/D","S/D","Intersección","S/D","S/D","Diurna","S/D","S/D","S/D","Atropello","S/D","S/D","S/D","S/D"
2014,3933,02/05/2014,"Viernes",0,20:30:00,,"0.0",1,"Moto/Ciclomotor","Sarmiento Y Rivadavia",3,1,1,0,1,0,0,,"Calle",,"ZENÓN PEREYRA","Castellanos","S/D","S/D","I","Dentro","Urbana","S/D","S/D","Intersección","S/D","S/D","Nocturna","Buen Tiempo","S/D","S/D","Caída ocupante","S/D","S/D","S/D","S/D"
2014,3934,03/05/2014,"Sabado",0,23:05:00,,"0.0",2,"Moto/Ciclomotor,Automóvil","Brown Y Falucho",2,1,0,0,1,0,0,,"Calle",,"SAN LORENZO","San Lorenzo","S/D","S/D","XVII","S/D","Urbana","S/D","S/D","S/D","S/D","S/D","Nocturna","S/D","S/D","S/D","S/D","S/D","S/D","S/D","S/D"
2014,3935,31/05/2014,"Sabado",0,18:15:00,"Autopista Provincial Brigadier E.López","22.0",1,"Automóvil"," ",1,1,0,0,0,0,0,,"Autopista","Brigadier E.López","PUERTO SAN MARTÍN","San Lorenzo","Asfalto","Natural","XVII","Dentro","Rural","Ninguna","S/D","Recta","Bueno","Buena","Atardecer","Buen Tiempo","De alcance","S/D","Vuelco","S/D","Faltante","Vegetación","Sin restricción"
2014,3936,14/05/2014,"Miercoles",0,07:50:00,,"0.0",1,"Moto/Ciclomotor","M de Iriondo Y Luis Braille",2,0,0,0,0,0,2,,"S/D",,"SAN LORENZO","San Lorenzo","S/D","S/D","XVII","S/D","S/D","S/D","S/D","S/D","S/D","S/D","S/D","S/D","S/D","S/D","S/D","S/D","S/D","S/D","S/D"
2014,3937,02/05/2014,"Viernes",0,20:10:00,,"0.0",2,"Automóvil,Otros","Saavedra Y Argerich",2,1,0,0,1,0,0,,"Calle",,"SAN LORENZO","San Lorenzo","S/D","S/D","XVII","S/D","Urbana","S/D","S/D","S/D","S/D","S/D","Nocturna","S/D","S/D","S/D","S/D","S/D","S/D","S/D","S/D"
2014,3938,01/05/2014,"Jueves",0,,,"0.0",2,"Moto/Ciclomotor,Automóvil","Rivadavia Y Carlos Bosch",2,0,0,0,0,0,2,,"Calle",,"ESPERANZA","Las Colonias","Tierra,Ripio","No existe","XI","Dentro","Urbana","Ninguna","No existe","Intersección","Bueno","Buena","Diurna","Buen Tiempo","S/D","S/D","Colisión","S/D","S/D","Vegetación","Sin restricción"
2014,3939,13/05/2014,"Martes",0,13:30:00,,"0.0",2,"Moto/Ciclomotor,Automóvil","Av Carlos A Poucel Y Falucho",2,1,0,0,1,0,0,,"S/D",,"SAN LORENZO","San Lorenzo","S/D","S/D","XVII","S/D","S/D","S/D","S/D","S/D","S/D","S/D","Diurna","S/D","S/D","S/D","S/D","S/D","S/D","S/D","S/D"
2014,3940,29/05/2014,"Jueves",0,15:10:00,,"0.0",2,"Automóvil,Moto/Ciclomotor","Eva Peron Y Irigoyen",2,1,0,0,1,0,0,,"S/D",,"SAN LORENZO","San Lorenzo","S/D","S/D","XVII","S/D","Urbana","S/D","S/D","Intersección","S/D","S/D","S/D","S/D","S/D","S/D","S/D","S/D","S/D","S/D","S/D"
2014,3941,02/05/2014,"Viernes",0,19:00:00,,"0.0",2,"Moto/Ciclomotor,Moto/Ciclomotor","Calle 7 Y Calle 64",2,2,0,0,0,0,0,,"Calle",,"FRONTERA","Castellanos","S/D","S/D","V","Dentro","Urbana","S/D","S/D","Intersección","S/D","S/D","Atardecer","Buen Tiempo","Frontal","S/D","Colisión","S/D","S/D","S/D","S/D"
2014,3942,06/05/2014,"Martes",0,07:40:00,,"0.0",2,"Moto/Ciclomotor,Taxi/Remis","Tucuman Y Morris W",2,0,0,0,0,0,2,,"Calle",,"SAN LORENZO","San Lorenzo","S/D","S/D","XVII","S/D","Urbana","S/D","S/D","S/D","S/D","S/D","Diurna","S/D","S/D","S/D","Colisión","S/D","S/D","S/D","S/D"
2014,3943,28/05/2014,"Miercoles",0,11:40:00,,"0.0",2,"Moto/Ciclomotor,Automóvil","Dorrego Y Artigas",2,1,0,0,1,0,0,,"S/D",,"SAN LORENZO","San Lorenzo","S/D","S/D","XVII","S/D","S/D","S/D","S/D","S/D","S/D","S/D","Diurna","S/D","S/D","S/D","S/D","S/D","S/D","S/D","S/D"
2014,3944,24/05/2014,"Sabado",0,20:45:00,,"0.0",2,"Moto/Ciclomotor,Transporte de Pasajeros","Cordoba Y Pte Hipolito Irigoyen",2,1,0,0,1,0,0,,"Calle",,"PUERTO SAN MARTÍN","San Lorenzo","Asfalto","Pavimento","XVII","Dentro","Urbana","Ninguna","No existe","Intersección","Bueno","Buena","Nocturna","Buen Tiempo","Lateral","S/D","Colisión","S/D","Faltante","Ninguna","Sin restricción"
2014,3945,20/05/2014,"Martes",0,15:45:00,,"0.0",2,"Moto/Ciclomotor,Automóvil","Calle 2 Y Calle 5",2,1,0,0,1,0,0,,"Calle",,"AVELLANEDA","General Obligado","Hormigón","No existe","IX","Dentro","Urbana","Ninguna","No existe","Intersección","Bueno","Buena","Diurna","Buen Tiempo","De alcance","S/D","Colisión","S/D","S/D","Ninguna","Sin restricción"
2014,3946,15/05/2014,"Jueves",0,18:25:00,,"0.0",1,"Automóvil","San Juan Y Belgrano",1,1,0,0,0,0,0,,"S/D",,"SAN LORENZO","San Lorenzo","S/D","S/D","XVII","S/D","S/D","S/D","S/D","S/D","S/D","S/D","Atardecer","S/D","S/D","S/D","S/D","S/D","S/D","S/D","S/D"
2014,3947,16/05/2014,"Viernes",0,16:20:00,,"0.0",2,"Peatón,Automóvil","Silverio Cordoba Y Irigoyen",2,1,0,0,1,0,0,,"Calle",,"SAN LORENZO","San Lorenzo","S/D","S/D","XVII","S/D","Urbana","S/D","S/D","S/D","S/D","S/D","Diurna","S/D","S/D","S/D","Atropello","S/D","S/D","S/D","S/D"
2014,3948,25/05/2014,"Domingo",0,05:25:00,,"0.0",1,,"BV. YRIGOYEN Y MARIANO MORENO",3,3,0,0,0,0,0,,"Calle",,"RECONQUISTA","General Obligado","Asfalto","Pavimento","IX","Dentro","Urbana","Semáforo","Funciona","Intersección","Bueno","Buena","Nocturna","Buen Tiempo","Lateral","S/D","Colisión","Otro","Vertical","Cordón divisorio","Sin restricción"
2014,3949,25/05/2014,"Domingo",0,05:25:00,,"0.0",2,"Moto/Ciclomotor,Moto/Ciclomotor","BV. YRIGOYEN Y MARIANO MORENO",3,3,0,0,0,0,0,,"Calle",,"RECONQUISTA","General Obligado","Asfalto","Pavimento","IX","Dentro","Urbana","Semáforo","Funciona","Intersección","Bueno","Buena","Nocturna","Buen Tiempo","Lateral","S/D","Colisión","Otro","Vertical","Cordón divisorio","Sin restricción"
2014,3950,25/05/2014,"Domingo",0,20:50:00,,"0.0",2,"Moto/Ciclomotor,Automóvil","Av San Martin Y Cnel Bogado",2,1,0,0,1,0,0,,"S/D",,"SAN LORENZO","San Lorenzo","S/D","S/D","XVII","S/D","S/D","S/D","S/D","S/D","S/D","S/D","Nocturna","S/D","S/D","S/D","Colisión","S/D","S/D","S/D","S/D"
2014,3951,01/05/2014,"Jueves",0,20:00:00,,"0.0",2,"Pickup/Utilitario,Moto/Ciclomotor","20 de Junio Y Av Independencia",2,0,1,0,1,0,0,,"Avenida",,"ATALIVA","Castellanos","Asfalto","S/D","V","S/D","Urbana","S/D","S/D","Intersección","S/D","S/D","Nocturna,Con luz artificial","S/D","S/D","S/D","Colisión","S/D","S/D","S/D","S/D"
2014,3952,06/05/2014,"Martes",0,12:56:00,,"0.0",2,"Pickup/Utilitario,Pickup/Utilitario","Colon Y Rosario",2,1,0,0,1,0,0,,"Calle",,"SAN LORENZO","San Lorenzo","S/D","S/D","XVII","S/D","Urbana","S/D","S/D","S/D","S/D","S/D","Diurna","S/D","S/D","S/D","S/D","S/D","S/D","S/D","S/D"
2014,3953,24/05/2014,"Sabado",0,09:30:00,,"0.0",2,"Moto/Ciclomotor,Moto/Ciclomotor","Cordoba Y 25 de Mayo",2,2,0,0,0,0,0,,"Calle",,"PUERTO SAN MARTÍN","San Lorenzo","Asfalto","Pavimento","XVII","Dentro","Urbana","Policía de tránsito","No funciona","Intersección","Bueno","Buena","Diurna","Buen Tiempo","Lateral","S/D","Colisión","Ninguna","Faltante","Ninguna","Sin restricción"
2014,3954,19/05/2014,"Lunes",0,12:55:00,"Ruta Nacional 11","0.0",2,"Automóvil,Moto/Ciclomotor","Granadero Baigorria Y Ruta Nac 11 Av Peron",2,1,0,0,1,0,0,,"Ruta",11,"SAN LORENZO","San Lorenzo","S/D","S/D","XVII","S/D","Urbana","S/D","S/D","Intersección","S/D","S/D","Diurna","S/D","S/D","S/D","Colisión","S/D","S/D","S/D","S/D"
2014,3955,22/05/2014,"Jueves",0,08:00:00,,"0.0",2,"Moto/Ciclomotor,Pickup/Utilitario","Francisco Peretti Y Av Luis Fanti",2,1,0,0,1,0,0,,"Avenida",,"RAFAELA","Castellanos","Hormigón","S/D","V","Dentro","Urbana","S/D","S/D","Intersección","S/D","S/D","Diurna","S/D","Lateral","S/D","Colisión","S/D","S/D","S/D","S/D"
2014,3956,08/05/2014,"Jueves",0,17:50:00,,"0.0",1,"Automóvil","3 de Febrero Y Morris W",2,1,0,0,1,0,0,,"Calle",,"SAN LORENZO","San Lorenzo","S/D","S/D","XVII","S/D","Urbana","S/D","S/D","S/D","S/D","S/D","Diurna","S/D","S/D","S/D","S/D","S/D","S/D","S/D","S/D"
2014,3957,23/05/2014,"Viernes",0,09:00:00,,"0.0",2,"Automóvil,Bicicleta","9 de Julio ",5,2,0,0,0,0,3,,"S/D",,"SAN LORENZO","San Lorenzo","S/D","S/D","XVII","S/D","S/D","S/D","S/D","S/D","S/D","S/D","Diurna","S/D","S/D","S/D","Atropello","S/D","S/D","S/D","S/D"
2014,3958,13/05/2014,"Martes",0,19:00:00,,"0.0",2,"Moto/Ciclomotor,Automóvil","San Martin Y Alvear",2,1,0,0,1,0,0,,"Calle",,"RAFAELA","Castellanos","S/D","No existe","V","S/D","Urbana","S/D","No existe","Intersección","Bueno","Buena","Diurna","Buen Tiempo","Lateral","S/D","Colisión","S/D","S/D","S/D","S/D"
2014,3959,02/05/2014,"Viernes",0,20:00:00,,"0.0",1,"Moto/Ciclomotor","Dr G Zimmermann 2260",2,1,1,0,0,0,0,,"Calle",,"ESPERANZA","Las Colonias","S/D","No existe","XI","Dentro","Urbana","Ninguna","No existe","Recta","S/D","Buena","Nocturna","Buen Tiempo","Contra objeto fijo","S/D","Colisión","S/D","S/D","Ninguna","Sin restricción"
2014,3960,23/05/2014,"Viernes",0,00:45:00,"Ruta Nacional 11","0.0",1,"Moto/Ciclomotor","Ruta Nac 11 Y Cordoba",2,2,0,0,0,0,0,,"Ruta",11,"PUERTO SAN MARTÍN","San Lorenzo","Asfalto","Ripio","XVII","S/D","Urbana","Ninguna","No existe","Intersección","Bueno","Buena","Nocturna","Buen Tiempo","Otro","S/D","Despiste","Ninguna","Faltante","Ninguna","Sin restricción"
2014,3961,10/05/2014,"Sabado",0,14:40:00,,"0.0",2,"Automóvil,Moto/Ciclomotor","Entre Rios Y Uriburu",4,3,0,0,1,0,0,,"Calle",,"SAN LORENZO","San Lorenzo","S/D","S/D","XVII","S/D","Urbana","S/D","S/D","S/D","S/D","S/D","S/D","S/D","S/D","S/D","S/D","S/D","S/D","S/D","S/D"
2014,3962,26/05/2014,"Lunes",0,20:00:00,,"0.0",2,"Moto/Ciclomotor,Pickup/Utilitario","P Fournier Y Irigoyen",2,1,0,0,1,0,0,,"S/D",,"SAN LORENZO","San Lorenzo","Hormigón","S/D","XVII","S/D","S/D","S/D","S/D","Intersección","S/D","S/D","Nocturna","S/D","S/D","S/D","S/D","S/D","S/D","S/D","S/D"
2014,3963,24/05/2014,"Sabado",0,20:35:00,,"0.0",2,"Moto/Ciclomotor,Automóvil","J J Passo Y Belgrano",3,1,0,0,2,0,0,,"S/D",,"SAN LORENZO","San Lorenzo","S/D","S/D","XVII","S/D","S/D","S/D","S/D","S/D","S/D","S/D","Nocturna","S/D","S/D","S/D","S/D","S/D","S/D","S/D","S/D"
2014,3964,09/05/2014,"Viernes",0,12:25:00,,"0.0",2,"Automóvil,Moto/Ciclomotor","Calle 17-Bartolome Mitre Y Roca Pte",2,0,1,0,1,0,0,,"Calle",,"RECONQUISTA","General Obligado","Asfalto","Pavimento","IX","Dentro","Urbana","Ninguna","No existe","Intersección","Bueno","Buena","Diurna","Buen Tiempo","Lateral","S/D","Colisión","Otro","Vertical","Cordón divisorio","Sin restricción"
2014,3965,29/05/2014,"Jueves",0,18:30:00,,"0.0",2,"Moto/Ciclomotor,Otros","Primera Junta Y Victor Manuel",2,1,0,0,1,0,0,,"Calle",,"RAFAELA","Castellanos","Hormigón","S/D","V","Dentro","Urbana","S/D","S/D","Intersección","S/D","S/D","Diurna","S/D","Lateral","S/D","Colisión","S/D","S/D","S/D","S/D"
2014,3966,19/05/2014,"Lunes",0,15:00:00,,"0.0",1,"Moto/Ciclomotor","Pte Hipolito Irigoyen ",1,1,0,0,0,0,0,,"Calle",,"PUERTO SAN MARTÍN","San Lorenzo","Asfalto","Natural","XVII","Dentro","Urbana","Ninguna","No existe","Recta","Bueno","Buena","Diurna","Buen Tiempo","Atropello animal","S/D","Colisión","Ninguna","Faltante","Ninguna","Sin restricción"
2014,3967,14/05/2014,"Miercoles",0,12:05:00,,"0.0",2,"Moto/Ciclomotor,Moto/Ciclomotor","500 Millas Argentinas Y Eloy Gaitan",2,1,0,0,0,0,1,,"Calle",,"RAFAELA","Castellanos","Asfalto","No existe","V","S/D","Urbana","S/D","No existe","Intersección","Bueno","Buena","Diurna","Buen Tiempo","Frontal","S/D","Colisión","S/D","S/D","S/D","S/D"
2014,3968,18/05/2014,"Domingo",0,05:45:00,,"0.0",2,"Automóvil,Moto/Ciclomotor","Parana Y Bernardo de Irigoyen",3,2,0,0,1,0,0,,"Calle",,"RAFAELA","Castellanos","Asfalto","S/D","V","S/D","Urbana","S/D","S/D","Intersección","S/D","Buena","Nocturna,Con luz artificial","S/D","S/D","S/D","Colisión","S/D","S/D","S/D","S/D"
2014,3969,05/05/2014,"Lunes",0,19:20:00,"Ruta Provincial 23","0.0",1,"Automóvil"," ",1,0,1,0,0,0,0,,"Ruta",23,"VILLA TRINIDAD","San Cristóbal","Asfalto","Natural","XIII","Fuera","Rural","Ninguna","No existe","Recta","Bueno","Buena","Nocturna","Buen Tiempo","S/D","S/D","Vuelco","S/D","Faltante","Línea divisoria pintada","Sin restricción"
2014,3970,18/05/2014,"Domingo",0,03:50:00,"Ruta Nacional 11","335.0",1,"Automóvil"," ",1,1,0,0,0,0,0,,"Ruta",11,"PUERTO SAN MARTÍN","San Lorenzo","Asfalto","Ripio","XVII","Dentro","Urbana","Ninguna","No existe","Recta","S/D","Buena","Nocturna","Buen Tiempo","Contra objeto fijo","S/D","Colisión","Ninguna","Faltante","Ninguna","Sin restricción"
2014,3971,09/05/2014,"Viernes",0,18:15:00,,"0.0",2,"Automóvil,Moto/Ciclomotor","Calle 5-Colon Y Calle 26 - Bolivar",2,1,0,0,1,0,0,,"Calle",,"RECONQUISTA","General Obligado","Hormigón","Pavimento","IX","Dentro","Urbana","Ninguna","No existe","Intersección","Bueno","Buena","Atardecer","Buen Tiempo","Lateral","S/D","Colisión","Otro","Vertical","Cordón divisorio","Sin restricción"
2014,3972,20/05/2014,"Martes",0,05:40:00,"Ruta Nacional 11","338.0",1,"Moto/Ciclomotor"," ",1,1,0,0,0,0,0,,"Ruta",11,"TIMBÚES","San Lorenzo","Asfalto","Natural","XVII","S/D","Urbana","Ninguna","No existe","Recta","Resbaladiza","Reducida","Amanecer","Lluvia","S/D","S/D","Caída ocupante","Agua","Vertical","Línea divisoria pintada","Sin restricción"
2014,3973,12/05/2014,"Lunes",0,12:45:00,,"0.0",2,"Automóvil,Moto/Ciclomotor","Genaro Roldan Y Peru",2,1,0,0,1,0,0,,"Calle",,"SAN LORENZO","San Lorenzo","Hormigón","S/D","XVII","S/D","Urbana","S/D","S/D","Intersección","S/D","S/D","Diurna","S/D","S/D","S/D","S/D","S/D","S/D","S/D","S/D"
2014,3974,12/05/2014,"Lunes",0,14:10:00,,"0.0",2,"Moto/Ciclomotor,Moto/Ciclomotor","Dorrego Y Luis Braille",2,2,0,0,0,0,0,,"Calle",,"SAN LORENZO","San Lorenzo","S/D","S/D","XVII","S/D","Urbana","S/D","S/D","S/D","S/D","S/D","Diurna","S/D","S/D","S/D","S/D","S/D","S/D","S/D","S/D"
2014,3975,15/05/2014,"Jueves",0,20:10:00,,"0.0",2,"Moto/Ciclomotor,Moto/Ciclomotor","Cordoba Y Reconquista",2,2,0,0,0,0,0,,"Calle",,"PUERTO SAN MARTÍN","San Lorenzo","Asfalto","No existe","XVII","Dentro","Urbana","Policía de tránsito","No existe","Intersección","Bueno","Buena","Nocturna","Buen Tiempo","Lateral","S/D","Colisión","Ninguna","Faltante","Ninguna","Sin restricción"
2014,3976,23/05/2014,"Viernes",0,12:00:00,,"0.0",2,"Automóvil,Moto/Ciclomotor","Calle 27-Gdor Freyre Y Calle 18 - Gral Belgrano",2,1,0,0,1,0,0,,"S/D",,"RECONQUISTA","General Obligado","Asfalto","S/D","IX","S/D","Urbana","Ninguna","No existe","Intersección","Bueno","Buena","Diurna","Buen Tiempo","Lateral","S/D","Colisión","S/D","S/D","Ninguna","S/D"
2014,3977,20/05/2014,"Martes",0,13:00:00,,"0.0",2,"Pickup/Utilitario,Bicicleta","Francia Y Moreno",2,1,0,0,1,0,0,"-31.653444444444,-60.716777777778","Calle",,"SANTA FE","La Capital","Asfalto","No existe","I","Dentro","Urbana","Ninguna","No existe","Intersección","Bueno","Buena","Diurna","Buen Tiempo","S/D","S/D","Atropello","Ninguna","S/D","Ninguna","Sin restricción"
2014,3978,12/05/2014,"Lunes",0,20:00:00,,"0.0",2,"Moto/Ciclomotor,Bicicleta","Chacabuco Y A Lincoln",2,1,1,0,0,0,0,,"Calle",,"RAFAELA","Castellanos","Asfalto","S/D","V","S/D","Urbana","S/D","S/D","Intersección","S/D","Buena","Nocturna,Con luz artificial","S/D","S/D","S/D","Atropello","S/D","S/D","S/D","S/D"
2014,3979,18/05/2014,"Domingo",0,04:00:00,,"0.0",2,"Automóvil,Moto/Ciclomotor","Luis Maggi Y Ayacucho",3,2,0,0,1,0,0,,"Avenida",,"RAFAELA","Castellanos","Asfalto","S/D","V","S/D","Urbana","S/D","S/D","Intersección","Bueno","Buena","Nocturna,Con luz artificial","S/D","S/D","S/D","Colisión","S/D","S/D","S/D","S/D"
2014,3980,10/05/2014,"Sabado",0,06:30:00,,"0.0",2,"Automóvil,Otros","CÓRDOBA Y BELGRANO",3,2,0,0,1,0,0,,"Calle",,"SAN GENARO","San Jerónimo","Hormigón","No existe","XV","Dentro","Urbana","Ninguna","No existe","Intersección","Bueno","Buena","Nocturna,Con luz artificial","Buen Tiempo","Frontal","S/D","Colisión","Ninguna","Faltante","Ninguna","Sin restricción"
2014,3981,10/05/2014,"Sabado",0,20:00:00,,"0.0",2,"Automóvil,Moto/Ciclomotor","Calle 33-Pueyrredon ",2,1,0,0,1,0,0,,"S/D",,"RECONQUISTA","General Obligado","Asfalto","S/D","IX","S/D","Urbana","S/D","No funciona","Intersección","Bueno","Reducida","Nocturna","Buen Tiempo","Otro","S/D","Colisión","Otro","S/D","S/D","S/D"