"anio_acci","nro_acci","fecha","desc_dia","fecha_aprox","hora_aprox","desc_ruta","km","cant_participantes","desc_participante","calle_avenida_km","total","heridos_leves","heridos_graves","heridos_gravisimos","ilesos","fallecidos","sin_datos","posicion_XY","desc_tipo_via","desc_ruta_ori","desc_loc","desc_dpto","desc_tipo_calzada","desc_tipo_banquina","desc_unidad_regional","desc_lugar_calzada","desc_zona","desc_prioridad","desc_estado_semaforo","desc_lugar_via","desc_estado_via","desc_estado_visibilidad","desc_luminosidad","desc_estado_clima","desc_tipo_colision","desc_tipo_atropello","desc_tipo_hecho","desc_pres_calzada","desc_senializacion","desc_separacion_via","desc_restriccion"
2014,3982,09/05/2014,"Viernes",0,00:05:00,"Ruta Nacional 11","0.0",2,"Moto/Ciclomotor,Automóvil","Ruta Nac 11 Y Cordoba",2,1,0,0,1,0,0,,"Ruta",11,"PUERTO SAN MARTÍN","San Lorenzo","Asfalto","Ripio","XVII","Dentro","Urbana","Ninguna","S/D","Intersección","Bueno","Buena","Nocturna","Buen Tiempo","Lateral","S/D","Colisión","Ninguna","Faltante","Ninguna","Sin restricción"
2014,3983,12/05/2014,"Lunes",0,19:30:00,,"0.0",2,"Moto/Ciclomotor,Automóvil"," ",2,1,0,0,1,0,0,,"Calle",,"RAFAELA","Castellanos","Asfalto","S/D","V","S/D","Urbana","S/D","S/D","Intersección","Bueno","Buena","Atardecer","S/D","S/D","S/D","Colisión","S/D","S/D","S/D","S/D"
2014,3984,13/05/2014,"Martes",0,10:30:00,,"0.0",2,"Moto/Ciclomotor,Automóvil","Calle 8-Chacabuco Y Calle 11-Alvear",3,2,0,0,1,0,0,,"Calle",,"RECONQUISTA","General Obligado","Asfalto","S/D","IX","S/D","Urbana","S/D","No existe","Intersección","Bueno","Buena","Diurna","S/D","S/D","S/D","S/D","S/D","S/D","S/D","S/D"
2014,3985,08/05/2014,"Jueves",0,10:20:00,,"0.0",2,"Moto/Ciclomotor,Otros","Calle 1 - Independencia ",2,1,0,0,1,0,0,,"Calle",,"RECONQUISTA","General Obligado","Asfalto","No existe","IX","Dentro","Urbana","S/D","No existe","Intersección","Bueno","Buena","Diurna","Buen Tiempo","Frontal","S/D","Colisión","S/D","S/D","Cordón divisorio","Sin restricción"
2014,3986,02/05/2014,"Viernes",0,11:05:00,,"0.0",2,"Moto/Ciclomotor,Automóvil","Aaron Castellanos 1500",5,1,0,0,4,0,0,,"Avenida",,"ESPERANZA","Las Colonias","Asfalto","No existe","XI","Dentro","Urbana","Ninguna","No existe","Recta","Bueno","Buena","Diurna","Buen Tiempo","Frontal","S/D","Colisión","S/D","Horizontal,Vertical","Vegetación","Sin restricción"
2014,3987,13/05/2014,"Martes",0,09:30:00,,"0.0",3,"Moto/Ciclomotor,Bicicleta,Camión","Av Rivadavia Y Rotania",3,2,0,0,1,0,0,,"Calle",,"SUNCHALES","Castellanos","S/D","S/D","V","S/D","Urbana","S/D","S/D","Intersección","S/D","Buena","Diurna","S/D","Múltiple","S/D","Colisión,Atropello","S/D","S/D","S/D","S/D"
2014,3988,18/05/2014,"Domingo",0,11:00:00,,"0.0",2,"Moto/Ciclomotor,Otros","Dr Zavalla Y 3 de Febrero",3,2,0,0,1,0,0,,"Calle",,"SANTA FE","La Capital","Asfalto","No existe","I","Dentro","Urbana","Ninguna","No existe","Intersección","Bueno","S/D","Diurna","Buen Tiempo","Otro","S/D","Colisión","Ninguna","S/D","Ninguna","Sin restricción"
2014,3989,29/05/2014,"Jueves",0,19:00:00,"Ruta Nacional 11","0.0",2,"Bicicleta,Automóvil"," ",2,1,0,0,1,0,0,,"Ruta",11,"RECONQUISTA","General Obligado","Asfalto","S/D","II","S/D","Urbana","Ninguna","No existe","Intersección","Bueno","Buena","Atardecer","Buen Tiempo","S/D","S/D","Atropello","Otro","S/D","S/D","S/D"
2014,3990,01/05/2014,"Jueves",0,22:30:00,,"0.0",2,"Moto/Ciclomotor,Otros","Av Facundo Zuviria Y Pedro Ferre",2,1,0,0,1,0,0,,"Avenida",,"SANTA FE","La Capital","Hormigón","No existe","I","Dentro","Urbana","Ninguna","Funciona","Intersección","Bueno","Buena","Nocturna,Con luz artificial","Buen Tiempo","Lateral","S/D","Colisión","Otro","Vertical","Ninguna","Sin restricción"
2014,3991,11/05/2014,"Domingo",0,,"Ruta Nacional 11","0.0",1,"Automóvil","Genaro Roldan Y Ruta Nac 11 Av Peron",1,0,1,0,0,0,0,,"Ruta",11,"SAN LORENZO","San Lorenzo","Asfalto","S/D","XVII","S/D","Urbana","S/D","S/D","Curva","Bueno","S/D","S/D","S/D","Contra objeto fijo","S/D","Colisión","S/D","Vertical","S/D","S/D"
2014,3992,18/05/2014,"Domingo",0,04:00:00,,"0.0",2,"Moto/Ciclomotor,Moto/Ciclomotor","Bv Pte Roca Y Dante Alighieri",4,3,0,0,1,0,0,,"Avenida",,"RAFAELA","Castellanos","Asfalto","S/D","V","S/D","Urbana","S/D","S/D","Intersección","Bueno","Buena","Nocturna,Con luz artificial","S/D","S/D","S/D","Colisión","S/D","S/D","S/D","S/D"
2014,3993,09/05/2014,"Viernes",0,07:45:00,,"0.0",2,"Moto/Ciclomotor,Automóvil","Calle 19-Habegger Y Calle 30-Lucas Funes",2,1,0,0,1,0,0,,"Calle",,"RECONQUISTA","General Obligado","Hormigón","No existe","IX","Dentro","Urbana","Ninguna","No existe","Intersección","Bueno","Buena","Diurna","Buen Tiempo","Frontal","S/D","Colisión","S/D","Faltante","Cordón divisorio","S/D"
2014,3994,10/05/2014,"Sabado",0,06:30:00,,"0.0",2,"Automóvil,Moto/Ciclomotor","CÓRDOBA  Y BELGRANO",3,2,0,0,1,0,0,,"Calle",,"SAN GENARO","San Jerónimo","Hormigón","No existe","XV","Dentro","Urbana","Ninguna","No existe","Intersección","Bueno","Buena","Con luz artificial","Buen Tiempo","Frontal","S/D","Colisión","Ninguna","Faltante","Ninguna","Sin restricción"
2014,3995,20/05/2014,"Martes",0,13:50:00,,"0.0",2,"Moto/Ciclomotor,Pickup/Utilitario","Av Facundo Zuviria Y Risso",4,1,0,0,3,0,0,,"Avenida",,"SANTA FE","La Capital","Hormigón","No existe","I","Dentro","Urbana","Ninguna","No existe","Intersección","Bueno","Buena","Diurna","Buen Tiempo","Lateral","S/D","Colisión","Otro","Faltante","Ninguna","Sin restricción"
2014,3996,02/05/2014,"Viernes",0,09:45:00,,"0.0",2,"Moto/Ciclomotor,Pickup/Utilitario","Mariano Moreno Y 3 de Febrero",3,1,0,0,2,0,0,,"Calle",,"ESPERANZA","Las Colonias","Asfalto","No existe","XI","Dentro","Urbana","Ninguna","No existe","Intersección","Bueno","Buena","Diurna","Buen Tiempo","Frontal","S/D","Colisión","S/D","Horizontal,Vertical","Ninguna","Sin restricción"
2014,3997,31/05/2014,"Sabado",0,07:45:00,,"0.0",2,"Moto/Ciclomotor,Moto/Ciclomotor","Bv G L Lhemann Y Domingo Silva",2,0,1,0,1,0,0,,"Avenida",,"RAFAELA","Castellanos","Asfalto","S/D","V","S/D","Urbana","S/D","S/D","Intersección","Bueno","Buena","Amanecer,Con luz artificial","S/D","S/D","S/D","Colisión","S/D","S/D","S/D","S/D"
2014,3998,27/05/2014,"Martes",0,19:00:00,"Ruta Nacional 9","0.0",2,"Pickup/Utilitario,Bicicleta","Ruta Nacional 9 Y Bv San Martin",2,1,0,0,1,0,0,,"Ruta",9,"ROLDÁN","San Lorenzo","Asfalto","Ripio","XVII","S/D","Urbana","Ninguna","No existe","Intersección","Bueno","Buena","Atardecer","Buen Tiempo","Lateral","S/D","Atropello","S/D","Faltante","Ninguna","Sin restricción"
2014,3999,01/05/2014,"Jueves",0,19:45:00,"Ruta Nacional 11","0.0",2,"Automóvil,Automóvil","Av San Martin Y España",2,2,0,0,0,0,0,,"Ruta",11,"SAN LORENZO","San Lorenzo","Hormigón","S/D","XVII","S/D","Urbana","S/D","S/D","Intersección","Bueno","S/D","S/D","S/D","S/D","S/D","S/D","S/D","S/D","S/D","S/D"
2014,4000,24/05/2014,"Sabado",0,14:00:00,"Autopista Provincial Brigadier E.López","9.0",1,"Automóvil"," ",2,1,1,0,0,0,0,,"Autopista","Brigadier E.López","RICARDONE","San Lorenzo","Hormigón","Natural","XVII","S/D","S/D","S/D","S/D","Recta","Bueno","Buena","Diurna","S/D","S/D","S/D","Vuelco","S/D","S/D","S/D","S/D"
2014,4001,08/05/2014,"Jueves",0,18:30:00,,"0.0",2,"Moto/Ciclomotor,Automóvil","Calle 15-Patricio Diez ",2,1,0,0,1,0,0,,"S/D",,"RECONQUISTA","General Obligado","Asfalto","No existe","IX","Dentro","Urbana","Semáforo","Funciona","Recta","Bueno","S/D","Diurna","Buen Tiempo","De alcance","S/D","Colisión","S/D","Vertical","Cordón divisorio","S/D"
2014,4002,31/05/2014,"Sabado",0,15:30:00,,"0.0",2,"Moto/Ciclomotor,Automóvil","B I Iturraspe Y Nicasio Oro±o",3,1,0,0,2,0,0,,"Calle",,"RAFAELA","Castellanos","Asfalto","S/D","V","S/D","Urbana","S/D","S/D","Intersección","Bueno","Buena","Diurna","S/D","S/D","S/D","Colisión","S/D","S/D","S/D","S/D"
2014,4003,30/05/2014,"Viernes",0,10:30:00,"Ruta Nacional 9","0.0",2,"Moto/Ciclomotor,Otros","Ruta Nacional 9 Y Belgrano",2,1,0,0,0,0,1,,"Ruta",9,"ROLDÁN","San Lorenzo","Asfalto","Ripio","XVII","S/D","Urbana","Ninguna","No existe","Intersección","Bueno","Buena","Diurna","Buen Tiempo","Lateral","S/D","Colisión","S/D","Faltante","Ninguna","Sin restricción"
2014,4004,04/05/2014,"Domingo",0,20:50:00,"Ruta Nacional 11","568.0",2,"Bicicleta,Automóvil"," ",2,1,0,0,1,0,0,,"Ruta",11,"SAN JUSTO","San Justo","Asfalto","Pavimento","XVI","Dentro","Urbana","Ninguna","No existe","Recta","Bueno","Buena","Nocturna,Con luz artificial","Buen Tiempo","S/D","S/D","Atropello","Ninguna","Horizontal","Ninguna","Sin restricción"
2014,4005,02/05/2014,"Viernes",0,00:15:00,,"0.0",2,"Moto/Ciclomotor,Otros","Lavalle Y Florentino Ameghino",5,3,1,0,1,0,0,,"Calle",,"RAFAELA","Castellanos","Asfalto","S/D","V","S/D","Urbana","S/D","S/D","Intersección","Bueno","Buena","Nocturna,Con luz artificial","S/D","S/D","S/D","Colisión","S/D","S/D","S/D","S/D"
2014,4006,07/05/2014,"Miercoles",0,17:25:00,,"0.0",2,"Automóvil,Moto/Ciclomotor","Berutti Y Saavedra",2,0,0,0,0,0,2,,"Calle",,"ESPERANZA","Las Colonias","Hormigón","No existe","XI","Dentro","Urbana","Ninguna","No existe","Intersección","Bueno","Buena","Diurna","Buen Tiempo","Lateral","S/D","Colisión","S/D","Horizontal","Cordón divisorio","Sin restricción"
2014,4007,19/05/2014,"Lunes",0,15:10:00,,"0.0",2,"Moto/Ciclomotor,Bicicleta","Gregoria Matorras 300",2,1,1,0,0,0,0,,"Calle",,"GÁLVEZ","San Jerónimo","Asfalto","No existe","XV","Dentro","Urbana","Ninguna","No existe","Recta","Bueno","Buena","Diurna","Buen Tiempo","S/D","S/D","Atropello","S/D","Faltante","Ninguna","Sin restricción"
2014,4008,11/05/2014,"Domingo",0,23:45:00,,"0.0",2,"Moto/Ciclomotor,Automóvil"," ",3,1,0,0,1,0,1,,"Calle",,"CORONDA","San Jerónimo","Asfalto","No existe","XV","Dentro","Urbana","Semáforo","Funciona","Recta","Bueno","Buena","Nocturna","S/D","Lateral","S/D","Colisión","Otro","Faltante","Ninguna","Sin restricción"
2014,4009,31/05/2014,"Sabado",0,19:20:00,,"0.0",2,"Automóvil,Automóvil","Bv H Irigoyen Y Belgrano",3,2,0,0,1,0,0,,"Avenida",,"RAFAELA","Castellanos","Asfalto","S/D","V","S/D","Urbana","S/D","S/D","Intersección","Bueno","Buena","Nocturna,Con luz artificial","S/D","Contra objeto fijo","S/D","Colisión","S/D","S/D","S/D","S/D"
2014,4010,10/05/2014,"Sabado",0,21:30:00,,"0.0",2,"Moto/Ciclomotor,Pickup/Utilitario","San Martin Y Dr Juan Hazarte",2,1,0,0,1,0,0,,"Calle",,"SAN GENARO","San Jerónimo","Asfalto","Natural","XV","Dentro","Urbana","Ninguna","No existe","Intersección","Deteriorada","Buena","Diurna","Buen Tiempo","Lateral","S/D","Colisión","Ninguna","S/D","Ninguna","Sin restricción"
2014,4011,07/05/2014,"Miercoles",0,10:30:00,,"0.0",2,"Automóvil,Moto/Ciclomotor","Av Cordoba Y Domingo Faustino Sarmiento",4,0,0,0,0,0,4,,"Avenida",,"ESPERANZA","Las Colonias","Hormigón","No existe","XI","Dentro","Urbana","Ninguna","No existe","Intersección","Bueno","Buena","Diurna","Buen Tiempo","S/D","S/D","Colisión","S/D","Horizontal","Cordón divisorio","Sin restricción"
2014,4012,29/05/2014,"Jueves",0,21:00:00,,"0.0",2,"Moto/Ciclomotor,Automóvil","Jose de San Martin Y Alberdi",3,1,0,0,2,0,0,,"Calle",,"CORONDA","San Jerónimo","Asfalto","No existe","XV","Dentro","Urbana","Ninguna","No existe","Intersección","Bueno","Buena","Nocturna","Buen Tiempo","Frontal","S/D","Colisión","S/D","Faltante","Ninguna","Sin restricción"
2014,4013,08/05/2014,"Jueves",0,19:45:00,,"0.0",2,"Peatón,Automóvil","Calle 12 San Martin ",2,0,1,0,1,0,0,,"Calle",,"RECONQUISTA","General Obligado","Asfalto","No existe","IX","S/D","Urbana","Ninguna","No existe","Recta","Bueno","Buena","Diurna","Buen Tiempo","S/D","S/D","Atropello","S/D","Faltante","Ninguna","Sin restricción"
2014,4014,10/05/2014,"Sabado",0,09:00:00,"Ruta Provincial 70","0.0",2,"Automóvil,Automóvil","Bv Santa Fe ",4,2,0,0,2,0,0,,"Ruta",70,"RAFAELA","Castellanos","Asfalto","S/D","V","Dentro","Urbana","S/D","S/D","Recta","S/D","S/D","Diurna","S/D","Lateral","S/D","Colisión","S/D","S/D","S/D","S/D"
2014,4015,15/05/2014,"Jueves",0,07:30:00,"Ruta Provincial 10","10.0",1,"Automóvil"," ",3,3,0,0,0,0,0,,"Ruta",10,"ESTACIÓN DÍAZ","San Jerónimo","Tierra","No existe","XV","Fuera","Rural","Ninguna","No existe","Recta","Ahuellamiento","Buena","Nocturna","Buen Tiempo","Múltiple","S/D","Vuelco,Despiste","Ninguna","S/D","Ninguna","Sin restricción"
2014,4016,16/05/2014,"Viernes",0,08:00:00,"S/D Nacional A012","12.0",2,"Automóvil,Camión"," ",2,2,0,0,0,0,0,,"S/D","A012","ROLDÁN","San Lorenzo","Hormigón","Ripio","XVII","S/D","S/D","Ninguna","No existe","Recta","Bueno","Buena","Diurna","Buen Tiempo","Lateral","S/D","Colisión","S/D","Faltante","Ninguna","Sin restricción"
2014,4017,14/05/2014,"Miercoles",0,07:00:00,,"0.0",2,"Automóvil,Automóvil"," ",2,1,0,0,1,0,0,,"Calle",,"RECONQUISTA","General Obligado","Asfalto","S/D","IX","Dentro","Urbana","Ninguna","S/D","Intersección","Bueno","S/D","Diurna","Buen Tiempo","Frontal","S/D","Colisión","S/D","S/D","Cordón divisorio","Sin restricción"
2014,4018,30/05/2014,"Viernes",0,13:30:00,"Ruta Nacional 34","269.0",2,"Pickup/Utilitario,Moto/Ciclomotor","Ruta Nacional 34 ",2,1,0,0,1,0,0,,"Ruta",34,"SUNCHALES","Castellanos","Asfalto","S/D","V","S/D","Urbana","S/D","S/D","Recta","S/D","Buena","Diurna","S/D","S/D","S/D","Colisión","S/D","S/D","S/D","S/D"
2014,4019,13/05/2014,"Martes",0,11:50:00,,"0.0",2,"Pickup/Utilitario,Moto/Ciclomotor"," ",2,1,0,0,1,0,0,,"Calle",,"RECONQUISTA","General Obligado","Asfalto","Pavimento","IX","Dentro","Urbana","Ninguna","No existe","Intersección","Bueno","Buena","Diurna","Buen Tiempo","Lateral","S/D","Colisión","Otro","Vertical","Cordón divisorio","Sin restricción"
2014,4020,11/05/2014,"Domingo",0,06:30:00,"Ruta Provincial 70","100.0",1,"Camión"," ",1,1,0,0,0,0,0,,"Ruta",70,"PRESIDENTE ROCA","Castellanos","Asfalto","S/D","V","Fuera","Rural","S/D","S/D","Recta","Resbaladiza","S/D","S/D","S/D","S/D","S/D","Despiste","Agua","S/D","S/D","S/D"
2014,4021,30/05/2014,"Viernes",0,13:05:00,,"0.0",1,"Moto/Ciclomotor","Mariano Moreno Y Sarmiento",1,0,0,0,0,0,1,,"Calle",,"CORONDA","San Jerónimo","Asfalto","No existe","XV","Dentro","Urbana","Ninguna","No existe","Recta","Bueno","Reducida","Diurna","Lluvia","S/D","S/D","Caída ocupante","S/D","Faltante","Ninguna","Sin restricción"
2014,4022,29/05/2014,"Jueves",0,13:20:00,,"0.0",2,"Moto/Ciclomotor,Moto/Ciclomotor"," ",2,2,0,0,0,0,0,,"S/D",,"RECONQUISTA","General Obligado","Asfalto","Pavimento","IX","Dentro","Urbana","Ninguna","No existe","Intersección","Bueno","Buena","Diurna","Buen Tiempo","Lateral","S/D","Colisión","Otro","Vertical","Cordón divisorio","Sin restricción"
2014,4023,09/05/2014,"Viernes",0,18:50:00,"Autopista Nacional Rosario -Cordoba","313.0",1,"Pickup/Utilitario"," ",2,1,0,0,1,0,0,,"Autopista","Rosario -Cordoba","ROLDÁN","San Lorenzo","Asfalto","Natural","XVII","Dentro","Rural","Ninguna","No existe","Recta","Bueno","Buena","Atardecer","Buen Tiempo","Otro","S/D","Vuelco","S/D","Faltante","Guardarrail,Vegetación","Sin restricción"
2014,4024,11/04/2014,"Viernes",0,19:45:00,,"0.0",2,"Moto/Ciclomotor,Automóvil","pbro d Balbiano Y Jujuy",2,0,1,0,1,0,0,,"Calle",,"GÁLVEZ","San Jerónimo","Asfalto","S/D","XV","Dentro","Urbana","Ninguna","No existe","Intersección","Bueno","Buena","Diurna","Buen Tiempo","Lateral","S/D","Colisión","S/D","S/D","Ninguna","Sin restricción"
2014,4025,15/05/2014,"Jueves",0,,,"0.0",1,"Automóvil","PUENTE CARRETERO ",3,2,0,0,1,0,0,,"S/D",,"SANTA FE","La Capital","Asfalto","No existe","I","Dentro","Urbana","Ninguna","No existe","Puente","Bueno","S/D","S/D","S/D","Otro","S/D","Colisión","Ninguna","S/D","Ninguna","Sin restricción"
2014,4026,31/05/2014,"Sabado",0,19:20:00,,"0.0",1,"Moto/Ciclomotor","Santo Tome Y Amanda de Clotet",1,0,1,0,0,0,0,,"Camino Rural",,"CORONDA","San Jerónimo","Tierra","Natural","XV","Dentro","Urbana","Ninguna","No existe","Intersección","Ahuellamiento","Reducida","Nocturna","Buen Tiempo","S/D","S/D","Caída ocupante","S/D","Faltante","Ninguna","Sin restricción"
2014,4027,12/05/2014,"Lunes",0,08:50:00,,"0.0",2,"Moto/Ciclomotor,Pickup/Utilitario","San Martin ",3,2,0,0,1,0,0,,"Calle",,"ESTACIÓN CLUCELLAS","Castellanos","S/D","S/D","V","S/D","Urbana","S/D","S/D","Intersección","S/D","S/D","S/D","S/D","Lateral","S/D","Colisión","S/D","S/D","S/D","S/D"
2014,4028,10/05/2014,"Sabado",0,15:00:00,,"0.0",1,"Automóvil"," ",1,1,0,0,0,0,0,,"S/D",,"SALADERO CABAL","Garay","Asfalto","Natural","VII","Fuera","Rural","Ninguna","No existe","Recta","Bueno","Buena","Diurna","Buen Tiempo","S/D","S/D","Vuelco","S/D","Faltante","Ninguna","Sin restricción"
2014,4029,09/06/2014,"Lunes",0,17:00:00,,"0.0",2,"Moto/Ciclomotor,Transporte de Pasajeros Larga Distancia (> 8 asientos)","San Juan Y Las Heras",2,0,1,0,1,0,0,,"Calle",,"ROLDÁN","San Lorenzo","Hormigón","No existe","XVII","S/D","Urbana","Ninguna","No existe","Intersección","Bueno","Buena","Diurna","Buen Tiempo","Lateral","S/D","Colisión","S/D","Faltante","Ninguna","Sin restricción"
2014,4030,07/04/2014,"Lunes",0,11:45:00,,"0.0",2,"Pickup/Utilitario,Moto/Ciclomotor","Avda 25 de Mayo Y Pte peron",2,1,0,0,1,0,0,,"Avenida",,"GÁLVEZ","San Jerónimo","Asfalto","S/D","XV","S/D","S/D","Ninguna","S/D","Intersección","Bueno","Buena","Diurna","Buen Tiempo","Lateral","S/D","Colisión","S/D","S/D","Ninguna","Sin restricción"
2014,4031,29/05/2014,"Jueves",0,18:00:00,,"0.0",2,"Moto/Ciclomotor,Automóvil","CALLE 1 470",3,1,1,0,1,0,0,,"Avenida",,"FRONTERA","Castellanos","S/D","S/D","V","Dentro","Urbana","S/D","S/D","Recta","S/D","S/D","Diurna","S/D","Lateral","S/D","Colisión","S/D","S/D","S/D","S/D"
2014,4032,07/05/2014,"Miercoles",0,19:00:00,"Ruta Provincial 1","0.0",2,"Pickup/Utilitario,Otros"," ",3,1,1,0,0,0,1,,"Ruta",1,"HELVECIA","Garay","Asfalto","Natural","VII","S/D","Urbana","Ninguna","S/D","Recta","Bueno","Buena","Nocturna","Buen Tiempo","Otro","S/D","Colisión","S/D","Faltante","Ninguna","Sin restricción"
2014,4033,14/04/2014,"Lunes",0,10:45:00,,"0.0",2,"Moto/Ciclomotor,Pickup/Utilitario","Uruguay Y 24 de Setiembre",2,1,0,0,1,0,0,,"Calle",,"GÁLVEZ","San Jerónimo","Asfalto","S/D","XV","S/D","Urbana","Ninguna","No existe","Intersección","Bueno","Buena","Diurna","Buen Tiempo","Lateral","S/D","Colisión","S/D","S/D","S/D","Sin restricción"
2014,4034,08/05/2014,"Jueves",0,17:45:00,,"0.0",2,"Moto/Ciclomotor,Automóvil","1 de Mayo Y Chacabuco",4,2,0,0,2,0,0,,"Calle",,"ESPERANZA","Las Colonias","Asfalto","No existe","XI","Dentro","Urbana","Ninguna","No existe","Intersección","Bueno","Buena","Diurna","Buen Tiempo","Frontal","S/D","Colisión","S/D","Horizontal,Vertical","Ninguna","Sin restricción"
2014,4035,08/05/2014,"Jueves",0,19:00:00,,"0.0",2,"Moto/Ciclomotor,Pickup/Utilitario","San Martin Y Pueyrredon",3,2,0,0,1,0,0,,"Calle",,"RAFAELA","Castellanos","S/D","No existe","V","S/D","Urbana","S/D","No existe","Intersección","Bueno","Buena","Diurna","Buen Tiempo","Frontal","S/D","Colisión","S/D","S/D","S/D","S/D"
2014,4036,06/05/2014,"Martes",0,19:15:00,,"0.0",2,"Automóvil,Moto/Ciclomotor"," ",3,2,0,0,1,0,0,,"Calle",,"RECONQUISTA","General Obligado","Asfalto","No existe","IX","Dentro","Urbana","Ninguna","No existe","Intersección","Bueno","Buena","Diurna","Buen Tiempo","Frontal","S/D","Colisión","S/D","S/D","Cordón divisorio","Sin restricción"
2014,4037,02/05/2014,"Viernes",0,21:45:00,"Ruta Nacional 9","325.0",2,"Automóvil,Moto/Ciclomotor","Ruta Nacional 9 Y Aconcagua",2,1,0,0,1,0,0,,"Ruta",9,"ROLDÁN","San Lorenzo","Hormigón","Ripio","XVII","S/D","Urbana","Ninguna","No existe","Intersección","Bueno","Buena","Nocturna","Buen Tiempo","Lateral","S/D","Colisión","S/D","Faltante","Ninguna","Sin restricción"
2014,4038,15/05/2014,"Jueves",0,01:30:00,,"0.0",2,"Automóvil,Bicicleta","Monseñor Zaspe Y San Lorenzo",2,1,0,0,1,0,0,"-31.654166666667,-60.719777777778","Calle",,"SANTA FE","La Capital","Asfalto","No existe","I","Dentro","Urbana","Ninguna","S/D","Intersección","Bueno","Buena","Nocturna","Buen Tiempo","S/D","S/D","Atropello","Ninguna","S/D","Ninguna","Sin restricción"
2014,4039,28/05/2014,"Miercoles",0,22:00:00,,"0.0",2,"Moto/Ciclomotor,Moto/Ciclomotor","Calle 9 420",3,1,1,0,1,0,0,,"Calle",,"FRONTERA","Castellanos","S/D","S/D","V","Dentro","Urbana","S/D","S/D","S/D","S/D","S/D","S/D","S/D","S/D","S/D","S/D","S/D","S/D","S/D","S/D"
2014,4040,16/05/2014,"Viernes",0,18:30:00,,"0.0",2,"Moto/Ciclomotor,Otros","Gaboto 406",2,1,0,0,1,0,0,,"Calle",,"MACIEL","San Jerónimo","Asfalto","No existe","XV","S/D","Urbana","Ninguna","No existe","Recta","Bueno","Reducida","Atardecer","Buen Tiempo","Lateral","S/D","Colisión","Ninguna","S/D","S/D","Sin restricción"
2014,4041,09/05/2014,"Viernes",0,12:00:00,,"0.0",2,"Moto/Ciclomotor,Automóvil","E Oliber Y Saavedra",2,1,0,0,1,0,0,,"Calle",,"RAFAELA","Castellanos","Asfalto","S/D","V","S/D","Urbana","S/D","No existe","Intersección","Bueno","Buena","Diurna","Buen Tiempo","Frontal","S/D","Colisión","S/D","S/D","S/D","S/D"
2014,4042,07/05/2014,"Miercoles",0,15:55:00,,"0.0",2,"Moto/Ciclomotor,Otros","R P L Kredder 2945",2,1,0,0,0,0,1,,"Calle",,"ESPERANZA","Las Colonias","Asfalto","No existe","XI","S/D","Urbana","Ninguna","No existe","Recta","Bueno","Buena","Diurna","Buen Tiempo","Frontal","S/D","Colisión","S/D","Horizontal,Vertical","Ninguna","Sin restricción"
2014,4043,14/05/2014,"Miercoles",0,12:00:00,,"0.0",2,"Automóvil,Moto/Ciclomotor","Monseñor Zaspe 3700",2,1,0,0,1,0,0,,"Calle",,"SANTA FE","La Capital","Asfalto","No existe","I","Dentro","Urbana","Ninguna","No existe","Recta","Bueno","Buena","Diurna","Buen Tiempo","S/D","S/D","Colisión","Ninguna","S/D","Ninguna","Sin restricción"
2014,4044,24/04/2014,"Jueves",0,11:10:00,,"0.0",2,"Automóvil,Bicicleta","Sarmiento Y Belgrano",2,1,0,0,1,0,0,,"Calle",,"GÁLVEZ","San Jerónimo","Hormigón","S/D","XV","Dentro","Urbana","Ninguna","No existe","Recta","Bueno","Buena","Diurna","Buen Tiempo","S/D","S/D","Atropello","S/D","Vertical","Ninguna","Sin restricción"
2014,4045,01/05/2014,"Jueves",0,17:15:00,,"0.0",2,"Pickup/Utilitario,Moto/Ciclomotor","Avellaneda Y Liniers",2,1,0,0,1,0,0,,"Calle",,"FRAY LUIS BELTRÁN","San Lorenzo","Hormigón","No existe","XVII","Dentro","Urbana","Ninguna","No existe","Intersección","Bueno","Buena","Diurna","Buen Tiempo","Lateral","S/D","Colisión","Ninguna","Faltante","Ninguna","Sin restricción"
2014,4046,14/05/2014,"Miercoles",0,18:45:00,,"0.0",2,"Automóvil,Moto/Ciclomotor","Simon de Iriondo 4000",4,1,0,0,3,0,0,,"Calle",,"ESPERANZA","Las Colonias","Asfalto","No existe","XI","Dentro","Urbana","Ninguna","No existe","Recta","Bueno","Buena","Atardecer,Con luz artificial","Buen Tiempo","S/D","S/D","Colisión","S/D","Horizontal","Cordón divisorio","Sin restricción"
2014,4047,18/05/2014,"Domingo",0,21:35:00,,"0.0",2,"Moto/Ciclomotor,Pickup/Utilitario","Calle 24 - Olessio Y Calle 17-Bartolome Mitre",2,1,0,0,1,0,0,,"Calle",,"RECONQUISTA","General Obligado","Asfalto","No existe","IX","Dentro","Urbana","S/D","No existe","Intersección","Bueno","Buena","Nocturna,Con luz artificial","Buen Tiempo","Frontal","S/D","Colisión","S/D","Vertical","Ninguna","Sin restricción"
2014,4048,10/05/2014,"Sabado",0,01:30:00,,"0.0",2,"Automóvil,Moto/Ciclomotor","Juan de Garay Y Lisandro de la Torre",2,1,0,0,1,0,0,,"Calle",,"SANTA FE","La Capital","Asfalto","No existe","I","Dentro","Urbana","Ninguna","S/D","Intersección","Bueno","Buena","Nocturna","Buen Tiempo","S/D","S/D","Colisión","Ninguna","S/D","Ninguna","Sin restricción"
2014,4049,15/05/2014,"Jueves",0,17:45:00,,"0.0",2,"Moto/Ciclomotor,Automóvil","Ayacucho Y Av Dr E Salva",2,2,0,0,0,0,0,,"Avenida",,"RAFAELA","Castellanos","Asfalto","S/D","V","S/D","Urbana","S/D","Funciona","Intersección","S/D","Buena","Diurna","Buen Tiempo","Frontal","S/D","Colisión","S/D","S/D","S/D","S/D"