"anio_acci","nro_acci","fecha","desc_dia","fecha_aprox","hora_aprox","desc_ruta","km","cant_participantes","desc_participante","calle_avenida_km","total","heridos_leves","heridos_graves","heridos_gravisimos","ilesos","fallecidos","sin_datos","posicion_XY","desc_tipo_via","desc_ruta_ori","desc_loc","desc_dpto","desc_tipo_calzada","desc_tipo_banquina","desc_unidad_regional","desc_lugar_calzada","desc_zona","desc_prioridad","desc_estado_semaforo","desc_lugar_via","desc_estado_via","desc_estado_visibilidad","desc_luminosidad","desc_estado_clima","desc_tipo_colision","desc_tipo_atropello","desc_tipo_hecho","desc_pres_calzada","desc_senializacion","desc_separacion_via","desc_restriccion"
2014,4050,14/05/2014,"Miercoles",0,11:05:00,,"0.0",2,"Pickup/Utilitario,Moto/Ciclomotor","Capitan Bermudez Y Sarmiento",2,1,0,0,1,0,0,,"S/D",,"GÁLVEZ","San Jerónimo","Asfalto","No existe","XV","Dentro","Urbana","Ninguna","No existe","Intersección","Bueno","Buena","Diurna","Buen Tiempo","Lateral","S/D","Colisión","S/D","S/D","Ninguna","Sin restricción"
2014,4051,08/05/2014,"Jueves",0,08:30:00,,"0.0",2,"Automóvil,Moto/Ciclomotor","Calle 16 Gral Obligado Y Calle 15-Pcio. Diez",2,1,0,0,1,0,0,,"Calle",,"RECONQUISTA","General Obligado","Hormigón","No existe","IX","Dentro","Urbana","Ninguna","No existe","Intersección","Bueno","Buena","Diurna","Buen Tiempo","Frontal","S/D","Colisión","S/D","Horizontal","Cordón divisorio","Sin restricción"
2014,4052,28/05/2014,"Miercoles",0,18:50:00,,"0.0",2,"Peatón,Moto/Ciclomotor","Parana 100",2,0,1,0,1,0,0,,"Calle",,"RAFAELA","Castellanos","Hormigón","S/D","V","Dentro","Urbana","S/D","S/D","Recta","S/D","S/D","Diurna","S/D","S/D","S/D","Atropello","S/D","S/D","S/D","S/D"
2014,4053,10/05/2014,"Sabado",0,19:20:00,,"0.0",2,"Automóvil,Pickup/Utilitario","Av Facundo Zuviria Y Iturraspe",4,1,0,0,3,0,0,,"Avenida",,"SANTA FE","La Capital","Hormigón","No existe","I","Dentro","Urbana","Semáforo","Funciona","Intersección","Bueno","Buena","Atardecer,Con luz artificial","Buen Tiempo","Lateral","S/D","Colisión","Otro","Vertical","Ninguna","Sin restricción"
2014,4054,16/05/2014,"Viernes",0,18:45:00,"Ruta Provincial 70","0.0",2,"Automóvil,Moto/Ciclomotor"," ",6,0,0,0,0,0,6,,"Ruta",70,"ESPERANZA","Las Colonias","Asfalto","No existe","XI","S/D","Urbana","Ninguna","No existe","Recta","Bueno","Buena","Atardecer","Buen Tiempo","Lateral","S/D","Colisión","S/D","Vertical","Cordón divisorio","Sin restricción"
2014,4055,15/05/2014,"Jueves",0,11:30:00,,"0.0",2,"Moto/Ciclomotor,Automóvil","Bartolome Podio Y Av Luis Fanti",3,0,1,0,2,0,0,,"Avenida",,"RAFAELA","Castellanos","Hormigón","S/D","V","S/D","Urbana","S/D","No existe","Intersección","Bueno","Buena","Diurna","Buen Tiempo","Frontal","S/D","Colisión","S/D","S/D","S/D","S/D"
2014,4056,03/05/2014,"Sabado",0,19:15:00,,"0.0",2,"Taxi/Remis,Automóvil","General Richieri Y Av San Martin",2,1,0,0,1,0,0,,"Calle",,"FRAY LUIS BELTRÁN","San Lorenzo","Asfalto","Ripio","XVII","S/D","Urbana","Ninguna","Funciona","Intersección","Bueno","Buena","Atardecer","Buen Tiempo","Lateral","S/D","Colisión","Ninguna","Vertical","Ninguna","Sin restricción"
2014,4057,27/05/2014,"Martes",0,12:30:00,,"0.0",2,"Moto/Ciclomotor,Camión","Bv Pte Roca Y Suipacha Av",2,1,0,0,1,0,0,,"Avenida",,"RAFAELA","Castellanos","S/D","No existe","V","S/D","Urbana","S/D","Funciona","Intersección","Bueno","Buena","Diurna","Buen Tiempo","Frontal","S/D","Colisión","S/D","S/D","S/D","S/D"
2014,4058,26/05/2014,"Lunes",0,07:55:00,,"0.0",2,"Moto/Ciclomotor,Automóvil","José Pedroni Y Santa Fe Bis",2,1,0,0,1,0,0,,"Calle",,"GÁLVEZ","San Jerónimo","Asfalto","No existe","XV","Dentro","Urbana","Ninguna","No existe","Intersección","Bueno","Buena","Diurna","Buen Tiempo","Lateral","S/D","Colisión","S/D","S/D","Ninguna","Sin restricción"
2014,4059,15/05/2014,"Jueves",0,14:20:00,"Ruta Nacional 34","197.0",1,"Automóvil"," ",3,2,0,0,1,0,0,,"Ruta",34,"ANGÉLICA","Castellanos","Hormigón","Natural","V","S/D","Rural","S/D","S/D","Recta","S/D","Buena","Diurna","Buen Tiempo","S/D","S/D","Vuelco","S/D","S/D","S/D","S/D"
2014,4060,16/05/2014,"Viernes",0,23:20:00,,"0.0",2,"Moto/Ciclomotor,Automóvil","Calle 47-Islas Malvinas ",3,1,1,0,1,0,0,,"Calle",,"RECONQUISTA","General Obligado","Asfalto","No existe","IX","Dentro","Urbana","Ninguna","No existe","Recta","Bueno","Buena","Nocturna,Con luz artificial","Buen Tiempo","Frontal","S/D","Colisión","Otro","Horizontal,Vertical","Línea divisoria pintada","Sin restricción"
2014,4061,05/05/2014,"Lunes",0,15:10:00,,"0.0",2,"Automóvil,Moto/Ciclomotor","Pte Peron Y Sarmiento",2,1,0,0,1,0,0,,"Calle",,"FRAY LUIS BELTRÁN","San Lorenzo","Asfalto","No existe","XVII","Dentro","Urbana","Ninguna","No existe","Intersección","Bueno","Buena","Diurna","Buen Tiempo","Lateral","S/D","Colisión","Ninguna","S/D","Ninguna","Sin restricción"
2014,4062,27/05/2014,"Martes",0,19:30:00,,"0.0",2,"Moto/Ciclomotor,Automóvil","F Ameghino Y Mitre Bartolome",2,1,0,0,1,0,0,,"Calle",,"SUNCHALES","Castellanos","S/D","S/D","V","S/D","Urbana","S/D","S/D","Intersección","S/D","Buena","Diurna","Buen Tiempo","Frontal","S/D","Colisión","S/D","S/D","S/D","S/D"
2014,4063,26/05/2014,"Lunes",0,22:00:00,,"0.0",2,"Moto/Ciclomotor,Otros","Juan de Garay Y Av Mosconi",2,1,0,0,1,0,0,,"Calle",,"SANTA FE","La Capital","Asfalto","No existe","I","Dentro","Urbana","Ninguna","No existe","Intersección","Bueno","Buena","Nocturna","Buen Tiempo","Otro","S/D","Colisión","Ninguna","S/D","Ninguna","Sin restricción"
2014,4064,16/05/2014,"Viernes",0,12:30:00,,"0.0",2,"Moto/Ciclomotor,Pickup/Utilitario","Tucuman Y San Martin",4,1,0,0,3,0,0,,"Calle",,"SUNCHALES","Castellanos","S/D","S/D","V","S/D","Urbana","S/D","S/D","S/D","S/D","Buena","Diurna","Buen Tiempo","Frontal","S/D","Colisión","S/D","S/D","S/D","S/D"
2014,4065,20/05/2014,"Martes",0,12:10:00,,"0.0",2,"Automóvil,Bicicleta","Av Los Colonizadores Y Rivadavia",3,1,0,0,2,0,0,,"Avenida",,"ESPERANZA","Las Colonias","Asfalto","No existe","XI","Dentro","Urbana","Ninguna","No existe","Intersección","Bueno","Buena","Diurna","Buen Tiempo","S/D","S/D","Atropello","S/D","Horizontal","Cordón divisorio","Sin restricción"
2014,4066,09/05/2014,"Viernes",0,07:15:00,"Ruta Nacional 11","0.0",2,"Moto/Ciclomotor,Peatón","Av San Martin Y Pte Peron",2,1,0,0,1,0,0,,"Ruta",11,"FRAY LUIS BELTRÁN","San Lorenzo","Asfalto","Ripio","XVII","S/D","Urbana","Ninguna","No existe","Intersección","Bueno","Buena","Amanecer","Niebla","Lateral","S/D","Atropello","Ninguna","S/D","Ninguna","Sin restricción"
2014,4067,26/05/2014,"Lunes",0,12:15:00,,"0.0",2,"Moto/Ciclomotor,Automóvil","1ro de Mayo Y Av Roque Saenz Pe±a",3,1,0,0,2,0,0,,"Avenida",,"RAFAELA","Castellanos","S/D","No existe","V","S/D","Urbana","S/D","No existe","Intersección","S/D","Buena","Diurna","Buen Tiempo","Frontal","S/D","Colisión","S/D","S/D","S/D","S/D"
2014,4068,08/05/2014,"Jueves",0,10:25:00,,"0.0",2,"Pickup/Utilitario,Moto/Ciclomotor","Calle 13-Iturraspe Y Calle 30-Lucas Funes",2,1,0,0,1,0,0,,"Calle",,"RECONQUISTA","General Obligado","Hormigón","No existe","IX","Dentro","Urbana","Ninguna","No existe","Intersección","Bueno","Buena","Diurna","Buen Tiempo","Frontal","S/D","Colisión","S/D","Horizontal","Ninguna","Sin restricción"
2014,4069,25/05/2014,"Domingo",0,01:55:00,"Ruta Nacional 11","540.0",2,"Automóvil,Camión"," ",2,1,0,0,1,0,0,,"Ruta",11,"VIDELA","San Justo","Asfalto","Natural","XVI","Dentro","Rural","Ninguna","No existe","Recta","Bueno","Buena","Nocturna","Buen Tiempo","De alcance","S/D","Colisión","S/D","Faltante","Ninguna","Sin restricción"
2014,4070,20/05/2014,"Martes",0,17:00:00,,"0.0",2,"Pickup/Utilitario,Bicicleta","Berutti Y Bartolome Mitre",3,1,0,0,2,0,0,,"Calle",,"ESPERANZA","Las Colonias","Asfalto","No existe","XI","Dentro","Urbana","Ninguna","No existe","Intersección","Bueno","Buena","Diurna","Buen Tiempo","S/D","S/D","Atropello","S/D","Faltante","Ninguna","Sin restricción"
2014,4071,14/05/2014,"Miercoles",0,19:10:00,,"0.0",2,"Peatón,Automóvil","Calle 24 - Olessio Y Calle 15-Patricio Diez",2,1,0,0,1,0,0,,"Calle",,"RECONQUISTA","General Obligado","Asfalto","No existe","IX","Dentro","Urbana","Ninguna","Funciona","Recta","Bueno","Buena","Diurna","Buen Tiempo","S/D","S/D","Atropello","S/D","Horizontal","Ninguna","Sin restricción"
2014,4072,19/05/2014,"Lunes",0,19:20:00,,"0.0",2,"Automóvil,Automóvil","Av San Martin Y General Richieri",2,1,0,0,1,0,0,,"S/D",,"FRAY LUIS BELTRÁN","San Lorenzo","Asfalto","Ripio","XVII","Dentro","Urbana","Semáforo","Funciona","Recta","Bueno","Buena","Nocturna","Buen Tiempo","Frontal","S/D","Colisión","Ninguna","Vertical","Ninguna","Sin restricción"
2014,4073,16/05/2014,"Viernes",0,,,"0.0",2,"Camión,Moto/Ciclomotor","Brown Y Malvinas Argentinas",2,1,0,0,1,0,0,,"Calle",,"CARCARAÑÁ","San Lorenzo","Ripio","S/D","XVII","Dentro","Urbana","S/D","S/D","Intersección","Con baches","S/D","S/D","S/D","S/D","S/D","S/D","Agua","S/D","S/D","S/D"
2014,4074,23/05/2014,"Viernes",0,12:40:00,"Ruta Nacional 11","0.0",2,"Moto/Ciclomotor,Pickup/Utilitario","Av San Martin Y Guido Spano",2,0,1,0,1,0,0,,"Ruta",11,"FRAY LUIS BELTRÁN","San Lorenzo","Asfalto","Ripio","XVII","Dentro","Urbana","Semáforo","Funciona","Intersección","Bueno","Buena","Diurna","Buen Tiempo","Frontal","S/D","Colisión","Ninguna","Horizontal","Ninguna","Sin restricción"
2014,4075,01/05/2014,"Jueves",0,19:15:00,,"0.0",2,"Moto/Ciclomotor,Moto/Ciclomotor","Almonacid Y Chiclana",2,2,0,0,0,0,0,,"Calle",,"SANTA FE","La Capital","Ripio","No existe","I","S/D","Urbana","Ninguna","No existe","Intersección","Bueno","Reducida","Nocturna","Buen Tiempo","Frontal","S/D","Colisión","Ninguna","Faltante","Ninguna","Sin restricción"
2014,4076,17/05/2014,"Sabado",0,00:00:00,,"0.0",2,"Moto/Ciclomotor,Automóvil"," ",2,0,1,0,1,0,0,,"Avenida",,"RAFAELA","Castellanos","Hormigón","S/D","V","S/D","Urbana","S/D","S/D","Intersección","S/D","S/D","Nocturna","S/D","Lateral","S/D","Colisión","S/D","S/D","S/D","S/D"
2014,4077,23/05/2014,"Viernes",0,18:30:00,,"0.0",2,"Automóvil,Moto/Ciclomotor","Gral Paz Y R V Pairo",2,0,1,0,1,0,0,,"Calle",,"CAPITÁN BERMÚDEZ","San Lorenzo","Asfalto","No existe","XVII","Dentro","Urbana","Ninguna","No existe","Intersección","Bueno","Buena","Diurna","Buen Tiempo","Lateral","S/D","Colisión","Ninguna","Faltante","Ninguna","Sin restricción"
2014,4078,27/04/2014,"Domingo",0,19:35:00,"Ruta Provincial 65","43.0",2,"Moto/Ciclomotor,Pickup/Utilitario"," ",2,0,1,0,1,0,0,,"Ruta",65,"SAN GENARO","San Jerónimo","Asfalto","Pavimento","XV","Dentro","Rural","Señal Pare","No existe","Recta","Bueno","Reducida","Nocturna","Buen Tiempo","Lateral","S/D","Colisión","Ninguna","Horizontal","Línea divisoria pintada","Sin restricción"
2014,4079,25/05/2014,"Domingo",0,17:15:00,"Ruta Nacional 11","0.0",2,"Moto/Ciclomotor,Automóvil","Santa Fe Y Av San Martin",2,1,0,0,1,0,0,,"Ruta",11,"FRAY LUIS BELTRÁN","San Lorenzo","Asfalto","Ripio","XVII","Dentro","Urbana","Ninguna","No existe","Intersección","Bueno","Buena","Diurna","Buen Tiempo","Frontal","S/D","Colisión","Ninguna","S/D","Ninguna","Sin restricción"
2014,4080,26/05/2014,"Lunes",0,13:30:00,,"0.0",1,"Moto/Ciclomotor","Alvear Y San Martin",1,1,0,0,0,0,0,,"Calle",,"RAFAELA","Castellanos","Asfalto","No existe","V","Dentro","Urbana","S/D","No existe","Intersección","Bueno","Buena","Diurna","Buen Tiempo","S/D","S/D","Caída ocupante","S/D","S/D","S/D","S/D"
2014,4081,20/05/2014,"Martes",0,11:00:00,"Ruta Provincial 70","19.5",1,"Moto/Ciclomotor"," ",1,1,0,0,0,0,0,,"Ruta",70,"ESPERANZA","Las Colonias","Asfalto","Natural","XI","S/D","Urbana","Ninguna","No existe","Recta","Bueno","Buena","Diurna","Buen Tiempo","Atropello animal","S/D","Colisión","S/D","Faltante","Ninguna","Sin restricción"
2014,4082,17/05/2014,"Sabado",0,12:35:00,,"0.0",2,"Moto/Ciclomotor,Pickup/Utilitario","Estanislao del Campo Y Mayor M P Lotufo",3,2,0,0,1,0,0,,"Calle",,"RAFAELA","Castellanos","Hormigón","S/D","V","Dentro","Urbana","S/D","S/D","Intersección","S/D","S/D","Diurna","S/D","Lateral","S/D","Colisión","S/D","S/D","S/D","S/D"
2014,4083,02/05/2014,"Viernes",0,23:25:00,,"0.0",2,"Peatón,Moto/Ciclomotor","Av San Lorenzo Y Santa fe",2,2,0,0,0,0,0,,"Avenida",,"CAPITÁN BERMÚDEZ","San Lorenzo","Asfalto","Pavimento","XVII","Dentro","Urbana","Semáforo","Funciona","Intersección","Bueno","Buena","Con luz artificial","Buen Tiempo","S/D","S/D","Atropello","Ninguna","Vertical","Línea divisoria pintada","Sin restricción"
2014,4084,21/05/2014,"Miercoles",0,18:50:00,,"0.0",3,"Bicicleta,Bicicleta,Automóvil","Calle 94 Hno Lino Terford ",3,1,0,0,2,0,0,,"Calle",,"ESPERANZA","Las Colonias","Asfalto","No existe","XI","Dentro","Urbana","Ninguna","S/D","Intersección","Bueno","Buena","Nocturna","Buen Tiempo","S/D","S/D","Atropello","S/D","Horizontal,Vertical","Ninguna","S/D"
2014,4085,09/04/2014,"Miercoles",0,18:30:00,,"0.0",2,"Automóvil,Automóvil","Bme Mitre Y Rivadavia",3,1,0,0,2,0,0,,"Calle",,"GÁLVEZ","San Jerónimo","Asfalto","S/D","XV","Dentro","Urbana","Ninguna","No existe","Intersección","Bueno","Buena","Diurna","Buen Tiempo","Lateral","S/D","Colisión","S/D","S/D","Ninguna","Sin restricción"
2014,4086,25/05/2014,"Domingo",0,17:30:00,"Ruta Secundaria 67-s","0.0",1,"Moto/Ciclomotor","RUTA PROVINCIAL N&#186; 67 ",2,2,0,0,0,0,0,,"Ruta","67-s","VILLA SAN JOSE","Castellanos","Asfalto","S/D","V","S/D","Rural","S/D","S/D","Recta","S/D","Buena","Diurna","S/D","S/D","S/D","Caída ocupante,Colisión","S/D","S/D","S/D","S/D"
2014,4087,15/05/2014,"Jueves",0,08:30:00,,"0.0",2,"Bicicleta,Automóvil","General Paz Y Triunvirato",2,0,1,0,1,0,0,,"Calle",,"RAFAELA","Castellanos","Hormigón","S/D","V","Dentro","Urbana","S/D","S/D","Intersección","S/D","S/D","S/D","S/D","S/D","S/D","Atropello","S/D","S/D","S/D","S/D"
2014,4088,20/05/2014,"Martes",0,06:10:00,"Ruta Nacional 11","0.0",2,"Automóvil,Moto/Ciclomotor","Av San Martin Y Limite Imaginario",2,1,0,0,1,0,0,,"Ruta",11,"FRAY LUIS BELTRÁN","San Lorenzo","Asfalto","Ripio","XVII","Dentro","Urbana","Ninguna","No existe","Intersección","Bueno","Buena","Nocturna","Buen Tiempo","Frontal","S/D","Colisión","Agua","S/D","Ninguna","Sin restricción"
2014,4089,18/05/2014,"Domingo",0,17:00:00,,"0.0",2,"Moto/Ciclomotor,Moto/Ciclomotor","Florencio Fernandez 4900",4,4,0,0,0,0,0,,"Calle",,"SANTA FE","La Capital","Asfalto","Natural","I","Dentro","Urbana","Ninguna","No existe","Recta","Con baches","Buena","Diurna","Buen Tiempo","Lateral","S/D","Colisión","Ninguna","Faltante","Ninguna","Sin restricción"
2014,4090,25/05/2014,"Domingo",0,20:10:00,,"0.0",1,"Moto/Ciclomotor","Calle 54 Y Calle 5",3,2,0,0,1,0,0,,"Calle",,"FRONTERA","Castellanos","S/D","S/D","V","S/D","Urbana","S/D","S/D","Intersección","S/D","Buena","Atardecer,Con luz artificial","S/D","S/D","S/D","Colisión","S/D","S/D","S/D","S/D"
2014,4091,26/05/2014,"Lunes",0,18:40:00,,"0.0",2,"Pickup/Utilitario,Moto/Ciclomotor"," ",2,1,0,0,1,0,0,,"Calle",,"ESPERANZA","Las Colonias","Asfalto","No existe","XI","Dentro","Urbana","Ninguna","No existe","Intersección","Bueno","Buena","Atardecer,Con luz artificial","Buen Tiempo","S/D","S/D","Colisión","S/D","S/D","Cordón divisorio","Sin restricción"
2014,4092,23/05/2014,"Viernes",0,00:30:00,"Ruta Nacional 11","0.0",2,"Pickup/Utilitario,Moto/Ciclomotor","Av San Martin Y Guido Spano",2,1,0,0,1,0,0,,"Ruta",11,"FRAY LUIS BELTRÁN","San Lorenzo","Asfalto","Ripio","XVII","Dentro","Urbana","Semáforo","Funciona","Intersección","Bueno","Reducida","Nocturna,Con luz artificial","Niebla","Frontal","S/D","Colisión","Agua","S/D","Ninguna","Sin restricción"
2014,4093,03/05/2014,"Sabado",0,20:40:00,,"0.0",2,"Automóvil,Moto/Ciclomotor","C Escalada Y Av San Lorenzo",2,1,0,0,1,0,0,,"Avenida",,"CAPITÁN BERMÚDEZ","San Lorenzo","Asfalto","Pavimento","XVII","Dentro","Urbana","Semáforo","Funciona","Intersección","Bueno","Buena","Atardecer,Con luz artificial","Buen Tiempo","Lateral","S/D","Colisión","Ninguna","Vertical","Línea divisoria pintada","Sin restricción"
2014,4094,17/05/2014,"Sabado",0,22:00:00,"Ruta Provincial 39","0.0",1,"Pickup/Utilitario"," ",3,1,0,0,2,0,0,,"Ruta",39,"ARRUFÓ","San Cristóbal","Asfalto","Natural","XIII","Dentro","Rural","Ninguna","No existe","Recta","Bueno","Reducida","Nocturna","Buen Tiempo","Atropello animal","S/D","S/D","Otro","Faltante","S/D","Sin restricción"
2014,4095,25/05/2014,"Domingo",0,17:30:00,,"0.0",2,"Moto/Ciclomotor,Automóvil","Rivadavia Y Monteaguado",2,1,0,0,1,0,0,,"Calle",,"RAFAELA","Castellanos","Asfalto","S/D","V","S/D","Urbana","S/D","S/D","Intersección","S/D","Buena","Diurna","S/D","S/D","S/D","Colisión","S/D","S/D","S/D","S/D"
2014,4097,27/05/2014,"Martes",0,20:50:00,"Ruta Nacional 11","0.0",2,"Moto/Ciclomotor,Moto/Ciclomotor"," ",3,0,3,0,0,0,0,,"Ruta",11,"RECREO","La Capital","Asfalto","Ripio","I","S/D","Urbana","Ninguna","No existe","Intersección","Bueno","Buena","Nocturna","Buen Tiempo","S/D","S/D","Colisión","Ninguna","Horizontal","Cordón divisorio","Sin restricción"
2014,4098,28/05/2014,"Miercoles",0,17:15:00,,"0.0",1,"Automóvil","Pje Publico 4520",2,1,0,0,1,0,0,,"Calle",,"SANTA FE","La Capital","Asfalto","No existe","I","S/D","Urbana","Ninguna","No existe","Recta","Bueno","Buena","Diurna","Buen Tiempo","S/D","S/D","Vuelco","Ninguna","Faltante","Ninguna","Sin restricción"
2014,4099,10/05/2014,"Sabado",0,05:00:00,"Ruta Nacional 11","341.0",2,"Camión,Automóvil","Ruta Nac 11 ",3,1,0,0,2,0,0,,"Ruta",11,"TIMBÚES","San Lorenzo","Asfalto","S/D","XVII","S/D","Urbana","Ninguna","S/D","Recta","Deteriorada","S/D","Nocturna","Niebla","Lateral","S/D","Colisión","Ninguna","Vertical","Línea divisoria pintada","Sin restricción"
2014,4100,17/05/2014,"Sabado",0,20:10:00,,"0.0",1,"Moto/Ciclomotor","Av Blas Parera ",1,1,0,0,0,0,0,,"Calle",,"CERES","San Cristóbal","Asfalto","S/D","XIII","S/D","Urbana","Ninguna","S/D","Intersección","Bueno","Buena","Nocturna","Buen Tiempo","Otro","S/D","Despiste","S/D","Faltante","Cordón divisorio","Sin restricción"
2014,4101,25/05/2014,"Domingo",0,11:20:00,"Ruta Provincial 1","4.0",2,"Automóvil,Moto/Ciclomotor"," ",3,2,1,0,0,0,0,,"Ruta",1,"RINCÓN POTRERO","La Capital","Asfalto","Natural","I","Dentro","Urbana","Ninguna","No existe","Recta","Bueno","Buena","Diurna","Buen Tiempo","De alcance","S/D","Colisión","Ninguna","Horizontal","Línea divisoria pintada","Sin restricción"
2014,4102,21/05/2014,"Miercoles",0,02:00:00,,"0.0",1,"Moto/Ciclomotor","Simon de Iriondo 4250",1,1,0,0,0,0,0,,"Calle",,"ESPERANZA","Las Colonias","Asfalto","No existe","XI","Dentro","Urbana","Ninguna","No existe","Recta","Bueno","Reducida","Nocturna","S/D","Contra objeto fijo","S/D","Colisión","S/D","S/D","Ninguna","Sin restricción"
2014,4103,19/05/2014,"Lunes",0,20:00:00,,"0.0",3,"Moto/Ciclomotor,Automóvil,Pickup/Utilitario","Estanislao Zeballos Y San Jeronimo",3,1,0,0,2,0,0,,"Calle",,"SANTA FE","La Capital","Hormigón","No existe","I","Dentro","Urbana","Ninguna","No existe","Intersección","Bueno","Buena","Nocturna,Con luz artificial","Buen Tiempo","Lateral","S/D","Colisión","Otro","S/D","Ninguna","Sin restricción"
2014,4104,27/05/2014,"Martes",0,21:00:00,,"0.0",2,"Moto/Ciclomotor,Bicicleta","Rivadavia Y San Lorenzo",2,2,0,0,0,0,0,,"Calle",,"SAN CARLOS CENTRO","Las Colonias","S/D","S/D","XI","Dentro","Urbana","S/D","S/D","Intersección","S/D","S/D","Nocturna","S/D","Lateral","S/D","Colisión","S/D","S/D","S/D","S/D"
2014,4105,24/05/2014,"Sabado",0,03:00:00,,"0.0",1,"Moto/Ciclomotor","Avenida Vicente Casares Y Victoria",2,2,0,0,0,0,0,,"Avenida",,"CERES","San Cristóbal","Asfalto","No existe","XIII","Dentro","Urbana","S/D","No existe","Recta","Bueno","Buena","Nocturna,Con luz artificial","Buen Tiempo","Contra objeto fijo","S/D","Colisión","S/D","S/D","Ninguna","Sin restricción"
2014,4106,25/05/2014,"Domingo",0,17:15:00,,"0.0",2,"Automóvil,Moto/Ciclomotor","TESSAURE Y 25 DE MAYO",2,1,0,0,1,0,0,,"Calle",,"SAN JERÓNIMO DEL SAUCE","Las Colonias","S/D","S/D","XI","S/D","Urbana","S/D","S/D","Intersección","S/D","S/D","Diurna","S/D","Lateral","S/D","Colisión","S/D","S/D","S/D","S/D"
2014,4107,04/05/2014,"Domingo",0,20:15:00,,"0.0",1,"Automóvil","ZONA URBANA CULULU ",2,1,0,0,1,0,0,,"S/D",,"PROGRESO","Las Colonias","S/D","Natural","XI","Dentro","Rural","S/D","No existe","Recta","S/D","S/D","Nocturna","S/D","S/D","S/D","Vuelco","S/D","S/D","S/D","S/D"
2014,4108,12/05/2014,"Lunes",0,19:00:00,,"0.0",2,"Moto/Ciclomotor,Moto/Ciclomotor","AUTOVIA 19 Y SAN JERONIMO",2,1,1,0,0,0,0,,"S/D",,"SAN JERÓNIMO DEL SAUCE","Las Colonias","S/D","S/D","XI","S/D","Rural","S/D","S/D","Recta","S/D","S/D","Atardecer","S/D","De alcance","S/D","Colisión","S/D","S/D","S/D","S/D"
2014,4109,16/05/2014,"Viernes",0,19:30:00,,"0.0",2,"Peatón,Moto/Ciclomotor","Saavedra 20",3,0,1,0,2,0,0,,"Calle",,"RAFAELA","Castellanos","S/D","S/D","V","Dentro","Urbana","S/D","S/D","Recta","S/D","S/D","Atardecer","S/D","S/D","S/D","Atropello","S/D","S/D","S/D","S/D"
2014,4110,17/05/2014,"Sabado",0,01:30:00,,"0.0",2,"Moto/Ciclomotor,Pickup/Utilitario","B I Iturraspe Y Colectora De Las Casas",2,1,0,0,1,0,0,,"Calle",,"RAFAELA","Castellanos","Hormigón","S/D","V","Dentro","Urbana","S/D","S/D","Intersección","S/D","S/D","Nocturna","S/D","Lateral","S/D","Colisión","S/D","S/D","S/D","S/D"
2014,4111,25/05/2014,"Domingo",0,12:45:00,,"0.0",2,"Moto/Ciclomotor,Automóvil","Bv Santa Fe Y Pueyrredon",2,1,0,0,1,0,0,,"Avenida",,"RAFAELA","Castellanos","Asfalto","S/D","V","Dentro","Urbana","S/D","S/D","Intersección","Bueno","Buena","Diurna","S/D","S/D","S/D","Colisión","S/D","S/D","S/D","S/D"
2014,4112,20/05/2014,"Martes",0,16:30:00,,"0.0",2,"Bicicleta,Automóvil","Balcarce Y B I Iturraspe",2,1,0,0,1,0,0,,"Calle",,"RAFAELA","Castellanos","Asfalto","S/D","V","S/D","Urbana","S/D","S/D","Intersección","Resbaladiza","Buena","Diurna","Lluvia","S/D","S/D","Atropello","Agua","S/D","S/D","S/D"
2014,4113,19/05/2014,"Lunes",0,18:05:00,,"0.0",2,"Moto/Ciclomotor,Automóvil","J B Justo Y Ruta 2",2,2,0,0,0,0,0,,"S/D",,"SAN CRISTÓBAL","San Cristóbal","Asfalto","Ripio","XIII","S/D","S/D","Ninguna","No existe","Intersección","Bueno","Buena","Diurna","Buen Tiempo","De alcance","S/D","Colisión","S/D","Faltante","Ninguna","Sin restricción"
2014,4114,20/05/2014,"Martes",0,17:30:00,,"0.0",2,"Moto/Ciclomotor,Moto/Ciclomotor","J Galvez Y E Galassi",2,1,0,0,0,0,1,,"Calle",,"RAFAELA","Castellanos","Asfalto","S/D","V","S/D","Urbana","S/D","S/D","Intersección","Resbaladiza","S/D","Diurna","Lluvia","Frontal","S/D","Colisión","Agua","S/D","S/D","S/D"
2014,4115,19/05/2014,"Lunes",0,20:30:00,,"0.0",2,"Automóvil,Moto/Ciclomotor","Alberdi 450",2,1,0,0,1,0,0,,"Calle",,"SAN CRISTÓBAL","San Cristóbal","Asfalto","Pavimento","XIII","S/D","Urbana","Ninguna","No existe","Recta","Bueno","Reducida","Nocturna","Lluvia","Lateral","S/D","Caída ocupante","Agua","Faltante","Ninguna","Sin restricción"
2014,4116,22/05/2014,"Jueves",0,12:50:00,,"0.0",2,"Automóvil,Automóvil","Juan D Peron Y Ituzaingo",4,3,0,0,1,0,0,,"Calle",,"SAN CRISTÓBAL","San Cristóbal","Asfalto","Pavimento","XIII","S/D","Urbana","Ninguna","No existe","Intersección","Bueno","Buena","Diurna","Buen Tiempo","De alcance","S/D","Colisión","S/D","Faltante","Ninguna","Sin restricción"