"anio_acci","nro_acci","fecha","desc_dia","fecha_aprox","hora_aprox","desc_ruta","km","cant_participantes","desc_participante","calle_avenida_km","total","heridos_leves","heridos_graves","heridos_gravisimos","ilesos","fallecidos","sin_datos","posicion_XY","desc_tipo_via","desc_ruta_ori","desc_loc","desc_dpto","desc_tipo_calzada","desc_tipo_banquina","desc_unidad_regional","desc_lugar_calzada","desc_zona","desc_prioridad","desc_estado_semaforo","desc_lugar_via","desc_estado_via","desc_estado_visibilidad","desc_luminosidad","desc_estado_clima","desc_tipo_colision","desc_tipo_atropello","desc_tipo_hecho","desc_pres_calzada","desc_senializacion","desc_separacion_via","desc_restriccion"
2014,4117,25/05/2014,"Domingo",0,03:45:00,,"0.0",2,"Moto/Ciclomotor,Automóvil","Avenida de Mayo Y Delfor del Valle",3,2,0,0,1,0,0,,"Avenida",,"CERES","San Cristóbal","Asfalto","No existe","XIII","Dentro","Urbana","S/D","No existe","Intersección","Bueno","Buena","Nocturna,Con luz artificial","Buen Tiempo","Lateral","S/D","Colisión","S/D","Faltante","Ninguna","S/D"
2014,4118,28/05/2014,"Miercoles",0,12:15:00,,"0.0",2,"Pickup/Utilitario,Moto/Ciclomotor","Avenida J D Peron Grl Pres Y Suipacha",2,1,0,0,1,0,0,,"Avenida",,"CERES","San Cristóbal","Asfalto","No existe","XIII","Dentro","Urbana","Ninguna","No existe","Intersección","Bueno","Buena","Diurna","Buen Tiempo","Lateral","S/D","Colisión","S/D","Faltante","Cordón divisorio,Línea divisoria pintada","Sin restricción"
2014,4119,02/05/2014,"Viernes",0,22:20:00,,"0.0",1,"Moto/Ciclomotor","CAMINO RURAL ",1,1,0,0,0,0,0,,"Camino Rural",,"COLONIA ROSA","San Cristóbal","Tierra","No existe","XIII","Dentro","Rural","Ninguna","No existe","Recta","Deteriorada,Ahuellamiento","Buena","Nocturna","Buen Tiempo","S/D","S/D","Caída ocupante","Material Suelto","Faltante","Ninguna","Sin restricción"
2014,4120,28/04/2014,"Lunes",0,12:40:00,,"0.0",1,"Moto/Ciclomotor","Av Juan de Garay ",1,1,0,0,0,0,0,,"Avenida",,"HERSILIA","San Cristóbal","Tierra","Natural","XIII","Dentro","Rural","Ninguna","No existe","Recta","Deteriorada","Buena","Diurna","Buen Tiempo","S/D","S/D","Caída ocupante","S/D","Faltante","Ninguna","Sin restricción"
2014,4121,01/05/2014,"Jueves",0,18:30:00,"Ruta Nacional 11","420.0",2,"Bicicleta,Moto/Ciclomotor"," ",3,0,3,0,0,0,0,,"Ruta",11,"CORONDA","San Jerónimo","Asfalto","Natural","XV","Dentro","Rural","Ninguna","No existe","Recta","Bueno","Buena","Atardecer","Buen Tiempo","S/D","S/D","Atropello","S/D","Faltante","Ninguna","S/D"
2014,4122,08/05/2014,"Jueves",0,15:00:00,,"0.0",2,"Moto/Ciclomotor,Automóvil","Hipolito Irigoyen Y Frutos",3,2,0,0,0,0,1,,"Calle",,"SANTO TOMÉ","La Capital","Asfalto","No existe","I","S/D","Urbana","Ninguna","No existe","Intersección","Bueno","Buena","Diurna","Buen Tiempo","Lateral","S/D","Colisión","S/D","Horizontal","Línea divisoria pintada","Sin restricción"
2014,4123,16/05/2014,"Viernes",0,12:30:00,,"0.0",2,"Moto/Ciclomotor,Pickup/Utilitario","Tucuman Y San Martin",4,2,0,0,2,0,0,,"Calle",,"SUNCHALES","Castellanos","S/D","S/D","V","Dentro","Urbana","S/D","S/D","Intersección","S/D","S/D","Diurna","S/D","Lateral","S/D","Colisión","S/D","S/D","S/D","S/D"
2014,4125,09/05/2014,"Viernes",0,14:20:00,,"0.0",2,"Moto/Ciclomotor,Automóvil","Salta Y Oroño",2,1,0,0,1,0,0,,"Calle",,"SAN CRISTÓBAL","San Cristóbal","Asfalto","Ripio","XIII","Dentro","Urbana","Ninguna","No existe","Intersección","Bueno","Buena","Diurna","Buen Tiempo","De alcance","S/D","Colisión","S/D","Faltante","Ninguna","Sin restricción"
2014,4126,13/05/2014,"Martes",0,13:50:00,,"0.0",2,"Moto/Ciclomotor,Pickup/Utilitario","Suipacha Y Avenida J D Peron Grl Pres",2,1,0,0,1,0,0,,"Avenida",,"CERES","San Cristóbal","Asfalto","No existe","XIII","Dentro","Urbana","S/D","No existe","Intersección","Bueno","Buena","Diurna","Buen Tiempo","Frontal","S/D","Colisión","S/D","S/D","Cordón divisorio","Sin restricción"
2014,4127,18/05/2014,"Domingo",0,20:15:00,"Ruta Nacional 34","270.0",2,"Moto/Ciclomotor,Pickup/Utilitario","Ruta Nacional 34 ",2,0,1,0,1,0,0,,"Ruta",34,"SUNCHALES","Castellanos","Asfalto","S/D","V","S/D","Rural","S/D","S/D","Recta","Bueno","Buena","Nocturna,Con luz artificial","S/D","S/D","S/D","Colisión","S/D","S/D","S/D","S/D"
2014,4128,30/05/2014,"Viernes",0,04:50:00,,"0.0",2,"Moto/Ciclomotor,Automóvil","Vicente Lopez y Planes Y Avenida Nuestra Señora del Luj",2,1,0,0,1,0,0,,"Calle",,"SANTO TOMÉ","La Capital","Asfalto","No existe","I","S/D","Urbana","Ninguna","Intermitente","Intersección","Bueno","Buena","Nocturna,Con luz artificial","Buen Tiempo","Lateral","S/D","Colisión","S/D","Horizontal","Línea divisoria pintada","Sin restricción"
2014,4129,13/05/2014,"Martes",0,20:15:00,"Autovía Nacional 19","0.0",3,"Moto/Ciclomotor,Automóvil,Automóvil"," ",3,0,1,0,2,0,0,,"Autovía",19,"FRANCK","Las Colonias","Asfalto","Natural","XI","Dentro","Rural","S/D","No existe","Intersección","Bueno","Reducida","Nocturna","S/D","Múltiple","S/D","Colisión","S/D","S/D","Línea divisoria pintada","Sin restricción"
2014,4130,01/06/2014,"Domingo",0,19:00:00,,"0.0",1,"Automóvil"," ",1,1,0,0,0,0,0,,"S/D",,"SANTA FE","La Capital","Asfalto","Natural","I","Fuera","Urbana","Ninguna","No existe","Recta","Bueno","Buena","Nocturna","Buen Tiempo","De alcance","S/D","Colisión","Material Suelto","Horizontal","Guardarrail","Sin restricción"
2014,4131,08/05/2014,"Jueves",0,11:00:00,,"0.0",2,"Peatón,Automóvil"," ",2,1,0,0,1,0,0,,"S/D",,"BARRANCAS","San Jerónimo","Asfalto","S/D","XV","S/D","S/D","Ninguna","S/D","Intersección","Bueno","Buena","Diurna","Buen Tiempo","S/D","S/D","Atropello","S/D","S/D","S/D","Sin restricción"
2014,4132,10/05/2014,"Sabado",0,11:00:00,,"0.0",2,"Automóvil,Automóvil","14 de Febrero Y Moreno",3,1,0,0,2,0,0,,"Calle",,"VILLA CONSTITUCIÓN","Constitución","Asfalto","Pavimento","VI","S/D","Urbana","S/D","No existe","Intersección","Bueno","Buena","Diurna","Buen Tiempo","Frontal","S/D","Colisión","Ninguna","Faltante","Línea divisoria pintada","Sin restricción"
2014,4133,08/05/2014,"Jueves",0,21:25:00,"Ruta Provincial 2","0.0",2,"Automóvil,Moto/Ciclomotor","Ituzaingo Y Ruta 2",4,4,0,0,0,0,0,,"Ruta",2,"SAN CRISTÓBAL","San Cristóbal","Tierra","Pavimento","XIII","S/D","Urbana","Ninguna","No existe","Intersección","S/D","Buena","Nocturna","Buen Tiempo","De alcance","S/D","Colisión","S/D","Faltante","Ninguna","Sin restricción"
2014,4134,24/05/2014,"Sabado",0,10:00:00,"Ruta Provincial 1","1.0",1,"Moto/Ciclomotor"," ",1,1,0,0,0,0,0,,"Ruta",1,"COLASTINE","La Capital","S/D","Natural","I","Fuera","Urbana","Ninguna","No existe","Otro","Bueno","Buena","Diurna","Buen Tiempo","S/D","S/D","S/D","Ninguna","S/D","Línea divisoria pintada","Accidente Previo"
2014,4135,17/05/2014,"Sabado",0,12:50:00,,"0.0",2,"Moto/Ciclomotor,Automóvil","Mariano Moreno Y Balcarce",2,1,0,0,1,0,0,,"Calle",,"SANTO TOMÉ","La Capital","Asfalto","No existe","I","S/D","Urbana","Ninguna","No existe","Intersección","Bueno","Buena","Diurna","Buen Tiempo","Lateral","S/D","Colisión","S/D","Faltante","S/D","Sin restricción"
2014,4136,07/05/2014,"Miercoles",0,19:00:00,"Ruta Nacional 11","393.4",2,"Moto/Ciclomotor,Peatón"," ",2,1,1,0,0,0,0,,"Ruta",11,"BARRANCAS","San Jerónimo","Asfalto","Natural","XV","Dentro","Urbana","S/D","No existe","Recta","Bueno","Buena","Atardecer","Buen Tiempo","S/D","S/D","Atropello","S/D","Horizontal,Vertical","Línea divisoria pintada","S/D"
2014,4137,16/05/2014,"Viernes",0,19:05:00,"Ruta Provincial 1","1.0",1,"Transporte de Pasajeros","RUTA PROVINCIAL N&#186;1 ",2,1,0,0,0,0,1,,"Ruta",1,"COLASTINE","La Capital","Asfalto","Natural","I","S/D","Urbana","Otra Señal","No existe","Otro","Bueno","Buena","Diurna","Buen Tiempo","S/D","S/D","Caída ocupante","Ninguna","Horizontal","Línea divisoria pintada","Accidente Previo"
2014,4138,27/05/2014,"Martes",0,11:50:00,,"0.0",3,"Pickup/Utilitario,Moto/Ciclomotor,Moto/Ciclomotor","Salta Y Guillermo Benitez",3,1,1,0,1,0,0,,"Calle",,"LAS ROSAS","Belgrano","Ripio","Pavimento","III","Dentro","Urbana","Ninguna","No existe","Intersección","Bueno","Buena","Diurna","Buen Tiempo","Múltiple","S/D","Colisión","Material Suelto","Vertical","Ninguna","Sin restricción"
2014,4139,07/05/2014,"Miercoles",0,16:00:00,,"0.0",2,"Moto/Ciclomotor,Camión"," ",3,1,0,0,1,0,1,,"S/D",,"VIDELA","San Justo","Asfalto","Natural","XVI","Dentro","Rural","Ninguna","No existe","Recta","Bueno","Buena","Diurna","Buen Tiempo","Lateral","S/D","Colisión","Otro","Horizontal","Línea divisoria pintada","Sin restricción"
2014,4140,30/05/2014,"Viernes",0,08:00:00,"Ruta Provincial 1","1.0",1,"Moto/Ciclomotor","RUTA PROVINCIAL N&#186; 1 ",1,1,0,0,0,0,0,,"Ruta",1,"COLASTINE","La Capital","Asfalto","Natural","I","S/D","Urbana","Ninguna","No existe","Recta","Bueno","Buena","Diurna","Buen Tiempo","S/D","S/D","Colisión","Ninguna","S/D","S/D","Accidente Previo"
2014,4141,14/05/2014,"Miercoles",0,19:10:00,,"0.0",2,"Pickup/Utilitario,Moto/Ciclomotor","Av. Genova Y Chaco Bis",4,2,0,0,1,0,1,,"Calle",,"ROSARIO","Rosario","Asfalto","No existe","II","S/D","Urbana","Ninguna","No existe","Intersección","Bueno","Reducida humo","Atardecer","Lluvia","Lateral","S/D","Colisión","Agua","Vertical","Ninguna","S/D"
2014,4142,24/05/2014,"Sabado",0,12:00:00,,"0.0",2,"Moto/Ciclomotor,Automóvil","Nicasio Oroño ",2,1,0,0,1,0,0,,"Calle",,"SANTA FE","La Capital","Hormigón","No existe","I","Dentro","Urbana","S/D","No existe","Recta","Bueno","S/D","Diurna","S/D","Lateral","S/D","Colisión","S/D","S/D","S/D","S/D"
2014,4143,07/05/2014,"Miercoles",0,17:25:00,,"0.0",2,"Automóvil,Moto/Ciclomotor","Berutti Y Saavedra",2,0,0,0,0,0,2,,"Calle",,"ESPERANZA","Las Colonias","Hormigón","No existe","XI","S/D","Urbana","Ninguna","No existe","Intersección","Bueno","Buena","Diurna","Buen Tiempo","Frontal","S/D","Colisión","S/D","Horizontal","Cordón divisorio","Sin restricción"
2014,4144,18/05/2014,"Domingo",0,02:10:00,,"0.0",2,"Pickup/Utilitario,Moto/Ciclomotor","Republica Argentina Y Juan de Garay",5,0,2,0,3,0,0,,"Calle",,"TOSTADO","9 de Julio","Ripio","S/D","XII","Dentro","Urbana","S/D","S/D","Intersección","Bueno","Buena","Nocturna,Con luz artificial","Buen Tiempo","S/D","S/D","Colisión","Ninguna","S/D","S/D","S/D"
2014,4145,02/05/2014,"Viernes",0,00:00:00,"Ruta Nacional 9","412.0",2,"Camión,Camión"," ",2,1,0,0,1,0,0,,"Ruta",9,"TORTUGAS","Belgrano","Asfalto","Pavimento","III","Dentro","Rural","Ninguna","No existe","Recta","Bueno","Buena","Nocturna,Con luz artificial","Buen Tiempo","De alcance","S/D","Colisión","Ninguna","Horizontal","Línea divisoria pintada","Sin restricción"
2014,4146,04/05/2014,"Domingo",0,11:00:00,"Ruta Nacional 11","0.0",2,"Moto/Ciclomotor,Automóvil","Av L de la Torre-Ruta Nac 11 ",4,3,0,0,1,0,0,,"Ruta",11,"CORONDA","San Jerónimo","Asfalto","Natural","XV","Dentro","Urbana","Semáforo","Funciona","Intersección","Con baches","Buena","Diurna","Buen Tiempo","De alcance","S/D","Colisión","S/D","Vertical","Ninguna","Sin restricción"
2014,4147,02/05/2014,"Viernes",0,02:10:00,,"0.0",1,"Moto/Ciclomotor","Garay Y Gral Artigas",1,0,1,0,0,0,0,,"Calle",,"SAN JORGE","San Martín","Ripio","S/D","XVIII","Dentro","Urbana","S/D","S/D","Intersección","Bueno","Buena","Nocturna","S/D","S/D","S/D","Colisión","S/D","S/D","S/D","S/D"
2014,4148,07/05/2014,"Miercoles",0,10:30:00,,"0.0",2,"Automóvil,Moto/Ciclomotor","Domingo Faustino Sarmiento Y Av Cordoba",4,0,0,0,0,0,4,,"Avenida",,"ESPERANZA","Las Colonias","Hormigón","No existe","XI","Dentro","Urbana","Ninguna","No existe","Intersección","Bueno","Buena","Diurna","Buen Tiempo","Lateral","S/D","Colisión","S/D","Horizontal","Cordón divisorio","Sin restricción"
2014,4149,02/05/2014,"Viernes",0,16:30:00,"Ruta Nacional 11","0.0",2,"Moto/Ciclomotor,Pickup/Utilitario","Las Heras Y Av San Martin",3,2,0,0,1,0,0,,"Ruta",11,"FRAY LUIS BELTRÁN","San Lorenzo","Asfalto","Ripio","XVII","Dentro","Urbana","Ninguna","No existe","Intersección","Bueno","Buena","Diurna","Buen Tiempo","Frontal","S/D","Colisión","Ninguna","S/D","Ninguna","Sin restricción"
2014,4150,02/05/2014,"Viernes",0,19:40:00,"Ruta Provincial 2","0.0",2,"Pickup/Utilitario,Moto/Ciclomotor"," ",3,0,2,0,0,0,1,,"Ruta",2,"TOSTADO","9 de Julio","Asfalto","Pavimento","XII","Dentro","Urbana","Ninguna","No existe","Intersección","Bueno","Buena","Nocturna","Buen Tiempo","Lateral","S/D","Colisión","S/D","Faltante","Ninguna","Sin restricción"
2014,4151,21/05/2014,"Miercoles",0,19:15:00,,"0.0",2,"Automóvil,Moto/Ciclomotor","Av Leandro Alem Y Guemes",2,1,0,0,1,0,0,,"Avenida",,"SANTA FE","La Capital","Asfalto","No existe","I","Dentro","Urbana","S/D","No existe","Intersección","Deteriorada","S/D","Atardecer","S/D","S/D","S/D","Colisión","S/D","S/D","S/D","S/D"
2014,4152,30/05/2014,"Viernes",0,18:40:00,,"0.0",2,"Moto/Ciclomotor,Automóvil","La Plata Y Pedro Rolando",2,1,0,0,1,0,0,,"Calle",,"ARMSTRONG","Belgrano","Asfalto","No existe","III","Dentro","Urbana","Ninguna","No existe","Intersección","Bueno","Buena","Atardecer,Con luz artificial","Buen Tiempo","Lateral","S/D","Colisión","Ninguna","Faltante","Ninguna","Sin restricción"
2014,4153,29/05/2014,"Jueves",0,01:00:00,,"0.0",2,"Moto/Ciclomotor,Automóvil","Av Almte Brown Y Luciano Molinas",2,1,0,0,1,0,0,,"Avenida",,"SANTA FE","La Capital","Asfalto","No existe","I","Dentro","Urbana","S/D","No existe","Intersección","S/D","S/D","Nocturna","S/D","Lateral","S/D","Colisión","S/D","S/D","S/D","S/D"
2014,4155,23/05/2014,"Viernes",0,20:30:00,,"0.0",2,"Bicicleta,Moto/Ciclomotor","Calle 2 Y Calle 16",2,2,0,0,0,0,0,,"Calle",,"AVELLANEDA","General Obligado","Asfalto","Pavimento","IX","S/D","Urbana","Ninguna","No existe","Intersección","S/D","Buena","Nocturna","Buen Tiempo","S/D","S/D","Atropello","Ninguna","S/D","Ninguna","S/D"
2014,4156,25/05/2014,"Domingo",0,18:55:00,,"0.0",2,"Pickup/Utilitario,Moto/Ciclomotor","Dr Ricardo Fischer Y Flotron",3,0,1,0,2,0,0,,"Calle",,"ARMSTRONG","Belgrano","Asfalto","No existe","III","Dentro","Urbana","Ninguna","No existe","Intersección","Bueno","Buena","Atardecer,Con luz artificial","Buen Tiempo","Lateral","S/D","Colisión","Ninguna","Faltante","Ninguna","Sin restricción"
2014,4157,05/05/2014,"Lunes",0,18:30:00,"Ruta Nacional 95","0.0",1,"Camión"," ",1,0,1,0,0,0,0,,"Ruta",95,"POZO BORRADO","9 de Julio","Asfalto","Natural","XII","Dentro","Rural","Ninguna","No existe","Recta","Bueno","Buena","Atardecer","Buen Tiempo","S/D","S/D","Vuelco","S/D","Faltante","Ninguna","Sin restricción"
2014,4158,26/05/2014,"Lunes",0,21:30:00,,"0.0",2,"Pickup/Utilitario,Bicicleta","Calle 21 Y Calle 10",2,0,1,0,1,0,0,,"Calle",,"AVELLANEDA","General Obligado","Asfalto","No existe","IX","S/D","Urbana","Ninguna","No existe","Intersección","Bueno","Buena","Nocturna","Buen Tiempo","S/D","S/D","Atropello","Otro","Vertical","Ninguna","Sin restricción"
2014,4160,31/05/2014,"Sabado",0,21:10:00,,"0.0",2,"Pickup/Utilitario,Moto/Ciclomotor","Julio A Roca ",3,1,0,0,2,0,0,,"Calle",,"TOSTADO","9 de Julio","Ripio","S/D","XII","Dentro","Urbana","S/D","No existe","S/D","S/D","Reducida","Nocturna","Buen Tiempo","S/D","S/D","Colisión","S/D","S/D","S/D","S/D"
2014,4161,06/05/2014,"Martes",0,,,"0.0",2,"Automóvil,Moto/Ciclomotor","General Manuel Belgrano Y Estanislao Zeballos",2,1,0,0,1,0,0,,"Calle",,"ESPERANZA","Las Colonias","Asfalto","Pavimento","XI","Dentro","Urbana","Ninguna","No existe","Intersección","Bueno","Buena","Diurna","Buen Tiempo","Lateral","S/D","Colisión","S/D","S/D","Línea divisoria pintada","Sin restricción"
2014,4162,14/05/2014,"Miercoles",0,10:00:00,,"0.0",2,"Moto/Ciclomotor,Automóvil","Avenida Chacabuco 165",2,0,1,0,1,0,0,,"Calle",,"CERES","San Cristóbal","Asfalto","No existe","XIII","Dentro","Urbana","Ninguna","No existe","Recta","Bueno","Buena","Diurna","Buen Tiempo","De alcance","S/D","Colisión","S/D","Faltante","Ninguna","Sin restricción"
2014,4163,26/05/2014,"Lunes",0,11:30:00,,"0.0",2,"Moto/Ciclomotor,Automóvil","Mendoza Y San Juan",2,1,0,0,1,0,0,,"Calle",,"SANTA FE","La Capital","S/D","S/D","I","S/D","Urbana","S/D","S/D","S/D","S/D","S/D","S/D","S/D","S/D","S/D","S/D","S/D","S/D","S/D","S/D"
2014,4164,24/05/2014,"Sabado",0,23:20:00,,"0.0",2,"Moto/Ciclomotor,Automóvil","San Jose Y Vera",2,1,0,0,1,0,0,,"Calle",,"SANTA FE","La Capital","S/D","S/D","I","S/D","Urbana","S/D","S/D","S/D","S/D","S/D","S/D","S/D","S/D","S/D","S/D","S/D","S/D","S/D","S/D"
2014,4165,22/05/2014,"Jueves",0,17:00:00,"Ruta Nacional 178","189.0",1,"Automóvil"," ",2,2,0,0,0,0,0,,"Ruta",178,"LAS PAREJAS","Belgrano","Asfalto","Natural","III","Fuera","Rural","S/D","No existe","Recta","Con baches","Buena","Diurna","Buen Tiempo","S/D","S/D","Despiste","S/D","S/D","S/D","S/D"
2014,4166,23/05/2014,"Viernes",0,22:25:00,,"0.0",2,"Automóvil,Moto/Ciclomotor","Calle 25-Rivadavia Y Calle 18 - Gral Belgrano",2,1,0,0,1,0,0,,"Calle",,"RECONQUISTA","General Obligado","Asfalto","No existe","IX","Dentro","Urbana","Ninguna","No existe","Intersección","Bueno","Buena","Nocturna","Buen Tiempo","Lateral","S/D","Colisión","S/D","S/D","Cordón divisorio","Sin restricción"
2014,4167,23/05/2014,"Viernes",0,15:10:00,,"0.0",2,"Pickup/Utilitario,Moto/Ciclomotor","A Rossi Y Santa Rosa",2,1,0,0,1,0,0,,"S/D",,"SANTA ROSA DE CALCHINES","Garay","Asfalto","Pavimento","VII","Dentro","Urbana","Ninguna","No existe","Intersección","Bueno","Buena","Diurna","Buen Tiempo","Lateral","S/D","Colisión","S/D","Faltante","Ninguna","Sin restricción"
2014,4168,26/05/2014,"Lunes",0,11:15:00,,"0.0",2,"Bicicleta,Automóvil","Salta Y San Jose",2,1,0,0,1,0,0,"-31.647138888889,-60.723222222222","Calle",,"SANTA FE","La Capital","S/D","S/D","I","S/D","Urbana","S/D","S/D","S/D","S/D","S/D","S/D","S/D","S/D","S/D","Atropello","S/D","S/D","S/D","S/D"
2014,4169,26/05/2014,"Lunes",0,11:00:00,,"0.0",2,"Moto/Ciclomotor,Automóvil","Calle 8 Y Calle 15",3,2,0,0,1,0,0,,"Calle",,"AVELLANEDA","General Obligado","Asfalto","Natural","IX","Dentro","Urbana","Ninguna","No existe","Intersección","Bueno","Buena","Diurna","Buen Tiempo","Lateral","S/D","Colisión","S/D","Horizontal","Ninguna","Sin restricción"
2014,4170,29/05/2014,"Jueves",0,20:45:00,,"0.0",2,"Automóvil,Moto/Ciclomotor","Calle 31-Newbery 467",2,1,0,0,1,0,0,,"Calle",,"RECONQUISTA","General Obligado","Asfalto","Pavimento","IX","Dentro","Urbana","Ninguna","No existe","Recta","Bueno","Buena","Nocturna,Con luz artificial","Buen Tiempo","Frontal","S/D","Colisión","S/D","Faltante","Ninguna","Sin restricción"
2014,4171,27/05/2014,"Martes",0,12:45:00,,"0.0",2,"Automóvil,Pickup/Utilitario"," ",4,3,0,0,1,0,0,,"S/D",,"GRUTLY","Las Colonias","Asfalto","Natural","XI","Dentro","Urbana","Ninguna","No existe","Intersección","S/D","S/D","Diurna","S/D","Lateral","S/D","Colisión","S/D","S/D","Línea divisoria pintada","Sin restricción"
2014,4172,20/05/2014,"Martes",0,21:00:00,,"0.0",2,"Moto/Ciclomotor,Pickup/Utilitario","Calle 21 Y Calle 8",2,1,0,0,1,0,0,,"Calle",,"AVELLANEDA","General Obligado","Asfalto","No existe","IX","Dentro","Urbana","Ninguna","No existe","Intersección","Bueno","Buena","Nocturna","Buen Tiempo","Lateral","S/D","Colisión","S/D","Faltante","Ninguna","Sin restricción"
2014,4173,26/05/2014,"Lunes",0,16:00:00,,"0.0",2,"Automóvil,Moto/Ciclomotor","A Rossi ",2,1,0,0,1,0,0,,"Calle",,"SANTA ROSA DE CALCHINES","Garay","Asfalto","Pavimento","VII","Dentro","Urbana","Marca Vial","No existe","Recta","Bueno","Buena","Diurna","Buen Tiempo","Frontal","S/D","Colisión","S/D","Horizontal,Vertical","Línea divisoria pintada","Sin restricción"
2014,4174,30/04/2014,"Miercoles",0,08:20:00,,"0.0",2,"Moto/Ciclomotor,Automóvil","Bargellini Y Belgrano",2,0,1,0,1,0,0,,"Calle",,"SUARDI","San Cristóbal","Asfalto","No existe","XIII","S/D","Urbana","Ninguna","No existe","Intersección","Bueno","Buena","Diurna","Buen Tiempo","Frontal","S/D","Colisión","S/D","Faltante","Ninguna","Sin restricción"
2014,4175,25/05/2014,"Domingo",0,08:35:00,,"0.0",2,"Moto/Ciclomotor,Moto/Ciclomotor","Calle 31-Newbery Y Calle 12 San Martin",2,1,0,0,1,0,0,,"Calle",,"RECONQUISTA","General Obligado","Asfalto","No existe","IX","Dentro","Urbana","Ninguna","No existe","Intersección","Bueno","Buena","Diurna","Buen Tiempo","Otro","S/D","Colisión","S/D","Horizontal","Cordón divisorio","Sin restricción"
2014,4176,13/05/2014,"Martes",0,22:10:00,"Ruta Nacional 11","791.0",2,"Automóvil,Moto/Ciclomotor","Ruta Nacional 11 ",2,0,1,0,1,0,0,,"Ruta",11,"AVELLANEDA","General Obligado","Asfalto","Pavimento","IX","Dentro","Urbana","Semáforo","Funciona","Recta","Bueno","Buena","Nocturna","Buen Tiempo","De alcance","S/D","Colisión","S/D","Vertical","Ninguna","Sin restricción"
2014,4177,08/05/2014,"Jueves",0,11:20:00,,"0.0",2,"Moto/Ciclomotor,Pickup/Utilitario","Caseros Y Urquiza",2,1,0,0,1,0,0,,"Calle",,"SAN CRISTÓBAL","San Cristóbal","Asfalto","Pavimento","XII","Dentro","Urbana","Ninguna","No existe","Intersección","Bueno","Buena","Diurna","Buen Tiempo","De alcance","S/D","Colisión","S/D","Faltante","Ninguna","Sin restricción"
2014,4178,25/05/2014,"Domingo",0,08:00:00,"Ruta Provincial 2","301.0",2,"Camión,Otros"," ",2,1,1,0,0,0,0,,"Ruta",2,"LOGROÑO","9 de Julio","Asfalto","Natural","XII","Dentro","Rural","Ninguna","No existe","Recta","Bueno","Buena","Amanecer","Buen Tiempo","Frontal","S/D","Colisión","Otro","Faltante","Ninguna","Sin restricción"
2014,4179,03/05/2014,"Sabado",0,17:50:00,"Ruta Provincial 1","39.0",1,"Moto/Ciclomotor"," ",1,1,0,0,0,0,0,,"Ruta",1,"SANTA ROSA DE CALCHINES","Garay","Asfalto","Natural","VII","S/D","Urbana","Ninguna","No existe","Recta","Bueno","Buena","Atardecer","Buen Tiempo","S/D","S/D","Despiste","S/D","Faltante","Ninguna","Sin restricción"
2014,4180,23/05/2014,"Viernes",0,20:00:00,,"0.0",2,"Pickup/Utilitario,Moto/Ciclomotor","Calle 25-Rivadavia ",2,0,1,0,1,0,0,,"Calle",,"RECONQUISTA","General Obligado","Asfalto","Pavimento","IX","Dentro","Urbana","Semáforo","Funciona","Intersección","Bueno","Buena","Nocturna","Buen Tiempo","Lateral","S/D","Colisión","Otro","Vertical","Cordón divisorio","Sin restricción"
2014,4181,29/05/2014,"Jueves",0,12:30:00,,"0.0",2,"Pickup/Utilitario,Moto/Ciclomotor","Calle 2 Y Calle 7",4,2,1,0,1,0,0,,"Calle",,"AVELLANEDA","General Obligado","Asfalto","S/D","IX","Dentro","Urbana","Ninguna","S/D","Intersección","Bueno","S/D","Diurna","Buen Tiempo","Lateral","S/D","Colisión","S/D","S/D","Ninguna","Sin restricción"
2014,4182,16/05/2014,"Viernes",0,21:00:00,,"0.0",2,"Automóvil,Moto/Ciclomotor","Avda Francia Y Yapeyu",3,1,0,0,2,0,0,,"Avenida",,"CAPITÁN BERMÚDEZ","San Lorenzo","Asfalto","Pavimento","XVII","Dentro","Urbana","Ninguna","No existe","Intersección","Bueno","Buena","Nocturna","Buen Tiempo","Lateral","S/D","Colisión","Ninguna","Horizontal","Línea divisoria pintada","Sin restricción"
2014,4183,09/05/2014,"Viernes",0,,,"0.0",2,"Camión,Moto/Ciclomotor","Ameghino Y Cochabamba",2,1,0,0,1,0,0,,"Calle",,"SAN CRISTÓBAL","San Cristóbal","Tierra","No existe","XIII","S/D","S/D","Ninguna","S/D","Intersección","Bueno","Buena","Diurna","Buen Tiempo","Lateral","S/D","Colisión","S/D","Faltante","Ninguna","Sin restricción"
2014,4184,17/05/2014,"Sabado",0,16:15:00,,"0.0",2,"Moto/Ciclomotor,Moto/Ciclomotor","Calle 21 Y Calle 10",4,3,0,0,1,0,0,,"Calle",,"AVELLANEDA","General Obligado","Asfalto","No existe","IX","Dentro","Urbana","Ninguna","No existe","Intersección","Bueno","Buena","Diurna","Buen Tiempo","Lateral","S/D","Colisión","S/D","Faltante","Ninguna","Sin restricción"
2014,4185,24/05/2014,"Sabado",0,22:40:00,,"0.0",2,"Moto/Ciclomotor,Otros","Francisco Ramirez Y J M Estrada",2,1,0,0,0,0,1,,"Calle",,"RAFAELA","Castellanos","S/D","S/D","V","Dentro","Urbana","S/D","S/D","S/D","S/D","S/D","Nocturna","S/D","S/D","S/D","Colisión","S/D","S/D","S/D","S/D"