"anio_acci","nro_acci","fecha","desc_dia","fecha_aprox","hora_aprox","desc_ruta","km","cant_participantes","desc_participante","calle_avenida_km","total","heridos_leves","heridos_graves","heridos_gravisimos","ilesos","fallecidos","sin_datos","posicion_XY","desc_tipo_via","desc_ruta_ori","desc_loc","desc_dpto","desc_tipo_calzada","desc_tipo_banquina","desc_unidad_regional","desc_lugar_calzada","desc_zona","desc_prioridad","desc_estado_semaforo","desc_lugar_via","desc_estado_via","desc_estado_visibilidad","desc_luminosidad","desc_estado_clima","desc_tipo_colision","desc_tipo_atropello","desc_tipo_hecho","desc_pres_calzada","desc_senializacion","desc_separacion_via","desc_restriccion"
2014,4186,03/05/2014,"Sabado",0,07:45:00,,"0.0",2,"Moto/Ciclomotor,Bicicleta","Caseros Y 9 de Julio",2,2,0,0,0,0,0,,"Calle",,"SAN CRISTÓBAL","San Cristóbal","Asfalto","Pavimento","XIII","Dentro","Urbana","Ninguna","No existe","Intersección","Bueno","S/D","Diurna","Buen Tiempo","De alcance","S/D","Colisión","S/D","S/D","Ninguna","Sin restricción"
2014,4187,24/05/2014,"Sabado",0,15:00:00,,"0.0",2,"Automóvil,Moto/Ciclomotor","Av San Lorenzo Y Salta",2,1,0,0,1,0,0,,"Avenida",,"CAPITÁN BERMÚDEZ","San Lorenzo","Asfalto","Pavimento","XVII","S/D","Urbana","Ninguna","No existe","Intersección","Bueno","Buena","Diurna","Buen Tiempo","Lateral","S/D","Colisión","Ninguna","Horizontal","Línea divisoria pintada","Sin restricción"
2014,4188,30/05/2014,"Viernes",0,16:15:00,,"0.0",2,"Moto/Ciclomotor,Pickup/Utilitario","25 de Mayo Y Mariano Moreno",2,0,0,1,1,0,0,,"Calle",,"SAN GUILLERMO","San Cristóbal","Asfalto","No existe","XIII","S/D","Urbana","Ninguna","No existe","Intersección","Bueno","S/D","Diurna","Buen Tiempo","Lateral","S/D","Colisión","S/D","S/D","S/D","S/D"
2014,4189,25/05/2014,"Domingo",0,00:45:00,,"0.0",2,"Automóvil,Moto/Ciclomotor","Av Brasil Y España",2,1,0,0,1,0,0,,"Calle",,"RAFAELA","Castellanos","Asfalto","S/D","V","Dentro","Urbana","S/D","S/D","Intersección","Bueno","Buena","Nocturna,Con luz artificial","S/D","S/D","S/D","Colisión","S/D","S/D","S/D","S/D"
2014,4190,16/05/2014,"Viernes",0,11:20:00,,"0.0",2,"Moto/Ciclomotor,Moto/Ciclomotor","Calle 8 Y Calle 9",2,0,1,0,0,0,1,,"Calle",,"AVELLANEDA","General Obligado","Asfalto","Pavimento","IX","Dentro","Urbana","Ninguna","No existe","Intersección","Bueno","Buena","Diurna","Buen Tiempo","Lateral","S/D","Colisión","S/D","Faltante","Ninguna","Sin restricción"
2014,4191,04/05/2014,"Domingo",0,18:30:00,,"0.0",2,"Moto/Ciclomotor,Peatón","AV  BUENOS AIRES  500",4,3,0,0,1,0,0,,"Avenida",,"ESTACIÓN DÍAZ","San Jerónimo","Asfalto","S/D","XV","Dentro","Urbana","Ninguna","No existe","Recta","Bueno","Reducida p/ objetos","Atardecer,Con luz artificial","Buen Tiempo","S/D","S/D","Atropello","Ninguna","S/D","Ninguna","Sin restricción"
2014,4192,24/05/2014,"Sabado",0,21:30:00,,"0.0",2,"Automóvil,Moto/Ciclomotor","Av San Lorenzo Y 25 de Mayo",2,1,0,0,1,0,0,,"Avenida",,"CAPITÁN BERMÚDEZ","San Lorenzo","Asfalto","Pavimento","XVII","Dentro","Urbana","Ninguna","No existe","Intersección","Bueno","Buena","Nocturna","Buen Tiempo","Frontal","S/D","Colisión","Ninguna","Horizontal","Línea divisoria pintada","Sin restricción"
2014,4193,25/05/2014,"Domingo",0,21:45:00,,"0.0",2,"Automóvil,Moto/Ciclomotor","Av San Lorenzo Y Urquiza",2,1,0,0,1,0,0,,"Avenida",,"CAPITÁN BERMÚDEZ","San Lorenzo","Asfalto","Pavimento","XVII","Dentro","Urbana","Ninguna","No existe","Intersección","Bueno","Buena","Nocturna,Con luz artificial","Buen Tiempo","Frontal","S/D","Colisión","Ninguna","Horizontal","Línea divisoria pintada","Sin restricción"
2014,4194,24/05/2014,"Sabado",0,00:30:00,,"0.0",2,"Moto/Ciclomotor,Otros","Domingo Silva Y J Buffa",2,1,0,0,1,0,0,,"Calle",,"RAFAELA","Castellanos","Asfalto","S/D","V","Dentro","Urbana","S/D","S/D","Intersección","Bueno","Buena","Nocturna,Con luz artificial","S/D","S/D","S/D","Colisión","S/D","S/D","S/D","S/D"
2014,4195,10/05/2014,"Sabado",0,20:15:00,,"0.0",2,"Bicicleta,Automóvil","Avenida Sargento Cabral Y Sarmiento",3,1,0,0,2,0,0,,"Calle",,"CERES","San Cristóbal","Asfalto","No existe","XIII","Dentro","Urbana","Ninguna","No existe","Intersección","Bueno","Buena","Nocturna,Con luz artificial","Buen Tiempo","S/D","S/D","Atropello","S/D","Faltante","S/D","Sin restricción"
2014,4196,23/05/2014,"Viernes",0,13:15:00,,"0.0",2,"Automóvil,Moto/Ciclomotor","Piton Y Sgto Cabral",4,2,0,0,2,0,0,,"Calle",,"PUERTO SAN MARTÍN","San Lorenzo","Asfalto","Pavimento","XVII","Dentro","Urbana","Ninguna","No existe","Intersección","Bueno","Buena","Diurna","Buen Tiempo","Otro","S/D","Colisión","Ninguna","Faltante","Ninguna","Sin restricción"
2014,4197,24/05/2014,"Sabado",0,23:30:00,"Ruta Provincial 13","0.0",1,"Moto/Ciclomotor"," ",2,2,0,0,0,0,0,,"Ruta",13,"ATALIVA","Castellanos","Asfalto","S/D","V","S/D","Urbana","S/D","S/D","Recta","Bueno","Buena","Nocturna,Con luz artificial","S/D","S/D","S/D","Caída ocupante","S/D","S/D","S/D","S/D"
2014,4198,24/05/2014,"Sabado",0,19:50:00,,"0.0",2,"Pickup/Utilitario,Moto/Ciclomotor","Pedroni Y Dorrego",3,1,0,0,2,0,0,,"Calle",,"SUNCHALES","Castellanos","Asfalto","S/D","V","Dentro","Urbana","S/D","S/D","Intersección","Bueno","Buena","Nocturna,Con luz artificial","S/D","S/D","S/D","Colisión","S/D","S/D","S/D","S/D"
2014,4199,09/05/2014,"Viernes",0,21:55:00,"Ruta Secundaria 31-s","15.0",2,"Automóvil,Bicicleta","RUTA PROVINCIAL 31S ",2,0,1,0,1,0,0,,"Ruta","31-s","SANTA ANA","General Obligado","Asfalto","Natural","IX","Dentro","Rural","Ninguna","No existe","Recta","Bueno","Buena","Nocturna","Buen Tiempo","S/D","S/D","Atropello","S/D","Faltante","Ninguna","Sin restricción"
2014,4200,23/05/2014,"Viernes",0,19:45:00,,"0.0",2,"Moto/Ciclomotor,Camión","Gobernador Crespo Y America",2,0,1,0,1,0,0,,"Calle",,"RAFAELA","Castellanos","Hormigón","S/D","V","Dentro","Urbana","S/D","S/D","Intersección","S/D","S/D","Atardecer","S/D","Lateral","S/D","Colisión","S/D","S/D","S/D","S/D"
2014,4201,21/05/2014,"Miercoles",0,08:15:00,,"0.0",2,"Automóvil,Moto/Ciclomotor","25 de Mayo Y Av San Martin",3,2,0,0,1,0,0,,"Calle",,"PUERTO SAN MARTÍN","San Lorenzo","Asfalto","Pavimento","XVII","Dentro","Urbana","Policía de tránsito","No existe","Intersección","Bueno","Buena","Diurna","Lluvia","Lateral","S/D","Colisión","Agua","Faltante","Cordón divisorio","Sin restricción"
2014,4202,09/05/2014,"Viernes",0,21:15:00,,"0.0",2,"Moto/Ciclomotor,Bicicleta","Calle 115 1085",3,2,0,0,1,0,0,,"Calle",,"AVELLANEDA","General Obligado","Tierra","No existe","IX","Dentro","Urbana","Ninguna","No existe","Recta","Otro","Buena","Nocturna","Buen Tiempo","S/D","S/D","Atropello","S/D","Faltante","Ninguna","Sin restricción"
2014,4203,23/05/2014,"Viernes",0,12:30:00,,"0.0",2,"Moto/Ciclomotor,Pickup/Utilitario","B Anduiza Y Bv Santa Fe",2,1,0,0,1,0,0,,"Avenida",,"RAFAELA","Castellanos","Hormigón","S/D","V","Dentro","Urbana","S/D","S/D","Intersección","S/D","S/D","Diurna","S/D","Lateral","S/D","Colisión","S/D","S/D","S/D","S/D"
2014,4204,10/04/2014,"Jueves",0,02:30:00,,"0.0",2,"Moto/Ciclomotor,Automóvil","Francia Y Ripamonti",2,1,0,0,1,0,0,,"Calle",,"RAFAELA","Castellanos","Hormigón","S/D","V","Dentro","Urbana","S/D","S/D","Intersección","S/D","S/D","Nocturna","S/D","Lateral","S/D","Colisión","S/D","S/D","S/D","S/D"
2014,4206,23/05/2014,"Viernes",0,09:45:00,,"0.0",2,"Moto/Ciclomotor,Automóvil","A Lincoln Y Av Luis Fanti",2,1,0,0,1,0,0,,"Avenida",,"RAFAELA","Castellanos","Asfalto","S/D","V","Dentro","Urbana","S/D","S/D","Intersección","Bueno","S/D","Diurna","S/D","S/D","S/D","Colisión","S/D","S/D","S/D","S/D"
2014,4207,22/05/2014,"Jueves",0,14:30:00,,"0.0",2,"Moto/Ciclomotor,Automóvil","Arenales Y Maipu",2,1,0,0,1,0,0,,"Calle",,"RAFAELA","Castellanos","S/D","S/D","V","Dentro","Urbana","S/D","S/D","Intersección","S/D","S/D","Diurna","S/D","Lateral","S/D","Colisión","S/D","S/D","S/D","S/D"
2014,4208,19/05/2014,"Lunes",0,07:00:00,"Ruta Nacional 11","336.0",1,"Moto/Ciclomotor"," ",2,2,0,0,0,0,0,,"Ruta",11,"PUERTO SAN MARTÍN","San Lorenzo","Asfalto","Ripio","XVII","Dentro","Urbana","Ninguna","S/D","Recta","Con baches","Buena","Amanecer","Buen Tiempo","Otro","S/D","Caída ocupante","Ninguna","Faltante","Ninguna","Sin restricción"
2014,4209,18/05/2014,"Domingo",0,15:50:00,,"0.0",2,"Automóvil,Moto/Ciclomotor","Padre Calleri Y Dr A Giraldez",5,2,0,0,3,0,0,,"Calle",,"MARIA JUANA","Castellanos","Asfalto","S/D","V","S/D","Urbana","S/D","S/D","Intersección","S/D","Buena","Diurna","S/D","S/D","S/D","Colisión","S/D","S/D","S/D","S/D"
2014,4210,13/05/2014,"Martes",0,23:00:00,,"0.0",2,"Automóvil,Ambulancia","Fleming Y Bv Pellegrini",3,3,0,0,0,0,0,,"Calle",,"ROLDÁN","San Lorenzo","Asfalto","No existe","XVII","S/D","Urbana","Ninguna","No existe","Intersección","Bueno","Buena","Nocturna","Buen Tiempo","Frontal","S/D","Colisión","S/D","Faltante","Ninguna","Sin restricción"
2014,4211,04/05/2014,"Domingo",0,10:00:00,,"0.0",2,"Automóvil,Moto/Ciclomotor"," ",3,2,0,0,1,0,0,,"Calle",,"AVELLANEDA","General Obligado","Asfalto","No existe","IX","Dentro","Urbana","Ninguna","No existe","Intersección","Bueno","Buena","Diurna","Buen Tiempo","Lateral","S/D","Colisión","S/D","Horizontal","Ninguna","Sin restricción"
2014,4212,27/05/2014,"Martes",0,15:00:00,,"0.0",2,"Automóvil,Moto/Ciclomotor","Calle 23-Gral lopez Y Calle 13-Iturraspe",3,2,0,0,1,0,0,,"Calle",,"RECONQUISTA","General Obligado","Asfalto","No existe","IX","Dentro","Urbana","Ninguna","No existe","Intersección","Bueno","Buena","Diurna","Buen Tiempo","Lateral","S/D","Colisión","S/D","Vertical","Cordón divisorio","Sin restricción"
2014,4213,06/05/2014,"Martes",0,10:30:00,,"0.0",2,"Automóvil,Moto/Ciclomotor","N Avellaneda Y Bartolome Mitre",4,2,0,0,2,0,0,,"Calle",,"CARLOS PELLEGRINI","San Martín","Asfalto","No existe","XVIII","Dentro","Urbana","Ninguna","No existe","Intersección","Bueno","Buena","Diurna","Buen Tiempo","Lateral","S/D","Colisión","S/D","Horizontal","Línea divisoria pintada","Sin restricción"
2014,4214,19/05/2014,"Lunes",0,22:00:00,,"0.0",2,"Moto/Ciclomotor,Moto/Ciclomotor","Av Italia Y Gabriel Maggi",2,1,1,0,0,0,0,,"Avenida",,"RAFAELA","Castellanos","Asfalto","S/D","V","S/D","Urbana","S/D","S/D","Intersección","Bueno","Buena","Nocturna,Con luz artificial","S/D","S/D","S/D","Colisión","S/D","S/D","S/D","S/D"
2014,4215,26/05/2014,"Lunes",0,18:10:00,,"0.0",2,"Automóvil,Moto/Ciclomotor","Belgrano Y Montes de Oca",2,1,0,0,1,0,0,,"Calle",,"CARLOS PELLEGRINI","San Martín","Asfalto","No existe","XVIII","Dentro","Urbana","Ninguna","No existe","Intersección","Bueno","Buena","Diurna","Buen Tiempo","S/D","S/D","Colisión","S/D","Horizontal","Línea divisoria pintada","Sin restricción"
2014,4216,19/05/2014,"Lunes",0,10:00:00,,"0.0",1,"Automóvil","General Paz Y Bv Santa Fe",1,1,0,0,0,0,0,,"Avenida",,"RAFAELA","Castellanos","Asfalto","S/D","V","S/D","Urbana","S/D","S/D","Intersección","Bueno","Buena","Diurna","S/D","Contra objeto fijo","S/D","Colisión","S/D","S/D","S/D","S/D"
2014,4217,23/05/2014,"Viernes",0,22:00:00,,"0.0",2,"Automóvil,Moto/Ciclomotor","Italia Y Juan de Garay",2,1,0,0,1,0,0,,"Calle",,"EL TRÉBOL","San Martín","Asfalto","Pavimento","XVIII","S/D","Urbana","Ninguna","No existe","Recta","Bueno","Reducida","Nocturna","Buen Tiempo","Frontal","S/D","Colisión","S/D","Vertical","Ninguna","Sin restricción"
2014,4218,19/05/2014,"Lunes",0,09:30:00,,"0.0",2,"Automóvil,Bicicleta","Sarmiento Y Ciudad de Esperanza",2,1,0,0,1,0,0,,"Calle",,"RAFAELA","Castellanos","Asfalto","S/D","V","S/D","Urbana","S/D","S/D","Intersección","Bueno","Buena","Diurna","S/D","S/D","S/D","Atropello","S/D","S/D","S/D","S/D"
2014,4219,18/05/2014,"Domingo",0,18:30:00,,"0.0",2,"Moto/Ciclomotor,Automóvil","Av Luis Fanti Y Colon",3,1,0,0,2,0,0,,"Calle",,"RAFAELA","Castellanos","Asfalto","S/D","V","S/D","Urbana","S/D","S/D","Intersección","Bueno","Buena","Atardecer","S/D","S/D","S/D","Colisión","S/D","S/D","S/D","S/D"
2014,4220,17/06/2014,"Martes",0,03:00:00,,"0.0",2,"Automóvil,Automóvil","Gorriti Y Pje. Franchini Bis",2,1,0,0,0,0,1,,"Calle",,"ROSARIO","Rosario","S/D","S/D","II","Dentro","Urbana","S/D","S/D","Recta","Bueno","S/D","Nocturna","Buen Tiempo","Lateral","S/D","Colisión","S/D","S/D","S/D","S/D"
2014,4221,14/06/2014,"Sabado",0,,,"0.0",1,"Automóvil"," ",1,1,0,0,0,0,0,,"S/D",,"MONJE","San Jerónimo","S/D","S/D","XV","S/D","S/D","S/D","S/D","S/D","S/D","S/D","S/D","S/D","S/D","S/D","S/D","S/D","S/D","S/D","S/D"
2014,4222,02/05/2014,"Viernes",0,21:40:00,,"0.0",1,"Moto/Ciclomotor","12 de septiembre Y Avenida General Bartolome Mitr",1,1,0,0,0,0,0,,"Calle",,"SANTO TOMÉ","La Capital","Ripio","No existe","I","S/D","Urbana","Ninguna","No existe","Intersección","Con baches","Buena","Nocturna","Buen Tiempo","S/D","S/D","Colisión","S/D","S/D","S/D","Sin restricción"
2014,4223,07/05/2014,"Miercoles",0,19:00:00,"Ruta Provincial 1","87.0",1,"Moto/Ciclomotor"," ",2,1,1,0,0,0,0,,"Ruta",1,"HELVECIA","Garay","Asfalto","Natural","VII","S/D","Urbana","Ninguna","No existe","Recta","Bueno","Buena","Nocturna","Buen Tiempo","Otro","S/D","Colisión","S/D","Faltante","Ninguna","Sin restricción"
2014,4224,10/05/2014,"Sabado",0,05:00:00,"Ruta Nacional 11","341.0",2,"Moto/Ciclomotor,Automóvil"," ",3,2,0,0,1,0,0,,"Ruta",11,"TIMBÚES","San Lorenzo","Asfalto","S/D","XVII","S/D","S/D","Ninguna","S/D","Recta","Deteriorada","S/D","Nocturna","Niebla","Lateral","S/D","Colisión","Ninguna","Vertical","Línea divisoria pintada","Sin restricción"
2014,4225,04/05/2014,"Domingo",0,19:45:00,,"0.0",2,"Automóvil,Otros","PUENTE CARRETERO ",3,1,0,0,2,0,0,,"Calle",,"SANTA FE","La Capital","Asfalto","No existe","I","Dentro","Urbana","Ninguna","S/D","Puente","Bueno","Buena","Atardecer","Buen Tiempo","S/D","S/D","Colisión","Ninguna","S/D","Ninguna","Sin restricción"
2014,4226,23/05/2014,"Viernes",0,18:40:00,"Ruta Provincial 13","0.0",1,"Transporte de Pasajeros"," ",14,3,0,0,11,0,0,,"Ruta",13,"EL TRÉBOL","San Martín","Asfalto","Natural","XVIII","Dentro","Urbana","Ninguna","No existe","Recta","Bueno","Reducida","Nocturna","Buen Tiempo","Atropello animal","S/D","Colisión","S/D","Vertical","Guardarrail","Sin restricción"
2014,4227,01/01/2014,"Miercoles",0,03:00:00,"Ruta Provincial 21","0.0",1,"Automóvil","Av Gral San Martin Y Guido y Spano",4,2,0,0,0,2,0,"-33.021972222222,-60.628833333333","Ruta",21,"VILLA GOBERNADOR GÁLVEZ","Rosario","Asfalto","No existe","II","Dentro","Urbana","Semáforo","Funciona","Recta","Bueno","Buena","Nocturna","Buen Tiempo","Contra objeto fijo","S/D","Colisión","Otro","Faltante","Cordón divisorio,Línea divisoria pintada","Sin restricción"
2014,4228,01/01/2014,"Miercoles",0,12:05:00,"Ruta Nacional 11","0.0",1,"Moto/Ciclomotor","Av San Martin Y Genaro Roldan",1,0,0,0,0,1,0,"-32.733055555556,-60.73375","Ruta",11,"SAN LORENZO","San Lorenzo","S/D","S/D","XVII","S/D","Urbana","S/D","S/D","Curva","S/D","S/D","Diurna","S/D","S/D","S/D","Caída ocupante,Despiste","S/D","S/D","S/D","S/D"
2014,4229,31/01/2014,"Viernes",0,01:30:00,"Ruta Nacional 11","551.0",2,"Automóvil,Transporte de Pasajeros Larga Distancia (Piso  y  1/2)","Ruta Nac 11 551",42,1,1,0,39,1,0,"-30.920589, -60.645390","Ruta",11,"VIDELA","San Justo","Asfalto","Natural","XVI","Dentro","S/D","S/D","No existe","Recta","Bueno","Buena","Nocturna","Buen Tiempo","Frontal","S/D","Colisión","S/D","Horizontal","Línea divisoria pintada","Sin restricción"
2014,4230,12/01/2014,"Domingo",0,10:20:00,"Ruta Provincial 1","1.0",2,"Bicicleta,Automóvil"," ",2,0,0,0,1,1,0,"-31.635090, -60.620714","Ruta",1,"COLASTINE","La Capital","Asfalto","Natural","I","Dentro","Urbana","Semáforo","Funciona","Recta","Bueno","Buena","Diurna","Buen Tiempo","S/D","S/D","Atropello","Ninguna","Horizontal","Línea divisoria pintada","Sin restricción"
2014,4231,19/01/2014,"Domingo",0,21:30:00,"Ruta Provincial 4","6.0",3,"Bicicleta,Bicicleta,Moto/Ciclomotor","Ruta Prov 4 6",3,1,1,0,0,0,1,,"Ruta",4,"NELSON","La Capital","Asfalto","Natural","I","Dentro","Rural","Ninguna","No existe","Recta","Bueno","S/D","Nocturna","Buen Tiempo","S/D","S/D","Caída ocupante,Atropello","S/D","S/D","S/D","Sin restricción"
2014,4232,19/01/2014,"Domingo",0,21:30:00,"Ruta Provincial 4","6.0",2,"Moto/Ciclomotor,Automóvil","Ruta Prov 4 6",2,0,0,0,1,1,0,"-31.284984, -60.738154","Ruta",4,"NELSON","La Capital","Asfalto","Natural","I","Dentro","Rural","S/D","No existe","Recta","Bueno","S/D","Nocturna","S/D","S/D","S/D","Caída ocupante,Atropello","S/D","S/D","Ninguna","Sin restricción"
2014,4233,24/01/2014,"Viernes",0,06:15:00,"Ruta Provincial 70","0.0",2,"Bicicleta,Camión","Ruta Prov 70 Y Av de Circunvalacion",2,0,0,0,1,1,0,"-31.498187, -60.749684","Ruta",70,"RECREO","La Capital","Tierra","Natural","I","S/D","Rural","Ninguna","No existe","Intersección","Ahuellamiento","Buena","Amanecer","Buen Tiempo","S/D","S/D","Atropello","Ninguna","Horizontal","Guardarrail","Sin restricción"
2014,4234,06/06/2014,"Viernes",0,12:30:00,,"0.0",2,"Automóvil,Moto/Ciclomotor","Junin Y Florida",2,1,0,0,1,0,0,,"Calle",,"ROSARIO","Rosario","Asfalto","S/D","II","Dentro","Urbana","S/D","S/D","Intersección","S/D","S/D","Diurna","S/D","S/D","S/D","Colisión","S/D","S/D","S/D","S/D"
2014,4235,09/06/2014,"Lunes",0,13:30:00,,"0.0",2,"Moto/Ciclomotor,Automóvil","Pje. Alemania Y Pje. Polonia",2,1,0,0,1,0,0,,"Calle",,"ROSARIO","Rosario","Asfalto","S/D","II","Dentro","Urbana","S/D","S/D","Intersección","S/D","S/D","Diurna","S/D","S/D","S/D","Colisión","S/D","S/D","S/D","S/D"
2014,4236,23/06/2014,"Lunes",0,12:00:00,,"0.0",2,"Bicicleta,Automóvil","Av. Francia 5400",2,1,0,0,1,0,0,,"Avenida",,"ROSARIO","Rosario","Asfalto","No existe","II","Dentro","Urbana","Semáforo","Funciona","Recta","Deteriorada","Buena","Diurna","Buen Tiempo","S/D","S/D","Atropello","S/D","Horizontal","Cordón divisorio","Sin restricción"
2014,4237,25/06/2014,"Miercoles",0,19:10:00,,"0.0",2,"Bicicleta,Moto/Ciclomotor","Av. Circunvalacion Y Bv. Avellaneda",2,1,0,0,1,0,0,,"Avenida",,"ROSARIO","Rosario","Asfalto","No existe","II","Dentro","Urbana","Marca Vial","No existe","Recta","Con baches,Deteriorada","Buena","Atardecer,Con luz artificial","Buen Tiempo","S/D","S/D","Atropello","S/D","Horizontal","Cordón divisorio","S/D"
2014,4238,05/06/2014,"Jueves",0,19:20:00,,"0.0",2,"Moto/Ciclomotor,Automóvil","Bv. Oroño Y J.M.Gutierrez",2,1,0,0,1,0,0,,"Calle",,"ROSARIO","Rosario","Asfalto","No existe","II","S/D","Urbana","Semáforo","No existe","Intersección","Bueno","Buena","Atardecer","Buen Tiempo","Lateral","S/D","Colisión","S/D","Faltante","Cordón divisorio","Sin restricción"
2014,4239,07/06/2014,"Sabado",0,10:50:00,,"0.0",2,"Moto/Ciclomotor,Automóvil","Pje. Alemania Y Iguazu",3,1,0,0,0,0,2,,"Calle",,"ROSARIO","Rosario","S/D","S/D","II","Dentro","Urbana","S/D","S/D","Intersección","S/D","S/D","Diurna","S/D","Lateral","S/D","Colisión","S/D","S/D","S/D","S/D"
2014,4240,17/06/2014,"Martes",0,17:15:00,,"0.0",2,"Peatón,Automóvil","Av. Battle y Ordoñez Y Mariano Moreno",2,1,0,0,1,0,0,,"Calle",,"ROSARIO","Rosario","Asfalto","No existe","II","Dentro","Urbana","Semáforo","Funciona","Intersección","Bueno","Buena","Diurna","Buen Tiempo","S/D","S/D","Atropello","S/D","Vertical","Ninguna","Sin restricción"
2014,4241,10/06/2014,"Martes",0,06:30:00,,"0.0",2,"Moto/Ciclomotor,Automóvil","Av. Alberti Y Velez Sarsfield",3,1,0,0,1,0,1,,"Calle",,"ROSARIO","Rosario","Asfalto","S/D","II","Dentro","Urbana","S/D","S/D","Intersección","S/D","S/D","S/D","S/D","S/D","S/D","Colisión","S/D","S/D","S/D","S/D"
2014,4242,17/06/2014,"Martes",0,11:30:00,,"0.0",2,"Automóvil,Automóvil","Av. Ntra.Sra.del Rosario 2300",2,1,0,0,1,0,0,,"Calle",,"ROSARIO","Rosario","Asfalto","No existe","II","Dentro","Urbana","Ninguna","No existe","Recta","Bueno","Buena","Diurna","Lluvia","Otro","S/D","Colisión","S/D","Faltante","Ninguna","Sin restricción"
2014,4243,10/06/2014,"Martes",0,15:30:00,,"0.0",2,"Moto/Ciclomotor,Pickup/Utilitario","Manfredi Y Callao",2,1,0,0,1,0,0,,"Calle",,"ROSARIO","Rosario","Asfalto","No existe","II","S/D","Urbana","Ninguna","No existe","Intersección","Bueno","Buena","Diurna","Buen Tiempo","Lateral","S/D","Colisión","S/D","Faltante","Ninguna","Sin restricción"
2014,4244,13/06/2014,"Viernes",0,12:15:00,,"0.0",2,"Moto/Ciclomotor,Automóvil","Catamarca Y Santiago",2,1,0,0,0,0,1,,"Calle",,"ROSARIO","Rosario","S/D","No existe","II","S/D","Urbana","Ninguna","No existe","Recta","Otro","Buena","Diurna","Buen Tiempo","Otro","S/D","Colisión","Otro","Faltante","Ninguna","Sin restricción"
2014,4245,11/06/2014,"Miercoles",0,17:30:00,,"0.0",2,"Moto/Ciclomotor,Automóvil","Av. Francia 3600",3,2,0,0,1,0,0,,"Avenida",,"ROSARIO","Rosario","Asfalto","No existe","II","Dentro","Urbana","Semáforo","Funciona","Recta","Bueno","S/D","Atardecer","Buen Tiempo","S/D","S/D","Colisión","Ninguna","Faltante","Cordón divisorio","Sin restricción"
2014,4246,20/06/2014,"Viernes",0,16:45:00,,"0.0",2,"Moto/Ciclomotor,Automóvil","Bv. Oroño Y Sanchez de Bustamante",2,1,0,0,1,0,0,,"Avenida",,"ROSARIO","Rosario","Asfalto","No existe","II","Dentro","Urbana","Semáforo","Funciona","Recta","Bueno","Buena","Diurna","Buen Tiempo","Lateral","S/D","Colisión","S/D","Vertical","Cordón divisorio","Sin restricción"
2014,4247,11/06/2014,"Miercoles",0,12:15:00,,"0.0",2,"Moto/Ciclomotor,Automóvil","Av. Ovidio Lagos Y Gaboto",2,1,0,0,1,0,0,,"Avenida",,"ROSARIO","Rosario","Asfalto","No existe","II","Dentro","Urbana","Ninguna","No existe","Intersección","Bueno","Buena","Diurna","Buen Tiempo","S/D","S/D","Colisión","Ninguna","Faltante","Cordón divisorio","Sin restricción"
2014,4248,06/06/2014,"Viernes",0,21:00:00,,"0.0",2,"Automóvil,Moto/Ciclomotor","Santa Fe Y San Nicolas",2,1,0,0,1,0,0,,"Calle",,"ROSARIO","Rosario","S/D","No existe","II","S/D","Urbana","Semáforo","Funciona","Recta","Otro","Buena","Nocturna","Buen Tiempo","Otro","S/D","Colisión","Otro","Vertical","Ninguna","Sin restricción"
2014,4249,20/06/2014,"Viernes",0,12:15:00,,"0.0",2,"Bicicleta,Automóvil","J.M.Gutierrez Y Pje. Owen",2,1,0,0,1,0,0,,"Calle",,"ROSARIO","Rosario","Asfalto","No existe","II","Dentro","Urbana","Ninguna","No existe","Recta","Bueno","Buena","Diurna","Buen Tiempo","S/D","S/D","Atropello","S/D","Faltante","Ninguna","Sin restricción"
2014,4250,26/06/2014,"Jueves",0,13:30:00,,"0.0",2,"Peatón,Pickup/Utilitario","Bv. Avellaneda Y Dr.Rivas",2,1,0,0,1,0,0,,"Avenida",,"ROSARIO","Rosario","Asfalto","No existe","II","S/D","Urbana","Ninguna","No existe","Intersección","Bueno","Buena","Diurna","Buen Tiempo","S/D","S/D","Atropello","Ninguna","Faltante","Cordón divisorio","Sin restricción"
2014,4251,01/06/2014,"Domingo",0,23:30:00,,"0.0",2,"Automóvil,Automóvil","Alberdi Y Reconquista",3,1,0,0,2,0,0,,"S/D",,"ROSARIO","Rosario","Asfalto","S/D","II","S/D","Urbana","Semáforo","S/D","Recta","Bueno","S/D","Nocturna","Buen Tiempo","De alcance","S/D","Colisión","S/D","Vertical","Cordón divisorio","S/D"
2014,4252,14/06/2014,"Sabado",0,14:55:00,,"0.0",2,"Moto/Ciclomotor,Automóvil","Santiago 5800",2,1,0,0,1,0,0,,"Calle",,"ROSARIO","Rosario","Asfalto","No existe","II","Dentro","Urbana","Ninguna","No existe","Recta","Bueno","Buena","Diurna","Buen Tiempo","Lateral","S/D","Colisión","S/D","Faltante","Ninguna","Sin restricción"