"anio_acci","nro_acci","fecha","desc_dia","fecha_aprox","hora_aprox","desc_ruta","km","cant_participantes","desc_participante","calle_avenida_km","total","heridos_leves","heridos_graves","heridos_gravisimos","ilesos","fallecidos","sin_datos","posicion_XY","desc_tipo_via","desc_ruta_ori","desc_loc","desc_dpto","desc_tipo_calzada","desc_tipo_banquina","desc_unidad_regional","desc_lugar_calzada","desc_zona","desc_prioridad","desc_estado_semaforo","desc_lugar_via","desc_estado_via","desc_estado_visibilidad","desc_luminosidad","desc_estado_clima","desc_tipo_colision","desc_tipo_atropello","desc_tipo_hecho","desc_pres_calzada","desc_senializacion","desc_separacion_via","desc_restriccion"
2014,4253,07/06/2014,"Sabado",0,12:45:00,,"0.0",1,"Moto/Ciclomotor","Av. Ntra.Sra.del Rosario Y Rodriguez",1,1,0,0,0,0,0,,"Avenida",,"ROSARIO","Rosario","Asfalto","No existe","II","Dentro","Urbana","Ninguna","No existe","Intersección","Bueno","Buena","Diurna","Lluvia","S/D","S/D","Caída ocupante","S/D","Vertical","Ninguna","Sin restricción"
2014,4254,26/06/2014,"Jueves",0,11:30:00,,"0.0",2,"Moto/Ciclomotor,Taxi/Remis","Av. Ovidio Lagos Y Bv. Segui",2,1,0,0,1,0,0,,"Avenida",,"ROSARIO","Rosario","Asfalto","No existe","II","S/D","Urbana","Semáforo","Funciona","Intersección","Bueno","Buena","Diurna","Buen Tiempo","S/D","S/D","Colisión","Ninguna","Faltante","Cordón divisorio","Sin restricción"
2014,4255,06/06/2014,"Viernes",0,19:15:00,,"0.0",2,"Moto/Ciclomotor,Automóvil","Av. Ovidio Lagos Y Bv. Segui",3,2,0,0,1,0,0,,"Avenida",,"ROSARIO","Rosario","Asfalto","No existe","II","Dentro","Urbana","Semáforo","Funciona","Intersección","Bueno","Buena","Atardecer","Buen Tiempo","S/D","S/D","Colisión","Ninguna","Faltante","Cordón divisorio","Sin restricción"
2014,4256,03/06/2014,"Martes",0,11:50:00,,"0.0",1,"Moto/Ciclomotor","JJ PASO Y TRAVESIA",2,1,0,0,1,0,0,,"Calle",,"ROSARIO","Rosario","Asfalto","Pavimento","II","S/D","Urbana","Semáforo","Funciona","Intersección","Bueno","Buena","Diurna","Buen Tiempo","Contra objeto fijo","S/D","Colisión","S/D","Vertical","Ninguna","Sin restricción"
2014,4257,21/06/2014,"Sabado",0,19:30:00,,"0.0",2,"Automóvil,Pickup/Utilitario","Fraga Y Derqui",2,1,0,0,1,0,0,,"Calle",,"ROSARIO","Rosario","Asfalto","No existe","II","Dentro","Urbana","Ninguna","No existe","Intersección","Bueno","Buena","Amanecer","Buen Tiempo","Lateral","S/D","Colisión","Ninguna","Horizontal","Ninguna","Sin restricción"
2014,4258,10/06/2014,"Martes",0,06:00:00,,"0.0",2,"Moto/Ciclomotor,Moto/Ciclomotor","J.J.Paso 7400",2,2,0,0,0,0,0,,"Calle",,"ROSARIO","Rosario","Asfalto","S/D","II","S/D","Urbana","S/D","No existe","Recta","Resbaladiza","S/D","Nocturna","S/D","S/D","S/D","S/D","S/D","S/D","S/D","S/D"
2014,4259,19/06/2014,"Jueves",0,17:15:00,,"0.0",2,"Moto/Ciclomotor,Automóvil","Larrea Y Marcos Paz",2,1,0,0,1,0,0,,"Calle",,"ROSARIO","Rosario","Asfalto","S/D","II","Dentro","Urbana","Ninguna","No existe","Intersección","Bueno","Buena","Diurna","Buen Tiempo","Lateral","S/D","Colisión","Ninguna","Horizontal","Ninguna","Sin restricción"
2014,4260,12/06/2014,"Jueves",0,20:30:00,,"0.0",2,"Peatón,Automóvil","Av. Pellegrini 6770",2,1,0,0,1,0,0,,"Avenida",,"ROSARIO","Rosario","Asfalto","No existe","II","Dentro","Urbana","Ninguna","No existe","Recta","Bueno","Buena","Nocturna,Con luz artificial","Buen Tiempo","S/D","S/D","Atropello","Ninguna","Horizontal","Ninguna","Sin restricción"
2014,4261,25/06/2014,"Miercoles",0,12:30:00,,"0.0",2,"Moto/Ciclomotor,Moto/Ciclomotor","Pje. Asuncion Y Campbell",2,1,0,0,1,0,0,,"Calle",,"ROSARIO","Rosario","Asfalto","No existe","II","Dentro","Urbana","Ninguna","No existe","Intersección","Bueno","Buena","Diurna","Buen Tiempo","Lateral","S/D","Colisión","Ninguna","Horizontal","Ninguna","Sin restricción"
2014,4262,10/06/2014,"Martes",0,17:30:00,,"0.0",2,"Pickup/Utilitario,Moto/Ciclomotor","COLECTORA Y SARMIENTO",2,1,0,0,1,0,0,,"Calle",,"ROSARIO","Rosario","Asfalto","S/D","II","Dentro","Urbana","S/D","No existe","Curva","Bueno","S/D","Diurna","S/D","S/D","S/D","S/D","S/D","S/D","S/D","S/D"
2014,4263,18/06/2014,"Miercoles",0,16:10:00,,"0.0",2,"Automóvil,Moto/Ciclomotor","Av. Provincias Unidas Y Ituzaingo",2,1,0,0,1,0,0,,"Avenida",,"ROSARIO","Rosario","Asfalto","No existe","II","Dentro","Urbana","Semáforo","Funciona","Intersección","Bueno","Buena","Diurna","Buen Tiempo","Lateral","S/D","Colisión","Ninguna","Vertical","Cordón divisorio","Sin restricción"
2014,4264,20/06/2014,"Viernes",0,21:50:00,,"0.0",2,"Moto/Ciclomotor,Pickup/Utilitario","Av. Francia Y Av. Uriburu",3,2,0,0,1,0,0,,"Avenida",,"ROSARIO","Rosario","Asfalto","No existe","II","Dentro","Urbana","Semáforo","Funciona","Intersección","Bueno","Buena","Nocturna","Buen Tiempo","S/D","S/D","Colisión","Ninguna","Faltante","Cordón divisorio","Sin restricción"
2014,4265,09/06/2014,"Lunes",0,19:00:00,,"0.0",2,"Automóvil,Automóvil","TRAVESIA Y JB JUSTO",3,1,0,0,2,0,0,,"Calle",,"ROSARIO","Rosario","Asfalto","No existe","II","Dentro","Urbana","Ninguna","No existe","Intersección","Bueno","Buena","Diurna","Buen Tiempo","Otro","S/D","Colisión","S/D","Faltante","Ninguna","Sin restricción"
2014,4266,15/06/2014,"Domingo",0,16:50:00,,"0.0",2,"Moto/Ciclomotor,Automóvil","Av. Ovidio Lagos Y Acevedo Bis",2,1,0,0,1,0,0,,"Avenida",,"ROSARIO","Rosario","Asfalto","No existe","II","Dentro","Urbana","Semáforo","Funciona","Intersección","Bueno","Buena","Atardecer","Buen Tiempo","S/D","S/D","Colisión","Ninguna","Faltante","Cordón divisorio","Sin restricción"
2014,4267,27/06/2014,"Viernes",0,19:10:00,,"0.0",2,"Automóvil,Bicicleta","F.More Y Av. Eva Peron",2,1,0,0,1,0,0,,"Avenida",,"ROSARIO","Rosario","Asfalto","No existe","II","Dentro","Urbana","Ninguna","No existe","Intersección","Bueno","Buena","Atardecer","Buen Tiempo","S/D","S/D","Atropello","Ninguna","Vertical","Ninguna","Sin restricción"
2014,4268,02/06/2014,"Lunes",0,10:00:00,,"0.0",2,"Moto/Ciclomotor,Automóvil","Bertole Y Mendez",2,2,0,0,0,0,0,,"Calle",,"ROSARIO","Rosario","Asfalto,Hormigón","No existe","II","S/D","Urbana","Ninguna","No existe","Intersección","Con baches","Buena","Diurna","Buen Tiempo","Lateral","S/D","Colisión","S/D","S/D","S/D","Sin restricción"
2014,4269,17/06/2014,"Martes",0,16:00:00,,"0.0",2,"Automóvil,Moto/Ciclomotor","Av. Pte.Peron Y Av. Circunvalacion",2,2,0,0,0,0,0,,"Calle",,"ROSARIO","Rosario","Hormigón","Pavimento","II","S/D","Urbana","Semáforo","Funciona","Intersección","Resbaladiza","Buena","Diurna","Buen Tiempo","Lateral","S/D","Colisión","S/D","S/D","S/D","Sin restricción"
2014,4270,24/06/2014,"Martes",0,21:20:00,,"0.0",2,"Automóvil,Moto/Ciclomotor","Castagnino Y Esquivel",3,2,0,0,1,0,0,,"Calle",,"ROSARIO","Rosario","Asfalto","No existe","II","S/D","Urbana","Señal Pare","No existe","Intersección","Bueno","Buena","Nocturna","Buen Tiempo","Lateral","S/D","Colisión","Ninguna","Faltante","Ninguna","Sin restricción"
2014,4271,04/06/2014,"Miercoles",0,17:00:00,,"0.0",2,"Moto/Ciclomotor,Automóvil","RIVAROLA  Y B. FIRRI",2,1,0,0,0,0,1,,"Calle",,"ROSARIO","Rosario","Asfalto,Hormigón","No existe","II","S/D","Urbana","Ninguna","No existe","Intersección","Con baches","Buena","Diurna","Buen Tiempo","Lateral","S/D","Colisión","S/D","S/D","S/D","Sin restricción"
2014,4272,23/06/2014,"Lunes",0,11:15:00,,"0.0",2,"Moto/Ciclomotor,Automóvil","Moreno Y Santa Fe",2,0,1,0,1,0,0,,"Calle",,"CHABAS","Caseros","Asfalto","Pavimento","IV","Fuera","Urbana","Ninguna","No existe","Intersección","Bueno","Buena","Diurna","Buen Tiempo","Lateral","S/D","Colisión","S/D","S/D","Ninguna","Sin restricción"
2014,4273,07/06/2014,"Sabado",0,12:00:00,,"0.0",2,"Bicicleta,Moto/Ciclomotor","Av. Provincias Unidas Y Monte Flores",2,2,0,0,0,0,0,,"Calle",,"ROSARIO","Rosario","Asfalto,Hormigón","No existe","II","S/D","Urbana","Ninguna","No existe","Intersección","Bueno","Buena","Diurna","Buen Tiempo","S/D","S/D","Atropello","S/D","S/D","S/D","Sin restricción"
2014,4274,19/06/2014,"Jueves",0,09:00:00,,"0.0",2,"Bicicleta,Pickup/Utilitario","Bv Carlos Casado Y España",2,1,0,0,1,0,0,,"Avenida",,"CHABAS","Caseros","Asfalto","Pavimento","IV","Fuera","Urbana","Otra Señal","No existe","Intersección","Bueno","Buena","Diurna","Buen Tiempo","S/D","S/D","Atropello","S/D","S/D","Vegetación","Sin restricción"
2014,4275,10/06/2014,"Martes",0,20:00:00,,"0.0",1,"Pickup/Utilitario","Av. Pte.Peron 8000",1,1,0,0,0,0,0,,"Avenida",,"ROSARIO","Rosario","Asfalto,Hormigón","Pavimento","II","S/D","Urbana","Semáforo","Funciona","Recta","Resbaladiza","Buena","Diurna","Buen Tiempo","Contra objeto fijo","S/D","Colisión","S/D","Vertical","S/D","Sin restricción"
2014,4276,20/06/2014,"Viernes",0,21:00:00,,"0.0",2,"Moto/Ciclomotor,Automóvil","Bv. 27 De Febrero Y Peru",2,1,0,0,0,0,1,,"Calle",,"ROSARIO","Rosario","Asfalto","Pavimento","II","S/D","Urbana","Ninguna","No existe","Intersección","Con baches","Buena","Nocturna","Buen Tiempo","Lateral","S/D","Colisión","S/D","S/D","S/D","Sin restricción"
2014,4277,12/06/2014,"Jueves",0,10:00:00,,"0.0",2,"Automóvil,Moto/Ciclomotor","Irurtia Y Anderson",2,2,0,0,0,0,0,,"Calle",,"ROSARIO","Rosario","Asfalto","No existe","II","S/D","Urbana","Ninguna","No existe","Intersección","Con baches","Buena","Diurna","Buen Tiempo","Lateral","S/D","Colisión","S/D","S/D","S/D","Sin restricción"
2014,4278,22/06/2014,"Domingo",0,11:00:00,,"0.0",2,"Bicicleta,Moto/Ciclomotor","Av. Provincias Unidas Y Viamonte",2,2,0,0,0,0,0,,"S/D",,"ROSARIO","Rosario","Hormigón","Pavimento","II","Dentro","Urbana","Marca Vial","No existe","Intersección","Resbaladiza","Buena","Diurna","Buen Tiempo","S/D","S/D","Atropello","S/D","S/D","S/D","Sin restricción"
2014,4279,09/06/2014,"Lunes",0,13:00:00,,"0.0",2,"Moto/Ciclomotor,Pickup/Utilitario","Zelaya Y Matheu",2,1,0,0,1,0,0,,"Calle",,"ROSARIO","Rosario","Asfalto","No existe","II","Dentro","Urbana","Ninguna","No existe","Intersección","Bueno","Buena","Diurna","Buen Tiempo","Frontal","S/D","Colisión","S/D","Faltante","Ninguna","Sin restricción"
2014,4280,09/06/2014,"Lunes",0,13:00:00,,"0.0",2,"Moto/Ciclomotor,Tracción animal / Carro"," ",2,1,0,0,0,0,1,,"Calle",,"ROSARIO","Rosario","Asfalto","No existe","II","Dentro","Urbana","Ninguna","No existe","Intersección","Bueno","Buena","Diurna","Buen Tiempo","Lateral","S/D","Colisión","S/D","Faltante","Ninguna","Sin restricción"
2014,4281,25/06/2014,"Miercoles",0,08:30:00,,"0.0",2,"Camión,Camión","Av. Pte.Peron Y Av. Circunvalacion",2,1,0,0,1,0,0,,"Avenida",,"ROSARIO","Rosario","Asfalto,Hormigón","Pavimento","II","S/D","Urbana","Semáforo","Funciona","Intersección","Resbaladiza","Buena","Diurna","Lluvia","S/D","S/D","Colisión","S/D","S/D","S/D","Sin restricción"
2014,4282,23/06/2014,"Lunes",0,20:00:00,,"0.0",2,"Otros,Moto/Ciclomotor","Lisandro de la Torre Y Av Doctor E Salva",2,0,1,0,0,0,1,,"Avenida",,"RAFAELA","Castellanos","Asfalto","S/D","V","S/D","Urbana","S/D","S/D","Intersección","Bueno","S/D","Nocturna","S/D","S/D","S/D","Colisión","S/D","S/D","S/D","S/D"
2014,4283,05/06/2014,"Jueves",0,16:45:00,,"0.0",2,"Moto/Ciclomotor,Automóvil","Pintor Musto Y G.Carrasco",2,1,0,0,1,0,0,,"Calle",,"ROSARIO","Rosario","Asfalto","No existe","II","Dentro","Urbana","Ninguna","No existe","Intersección","Bueno","Buena","Diurna","Buen Tiempo","Lateral","S/D","Colisión","S/D","Faltante","Ninguna","Sin restricción"
2014,4284,26/06/2014,"Jueves",0,18:00:00,,"0.0",2,"Moto/Ciclomotor,Pickup/Utilitario","Bv Santa Fe Y Paraguay",2,1,0,0,0,0,1,,"Avenida",,"RAFAELA","Castellanos","Asfalto","S/D","V","S/D","Urbana","S/D","S/D","Intersección","Bueno","Buena","Atardecer,Con luz artificial","S/D","S/D","S/D","Colisión","S/D","S/D","S/D","S/D"
2014,4285,04/06/2014,"Miercoles",0,20:30:00,,"0.0",2,"Automóvil,Moto/Ciclomotor","Baigorria Y Zelaya",2,1,0,0,1,0,0,,"Calle",,"ROSARIO","Rosario","Asfalto","No existe","II","Dentro","Urbana","Semáforo","Intermitente","Intersección","Bueno","Buena","Nocturna","Buen Tiempo","Lateral","S/D","Colisión","S/D","Vertical","Ninguna","Sin restricción"
2014,4286,28/06/2014,"Sabado",0,18:00:00,,"0.0",2,"Moto/Ciclomotor,Automóvil","Rivarola Y Pje. 1734",2,2,0,0,0,0,0,,"Calle",,"ROSARIO","Rosario","Asfalto,Hormigón","No existe","II","S/D","Urbana","Ninguna","No existe","Intersección","Con baches","Buena","Diurna","Buen Tiempo","S/D","S/D","Colisión","S/D","S/D","S/D","Sin restricción"
2014,4287,03/06/2014,"Martes",0,15:10:00,,"0.0",2,"Automóvil,Moto/Ciclomotor","Bv. Rondeau 4300",2,1,0,0,1,0,0,,"Avenida",,"ROSARIO","Rosario","Asfalto","No existe","II","Dentro","Urbana","Semáforo","Funciona","Recta","Bueno","Buena","Diurna","Buen Tiempo","Lateral","S/D","Colisión","S/D","Vertical","Vegetación","Sin restricción"
2014,4288,19/06/2014,"Jueves",0,17:20:00,,"0.0",2,"Moto/Ciclomotor,Automóvil","Av Filipini Y Jaures",2,1,0,0,1,0,0,,"Calle",,"VILLA GOBERNADOR GÁLVEZ","Rosario","Asfalto","S/D","II","S/D","Urbana","Ninguna","S/D","Intersección","Bueno","Buena","Diurna","Buen Tiempo","Otro","S/D","Colisión","Ninguna","Faltante","Ninguna","Sin restricción"
2014,4289,02/06/2014,"Lunes",0,11:30:00,,"0.0",2,"Automóvil,Pickup/Utilitario","BV RONDEU  Y 25 DE MAYO",2,1,0,0,1,0,0,,"Avenida",,"ROSARIO","Rosario","Asfalto","No existe","II","Dentro","Urbana","Semáforo","Funciona","Intersección","Bueno","Buena","Diurna","Buen Tiempo","Lateral","S/D","Colisión","S/D","Vertical","Vegetación","Sin restricción"
2014,4290,30/06/2014,"Lunes",0,14:00:00,,"0.0",2,"Moto/Ciclomotor,Moto/Ciclomotor","Hermana Fortunata Y Comisario Valentin Kaiser",2,2,0,0,0,0,0,,"Calle",,"RAFAELA","Castellanos","Asfalto","S/D","V","S/D","Urbana","S/D","S/D","Intersección","Bueno","Buena","Diurna","S/D","S/D","S/D","Colisión","S/D","S/D","S/D","S/D"
2014,4291,21/06/2014,"Sabado",0,10:15:00,"Ruta Provincial 18","3.0",3,"Automóvil,Automóvil,Bicicleta"," ",6,2,1,3,0,0,0,,"Ruta",18,"PIÑERO","Rosario","Asfalto","Natural","II","S/D","S/D","Ninguna","No existe","Recta","Bueno","Buena","Diurna","Buen Tiempo","Múltiple","S/D","Colisión","Ninguna","S/D","Línea divisoria pintada","Sin restricción"
2014,4292,02/06/2014,"Lunes",0,17:30:00,,"0.0",2,"Automóvil,Moto/Ciclomotor","M.Perdriel Y Zelaya",2,1,0,0,1,0,0,,"Calle",,"ROSARIO","Rosario","Asfalto","No existe","II","Dentro","Urbana","Ninguna","No existe","Intersección","Bueno","Buena","Diurna","Buen Tiempo","Lateral","S/D","Colisión","S/D","Faltante","Ninguna","Sin restricción"
2014,4293,30/06/2014,"Lunes",0,10:50:00,,"0.0",2,"Moto/Ciclomotor,Automóvil","G Mainardi Y E Poggi",2,1,0,0,1,0,0,,"Calle",,"RAFAELA","Castellanos","Asfalto","S/D","V","S/D","Urbana","S/D","S/D","Intersección","Bueno","Buena","Diurna","S/D","S/D","S/D","Colisión","S/D","S/D","S/D","S/D"
2014,4294,20/06/2014,"Viernes",0,,"Ruta Provincial 16","25.0",2,"Automóvil,Automóvil","PARAJE 4 ESQUINAS  ",2,1,0,0,1,0,0,,"Ruta",16,"CARMEN DEL SAUCE","Rosario","Asfalto","Pavimento","II","Dentro","S/D","Otra Señal","Intermitente","Recta","Bueno","Buena","Diurna","Buen Tiempo","S/D","S/D","Colisión","Ninguna","S/D","Línea divisoria pintada","S/D"
2014,4295,29/06/2014,"Domingo",0,20:30:00,,"0.0",2,"Automóvil,Moto/Ciclomotor","Tucuman Y Falucho",3,0,1,0,2,0,0,,"Calle",,"SUNCHALES","Castellanos","Asfalto","S/D","V","Dentro","Urbana","S/D","S/D","Intersección","Bueno","Buena","Nocturna,Con luz artificial","S/D","S/D","S/D","Colisión","S/D","S/D","S/D","S/D"
2014,4296,28/06/2014,"Sabado",0,22:15:00,,"0.0",1,"Moto/Ciclomotor","Bv Jaime Ferre Y Bv G L Lhemann",1,1,0,0,0,0,0,,"Calle",,"RAFAELA","Castellanos","Hormigón","S/D","V","Dentro","Urbana","S/D","No existe","Intersección","Bueno","Buena","Nocturna,Con luz artificial","Buen Tiempo","Contra objeto fijo","S/D","Colisión","S/D","Horizontal","Cordón divisorio","S/D"
2014,4297,27/06/2014,"Viernes",0,10:00:00,,"0.0",2,"Automóvil,Pickup/Utilitario","Mariano Moreno Y Leandro N Alem",2,1,0,0,1,0,0,,"Calle",,"RAFAELA","Castellanos","S/D","S/D","V","Dentro","Urbana","S/D","S/D","Intersección","S/D","Buena","Diurna","Buen Tiempo","Frontal","S/D","Colisión","S/D","S/D","S/D","S/D"
2014,4298,26/06/2014,"Jueves",0,20:00:00,,"0.0",2,"Moto/Ciclomotor,Automóvil","Ciudad de Esperanza Y Carlos Gardel",3,2,0,0,1,0,0,,"Calle",,"RAFAELA","Castellanos","Asfalto","No existe","V","S/D","Urbana","Ninguna","No existe","Intersección","S/D","Buena","Diurna","Buen Tiempo","Frontal","S/D","Colisión","S/D","S/D","S/D","S/D"
2014,4299,26/06/2014,"Jueves",0,21:00:00,,"0.0",2,"Moto/Ciclomotor,Pickup/Utilitario","Rivadavia Y J G Artigas",2,1,0,0,1,0,0,,"Calle",,"RAFAELA","Castellanos","Asfalto","No existe","V","Dentro","Urbana","S/D","No existe","Intersección","Bueno","Reducida","Nocturna","Buen Tiempo","Frontal","S/D","Colisión","S/D","S/D","S/D","S/D"
2014,4300,30/06/2014,"Lunes",0,22:30:00,,"0.0",2,"Moto/Ciclomotor,Automóvil","C Bolliger Y Bv Jaime Ferre",3,2,0,0,1,0,0,,"Calle",,"RAFAELA","Castellanos","Asfalto","S/D","V","S/D","Urbana","S/D","S/D","Intersección","Bueno","Buena","Nocturna,Con luz artificial","S/D","S/D","S/D","Colisión","S/D","S/D","S/D","S/D"
2014,4301,25/06/2014,"Miercoles",0,08:30:00,,"0.0",2,"Moto/Ciclomotor,Camión","Bv G L Lhemann Y Carlos Pellegrini",2,1,0,0,0,0,1,,"Avenida",,"RAFAELA","Castellanos","Asfalto","No existe","V","S/D","S/D","S/D","No existe","Intersección","Bueno","Buena","Diurna","Buen Tiempo","Frontal","S/D","Colisión","S/D","S/D","S/D","S/D"
2014,4302,25/06/2014,"Miercoles",0,10:00:00,,"0.0",2,"Moto/Ciclomotor,Vehículo Oficial","Bv G L Lhemann Y Bv Jaime Ferre",2,1,0,0,1,0,0,,"Avenida",,"RAFAELA","Castellanos","Asfalto","No existe","V","S/D","Urbana","S/D","No existe","Intersección","S/D","Buena","Diurna","Buen Tiempo","Frontal","S/D","Colisión","S/D","S/D","S/D","S/D"
2014,4303,16/06/2014,"Lunes",0,11:55:00,,"0.0",2,"Automóvil,Moto/Ciclomotor","Mariano Moreno Y Roca",2,1,0,0,1,0,0,,"Calle",,"ACEBAL","Rosario","Asfalto","S/D","II","S/D","S/D","Ninguna","S/D","Recta","Bueno","Buena","Diurna","Buen Tiempo","Lateral","S/D","Colisión","S/D","S/D","S/D","Sin restricción"
2014,4304,05/06/2014,"Jueves",0,17:10:00,,"0.0",2,"Automóvil,Moto/Ciclomotor","Bv San Martin Y Bv N Alvarez",2,1,0,0,1,0,0,,"S/D",,"ÁLVAREZ","Rosario","Asfalto","S/D","II","S/D","Urbana","Ninguna","S/D","Intersección","Bueno","S/D","Diurna","Buen Tiempo","Lateral","S/D","Colisión","Otro","Faltante","Ninguna","Sin restricción"
2014,4305,27/06/2014,"Viernes",0,04:05:00,,"0.0",2,"Automóvil,Automóvil","Av. Battle y Ordoñez 1400",3,1,0,0,2,0,0,,"Avenida",,"ROSARIO","Rosario","Asfalto","No existe","II","Dentro","Urbana","Marca Vial","No existe","Recta","Bueno","Buena","Amanecer,Con luz artificial","Buen Tiempo","Lateral","S/D","Colisión","Ninguna","Horizontal","Cordón divisorio","Sin restricción"
2014,4306,05/06/2014,"Jueves",0,20:15:00,,"0.0",2,"Moto/Ciclomotor,Moto/Ciclomotor"," ",3,1,1,0,1,0,0,,"Camino Rural",,"SUNCHALES","Castellanos","Tierra","S/D","V","Dentro","Rural","S/D","S/D","Recta","S/D","S/D","Nocturna","S/D","Lateral","S/D","Colisión","S/D","S/D","S/D","S/D"
2014,4307,10/06/2014,"Martes",0,13:40:00,"Ruta Provincial 62","0.0",2,"Automóvil,Automóvil","Ruta Provincial Nro 13 ",3,3,0,0,0,0,0,,"Ruta",62,"MARIA JUANA","Castellanos","Asfalto,Ripio","S/D","V","Dentro","Urbana","S/D","S/D","Intersección","S/D","S/D","Diurna","S/D","Lateral","S/D","Colisión","S/D","S/D","S/D","S/D"
2014,4308,07/06/2014,"Sabado",0,18:30:00,"Ruta Nacional 34","230.0",1,"Automóvil"," ",3,2,0,0,1,0,0,,"Ruta",34,"LEHMANN","Castellanos","Hormigón","Natural","V","S/D","S/D","S/D","No existe","Recta","S/D","Buena","Atardecer","Buen Tiempo","S/D","S/D","Despiste","S/D","S/D","S/D","S/D"
2014,4309,02/06/2014,"Lunes",0,,,"0.0",2,"Automóvil,Moto/Ciclomotor","Calle 326 Y Avenida Circunvalacion",2,1,0,0,1,0,0,,"Calle",,"AVELLANEDA","General Obligado","Tierra","No existe","IX","S/D","S/D","Ninguna","No existe","Intersección","Bueno","Buena","Nocturna","Buen Tiempo","Frontal","S/D","Colisión","S/D","Faltante","Ninguna","S/D"
2014,4310,27/06/2014,"Viernes",0,22:00:00,,"0.0",2,"Moto/Ciclomotor,Taxi/Remis","Laprida Y Alzugaray",3,2,0,0,1,0,0,,"Calle",,"ROSARIO","Rosario","Asfalto","No existe","II","Dentro","Urbana","Marca Vial","No existe","Intersección","Bueno","Buena","Nocturna,Con luz artificial","Buen Tiempo","Lateral","S/D","Colisión","Ninguna","Horizontal","Cordón divisorio","Sin restricción"
2014,4311,26/01/2014,"Domingo",0,05:40:00,"Ruta Provincial 6","86.0",1,"Automóvil","RP N&#186; 6 3 km al sur de RP N&#186; 4 ",3,1,1,0,0,1,0,"-31.288738, -60.856404","Ruta",6,"NELSON","La Capital","Asfalto","Natural","I","Dentro","Rural","Señal Pare","No existe","Cruce","Bueno","Buena","Amanecer","Buen Tiempo","S/D","S/D","Vuelco","S/D","Horizontal","Ninguna","Sin restricción"
2014,4312,25/06/2014,"Miercoles",0,14:30:00,,"0.0",2,"Moto/Ciclomotor,Pickup/Utilitario","San Martin Y Prevision y Hogar",2,1,0,0,1,0,0,,"Avenida",,"ROSARIO","Rosario","Asfalto","No existe","II","Dentro","Urbana","Marca Vial","No existe","Intersección","Bueno","Buena","Diurna","Buen Tiempo","Lateral","S/D","Colisión","Ninguna","Horizontal","Cordón divisorio","Sin restricción"
2014,4313,04/06/2014,"Miercoles",0,20:45:00,,"0.0",1,"Moto/Ciclomotor","Av Italia Y Carrero Podio",2,2,0,0,0,0,0,,"Avenida",,"RAFAELA","Castellanos","Hormigón","S/D","V","Dentro","Urbana","S/D","S/D","Recta","S/D","S/D","Nocturna","S/D","S/D","S/D","Despiste","S/D","S/D","S/D","S/D"
2014,4314,04/06/2014,"Miercoles",0,19:40:00,,"0.0",2,"Moto/Ciclomotor,Automóvil","Calle 109 Y Av Colonia Ausonia",2,1,0,0,1,0,0,,"Calle",,"AVELLANEDA","General Obligado","Tierra","No existe","IX","Dentro","Urbana","Ninguna","No existe","Intersección","Bueno","Buena","Diurna","Buen Tiempo","Lateral","S/D","Colisión","S/D","Faltante","Ninguna","Sin restricción"
2014,4315,28/06/2014,"Sabado",0,02:14:00,,"0.0",1,"Automóvil","9 de Julio 1100",2,2,0,0,0,0,0,,"Calle",,"ALEJANDRA","San Javier","Tierra","Natural","XIV","Dentro","Urbana","Ninguna","No existe","Recta","Otro","Buena","Nocturna","Buen Tiempo","Contra objeto fijo","S/D","Colisión","Otro","Faltante","S/D","Sin restricción"
2014,4316,27/01/2014,"Lunes",0,07:50:00,"Autopista Provincial Brigadier E.López","145.0",2,"Camión,Camión","Autopista Santa Fe_Rosario 145",2,0,0,0,1,1,0,"-31.681374, -60.807995","Autopista","Brigadier E.López","SANTO TOMÉ","La Capital","Asfalto","Pavimento","I","Dentro","S/D","S/D","No existe","Recta","Bueno","Buena","Diurna","S/D","De alcance","S/D","Colisión","Agua","Horizontal,Vertical","S/D","Sin restricción"
2014,4317,23/06/2014,"Lunes",0,03:50:00,,"0.0",2,"Automóvil,Automóvil","San Martin Y Av. Circunvalacion",2,2,0,0,0,0,0,,"Avenida",,"ROSARIO","Rosario","Asfalto","No existe","II","Dentro","Urbana","Semáforo","Funciona","Intersección","Bueno","Buena","Nocturna,Con luz artificial","Buen Tiempo","Lateral","S/D","Colisión","Ninguna","Vertical","Cordón divisorio","Sin restricción"
2014,4318,11/06/2014,"Miercoles",0,17:00:00,,"0.0",2,"Moto/Ciclomotor,Moto/Ciclomotor","Gral Mosconi Y J M Estrada",3,0,1,0,2,0,0,,"Calle",,"RAFAELA","Castellanos","Hormigón","S/D","V","S/D","Urbana","S/D","S/D","Intersección","S/D","S/D","Diurna","S/D","Lateral","S/D","Colisión","S/D","S/D","Barrera de hormigón","S/D"
2014,4319,17/06/2014,"Martes",0,05:15:00,,"0.0",1,"Automóvil","Pasaje ",3,1,0,0,2,0,0,,"Calle",,"ALEJANDRA","San Javier","Asfalto","Natural","XIV","Dentro","Rural","Ninguna","No existe","Recta","Bueno","Reducida","Nocturna","Niebla","Atropello animal","S/D","Colisión","S/D","Vertical","Vegetación","S/D"