"anio_acci","nro_acci","fecha","desc_dia","fecha_aprox","hora_aprox","desc_ruta","km","cant_participantes","desc_participante","calle_avenida_km","total","heridos_leves","heridos_graves","heridos_gravisimos","ilesos","fallecidos","sin_datos","posicion_XY","desc_tipo_via","desc_ruta_ori","desc_loc","desc_dpto","desc_tipo_calzada","desc_tipo_banquina","desc_unidad_regional","desc_lugar_calzada","desc_zona","desc_prioridad","desc_estado_semaforo","desc_lugar_via","desc_estado_via","desc_estado_visibilidad","desc_luminosidad","desc_estado_clima","desc_tipo_colision","desc_tipo_atropello","desc_tipo_hecho","desc_pres_calzada","desc_senializacion","desc_separacion_via","desc_restriccion"
2014,4320,22/06/2014,"Domingo",0,15:30:00,,"0.0",2,"Automóvil,Automóvil","Marco Polo Y Buenos Aires",3,1,0,0,2,0,0,,"Calle",,"ROSARIO","Rosario","Asfalto","No existe","II","Dentro","Urbana","Marca Vial","No existe","Intersección","Bueno","Buena","Diurna","Buen Tiempo","Lateral","S/D","Colisión","Ninguna","Horizontal","Cordón divisorio","Sin restricción"
2014,4321,24/06/2014,"Martes",0,,,"0.0",2,"Pickup/Utilitario,Moto/Ciclomotor","Cordoba Y Independencia",2,1,0,0,1,0,0,,"Calle",,"VILLA CONSTITUCIÓN","Constitución","Asfalto","No existe","VI","S/D","Urbana","Ninguna","No existe","Intersección","Bueno","Buena","Diurna","Buen Tiempo","S/D","S/D","Colisión","Ninguna","S/D","Cordón divisorio","S/D"
2014,4322,16/06/2014,"Lunes",0,07:30:00,,"0.0",2,"Moto/Ciclomotor,Automóvil","Av. Battle y Ordoñez Y Paraguay",2,1,0,0,1,0,0,,"Avenida",,"ROSARIO","Rosario","Asfalto","No existe","II","Dentro","Urbana","Ninguna","No existe","Intersección","Bueno","Buena","Diurna","Otro","De alcance","S/D","Colisión","Ninguna","Horizontal","Cordón divisorio","Sin restricción"
2014,4323,03/06/2014,"Martes",0,,,"0.0",1,"Automóvil","Avenida Circunvalacion ",5,2,0,0,1,0,2,,"Avenida",,"AVELLANEDA","General Obligado","Asfalto","Natural","IX","Dentro","Urbana","Señal Pare","Funciona","Curva","Bueno","Buena","Nocturna","Buen Tiempo","Contra objeto fijo","S/D","Colisión","S/D","Horizontal","Ninguna","Sin restricción"
2014,4325,10/07/2014,"Jueves",0,13:00:00,,"0.0",2,"Moto/Ciclomotor,Moto/Ciclomotor","Rivadavia Y G Alvear",2,1,0,0,0,0,1,,"Calle",,"ESPERANZA","Las Colonias","Asfalto","No existe","XI","Dentro","Urbana","Ninguna","No existe","Intersección","Bueno","Buena","Diurna","Buen Tiempo","Lateral","S/D","Colisión","S/D","Horizontal","Ninguna","Sin restricción"
2014,4326,07/06/2014,"Sabado",0,15:00:00,,"0.0",2,"Moto/Ciclomotor,Automóvil","Av. Circunvalacion Y España",2,1,0,0,1,0,0,,"Avenida",,"ROSARIO","Rosario","Asfalto","No existe","II","Dentro","Urbana","Ninguna","No existe","Recta","Bueno","Buena","Diurna","Otro","Otro","S/D","Colisión","Ninguna","Horizontal","Cordón divisorio","Sin restricción"
2014,4327,24/06/2014,"Martes",0,,,"0.0",2,"Moto/Ciclomotor,Automóvil","EVA PERON Y PREBISTERO D.SEGUNDO",3,1,0,0,1,0,1,,"Avenida",,"VILLA CONSTITUCIÓN","Constitución","Asfalto","No existe","VI","S/D","Urbana","Semáforo","Funciona","Intersección","Bueno","Buena","S/D","Buen Tiempo","S/D","S/D","Colisión","S/D","S/D","Cordón divisorio","Sin restricción"
2014,4328,19/06/2014,"Jueves",0,08:30:00,,"0.0",2,"Automóvil,Bicicleta","Av Carlos s Begnis Y Av Gral Lopez",3,2,0,0,1,0,0,,"Calle",,"SAN JAVIER","San Javier","Asfalto","Natural","XIV","Dentro","Urbana","Ninguna","No existe","Intersección","Bueno","Buena","Diurna","Buen Tiempo","S/D","S/D","Atropello","S/D","Faltante","Ninguna","Sin restricción"
2014,4329,10/07/2014,"Jueves",0,18:00:00,,"0.0",2,"Bicicleta,Automóvil","General Manuel Belgrano Y G Lehmann",2,1,0,0,0,0,1,,"Calle",,"ESPERANZA","Las Colonias","Asfalto","No existe","XI","Dentro","Urbana","Ninguna","No existe","Intersección","Bueno","Buena","Diurna","Buen Tiempo","S/D","S/D","Atropello","S/D","Horizontal","Ninguna","Sin restricción"
2014,4330,09/06/2014,"Lunes",0,08:50:00,,"0.0",2,"Moto/Ciclomotor,Automóvil","San Martin Y Cabildo",2,1,0,0,1,0,0,,"Avenida",,"ROSARIO","Rosario","Asfalto","No existe","II","Dentro","Urbana","Ninguna","No existe","Intersección","Bueno","Buena","Diurna","Otro","Otro","S/D","Colisión","Ninguna","Horizontal","Cordón divisorio","Sin restricción"
2014,4331,10/06/2014,"Martes",0,10:30:00,,"0.0",1,"Transporte de Pasajeros Urbano (> 8 asientos)","Lisandro de la Torre Y Balcarce",2,1,0,0,1,0,0,,"Calle",,"RAFAELA","Castellanos","Hormigón","S/D","V","Dentro","Urbana","S/D","S/D","Recta","S/D","S/D","Diurna","S/D","S/D","S/D","Otro","S/D","S/D","S/D","S/D"
2014,4332,12/06/2014,"Jueves",0,00:55:00,,"0.0",2,"Automóvil,Moto/Ciclomotor","Calle 15 ",2,0,1,0,1,0,0,,"S/D",,"AVELLANEDA","General Obligado","Asfalto","No existe","IX","S/D","S/D","Semáforo","Funciona","Intersección","Bueno","Buena","Nocturna","Buen Tiempo","Lateral","S/D","Colisión","S/D","S/D","Línea divisoria pintada","Sin restricción"
2014,4333,07/06/2014,"Sabado",0,20:30:00,,"0.0",2,"Moto/Ciclomotor,Automóvil","F.Frias Y Pago de los Arroyos",3,1,0,0,2,0,0,,"Calle",,"ROSARIO","Rosario","Asfalto","No existe","II","Dentro","Urbana","Ninguna","No existe","Recta","Bueno","Buena","Nocturna","Otro","Otro","S/D","Colisión","Ninguna","Vertical","Cordón divisorio","Sin restricción"
2014,4334,09/06/2014,"Lunes",0,09:00:00,,"0.0",2,"Moto/Ciclomotor,Camión","Antonio Podio Y Gral Juan Pablo Lopez",3,1,0,0,2,0,0,,"Avenida",,"RAFAELA","Castellanos","Hormigón","S/D","V","Dentro","Urbana","S/D","S/D","Intersección","S/D","S/D","Diurna","S/D","Lateral","S/D","Colisión","S/D","S/D","S/D","S/D"
2014,4335,20/06/2014,"Viernes",0,,,"0.0",2,"Moto/Ciclomotor,Automóvil"," ",2,1,0,0,1,0,0,,"Avenida",,"VILLA CONSTITUCIÓN","Constitución","Asfalto","No existe","VI","S/D","Urbana","Ninguna","No existe","Recta","Bueno","Buena","S/D","Buen Tiempo","S/D","S/D","Colisión","Otro","S/D","Cordón divisorio","Sin restricción"
2014,4336,01/06/2014,"Domingo",0,14:10:00,,"0.0",2,"Automóvil,Automóvil","Moreno Y G Kaufmann",2,1,0,0,1,0,0,,"Calle",,"ROMANG","San Javier","Tierra","No existe","XIV","Dentro","Urbana","Ninguna","No existe","Intersección","Otro","Buena","Diurna","Buen Tiempo","Lateral","S/D","Colisión","S/D","Faltante","Ninguna","Sin restricción"
2014,4337,01/07/2014,"Martes",0,09:00:00,,"0.0",2,"Moto/Ciclomotor,Camión","Rafael Bielsa Y Ruta provincial 70",2,1,0,0,1,0,0,,"Calle",,"ESPERANZA","Las Colonias","Asfalto","No existe","XI","Dentro","Urbana","Ninguna","No existe","Recta","Resbaladiza","Reducida","Diurna","Niebla","Lateral","S/D","Colisión","Agua","Faltante","Línea divisoria pintada","Sin restricción"
2014,4338,13/06/2014,"Viernes",0,13:50:00,,"0.0",2,"Pickup/Utilitario,Moto/Ciclomotor","Calle 21 Y Calle 16",2,0,1,0,1,0,0,,"Calle",,"AVELLANEDA","General Obligado","Asfalto","Pavimento","IX","Dentro","Urbana","Ninguna","No existe","Intersección","Bueno","S/D","Diurna","Buen Tiempo","Lateral","S/D","Colisión","S/D","Faltante","Ninguna","Sin restricción"
2014,4339,07/06/2014,"Sabado",0,19:10:00,"Ruta Nacional Gral. Juan Jose Valle","0.0",2,"Moto/Ciclomotor,Moto/Ciclomotor","San Martin 7500",2,1,0,0,1,0,0,,"Ruta","Gral. Juan Jose Valle","ROSARIO","Rosario","Asfalto","No existe","II","Dentro","Urbana","Ninguna","No existe","Recta","Bueno","Buena","Atardecer","Otro","Otro","S/D","Colisión","Ninguna","Horizontal","Cordón divisorio","Sin restricción"
2014,4340,20/06/2014,"Viernes",0,,,"0.0",2,"Moto/Ciclomotor,Moto/Ciclomotor","Berutti Y General Paz",2,2,0,0,0,0,0,,"Calle",,"ESPERANZA","Las Colonias","Hormigón","No existe","XI","Dentro","Urbana","Ninguna","No existe","Intersección","Bueno","Buena","Diurna","Buen Tiempo","Lateral","S/D","Colisión","S/D","S/D","Cordón divisorio","Sin restricción"
2014,4341,05/06/2014,"Jueves",0,19:00:00,,"0.0",2,"Moto/Ciclomotor,Automóvil","Victor Manuel 464",2,0,1,0,1,0,0,,"Calle",,"RAFAELA","Castellanos","Hormigón","S/D","V","Dentro","Urbana","S/D","S/D","Recta","S/D","S/D","Atardecer","S/D","Lateral","S/D","Colisión","S/D","S/D","S/D","S/D"
2014,4342,28/06/2014,"Sabado",0,07:56:00,,"0.0",2,"Moto/Ciclomotor,Moto/Ciclomotor","S Kaenel Y C Ramseyer",2,0,1,0,1,0,0,,"Calle",,"ROMANG","San Javier","Tierra","No existe","XIV","Dentro","Urbana","Ninguna","No existe","Intersección","Bueno","Reducida","Amanecer","Buen Tiempo","Lateral","S/D","Colisión","S/D","Faltante","Ninguna","Sin restricción"
2014,4343,07/06/2014,"Sabado",0,03:00:00,"Ruta Nacional 178","0.0",2,"Automóvil,Peatón"," ",2,0,1,0,1,0,0,,"Ruta",178,"LAS ROSAS","Belgrano","Asfalto","Natural","III","Dentro","Urbana","Ninguna","No existe","Recta","Bueno","Reducida","Nocturna,Con luz artificial","Buen Tiempo","Otro","S/D","Atropello","Ninguna","Horizontal","Línea divisoria pintada","Sin restricción"
2014,4344,21/06/2014,"Sabado",0,21:20:00,,"0.0",2,"Automóvil,Moto/Ciclomotor","Santiago del Estero Y Martin Miguel de Guemes",2,1,0,0,1,0,0,,"Calle",,"VILLA CONSTITUCIÓN","Constitución","Asfalto","No existe","VI","S/D","S/D","Ninguna","No existe","Intersección","Bueno","Buena","Nocturna","Buen Tiempo","S/D","S/D","Colisión","S/D","S/D","Cordón divisorio","Sin restricción"
2014,4345,04/06/2014,"Miercoles",0,23:15:00,,"0.0",2,"Moto/Ciclomotor,Automóvil","Marco Polo Y Av. Bermudez",2,0,1,0,0,0,1,,"Avenida",,"ROSARIO","Rosario","Asfalto","No existe","II","Dentro","Urbana","Ninguna","No existe","Recta","Bueno","Buena","Nocturna,Con luz artificial","Otro","S/D","S/D","Colisión","Ninguna","Horizontal","Cordón divisorio","Sin restricción"
2014,4346,04/06/2014,"Miercoles",0,10:30:00,,"0.0",2,"Moto/Ciclomotor,Pickup/Utilitario","Falucho Y Dante Alighieri",2,1,0,0,1,0,0,,"Calle",,"RAFAELA","Castellanos","Hormigón","S/D","V","Dentro","Urbana","S/D","S/D","Intersección","S/D","S/D","Diurna","S/D","Lateral","S/D","Colisión","S/D","S/D","S/D","S/D"
2014,4347,15/06/2014,"Domingo",0,07:50:00,,"0.0",2,"Automóvil,Moto/Ciclomotor","Calle 11 Y Calle 20",2,1,0,0,1,0,0,,"Calle",,"AVELLANEDA","General Obligado","Asfalto","No existe","IX","S/D","Urbana","Ninguna","No existe","Intersección","Bueno","Buena","Diurna","Buen Tiempo","Lateral","S/D","Colisión","S/D","Vertical","Ninguna","Sin restricción"
2014,4348,13/06/2014,"Viernes",0,20:00:00,,"0.0",2,"Moto/Ciclomotor,Moto/Ciclomotor","Dentesano Y Dorrego",4,3,0,0,1,0,0,,"Calle",,"SUNCHALES","Castellanos","Asfalto","S/D","V","S/D","Urbana","S/D","S/D","Intersección","Bueno","Buena","Nocturna,Con luz artificial","S/D","S/D","S/D","Colisión","S/D","S/D","S/D","S/D"
2014,4349,02/06/2014,"Lunes",0,18:30:00,"Ruta Nacional 178","0.0",1,"Moto/Ciclomotor"," ",1,1,0,0,0,0,0,,"Ruta",178,"LAS ROSAS","Belgrano","Asfalto","Natural","III","Fuera","Urbana","Ninguna","No existe","Otro","Bueno","Buena","Diurna","Buen Tiempo","Otro","S/D","Caída ocupante","Ninguna","Vertical","Línea divisoria pintada","Sin restricción"
2014,4350,10/06/2014,"Martes",0,,,"0.0",2,"Automóvil,Moto/Ciclomotor","San Martin Y Salta",2,1,0,0,0,0,1,,"Avenida",,"VILLA CONSTITUCIÓN","Constitución","Asfalto","No existe","VI","S/D","Urbana","Ninguna","No existe","Intersección","Bueno,Otro","Buena","S/D","Buen Tiempo","S/D","S/D","Colisión","Otro","S/D","Cordón divisorio","Sin restricción"
2014,4351,17/06/2014,"Martes",0,21:30:00,"Ruta Nacional 11","791.5",1,"Moto/Ciclomotor"," ",1,0,1,0,0,0,0,,"Ruta",11,"AVELLANEDA","General Obligado","Asfalto","Natural","IX","Dentro","Urbana","Ninguna","Funciona","Recta","Bueno","Buena","Diurna","Buen Tiempo","Otro","S/D","Otro","S/D","Horizontal","Ninguna","Sin restricción"
2014,4352,22/06/2014,"Domingo",0,15:00:00,,"0.0",2,"Moto/Ciclomotor,Automóvil","Rivadavia Y Sarmiento",5,1,0,0,4,0,0,,"Calle",,"ATALIVA","Castellanos","S/D","S/D","V","S/D","S/D","S/D","S/D","Intersección","S/D","S/D","Diurna","S/D","Lateral","S/D","Colisión","S/D","S/D","S/D","S/D"
2014,4353,28/06/2014,"Sabado",0,00:40:00,"Ruta Provincial 1","0.0",2,"Automóvil,Bicicleta"," ",2,1,0,0,1,0,0,,"Ruta",1,"ROMANG","San Javier","Asfalto","Natural","XIV","Dentro","Rural","Ninguna","No existe","Recta","Bueno","Reducida","Nocturna","Buen Tiempo","S/D","S/D","Atropello","S/D","Horizontal","Línea divisoria pintada","Sin restricción"
2014,4354,04/06/2014,"Miercoles",0,12:50:00,,"0.0",2,"Moto/Ciclomotor,Camión","M Quiros 1860",4,2,0,0,2,0,0,,"Calle",,"RAFAELA","Castellanos","Hormigón","S/D","V","Dentro","Urbana","S/D","S/D","Recta","S/D","S/D","Diurna","S/D","Lateral","S/D","Colisión","S/D","S/D","S/D","S/D"
2014,4355,04/06/2014,"Miercoles",0,19:50:00,,"0.0",2,"Moto/Ciclomotor,Automóvil","Simon de Iriondo Y Buenos Aires",3,2,0,0,1,0,0,,"Calle",,"LAS ROSAS","Belgrano","Asfalto","No existe","III","Dentro","Urbana","Ninguna","No existe","Intersección","Bueno","Buena","Nocturna,Con luz artificial","Buen Tiempo","Lateral","S/D","Colisión","Ninguna","Faltante","Ninguna","Sin restricción"
2014,4356,18/06/2014,"Miercoles",0,04:50:00,,"0.0",2,"Moto/Ciclomotor,Moto/Ciclomotor","Lavalle Y Ruta provincial 70",2,2,0,0,0,0,0,,"Calle",,"ESPERANZA","Las Colonias","Asfalto","No existe","XI","Dentro","Urbana","Semáforo","Funciona","Intersección","Bueno","Buena","Nocturna","Buen Tiempo","Lateral","S/D","Colisión","S/D","Horizontal,Vertical","Cordón divisorio","Sin restricción"
2014,4357,13/06/2014,"Viernes",0,,,"0.0",2,"Automóvil,Automóvil","Manuel Dorrego Y French",2,1,0,0,0,0,1,,"Avenida",,"VILLA CONSTITUCIÓN","Constitución","Asfalto","No existe","VI","S/D","Urbana","Ninguna","No existe","Intersección","Bueno","Buena","Diurna","Buen Tiempo","S/D","S/D","Colisión","S/D","S/D","Cordón divisorio","Sin restricción"
2014,4358,01/06/2014,"Domingo",0,17:00:00,,"0.0",2,"Bicicleta,Pickup/Utilitario","Calle 3 Y Uruguay-Calle 70",4,1,2,0,1,0,0,,"Calle",,"FRONTERA","Castellanos","S/D","S/D","V","S/D","Urbana","S/D","S/D","Intersección","S/D","Buena","Diurna","Buen Tiempo","S/D","S/D","Atropello","S/D","S/D","S/D","S/D"
2014,4359,04/06/2014,"Miercoles",0,22:00:00,,"0.0",2,"Moto/Ciclomotor,Moto/Ciclomotor","Av Gral Bartolome Mitre Y Victor Manuel",2,2,0,0,0,0,0,,"Avenida",,"RAFAELA","Castellanos","S/D","S/D","V","Dentro","Urbana","S/D","S/D","Intersección","S/D","S/D","Nocturna","S/D","Lateral","S/D","Colisión","S/D","S/D","S/D","S/D"
2014,4360,01/06/2014,"Domingo",0,06:40:00,"Autopista Nacional Rosario -Cordoba","0.0",2,"Automóvil,Camión"," ",3,1,0,0,2,0,0,,"Autopista","Rosario -Cordoba","ARMSTRONG","Belgrano","Hormigón","Pavimento","III","Dentro","Rural","Ninguna","No existe","Recta","Bueno","Reducida","Amanecer","Otro","De alcance","S/D","Colisión","Ninguna","Faltante","Vegetación","Sin restricción"
2014,4361,27/05/2014,"Martes",0,16:20:00,,"0.0",2,"Automóvil,Moto/Ciclomotor","S/D ",4,1,1,0,2,0,0,,"Calle",,"ARRUFÓ","San Cristóbal","Tierra","No existe","XIII","Dentro","Urbana","Ninguna","No existe","Intersección","Ahuellamiento","Reducida p/ objetos","Atardecer","Buen Tiempo","Otro","S/D","Colisión","Material Suelto","Faltante","Ninguna","Sin restricción"
2014,4362,01/06/2014,"Domingo",0,18:00:00,,"0.0",1,"Moto/Ciclomotor","M Oliber Y J J Paso",2,2,0,0,0,0,0,,"Calle",,"RAFAELA","Castellanos","Asfalto","No existe","V","S/D","Urbana","S/D","No existe","Intersección","S/D","Buena","Diurna","Buen Tiempo","S/D","S/D","Caída ocupante","S/D","S/D","S/D","S/D"
2014,4363,17/06/2014,"Martes",0,14:50:00,,"0.0",2,"Pickup/Utilitario,Moto/Ciclomotor","Mendoza Y Ecuador",2,0,1,0,1,0,0,,"Calle",,"ROSARIO","Rosario","Asfalto","No existe","II","S/D","Urbana","Semáforo","Funciona","Intersección","Bueno","Buena","Diurna","Buen Tiempo","Lateral","S/D","Colisión","Ninguna","Vertical","Ninguna","Sin restricción"
2014,4364,26/06/2014,"Jueves",0,12:35:00,,"0.0",2,"Moto/Ciclomotor,Moto/Ciclomotor","Aaron Castellanos Y Ingeniero Gadda",2,1,0,0,0,0,1,,"Calle",,"ESPERANZA","Las Colonias","Hormigón","Pavimento","XI","Dentro","Urbana","Ninguna","No existe","Intersección","Bueno","Buena","Diurna","Buen Tiempo","Lateral","S/D","Colisión","S/D","Horizontal,Vertical","Cordón divisorio","Sin restricción"
2014,4365,02/06/2014,"Lunes",0,16:20:00,"Autopista Nacional Rosario -Cordoba","385.0",1,"Automóvil"," ",4,2,2,0,0,0,0,,"Autopista","Rosario -Cordoba","ARMSTRONG","Belgrano","Asfalto","S/D","III","Dentro","Rural","Ninguna","S/D","Recta","Bueno","Buena","Diurna","Buen Tiempo","S/D","S/D","Vuelco","Ninguna","S/D","S/D","Sin restricción"
2014,4366,28/06/2014,"Sabado",0,10:10:00,,"0.0",2,"Automóvil,Moto/Ciclomotor"," ",2,1,0,0,0,0,1,,"Calle",,"ESPERANZA","Las Colonias","Asfalto","Pavimento","XI","Dentro","Urbana","Ninguna","No existe","Intersección","Bueno","Buena","Diurna","Buen Tiempo","Lateral","S/D","Colisión","S/D","S/D","Línea divisoria pintada","Sin restricción"
2014,4367,25/06/2014,"Miercoles",0,13:20:00,,"0.0",2,"Pickup/Utilitario,Moto/Ciclomotor","Avenida Echague Y Moreno",5,3,0,0,2,0,0,,"Calle",,"CERES","San Cristóbal","Hormigón","No existe","XIII","Dentro","Urbana","Ninguna","No existe","Intersección","Bueno","Buena","Diurna","Buen Tiempo","Frontal","S/D","Colisión","Otro","Faltante","Vegetación","Sin restricción"
2014,4368,19/06/2014,"Jueves",0,,,"0.0",2,"Automóvil,Moto/Ciclomotor","Calle 120 Y Calle 111",2,1,0,0,1,0,0,,"Calle",,"AVELLANEDA","General Obligado","Asfalto","No existe","IX","S/D","S/D","Ninguna","No existe","Intersección","Bueno","Buena","Diurna","Buen Tiempo","Frontal","S/D","Colisión","S/D","Horizontal","Ninguna","Sin restricción"
2014,4370,08/06/2014,"Domingo",0,07:25:00,,"0.0",2,"Peatón,Automóvil","Gral Paz Y R Soldi",2,0,1,0,1,0,0,,"Calle",,"SUNCHALES","Castellanos","S/D","S/D","V","S/D","Urbana","S/D","S/D","Intersección","S/D","S/D","Diurna","S/D","S/D","S/D","Atropello","S/D","S/D","S/D","S/D"
2014,4371,16/06/2014,"Lunes",0,11:05:00,,"0.0",2,"Automóvil,Moto/Ciclomotor","Juan Jose Paso 1500",2,1,0,0,0,0,1,,"Calle",,"ESPERANZA","Las Colonias","S/D","S/D","XI","Dentro","Urbana","Ninguna","No existe","Intersección","Bueno","Buena","Diurna","Buen Tiempo","Lateral","S/D","Colisión","S/D","S/D","Ninguna","Sin restricción"
2014,4372,13/06/2014,"Viernes",0,,,"0.0",2,"Moto/Ciclomotor,Pickup/Utilitario","Simon Bolivar Y Salta",2,1,0,0,0,0,1,,"Calle",,"VILLA CONSTITUCIÓN","Constitución","Asfalto","No existe","VI","S/D","S/D","Ninguna","No existe","Intersección","Bueno","S/D","Diurna","Buen Tiempo","S/D","S/D","Colisión","S/D","S/D","Cordón divisorio","Sin restricción"
2014,4373,25/06/2014,"Miercoles",0,17:00:00,,"0.0",2,"Otros,Bicicleta","Av 9 de Julio ",2,1,0,0,0,0,1,,"Avenida",,"SAN GUILLERMO","San Cristóbal","Asfalto","S/D","XIII","Dentro","Urbana","S/D","Funciona","S/D","S/D","S/D","Atardecer","S/D","S/D","S/D","Atropello","S/D","S/D","S/D","S/D"
2014,4374,24/06/2014,"Martes",0,,"Ruta Provincial 1","0.0",1,"Moto/Ciclomotor"," ",1,1,0,0,0,0,0,,"Ruta",1,"HELVECIA","Garay","Asfalto","No existe","VII","Dentro","Urbana","Ninguna","No existe","Recta","Bueno","Buena","Diurna","Otro","S/D","S/D","Despiste","S/D","S/D","Ninguna","Sin restricción"
2014,4375,06/06/2014,"Viernes",0,19:00:00,,"0.0",2,"Moto/Ciclomotor,Pickup/Utilitario","Almafuerte Y 25 de Mayo",3,1,0,0,2,0,0,,"Calle",,"RAFAELA","Castellanos","Asfalto","No existe","V","S/D","Urbana","S/D","No existe","Intersección","Bueno","Buena","Atardecer","Buen Tiempo","Frontal","S/D","Colisión","S/D","S/D","S/D","S/D"
2014,4376,10/06/2014,"Martes",0,20:10:00,,"0.0",2,"Automóvil,Moto/Ciclomotor","Dr Galvez 1800",3,1,0,0,0,0,2,,"Calle",,"ESPERANZA","Las Colonias","Asfalto","Pavimento","XI","Dentro","Urbana","Ninguna","No existe","Intersección","Bueno","Buena","Nocturna,Con luz artificial","Buen Tiempo","Lateral","S/D","Colisión","S/D","Faltante","Línea divisoria pintada","Sin restricción"
2014,4377,25/06/2014,"Miercoles",0,15:10:00,,"0.0",2,"Moto/Ciclomotor,Automóvil","Calle 4 Y Calle 18",2,1,0,0,1,0,0,,"Calle",,"AVELLANEDA","General Obligado","Asfalto","No existe","IX","Dentro","Urbana","Ninguna","S/D","Intersección","Bueno","Buena","Nocturna,Con luz artificial","Buen Tiempo","Lateral","S/D","Colisión","S/D","S/D","Ninguna","Sin restricción"
2014,4378,25/06/2014,"Miercoles",0,17:00:00,,"0.0",2,"Otros,Bicicleta","Av 9 de Julio ",3,2,0,0,0,0,1,,"Avenida",,"SAN GUILLERMO","San Cristóbal","S/D","S/D","XIII","Dentro","Urbana","Semáforo","Funciona","S/D","S/D","S/D","Diurna","S/D","S/D","S/D","Atropello","S/D","S/D","S/D","S/D"
2014,4379,14/06/2014,"Sabado",0,01:05:00,,"0.0",2,"Moto/Ciclomotor,Automóvil","Estanislao Zeballos 1500",2,1,0,0,0,0,1,,"Calle",,"ESPERANZA","Las Colonias","Asfalto","Pavimento","XI","Dentro","Urbana","Ninguna","No existe","Intersección","Bueno","Buena","Nocturna,Con luz artificial","Buen Tiempo","Lateral","S/D","Colisión","S/D","S/D","Ninguna","Sin restricción"
2014,4380,19/06/2014,"Jueves",0,,,"0.0",2,"Tracción animal / Carro,Otros"," ",2,0,0,0,0,0,2,,"S/D",,"VILLA CONSTITUCIÓN","Constitución","S/D","S/D","VI","S/D","Urbana","S/D","S/D","S/D","S/D","S/D","S/D","S/D","Atropello animal","S/D","Colisión","S/D","S/D","S/D","S/D"
2014,4381,09/06/2014,"Lunes",0,07:40:00,,"0.0",1,"Automóvil"," ",1,1,0,0,0,0,0,,"Calle",,"AVELLANEDA","General Obligado","Ripio","No existe","IX","S/D","S/D","Ninguna","No existe","Recta","Bueno","Reducida","Nocturna","Buen Tiempo","S/D","S/D","Vuelco","S/D","S/D","Ninguna","Sin restricción"
2014,4382,04/06/2014,"Miercoles",0,12:50:00,,"0.0",2,"Automóvil,Moto/Ciclomotor","DR ROMANG Y PTE ALFONSIN",2,1,0,0,1,0,0,,"Calle",,"HELVECIA","Garay","Hormigón","Pavimento","VII","Dentro","Urbana","Ninguna","No existe","Intersección","Bueno","Buena","Diurna","Otro","S/D","S/D","Otro","S/D","Faltante","Ninguna","Sin restricción"
2014,4383,16/06/2014,"Lunes",0,20:30:00,"Autopista Nacional 9","400.0",1,"Automóvil"," ",1,1,0,0,0,0,0,,"Autopista",9,"ARMSTRONG","Belgrano","Asfalto","S/D","III","Dentro","Urbana","Ninguna","No existe","Recta","Bueno","Buena","Nocturna","Buen Tiempo","S/D","S/D","Vuelco","Ninguna","S/D","Ninguna","Sin restricción"
2014,4384,30/06/2014,"Lunes",0,,,"0.0",2,"Automóvil,Moto/Ciclomotor","Pbro D Segundo Y Misiones",2,1,0,0,1,0,0,,"Avenida",,"VILLA CONSTITUCIÓN","Constitución","Asfalto","No existe","VI","S/D","Urbana","Ninguna","No existe","Recta","Bueno","Buena","S/D","Buen Tiempo","S/D","S/D","Colisión","S/D","S/D","Cordón divisorio","Sin restricción"
2014,4385,14/06/2014,"Sabado",0,13:10:00,"Ruta Provincial 1","0.0",1,"Moto/Ciclomotor","Gobernador Jose B Iturraspe ",1,1,0,0,0,0,0,,"Ruta",1,"HELVECIA","Garay","Tierra","Natural","VII","Dentro","Urbana","Ninguna","No existe","Intersección","Bueno","Buena","Diurna","Buen Tiempo","S/D","S/D","Despiste","S/D","S/D","Ninguna","Sin restricción"
2014,4386,27/05/2014,"Martes",0,20:30:00,,"0.0",2,"Automóvil,Moto/Ciclomotor","Cordoba Y Santa Fe",3,2,0,0,1,0,0,,"Calle",,"MONTES DE OCA","Belgrano","Asfalto","No existe","III","Dentro","Urbana","Ninguna","No existe","Intersección","Bueno","Reducida","Nocturna,Con luz artificial","Buen Tiempo","Frontal","S/D","Colisión","Ninguna","Vertical","Ninguna","Sin restricción"
2014,4387,10/06/2014,"Martes",0,18:20:00,,"0.0",2,"Moto/Ciclomotor,Camión","General Paz Y Triunvirato",2,0,1,0,1,0,0,,"Calle",,"RAFAELA","Castellanos","Hormigón","S/D","V","Dentro","Urbana","S/D","S/D","Intersección","S/D","S/D","Diurna","S/D","Lateral","S/D","Colisión","S/D","S/D","S/D","S/D"
2014,4388,01/06/2014,"Domingo",0,22:40:00,,"0.0",2,"Moto/Ciclomotor,Automóvil","Av. Battle y Ordoñez Y Av. Bermudez",2,1,0,0,1,0,0,,"Avenida",,"ROSARIO","Rosario","Asfalto","No existe","II","Dentro","Urbana","Ninguna","No existe","Intersección","Bueno","Buena","Nocturna","Otro","Otro","S/D","Colisión","Ninguna","Horizontal","Cordón divisorio","Sin restricción"