"anio_acci","nro_acci","fecha","desc_dia","fecha_aprox","hora_aprox","desc_ruta","km","cant_participantes","desc_participante","calle_avenida_km","total","heridos_leves","heridos_graves","heridos_gravisimos","ilesos","fallecidos","sin_datos","posicion_XY","desc_tipo_via","desc_ruta_ori","desc_loc","desc_dpto","desc_tipo_calzada","desc_tipo_banquina","desc_unidad_regional","desc_lugar_calzada","desc_zona","desc_prioridad","desc_estado_semaforo","desc_lugar_via","desc_estado_via","desc_estado_visibilidad","desc_luminosidad","desc_estado_clima","desc_tipo_colision","desc_tipo_atropello","desc_tipo_hecho","desc_pres_calzada","desc_senializacion","desc_separacion_via","desc_restriccion"
2014,4389,17/06/2014,"Martes",0,15:10:00,,"0.0",2,"Automóvil,Moto/Ciclomotor","Bv San Martin Y Pio Domingo Chiodi",2,1,0,0,1,0,0,,"Calle",,"ARMSTRONG","Belgrano","Asfalto","S/D","III","Dentro","Urbana","Ninguna","S/D","Recta","Bueno","Buena","Diurna","Buen Tiempo","Frontal","S/D","Colisión","Ninguna","S/D","S/D","Sin restricción"
2014,4390,11/06/2014,"Miercoles",0,17:25:00,,"0.0",2,"Moto/Ciclomotor,Automóvil","Bv G L Lhemann Y Simon Bolivar",2,1,0,0,1,0,0,,"Avenida",,"RAFAELA","Castellanos","S/D","S/D","V","Dentro","Urbana","S/D","S/D","Intersección","S/D","S/D","Diurna","S/D","Lateral","S/D","Colisión","S/D","S/D","S/D","S/D"
2014,4391,02/06/2014,"Lunes",0,,,"0.0",2,"Otros,Peatón","Independencia Y Presidente Peron",2,0,1,0,0,0,1,,"Calle",,"VILLA CONSTITUCIÓN","Constitución","Asfalto","Ripio","VI","S/D","Urbana","Ninguna","No existe","Recta","Bueno","Buena","S/D","Buen Tiempo","S/D","S/D","Atropello","S/D","S/D","Ninguna","Sin restricción"
2014,4392,25/06/2014,"Miercoles",0,17:00:00,,"0.0",1,"Moto/Ciclomotor","Av 9 de Julio ",1,1,0,0,0,0,0,,"Calle",,"SAN GUILLERMO","San Cristóbal","Asfalto","Pavimento","XIII","Dentro","Urbana","Semáforo","Funciona","S/D","S/D","S/D","Atardecer","Buen Tiempo","S/D","S/D","Caída ocupante","S/D","S/D","S/D","S/D"
2014,4393,07/06/2014,"Sabado",0,22:25:00,,"0.0",2,"Automóvil,Moto/Ciclomotor","Calle 6-Ituzaingo Y Calle 31-Newbery",3,0,0,0,1,0,2,,"Calle",,"RECONQUISTA","General Obligado","Asfalto","S/D","IX","S/D","S/D","S/D","S/D","Intersección","S/D","S/D","Nocturna","S/D","S/D","S/D","S/D","S/D","S/D","S/D","S/D"
2014,4394,25/06/2014,"Miercoles",0,12:10:00,,"0.0",2,"Moto/Ciclomotor,Automóvil","Cordoba Y Av Aristobulo del Valle",2,1,0,0,1,0,0,,"Avenida",,"RAFAELA","Castellanos","Asfalto","No existe","V","Dentro","Urbana","S/D","No existe","Intersección","Bueno","Buena","Diurna","Buen Tiempo","Frontal","S/D","Colisión","S/D","S/D","S/D","S/D"
2014,4395,04/06/2014,"Miercoles",0,18:00:00,,"0.0",2,"Automóvil,Moto/Ciclomotor","Calle 21-Gdor. iriondo 1055",3,0,0,0,2,0,1,,"Calle",,"RECONQUISTA","General Obligado","Asfalto","S/D","IX","S/D","S/D","S/D","S/D","S/D","S/D","S/D","Diurna","Lluvia","S/D","S/D","S/D","Agua","S/D","S/D","S/D"
2014,4396,20/06/2014,"Viernes",0,09:45:00,,"0.0",2,"Automóvil,Moto/Ciclomotor","8 KM AL NORTE DE SUARDI ",2,1,0,0,1,0,0,,"Calle",,"MONTE OSCURIDAD","San Cristóbal","Tierra","No existe","XIII","Dentro","Urbana","Ninguna","No existe","Recta","Bueno","Buena","Diurna","Buen Tiempo","Frontal","S/D","Colisión","S/D","Faltante","Ninguna","Sin restricción"
2014,4397,22/06/2014,"Domingo",0,16:15:00,,"0.0",2,"Moto/Ciclomotor,Automóvil","Dr Galvez 1300",2,0,1,0,0,0,1,,"Calle",,"ESPERANZA","Las Colonias","Asfalto","No existe","XI","Dentro","Urbana","Ninguna","No existe","Intersección","Bueno","Buena","Nocturna,Con luz artificial","Buen Tiempo","Lateral","S/D","Colisión","S/D","Faltante","Ninguna","Sin restricción"
2014,4398,25/06/2014,"Miercoles",0,12:15:00,,"0.0",2,"Moto/Ciclomotor,Automóvil","Intendente Gimenez Y J M Estrada",2,1,0,0,1,0,0,,"Calle",,"RAFAELA","Castellanos","Asfalto","No existe","V","S/D","Urbana","S/D","No existe","Intersección","Bueno","Buena","Diurna","Buen Tiempo","Frontal","S/D","Colisión","S/D","S/D","S/D","S/D"
2014,4399,10/06/2014,"Martes",0,09:30:00,,"0.0",2,"Automóvil,Moto/Ciclomotor","Calle 10-Ludue±a 425",3,0,0,0,1,0,2,,"Calle",,"RECONQUISTA","General Obligado","Asfalto","S/D","I","S/D","S/D","S/D","No existe","S/D","Bueno","Buena","Diurna","S/D","S/D","S/D","S/D","S/D","S/D","S/D","S/D"
2014,4400,02/06/2014,"Lunes",0,19:30:00,,"0.0",1,"Moto/Ciclomotor","Calle 27-Gdor Freyre 1520",2,2,0,0,0,0,0,,"Calle",,"RECONQUISTA","General Obligado","Asfalto","Pavimento","IX","Dentro","Urbana","Ninguna","No existe","Recta","Bueno","Buena","Nocturna,Con luz artificial","Buen Tiempo","Atropello animal","S/D","Colisión","S/D","Horizontal","Cordón divisorio","Sin restricción"
2014,4401,18/06/2014,"Miercoles",0,18:40:00,,"0.0",2,"Automóvil,Moto/Ciclomotor","Avenida Tristan Malbran Y Moreno",3,0,1,0,2,0,0,,"Calle",,"CERES","San Cristóbal","Asfalto","No existe","XIII","Dentro","Urbana","Ninguna","No existe","Recta","Bueno","Buena","Atardecer","Buen Tiempo","Lateral","S/D","Colisión","S/D","Faltante","Cordón divisorio","S/D"
2014,4402,07/06/2014,"Sabado",0,17:30:00,,"0.0",2,"Moto/Ciclomotor,Automóvil","Lainez Y Illia Pte",2,0,1,0,1,0,0,,"Calle",,"SUNCHALES","Castellanos","S/D","S/D","V","S/D","Urbana","S/D","S/D","Intersección","Bueno","Buena","Diurna","S/D","S/D","S/D","Colisión","S/D","S/D","S/D","S/D"
2014,4403,24/06/2014,"Martes",0,,,"0.0",2,"Automóvil,Moto/Ciclomotor","Simon Bolivar Y Jujuy",2,1,0,0,1,0,0,,"S/D",,"VILLA CONSTITUCIÓN","Constitución","Asfalto","No existe","VI","S/D","S/D","Ninguna","S/D","Intersección","Bueno","Buena","Diurna","Buen Tiempo","S/D","S/D","Colisión","S/D","S/D","Cordón divisorio","Sin restricción"
2014,4404,02/06/2014,"Lunes",0,20:00:00,,"0.0",1,"Automóvil","PUENTE RECONQUISTA Y AVELLANEDA",2,1,0,0,1,0,0,,"Avenida",,"RECONQUISTA","General Obligado","Hormigón","Pavimento","IX","Dentro","Urbana","Ninguna","No existe","Puente","Bueno","Buena","Nocturna,Con luz artificial","Buen Tiempo","Atropello animal","S/D","Colisión","S/D","Faltante","Línea divisoria pintada","Sin restricción"
2014,4405,27/06/2014,"Viernes",0,18:00:00,"Ruta Provincial 1","104.0",1,"Automóvil"," ",4,4,0,0,0,0,0,,"Ruta",1,"HELVECIA","Garay","Asfalto","Natural","VII","Fuera","Rural","Ninguna","No existe","Curva","Bueno","Buena","Atardecer","Buen Tiempo","S/D","S/D","Vuelco","S/D","Faltante","Ninguna","Sin restricción"
2014,4406,06/06/2014,"Viernes",0,18:40:00,"Ruta Nacional 34","0.0",2,"Moto/Ciclomotor,Automóvil","Av Luis Fanti Y Ruta Nac 34 Gral Guemes",2,1,0,0,0,0,1,,"Ruta",34,"RAFAELA","Castellanos","Asfalto","S/D","V","S/D","S/D","S/D","S/D","Intersección","Bueno","Buena","Atardecer","S/D","S/D","S/D","Colisión","S/D","S/D","S/D","S/D"
2014,4407,10/06/2014,"Martes",0,19:20:00,,"0.0",2,"Automóvil,Moto/Ciclomotor","Calle 9-Mariano Moreno Y Calle 32 - Amenabar",2,1,0,0,1,0,0,,"Calle",,"RECONQUISTA","General Obligado","Asfalto","Pavimento","IX","Dentro","Urbana","Ninguna","No existe","Intersección","Bueno","Buena","Atardecer,Con luz artificial","Buen Tiempo","Lateral","S/D","Colisión","S/D","Vertical","Cordón divisorio","Sin restricción"
2014,4408,30/06/2014,"Lunes",0,01:15:00,,"0.0",2,"Automóvil,Moto/Ciclomotor","14 de Febrero Y Moreno",2,1,0,0,0,0,1,,"Calle",,"VILLA CONSTITUCIÓN","Constitución","Asfalto","No existe","VI","S/D","Urbana","Ninguna","No existe","Intersección","Bueno","Buena","Nocturna","Buen Tiempo","S/D","S/D","Colisión","S/D","S/D","Cordón divisorio","Sin restricción"
2014,4409,06/06/2014,"Viernes",0,10:30:00,,"0.0",2,"Bicicleta,Automóvil","Bv Santa Fe Y España",2,1,0,0,1,0,0,,"Avenida",,"RAFAELA","Castellanos","Asfalto","S/D","V","S/D","Urbana","S/D","S/D","Intersección","Bueno","Buena","Diurna","S/D","S/D","S/D","Atropello","S/D","S/D","S/D","S/D"
2014,4410,25/06/2014,"Miercoles",0,15:50:00,,"0.0",2,"Automóvil,Moto/Ciclomotor","SAN LORENZO Y J. M. ESTRADA",3,2,0,0,1,0,0,,"Calle",,"RAFAELA","Castellanos","Asfalto","S/D","V","S/D","Urbana","S/D","S/D","Intersección","Bueno","Buena","Diurna","S/D","S/D","S/D","Colisión","S/D","S/D","S/D","S/D"
2014,4411,29/06/2014,"Domingo",0,07:30:00,,"0.0",2,"Automóvil,Moto/Ciclomotor","Maipu Y Av Los Colonizadores",4,1,0,0,0,0,3,,"Avenida",,"ESPERANZA","Las Colonias","Asfalto","No existe","XI","Dentro","Urbana","Ninguna","No existe","Intersección","Bueno","Buena","Diurna","Buen Tiempo","Lateral","S/D","Colisión","S/D","Horizontal","Ninguna","Sin restricción"
2014,4412,29/06/2014,"Domingo",0,,,"0.0",2,"Moto/Ciclomotor,Automóvil","Sabin Y Misiones",2,1,0,0,0,0,1,,"Calle",,"VILLA CONSTITUCIÓN","Constitución","Ripio","No existe","VI","S/D","Urbana","Ninguna","No existe","Intersección","Bueno","Buena","Diurna","Buen Tiempo","S/D","S/D","Colisión","S/D","S/D","Cordón divisorio","Sin restricción"
2014,4413,01/06/2014,"Domingo",0,15:45:00,,"0.0",2,"Automóvil,Automóvil","9 de Julio Y Fray Antonio Rossi",5,1,0,0,2,0,2,,"S/D",,"HELVECIA","Garay","Tierra","No existe","VII","S/D","S/D","Ninguna","No existe","Intersección","Bueno","S/D","Diurna","Buen Tiempo","S/D","S/D","Colisión","S/D","S/D","Ninguna","Sin restricción"
2014,4414,22/06/2014,"Domingo",0,21:30:00,,"0.0",2,"Moto/Ciclomotor,Automóvil","Antonio Podio Y Velez Sarfield",2,1,0,0,1,0,0,,"Avenida",,"RAFAELA","Castellanos","Hormigón","S/D","V","Dentro","Urbana","S/D","S/D","Intersección","S/D","S/D","Nocturna","S/D","Lateral","S/D","Colisión","S/D","S/D","S/D","S/D"
2014,4415,02/06/2014,"Lunes",0,17:10:00,,"0.0",2,"Moto/Ciclomotor,Automóvil","Calle 25-Rivadavia Y Calle 22- 25 de Mayo",2,1,0,0,1,0,0,,"Calle",,"RECONQUISTA","General Obligado","Asfalto","Pavimento","IX","Dentro","Urbana","Ninguna","No existe","Recta","Bueno","Buena","Diurna","Buen Tiempo","Lateral","S/D","Colisión","S/D","Faltante","Ninguna","Sin restricción"
2014,4416,06/06/2014,"Viernes",0,13:30:00,,"0.0",2,"Pickup/Utilitario,Moto/Ciclomotor","Lisandro de la Torre Y Nicolas Avellaneda",2,1,0,0,1,0,0,,"Calle",,"RAFAELA","Castellanos","Asfalto","S/D","V","S/D","Urbana","S/D","S/D","Intersección","Bueno","Buena","Diurna","S/D","S/D","S/D","Colisión","S/D","S/D","S/D","S/D"
2014,4417,22/06/2014,"Domingo",0,15:40:00,"Ruta Provincial 13","0.0",2,"Bicicleta,Automóvil"," ",2,1,0,0,1,0,0,,"Ruta",13,"MARIA JUANA","Castellanos","Asfalto","S/D","V","Dentro","Rural","S/D","S/D","Cruce","S/D","S/D","Diurna","S/D","S/D","S/D","Atropello","S/D","S/D","S/D","S/D"
2014,4418,09/06/2014,"Lunes",0,08:40:00,,"0.0",2,"Automóvil,Moto/Ciclomotor","Mariano Moreno Y 3 de Febrero",2,1,0,0,1,0,0,,"Calle",,"ESPERANZA","Las Colonias","Asfalto","No existe","XI","Dentro","Urbana","Ninguna","No existe","Intersección","Bueno","Buena","Diurna","Buen Tiempo","Lateral","S/D","Colisión","S/D","Horizontal","Cordón divisorio","Sin restricción"
2014,4419,02/06/2014,"Lunes",0,11:00:00,,"0.0",2,"Moto/Ciclomotor,Automóvil","12 de Octubre Y Suipacha Av",2,1,0,0,1,0,0,,"Avenida",,"RAFAELA","Castellanos","Asfalto","No existe","V","S/D","Urbana","S/D","No existe","Intersección","S/D","Buena","Diurna","Buen Tiempo","Frontal","S/D","Colisión","S/D","S/D","S/D","S/D"
2014,4420,13/06/2014,"Viernes",0,12:50:00,,"0.0",2,"Automóvil,Automóvil","San Martin Y Rondeau",4,2,0,0,2,0,0,,"Calle",,"SAN JOSÉ DE LA ESQUINA","Caseros","Asfalto","No existe","III","Dentro","Urbana","Ninguna","No existe","Intersección","Bueno","Buena","Diurna","Buen Tiempo","Frontal","S/D","Colisión","Agua","Horizontal","Ninguna","Sin restricción"
2014,4421,20/06/2014,"Viernes",0,18:00:00,,"0.0",2,"Moto/Ciclomotor,Automóvil","Las Heras Y Cordoba",2,0,1,0,1,0,0,,"Calle",,"RAFAELA","Castellanos","Asfalto","No existe","V","Dentro","Urbana","S/D","No existe","Intersección","Bueno","Buena","Diurna","Buen Tiempo","Frontal","S/D","Colisión","S/D","S/D","S/D","S/D"
2014,4422,12/06/2014,"Jueves",0,12:05:00,,"0.0",2,"Vehículo Oficial,Moto/Ciclomotor","Saavedra Y Lopez y Planes",4,1,0,0,3,0,0,,"Calle",,"ESPERANZA","Las Colonias","Asfalto","No existe","XI","Dentro","Urbana","Ninguna","No existe","Intersección","Bueno","Reducida","Diurna","Lluvia","Lateral","S/D","Colisión","Agua","Horizontal","Cordón divisorio","Sin restricción"
2014,4423,02/06/2014,"Lunes",0,10:40:00,,"0.0",2,"Moto/Ciclomotor,Automóvil","9 de Julio Y Padre Calleri",2,1,0,0,1,0,0,,"Calle",,"MARIA JUANA","Castellanos","S/D","S/D","V","S/D","Urbana","S/D","S/D","Intersección","S/D","Buena","Diurna","Buen Tiempo","Frontal","S/D","Colisión","S/D","S/D","S/D","S/D"
2014,4424,19/06/2014,"Jueves",0,21:20:00,,"0.0",2,"Moto/Ciclomotor,Automóvil","Antonio Podio Y Vicente Lopez y Planes",3,2,0,0,1,0,0,,"Calle",,"RAFAELA","Castellanos","Asfalto","No existe","V","S/D","Urbana","S/D","No existe","Intersección","Bueno","Reducida","Nocturna","Buen Tiempo","Frontal","S/D","Colisión","S/D","S/D","S/D","S/D"
2014,4425,10/06/2014,"Martes",0,19:00:00,,"0.0",2,"Moto/Ciclomotor,Moto/Ciclomotor","Los Andes Y Calle s/n",2,1,1,0,0,0,0,,"Calle",,"FRANCK","Las Colonias","Ripio","No existe","XI","Dentro","Urbana","Ninguna","No existe","Intersección","Resbaladiza","Reducida","Atardecer","Buen Tiempo","Lateral","S/D","Colisión","Material Suelto","S/D","Ninguna","Sin restricción"
2014,4426,23/06/2014,"Lunes",0,17:00:00,,"0.0",2,"Moto/Ciclomotor,Automóvil","Neuquen Y Simon Bolivar",3,2,0,0,0,0,1,,"Calle",,"VILLA CONSTITUCIÓN","Constitución","Asfalto","S/D","VI","Dentro","Urbana","S/D","S/D","Recta","Bueno","S/D","Diurna","Buen Tiempo","Frontal","S/D","Colisión","S/D","S/D","S/D","S/D"
2014,4427,07/06/2014,"Sabado",0,12:50:00,,"0.0",2,"Automóvil,Moto/Ciclomotor","Calle 7-Sarmiento Y Calle 28 - San Lorenzo",2,1,0,0,1,0,0,,"Calle",,"RECONQUISTA","General Obligado","Asfalto","Pavimento","IX","Dentro","Urbana","Ninguna","No existe","Intersección","Bueno","Buena","Diurna","Buen Tiempo","Lateral","S/D","Colisión","Otro","S/D","Cordón divisorio","Sin restricción"
2014,4428,19/06/2014,"Jueves",0,18:50:00,,"0.0",2,"Moto/Ciclomotor,Automóvil","General Paz Y Triunvirato",2,1,0,0,1,0,0,,"Calle",,"RAFAELA","Castellanos","Asfalto","S/D","V","Dentro","Urbana","S/D","S/D","Intersección","Bueno","Buena","Atardecer","Buen Tiempo","Frontal","S/D","Colisión","S/D","S/D","S/D","S/D"
2014,4429,23/06/2014,"Lunes",0,23:00:00,,"0.0",2,"Moto/Ciclomotor,Automóvil","Facundo Quiroga Y Oroño",3,1,0,0,0,0,2,,"Calle",,"VILLA CONSTITUCIÓN","Constitución","Hormigón","S/D","VI","Dentro","Urbana","S/D","S/D","Intersección","Bueno","Buena","Nocturna,Con luz artificial","Buen Tiempo","Frontal","S/D","Colisión","S/D","S/D","S/D","S/D"
2014,4430,29/06/2014,"Domingo",0,13:30:00,,"0.0",2,"Moto/Ciclomotor,Automóvil","Manuel Dorrego Y Mendoza",2,0,1,0,0,0,1,,"Calle",,"VILLA CONSTITUCIÓN","Constitución","Asfalto","No existe","VI","S/D","Urbana","Ninguna","No existe","Intersección","Bueno","Buena","Diurna","Buen Tiempo","S/D","S/D","Colisión","S/D","S/D","Cordón divisorio","Sin restricción"
2014,4431,18/06/2014,"Miercoles",0,16:00:00,,"0.0",2,"Moto/Ciclomotor,Pickup/Utilitario","25 de Mayo Y Almafuerte",3,2,0,0,1,0,0,,"Calle",,"RAFAELA","Castellanos","Asfalto","S/D","V","Dentro","Urbana","S/D","S/D","Intersección","Bueno","Buena","Diurna","S/D","S/D","S/D","Colisión","S/D","S/D","S/D","S/D"
2014,4432,14/06/2014,"Sabado",0,06:05:00,"Ruta Nacional 33","0.0",2,"Moto/Ciclomotor,Camión","Bv Roque S Peña Y Pellegrini",3,1,1,0,0,0,1,,"Ruta",33,"CHABAS","Caseros","Asfalto","Pavimento","IV","Fuera","Urbana","Marca Vial","No existe","Recta","Bueno","Buena","Amanecer","Buen Tiempo","S/D","S/D","Colisión","S/D","Faltante","Línea divisoria pintada","Sin restricción"
2014,4433,16/06/2014,"Lunes",0,14:30:00,,"0.0",2,"Moto/Ciclomotor,Automóvil","Av Aristobulo del Valle Y Intendente Gimenez",2,1,0,0,1,0,0,,"Avenida",,"RAFAELA","Castellanos","Hormigón","S/D","V","Dentro","Urbana","S/D","S/D","Intersección","S/D","S/D","Diurna","S/D","Lateral","S/D","Colisión","S/D","S/D","S/D","S/D"
2014,4434,27/06/2014,"Viernes",0,23:20:00,,"0.0",2,"Moto/Ciclomotor,Automóvil","Santa Cruz Y Simon Bolivar",3,2,0,0,0,0,1,,"Calle",,"VILLA CONSTITUCIÓN","Constitución","Hormigón","S/D","VI","Dentro","Urbana","S/D","S/D","Intersección","Bueno","Buena","Nocturna,Con luz artificial","Buen Tiempo","Frontal","S/D","Colisión","S/D","S/D","S/D","S/D"
2014,4435,04/06/2014,"Miercoles",0,11:35:00,"Ruta Nacional 34","254.5",2,"Camión,Transporte de Pasajeros Larga Distancia (> 8 asientos)"," ",32,5,0,0,27,0,0,,"Ruta",34,"SUNCHALES","Castellanos","Asfalto","S/D","V","Dentro","Rural","S/D","S/D","Recta","S/D","S/D","Diurna","S/D","Frontal","S/D","Colisión","S/D","S/D","S/D","S/D"
2014,4436,28/06/2014,"Sabado",0,,,"0.0",2,"Automóvil,Moto/Ciclomotor","Moreno Y Salta",3,2,0,0,1,0,0,,"Calle",,"VILLA CONSTITUCIÓN","Constitución","Asfalto","Pavimento","VI","S/D","Urbana","Ninguna","No existe","Intersección","Bueno","Buena","S/D","Buen Tiempo","S/D","S/D","Colisión","S/D","S/D","Cordón divisorio","Sin restricción"
2014,4437,02/06/2014,"Lunes",0,19:30:00,,"0.0",2,"Moto/Ciclomotor,Pickup/Utilitario","Tabares Y S Rubios",2,1,0,0,0,0,1,,"Calle",,"VILLA CONSTITUCIÓN","Constitución","Asfalto","S/D","VI","S/D","Urbana","S/D","S/D","Intersección","Bueno","Buena","Diurna","S/D","Frontal","S/D","Colisión","S/D","S/D","S/D","S/D"
2014,4438,06/06/2014,"Viernes",0,11:00:00,,"0.0",2,"Moto/Ciclomotor,Automóvil","Manuel Dorrego Y Santa Cruz",3,2,0,0,0,0,1,,"Calle",,"VILLA CONSTITUCIÓN","Constitución","Asfalto","S/D","V","Dentro","Urbana","S/D","S/D","Intersección","Bueno","Buena","Diurna","Buen Tiempo","Frontal","S/D","Colisión","S/D","S/D","S/D","S/D"
2014,4439,06/06/2014,"Viernes",0,15:10:00,,"0.0",2,"Automóvil,Automóvil","Av. Ovidio Lagos 5800",2,1,0,0,1,0,0,,"Avenida",,"ROSARIO","Rosario","Asfalto","No existe","II","Dentro","Urbana","Semáforo","S/D","Recta","Con baches","Buena","Diurna","Buen Tiempo","Lateral","S/D","Colisión","S/D","Horizontal","Cordón divisorio","Sin restricción"
2014,4440,16/06/2014,"Lunes",0,19:05:00,,"0.0",2,"Moto/Ciclomotor,Camión","BV. IRIGOYEN Y MITRE",2,0,1,0,1,0,0,,"Calle",,"RECONQUISTA","General Obligado","Asfalto","Pavimento","IX","Dentro","Urbana","S/D","No existe","Intersección","Bueno","Buena","Nocturna,Con luz artificial","Buen Tiempo","Lateral","S/D","Colisión","Otro","Vertical","Cordón divisorio","Sin restricción"
2014,4441,07/06/2014,"Sabado",0,19:30:00,,"0.0",2,"Moto/Ciclomotor,Automóvil","Av. Ovidio Lagos 5700",4,3,0,0,1,0,0,,"Avenida",,"ROSARIO","Rosario","Asfalto","No existe","II","Dentro","Urbana","Semáforo","Funciona","Recta","Deteriorada","Buena","Atardecer","Buen Tiempo","Lateral","S/D","Colisión","S/D","Horizontal","Cordón divisorio","Sin restricción"
2014,4442,16/06/2014,"Lunes",0,17:00:00,,"0.0",2,"Moto/Ciclomotor,Automóvil","Colon Y Velez Sarfield",2,0,1,0,1,0,0,,"Calle",,"RAFAELA","Castellanos","S/D","S/D","V","Dentro","Urbana","S/D","S/D","Intersección","S/D","S/D","Diurna","S/D","Lateral","S/D","Colisión","S/D","S/D","S/D","S/D"
2014,4443,02/06/2014,"Lunes",0,17:10:00,,"0.0",2,"Automóvil,Moto/Ciclomotor","BV. IRIGOYEN Y PATRICIO DIEZ",2,1,0,0,1,0,0,,"Calle",,"RECONQUISTA","General Obligado","Asfalto","Pavimento","IX","Dentro","Urbana","Semáforo","Funciona","Intersección","Bueno","Buena","Diurna","Buen Tiempo","Lateral","S/D","Colisión","Otro","Vertical","Cordón divisorio","Sin restricción"
2014,4444,16/06/2014,"Lunes",0,08:00:00,,"0.0",2,"Bicicleta,Moto/Ciclomotor","Av. Circunvalacion ",2,1,0,0,1,0,0,,"Avenida",,"ROSARIO","Rosario","Asfalto","Pavimento","II","Dentro","Urbana","Ninguna","No existe","Recta","Con baches","Buena","Diurna","Buen Tiempo","S/D","S/D","Atropello","S/D","Faltante","Guardarrail","Sin restricción"
2014,4445,02/06/2014,"Lunes",0,09:50:00,,"0.0",2,"Automóvil,Moto/Ciclomotor","Calle 29-Alte Brown Y Calle 28-San lorenzo",2,1,0,0,1,0,0,,"Calle",,"RECONQUISTA","General Obligado","Asfalto","Pavimento","IX","Dentro","Urbana","Ninguna","No existe","Intersección","Bueno","Buena","Diurna","Buen Tiempo","Lateral","S/D","Colisión","Otro","Faltante","Cordón divisorio","Sin restricción"
2014,4446,11/06/2014,"Miercoles",0,14:00:00,,"0.0",2,"Moto/Ciclomotor,Automóvil","Bolivia ",3,2,0,0,0,0,1,,"Calle",,"VILLA CONSTITUCIÓN","Constitución","Asfalto","S/D","VI","Dentro","Urbana","S/D","S/D","Recta","Bueno","S/D","Diurna","S/D","Frontal","S/D","Colisión","S/D","S/D","S/D","S/D"
2014,4447,18/06/2014,"Miercoles",0,12:40:00,,"0.0",2,"Automóvil,Bicicleta","FREYRE Y IRIGOYEN",2,1,0,0,1,0,0,,"Calle",,"RECONQUISTA","General Obligado","Asfalto","Pavimento","IX","Dentro","Urbana","Ninguna","No existe","Intersección","Bueno","Buena","Diurna","Buen Tiempo","S/D","S/D","Atropello","Otro","S/D","Cordón divisorio","Sin restricción"
2014,4448,16/06/2014,"Lunes",0,16:40:00,"Ruta Secundaria 280-s","25.0",1,"Moto/Ciclomotor"," ",1,1,0,0,0,0,0,,"Ruta","280-s","COLONIA ALDAO","Castellanos","Asfalto","S/D","V","Dentro","Rural","S/D","S/D","Recta","S/D","S/D","Diurna","S/D","S/D","S/D","Caída ocupante","S/D","S/D","S/D","S/D"
2014,4449,09/06/2014,"Lunes",0,14:45:00,"Ruta Provincial 90","0.0",2,"Camión,Automóvil"," ",6,2,0,0,4,0,0,,"Ruta",90,"EMPALME VILLA CONSTITUCIÓN","Constitución","Asfalto","Pavimento","VI","Dentro","Rural","Ninguna","No existe","Puente","Con baches","Buena","Diurna","Buen Tiempo","Frontal","S/D","Colisión","Ninguna","Vertical","Línea divisoria pintada","Sin restricción"
2014,4450,16/06/2014,"Lunes",0,18:00:00,,"0.0",2,"Moto/Ciclomotor,Pickup/Utilitario","Moreno Y Rioja",2,0,1,0,1,0,0,,"S/D",,"HUMBERTO 1°","Castellanos","S/D","S/D","V","Dentro","Urbana","S/D","S/D","Intersección","S/D","S/D","Diurna","S/D","Lateral","S/D","Colisión","S/D","S/D","S/D","S/D"
2014,4451,19/06/2014,"Jueves",0,18:15:00,,"0.0",2,"Automóvil,Pickup/Utilitario","Av. Circunvalacion Y Av. Ovidio Lagos",3,1,0,0,2,0,0,,"Avenida",,"ROSARIO","Rosario","Asfalto","S/D","II","Dentro","Urbana","Semáforo","Funciona","Intersección","Deteriorada","Buena","Atardecer","Buen Tiempo","S/D","S/D","Colisión","S/D","S/D","Cordón divisorio","Sin restricción"
2014,4452,09/06/2014,"Lunes",0,08:00:00,,"0.0",2,"Otros,Otros","Rivadavia Y C altamirano",2,1,0,0,1,0,0,,"Calle",,"BOMBAL","Constitución","Asfalto","S/D","VI","S/D","Urbana","Ninguna","S/D","Intersección","Resbaladiza","S/D","Diurna","Lluvia","S/D","S/D","Atropello","Agua","Faltante","Ninguna","Sin restricción"
2014,4453,16/06/2014,"Lunes",0,12:30:00,,"0.0",2,"Peatón,Moto/Ciclomotor","J.J. CASTELLI 684",2,1,0,0,1,0,0,,"Calle",,"SAN VICENTE.","Castellanos","S/D","S/D","V","Dentro","Urbana","S/D","S/D","Recta","S/D","S/D","Diurna","S/D","S/D","S/D","Atropello","S/D","S/D","S/D","S/D"
2014,4454,21/06/2014,"Sabado",0,10:00:00,,"0.0",2,"Moto/Ciclomotor,Automóvil","Cordoba Y B Mitre",2,1,0,0,1,0,0,,"Calle",,"BIGAND","Caseros","Asfalto","Natural","IV","S/D","Urbana","S/D","No existe","Intersección","Bueno","Buena","Diurna","Buen Tiempo","S/D","S/D","Colisión","S/D","Vertical","Ninguna","S/D"
2014,4455,06/06/2014,"Viernes",0,,"Ruta Nacional 9","242.0",2,"Moto/Ciclomotor,Camión"," ",2,2,0,0,0,0,0,,"Ruta",9,"VILLA CONSTITUCIÓN","Constitución","Asfalto","S/D","V","Dentro","Urbana","S/D","S/D","Recta","Bueno","S/D","S/D","Buen Tiempo","Frontal","S/D","Colisión","S/D","S/D","S/D","S/D"
2014,4456,16/06/2014,"Lunes",0,17:40:00,,"0.0",2,"Automóvil,Moto/Ciclomotor","Avenida de Mayo 154",2,1,0,0,1,0,0,,"Calle",,"CERES","San Cristóbal","Asfalto","No existe","XIII","Dentro","Urbana","Semáforo","Funciona","Recta","Bueno","Buena","Atardecer","Buen Tiempo","Frontal","S/D","Colisión","S/D","Vertical","Vegetación","Sin restricción"