"anio_acci","nro_acci","fecha","desc_dia","fecha_aprox","hora_aprox","desc_ruta","km","cant_participantes","desc_participante","calle_avenida_km","total","heridos_leves","heridos_graves","heridos_gravisimos","ilesos","fallecidos","sin_datos","posicion_XY","desc_tipo_via","desc_ruta_ori","desc_loc","desc_dpto","desc_tipo_calzada","desc_tipo_banquina","desc_unidad_regional","desc_lugar_calzada","desc_zona","desc_prioridad","desc_estado_semaforo","desc_lugar_via","desc_estado_via","desc_estado_visibilidad","desc_luminosidad","desc_estado_clima","desc_tipo_colision","desc_tipo_atropello","desc_tipo_hecho","desc_pres_calzada","desc_senializacion","desc_separacion_via","desc_restriccion"
2014,4457,09/06/2014,"Lunes",0,19:40:00,,"0.0",2,"Moto/Ciclomotor,Pickup/Utilitario","Azcuenaga Y Cochabamba",3,1,0,0,2,0,0,,"Calle",,"SAN CRISTÓBAL","San Cristóbal","Tierra","No existe","XIII","Dentro","Urbana","Ninguna","No existe","Intersección","Bueno","Reducida","Atardecer,Con luz artificial","Buen Tiempo","Lateral","S/D","Colisión","S/D","Faltante","Ninguna","Sin restricción"
2014,4458,08/06/2014,"Domingo",0,15:15:00,,"0.0",2,"Moto/Ciclomotor,Moto/Ciclomotor","Juan Pablo II Y Tristan Malbran",3,2,0,0,1,0,0,,"Calle",,"HERSILIA","San Cristóbal","Tierra","No existe","XIII","Dentro","Urbana","Ninguna","No existe","Intersección","Bueno","Buena","Diurna","Buen Tiempo","Lateral","S/D","Colisión","S/D","Horizontal","Ninguna","Sin restricción"
2014,4459,01/06/2014,"Domingo",0,18:00:00,,"0.0",2,"Moto/Ciclomotor,Automóvil","Gral San Martin Y Rivadavia",4,0,1,0,3,0,0,,"Calle",,"SAN GUILLERMO","San Cristóbal","Asfalto","S/D","XIII","Dentro","Urbana","S/D","No existe","Intersección","Bueno","S/D","Atardecer","Buen Tiempo","Lateral","S/D","Colisión","S/D","S/D","S/D","S/D"
2014,4460,02/06/2014,"Lunes",0,19:15:00,"Ruta Nacional 95","0.0",2,"Automóvil,Camión"," ",3,1,0,0,2,0,0,,"Ruta",95,"VILLA MINETTI","9 de Julio","Asfalto","Natural","XII","Dentro","Rural","Ninguna","No existe","Recta","Bueno","Buena","Nocturna,Con luz artificial","Buen Tiempo","Lateral","S/D","Colisión","S/D","S/D","Ninguna","Sin restricción"
2014,4462,07/06/2014,"Sabado",0,22:05:00,,"0.0",2,"Moto/Ciclomotor,Pickup/Utilitario","Domingo Faustino Sarmiento Y Martin m de Guemes",2,0,1,0,1,0,0,,"Calle",,"VILLA MINETTI","9 de Julio","Asfalto","S/D","XII","Dentro","Urbana","S/D","No existe","Intersección","Bueno","Buena","Nocturna","Buen Tiempo","De alcance","S/D","Colisión","S/D","Faltante","Ninguna","S/D"
2014,4463,03/06/2014,"Martes",0,16:00:00,,"0.0",2,"Pickup/Utilitario,Moto/Ciclomotor","San Luis Y Coronel Dominguez",2,0,1,0,1,0,0,,"Calle",,"SANTA CLARA DE BUENA VISTA","Las Colonias","S/D","S/D","XI","Dentro","Urbana","Ninguna","S/D","Intersección","S/D","S/D","Diurna","Buen Tiempo","Lateral","S/D","Colisión","S/D","S/D","S/D","Sin restricción"
2014,4464,13/06/2014,"Viernes",0,08:20:00,,"0.0",2,"Pickup/Utilitario,Automóvil","White Y Av. Provincias Unidas",2,1,0,0,1,0,0,,"Avenida",,"ROSARIO","Rosario","Asfalto","No existe","II","Dentro","Urbana","Semáforo","Funciona","Intersección","Bueno","Buena","Diurna","Buen Tiempo","Lateral","S/D","Colisión","Ninguna","Vertical","Ninguna","Sin restricción"
2014,4465,14/06/2014,"Sabado",0,18:40:00,"Ruta Nacional 95","844.0",2,"Camión,Moto/Ciclomotor"," ",2,0,1,0,0,0,1,,"Ruta",95,"SAN BERNARDO","9 de Julio","Asfalto","Natural","XII","Dentro","Urbana","Ninguna","No existe","Recta","Bueno","Buena","Atardecer,Con luz artificial","Buen Tiempo","Lateral","S/D","Colisión","S/D","Horizontal,Vertical","Línea divisoria pintada","Sin restricción"
2014,4466,03/06/2014,"Martes",0,10:00:00,,"0.0",2,"Automóvil,Bicicleta"," ",2,0,1,0,1,0,0,,"Camino Rural",,"SAN CARLOS CENTRO","Las Colonias","Tierra","No existe","XI","Dentro","Rural","Ninguna","No existe","Cruce","Deteriorada","Buena","Diurna","Buen Tiempo","S/D","S/D","Atropello","Material Suelto","Faltante","Ninguna","Sin restricción"
2014,4467,13/06/2014,"Viernes",0,,,"0.0",2,"Automóvil,Peatón","Hipolito Irigoyen Y Moreno",2,1,0,0,0,0,1,,"Calle",,"VILLA CONSTITUCIÓN","Constitución","Asfalto","No existe","VI","S/D","S/D","Ninguna","No existe","Intersección","Bueno","Buena","Diurna","Buen Tiempo","S/D","S/D","Atropello","Ninguna","S/D","Cordón divisorio","Sin restricción"
2014,4468,20/06/2014,"Viernes",0,21:30:00,,"0.0",2,"Bicicleta,Automóvil","Belgrano Manuel Y Weihmuller",2,0,1,0,1,0,0,,"Calle",,"SAN CARLOS CENTRO","Las Colonias","S/D","S/D","XI","Dentro","Urbana","S/D","S/D","Intersección","S/D","S/D","Nocturna","S/D","Lateral","S/D","Atropello","S/D","S/D","S/D","S/D"
2014,4469,04/06/2014,"Miercoles",0,08:30:00,,"0.0",2,"Moto/Ciclomotor,Automóvil","Cordoba Y Reconquista",3,1,0,0,2,0,0,,"Calle",,"PUERTO SAN MARTÍN","San Lorenzo","Asfalto","No existe","XVII","Dentro","Urbana","Ninguna","No existe","Intersección","Bueno","Buena","Diurna","Buen Tiempo","De alcance","S/D","Colisión","Ninguna","Horizontal","Ninguna","Sin restricción"
2014,4471,14/06/2014,"Sabado",0,05:40:00,"Ruta Provincial 10","0.0",1,"Pickup/Utilitario"," ",5,4,1,0,0,0,0,,"Ruta",10,"PILAR","Las Colonias","Asfalto","Natural","XI","Dentro","Rural","Ninguna","No existe","Puente","Bueno","S/D","Nocturna","S/D","S/D","S/D","Vuelco","S/D","S/D","Línea divisoria pintada","Sin restricción"
2014,4472,23/06/2014,"Lunes",0,04:05:00,,"0.0",2,"Automóvil,Moto/Ciclomotor","Calle 30-Lucas Funes Y Calle 23-Gral lopez",3,1,1,0,1,0,0,,"Calle",,"RECONQUISTA","General Obligado","Asfalto","Pavimento","IX","Dentro","Urbana","Ninguna","No existe","Intersección","Bueno","Buena","Nocturna,Con luz artificial","Buen Tiempo","Lateral","S/D","Colisión","Otro","S/D","Cordón divisorio","Sin restricción"
2014,4473,19/06/2014,"Jueves",0,20:30:00,,"0.0",2,"Automóvil,Moto/Ciclomotor","GRAL LOPEZ Y IRIGOYEN",2,1,0,0,1,0,0,,"Calle",,"RECONQUISTA","General Obligado","Asfalto","No existe","IX","Dentro","Urbana","Ninguna","No existe","Intersección","Bueno","Buena","Nocturna,Con luz artificial","Buen Tiempo","Frontal","S/D","Colisión","S/D","Horizontal","Ninguna","Sin restricción"
2014,4474,08/01/2014,"Miercoles",0,18:30:00,,"0.0",2,"Moto/Ciclomotor,Automóvil","Av A del Valle Y Callejón El Sable",6,1,0,0,4,1,0,"-31.580194444444,-60.689138888889","Avenida",,"SANTA FE","La Capital","Asfalto","No existe","I","Dentro","Urbana","Ninguna","No existe","Intersección","Bueno","Buena","Atardecer","Buen Tiempo","De alcance","S/D","Colisión","Ninguna","Faltante","Guardarrail","Sin restricción"
2014,4475,27/01/2014,"Lunes",0,20:30:00,"Ruta Provincial 1","1.0",2,"Bicicleta,Pickup/Utilitario"," ",2,0,0,0,1,1,0,"-31.635046, -60.620724","Ruta",1,"COLASTINE","La Capital","Asfalto","Natural","I","Dentro","Urbana","Semáforo","Funciona","Recta","Bueno","Buena","Nocturna","Buen Tiempo","S/D","S/D","Atropello","Ninguna","Horizontal","Línea divisoria pintada","Sin restricción"
2014,4476,26/01/2014,"Domingo",0,15:10:00,,"0.0",2,"Moto/Ciclomotor,Automóvil","Herrera Y Zelaya",3,0,0,0,2,1,0,"-32.896222222222,-60.695694444444","Calle",,"ROSARIO","Rosario","Asfalto","No existe","II","Dentro","Urbana","Ninguna","No existe","Recta","Bueno","Buena","Diurna","Buen Tiempo","S/D","S/D","Colisión","Ninguna","Faltante","Ninguna","Sin restricción"
2014,4477,19/01/2014,"Domingo",0,08:10:00,"Autopista Provincial Brigadier E.López","0.0",1,"Moto/Ciclomotor","Av. Circunvalacion ",1,0,0,0,0,1,0,"-32.881472, -60.712073","Autopista","Brigadier E.López","ROSARIO","Rosario","Asfalto","Pavimento","II","Fuera","Urbana","Ninguna","No existe","Puente","Bueno","Buena","Diurna","Buen Tiempo","Contra objeto fijo","S/D","Colisión","Ninguna","Faltante","Guardarrail","Sin restricción"
2014,4478,06/01/2014,"Lunes",0,03:35:00,"Ruta Nacional 11","873.0",2,"Moto/Ciclomotor,Transporte de Pasajeros Larga Distancia (Doble Piso)","Ruta Nacional 11 873",2,0,0,0,1,1,0,"-28.483996, -59.345432","Ruta",11,"VILLA OCAMPO","General Obligado","Hormigón","Natural","IX","Fuera","Urbana","Marca Vial","No existe","Recta","Bueno","Buena","Nocturna","Buen Tiempo","S/D","S/D","Colisión","Otro","Faltante","Cordón divisorio","Sin restricción"
2014,4479,29/01/2014,"Miercoles",0,23:30:00,,"0.0",1,"Moto/Ciclomotor","Calle 121 ",1,0,0,0,0,1,0,"-29.122132, -59.666917","Calle",,"AVELLANEDA","General Obligado","Asfalto","Natural","IX","S/D","Urbana","Ninguna","No existe","Recta","Bueno","Buena","Nocturna","Buen Tiempo","S/D","S/D","Caída ocupante","S/D","Vertical","Ninguna","Sin restricción"
2014,4480,30/01/2014,"Jueves",0,08:00:00,"Ruta Provincial 1","129.0",2,"Pickup/Utilitario,Automóvil"," ",3,1,0,0,0,2,0,"-30.689832, -59.988093","Ruta",1,"COLONIA SAN JOAQUIN","Garay","Asfalto","Natural","VII","Dentro","Rural","Ninguna","No existe","Recta","Bueno","Reducida","Diurna","Lluvia","Frontal","S/D","Colisión","Agua","Horizontal","Línea divisoria pintada","Sin restricción"
2014,4481,01/01/2014,"Miercoles",0,,,"0.0",2,"Moto/Ciclomotor,Moto/Ciclomotor","Tarragona Bis 1600",2,1,0,0,0,1,0,"-32.910166666667,-60.735361111111","Calle",,"ROSARIO","Rosario","Asfalto","No existe","II","Dentro","Urbana","S/D","No existe","Recta","S/D","Reducida","S/D","S/D","S/D","S/D","Colisión","S/D","S/D","S/D","S/D"
2014,4482,25/06/2014,"Miercoles",0,10:15:00,,"0.0",2,"Moto/Ciclomotor,Automóvil","Bv Oroño Y Irigoyen",2,1,0,0,1,0,0,,"Calle",,"SAN LORENZO","San Lorenzo","Hormigón","S/D","XVII","S/D","Urbana","S/D","S/D","Intersección","S/D","S/D","Diurna","S/D","S/D","S/D","Colisión","S/D","S/D","S/D","S/D"
2014,4483,23/06/2014,"Lunes",0,14:45:00,,"0.0",2,"Peatón,Moto/Ciclomotor","La Pampa ",2,2,0,0,0,0,0,,"Calle",,"TOSTADO","9 de Julio","Ripio","No existe","XII","Dentro","Urbana","Ninguna","No existe","Recta","Bueno","Buena","Diurna","Buen Tiempo","S/D","S/D","Atropello","S/D","Faltante","Ninguna","Sin restricción"
2014,4484,15/05/2014,"Jueves",0,10:00:00,,"0.0",2,"Automóvil,Pickup/Utilitario","Av San Martin Y Sarmiento",2,1,0,0,1,0,0,,"S/D",,"SAN LORENZO","San Lorenzo","Hormigón","S/D","XVII","S/D","Urbana","S/D","S/D","Intersección","Bueno","S/D","Diurna","S/D","S/D","S/D","Colisión","S/D","S/D","S/D","S/D"
2014,4485,11/06/2014,"Miercoles",0,23:15:00,,"0.0",2,"Moto/Ciclomotor,Moto/Ciclomotor","San Martin Y Juan de Garay",2,2,0,0,0,0,0,,"Calle",,"MARGARITA","Vera","Asfalto","Pavimento","XIX","S/D","Urbana","Ninguna","No existe","Intersección","Bueno","Buena","Nocturna,Con luz artificial","Buen Tiempo","Lateral","S/D","Colisión","Otro","Horizontal","Ninguna","Sin restricción"
2014,4486,26/06/2014,"Jueves",0,19:30:00,"Ruta Provincial 90","0.0",2,"Automóvil,Automóvil"," ",4,1,0,0,1,0,2,,"Ruta",90,"VILLA CONSTITUCIÓN","Constitución","Asfalto","No existe","VI","S/D","Urbana","Ninguna","No existe","Recta","Bueno","Buena","Atardecer","Buen Tiempo","S/D","S/D","Colisión","S/D","S/D","Ninguna","Sin restricción"
2014,4487,25/06/2014,"Miercoles",0,07:15:00,"Ruta Nacional 11","0.0",3,"Bicicleta,Moto/Ciclomotor,Moto/Ciclomotor","SOBRE PUENTE TAPENAGA ",3,2,1,0,0,0,0,,"Ruta",11,"FLORENCIA","General Obligado","Asfalto","Pavimento","IX","Dentro","Urbana","Ninguna","No existe","Puente","Bueno","Reducida p/ objetos","Amanecer","Buen Tiempo","Múltiple","S/D","Colisión,Atropello","S/D","S/D","Barrera de hormigón","Sin restricción"
2014,4488,06/06/2014,"Viernes",0,20:30:00,,"0.0",1,"Moto/Ciclomotor"," ",1,1,0,0,0,0,0,,"Camino Rural",,"SAN JUSTO","San Justo","Tierra","No existe","XVI","Dentro","Rural","Ninguna","No existe","Recta","Bueno","Reducida","Nocturna","Niebla","Atropello animal","S/D","Atropello","S/D","Faltante","Ninguna","S/D"
2014,4489,30/06/2014,"Lunes",0,18:00:00,,"0.0",2,"Peatón,Moto/Ciclomotor","Sarmiento 300",2,0,1,0,1,0,0,,"Calle",,"GÁLVEZ","San Jerónimo","Hormigón","S/D","XV","Dentro","Urbana","Ninguna","No existe","Recta","Bueno","Buena","Diurna","Buen Tiempo","S/D","S/D","Atropello","S/D","Faltante","S/D","Sin restricción"
2014,4490,09/06/2014,"Lunes",0,18:30:00,,"0.0",2,"Moto/Ciclomotor,Peatón","MITRE Y PJE ROSSI",2,2,0,0,0,0,0,,"Calle",,"VERA","Vera","Tierra","No existe","XIX","Dentro","Urbana","Ninguna","No existe","Intersección","Bueno","Reducida polvo","Diurna","Buen Tiempo","S/D","S/D","Atropello","S/D","Faltante","Ninguna","S/D"
2014,4491,11/06/2014,"Miercoles",0,11:40:00,,"0.0",2,"Automóvil,Moto/Ciclomotor","Calle 15-Pcio. Diez Y Calle 4 - Ledesma",2,1,0,0,1,0,0,,"Calle",,"RECONQUISTA","General Obligado","Asfalto,Hormigón,Tierra","No existe","IX","Dentro","Urbana","Ninguna","No existe","Intersección","Bueno","Buena","Diurna","Buen Tiempo","Frontal","S/D","Colisión","S/D","Horizontal","Ninguna","Sin restricción"
2014,4492,18/06/2014,"Miercoles",0,19:15:00,,"0.0",2,"Moto/Ciclomotor,Otros","Santa Fe Y Corrientes",2,0,1,0,1,0,0,,"Calle",,"CENTENO","San Jerónimo","Asfalto","S/D","XV","Dentro","Urbana","Ninguna","No existe","Intersección","Bueno","Buena","Atardecer","Buen Tiempo","Lateral","S/D","Colisión","Ninguna","S/D","Cordón divisorio","Sin restricción"
2014,4493,02/06/2014,"Lunes",0,20:20:00,,"0.0",2,"Peatón,Moto/Ciclomotor","Colombia Bis 398",2,2,0,0,0,0,0,,"Calle",,"ROSARIO","Rosario","Asfalto","No existe","II","Dentro","Urbana","Ninguna","No existe","Intersección","Bueno","Buena","Nocturna","Buen Tiempo","S/D","S/D","Atropello","Ninguna","Faltante","Ninguna","Sin restricción"
2014,4494,12/06/2014,"Jueves",0,18:30:00,"Ruta Provincial 3","12.0",1,"Automóvil","RUTA PROVINCIAL N&#186; 3 ",4,3,0,0,1,0,0,,"Ruta",3,"VERA","Vera","Asfalto","Natural","XIX","Dentro","Rural","Ninguna","No existe","Recta","Con baches","Buena","Atardecer","Buen Tiempo","Atropello animal","S/D","Colisión","Material Suelto","Faltante","Ninguna","Sin restricción"
2014,4495,28/06/2014,"Sabado",0,18:45:00,,"0.0",2,"Moto/Ciclomotor,Bicicleta","Hipolito Irigoyen Y Bvard Pasteur",2,1,0,0,1,0,0,,"Avenida",,"GÁLVEZ","San Jerónimo","Asfalto","No existe","XV","Dentro","Urbana","Ninguna","Funciona","Intersección","Bueno","Buena","Nocturna","Buen Tiempo","S/D","S/D","Atropello","S/D","S/D","Ninguna","Sin restricción"
2014,4496,03/07/2014,"Jueves",0,19:40:00,"Ruta Nacional 11","0.0",2,"Moto/Ciclomotor,Pickup/Utilitario","Ruta Nacional 11 Y Cno San Roque",3,1,0,0,2,0,0,,"Ruta",11,"SAN JUSTO","San Justo","Asfalto","No existe","XVI","Dentro","Urbana","Ninguna","No existe","Intersección","Bueno","Buena","Atardecer","Buen Tiempo","Lateral","S/D","Colisión","Ninguna","Horizontal","Línea divisoria pintada","Sin restricción"
2014,4497,30/06/2014,"Lunes",0,17:30:00,"Ruta Nacional 11","922.0",2,"Moto/Ciclomotor,Pickup/Utilitario"," ",2,0,1,0,1,0,0,,"Ruta",11,"FLORENCIA","General Obligado","Asfalto","Natural","IX","Dentro","Urbana","Ninguna","No existe","Curva","Bueno","Buena","Diurna","Buen Tiempo","Frontal","S/D","Colisión","S/D","Faltante","Línea divisoria pintada","Sin restricción"
2014,4498,20/06/2014,"Viernes",0,09:30:00,,"0.0",2,"Automóvil,Moto/Ciclomotor","Colon Y Belgrano",3,1,0,0,2,0,0,,"Calle",,"VERA","Vera","Asfalto","No existe","XIX","Dentro","Urbana","Ninguna","No existe","Intersección","Bueno","Buena","Diurna","Buen Tiempo","Lateral","S/D","Colisión","Material Suelto","Faltante","Ninguna","Sin restricción"
2014,4499,07/06/2014,"Sabado",0,10:00:00,,"0.0",2,"Moto/Ciclomotor,Automóvil","pbro d Balbiano 1000",3,2,0,0,0,0,1,,"Avenida",,"GÁLVEZ","San Jerónimo","Asfalto","No existe","XV","Dentro","Urbana","Ninguna","No existe","Recta","Bueno","Buena","Diurna","Buen Tiempo","Lateral","S/D","Colisión","S/D","Horizontal","Vegetación","Sin restricción"
2014,4500,05/06/2014,"Jueves",0,13:30:00,,"0.0",2,"Moto/Ciclomotor,Automóvil","Bv. Wilde Y Av. Eva Peron",3,2,0,0,1,0,0,,"Avenida",,"ROSARIO","Rosario","Asfalto","Pavimento","II","Dentro","Urbana","Semáforo","Funciona","Intersección","Bueno","Buena","Diurna","Buen Tiempo","Frontal","S/D","Colisión","Ninguna","S/D","Ninguna","Sin restricción"
2014,4501,28/06/2014,"Sabado",0,12:00:00,,"0.0",2,"Moto/Ciclomotor,Automóvil"," ",2,1,0,0,0,0,1,,"Calle",,"RECONQUISTA","General Obligado","Asfalto","No existe","IX","Dentro","Urbana","Ninguna","No existe","Intersección","Bueno","Buena","Diurna","Buen Tiempo","Frontal","S/D","Colisión","Otro","Vertical","Ninguna","Sin restricción"
2014,4502,19/06/2014,"Jueves",0,20:30:00,,"0.0",2,"Moto/Ciclomotor,Automóvil","9 de Julio Y Obligado",3,2,0,0,1,0,0,,"Calle",,"FLORENCIA","General Obligado","Tierra","No existe","IX","Dentro","Urbana","Ninguna","No existe","Recta","Bueno","Buena","Diurna","Buen Tiempo","Frontal","S/D","Colisión","S/D","S/D","Ninguna","Sin restricción"
2014,4503,19/06/2014,"Jueves",0,18:22:00,,"0.0",2,"Moto/Ciclomotor,Peatón","General Lopez 3840",2,1,0,0,1,0,0,,"S/D",,"SAN LORENZO","San Lorenzo","Hormigón","S/D","XVII","S/D","Urbana","S/D","S/D","Recta","Bueno","S/D","Atardecer","S/D","S/D","S/D","Atropello","Ninguna","S/D","S/D","S/D"
2014,4504,21/06/2014,"Sabado",0,12:20:00,,"0.0",2,"Automóvil,Moto/Ciclomotor","E Aleman Y San Martin",2,1,0,0,1,0,0,,"Calle",,"VERA","Vera","Asfalto","No existe","XIX","Dentro","Urbana","Ninguna","No existe","Intersección","Bueno","Buena","Diurna","Buen Tiempo","S/D","S/D","Colisión","Material Suelto","Faltante","Ninguna","Sin restricción"
2014,4505,10/06/2014,"Martes",0,12:10:00,,"0.0",2,"Moto/Ciclomotor,Automóvil","J Ingenieros Y Colon",3,1,0,0,2,0,0,,"Calle",,"GÁLVEZ","San Jerónimo","Asfalto","No existe","XV","Dentro","Urbana","Ninguna","No existe","Intersección","Bueno","Buena","Diurna","Buen Tiempo","Lateral","S/D","Colisión","S/D","S/D","Ninguna","Sin restricción"
2014,4506,21/06/2014,"Sabado",0,21:10:00,,"0.0",2,"Automóvil,Moto/Ciclomotor","Luna Y Irigoyen",3,2,0,0,1,0,0,,"Calle",,"SAN LORENZO","San Lorenzo","S/D","S/D","XVII","S/D","Urbana","S/D","S/D","Intersección","S/D","S/D","Nocturna","S/D","S/D","S/D","Colisión","S/D","S/D","S/D","S/D"
2014,4507,02/07/2014,"Miercoles",0,08:55:00,,"0.0",2,"Bicicleta,Moto/Ciclomotor","B de Tucuman 2440",2,1,0,0,1,0,0,,"Calle",,"SAN JUSTO","San Justo","Asfalto","No existe","II","Dentro","Urbana","Ninguna","No existe","Recta","Bueno","Buena","Diurna","Buen Tiempo","S/D","S/D","Atropello","Ninguna","Faltante","Cordón divisorio","Sin restricción"
2014,4508,30/06/2014,"Lunes",0,18:00:00,,"0.0",2,"Moto/Ciclomotor,Peatón","Sarmiento 200",2,0,1,0,1,0,0,,"Calle",,"GÁLVEZ","San Jerónimo","Hormigón","S/D","XV","Dentro","Urbana","Ninguna","No existe","Recta","Bueno","Buena","Diurna","Buen Tiempo","S/D","S/D","Atropello","Otro","Vertical","Ninguna","Sin restricción"
2014,4509,23/06/2014,"Lunes",0,14:00:00,,"0.0",2,"Automóvil,Moto/Ciclomotor"," ",2,1,0,0,0,0,1,,"Calle",,"RECONQUISTA","General Obligado","Asfalto","No existe","IX","Dentro","Urbana","Ninguna","No existe","Intersección","Bueno","Buena","Diurna","Buen Tiempo","Frontal","S/D","Colisión","Otro","Vertical","Ninguna","Sin restricción"
2014,4510,19/06/2014,"Jueves",0,16:20:00,,"0.0",2,"Automóvil,Moto/Ciclomotor","Domingo F Sarmiento / Ruta Pci Y Pergamino",2,1,0,0,1,0,0,,"Calle",,"PAVÓN ARRIBA","Constitución","Asfalto","No existe","VI","Dentro","Urbana","Ninguna","No existe","Intersección","Bueno","Buena","Diurna","Buen Tiempo","Frontal","S/D","Colisión","S/D","Faltante","Ninguna","Sin restricción"
2014,4511,22/06/2014,"Domingo",0,15:00:00,,"0.0",2,"Automóvil,Moto/Ciclomotor","R S Pe±a Y Espa±a",3,2,0,0,1,0,0,,"Calle",,"VERA","Vera","Tierra","No existe","XIX","Dentro","Urbana","Ninguna","No existe","Intersección","Bueno","Buena","Diurna","Buen Tiempo","S/D","S/D","Colisión","S/D","Faltante","Ninguna","Sin restricción"
2014,4512,21/06/2014,"Sabado",0,11:10:00,,"0.0",2,"Moto/Ciclomotor,Moto/Ciclomotor","General Lopez Y Luna",2,1,0,0,1,0,0,,"Calle",,"SAN LORENZO","San Lorenzo","S/D","S/D","XVII","Dentro","Urbana","S/D","S/D","Intersección","S/D","S/D","Diurna","S/D","S/D","S/D","Colisión","S/D","S/D","S/D","S/D"
2014,4513,16/06/2014,"Lunes",0,16:05:00,,"0.0",2,"Camión,Bicicleta","Bv Oroño Y Dorrego",2,1,0,0,1,0,0,,"Avenida",,"SAN LORENZO","San Lorenzo","S/D","S/D","XVII","Dentro","Urbana","S/D","Funciona","Intersección","S/D","S/D","Diurna","S/D","S/D","S/D","Atropello","S/D","S/D","S/D","S/D"
2014,4514,22/06/2014,"Domingo",0,04:30:00,"Ruta Secundaria 80-s","0.0",2,"Moto/Ciclomotor,Automóvil"," ",2,0,0,1,1,0,0,,"Ruta","80-s","GÁLVEZ","San Jerónimo","Asfalto","Natural","XV","Dentro","Rural","Ninguna","No existe","Recta","Bueno","Reducida","Nocturna","Buen Tiempo","Lateral","S/D","Colisión","S/D","Horizontal","Línea divisoria pintada","Sin restricción"
2014,4515,24/06/2014,"Martes",0,22:15:00,"Ruta Provincial 90","0.0",2,"Automóvil,Moto/Ciclomotor","San Martin ",2,0,1,0,1,0,0,,"Ruta",90,"VILLA CONSTITUCIÓN","Constitución","Asfalto","Natural","VI","Dentro","Urbana","Ninguna","No existe","Recta","Bueno","Buena","Nocturna","Buen Tiempo","S/D","S/D","Colisión","S/D","S/D","Ninguna","Sin restricción"
2014,4516,25/06/2014,"Miercoles",0,13:10:00,,"0.0",2,"Automóvil,Moto/Ciclomotor","Espa±a Y Mitre B",2,1,0,0,1,0,0,,"Calle",,"VERA","Vera","Asfalto","No existe","XVII","Dentro","Urbana","Ninguna","No existe","Intersección","Bueno","Buena","Diurna","Buen Tiempo","Otro","S/D","Colisión","Material Suelto","Faltante","Ninguna","Sin restricción"
2014,4517,03/06/2014,"Martes",0,09:00:00,,"0.0",2,"Moto/Ciclomotor,Automóvil","Calle 15-Patricio Diez 841",2,1,0,0,1,0,0,,"Calle",,"RECONQUISTA","General Obligado","Asfalto","No existe","IX","S/D","Urbana","Ninguna","No existe","Recta","Bueno","Buena","Diurna","Buen Tiempo","Lateral","S/D","Colisión","S/D","Faltante","Ninguna","Sin restricción"
2014,4518,08/06/2014,"Domingo",0,13:10:00,,"0.0",2,"Pickup/Utilitario,Moto/Ciclomotor","J B Alberdi Y Eva Peron",3,2,0,0,1,0,0,,"Calle",,"SAN LORENZO","San Lorenzo","S/D","S/D","XVII","S/D","Urbana","S/D","S/D","S/D","S/D","S/D","Diurna","S/D","S/D","S/D","Colisión","S/D","S/D","S/D","S/D"
2014,4519,22/06/2014,"Domingo",0,18:30:00,,"0.0",2,"Pickup/Utilitario,Otros","SARMIENTO Y ALBERDI",2,0,0,0,0,0,2,,"Calle",,"COLONIA BELGRANO","San Martín","Asfalto","No existe","XVII","Dentro","Urbana","Ninguna","No existe","Intersección","Bueno","Buena","Diurna","Buen Tiempo","Lateral","S/D","Colisión","S/D","Horizontal,Vertical","Ninguna","Sin restricción"
2014,4520,28/06/2014,"Sabado",0,00:25:00,"Ruta Nacional 11","568.0",3,"Camión,Pickup/Utilitario,Camión"," ",4,1,1,0,2,0,0,,"Ruta",11,"SAN JUSTO","San Justo","Asfalto","Natural","XVI","Dentro","Urbana","Marca Vial","No existe","Curva","Bueno","Reducida","Nocturna,Con luz artificial","Buen Tiempo","Múltiple","S/D","Colisión","Ninguna","Faltante","Vegetación","Sin restricción"
2014,4521,25/06/2014,"Miercoles",0,13:35:00,,"0.0",2,"Automóvil,Automóvil","Av Juan Domingo Peron 1400",3,1,0,0,2,0,0,,"S/D",,"VILLA GOBERNADOR GÁLVEZ","Rosario","Asfalto","No existe","II","S/D","S/D","Ninguna","No existe","Recta","Deteriorada","Buena","Diurna","Buen Tiempo","Frontal","S/D","Colisión","S/D","Faltante","Ninguna","Sin restricción"
2014,4522,06/06/2014,"Viernes",0,11:30:00,,"0.0",2,"Taxi/Remis,Moto/Ciclomotor","General Lopez Y Bv Oroño",2,1,0,0,1,0,0,,"Avenida",,"SAN LORENZO","San Lorenzo","Hormigón","S/D","XVII","S/D","Urbana","S/D","S/D","Intersección","Bueno","S/D","Diurna","S/D","S/D","S/D","Colisión","S/D","S/D","S/D","S/D"
2014,4523,17/06/2014,"Martes",0,06:45:00,,"0.0",2,"Automóvil,Camión","Maipu Y San Luis",3,1,0,0,2,0,0,,"Calle",,"ROSARIO","Rosario","Asfalto","S/D","II","Dentro","Urbana","Semáforo","Funciona","Intersección","Bueno","Buena","Diurna","Buen Tiempo","Lateral","S/D","Colisión","S/D","S/D","Cordón divisorio","S/D"