"anio_acci","nro_acci","fecha","desc_dia","fecha_aprox","hora_aprox","desc_ruta","km","cant_participantes","desc_participante","calle_avenida_km","total","heridos_leves","heridos_graves","heridos_gravisimos","ilesos","fallecidos","sin_datos","posicion_XY","desc_tipo_via","desc_ruta_ori","desc_loc","desc_dpto","desc_tipo_calzada","desc_tipo_banquina","desc_unidad_regional","desc_lugar_calzada","desc_zona","desc_prioridad","desc_estado_semaforo","desc_lugar_via","desc_estado_via","desc_estado_visibilidad","desc_luminosidad","desc_estado_clima","desc_tipo_colision","desc_tipo_atropello","desc_tipo_hecho","desc_pres_calzada","desc_senializacion","desc_separacion_via","desc_restriccion"
2014,4524,26/06/2014,"Jueves",0,,"Ruta Provincial 3","0.0",2,"Moto/Ciclomotor,Bicicleta","RUTA PROVINCIAL N&#186; 3 Y RIVADAVIA",2,2,0,0,0,0,0,,"Ruta",3,"VERA","Vera","Asfalto","Natural","XIX","Dentro","Urbana","Ninguna","No existe","Intersección","Con baches","Reducida polvo","Nocturna","Buen Tiempo","S/D","S/D","Atropello","S/D","Faltante","Ninguna","Sin restricción"
2014,4525,01/06/2014,"Domingo",0,00:10:00,,"0.0",2,"Automóvil,Moto/Ciclomotor","Cabo A Coronel Y Guemes",5,0,1,0,4,0,0,,"S/D",,"TOSTADO","9 de Julio","S/D","S/D","XII","S/D","Urbana","S/D","S/D","Intersección","S/D","S/D","Nocturna","S/D","S/D","S/D","Colisión","S/D","S/D","S/D","S/D"
2014,4526,07/06/2014,"Sabado",0,08:15:00,,"0.0",1,"Automóvil"," ",1,1,0,0,0,0,0,,"Calle",,"COLONIA BELGRANO","San Martín","Asfalto","Natural","XVIII","Dentro","Urbana","Ninguna","No existe","Recta","Con baches","Buena","Diurna","Buen Tiempo","S/D","S/D","Vuelco","Material Suelto","Faltante","S/D","Sin restricción"
2014,4527,03/06/2014,"Martes",0,06:45:00,,"0.0",1,"Moto/Ciclomotor","Juan B Justo Y Dr Juan Hazarte",1,1,0,0,0,0,0,,"Calle",,"SAN GENARO","San Jerónimo","Hormigón","S/D","XV","Dentro","Urbana","Ninguna","No existe","Recta","Bueno","Reducida","Nocturna","Buen Tiempo","Atropello animal","S/D","Atropello","Ninguna","S/D","Ninguna","Sin restricción"
2014,4528,17/06/2014,"Martes",0,16:20:00,,"0.0",2,"Automóvil,Bicicleta","25 de Mayo Y Cordoba",2,1,0,0,1,0,0,,"S/D",,"VILLA GOBERNADOR GÁLVEZ","Rosario","Asfalto","No existe","II","S/D","S/D","Ninguna","No existe","Recta","Con baches","Buena","Diurna","Buen Tiempo","S/D","S/D","Atropello","S/D","Horizontal","Ninguna","Sin restricción"
2014,4529,06/06/2014,"Viernes",0,20:50:00,,"0.0",2,"Moto/Ciclomotor,Moto/Ciclomotor","Av San Lorenzo Y La Pampa",2,1,0,0,1,0,0,,"Calle",,"CAPITÁN BERMÚDEZ","San Lorenzo","Asfalto","Pavimento","XVII","Dentro","Urbana","Ninguna","No existe","Intersección","Bueno","Buena","Nocturna","Buen Tiempo","Lateral","S/D","Colisión","S/D","Faltante","Línea divisoria pintada","Sin restricción"
2014,4530,26/06/2014,"Jueves",0,10:30:00,,"0.0",2,"Moto/Ciclomotor,Automóvil","Bv C Pellegrini Y Gdor Cabal",2,1,0,0,1,0,0,,"Avenida",,"SAN JUSTO","San Justo","Asfalto","No existe","XVI","Dentro","Urbana","Ninguna","No existe","Intersección","Bueno","Buena","Diurna","Buen Tiempo","De alcance","S/D","Colisión","Ninguna","Faltante","Cordón divisorio","Sin restricción"
2014,4531,05/06/2014,"Jueves",0,11:40:00,,"0.0",2,"Automóvil,Moto/Ciclomotor","Bv Oroño Y General Lopez",2,1,0,0,1,0,0,,"Avenida",,"SAN LORENZO","San Lorenzo","Hormigón","S/D","XVII","S/D","Urbana","S/D","S/D","Intersección","S/D","Buena","Diurna","S/D","S/D","S/D","Colisión","S/D","S/D","S/D","S/D"
2014,4532,28/06/2014,"Sabado",0,21:30:00,,"0.0",3,"Moto/Ciclomotor,Automóvil,Pickup/Utilitario","Calle 15-Patricio Diez Y Calle 16-Obligado",3,1,0,0,2,0,0,,"Calle",,"RECONQUISTA","General Obligado","Asfalto","No existe","IX","S/D","Urbana","Ninguna","No existe","Intersección","Bueno","Buena","Nocturna,Con luz artificial","Buen Tiempo","Múltiple","S/D","Caída ocupante,Colisión","S/D","Horizontal","Ninguna","Sin restricción"
2014,4533,11/06/2014,"Miercoles",0,04:00:00,,"0.0",1,"Moto/Ciclomotor","Benavidez Y Av Irigoyen",1,0,1,0,0,0,0,,"Calle",,"BARRANCAS","San Jerónimo","Asfalto","Natural","XV","Fuera","Urbana","Ninguna","No existe","Curva","Bueno","Reducida","Amanecer","Lluvia","Lateral","S/D","Caída ocupante","Agua","Faltante","Ninguna","S/D"
2014,4534,15/06/2014,"Domingo",0,01:30:00,,"0.0",2,"Moto/Ciclomotor,Automóvil","Maipu Y Av. Pellegrini",2,1,0,0,1,0,0,,"Calle",,"ROSARIO","Rosario","Asfalto","S/D","II","Dentro","Urbana","Semáforo","Funciona","Intersección","Bueno","Buena","Nocturna","S/D","Lateral","S/D","Colisión","S/D","S/D","Cordón divisorio","S/D"
2014,4535,14/06/2014,"Sabado",0,17:30:00,,"0.0",2,"Automóvil,Moto/Ciclomotor","AV H. IRIGOYEN Y E. LOPEZ",2,1,0,0,1,0,0,,"Avenida",,"FORTÍN OLMOS","Vera","Asfalto","Natural","XIX","Dentro","Urbana","Ninguna","No existe","Intersección","Bueno","Buena","Diurna","Buen Tiempo","Lateral","S/D","Colisión","S/D","Faltante","Cordón divisorio","Sin restricción"
2014,4536,06/06/2014,"Viernes",0,14:15:00,,"0.0",2,"Moto/Ciclomotor,Automóvil","Gral Paz Y R V Pairo",2,0,1,0,1,0,0,,"Calle",,"CAPITÁN BERMÚDEZ","San Lorenzo","Asfalto","Pavimento","XVII","Dentro","Urbana","Ninguna","No existe","Intersección","Bueno","Buena","Diurna","Buen Tiempo","Lateral","S/D","Colisión","S/D","Faltante","Ninguna","Sin restricción"
2014,4537,24/06/2014,"Martes",0,12:35:00,,"0.0",2,"Moto/Ciclomotor,Pickup/Utilitario","Bv C Pellegrini Y Belgrano",2,1,0,0,1,0,0,,"Avenida",,"SAN JUSTO","San Justo","Asfalto","No existe","XVI","Dentro","Urbana","Ninguna","No existe","Intersección","Bueno","Buena","Diurna","Buen Tiempo","Lateral","S/D","Colisión","Ninguna","Faltante","Cordón divisorio","Sin restricción"
2014,4538,17/06/2014,"Martes",0,10:00:00,,"0.0",2,"Automóvil,Automóvil","Nogues ",2,1,0,0,1,0,0,,"Calle",,"VILLA GOBERNADOR GÁLVEZ","Rosario","Asfalto","No existe","II","Dentro","Urbana","Ninguna","No existe","Recta","Bueno","Buena","Diurna","Buen Tiempo","De alcance","S/D","Colisión","S/D","Faltante","Ninguna","Sin restricción"
2014,4539,03/06/2014,"Martes",0,09:35:00,,"0.0",2,"Camión,Moto/Ciclomotor","Av San Martin Y España",2,1,0,0,1,0,0,,"Avenida",,"SAN LORENZO","San Lorenzo","Hormigón","S/D","XVII","S/D","Urbana","S/D","S/D","Intersección","Bueno","S/D","Diurna","Buen Tiempo","S/D","S/D","Colisión","S/D","S/D","S/D","S/D"
2014,4540,02/06/2014,"Lunes",0,10:30:00,"Ruta Nacional 98","118.0",1,"Pickup/Utilitario"," ",6,4,2,0,0,0,0,,"Ruta",98,"TOSTADO","9 de Julio","S/D","Pavimento","XII","Dentro","Rural","Ninguna","No existe","S/D","Bueno","Buena","Diurna","Buen Tiempo","S/D","S/D","Vuelco","S/D","Horizontal","Ninguna","Sin restricción"
2014,4541,14/06/2014,"Sabado",0,17:25:00,,"0.0",2,"Moto/Ciclomotor,Automóvil","Belgrano Y Liniers",3,1,0,0,2,0,0,,"Calle",,"RAFAELA","Castellanos","Asfalto","No existe","V","Dentro","Urbana","S/D","No existe","Intersección","Bueno","Buena","Diurna","Buen Tiempo","Frontal","S/D","Colisión","S/D","S/D","S/D","S/D"
2014,4542,20/06/2014,"Viernes",0,18:00:00,,"0.0",2,"Automóvil,Automóvil","Av. Belgrano Y Av. Pellegrini",2,1,0,0,1,0,0,,"Calle",,"ROSARIO","Rosario","Asfalto","S/D","II","Dentro","Urbana","Marca Vial","No existe","Rotonda","Bueno","Buena","Diurna","Buen Tiempo","Lateral","S/D","Colisión","S/D","S/D","Cordón divisorio","S/D"
2014,4543,16/06/2014,"Lunes",0,19:45:00,,"0.0",2,"Moto/Ciclomotor,Pickup/Utilitario","I A Edison Y Alvear",2,1,0,0,1,0,0,,"Calle",,"VILLA GOBERNADOR GÁLVEZ","Rosario","Asfalto","No existe","II","Dentro","Urbana","Ninguna","No existe","Recta","Con baches","Buena","Nocturna","Buen Tiempo","De alcance","S/D","Colisión","S/D","Faltante","Ninguna","Sin restricción"
2014,4544,20/06/2014,"Viernes",0,15:20:00,"Ruta Provincial 1","0.0",2,"Pickup/Utilitario,Moto/Ciclomotor"," ",3,2,0,0,1,0,0,,"Ruta",1,"CAMPO DEL MEDIO","Garay","Asfalto","No existe","VII","S/D","S/D","S/D","No existe","Cruce","Bueno","Buena","Diurna","Buen Tiempo","S/D","S/D","Colisión","S/D","S/D","S/D","S/D"
2014,4545,06/06/2014,"Viernes",0,11:40:00,"Ruta Nacional 11","0.0",2,"Peatón,Automóvil","Av L de la Torre-Ruta Nac 11 Y J J Passo",2,1,0,0,1,0,0,,"Ruta",11,"CORONDA","San Jerónimo","Asfalto","Natural","XV","Dentro","Urbana","Semáforo","Funciona","Intersección","Bueno","Buena","Diurna","Buen Tiempo","S/D","S/D","Atropello","Otro","Vertical","Ninguna","Sin restricción"
2014,4546,13/06/2014,"Viernes",0,16:45:00,,"0.0",2,"Moto/Ciclomotor,Automóvil","J M DE ROSAS Y AV. H. IRIGOYEN",3,1,1,0,1,0,0,,"Avenida",,"FORTÍN OLMOS","Vera","Asfalto","Natural","XIX","Dentro","Urbana","Ninguna","No existe","Intersección","Bueno","S/D","Diurna","Buen Tiempo","Lateral","S/D","Colisión","S/D","Faltante","Cordón divisorio","Sin restricción"
2014,4547,11/06/2014,"Miercoles",0,10:00:00,,"0.0",2,"Moto/Ciclomotor,Automóvil","Av Irigoyen Y J V Gonzalez",2,1,0,0,1,0,0,,"Avenida",,"SUNCHALES","Castellanos","Asfalto","S/D","V","S/D","Urbana","S/D","S/D","Intersección","S/D","Buena","Diurna","S/D","S/D","S/D","Colisión","S/D","S/D","S/D","S/D"
2014,4548,06/06/2014,"Viernes",0,16:25:00,,"0.0",2,"Automóvil,Automóvil","Mitre Y Bomberos Voluntarios",2,1,0,0,1,0,0,,"Calle",,"VILLA GOBERNADOR GÁLVEZ","Rosario","Asfalto","No existe","II","S/D","Urbana","Ninguna","No existe","Intersección","Bueno","Buena","Diurna","Lluvia","Otro","S/D","Colisión","Ninguna","Faltante","Ninguna","Sin restricción"
2014,4549,18/06/2014,"Miercoles",0,18:10:00,,"0.0",2,"Bicicleta,Taxi/Remis","J.M.de Rosas 1500",2,1,0,0,1,0,0,,"Calle",,"ROSARIO","Rosario","Asfalto","S/D","II","Dentro","Urbana","S/D","No existe","Recta","Bueno","Buena","Diurna","Buen Tiempo","S/D","S/D","Atropello","S/D","S/D","Barrera de alto impacto","S/D"
2014,4550,03/06/2014,"Martes",0,,,"0.0",2,"Pickup/Utilitario,Moto/Ciclomotor","Roque Saenz Peña Y Bv Belgrano",2,1,0,0,1,0,0,,"Avenida",,"CALCHAQUÍ","Vera","S/D","S/D","XIX","S/D","S/D","S/D","S/D","Intersección","S/D","S/D","S/D","S/D","S/D","S/D","Colisión","S/D","S/D","S/D","S/D"
2014,4551,03/06/2014,"Martes",0,,"Ruta Nacional 98","97.0",1,"Camión"," ",1,1,0,0,0,0,0,,"Ruta",98,"TOSTADO","9 de Julio","Asfalto","Natural","II","Dentro","Rural","Ninguna","No existe","Recta","Bueno","Buena","Diurna","Buen Tiempo","S/D","S/D","Vuelco","S/D","Vertical","Ninguna","Sin restricción"
2014,4552,23/06/2014,"Lunes",0,14:30:00,,"0.0",2,"Moto/Ciclomotor,Automóvil","9 de Julio Y La Rioja",3,2,0,0,1,0,0,,"Calle",,"SAN LORENZO","San Lorenzo","Asfalto","Pavimento","XVII","Dentro","Urbana","S/D","S/D","Intersección","Bueno","Buena","Diurna","Buen Tiempo","Frontal","S/D","Colisión","S/D","S/D","Ninguna","Sin restricción"
2014,4553,11/06/2014,"Miercoles",0,,,"0.0",2,"Pickup/Utilitario,Moto/Ciclomotor","Bv Belgrano Y Estanislao Lopez",3,1,0,0,2,0,0,,"Avenida",,"CALCHAQUÍ","Vera","S/D","S/D","XIX","S/D","S/D","S/D","S/D","Intersección","S/D","S/D","S/D","S/D","S/D","S/D","Colisión","S/D","S/D","S/D","S/D"
2014,4554,13/06/2014,"Viernes",0,21:45:00,"Ruta Provincial 1","123.0",2,"Bicicleta,Moto/Ciclomotor"," ",2,1,1,0,0,0,0,,"Ruta",1,"COLONIA MASCIAS","Garay","Asfalto","S/D","VII","Dentro","Rural","Ninguna","No existe","Recta","Bueno","Buena","Nocturna","Buen Tiempo","S/D","S/D","Atropello","S/D","Horizontal,Vertical","Línea divisoria pintada","Sin restricción"
2014,4555,01/06/2014,"Domingo",0,16:50:00,"Ruta Nacional 11","0.0",2,"Automóvil,Moto/Ciclomotor","Saenz Pe±a Y Av L de la Torre-Ruta Nac 11",2,0,1,0,1,0,0,,"Ruta",11,"CORONDA","San Jerónimo","Asfalto","Natural","XV","Dentro","Urbana","Semáforo","Funciona","Intersección","Con baches","Buena","Diurna","Buen Tiempo","Frontal","S/D","Colisión","S/D","Horizontal","Ninguna","Sin restricción"
2014,4556,11/06/2014,"Miercoles",0,13:15:00,,"0.0",2,"Automóvil,Moto/Ciclomotor","Av. Eva Peron Y Av. Provincias Unidas",2,1,0,0,1,0,0,,"Avenida",,"ROSARIO","Rosario","Asfalto","Pavimento","II","Dentro","Urbana","Semáforo","Funciona","Intersección","Bueno","Buena","Diurna","Buen Tiempo","De alcance","S/D","Colisión","Ninguna","S/D","Barrera de hormigón","Sin restricción"
2014,4557,22/06/2014,"Domingo",0,,,"0.0",1,"Automóvil","9 de Julio Y Sarmiento",1,1,0,0,0,0,0,,"Calle",,"CALCHAQUÍ","Vera","S/D","S/D","XIX","S/D","Urbana","S/D","S/D","Intersección","S/D","S/D","S/D","S/D","Contra objeto fijo","S/D","Colisión","S/D","S/D","S/D","S/D"
2014,4558,06/06/2014,"Viernes",0,12:45:00,,"0.0",2,"Moto/Ciclomotor,Automóvil","Av Juan Domingo Peron Y Pasteur",3,2,0,0,1,0,0,,"Avenida",,"VILLA GOBERNADOR GÁLVEZ","Rosario","Asfalto","No existe","II","S/D","Urbana","Ninguna","No existe","Intersección","Bueno","Buena","Diurna","Buen Tiempo","Otro","S/D","Colisión","Ninguna","Faltante","Ninguna","Sin restricción"
2014,4559,16/06/2014,"Lunes",0,,,"0.0",2,"Pickup/Utilitario,Moto/Ciclomotor"," ",3,1,1,0,1,0,0,,"Calle",,"TOSTADO","9 de Julio","S/D","Pavimento","XII","Dentro","Urbana","Ninguna","No existe","Intersección","S/D","Buena","Nocturna","Buen Tiempo","Lateral","S/D","Colisión","S/D","Faltante","Ninguna","Sin restricción"
2014,4560,25/06/2014,"Miercoles",0,18:30:00,,"0.0",2,"Automóvil,Automóvil","Salta Y Bv. Oroño",3,2,0,0,1,0,0,,"Calle",,"ROSARIO","Rosario","Asfalto","No existe","II","Dentro","Urbana","S/D","No existe","Intersección","Bueno","Buena","Atardecer,Con luz artificial","Buen Tiempo","De alcance","S/D","Colisión","S/D","Faltante","Ninguna","Sin restricción"
2014,4561,09/06/2014,"Lunes",0,11:20:00,,"0.0",2,"Moto/Ciclomotor,Moto/Ciclomotor","Espa±a 200",2,1,1,0,0,0,0,,"Calle",,"CORONDA","San Jerónimo","Asfalto","No existe","XV","Dentro","Urbana","Ninguna","No existe","Recta","Bueno","Buena","Diurna","Buen Tiempo","Frontal","S/D","Colisión","S/D","Faltante","Ninguna","Sin restricción"
2014,4562,27/06/2014,"Viernes",0,16:00:00,,"0.0",2,"Moto/Ciclomotor,Automóvil","Oroño Y 9 de Julio",3,2,0,0,1,0,0,,"Calle",,"SASTRE","San Martín","Asfalto","No existe","XVIII","Dentro","Urbana","Ninguna","No existe","Intersección","Bueno","Buena","Diurna","Buen Tiempo","Lateral","S/D","Colisión","Ninguna","Faltante","Ninguna","Sin restricción"
2014,4564,16/06/2014,"Lunes",0,19:25:00,,"0.0",2,"Automóvil,Moto/Ciclomotor","Sanchez de Loria Y Chassaing",2,1,0,0,1,0,0,,"Calle",,"ROSARIO","Rosario","Asfalto","Pavimento","II","Dentro","Urbana","Ninguna","No existe","Intersección","Bueno","Buena","Atardecer","Buen Tiempo","Lateral","S/D","Colisión","Ninguna","S/D","Ninguna","Sin restricción"
2014,4565,26/06/2014,"Jueves",0,20:34:00,"Ruta Provincial 1","122.0",2,"Pickup/Utilitario,Moto/Ciclomotor"," ",3,1,0,0,2,0,0,,"Ruta",1,"COLONIA MASCIAS","Garay","Asfalto","Natural","VII","Dentro","Urbana","Ninguna","No existe","Recta","Bueno","Buena","Nocturna","Buen Tiempo","Frontal","S/D","Colisión","S/D","Horizontal,Vertical","Línea divisoria pintada","Sin restricción"
2014,4566,22/06/2014,"Domingo",0,06:15:00,,"0.0",2,"Moto/Ciclomotor,Moto/Ciclomotor","Pte Juan D Peron ",3,1,2,0,0,0,0,,"Calle",,"TOSTADO","9 de Julio","Asfalto","No existe","XII","Dentro","Urbana","Ninguna","No existe","Recta","Bueno","Buena","Nocturna,Con luz artificial","Buen Tiempo","Frontal","S/D","Colisión","S/D","Faltante","Cordón divisorio","Sin restricción"
2014,4567,07/06/2014,"Sabado",0,16:50:00,,"0.0",2,"Moto/Ciclomotor,Peatón","Soldado Aguirre Y Buenos Aires",3,1,0,0,0,0,2,,"Calle",,"VILLA GOBERNADOR GÁLVEZ","Rosario","Asfalto","Pavimento","II","S/D","Urbana","Ninguna","No existe","Intersección","Bueno","Buena","Diurna","Buen Tiempo","S/D","S/D","Atropello","Ninguna","Faltante","Ninguna","Sin restricción"
2014,4568,03/06/2014,"Martes",0,22:05:00,,"0.0",2,"Peatón,Otros"," ",2,1,0,0,0,0,1,,"S/D",,"SAN JORGE","San Martín","Asfalto","S/D","XVIII","Dentro","Urbana","S/D","S/D","S/D","Bueno","Buena","Nocturna","Buen Tiempo","S/D","S/D","Atropello","S/D","S/D","S/D","Sin restricción"
2014,4569,24/06/2014,"Martes",0,06:20:00,,"0.0",2,"Bicicleta,Otros","S Martin Y Gdor Cabal",2,1,0,0,0,0,1,,"Avenida",,"SAN JUSTO","San Justo","Asfalto","No existe","XVI","Dentro","Urbana","Ninguna","No existe","Intersección","Bueno","Reducida","Amanecer,Con luz artificial","Buen Tiempo","S/D","S/D","Atropello","Ninguna","Faltante","Cordón divisorio","Sin restricción"
2014,4570,16/06/2014,"Lunes",0,14:40:00,,"0.0",2,"Automóvil,Automóvil","Catamarca Y Bv. Oroño",4,1,0,0,3,0,0,,"Calle",,"ROSARIO","Rosario","Asfalto","No existe","II","S/D","Urbana","Ninguna","No existe","Intersección","Bueno","Buena","Diurna","Buen Tiempo","Lateral","S/D","Colisión","S/D","Faltante","Ninguna","Sin restricción"
2014,4571,23/06/2014,"Lunes",0,11:00:00,,"0.0",2,"Moto/Ciclomotor,Automóvil","Av San Lorenzo Y Pte Peron",2,1,0,0,1,0,0,,"Calle",,"CAPITÁN BERMÚDEZ","San Lorenzo","Asfalto","Pavimento","XVII","Dentro","Urbana","S/D","S/D","Intersección","Bueno","Buena","Diurna","Buen Tiempo","Frontal","S/D","Colisión","S/D","S/D","Línea divisoria pintada","Sin restricción"
2014,4572,28/06/2014,"Sabado",0,11:35:00,,"0.0",2,"Moto/Ciclomotor,Automóvil","Dr Rovere Y Rosario",2,0,1,0,1,0,0,,"Calle",,"AROCENA","San Jerónimo","Ripio","Pavimento","XV","Dentro","Urbana","Ninguna","No existe","Intersección","Bueno","Buena","Diurna","Buen Tiempo","Lateral","S/D","Colisión","S/D","S/D","Ninguna","Sin restricción"
2014,4573,05/06/2014,"Jueves",0,12:15:00,,"0.0",2,"Automóvil,Moto/Ciclomotor","Sargento Cabral Y E Ortiz",2,1,0,0,1,0,0,,"Calle",,"SAN JORGE","San Martín","Asfalto","S/D","XVIII","Dentro","Urbana","S/D","No existe","Intersección","Bueno","Buena","Diurna","Buen Tiempo","Lateral","S/D","Colisión","S/D","S/D","S/D","Sin restricción"
2014,4574,08/06/2014,"Domingo",0,15:30:00,,"0.0",2,"Automóvil,Moto/Ciclomotor","Rosario Y Balcarce",2,1,0,0,0,0,1,,"Calle",,"VILLA GOBERNADOR GÁLVEZ","Rosario","Asfalto","No existe","II","S/D","Urbana","Ninguna","No existe","Intersección","Bueno","Buena","Diurna","Buen Tiempo","Otro","S/D","Colisión","Ninguna","Faltante","Ninguna","Sin restricción"
2014,4575,19/06/2014,"Jueves",0,21:00:00,,"0.0",2,"Bicicleta,Automóvil","Bv C Pellegrini Y Santa Fe",2,1,0,0,1,0,0,,"Calle",,"SAN JUSTO","San Justo","Asfalto","No existe","XVI","Dentro","Urbana","Ninguna","No existe","Intersección","Bueno","Buena","Nocturna,Con luz artificial","Buen Tiempo","S/D","S/D","Atropello","Ninguna","Faltante","Cordón divisorio","Sin restricción"
2014,4576,04/06/2014,"Miercoles",0,16:05:00,"Ruta Nacional 11","0.0",2,"Tracción animal / Carro,Moto/Ciclomotor","Ruta Nacional 11 ",2,1,0,0,1,0,0,,"Ruta",11,"RECONQUISTA","General Obligado","Asfalto","Pavimento","IX","Dentro","Urbana","Ninguna","No existe","Recta","Bueno","Buena","Diurna","Lluvia","S/D","S/D","Otro","S/D","Vertical","Cordón divisorio","Sin restricción"
2014,4577,26/06/2014,"Jueves",0,22:45:00,"Ruta Provincial 1","126.0",2,"Peatón,Camión"," ",2,0,1,0,1,0,0,,"Ruta",1,"COLONIA SAN JOAQUIN","Garay","Asfalto","Natural","VII","S/D","Urbana","Ninguna","No existe","Recta","Bueno","Buena","Nocturna","Buen Tiempo","S/D","S/D","Atropello","S/D","Horizontal,Vertical","Línea divisoria pintada","Sin restricción"
2014,4578,08/06/2014,"Domingo",0,07:40:00,,"0.0",2,"Pickup/Utilitario,Moto/Ciclomotor","Urquiza Y Bv Lisandro de la Torre",2,0,1,0,1,0,0,,"Avenida",,"SAN JORGE","San Martín","Asfalto","S/D","XVIII","Dentro","Urbana","S/D","No existe","Intersección","Bueno","Buena","Diurna","Buen Tiempo","Lateral","S/D","Colisión","S/D","S/D","S/D","Sin restricción"
2014,4579,11/06/2014,"Miercoles",0,22:00:00,"Ruta Nacional 9","0.0",1,"Automóvil","Casilda ",1,1,0,0,0,0,0,,"Ruta",9,"ROLDÁN","San Lorenzo","Hormigón","Natural","XVII","Dentro","Urbana","Ninguna","S/D","Recta","Bueno","Reducida","Nocturna","Buen Tiempo","Contra objeto fijo","S/D","Despiste","S/D","S/D","Ninguna","Sin restricción"
2014,4580,14/06/2014,"Sabado",0,05:20:00,,"0.0",1,"Moto/Ciclomotor","Av Nottebohn Y Gral Guemes",1,1,0,0,0,0,0,,"Avenida",,"SAN JORGE","San Martín","Asfalto","S/D","XVIII","Dentro","Urbana","S/D","S/D","Intersección","Bueno","Buena","Nocturna,Con luz artificial","Buen Tiempo","S/D","S/D","Vuelco","S/D","S/D","S/D","S/D"
2014,4581,17/06/2014,"Martes",0,19:00:00,,"0.0",2,"Bicicleta,Moto/Ciclomotor","9 de Julio 2570",2,2,0,0,0,0,0,,"Calle",,"SAN JUSTO","San Justo","Asfalto","No existe","XVI","Dentro","Urbana","Ninguna","No existe","Recta","Bueno","Buena","Atardecer","Buen Tiempo","S/D","S/D","Atropello","Ninguna","Horizontal","Cordón divisorio","Sin restricción"
2014,4582,16/06/2014,"Lunes",0,07:15:00,"Ruta Nacional 9","0.0",2,"Automóvil,Pickup/Utilitario"," ",2,1,0,0,1,0,0,,"Ruta",9,"ROLDÁN","San Lorenzo","Asfalto","Ripio","XVII","Dentro","Urbana","Ninguna","Intermitente","Intersección","Bueno","Buena","Diurna","Buen Tiempo","Lateral","S/D","Colisión","S/D","Faltante","Ninguna","Sin restricción"
2014,4583,10/06/2014,"Martes",0,12:30:00,,"0.0",2,"Automóvil,Automóvil","Pte.Roca Y Urquiza",2,1,0,0,1,0,0,,"Calle",,"ROSARIO","Rosario","Asfalto","No existe","II","Dentro","Urbana","Ninguna","No existe","Intersección","Bueno","Buena","Diurna","Buen Tiempo","De alcance","S/D","Colisión","S/D","Faltante","Ninguna","Sin restricción"
2014,4584,17/06/2014,"Martes",0,10:35:00,,"0.0",2,"Automóvil,Bicicleta","Moreno Y Av J Ortiz",2,1,0,0,1,0,0,,"Avenida",,"SAN JORGE","San Martín","Asfalto","S/D","XVII","Dentro","Urbana","S/D","S/D","Intersección","Bueno","Buena","Diurna","Buen Tiempo","S/D","S/D","Atropello","S/D","S/D","S/D","S/D"
2014,4585,30/06/2014,"Lunes",1,18:45:00,,"0.0",2,"Automóvil,Moto/Ciclomotor","Eva Peron Y Brown",2,2,0,0,0,0,0,,"Calle",,"VILLA GOBERNADOR GÁLVEZ","Rosario","Asfalto","No existe","II","S/D","Urbana","Ninguna","No existe","Intersección","Bueno","Buena","Atardecer","Buen Tiempo","Otro","S/D","Colisión","Ninguna","Faltante","Ninguna","Sin restricción"
2014,4586,08/06/2014,"Domingo",0,20:30:00,,"0.0",2,"Moto/Ciclomotor,Automóvil","Bv Sarmiento 500",3,2,0,0,1,0,0,,"Calle",,"ROLDÁN","San Lorenzo","Asfalto","Pavimento","XVII","Dentro","Urbana","Ninguna","S/D","Recta","Bueno","Buena","Nocturna,Con luz artificial","Buen Tiempo","Lateral","S/D","Colisión","S/D","Horizontal","Ninguna","Sin restricción"
2014,4587,10/06/2014,"Martes",0,11:20:00,"Ruta Nacional 11","0.0",2,"Moto/Ciclomotor,Pickup/Utilitario","Ruta Nacional 11 ",4,3,0,0,1,0,0,,"Ruta",11,"RECONQUISTA","General Obligado","Asfalto","Pavimento","IX","Dentro","Urbana","Ninguna","No existe","Intersección","Bueno","Buena","Diurna","Buen Tiempo","Lateral","S/D","Colisión","S/D","Vertical","Cordón divisorio","Sin restricción"
2014,4588,28/06/2014,"Sabado",0,04:50:00,,"0.0",1,"Moto/Ciclomotor","Gral Paz Y Bv Pte Peron",1,1,0,0,0,0,0,,"Calle",,"SAN JORGE","San Martín","Asfalto","S/D","XVIII","Dentro","Urbana","S/D","S/D","Recta","Bueno","S/D","Nocturna","Buen Tiempo","S/D","S/D","Caída ocupante","S/D","S/D","S/D","S/D"
2014,4589,11/06/2014,"Miercoles",0,14:45:00,,"0.0",2,"Automóvil,Automóvil","Urquiza Y Alvear",4,2,0,0,2,0,0,,"Calle",,"ROSARIO","Rosario","Asfalto","No existe","II","Dentro","Urbana","Ninguna","No existe","Intersección","Bueno","Buena","Diurna","Buen Tiempo","Lateral","S/D","Colisión","S/D","Faltante","Ninguna","Sin restricción"
2014,4590,17/06/2014,"Martes",0,,,"0.0",2,"Tractor,Automóvil","1ro de Mayo 2387",4,1,0,0,3,0,0,,"Calle",,"SAN JUSTO","San Justo","Asfalto","No existe","XVI","Dentro","Urbana","Ninguna","No existe","Recta","Bueno","Buena","Con luz artificial","Buen Tiempo","De alcance","S/D","Colisión","Ninguna","S/D","Cordón divisorio","Sin restricción"