"anio_acci","nro_acci","fecha","desc_dia","fecha_aprox","hora_aprox","desc_ruta","km","cant_participantes","desc_participante","calle_avenida_km","total","heridos_leves","heridos_graves","heridos_gravisimos","ilesos","fallecidos","sin_datos","posicion_XY","desc_tipo_via","desc_ruta_ori","desc_loc","desc_dpto","desc_tipo_calzada","desc_tipo_banquina","desc_unidad_regional","desc_lugar_calzada","desc_zona","desc_prioridad","desc_estado_semaforo","desc_lugar_via","desc_estado_via","desc_estado_visibilidad","desc_luminosidad","desc_estado_clima","desc_tipo_colision","desc_tipo_atropello","desc_tipo_hecho","desc_pres_calzada","desc_senializacion","desc_separacion_via","desc_restriccion"
2014,4591,30/06/2014,"Lunes",1,21:20:00,,"0.0",2,"Automóvil,Moto/Ciclomotor","Ing Mosconi Y Iriondo",3,2,0,0,1,0,0,,"Calle",,"VILLA GOBERNADOR GÁLVEZ","Rosario","Asfalto","No existe","II","S/D","Urbana","Ninguna","No existe","Intersección","Bueno","Buena","Nocturna,Con luz artificial","Buen Tiempo","Otro","S/D","Colisión","Ninguna","Faltante","Ninguna","Sin restricción"
2014,4592,22/06/2014,"Domingo",0,19:40:00,"Ruta Nacional 11","413.0",1,"Moto/Ciclomotor"," ",1,1,0,0,0,0,0,,"Ruta",11,"AROCENA","San Jerónimo","Asfalto","Natural","XV","S/D","S/D","Ninguna","No existe","Recta","Bueno","Reducida","Nocturna","Buen Tiempo","Otro","S/D","Caída ocupante","S/D","Faltante","S/D","Sin restricción"
2014,4593,23/06/2014,"Lunes",0,07:30:00,"Ruta Nacional Rosario -Cordoba","312.0",2,"Moto/Ciclomotor,Moto/Ciclomotor"," ",3,2,1,0,0,0,0,,"Ruta","Rosario -Cordoba","ROLDÁN","San Lorenzo","Hormigón","Natural","XVII","Dentro","Urbana","S/D","No existe","Recta","Bueno","Reducida","Amanecer","S/D","Lateral","S/D","Colisión","S/D","S/D","Ninguna","S/D"
2014,4594,19/06/2014,"Jueves",0,07:00:00,,"0.0",2,"Automóvil,Moto/Ciclomotor","AV 25 DE MAYO Y JJ PASO",2,1,0,0,1,0,0,,"Avenida",,"ROSARIO","Rosario","Asfalto","Pavimento","II","Dentro","Urbana","Ninguna","No existe","Intersección","Bueno","Buena","Diurna","Buen Tiempo","Frontal","S/D","Colisión","Ninguna","S/D","Línea divisoria pintada","Sin restricción"
2014,4595,16/06/2014,"Lunes",0,12:00:00,,"0.0",2,"Bicicleta,Automóvil","L N Alem ",2,1,0,0,1,0,0,,"Calle",,"SAN JUSTO","San Justo","Asfalto","No existe","XVI","Dentro","Urbana","Ninguna","No existe","Recta","Bueno","Buena","Diurna","Buen Tiempo","S/D","S/D","Atropello","Ninguna","Faltante","Cordón divisorio","Sin restricción"
2014,4596,18/06/2014,"Miercoles",0,19:55:00,"Ruta Provincial 1","26.5",2,"Moto/Ciclomotor,Bicicleta"," ",2,2,0,0,0,0,0,,"Ruta",1,"LOS ZAPALLOS","Garay","Asfalto","Natural","VII","Dentro","Urbana","Ninguna","No existe","Recta","Bueno","Reducida","Nocturna","Buen Tiempo","S/D","S/D","Atropello","S/D","Vertical","Ninguna","Sin restricción"
2014,4597,29/06/2014,"Domingo",0,12:30:00,"Autopista Provincial Brigadier E.López","11.0",1,"Automóvil"," ",2,1,0,0,1,0,0,,"Autopista","Brigadier E.López","FRAY LUIS BELTRÁN","San Lorenzo","Asfalto","Natural","XVII","Fuera","Rural","Ninguna","No existe","Recta","Bueno","Buena","Diurna","Buen Tiempo","S/D","S/D","Vuelco","S/D","S/D","Guardarrail,Vegetación","Sin restricción"
2014,4598,04/06/2014,"Miercoles",0,08:00:00,,"0.0",2,"Moto/Ciclomotor,Automóvil","P Opicci Y Bordabhere",3,2,0,0,1,0,0,,"Calle",,"VILLA GOBERNADOR GÁLVEZ","Rosario","Asfalto","No existe","II","S/D","Urbana","Ninguna","No existe","Intersección","Bueno","Buena","Amanecer","Buen Tiempo","Otro","S/D","Colisión","Ninguna","Faltante","Ninguna","Sin restricción"
2014,4599,11/06/2014,"Miercoles",0,18:50:00,,"0.0",3,"Bicicleta,Bicicleta,Automóvil","Bv C Pellegrini Y Gral Urquiza",3,2,0,0,1,0,0,,"Avenida",,"SAN JUSTO","San Justo","Asfalto","No existe","XVI","Dentro","Urbana","Ninguna","No existe","Intersección","Bueno","Buena","Diurna","Buen Tiempo","Múltiple","S/D","Atropello","Ninguna","Faltante","Cordón divisorio","Sin restricción"
2014,4600,14/06/2014,"Sabado",0,13:00:00,,"0.0",2,"Automóvil,Automóvil","Junin Y Tte.Agneta",3,1,0,0,2,0,0,,"Calle",,"ROSARIO","Rosario","Asfalto","No existe","II","Dentro","Urbana","Ninguna","No existe","Intersección","S/D","S/D","Diurna","S/D","S/D","S/D","Colisión","S/D","Faltante","Ninguna","Sin restricción"
2014,4601,27/06/2014,"Viernes",0,19:05:00,,"0.0",2,"Automóvil,Moto/Ciclomotor","Santa Fe Y Av San Martin",3,2,0,0,1,0,0,,"Avenida",,"FRAY LUIS BELTRÁN","San Lorenzo","Asfalto","Pavimento","XVII","Dentro","Urbana","Ninguna","No existe","Recta","Bueno","Reducida p/ objetos","Atardecer","Buen Tiempo","Lateral","S/D","Colisión","Ninguna","S/D","Ninguna","Sin restricción"
2014,4602,13/06/2014,"Viernes",0,14:00:00,,"0.0",2,"Automóvil,Automóvil","Sarmiento 600",2,1,0,0,1,0,0,,"Calle",,"ROSARIO","Rosario","Asfalto","No existe","II","Dentro","Urbana","Ninguna","No existe","Recta","Bueno","Buena","Diurna","Buen Tiempo","De alcance","S/D","Colisión","S/D","Faltante","Ninguna","Sin restricción"
2014,4603,26/06/2014,"Jueves",0,23:30:00,,"0.0",2,"Taxi/Remis,Automóvil","Morris W Y Entre Rios",3,1,0,0,1,0,1,,"Calle",,"SAN LORENZO","San Lorenzo","S/D","S/D","XVII","S/D","S/D","S/D","S/D","Intersección","S/D","S/D","Nocturna","S/D","S/D","S/D","Colisión","S/D","S/D","S/D","S/D"
2014,4604,14/06/2014,"Sabado",0,10:15:00,"Ruta Nacional 11","0.0",1,,"Jose de San Martin Y Av L de la Torre-Ruta Nac 11",2,0,1,0,1,0,0,,"Ruta",11,"CORONDA","San Jerónimo","Asfalto","Ripio","XV","S/D","S/D","Ninguna","No existe","Recta","Bueno","Buena","Diurna","Buen Tiempo","Frontal,Lateral","S/D","Colisión","Otro","Faltante","Ninguna","Sin restricción"
2014,4605,14/06/2014,"Sabado",0,10:15:00,"Ruta Nacional 11","0.0",2,"Moto/Ciclomotor,Automóvil","Jose de San Martin Y Av L de la Torre-Ruta Nac 11",2,0,1,0,1,0,0,,"Ruta",11,"CORONDA","San Jerónimo","Asfalto","Ripio","XV","S/D","S/D","Ninguna","No existe","Recta","Bueno","Buena","Diurna","Buen Tiempo","Frontal,Lateral","S/D","Colisión","Otro","Faltante","Ninguna","Sin restricción"
2014,4606,04/06/2014,"Miercoles",0,21:30:00,,"0.0",2,"Moto/Ciclomotor,Automóvil","Solis Y Pje. Uno",2,1,0,0,1,0,0,,"Calle",,"ROSARIO","Rosario","Asfalto","No existe","II","Dentro","Urbana","Ninguna","No existe","Intersección","Bueno","Buena","Nocturna","S/D","Frontal","S/D","Colisión","S/D","Faltante","Ninguna","Sin restricción"
2014,4607,18/06/2014,"Miercoles",0,12:15:00,,"0.0",2,"Moto/Ciclomotor,Automóvil","Pueyrredon Y Av San Martin",2,1,0,0,1,0,0,,"Avenida",,"FRAY LUIS BELTRÁN","San Lorenzo","Asfalto","Ripio","XVII","Dentro","Urbana","Ninguna","No existe","Intersección","Bueno","Buena","Diurna","Buen Tiempo","Lateral","S/D","Colisión","S/D","S/D","Ninguna","Sin restricción"
2014,4608,27/05/2014,"Martes",0,12:25:00,,"0.0",2,"Automóvil,Moto/Ciclomotor","14 de Julio Y J Buffa",3,1,1,0,1,0,0,,"Calle",,"RAFAELA","Castellanos","Asfalto","S/D","V","Dentro","Urbana","S/D","S/D","Intersección","S/D","Buena","Diurna","S/D","S/D","S/D","Colisión","S/D","S/D","S/D","S/D"
2014,4609,27/06/2014,"Viernes",0,13:00:00,,"0.0",2,"Moto/Ciclomotor,Automóvil","Urquiza Y Santiago",2,1,0,0,1,0,0,,"Calle",,"ROLDÁN","San Lorenzo","Asfalto","No existe","XVII","Dentro","Urbana","Ninguna","No existe","Intersección","Bueno","Buena","Diurna","Buen Tiempo","Lateral","S/D","Colisión","S/D","S/D","Ninguna","Sin restricción"
2014,4610,30/06/2014,"Lunes",0,,,"0.0",2,"Moto/Ciclomotor,Automóvil","Cayetano Silva Y Eva Peron",2,1,0,0,1,0,0,,"Calle",,"SAN LORENZO","San Lorenzo","S/D","S/D","XVII","S/D","S/D","S/D","S/D","Intersección","S/D","S/D","S/D","S/D","S/D","S/D","Colisión","S/D","S/D","S/D","S/D"
2014,4611,13/06/2014,"Viernes",0,17:30:00,,"0.0",2,"Automóvil,Moto/Ciclomotor","Maestra Barragan - Ex Bs.As. Y Mitre",2,1,0,0,1,0,0,,"Calle",,"FRAY LUIS BELTRÁN","San Lorenzo","Hormigón","Pavimento","XVII","Dentro","Urbana","Ninguna","No existe","Intersección","Bueno","Buena","Diurna","Buen Tiempo","Lateral","S/D","Colisión","Ninguna","S/D","Ninguna","Sin restricción"
2014,4612,23/06/2014,"Lunes",0,23:30:00,,"0.0",2,"Automóvil,Moto/Ciclomotor","Solis Y Gorriti",3,1,0,0,2,0,0,,"Calle",,"ROSARIO","Rosario","S/D","No existe","II","Dentro","Urbana","Ninguna","No existe","Intersección","S/D","Reducida","Nocturna","S/D","Lateral","S/D","Colisión","S/D","Faltante","Ninguna","Sin restricción"
2014,4613,04/06/2014,"Miercoles",0,20:30:00,,"0.0",2,"Automóvil,Moto/Ciclomotor","Sarmiento 1300",2,1,0,0,1,0,0,,"Calle",,"FRAY LUIS BELTRÁN","San Lorenzo","Hormigón","Pavimento","XVII","Dentro","Urbana","Ninguna","No existe","Recta","Bueno","Buena","Nocturna,Con luz artificial","Buen Tiempo","Frontal","S/D","Colisión","Ninguna","S/D","Ninguna","Sin restricción"
2014,4614,26/06/2014,"Jueves",0,02:10:00,,"0.0",2,"Moto/Ciclomotor,Automóvil","Espa±a Y 25 de Mayo",2,1,0,0,1,0,0,,"Calle",,"CORONDA","San Jerónimo","Asfalto","S/D","XV","Dentro","Urbana","S/D","S/D","Recta","Bueno","S/D","S/D","Buen Tiempo","S/D","S/D","Colisión","S/D","S/D","S/D","S/D"
2014,4615,29/06/2014,"Domingo",0,07:00:00,"Ruta Nacional Rosario -Cordoba","0.0",1,"Automóvil"," ",3,3,0,0,0,0,0,,"Ruta","Rosario -Cordoba","ROLDÁN","San Lorenzo","Hormigón","Natural","XVII","Dentro","Urbana","Ninguna","No existe","Recta","Bueno","Reducida","Diurna","Buen Tiempo","S/D","S/D","Vuelco","S/D","S/D","Vegetación","Sin restricción"
2014,4616,11/06/2014,"Miercoles",0,13:00:00,,"0.0",2,"Automóvil,Automóvil","Bv C Pellegrini Y Gral Urquiza",5,4,0,0,1,0,0,,"Avenida",,"SAN JUSTO","San Justo","Asfalto","No existe","XVI","Dentro","Urbana","Ninguna","No existe","Intersección","Bueno","Buena","Diurna","Buen Tiempo","De alcance","S/D","Colisión","Ninguna","Faltante","Cordón divisorio","Sin restricción"
2014,4617,09/06/2014,"Lunes",0,17:35:00,,"0.0",2,"Bicicleta,Transporte de Pasajeros Urbano (> 8 asientos)","Catamarca Y España",2,1,0,0,1,0,0,,"Calle",,"ROSARIO","Rosario","Asfalto","No existe","II","Dentro","Urbana","Ninguna","No existe","Intersección","Bueno","Buena","Diurna","Buen Tiempo","S/D","S/D","Atropello","S/D","Faltante","Ninguna","Sin restricción"
2014,4618,15/06/2014,"Domingo",0,10:15:00,,"0.0",2,"Moto/Ciclomotor,Automóvil","Av San Martin Y L N Alem",2,0,1,0,1,0,0,,"S/D",,"SAN LORENZO","San Lorenzo","S/D","S/D","XVII","S/D","S/D","S/D","S/D","Intersección","S/D","S/D","Diurna","S/D","S/D","S/D","Colisión","S/D","S/D","S/D","S/D"
2014,4619,20/06/2014,"Viernes",0,09:15:00,,"0.0",2,"Automóvil,Moto/Ciclomotor","Ing White Y Jose Marquez",2,1,0,0,1,0,0,,"S/D",,"SAN LORENZO","San Lorenzo","S/D","S/D","XVII","S/D","S/D","S/D","S/D","S/D","S/D","S/D","Diurna","S/D","S/D","S/D","S/D","S/D","S/D","S/D","S/D"
2014,4620,20/06/2014,"Viernes",0,00:10:00,,"0.0",1,"Moto/Ciclomotor"," ",1,1,0,0,0,0,0,,"Calle",,"CORONDA","San Jerónimo","Asfalto","No existe","XV","Dentro","Urbana","Ninguna","No existe","Recta","Bueno","Buena","Nocturna,Con luz artificial","Buen Tiempo","S/D","S/D","Caída ocupante","S/D","Horizontal","Ninguna","Sin restricción"
2014,4621,26/06/2014,"Jueves",0,20:00:00,,"0.0",2,"Moto/Ciclomotor,Automóvil","Roca Y Yapeyu",2,1,0,0,1,0,0,,"Calle",,"PUERTO SAN MARTÍN","San Lorenzo","Asfalto","No existe","XVII","Dentro","Urbana","Ninguna","S/D","Intersección","Bueno","Buena","Nocturna,Con luz artificial","Buen Tiempo","De alcance","S/D","Colisión","Ninguna","Horizontal","Ninguna","Sin restricción"
2014,4622,09/06/2014,"Lunes",0,09:30:00,,"0.0",2,"Automóvil,Taxi/Remis","Av. Wheelwright 1300",2,1,0,0,1,0,0,,"Calle",,"ROSARIO","Rosario","Asfalto","No existe","II","Dentro","Urbana","Ninguna","No existe","Recta","Bueno","Buena","Diurna","Buen Tiempo","De alcance","S/D","Colisión","S/D","Faltante","Ninguna","Sin restricción"
2014,4623,10/06/2014,"Martes",0,17:30:00,,"0.0",2,"Moto/Ciclomotor,Automóvil","Bv R S Pe±a Y N Figueredo",2,1,0,0,1,0,0,,"Avenida",,"SAN JUSTO","San Justo","Asfalto","No existe","XVI","Dentro","Urbana","Ninguna","No existe","Intersección","Bueno","Buena","Atardecer","Buen Tiempo","Lateral","S/D","Colisión","Ninguna","Horizontal","Cordón divisorio","Sin restricción"
2014,4624,15/06/2014,"Domingo",0,18:50:00,,"0.0",2,"Automóvil,Moto/Ciclomotor","San Juan Y Bv Domingo F Sarmiento",2,1,0,0,1,0,0,,"Calle",,"MACIEL","San Jerónimo","Asfalto","Natural","XV","Dentro","Urbana","Ninguna","No existe","Intersección","Bueno","Buena","Diurna","Buen Tiempo","Frontal","S/D","Colisión","S/D","S/D","Ninguna","Sin restricción"
2014,4625,23/06/2014,"Lunes",0,21:10:00,,"0.0",2,"Pickup/Utilitario,Moto/Ciclomotor","Luis Braille Y Bateria Independencia",2,1,0,0,1,0,0,,"S/D",,"SAN LORENZO","San Lorenzo","S/D","S/D","XVII","S/D","S/D","S/D","S/D","S/D","S/D","S/D","Nocturna","S/D","S/D","S/D","Colisión","S/D","S/D","S/D","S/D"
2014,4627,17/06/2014,"Martes",0,19:20:00,,"0.0",2,"Automóvil,Moto/Ciclomotor","Feliciano Silva Y Av San Martin",2,1,0,0,1,0,0,,"Avenida",,"SAN LORENZO","San Lorenzo","S/D","S/D","XVII","S/D","S/D","S/D","S/D","Intersección","S/D","S/D","Diurna","S/D","S/D","S/D","Colisión","S/D","S/D","S/D","S/D"
2014,4628,13/06/2014,"Viernes",0,19:30:00,,"0.0",2,"Moto/Ciclomotor,Automóvil","Bv G L Lhemann Y Luis Maggi",2,1,0,0,1,0,0,,"Avenida",,"RAFAELA","Castellanos","Asfalto","S/D","V","Dentro","Urbana","S/D","S/D","Intersección","Bueno","Buena","Nocturna,Con luz artificial","S/D","S/D","S/D","Colisión","S/D","S/D","S/D","S/D"
2014,4629,23/06/2014,"Lunes",0,20:10:00,,"0.0",1,"Automóvil","Congreso ",1,1,0,0,0,0,0,,"S/D",,"SAN LORENZO","San Lorenzo","S/D","S/D","XVII","S/D","S/D","S/D","S/D","S/D","S/D","S/D","Nocturna","S/D","S/D","S/D","Vuelco","S/D","S/D","S/D","S/D"
2014,4630,19/06/2014,"Jueves",0,13:50:00,"Ruta Nacional 11","0.0",2,"Moto/Ciclomotor,Automóvil","Cordoba 2000",2,1,0,0,1,0,0,,"Ruta",11,"PUERTO SAN MARTÍN","San Lorenzo","Asfalto","No existe","XVII","Dentro","Urbana","Ninguna","No existe","Intersección","Bueno","Buena","Diurna","Buen Tiempo","Lateral","S/D","Colisión","Ninguna","Horizontal","Ninguna","Sin restricción"
2014,4631,26/06/2014,"Jueves",0,13:30:00,,"0.0",2,"Moto/Ciclomotor,Moto/Ciclomotor","Pje. Minetti Y Camilo Aldao",2,2,0,0,0,0,0,,"Calle",,"ROSARIO","Rosario","S/D","No existe","II","Dentro","Urbana","Ninguna","No existe","Intersección","S/D","Buena","Diurna","S/D","Lateral","S/D","Colisión","S/D","Faltante","Ninguna","Sin restricción"
2014,4632,25/06/2014,"Miercoles",0,20:30:00,"Ruta Nacional A012","0.0",3,"Camión,Camión,Camión","RUTA NACIONAL A012 Y SAAVEDRA",4,1,0,0,3,0,0,,"Ruta","A012","SAN LORENZO","San Lorenzo","S/D","S/D","XVII","S/D","S/D","S/D","S/D","S/D","S/D","S/D","Nocturna","S/D","Múltiple","S/D","Colisión","S/D","S/D","S/D","S/D"
2014,4633,18/06/2014,"Miercoles",0,07:05:00,,"0.0",2,"Moto/Ciclomotor,Automóvil","Catamarca Y Pje Alzugaray",2,1,0,0,1,0,0,,"Calle",,"SAN LORENZO","San Lorenzo","S/D","S/D","I","S/D","S/D","S/D","S/D","Intersección","S/D","S/D","Diurna","S/D","S/D","S/D","Colisión","S/D","S/D","S/D","S/D"
2014,4634,06/06/2014,"Viernes",0,07:00:00,"Ruta Nacional 11","369.0",1,"Moto/Ciclomotor","Ruta Nac 11 369",1,1,0,0,0,0,0,,"Ruta",11,"MACIEL","San Jerónimo","Asfalto","Natural","XV","Dentro","Rural","Ninguna","No existe","Recta","Bueno","Buena","Diurna","Buen Tiempo","Contra objeto fijo","S/D","Colisión","S/D","Faltante","Ninguna","Sin restricción"
2014,4635,13/06/2014,"Viernes",0,15:40:00,,"0.0",2,"Moto/Ciclomotor,Moto/Ciclomotor","Cayetano Nerbutti Y Av San Martin",2,1,0,0,0,0,1,,"Calle",,"PUERTO SAN MARTÍN","San Lorenzo","Asfalto","No existe","XVII","Dentro","Urbana","Ninguna","No existe","Intersección","Bueno","Buena","Diurna","Buen Tiempo","Lateral","S/D","Colisión","Ninguna","Horizontal","Ninguna","Sin restricción"
2014,4636,10/06/2014,"Martes",0,11:15:00,"Ruta Nacional 11","0.0",1,"Bicicleta"," ",2,1,0,0,1,0,0,,"Ruta",11,"SAN JUSTO","San Justo","Ripio","Ripio","XVI","Fuera","Rural","Ninguna","No existe","Otro","Bueno","Buena","Diurna","Buen Tiempo","S/D","S/D","Atropello","Ninguna","Faltante","Ninguna","Sin restricción"
2014,4637,26/06/2014,"Jueves",0,09:20:00,,"0.0",2,"Camión,Automóvil"," ",2,1,0,0,1,0,0,,"S/D",,"SAN LORENZO","San Lorenzo","S/D","S/D","XVII","S/D","S/D","S/D","S/D","S/D","S/D","S/D","Diurna","S/D","S/D","S/D","Colisión","S/D","S/D","S/D","S/D"
2014,4638,02/06/2014,"Lunes",0,19:30:00,,"0.0",2,"Moto/Ciclomotor,Automóvil","PUJATO Y LOS ALERCES",2,2,0,0,0,0,0,,"Calle",,"ROSARIO","Rosario","Asfalto","S/D","II","Dentro","Urbana","S/D","S/D","Intersección","S/D","S/D","Atardecer","S/D","S/D","S/D","Colisión","S/D","S/D","S/D","S/D"
2014,4639,29/06/2014,"Domingo",0,17:15:00,,"0.0",2,"Automóvil,Automóvil","Av. Jorge Newbery Y Donado",4,1,0,0,1,0,2,,"Avenida",,"ROSARIO","Rosario","Asfalto","S/D","II","Dentro","Urbana","S/D","S/D","Intersección","S/D","S/D","Diurna","S/D","S/D","S/D","Colisión","S/D","S/D","S/D","S/D"
2014,4640,18/06/2014,"Miercoles",0,21:38:00,,"0.0",2,"Automóvil,Bicicleta","Dorrego Y Jose Ingenieros",2,1,0,0,1,0,0,,"S/D",,"SAN LORENZO","San Lorenzo","S/D","S/D","XVII","S/D","S/D","S/D","S/D","S/D","S/D","S/D","Nocturna","S/D","S/D","S/D","Atropello","S/D","S/D","S/D","S/D"
2014,4641,13/06/2014,"Viernes",0,09:20:00,,"0.0",2,"Automóvil,Camión","Jujuy Y San Luis",4,2,0,0,2,0,0,,"Calle",,"PUERTO SAN MARTÍN","San Lorenzo","Asfalto","No existe","XVII","Dentro","Urbana","Ninguna","No existe","Intersección","Bueno","Buena","Diurna","Buen Tiempo","De alcance","S/D","Colisión","Ninguna","Horizontal","Ninguna","Sin restricción"
2014,4642,13/06/2014,"Viernes",0,16:00:00,,"0.0",2,"Moto/Ciclomotor,Automóvil","Constitucion Y Av Aristobulo del Valle",2,1,0,0,1,0,0,,"Avenida",,"RAFAELA","Castellanos","Asfalto","S/D","V","S/D","Urbana","S/D","S/D","Intersección","Bueno","Buena","Diurna","S/D","S/D","S/D","Colisión","S/D","S/D","S/D","S/D"
2014,4643,01/06/2014,"Domingo",0,19:30:00,,"0.0",2,"Automóvil,Camión","Av. Circunvalacion Y Av. Jorge Newbery",4,1,0,0,3,0,0,,"Avenida",,"ROSARIO","Rosario","Asfalto","S/D","II","Dentro","Urbana","S/D","S/D","Intersección","S/D","S/D","Atardecer","S/D","S/D","S/D","Colisión","S/D","S/D","S/D","S/D"
2014,4644,27/06/2014,"Viernes",0,08:00:00,"Ruta Nacional 9","340.0",2,"Automóvil,Camión"," ",3,2,0,0,1,0,0,,"Ruta",9,"SAN JERÓNIMO SUR","San Lorenzo","Asfalto","No existe","XVII","Dentro","Urbana","Otra Señal","No existe","Paso a Nivel FFCC","Con baches","Buena","Diurna","Buen Tiempo","Lateral","S/D","Colisión","S/D","Vertical","Guardarrail","Sin restricción"
2014,4645,28/06/2014,"Sabado",0,19:15:00,"Ruta Nacional 95","0.0",2,"Pickup/Utilitario,Pickup/Utilitario"," ",7,4,0,0,3,0,0,,"Ruta",95,"MACIEL","San Jerónimo","Asfalto,Ripio","Natural","XV","Fuera","Rural","S/D","No existe","Curva","Otro","Buena","Nocturna","Buen Tiempo","Frontal","S/D","Colisión","Otro","Faltante","Ninguna","Sin restricción"
2014,4646,19/06/2014,"Jueves",0,21:45:00,,"0.0",2,"Automóvil,Moto/Ciclomotor","Belgrano Y Sargento Cabral",2,1,0,0,1,0,0,,"Calle",,"SAN LORENZO","San Lorenzo","S/D","S/D","XVII","S/D","S/D","S/D","S/D","Intersección","S/D","S/D","Nocturna","S/D","S/D","S/D","Colisión","S/D","S/D","S/D","S/D"
2014,4647,06/06/2014,"Viernes",0,14:30:00,"Ruta Nacional 11","0.0",2,"Moto/Ciclomotor,Automóvil","Cordoba 2000",3,1,0,0,2,0,0,,"Ruta",11,"PUERTO SAN MARTÍN","San Lorenzo","Asfalto","No existe","XVII","Dentro","Urbana","Ninguna","No existe","Intersección","Bueno","Buena","Diurna","Buen Tiempo","De alcance","S/D","Colisión","Ninguna","Horizontal","Ninguna","Sin restricción"
2014,4649,19/06/2014,"Jueves",0,14:00:00,,"0.0",2,"Moto/Ciclomotor,Automóvil","Av. Jorge Newbery Y Donado",2,1,0,0,1,0,0,,"Calle",,"ROSARIO","Rosario","Asfalto","S/D","II","Dentro","Urbana","S/D","S/D","Intersección","S/D","S/D","Diurna","S/D","S/D","S/D","Colisión","S/D","S/D","S/D","S/D"
2014,4650,03/06/2014,"Martes",0,09:15:00,"Ruta Nacional 34","0.0",2,"Pickup/Utilitario,Camión"," ",2,1,0,0,1,0,0,,"Ruta",34,"SUNCHALES","Castellanos","Asfalto","S/D","V","Dentro","Rural","S/D","S/D","Recta","S/D","S/D","Diurna","S/D","Frontal","S/D","Colisión","S/D","S/D","S/D","S/D"
2014,4651,03/06/2014,"Martes",0,04:50:00,,"0.0",2,"Taxi/Remis,Moto/Ciclomotor","Santa Fe Y Balcarce",2,1,0,0,1,0,0,,"Calle",,"ROSARIO","Rosario","Asfalto","S/D","II","Dentro","Urbana","Semáforo","Funciona","Intersección","Bueno","Reducida","Nocturna,Con luz artificial","Buen Tiempo","Lateral","S/D","Colisión","S/D","Vertical","Cordón divisorio","Sin restricción"
2014,4652,13/06/2014,"Viernes",0,19:00:00,,"0.0",2,"Automóvil,Moto/Ciclomotor","Bv Oroño Y Fray Peña",2,1,0,0,1,0,0,,"Calle",,"SAN LORENZO","San Lorenzo","S/D","S/D","XVII","S/D","S/D","S/D","S/D","Intersección","S/D","S/D","Atardecer","S/D","S/D","S/D","Colisión","S/D","S/D","S/D","S/D"
2014,4653,06/06/2014,"Viernes",0,07:00:00,,"0.0",2,"Moto/Ciclomotor,Moto/Ciclomotor","Av. Circunvalacion ",2,1,0,0,1,0,0,,"Avenida",,"ROSARIO","Rosario","Asfalto","No existe","II","Dentro","Urbana","Ninguna","No existe","Intersección","Bueno","Buena","Diurna","Buen Tiempo","Lateral","S/D","Colisión","Ninguna","Faltante","S/D","Sin restricción"
2014,4654,01/06/2014,"Domingo",0,12:40:00,,"0.0",2,"Automóvil,Pickup/Utilitario","America Y Pte Hipolito Irigoyen",3,1,0,0,2,0,0,,"Avenida",,"PUERTO SAN MARTÍN","San Lorenzo","Asfalto","Natural","XVII","S/D","Urbana","Ninguna","No existe","Intersección","Bueno","Buena","Diurna","Buen Tiempo","De alcance","S/D","Colisión","Ninguna","Horizontal","Ninguna","Sin restricción"
2014,4655,18/06/2014,"Miercoles",0,09:20:00,,"0.0",2,"Moto/Ciclomotor,Automóvil","Pte.Roca 1000",2,1,0,0,1,0,0,,"Calle",,"ROSARIO","Rosario","Asfalto","S/D","II","Dentro","Urbana","Ninguna","No existe","Recta","Bueno","Buena","Diurna","Buen Tiempo","Frontal","S/D","Colisión","S/D","Faltante","Cordón divisorio","Sin restricción"
2014,4656,21/06/2014,"Sabado",0,19:00:00,,"0.0",2,"Moto/Ciclomotor,Bicicleta"," ",3,1,0,0,2,0,0,,"Calle",,"SAN JORGE","San Martín","Asfalto","S/D","XVIII","S/D","Urbana","S/D","S/D","Recta","Bueno","Buena","Atardecer","Buen Tiempo","S/D","S/D","Atropello","S/D","S/D","S/D","Sin restricción"
2014,4657,09/06/2014,"Lunes",0,10:05:00,,"0.0",2,"Automóvil,Moto/Ciclomotor","Falucho Y Dorrego",2,1,0,0,1,0,0,,"Calle",,"SAN LORENZO","San Lorenzo","S/D","S/D","XVII","S/D","S/D","S/D","S/D","Intersección","S/D","S/D","Diurna","S/D","S/D","S/D","Colisión","S/D","S/D","S/D","S/D"
2014,4658,17/06/2014,"Martes",0,15:40:00,,"0.0",2,"Automóvil,Automóvil","Italia 1700",2,1,0,0,1,0,0,,"Calle",,"ALVEAR","Rosario","Tierra,Ripio","No existe","II","S/D","Urbana","Ninguna","No existe","Recta","Bueno","Buena","Diurna","Buen Tiempo","Lateral","S/D","Colisión","Ninguna","S/D","Ninguna","Sin restricción"
2014,4659,08/06/2014,"Domingo",0,18:50:00,"Ruta Provincial 40","0.0",1,"Automóvil"," ",5,2,0,0,3,0,0,,"Ruta",40,"FORTÍN OLMOS","Vera","Asfalto","Natural","XIX","Dentro","Rural","Ninguna","No existe","Recta","Con baches","Buena","Atardecer","Buen Tiempo","S/D","S/D","Vuelco","Otro","Faltante","Línea divisoria pintada","Sin restricción"
2014,4660,07/06/2014,"Sabado",0,09:00:00,,"0.0",2,"Moto/Ciclomotor,Automóvil","Urquiza 9000",2,1,0,0,1,0,0,,"Calle",,"ROSARIO","Rosario","Asfalto","No existe","II","Dentro","Urbana","Ninguna","No existe","Recta","Bueno","Buena","Diurna","Buen Tiempo","Lateral","S/D","Colisión","Ninguna","Faltante","S/D","Sin restricción"