"anio_acci","nro_acci","fecha","desc_dia","fecha_aprox","hora_aprox","desc_ruta","km","cant_participantes","desc_participante","calle_avenida_km","total","heridos_leves","heridos_graves","heridos_gravisimos","ilesos","fallecidos","sin_datos","posicion_XY","desc_tipo_via","desc_ruta_ori","desc_loc","desc_dpto","desc_tipo_calzada","desc_tipo_banquina","desc_unidad_regional","desc_lugar_calzada","desc_zona","desc_prioridad","desc_estado_semaforo","desc_lugar_via","desc_estado_via","desc_estado_visibilidad","desc_luminosidad","desc_estado_clima","desc_tipo_colision","desc_tipo_atropello","desc_tipo_hecho","desc_pres_calzada","desc_senializacion","desc_separacion_via","desc_restriccion"
2014,4727,28/07/2014,"Lunes",0,12:30:00,,"0.0",2,"Bicicleta,Automóvil","Catamarca Y Iriondo",2,1,0,0,1,0,0,,"Calle",,"ROSARIO","Rosario","Asfalto","No existe","II","S/D","Urbana","Semáforo","Funciona","Recta","Bueno","Buena","Diurna","Buen Tiempo","S/D","S/D","Atropello","S/D","Vertical","Ninguna","S/D"
2014,4728,21/06/2014,"Sabado",0,12:30:00,,"0.0",2,"Automóvil,Automóvil","Av. Pellegrini Y Av. Circunvalacion",2,1,0,0,1,0,0,,"Avenida",,"ROSARIO","Rosario","Asfalto","Natural","II","S/D","Urbana","Ninguna","No existe","S/D","Bueno","Buena","Diurna","Buen Tiempo","Frontal","S/D","Colisión","Ninguna","Faltante","S/D","S/D"
2014,4729,01/07/2014,"Martes",0,07:50:00,"Ruta Provincial 18","1.0",1,"Pickup/Utilitario"," ",1,0,1,0,0,0,0,,"Ruta",18,"PIÑERO","Rosario","Asfalto","Natural","II","Dentro","Rural","Ninguna","No existe","Recta","Bueno","Buena","Diurna","Buen Tiempo","S/D","S/D","Despiste","S/D","Faltante","Línea divisoria pintada","Sin restricción"
2014,4730,26/06/2014,"Jueves",0,19:20:00,,"0.0",2,"Moto/Ciclomotor,Automóvil","Chacabuco Y Virasoro",3,2,0,0,1,0,0,,"Calle",,"ROSARIO","Rosario","Asfalto","No existe","II","Dentro","Urbana","Marca Vial","No existe","Intersección","Bueno","Buena","Nocturna,Con luz artificial","Buen Tiempo","Lateral","S/D","Colisión","Ninguna","Vertical","Línea divisoria pintada","Sin restricción"
2014,4731,03/07/2014,"Jueves",0,13:10:00,,"0.0",2,"Automóvil,Moto/Ciclomotor","Pasteur Y Belgrano",3,2,0,0,1,0,0,,"Calle",,"VILLA GOBERNADOR GÁLVEZ","Rosario","Asfalto","No existe","II","S/D","Urbana","Ninguna","No existe","Intersección","Bueno","Buena","Diurna","Buen Tiempo","Otro","S/D","Colisión","Ninguna","Faltante","Ninguna","Sin restricción"
2014,4732,07/06/2014,"Sabado",0,13:00:00,,"0.0",2,"Moto/Ciclomotor,Automóvil","Av Gral San Martin Y Guido y Spano",2,1,0,0,1,0,0,,"Avenida",,"VILLA GOBERNADOR GÁLVEZ","Rosario","Asfalto","No existe","II","Dentro","Urbana","Ninguna","No existe","Recta","Bueno","Buena","Diurna","Buen Tiempo","Lateral","S/D","Colisión","Otro","Faltante","Ninguna","Sin restricción"
2014,4733,24/06/2014,"Martes",0,18:15:00,,"0.0",2,"Automóvil,Pickup/Utilitario","Urquiza Y Muniagurria",4,3,0,0,1,0,0,,"Calle",,"ROSARIO","Rosario","Asfalto","Natural","II","S/D","Urbana","Ninguna","No existe","S/D","Bueno","Buena","Atardecer","Buen Tiempo","Frontal","S/D","Colisión","Ninguna","Faltante","S/D","Sin restricción"
2014,4734,18/06/2014,"Miercoles",0,19:00:00,,"0.0",2,"Moto/Ciclomotor,Automóvil","Av. Ntra.Sra.del Rosario Y Lituania",2,1,0,0,1,0,0,,"Calle",,"ROSARIO","Rosario","Asfalto","No existe","II","Dentro","Urbana","Ninguna","No existe","Intersección","Bueno","Buena","Diurna","Buen Tiempo","Lateral","S/D","Colisión","S/D","S/D","Ninguna","Sin restricción"
2014,4735,17/07/2014,"Jueves",0,14:00:00,,"0.0",2,"Moto/Ciclomotor,Pickup/Utilitario","Iriondo Y Urquiza",2,1,0,0,1,0,0,,"Calle",,"ROSARIO","Rosario","Asfalto","No existe","II","S/D","Urbana","Ninguna","No existe","Recta","Bueno","Buena","Diurna","Buen Tiempo","Otro","S/D","Colisión","Otro","Faltante","Ninguna","Sin restricción"
2014,4736,12/06/2014,"Jueves",0,19:00:00,,"0.0",2,"Automóvil,Moto/Ciclomotor","Av. Corrientes Y Dr.Rivas",2,1,0,0,1,0,0,,"Calle",,"ROSARIO","Rosario","Asfalto","S/D","II","Dentro","Urbana","S/D","S/D","Intersección","Bueno","Buena","Atardecer","Buen Tiempo","Lateral","S/D","Colisión","Ninguna","S/D","S/D","S/D"
2014,4737,09/06/2014,"Lunes",0,12:45:00,,"0.0",2,"Moto/Ciclomotor,Automóvil","Av Gral San Martin Y Libertad",2,1,0,0,1,0,0,,"Avenida",,"VILLA GOBERNADOR GÁLVEZ","Rosario","Asfalto","No existe","II","Dentro","Urbana","Ninguna","No existe","Recta","Bueno","Buena","Diurna","Buen Tiempo","Lateral","S/D","Colisión","Otro","Faltante","Ninguna","Sin restricción"
2014,4738,12/06/2014,"Jueves",0,22:00:00,,"0.0",2,"Moto/Ciclomotor,Automóvil","Entre Rios Y Ameghino",3,2,0,0,1,0,0,,"Calle",,"ROSARIO","Rosario","Asfalto","S/D","II","Dentro","Urbana","S/D","S/D","Intersección","Bueno","Buena","Nocturna,Con luz artificial","Buen Tiempo","Lateral","S/D","Colisión","Ninguna","S/D","S/D","S/D"
2014,4739,17/07/2014,"Jueves",0,15:45:00,,"0.0",2,"Automóvil,Moto/Ciclomotor","Soldado Aguirre Y Iriondo",2,1,0,0,1,0,0,,"S/D",,"VILLA GOBERNADOR GÁLVEZ","Rosario","Asfalto","No existe","II","S/D","Urbana","Ninguna","No existe","Intersección","Bueno","Buena","Diurna","Buen Tiempo","S/D","S/D","Colisión","Ninguna","S/D","Ninguna","Sin restricción"
2014,4740,26/06/2014,"Jueves",0,11:30:00,,"0.0",2,"Moto/Ciclomotor,Automóvil","Ayacucho Y Anchorena",2,1,0,0,1,0,0,,"Calle",,"ROSARIO","Rosario","Asfalto","No existe","II","Dentro","Urbana","Ninguna","No existe","Intersección","S/D","Buena","Diurna","Buen Tiempo","Lateral","S/D","Colisión","S/D","Horizontal","Línea divisoria pintada","Sin restricción"
2014,4741,18/06/2014,"Miercoles",0,14:50:00,,"0.0",2,"Automóvil,Camión","Av Gral San Martin Y Belgrano",2,1,0,0,1,0,0,,"Avenida",,"VILLA GOBERNADOR GÁLVEZ","Rosario","Asfalto","No existe","II","Dentro","Urbana","Semáforo","Funciona","Recta","Bueno","Buena","Diurna","Buen Tiempo","Lateral","S/D","Colisión","Otro","Faltante","Ninguna","Sin restricción"
2014,4742,09/06/2014,"Lunes",0,12:45:00,,"0.0",2,"Automóvil,Automóvil","Pueyrredon Y Av. Uriburu",2,1,0,0,1,0,0,,"Avenida",,"ROSARIO","Rosario","Asfalto","Pavimento","II","Dentro","Urbana","S/D","S/D","Intersección","Bueno","Buena","Diurna","Buen Tiempo","Lateral","S/D","Colisión","Ninguna","S/D","S/D","S/D"
2014,4743,08/06/2014,"Domingo",0,20:50:00,,"0.0",2,"Moto/Ciclomotor,Automóvil","Pte.Roca Y Biedma",3,2,0,0,1,0,0,,"Calle",,"ROSARIO","Rosario","Asfalto","S/D","II","Dentro","Urbana","S/D","S/D","Intersección","Bueno","Buena","Nocturna","Buen Tiempo","Lateral","S/D","Colisión","Ninguna","S/D","S/D","S/D"
2014,4744,18/06/2014,"Miercoles",0,15:45:00,,"0.0",2,"Bicicleta,Automóvil","Fray Justo Santa Maria de Oro Y Av Gral San Martin",3,1,0,0,2,0,0,,"Avenida",,"VILLA GOBERNADOR GÁLVEZ","Rosario","Asfalto","No existe","II","Dentro","Urbana","Ninguna","No existe","Recta","Bueno","Buena","Diurna","Buen Tiempo","S/D","S/D","Atropello","Otro","Faltante","Ninguna","Sin restricción"
2014,4745,26/06/2014,"Jueves",0,11:15:00,,"0.0",2,"Pickup/Utilitario,Bicicleta","Tomas de la Torre Y Candelaria",2,1,0,0,1,0,0,,"S/D",,"FUNES","Rosario","Ripio","Ripio","II","S/D","Urbana","Ninguna","No existe","Curva","Bueno","Buena","Diurna","Buen Tiempo","S/D","S/D","Atropello","Ninguna","S/D","Ninguna","S/D"
2014,4746,17/07/2014,"Jueves",0,20:45:00,,"0.0",2,"Automóvil,Peatón","Ing Mosconi Y Iriondo",2,1,0,0,1,0,0,,"S/D",,"VILLA GOBERNADOR GÁLVEZ","Rosario","Asfalto","No existe","II","S/D","Urbana","Ninguna","No existe","Intersección","Bueno","Reducida","Con luz artificial","Buen Tiempo","S/D","S/D","Atropello","Ninguna","Faltante","Ninguna","Sin restricción"
2014,4747,10/06/2014,"Martes",0,09:30:00,,"0.0",2,"Moto/Ciclomotor,Automóvil","Ayacucho Y ",3,2,0,0,1,0,0,,"Calle",,"ROSARIO","Rosario","Asfalto","No existe","II","Dentro","Urbana","Ninguna","S/D","Intersección","Bueno","Buena","Diurna","Buen Tiempo","Lateral","S/D","Colisión","S/D","S/D","Ninguna","Sin restricción"
2014,4748,15/06/2014,"Domingo",0,19:15:00,"Ruta Secundaria 32-s","0.0",3,"Moto/Ciclomotor,Peatón,Peatón"," ",3,1,0,0,2,0,0,,"Ruta","32-s","VILLA OCAMPO","General Obligado","Hormigón","Natural","IX","S/D","Urbana","Ninguna","No existe","Intersección","Otro","Reducida p/ objetos","Nocturna","Viento Fuerte","S/D","S/D","Atropello","Otro","Vertical","Línea divisoria pintada","Sin restricción"
2014,4749,18/07/2014,"Viernes",0,10:15:00,,"0.0",2,"Automóvil,Moto/Ciclomotor","Santa Fe Y Suipacha",2,1,0,0,1,0,0,,"Calle",,"ROSARIO","Rosario","Asfalto","No existe","II","S/D","Urbana","Semáforo","Funciona","Recta","Otro","S/D","Diurna","Buen Tiempo","Otro","S/D","Colisión","Otro","Vertical","Ninguna","Sin restricción"
2014,4750,17/07/2014,"Jueves",0,21:50:00,,"0.0",2,"Automóvil,Moto/Ciclomotor","Belgrano Y Entre Rios",2,1,0,0,1,0,0,,"Calle",,"VILLA GOBERNADOR GÁLVEZ","Rosario","Asfalto","No existe","II","S/D","S/D","Ninguna","No existe","Intersección","Bueno","Buena","Nocturna,Con luz artificial","Buen Tiempo","S/D","S/D","Colisión","Ninguna","Faltante","Ninguna","Sin restricción"
2014,4751,19/06/2014,"Jueves",0,10:15:00,,"0.0",2,"Moto/Ciclomotor,Automóvil","Av Gral San Martin Y Emilio Zola",2,1,0,0,1,0,0,,"Avenida",,"VILLA GOBERNADOR GÁLVEZ","Rosario","Asfalto","No existe","II","Dentro","Urbana","Ninguna","No existe","Recta","Bueno","Buena","Diurna","Buen Tiempo","Lateral","S/D","Colisión","Otro","Faltante","Ninguna","Sin restricción"
2014,4752,27/06/2014,"Viernes",0,09:20:00,,"0.0",2,"Moto/Ciclomotor,Pickup/Utilitario","Virasoro Y Necochea",2,1,0,0,1,0,0,,"Calle",,"ROSARIO","Rosario","Asfalto","No existe","II","Dentro","Urbana","Marca Vial","No existe","Intersección","Bueno","Buena","Diurna","Buen Tiempo","Lateral","S/D","Colisión","Ninguna","Vertical","Línea divisoria pintada","Sin restricción"
2014,4753,28/06/2014,"Sabado",0,04:10:00,"Autopista Nacional Rosario -Cordoba","0.0",1,"Automóvil"," ",1,1,0,0,0,0,0,,"Autopista","Rosario -Cordoba","FUNES","Rosario","Asfalto","Natural","II","Fuera","S/D","Ninguna","No existe","Recta","Bueno","Reducida","Nocturna","S/D","Otro","S/D","Vuelco","Ninguna","S/D","Línea divisoria pintada","Sin restricción"
2014,4755,04/07/2014,"Viernes",0,19:00:00,,"0.0",2,"Automóvil,Moto/Ciclomotor","Uriarte Y Alvarez Thomas",3,1,0,0,2,0,0,,"Calle",,"ROSARIO","Rosario","Asfalto","No existe","II","Dentro","Urbana","Ninguna","No existe","Intersección","Bueno","Buena","Diurna","Buen Tiempo","Frontal","S/D","Colisión","Otro","Faltante","Ninguna","Sin restricción"
2014,4756,09/06/2014,"Lunes",0,19:55:00,,"0.0",2,"Automóvil,Moto/Ciclomotor","Av San Martin Y Vicente Marmol",2,1,0,0,1,0,0,,"S/D",,"SAN LORENZO","San Lorenzo","S/D","S/D","XVII","S/D","S/D","S/D","S/D","S/D","S/D","S/D","S/D","S/D","S/D","S/D","Colisión","S/D","S/D","S/D","S/D"
2014,4757,22/06/2014,"Domingo",0,06:50:00,,"0.0",2,"Automóvil,Automóvil","Av Gral San Martin Y Mitre",2,1,0,0,1,0,0,,"Avenida",,"VILLA GOBERNADOR GÁLVEZ","Rosario","Asfalto","No existe","II","Dentro","Urbana","Ninguna","No existe","Recta","Bueno","Buena","Nocturna","Buen Tiempo","Lateral","S/D","Colisión","Otro","Faltante","Ninguna","Sin restricción"
2014,4758,26/06/2014,"Jueves",0,16:20:00,,"0.0",2,"Moto/Ciclomotor,Automóvil","Bv. Segui Y Buenos Aires",2,1,0,0,1,0,0,,"Calle",,"ROSARIO","Rosario","Asfalto","No existe","II","Dentro","Urbana","Marca Vial","No existe","Intersección","Bueno","Buena","Atardecer","Buen Tiempo","Lateral","S/D","Colisión","Ninguna","Vertical","S/D","Sin restricción"
2014,4759,16/07/2014,"Miercoles",0,08:00:00,,"0.0",2,"Moto/Ciclomotor,Automóvil","Bolivar Y Av Caferata",3,2,0,0,1,0,0,,"Avenida",,"VILLA GOBERNADOR GÁLVEZ","Rosario","Asfalto","No existe","II","S/D","Urbana","Ninguna","No existe","Intersección","Bueno","Buena","Diurna","Buen Tiempo","S/D","S/D","Colisión","Ninguna","Faltante","Ninguna","Sin restricción"
2014,4760,04/07/2014,"Viernes",0,,,"0.0",2,"Moto/Ciclomotor,Taxi/Remis","Reconquista Y Antelo Bis",3,1,0,0,2,0,0,,"Calle",,"ROSARIO","Rosario","Asfalto","S/D","II","S/D","Urbana","Semáforo","S/D","Intersección","Bueno","Buena","Diurna","Buen Tiempo","Lateral","S/D","Colisión","Ninguna","S/D","Cordón divisorio","Sin restricción"
2014,4761,08/06/2014,"Domingo",0,14:45:00,,"0.0",2,"Automóvil,Moto/Ciclomotor","Av. Uriburu Y Paraguay",3,1,0,0,2,0,0,,"Avenida",,"ROSARIO","Rosario","Asfalto","S/D","II","Dentro","Urbana","S/D","S/D","Intersección","Bueno","Buena","Diurna","Buen Tiempo","Lateral","S/D","Colisión","Ninguna","S/D","S/D","S/D"
2014,4762,24/06/2014,"Martes",0,14:35:00,,"0.0",2,"Moto/Ciclomotor,Automóvil","Av Gral San Martin 2300",2,1,0,0,1,0,0,,"Avenida",,"VILLA GOBERNADOR GÁLVEZ","Rosario","Asfalto","No existe","II","Dentro","Urbana","Ninguna","No existe","Recta","Bueno","Buena","Diurna","Buen Tiempo","Lateral","S/D","Colisión","Otro","Faltante","Ninguna","Sin restricción"
2014,4763,16/07/2014,"Miercoles",0,18:45:00,,"0.0",1,"Moto/Ciclomotor","Av Juan Domingo Peron Y 3 de Febrero",2,2,0,0,0,0,0,,"Calle",,"VILLA GOBERNADOR GÁLVEZ","Rosario","Asfalto","S/D","II","Dentro","Urbana","Ninguna","No existe","Curva","Con baches","Buena","Diurna","Buen Tiempo","Otro","S/D","Caída ocupante","S/D","Faltante","Ninguna","Sin restricción"
2014,4764,23/06/2014,"Lunes",0,20:15:00,,"0.0",2,"Moto/Ciclomotor,Pickup/Utilitario","Biedma 500",2,1,0,0,1,0,0,,"Calle",,"ROSARIO","Rosario","Asfalto","No existe","II","Dentro","Urbana","Marca Vial","No existe","Recta","Bueno","Buena","Nocturna,Con luz artificial","Buen Tiempo","Lateral","S/D","Colisión","Ninguna","Vertical","Línea divisoria pintada","Sin restricción"
2014,4765,22/07/2014,"Martes",0,18:30:00,,"0.0",2,"Bicicleta,Automóvil","Av del Libertador Y J J Paso",2,1,0,0,1,0,0,,"Avenida",,"VILLA GOBERNADOR GÁLVEZ","Rosario","Asfalto","No existe","II","S/D","Urbana","Ninguna","No existe","Intersección","Otro","Buena","Diurna","Buen Tiempo","S/D","S/D","Atropello","Ninguna","Faltante","Ninguna","Sin restricción"
2014,4766,14/06/2014,"Sabado",0,00:00:00,,"0.0",2,"Automóvil,Camión","BOLIVIA Y BV OROÑO",3,1,0,0,2,0,0,,"S/D",,"SAN LORENZO","San Lorenzo","S/D","S/D","XVII","S/D","S/D","S/D","S/D","S/D","S/D","S/D","Nocturna","S/D","S/D","S/D","Colisión","S/D","S/D","S/D","S/D"
2014,4767,26/06/2014,"Jueves",0,12:55:00,,"0.0",2,"Automóvil,Automóvil","Av Gral San Martin Y Paulo VI",3,2,0,0,1,0,0,,"Avenida",,"VILLA GOBERNADOR GÁLVEZ","Rosario","Asfalto","No existe","II","Dentro","Urbana","Ninguna","No existe","Recta","Bueno","Buena","Diurna","Buen Tiempo","Lateral","S/D","Colisión","Otro","Faltante","Ninguna","Sin restricción"
2014,4768,28/06/2014,"Sabado",0,18:10:00,,"0.0",2,"Moto/Ciclomotor,Automóvil","Pte.Roca Y Mr.Ross",3,2,0,0,1,0,0,,"Calle",,"ROSARIO","Rosario","Asfalto","S/D","II","Dentro","Urbana","Ninguna","No existe","Intersección","Bueno","Buena","Atardecer","Buen Tiempo","De alcance","S/D","Colisión","S/D","S/D","S/D","Sin restricción"
2014,4769,06/07/2014,"Domingo",0,20:49:00,,"0.0",2,"Pickup/Utilitario,Pickup/Utilitario","Albert Sabin Y French",3,1,0,0,2,0,0,,"Calle",,"ROSARIO","Rosario","Asfalto","S/D","II","S/D","Urbana","Semáforo","S/D","Intersección","Bueno","Buena","Nocturna","Buen Tiempo","Lateral","S/D","Colisión","S/D","Horizontal,Vertical","Cordón divisorio","Sin restricción"
2014,4770,23/06/2014,"Lunes",0,18:15:00,,"0.0",2,"Moto/Ciclomotor,Peatón","Bv Sarmiento ",3,2,0,0,1,0,0,,"Calle",,"VILLA OCAMPO","General Obligado","Asfalto","Natural","IX","Dentro","Urbana","Marca Vial","No existe","Recta","Bueno","Buena","Atardecer","Buen Tiempo","S/D","S/D","Atropello","Otro","Horizontal","Ninguna","Sin restricción"
2014,4771,09/07/2014,"Miercoles",0,07:20:00,"Ruta Provincial 21","0.0",2,"Automóvil,Automóvil"," ",2,1,0,0,1,0,0,,"Ruta",21,"PUEBLO ESTHER","Rosario","Asfalto","Natural","II","S/D","Urbana","Ninguna","No existe","Recta","Bueno","Buena","Amanecer","Buen Tiempo","S/D","S/D","Colisión","Ninguna","Faltante","Línea divisoria pintada","Sin restricción"
2014,4772,19/06/2014,"Jueves",0,12:30:00,,"0.0",2,"Automóvil,Moto/Ciclomotor","Nicaragua Y Santa Fe",2,2,0,0,0,0,0,,"Calle",,"ROSARIO","Rosario","Asfalto","No existe","II","S/D","Urbana","Ninguna","No existe","S/D","Bueno","Buena","Diurna","Buen Tiempo","Lateral","S/D","Colisión","Ninguna","Faltante","S/D","Sin restricción"
2014,4773,08/06/2014,"Domingo",0,14:10:00,,"0.0",2,"Automóvil,Peatón","San Martin 4702",2,1,0,0,1,0,0,,"Calle",,"ROSARIO","Rosario","Asfalto","Pavimento","II","Dentro","Urbana","S/D","S/D","Recta","Bueno","Buena","Atardecer","Buen Tiempo","Lateral","S/D","Colisión","Ninguna","S/D","S/D","S/D"
2014,4774,29/06/2014,"Domingo",0,21:20:00,,"0.0",2,"Moto/Ciclomotor,Automóvil","Av Gral San Martin Y Eva Peron",3,2,0,0,1,0,0,,"Avenida",,"VILLA GOBERNADOR GÁLVEZ","Rosario","Asfalto","No existe","II","Dentro","Urbana","Semáforo","Funciona","Recta","Bueno","Buena","Nocturna","Buen Tiempo","Lateral","S/D","Colisión","Otro","Faltante","Ninguna","Sin restricción"
2014,4775,17/06/2014,"Martes",0,19:00:00,,"0.0",1,"Moto/Ciclomotor","Belgrano Y Av San Martin",2,1,0,0,1,0,0,,"S/D",,"SAN LORENZO","San Lorenzo","S/D","S/D","XVII","S/D","S/D","S/D","S/D","S/D","S/D","S/D","Atardecer","S/D","S/D","S/D","S/D","S/D","S/D","S/D","S/D"
2014,4776,27/07/2014,"Domingo",0,21:30:00,,"0.0",2,"Moto/Ciclomotor,Automóvil","Miller Y Uriarte",2,1,0,0,1,0,0,,"Calle",,"ROSARIO","Rosario","Asfalto","No existe","II","Dentro","Urbana","Ninguna","No existe","Intersección","Bueno","Buena","Nocturna","Buen Tiempo","Lateral","S/D","Colisión","Otro","Faltante","Ninguna","Sin restricción"
2014,4777,02/07/2014,"Miercoles",0,01:00:00,,"0.0",2,"Moto/Ciclomotor,Peatón","Cafferata Y Santa Fe",2,1,0,0,1,0,0,,"Calle",,"ROSARIO","Rosario","Asfalto","No existe","II","S/D","Urbana","Semáforo","Funciona","Recta","Bueno","Buena","Nocturna,Con luz artificial","Buen Tiempo","S/D","S/D","Atropello","S/D","Vertical","Ninguna","Sin restricción"
2014,4778,01/06/2014,"Domingo",0,19:15:00,,"0.0",3,"Peatón,Peatón,Automóvil","Av San Martin Y Belgrano",3,2,0,0,1,0,0,,"S/D",,"SAN LORENZO","San Lorenzo","S/D","S/D","XVII","S/D","S/D","S/D","S/D","S/D","S/D","S/D","Atardecer","S/D","S/D","S/D","Atropello","S/D","S/D","S/D","S/D"
2014,4779,09/06/2014,"Lunes",0,,,"0.0",2,"Moto/Ciclomotor,Camión","Sarmiento Y Chacabuco",2,1,0,0,1,0,0,,"Calle",,"ZAVALLA","Rosario","Hormigón","No existe","II","Dentro","Urbana","Ninguna","No existe","Intersección","Bueno","Buena","Diurna","Buen Tiempo","Frontal","S/D","Colisión","S/D","Faltante","Ninguna","Sin restricción"
2014,4780,20/07/2014,"Domingo",0,11:20:00,,"0.0",2,"Moto/Ciclomotor,Automóvil","I A Edison ",3,1,0,0,2,0,0,,"Calle",,"VILLA GOBERNADOR GÁLVEZ","Rosario","Asfalto","No existe","II","S/D","Urbana","Ninguna","No existe","Recta","Con baches","Buena","Diurna","Buen Tiempo","De alcance","S/D","Colisión","S/D","S/D","Ninguna","Sin restricción"
2014,4781,24/07/2014,"Jueves",0,15:00:00,"Autopista Nacional Gral. Juan Jose Valle","282.6",2,"Pickup/Utilitario,Automóvil"," ",3,2,0,0,1,0,0,,"Autopista","Gral. Juan Jose Valle","ALVEAR","Rosario","Asfalto","Natural","II","S/D","Rural","Ninguna","No existe","Recta","Bueno","Buena","Diurna","Buen Tiempo","De alcance","S/D","Colisión","Ninguna","Horizontal,Vertical","Línea divisoria pintada","Sin restricción"
2014,4782,27/06/2014,"Viernes",0,15:30:00,,"0.0",2,"Pickup/Utilitario,Automóvil","Pje. Yugoslavia Y Juan Canals",3,2,0,0,1,0,0,,"Calle",,"ROSARIO","Rosario","Asfalto","S/D","II","Dentro","Urbana","Ninguna","No existe","Intersección","Bueno","Buena","Diurna","Buen Tiempo","De alcance","S/D","Colisión","S/D","S/D","S/D","Sin restricción"
2014,4783,08/06/2014,"Domingo",0,21:00:00,,"0.0",2,"Automóvil,Pickup/Utilitario","Bv. Segui Y Bv. Oroño",2,1,0,0,1,0,0,,"Avenida",,"ROSARIO","Rosario","Asfalto","S/D","II","Dentro","Urbana","S/D","Funciona","Recta","Bueno","Buena","Nocturna,Con luz artificial","Buen Tiempo","Lateral","S/D","Colisión","S/D","Horizontal","S/D","S/D"
2014,4784,17/06/2014,"Martes",0,07:30:00,"Ruta Provincial 14","0.0",2,"Moto/Ciclomotor,Automóvil"," ",2,1,0,0,1,0,0,,"Ruta",14,"PEREZ","Rosario","S/D","No existe","II","S/D","S/D","S/D","No existe","Intersección","S/D","Buena","Diurna","S/D","Lateral","S/D","Colisión","S/D","Faltante","Línea divisoria pintada","S/D"
2014,4785,23/06/2014,"Lunes",0,13:45:00,,"0.0",2,"Moto/Ciclomotor,Taxi/Remis","Bv. Segui Y Buenos Aires",2,1,0,0,1,0,0,,"Calle",,"ROSARIO","Rosario","Asfalto","No existe","II","Dentro","Urbana","Semáforo","Funciona","Intersección","Bueno","Buena","Diurna","Buen Tiempo","Lateral","S/D","Colisión","Ninguna","Vertical","Línea divisoria pintada","Sin restricción"
2014,4786,25/07/2014,"Viernes",0,18:30:00,,"0.0",2,"Automóvil,Moto/Ciclomotor","3 de Febrero 200",3,2,0,0,1,0,0,,"Calle",,"VILLA GOBERNADOR GÁLVEZ","Rosario","Asfalto","No existe","II","S/D","Urbana","Ninguna","No existe","Recta","Con baches","Buena","Diurna","Buen Tiempo","Lateral","S/D","Colisión","S/D","S/D","Ninguna","Sin restricción"
2014,4787,14/06/2014,"Sabado",0,12:45:00,,"0.0",2,"Pickup/Utilitario,Moto/Ciclomotor","Av Belgrano Y Dr Chiavarini",2,1,0,0,1,0,0,,"Avenida",,"PEREZ","Rosario","S/D","No existe","II","Dentro","Urbana","Ninguna","No existe","Intersección","S/D","Buena","Diurna","Otro","Lateral","S/D","Colisión","S/D","Faltante","Línea divisoria pintada","Sin restricción"
2014,4788,28/06/2014,"Sabado",0,06:10:00,"Autopista Nacional 9","283.0",2,"Camión,Automóvil"," ",3,2,0,0,1,0,0,,"Autopista",9,"ALVEAR","Rosario","Asfalto","Natural","II","S/D","Rural","Ninguna","No existe","Recta","Bueno","Buena","Amanecer","Buen Tiempo","De alcance","S/D","Colisión","Otro","Horizontal,Vertical","Línea divisoria pintada","Sin restricción"
2014,4789,04/07/2014,"Viernes",0,15:20:00,,"0.0",2,"Automóvil,Automóvil","Vera Mujica Y Catamarca",2,1,0,0,1,0,0,,"Calle",,"ROSARIO","Rosario","Asfalto","S/D","II","S/D","Urbana","Semáforo","Funciona","Recta","Bueno","Buena","Diurna","Buen Tiempo","Frontal","S/D","Colisión","S/D","Vertical","Ninguna","Sin restricción"
2014,4790,23/07/2014,"Miercoles",0,08:00:00,"Ruta Provincial 21","0.0",2,"Automóvil,Moto/Ciclomotor"," ",3,2,0,0,1,0,0,,"Ruta",21,"ALVEAR","Rosario","Asfalto,Tierra","Natural","II","Fuera","Rural","Ninguna","No existe","Intersección","Bueno","Buena","Diurna","Buen Tiempo","S/D","S/D","S/D","Ninguna","Horizontal,Vertical","Línea divisoria pintada","Sin restricción"
2014,4791,22/06/2014,"Domingo",0,05:00:00,,"0.0",2,"Moto/Ciclomotor,Automóvil","Gaboto Y Ayacucho",2,0,0,1,1,0,0,,"Calle",,"ROSARIO","Rosario","Asfalto","No existe","II","Dentro","Urbana","Marca Vial","No existe","Intersección","Bueno","Buena","Nocturna,Con luz artificial","Buen Tiempo","Lateral","S/D","Colisión","Ninguna","Vertical","Línea divisoria pintada","Sin restricción"
2014,4792,26/07/2014,"Sabado",0,,,"0.0",2,"Automóvil,Automóvil","G Lopez 300",2,1,0,0,1,0,0,,"Calle",,"VILLA GOBERNADOR GÁLVEZ","Rosario","Asfalto","No existe","II","Dentro","Urbana","Ninguna","No existe","Recta","Con baches","Buena","Diurna","Buen Tiempo","De alcance","S/D","Colisión","S/D","Faltante","Ninguna","Sin restricción"
2014,4793,23/06/2014,"Lunes",0,16:00:00,,"0.0",2,"Automóvil,Bicicleta"," ",2,1,0,0,1,0,0,,"S/D",,"PEREZ","Rosario","S/D","No existe","II","Dentro","Urbana","Ninguna","No existe","Intersección","S/D","Buena","Diurna","S/D","S/D","S/D","Atropello","S/D","Faltante","Línea divisoria pintada","Sin restricción"