"anio_acci","nro_acci","fecha","desc_dia","fecha_aprox","hora_aprox","desc_ruta","km","cant_participantes","desc_participante","calle_avenida_km","total","heridos_leves","heridos_graves","heridos_gravisimos","ilesos","fallecidos","sin_datos","posicion_XY","desc_tipo_via","desc_ruta_ori","desc_loc","desc_dpto","desc_tipo_calzada","desc_tipo_banquina","desc_unidad_regional","desc_lugar_calzada","desc_zona","desc_prioridad","desc_estado_semaforo","desc_lugar_via","desc_estado_via","desc_estado_visibilidad","desc_luminosidad","desc_estado_clima","desc_tipo_colision","desc_tipo_atropello","desc_tipo_hecho","desc_pres_calzada","desc_senializacion","desc_separacion_via","desc_restriccion"
2014,4794,21/06/2014,"Sabado",0,17:45:00,,"0.0",1,"Automóvil","Piedrabuena ",4,3,0,0,0,0,1,,"Camino Rural",,"ALVEAR","Rosario","Tierra,Ripio","No existe","II","Fuera","Rural","Ninguna","No existe","Recta","Bueno","Buena","Diurna","Buen Tiempo","S/D","S/D","Despiste","Otro","Faltante","Ninguna","Sin restricción"
2014,4795,29/07/2014,"Martes",0,10:08:00,,"0.0",2,"Bicicleta,Automóvil","Cervantes 167",2,1,0,0,1,0,0,,"S/D",,"VILLA GOBERNADOR GÁLVEZ","Rosario","Asfalto","No existe","II","S/D","Urbana","Ninguna","No existe","Recta","Bueno","Buena","Diurna","Buen Tiempo","S/D","S/D","Atropello","S/D","Faltante","Ninguna","Sin restricción"
2014,4796,06/06/2014,"Viernes",0,15:33:00,,"0.0",2,"Moto/Ciclomotor,Automóvil","Sarmiento Y Ameghino",2,1,0,0,1,0,0,,"Calle",,"ROSARIO","Rosario","Asfalto","S/D","II","Dentro","Urbana","S/D","No existe","Intersección","Bueno","Buena","Diurna","Buen Tiempo","Lateral","S/D","Colisión","S/D","S/D","S/D","S/D"
2014,4797,26/06/2014,"Jueves",0,13:10:00,,"0.0",2,"Bicicleta,Automóvil","Paraguay Y Biedma",2,1,0,0,1,0,0,,"Calle",,"ROSARIO","Rosario","Asfalto","S/D","II","Dentro","Urbana","S/D","No existe","Intersección","Bueno","Buena","Diurna","Buen Tiempo","De alcance","S/D","Atropello","S/D","S/D","S/D","S/D"
2014,4798,15/07/2014,"Martes",0,06:30:00,"Ruta Provincial 21","0.0",2,"Pickup/Utilitario,Pickup/Utilitario"," ",2,1,0,0,1,0,0,,"Ruta",21,"ALVEAR","Rosario","Asfalto","Natural","II","Fuera","Rural","Semáforo","Funciona","Intersección","Bueno","Buena","Diurna","Buen Tiempo","De alcance","S/D","Colisión","Ninguna","Horizontal,Vertical","Línea divisoria pintada","Sin restricción"
2014,4799,06/06/2014,"Viernes",0,15:03:00,,"0.0",2,"Peatón,Taxi/Remis","San Martin Y Garay",2,1,0,0,1,0,0,,"Avenida",,"ROSARIO","Rosario","Asfalto","S/D","II","Dentro","Urbana","Semáforo","Funciona","Intersección","Bueno","Buena","Diurna","Buen Tiempo","S/D","S/D","Atropello","Ninguna","S/D","S/D","S/D"
2014,4800,14/06/2014,"Sabado",0,14:00:00,,"0.0",2,"Moto/Ciclomotor,Automóvil","Dean Funes Y J.M.de Rosas",2,1,0,0,1,0,0,,"Calle",,"ROSARIO","Rosario","Asfalto","No existe","II","Dentro","Urbana","Marca Vial","No existe","Intersección","Bueno","Buena","Diurna","Buen Tiempo","Lateral","S/D","Colisión","Ninguna","Vertical","Línea divisoria pintada","Sin restricción"
2014,4801,16/06/2014,"Lunes",0,18:30:00,,"0.0",2,"Bicicleta,Automóvil","Libertad Y 3 de Febrero",2,1,0,0,1,0,0,,"Calle",,"ARROYO SECO","Rosario","Hormigón","Pavimento","II","Dentro","Urbana","Ninguna","No existe","Recta","Bueno","Buena","Diurna","Buen Tiempo","S/D","S/D","Atropello","S/D","Faltante","Ninguna","Sin restricción"
2014,4802,27/07/2014,"Domingo",0,18:00:00,,"0.0",2,"Automóvil,Peatón","Cafferata Y Tucuman",2,1,0,0,1,0,0,,"Calle",,"ROSARIO","Rosario","Asfalto","S/D","II","S/D","Urbana","Semáforo","Funciona","Recta","Bueno","Buena","Diurna","Buen Tiempo","S/D","S/D","Atropello","S/D","Vertical","Ninguna","Sin restricción"
2014,4803,23/07/2014,"Miercoles",0,15:50:00,,"0.0",2,"Moto/Ciclomotor,Automóvil","Av. Luis Carballo 200",2,1,0,0,1,0,0,,"S/D",,"ROSARIO","Rosario","S/D","S/D","II","S/D","Urbana","S/D","S/D","S/D","S/D","S/D","S/D","S/D","S/D","S/D","S/D","S/D","S/D","S/D","S/D"
2014,4804,12/06/2014,"Jueves",0,10:40:00,,"0.0",2,"Moto/Ciclomotor,Automóvil","Pje. J.Blanco Y Cabildo",2,1,0,0,1,0,0,,"Calle",,"ROSARIO","Rosario","Asfalto","No existe","II","Dentro","Urbana","Marca Vial","No existe","Intersección","Bueno","Buena","Diurna","Buen Tiempo","Lateral","S/D","Colisión","Ninguna","Vertical","Línea divisoria pintada","Sin restricción"
2014,4805,16/06/2014,"Lunes",0,11:00:00,"Ruta Nacional A012","0.0",2,"Pickup/Utilitario,Automóvil"," ",2,1,0,0,1,0,0,,"Ruta","A012","ALVEAR","Rosario","Asfalto","Natural","II","Dentro","Rural","Ninguna","No existe","Intersección","Bueno","Buena","Diurna","Buen Tiempo","Otro","S/D","Colisión","Otro","Horizontal,Vertical","Línea divisoria pintada","Sin restricción"
2014,4806,03/06/2014,"Martes",0,10:00:00,,"0.0",2,"Automóvil,Moto/Ciclomotor","Hilarion de la Quintana Y Entre Rios",2,1,0,0,1,0,0,,"Calle",,"ROSARIO","Rosario","Asfalto","S/D","II","Dentro","Urbana","Ninguna","No existe","Recta","Bueno","Buena","Diurna","Buen Tiempo","De alcance","S/D","Colisión","S/D","S/D","S/D","S/D"
2014,4807,14/07/2014,"Lunes",0,07:50:00,"Ruta Provincial 21","287.0",2,"Bicicleta,Pickup/Utilitario"," ",2,1,0,0,1,0,0,,"Ruta",21,"ALVEAR","Rosario","Asfalto","Natural","II","Fuera","Rural","Semáforo","Funciona","Recta","Bueno","Buena","Diurna","Buen Tiempo","S/D","S/D","Atropello","Ninguna","Horizontal,Vertical","Ninguna","Sin restricción"
2014,4808,13/06/2014,"Viernes",0,17:00:00,,"0.0",2,"Moto/Ciclomotor,Automóvil","Ayacucho Y Pte.Quintana",2,1,0,0,1,0,0,,"Calle",,"ROSARIO","Rosario","Asfalto","No existe","II","Dentro","Urbana","Marca Vial","No existe","Intersección","Bueno","Buena","Diurna","Buen Tiempo","Lateral","S/D","Colisión","Ninguna","S/D","Línea divisoria pintada","Sin restricción"
2014,4809,02/06/2014,"Lunes",0,11:30:00,,"0.0",2,"Moto/Ciclomotor,Automóvil","Pte.Roca Y Juan Canals",3,2,0,0,1,0,0,,"Calle",,"ROSARIO","Rosario","Asfalto","S/D","II","Dentro","Urbana","Señal Pare","No existe","Recta","Bueno","Buena","Diurna","Buen Tiempo","Lateral","S/D","Colisión","S/D","S/D","S/D","S/D"
2014,4810,23/07/2014,"Miercoles",0,07:00:00,,"0.0",2,"Bicicleta,Automóvil","Rep.Dominicana Y Gorriti",2,1,0,0,0,0,1,,"Calle",,"ROSARIO","Rosario","S/D","S/D","II","S/D","S/D","S/D","S/D","S/D","S/D","S/D","Diurna","S/D","S/D","S/D","Atropello","S/D","S/D","S/D","S/D"
2014,4811,02/06/2014,"Lunes",0,15:10:00,,"0.0",2,"Pickup/Utilitario,Taxi/Remis","Italia Y Gaboto",2,1,0,0,1,0,0,,"Calle",,"ROSARIO","Rosario","Asfalto","S/D","II","Dentro","Urbana","S/D","No existe","Recta","Bueno","Buena","Diurna","Buen Tiempo","Lateral","S/D","Colisión","Ninguna","S/D","S/D","S/D"
2014,4812,07/07/2014,"Lunes",0,13:30:00,"Ruta Provincial 21","14.0",2,"Automóvil,Automóvil"," ",5,5,0,0,0,0,0,,"Ruta",21,"GENERAL LAGOS","Rosario","Asfalto","Natural","II","Dentro","Rural","Ninguna","No existe","Recta","Bueno","Buena","Nocturna,Con luz artificial","Buen Tiempo","De alcance","S/D","Colisión","S/D","Faltante","Ninguna","Sin restricción"
2014,4813,08/07/2014,"Martes",0,11:00:00,,"0.0",2,"Moto/Ciclomotor,Automóvil","Brown Y Santiago",2,1,0,0,1,0,0,,"Calle",,"ROSARIO","Rosario","Asfalto","No existe","II","S/D","Urbana","Señal Pare","No existe","Recta","Bueno","Buena","Diurna","Buen Tiempo","Frontal","S/D","Colisión","S/D","Vertical","Ninguna","Sin restricción"
2014,4814,21/06/2014,"Sabado",0,07:50:00,"Ruta Provincial 21","0.0",2,"Automóvil,Moto/Ciclomotor"," ",2,1,0,0,1,0,0,,"Ruta",21,"ALVEAR","Rosario","Asfalto","Natural","II","S/D","Rural","Semáforo","Funciona","Intersección","Bueno","Buena","Diurna","Buen Tiempo","Otro","S/D","Colisión","Otro","Horizontal,Vertical","Línea divisoria pintada","Sin restricción"
2014,4815,30/06/2014,"Lunes",1,18:00:00,,"0.0",1,"Moto/Ciclomotor","Lopez 1700",1,0,1,0,0,0,0,,"S/D",,"LÓPEZ","San Jerónimo","Asfalto","S/D","XV","Dentro","Urbana","Marca Vial","No existe","Recta","Bueno","Buena","Diurna","Buen Tiempo","Otro","S/D","Caída ocupante","S/D","Vertical","S/D","Sin restricción"
2014,4816,27/06/2014,"Viernes",0,19:30:00,,"0.0",2,"Moto/Ciclomotor,Otros","Mitre Y Liniers",4,4,0,0,0,0,0,,"Calle",,"VILLA GOBERNADOR GÁLVEZ","Rosario","Tierra","No existe","II","S/D","Urbana","Ninguna","No existe","Intersección","Otro","Buena","Atardecer","S/D","Lateral","S/D","Colisión","Otro","Faltante","Ninguna","Sin restricción"
2014,4817,11/05/2014,"Domingo",0,17:00:00,,"0.0",2,"Moto/Ciclomotor,Automóvil","Independencia Y Bartolome Mitre gral",2,1,0,0,1,0,0,,"Calle",,"ARROYO SECO","Rosario","Hormigón","S/D","II","Dentro","Urbana","Señal Pare","S/D","Intersección","Bueno","S/D","Diurna","Buen Tiempo","Lateral","S/D","Colisión","S/D","Faltante","Vegetación","Sin restricción"
2014,4818,18/07/2014,"Viernes",0,20:45:00,,"0.0",2,"Peatón,Automóvil","Junin 501",2,1,0,0,1,0,0,,"Calle",,"ROSARIO","Rosario","S/D","S/D","II","Dentro","Urbana","S/D","S/D","S/D","S/D","S/D","Nocturna","S/D","S/D","S/D","Atropello","S/D","S/D","S/D","S/D"
2014,4819,24/07/2014,"Jueves",0,18:35:00,"Autopista Nacional Gral. Juan Jose Valle","0.0",2,"Transporte de Pasajeros Larga Distancia (> 8 asientos),Automóvil"," ",2,1,0,0,1,0,0,,"Autopista","Gral. Juan Jose Valle","VILLA GOBERNADOR GÁLVEZ","Rosario","Asfalto","No existe","II","S/D","S/D","Ninguna","No existe","Recta","S/D","Buena","Atardecer","Otro","S/D","S/D","S/D","S/D","Faltante","Ninguna","Obra en Construcción"
2014,4820,28/06/2014,"Sabado",0,10:00:00,,"0.0",2,"Moto/Ciclomotor,Pickup/Utilitario","Rioja Y Gral J de San Martin",2,1,0,0,0,0,1,,"Calle",,"LÓPEZ","San Jerónimo","Asfalto","S/D","XV","Dentro","Urbana","Marca Vial","No existe","Intersección","Bueno","Buena","Diurna","Buen Tiempo","Lateral","S/D","Colisión","S/D","Vertical","S/D","Sin restricción"
2014,4821,08/07/2014,"Martes",0,13:00:00,,"0.0",2,"Vehículo Oficial,Automóvil","Cafferata Y Tucuman",2,1,0,0,1,0,0,,"Calle",,"ROSARIO","Rosario","Asfalto","No existe","II","S/D","Urbana","Semáforo","Funciona","Recta","Bueno","Buena","Nocturna","Buen Tiempo","S/D","S/D","Colisión","S/D","Vertical","Ninguna","Sin restricción"
2014,4822,01/06/2014,"Domingo",0,19:15:00,"Ruta Nacional A012","0.0",2,"Automóvil,Bicicleta"," ",2,1,0,0,1,0,0,,"Ruta","A012","SAN LORENZO","San Lorenzo","S/D","S/D","XVII","S/D","S/D","S/D","S/D","S/D","S/D","S/D","Atardecer","S/D","S/D","S/D","Atropello","S/D","S/D","S/D","S/D"
2014,4823,21/07/2014,"Lunes",0,10:30:00,"Autopista Nacional Gral. Juan Jose Valle","0.0",2,"Automóvil,Otros"," ",3,1,0,0,1,0,1,,"Autopista","Gral. Juan Jose Valle","VILLA GOBERNADOR GÁLVEZ","Rosario","Asfalto","Pavimento","II","S/D","S/D","Ninguna","No existe","Recta","S/D","Buena","Diurna","Otro","S/D","S/D","S/D","S/D","Faltante","Ninguna","Sin restricción"
2014,4824,25/06/2014,"Miercoles",0,01:40:00,,"0.0",1,"Automóvil","Nahuel Huapi Y Soldado Aguirre",1,0,0,1,0,0,0,,"Calle",,"VILLA GOBERNADOR GÁLVEZ","Rosario","Asfalto","S/D","II","Dentro","Urbana","Ninguna","S/D","Intersección","S/D","S/D","Nocturna","S/D","S/D","S/D","Vuelco","Otro","Faltante","Ninguna","Sin restricción"
2014,4825,18/06/2014,"Miercoles",0,12:40:00,,"0.0",2,"Bicicleta,Otros","Belgrano ",3,1,0,0,2,0,0,,"Calle",,"CORONDA","San Jerónimo","Asfalto","Pavimento","XV","Dentro","Urbana","Ninguna","No existe","Intersección","Bueno","Buena","Diurna","Buen Tiempo","S/D","S/D","Atropello","S/D","Horizontal","Ninguna","Sin restricción"
2014,4826,17/07/2014,"Jueves",0,17:50:00,,"0.0",2,"Moto/Ciclomotor,Automóvil","Av. Luis Carballo 200",2,1,0,0,1,0,0,,"Avenida",,"ROSARIO","Rosario","S/D","S/D","II","Dentro","Urbana","S/D","S/D","S/D","S/D","S/D","Diurna","S/D","S/D","S/D","S/D","S/D","S/D","S/D","S/D"
2014,4827,08/06/2014,"Domingo",0,17:10:00,,"0.0",2,"Pickup/Utilitario,Automóvil"," ",8,2,0,0,6,0,0,,"Camino Rural",,"GESSLER","San Jerónimo","Tierra","No existe","XV","Dentro","Rural","S/D","No existe","Cruce","Bueno","Reducida p/ objetos","Diurna","Buen Tiempo","Lateral","S/D","Colisión","Ninguna","Faltante","S/D","Sin restricción"
2014,4828,19/06/2014,"Jueves",0,20:20:00,"Autopista Nacional Gral. Juan Jose Valle","283.0",1,"Automóvil"," ",2,1,0,0,1,0,0,,"Autopista","Gral. Juan Jose Valle","VILLA GOBERNADOR GÁLVEZ","Rosario","Asfalto","Pavimento","II","Dentro","Urbana","Otra Señal","No existe","Recta","Otro","S/D","Atardecer","S/D","S/D","S/D","S/D","Otro","Horizontal","Vegetación","S/D"
2014,4829,27/07/2014,"Domingo",0,19:30:00,,"0.0",2,"Moto/Ciclomotor,Otros","Mitre Y Liniers",3,2,0,0,1,0,0,,"Calle",,"VILLA GOBERNADOR GÁLVEZ","Rosario","Asfalto","No existe","II","S/D","S/D","Ninguna","No existe","Intersección","S/D","Buena","Atardecer","S/D","S/D","S/D","S/D","S/D","Faltante","Ninguna","Sin restricción"
2014,4830,11/06/2014,"Miercoles",0,09:10:00,,"0.0",2,"Moto/Ciclomotor,Pickup/Utilitario","E.Zeballos Y 1 de Mayo",2,1,0,0,1,0,0,,"Calle",,"ROSARIO","Rosario","Asfalto","No existe","II","Dentro","Urbana","Marca Vial","No existe","Intersección","Bueno","Buena","Diurna","Buen Tiempo","Lateral","S/D","Colisión","Ninguna","Vertical","Línea divisoria pintada","Sin restricción"
2014,4831,10/07/2014,"Jueves",0,14:00:00,,"0.0",2,"Automóvil,Moto/Ciclomotor","Urquiza Y Pueyrredon",3,0,2,0,1,0,0,,"Calle",,"ROSARIO","Rosario","Asfalto","No existe","II","S/D","Urbana","Ninguna","S/D","Recta","Bueno","Buena","Diurna","Buen Tiempo","Frontal","S/D","Colisión","S/D","Vertical","Ninguna","S/D"
2014,4832,12/06/2014,"Jueves",0,10:30:00,,"0.0",2,"Moto/Ciclomotor,Automóvil","Virasoro Y Italia",2,1,0,0,1,0,0,,"Calle",,"ROSARIO","Rosario","Asfalto","No existe","II","Dentro","Urbana","Marca Vial","No existe","Intersección","Bueno","Buena","Diurna","Buen Tiempo","Lateral","S/D","Colisión","Ninguna","Vertical","Línea divisoria pintada","Sin restricción"
2014,4833,10/06/2014,"Martes",0,17:30:00,,"0.0",2,"Moto/Ciclomotor,Automóvil","Chacabuco Y Gaboto",2,1,0,0,1,0,0,,"Calle",,"ROSARIO","Rosario","Asfalto","No existe","II","Dentro","Urbana","Marca Vial","No existe","Intersección","Bueno","Buena","Atardecer","Buen Tiempo","Lateral","S/D","Colisión","Ninguna","Vertical","Línea divisoria pintada","Sin restricción"
2014,4834,02/06/2014,"Lunes",0,09:50:00,,"0.0",2,"Automóvil,Moto/Ciclomotor"," ",2,1,0,0,1,0,0,,"S/D",,"SAN LORENZO","San Lorenzo","S/D","S/D","XVII","S/D","S/D","S/D","S/D","S/D","S/D","S/D","Diurna","S/D","S/D","S/D","Colisión","S/D","S/D","S/D","S/D"
2014,4835,09/06/2014,"Lunes",0,09:00:00,,"0.0",2,"Bicicleta,Automóvil","Bv. Segui Y Laprida",2,1,0,0,1,0,0,,"Calle",,"ROSARIO","Rosario","Asfalto","No existe","II","Dentro","Urbana","Marca Vial","No existe","Intersección","Bueno","Buena","Diurna","Buen Tiempo","S/D","S/D","Atropello","Ninguna","Vertical","Cordón divisorio,Línea divisoria pintada","Sin restricción"
2014,4836,11/06/2014,"Miercoles",0,14:40:00,,"0.0",2,"Moto/Ciclomotor,Automóvil","Bv. Segui Y San Martin",2,1,0,0,1,0,0,,"Avenida",,"ROSARIO","Rosario","Asfalto","No existe","II","Dentro","Urbana","Semáforo","Funciona","Intersección","Bueno","Buena","Diurna","Buen Tiempo","Lateral","S/D","Colisión","Ninguna","Vertical","Cordón divisorio,Línea divisoria pintada","Sin restricción"
2014,4837,06/06/2014,"Viernes",0,14:10:00,,"0.0",2,"Bicicleta,Automóvil","Ayolas Y Necochea",2,1,0,0,1,0,0,,"Calle",,"ROSARIO","Rosario","Asfalto","No existe","II","Dentro","Urbana","Marca Vial","No existe","Intersección","Bueno","Buena","Diurna","Buen Tiempo","S/D","S/D","Atropello","Ninguna","Vertical","Línea divisoria pintada","Sin restricción"
2014,4838,02/06/2014,"Lunes",0,22:25:00,,"0.0",2,"Automóvil,Automóvil","Urquiza 2200",2,1,0,0,1,0,0,,"S/D",,"SAN LORENZO","San Lorenzo","S/D","S/D","I","S/D","S/D","S/D","S/D","S/D","S/D","S/D","Nocturna","S/D","S/D","S/D","Colisión","S/D","S/D","S/D","S/D"
2014,4839,06/06/2014,"Viernes",0,17:55:00,,"0.0",2,"Moto/Ciclomotor,Automóvil","Colon Y Rueda",2,1,0,0,1,0,0,,"Calle",,"ROSARIO","Rosario","Asfalto","No existe","II","Dentro","Urbana","Marca Vial","No existe","Intersección","Bueno","Buena","Atardecer","Buen Tiempo","Lateral","S/D","Colisión","Ninguna","Vertical","Línea divisoria pintada","Sin restricción"
2014,4840,04/06/2014,"Miercoles",0,08:00:00,,"0.0",2,"Moto/Ciclomotor,Automóvil","L.N.Alem Y Pte.Quintana",2,1,0,0,1,0,0,,"Calle",,"ROSARIO","Rosario","Asfalto","No existe","II","Dentro","Urbana","Marca Vial","No existe","Intersección","Bueno","Buena","Diurna","Buen Tiempo","Lateral","S/D","Colisión","Ninguna","Vertical","Línea divisoria pintada","Sin restricción"
2014,4841,13/07/2014,"Domingo",0,10:05:00,,"0.0",2,"Taxi/Remis,Automóvil","Catamarca Y Pueyrredon",3,1,0,0,2,0,0,,"Calle",,"ROSARIO","Rosario","Asfalto","S/D","II","S/D","Urbana","Ninguna","S/D","Recta","Bueno","Buena","Diurna","Buen Tiempo","S/D","S/D","Colisión","S/D","Faltante","Ninguna","Sin restricción"
2014,4842,01/06/2014,"Domingo",0,21:15:00,,"0.0",2,"Moto/Ciclomotor,Automóvil","Maipu Y Pje. Casablanca",2,1,0,0,1,0,0,,"Calle",,"ROSARIO","Rosario","Asfalto","No existe","II","Dentro","Urbana","Marca Vial","No existe","Intersección","Bueno","Buena","Nocturna,Con luz artificial","Buen Tiempo","Lateral","S/D","Colisión","Ninguna","Vertical","Línea divisoria pintada","Sin restricción"
2014,4843,06/06/2014,"Viernes",0,21:20:00,,"0.0",2,"Automóvil,Moto/Ciclomotor","BOLIVIA Y ISLAS MALVINAS",2,1,0,0,1,0,0,,"S/D",,"SAN LORENZO","San Lorenzo","S/D","S/D","XVII","S/D","S/D","S/D","S/D","S/D","S/D","S/D","Nocturna","S/D","S/D","S/D","Colisión","S/D","S/D","S/D","S/D"
2014,4844,12/07/2014,"Sabado",0,18:00:00,,"0.0",2,"Moto/Ciclomotor,Otros","Ing Mosconi Y Liniers",2,2,0,0,0,0,0,,"Calle",,"VILLA GOBERNADOR GÁLVEZ","Rosario","Asfalto","No existe","II","S/D","S/D","Ninguna","No existe","Recta","S/D","Buena","Atardecer","S/D","S/D","S/D","S/D","S/D","Faltante","Ninguna","Sin restricción"
2014,4845,10/06/2014,"Martes",0,14:20:00,"Ruta Provincial 65","16.0",2,"Automóvil,Pickup/Utilitario"," ",4,3,0,0,1,0,0,,"Ruta",65,"ESTACIÓN DÍAZ","San Jerónimo","Asfalto","Natural","XV","Dentro","Urbana","S/D","S/D","Recta","Bueno","Buena","Diurna","Buen Tiempo","Frontal","S/D","Colisión","Ninguna","Horizontal","S/D","Sin restricción"
2014,4846,07/06/2014,"Sabado",0,11:45:00,,"0.0",2,"Automóvil,Vehículo Oficial","Grandoli Y Bv. Segui",3,1,0,0,2,0,0,,"Avenida",,"ROSARIO","Rosario","Asfalto","No existe","II","Dentro","Urbana","Semáforo","Funciona","Intersección","Bueno","Buena","Diurna","Buen Tiempo","Lateral","S/D","Colisión","Ninguna","Vertical","Cordón divisorio","Sin restricción"
2014,4847,19/08/2014,"Martes",0,17:25:00,,"0.0",2,"Moto/Ciclomotor,Pickup/Utilitario","Gorriti Y Iguazu",2,1,0,0,1,0,0,,"Calle",,"ROSARIO","Rosario","Asfalto","S/D","II","Dentro","Urbana","S/D","S/D","Intersección","S/D","S/D","S/D","S/D","S/D","S/D","Colisión","S/D","S/D","S/D","S/D"
2014,4848,07/06/2014,"Sabado",0,,,"0.0",2,"Pickup/Utilitario,Bicicleta","General Lopez Y Entre Rios",2,1,0,0,1,0,0,,"S/D",,"SAN LORENZO","San Lorenzo","S/D","S/D","XVII","S/D","S/D","S/D","S/D","S/D","S/D","S/D","S/D","S/D","S/D","S/D","Atropello","S/D","S/D","S/D","S/D"
2014,4849,03/06/2014,"Martes",0,19:45:00,,"0.0",4,"Automóvil,Automóvil,Automóvil,Camión","Av. Battle y Ordoñez ",7,6,0,0,1,0,0,,"Calle",,"ROSARIO","Rosario","Asfalto","No existe","II","Dentro","Urbana","Semáforo","Funciona","Intersección","Bueno","Buena","Nocturna,Con luz artificial","Buen Tiempo","De alcance,Múltiple","S/D","Colisión","Ninguna","S/D","Línea divisoria pintada","Sin restricción"
2014,4850,25/06/2014,"Miercoles",0,10:45:00,,"0.0",2,"Automóvil,Moto/Ciclomotor","Dean Funes Y Pte.Roca",2,1,0,0,1,0,0,,"Calle",,"ROSARIO","Rosario","Asfalto","S/D","II","Dentro","Urbana","S/D","No existe","Intersección","Bueno","Buena","Diurna","Buen Tiempo","De alcance","S/D","Colisión","S/D","S/D","S/D","Sin restricción"
2014,4851,17/06/2014,"Martes",0,12:45:00,,"0.0",2,"Moto/Ciclomotor,Automóvil","AYACUCHO Y PTE QUINTANA",2,1,0,0,1,0,0,,"Calle",,"VILLA GOBERNADOR GÁLVEZ","Rosario","Asfalto","S/D","II","Dentro","Urbana","Ninguna","S/D","Recta","Otro","S/D","Diurna","S/D","Lateral","S/D","Colisión","Otro","S/D","Ninguna","Sin restricción"
2014,4852,01/07/2014,"Martes",0,10:30:00,,"0.0",2,"Moto/Ciclomotor,Automóvil","Bv. Rondeau Y Av. Irigoyen",2,1,0,0,1,0,0,,"Calle",,"ROSARIO","Rosario","Asfalto","No existe","II","Dentro","Urbana","Semáforo","Funciona","Intersección","Bueno","Buena","Diurna","Buen Tiempo","Frontal","S/D","Colisión","S/D","Vertical","Vegetación","Sin restricción"
2014,4853,24/06/2014,"Martes",0,19:50:00,,"0.0",2,"Automóvil,Bicicleta","24 De Setiembre Y Rodriguez",2,1,0,0,1,0,0,,"Calle",,"ROSARIO","Rosario","Asfalto","S/D","II","Dentro","Urbana","S/D","No existe","Intersección","Bueno","Buena","Atardecer","Buen Tiempo","De alcance","S/D","Atropello","S/D","S/D","S/D","Sin restricción"
2014,4854,06/06/2014,"Viernes",0,12:00:00,,"0.0",2,"Automóvil,Moto/Ciclomotor","Anchorena Y Laprida",2,1,0,0,0,0,1,,"Calle",,"ROSARIO","Rosario","Asfalto","No existe","II","Dentro","Urbana","Ninguna","No existe","Intersección","Bueno","Buena","Diurna","Buen Tiempo","Lateral","S/D","Colisión","Agua","Faltante","Ninguna","Sin restricción"
2014,4855,24/06/2014,"Martes",0,19:04:00,,"0.0",2,"Bicicleta,Automóvil","Olegario V.Andrade Y Mitre",2,1,0,0,1,0,0,,"Calle",,"ROSARIO","Rosario","Asfalto","S/D","II","Dentro","Urbana","Ninguna","No existe","Intersección","Bueno","Buena","Atardecer","Buen Tiempo","De alcance","S/D","Atropello","S/D","S/D","S/D","Sin restricción"
2014,4856,07/06/2014,"Sabado",0,19:30:00,"Ruta Provincial 1","0.0",1,"Moto/Ciclomotor"," ",2,1,0,0,0,0,1,,"Ruta",1,"CAYASTA","Garay","Asfalto","Natural","VII","Fuera","Urbana","Ninguna","No existe","Recta","Bueno","Buena","Nocturna","Buen Tiempo","Otro","S/D","Despiste","S/D","S/D","Ninguna","S/D"
2014,4857,23/06/2014,"Lunes",0,11:40:00,,"0.0",2,"Automóvil,Automóvil","Mitre Y Bv. Segui",2,2,0,0,0,0,0,,"Calle",,"ROSARIO","Rosario","Asfalto","S/D","II","Dentro","Urbana","S/D","No existe","Intersección","Bueno","Buena","Diurna","Buen Tiempo","De alcance","S/D","Colisión","S/D","S/D","S/D","S/D"
2014,4858,08/07/2014,"Martes",0,07:50:00,,"0.0",2,"Automóvil,Bicicleta","Av. Sorrento Y Av. Casiano Casas",2,1,0,0,1,0,0,,"Calle",,"ROSARIO","Rosario","Asfalto","No existe","II","Dentro","Urbana","Semáforo","Funciona","Intersección","Bueno","Buena","Diurna","Buen Tiempo","S/D","S/D","Atropello","S/D","Vertical","Ninguna","Sin restricción"
2014,4859,17/06/2014,"Martes",0,20:20:00,,"0.0",2,"Automóvil,Automóvil","Av Gral San Martin ",2,1,0,0,1,0,0,,"Calle",,"VILLA GOBERNADOR GÁLVEZ","Rosario","Hormigón,Tierra","No existe","II","S/D","S/D","Ninguna","No existe","Intersección","Deteriorada","Buena","Nocturna","S/D","Otro","S/D","Otro","Material Suelto","Faltante","Ninguna","Sin restricción"
2014,4860,26/06/2014,"Jueves",0,13:30:00,,"0.0",2,"Moto/Ciclomotor,Moto/Ciclomotor"," ",4,3,1,0,0,0,0,,"Avenida",,"TOSTADO","9 de Julio","Asfalto","No existe","XII","S/D","S/D","Ninguna","No existe","Otro","Otro","Buena","Diurna","Buen Tiempo","Lateral","S/D","Colisión","Otro","S/D","Ninguna","Sin restricción"
2014,4861,10/06/2014,"Martes",0,13:40:00,,"0.0",2,"Moto/Ciclomotor,Automóvil","Liniers Y Soldado Aguirre",2,1,0,0,1,0,0,,"Calle",,"VILLA GOBERNADOR GÁLVEZ","Rosario","Tierra","S/D","II","S/D","Urbana","Ninguna","S/D","Recta","Deteriorada","S/D","Diurna","S/D","Lateral","S/D","Colisión","Otro","Faltante","Ninguna","Sin restricción"