"anio_acci","nro_acci","fecha","desc_dia","fecha_aprox","hora_aprox","desc_ruta","km","cant_participantes","desc_participante","calle_avenida_km","total","heridos_leves","heridos_graves","heridos_gravisimos","ilesos","fallecidos","sin_datos","posicion_XY","desc_tipo_via","desc_ruta_ori","desc_loc","desc_dpto","desc_tipo_calzada","desc_tipo_banquina","desc_unidad_regional","desc_lugar_calzada","desc_zona","desc_prioridad","desc_estado_semaforo","desc_lugar_via","desc_estado_via","desc_estado_visibilidad","desc_luminosidad","desc_estado_clima","desc_tipo_colision","desc_tipo_atropello","desc_tipo_hecho","desc_pres_calzada","desc_senializacion","desc_separacion_via","desc_restriccion"
2014,4862,08/07/2014,"Martes",0,19:30:00,,"0.0",2,"Bicicleta,Automóvil","Bv. Rondeau Y Av. Portugal",3,2,0,0,1,0,0,,"Calle",,"ROSARIO","Rosario","Asfalto","No existe","II","Dentro","Urbana","S/D","S/D","Intersección","Bueno","Buena","Diurna","Buen Tiempo","S/D","S/D","Atropello","S/D","S/D","Ninguna","Sin restricción"
2014,4863,18/07/2014,"Viernes",0,09:20:00,,"0.0",1,"Tracción animal / Carro","Garzon 2000b",1,0,1,0,0,0,0,,"Calle",,"ROSARIO","Rosario","Asfalto","Pavimento","II","Dentro","Urbana","Ninguna","No existe","Recta","Otro","Buena","Diurna","Buen Tiempo","Atropello animal","S/D","Colisión","S/D","Faltante","Ninguna","Sin restricción"
2014,4864,06/06/2014,"Viernes",0,19:40:00,,"0.0",1,"Moto/Ciclomotor","Soldado Aguirre ",1,1,0,0,0,0,0,,"Avenida",,"VILLA GOBERNADOR GÁLVEZ","Rosario","Asfalto","Pavimento","II","S/D","Urbana","Ninguna","No existe","Recta","Deteriorada","Buena","Diurna","S/D","Lateral","S/D","Caída ocupante","Otro","Faltante","Ninguna","Sin restricción"
2014,4865,24/07/2014,"Jueves",0,13:20:00,,"0.0",2,"Moto/Ciclomotor,Automóvil","Alberdi Y Av. Luis Carballo",2,1,0,0,0,0,1,,"Avenida",,"ROSARIO","Rosario","Asfalto","S/D","II","Dentro","Urbana","S/D","S/D","Intersección","S/D","S/D","Diurna","S/D","Lateral","S/D","Colisión","S/D","S/D","S/D","S/D"
2014,4866,02/06/2014,"Lunes",0,15:00:00,,"0.0",1,"Moto/Ciclomotor","Soldado Aguirre ",2,1,0,0,0,0,1,,"Avenida",,"VILLA GOBERNADOR GÁLVEZ","Rosario","Asfalto","S/D","II","Dentro","Urbana","Ninguna","S/D","Recta","Deteriorada","S/D","Diurna","S/D","S/D","S/D","Caída ocupante","Otro","Faltante","Ninguna","Sin restricción"
2014,4867,23/06/2014,"Lunes",0,06:00:00,"Ruta Provincial 16","0.0",2,"Camión,Pickup/Utilitario"," ",7,6,0,0,1,0,0,,"Ruta",16,"PUEBLO ESTHER","Rosario","Asfalto","Natural","II","Dentro","Rural","Marca Vial","No existe","Recta","Bueno","Buena","Nocturna","Buen Tiempo","Lateral","S/D","Colisión","Ninguna","Faltante","Línea divisoria pintada","Sin restricción"
2014,4868,18/07/2014,"Viernes",0,13:50:00,,"0.0",2,"Automóvil,Moto/Ciclomotor"," ",2,1,0,0,0,0,1,,"Avenida",,"ROSARIO","Rosario","S/D","S/D","II","Dentro","Urbana","S/D","S/D","Intersección","S/D","S/D","Diurna","S/D","Lateral","S/D","Colisión","S/D","S/D","S/D","S/D"
2014,4869,26/07/2014,"Sabado",0,10:40:00,,"0.0",2,"Moto/Ciclomotor,Automóvil","Av. Genova Y De Angelis Bis",3,1,0,0,2,0,0,,"Calle",,"ROSARIO","Rosario","Asfalto","Pavimento","II","Dentro","Urbana","Semáforo","Funciona","Recta","Otro","Buena","Diurna","Buen Tiempo","Lateral","S/D","Colisión","S/D","Vertical","Ninguna","Sin restricción"
2014,4870,03/07/2014,"Jueves",0,15:50:00,,"0.0",2,"Bicicleta,Automóvil","Darragueira Y Matheu",2,1,0,0,0,0,1,,"Calle",,"ROSARIO","Rosario","Asfalto","No existe","II","Dentro","Urbana","Ninguna","No existe","Intersección","Bueno","Buena","Diurna","Buen Tiempo","S/D","S/D","Atropello","S/D","Faltante","Ninguna","Sin restricción"
2014,4871,23/07/2014,"Miercoles",0,10:40:00,,"0.0",2,"Automóvil,Automóvil","French Y Albert Sabin",3,1,0,0,2,0,0,,"Avenida",,"ROSARIO","Rosario","Asfalto","S/D","II","Dentro","Urbana","Ninguna","S/D","Intersección","Bueno","S/D","Diurna","Buen Tiempo","De alcance","S/D","Colisión","S/D","S/D","S/D","S/D"
2014,4873,07/07/2014,"Lunes",0,17:00:00,,"0.0",2,"Pickup/Utilitario,Otros","Albert Sabin Y French",3,1,0,0,1,0,1,,"Calle",,"ROSARIO","Rosario","Asfalto","S/D","II","Dentro","Urbana","Semáforo","S/D","Intersección","Bueno","Buena","Diurna","Buen Tiempo","Lateral","S/D","Colisión","S/D","Vertical","Cordón divisorio","S/D"
2014,4874,09/06/2014,"Lunes",0,07:30:00,"Ruta Nacional 11","627.0",2,"Moto/Ciclomotor,Camión"," ",2,1,0,0,1,0,0,,"Ruta",11,"GOBERNADOR CRESPO","San Justo","Asfalto","No existe","XVI","S/D","Rural","Ninguna","No existe","Recta","Bueno","Buena","Diurna","Buen Tiempo","Otro","S/D","Colisión","Ninguna","Faltante","Línea divisoria pintada","Sin restricción"
2014,4875,03/06/2014,"Martes",0,19:00:00,,"0.0",2,"Bicicleta,Automóvil","9 de Julio Y Av Gral San Martin",2,1,0,0,1,0,0,,"Avenida",,"GOBERNADOR CRESPO","San Justo","Asfalto","S/D","XVI","Dentro","Urbana","Ninguna","No existe","Intersección","Bueno","Buena","Atardecer","Buen Tiempo","S/D","S/D","Atropello","Ninguna","Faltante","Ninguna","Sin restricción"
2014,4876,05/06/2014,"Jueves",0,07:00:00,"Ruta Provincial 21","12.0",2,"Moto/Ciclomotor,Automóvil"," ",2,1,0,0,1,0,0,,"Ruta",21,"GENERAL LAGOS","Rosario","Asfalto","Natural","II","Dentro","Rural","Ninguna","No existe","Intersección","Bueno","Reducida","Amanecer","Niebla","De alcance","S/D","Colisión","Agua","Faltante","Ninguna","Sin restricción"
2014,4877,04/01/2014,"Sabado",0,18:00:00,"Ruta Nacional 34","212.0",1,"Automóvil"," ",5,3,1,0,0,1,0,"-31.329384, -61.523494","Ruta",34,"RAFAELA","Castellanos","Hormigón","Natural","V","S/D","Rural","S/D","No existe","Recta","Bueno","Buena","Diurna","Buen Tiempo","S/D","S/D","Vuelco","S/D","S/D","S/D","S/D"
2014,4878,07/01/2014,"Martes",0,16:15:00,,"0.0",1,"Pickup/Utilitario"," ",1,0,0,0,0,1,0,"-29.242321, -61.789052","Camino Rural",,"TOSTADO","9 de Julio","Tierra","Natural","XII","S/D","S/D","Ninguna","No existe","Recta","Resbaladiza","Reducida","Diurna","Lluvia","S/D","S/D","Vuelco","Agua","Faltante","Ninguna","Sin restricción"
2014,4879,12/01/2014,"Domingo",0,08:00:00,"Ruta Nacional 34","216.0",3,"Moto/Ciclomotor,Moto/Ciclomotor,Automóvil"," ",4,1,0,0,0,3,0,"-31.296700, -61.516189","Ruta",34,"RAFAELA","Castellanos","Asfalto","S/D","V","Dentro","Rural","S/D","S/D","Recta","S/D","S/D","Diurna","S/D","Múltiple","S/D","Colisión","S/D","S/D","S/D","S/D"
2014,4880,14/01/2014,"Martes",0,17:55:00,"Ruta Nacional 178","192.0",2,"Automóvil,Camión","RUTA NACIONAL 178 9 KM AL SUR ",4,1,0,0,2,1,0,"-32.564214, -61.549262","Ruta",178,"LAS ROSAS","Belgrano","Asfalto","Natural","III","Dentro","Rural","S/D","No existe","Recta","Con baches","Buena","Diurna","Buen Tiempo","Contra objeto fijo","S/D","Colisión","Ninguna","Horizontal","Ninguna","Sin restricción"
2014,4881,18/01/2014,"Sabado",0,22:00:00,,"0.0",1,"Moto/Ciclomotor","B I Iturraspe Y F Lorenzatti",1,0,0,0,0,1,0,"-31.237888888889,-61.506416666667","Calle",,"RAFAELA","Castellanos","Hormigón","S/D","V","Fuera","Urbana","S/D","S/D","Intersección","S/D","S/D","Nocturna,Con luz artificial","S/D","Contra objeto fijo","S/D","Colisión","S/D","S/D","S/D","S/D"
2014,4882,07/06/2014,"Sabado",0,22:15:00,,"0.0",2,"Pickup/Utilitario,Moto/Ciclomotor","Pastor Barrios Y Rivadavia",3,1,1,0,1,0,0,,"Calle",,"LAGUNA PAIVA","La Capital","Asfalto","Natural","I","Dentro","Urbana","Ninguna","No existe","Intersección","Bueno","Buena","Nocturna,Con luz artificial","Buen Tiempo","Lateral","S/D","Colisión","S/D","Faltante","Línea divisoria pintada","Sin restricción"
2014,4883,18/06/2014,"Miercoles",0,05:40:00,,"0.0",2,"Moto/Ciclomotor,Pickup/Utilitario","Av Peñaloza Y Estanislao Zeballos",2,0,0,0,0,0,2,,"Avenida",,"SANTA FE","La Capital","S/D","S/D","I","S/D","S/D","S/D","S/D","S/D","S/D","S/D","Nocturna","S/D","S/D","S/D","Colisión","S/D","S/D","S/D","S/D"
2014,4884,14/06/2014,"Sabado",0,15:30:00,,"0.0",2,"Moto/Ciclomotor,Automóvil","San Lorenzo Y J P Lopez",3,0,0,0,0,0,3,,"S/D",,"SANTA FE","La Capital","S/D","S/D","I","S/D","S/D","S/D","S/D","S/D","S/D","S/D","Atardecer","S/D","S/D","S/D","Colisión","S/D","S/D","S/D","S/D"
2014,4885,29/05/2014,"Jueves",0,15:00:00,,"0.0",2,"Moto/Ciclomotor,Automóvil"," ",2,1,0,0,1,0,0,,"Avenida",,"ANGEL GALLARDO","La Capital","Hormigón","Natural","I","Dentro","Rural","Ninguna","No existe","Recta","Bueno","Buena","Diurna","Buen Tiempo","De alcance","S/D","Colisión","Ninguna","S/D","Ninguna","Sin restricción"
2014,4886,29/06/2014,"Domingo",0,07:50:00,"Ruta Nacional 11","509.0",2,"Moto/Ciclomotor,Camión"," ",3,2,0,0,1,0,0,,"Ruta",11,"NELSON","La Capital","Asfalto","Natural","I","Dentro","Rural","Ninguna","No existe","Curva","Bueno","Buena","Diurna","Buen Tiempo","Otro","S/D","Colisión","S/D","S/D","Línea divisoria pintada","Sin restricción"
2014,4887,11/06/2014,"Miercoles",0,08:30:00,,"0.0",3,"Automóvil,Automóvil,Automóvil","Av Facundo Zuviria Y Presidente Roca",3,0,0,0,0,0,3,,"Avenida",,"SANTA FE","La Capital","S/D","S/D","I","S/D","S/D","S/D","S/D","S/D","S/D","S/D","Diurna","S/D","Múltiple","S/D","Colisión","S/D","S/D","S/D","S/D"
2014,4888,11/06/2014,"Miercoles",0,09:00:00,,"0.0",2,"Moto/Ciclomotor,Automóvil","Javier de la Rosa Y Republica de Siria",2,1,0,0,1,0,0,,"Calle",,"SANTA FE","La Capital","Asfalto","S/D","I","S/D","Urbana","S/D","S/D","Intersección","S/D","S/D","Diurna","S/D","Lateral","S/D","Colisión","S/D","S/D","S/D","S/D"
2014,4889,01/06/2014,"Domingo",0,19:00:00,"Ruta Nacional 168","472.0",2,"Automóvil,Otros"," ",2,1,0,0,0,0,1,,"Ruta",168,"SANTA FE","La Capital","Asfalto","Natural","I","Dentro","Urbana","Ninguna","No existe","Recta","Bueno","Buena","Nocturna","Buen Tiempo","De alcance","S/D","Colisión","S/D","Horizontal","Guardarrail","S/D"
2014,4890,01/06/2014,"Domingo",0,13:45:00,,"0.0",2,"Moto/Ciclomotor,Automóvil","Mariano Candioti Y Balcarce",3,1,0,0,1,0,1,,"Calle",,"SANTO TOMÉ","La Capital","Asfalto","No existe","I","S/D","Urbana","Ninguna","No existe","Intersección","Bueno","Buena","Diurna","Buen Tiempo","Lateral","S/D","Colisión","S/D","Horizontal","Línea divisoria pintada","Sin restricción"
2014,4891,13/06/2014,"Viernes",0,10:30:00,,"0.0",2,"Moto/Ciclomotor,Pickup/Utilitario","Brigadier Estanislao Lopez Y Formosa",2,1,0,0,1,0,0,,"Calle",,"MONTE VERA","La Capital","Ripio","No existe","I","Dentro","Urbana","Ninguna","No existe","Intersección","Bueno","Buena","Diurna","Buen Tiempo","Lateral","S/D","Colisión","Ninguna","S/D","Ninguna","Sin restricción"
2014,4892,05/06/2014,"Jueves",0,13:20:00,,"0.0",2,"Pickup/Utilitario,Moto/Ciclomotor","J P Lopez Y Av Facundo Zuviria",2,0,0,0,0,0,2,,"Avenida",,"SANTA FE","La Capital","S/D","S/D","I","S/D","S/D","S/D","S/D","S/D","S/D","S/D","Diurna","S/D","S/D","S/D","Colisión","S/D","S/D","S/D","S/D"
2014,4893,09/06/2014,"Lunes",0,18:00:00,,"0.0",2,"Moto/Ciclomotor,Automóvil","Av Facundo Zuviria Y J P Lopez",2,0,0,0,0,0,2,,"Avenida",,"SANTA FE","La Capital","S/D","S/D","I","S/D","S/D","S/D","S/D","S/D","S/D","S/D","Atardecer","S/D","S/D","S/D","Colisión","S/D","S/D","S/D","S/D"
2014,4894,22/06/2014,"Domingo",0,09:15:00,,"0.0",2,"Moto/Ciclomotor,Taxi/Remis","Luciano Torrent Y Pedro Alejandro Vittori",2,1,0,0,1,0,0,,"Calle",,"SANTA FE","La Capital","Hormigón","No existe","I","Dentro","Urbana","Ninguna","No existe","Recta","Bueno","Buena","Diurna","Buen Tiempo","Lateral","S/D","Colisión","Otro","Faltante","Ninguna","Sin restricción"
2014,4895,21/06/2014,"Sabado",0,20:20:00,,"0.0",2,"Moto/Ciclomotor,Automóvil","Baldaccini Y Buenos Aires",3,1,1,0,1,0,0,,"Calle",,"MONTE VERA","La Capital","Hormigón,Ripio","No existe","I","Dentro","Urbana","Ninguna","No existe","Intersección","Bueno","Buena","Nocturna,Con luz artificial","Buen Tiempo","Lateral","S/D","Colisión","Ninguna","S/D","Ninguna","Sin restricción"
2014,4896,06/06/2014,"Viernes",0,15:30:00,,"0.0",2,"Moto/Ciclomotor,Moto/Ciclomotor","Av Facundo Zuviria 6400",2,0,0,0,0,0,2,,"Avenida",,"SANTA FE","La Capital","S/D","S/D","I","S/D","S/D","S/D","S/D","S/D","S/D","S/D","Diurna","S/D","S/D","S/D","Colisión","S/D","S/D","S/D","S/D"
2014,4897,24/06/2014,"Martes",0,20:30:00,,"0.0",2,"Moto/Ciclomotor,Automóvil","Sargento Cabral ",2,1,0,0,1,0,0,,"Avenida",,"SANTA FE","La Capital","Hormigón","No existe","I","Dentro","Urbana","S/D","No existe","Intersección","Deteriorada","S/D","Nocturna","S/D","Lateral","S/D","Colisión","S/D","S/D","S/D","S/D"
2014,4898,22/06/2014,"Domingo",0,17:05:00,,"0.0",2,"Moto/Ciclomotor,Pickup/Utilitario","Estanislao Zeballos 3000",2,1,0,0,1,0,0,,"Calle",,"SANTA FE","La Capital","Hormigón","No existe","I","Dentro","Urbana","Ninguna","No existe","Recta","Otro","Buena","Diurna","Buen Tiempo","Otro","S/D","Colisión","Otro","Faltante","Ninguna","Sin restricción"
2014,4899,04/06/2014,"Miercoles",0,20:30:00,,"0.0",2,"Moto/Ciclomotor,Automóvil","Presidente Roca Y 9 de Julio",2,0,0,0,0,0,2,,"Calle",,"SANTA FE","La Capital","S/D","S/D","I","S/D","S/D","S/D","S/D","S/D","S/D","S/D","Nocturna","S/D","S/D","S/D","Colisión","S/D","S/D","S/D","S/D"
2014,4900,25/06/2014,"Miercoles",0,14:35:00,"Ruta Provincial 5","0.0",2,"Moto/Ciclomotor,Automóvil","Ruta pcial 2 Av San Martin ",3,2,0,0,1,0,0,,"Ruta",5,"MONTE VERA","La Capital","Hormigón","Natural","I","Dentro","Rural","Ninguna","No existe","Intersección","Bueno","Buena","Diurna","Buen Tiempo","Lateral","S/D","Colisión","Ninguna","S/D","Ninguna","Sin restricción"
2014,4901,19/06/2014,"Jueves",0,21:00:00,,"0.0",2,"Moto/Ciclomotor,Automóvil","Avenida Nuestra Señora del Luj Y Antartida Argentina",2,1,0,0,1,0,0,,"Avenida",,"SANTO TOMÉ","La Capital","Asfalto","No existe","I","S/D","Urbana","Semáforo","Funciona","Intersección","Bueno","Buena","Nocturna,Con luz artificial","Buen Tiempo","Lateral","S/D","Colisión","S/D","Horizontal","Línea divisoria pintada","Sin restricción"
2014,4902,23/06/2014,"Lunes",0,10:30:00,,"0.0",2,"Moto/Ciclomotor,Automóvil","Roque Saenz Peña Y Mendoza",2,1,0,0,1,0,0,,"S/D",,"SANTA FE","La Capital","S/D","S/D","I","S/D","S/D","S/D","S/D","S/D","S/D","S/D","Diurna","S/D","S/D","S/D","Colisión","S/D","S/D","S/D","S/D"
2014,4903,29/06/2014,"Domingo",0,09:30:00,"Ruta Provincial 4","0.0",1,"Automóvil","Ruta Prov 4 ",2,1,0,0,1,0,0,,"Ruta",4,"NELSON","La Capital","Asfalto","Natural","I","Dentro","Rural","Ninguna","No existe","Recta","Bueno","S/D","Diurna","Buen Tiempo","S/D","S/D","Vuelco","S/D","S/D","Línea divisoria pintada","Sin restricción"
2014,4904,19/06/2014,"Jueves",0,11:00:00,,"0.0",2,"Automóvil,Moto/Ciclomotor","Necochea Y Ituzaingo",2,1,0,0,1,0,0,,"Calle",,"SANTA FE","La Capital","Hormigón","No existe","I","Dentro","Urbana","S/D","Funciona","Intersección","Bueno","S/D","Diurna","S/D","Lateral","S/D","Colisión","S/D","S/D","S/D","S/D"
2014,4905,21/06/2014,"Sabado",0,22:30:00,,"0.0",2,"Moto/Ciclomotor,Automóvil","Mendoza ",2,1,0,0,1,0,0,,"S/D",,"SANTA FE","La Capital","S/D","S/D","I","S/D","Urbana","S/D","S/D","S/D","S/D","S/D","Nocturna","S/D","S/D","S/D","Colisión","S/D","S/D","S/D","S/D"
2014,4906,01/06/2014,"Domingo",0,02:55:00,"Ruta Provincial 1","0.0",1,"Moto/Ciclomotor"," ",2,2,0,0,0,0,0,,"Ruta",1,"ARROYO LEYES","La Capital","Asfalto","Natural","I","S/D","Rural","Marca Vial","No existe","Recta","Deteriorada","Reducida","Nocturna","Niebla","Atropello animal","S/D","Colisión","Ninguna","S/D","Línea divisoria pintada","Sin restricción"
2014,4908,04/04/2014,"Viernes",0,15:00:00,,"0.0",2,"Moto/Ciclomotor,Automóvil","San Lorenzo Y Gdor Crespo",2,1,0,0,1,0,0,,"Calle",,"SANTA FE","La Capital","S/D","S/D","I","Dentro","Urbana","S/D","S/D","Intersección","S/D","S/D","Diurna","S/D","Lateral","S/D","Colisión","S/D","S/D","S/D","S/D"
2014,4909,17/06/2014,"Martes",0,08:10:00,,"0.0",2,"Moto/Ciclomotor,Moto/Ciclomotor","Necochea Y Domingo Silva",2,2,0,0,0,0,0,,"Calle",,"SANTA FE","La Capital","Hormigón","No existe","I","Dentro","Urbana","S/D","S/D","Intersección","Deteriorada","S/D","Diurna","S/D","Lateral","S/D","Colisión","S/D","S/D","S/D","S/D"
2014,4910,26/06/2014,"Jueves",0,02:30:00,,"0.0",2,"Moto/Ciclomotor,Automóvil","Primera Junta Y Saavedra",2,1,0,0,1,0,0,,"Avenida",,"SANTA FE","La Capital","S/D","S/D","I","S/D","Urbana","S/D","S/D","S/D","S/D","S/D","Nocturna","S/D","S/D","S/D","Colisión","S/D","S/D","S/D","S/D"
2014,4911,28/06/2014,"Sabado",0,08:20:00,"Ruta Nacional 11","511.0",1,"Moto/Ciclomotor"," ",2,2,0,0,0,0,0,,"Ruta",11,"NELSON","La Capital","Asfalto","Natural","I","Dentro","Rural","S/D","No existe","Intersección","Bueno","Buena","Diurna","Buen Tiempo","S/D","S/D","Caída ocupante","S/D","S/D","Ninguna","S/D"
2014,4912,04/06/2014,"Miercoles",0,19:00:00,,"0.0",2,"Moto/Ciclomotor,Automóvil","Salta Y Santiago de Chile",2,1,0,0,1,0,0,,"Calle",,"SANTA FE","La Capital","S/D","S/D","I","Dentro","Urbana","S/D","S/D","S/D","S/D","S/D","Amanecer","S/D","Lateral","S/D","Colisión","S/D","S/D","S/D","S/D"
2014,4913,17/06/2014,"Martes",0,14:00:00,,"0.0",2,"Moto/Ciclomotor,Automóvil","Av Leandro Alem ",2,1,0,0,1,0,0,,"Calle",,"SANTA FE","La Capital","Asfalto","S/D","I","S/D","Urbana","S/D","Funciona","Recta","Bueno","S/D","Diurna","S/D","Lateral","S/D","Colisión","S/D","S/D","S/D","S/D"
2014,4914,22/06/2014,"Domingo",0,23:00:00,,"0.0",2,"Moto/Ciclomotor,Automóvil","Espora Y San Martin",3,2,0,0,1,0,0,,"Calle",,"SANTA FE","La Capital","Asfalto","S/D","I","Dentro","Urbana","Ninguna","No existe","Intersección","Bueno","Buena","Nocturna,Con luz artificial","Buen Tiempo","Lateral","S/D","Colisión","Otro","Faltante","Ninguna","Sin restricción"
2014,4915,15/06/2014,"Domingo",0,07:30:00,"Ruta Nacional 11","481.0",2,"Moto/Ciclomotor,Camión"," ",2,1,0,0,1,0,0,,"Ruta",11,"RECREO","La Capital","Asfalto","Natural","I","S/D","Urbana","Ninguna","No existe","Recta","Bueno","Buena","Amanecer","Buen Tiempo","De alcance","S/D","Colisión","Ninguna","Horizontal","Línea divisoria pintada","Sin restricción"
2014,4916,27/06/2014,"Viernes",0,10:30:00,,"0.0",2,"Automóvil,Automóvil","Junin Y Saavedra",2,1,0,0,1,0,0,,"Calle",,"SANTA FE","La Capital","S/D","S/D","I","S/D","Urbana","S/D","S/D","S/D","S/D","S/D","Diurna","S/D","S/D","S/D","Colisión","S/D","S/D","S/D","S/D"
2014,4917,13/06/2014,"Viernes",0,00:30:00,,"0.0",2,"Automóvil,Automóvil","Tacuari Y Boneo",3,1,0,0,2,0,0,,"Calle",,"SANTA FE","La Capital","Asfalto","S/D","I","S/D","Urbana","S/D","S/D","Intersección","Bueno","S/D","Nocturna,Con luz artificial","S/D","Lateral","S/D","Colisión","S/D","S/D","S/D","S/D"
2014,4918,06/06/2014,"Viernes",0,21:45:00,,"0.0",2,"Moto/Ciclomotor,Taxi/Remis","J Castelli Y Alvear",2,1,0,0,1,0,0,,"Calle",,"SANTA FE","La Capital","Asfalto","No existe","I","Dentro","Urbana","Ninguna","No existe","Intersección","Bueno","Buena","Nocturna","Buen Tiempo","Lateral","S/D","Colisión","Ninguna","Faltante","Ninguna","Sin restricción"
2014,4919,05/06/2014,"Jueves",0,13:00:00,,"0.0",2,"Moto/Ciclomotor,Automóvil","Av Urquiza Y Primera Junta",2,1,0,0,1,0,0,,"Avenida",,"SANTA FE","La Capital","S/D","S/D","I","S/D","S/D","S/D","S/D","S/D","S/D","S/D","Diurna","S/D","Lateral","S/D","Colisión","S/D","S/D","S/D","S/D"
2014,4920,18/06/2014,"Miercoles",0,18:45:00,"Ruta Provincial 1","5.5",2,"Automóvil,Peatón"," ",2,1,0,0,1,0,0,,"Ruta",1,"RINCÓN POTRERO","La Capital","Asfalto","Natural","I","Dentro","Urbana","Ninguna","No existe","Recta","Bueno","Reducida","Nocturna","Buen Tiempo","S/D","S/D","Atropello","Ninguna","Horizontal","Línea divisoria pintada","Sin restricción"
2014,4921,25/06/2014,"Miercoles",0,21:00:00,"Ruta Nacional A012","63.0",3,"Camión,Camión,Camión"," ",3,3,0,0,0,0,0,,"Ruta","A012","RICARDONE","San Lorenzo","Asfalto","S/D","XVII","S/D","Urbana","S/D","S/D","Curva","Bueno","Buena","Nocturna","S/D","Múltiple","S/D","Colisión","Ninguna","S/D","S/D","S/D"
2014,4922,15/06/2014,"Domingo",0,22:30:00,,"0.0",2,"Moto/Ciclomotor,Automóvil","Lehman Y Caferata",3,2,0,0,1,0,0,,"Calle",,"RECREO","La Capital","Tierra","Natural","I","Dentro","Urbana","Ninguna","No existe","Intersección","Deteriorada","Reducida","Nocturna,Con luz artificial","Buen Tiempo","De alcance","S/D","Colisión","Ninguna","Faltante","Ninguna","Sin restricción"
2014,4923,07/06/2014,"Sabado",0,07:20:00,,"0.0",2,"Moto/Ciclomotor,Automóvil","Av Freyre Y Bv Pellegrini",2,1,0,0,1,0,0,,"Avenida",,"SANTA FE","La Capital","S/D","S/D","I","Dentro","Urbana","S/D","S/D","S/D","S/D","S/D","Amanecer","S/D","Lateral","S/D","Colisión","S/D","S/D","S/D","S/D"
2014,4924,28/06/2014,"Sabado",0,09:00:00,,"0.0",2,"Moto/Ciclomotor,Pickup/Utilitario","San Lorenzo Y Santiago del Estero",2,1,0,0,1,0,0,,"Calle",,"SANTA FE","La Capital","S/D","S/D","I","S/D","Urbana","S/D","S/D","S/D","S/D","S/D","Diurna","S/D","S/D","S/D","Colisión","S/D","S/D","S/D","S/D"
2014,4925,07/06/2014,"Sabado",0,13:30:00,,"0.0",2,"Automóvil,Moto/Ciclomotor","Salvador del Carril Y Velez Sarsfield",2,1,0,0,1,0,0,,"Calle",,"SANTA FE","La Capital","Asfalto","No existe","I","Dentro","Urbana","Ninguna","No existe","Intersección","Bueno","Buena","Diurna","Buen Tiempo","Otro","S/D","Colisión","Ninguna","S/D","Ninguna","Sin restricción"
2014,4926,12/06/2014,"Jueves",0,13:00:00,,"0.0",2,"Automóvil,Automóvil","Candioti Y Luciano Molinas",2,2,0,0,0,0,0,,"Calle",,"SANTA FE","La Capital","Asfalto","No existe","I","Dentro","Urbana","S/D","No existe","Intersección","Deteriorada","S/D","S/D","S/D","Lateral","S/D","Colisión","S/D","S/D","S/D","S/D"
2014,4927,04/06/2014,"Miercoles",0,10:30:00,,"0.0",1,"Otros","Agustin Delgado Y Francia",1,0,0,0,0,0,1,,"Calle",,"SANTA FE","La Capital","S/D","S/D","I","S/D","S/D","S/D","S/D","S/D","S/D","S/D","Diurna","S/D","S/D","S/D","S/D","S/D","S/D","S/D","S/D"
2014,4928,03/06/2014,"Martes",0,20:00:00,"Ruta Provincial 1","1.5",2,"Moto/Ciclomotor,Automóvil"," ",2,1,0,0,0,0,1,,"Ruta",1,"COLASTINE","La Capital","Asfalto","S/D","I","S/D","Urbana","Ninguna","No existe","Recta","Bueno","Reducida","Nocturna","Buen Tiempo","Lateral","S/D","Colisión","Ninguna","Faltante","Línea divisoria pintada","Obra en Construcción,Reparación de Vía"
2014,4929,27/06/2014,"Viernes",0,17:05:00,,"0.0",2,"Automóvil,Automóvil","Pujato Crespo ",2,1,0,0,1,0,0,,"Avenida",,"SANTA FE","La Capital","S/D","S/D","I","S/D","Urbana","S/D","S/D","S/D","S/D","S/D","Diurna","S/D","S/D","S/D","Colisión","S/D","S/D","S/D","S/D"
2014,4930,03/06/2014,"Martes",0,08:50:00,,"0.0",2,"Moto/Ciclomotor,Automóvil","Av Facundo Zuviria Y Lavaisse",2,0,0,0,0,0,2,,"Calle",,"SANTA FE","La Capital","S/D","S/D","I","S/D","S/D","S/D","S/D","S/D","S/D","S/D","Diurna","S/D","S/D","S/D","Colisión","S/D","S/D","S/D","S/D"
2014,4931,10/06/2014,"Martes",0,07:10:00,"Ruta Nacional 11","479.0",2,"Bicicleta,Pickup/Utilitario"," ",2,1,0,0,1,0,0,"-31.531310755627,-60.722286212076","Ruta",11,"RECREO","La Capital","Asfalto","Ripio","I","Dentro","Urbana","Ninguna","No existe","Recta","Bueno","Buena","Amanecer","Buen Tiempo","S/D","S/D","Atropello","Ninguna","Horizontal","Línea divisoria pintada","Sin restricción"
2014,4932,09/06/2014,"Lunes",0,09:40:00,,"0.0",2,"Moto/Ciclomotor,Moto/Ciclomotor","Mendoza 3600",2,1,0,0,1,0,0,,"Calle",,"SANTA FE","La Capital","S/D","S/D","I","Dentro","Urbana","S/D","S/D","S/D","S/D","S/D","Diurna","S/D","Lateral","S/D","Colisión","S/D","S/D","S/D","S/D"
2014,4933,23/06/2014,"Lunes",0,10:00:00,,"0.0",2,"Automóvil,Automóvil","Av A del Valle Y Iturraspe",3,2,0,0,1,0,0,,"Avenida",,"SANTA FE","La Capital","Hormigón","No existe","I","Dentro","Urbana","Ninguna","No existe","Intersección","Bueno","Buena","Diurna","Buen Tiempo","Lateral","S/D","Colisión","S/D","Faltante","Ninguna","Sin restricción"