"anio_acci","nro_acci","fecha","desc_dia","fecha_aprox","hora_aprox","desc_ruta","km","cant_participantes","desc_participante","calle_avenida_km","total","heridos_leves","heridos_graves","heridos_gravisimos","ilesos","fallecidos","sin_datos","posicion_XY","desc_tipo_via","desc_ruta_ori","desc_loc","desc_dpto","desc_tipo_calzada","desc_tipo_banquina","desc_unidad_regional","desc_lugar_calzada","desc_zona","desc_prioridad","desc_estado_semaforo","desc_lugar_via","desc_estado_via","desc_estado_visibilidad","desc_luminosidad","desc_estado_clima","desc_tipo_colision","desc_tipo_atropello","desc_tipo_hecho","desc_pres_calzada","desc_senializacion","desc_separacion_via","desc_restriccion"
2014,4934,23/04/2014,"Miercoles",0,07:30:00,,"0.0",2,"Automóvil,Moto/Ciclomotor","Av Gral Paz 7955",2,1,0,0,1,0,0,,"Calle",,"SANTA FE","La Capital","S/D","S/D","I","S/D","Urbana","S/D","S/D","Intersección","S/D","S/D","Diurna","S/D","Lateral","S/D","Colisión","S/D","S/D","S/D","S/D"
2014,4935,05/06/2014,"Jueves",0,18:00:00,"Ruta Provincial 1","1.5",2,"Bicicleta,Otros"," ",2,1,0,0,0,0,1,"-31.632771026187,-60.616672102066","Ruta",1,"COLASTINE","La Capital","Asfalto","Natural","I","Dentro","Urbana","Ninguna","No existe","Recta","Bueno","Buena","Atardecer","Buen Tiempo","S/D","S/D","Atropello","Ninguna","Vertical","Línea divisoria pintada","Reparación de Vía"
2014,4936,18/06/2014,"Miercoles",0,21:00:00,,"0.0",2,"Automóvil,Moto/Ciclomotor","Av Gral Paz Y Javier de la Rosa",2,1,0,0,1,0,0,,"Avenida",,"SANTA FE","La Capital","S/D","S/D","I","S/D","Urbana","S/D","S/D","S/D","S/D","S/D","Nocturna,Con luz artificial","S/D","De alcance","S/D","Colisión","S/D","S/D","S/D","S/D"
2014,4937,19/06/2014,"Jueves",0,21:00:00,"Ruta Nacional 11","477.0",2,"Automóvil,Moto/Ciclomotor"," ",2,1,0,0,1,0,0,,"Ruta",11,"RECREO","La Capital","Asfalto","Ripio","I","Fuera","Urbana","Ninguna","No existe","Recta","Bueno","Buena","Nocturna,Con luz artificial","Buen Tiempo","Lateral","S/D","Colisión","Ninguna","Horizontal","Línea divisoria pintada","Sin restricción"
2014,4938,09/06/2014,"Lunes",0,15:00:00,,"0.0",2,"Moto/Ciclomotor,Automóvil","Pje Paraguay Y Hipolito Yrigoyen",2,1,0,0,1,0,0,,"Calle",,"SANTA FE","La Capital","S/D","S/D","I","Dentro","Urbana","S/D","S/D","S/D","S/D","S/D","Diurna","S/D","Lateral","S/D","Colisión","S/D","S/D","S/D","S/D"
2014,4939,05/05/2014,"Lunes",0,,,"0.0",2,"Automóvil,Moto/Ciclomotor","Vieytes 1900",2,1,0,0,1,0,0,,"Calle",,"SANTA FE","La Capital","S/D","S/D","I","S/D","Urbana","S/D","S/D","Intersección","S/D","S/D","Nocturna","S/D","Lateral","S/D","Colisión","S/D","S/D","S/D","S/D"
2014,4941,09/06/2014,"Lunes",0,,,"0.0",2,"Moto/Ciclomotor,Automóvil","Av Freyre Y Santiago del Estero",2,1,0,0,1,0,0,,"Calle",,"SANTA FE","La Capital","S/D","S/D","I","S/D","Urbana","S/D","S/D","S/D","S/D","S/D","S/D","S/D","S/D","S/D","Colisión","S/D","S/D","S/D","S/D"
2014,4942,06/06/2014,"Viernes",0,21:00:00,"Ruta Provincial 1","7.0",2,"Otros,Automóvil"," ",2,1,0,0,0,0,1,,"Ruta",1,"COLASTINE","La Capital","Asfalto","Natural","I","S/D","Urbana","Ninguna","No existe","Recta","S/D","Buena","Nocturna","Buen Tiempo","Lateral","S/D","Colisión","Ninguna","Faltante","Línea divisoria pintada","Obra en Construcción,Reparación de Vía"
2014,4943,05/06/2014,"Jueves",0,19:05:00,"Ruta Nacional 11","478.0",2,"Automóvil,Moto/Ciclomotor"," ",2,1,0,0,1,0,0,,"Ruta",11,"RECREO","La Capital","Hormigón","Ripio","I","Dentro","Urbana","Ninguna","No existe","Curva","Bueno","Buena","Atardecer","Buen Tiempo","Lateral","S/D","Colisión","Ninguna","Horizontal","Línea divisoria pintada","Sin restricción"
2014,4944,02/06/2014,"Lunes",0,18:00:00,,"0.0",2,"Moto/Ciclomotor,Automóvil","Suipacha Y San Luis",2,0,0,0,0,0,2,,"Calle",,"SANTA FE","La Capital","S/D","S/D","I","S/D","S/D","S/D","S/D","S/D","S/D","S/D","Atardecer","Buen Tiempo","S/D","S/D","Colisión","S/D","S/D","S/D","S/D"
2014,4945,05/05/2014,"Lunes",0,09:40:00,,"0.0",3,"Peatón,Moto/Ciclomotor,Moto/Ciclomotor","Javier de la Rosa Y Guemes",4,3,0,0,1,0,0,"-31.602111111111,-60.678416666667","Calle",,"SANTA FE","La Capital","S/D","S/D","I","S/D","Urbana","S/D","S/D","Intersección","S/D","S/D","Diurna","S/D","S/D","S/D","Atropello","S/D","S/D","S/D","S/D"
2014,4946,17/06/2014,"Martes",0,21:25:00,,"0.0",2,"Peatón,Otros","Alfonsina Storni Y Av A del Valle",2,1,0,0,0,0,1,"-31.584111111111,-60.6905","Avenida",,"SANTA FE","La Capital","Asfalto","No existe","I","Dentro","Urbana","Ninguna","No existe","Intersección","Con baches","Buena","Nocturna,Con luz artificial","Buen Tiempo","S/D","S/D","Atropello","S/D","Horizontal","Ninguna","Sin restricción"
2014,4947,09/06/2014,"Lunes",0,08:20:00,,"0.0",2,"Moto/Ciclomotor,Automóvil","Mendoza 3200",2,1,0,0,1,0,0,,"Calle",,"SANTA FE","La Capital","S/D","S/D","I","Dentro","Urbana","S/D","S/D","S/D","S/D","S/D","Diurna","S/D","S/D","S/D","Colisión","S/D","S/D","S/D","S/D"
2014,4948,08/06/2014,"Domingo",0,08:00:00,"Ruta Provincial 1","4.0",2,"Automóvil,Pickup/Utilitario"," ",2,2,0,0,0,0,0,,"Ruta",1,"COLASTINE","La Capital","Asfalto","Natural","I","S/D","Urbana","Semáforo","Funciona","Recta","Bueno","Buena","Diurna","Buen Tiempo","S/D","S/D","Colisión","S/D","Vertical","Línea divisoria pintada","Sin restricción"
2014,4949,28/06/2014,"Sabado",0,20:45:00,"Ruta Nacional 11","478.0",2,"Automóvil,Moto/Ciclomotor"," ",2,1,0,0,1,0,0,,"Ruta",11,"RECREO","La Capital","Asfalto","Ripio","I","Dentro","Urbana","Ninguna","No existe","Recta","Bueno","Buena","Nocturna,Con luz artificial","Buen Tiempo","Frontal","S/D","Colisión","Ninguna","Horizontal","Línea divisoria pintada","Sin restricción"
2014,4950,25/06/2014,"Miercoles",0,08:30:00,,"0.0",3,"Automóvil,Automóvil,Automóvil","Av A del Valle 5700",3,1,0,0,2,0,0,,"Avenida",,"SANTA FE","La Capital","Hormigón","No existe","I","Dentro","Urbana","Ninguna","No existe","Recta","Bueno","Buena","Diurna","Buen Tiempo","De alcance,Frontal,Múltiple","S/D","Colisión","Otro","Faltante","Ninguna","Sin restricción"
2014,4952,22/06/2014,"Domingo",0,06:40:00,,"0.0",2,"Moto/Ciclomotor,Automóvil","Ferrocarril GB Y Estanislao Zeballos",3,0,0,0,0,0,3,,"Avenida",,"SANTA FE","La Capital","S/D","S/D","I","S/D","S/D","S/D","S/D","S/D","S/D","S/D","Diurna","S/D","S/D","S/D","Colisión","S/D","S/D","S/D","S/D"
2014,4953,17/05/2014,"Sabado",0,08:50:00,,"0.0",2,"Automóvil,Moto/Ciclomotor","Reg 12 de Infanteria Y Belgrano",2,1,0,0,1,0,0,,"Calle",,"SANTA FE","La Capital","S/D","S/D","I","S/D","Urbana","S/D","S/D","Intersección","S/D","S/D","Diurna","S/D","Lateral","S/D","Colisión","S/D","S/D","S/D","S/D"
2014,4954,18/06/2014,"Miercoles",0,11:20:00,,"0.0",1,"Moto/Ciclomotor","Av A del Valle Y Gorriti",2,1,0,0,1,0,0,,"Avenida",,"SANTA FE","La Capital","Asfalto","No existe","I","Dentro","Urbana","Semáforo","Funciona","Intersección","Bueno","Buena","Diurna","S/D","Lateral","S/D","Colisión","S/D","Horizontal,Vertical","Ninguna","Sin restricción"
2014,4955,04/06/2014,"Miercoles",0,22:00:00,,"0.0",1,"Otros"," ",1,1,0,0,0,0,0,,"S/D",,"SANTA FE","La Capital","S/D","S/D","I","S/D","S/D","S/D","S/D","S/D","S/D","S/D","Nocturna","S/D","S/D","S/D","S/D","S/D","S/D","S/D","S/D"
2014,4956,25/06/2014,"Miercoles",0,12:50:00,"Ruta Provincial 1","4.0",2,"Automóvil,Moto/Ciclomotor"," ",2,1,0,0,0,0,1,,"Ruta",1,"COLASTINE","La Capital","Asfalto","Natural","I","Dentro","Urbana","Ninguna","No existe","Recta","Con baches","Buena","Diurna","S/D","Lateral","S/D","Colisión","Ninguna","Vertical","Línea divisoria pintada","Obra en Construcción,Reparación de Vía"
2014,4957,09/06/2014,"Lunes",0,16:15:00,,"0.0",2,"Automóvil,Moto/Ciclomotor","Av Almte Brown Y Cordoba",2,1,0,0,1,0,0,,"Avenida",,"SANTA FE","La Capital","Asfalto","No existe","I","Dentro","Urbana","S/D","No existe","Intersección","Deteriorada","S/D","Diurna","S/D","Lateral","S/D","Colisión","S/D","S/D","S/D","S/D"
2014,4958,01/06/2014,"Domingo",0,07:00:00,,"0.0",2,"Otros,Moto/Ciclomotor","Estanislao Zeballos Y Pje Esteban Echeverria",3,0,0,0,0,0,3,,"Calle",,"SANTA FE","La Capital","S/D","S/D","I","S/D","S/D","S/D","S/D","S/D","S/D","S/D","Diurna","S/D","S/D","S/D","S/D","S/D","S/D","S/D","S/D"
2014,4959,05/06/2014,"Jueves",0,14:50:00,,"0.0",2,"Peatón,Automóvil","Gorriti 4785",2,1,0,0,1,0,0,"-31.584666666667,-60.718555555556","Avenida",,"SANTA FE","La Capital","Asfalto","Pavimento","I","Dentro","Urbana","Ninguna","No existe","Recta","Bueno","Buena","Diurna","Buen Tiempo","S/D","S/D","Atropello","S/D","Horizontal","Barrera de hormigón","Sin restricción"
2014,4960,28/06/2014,"Sabado",0,18:10:00,,"0.0",2,"Moto/Ciclomotor,Automóvil","Av A del Valle Y Espora",3,1,0,0,2,0,0,,"Avenida",,"SANTA FE","La Capital","Hormigón","No existe","I","Dentro","Urbana","Ninguna","No existe","Intersección","Bueno","Buena","Atardecer,Con luz artificial","Buen Tiempo","Lateral","S/D","Colisión","Otro","Faltante","Ninguna","Sin restricción"
2014,4961,21/06/2014,"Sabado",0,22:00:00,,"0.0",2,"Peatón,Moto/Ciclomotor","Av Facundo Zuviria Y J M Zuviria",2,0,0,0,0,0,2,"-31.615722222222,-60.705277777778","Avenida",,"SANTA FE","La Capital","S/D","S/D","I","S/D","S/D","S/D","S/D","S/D","S/D","S/D","Nocturna","S/D","S/D","S/D","Atropello","S/D","S/D","S/D","S/D"
2014,4962,11/08/2014,"Lunes",0,15:00:00,,"0.0",2,"Taxi/Remis,Automóvil","Salta Y Iriondo",3,1,1,0,1,0,0,,"Calle",,"ROSARIO","Rosario","Asfalto","No existe","II","Dentro","Urbana","Semáforo","Funciona","Intersección","Bueno","Buena","Diurna","Buen Tiempo","De alcance","S/D","Colisión","S/D","S/D","Ninguna","Sin restricción"
2014,4963,23/06/2014,"Lunes",0,10:45:00,,"0.0",2,"Camión,Moto/Ciclomotor","Pte.Roca Y Saavedra",2,1,0,0,1,0,0,,"Calle",,"ROSARIO","Rosario","Asfalto","S/D","II","Dentro","Urbana","S/D","No existe","Intersección","Bueno","Buena","Diurna","Buen Tiempo","De alcance","S/D","Colisión","Ninguna","S/D","S/D","S/D"
2014,4964,17/05/2014,"Sabado",0,18:30:00,,"0.0",2,"Moto/Ciclomotor,Taxi/Remis","Alvear Y Larrea",2,1,0,0,1,0,0,,"Calle",,"SANTA FE","La Capital","S/D","S/D","I","S/D","Urbana","S/D","S/D","Intersección","S/D","S/D","Diurna","S/D","Lateral","S/D","Colisión","S/D","S/D","S/D","S/D"
2014,4965,10/06/2014,"Martes",0,19:00:00,,"0.0",2,"Moto/Ciclomotor,Automóvil","San Lorenzo Y Catamarca",2,1,0,0,1,0,0,,"Calle",,"SANTA FE","La Capital","S/D","S/D","I","Dentro","Urbana","S/D","S/D","S/D","S/D","S/D","Atardecer","S/D","S/D","S/D","Colisión","S/D","S/D","S/D","S/D"
2014,4966,07/06/2014,"Sabado",0,10:20:00,,"0.0",2,"Moto/Ciclomotor,Automóvil","Larrea Y Chiclana",2,0,1,0,0,0,1,,"Calle",,"SANTA FE","La Capital","Ripio","Natural","I","Dentro","Urbana","Ninguna","No existe","Intersección","Bueno","Buena","Diurna","Buen Tiempo","Lateral","S/D","Colisión","S/D","Faltante","Vegetación","Sin restricción"
2014,4967,16/06/2014,"Lunes",0,,,"0.0",2,"Moto/Ciclomotor,Otros","Av Pte Peron Y Artigas",2,1,0,0,0,0,1,,"Avenida",,"SANTA FE","La Capital","Asfalto","S/D","I","S/D","Urbana","Ninguna","S/D","S/D","Bueno","Buena","Diurna","Buen Tiempo","Frontal","S/D","Colisión","S/D","S/D","S/D","Sin restricción"
2014,4968,29/06/2014,"Domingo",0,19:00:00,,"0.0",2,"Moto/Ciclomotor,Pickup/Utilitario","Estanislao Zeballos Y 4 de Enero",2,1,0,0,1,0,0,,"Calle",,"SANTA FE","La Capital","Hormigón","No existe","I","Dentro","Urbana","Ninguna","No existe","Intersección","Con baches","Buena","Atardecer,Con luz artificial","Buen Tiempo","Lateral","S/D","Colisión","Otro","Faltante","Ninguna","Sin restricción"
2014,4969,05/06/2014,"Jueves",0,16:00:00,,"0.0",2,"Otros,Moto/Ciclomotor","Av A del Valle 9000",3,1,0,0,1,0,1,,"Avenida",,"SANTA FE","La Capital","Asfalto","S/D","I","Dentro","Urbana","S/D","No existe","Recta","Bueno","Buena","Diurna","S/D","Lateral","S/D","Colisión","S/D","Faltante","S/D","S/D"
2014,4970,06/06/2014,"Viernes",0,19:45:00,,"0.0",2,"Automóvil,Moto/Ciclomotor","Risso Y Necochea",2,1,0,0,1,0,0,,"Calle",,"SANTA FE","La Capital","Asfalto","S/D","I","S/D","Urbana","S/D","S/D","Intersección","S/D","S/D","Nocturna,Con luz artificial","S/D","Lateral","S/D","Colisión","S/D","S/D","S/D","S/D"
2014,4971,20/06/2014,"Viernes",0,18:40:00,,"0.0",2,"Pickup/Utilitario,Moto/Ciclomotor","San Martin 5300",2,1,0,0,1,0,0,,"Calle",,"ROSARIO","Rosario","Asfalto","S/D","II","Dentro","Urbana","S/D","S/D","Intersección","Bueno","Buena","Atardecer","Buen Tiempo","De alcance","S/D","Colisión","S/D","S/D","S/D","S/D"
2014,4972,10/06/2014,"Martes",0,19:40:00,,"0.0",2,"Automóvil,Moto/Ciclomotor","Av Urquiza Y Hipolito Yrigoyen",2,1,0,0,1,0,0,,"Avenida",,"SANTA FE","La Capital","S/D","S/D","I","Dentro","Urbana","S/D","S/D","S/D","S/D","S/D","Nocturna","S/D","S/D","S/D","Colisión","S/D","S/D","S/D","S/D"
2014,4973,03/06/2014,"Martes",0,13:50:00,,"0.0",2,"Moto/Ciclomotor,Automóvil","12 de Octubre Y Neuquen",2,1,0,0,1,0,0,,"Avenida",,"SANTA FE","La Capital","Hormigón","No existe","I","Dentro","Urbana","Otra Señal","No existe","Intersección","Con baches","Buena","Diurna","Buen Tiempo","Lateral","S/D","Colisión","S/D","Vertical","Cordón divisorio","Sin restricción"
2014,4974,19/06/2014,"Jueves",0,10:00:00,,"0.0",2,"Automóvil,Automóvil","San Lorenzo Y J Castelli",2,0,0,0,0,0,2,,"Calle",,"SANTA FE","La Capital","S/D","S/D","I","S/D","S/D","S/D","S/D","S/D","S/D","S/D","Diurna","S/D","S/D","S/D","Colisión","S/D","S/D","S/D","S/D"
2014,4975,04/06/2014,"Miercoles",0,18:00:00,,"0.0",2,"Moto/Ciclomotor,Automóvil","Teniente Loza 6700",2,1,0,0,1,0,0,,"Avenida",,"SANTA FE","La Capital","Hormigón","Natural","I","Dentro","Urbana","Otra Señal","No existe","Recta","Bueno","Buena","Diurna","Buen Tiempo","De alcance","S/D","Colisión","S/D","Vertical","Ninguna","Sin restricción"
2014,4976,06/06/2014,"Viernes",0,21:30:00,,"0.0",2,"Moto/Ciclomotor,Automóvil","Larrea Y Av A del Valle",3,2,0,0,1,0,0,,"Calle",,"SANTA FE","La Capital","Asfalto","S/D","I","S/D","Urbana","S/D","S/D","Intersección","S/D","S/D","Nocturna,Con luz artificial","S/D","Lateral","S/D","Colisión","S/D","S/D","S/D","S/D"
2014,4977,20/06/2014,"Viernes",0,16:15:00,,"0.0",2,"Moto/Ciclomotor,Taxi/Remis","San Jeronimo Y Cordoba",2,1,0,0,1,0,0,,"Calle",,"SANTA FE","La Capital","Hormigón","No existe","I","Dentro","Urbana","Ninguna","No existe","Intersección","Bueno","Buena","Diurna","Buen Tiempo","Lateral","S/D","Colisión","Otro","Faltante","Ninguna","Sin restricción"
2014,4978,02/09/2014,"Martes",0,16:45:00,,"0.0",2,"Automóvil,Moto/Ciclomotor","Bv Pellegrini Y Av Pte Peron",2,1,0,0,1,0,0,,"Avenida",,"SANTA FE","La Capital","Asfalto","Pavimento","I","Dentro","Urbana","Semáforo","Funciona","Intersección","Bueno","Buena","Diurna","Buen Tiempo","Lateral","S/D","Colisión","S/D","Vertical","Cordón divisorio","Sin restricción"
2014,4979,19/06/2014,"Jueves",0,20:55:00,,"0.0",2,"Automóvil,Moto/Ciclomotor","Juan Canals Y Pje. Turin",2,1,0,0,1,0,0,,"Calle",,"ROSARIO","Rosario","Asfalto","No existe","II","Dentro","Urbana","Ninguna","No existe","Intersección","Bueno","Buena","Nocturna,Con luz artificial","Buen Tiempo","De alcance","S/D","Colisión","Ninguna","S/D","S/D","S/D"
2014,4980,12/06/2014,"Jueves",0,17:15:00,,"0.0",2,"Pickup/Utilitario,Moto/Ciclomotor","Av A del Valle Y Vieytes",2,1,0,0,1,0,0,,"Avenida",,"SANTA FE","La Capital","S/D","S/D","I","S/D","Urbana","S/D","S/D","S/D","S/D","S/D","Diurna","S/D","Lateral","S/D","Colisión","S/D","S/D","S/D","S/D"
2014,4981,09/06/2014,"Lunes",0,23:30:00,,"0.0",2,"Moto/Ciclomotor,Automóvil","Av Gral Paz Y Cordoba",2,1,0,0,1,0,0,,"Avenida",,"SANTA FE","La Capital","Asfalto","No existe","I","Dentro","Urbana","S/D","No existe","Intersección","Deteriorada","S/D","Nocturna","S/D","Lateral","S/D","Colisión","S/D","S/D","S/D","S/D"
2014,4982,07/06/2014,"Sabado",0,14:00:00,,"0.0",2,"Bicicleta,Moto/Ciclomotor","Teniente Loza Y Av Santa Fe",2,1,0,0,1,0,0,"-31.565555555556,-60.740083333333","Avenida",,"SANTA FE","La Capital","Asfalto,Hormigón","Natural","I","S/D","Urbana","Otra Señal","No existe","Intersección","Con baches","Buena","Diurna","Buen Tiempo","S/D","S/D","Atropello","S/D","Vertical","Ninguna","Sin restricción"
2014,4983,08/06/2014,"Domingo",0,20:00:00,,"0.0",2,"Pickup/Utilitario,Moto/Ciclomotor","Risso Y Pje Ingenieros",3,2,0,0,1,0,0,,"Calle",,"SANTA FE","La Capital","Asfalto","S/D","I","S/D","Urbana","S/D","No existe","Intersección","S/D","Buena","Nocturna,Con luz artificial","Buen Tiempo","Lateral","S/D","Colisión","S/D","Faltante","S/D","Sin restricción"
2014,4984,09/06/2014,"Lunes",0,23:30:00,,"0.0",2,"Automóvil,Moto/Ciclomotor","Cardenal Fasolino Y Piedras",3,2,0,0,1,0,0,,"Calle",,"SANTA FE","La Capital","Asfalto","S/D","I","S/D","Urbana","S/D","S/D","Intersección","Bueno","S/D","Nocturna,Con luz artificial","S/D","Lateral","S/D","Colisión","S/D","S/D","S/D","S/D"
2014,4985,09/06/2014,"Lunes",0,10:40:00,,"0.0",2,"Automóvil,Automóvil","Lavaisse Y Gdor Candioti",3,1,0,0,2,0,0,,"Calle",,"SANTA FE","La Capital","Asfalto","No existe","I","Dentro","Urbana","S/D","No existe","Intersección","Bueno","Buena","Diurna","Buen Tiempo","Lateral","S/D","Colisión","Ninguna","Faltante","Ninguna","Sin restricción"
2014,4986,09/06/2014,"Lunes",0,23:00:00,,"0.0",2,"Moto/Ciclomotor,Automóvil","Pres Domingo Faustino Sarmient Y 3 de febrero",2,1,0,0,0,0,1,,"Calle",,"SANTO TOMÉ","La Capital","Asfalto","No existe","I","Dentro","Urbana","Ninguna","No existe","Intersección","Bueno","Buena","Nocturna,Con luz artificial","Buen Tiempo","Lateral","S/D","Colisión","Ninguna","Faltante","Ninguna","Sin restricción"
2014,4987,10/06/2014,"Martes",0,20:30:00,,"0.0",2,"Automóvil,Moto/Ciclomotor","Salta Y Santiago de Chile",2,1,0,0,1,0,0,,"Calle",,"SANTA FE","La Capital","S/D","S/D","I","Dentro","Urbana","S/D","S/D","S/D","S/D","S/D","Nocturna","S/D","S/D","S/D","Colisión","S/D","S/D","S/D","S/D"
2014,4988,19/06/2014,"Jueves",0,10:00:00,,"0.0",2,"Bicicleta,Automóvil","San Martin Y 24 De Setiembre",2,1,0,0,1,0,0,,"Avenida",,"ROSARIO","Rosario","Asfalto","No existe","II","Dentro","Urbana","S/D","No existe","Recta","Bueno","Buena","Diurna","Buen Tiempo","S/D","S/D","Atropello","Ninguna","S/D","S/D","Sin restricción"
2014,4989,19/06/2014,"Jueves",0,11:45:00,,"0.0",2,"Moto/Ciclomotor,Automóvil","DIAGONAL 98 Y ALFONSINA STORNI",2,1,0,0,1,0,0,,"Calle",,"SAUCE VIEJO","La Capital","Tierra,Ripio","No existe","I","Dentro","Urbana","Ninguna","S/D","Intersección","Con baches","Buena","Diurna","Buen Tiempo","Lateral","S/D","Colisión","S/D","Faltante","Ninguna","Sin restricción"
2014,4990,02/06/2014,"Lunes",0,18:45:00,,"0.0",2,"Moto/Ciclomotor,Automóvil","Primera Junta Y Juan Diaz de Solis",2,1,0,0,1,0,0,,"Calle",,"SANTA FE","La Capital","S/D","S/D","I","S/D","Urbana","S/D","S/D","S/D","S/D","S/D","Atardecer","S/D","S/D","S/D","Colisión","S/D","S/D","S/D","S/D"
2014,4991,12/06/2014,"Jueves",0,19:30:00,,"0.0",2,"Moto/Ciclomotor,Automóvil","Saavedra Y Vera",2,1,0,0,1,0,0,,"Calle",,"SANTA FE","La Capital","S/D","S/D","I","Dentro","Urbana","S/D","S/D","S/D","S/D","S/D","Atardecer","S/D","S/D","S/D","Colisión","S/D","S/D","S/D","S/D"
2014,4992,09/06/2014,"Lunes",0,21:20:00,,"0.0",2,"Moto/Ciclomotor,Taxi/Remis","Estanislao Zeballos Y San Martin",2,1,0,0,1,0,0,,"Calle",,"SANTA FE","La Capital","Hormigón","No existe","I","Dentro","Urbana","Ninguna","No existe","Intersección","Bueno","Buena","Nocturna,Con luz artificial","Buen Tiempo","Lateral","S/D","Colisión","Otro","Faltante","Ninguna","Sin restricción"
2014,4993,07/06/2014,"Sabado",0,12:00:00,,"0.0",2,"Moto/Ciclomotor,Pickup/Utilitario","Av Urquiza Y Pje Rio Negro",2,1,0,0,1,0,0,,"Calle",,"SANTA FE","La Capital","Asfalto,Tierra","No existe","I","Dentro","Urbana","S/D","No existe","Recta","Deteriorada","Buena","Diurna","Buen Tiempo","Lateral","S/D","Colisión","S/D","Faltante","S/D","S/D"
2014,4994,18/06/2014,"Miercoles",0,17:30:00,,"0.0",2,"Automóvil,Moto/Ciclomotor","Pueyrredon 3400",2,1,0,0,1,0,0,,"Calle",,"ROSARIO","Rosario","Asfalto","S/D","II","Dentro","Urbana","S/D","No existe","Recta","Bueno","Buena","Diurna","Buen Tiempo","De alcance","S/D","Colisión","S/D","S/D","S/D","Sin restricción"
2014,4995,02/06/2014,"Lunes",0,,,"0.0",2,"Moto/Ciclomotor,Automóvil","Av Freyre Y La Rioja",2,1,0,0,1,0,0,,"Avenida",,"SANTA FE","La Capital","S/D","S/D","I","S/D","Urbana","S/D","S/D","S/D","S/D","S/D","S/D","S/D","S/D","S/D","Colisión","S/D","S/D","S/D","S/D"
2014,4996,14/06/2014,"Sabado",0,19:50:00,,"0.0",2,"Automóvil,Bicicleta","Mitre Y Saavedra",2,1,0,0,1,0,0,,"Calle",,"ROSARIO","Rosario","Asfalto","S/D","II","Dentro","Urbana","S/D","No existe","Recta","Bueno","Buena","Nocturna,Con luz artificial","Buen Tiempo","S/D","S/D","Atropello","Ninguna","S/D","Ninguna","S/D"
2014,4997,13/06/2014,"Viernes",0,13:00:00,,"0.0",2,"Moto/Ciclomotor,Automóvil","Catamarca Y Francia",2,1,0,0,1,0,0,,"Calle",,"SANTA FE","La Capital","S/D","S/D","I","Dentro","Urbana","S/D","S/D","S/D","S/D","S/D","Diurna","S/D","S/D","S/D","Colisión","S/D","S/D","S/D","S/D"
2014,4998,03/06/2014,"Martes",0,10:15:00,,"0.0",2,"Moto/Ciclomotor,Automóvil","Pje Paraguay Y Hipolito Yrigoyen",2,1,0,0,1,0,0,,"Calle",,"SANTA FE","La Capital","S/D","S/D","I","S/D","Urbana","S/D","S/D","S/D","S/D","S/D","Diurna","S/D","S/D","S/D","Colisión","S/D","S/D","S/D","S/D"
2014,4999,12/06/2014,"Jueves",0,22:00:00,,"0.0",2,"Automóvil,Moto/Ciclomotor","Av A del Valle 8300",2,1,0,0,1,0,0,,"Avenida",,"SANTA FE","La Capital","Asfalto","S/D","I","Dentro","Urbana","S/D","No existe","Recta","Bueno","Buena","Nocturna,Con luz artificial","S/D","Lateral","S/D","Colisión","S/D","S/D","S/D","S/D"
2014,5000,13/06/2014,"Viernes",0,13:45:00,,"0.0",2,"Moto/Ciclomotor,Automóvil","Av Freyre Y La Rioja",2,1,0,0,1,0,0,,"Calle",,"SANTA FE","La Capital","S/D","S/D","I","Dentro","Urbana","S/D","S/D","S/D","S/D","S/D","Diurna","S/D","S/D","S/D","Colisión","S/D","S/D","S/D","S/D"
2014,5001,06/06/2014,"Viernes",0,16:45:00,,"0.0",2,"Moto/Ciclomotor,Automóvil","Hilarion de la Quintana Y Leiva",3,2,0,0,1,0,0,,"Calle",,"ROSARIO","Rosario","Asfalto","No existe","II","Dentro","Urbana","Ninguna","No existe","Intersección","Bueno","Buena","Diurna","Buen Tiempo","Lateral","S/D","Colisión","S/D","S/D","Ninguna","Sin restricción"
2014,5002,10/08/2014,"Domingo",0,11:50:00,,"0.0",2,"Automóvil,Automóvil","Urquiza Y Callao",2,1,0,0,1,0,0,,"Calle",,"ROSARIO","Rosario","Asfalto","No existe","II","Dentro","Urbana","Semáforo","Funciona","Intersección","Bueno","Buena","Diurna","S/D","Otro","S/D","Colisión","S/D","Vertical","Ninguna","Sin restricción"
2014,5003,03/06/2014,"Martes",0,20:50:00,,"0.0",2,"Automóvil,Pickup/Utilitario","Bv Pellegrini 3500",2,1,0,0,1,0,0,,"Avenida",,"SANTA FE","La Capital","S/D","S/D","I","S/D","Urbana","S/D","S/D","S/D","S/D","S/D","Nocturna","S/D","S/D","S/D","S/D","S/D","S/D","S/D","S/D"
2014,5004,09/06/2014,"Lunes",0,17:00:00,,"0.0",4,"Camión,Automóvil,Automóvil,Automóvil","Lavaisse Y Republica de Siria",5,2,0,0,3,0,0,,"Calle",,"SANTA FE","La Capital","Asfalto","No existe","I","Dentro","Urbana","Ninguna","No existe","Curva","Bueno","Buena","Diurna","Buen Tiempo","Múltiple","S/D","Colisión","Ninguna","Faltante","Ninguna","Sin restricción"
2014,5005,17/06/2014,"Martes",0,15:15:00,,"0.0",2,"Moto/Ciclomotor,Automóvil","Espora Y San Martin",2,1,0,0,1,0,0,,"Calle",,"SANTA FE","La Capital","Asfalto","No existe","I","Dentro","Urbana","Ninguna","No existe","Intersección","Bueno","Buena","Diurna","Buen Tiempo","Lateral","S/D","Colisión","Agua","Faltante","Ninguna","Sin restricción"