"anio_acci","nro_acci","fecha","desc_dia","fecha_aprox","hora_aprox","desc_ruta","km","cant_participantes","desc_participante","calle_avenida_km","total","heridos_leves","heridos_graves","heridos_gravisimos","ilesos","fallecidos","sin_datos","posicion_XY","desc_tipo_via","desc_ruta_ori","desc_loc","desc_dpto","desc_tipo_calzada","desc_tipo_banquina","desc_unidad_regional","desc_lugar_calzada","desc_zona","desc_prioridad","desc_estado_semaforo","desc_lugar_via","desc_estado_via","desc_estado_visibilidad","desc_luminosidad","desc_estado_clima","desc_tipo_colision","desc_tipo_atropello","desc_tipo_hecho","desc_pres_calzada","desc_senializacion","desc_separacion_via","desc_restriccion"
2014,5006,13/06/2014,"Viernes",0,16:45:00,,"0.0",2,"Automóvil,Moto/Ciclomotor","Candioti Y Juan Del Campillo",2,1,0,0,1,0,0,,"Calle",,"SANTA FE","La Capital","Asfalto","No existe","I","Dentro","Urbana","S/D","No existe","Intersección","Deteriorada","S/D","S/D","S/D","Lateral","S/D","Colisión","S/D","S/D","S/D","S/D"
2014,5007,07/08/2014,"Jueves",0,12:20:00,,"0.0",2,"Automóvil,Automóvil","Salta 3300",2,1,0,0,1,0,0,,"Calle",,"ROSARIO","Rosario","Asfalto","No existe","II","Dentro","Urbana","S/D","No existe","Intersección","Con baches","Buena","Diurna","Buen Tiempo","S/D","S/D","Colisión","S/D","S/D","Ninguna","Sin restricción"
2014,5008,02/06/2014,"Lunes",0,20:45:00,,"0.0",2,"Moto/Ciclomotor,Pickup/Utilitario","Pedro Espinosa Y Edmundo Rosas",2,1,0,0,1,0,0,,"Calle",,"SANTA FE","La Capital","Asfalto","Natural","I","Dentro","Urbana","Ninguna","No existe","Intersección","Deteriorada","Buena","Diurna","Buen Tiempo","Lateral","S/D","Colisión","Ninguna","Horizontal","Ninguna","Sin restricción"
2014,5009,11/06/2014,"Miercoles",0,11:30:00,,"0.0",2,"Moto/Ciclomotor,Bicicleta","Juan de Garay Y San Jose",2,1,0,0,1,0,0,"-31.649888888889,-60.722527777778","Calle",,"SANTA FE","La Capital","Asfalto","S/D","I","Dentro","Urbana","S/D","S/D","Intersección","Bueno","Buena","Diurna","Buen Tiempo","S/D","S/D","Atropello","S/D","S/D","S/D","S/D"
2014,5010,16/06/2014,"Lunes",0,21:00:00,,"0.0",2,"Moto/Ciclomotor,Automóvil","1ro de Mayo Y Estanislao Zeballos",2,1,0,0,1,0,0,,"Calle",,"SANTA FE","La Capital","Hormigón","No existe","I","Dentro","Urbana","Semáforo","Funciona","Curva","Bueno","Buena","Nocturna,Con luz artificial","Buen Tiempo","Lateral","S/D","Colisión","S/D","Vertical","Ninguna","Sin restricción"
2014,5011,07/08/2014,"Jueves",0,16:40:00,,"0.0",2,"Moto/Ciclomotor,Peatón","Pueyrredon Y Santa Fe",2,1,0,0,1,0,0,,"Calle",,"ROSARIO","Rosario","Asfalto","No existe","II","Dentro","Urbana","Semáforo","Funciona","Intersección","Bueno","Buena","Diurna","Buen Tiempo","S/D","S/D","Atropello","S/D","Vertical","Ninguna","Sin restricción"
2014,5012,14/06/2014,"Sabado",0,15:00:00,,"0.0",2,"Moto/Ciclomotor,Moto/Ciclomotor","Av Freyre ",2,1,0,0,1,0,0,,"Calle",,"SANTA FE","La Capital","S/D","S/D","I","Dentro","Urbana","S/D","S/D","S/D","S/D","S/D","Diurna","S/D","S/D","S/D","Colisión","S/D","S/D","S/D","S/D"
2014,5013,05/08/2014,"Martes",0,17:30:00,,"0.0",2,"Peatón,Automóvil","Urquiza Y Pueyrredon",2,1,0,0,1,0,0,,"Calle",,"ROSARIO","Rosario","Asfalto","No existe","II","Dentro","Urbana","Ninguna","No existe","Intersección","Bueno","Buena","Diurna","Buen Tiempo","Otro","S/D","Colisión","S/D","Faltante","Ninguna","Sin restricción"
2014,5014,03/08/2014,"Domingo",0,22:30:00,,"0.0",2,"Automóvil,Moto/Ciclomotor","Washington Y Machain",2,1,0,0,1,0,0,,"Calle",,"ROSARIO","Rosario","Asfalto","No existe","II","Dentro","Urbana","Ninguna","No existe","Intersección","Bueno","Buena","Nocturna","Buen Tiempo","Lateral","S/D","Colisión","Otro","Faltante","Ninguna","Sin restricción"
2014,5015,16/07/2014,"Miercoles",0,14:30:00,"Ruta Nacional 9","278.0",3,"Pickup/Utilitario,Camión,Camión"," ",5,3,0,0,2,0,0,,"Ruta",9,"ALVEAR","Rosario","Asfalto","Natural","II","S/D","Rural","Ninguna","No existe","Recta","Bueno","Buena","Diurna","Buen Tiempo","Múltiple,Otro","S/D","Colisión","Otro","Horizontal,Vertical","Línea divisoria pintada","Sin restricción"
2014,5016,17/07/2014,"Jueves",0,18:15:00,,"0.0",2,"Bicicleta,Automóvil","Rivadavia 1100",2,1,0,0,1,0,0,,"Calle",,"PEREZ","Rosario","S/D","No existe","II","Dentro","Urbana","Ninguna","No existe","Recta","S/D","Buena","Atardecer","S/D","S/D","S/D","Atropello","S/D","Faltante","Ninguna","Sin restricción"
2014,5017,12/08/2014,"Martes",0,07:00:00,,"0.0",2,"Bicicleta,Automóvil","Washington Y Warnes",2,1,0,0,1,0,0,,"Calle",,"ROSARIO","Rosario","Asfalto","No existe","II","Dentro","Urbana","Ninguna","No existe","Intersección","Bueno","Buena","Diurna","Buen Tiempo","S/D","S/D","Atropello","Otro","Faltante","Ninguna","Sin restricción"
2014,5018,17/06/2014,"Martes",0,15:10:00,,"0.0",2,"Moto/Ciclomotor,Pickup/Utilitario","Av Facundo Zuviria Y Espora",3,2,0,0,1,0,0,,"Avenida",,"SANTA FE","La Capital","Hormigón","No existe","I","Dentro","Urbana","Ninguna","No existe","Intersección","Bueno","Buena","Diurna","Buen Tiempo","Lateral","S/D","Colisión","Otro","Faltante","Ninguna","Sin restricción"
2014,5019,10/06/2014,"Martes",0,11:05:00,,"0.0",2,"Moto/Ciclomotor,Taxi/Remis","Gdor Candioti Y Agustin Delgado",3,2,0,0,1,0,0,,"Calle",,"SANTA FE","La Capital","Asfalto","No existe","I","Dentro","Urbana","Ninguna","No existe","Intersección","Bueno","Buena","Diurna","Buen Tiempo","Lateral","S/D","Colisión","Ninguna","Faltante","Ninguna","Sin restricción"
2014,5020,29/07/2014,"Martes",0,17:00:00,"Ruta Nacional 33","0.0",2,"Automóvil,Camión","Av Las Palmeras Y Ruta Nac 33",2,1,0,0,1,0,0,,"Ruta",33,"PEREZ","Rosario","S/D","No existe","II","Dentro","Urbana","Ninguna","No existe","Intersección","Otro","Buena","Atardecer","S/D","De alcance","S/D","Colisión","S/D","Faltante","Línea divisoria pintada","Sin restricción"
2014,5021,09/07/2014,"Miercoles",0,15:00:00,,"0.0",2,"Moto/Ciclomotor,Tren"," ",3,0,0,1,2,0,0,,"Avenida",,"ALVEAR","Rosario","Asfalto","No existe","II","Dentro","Urbana","Ninguna","No existe","Intersección","Bueno","Buena","Diurna","Buen Tiempo","Frontal","S/D","Colisión","Otro","Faltante","Ninguna","Sin restricción"
2014,5022,13/06/2014,"Viernes",0,13:10:00,,"0.0",2,"Automóvil,Moto/Ciclomotor","Dr Zavalla Y J J Paso",2,1,0,0,1,0,0,,"Calle",,"SANTA FE","La Capital","Asfalto","S/D","I","Dentro","Urbana","S/D","S/D","Intersección","Bueno","Buena","S/D","Buen Tiempo","S/D","S/D","Colisión","S/D","S/D","S/D","S/D"
2014,5023,04/08/2014,"Lunes",0,10:00:00,,"0.0",2,"Automóvil,Moto/Ciclomotor","Santa Fe Y Constitucion",2,1,0,0,1,0,0,,"Calle",,"ROSARIO","Rosario","Asfalto","No existe","II","Dentro","Urbana","Ninguna","Funciona","Intersección","Bueno","Buena","Diurna","Buen Tiempo","Otro","S/D","Colisión","S/D","Vertical","Ninguna","Sin restricción"
2014,5024,01/08/2014,"Viernes",0,18:30:00,,"0.0",2,"Moto/Ciclomotor,Automóvil"," ",2,1,0,0,1,0,0,,"Calle",,"ROSARIO","Rosario","Asfalto","No existe","I","S/D","Urbana","Ninguna","No existe","Otro","Bueno","Buena","Atardecer","Buen Tiempo","Lateral","S/D","Colisión","Ninguna","Faltante","Ninguna","Sin restricción"
2014,5025,13/06/2014,"Viernes",0,20:45:00,,"0.0",2,"Automóvil,Bicicleta","Corrientes Y Pje Gregoria P de Denis",2,1,0,0,1,0,0,"-31.651083333333,-60.723722222222","Calle",,"SANTA FE","La Capital","Asfalto","S/D","I","S/D","Urbana","S/D","S/D","Intersección","Bueno","Buena","Nocturna,Con luz artificial","Buen Tiempo","S/D","S/D","Atropello","S/D","S/D","S/D","S/D"
2014,5026,04/08/2014,"Lunes",0,13:10:00,,"0.0",2,"Moto/Ciclomotor,Automóvil","Av. Ovidio Lagos Y Catamarca",2,1,0,0,1,0,0,,"Calle",,"ROSARIO","Rosario","Asfalto","No existe","II","Dentro","Urbana","Semáforo","Funciona","Intersección","Bueno","Buena","Diurna","Buen Tiempo","S/D","S/D","Colisión","Agua","Vertical","Ninguna","Sin restricción"
2014,5027,02/08/2014,"Sabado",0,12:30:00,,"0.0",2,"Taxi/Remis,Automóvil","Urquiza Y Santiago",2,1,0,0,1,0,0,,"Calle",,"ROSARIO","Rosario","Asfalto","S/D","II","Dentro","Urbana","Ninguna","S/D","Intersección","Bueno","Buena","Diurna","Buen Tiempo","De alcance","S/D","Colisión","S/D","Vertical","Ninguna","Sin restricción"
2014,5028,10/06/2014,"Martes",0,11:50:00,,"0.0",2,"Cuatriciclo,Automóvil","Salvador del Carril Y Laprida",2,1,0,0,1,0,0,,"Avenida",,"SANTA FE","La Capital","Asfalto","No existe","I","Dentro","Urbana","Ninguna","No existe","Intersección","Bueno","Buena","Diurna","Buen Tiempo","Lateral","S/D","Colisión","Ninguna","Faltante","Ninguna","Sin restricción"
2014,5029,10/06/2014,"Martes",0,18:20:00,,"0.0",2,"Bicicleta,Pickup/Utilitario","San Jeronimo Y Domingo Silva",2,1,0,0,1,0,0,"-31.630638888889,-60.703305555556","Calle",,"SANTA FE","La Capital","Hormigón","No existe","I","Dentro","Urbana","Ninguna","No existe","Intersección","Bueno","Buena","Atardecer,Con luz artificial","Buen Tiempo","S/D","S/D","Atropello","Otro","Faltante","Ninguna","Sin restricción"
2014,5030,02/08/2014,"Sabado",0,02:40:00,,"0.0",2,"Automóvil,Taxi/Remis","Jujuy Y Suipacha",3,1,0,0,2,0,0,,"Calle",,"ROSARIO","Rosario","Asfalto","No existe","II","Dentro","Urbana","Semáforo","S/D","Intersección","Bueno","Buena","Diurna","Buen Tiempo","De alcance","S/D","Colisión","S/D","Vertical","Ninguna","Sin restricción"
2014,5031,05/08/2014,"Martes",0,19:00:00,"Ruta Nacional 33","0.0",2,"Moto/Ciclomotor,Pickup/Utilitario","Av San Martin Y Juan Bautista Alberdi",2,1,0,0,1,0,0,,"Ruta",33,"PEREZ","Rosario","S/D","No existe","II","Dentro","Urbana","Ninguna","No existe","Intersección","S/D","S/D","Nocturna","S/D","Lateral","S/D","Colisión","S/D","Faltante","S/D","Sin restricción"
2014,5032,26/06/2014,"Jueves",0,07:20:00,"Ruta Secundaria 32-s","0.0",2,"Moto/Ciclomotor,Bicicleta"," ",4,2,0,0,2,0,0,,"Ruta","32-s","VILLA OCAMPO","General Obligado","Asfalto","Natural","IX","Fuera","Urbana","Ninguna","No existe","Recta","Bueno","Reducida","Nocturna","Niebla","S/D","S/D","Atropello","Otro","Horizontal","Cordón divisorio","Sin restricción"
2014,5033,18/06/2014,"Miercoles",0,10:50:00,,"0.0",2,"Pickup/Utilitario,Pickup/Utilitario","San Martin Y Espora",2,1,0,0,1,0,0,,"Calle",,"SANTA FE","La Capital","Hormigón","No existe","I","Dentro","Urbana","Ninguna","No existe","Intersección","Bueno","Buena","Diurna","Buen Tiempo","Lateral","S/D","Colisión","Otro","Faltante","Ninguna","Sin restricción"
2014,5034,01/08/2014,"Viernes",0,14:30:00,,"0.0",2,"Moto/Ciclomotor,Automóvil","Herrera Y Zelaya",3,2,0,0,1,0,0,,"Calle",,"ROSARIO","Rosario","Asfalto","No existe","II","Dentro","Urbana","Ninguna","No existe","Intersección","Bueno","Buena","Diurna","Buen Tiempo","Lateral","S/D","Colisión","Otro","Faltante","Ninguna","Sin restricción"
2014,5035,27/06/2014,"Viernes",0,09:00:00,"Ruta Provincial 21","0.0",2,"Automóvil,Automóvil"," ",3,2,0,0,1,0,0,,"Ruta",21,"ARROYO SECO","Rosario","Asfalto","Pavimento","II","S/D","Urbana","S/D","No existe","Recta","Con baches","Buena","Diurna","Buen Tiempo","Frontal","S/D","Colisión","S/D","Horizontal,Vertical","Línea divisoria pintada","Sin restricción"
2014,5036,02/08/2014,"Sabado",0,17:00:00,,"0.0",2,"Automóvil,Taxi/Remis","Santa Fe Y Castellanos",2,1,0,0,1,0,0,,"Calle",,"ROSARIO","Rosario","Asfalto","No existe","II","Dentro","Urbana","Semáforo","Funciona","Intersección","Bueno","Buena","Diurna","Buen Tiempo","Otro","S/D","Colisión","S/D","Horizontal","Ninguna","Sin restricción"
2014,5037,29/05/2014,"Jueves",0,21:30:00,,"0.0",2,"Moto/Ciclomotor,Automóvil","Salvador del Carril Y Lavalle",2,1,0,0,1,0,0,,"Avenida",,"SANTA FE","La Capital","Asfalto","Pavimento","I","Dentro","Urbana","Ninguna","No existe","Intersección","Bueno","Buena","Nocturna","Buen Tiempo","De alcance","S/D","Colisión","Ninguna","Faltante","Ninguna","Sin restricción"
2014,5038,04/08/2014,"Lunes",0,10:20:00,,"0.0",2,"Moto/Ciclomotor,Pickup/Utilitario","J.B.Justo ",2,1,0,0,1,0,0,,"Calle",,"ROSARIO","Rosario","Asfalto","S/D","II","Dentro","Urbana","S/D","S/D","Recta","Bueno","Buena","Diurna","Buen Tiempo","Lateral","S/D","Colisión","S/D","S/D","S/D","Sin restricción"
2014,5039,06/08/2014,"Miercoles",0,12:15:00,,"0.0",2,"Automóvil,Automóvil","Av. Avellaneda B Y J.J.Paso",2,1,0,0,1,0,0,,"Avenida",,"ROSARIO","Rosario","Asfalto","S/D","II","S/D","Urbana","Semáforo","S/D","Recta","Bueno","S/D","Diurna","Buen Tiempo","De alcance","S/D","Colisión","S/D","Vertical","Cordón divisorio","S/D"
2014,5040,10/06/2014,"Martes",0,17:00:00,,"0.0",2,"Moto/Ciclomotor,Automóvil","Av A del Valle Y Pedro de Vega",3,1,0,0,2,0,0,,"Avenida",,"SANTA FE","La Capital","Asfalto","No existe","I","Dentro","Urbana","Ninguna","No existe","Intersección","Bueno","Buena","Diurna","Buen Tiempo","Lateral","S/D","Colisión","Ninguna","Horizontal","Línea divisoria pintada","Sin restricción"
2014,5041,06/08/2014,"Miercoles",0,12:10:00,,"0.0",2,"Moto/Ciclomotor,Taxi/Remis","Sarmiento Y Bv. Rondeau",3,2,0,0,1,0,0,,"Avenida",,"ROSARIO","Rosario","Asfalto","No existe","II","S/D","Urbana","Semáforo","Funciona","Intersección","Bueno","Buena","Diurna","Buen Tiempo","Lateral","S/D","Colisión","Ninguna","Faltante","Ninguna","Sin restricción"
2014,5042,18/06/2014,"Miercoles",0,18:10:00,,"0.0",2,"Peatón,Moto/Ciclomotor","Av Gral Lopez Y San Jose",2,1,0,0,1,0,0,"-31.654555555556,-60.725666666667","Avenida",,"SANTA FE","La Capital","Asfalto","S/D","I","Dentro","Urbana","S/D","S/D","Intersección","Bueno","Buena","S/D","Buen Tiempo","S/D","S/D","Atropello","S/D","S/D","S/D","S/D"
2014,5043,11/06/2014,"Miercoles",0,12:20:00,,"0.0",2,"Moto/Ciclomotor,Automóvil","Av Blas Parera Y De La Salle",2,1,0,0,1,0,0,,"Calle",,"SANTA FE","La Capital","Asfalto","Natural","I","Dentro","Urbana","Ninguna","No existe","Recta","Con baches,Deteriorada","Buena","Diurna","Buen Tiempo","De alcance","S/D","Colisión","Ninguna","Faltante","Ninguna","Sin restricción"
2014,5044,18/06/2014,"Miercoles",0,18:30:00,,"0.0",1,"Transporte de Pasajeros Urbano (> 8 asientos)"," ",2,1,0,0,1,0,0,,"Calle",,"SANTA FE","La Capital","Asfalto","S/D","I","S/D","Urbana","S/D","S/D","Intersección","Bueno","Buena","Diurna","Buen Tiempo","S/D","S/D","Caída ocupante","S/D","S/D","S/D","S/D"
2014,5045,19/06/2014,"Jueves",0,11:30:00,,"0.0",2,"Automóvil,Moto/Ciclomotor","J J Paso Y Gdor Freyre",2,1,0,0,1,0,0,,"Calle",,"SANTA FE","La Capital","Asfalto","S/D","I","S/D","Urbana","S/D","S/D","Intersección","Bueno","Buena","Diurna","Buen Tiempo","S/D","S/D","Colisión","S/D","S/D","S/D","S/D"
2014,5046,11/08/2014,"Lunes",0,13:00:00,,"0.0",2,"Automóvil,Taxi/Remis","R.de Escalada 100",2,1,0,0,1,0,0,,"Calle",,"ROSARIO","Rosario","S/D","S/D","II","Dentro","Urbana","S/D","S/D","Recta","S/D","S/D","Diurna","S/D","S/D","S/D","Colisión","S/D","S/D","S/D","S/D"
2014,5047,13/06/2014,"Viernes",0,23:40:00,,"0.0",2,"Moto/Ciclomotor,Otros","Roverano Y Avenida Nuestra Señora del Luj",3,1,0,0,2,0,0,,"Calle",,"SANTO TOMÉ","La Capital","Ripio","No existe","I","Dentro","Urbana","Ninguna","No existe","Intersección","Con baches","Buena","Nocturna","Buen Tiempo","Lateral","S/D","Colisión","Ninguna","Faltante","Ninguna","Sin restricción"
2014,5048,27/06/2014,"Viernes",0,23:40:00,,"0.0",2,"Automóvil,Moto/Ciclomotor","Cafferata Y Diag Pedro de Mendoza",4,1,0,0,3,0,0,,"Calle",,"SANTA FE","La Capital","Asfalto,Tierra","No existe","I","S/D","Urbana","Ninguna","No existe","Intersección","Bueno","Buena","Nocturna,Con luz artificial","Buen Tiempo","De alcance","S/D","Colisión","Ninguna","Faltante","Ninguna","Sin restricción"
2014,5049,01/06/2014,"Domingo",0,04:40:00,,"0.0",2,"Automóvil,Moto/Ciclomotor","San Jeronimo Y Cordoba",3,2,0,0,1,0,0,,"Calle",,"SANTA FE","La Capital","Hormigón","No existe","I","Dentro","Urbana","Ninguna","No existe","Intersección","Bueno","Buena","Nocturna,Con luz artificial","Buen Tiempo","Lateral","S/D","Colisión","Otro","Faltante","Ninguna","Sin restricción"
2014,5050,12/08/2014,"Martes",0,18:00:00,,"0.0",2,"Automóvil,Moto/Ciclomotor","Av. Luis Carballo 300",2,1,0,0,1,0,0,,"Avenida",,"ROSARIO","Rosario","Asfalto","S/D","II","Dentro","Urbana","S/D","S/D","Intersección","Bueno","S/D","Diurna","S/D","S/D","S/D","Colisión","S/D","S/D","S/D","S/D"
2014,5051,19/06/2014,"Jueves",0,13:30:00,,"0.0",2,"Automóvil,Moto/Ciclomotor","Francia Y Entre Rios",2,1,0,0,1,0,0,,"Calle",,"SANTA FE","La Capital","Asfalto","S/D","I","Dentro","Urbana","S/D","S/D","Intersección","Bueno","S/D","Diurna","Buen Tiempo","S/D","S/D","Colisión","S/D","S/D","S/D","S/D"
2014,5052,29/06/2014,"Domingo",0,19:00:00,,"0.0",2,"Moto/Ciclomotor,Taxi/Remis","Av Blas Parera ",2,1,0,0,1,0,0,,"Calle",,"SANTA FE","La Capital","Asfalto","No existe","I","S/D","Urbana","Semáforo","Funciona","Recta","Bueno","Buena","Atardecer","Buen Tiempo","Otro","S/D","Colisión","Ninguna","Faltante","Ninguna","Sin restricción"
2014,5053,21/06/2014,"Sabado",0,03:15:00,,"0.0",2,"Moto/Ciclomotor,Otros","Avenida Nuestra Señora del Luj Y Juan Bautista Alberdi",3,1,1,0,1,0,0,,"Avenida",,"SANTO TOMÉ","La Capital","Asfalto","No existe","I","S/D","Urbana","Ninguna","Funciona","Intersección","Bueno","Buena","Diurna","Buen Tiempo","Lateral","S/D","Colisión","Otro","Faltante","Ninguna","Sin restricción"
2014,5054,13/06/2014,"Viernes",0,17:25:00,,"0.0",2,"Moto/Ciclomotor,Automóvil","Mendoza Y Azopardo",2,1,0,0,1,0,0,,"Calle",,"SANTA FE","La Capital","Hormigón","No existe","I","Dentro","Urbana","Ninguna","No existe","Intersección","Bueno","Buena","Diurna","Buen Tiempo","S/D","S/D","Colisión","Ninguna","Faltante","Ninguna","Sin restricción"
2014,5055,02/08/2014,"Sabado",0,22:40:00,,"0.0",2,"Moto/Ciclomotor,Automóvil","J.J.Paso Y Dr.Victor Cue Bis",2,1,0,0,0,0,1,,"Calle",,"ROSARIO","Rosario","Asfalto","Pavimento","II","Dentro","Urbana","S/D","No existe","Intersección","Bueno","Buena","Nocturna,Con luz artificial","Buen Tiempo","Lateral","S/D","Colisión","S/D","Faltante","S/D","Sin restricción"
2014,5056,26/05/2014,"Lunes",0,19:00:00,,"0.0",1,"Transporte de Pasajeros Urbano (> 8 asientos)","Casilda Y Iguazu",1,1,0,0,0,0,0,,"Calle",,"ROSARIO","Rosario","S/D","S/D","II","Dentro","Urbana","S/D","S/D","Intersección","S/D","S/D","Atardecer","S/D","S/D","S/D","Colisión","S/D","S/D","S/D","S/D"
2014,5057,15/06/2014,"Domingo",0,13:50:00,,"0.0",2,"Moto/Ciclomotor,Automóvil","Aguado Y Mendoza",2,2,0,0,0,0,0,,"Calle",,"SANTA FE","La Capital","Asfalto","No existe","I","Dentro","Urbana","Ninguna","No existe","Intersección","Bueno","Buena","Nocturna,Con luz artificial","Buen Tiempo","S/D","S/D","Colisión","Ninguna","Faltante","Ninguna","Sin restricción"
2014,5058,13/06/2014,"Viernes",0,16:15:00,"Ruta Nacional 11","0.0",2,"Camión,Automóvil","RUTA NACIONAL 11 Y FRAGA",3,2,0,0,1,0,0,,"Ruta",11,"SAUCE VIEJO","La Capital","Asfalto","Natural","I","Dentro","Urbana","Ninguna","No existe","Curva","Bueno","Buena","Diurna","Buen Tiempo","Lateral","S/D","Colisión","S/D","Horizontal","Línea divisoria pintada","Sin restricción"
2014,5059,06/06/2014,"Viernes",0,22:40:00,,"0.0",2,"Automóvil,Bicicleta","Av Blas Parera Y Santa Cruz",2,1,0,0,1,0,0,"-31.574305555556,-60.728666666667","Avenida",,"SANTA FE","La Capital","Asfalto","No existe","I","S/D","Urbana","Ninguna","No existe","Intersección","Bueno","Reducida","Nocturna","Buen Tiempo","S/D","S/D","Atropello","Ninguna","Faltante","Cordón divisorio","Sin restricción"
2014,5060,09/08/2014,"Sabado",0,04:25:00,,"0.0",2,"Automóvil,Taxi/Remis","Junin Y Alberdi",2,1,0,0,1,0,0,,"Calle",,"ROSARIO","Rosario","S/D","S/D","II","Dentro","Urbana","S/D","Funciona","Intersección","S/D","S/D","Nocturna","S/D","S/D","S/D","Colisión","S/D","S/D","S/D","S/D"
2014,5061,04/08/2014,"Lunes",0,19:30:00,,"0.0",2,"Automóvil,Moto/Ciclomotor","J.B.Justo Y Bolivia",2,1,0,0,0,0,1,,"Calle",,"ROSARIO","Rosario","Asfalto","Pavimento","II","Dentro","Urbana","S/D","No existe","Recta","Bueno","Buena","Atardecer","Buen Tiempo","Lateral","S/D","Colisión","S/D","S/D","Ninguna","Sin restricción"
2014,5062,12/06/2014,"Jueves",0,14:40:00,,"0.0",2,"Moto/Ciclomotor,Pickup/Utilitario","Av Gral Paz Y Hernandarias",2,1,0,0,1,0,0,,"Avenida",,"SANTA FE","La Capital","Asfalto","No existe","I","Dentro","Urbana","Ninguna","Funciona","Intersección","Bueno","Buena","Diurna","Buen Tiempo","Lateral","S/D","Colisión","Ninguna","Vertical","Ninguna","Sin restricción"
2014,5063,02/06/2014,"Lunes",0,09:30:00,,"0.0",2,"Moto/Ciclomotor,Automóvil","Av Facundo Zuviria Y Domingo Silva",2,1,0,0,1,0,0,,"Avenida",,"SANTA FE","La Capital","Hormigón","No existe","I","Dentro","Urbana","Ninguna","Funciona","Intersección","Bueno","Buena","Diurna","Buen Tiempo","Lateral","S/D","Colisión","Otro","Vertical","Ninguna","Sin restricción"
2014,5064,28/06/2014,"Sabado",0,02:20:00,,"0.0",2,"Automóvil,Moto/Ciclomotor","Rosario Y America",2,1,0,0,1,0,0,,"Calle",,"SAUCE VIEJO","La Capital","Asfalto","S/D","I","Dentro","Urbana","S/D","No existe","Recta","Bueno","Buena","Nocturna,Con luz artificial","Buen Tiempo","Frontal","S/D","Colisión","S/D","S/D","Línea divisoria pintada","Sin restricción"
2014,5065,13/06/2014,"Viernes",0,08:30:00,,"0.0",2,"Moto/Ciclomotor,Automóvil","Republica de Siria Y Av Galicia",3,2,0,0,1,0,0,,"S/D",,"SANTA FE","La Capital","Asfalto","No existe","I","Dentro","Urbana","Ninguna","No existe","Intersección","Bueno","Buena","Diurna","Buen Tiempo","Lateral","S/D","Colisión","Ninguna","Faltante","Cordón divisorio","Sin restricción"
2014,5066,09/06/2014,"Lunes",0,11:15:00,,"0.0",1,"Moto/Ciclomotor","Mariano Candioti Y Roverano",2,1,0,0,1,0,0,,"Calle",,"SANTO TOMÉ","La Capital","Tierra,Ripio","No existe","I","Dentro","Urbana","Ninguna","No existe","Intersección","Con baches","Buena","Diurna","Buen Tiempo","Otro","S/D","Otro","S/D","Faltante","Ninguna","Sin restricción"
2014,5067,03/06/2014,"Martes",0,19:50:00,,"0.0",2,"Moto/Ciclomotor,Automóvil","Estanislao Zeballos Y San Martin",2,1,0,0,1,0,0,,"Calle",,"SANTA FE","La Capital","Hormigón","No existe","I","Dentro","Urbana","Ninguna","No existe","Intersección","Bueno","Buena","Atardecer,Con luz artificial","Buen Tiempo","Lateral","S/D","Colisión","Otro","Faltante","Ninguna","Sin restricción"
2014,5068,15/06/2014,"Domingo",0,23:45:00,,"0.0",2,"Peatón,Moto/Ciclomotor","Av Gral Paz Y Derqui",2,1,0,0,1,0,0,"-31.619083333333,-60.685055555556","Avenida",,"SANTA FE","La Capital","Asfalto","No existe","I","Dentro","Urbana","Policía de tránsito","No existe","Recta","Bueno","Buena","Nocturna,Con luz artificial","Buen Tiempo","S/D","S/D","Atropello","Ninguna","Faltante","Ninguna","Sin restricción"
2014,5069,27/06/2014,"Viernes",0,,,"0.0",2,"Automóvil,Moto/Ciclomotor","Bv. Oroño Y Av. Dante Alighieri",2,1,0,0,1,0,0,,"Avenida",,"ROSARIO","Rosario","Asfalto","S/D","II","Dentro","Urbana","S/D","S/D","Intersección","Bueno","S/D","S/D","Buen Tiempo","Frontal","S/D","Colisión","S/D","S/D","S/D","S/D"
2014,5070,21/06/2014,"Sabado",0,14:00:00,,"0.0",2,"Moto/Ciclomotor,Moto/Ciclomotor","Florencio Fernandez Y 11 de Marzo de 1983",2,2,0,0,0,0,0,,"Calle",,"SANTA FE","La Capital","Asfalto","No existe","I","S/D","Urbana","Ninguna","No existe","Recta","Con baches","Buena","Diurna","Buen Tiempo","De alcance","S/D","Colisión","Ninguna","Faltante","Ninguna","Sin restricción"
2014,5071,06/06/2014,"Viernes",0,00:30:00,,"0.0",2,"Moto/Ciclomotor,Automóvil","Av Facundo Zuviria Y Luciano Torrent",2,1,0,0,1,0,0,,"Avenida",,"SANTA FE","La Capital","Hormigón","No existe","I","Dentro","Urbana","Ninguna","No existe","Intersección","Bueno","Buena","Nocturna,Con luz artificial","Buen Tiempo","Lateral","S/D","Colisión","Otro","Faltante","Ninguna","Sin restricción"