"anio_acci","nro_acci","fecha","desc_dia","fecha_aprox","hora_aprox","desc_ruta","km","cant_participantes","desc_participante","calle_avenida_km","total","heridos_leves","heridos_graves","heridos_gravisimos","ilesos","fallecidos","sin_datos","posicion_XY","desc_tipo_via","desc_ruta_ori","desc_loc","desc_dpto","desc_tipo_calzada","desc_tipo_banquina","desc_unidad_regional","desc_lugar_calzada","desc_zona","desc_prioridad","desc_estado_semaforo","desc_lugar_via","desc_estado_via","desc_estado_visibilidad","desc_luminosidad","desc_estado_clima","desc_tipo_colision","desc_tipo_atropello","desc_tipo_hecho","desc_pres_calzada","desc_senializacion","desc_separacion_via","desc_restriccion"
2014,5072,07/08/2014,"Jueves",0,06:20:00,,"0.0",2,"Automóvil,Automóvil","G.Carrasco Y Escauriza",2,1,0,0,1,0,0,,"Calle",,"ROSARIO","Rosario","Asfalto","No existe","II","S/D","Urbana","Ninguna","No existe","Intersección","Bueno","Buena","Amanecer","Buen Tiempo","De alcance","S/D","Colisión","Ninguna","Faltante","Cordón divisorio","Sin restricción"
2014,5073,04/06/2014,"Miercoles",0,,,"0.0",2,"Automóvil,Vehículo Oficial","Pte.Roca Y Viamonte",2,1,0,0,1,0,0,,"Calle",,"ROSARIO","Rosario","Asfalto","S/D","II","Dentro","Urbana","S/D","S/D","Intersección","Bueno","S/D","Nocturna","Buen Tiempo","Frontal","S/D","Colisión","S/D","S/D","S/D","S/D"
2014,5074,23/06/2014,"Lunes",0,20:30:00,,"0.0",2,"Automóvil,Camión","Av Blas Parera Y Florencio Fernandez",2,1,0,0,1,0,0,,"Calle",,"SANTA FE","La Capital","Asfalto","No existe","I","S/D","Urbana","Semáforo","Funciona","Recta","Bueno","Buena","Nocturna,Con luz artificial","Buen Tiempo","De alcance","S/D","Colisión","Ninguna","Faltante","Guardarrail","Sin restricción"
2014,5075,06/06/2014,"Viernes",0,08:20:00,,"0.0",2,"Moto/Ciclomotor,Vehículo Oficial","San Jeronimo Y Cordoba",2,1,0,0,1,0,0,,"Calle",,"SANTA FE","La Capital","Hormigón","No existe","I","Dentro","Urbana","Ninguna","No existe","Intersección","Bueno","Buena","Diurna","Buen Tiempo","Lateral","S/D","Colisión","Otro","Faltante","Ninguna","Sin restricción"
2014,5076,17/06/2014,"Martes",0,13:30:00,,"0.0",2,"Moto/Ciclomotor,Automóvil","Salvador del Carril Y Laprida",2,1,0,0,1,0,0,,"Avenida",,"SANTA FE","La Capital","Asfalto","No existe","I","Dentro","Urbana","Ninguna","No existe","Intersección","Bueno","Buena","Diurna","Buen Tiempo","Lateral","S/D","Colisión","Ninguna","S/D","Ninguna","Sin restricción"
2014,5077,22/06/2014,"Domingo",0,21:00:00,,"0.0",2,"Moto/Ciclomotor,Automóvil","Aguado Y Juan de Garay",2,1,0,0,0,0,1,,"Calle",,"SANTA FE","La Capital","Asfalto","No existe","I","Dentro","Urbana","Ninguna","No existe","Intersección","Bueno","Buena","Nocturna,Con luz artificial","Buen Tiempo","S/D","S/D","Colisión","S/D","S/D","S/D","Sin restricción"
2014,5078,11/08/2014,"Lunes",0,16:30:00,,"0.0",2,"Automóvil,Tracción animal / Carro","Jose Ingenieros Y Cullen",5,1,0,0,4,0,0,,"Calle",,"ROSARIO","Rosario","Asfalto","Pavimento","II","Dentro","Urbana","Ninguna","No existe","Recta","Bueno","Buena","Atardecer","Buen Tiempo","Atropello animal","S/D","Colisión","Otro","Faltante","Ninguna","Sin restricción"
2014,5079,19/06/2014,"Jueves",0,12:50:00,,"0.0",2,"Moto/Ciclomotor,Automóvil","Angel Cassanello Y Belgrano",2,1,0,0,1,0,0,,"Calle",,"SANTA FE","La Capital","Asfalto","No existe","I","Dentro","Urbana","Ninguna","No existe","Recta","Bueno","Reducida polvo","Diurna","Buen Tiempo","Contra objeto fijo","S/D","Otro","Ninguna","Horizontal","Ninguna","Sin restricción"
2014,5080,07/06/2014,"Sabado",0,18:00:00,,"0.0",2,"Moto/Ciclomotor,Pickup/Utilitario","Espora Y Pje Ingenieros",4,3,0,0,1,0,0,,"Calle",,"SANTA FE","La Capital","Hormigón","No existe","I","Dentro","Urbana","Ninguna","No existe","Intersección","Bueno","Buena","Diurna","Buen Tiempo","Lateral","S/D","Colisión","Otro","Faltante","Ninguna","Sin restricción"
2014,5081,20/06/2014,"Viernes",0,17:15:00,,"0.0",2,"Moto/Ciclomotor,Automóvil","Calchines Y Laprida",3,2,0,0,1,0,0,,"Calle",,"SANTA FE","La Capital","Asfalto","S/D","I","S/D","Urbana","S/D","S/D","Intersección","Bueno","S/D","Diurna","S/D","S/D","S/D","Colisión","Ninguna","S/D","S/D","S/D"
2014,5082,16/06/2014,"Lunes",0,11:10:00,,"0.0",2,"Moto/Ciclomotor,Moto/Ciclomotor","Primera Junta Y San Juan",2,1,0,0,1,0,0,,"Calle",,"SANTA FE","La Capital","S/D","S/D","I","Dentro","Urbana","S/D","S/D","S/D","S/D","S/D","Diurna","S/D","S/D","S/D","Colisión","S/D","S/D","S/D","S/D"
2014,5083,21/06/2014,"Sabado",0,12:45:00,,"0.0",2,"Moto/Ciclomotor,Pickup/Utilitario","Av Gral Paz 5700",2,1,0,0,1,0,0,,"Avenida",,"SANTA FE","La Capital","Asfalto","S/D","I","Dentro","Urbana","S/D","S/D","Recta","Bueno","Buena","Diurna","S/D","S/D","S/D","Colisión","Ninguna","S/D","S/D","S/D"
2014,5084,16/06/2014,"Lunes",0,12:45:00,,"0.0",2,"Moto/Ciclomotor,Camión","Mariano Comas Y Piedras",2,1,0,0,1,0,0,,"Calle",,"SANTA FE","La Capital","S/D","S/D","I","Dentro","Urbana","S/D","S/D","S/D","S/D","S/D","Diurna","S/D","S/D","S/D","Colisión","S/D","S/D","S/D","S/D"
2014,5085,19/06/2014,"Jueves",0,15:00:00,,"0.0",2,"Moto/Ciclomotor,Automóvil","Primera Junta Y San Juan",2,1,0,0,1,0,0,,"Calle",,"SANTA FE","La Capital","S/D","S/D","I","Dentro","Urbana","S/D","S/D","S/D","S/D","S/D","Diurna","S/D","S/D","S/D","Colisión","S/D","S/D","S/D","S/D"
2014,5086,19/06/2014,"Jueves",0,15:30:00,,"0.0",2,"Automóvil,Moto/Ciclomotor","Av Freyre Y Primera Junta",2,1,0,0,1,0,0,,"Calle",,"SANTA FE","La Capital","S/D","S/D","I","Dentro","Urbana","S/D","S/D","S/D","S/D","S/D","Diurna","S/D","S/D","S/D","Colisión","S/D","S/D","S/D","S/D"
2014,5087,20/06/2014,"Viernes",0,01:00:00,,"0.0",2,"Taxi/Remis,Moto/Ciclomotor","Gdor Crespo Y Av Urquiza",2,1,0,0,1,0,0,,"Calle",,"SANTA FE","La Capital","S/D","S/D","I","Dentro","Urbana","S/D","S/D","S/D","S/D","S/D","Nocturna","S/D","S/D","S/D","Colisión","S/D","S/D","S/D","S/D"
2014,5088,21/06/2014,"Sabado",0,15:45:00,,"0.0",2,"Moto/Ciclomotor,Automóvil","Belgrano Y Gorostiaga",2,1,0,0,1,0,0,,"Calle",,"SANTA FE","La Capital","Asfalto","S/D","I","S/D","Urbana","S/D","S/D","Intersección","Bueno","S/D","Diurna","S/D","S/D","S/D","Colisión","S/D","S/D","S/D","S/D"
2014,5089,21/06/2014,"Sabado",0,19:45:00,,"0.0",2,"Automóvil,Moto/Ciclomotor","Las Heras Y J Castelli",3,2,0,0,1,0,0,,"Calle",,"SANTA FE","La Capital","Asfalto","S/D","I","Dentro","Urbana","S/D","S/D","Intersección","S/D","S/D","Nocturna","S/D","S/D","S/D","Colisión","Ninguna","S/D","S/D","S/D"
2014,5090,25/06/2014,"Miercoles",0,19:15:00,,"0.0",2,"Peatón,Moto/Ciclomotor","Av A del Valle Y Ricardo Aldao",2,1,0,0,1,0,0,"-31.610277777778,-60.694361111111","Avenida",,"SANTA FE","La Capital","Asfalto","S/D","I","S/D","Urbana","S/D","S/D","Intersección","Bueno","Buena","Atardecer","S/D","S/D","S/D","Atropello","Ninguna","S/D","S/D","S/D"
2014,5091,18/01/2014,"Sabado",0,14:30:00,"Autopista Nacional Rosario -Cordoba","387.0",1,"Pickup/Utilitario"," ",4,3,0,0,0,1,0,"-32.799648, -61.663458","Autopista","Rosario -Cordoba","TORTUGAS","Belgrano","Asfalto","Pavimento","III","S/D","Rural","Ninguna","No existe","Recta","Bueno","Buena","Diurna","Buen Tiempo","S/D","S/D","Vuelco","Ninguna","S/D","Línea divisoria pintada","Sin restricción"
2014,5092,18/01/2014,"Sabado",0,09:50:00,,"0.0",1,"Bicicleta","Belgrano Y L de la Torre",1,0,0,0,0,1,0,"-29.464416666667,-60.212777777778","Calle",,"VERA","Vera","Asfalto","No existe","XIX","Dentro","Urbana","Ninguna","No existe","Intersección","Bueno","Buena","Diurna","Buen Tiempo","S/D","S/D","Caída ocupante","S/D","Faltante","Ninguna","Sin restricción"
2014,5093,19/01/2014,"Domingo",0,01:30:00,"Ruta Nacional 34","271.0",1,"Automóvil"," ",1,0,0,0,0,1,0,"-30.844006, -61.582984","Ruta",34,"TACURAL","Castellanos","Asfalto","S/D","V","Fuera","Rural","S/D","S/D","Recta","Bueno","S/D","Nocturna","S/D","S/D","S/D","Despiste","S/D","S/D","S/D","S/D"
2014,5094,20/01/2014,"Lunes",0,20:40:00,,"0.0",1,"Moto/Ciclomotor","Palliere Y Av. Circunvalacion",1,0,0,0,0,1,0,"-32.8875,-60.715472222222","Avenida",,"ROSARIO","Rosario","Asfalto","No existe","II","Dentro","Urbana","Ninguna","No existe","Recta","Bueno","Buena","Atardecer","Buen Tiempo","Contra objeto fijo","S/D","Colisión","Ninguna","Faltante","Guardarrail","Sin restricción"
2014,5095,25/01/2014,"Sabado",0,03:30:00,,"0.0",1,"Automóvil"," ",2,1,0,0,0,1,0,"-33.324221, -61.051159","Camino Rural",,"VILLA MUGUETA","San Lorenzo","Tierra","No existe","XVII","Fuera","Rural","Ninguna","No existe","Recta","Resbaladiza","Reducida","Nocturna","Buen Tiempo","S/D","S/D","Vuelco","Agua","Faltante","Ninguna","Sin restricción"
2014,5096,26/01/2014,"Domingo",0,09:10:00,"Ruta Nacional 33","0.0",2,"Moto/Ciclomotor,Pickup/Utilitario","Sastre Bv Y Laprida",7,6,0,0,0,1,0,"-33.018925, -60.884439","Ruta",33,"ZAVALLA","Rosario","Asfalto","Pavimento","II","Dentro","Urbana","Ninguna","No existe","Curva","S/D","Buena","Diurna","S/D","Frontal","S/D","Colisión","S/D","Horizontal","Línea divisoria pintada","Sin restricción"
2014,5097,27/01/2014,"Lunes",0,21:00:00,"Ruta Provincial 18","4.0",1,"Automóvil"," ",6,2,3,0,0,1,0,"-33.044523, -60.686594","Ruta",18,"PIÑERO","Rosario","Asfalto","Natural","II","Fuera","Urbana","Ninguna","No existe","Recta","Resbaladiza","Reducida","Nocturna","Lluvia","S/D","S/D","Vuelco","Agua","S/D","S/D","Sin restricción"
2014,5098,28/01/2014,"Martes",0,14:45:00,"Ruta Nacional 11","708.0",1,"Automóvil"," ",3,2,0,0,0,1,0,"-29.584039, -60.231362","Ruta",11,"VERA","Vera","Asfalto","Natural","XIX","Dentro","Rural","Ninguna","No existe","Curva","Bueno","Reducida","Diurna","Lluvia","S/D","S/D","Despiste","Agua","Faltante","Línea divisoria pintada","S/D"
2014,5099,30/01/2014,"Jueves",0,21:00:00,,"0.0",1,"Moto/Ciclomotor","Calle 6 Y Pasaje 7",2,1,1,0,0,0,0,"-29.114861111111,-59.662","Calle",,"AVELLANEDA","General Obligado","Asfalto","Pavimento","IX","S/D","Urbana","Ninguna","No existe","Intersección","Bueno","Buena","Nocturna","Buen Tiempo","Atropello animal","S/D","Colisión","S/D","Faltante","Ninguna","Sin restricción"
2014,5100,01/06/2014,"Domingo",0,01:30:00,,"0.0",1,"Transporte de Pasajeros Urbano (> 8 asientos)","Ayacucho ",2,1,0,0,0,0,1,,"Calle",,"SANTA FE","La Capital","S/D","S/D","I","Dentro","Urbana","S/D","S/D","Recta","S/D","S/D","Nocturna","S/D","S/D","S/D","Despiste","S/D","S/D","S/D","S/D"
2014,5101,08/08/2014,"Viernes",0,14:00:00,,"0.0",3,"Moto/Ciclomotor,Automóvil,Camión","J.J.Paso Y Mejico",4,2,0,0,0,0,2,,"Calle",,"ROSARIO","Rosario","Asfalto","S/D","II","Dentro","Urbana","S/D","No existe","Recta","Bueno","Buena","Diurna","Buen Tiempo","Múltiple","S/D","Colisión","S/D","Faltante","Ninguna","Sin restricción"
2014,5102,27/06/2014,"Viernes",0,19:45:00,,"0.0",2,"Automóvil,Moto/Ciclomotor","Guillermo Furlong Cardiff Y Piedrabuena",2,1,0,0,0,0,1,,"Calle",,"SANTA FE","La Capital","Asfalto","No existe","I","Dentro","Urbana","S/D","No existe","Recta","Con baches","Buena","Atardecer","Buen Tiempo","S/D","S/D","Colisión","S/D","Faltante","S/D","S/D"
2014,5103,26/07/2014,"Sabado",0,16:30:00,,"0.0",2,"Moto/Ciclomotor,Pickup/Utilitario","Av. Provincias Unidas Y La Paz",2,1,0,0,1,0,0,,"Avenida",,"ROSARIO","Rosario","Asfalto","No existe","II","Dentro","Urbana","Ninguna","No existe","Intersección","Bueno","Buena","Diurna","Buen Tiempo","Lateral","S/D","Colisión","Ninguna","Horizontal","Ninguna","Sin restricción"
2014,5104,26/06/2014,"Jueves",0,08:30:00,,"0.0",1,"Moto/Ciclomotor","Av Antonio L Berutti Y Bernard",2,2,0,0,0,0,0,,"Calle",,"SANTA FE","La Capital","Asfalto","S/D","I","Dentro","Urbana","S/D","No existe","Intersección","Con baches","Buena","Diurna","Buen Tiempo","S/D","S/D","S/D","S/D","S/D","S/D","S/D"
2014,5105,07/08/2014,"Jueves",0,,,"0.0",2,"Peatón,Automóvil","J.J.Paso Y Dr.Victor Cue Bis",2,0,0,0,0,0,2,,"S/D",,"ROSARIO","Rosario","Asfalto","No existe","II","S/D","S/D","Ninguna","No existe","Intersección","Bueno","Buena","Diurna","Buen Tiempo","S/D","S/D","Atropello","S/D","Faltante","S/D","Sin restricción"
2014,5106,07/06/2014,"Sabado",0,10:05:00,,"0.0",2,"Moto/Ciclomotor,Automóvil","Balcarce Y General Manuel Belgrano",2,1,0,0,1,0,0,,"Calle",,"SANTO TOMÉ","La Capital","Asfalto","No existe","I","S/D","Urbana","Ninguna","No existe","Intersección","Bueno","Buena","Diurna","Buen Tiempo","Lateral","S/D","Colisión","S/D","Faltante","Línea divisoria pintada","Sin restricción"
2014,5107,04/06/2014,"Miercoles",0,,,"0.0",2,"Automóvil,Automóvil","Ocampo Y Av. Corrientes",3,1,0,0,2,0,0,,"Calle",,"ROSARIO","Rosario","Asfalto","S/D","II","Dentro","Urbana","S/D","S/D","Recta","Bueno","Buena","S/D","Buen Tiempo","Frontal","S/D","Colisión","S/D","S/D","Ninguna","S/D"
2014,5108,09/06/2014,"Lunes",0,15:15:00,,"0.0",2,"Automóvil,Moto/Ciclomotor","Ayacucho Y Grandoli",2,1,0,0,0,0,1,,"Calle",,"SANTA FE","La Capital","Ripio","S/D","I","Dentro","Urbana","S/D","S/D","Intersección","Con baches","S/D","Diurna","Buen Tiempo","S/D","S/D","Colisión","S/D","S/D","S/D","S/D"
2014,5109,18/07/2014,"Viernes",0,17:00:00,,"0.0",2,"Peatón,Automóvil","Pje. Raffo Y Lamadrid",2,1,0,0,1,0,0,,"Calle",,"ROSARIO","Rosario","Asfalto","S/D","II","Dentro","Urbana","Ninguna","No existe","Intersección","Bueno","Buena","Atardecer","Buen Tiempo","S/D","S/D","Atropello","Ninguna","S/D","S/D","Sin restricción"
2014,5110,29/07/2014,"Martes",0,09:00:00,,"0.0",2,"Pickup/Utilitario,Automóvil","Av. Uriburu Y Av. Circunvalacion",2,2,0,0,0,0,0,,"Avenida",,"ROSARIO","Rosario","Hormigón","Pavimento","II","Dentro","Urbana","Marca Vial","No existe","Intersección","Resbaladiza","Reducida","Diurna","Niebla","Lateral","S/D","Colisión","S/D","S/D","S/D","Sin restricción"
2014,5111,18/07/2014,"Viernes",0,09:10:00,,"0.0",2,"Automóvil,Moto/Ciclomotor","Bv. Segui Y Bv. Oroño",2,1,0,0,1,0,0,,"Avenida",,"ROSARIO","Rosario","Asfalto","S/D","II","Dentro","Urbana","Semáforo","Funciona","Intersección","Bueno","Buena","Diurna","Buen Tiempo","Lateral","S/D","Colisión","Ninguna","Vertical","S/D","S/D"
2014,5112,07/06/2014,"Sabado",0,05:30:00,,"0.0",2,"Otros,Automóvil","Beruti ",2,1,0,0,0,0,1,,"Calle",,"SANTA FE","La Capital","Asfalto","S/D","I","Dentro","Urbana","S/D","S/D","Intersección","Con baches","Reducida","Amanecer","Buen Tiempo","S/D","S/D","Colisión","S/D","Faltante","S/D","S/D"
2014,5113,24/07/2014,"Jueves",0,08:00:00,,"0.0",2,"Automóvil,Camión","Av. Arijon Y Av. Bermudez",3,2,0,0,1,0,0,,"Avenida",,"ROSARIO","Rosario","Asfalto","No existe","II","Dentro","Urbana","Ninguna","No existe","Intersección","Bueno","Buena","Diurna","Otro","Otro","S/D","Colisión","Ninguna","Horizontal","Cordón divisorio","Sin restricción"
2014,5114,20/06/2014,"Viernes",0,19:45:00,,"0.0",2,"Automóvil,Automóvil","San Jose Y J J Paso",2,0,0,0,0,0,2,,"Calle",,"SANTA FE","La Capital","Asfalto","S/D","I","S/D","Urbana","S/D","S/D","Intersección","Bueno","Buena","Atardecer","Buen Tiempo","S/D","S/D","Colisión","S/D","S/D","S/D","S/D"
2014,5115,18/07/2014,"Viernes",0,23:00:00,,"0.0",2,"Automóvil,Moto/Ciclomotor","San Martin 4800",2,0,1,0,1,0,0,,"Avenida",,"ROSARIO","Rosario","Asfalto","S/D","II","Dentro","Urbana","Semáforo","Funciona","Intersección","Bueno","Buena","Nocturna,Con luz artificial","Buen Tiempo","De alcance","S/D","Colisión","S/D","Horizontal","S/D","Sin restricción"
2014,5116,25/07/2014,"Viernes",0,16:00:00,,"0.0",2,"Automóvil,Automóvil","Av. Uriburu Y Av. Circunvalacion",2,1,0,0,0,0,1,,"Avenida",,"ROSARIO","Rosario","Asfalto","Pavimento","II","Dentro","Urbana","Marca Vial","No existe","Intersección","Con baches","Buena","Diurna","Buen Tiempo","Lateral","S/D","Colisión","S/D","S/D","S/D","Sin restricción"
2014,5117,05/06/2014,"Jueves",0,13:30:00,,"0.0",2,"Otros,Bicicleta","Beruti Y Cafferata",2,1,0,0,1,0,0,"-31.583916666667,-60.732916666667","Calle",,"SANTA FE","La Capital","S/D","S/D","I","Dentro","Urbana","S/D","S/D","S/D","S/D","S/D","Diurna","Buen Tiempo","S/D","S/D","Atropello","S/D","S/D","S/D","S/D"
2014,5118,03/07/2014,"Jueves",0,13:00:00,,"0.0",2,"Moto/Ciclomotor,Automóvil","Lainez Y Laprida",3,2,0,0,1,0,0,,"Calle",,"ROSARIO","Rosario","Asfalto","No existe","II","Dentro","Urbana","Marca Vial","No existe","Intersección","Bueno","Buena","Diurna","Buen Tiempo","Lateral","S/D","Colisión","Ninguna","Horizontal","Cordón divisorio","Sin restricción"
2014,5119,03/06/2014,"Martes",0,08:30:00,,"0.0",2,"Moto/Ciclomotor,Otros","Moreno Y Av Freyre",2,0,0,0,0,0,2,,"Avenida",,"SANTA FE","La Capital","Asfalto","S/D","I","S/D","Urbana","S/D","S/D","Intersección","Bueno","Buena","Diurna","Buen Tiempo","S/D","S/D","Colisión","S/D","S/D","S/D","S/D"
2014,5120,21/07/2014,"Lunes",0,12:15:00,,"0.0",2,"Automóvil,Moto/Ciclomotor","Bv. Segui Y Sarmiento",3,1,0,0,2,0,0,,"Calle",,"ROSARIO","Rosario","Asfalto","S/D","II","Dentro","Urbana","Ninguna","No existe","Intersección","Bueno","Buena","Diurna","Buen Tiempo","De alcance","S/D","Colisión","S/D","Faltante","S/D","S/D"
2014,5121,03/06/2014,"Martes",0,,,"0.0",2,"Moto/Ciclomotor,Pickup/Utilitario","Mariano Moreno Y Bv. 27 De Febrero",2,1,0,0,1,0,0,,"Calle",,"ROSARIO","Rosario","Asfalto","S/D","II","Dentro","Urbana","Semáforo","Funciona","Intersección","Bueno","Buena","Diurna","Buen Tiempo","Lateral","S/D","Colisión","S/D","Vertical","S/D","S/D"
2014,5122,21/06/2014,"Sabado",0,16:30:00,,"0.0",2,"Moto/Ciclomotor,Pickup/Utilitario","Matienzo Y Rioja",2,1,0,0,1,0,0,,"Calle",,"ROSARIO","Rosario","Asfalto","S/D","II","Dentro","Urbana","Ninguna","S/D","Intersección","Bueno","Buena","Diurna","Buen Tiempo","Lateral","S/D","Colisión","S/D","Horizontal","Ninguna","Sin restricción"
2014,5123,22/07/2014,"Martes",0,11:00:00,,"0.0",2,"Camión,Moto/Ciclomotor","Bertole 8000",2,1,0,0,1,0,0,,"Calle",,"ROSARIO","Rosario","Asfalto","No existe","II","S/D","Urbana","Ninguna","No existe","Recta","Con baches","Buena","Diurna","Buen Tiempo","De alcance","S/D","Colisión","S/D","S/D","S/D","Sin restricción"
2014,5124,04/06/2014,"Miercoles",0,18:30:00,"Ruta Nacional 11","0.0",2,"Automóvil,Moto/Ciclomotor"," ",2,0,0,0,0,0,2,,"Ruta",11,"SANTA FE","La Capital","Asfalto","S/D","I","S/D","Urbana","S/D","S/D","Puente","Bueno","Buena","Diurna","Buen Tiempo","S/D","S/D","Colisión","S/D","S/D","S/D","S/D"
2014,5125,28/06/2014,"Sabado",0,,,"0.0",2,"Otros,Automóvil","Av Peñaloza Y Callejón El Sable",2,1,0,0,0,0,1,,"Calle",,"SANTA FE","La Capital","Ripio","S/D","I","Dentro","Urbana","Ninguna","S/D","Intersección","Bueno","Buena","Diurna","Buen Tiempo","Lateral","S/D","Colisión","S/D","Faltante","Ninguna","Sin restricción"
2014,5126,22/07/2014,"Martes",0,07:45:00,,"0.0",2,"Pickup/Utilitario,Camión","Av. Corrientes Y Bv. Segui",2,1,0,0,1,0,0,,"S/D",,"ROSARIO","Rosario","Asfalto","S/D","II","Dentro","Urbana","Ninguna","No existe","Intersección","Bueno","Buena","Diurna","Buen Tiempo","Lateral","S/D","Colisión","S/D","Faltante","S/D","Sin restricción"
2014,5127,24/06/2014,"Martes",0,14:20:00,,"0.0",2,"Otros,Automóvil","S/D ",2,1,0,0,0,0,1,,"Calle",,"SANTA FE","La Capital","Tierra","No existe","I","Dentro","Urbana","Ninguna","No existe","Intersección","Bueno","Buena","Diurna","Buen Tiempo","Lateral","S/D","Colisión","S/D","Faltante","Ninguna","Sin restricción"
2014,5128,21/07/2014,"Lunes",0,08:40:00,,"0.0",2,"Moto/Ciclomotor,Automóvil","Mejico Y Santa Fe",2,0,1,0,1,0,0,,"Calle",,"ROSARIO","Rosario","Asfalto","No existe","II","Dentro","Urbana","Marca Vial","No existe","Intersección","Bueno","Buena","Diurna","Buen Tiempo","Lateral","S/D","Colisión","S/D","Faltante","Cordón divisorio","Sin restricción"
2014,5129,20/07/2014,"Domingo",0,21:00:00,,"0.0",2,"Automóvil,Automóvil","Av. Eva Peron 7200",2,2,0,0,0,0,0,,"Avenida",,"ROSARIO","Rosario","Hormigón","No existe","II","S/D","Urbana","Semáforo","Funciona","Recta","Bueno","Buena","Nocturna","Buen Tiempo","De alcance","S/D","Colisión","S/D","S/D","S/D","Sin restricción"
2014,5130,01/07/2014,"Martes",0,20:40:00,,"0.0",2,"Automóvil,Automóvil","Virasoro Y Colon",2,2,0,0,0,0,0,,"Calle",,"ROSARIO","Rosario","Asfalto","No existe","II","Dentro","Urbana","Marca Vial","No existe","Intersección","Bueno","Buena","Nocturna,Con luz artificial","Buen Tiempo","Lateral","S/D","Colisión","Ninguna","Vertical","Línea divisoria pintada","Sin restricción"
2014,5131,22/07/2014,"Martes",0,10:40:00,,"0.0",2,"Moto/Ciclomotor,Automóvil","San Martin Y Anchorena",2,1,0,0,1,0,0,,"Avenida",,"ROSARIO","Rosario","Asfalto","S/D","II","Dentro","Urbana","Semáforo","Funciona","Intersección","Bueno","Buena","Diurna","Buen Tiempo","De alcance","S/D","Colisión","Ninguna","Horizontal","S/D","S/D"
2014,5132,05/07/2014,"Sabado",0,21:00:00,,"0.0",2,"Moto/Ciclomotor,Automóvil","Av. Battle y Ordoñez Y Paraguay",2,1,0,0,1,0,0,,"Avenida",,"ROSARIO","Rosario","Asfalto","No existe","II","Dentro","Urbana","Marca Vial","No existe","Intersección","Bueno","Buena","Nocturna,Con luz artificial","Buen Tiempo","Lateral","S/D","Colisión","Ninguna","Horizontal","Cordón divisorio","Sin restricción"
2014,5133,06/06/2014,"Viernes",0,12:00:00,"Ruta Nacional 11","0.0",2,"Automóvil,Moto/Ciclomotor"," ",2,0,0,0,0,0,2,,"Ruta",11,"SANTA FE","La Capital","Asfalto","S/D","I","S/D","Urbana","S/D","S/D","Puente","Bueno","Buena","Diurna","Buen Tiempo","S/D","S/D","Colisión","S/D","S/D","S/D","S/D"
2014,5134,17/06/2014,"Martes",0,08:45:00,,"0.0",2,"Otros,Moto/Ciclomotor","Pje Publico Y Florencio Fernandez",2,1,0,0,0,0,1,,"Calle",,"SANTA FE","La Capital","Asfalto","No existe","I","Dentro","Urbana","Ninguna","No existe","Intersección","Bueno","Buena","Diurna","Buen Tiempo","Lateral","S/D","Colisión","S/D","S/D","Ninguna","Sin restricción"
2014,5135,12/07/2014,"Sabado",0,05:45:00,,"0.0",2,"Moto/Ciclomotor,Transporte de Pasajeros Urbano (> 8 asientos)","Ituzaingo Y Ecuador",3,2,0,0,1,0,0,,"Calle",,"ROSARIO","Rosario","Asfalto","No existe","II","Dentro","Urbana","Ninguna","No existe","Intersección","Bueno","Buena","Nocturna","Buen Tiempo","Lateral","S/D","Colisión","S/D","Horizontal","Ninguna","Sin restricción"
2014,5136,16/07/2014,"Miercoles",0,08:00:00,,"0.0",2,"Automóvil,Bicicleta","AV. LAS PALMERAS Y EL JILGUERO",2,1,0,0,1,0,0,,"Calle",,"ROSARIO","Rosario","Asfalto","No existe","II","S/D","Urbana","Ninguna","No existe","Intersección","Con baches","Buena","Diurna","Buen Tiempo","S/D","S/D","Atropello","S/D","S/D","S/D","Sin restricción"
2014,5137,21/07/2014,"Lunes",0,11:00:00,,"0.0",2,"Automóvil,Automóvil","Bv. Rondeau Y Nansen",2,1,0,0,1,0,0,,"Calle",,"ROSARIO","Rosario","Asfalto","No existe","II","Dentro","Urbana","Semáforo","Funciona","Intersección","Bueno","Buena","Diurna","Buen Tiempo","Lateral","S/D","Colisión","Ninguna","S/D","Línea divisoria pintada","Sin restricción"
2014,5138,23/07/2014,"Miercoles",0,09:30:00,,"0.0",2,"Automóvil,Automóvil","Paraguay Y Mr.Ross",7,4,0,0,3,0,0,,"Calle",,"ROSARIO","Rosario","Asfalto","S/D","II","Dentro","Urbana","Ninguna","No existe","Intersección","Bueno","Buena","Diurna","Buen Tiempo","De alcance","S/D","Colisión","S/D","Faltante","S/D","Sin restricción"
2014,5139,15/06/2014,"Domingo",0,13:00:00,,"0.0",2,"Otros,Moto/Ciclomotor","Gorriti 4600",2,1,0,0,0,0,1,,"Calle",,"SANTA FE","La Capital","Asfalto","No existe","I","Dentro","Urbana","Ninguna","No existe","Recta","Bueno","Buena","Diurna","Buen Tiempo","Lateral","S/D","Colisión","S/D","Faltante","Ninguna","Sin restricción"