"anio_acci","nro_acci","fecha","desc_dia","fecha_aprox","hora_aprox","desc_ruta","km","cant_participantes","desc_participante","calle_avenida_km","total","heridos_leves","heridos_graves","heridos_gravisimos","ilesos","fallecidos","sin_datos","posicion_XY","desc_tipo_via","desc_ruta_ori","desc_loc","desc_dpto","desc_tipo_calzada","desc_tipo_banquina","desc_unidad_regional","desc_lugar_calzada","desc_zona","desc_prioridad","desc_estado_semaforo","desc_lugar_via","desc_estado_via","desc_estado_visibilidad","desc_luminosidad","desc_estado_clima","desc_tipo_colision","desc_tipo_atropello","desc_tipo_hecho","desc_pres_calzada","desc_senializacion","desc_separacion_via","desc_restriccion"
2014,5140,13/07/2014,"Domingo",0,22:00:00,,"0.0",2,"Automóvil,Moto/Ciclomotor","Irurtia 6900",2,2,0,0,0,0,0,,"Calle",,"ROSARIO","Rosario","Asfalto","No existe","II","S/D","Urbana","Ninguna","No existe","Recta","Con baches","Buena","Nocturna","Buen Tiempo","De alcance","S/D","Colisión","S/D","S/D","S/D","Sin restricción"
2014,5141,06/06/2014,"Viernes",0,23:50:00,,"0.0",2,"Automóvil,Bicicleta","Juan de Garay 3200",2,0,0,0,0,0,2,"-31.651138888889,-60.716083333333","Calle",,"SANTA FE","La Capital","Asfalto","S/D","I","S/D","Urbana","S/D","S/D","Recta","Bueno","Buena","Nocturna,Con luz artificial","Buen Tiempo","S/D","S/D","Atropello","Ninguna","S/D","S/D","Sin restricción"
2014,5142,01/07/2014,"Martes",0,02:30:00,,"0.0",2,"Taxi/Remis,Automóvil","Bv. Oroño Y Uruguay",4,2,0,0,2,0,0,,"Calle",,"ROSARIO","Rosario","Asfalto","S/D","II","Dentro","Urbana","Semáforo","Funciona","Intersección","Bueno","Buena","Nocturna,Con luz artificial","Buen Tiempo","De alcance","S/D","Colisión","S/D","Horizontal","S/D","S/D"
2014,5143,02/07/2014,"Miercoles",0,10:00:00,,"0.0",2,"Moto/Ciclomotor,Pickup/Utilitario","Laprida Y Bv. Segui",2,1,0,0,1,0,0,,"Calle",,"ROSARIO","Rosario","Asfalto","No existe","II","Dentro","Urbana","Marca Vial","No existe","Intersección","Bueno","Buena","Diurna","Buen Tiempo","Lateral","S/D","Colisión","Ninguna","Vertical","Línea divisoria pintada","Sin restricción"
2014,5145,10/07/2014,"Jueves",0,15:00:00,,"0.0",2,"Moto/Ciclomotor,Automóvil","Rivarola Y Fernandez Diaz",2,1,0,0,0,0,1,,"Calle",,"ROSARIO","Rosario","Asfalto","No existe","II","Dentro","Urbana","S/D","No existe","Intersección","Con baches","Buena","Diurna","Lluvia","Lateral","S/D","Colisión","S/D","S/D","S/D","Sin restricción"
2014,5146,07/06/2014,"Sabado",0,10:40:00,,"0.0",2,"Automóvil,Automóvil","Dr Zavalla Y Amenabar",2,0,0,0,0,0,2,,"Avenida",,"SANTA FE","La Capital","Asfalto","S/D","I","S/D","Urbana","S/D","S/D","Intersección","Bueno","Buena","Diurna","Buen Tiempo","S/D","S/D","Colisión","S/D","S/D","S/D","S/D"
2014,5147,27/07/2014,"Domingo",0,17:10:00,,"0.0",2,"Moto/Ciclomotor,Peatón","San Martin Y Centeno",3,1,1,0,1,0,0,,"Avenida",,"ROSARIO","Rosario","Asfalto","S/D","II","Dentro","Urbana","S/D","S/D","Recta","Bueno","Buena","Diurna","Buen Tiempo","S/D","S/D","Atropello","Ninguna","S/D","S/D","S/D"
2014,5148,12/06/2014,"Jueves",0,09:20:00,,"0.0",2,"Otros,Moto/Ciclomotor","Gorriti ",2,1,0,0,0,0,1,,"Calle",,"SANTA FE","La Capital","Asfalto","No existe","I","Dentro","Urbana","Ninguna","No existe","Recta","Bueno","Buena","Diurna","Buen Tiempo","Lateral","S/D","Colisión","S/D","Faltante","Ninguna","Sin restricción"
2014,5149,09/06/2014,"Lunes",0,15:35:00,"Ruta Nacional 11","0.0",2,"Moto/Ciclomotor,Bicicleta","Av Circunvalación ",2,0,0,0,0,0,2,"-31.655709840044,-60.739353178988","Ruta",11,"SANTA FE","La Capital","Asfalto","S/D","I","S/D","Urbana","S/D","S/D","Recta","Bueno","S/D","Diurna","Buen Tiempo","S/D","S/D","Atropello","S/D","S/D","S/D","S/D"
2014,5150,28/07/2014,"Lunes",0,19:30:00,,"0.0",2,"Automóvil,Automóvil","Bv. Segui Y Sarmiento",3,2,0,0,1,0,0,,"Avenida",,"ROSARIO","Rosario","Asfalto","S/D","II","Dentro","Urbana","Ninguna","No existe","Intersección","Bueno","Buena","Atardecer","Buen Tiempo","De alcance","S/D","Colisión","Ninguna","Faltante","S/D","Sin restricción"
2014,5151,01/07/2014,"Martes",0,12:00:00,,"0.0",2,"Automóvil,Moto/Ciclomotor","Av. Provincias Unidas Y Pampa",2,1,0,0,1,0,0,,"Avenida",,"ROSARIO","Rosario","Asfalto","No existe","II","Dentro","Urbana","Marca Vial","No existe","Intersección","Bueno","Buena","Diurna","Buen Tiempo","Lateral","S/D","Colisión","S/D","Faltante","Cordón divisorio","Sin restricción"
2014,5152,01/07/2014,"Martes",0,10:50:00,,"0.0",2,"Automóvil,Moto/Ciclomotor","Bv. Oroño Y Garibaldi",3,2,0,0,1,0,0,,"Avenida",,"ROSARIO","Rosario","Asfalto","S/D","II","Dentro","Urbana","Semáforo","S/D","Intersección","Bueno","S/D","Diurna","Buen Tiempo","De alcance","S/D","Colisión","Ninguna","Horizontal","S/D","Sin restricción"
2014,5153,07/07/2014,"Lunes",0,,,"0.0",2,"Automóvil,Transporte de Pasajeros Urbano (> 8 asientos)","Av. Circunvalacion Y Av. Uriburu",2,1,0,0,1,0,0,,"Avenida",,"ROSARIO","Rosario","Hormigón","No existe","II","S/D","S/D","Marca Vial","No existe","Intersección","Resbaladiza","Buena","Diurna","Buen Tiempo","Lateral","S/D","Colisión","S/D","S/D","S/D","Sin restricción"
2014,5154,10/06/2014,"Martes",0,12:45:00,,"0.0",2,"Automóvil,Automóvil","Av Freyre Y Monseñor Zaspe",2,0,0,0,0,0,2,,"Avenida",,"SANTA FE","La Capital","Asfalto","S/D","I","S/D","Urbana","S/D","S/D","Intersección","Bueno","Buena","Diurna","Buen Tiempo","S/D","S/D","Colisión","S/D","S/D","S/D","S/D"
2014,5155,03/07/2014,"Jueves",0,06:30:00,,"0.0",2,"Automóvil,Automóvil","Necochea Y Amenabar",2,2,0,0,0,0,0,,"Calle",,"ROSARIO","Rosario","Asfalto","No existe","II","Dentro","Urbana","Marca Vial","No existe","Intersección","Bueno","Buena","Amanecer","Buen Tiempo","Lateral","S/D","Colisión","Ninguna","Vertical","Línea divisoria pintada","Sin restricción"
2014,5156,07/06/2014,"Sabado",0,15:10:00,,"0.0",2,"Otros,Moto/Ciclomotor","Callejon Funes Y Pje Publico",2,1,0,0,0,0,1,,"Calle",,"SANTA FE","La Capital","Tierra","No existe","I","Dentro","Urbana","Ninguna","No existe","Intersección","Ahuellamiento","Buena","Diurna","Buen Tiempo","Lateral","S/D","Colisión","S/D","Faltante","Ninguna","Sin restricción"
2014,5157,29/07/2014,"Martes",0,12:00:00,,"0.0",2,"Peatón,Moto/Ciclomotor","Bv. Segui Y Callao",2,1,0,0,1,0,0,,"Calle",,"ROSARIO","Rosario","Asfalto","S/D","II","Dentro","Urbana","Ninguna","No existe","Intersección","Bueno","Buena","Diurna","Buen Tiempo","S/D","S/D","Atropello","Ninguna","Faltante","S/D","Sin restricción"
2014,5158,10/06/2014,"Martes",0,12:50:00,,"0.0",2,"Automóvil,Peatón","Moreno Y Av Freyre",2,0,0,0,0,0,2,"-31.65275,-60.720722222222","Avenida",,"SANTA FE","La Capital","Asfalto","S/D","I","S/D","Urbana","S/D","S/D","Intersección","Bueno","S/D","S/D","Buen Tiempo","S/D","S/D","Atropello","S/D","S/D","S/D","S/D"
2014,5159,05/06/2014,"Jueves",0,12:00:00,,"0.0",2,"Otros,Moto/Ciclomotor","Gorriti Y Azopardo",2,1,0,0,0,0,1,,"Calle",,"SANTA FE","La Capital","Asfalto","No existe","I","Dentro","Urbana","Ninguna","No existe","Intersección","Bueno","Buena","Diurna","Buen Tiempo","Lateral","S/D","Colisión","S/D","Faltante","Ninguna","Sin restricción"
2014,5160,04/07/2014,"Viernes",0,12:00:00,,"0.0",2,"Peatón,Moto/Ciclomotor","Calle 1717 Y Calle 1710",2,2,0,0,0,0,0,,"S/D",,"ROSARIO","Rosario","Asfalto","No existe","II","S/D","Urbana","Ninguna","No existe","Intersección","Con baches","Buena","Diurna","Buen Tiempo","S/D","S/D","Atropello","S/D","S/D","S/D","Sin restricción"
2014,5161,27/07/2014,"Domingo",0,22:35:00,,"0.0",2,"Automóvil,Moto/Ciclomotor","Roullon Y Viamonte",3,1,0,0,2,0,0,,"Calle",,"ROSARIO","Rosario","Asfalto","No existe","II","Dentro","Urbana","Marca Vial","No existe","Intersección","Bueno","Buena","Nocturna","Buen Tiempo","Lateral","S/D","Colisión","S/D","Faltante","Cordón divisorio","Sin restricción"
2014,5162,29/07/2014,"Martes",0,14:30:00,,"0.0",2,"Automóvil,Moto/Ciclomotor","Av. Corrientes Y Bv. Segui",4,2,0,0,0,0,2,,"Calle",,"ROSARIO","Rosario","Asfalto","S/D","II","Dentro","Urbana","Ninguna","No existe","Intersección","Bueno","Buena","Diurna","Buen Tiempo","De alcance","S/D","Colisión","Ninguna","Faltante","S/D","Sin restricción"
2014,5163,21/07/2014,"Lunes",0,11:40:00,,"0.0",2,"Automóvil,Pickup/Utilitario","Bv. Oroño Y Catamarca",2,1,0,0,1,0,0,,"Calle",,"ROSARIO","Rosario","Asfalto","S/D","II","Dentro","Urbana","Ninguna","No existe","Intersección","Bueno","Buena","Diurna","Buen Tiempo","S/D","S/D","S/D","S/D","Faltante","S/D","Sin restricción"
2014,5164,02/07/2014,"Miercoles",0,17:35:00,,"0.0",2,"Automóvil,Peatón","San Martin Y Juan Canals",2,1,0,0,1,0,0,,"Avenida",,"ROSARIO","Rosario","Asfalto","S/D","II","Dentro","Urbana","Ninguna","No existe","Recta","Bueno","Buena","Diurna","Buen Tiempo","S/D","S/D","Atropello","S/D","S/D","S/D","Sin restricción"
2014,5165,02/07/2014,"Miercoles",0,10:00:00,,"0.0",2,"Automóvil,Moto/Ciclomotor","Av. De Las Palmeras Y Dean Funes",2,2,0,0,0,0,0,,"Avenida",,"ROSARIO","Rosario","Asfalto","No existe","II","S/D","Urbana","Ninguna","No existe","Intersección","Con baches","Buena","Diurna","Buen Tiempo","Lateral","S/D","Colisión","S/D","S/D","S/D","Sin restricción"
2014,5166,04/07/2014,"Viernes",0,09:00:00,,"0.0",2,"Moto/Ciclomotor,Automóvil","Garay Y Ayacucho",2,1,0,0,1,0,0,,"Calle",,"ROSARIO","Rosario","Asfalto","No existe","II","Dentro","Urbana","Marca Vial","No existe","Intersección","Bueno","Buena","Diurna","Buen Tiempo","Lateral","S/D","Colisión","Ninguna","Vertical","Línea divisoria pintada","Sin restricción"
2014,5167,21/06/2014,"Sabado",0,16:00:00,,"0.0",2,"Pickup/Utilitario,Moto/Ciclomotor","Av Peñaloza Y J Castelli",3,2,0,0,0,0,1,,"Calle",,"SANTA FE","La Capital","Asfalto","Pavimento","I","Dentro","Urbana","S/D","Funciona","Intersección","Bueno","Buena","Diurna","Buen Tiempo","Lateral","S/D","Colisión","S/D","S/D","Barrera de hormigón","Sin restricción"
2014,5168,31/07/2014,"Jueves",0,10:40:00,,"0.0",2,"Automóvil,Moto/Ciclomotor","Vera Mujica Y 9 De Julio",2,1,0,0,1,0,0,,"Calle",,"ROSARIO","Rosario","Asfalto","No existe","II","S/D","Urbana","S/D","S/D","Intersección","Bueno","Buena","Diurna","Buen Tiempo","S/D","S/D","Colisión","Ninguna","Horizontal","S/D","Sin restricción"
2014,5169,10/06/2014,"Martes",0,15:10:00,,"0.0",2,"Moto/Ciclomotor,Automóvil","Av Gral Lopez Y Roque Saenz Peña",2,0,0,0,0,0,2,,"Avenida",,"SANTA FE","La Capital","Asfalto","S/D","I","S/D","Urbana","S/D","S/D","Intersección","Bueno","S/D","Diurna","Buen Tiempo","S/D","S/D","Colisión","S/D","S/D","S/D","S/D"
2014,5170,02/07/2014,"Miercoles",0,01:25:00,,"0.0",2,"Moto/Ciclomotor,Automóvil","San Martin Y Av. Battle y Ordoñez",2,1,0,0,1,0,0,,"Avenida",,"ROSARIO","Rosario","Asfalto","No existe","II","Dentro","Urbana","Semáforo","Funciona","Rotonda","Bueno","Buena","Nocturna,Con luz artificial","Buen Tiempo","Lateral","S/D","Colisión","Ninguna","Vertical","Cordón divisorio","Sin restricción"
2014,5171,03/07/2014,"Jueves",0,18:00:00,,"0.0",2,"Pickup/Utilitario,Moto/Ciclomotor","Entre Rios Y Bv. Segui",2,1,0,0,1,0,0,,"Avenida",,"ROSARIO","Rosario","Asfalto","S/D","II","Dentro","Urbana","Ninguna","No existe","Intersección","Bueno","Buena","Atardecer","Buen Tiempo","De alcance","S/D","Colisión","S/D","S/D","S/D","Sin restricción"
2014,5172,01/07/2014,"Martes",0,10:45:00,,"0.0",1,"Transporte de Pasajeros Larga Distancia (> 8 asientos)","Pte.Roca Y Urquiza",2,1,0,0,0,0,1,,"Calle",,"ROSARIO","Rosario","Asfalto","S/D","II","Dentro","Urbana","Ninguna","No existe","Intersección","Bueno","S/D","Diurna","Buen Tiempo","S/D","S/D","Caída ocupante","S/D","Faltante","Ninguna","Sin restricción"
2014,5173,14/06/2014,"Sabado",0,12:15:00,,"0.0",2,"Automóvil,Moto/Ciclomotor","Independencia Y Alvear",2,1,0,0,0,0,1,,"Calle",,"SANTA FE","La Capital","Asfalto","No existe","I","Dentro","Urbana","S/D","No existe","Intersección","Bueno","Buena","Diurna","Buen Tiempo","S/D","S/D","Colisión","S/D","S/D","S/D","S/D"
2014,5174,24/07/2014,"Jueves",0,19:10:00,,"0.0",2,"Automóvil,Moto/Ciclomotor","Los Aromos Y El Jilguero",2,1,0,0,1,0,0,,"Calle",,"PEREZ","Rosario","Asfalto","S/D","II","Dentro","Urbana","Ninguna","No existe","Intersección","Bueno","Buena","Atardecer,Con luz artificial","Buen Tiempo","Lateral","S/D","Colisión","S/D","Faltante","S/D","Sin restricción"
2014,5175,06/07/2014,"Domingo",0,15:00:00,,"0.0",2,"Moto/Ciclomotor,Pickup/Utilitario","Ayacucho Y Virasoro",2,1,0,0,1,0,0,,"Calle",,"ROSARIO","Rosario","Asfalto","No existe","II","Dentro","Urbana","Marca Vial","S/D","Intersección","Bueno","Buena","Diurna","Buen Tiempo","Lateral","S/D","Colisión","Ninguna","Vertical","Línea divisoria pintada","Sin restricción"
2014,5176,25/07/2014,"Viernes",0,19:50:00,,"0.0",2,"Automóvil,Automóvil","Av. Eva Peron Y Pje. Cuba",2,1,0,0,1,0,0,,"Calle",,"ROSARIO","Rosario","Asfalto","No existe","II","Dentro","Urbana","Semáforo","Funciona","Intersección","Bueno","Buena","Diurna","Buen Tiempo","Lateral","S/D","Colisión","S/D","Vertical","Ninguna","Sin restricción"
2014,5177,29/07/2014,"Martes",0,16:50:00,,"0.0",2,"Automóvil,Moto/Ciclomotor","3 De Febrero Y Crespo",3,2,0,0,1,0,0,,"Calle",,"ROSARIO","Rosario","Asfalto","No existe","II","S/D","Urbana","S/D","S/D","Intersección","Bueno","Buena","Diurna","Buen Tiempo","Lateral","S/D","Colisión","Ninguna","Horizontal","S/D","Sin restricción"
2014,5178,04/07/2014,"Viernes",0,09:30:00,,"0.0",2,"Camión,Moto/Ciclomotor","Av. Uriburu Y Santiago",3,2,0,0,1,0,0,,"Avenida",,"ROSARIO","Rosario","Asfalto","S/D","II","Dentro","Urbana","Ninguna","No existe","Intersección","Bueno","Buena","Diurna","Buen Tiempo","De alcance","S/D","Colisión","S/D","S/D","S/D","Sin restricción"
2014,5179,27/07/2014,"Domingo",0,12:30:00,,"0.0",2,"Automóvil,Moto/Ciclomotor","Mariano Moreno Y Gaboto",3,1,0,0,2,0,0,,"Calle",,"ROSARIO","Rosario","Asfalto","No existe","II","Dentro","Urbana","Ninguna","No existe","Intersección","Bueno","Buena","Diurna","Buen Tiempo","De alcance","S/D","Colisión","Ninguna","Faltante","Ninguna","Sin restricción"
2014,5180,07/07/2014,"Lunes",0,20:00:00,,"0.0",2,"Moto/Ciclomotor,Automóvil","Sarmiento Y Chacabuco",2,0,1,0,1,0,0,,"Calle",,"ZAVALLA","Rosario","Ripio","No existe","II","Dentro","Urbana","Ninguna","No existe","Intersección","Bueno","Buena","Nocturna,Con luz artificial","Buen Tiempo","Lateral","S/D","Colisión","S/D","Faltante","Ninguna","Sin restricción"
2014,5181,09/07/2014,"Miercoles",0,21:00:00,,"0.0",3,"Automóvil,Automóvil,Camión","Av. Del Huerto 1000",3,1,0,0,0,0,2,,"Calle",,"ROSARIO","Rosario","Asfalto","S/D","II","Dentro","Urbana","Ninguna","S/D","Recta","Bueno","Buena","Nocturna","Buen Tiempo","Múltiple","S/D","Colisión","S/D","S/D","S/D","Sin restricción"
2014,5182,02/06/2014,"Lunes",0,13:54:00,,"0.0",2,"Bicicleta,Automóvil","Alvear 3800",2,1,0,0,1,0,0,"-31.634166666667,-60.695722222222","Calle",,"SANTA FE","La Capital","Asfalto","S/D","I","Dentro","Urbana","S/D","No existe","Recta","Deteriorada","S/D","Diurna","S/D","Lateral","S/D","Colisión","S/D","S/D","Ninguna","S/D"
2014,5183,09/07/2014,"Miercoles",0,18:15:00,,"0.0",2,"Automóvil,Moto/Ciclomotor","La Paz Y Ecuador",4,3,0,0,1,0,0,,"Calle",,"ROSARIO","Rosario","Asfalto","No existe","II","Dentro","Urbana","Marca Vial","No existe","Intersección","Bueno","Buena","Diurna","Buen Tiempo","Lateral","S/D","Colisión","Otro","Faltante","Cordón divisorio","Sin restricción"
2014,5184,04/07/2014,"Viernes",0,00:00:00,,"0.0",2,"Moto/Ciclomotor,Automóvil","Necochea Y Amenabar",2,1,0,0,1,0,0,,"Calle",,"ROSARIO","Rosario","Asfalto","No existe","II","Dentro","Urbana","Marca Vial","No existe","Intersección","Bueno","Buena","Nocturna,Con luz artificial","Buen Tiempo","Lateral","S/D","Colisión","Ninguna","Faltante","Línea divisoria pintada","Sin restricción"
2014,5185,28/07/2014,"Lunes",0,09:10:00,,"0.0",2,"Camión,Moto/Ciclomotor","Gutenberg Y Av. Pellegrini",2,1,0,0,1,0,0,,"Avenida",,"ROSARIO","Rosario","Asfalto","No existe","II","S/D","Urbana","S/D","S/D","Intersección","Bueno","Buena","Diurna","Buen Tiempo","Lateral","S/D","Colisión","Ninguna","Horizontal","S/D","Sin restricción"
2014,5186,12/06/2014,"Jueves",0,08:40:00,,"0.0",2,"Pickup/Utilitario,Moto/Ciclomotor","San Jose 7798",2,1,0,0,1,0,0,,"Calle",,"SANTA FE","La Capital","Tierra","No existe","I","Dentro","Urbana","Ninguna","No existe","S/D","S/D","S/D","Amanecer","Buen Tiempo","Lateral","S/D","Colisión","S/D","S/D","S/D","Sin restricción"
2014,5187,07/07/2014,"Lunes",0,18:00:00,,"0.0",2,"Moto/Ciclomotor,Automóvil","Paraguay Y Madre Cabrini",2,0,1,0,1,0,0,,"Calle",,"ROSARIO","Rosario","Asfalto","No existe","II","Dentro","Urbana","Ninguna","No existe","Intersección","Deteriorada","Buena","Atardecer","Otro","Otro","S/D","Colisión","Ninguna","Horizontal","Cordón divisorio","Sin restricción"
2014,5188,06/07/2014,"Domingo",0,10:25:00,,"0.0",2,"Moto/Ciclomotor,Automóvil","Av. Corrientes Y Biedma",3,2,0,0,1,0,0,,"Calle",,"ROSARIO","Rosario","Asfalto","S/D","II","Dentro","Urbana","Ninguna","No existe","Intersección","Bueno","Buena","Diurna","Buen Tiempo","De alcance","S/D","Colisión","S/D","S/D","S/D","Sin restricción"
2014,5189,25/07/2014,"Viernes",0,17:20:00,"Ruta Nacional A012","0.0",2,"Automóvil,Automóvil"," ",2,1,0,0,1,0,0,,"Ruta","A012","ZAVALLA","Rosario","Asfalto","Natural","II","Dentro","Rural","Ninguna","No existe","Recta","Bueno","Buena","Diurna","Buen Tiempo","Lateral","S/D","Colisión","S/D","Horizontal","Línea divisoria pintada","Sin restricción"
2014,5190,20/07/2014,"Domingo",0,15:45:00,,"0.0",2,"Automóvil,Automóvil","Paraguay Y 3 De Febrero",4,1,0,0,3,0,0,,"Calle",,"ROSARIO","Rosario","Asfalto","S/D","II","Dentro","Urbana","Ninguna","No existe","Intersección","Bueno","Buena","Diurna","Buen Tiempo","Lateral","S/D","Colisión","S/D","Faltante","Cordón divisorio","Sin restricción"
2014,5191,11/06/2014,"Miercoles",0,18:15:00,,"0.0",2,"Moto/Ciclomotor,Taxi/Remis","Maipu Y Republica de Siria",2,1,0,0,0,0,1,,"S/D",,"SANTA FE","La Capital","Asfalto","No existe","I","S/D","S/D","S/D","No existe","Intersección","Deteriorada","S/D","Atardecer","S/D","Lateral","S/D","Colisión","S/D","S/D","S/D","S/D"
2014,5192,13/07/2014,"Domingo",0,00:45:00,,"0.0",2,"Bicicleta,Automóvil","Av. Provincias Unidas Y Derqui",2,1,0,0,1,0,0,,"Avenida",,"ROSARIO","Rosario","Asfalto","No existe","II","Dentro","Urbana","Semáforo","Funciona","Intersección","Bueno","Buena","Nocturna,Con luz artificial","Buen Tiempo","S/D","S/D","Atropello","S/D","Horizontal","Cordón divisorio","Sin restricción"
2014,5193,24/07/2014,"Jueves",0,21:30:00,,"0.0",2,"Automóvil,Moto/Ciclomotor","9 De Julio Y Bv. Avellaneda",2,1,0,0,1,0,0,,"Calle",,"ROSARIO","Rosario","Asfalto","No existe","II","S/D","Urbana","S/D","S/D","Intersección","Bueno","Buena","Nocturna","Buen Tiempo","Lateral","S/D","Colisión","Ninguna","S/D","S/D","Sin restricción"
2014,5194,08/07/2014,"Martes",0,15:55:00,,"0.0",2,"Automóvil,Moto/Ciclomotor","Av. Pellegrini 1000",2,1,0,0,1,0,0,,"Calle",,"ROSARIO","Rosario","Asfalto","S/D","II","Dentro","Urbana","Ninguna","No existe","Recta","Bueno","Buena","Diurna","Buen Tiempo","Frontal","S/D","Colisión","S/D","Faltante","Cordón divisorio","Sin restricción"
2014,5195,18/06/2014,"Miercoles",0,21:15:00,,"0.0",2,"Moto/Ciclomotor,Automóvil","Av Blas Parera Y Espora",2,1,0,0,1,0,0,,"Calle",,"SANTA FE","La Capital","Asfalto","No existe","I","Dentro","Urbana","Ninguna","No existe","Intersección","Bueno","Buena","Nocturna","Buen Tiempo","Lateral","S/D","Colisión","S/D","Horizontal","Ninguna","Sin restricción"
2014,5196,07/07/2014,"Lunes",0,09:25:00,,"0.0",2,"Automóvil,Moto/Ciclomotor","Av. Corrientes 3800",2,1,0,0,1,0,0,,"Avenida",,"ROSARIO","Rosario","Asfalto","S/D","II","Dentro","Urbana","Ninguna","No existe","Intersección","Bueno","Buena","Diurna","Buen Tiempo","De alcance","S/D","Colisión","S/D","Faltante","S/D","Sin restricción"
2014,5197,03/06/2014,"Martes",0,09:45:00,,"0.0",2,"Automóvil,Moto/Ciclomotor","Bv Galvez Y Laprida",2,1,0,0,0,0,1,,"Avenida",,"SANTA FE","La Capital","S/D","S/D","I","S/D","S/D","S/D","S/D","S/D","S/D","S/D","Diurna","S/D","S/D","S/D","Colisión","S/D","S/D","S/D","S/D"
2014,5198,17/07/2014,"Jueves",0,14:30:00,,"0.0",2,"Peatón,Taxi/Remis","Cordoba Y Sarmiento",2,1,0,0,1,0,0,,"Calle",,"ROSARIO","Rosario","Asfalto","S/D","II","Dentro","Urbana","Paso Peatonal","No existe","Intersección","Bueno","Buena","Diurna","Buen Tiempo","S/D","S/D","Atropello","S/D","Horizontal","Cordón divisorio","S/D"
2014,5199,07/07/2014,"Lunes",0,13:00:00,,"0.0",2,"Automóvil,Moto/Ciclomotor","Rioja Y Pte.Roca",2,1,0,0,1,0,0,,"Calle",,"ROSARIO","Rosario","Asfalto","S/D","II","Dentro","Urbana","Ninguna","No existe","Intersección","Bueno","Buena","Diurna","Buen Tiempo","Lateral","S/D","Colisión","S/D","Faltante","Cordón divisorio","Sin restricción"
2014,5200,05/07/2014,"Sabado",0,09:00:00,,"0.0",2,"Moto/Ciclomotor,Pickup/Utilitario","Saavedra Y Laprida",2,1,0,0,1,0,0,,"Calle",,"ROSARIO","Rosario","Asfalto","No existe","II","Dentro","Urbana","Marca Vial","No existe","Intersección","Bueno","Buena","Diurna","Buen Tiempo","Lateral","S/D","Colisión","Ninguna","Vertical","Línea divisoria pintada","Sin restricción"
2014,5201,27/07/2014,"Domingo",0,19:45:00,,"0.0",1,"Moto/Ciclomotor","Av San Sebastian 2240",2,2,0,0,0,0,0,,"Calle",,"PEREZ","Rosario","S/D","No existe","II","Dentro","Urbana","Ninguna","No existe","Recta","S/D","Buena","Nocturna","S/D","Contra objeto fijo","S/D","Colisión","S/D","Faltante","Ninguna","Sin restricción"
2014,5202,23/07/2014,"Miercoles",0,07:30:00,,"0.0",2,"Automóvil,Automóvil","Av. Eva Peron Y Parana",3,1,0,0,2,0,0,,"Avenida",,"ROSARIO","Rosario","Asfalto","No existe","II","S/D","Urbana","S/D","Funciona","Intersección","Bueno","Buena","Diurna","Buen Tiempo","De alcance","S/D","Colisión","Ninguna","Horizontal","S/D","Sin restricción"
2014,5203,05/07/2014,"Sabado",0,20:30:00,,"0.0",2,"Moto/Ciclomotor,Moto/Ciclomotor","Dorrego 1300",2,1,0,0,1,0,0,,"Calle",,"ROSARIO","Rosario","Asfalto","S/D","II","Dentro","Urbana","Ninguna","No existe","Recta","Bueno","Reducida","Nocturna,Con luz artificial","Buen Tiempo","Frontal","S/D","Colisión","S/D","Faltante","Cordón divisorio","Sin restricción"
2014,5204,25/07/2014,"Viernes",0,19:45:00,,"0.0",2,"Moto/Ciclomotor,Automóvil","Jolly Medrano Y Dr Borzone",2,1,0,0,1,0,0,,"Calle",,"PEREZ","Rosario","S/D","No existe","II","Dentro","Urbana","S/D","No existe","Intersección","S/D","S/D","Nocturna","S/D","Lateral","S/D","Colisión","S/D","S/D","S/D","Sin restricción"
2014,5205,30/07/2014,"Miercoles",0,12:00:00,,"0.0",2,"Peatón,Pickup/Utilitario","Mitre Y San Juan",2,1,0,0,1,0,0,,"Calle",,"ROSARIO","Rosario","Asfalto","S/D","II","Dentro","Urbana","Ninguna","No existe","Recta","Bueno","Buena","Diurna","Buen Tiempo","S/D","S/D","Atropello","S/D","Faltante","Cordón divisorio","Sin restricción"
2014,5206,05/07/2014,"Sabado",0,09:00:00,,"0.0",2,"Moto/Ciclomotor,Pickup/Utilitario"," ",2,1,0,0,1,0,0,,"Avenida",,"ROSARIO","Rosario","Asfalto","No existe","II","Dentro","Urbana","Semáforo","Funciona","Intersección","Bueno","Buena","Diurna","Buen Tiempo","Lateral","S/D","Colisión","S/D","S/D","Línea divisoria pintada","Sin restricción"
2014,5207,12/06/2014,"Jueves",0,12:00:00,,"0.0",2,"Automóvil,Moto/Ciclomotor","Corrientes Y San Jose",3,0,0,0,0,0,3,,"Calle",,"SANTA FE","La Capital","Asfalto","S/D","I","S/D","Urbana","S/D","S/D","Intersección","Bueno","S/D","Diurna","Buen Tiempo","S/D","S/D","Colisión","S/D","S/D","S/D","S/D"