"anio_acci","nro_acci","fecha","desc_dia","fecha_aprox","hora_aprox","desc_ruta","km","cant_participantes","desc_participante","calle_avenida_km","total","heridos_leves","heridos_graves","heridos_gravisimos","ilesos","fallecidos","sin_datos","posicion_XY","desc_tipo_via","desc_ruta_ori","desc_loc","desc_dpto","desc_tipo_calzada","desc_tipo_banquina","desc_unidad_regional","desc_lugar_calzada","desc_zona","desc_prioridad","desc_estado_semaforo","desc_lugar_via","desc_estado_via","desc_estado_visibilidad","desc_luminosidad","desc_estado_clima","desc_tipo_colision","desc_tipo_atropello","desc_tipo_hecho","desc_pres_calzada","desc_senializacion","desc_separacion_via","desc_restriccion"
2014,5208,07/07/2014,"Lunes",0,10:00:00,,"0.0",2,"Moto/Ciclomotor,Automóvil","3 De Febrero 2300",3,2,0,0,1,0,0,,"Calle",,"ROSARIO","Rosario","Asfalto","S/D","II","Dentro","Urbana","Ninguna","No existe","Recta","Bueno","Buena","Diurna","Buen Tiempo","Frontal","S/D","Colisión","S/D","Faltante","Cordón divisorio","Sin restricción"
2014,5209,20/06/2014,"Viernes",0,21:40:00,,"0.0",2,"Peatón,Moto/Ciclomotor","Av Peñaloza ",2,1,0,1,0,0,0,"-31.615410380424,-60.713285245337","Calle",,"SANTA FE","La Capital","Asfalto","Pavimento","I","Dentro","Urbana","Ninguna","No existe","Intersección","Bueno","Buena","Nocturna,Con luz artificial","Buen Tiempo","S/D","S/D","Atropello","S/D","Horizontal","Barrera de hormigón","Sin restricción"
2014,5210,24/07/2014,"Jueves",0,21:00:00,,"0.0",2,"Pickup/Utilitario,Taxi/Remis","Pte.Roca Y San Luis",2,1,0,0,1,0,0,,"Calle",,"ROSARIO","Rosario","Asfalto","S/D","II","Dentro","Urbana","Ninguna","S/D","Intersección","Bueno","Buena","Nocturna,Con luz artificial","Buen Tiempo","Lateral","S/D","Colisión","S/D","Faltante","Cordón divisorio","Sin restricción"
2014,5211,21/06/2014,"Sabado",0,,,"0.0",2,"Automóvil,Automóvil","Balcarce Y Bv. 27 De Febrero",3,2,0,0,1,0,0,,"Avenida",,"ROSARIO","Rosario","Asfalto","S/D","II","S/D","Urbana","S/D","S/D","Recta","Bueno","Buena","Diurna","Buen Tiempo","Frontal","S/D","Colisión","S/D","S/D","S/D","S/D"
2014,5212,24/07/2014,"Jueves",0,11:15:00,,"0.0",2,"Peatón,Automóvil","Italia 700",2,1,0,0,0,0,1,,"Calle",,"ROSARIO","Rosario","Asfalto","S/D","II","Dentro","Urbana","Ninguna","No existe","Recta","Bueno","Buena","Diurna","Buen Tiempo","S/D","S/D","Atropello","S/D","Faltante","Cordón divisorio","Sin restricción"
2014,5213,18/07/2014,"Viernes",0,12:00:00,,"0.0",2,"Moto/Ciclomotor,Camión","Av. Ovidio Lagos Y 24 De Setiembre",3,1,0,1,1,0,0,,"Avenida",,"ROSARIO","Rosario","Asfalto","No existe","II","S/D","Urbana","Semáforo","Funciona","Intersección","Bueno","Buena","Diurna","Buen Tiempo","S/D","S/D","Colisión","Ninguna","Faltante","Cordón divisorio","Sin restricción"
2014,5214,06/07/2014,"Domingo",0,18:00:00,,"0.0",2,"Moto/Ciclomotor,Automóvil","1 de Mayo Y Garay",2,1,0,0,1,0,0,,"Calle",,"ROSARIO","Rosario","Asfalto","No existe","II","Dentro","Urbana","Marca Vial","No existe","Intersección","Bueno","Buena","Atardecer","Buen Tiempo","Lateral","S/D","Colisión","Ninguna","Vertical","Línea divisoria pintada","Sin restricción"
2014,5215,23/07/2014,"Miercoles",0,19:30:00,,"0.0",2,"Automóvil,Moto/Ciclomotor","Pascual Rosas Y San Juan",2,1,0,0,1,0,0,,"Calle",,"ROSARIO","Rosario","Asfalto","No existe","II","S/D","Urbana","S/D","S/D","Intersección","Bueno","Buena","Atardecer","Buen Tiempo","Lateral","S/D","Colisión","Ninguna","Horizontal","S/D","Sin restricción"
2014,5216,23/07/2014,"Miercoles",0,08:40:00,,"0.0",2,"Automóvil,Moto/Ciclomotor","Montevideo Y Suipacha",2,1,0,0,1,0,0,,"Calle",,"ROSARIO","Rosario","Asfalto","No existe","II","S/D","Urbana","S/D","S/D","Intersección","Bueno","Buena","Diurna","Buen Tiempo","Lateral","S/D","Colisión","Ninguna","Horizontal","S/D","Sin restricción"
2014,5217,20/06/2014,"Viernes",0,,,"0.0",2,"Moto/Ciclomotor,Automóvil","Dorrego Y Virasoro",3,1,0,0,2,0,0,,"Calle",,"ROSARIO","Rosario","Asfalto","S/D","II","S/D","Urbana","S/D","S/D","Recta","Bueno","S/D","S/D","Buen Tiempo","Frontal","S/D","Colisión","S/D","S/D","S/D","S/D"
2014,5218,25/07/2014,"Viernes",0,19:40:00,"Ruta Nacional 33","0.0",2,"Moto/Ciclomotor,Automóvil"," ",2,1,0,0,1,0,0,,"Ruta",33,"PEREZ","Rosario","S/D","No existe","II","Dentro","Urbana","Ninguna","No existe","Intersección","S/D","Buena","Nocturna","S/D","Lateral","S/D","Colisión","S/D","Faltante","Línea divisoria pintada","Sin restricción"
2014,5219,07/07/2014,"Lunes",0,19:20:00,,"0.0",2,"Taxi/Remis,Moto/Ciclomotor","Entre Rios Y Mr.Ross",2,1,0,0,1,0,0,,"Calle",,"ROSARIO","Rosario","Asfalto","S/D","II","Dentro","Urbana","Ninguna","No existe","Intersección","Bueno","Buena","Atardecer","Buen Tiempo","De alcance","S/D","Colisión","S/D","Faltante","S/D","Sin restricción"
2014,5220,26/07/2014,"Sabado",0,22:00:00,,"0.0",2,"Moto/Ciclomotor,Automóvil","Pte.Roca Y 9 De Julio",3,2,0,0,1,0,0,,"Calle",,"ROSARIO","Rosario","Asfalto","S/D","II","Dentro","Urbana","S/D","No existe","Intersección","Bueno","Buena","Nocturna,Con luz artificial","Buen Tiempo","Lateral","S/D","Colisión","S/D","Faltante","Cordón divisorio","Sin restricción"
2014,5221,11/06/2014,"Miercoles",0,11:00:00,,"0.0",2,"Pickup/Utilitario,Moto/Ciclomotor","Gorriti Y Gdor Luciano Leiva",2,1,0,0,0,0,1,,"Calle",,"SANTA FE","La Capital","Asfalto","Pavimento","I","Dentro","Urbana","Ninguna","No existe","Intersección","Bueno","Buena","Diurna","Buen Tiempo","Lateral","S/D","Colisión","S/D","Faltante","Barrera de hormigón","Sin restricción"
2014,5222,03/07/2014,"Jueves",0,10:00:00,,"0.0",2,"Bicicleta,Automóvil","Bv. Avellaneda 3700",2,1,0,0,1,0,0,,"Avenida",,"ROSARIO","Rosario","Asfalto","No existe","II","S/D","Urbana","Ninguna","No existe","Recta","Bueno","Buena","Diurna","Buen Tiempo","S/D","S/D","Atropello","Ninguna","Faltante","Cordón divisorio","Sin restricción"
2014,5223,21/07/2014,"Lunes",0,13:30:00,,"0.0",2,"Automóvil,Moto/Ciclomotor","9 De Julio Y Pueyrredon",2,1,0,0,1,0,0,,"Calle",,"ROSARIO","Rosario","Asfalto","S/D","II","S/D","Urbana","S/D","S/D","Intersección","Bueno","Buena","Diurna","Buen Tiempo","S/D","S/D","Colisión","S/D","S/D","S/D","Sin restricción"
2014,5224,19/06/2014,"Jueves",0,,,"0.0",3,"Automóvil,Automóvil,Automóvil","San Martin Y Bv. 27 De Febrero",4,1,0,0,3,0,0,,"Avenida",,"ROSARIO","Rosario","Asfalto","S/D","II","S/D","Urbana","Semáforo","Funciona","Recta","Bueno","Buena","Diurna","Buen Tiempo","Múltiple","S/D","Colisión","S/D","Vertical","S/D","S/D"
2014,5225,04/07/2014,"Viernes",0,16:20:00,,"0.0",2,"Moto/Ciclomotor,Automóvil","3 De Febrero Y Dorrego",2,1,0,0,1,0,0,,"Calle",,"ROSARIO","Rosario","Asfalto","S/D","II","Dentro","Urbana","Ninguna","No existe","Intersección","Bueno","Buena","Diurna","Buen Tiempo","Lateral","S/D","Colisión","S/D","Faltante","Cordón divisorio","Sin restricción"
2014,5226,18/07/2014,"Viernes",0,10:45:00,,"0.0",2,"Automóvil,Automóvil","Bv. Oroño Y San Juan",5,3,0,0,2,0,0,,"Calle",,"ROSARIO","Rosario","Asfalto","S/D","II","Dentro","Urbana","Semáforo","Funciona","Intersección","Bueno","Buena","Diurna","Buen Tiempo","Lateral","S/D","Colisión","S/D","Vertical","Cordón divisorio","Sin restricción"
2014,5227,06/07/2014,"Domingo",0,16:10:00,,"0.0",2,"Moto/Ciclomotor,Automóvil","Maipu Y Garay",2,1,0,0,1,0,0,,"Calle",,"ROSARIO","Rosario","Asfalto","No existe","II","Dentro","Urbana","Marca Vial","No existe","Intersección","Bueno","Buena","Atardecer","Buen Tiempo","Lateral","S/D","Colisión","Ninguna","Vertical","Línea divisoria pintada","Sin restricción"
2014,5228,24/07/2014,"Jueves",0,19:30:00,"Ruta Nacional 33","0.0",2,"Moto/Ciclomotor,Automóvil"," ",2,1,0,0,1,0,0,,"Ruta",33,"PEREZ","Rosario","S/D","No existe","II","Dentro","Urbana","S/D","No existe","Intersección","S/D","Buena","Atardecer","S/D","Lateral","S/D","Colisión","S/D","S/D","Línea divisoria pintada","Sin restricción"
2014,5229,08/07/2014,"Martes",0,12:00:00,,"0.0",2,"Automóvil,Automóvil","Italia Y Pje. Blanque",2,1,0,0,1,0,0,,"Calle",,"ROSARIO","Rosario","Asfalto","S/D","II","Dentro","Urbana","Ninguna","No existe","Intersección","Bueno","Buena","Diurna","Buen Tiempo","De alcance","S/D","Colisión","Ninguna","S/D","S/D","Sin restricción"
2014,5230,21/07/2014,"Lunes",0,01:30:00,,"0.0",2,"Taxi/Remis,Moto/Ciclomotor","Alsina Y 9 De Julio",4,2,0,0,2,0,0,,"Calle",,"ROSARIO","Rosario","Asfalto","S/D","II","Dentro","Urbana","Otra Señal","S/D","Intersección","Bueno","Buena","Nocturna","Buen Tiempo","Lateral","S/D","Colisión","Ninguna","Horizontal","S/D","S/D"
2014,5231,11/07/2014,"Viernes",0,20:00:00,,"0.0",2,"Moto/Ciclomotor,Automóvil","Bv. Segui Y Iriondo",5,5,0,0,0,0,0,,"Avenida",,"ROSARIO","Rosario","Asfalto","No existe","XVIII","S/D","Urbana","Ninguna","No existe","Intersección","Bueno","Buena","Nocturna","Buen Tiempo","S/D","S/D","Colisión","Ninguna","Faltante","Cordón divisorio","Sin restricción"
2014,5232,02/07/2014,"Miercoles",0,19:00:00,,"0.0",3,"Automóvil,Taxi/Remis,Automóvil","Entre Rios Y E.Zeballos",3,1,0,0,2,0,0,,"Calle",,"ROSARIO","Rosario","Asfalto","S/D","II","Dentro","Urbana","Ninguna","No existe","Recta","Bueno","Buena","Atardecer","Buen Tiempo","Frontal,Múltiple","S/D","Colisión","S/D","Faltante","Cordón divisorio","Sin restricción"
2014,5233,08/07/2014,"Martes",0,12:50:00,,"0.0",2,"Pickup/Utilitario,Bicicleta","Av. Uriburu Y Mitre",2,1,0,0,1,0,0,,"Avenida",,"ROSARIO","Rosario","Asfalto","S/D","II","Dentro","Urbana","Ninguna","No existe","Intersección","Bueno","Buena","Diurna","Buen Tiempo","S/D","S/D","Atropello","S/D","S/D","S/D","S/D"
2014,5234,20/07/2014,"Domingo",0,15:30:00,,"0.0",2,"Taxi/Remis,Automóvil","San Juan 1000",2,1,0,0,1,0,0,,"Calle",,"ROSARIO","Rosario","Asfalto","S/D","II","Dentro","Urbana","S/D","S/D","Recta","Bueno","S/D","Diurna","S/D","De alcance","S/D","Colisión","S/D","S/D","Cordón divisorio","S/D"
2014,5235,18/06/2014,"Miercoles",0,,,"0.0",2,"Moto/Ciclomotor,Automóvil","Sarmiento Y Riobamba",3,2,0,0,1,0,0,,"Calle",,"ROSARIO","Rosario","Asfalto","S/D","II","S/D","Urbana","S/D","S/D","Recta","Bueno","Buena","Diurna","S/D","S/D","S/D","Colisión","S/D","S/D","S/D","S/D"
2014,5236,18/07/2014,"Viernes",0,08:00:00,,"0.0",2,"Peatón,Automóvil","San Luis Y Santiago",2,1,0,0,1,0,0,,"Calle",,"ROSARIO","Rosario","Asfalto","No existe","II","S/D","Urbana","S/D","S/D","Intersección","Bueno","Buena","Diurna","Buen Tiempo","S/D","S/D","Atropello","Ninguna","Horizontal","S/D","Sin restricción"
2014,5237,11/06/2014,"Miercoles",0,20:30:00,,"0.0",2,"Otros,Otros","S/D ",2,1,0,1,0,0,0,,"Calle",,"SANTA FE","La Capital","S/D","S/D","I","Dentro","Urbana","S/D","S/D","S/D","S/D","S/D","Diurna","S/D","S/D","S/D","S/D","S/D","S/D","S/D","S/D"
2014,5238,08/07/2014,"Martes",0,21:10:00,,"0.0",2,"Moto/Ciclomotor,Automóvil","Necochea Y Gaboto",2,1,0,0,1,0,0,,"Calle",,"ROSARIO","Rosario","Asfalto","No existe","II","Dentro","Urbana","S/D","No existe","Intersección","Bueno","Buena","Nocturna,Con luz artificial","Buen Tiempo","Lateral","S/D","Colisión","Ninguna","Vertical","Línea divisoria pintada","Sin restricción"
2014,5239,17/07/2014,"Jueves",0,18:15:00,,"0.0",2,"Peatón,Taxi/Remis","9 De Julio Y Buenos Aires",2,1,0,0,1,0,0,,"Calle",,"ROSARIO","Rosario","Asfalto","S/D","II","Dentro","Urbana","S/D","No existe","Intersección","Bueno","Buena","Diurna","Buen Tiempo","S/D","S/D","Atropello","S/D","S/D","Cordón divisorio","S/D"
2014,5240,18/07/2014,"Viernes",0,15:00:00,,"0.0",2,"Automóvil,Bicicleta","Montevideo Y Av. Francia",4,2,0,0,2,0,0,,"Avenida",,"ROSARIO","Rosario","S/D","S/D","II","S/D","Urbana","S/D","S/D","S/D","S/D","S/D","Diurna","S/D","S/D","S/D","Atropello","S/D","S/D","S/D","S/D"
2014,5241,08/07/2014,"Martes",0,17:20:00,,"0.0",2,"Moto/Ciclomotor,Taxi/Remis","San Martin 5000",3,2,0,0,1,0,0,,"Avenida",,"ROSARIO","Rosario","Asfalto","S/D","II","Dentro","Urbana","Ninguna","No existe","Intersección","Bueno","Buena","Diurna","Buen Tiempo","De alcance","S/D","Colisión","Ninguna","S/D","S/D","Sin restricción"
2014,5242,17/07/2014,"Jueves",0,10:30:00,,"0.0",2,"Peatón,Automóvil","Av. Belgrano Y Cordoba",2,1,0,0,1,0,0,,"Calle",,"ROSARIO","Rosario","Ripio","S/D","II","Dentro","Urbana","S/D","S/D","Rotonda","Bueno","S/D","Diurna","S/D","S/D","S/D","Atropello","S/D","S/D","Cordón divisorio","S/D"
2014,5243,15/07/2014,"Martes",0,17:20:00,,"0.0",2,"Peatón,Automóvil","Av. Francia 3500",2,1,0,0,1,0,0,,"Avenida",,"ROSARIO","Rosario","Asfalto","No existe","II","S/D","Urbana","Ninguna","No existe","Intersección","Bueno","Buena","Atardecer","Buen Tiempo","S/D","S/D","Atropello","S/D","Faltante","Cordón divisorio","Sin restricción"
2014,5244,25/07/2014,"Viernes",0,19:15:00,,"0.0",2,"Moto/Ciclomotor,Automóvil","Av. Battle y Ordoñez Y Pte.Roca",2,1,0,0,1,0,0,,"Calle",,"ROSARIO","Rosario","Asfalto","No existe","II","Dentro","Urbana","Ninguna","No existe","Intersección","Bueno","Buena","Atardecer","S/D","S/D","S/D","Colisión","Ninguna","Horizontal","Cordón divisorio","Sin restricción"
2014,5245,09/07/2014,"Miercoles",0,09:40:00,,"0.0",2,"Bicicleta,Automóvil","Ayacucho Y Dean Funes",2,1,0,0,1,0,0,,"Calle",,"ROSARIO","Rosario","Asfalto","No existe","II","Dentro","Urbana","Marca Vial","No existe","Intersección","Bueno","Buena","Diurna","Buen Tiempo","S/D","S/D","Atropello","Ninguna","Vertical","Línea divisoria pintada","Sin restricción"
2014,5246,18/07/2014,"Viernes",0,,,"0.0",2,"Automóvil,Moto/Ciclomotor","9 De Julio Y Av. Jorge Newbery",2,1,0,0,1,0,0,,"Calle",,"ROSARIO","Rosario","Asfalto","No existe","II","S/D","Urbana","S/D","No existe","Intersección","Bueno","S/D","S/D","S/D","S/D","S/D","S/D","Ninguna","Horizontal","S/D","S/D"
2014,5247,14/07/2014,"Lunes",0,13:30:00,,"0.0",2,"Automóvil,Bicicleta","9 De Julio Y Buenos Aires",2,1,0,0,1,0,0,,"Calle",,"ROSARIO","Rosario","Asfalto","S/D","II","Dentro","Urbana","Ninguna","No existe","Intersección","Bueno","Buena","Diurna","Buen Tiempo","S/D","S/D","Atropello","S/D","S/D","Cordón divisorio","S/D"
2014,5248,17/07/2014,"Jueves",0,18:10:00,,"0.0",2,"Moto/Ciclomotor,Automóvil","Av. Battle y Ordoñez Y Av. Corrientes",2,1,0,0,1,0,0,,"Avenida",,"ROSARIO","Rosario","Asfalto","No existe","II","Dentro","Urbana","Ninguna","No existe","Intersección","Bueno","Buena","Diurna","S/D","S/D","S/D","Colisión","Ninguna","Horizontal","Cordón divisorio","Sin restricción"
2014,5249,02/07/2014,"Miercoles",0,14:15:00,,"0.0",2,"Peatón,Moto/Ciclomotor","Av. Pellegrini 1300",2,1,0,0,1,0,0,,"Avenida",,"ROSARIO","Rosario","Asfalto","S/D","II","Dentro","Urbana","Ninguna","No existe","Recta","Bueno","Buena","Diurna","Buen Tiempo","Otro","S/D","Atropello","S/D","Faltante","Cordón divisorio","Sin restricción"
2014,5250,22/06/2014,"Domingo",0,,,"0.0",2,"Peatón,Automóvil","Riobamba 1100",2,1,0,0,1,0,0,,"Calle",,"ROSARIO","Rosario","Asfalto","S/D","II","Dentro","Urbana","S/D","S/D","Recta","Bueno","S/D","S/D","Buen Tiempo","S/D","S/D","Atropello","S/D","S/D","S/D","S/D"
2014,5251,20/07/2014,"Domingo",0,15:45:00,"Ruta Nacional 33","0.0",2,"Moto/Ciclomotor,Automóvil","Av Belgrano Y Mitre",2,1,0,0,1,0,0,,"Ruta",33,"PEREZ","Rosario","S/D","No existe","II","Dentro","Urbana","S/D","No existe","Intersección","S/D","Buena","Atardecer","S/D","Lateral","S/D","Colisión","S/D","Faltante","Línea divisoria pintada","Sin restricción"
2014,5252,11/07/2014,"Viernes",0,11:30:00,,"0.0",2,"Moto/Ciclomotor,Automóvil","Entre Rios Y Dean Funes",3,2,0,0,1,0,0,,"Calle",,"ROSARIO","Rosario","Asfalto","S/D","II","Dentro","Urbana","Ninguna","No existe","Intersección","Bueno","Buena","Diurna","Buen Tiempo","De alcance","S/D","Colisión","Ninguna","S/D","S/D","Sin restricción"
2014,5253,10/07/2014,"Jueves",0,07:20:00,,"0.0",2,"Moto/Ciclomotor,Otros","San Martin 7000",2,1,0,0,0,0,1,,"Calle",,"ROSARIO","Rosario","Asfalto","No existe","II","Dentro","Urbana","Ninguna","Funciona","Recta","Bueno","Buena","Diurna","Otro","S/D","S/D","Colisión","Ninguna","Vertical","Cordón divisorio","Sin restricción"
2014,5254,11/07/2014,"Viernes",0,10:00:00,,"0.0",2,"Bicicleta,Automóvil","Av. Ovidio Lagos Y Anchorena",2,1,0,0,1,0,0,,"Avenida",,"ROSARIO","Rosario","Asfalto","No existe","II","S/D","Urbana","Ninguna","No existe","Intersección","Bueno","Buena","Diurna","Buen Tiempo","S/D","S/D","Atropello","Ninguna","Faltante","Cordón divisorio","Sin restricción"
2014,5255,17/07/2014,"Jueves",0,07:50:00,,"0.0",2,"Bicicleta,Automóvil","Mendoza Y Av. Francia",2,1,0,0,1,0,0,,"Avenida",,"ROSARIO","Rosario","Asfalto","S/D","II","S/D","Urbana","S/D","S/D","Intersección","Bueno","S/D","Diurna","Buen Tiempo","S/D","S/D","Atropello","S/D","S/D","S/D","S/D"
2014,5256,12/07/2014,"Sabado",0,09:12:00,,"0.0",2,"Moto/Ciclomotor,Taxi/Remis","Bv. Segui Y Buenos Aires",2,1,0,0,1,0,0,,"Avenida",,"ROSARIO","Rosario","Asfalto","No existe","II","Dentro","Urbana","Marca Vial","No existe","Intersección","Bueno","Buena","Diurna","Buen Tiempo","Lateral","S/D","Colisión","Ninguna","Vertical","Línea divisoria pintada","Sin restricción"
2014,5257,09/08/2014,"Sabado",0,13:30:00,,"0.0",2,"Taxi/Remis,Automóvil","Av. Luis Carballo 400",4,2,0,0,2,0,0,,"Avenida",,"ROSARIO","Rosario","S/D","S/D","II","S/D","Urbana","S/D","S/D","S/D","S/D","S/D","Diurna","S/D","S/D","S/D","S/D","S/D","S/D","S/D","S/D"
2014,5258,10/07/2014,"Jueves",0,20:00:00,,"0.0",2,"Moto/Ciclomotor,Automóvil","Av. Arijon Y Paraguay",2,1,0,0,1,0,0,,"Avenida",,"ROSARIO","Rosario","Asfalto","No existe","II","Dentro","Urbana","Ninguna","No existe","Intersección","Bueno","Buena","Nocturna","S/D","S/D","S/D","Colisión","Ninguna","Vertical","Cordón divisorio","Sin restricción"
2014,5259,17/07/2014,"Jueves",0,09:30:00,,"0.0",2,"Taxi/Remis,Moto/Ciclomotor","3 De Febrero Y Lavalle",4,3,0,0,1,0,0,,"Calle",,"ROSARIO","Rosario","Asfalto","S/D","II","S/D","Urbana","S/D","S/D","Intersección","Bueno","S/D","Diurna","S/D","S/D","S/D","Colisión","S/D","S/D","S/D","S/D"
2014,5260,14/07/2014,"Lunes",0,16:35:00,,"0.0",2,"Moto/Ciclomotor,Pickup/Utilitario","Mitre Y Dean Funes",3,2,0,0,1,0,0,,"Calle",,"ROSARIO","Rosario","Asfalto","No existe","II","Dentro","Urbana","Ninguna","No existe","Intersección","Bueno","Buena","Diurna","Buen Tiempo","Lateral","S/D","Colisión","S/D","S/D","S/D","Sin restricción"
2014,5261,16/07/2014,"Miercoles",0,,,"0.0",1,"Moto/Ciclomotor","Rodriguez Y Mendoza",1,1,0,0,0,0,0,,"Calle",,"ROSARIO","Rosario","Asfalto","S/D","II","Dentro","Urbana","S/D","S/D","Recta","Bueno","S/D","S/D","S/D","S/D","S/D","S/D","S/D","S/D","S/D","S/D"
2014,5262,16/07/2014,"Miercoles",0,17:00:00,,"0.0",2,"Automóvil,Moto/Ciclomotor","Av. Pellegrini 4300",2,1,0,0,1,0,0,,"Avenida",,"ROSARIO","Rosario","Asfalto","S/D","II","S/D","Urbana","S/D","S/D","Recta","Bueno","Buena","Diurna","Buen Tiempo","S/D","S/D","Colisión","Ninguna","S/D","S/D","Sin restricción"
2014,5263,16/07/2014,"Miercoles",0,20:50:00,"Ruta Nacional A012","0.0",2,"Automóvil,Camión","Ruta Provincial 14 ",4,3,0,0,1,0,0,,"Ruta","A012","PIÑERO","Rosario","Asfalto","Ripio","II","Dentro","Rural","Marca Vial","No existe","Intersección","Bueno","Buena","Nocturna,Con luz artificial","Buen Tiempo","Lateral","S/D","Colisión","Ninguna","Vertical","Barrera de alto impacto","Sin restricción"
2014,5264,17/06/2014,"Martes",0,,,"0.0",2,"Taxi/Remis,Automóvil","Sarmiento Y Rueda",2,1,0,0,1,0,0,,"Calle",,"ROSARIO","Rosario","Asfalto","S/D","II","S/D","Urbana","S/D","S/D","Recta","Bueno","Buena","Diurna","Buen Tiempo","De alcance","S/D","Colisión","S/D","S/D","S/D","S/D"
2014,5265,23/07/2014,"Miercoles",0,11:50:00,,"0.0",2,"Camión,Moto/Ciclomotor","Roque Saenz Peña Y Genaro Almaraz",2,1,0,0,1,0,0,,"Calle",,"SANTO TOMÉ","La Capital","Ripio","No existe","I","Dentro","Urbana","Ninguna","No existe","Intersección","Bueno","Buena","Diurna","Buen Tiempo","Otro","S/D","Colisión","Ninguna","Faltante","Ninguna","Sin restricción"
2014,5266,16/07/2014,"Miercoles",0,11:20:00,,"0.0",2,"Moto/Ciclomotor,Automóvil","L.N.Alem Y Centeno",2,1,0,0,1,0,0,,"Calle",,"ROSARIO","Rosario","Asfalto","No existe","II","Dentro","Urbana","Marca Vial","No existe","Intersección","Bueno","Buena","Diurna","Buen Tiempo","Lateral","S/D","Colisión","Ninguna","Vertical","Línea divisoria pintada","Sin restricción"
2014,5267,12/07/2014,"Sabado",0,16:00:00,,"0.0",2,"Automóvil,Automóvil","Mitre Y Bv. Segui",3,1,0,0,2,0,0,,"Calle",,"ROSARIO","Rosario","Asfalto","S/D","II","Dentro","Urbana","Ninguna","No existe","Intersección","Bueno","Buena","Diurna","Buen Tiempo","De alcance","S/D","Colisión","Ninguna","S/D","S/D","Sin restricción"
2014,5268,31/07/2014,"Jueves",0,15:30:00,"Autopista Provincial Brigadier E.López","153.0",2,"Moto/Ciclomotor,Camión"," ",2,1,0,0,0,0,1,,"Autopista","Brigadier E.López","SANTO TOMÉ","La Capital","Asfalto","Natural","I","S/D","Rural","Ninguna","No existe","Recta","Bueno","S/D","Diurna","Buen Tiempo","S/D","S/D","Despiste","Ninguna","S/D","S/D","S/D"
2014,5269,16/07/2014,"Miercoles",0,16:30:00,,"0.0",2,"Automóvil,Peatón","Mendoza 3500",2,1,0,0,1,0,0,,"Calle",,"ROSARIO","Rosario","Asfalto","No existe","II","S/D","Urbana","Ninguna","S/D","Recta","Bueno","Buena","Diurna","Buen Tiempo","S/D","S/D","Atropello","Ninguna","Horizontal","S/D","Sin restricción"
2014,5270,08/07/2014,"Martes",0,16:30:00,,"0.0",2,"Moto/Ciclomotor,Pickup/Utilitario","Av. Battle y Ordoñez 1200",2,1,0,0,1,0,0,,"Avenida",,"ROSARIO","Rosario","Asfalto","No existe","II","Dentro","Urbana","Ninguna","No existe","Intersección","Bueno","Buena","Diurna","Otro","Lateral","S/D","Colisión","Ninguna","Horizontal","Cordón divisorio","Sin restricción"
2014,5271,24/07/2014,"Jueves",0,11:30:00,"Ruta Provincial 26","34.0",1,"Pickup/Utilitario"," ",1,1,0,0,0,0,0,,"Ruta",26,"CARMEN DEL SAUCE","Rosario","Hormigón","No existe","II","Fuera","Rural","Ninguna","No existe","Recta","Ahuellamiento","Buena","Diurna","Buen Tiempo","Contra objeto fijo","S/D","Colisión","Ninguna","Horizontal","Línea divisoria pintada","Sin restricción"
2014,5272,16/07/2014,"Miercoles",0,06:35:00,,"0.0",2,"Automóvil,Automóvil","Callao Y Rioja",2,1,0,0,1,0,0,,"Calle",,"ROSARIO","Rosario","Asfalto","No existe","II","S/D","Urbana","Semáforo","Funciona","Intersección","Bueno","Buena","Amanecer","Buen Tiempo","Lateral","S/D","Colisión","Ninguna","S/D","S/D","Sin restricción"
2014,5273,14/07/2014,"Lunes",0,11:15:00,,"0.0",2,"Automóvil,Moto/Ciclomotor","San Martin 3700",2,1,0,0,1,0,0,,"Avenida",,"ROSARIO","Rosario","Asfalto","S/D","II","Dentro","Urbana","Semáforo","Funciona","Intersección","Bueno","Buena","Diurna","Buen Tiempo","De alcance","S/D","Colisión","Ninguna","Horizontal","S/D","S/D"
2014,5274,10/06/2014,"Martes",0,,,"0.0",2,"Automóvil,Pickup/Utilitario","Av. Ovidio Lagos Y Rueda",4,1,0,0,2,0,1,,"Avenida",,"ROSARIO","Rosario","Asfalto","S/D","II","S/D","Urbana","S/D","Funciona","Recta","Bueno","Buena","Diurna","Buen Tiempo","Frontal","S/D","Colisión","S/D","Horizontal","S/D","S/D"
2014,5275,20/07/2014,"Domingo",0,19:30:00,,"0.0",2,"Moto/Ciclomotor,Automóvil","Buenos Aires Y Bv. Segui",2,0,0,1,1,0,0,,"Calle",,"ROSARIO","Rosario","Asfalto","No existe","II","Dentro","Urbana","Marca Vial","No existe","Intersección","Bueno","Buena","Atardecer,Con luz artificial","Buen Tiempo","Lateral","S/D","Colisión","Ninguna","Vertical","Línea divisoria pintada","Sin restricción"