"anio_acci","nro_acci","fecha","desc_dia","fecha_aprox","hora_aprox","desc_ruta","km","cant_participantes","desc_participante","calle_avenida_km","total","heridos_leves","heridos_graves","heridos_gravisimos","ilesos","fallecidos","sin_datos","posicion_XY","desc_tipo_via","desc_ruta_ori","desc_loc","desc_dpto","desc_tipo_calzada","desc_tipo_banquina","desc_unidad_regional","desc_lugar_calzada","desc_zona","desc_prioridad","desc_estado_semaforo","desc_lugar_via","desc_estado_via","desc_estado_visibilidad","desc_luminosidad","desc_estado_clima","desc_tipo_colision","desc_tipo_atropello","desc_tipo_hecho","desc_pres_calzada","desc_senializacion","desc_separacion_via","desc_restriccion"
2014,5276,01/07/2014,"Martes",0,09:00:00,,"0.0",2,"Camión,Moto/Ciclomotor","Av. Pellegrini Y Av. Circunvalacion",2,1,0,0,0,0,1,,"Avenida",,"ROSARIO","Rosario","Asfalto","No existe","II","Dentro","Urbana","Ninguna","No existe","Intersección","Bueno","Buena","Diurna","Buen Tiempo","Lateral","S/D","Colisión","Ninguna","Faltante","S/D","Sin restricción"
2014,5277,02/07/2014,"Miercoles",0,20:40:00,,"0.0",2,"Moto/Ciclomotor,Moto/Ciclomotor","Av. Ntra.Sra.del Rosario Y Buenos Aires",2,1,0,0,1,0,0,,"Avenida",,"ROSARIO","Rosario","Asfalto","No existe","II","S/D","Urbana","Ninguna","No existe","Intersección","Bueno","Buena","Nocturna","Buen Tiempo","Lateral","S/D","Colisión","S/D","S/D","Ninguna","Sin restricción"
2014,5278,15/07/2014,"Martes",0,13:25:00,,"0.0",2,"Moto/Ciclomotor,Automóvil","Constitucion Y Cordoba",2,1,0,0,0,0,1,,"Calle",,"ROSARIO","Rosario","Asfalto","No existe","II","S/D","Urbana","S/D","S/D","Recta","Bueno","Buena","Diurna","Buen Tiempo","Lateral","S/D","Colisión","Ninguna","S/D","S/D","Sin restricción"
2014,5279,14/06/2014,"Sabado",0,01:20:00,,"0.0",2,"Automóvil,Automóvil","Av Peñaloza Y J Castelli",4,2,0,0,2,0,0,,"Calle",,"SANTA FE","La Capital","Asfalto","Pavimento","I","Dentro","Urbana","Ninguna","S/D","Intersección","Bueno","Buena","Nocturna,Con luz artificial","Buen Tiempo","Lateral","S/D","Colisión","S/D","Horizontal,Vertical","Barrera de hormigón","Sin restricción"
2014,5280,18/07/2014,"Viernes",0,13:00:00,,"0.0",2,"Moto/Ciclomotor,Otros","Donado Bis Y Av. Jorge Newbery",2,1,0,0,0,0,1,,"Avenida",,"ROSARIO","Rosario","Asfalto","S/D","II","Dentro","Urbana","S/D","S/D","Intersección","S/D","Buena","Diurna","Buen Tiempo","S/D","S/D","Colisión","S/D","S/D","S/D","S/D"
2014,5281,22/07/2014,"Martes",0,17:45:00,,"0.0",2,"Automóvil,Moto/Ciclomotor","Paraguay Y Dean Funes",3,2,0,0,1,0,0,,"Calle",,"ROSARIO","Rosario","Asfalto","S/D","II","Dentro","Urbana","S/D","No existe","Intersección","Bueno","Buena","Diurna","Buen Tiempo","De alcance","S/D","Colisión","S/D","S/D","S/D","Sin restricción"
2014,5282,22/07/2014,"Martes",0,22:30:00,,"0.0",2,"Moto/Ciclomotor,Automóvil","Valparaiso Y Santa Fe",2,1,0,0,1,0,0,,"Calle",,"ROSARIO","Rosario","S/D","No existe","II","Dentro","Urbana","Semáforo","Funciona","Intersección","S/D","S/D","Nocturna","S/D","Lateral","S/D","Colisión","S/D","S/D","S/D","S/D"
2014,5283,13/07/2014,"Domingo",0,16:30:00,,"0.0",2,"Taxi/Remis,Automóvil","Pueyrredon Y Rioja",5,2,0,0,3,0,0,,"Calle",,"ROSARIO","Rosario","Asfalto","No existe","II","S/D","Urbana","S/D","S/D","Intersección","Bueno","Buena","Diurna","Buen Tiempo","Lateral","S/D","Colisión","S/D","S/D","S/D","Sin restricción"
2014,5284,21/07/2014,"Lunes",0,09:40:00,,"0.0",2,"Automóvil,Automóvil","Ciudadela Y Polledo",3,1,0,0,2,0,0,,"S/D",,"ROSARIO","Rosario","S/D","S/D","II","S/D","Urbana","S/D","S/D","S/D","S/D","S/D","Diurna","S/D","S/D","S/D","S/D","S/D","S/D","S/D","S/D"
2014,5285,15/07/2014,"Martes",0,18:13:00,,"0.0",2,"Automóvil,Automóvil","Balcarce Y Juan Canals",2,1,0,0,1,0,0,,"Calle",,"ROSARIO","Rosario","Asfalto","S/D","II","Dentro","Urbana","Ninguna","No existe","Intersección","Bueno","Buena","Atardecer","Buen Tiempo","De alcance","S/D","Colisión","Ninguna","S/D","S/D","Sin restricción"
2014,5286,25/07/2014,"Viernes",0,17:20:00,,"0.0",2,"Moto/Ciclomotor,Automóvil","Donado Y Av. Jorge Newbery",2,1,0,0,1,0,0,,"Avenida",,"ROSARIO","Rosario","Asfalto","S/D","II","Dentro","Urbana","S/D","S/D","Intersección","S/D","Buena","Diurna","S/D","S/D","S/D","Colisión","S/D","S/D","S/D","S/D"
2014,5287,16/07/2014,"Miercoles",0,00:15:00,,"0.0",2,"Automóvil,Moto/Ciclomotor","San Martin Y Gaboto",3,2,0,0,1,0,0,,"Calle",,"ROSARIO","Rosario","Asfalto","S/D","II","Dentro","Urbana","Semáforo","Funciona","Intersección","Bueno","Buena","Nocturna,Con luz artificial","Buen Tiempo","De alcance","S/D","Colisión","S/D","Horizontal","S/D","Sin restricción"
2014,5288,26/07/2014,"Sabado",0,19:30:00,,"0.0",2,"Moto/Ciclomotor,Pickup/Utilitario","Av. Provincias Unidas Y Junin",3,1,1,0,1,0,0,,"Avenida",,"ROSARIO","Rosario","Asfalto","No existe","II","Dentro","Urbana","Ninguna","No existe","Intersección","Bueno","Buena","Nocturna","Buen Tiempo","Lateral","S/D","Colisión","S/D","S/D","S/D","Sin restricción"
2014,5289,20/07/2014,"Domingo",0,10:30:00,"Ruta Nacional 11","0.0",2,"Automóvil,Bicicleta","Mariano Candioti Y Ruta 11 Avenida Richieri",3,1,0,0,2,0,0,"-31.690083333333,-60.758972222222","Ruta",11,"SANTO TOMÉ","La Capital","Asfalto","No existe","I","S/D","Urbana","S/D","No existe","Recta","Bueno","Buena","Diurna","Buen Tiempo","S/D","S/D","Atropello","S/D","S/D","Línea divisoria pintada","S/D"
2014,5290,25/07/2014,"Viernes",0,21:20:00,,"0.0",2,"Moto/Ciclomotor,Automóvil","Sanchez de Loria Y Av. Jorge Newbery",3,1,0,0,2,0,0,,"Avenida",,"ROSARIO","Rosario","Asfalto","S/D","II","Dentro","Urbana","S/D","S/D","Intersección","S/D","S/D","Nocturna","S/D","S/D","S/D","Colisión","S/D","S/D","S/D","S/D"
2014,5291,18/07/2014,"Viernes",0,12:30:00,"Ruta Nacional 11","0.0",2,"Automóvil,Peatón","Avenida Nuestra Señora del Luj Y Ruta 11 Avenida Richieri",2,0,1,0,0,0,1,"-31.685944444444,-60.779222222222","Ruta",11,"SANTO TOMÉ","La Capital","Asfalto,Tierra","No existe","I","S/D","S/D","Ninguna","No existe","Intersección","Bueno","Buena","Diurna","Buen Tiempo","S/D","S/D","Atropello","Otro","Faltante","Ninguna","Sin restricción"
2014,5292,16/07/2014,"Miercoles",0,12:50:00,,"0.0",2,"Automóvil,Moto/Ciclomotor","Warnes Y Sarmiento",2,1,0,0,1,0,0,,"Calle",,"ROSARIO","Rosario","Asfalto","S/D","II","S/D","Urbana","Ninguna","No existe","Intersección","Bueno","Buena","Diurna","Buen Tiempo","De alcance","S/D","Colisión","S/D","S/D","Ninguna","Sin restricción"
2014,5293,26/07/2014,"Sabado",0,19:30:00,,"0.0",2,"Moto/Ciclomotor,Automóvil","J.J.Paso 7622",3,2,0,0,1,0,0,,"Calle",,"ROSARIO","Rosario","Asfalto","No existe","II","S/D","Urbana","S/D","Intermitente","Recta","S/D","Buena","Nocturna","Buen Tiempo","Lateral","S/D","Colisión","S/D","Faltante","Ninguna","Sin restricción"
2014,5294,02/07/2014,"Miercoles",0,22:30:00,,"0.0",2,"Moto/Ciclomotor,Automóvil","Rca Oriental del Uruguay 1200",2,1,0,0,1,0,0,,"Calle",,"SANTO TOMÉ","La Capital","Asfalto","Ripio","I","S/D","Urbana","Ninguna","No existe","Curva","Bueno","Buena","Nocturna","Buen Tiempo","Lateral","S/D","Colisión","S/D","Faltante","S/D","Sin restricción"
2014,5295,10/06/2014,"Martes",0,18:00:00,,"0.0",2,"Moto/Ciclomotor,Automóvil","Ayacucho Y Grandoli",2,1,0,0,1,0,0,,"Calle",,"SANTA FE","La Capital","Asfalto","Natural","I","Dentro","Urbana","S/D","No existe","Intersección","Bueno","Buena","Atardecer","Buen Tiempo","Lateral","S/D","Colisión","S/D","Faltante","Ninguna","Sin restricción"
2014,5296,04/07/2014,"Viernes",0,13:45:00,,"0.0",2,"Peatón,Automóvil","Grandoli Y Olegario V.Andrade",2,1,0,0,1,0,0,,"Calle",,"ROSARIO","Rosario","Asfalto","No existe","II","S/D","S/D","Ninguna","No existe","Intersección","Bueno","Buena","Diurna","Buen Tiempo","S/D","S/D","Atropello","S/D","S/D","Cordón divisorio","Sin restricción"
2014,5297,16/07/2014,"Miercoles",0,,"Autopista Nacional Rosario -Cordoba","0.0",1,"Automóvil","Bv. Wilde Y Autopista Rosario Cordoba",1,1,0,0,0,0,0,,"Autopista","Rosario -Cordoba","ROSARIO","Rosario","Asfalto","No existe","II","S/D","Urbana","Ninguna","No existe","Recta","Bueno","Buena","Diurna","Buen Tiempo","Atropello animal","S/D","Colisión","Ninguna","Faltante","S/D","Sin restricción"
2014,5298,16/07/2014,"Miercoles",0,20:45:00,,"0.0",2,"Automóvil,Moto/Ciclomotor","Av. Circunvalacion Y Av. Eva Peron",4,1,0,0,3,0,0,,"Avenida",,"ROSARIO","Rosario","Hormigón","Pavimento","II","Dentro","Urbana","Semáforo","Funciona","Otro","Bueno","Buena","Nocturna","Buen Tiempo","Otro","S/D","Colisión","Otro","Faltante","Ninguna","Sin restricción"
2014,5299,13/07/2014,"Domingo",0,01:25:00,,"0.0",1,"Moto/Ciclomotor","Av. Francia Y Av. Pellegrini",1,1,0,0,0,0,0,,"Avenida",,"ROSARIO","Rosario","Asfalto","No existe","II","Dentro","Urbana","S/D","S/D","Intersección","Bueno","Buena","Nocturna","Buen Tiempo","S/D","S/D","Caída ocupante,Despiste","Ninguna","Horizontal","S/D","Sin restricción"
2014,5300,21/07/2014,"Lunes",0,15:00:00,,"0.0",2,"Automóvil,Moto/Ciclomotor","Brasil 7500",3,2,0,0,1,0,0,,"Calle",,"ROSARIO","Rosario","Asfalto","Pavimento","II","Dentro","Urbana","Ninguna","No existe","Intersección","Bueno","Buena","Diurna","Buen Tiempo","Lateral","S/D","Colisión","Ninguna","Faltante","S/D","Sin restricción"
2014,5301,31/07/2014,"Jueves",0,20:00:00,,"0.0",2,"Moto/Ciclomotor,Automóvil","Av. Ntra.Sra.del Rosario 400",3,2,0,0,1,0,0,,"Avenida",,"ROSARIO","Rosario","Asfalto","No existe","II","S/D","Urbana","Ninguna","No existe","Recta","S/D","Buena","Nocturna","Buen Tiempo","Lateral","S/D","Colisión","S/D","S/D","Ninguna","Sin restricción"
2014,5302,18/07/2014,"Viernes",0,18:00:00,,"0.0",2,"Pickup/Utilitario,Tren","CERRITO Y VIAS FFCC",2,1,0,0,0,0,1,,"Calle",,"ROSARIO","Rosario","S/D","No existe","II","Dentro","Urbana","Ninguna","No existe","Paso a Nivel FFCC","S/D","Buena","Atardecer","Buen Tiempo","Lateral","S/D","Colisión","Ninguna","Faltante","Ninguna","Sin restricción"
2014,5303,03/07/2014,"Jueves",0,10:45:00,"Ruta Nacional 9","0.0",2,"Moto/Ciclomotor,Camión","Ruta Nacional 9 Y Urquiza",2,0,1,0,1,0,0,,"Ruta",9,"FUNES","Rosario","Asfalto","Pavimento","II","S/D","Urbana","Ninguna","Funciona","Recta","Bueno","Buena","Diurna","Buen Tiempo","S/D","S/D","Colisión","Ninguna","Horizontal","Línea divisoria pintada","Sin restricción"
2014,5304,16/07/2014,"Miercoles",0,15:40:00,,"0.0",2,"Automóvil,Taxi/Remis","Pte.Roca Y Dean Funes",3,1,0,0,2,0,0,,"Calle",,"ROSARIO","Rosario","Asfalto","S/D","II","Dentro","Urbana","Ninguna","No existe","Intersección","Bueno","Buena","Diurna","Buen Tiempo","De alcance","S/D","Colisión","S/D","S/D","S/D","Sin restricción"
2014,5305,27/07/2014,"Domingo",0,,"Ruta Nacional 9","0.0",2,"Moto/Ciclomotor,Automóvil","Ruta Nacional 9 Y Hernandez",2,1,0,0,0,0,1,,"Ruta",9,"FUNES","Rosario","Asfalto","S/D","II","S/D","Urbana","Ninguna","S/D","Recta","Bueno","S/D","S/D","Buen Tiempo","S/D","S/D","Colisión","S/D","S/D","Ninguna","S/D"
2014,5306,26/07/2014,"Sabado",0,17:45:00,,"0.0",2,"Automóvil,Bicicleta","Av Fuerza Aerea 1990",2,1,0,0,1,0,0,,"Avenida",,"FUNES","Rosario","Asfalto","No existe","II","Dentro","Urbana","Ninguna","No existe","Intersección","Bueno","Buena","Atardecer","Buen Tiempo","S/D","S/D","Atropello","Ninguna","Faltante","Ninguna","Sin restricción"
2014,5307,23/07/2014,"Miercoles",0,19:15:00,,"0.0",2,"Moto/Ciclomotor,Pickup/Utilitario","Candelaria Y Santa Fe",3,2,0,0,1,0,0,,"Calle",,"FUNES","Rosario","Asfalto","S/D","II","Dentro","Urbana","Ninguna","No existe","Intersección","Bueno","Buena","Atardecer","Buen Tiempo","S/D","S/D","Colisión","Ninguna","Faltante","Ninguna","Sin restricción"
2014,5308,31/07/2014,"Jueves",0,17:20:00,,"0.0",2,"Moto/Ciclomotor,Automóvil","Dr E Puccio 5946",2,1,0,0,1,0,0,,"Calle",,"MONTE VERA","La Capital","Ripio","No existe","I","Dentro","Urbana","Ninguna","No existe","Recta","Bueno","Buena","Diurna","Buen Tiempo","De alcance","S/D","Colisión","Ninguna","S/D","Ninguna","Sin restricción"
2014,5309,17/07/2014,"Jueves",0,08:20:00,,"0.0",2,"Moto/Ciclomotor,Automóvil","Av. Ovidio Lagos Y Av. Battle y Ordoñez",2,1,0,0,1,0,0,,"S/D",,"ROSARIO","Rosario","Asfalto","No existe","II","Dentro","Urbana","Señal Pare","No existe","Recta","Bueno","Buena","Amanecer","Buen Tiempo","Lateral","S/D","Colisión","S/D","Horizontal","Barrera de hormigón","Sin restricción"
2014,5310,06/07/2014,"Domingo",0,17:00:00,,"0.0",2,"Peatón,Pickup/Utilitario","Camino Viejo Soldini Y Av. Ovidio Lagos",2,1,0,0,1,0,0,,"Avenida",,"ROSARIO","Rosario","Asfalto","Natural","II","Dentro","Urbana","Señal Pare","No existe","Recta","Bueno","Buena","Atardecer","Buen Tiempo","S/D","S/D","Atropello","S/D","Horizontal","S/D","Sin restricción"
2014,5311,02/07/2014,"Miercoles",0,12:10:00,,"0.0",1,"Transporte de Pasajeros Urbano (> 8 asientos)","Av. Ovidio Lagos 5800",2,1,0,0,0,0,1,,"Avenida",,"ROSARIO","Rosario","Asfalto","No existe","II","Dentro","Urbana","Semáforo","Funciona","Recta","Bueno","Buena","Diurna","Buen Tiempo","S/D","S/D","Caída ocupante","S/D","Horizontal","Guardarrail","Sin restricción"
2014,5312,21/07/2014,"Lunes",0,12:30:00,,"0.0",2,"Automóvil,Otros","SD ",3,1,0,0,0,0,2,,"S/D",,"SANTA FE","La Capital","S/D","S/D","I","S/D","S/D","S/D","S/D","S/D","Bueno","S/D","Diurna","Buen Tiempo","Otro","S/D","Colisión","S/D","S/D","S/D","S/D"
2014,5313,04/07/2014,"Viernes",0,20:30:00,,"0.0",2,"Moto/Ciclomotor,Automóvil","Av Gral Paz Y Pedro de Vega",2,1,0,0,1,0,0,,"Avenida",,"SANTA FE","La Capital","Asfalto","No existe","I","Dentro","Urbana","Ninguna","No existe","Intersección","Bueno","Buena","Nocturna","Buen Tiempo","Lateral","S/D","Colisión","S/D","Faltante","Ninguna","Sin restricción"
2014,5314,01/07/2014,"Martes",0,14:00:00,,"0.0",2,"Automóvil,Moto/Ciclomotor","Av Peñaloza Y Callejón El Sable",2,1,0,0,1,0,0,,"Avenida",,"SANTA FE","La Capital","Tierra,Ripio","Natural","II","Dentro","Urbana","S/D","No existe","Intersección","Con baches","Buena","Diurna","Buen Tiempo","Lateral","S/D","Colisión","S/D","Faltante","S/D","S/D"
2014,5315,21/07/2014,"Lunes",0,03:30:00,"Autopista Nacional Gral. Juan Jose Valle","0.0",1,"Camión"," ",1,1,0,0,0,0,0,,"Autopista","Gral. Juan Jose Valle","SANTA FE","La Capital","Asfalto","S/D","I","Dentro","Urbana","Ninguna","S/D","S/D","S/D","S/D","Nocturna","Buen Tiempo","S/D","S/D","Colisión","S/D","S/D","S/D","S/D"
2014,5316,04/07/2014,"Viernes",0,20:40:00,,"0.0",2,"Moto/Ciclomotor,Automóvil","Velez Sarsfield Y Martin Zapata",2,1,0,0,1,0,0,,"Calle",,"SANTA FE","La Capital","Asfalto","No existe","I","Dentro","Urbana","Ninguna","No existe","Intersección","Bueno","Buena","Nocturna","Buen Tiempo","Lateral","S/D","Colisión","S/D","Faltante","Ninguna","Sin restricción"
2014,5317,03/07/2014,"Jueves",0,11:50:00,,"0.0",2,"Moto/Ciclomotor,Otros","Av A del Valle Y Callejon Roca",2,1,0,0,1,0,0,,"Avenida",,"SANTA FE","La Capital","Asfalto","No existe","I","Dentro","Urbana","Ninguna","No existe","Intersección","Bueno","Buena","Diurna","Buen Tiempo","Lateral","S/D","Colisión","Ninguna","Horizontal,Vertical","Ninguna","Sin restricción"
2014,5318,05/07/2014,"Sabado",0,10:00:00,,"0.0",2,"Automóvil,Moto/Ciclomotor","Av A del Valle Y Larrea",2,1,0,0,1,0,0,,"Avenida",,"SANTA FE","La Capital","Asfalto","S/D","I","Dentro","Urbana","S/D","No existe","Intersección","Bueno","Buena","Diurna","Buen Tiempo","Lateral","S/D","Colisión","S/D","S/D","S/D","S/D"
2014,5319,12/07/2014,"Sabado",0,15:40:00,,"0.0",2,"Automóvil,Otros","Av Pte Peron Y Iturraspe",3,2,0,0,0,0,1,,"Avenida",,"SANTA FE","La Capital","Asfalto","S/D","I","S/D","Urbana","S/D","S/D","Intersección","Bueno","Buena","Diurna","S/D","S/D","S/D","Colisión","S/D","S/D","S/D","S/D"
2014,5320,01/07/2014,"Martes",0,23:10:00,,"0.0",2,"Automóvil,Camión","Calle s/n 472",2,1,0,0,0,0,1,,"Calle",,"SANTA FE","La Capital","Asfalto","Natural","I","Dentro","Urbana","S/D","No existe","Intersección","Bueno","Buena","Nocturna","Buen Tiempo","Lateral","S/D","Colisión","S/D","Faltante","Línea divisoria pintada","Sin restricción"
2014,5321,01/07/2014,"Martes",0,16:30:00,,"0.0",2,"Automóvil,Moto/Ciclomotor","Republica de Siria Y J M Zuviria",2,1,0,0,1,0,0,,"Calle",,"SANTA FE","La Capital","S/D","No existe","I","S/D","Urbana","S/D","S/D","S/D","S/D","S/D","Diurna","S/D","S/D","S/D","Colisión","S/D","S/D","S/D","S/D"
2014,5322,20/07/2014,"Domingo",0,02:15:00,,"0.0",2,"Moto/Ciclomotor,Otros","manzana 1 ",2,1,0,0,1,0,0,,"Calle",,"ALTO VERDE","La Capital","Hormigón","No existe","I","Dentro","Urbana","Ninguna","No existe","Intersección","S/D","Buena","Nocturna","Buen Tiempo","Lateral","S/D","Colisión","Ninguna","Faltante","Ninguna","Sin restricción"
2014,5323,03/07/2014,"Jueves",0,18:00:00,,"0.0",2,"Bicicleta,Otros","Risso 4200",2,0,1,0,1,0,0,"-31.596416666667,-60.713805555556","Calle",,"SANTA FE","La Capital","Asfalto","Natural","I","Dentro","Urbana","Ninguna","No existe","Recta","Con baches","Buena","Diurna","Buen Tiempo","S/D","S/D","Atropello","S/D","Faltante","Ninguna","Sin restricción"
2014,5324,16/07/2014,"Miercoles",0,12:30:00,,"0.0",2,"Moto/Ciclomotor,Automóvil","Balcarce Y Belgrano",2,1,0,0,0,0,1,,"Calle",,"SANTA FE","La Capital","Asfalto","No existe","I","Dentro","Urbana","S/D","No existe","Intersección","Deteriorada","S/D","Diurna","S/D","Lateral","S/D","Colisión","S/D","S/D","S/D","S/D"
2014,5325,27/07/2014,"Domingo",0,18:30:00,,"0.0",2,"Taxi/Remis,Automóvil","Azcuenaga 2800",4,2,0,0,2,0,0,,"Calle",,"SANTA FE","La Capital","Tierra","Natural","I","Dentro","Urbana","S/D","No existe","Recta","Deteriorada","Buena","Atardecer,Con luz artificial","Buen Tiempo","S/D","S/D","S/D","S/D","Faltante","S/D","S/D"
2014,5326,04/07/2014,"Viernes",0,07:00:00,,"0.0",2,"Moto/Ciclomotor,Automóvil","Av Gral Paz Y Pedro Diaz Colodrero",2,1,0,0,0,0,1,,"Avenida",,"SANTA FE","La Capital","Asfalto","S/D","I","S/D","Urbana","S/D","Funciona","Intersección","Bueno","Buena","Diurna","Buen Tiempo","S/D","S/D","Colisión","S/D","S/D","S/D","S/D"
2014,5327,16/07/2014,"Miercoles",0,12:40:00,,"0.0",2,"Moto/Ciclomotor,Automóvil","Balcarce Y San Luis",2,1,0,0,0,0,1,,"Calle",,"SANTA FE","La Capital","Asfalto","No existe","I","Dentro","Urbana","S/D","S/D","Intersección","Deteriorada","S/D","Diurna","S/D","Lateral","S/D","Colisión","S/D","S/D","S/D","S/D"
2014,5328,07/07/2014,"Lunes",0,09:45:00,,"0.0",2,"Bicicleta,Automóvil","Av Gral Paz Y J P Lopez",2,1,0,0,1,0,0,"-31.611611111111,-60.679305555556","Avenida",,"SANTA FE","La Capital","Asfalto","S/D","I","Dentro","Urbana","Ninguna","S/D","Intersección","S/D","S/D","Diurna","S/D","S/D","S/D","Atropello","S/D","S/D","Ninguna","Sin restricción"
2014,5329,04/07/2014,"Viernes",0,09:00:00,,"0.0",2,"Moto/Ciclomotor,Pickup/Utilitario","Av Blas Parera Y Matheu",2,1,0,0,1,0,0,,"Avenida",,"SANTA FE","La Capital","Asfalto","Pavimento","I","Dentro","Urbana","Semáforo","Funciona","Intersección","Bueno","Buena","Diurna","Buen Tiempo","Lateral","S/D","Colisión","S/D","Horizontal,Vertical","Cordón divisorio","Sin restricción"
2014,5330,23/07/2014,"Miercoles",0,12:10:00,,"0.0",2,"Automóvil,Moto/Ciclomotor","Av 27 de Febrero Y Maipu",2,1,0,0,1,0,0,,"Avenida",,"SANTA FE","La Capital","S/D","S/D","I","S/D","Urbana","S/D","S/D","S/D","S/D","S/D","Diurna","S/D","S/D","S/D","S/D","S/D","S/D","S/D","S/D"
2014,5331,14/07/2014,"Lunes",0,13:55:00,,"0.0",2,"Moto/Ciclomotor,Automóvil"," ",2,1,0,0,0,0,1,,"Calle",,"SANTA FE","La Capital","Asfalto","No existe","I","Dentro","Urbana","S/D","No existe","Intersección","Deteriorada","S/D","Diurna","S/D","Lateral","S/D","Colisión","S/D","S/D","S/D","S/D"
2014,5332,08/07/2014,"Martes",0,11:30:00,,"0.0",2,"Peatón,Automóvil","Av A del Valle Y Lavaisse",2,0,0,0,0,0,2,"-31.612944444444,-60.695666666667","Avenida",,"SANTA FE","La Capital","Asfalto","No existe","I","Dentro","Urbana","Semáforo","Funciona","Intersección","Bueno","Buena","Diurna","Buen Tiempo","S/D","S/D","Atropello","S/D","Vertical","Ninguna","Sin restricción"
2014,5333,04/07/2014,"Viernes",0,17:50:00,,"0.0",2,"Bicicleta,Otros"," ",2,1,0,0,0,0,1,"-31.601,-60.715194444444","S/D",,"SANTA FE","La Capital","S/D","S/D","I","S/D","Urbana","S/D","S/D","S/D","S/D","Buena","Diurna","Buen Tiempo","S/D","S/D","Atropello","S/D","S/D","S/D","S/D"
2014,5334,29/06/2014,"Domingo",0,12:00:00,,"0.0",2,"Moto/Ciclomotor,Automóvil","Pavon Y Piedras",2,1,0,0,1,0,0,,"Calle",,"SANTA FE","La Capital","S/D","S/D","I","Dentro","Urbana","S/D","S/D","Intersección","S/D","S/D","Diurna","S/D","Lateral","S/D","Colisión","S/D","S/D","S/D","S/D"
2014,5335,05/07/2014,"Sabado",0,10:00:00,,"0.0",2,"Automóvil,Moto/Ciclomotor","Av Blas Parera Y Estado de Israel",2,1,0,0,1,0,0,,"Avenida",,"SANTA FE","La Capital","Asfalto","Pavimento","I","Dentro","Urbana","Semáforo","Funciona","Intersección","Bueno","Buena","Diurna","Buen Tiempo","Lateral","S/D","Colisión","S/D","Horizontal,Vertical","Cordón divisorio","Sin restricción"
2014,5336,07/07/2014,"Lunes",0,11:00:00,,"0.0",2,"Automóvil,Pickup/Utilitario","Av Blas Parera Y Ayacucho",2,1,0,0,1,0,0,,"Avenida",,"SANTA FE","La Capital","Asfalto","Pavimento","I","Dentro","Urbana","Semáforo","Funciona","Intersección","Bueno","Buena","Diurna","Buen Tiempo","Lateral","S/D","Colisión","S/D","Horizontal,Vertical","Cordón divisorio","Sin restricción"
2014,5337,18/07/2014,"Viernes",0,00:15:00,,"0.0",2,"Moto/Ciclomotor,Moto/Ciclomotor","Salvador Caputo Y Av Pte Peron",3,2,0,0,1,0,0,,"Avenida",,"SANTA FE","La Capital","S/D","S/D","I","S/D","Urbana","S/D","S/D","S/D","S/D","S/D","Nocturna","S/D","S/D","S/D","Colisión","S/D","S/D","S/D","S/D"
2014,5338,10/07/2014,"Jueves",0,17:00:00,,"0.0",2,"Taxi/Remis,Pickup/Utilitario","Rivadavia Y J P Lopez",3,1,0,0,2,0,0,,"S/D",,"SANTA FE","La Capital","Asfalto","S/D","I","S/D","Urbana","S/D","S/D","Intersección","Bueno","S/D","S/D","S/D","S/D","S/D","S/D","Ninguna","S/D","S/D","S/D"
2014,5339,24/07/2014,"Jueves",0,19:45:00,,"0.0",2,"Taxi/Remis,Moto/Ciclomotor","Av Freyre Y Catamarca",2,1,0,0,1,0,0,,"Calle",,"SANTA FE","La Capital","S/D","S/D","I","S/D","Urbana","S/D","S/D","S/D","S/D","S/D","Atardecer","S/D","S/D","S/D","S/D","S/D","S/D","S/D","S/D"
2014,5340,09/07/2014,"Miercoles",0,09:00:00,,"0.0",2,"Peatón,Moto/Ciclomotor","Av Blas Parera Y Vieytes",2,1,0,0,1,0,0,"-31.596944444444,-60.722583333333","Avenida",,"SANTA FE","La Capital","Asfalto","Pavimento","I","Dentro","Urbana","Semáforo","Funciona","Intersección","Bueno","Buena","Diurna","Buen Tiempo","S/D","S/D","Atropello","S/D","Horizontal,Vertical","Cordón divisorio","Sin restricción"
2014,5341,14/07/2014,"Lunes",0,03:00:00,,"0.0",2,"Pickup/Utilitario,Moto/Ciclomotor","Av Gral Paz Y Lavaisse",3,1,0,0,1,0,1,,"S/D",,"SANTA FE","La Capital","Asfalto","No existe","I","S/D","S/D","S/D","S/D","Intersección","Bueno","S/D","Nocturna","S/D","S/D","S/D","S/D","Ninguna","S/D","S/D","S/D"
2014,5342,11/07/2014,"Viernes",0,06:00:00,,"0.0",2,"Automóvil,Moto/Ciclomotor","Gorostiaga Y Pje Jose Galisteo",2,1,0,0,1,0,0,,"Calle",,"SANTA FE","La Capital","Asfalto","Pavimento","I","Dentro","Urbana","Ninguna","No existe","Intersección","Con baches","Reducida","Amanecer","Buen Tiempo","Lateral","S/D","Colisión","Agua","Faltante","Ninguna","Sin restricción"
2014,5343,25/07/2014,"Viernes",0,18:20:00,,"0.0",2,"Automóvil,Automóvil","Francia Y Hipolito Yrigoyen",3,2,0,0,1,0,0,,"Calle",,"SANTA FE","La Capital","S/D","S/D","I","S/D","Urbana","S/D","S/D","S/D","S/D","S/D","Diurna","S/D","S/D","S/D","S/D","S/D","S/D","S/D","S/D"
2014,5344,14/07/2014,"Lunes",0,10:00:00,,"0.0",2,"Automóvil,Moto/Ciclomotor","Av Almte Brown Y Regis Martinez",2,1,0,0,1,0,0,,"Calle",,"SANTA FE","La Capital","Asfalto","Pavimento","I","S/D","Urbana","S/D","S/D","Intersección","Bueno","Buena","Amanecer","S/D","S/D","S/D","S/D","Ninguna","S/D","S/D","S/D"