"anio_acci","nro_acci","fecha","desc_dia","fecha_aprox","hora_aprox","desc_ruta","km","cant_participantes","desc_participante","calle_avenida_km","total","heridos_leves","heridos_graves","heridos_gravisimos","ilesos","fallecidos","sin_datos","posicion_XY","desc_tipo_via","desc_ruta_ori","desc_loc","desc_dpto","desc_tipo_calzada","desc_tipo_banquina","desc_unidad_regional","desc_lugar_calzada","desc_zona","desc_prioridad","desc_estado_semaforo","desc_lugar_via","desc_estado_via","desc_estado_visibilidad","desc_luminosidad","desc_estado_clima","desc_tipo_colision","desc_tipo_atropello","desc_tipo_hecho","desc_pres_calzada","desc_senializacion","desc_separacion_via","desc_restriccion"
2014,5345,09/07/2014,"Miercoles",0,22:20:00,,"0.0",2,"Moto/Ciclomotor,Pickup/Utilitario","J Castelli Y Gdor Servando Bayo",2,1,0,0,1,0,0,,"Calle",,"SANTA FE","La Capital","Asfalto,Ripio","Natural","I","Dentro","Urbana","Ninguna","No existe","Intersección","Con baches","Reducida","Nocturna","Buen Tiempo","Lateral","S/D","Colisión","Material Suelto","Faltante","Ninguna","Sin restricción"
2014,5346,15/07/2014,"Martes",0,13:55:00,,"0.0",2,"Bicicleta,Automóvil","Candioti 3100",2,1,0,0,0,0,1,"-31.640944444444,-60.696555555556","Calle",,"SANTA FE","La Capital","Hormigón","No existe","I","Dentro","Urbana","S/D","S/D","Recta","Deteriorada","S/D","Diurna","S/D","S/D","S/D","Atropello","S/D","S/D","S/D","S/D"
2014,5347,26/07/2014,"Sabado",0,17:30:00,,"0.0",2,"Moto/Ciclomotor,Automóvil","Reg 12 de Infanteria Y Alberdi",4,1,0,0,3,0,0,,"Calle",,"SANTA FE","La Capital","S/D","S/D","I","S/D","Urbana","S/D","S/D","Intersección","S/D","S/D","Atardecer","S/D","Lateral","S/D","Colisión","S/D","S/D","S/D","S/D"
2014,5348,25/07/2014,"Viernes",0,19:20:00,,"0.0",2,"Automóvil,Pickup/Utilitario","Vera Y Zavalia",3,1,0,0,2,0,0,,"Calle",,"SANTA FE","La Capital","S/D","S/D","I","S/D","Urbana","S/D","S/D","S/D","S/D","S/D","Atardecer","S/D","S/D","S/D","S/D","S/D","S/D","S/D","S/D"
2014,5349,15/07/2014,"Martes",0,17:30:00,,"0.0",2,"Bicicleta,Automóvil","Salvador del Carril Y Alberdi",2,1,0,0,0,0,1,"-31.620333333333,-60.687111111111","Calle",,"SANTA FE","La Capital","Asfalto","No existe","I","Dentro","Urbana","Ninguna","No existe","Recta","Bueno","Buena","Diurna","Buen Tiempo","S/D","S/D","Atropello","S/D","Faltante","Línea divisoria pintada","Sin restricción"
2014,5350,11/07/2014,"Viernes",0,16:00:00,,"0.0",2,"Automóvil,Moto/Ciclomotor","Alvear Y Velez Sarsfield",2,1,0,0,0,0,1,,"Calle",,"SANTA FE","La Capital","Asfalto","No existe","I","Dentro","Urbana","S/D","S/D","Intersección","Bueno","S/D","Diurna","Buen Tiempo","Lateral","S/D","Colisión","S/D","S/D","S/D","S/D"
2014,5351,11/07/2014,"Viernes",0,09:00:00,,"0.0",2,"Moto/Ciclomotor,Pickup/Utilitario","Av Peñaloza Y Estanislao Zeballos",2,1,0,0,1,0,0,,"Avenida",,"SANTA FE","La Capital","Asfalto","Pavimento","I","Dentro","Urbana","Semáforo","Funciona","Intersección","Bueno","S/D","Diurna","Buen Tiempo","Lateral","S/D","Colisión","S/D","Horizontal,Vertical","Cordón divisorio","Sin restricción"
2014,5352,20/07/2014,"Domingo",0,05:10:00,,"0.0",2,"Moto/Ciclomotor,Pickup/Utilitario","CARESETO Y AV. ROSARIO",3,0,2,0,1,0,0,,"Calle",,"ROSARIO","Rosario","Asfalto","No existe","II","Dentro","Urbana","Otra Señal","No existe","Intersección","Bueno","Buena","Diurna","Buen Tiempo","Frontal","S/D","Colisión","S/D","S/D","Cordón divisorio","Sin restricción"
2014,5353,11/07/2014,"Viernes",0,11:42:00,,"0.0",2,"Peatón,Moto/Ciclomotor","Balcarce Y San Luis",2,1,0,0,0,0,1,"-31.637277777778,-60.700027777778","Calle",,"SANTA FE","La Capital","Asfalto","No existe","I","Dentro","Urbana","S/D","S/D","Intersección","Deteriorada","S/D","Diurna","S/D","S/D","S/D","Atropello","S/D","S/D","S/D","S/D"
2014,5354,01/07/2014,"Martes",0,10:00:00,,"0.0",2,"Automóvil,Moto/Ciclomotor","Saavedra Y F Aldao",2,0,0,0,0,0,2,,"Calle",,"SANTA FE","La Capital","S/D","S/D","I","S/D","S/D","S/D","S/D","S/D","S/D","S/D","Diurna","S/D","S/D","S/D","S/D","S/D","S/D","S/D","S/D"
2014,5355,17/07/2014,"Jueves",0,17:30:00,,"0.0",2,"Moto/Ciclomotor,Automóvil","Angel Cassanello Y P Cullen",2,1,0,0,1,0,0,,"S/D",,"SANTA FE","La Capital","Asfalto","S/D","I","S/D","S/D","Ninguna","S/D","Intersección","Bueno","S/D","Diurna","S/D","S/D","S/D","S/D","Ninguna","S/D","Ninguna","Sin restricción"
2014,5356,26/07/2014,"Sabado",0,13:30:00,,"0.0",2,"Moto/Ciclomotor,Cuatriciclo","Av A del Valle Y Alberti",2,2,0,0,0,0,0,,"Avenida",,"SANTA FE","La Capital","S/D","S/D","I","S/D","Urbana","S/D","S/D","Intersección","S/D","S/D","Diurna","S/D","Lateral","S/D","Colisión","S/D","S/D","S/D","S/D"
2014,5357,18/07/2014,"Viernes",0,09:40:00,,"0.0",2,"Moto/Ciclomotor,Automóvil","Av Freyre Y Vera",2,1,0,0,1,0,0,,"Avenida",,"SANTA FE","La Capital","S/D","S/D","I","S/D","Urbana","S/D","S/D","S/D","S/D","S/D","Diurna","S/D","S/D","S/D","Colisión","S/D","S/D","S/D","S/D"
2014,5358,19/07/2014,"Sabado",0,13:00:00,,"0.0",2,"Moto/Ciclomotor,Automóvil","Mariano Moreno Y Rafael Arrieta",2,1,0,0,1,0,0,,"S/D",,"ROSARIO","Rosario","Asfalto","No existe","II","S/D","Urbana","Otra Señal","No existe","Intersección","Bueno","Buena","Diurna","Buen Tiempo","Lateral","S/D","Colisión","Otro","S/D","Cordón divisorio","Sin restricción"
2014,5359,11/07/2014,"Viernes",0,16:20:00,,"0.0",2,"Moto/Ciclomotor,Automóvil","Europa Y Espora",2,1,0,0,1,0,0,,"Calle",,"SANTA FE","La Capital","Asfalto","Natural","I","Dentro","Urbana","Ninguna","Funciona","Intersección","Con baches","Buena","Diurna","Buen Tiempo","Lateral","S/D","Colisión","S/D","Faltante","Ninguna","Sin restricción"
2014,5360,17/07/2014,"Jueves",0,18:10:00,,"0.0",2,"Automóvil,Moto/Ciclomotor","Rivadavia Y Llerena",2,1,0,0,1,0,0,,"Calle",,"SANTA FE","La Capital","Asfalto","S/D","I","Dentro","Urbana","Ninguna","S/D","Intersección","Bueno","S/D","S/D","Buen Tiempo","S/D","S/D","Colisión","Ninguna","S/D","Ninguna","Sin restricción"
2014,5361,01/07/2014,"Martes",0,13:45:00,,"0.0",2,"Moto/Ciclomotor,Pickup/Utilitario","Av Pte Peron Y Gdor Crespo",2,1,0,0,1,0,0,,"Calle",,"SANTA FE","La Capital","S/D","S/D","I","Dentro","Urbana","S/D","S/D","S/D","S/D","S/D","Diurna","S/D","S/D","S/D","Colisión","S/D","S/D","S/D","S/D"
2014,5362,23/07/2014,"Miercoles",0,14:15:00,,"0.0",2,"Automóvil,Moto/Ciclomotor","Av Freyre Y Amenabar",3,2,0,0,1,0,0,,"Avenida",,"SANTA FE","La Capital","Asfalto","S/D","I","S/D","S/D","S/D","S/D","Intersección","S/D","S/D","Diurna","S/D","S/D","S/D","Colisión","S/D","S/D","S/D","S/D"
2014,5363,02/07/2014,"Miercoles",0,17:00:00,,"0.0",2,"Bicicleta,Automóvil","Madre Cabrini 2454",3,2,0,0,1,0,0,,"Calle",,"ROSARIO","Rosario","Asfalto","No existe","II","S/D","Urbana","Ninguna","No existe","Otro","Bueno","Buena","Diurna","Buen Tiempo","S/D","S/D","Atropello","S/D","S/D","Ninguna","Sin restricción"
2014,5364,18/07/2014,"Viernes",0,22:00:00,,"0.0",2,"Moto/Ciclomotor,Taxi/Remis","Mitre Y Gorostiaga",2,1,0,0,1,0,0,,"Calle",,"SANTA FE","La Capital","Asfalto","No existe","I","Dentro","Urbana","Ninguna","No existe","Intersección","Bueno","Buena","Diurna","Buen Tiempo","Frontal","S/D","Colisión","Ninguna","Horizontal","Ninguna","Sin restricción"
2014,5365,27/07/2014,"Domingo",0,13:50:00,,"0.0",2,"Automóvil,Moto/Ciclomotor","Belgrano Y Padre Genesio",2,1,0,0,1,0,0,,"S/D",,"SANTA FE","La Capital","Asfalto","S/D","I","S/D","Urbana","S/D","S/D","Intersección","Bueno","Buena","Diurna","S/D","Lateral","S/D","Colisión","S/D","S/D","S/D","S/D"
2014,5366,01/07/2014,"Martes",0,19:30:00,,"0.0",2,"Moto/Ciclomotor,Automóvil","Lamadrid Y Primera Junta",3,0,2,0,1,0,0,,"Calle",,"SANTA FE","La Capital","S/D","S/D","I","Dentro","Urbana","S/D","S/D","S/D","S/D","S/D","Atardecer","S/D","S/D","S/D","Colisión","S/D","S/D","S/D","S/D"
2014,5367,01/07/2014,"Martes",0,13:00:00,,"0.0",2,"Automóvil,Moto/Ciclomotor","M De Polonia Y 4 de Enero",2,0,0,0,0,0,2,,"Calle",,"SANTA FE","La Capital","S/D","S/D","I","S/D","S/D","S/D","S/D","S/D","S/D","S/D","Diurna","S/D","S/D","S/D","S/D","S/D","S/D","S/D","S/D"
2014,5368,18/07/2014,"Viernes",0,13:00:00,,"0.0",2,"Moto/Ciclomotor,Automóvil","Av. Arijon Y Callao",2,1,0,0,1,0,0,,"Avenida",,"ROSARIO","Rosario","Asfalto","No existe","II","Dentro","Urbana","Semáforo","Funciona","Recta","Bueno","Buena","Diurna","Buen Tiempo","Otro","S/D","Colisión","S/D","Vertical","Línea divisoria pintada","Sin restricción"
2014,5369,21/07/2014,"Lunes",0,08:10:00,,"0.0",2,"Pickup/Utilitario,Automóvil","Guemes Y Quintana",3,2,0,0,0,0,1,,"S/D",,"SANTA FE","La Capital","Asfalto","No existe","I","S/D","S/D","Ninguna","No existe","Intersección","Bueno","S/D","Diurna","Buen Tiempo","S/D","S/D","Colisión","Ninguna","S/D","Ninguna","Sin restricción"
2014,5370,04/07/2014,"Viernes",0,16:30:00,,"0.0",1,"Moto/Ciclomotor","J M Zuviria Y Independencia",1,0,0,0,0,0,1,,"Calle",,"SANTA FE","La Capital","S/D","S/D","I","S/D","S/D","S/D","S/D","S/D","S/D","S/D","Diurna","S/D","S/D","S/D","S/D","S/D","S/D","S/D","S/D"
2014,5371,06/07/2014,"Domingo",0,,,"0.0",2,"Moto/Ciclomotor,Automóvil","Italia Y Padre R. Giaccone",2,1,0,0,1,0,0,,"Calle",,"ROSARIO","Rosario","Asfalto","No existe","II","Dentro","Urbana","S/D","S/D","Intersección","Bueno","Buena","Diurna","Buen Tiempo","Lateral","S/D","Colisión","S/D","S/D","Cordón divisorio","Sin restricción"
2014,5372,23/07/2014,"Miercoles",0,13:15:00,,"0.0",2,"Moto/Ciclomotor,Automóvil","Reg.11 de Infanteria Y Santiago",3,2,0,0,1,0,0,,"S/D",,"ROSARIO","Rosario","Asfalto","No existe","II","S/D","Urbana","Otra Señal","No existe","Intersección","Bueno","Buena","Diurna","Buen Tiempo","Lateral","S/D","Colisión","S/D","S/D","Barrera de hormigón","Sin restricción"
2014,5373,05/07/2014,"Sabado",0,11:40:00,,"0.0",2,"Automóvil,Moto/Ciclomotor","Av. Arijon Y Tabare",2,1,0,0,1,0,0,,"Calle",,"ROSARIO","Rosario","Asfalto","No existe","II","Dentro","Urbana","Semáforo","No existe","Intersección","Bueno","Buena","Diurna","Buen Tiempo","Lateral","S/D","Colisión","S/D","S/D","Línea divisoria pintada","Sin restricción"
2014,5374,23/07/2014,"Miercoles",0,06:00:00,,"0.0",2,"Moto/Ciclomotor,Taxi/Remis","Lamadrid 1700",2,1,0,0,1,0,0,,"Calle",,"ROSARIO","Rosario","Asfalto","No existe","II","Dentro","Urbana","Otra Señal","No existe","Recta","Bueno","Buena","Amanecer","Buen Tiempo","Lateral","S/D","Colisión","Otro","S/D","Barrera de hormigón","Sin restricción"
2014,5375,21/07/2014,"Lunes",0,20:00:00,,"0.0",2,"Automóvil,Automóvil","Av A del Valle Y Hernandarias",2,1,0,0,0,0,1,,"Avenida",,"SANTA FE","La Capital","Asfalto","S/D","I","Dentro","Urbana","Semáforo","Funciona","Intersección","Bueno","S/D","Diurna","Buen Tiempo","S/D","S/D","Colisión","Ninguna","Vertical","S/D","S/D"
2014,5376,25/07/2014,"Viernes",0,17:15:00,,"0.0",2,"Moto/Ciclomotor,Bicicleta","Av Gral Lopez Y San Jose",2,1,0,0,1,0,0,"-31.654555555556,-60.725666666667","Calle",,"SANTA FE","La Capital","Asfalto","S/D","I","S/D","Urbana","S/D","S/D","Intersección","S/D","S/D","S/D","S/D","S/D","S/D","Atropello","S/D","S/D","S/D","S/D"
2014,5377,22/07/2014,"Martes",0,12:45:00,,"0.0",2,"Automóvil,Automóvil","Bv. Oroño Y Sanchez de Bustamante",2,1,0,0,1,0,0,,"Calle",,"ROSARIO","Rosario","Asfalto","No existe","II","Dentro","Urbana","Semáforo","Funciona","Recta","Bueno","Buena","Diurna","Buen Tiempo","Otro","S/D","Colisión","S/D","Vertical","Barrera de hormigón","Sin restricción"
2014,5378,22/07/2014,"Martes",0,12:30:00,,"0.0",2,"Moto/Ciclomotor,Automóvil","Candioti Y Lavaisse",2,1,0,0,1,0,0,,"S/D",,"SANTA FE","La Capital","Asfalto","S/D","I","S/D","S/D","S/D","S/D","Intersección","Bueno","S/D","Diurna","Buen Tiempo","S/D","S/D","S/D","Ninguna","S/D","S/D","S/D"
2014,5379,08/07/2014,"Martes",0,12:45:00,,"0.0",2,"Moto/Ciclomotor,Automóvil","Av Freyre Y Hipolito Yrigoyen",2,1,0,0,1,0,0,,"Avenida",,"SANTA FE","La Capital","S/D","S/D","I","S/D","Urbana","S/D","S/D","S/D","S/D","S/D","Diurna","S/D","S/D","S/D","Colisión","S/D","S/D","S/D","S/D"
2014,5380,01/07/2014,"Martes",0,11:15:00,,"0.0",2,"Bicicleta,Automóvil","Av. Battle y Ordoñez Y Melian",2,1,0,0,1,0,0,,"Avenida",,"ROSARIO","Rosario","Asfalto","No existe","II","Dentro","Urbana","Semáforo","Funciona","Intersección","Bueno","Buena","Diurna","Buen Tiempo","S/D","S/D","Atropello","S/D","S/D","Cordón divisorio","Sin restricción"
2014,5381,24/07/2014,"Jueves",0,09:00:00,,"0.0",2,"Automóvil,Automóvil","Martin Zapata Y Dorrego",2,1,0,0,0,0,1,,"Calle",,"SANTA FE","La Capital","Asfalto","No existe","I","S/D","Urbana","Ninguna","No existe","Intersección","Bueno","Buena","Diurna","Buen Tiempo","Lateral","S/D","Colisión","Ninguna","Faltante","Ninguna","Sin restricción"
2014,5382,07/07/2014,"Lunes",0,17:15:00,,"0.0",2,"Automóvil,Automóvil","Bv. Oroño 6100",2,1,0,0,1,0,0,,"Avenida",,"ROSARIO","Rosario","S/D","No existe","II","Dentro","Urbana","S/D","No existe","Intersección","Bueno","Buena","Diurna","Buen Tiempo","Lateral","S/D","Colisión","S/D","S/D","S/D","Sin restricción"
2014,5383,01/07/2014,"Martes",0,20:15:00,,"0.0",2,"Peatón,Automóvil","Bv. Oroño Y Sanchez de Bustamante",4,1,0,0,3,0,0,,"Avenida",,"ROSARIO","Rosario","Asfalto","No existe","II","Dentro","Urbana","Semáforo","S/D","Intersección","Bueno","Buena","Nocturna","Buen Tiempo","S/D","S/D","Atropello","S/D","S/D","Cordón divisorio","Sin restricción"
2014,5384,06/07/2014,"Domingo",0,17:15:00,,"0.0",2,"Automóvil,Taxi/Remis","Lamadrid Y Pueyrredon",2,1,0,0,1,0,0,,"Calle",,"ROSARIO","Rosario","Asfalto","No existe","II","Dentro","Urbana","Ninguna","No existe","Intersección","S/D","Buena","Diurna","Buen Tiempo","Lateral","S/D","Colisión","S/D","S/D","Cordón divisorio","S/D"
2014,5385,08/07/2014,"Martes",0,18:00:00,,"0.0",2,"Bicicleta,Automóvil","Leumann Y Francia",2,1,0,0,1,0,0,"-31.584267, -60.697232","Calle",,"SANTA FE","La Capital","S/D","S/D","I","S/D","Urbana","S/D","S/D","S/D","S/D","S/D","Diurna","S/D","S/D","S/D","Atropello","S/D","S/D","S/D","S/D"
2014,5386,05/07/2014,"Sabado",0,09:35:00,,"0.0",2,"Moto/Ciclomotor,Automóvil","Llerena Y Av Peñaloza",2,0,0,0,0,0,2,,"Avenida",,"SANTA FE","La Capital","S/D","S/D","I","S/D","Urbana","S/D","S/D","S/D","S/D","S/D","Diurna","S/D","S/D","S/D","S/D","S/D","S/D","S/D","S/D"
2014,5387,04/07/2014,"Viernes",0,20:00:00,,"0.0",2,"Moto/Ciclomotor,Automóvil","Dorrego Y Piedras",3,2,0,0,1,0,0,,"S/D",,"ROSARIO","Rosario","Asfalto","No existe","II","S/D","S/D","Ninguna","S/D","Intersección","Bueno","Buena","Nocturna","Buen Tiempo","Lateral","S/D","Colisión","S/D","S/D","Ninguna","Sin restricción"
2014,5388,24/07/2014,"Jueves",0,20:00:00,,"0.0",2,"Moto/Ciclomotor,Automóvil","Salvador del Carril Y Guemes",2,1,0,0,1,0,0,,"Calle",,"SANTA FE","La Capital","Asfalto","No existe","I","Dentro","Urbana","Ninguna","No existe","Intersección","Bueno","Buena","Diurna","Buen Tiempo","Frontal","S/D","Colisión","Ninguna","S/D","Ninguna","Sin restricción"
2014,5389,10/07/2014,"Jueves",0,16:00:00,,"0.0",2,"Moto/Ciclomotor,Automóvil","Av Galicia Y Alvear",3,2,0,0,1,0,0,,"Avenida",,"SANTA FE","La Capital","S/D","S/D","I","Dentro","Urbana","S/D","S/D","Intersección","S/D","S/D","Diurna","S/D","Lateral","S/D","Colisión","S/D","S/D","S/D","S/D"
2014,5390,09/07/2014,"Miercoles",0,22:48:00,,"0.0",2,"Taxi/Remis,Automóvil","Av. Ntra.Sra.del Rosario Y Italia",3,1,0,0,1,0,1,,"Avenida",,"ROSARIO","Rosario","Asfalto","No existe","II","Dentro","Urbana","Ninguna","No existe","Intersección","Bueno","S/D","Nocturna","Buen Tiempo","Lateral","S/D","Colisión","S/D","S/D","Cordón divisorio","Sin restricción"
2014,5391,08/07/2014,"Martes",0,20:05:00,,"0.0",2,"Moto/Ciclomotor,Pickup/Utilitario","Av Freyre Y La Rioja",3,2,0,0,1,0,0,,"Avenida",,"SANTA FE","La Capital","S/D","S/D","I","S/D","Urbana","S/D","S/D","S/D","S/D","S/D","Nocturna","S/D","S/D","S/D","Colisión","S/D","S/D","S/D","S/D"
2014,5392,07/07/2014,"Lunes",0,21:15:00,,"0.0",2,"Otros,Automóvil","Presidente Roca Y 4 de Enero",2,0,0,0,0,0,2,,"Calle",,"SANTA FE","La Capital","S/D","S/D","I","S/D","S/D","S/D","S/D","S/D","S/D","S/D","Nocturna","S/D","S/D","S/D","S/D","S/D","S/D","S/D","S/D"
2014,5393,13/07/2014,"Domingo",0,11:30:00,,"0.0",2,"Moto/Ciclomotor,Otros","Lamadrid Y Bv. Oroño",2,1,0,0,1,0,0,,"Avenida",,"ROSARIO","Rosario","Asfalto","No existe","II","Dentro","Urbana","Semáforo","Funciona","Intersección","Bueno","Buena","Diurna","Buen Tiempo","Lateral","S/D","Colisión","S/D","Vertical","Cordón divisorio","Sin restricción"
2014,5394,09/07/2014,"Miercoles",0,21:30:00,,"0.0",2,"Moto/Ciclomotor,Automóvil","Francia Y Maipu",2,1,0,0,1,0,0,,"Calle",,"SANTA FE","La Capital","S/D","S/D","I","S/D","Urbana","S/D","S/D","S/D","S/D","S/D","Nocturna","S/D","S/D","S/D","Colisión","S/D","S/D","S/D","S/D"
2014,5395,11/07/2014,"Viernes",0,20:00:00,,"0.0",2,"Moto/Ciclomotor,Automóvil","Av Freyre Y Vera",3,2,0,0,1,0,0,,"Avenida",,"SANTA FE","La Capital","S/D","S/D","I","S/D","Urbana","S/D","S/D","S/D","S/D","S/D","Nocturna","S/D","S/D","S/D","Colisión","S/D","S/D","S/D","S/D"
2014,5396,08/07/2014,"Martes",0,09:05:00,,"0.0",2,"Moto/Ciclomotor,Pickup/Utilitario","Llerena Y Av Peñaloza",2,0,0,0,0,0,2,,"Avenida",,"SANTA FE","La Capital","S/D","S/D","I","S/D","S/D","S/D","S/D","S/D","S/D","S/D","Diurna","S/D","S/D","S/D","S/D","S/D","S/D","S/D","S/D"
2014,5397,24/07/2014,"Jueves",0,22:25:00,,"0.0",2,"Moto/Ciclomotor,Automóvil","Pje Venialvo Y Llerena",2,1,0,0,1,0,0,,"Calle",,"SANTA FE","La Capital","Asfalto","No existe","I","Dentro","Urbana","Ninguna","No existe","Intersección","Bueno","Buena","Diurna","Buen Tiempo","Frontal","S/D","Colisión","Ninguna","Horizontal","Ninguna","Sin restricción"
2014,5398,09/07/2014,"Miercoles",0,,,"0.0",2,"Moto/Ciclomotor,Automóvil","Av Facundo Zuviria 6300",3,0,0,0,0,0,3,,"Avenida",,"SANTA FE","La Capital","S/D","S/D","I","S/D","S/D","S/D","S/D","S/D","S/D","S/D","S/D","S/D","S/D","S/D","S/D","S/D","S/D","S/D","S/D"
2014,5399,25/07/2014,"Viernes",0,09:15:00,,"0.0",2,"Automóvil,Moto/Ciclomotor","Pedro de Vega Y Alvear",2,1,0,0,1,0,0,,"Calle",,"SANTA FE","La Capital","Asfalto","S/D","I","S/D","Urbana","Ninguna","S/D","Intersección","Bueno","S/D","S/D","S/D","Lateral","S/D","Colisión","S/D","S/D","Ninguna","Sin restricción"
2014,5400,10/07/2014,"Jueves",0,20:20:00,,"0.0",2,"Automóvil,Moto/Ciclomotor","P Cullen Y Pavon",2,1,0,0,1,0,0,,"Calle",,"SANTA FE","La Capital","Asfalto","S/D","I","Dentro","Urbana","S/D","S/D","Intersección","S/D","S/D","Con luz artificial","S/D","S/D","S/D","Colisión","S/D","S/D","S/D","S/D"
2014,5401,14/07/2014,"Lunes",0,,,"0.0",2,"Moto/Ciclomotor,Pickup/Utilitario","Estanislao Zeballos Y San Juan",2,0,0,0,0,0,2,,"S/D",,"SANTA FE","La Capital","S/D","S/D","I","S/D","S/D","S/D","S/D","S/D","S/D","S/D","S/D","S/D","S/D","S/D","S/D","S/D","S/D","S/D","S/D"
2014,5402,26/07/2014,"Sabado",0,23:30:00,,"0.0",2,"Moto/Ciclomotor,Automóvil","Derqui Y Las Heras",2,1,0,0,0,0,1,,"Calle",,"SANTA FE","La Capital","Asfalto","S/D","I","S/D","Urbana","S/D","S/D","Intersección","Bueno","Buena","Nocturna","S/D","S/D","S/D","S/D","Ninguna","S/D","S/D","S/D"
2014,5403,29/07/2014,"Martes",0,00:45:00,,"0.0",2,"Automóvil,Moto/Ciclomotor","Juan Del Campillo Y Las Heras",2,1,0,0,1,0,0,,"Calle",,"SANTA FE","La Capital","Asfalto","No existe","I","Dentro","Urbana","S/D","S/D","Intersección","Deteriorada","S/D","Nocturna","S/D","Lateral","S/D","Colisión","S/D","S/D","S/D","S/D"
2014,5404,17/07/2014,"Jueves",0,16:00:00,,"0.0",2,"Moto/Ciclomotor,Automóvil","Av Peñaloza Y Diagonal Goyena",2,0,0,0,0,0,2,,"Calle",,"SANTA FE","La Capital","S/D","S/D","I","S/D","S/D","S/D","S/D","S/D","S/D","S/D","Diurna","S/D","S/D","S/D","S/D","S/D","S/D","S/D","S/D"
2014,5405,12/07/2014,"Sabado",0,09:30:00,,"0.0",2,"Moto/Ciclomotor,Automóvil","Av Freyre Y Hipolito Yrigoyen",2,1,0,0,1,0,0,,"Avenida",,"SANTA FE","La Capital","S/D","S/D","I","S/D","Urbana","S/D","S/D","S/D","S/D","S/D","Diurna","S/D","S/D","S/D","Colisión","S/D","S/D","S/D","S/D"
2014,5406,17/07/2014,"Jueves",0,13:30:00,,"0.0",2,"Peatón,Automóvil","Dr Zavalla Y Pje Koch",2,0,0,0,0,0,2,"-31.600361111111,-60.706861111111","S/D",,"SANTA FE","La Capital","S/D","S/D","I","S/D","S/D","S/D","S/D","S/D","S/D","S/D","Diurna","S/D","S/D","S/D","Atropello","S/D","S/D","S/D","S/D"
2014,5407,12/07/2014,"Sabado",0,22:40:00,,"0.0",2,"Moto/Ciclomotor,Taxi/Remis","Bv Pellegrini Y Los Pinos",2,1,0,0,1,0,0,,"Avenida",,"SANTA FE","La Capital","S/D","S/D","I","S/D","Urbana","S/D","S/D","S/D","S/D","S/D","Nocturna","S/D","S/D","S/D","Colisión","S/D","S/D","S/D","S/D"
2014,5408,07/07/2014,"Lunes",0,14:00:00,,"0.0",2,"Bicicleta,Automóvil","Av Facundo Zuviria Y Risso",2,1,0,0,1,0,0,"-31.599138888889,-60.70125","S/D",,"SANTA FE","La Capital","Hormigón","No existe","I","S/D","S/D","Ninguna","No existe","Intersección","Bueno","Buena","Diurna","Buen Tiempo","Lateral","S/D","Atropello","S/D","S/D","Ninguna","Sin restricción"
2014,5409,25/07/2014,"Viernes",0,12:30:00,,"0.0",2,"Moto/Ciclomotor,Automóvil","Av Leandro Alem Y Alberdi",2,1,0,0,1,0,0,,"Calle",,"SANTA FE","La Capital","Hormigón","No existe","I","Dentro","Urbana","S/D","S/D","Intersección","Deteriorada","S/D","Diurna","S/D","Lateral","S/D","Colisión","S/D","S/D","S/D","S/D"
2014,5410,11/07/2014,"Viernes",0,10:30:00,,"0.0",2,"Moto/Ciclomotor,Automóvil","MANZANA 1 ",2,1,0,0,1,0,0,,"Calle",,"ALTO VERDE","La Capital","Asfalto","No existe","I","S/D","Urbana","Ninguna","No existe","Curva","Bueno","Buena","Diurna","Buen Tiempo","Lateral","S/D","Colisión","S/D","Faltante","Ninguna","Sin restricción"
2014,5411,08/07/2014,"Martes",0,14:00:00,,"0.0",2,"Automóvil,Automóvil","9 de Julio Y Estanislao Zeballos",3,2,0,0,1,0,0,,"Calle",,"SANTA FE","La Capital","Hormigón","No existe","I","Dentro","Urbana","Ninguna","No existe","Intersección","Bueno","Buena","Diurna","Buen Tiempo","Lateral","S/D","Colisión","Otro","Faltante","Ninguna","Sin restricción"
2014,5412,08/07/2014,"Martes",0,19:00:00,,"0.0",2,"Moto/Ciclomotor,Moto/Ciclomotor","San Jeronimo Y Estanislao Zeballos",2,1,0,0,1,0,0,,"Calle",,"SANTA FE","La Capital","Asfalto","No existe","I","Dentro","Urbana","Ninguna","No existe","Intersección","Otro","Buena","Atardecer,Con luz artificial","Buen Tiempo","Lateral","S/D","Colisión","Otro","Faltante","Ninguna","Sin restricción"
2014,5413,19/07/2014,"Sabado",0,07:00:00,,"0.0",2,"Automóvil,Automóvil","Bv Galvez Y Mitre",2,1,0,0,1,0,0,,"Calle",,"SANTA FE","La Capital","Asfalto","No existe","I","Dentro","Urbana","S/D","Funciona","Intersección","Bueno","S/D","Diurna","S/D","Lateral","S/D","Colisión","S/D","S/D","S/D","S/D"
2014,5414,30/07/2014,"Miercoles",0,21:00:00,,"0.0",2,"Moto/Ciclomotor,Automóvil","Av A del Valle Y Huergo",2,1,0,0,0,0,1,,"Avenida",,"SANTA FE","La Capital","Asfalto","S/D","I","S/D","Urbana","S/D","S/D","Intersección","Bueno","S/D","Nocturna","S/D","S/D","S/D","S/D","Ninguna","S/D","S/D","S/D"
2014,5415,08/07/2014,"Martes",0,10:00:00,,"0.0",2,"Automóvil,Moto/Ciclomotor","Av A del Valle Y Iturraspe",2,1,0,0,1,0,0,,"Avenida",,"SANTA FE","La Capital","Hormigón","No existe","I","Dentro","Urbana","Ninguna","No existe","Intersección","Bueno","Buena","Diurna","Buen Tiempo","Lateral","S/D","Colisión","Otro","Faltante","Ninguna","Sin restricción"