"anio_acci","nro_acci","fecha","desc_dia","fecha_aprox","hora_aprox","desc_ruta","km","cant_participantes","desc_participante","calle_avenida_km","total","heridos_leves","heridos_graves","heridos_gravisimos","ilesos","fallecidos","sin_datos","posicion_XY","desc_tipo_via","desc_ruta_ori","desc_loc","desc_dpto","desc_tipo_calzada","desc_tipo_banquina","desc_unidad_regional","desc_lugar_calzada","desc_zona","desc_prioridad","desc_estado_semaforo","desc_lugar_via","desc_estado_via","desc_estado_visibilidad","desc_luminosidad","desc_estado_clima","desc_tipo_colision","desc_tipo_atropello","desc_tipo_hecho","desc_pres_calzada","desc_senializacion","desc_separacion_via","desc_restriccion"
2014,5416,13/07/2014,"Domingo",0,12:30:00,,"0.0",2,"Moto/Ciclomotor,Automóvil","Bv Pellegrini Y Saavedra",2,1,0,0,1,0,0,,"Avenida",,"SANTA FE","La Capital","S/D","S/D","I","S/D","Urbana","S/D","S/D","S/D","S/D","S/D","Diurna","S/D","S/D","S/D","Colisión","S/D","S/D","S/D","S/D"
2014,5417,16/07/2014,"Miercoles",0,23:00:00,,"0.0",2,"Automóvil,Moto/Ciclomotor","Calchines Y Alberdi",2,1,0,0,1,0,0,,"Calle",,"SANTA FE","La Capital","Asfalto","No existe","I","Dentro","Urbana","S/D","S/D","Intersección","Deteriorada","S/D","Nocturna","S/D","Lateral","S/D","Colisión","S/D","S/D","S/D","S/D"
2014,5418,02/07/2014,"Miercoles",0,21:55:00,,"0.0",2,"Moto/Ciclomotor,Peatón","MANZANA 3 ",2,1,0,0,1,0,0,"-31.661311718793,-60.700914918295","Calle",,"ALTO VERDE","La Capital","Tierra","No existe","I","S/D","Urbana","S/D","No existe","Curva","Bueno","Buena","Nocturna","Buen Tiempo","S/D","S/D","Atropello","S/D","Faltante","Ninguna","Sin restricción"
2014,5419,29/07/2014,"Martes",0,,,"0.0",2,"Automóvil,Moto/Ciclomotor","Salvador del Carril Y Laprida",2,1,0,0,1,0,0,,"Calle",,"SANTA FE","La Capital","Asfalto","S/D","I","S/D","Urbana","S/D","S/D","Intersección","S/D","Buena","S/D","S/D","S/D","S/D","S/D","Ninguna","S/D","S/D","S/D"
2014,5420,13/07/2014,"Domingo",0,15:00:00,,"0.0",2,"Moto/Ciclomotor,Automóvil","Salta Y San Jose",3,2,0,0,1,0,0,,"Calle",,"SANTA FE","La Capital","S/D","S/D","I","S/D","Urbana","S/D","S/D","S/D","S/D","S/D","Diurna","S/D","S/D","S/D","Colisión","S/D","S/D","S/D","S/D"
2014,5421,15/07/2014,"Martes",0,23:30:00,,"0.0",2,"Moto/Ciclomotor,Automóvil","1ro de Mayo Y J Castelli",2,1,0,0,1,0,0,,"Calle",,"SANTA FE","La Capital","Hormigón","No existe","I","Dentro","Urbana","Ninguna","No existe","Intersección","Bueno","Buena","Nocturna,Con luz artificial","Buen Tiempo","Lateral","S/D","Colisión","Otro","Faltante","Ninguna","Sin restricción"
2014,5422,31/07/2014,"Jueves",0,16:20:00,,"0.0",2,"Moto/Ciclomotor,Pickup/Utilitario","Gdor Candioti Y Domingo Silva",2,1,0,0,1,0,0,,"Calle",,"SANTA FE","La Capital","Asfalto","S/D","I","Dentro","Urbana","S/D","S/D","Intersección","Deteriorada","S/D","Diurna","S/D","Lateral","S/D","Colisión","S/D","S/D","S/D","S/D"
2014,5423,10/06/2014,"Martes",0,13:40:00,,"0.0",2,"Automóvil,Automóvil","Av Blas Parera Y Reg 12 de Infanteria",2,1,0,0,0,0,1,,"Avenida",,"SANTA FE","La Capital","Asfalto","S/D","I","Dentro","Urbana","Semáforo","Funciona","Intersección","S/D","Buena","Diurna","Buen Tiempo","Lateral","S/D","Colisión","S/D","S/D","Barrera de hormigón","S/D"
2014,5424,18/07/2014,"Viernes",0,12:45:00,,"0.0",2,"Moto/Ciclomotor,Automóvil","San Jeronimo Y Hernandarias",2,1,0,0,1,0,0,,"Calle",,"SANTA FE","La Capital","Hormigón","No existe","I","Dentro","Urbana","Ninguna","No existe","Intersección","Otro","Buena","Diurna","Buen Tiempo","Lateral","S/D","Colisión","Otro","Faltante","Ninguna","Sin restricción"
2014,5425,08/07/2014,"Martes",0,21:15:00,,"0.0",2,"Automóvil,Automóvil","Alvear Y Ituzaingo",2,1,0,0,1,0,0,,"Calle",,"SANTA FE","La Capital","Asfalto","No existe","I","Dentro","Urbana","S/D","S/D","Intersección","Deteriorada","S/D","Nocturna","S/D","Lateral","S/D","Colisión","S/D","S/D","S/D","S/D"
2014,5426,14/07/2014,"Lunes",0,11:20:00,,"0.0",2,"Moto/Ciclomotor,Pickup/Utilitario","San Martin Y M De Polonia",4,2,0,0,2,0,0,,"Avenida",,"SANTA FE","La Capital","Hormigón","No existe","I","Dentro","Urbana","Ninguna","No existe","Intersección","Otro","Buena","Diurna","Buen Tiempo","Lateral","S/D","Colisión","S/D","Faltante","Ninguna","Sin restricción"
2014,5427,19/07/2014,"Sabado",0,18:00:00,,"0.0",2,"Bicicleta,Automóvil","Av A del Valle Y Iturraspe",2,1,0,0,1,0,0,"-31.62925,-60.700833333333","Avenida",,"SANTA FE","La Capital","Hormigón","No existe","I","Dentro","Urbana","Ninguna","No existe","Intersección","Bueno","Buena","Atardecer,Con luz artificial","Buen Tiempo","S/D","S/D","Atropello","Otro","Faltante","Ninguna","Sin restricción"
2014,5428,29/07/2014,"Martes",0,08:15:00,,"0.0",2,"Peatón,Automóvil","Republica de Siria Y Angel Cassanello",2,1,0,0,0,0,1,"-31.609861111111,-60.691972222222","Calle",,"SANTA FE","La Capital","Asfalto","S/D","I","Dentro","Urbana","Semáforo","Funciona","Intersección","Bueno","Buena","Diurna","Buen Tiempo","S/D","S/D","Atropello","Ninguna","Vertical","S/D","S/D"
2014,5429,13/07/2014,"Domingo",0,22:00:00,,"0.0",2,"Moto/Ciclomotor,Taxi/Remis","Av Freyre Y Junin",2,1,0,0,1,0,0,,"Avenida",,"SANTA FE","La Capital","S/D","S/D","I","S/D","Urbana","S/D","S/D","S/D","S/D","S/D","Nocturna","S/D","S/D","S/D","Colisión","S/D","S/D","S/D","S/D"
2014,5430,22/07/2014,"Martes",0,15:00:00,,"0.0",2,"Automóvil,Pickup/Utilitario","Av Facundo Zuviria Y Pedro Diaz Colodrero",2,1,0,0,1,0,0,,"Avenida",,"SANTA FE","La Capital","Hormigón","No existe","I","Dentro","Urbana","Ninguna","Funciona","Intersección","Bueno","Buena","Diurna","Buen Tiempo","Lateral","S/D","Colisión","Otro","Vertical","Ninguna","Sin restricción"
2014,5431,14/07/2014,"Lunes",0,20:00:00,,"0.0",2,"Moto/Ciclomotor,Automóvil","Primera Junta Y Lamadrid",3,2,0,0,1,0,0,,"Calle",,"SANTA FE","La Capital","S/D","S/D","I","S/D","Urbana","S/D","S/D","S/D","S/D","S/D","Nocturna","S/D","S/D","S/D","Colisión","S/D","S/D","S/D","S/D"
2014,5432,15/07/2014,"Martes",0,20:00:00,,"0.0",2,"Moto/Ciclomotor,Peatón","Av Lopez y Planes Y Maipu",2,1,0,0,1,0,0,"-31.631055555556,-60.713833333333","Avenida",,"SANTA FE","La Capital","S/D","S/D","I","S/D","Urbana","S/D","S/D","S/D","S/D","S/D","Nocturna","S/D","S/D","S/D","Atropello","S/D","S/D","S/D","S/D"
2014,5433,16/07/2014,"Miercoles",0,14:00:00,,"0.0",2,"Automóvil,Moto/Ciclomotor","Av Freyre Y Santiago del Estero",2,1,0,0,1,0,0,,"Avenida",,"SANTA FE","La Capital","S/D","S/D","I","S/D","Urbana","S/D","S/D","S/D","S/D","S/D","Diurna","S/D","S/D","S/D","Colisión","S/D","S/D","S/D","S/D"
2014,5434,06/07/2014,"Domingo",0,11:50:00,,"0.0",2,"Moto/Ciclomotor,Automóvil","1ro de Mayo Y Risso",2,1,0,0,1,0,0,,"Calle",,"SANTA FE","La Capital","Asfalto","No existe","I","S/D","Urbana","Ninguna","No existe","Intersección","Bueno","Buena","Diurna","Buen Tiempo","Lateral","S/D","Colisión","Otro","Faltante","Ninguna","Sin restricción"
2014,5435,05/07/2014,"Sabado",0,20:20:00,,"0.0",2,"Moto/Ciclomotor,Pickup/Utilitario","Mendoza Y Lamadrid",2,1,0,0,1,0,0,,"Calle",,"SANTA FE","La Capital","S/D","No existe","I","S/D","Urbana","S/D","S/D","S/D","S/D","S/D","Nocturna","S/D","S/D","S/D","Colisión","S/D","S/D","S/D","S/D"
2014,5436,08/07/2014,"Martes",0,10:30:00,,"0.0",2,"Automóvil,Automóvil","Av Freyre Y Santiago del Estero",2,1,0,0,1,0,0,,"Calle",,"SANTA FE","La Capital","S/D","S/D","I","S/D","Urbana","S/D","S/D","S/D","S/D","S/D","Diurna","S/D","S/D","S/D","Colisión","S/D","S/D","S/D","S/D"
2014,5437,02/07/2014,"Miercoles",0,17:30:00,,"0.0",2,"Moto/Ciclomotor,Automóvil","Av Freyre Y Gdor Crespo",2,1,0,0,1,0,0,,"Avenida",,"SANTA FE","La Capital","S/D","S/D","I","S/D","Urbana","S/D","S/D","S/D","S/D","S/D","Diurna","S/D","S/D","S/D","Colisión","S/D","S/D","S/D","S/D"
2014,5438,03/07/2014,"Jueves",0,13:55:00,,"0.0",2,"Moto/Ciclomotor,Automóvil","Primera Junta Y Francia",2,1,0,0,1,0,0,,"Calle",,"SANTA FE","La Capital","S/D","S/D","I","S/D","Urbana","S/D","S/D","S/D","S/D","S/D","Diurna","S/D","S/D","S/D","Colisión","S/D","S/D","S/D","S/D"
2014,5439,14/07/2014,"Lunes",0,11:00:00,,"0.0",2,"Bicicleta,Otros"," ",2,0,1,0,0,0,1,"-31.601542004994,-60.712890016052","S/D",,"SANTA FE","La Capital","S/D","S/D","I","S/D","Urbana","S/D","S/D","Rotonda","S/D","S/D","Diurna","Buen Tiempo","S/D","S/D","Atropello","S/D","S/D","S/D","S/D"
2014,5440,14/07/2014,"Lunes",0,10:00:00,,"0.0",2,"Bicicleta,Cuatriciclo","Av Blas Parera 6343",2,1,0,0,1,0,0,"-31.603861111111,-60.720666666667","Avenida",,"SANTA FE","La Capital","Asfalto","Pavimento","I","Dentro","Urbana","Ninguna","S/D","Recta","Bueno","Buena","Diurna","Buen Tiempo","S/D","S/D","Atropello","S/D","Horizontal,Vertical","Cordón divisorio","Sin restricción"
2014,5441,15/07/2014,"Martes",0,09:30:00,,"0.0",2,"Taxi/Remis,Bicicleta","Av Blas Parera Y Gorriti",2,1,0,0,1,0,0,"-31.583083333333,-60.72625","Avenida",,"SANTA FE","La Capital","Asfalto","Pavimento","I","Dentro","Urbana","Semáforo","Funciona","Intersección","Bueno","Buena","Diurna","Buen Tiempo","S/D","S/D","Atropello","S/D","Horizontal,Vertical","Cordón divisorio","Sin restricción"
2014,5442,05/07/2014,"Sabado",0,21:30:00,,"0.0",2,"Automóvil,Moto/Ciclomotor","Reg 12 de Infanteria 4100",2,1,0,0,0,0,1,,"Calle",,"SANTA FE","La Capital","Asfalto","No existe","I","S/D","Urbana","S/D","No existe","Recta","Bueno","Buena","Nocturna","Buen Tiempo","S/D","S/D","Colisión","Ninguna","S/D","Línea divisoria pintada","S/D"
2014,5443,28/07/2014,"Lunes",0,15:00:00,,"0.0",2,"Automóvil,Moto/Ciclomotor","Av Blas Parera ",2,0,0,0,0,0,2,,"Avenida",,"SANTA FE","La Capital","S/D","S/D","I","S/D","S/D","S/D","S/D","Recta","Bueno","S/D","Diurna","S/D","S/D","S/D","Colisión","S/D","S/D","S/D","S/D"
2014,5444,26/07/2014,"Sabado",0,23:50:00,,"0.0",2,"Automóvil,Moto/Ciclomotor","Estrada Y Don Guanella",2,0,1,0,1,0,0,,"Calle",,"SANTA FE","La Capital","Asfalto","S/D","I","S/D","Urbana","S/D","S/D","Recta","Bueno","S/D","S/D","Buen Tiempo","S/D","S/D","Colisión","S/D","S/D","Línea divisoria pintada","Sin restricción"
2014,5445,03/07/2014,"Jueves",0,19:30:00,,"0.0",2,"Moto/Ciclomotor,Moto/Ciclomotor","Beruti Y Pje Bonazzola",2,0,1,0,1,0,0,,"Calle",,"SANTA FE","La Capital","Asfalto,Tierra","Pavimento","I","S/D","Urbana","S/D","No existe","Intersección","Bueno","Buena","Atardecer","Buen Tiempo","S/D","S/D","S/D","S/D","S/D","S/D","S/D"
2014,5446,31/07/2014,"Jueves",0,00:00:00,,"0.0",2,"Moto/Ciclomotor,Automóvil","Callejón El Sable Y Azopardo",2,1,0,0,0,0,1,,"Calle",,"SANTA FE","La Capital","Asfalto","No existe","I","S/D","S/D","Ninguna","No existe","Intersección","Bueno","Buena","Nocturna","Buen Tiempo","Lateral","S/D","Caída ocupante","Ninguna","S/D","Ninguna","Sin restricción"
2014,5447,25/07/2014,"Viernes",0,12:40:00,,"0.0",2,"Automóvil,Moto/Ciclomotor","Av Peñaloza Y Callejón El Sable",3,2,0,0,1,0,0,,"Calle",,"SANTA FE","La Capital","Ripio","No existe","I","S/D","Urbana","Ninguna","No existe","Intersección","Deteriorada","Buena","Diurna","Buen Tiempo","Lateral","S/D","Colisión","Ninguna","Faltante","Ninguna","Sin restricción"
2014,5448,01/01/2014,"Miercoles",0,08:50:00,,"0.0",2,"Moto/Ciclomotor,Automóvil","Acceso Sur  Y José García Tunón",2,1,0,0,1,0,0,,"Calle",,"SAN GREGORIO","General López","S/D","S/D","VIII","Dentro","Urbana","S/D","S/D","Intersección","S/D","S/D","Diurna","S/D","S/D","S/D","Colisión","S/D","S/D","S/D","S/D"
2014,5449,03/01/2014,"Viernes",0,02:45:00,,"0.0",1,"Pickup/Utilitario","Autopista Rosario Cordoba Y Av. Circunvalacion",2,1,1,0,0,0,0,,"Avenida",,"ROSARIO","Rosario","S/D","S/D","II","Fuera","Urbana","S/D","S/D","S/D","S/D","S/D","Nocturna","S/D","S/D","S/D","Despeñamiento","S/D","S/D","S/D","S/D"
2014,5450,03/01/2014,"Viernes",0,14:30:00,"Autovía Nacional 19","33.0",2,"Automóvil,Automóvil","Acceso a San Jerónimo Norte ",4,3,0,0,0,1,0,"-31.618506, -61.096962","Autovía",19,"SAN CARLOS NORTE","Las Colonias","S/D","Natural","XI","Dentro","Rural","S/D","S/D","S/D","S/D","S/D","Diurna","S/D","S/D","S/D","Colisión","S/D","S/D","S/D","S/D"
2014,5451,05/06/2014,"Jueves",0,11:10:00,,"0.0",3,"Peatón,Peatón,Automóvil","Pedro Ferre Y 1ro de Mayo",3,1,0,0,2,0,0,"-31.625583333333,-60.704361111111","Calle",,"SANTA FE","La Capital","Hormigón","No existe","I","Dentro","Urbana","Ninguna","No existe","Intersección","Bueno","Buena","Diurna","Buen Tiempo","S/D","S/D","Atropello","S/D","Faltante","S/D","Sin restricción"
2014,5452,01/07/2014,"Martes",0,13:00:00,,"0.0",2,"Automóvil,Moto/Ciclomotor","Balcarce Y Alvear",2,1,0,0,1,0,0,,"Calle",,"SANTA FE","La Capital","Asfalto","No existe","I","Dentro","Urbana","S/D","S/D","Intersección","Deteriorada","S/D","Diurna","S/D","Lateral","S/D","Colisión","S/D","S/D","S/D","S/D"
2014,5453,18/07/2014,"Viernes",0,08:15:00,"Ruta Provincial 5","1.0",2,"Automóvil,Bicicleta"," ",2,1,0,0,1,0,0,"-31.675609765973,-60.787106883659","Ruta",5,"SANTA FE","La Capital","Asfalto","Natural","I","Dentro","Urbana","Ninguna","No existe","Recta","Bueno","Buena","Diurna","Buen Tiempo","S/D","S/D","Atropello","S/D","Horizontal","Línea divisoria pintada","Sin restricción"
2014,5454,29/07/2014,"Martes",0,07:45:00,"Ruta Nacional 11","478.0",2,"Automóvil,Moto/Ciclomotor"," ",2,0,1,0,1,0,0,,"Ruta",11,"RECREO","La Capital","Asfalto","Ripio","I","Dentro","Urbana","Ninguna","No existe","Recta","Bueno","Buena","Amanecer","Buen Tiempo","Frontal","S/D","Colisión","S/D","Horizontal","Línea divisoria pintada","Sin restricción"
2014,5455,01/07/2014,"Martes",0,18:00:00,,"0.0",2,"Moto/Ciclomotor,Automóvil","Espora Y Pje Ingenieros",2,1,0,0,1,0,0,,"Calle",,"SANTA FE","La Capital","Asfalto","No existe","I","Dentro","Urbana","Ninguna","No existe","Intersección","Bueno","Buena","Atardecer,Con luz artificial","Buen Tiempo","Lateral","S/D","Colisión","Otro","Faltante","Ninguna","Sin restricción"
2014,5456,26/07/2014,"Sabado",0,19:10:00,,"0.0",2,"Moto/Ciclomotor,Automóvil","Av Blas Parera Y Monseñor Rodriguez",4,2,0,0,2,0,0,"-31.561666666667,-60.729277777778","Avenida",,"SANTA FE","La Capital","Asfalto","Natural","I","Dentro","Urbana","Ninguna","Intermitente","Recta","Ahuellamiento","Buena","Nocturna,Con luz artificial","Buen Tiempo","Lateral","S/D","Colisión","S/D","S/D","Ninguna","Sin restricción"
2014,5457,23/07/2014,"Miercoles",0,12:05:00,,"0.0",2,"Moto/Ciclomotor,Automóvil","J J Paso Y Francia",4,1,0,0,0,0,3,,"Avenida",,"SANTA FE","La Capital","Asfalto","S/D","I","S/D","Urbana","S/D","S/D","Intersección","S/D","S/D","Diurna","S/D","S/D","S/D","Colisión","S/D","S/D","S/D","S/D"
2014,5458,10/08/2014,"Domingo",0,19:00:00,,"0.0",2,"Automóvil,Moto/Ciclomotor","Washington Y Anchoris",2,1,0,0,1,0,0,,"Calle",,"ROSARIO","Rosario","Asfalto","No existe","II","Dentro","Urbana","Ninguna","No existe","Intersección","Bueno","Buena","Atardecer","Buen Tiempo","Lateral","S/D","Colisión","S/D","Faltante","Ninguna","Sin restricción"
2014,5459,17/07/2014,"Jueves",0,14:30:00,,"0.0",2,"Pickup/Utilitario,Moto/Ciclomotor","Risso Y Av Peñaloza",2,0,0,0,0,0,2,,"Avenida",,"SANTA FE","La Capital","S/D","S/D","I","S/D","S/D","S/D","S/D","S/D","S/D","S/D","S/D","S/D","S/D","S/D","S/D","S/D","S/D","S/D","S/D"
2014,5460,10/08/2014,"Domingo",0,18:20:00,,"0.0",2,"Moto/Ciclomotor,Automóvil","Esteco Y Av. Sorrento",2,1,0,0,1,0,0,,"Avenida",,"ROSARIO","Rosario","S/D","No existe","II","S/D","Urbana","Ninguna","Funciona","Recta","Bueno","Buena","Diurna","Buen Tiempo","Lateral","S/D","Colisión","Ninguna","Faltante","Ninguna","Sin restricción"
2014,5461,29/07/2014,"Martes",0,18:20:00,,"0.0",2,"Moto/Ciclomotor,Automóvil","Juan de Garay 2700",2,1,0,0,1,0,0,,"Calle",,"RECREO","La Capital","Asfalto","Natural","I","Dentro","Urbana","Ninguna","No existe","Recta","Bueno","Buena","Atardecer","Buen Tiempo","De alcance","S/D","Colisión","S/D","Horizontal","Línea divisoria pintada","Sin restricción"
2014,5462,12/08/2014,"Martes",0,10:10:00,,"0.0",2,"Moto/Ciclomotor,Pickup/Utilitario","Bv Urquiza Y Alberdi",2,1,0,0,1,0,0,,"Calle",,"VILLA OCAMPO","General Obligado","Asfalto","Natural","IX","Fuera","Urbana","Ninguna","No existe","Intersección","Bueno","Buena","Diurna","Buen Tiempo","S/D","S/D","Caída ocupante","Otro","Faltante","Ninguna","Sin restricción"
2014,5463,04/08/2014,"Lunes",0,08:20:00,,"0.0",3,"Automóvil,Peatón,Peatón","Jose Ingenieros Y Mejico",3,1,0,0,2,0,0,,"Calle",,"ROSARIO","Rosario","Asfalto","Pavimento","II","Dentro","Urbana","Paso Peatonal","S/D","Recta","Otro","Buena","Diurna","Buen Tiempo","S/D","S/D","Atropello","Otro","S/D","S/D","Sin restricción"
2014,5464,19/07/2014,"Sabado",0,13:20:00,"Ruta Nacional 168","474.0",5,"Automóvil,Automóvil,Automóvil,Automóvil,Pickup/Utilitario"," ",9,4,0,0,5,0,0,,"Ruta",168,"SANTA FE","La Capital","Asfalto","No existe","I","Fuera","Rural","S/D","No existe","Puente","Bueno","Buena","Diurna","Buen Tiempo","Múltiple","S/D","Colisión","S/D","Horizontal","Barrera de hormigón","Sin restricción"
2014,5465,21/07/2014,"Lunes",0,07:40:00,,"0.0",2,"Otros,Bicicleta","Av Facundo Zuviria Y Gorostiaga",2,0,1,0,0,0,1,"-31.610083333333,-60.7045","Avenida",,"SANTA FE","La Capital","S/D","S/D","I","S/D","S/D","S/D","S/D","S/D","S/D","S/D","Amanecer","S/D","S/D","S/D","Atropello","S/D","S/D","S/D","S/D"
2014,5466,22/07/2014,"Martes",0,22:00:00,,"0.0",2,"Automóvil,Moto/Ciclomotor","Av Freyre Y Moreno",4,2,0,0,0,0,2,,"Avenida",,"SANTA FE","La Capital","Asfalto","S/D","I","S/D","Urbana","S/D","S/D","Intersección","S/D","S/D","Nocturna","S/D","S/D","S/D","Colisión","S/D","S/D","S/D","S/D"
2014,5467,20/07/2014,"Domingo",0,05:15:00,,"0.0",2,"Moto/Ciclomotor,Automóvil","Av Blas Parera Y Teniente Loza",3,1,0,0,1,0,1,,"Avenida",,"SANTA FE","La Capital","Asfalto","No existe","I","Dentro","Urbana","Ninguna","Intermitente","Intersección","Bueno","Buena","Amanecer,Con luz artificial","Buen Tiempo","Lateral","S/D","Colisión","Ninguna","S/D","Guardarrail","Sin restricción"
2014,5468,13/07/2014,"Domingo",0,19:00:00,,"0.0",2,"Taxi/Remis,Automóvil","E.Zeballos Y Rodriguez",2,1,0,0,1,0,0,,"Calle",,"ROSARIO","Rosario","Asfalto","No existe","II","S/D","Urbana","S/D","S/D","Intersección","Bueno","Buena","Atardecer","Buen Tiempo","S/D","S/D","Colisión","Ninguna","Horizontal","S/D","Sin restricción"
2014,5469,17/07/2014,"Jueves",0,22:20:00,,"0.0",2,"Automóvil,Automóvil","Av. Ovidio Lagos Y Av. Circunvalacion",4,4,0,0,0,0,0,,"Calle",,"ROSARIO","Rosario","Asfalto","No existe","II","Dentro","Urbana","Semáforo","Funciona","Recta","Bueno","Buena","Nocturna","Buen Tiempo","Lateral","S/D","Colisión","S/D","Horizontal","Barrera de hormigón","Sin restricción"
2014,5470,22/07/2014,"Martes",0,21:00:00,,"0.0",2,"Automóvil,Moto/Ciclomotor","Av Peñaloza Y Espora",2,0,0,0,0,0,2,,"Avenida",,"SANTA FE","La Capital","S/D","S/D","I","S/D","S/D","S/D","S/D","S/D","S/D","S/D","Nocturna","S/D","S/D","S/D","S/D","S/D","S/D","S/D","S/D"
2014,5471,10/07/2014,"Jueves",0,21:25:00,,"0.0",2,"Moto/Ciclomotor,Automóvil","San Juan Y Suipacha",3,2,0,0,1,0,0,,"Calle",,"ROSARIO","Rosario","S/D","S/D","II","S/D","Urbana","S/D","S/D","Intersección","S/D","S/D","Nocturna","S/D","S/D","S/D","Colisión","S/D","S/D","S/D","S/D"
2014,5472,21/07/2014,"Lunes",0,07:35:00,,"0.0",2,"Moto/Ciclomotor,Automóvil","Avenida San Martin Y Belgrano",3,2,0,0,1,0,0,,"Calle",,"VILLA OCAMPO","General Obligado","Asfalto","Natural","IX","Fuera","Urbana","Ninguna","No existe","Intersección","Bueno","Buena","Diurna","Buen Tiempo","Lateral","S/D","Colisión","Otro","Horizontal","Ninguna","Sin restricción"
2014,5473,23/07/2014,"Miercoles",0,21:00:00,,"0.0",2,"Moto/Ciclomotor,Automóvil","San Jose Y J Castelli",2,0,0,0,0,0,2,,"S/D",,"SANTA FE","La Capital","S/D","S/D","I","S/D","S/D","S/D","S/D","S/D","S/D","S/D","Nocturna","S/D","S/D","S/D","S/D","S/D","S/D","S/D","S/D"
2014,5474,30/07/2014,"Miercoles",0,21:00:00,"Ruta Nacional 168","472.0",1,"Moto/Ciclomotor"," ",2,0,2,0,0,0,0,,"Ruta",168,"SANTA FE","La Capital","Asfalto","Natural","I","Fuera","Rural","Ninguna","No existe","Recta","Bueno","Buena","Nocturna","Buen Tiempo","S/D","S/D","Vuelco","S/D","Horizontal","Barrera de hormigón","Sin restricción"
2014,5475,02/07/2014,"Miercoles",0,17:20:00,,"0.0",2,"Automóvil,Moto/Ciclomotor","San Juan Y San Nicolas",2,1,0,0,1,0,0,,"Calle",,"ROSARIO","Rosario","Asfalto","No existe","II","S/D","Urbana","S/D","S/D","Intersección","Bueno","Buena","Diurna","Buen Tiempo","Lateral","S/D","Colisión","Ninguna","Horizontal","S/D","Sin restricción"
2014,5476,26/07/2014,"Sabado",0,21:00:00,,"0.0",2,"Tracción animal / Carro,Moto/Ciclomotor","Av Facundo Zuviria Y Hernandarias",2,0,0,0,0,0,2,,"Avenida",,"SANTA FE","La Capital","S/D","S/D","I","S/D","S/D","S/D","S/D","S/D","S/D","S/D","Nocturna","S/D","S/D","S/D","S/D","S/D","S/D","S/D","S/D"
2014,5477,28/07/2014,"Lunes",0,21:45:00,,"0.0",2,"Bicicleta,Automóvil","Biarritz Y Camino Viejo Soldini",2,1,0,0,1,0,0,,"Calle",,"ROSARIO","Rosario","Asfalto","Natural","II","Dentro","Urbana","Ninguna","No existe","Recta","Con baches","Buena","Nocturna","Buen Tiempo","S/D","S/D","Atropello","S/D","Faltante","Ninguna","Sin restricción"
2014,5478,26/07/2014,"Sabado",0,11:15:00,,"0.0",2,"Transporte de Pasajeros Urbano (> 8 asientos),Automóvil","Saavedra Y J J Paso",4,3,0,0,1,0,0,,"Calle",,"SANTA FE","La Capital","Asfalto","S/D","I","Dentro","Urbana","S/D","S/D","Intersección","Bueno","Buena","Diurna","S/D","Lateral","S/D","Colisión","S/D","S/D","S/D","S/D"
2014,5479,01/07/2014,"Martes",0,12:25:00,,"0.0",2,"Automóvil,Moto/Ciclomotor","9 De Julio Y Alsina",3,1,0,0,2,0,0,,"Calle",,"ROSARIO","Rosario","Asfalto","No existe","II","S/D","Urbana","S/D","S/D","Intersección","Bueno","Buena","Diurna","Buen Tiempo","Lateral","S/D","Colisión","Ninguna","Horizontal","S/D","Sin restricción"
2014,5480,23/07/2014,"Miercoles",0,21:00:00,,"0.0",2,"Pickup/Utilitario,Moto/Ciclomotor","Av Blas Parera Y Chaco",2,1,0,0,1,0,0,,"Calle",,"SANTA FE","La Capital","Hormigón","No existe","I","Dentro","Urbana","Semáforo","Funciona","Intersección","Bueno","Buena","Nocturna,Con luz artificial","Buen Tiempo","De alcance","S/D","Colisión","S/D","Vertical","Guardarrail","Sin restricción"
2014,5481,18/07/2014,"Viernes",0,02:30:00,,"0.0",2,"Pickup/Utilitario,Moto/Ciclomotor","3 de Febrero Y San Lorenzo",3,0,0,0,0,0,3,,"Calle",,"SANTA FE","La Capital","Asfalto","S/D","I","Dentro","Urbana","S/D","S/D","Intersección","S/D","S/D","Nocturna","S/D","S/D","S/D","Colisión","S/D","S/D","S/D","S/D"
2014,5482,20/07/2014,"Domingo",0,00:30:00,"Ruta Nacional 11","927.8",2,"Moto/Ciclomotor,Bicicleta","Ruta Nac 11 928",2,0,1,0,0,0,1,,"Ruta",11,"FLORENCIA","General Obligado","Asfalto","S/D","IX","S/D","S/D","Ninguna","S/D","Recta","Bueno","S/D","Nocturna","Buen Tiempo","S/D","S/D","Atropello","S/D","Faltante","Ninguna","Sin restricción"
2014,5483,04/07/2014,"Viernes",0,20:00:00,,"0.0",2,"Moto/Ciclomotor,Automóvil","Av Freyre Y Mendoza",2,1,0,0,1,0,0,,"Calle",,"SANTA FE","La Capital","S/D","S/D","I","Dentro","Urbana","S/D","S/D","S/D","S/D","S/D","Nocturna","S/D","S/D","S/D","Colisión","S/D","S/D","S/D","S/D"
2014,5484,16/07/2014,"Miercoles",0,11:30:00,,"0.0",2,"Automóvil,Moto/Ciclomotor","Dorrego Y Av. Wheelwright",3,1,0,0,2,0,0,,"Avenida",,"ROSARIO","Rosario","Asfalto","S/D","II","Dentro","Urbana","Semáforo","S/D","Intersección","Bueno","Buena","Diurna","S/D","Lateral","S/D","Colisión","S/D","Vertical","Ninguna","Sin restricción"