"anio_acci","nro_acci","fecha","desc_dia","fecha_aprox","hora_aprox","desc_ruta","km","cant_participantes","desc_participante","calle_avenida_km","total","heridos_leves","heridos_graves","heridos_gravisimos","ilesos","fallecidos","sin_datos","posicion_XY","desc_tipo_via","desc_ruta_ori","desc_loc","desc_dpto","desc_tipo_calzada","desc_tipo_banquina","desc_unidad_regional","desc_lugar_calzada","desc_zona","desc_prioridad","desc_estado_semaforo","desc_lugar_via","desc_estado_via","desc_estado_visibilidad","desc_luminosidad","desc_estado_clima","desc_tipo_colision","desc_tipo_atropello","desc_tipo_hecho","desc_pres_calzada","desc_senializacion","desc_separacion_via","desc_restriccion"
2014,5623,30/07/2014,"Miercoles",0,08:00:00,,"0.0",2,"Moto/Ciclomotor,Automóvil","Moreno Y S de Iriondo",2,1,0,0,1,0,0,,"Calle",,"ROMANG","San Javier","Asfalto","No existe","XIV","Dentro","Urbana","Ninguna","No existe","Intersección","Bueno","Buena","Diurna","Buen Tiempo","Lateral","S/D","Colisión","Otro","Vertical","Ninguna","Sin restricción"
2014,5624,21/07/2014,"Lunes",0,07:30:00,"Ruta Nacional 34","0.0",2,"Vehículo Oficial,Automóvil","Ruta Nac 34 Gral Guemes Y Av Doctor E Salva",2,2,0,0,0,0,0,,"Ruta",34,"RAFAELA","Castellanos","Hormigón","S/D","V","Dentro","Urbana","S/D","Funciona","Intersección","Bueno","Buena","Diurna","Buen Tiempo","Frontal","S/D","Colisión","S/D","S/D","S/D","S/D"
2014,5625,08/07/2014,"Martes",0,20:40:00,,"0.0",2,"Automóvil,Moto/Ciclomotor","General Paz 1200",2,1,0,0,1,0,0,,"Calle",,"ESPERANZA","Las Colonias","Asfalto","Pavimento","XI","Dentro","Urbana","Ninguna","No existe","Recta","Bueno","Buena","Nocturna","Buen Tiempo","Lateral","S/D","Colisión","S/D","Vertical","Cordón divisorio","Sin restricción"
2014,5626,09/07/2014,"Miercoles",0,20:00:00,,"0.0",2,"Moto/Ciclomotor,Automóvil","Jose Ingenieros Y Av Gral Bartolome Mitre",2,0,1,0,1,0,0,,"Avenida",,"RAFAELA","Castellanos","S/D","S/D","V","Dentro","Urbana","S/D","S/D","Intersección","S/D","S/D","Nocturna","S/D","Lateral","S/D","Colisión","S/D","S/D","S/D","S/D"
2014,5627,01/07/2014,"Martes",0,13:30:00,,"0.0",2,"Moto/Ciclomotor,Automóvil","Av L de la Torre Y Mendoza",4,3,0,0,1,0,0,,"Calle",,"LAGUNA PAIVA","La Capital","Hormigón","Natural","I","Dentro","Urbana","Ninguna","No existe","Intersección","Bueno","Buena","Diurna","Buen Tiempo","Lateral","S/D","Colisión","S/D","Faltante","Línea divisoria pintada","Sin restricción"
2014,5628,19/07/2014,"Sabado",0,14:30:00,,"0.0",2,"Moto/Ciclomotor,Automóvil","Bv G L Lhemann 358",2,1,0,0,1,0,0,,"Avenida",,"RAFAELA","Castellanos","S/D","S/D","V","Dentro","Urbana","S/D","S/D","Recta","Bueno","Buena","Diurna","Buen Tiempo","Lateral","S/D","Colisión","S/D","S/D","S/D","S/D"
2014,5629,16/07/2014,"Miercoles",0,17:25:00,,"0.0",2,"Moto/Ciclomotor,Bicicleta","Mariano Moreno 600",2,2,0,0,0,0,0,,"Calle",,"ESPERANZA","Las Colonias","Asfalto","Pavimento","XI","Dentro","Urbana","Ninguna","No existe","Intersección","Bueno","Buena","Diurna","Buen Tiempo","S/D","S/D","Atropello","S/D","Faltante","Cordón divisorio","Sin restricción"
2014,5630,09/07/2014,"Miercoles",0,12:30:00,,"0.0",2,"Moto/Ciclomotor,Pickup/Utilitario","Bv G L Lhemann Y Eduardo D'Agostino",2,0,1,0,1,0,0,,"Avenida",,"RAFAELA","Castellanos","Hormigón","S/D","V","Dentro","Urbana","S/D","S/D","Intersección","S/D","S/D","Diurna","S/D","Lateral","S/D","Colisión","S/D","S/D","S/D","S/D"
2014,5631,16/07/2014,"Miercoles",0,16:35:00,,"0.0",1,"Moto/Ciclomotor","Av Gral Bartolome Mitre Y Jose Ingenieros",1,0,1,0,0,0,0,,"Avenida",,"RAFAELA","Castellanos","S/D","No existe","V","Dentro","Urbana","S/D","No existe","Intersección","Resbaladiza","Reducida","Diurna","Lluvia","S/D","S/D","Caída ocupante","Agua","S/D","S/D","S/D"
2014,5632,14/07/2014,"Lunes",0,11:05:00,,"0.0",2,"Moto/Ciclomotor,Peatón","General Paz 1600",2,1,0,0,0,0,1,,"Calle",,"ESPERANZA","Las Colonias","Hormigón","No existe","XI","Dentro","Urbana","Ninguna","No existe","Recta","Bueno","Buena","Diurna","Buen Tiempo","S/D","S/D","Atropello","S/D","S/D","Cordón divisorio","Sin restricción"
2014,5633,02/07/2014,"Miercoles",0,21:30:00,,"0.0",2,"Automóvil,Moto/Ciclomotor","Moreno Y Libertad",2,1,0,0,1,0,0,,"Calle",,"LAGUNA PAIVA","La Capital","Asfalto","No existe","I","Dentro","Urbana","Ninguna","No existe","Intersección","Bueno","Buena","Nocturna,Con luz artificial","Buen Tiempo","Frontal","S/D","Colisión","S/D","Faltante","Ninguna","Sin restricción"
2014,5634,24/07/2014,"Jueves",0,18:30:00,,"0.0",2,"Pickup/Utilitario,Automóvil","Cullen 1300",4,2,0,0,2,0,0,,"Calle",,"ESPERANZA","Las Colonias","Asfalto","No existe","I","Dentro","Urbana","Ninguna","No existe","Intersección","Bueno","Buena","Atardecer,Con luz artificial","Buen Tiempo","Lateral","S/D","Colisión","S/D","Vertical","Ninguna","Sin restricción"
2014,5635,03/07/2014,"Jueves",0,16:00:00,,"0.0",2,"Moto/Ciclomotor,Automóvil","Colono Y 9 de Julio",2,1,0,0,1,0,0,,"Calle",,"LAGUNA PAIVA","La Capital","Ripio","No existe","I","Dentro","Urbana","Ninguna","No existe","Intersección","Deteriorada","Buena","Diurna","Buen Tiempo","Lateral","S/D","Colisión","Material Suelto","Faltante","Ninguna","Sin restricción"
2014,5636,11/07/2014,"Viernes",0,13:00:00,"Ruta Provincial 2","42.5",1,"Moto/Ciclomotor"," ",1,1,0,0,0,0,0,,"Ruta",2,"LAGUNA PAIVA","La Capital","Tierra","No existe","I","Dentro","Rural","Ninguna","No existe","Recta","Deteriorada","Buena","Diurna","Buen Tiempo","Atropello animal","S/D","Colisión","S/D","Faltante","Ninguna","Sin restricción"
2014,5637,10/07/2014,"Jueves",0,17:30:00,,"0.0",2,"Moto/Ciclomotor,Automóvil","Bv G L Lhemann Y Carlos Gardel",3,2,0,0,1,0,0,,"Avenida",,"RAFAELA","Castellanos","Asfalto","No existe","V","S/D","Urbana","S/D","No existe","Intersección","Bueno","Buena","Diurna","Buen Tiempo","Frontal","S/D","Colisión","S/D","S/D","S/D","S/D"
2014,5638,01/07/2014,"Martes",0,,"Ruta Provincial 21","0.0",2,"Automóvil,Moto/Ciclomotor","Cordoba Y San Martin",3,1,1,0,0,0,1,,"Ruta",21,"VILLA CONSTITUCIÓN","Constitución","Asfalto","No existe","VI","S/D","Urbana","Ninguna","No existe","Intersección","Bueno","Buena","S/D","Buen Tiempo","S/D","S/D","Colisión","Ninguna","S/D","Cordón divisorio","Sin restricción"
2014,5639,20/07/2014,"Domingo",0,05:45:00,,"0.0",1,"Moto/Ciclomotor","Moreno 1480",1,1,0,0,0,0,0,,"Calle",,"LAGUNA PAIVA","La Capital","Asfalto","No existe","I","Dentro","Urbana","Ninguna","No existe","Recta","Bueno","Buena","Nocturna","Buen Tiempo","Otro","S/D","Caída ocupante","S/D","Faltante","Ninguna","Sin restricción"
2014,5640,07/07/2014,"Lunes",0,12:00:00,,"0.0",1,"Moto/Ciclomotor","N O Aragno 1870",3,3,0,0,0,0,0,,"Calle",,"RAFAELA","Castellanos","S/D","S/D","V","S/D","Urbana","S/D","S/D","Recta","S/D","Buena","Diurna","Buen Tiempo","Atropello animal","S/D","Colisión","S/D","S/D","S/D","S/D"
2014,5641,04/07/2014,"Viernes",0,08:00:00,,"0.0",2,"Automóvil,Moto/Ciclomotor","Vera Mujica Y Bolivar",3,2,0,0,1,0,0,,"Calle",,"SANTA FE","La Capital","Hormigón","No existe","I","Dentro","Urbana","Ninguna","No existe","Intersección","Bueno","Buena","Diurna","Buen Tiempo","Lateral","S/D","Colisión","S/D","Faltante","Cordón divisorio","Sin restricción"
2014,5642,04/07/2014,"Viernes",0,14:25:00,,"0.0",2,"Moto/Ciclomotor,Moto/Ciclomotor","Las Heras Y Balcarce",2,1,0,0,0,0,1,,"Calle",,"SANTA FE","La Capital","Asfalto","No existe","I","Dentro","Urbana","S/D","S/D","Intersección","Deteriorada","S/D","Diurna","S/D","Lateral","S/D","Colisión","S/D","S/D","S/D","S/D"
2014,5643,27/07/2014,"Domingo",0,06:45:00,"Ruta Provincial 4","0.0",1,"Automóvil"," ",1,0,1,0,0,0,0,,"Ruta",4,"LAGUNA PAIVA","La Capital","Asfalto","Natural","I","Fuera","Rural","Ninguna","No existe","Recta","Bueno","Reducida","Nocturna,Con luz artificial","Buen Tiempo","S/D","S/D","Despiste","S/D","Vertical","Ninguna","Sin restricción"
2014,5644,02/07/2014,"Miercoles",0,20:00:00,,"0.0",2,"Peatón,Moto/Ciclomotor","Gobernador Crespo 400",3,3,0,0,0,0,0,,"Calle",,"RAFAELA","Castellanos","Asfalto","No existe","V","S/D","Urbana","S/D","No existe","Recta","Bueno","Reducida","Nocturna","Buen Tiempo","S/D","S/D","Atropello","S/D","S/D","S/D","S/D"
2014,5645,04/07/2014,"Viernes",0,12:50:00,,"0.0",2,"Moto/Ciclomotor,Automóvil","Rosatti Y Juan Del Campillo",2,1,0,0,1,0,0,,"Calle",,"SANTA FE","La Capital","Asfalto","No existe","I","Dentro","Urbana","S/D","S/D","Intersección","Bueno","S/D","Diurna","S/D","Lateral","S/D","Colisión","S/D","S/D","S/D","S/D"
2014,5646,14/07/2014,"Lunes",0,08:45:00,,"0.0",2,"Moto/Ciclomotor,Automóvil","Avenida Nuestra Señora del Luj Y Vicente Lopez y Planes",2,0,1,0,1,0,0,,"Avenida",,"SANTO TOMÉ","La Capital","Asfalto","Ripio","I","S/D","Rural","Ninguna","Funciona","Intersección","Bueno","Buena","Diurna","Buen Tiempo","Lateral","S/D","Colisión","S/D","Horizontal","S/D","Obra en Construcción"
2014,5647,16/07/2014,"Miercoles",0,14:00:00,,"0.0",2,"Moto/Ciclomotor,Automóvil","Corrientes Y Santiago de Chile",2,1,0,0,1,0,0,,"Calle",,"SANTA FE","La Capital","Asfalto","S/D","I","Dentro","Urbana","S/D","S/D","Intersección","Bueno","S/D","Diurna","S/D","S/D","S/D","Colisión","S/D","S/D","S/D","S/D"
2014,5648,01/08/2014,"Viernes",0,08:20:00,"Ruta Nacional 33","779.0",2,"Moto/Ciclomotor,Pickup/Utilitario","Ruta Nac 33 779",4,1,0,0,3,0,0,,"Ruta",33,"ZAVALLA","Rosario","Asfalto","Natural","II","Dentro","Rural","Ninguna","No existe","Recta","Bueno","Buena","Diurna","Buen Tiempo","Lateral","S/D","Colisión","S/D","Horizontal","Línea divisoria pintada","Sin restricción"
2014,5649,03/01/2014,"Viernes",0,15:00:00,"Ruta Nacional 11","454.0",2,"Automóvil,Moto/Ciclomotor","Ruta Nac 11 454,6",2,1,0,0,1,0,0,,"Ruta",11,"SAUCE VIEJO","La Capital","Asfalto","Natural","I","Dentro","Rural","S/D","No existe","S/D","S/D","S/D","Diurna","S/D","S/D","S/D","Colisión","S/D","S/D","S/D","S/D"
2014,5650,03/01/2014,"Viernes",0,14:20:00,"Autopista Nacional Rosario -Cordoba","336.0",1,"Automóvil"," y RP 26 ",2,1,0,0,0,1,0,"-32.883945, -61.127429","Autopista","Rosario -Cordoba","CARCARAÑÁ","San Lorenzo","Hormigón","Natural","XVII","Dentro","Urbana","S/D","S/D","S/D","S/D","S/D","Nocturna","S/D","Contra objeto fijo","S/D","Colisión","S/D","Horizontal,Vertical","S/D","S/D"
2014,5651,05/01/2014,"Domingo",0,02:00:00,,"0.0",2,"Moto/Ciclomotor,Automóvil","Galvez Y Cafferata",3,1,1,0,1,0,0,,"Calle",,"ROSARIO","Rosario","S/D","S/D","II","Dentro","Urbana","S/D","S/D","S/D","S/D","S/D","Nocturna","S/D","S/D","S/D","Colisión","S/D","S/D","S/D","S/D"
2014,5652,04/01/2014,"Sabado",0,02:00:00,"Ruta Provincial 21","17.0",2,"Automóvil,Pickup/Utilitario"," ",3,0,0,0,0,2,1,"-33.135126,-60.521021","Ruta",21,"ARROYO SECO","Rosario","Asfalto","Natural","II","Dentro","Urbana","S/D","No existe","Recta","Bueno","S/D","Nocturna","S/D","S/D","S/D","Colisión","S/D","S/D","Línea divisoria pintada,S/D","Sin restricción"
2014,5653,05/01/2014,"Domingo",0,05:30:00,,"0.0",2,"Automóvil,Moto/Ciclomotor","Larrea Y Biedma",2,0,1,0,1,0,0,,"Calle",,"ROSARIO","Rosario","S/D","S/D","II","Dentro","Urbana","S/D","S/D","S/D","S/D","S/D","Nocturna","S/D","S/D","S/D","Colisión","S/D","S/D","S/D","S/D"
2014,5654,06/01/2014,"Lunes",0,,"Ruta Nacional 11","342.0",2,"Automóvil,Camión","Ruta Nac 11 Y Mangol Cacique",2,0,0,0,1,1,0,"-32.646346, -60.808836","Ruta",11,"TIMBÚES","San Lorenzo","S/D","S/D","XVII","S/D","Urbana","S/D","S/D","S/D","S/D","S/D","S/D","S/D","S/D","S/D","Colisión","S/D","S/D","S/D","S/D"
2014,5656,22/07/2014,"Martes",0,12:28:00,"Autopista Provincial Brigadier E.López","10.5",2,"Camión,Camión"," ",2,0,1,0,1,0,0,,"Autopista","Brigadier E.López","RICARDONE","San Lorenzo","Asfalto","S/D","XVII","Dentro","Rural","S/D","S/D","Recta","Bueno","Buena","Diurna","S/D","S/D","S/D","Colisión","S/D","S/D","Vegetación","S/D"
2014,5657,25/07/2014,"Viernes",0,12:10:00,,"0.0",2,"Automóvil,Moto/Ciclomotor","J J Passo Y Maipu",2,1,0,0,1,0,0,,"Calle",,"CAPITÁN BERMÚDEZ","San Lorenzo","Tierra","No existe","XVII","Dentro","Urbana","Ninguna","No existe","Intersección","Con baches","Buena","Atardecer","Buen Tiempo","Lateral","S/D","Colisión","Ninguna","Faltante","Ninguna","Sin restricción"
2014,5658,01/08/2014,"Viernes",0,10:50:00,,"0.0",2,"Bicicleta,Automóvil","Alberdi J B Y Av Independencia",2,1,0,0,1,0,0,,"Avenida",,"SUNCHALES","Castellanos","S/D","S/D","V","S/D","Urbana","S/D","S/D","Intersección","S/D","Buena","Diurna","Buen Tiempo","S/D","S/D","Atropello","S/D","S/D","S/D","S/D"
2014,5659,22/07/2014,"Martes",0,16:30:00,"Ruta Nacional 95","896.0",3,"Camión,Camión,Camión"," ",3,1,0,0,2,0,0,,"Ruta",95,"VILLA MINETTI","9 de Julio","Asfalto","Natural","XII","Dentro","Rural","Ninguna","No existe","Recta","Bueno","Buena","Diurna","Buen Tiempo","Múltiple","S/D","Colisión","S/D","S/D","Ninguna","S/D"
2014,5660,09/07/2014,"Miercoles",0,20:30:00,,"0.0",2,"Moto/Ciclomotor,Automóvil","9 de Julio Y Jujuy",2,1,0,0,1,0,0,,"Calle",,"CAPITÁN BERMÚDEZ","San Lorenzo","Asfalto","No existe","XVII","Dentro","Urbana","Ninguna","No existe","Intersección","Bueno","Buena","Atardecer","Buen Tiempo","Frontal","S/D","Colisión","Ninguna","Faltante","Ninguna","Sin restricción"
2014,5661,02/08/2014,"Sabado",0,09:30:00,,"0.0",2,"Moto/Ciclomotor,Automóvil","San Juan Y Guemes",2,0,1,0,1,0,0,,"Calle",,"HUMBERTO 1°","Castellanos","S/D","S/D","V","S/D","Urbana","S/D","S/D","Intersección","S/D","Buena","Diurna","Buen Tiempo","Frontal","S/D","Colisión","S/D","S/D","S/D","S/D"
2014,5662,17/07/2014,"Jueves",0,12:30:00,"Ruta Nacional 34","14.0",2,"Automóvil,Camión"," ",2,2,0,0,0,0,0,,"Ruta",34,"RICARDONE","San Lorenzo","Ripio","S/D","XVII","S/D","S/D","S/D","S/D","Recta","Bueno","Buena","Diurna","S/D","S/D","S/D","Colisión","S/D","S/D","S/D","S/D"
2014,5663,14/07/2014,"Lunes",0,13:05:00,,"0.0",2,"Moto/Ciclomotor,Pickup/Utilitario","Mariano Moreno Y G Alvear",2,0,0,0,0,0,2,,"Calle",,"ESPERANZA","Las Colonias","Hormigón","No existe","XI","Dentro","Urbana","Ninguna","No existe","Intersección","Bueno","Buena","Diurna","Buen Tiempo","Lateral","S/D","Colisión","S/D","Horizontal,Vertical","Cordón divisorio","Sin restricción"
2014,5664,27/07/2014,"Domingo",0,16:20:00,"Ruta Secundaria 91-s","0.0",1,"Automóvil"," ",3,2,1,0,0,0,0,,"Ruta","91-s","SANTA MARGARITA","9 de Julio","Ripio","Ripio","XII","Dentro","Urbana","Ninguna","No existe","Recta","Ahuellamiento","Buena","Diurna","Buen Tiempo","S/D","S/D","Vuelco","S/D","Faltante","Ninguna","Sin restricción"
2014,5665,03/08/2014,"Domingo",0,07:00:00,,"0.0",1,"Moto/Ciclomotor","Las Heras 1050",1,1,0,0,0,0,0,,"Calle",,"RAFAELA","Castellanos","S/D","S/D","V","Dentro","Urbana","S/D","S/D","Recta","S/D","S/D","Amanecer","S/D","Contra objeto fijo","S/D","Colisión","S/D","S/D","S/D","Reparación de Vía"
2014,5666,02/07/2014,"Miercoles",0,19:05:00,"Ruta Nacional A012","0.0",2,"Moto/Ciclomotor,Moto/Ciclomotor"," ",2,1,1,0,0,0,0,,"Ruta","A012","RICARDONE","San Lorenzo","Ripio","S/D","XVII","S/D","Urbana","S/D","S/D","Recta","Bueno","S/D","Atardecer","S/D","S/D","S/D","Colisión","S/D","S/D","S/D","S/D"
2014,5667,22/07/2014,"Martes",0,12:40:00,,"0.0",2,"Automóvil,Moto/Ciclomotor","Colon Y Juan de Garay",2,1,0,0,1,0,0,,"Calle",,"CAPITÁN BERMÚDEZ","San Lorenzo","Asfalto","No existe","XVII","Dentro","Urbana","Ninguna","No existe","Intersección","Bueno","Buena","Diurna","Buen Tiempo","Lateral","S/D","Colisión","Ninguna","Faltante","Ninguna","Sin restricción"
2014,5668,29/07/2014,"Martes",0,06:25:00,,"0.0",2,"Automóvil,Automóvil","Maipu Y Ferrocarril GB",2,1,0,0,1,0,0,,"Calle",,"BARRANCAS","San Jerónimo","S/D","Pavimento","XV","Dentro","Urbana","S/D","S/D","Paso a Nivel FFCC","Bueno","Reducida","Amanecer","Niebla","Lateral","S/D","Colisión","S/D","Horizontal","Línea divisoria pintada","Sin restricción"
2014,5669,30/07/2014,"Miercoles",0,06:45:00,"Ruta Nacional A012","53.0",7,"Camión,Camión,Pickup/Utilitario,Camión,Automóvil,Camión,Camión"," ",7,0,1,0,6,0,0,,"Ruta","A012","RICARDONE","San Lorenzo","S/D","S/D","XVII","S/D","S/D","S/D","S/D","Intersección","S/D","Reducida","S/D","Niebla","Múltiple","S/D","Colisión","S/D","S/D","Ninguna","S/D"
2014,5670,01/08/2014,"Viernes",0,17:30:00,,"0.0",2,"Moto/Ciclomotor,Automóvil","Sarmiento Y Dorrego",2,1,0,0,1,0,0,,"Calle",,"ZAVALLA","Rosario","Hormigón","No existe","II","Dentro","Urbana","Ninguna","No existe","Intersección","Bueno","Buena","Diurna","Buen Tiempo","Lateral","S/D","Colisión","S/D","Faltante","Ninguna","Sin restricción"
2014,5671,26/07/2014,"Sabado",0,19:00:00,,"0.0",2,"Moto/Ciclomotor,Pickup/Utilitario","El Chocon Y Diamante",2,1,0,0,1,0,0,,"Calle",,"CAPITÁN BERMÚDEZ","San Lorenzo","Tierra","No existe","XVII","Dentro","Urbana","Ninguna","No existe","Intersección","Bueno","Buena","Atardecer","Buen Tiempo","Lateral","S/D","Colisión","Ninguna","Faltante","Ninguna","Sin restricción"
2014,5672,19/07/2014,"Sabado",0,15:40:00,,"0.0",2,"Automóvil,Moto/Ciclomotor","Buenos Aires Y Tucuman",2,0,0,1,1,0,0,,"Calle",,"LAS ROSAS","Belgrano","Hormigón","Pavimento","III","Dentro","Urbana","Ninguna","No existe","Intersección","Bueno","Buena","Diurna","Buen Tiempo","Lateral","S/D","Colisión","Ninguna","Faltante","Ninguna","Sin restricción"
2014,5673,10/07/2014,"Jueves",0,13:00:00,,"0.0",2,"Moto/Ciclomotor,Moto/Ciclomotor","Rivadavia Y G Alvear",2,0,0,0,1,0,1,,"Calle",,"ESPERANZA","Las Colonias","Asfalto","No existe","XI","Dentro","Urbana","Ninguna","No existe","Intersección","Bueno","Buena","Diurna","Buen Tiempo","Lateral","S/D","Colisión","S/D","Horizontal","Ninguna","Sin restricción"
2014,5674,23/07/2014,"Miercoles",0,22:10:00,"Ruta Provincial Brigadier E.López","70.0",2,"Automóvil,Camión"," ",2,1,0,0,1,0,0,,"Ruta","Brigadier E.López","BARRANCAS","San Jerónimo","Asfalto","Pavimento","XV","Dentro","Urbana","Ninguna","No existe","Recta","S/D","Reducida","Atardecer","Buen Tiempo","Frontal","S/D","Colisión","S/D","Vertical","S/D","Sin restricción"
2014,5675,14/07/2014,"Lunes",0,11:45:00,,"0.0",2,"Automóvil,Moto/Ciclomotor","Benavidez Y Bv San Martin",2,1,0,0,1,0,0,,"Calle",,"BARRANCAS","San Jerónimo","S/D","S/D","XV","Dentro","Urbana","S/D","S/D","Intersección","S/D","Buena","Diurna","Buen Tiempo","De alcance","S/D","Colisión","S/D","S/D","S/D","Sin restricción"
2014,5676,13/07/2014,"Domingo",0,22:30:00,,"0.0",2,"Moto/Ciclomotor,Camión","6 de Caballeria ",5,2,0,0,2,0,1,,"Calle",,"TOSTADO","9 de Julio","Asfalto","No existe","XII","Dentro","Urbana","Ninguna","No existe","Recta","Bueno","Buena","Nocturna","Buen Tiempo","Frontal","S/D","Atropello","Ninguna","S/D","Ninguna","Sin restricción"
2014,5677,31/07/2014,"Jueves",0,19:15:00,,"0.0",2,"Automóvil,Moto/Ciclomotor","Fray Peña Y Cayetano Silva",3,2,0,0,1,0,0,,"S/D",,"SAN LORENZO","San Lorenzo","S/D","S/D","XVII","S/D","S/D","S/D","S/D","S/D","S/D","S/D","S/D","S/D","S/D","S/D","S/D","S/D","S/D","S/D","S/D"
2014,5678,04/07/2014,"Viernes",0,12:30:00,"Ruta Provincial 90","0.0",2,"Automóvil,Pickup/Utilitario"," ",4,3,0,0,1,0,0,,"Ruta",90,"EMPALME VILLA CONSTITUCIÓN","Constitución","Asfalto","Pavimento","VI","Dentro","Rural","Ninguna","No existe","Puente","Con baches","Buena","Diurna","Buen Tiempo","De alcance","S/D","Colisión","Ninguna","Vertical","Línea divisoria pintada","Sin restricción"
2014,5679,13/07/2014,"Domingo",0,19:40:00,,"0.0",2,"Moto/Ciclomotor,Automóvil","Guemes Y Pedro Candioti",2,1,0,0,1,0,0,,"Calle",,"SAN GUILLERMO","San Cristóbal","Asfalto","S/D","XIII","Dentro","Urbana","S/D","No existe","S/D","Bueno","Buena","Diurna","Buen Tiempo","S/D","S/D","Colisión","S/D","S/D","S/D","S/D"
2014,5680,28/07/2014,"Lunes",0,11:50:00,,"0.0",2,"Moto/Ciclomotor,Bicicleta","Calle 29-Alte Brown Y Calle 28 - San Lorenzo",2,1,0,0,1,0,0,,"Calle",,"RECONQUISTA","General Obligado","Asfalto","Pavimento","IX","Dentro","Urbana","Ninguna","No existe","Intersección","Bueno","Buena","Diurna","Buen Tiempo","S/D","S/D","Atropello","Otro","S/D","Cordón divisorio","Sin restricción"
2014,5681,18/07/2014,"Viernes",0,17:50:00,,"0.0",2,"Automóvil,Bicicleta","Estanislao Lopez Y Rivadavia",3,0,1,0,2,0,0,,"Calle",,"SUARDI","San Cristóbal","Hormigón","S/D","XIII","Dentro","Urbana","Ninguna","No existe","Intersección","Bueno","Buena","Diurna","Buen Tiempo","S/D","S/D","Atropello","S/D","Vertical","S/D","S/D"
2014,5682,27/07/2014,"Domingo",0,20:45:00,,"0.0",2,"Moto/Ciclomotor,Automóvil"," ",2,1,0,0,1,0,0,,"Calle",,"RECONQUISTA","General Obligado","Asfalto","S/D","IX","S/D","Urbana","Ninguna","No existe","Intersección","Bueno","Buena","Nocturna","Buen Tiempo","Lateral","S/D","Colisión","S/D","Faltante","Ninguna","Sin restricción"
2014,5683,28/07/2014,"Lunes",0,20:30:00,,"0.0",2,"Moto/Ciclomotor,Automóvil","Jujuy 1057",3,1,1,0,1,0,0,,"Calle",,"TOSTADO","9 de Julio","Asfalto","Pavimento","XII","S/D","Urbana","Ninguna","No existe","Otro","Bueno","Buena","Nocturna","Buen Tiempo","Otro","S/D","Colisión","Ninguna","Faltante","Ninguna","Sin restricción"
2014,5684,18/07/2014,"Viernes",0,19:00:00,"Ruta Provincial 1","74.4",1,"Automóvil"," ",1,1,0,0,0,0,0,,"Ruta",1,"CAYASTA","Garay","Asfalto","Natural","VII","Dentro","S/D","Ninguna","No existe","Recta","Bueno","Buena","Diurna","Buen Tiempo","S/D","S/D","Despiste","Otro","Faltante","Ninguna","Sin restricción"
2014,5685,20/07/2014,"Domingo",0,07:00:00,"Ruta Provincial 39","0.0",1,"Automóvil"," ",5,2,1,0,2,0,0,,"Ruta",39,"ARRUFÓ","San Cristóbal","Asfalto","Natural","XIII","Dentro","Rural","Ninguna","No existe","Recta","Bueno","Buena","Diurna","Buen Tiempo","S/D","S/D","Vuelco","S/D","Faltante","Ninguna","Sin restricción"
2014,5686,19/07/2014,"Sabado",0,20:30:00,,"0.0",2,"Automóvil,Moto/Ciclomotor","Calle 21-Gdor. iriondo Y Calle 11-Alvear",3,2,0,0,1,0,0,,"Calle",,"RECONQUISTA","General Obligado","Asfalto","No existe","IX","Dentro","Urbana","Ninguna","No existe","Intersección","Bueno","Buena","Nocturna","Buen Tiempo","Lateral","S/D","Colisión","Otro","Vertical","Cordón divisorio","Sin restricción"
2014,5687,05/07/2014,"Sabado",0,19:30:00,,"0.0",2,"Automóvil,Moto/Ciclomotor","Santiago del Estero Y Brig Juan Manuel de Rosas",3,1,1,0,1,0,0,,"Calle",,"TOSTADO","9 de Julio","Ripio","No existe","XII","Dentro","Urbana","Ninguna","No existe","Intersección","Con baches","Buena","Nocturna","Lluvia","Frontal","S/D","Colisión","S/D","Faltante","Ninguna","Sin restricción"
2014,5688,09/07/2014,"Miercoles",0,13:50:00,"Ruta Provincial 1","82.0",1,"Moto/Ciclomotor"," ",2,2,0,0,0,0,0,,"Ruta",1,"CAMPO DEL MEDIO","Garay","Asfalto","Natural","VII","S/D","S/D","S/D","No existe","S/D","S/D","Buena","Diurna","Buen Tiempo","S/D","S/D","Caída ocupante","S/D","S/D","Línea divisoria pintada","Sin restricción"
2014,5689,22/07/2014,"Martes",0,,"Ruta Nacional A012","0.0",2,"Bicicleta,Transporte de Pasajeros Urbano (> 8 asientos)","Velez Sarsfield ",2,1,0,0,1,0,0,,"Ruta","A012","SAN LORENZO","San Lorenzo","S/D","S/D","XVII","S/D","S/D","S/D","S/D","S/D","S/D","S/D","S/D","S/D","S/D","S/D","Atropello","S/D","S/D","S/D","S/D"
2014,5690,05/07/2014,"Sabado",0,07:45:00,"Ruta Provincial 70","10.5",2,"Automóvil,Automóvil"," ",4,4,0,0,0,0,0,,"Ruta",70,"ESPERANZA","Las Colonias","Asfalto","Natural","XI","S/D","S/D","Ninguna","No existe","Recta","Bueno","Reducida","Nocturna","S/D","De alcance","S/D","Colisión","S/D","S/D","Línea divisoria pintada","Sin restricción"