"anio_acci","nro_acci","fecha","desc_dia","fecha_aprox","hora_aprox","desc_ruta","km","cant_participantes","desc_participante","calle_avenida_km","total","heridos_leves","heridos_graves","heridos_gravisimos","ilesos","fallecidos","sin_datos","posicion_XY","desc_tipo_via","desc_ruta_ori","desc_loc","desc_dpto","desc_tipo_calzada","desc_tipo_banquina","desc_unidad_regional","desc_lugar_calzada","desc_zona","desc_prioridad","desc_estado_semaforo","desc_lugar_via","desc_estado_via","desc_estado_visibilidad","desc_luminosidad","desc_estado_clima","desc_tipo_colision","desc_tipo_atropello","desc_tipo_hecho","desc_pres_calzada","desc_senializacion","desc_separacion_via","desc_restriccion"
2014,5691,03/07/2014,"Jueves",1,20:10:00,,"0.0",2,"Moto/Ciclomotor,Automóvil"," ",2,1,0,0,1,0,0,,"Calle",,"RECONQUISTA","General Obligado","Asfalto","No existe","IV","S/D","Urbana","Ninguna","No existe","Intersección","Bueno","Buena","Nocturna","Buen Tiempo","De alcance","S/D","Colisión","S/D","S/D","Ninguna","Sin restricción"
2014,5692,25/07/2014,"Viernes",0,09:50:00,"Ruta Nacional 34","330.0",2,"Automóvil,Automóvil"," ",4,3,0,0,1,0,0,,"Ruta",34,"CURUPAITY","San Cristóbal","Asfalto","Natural","XIII","Dentro","Urbana","Ninguna","No existe","Recta","Bueno","Buena","Diurna","Buen Tiempo","Frontal","S/D","Colisión","S/D","S/D","Línea divisoria pintada","Sin restricción"
2014,5693,01/07/2014,"Martes",0,16:45:00,,"0.0",2,"Moto/Ciclomotor,Moto/Ciclomotor","Ciudad de Esperanza Y Av Brasil",2,1,0,0,1,0,0,,"Avenida",,"RAFAELA","Castellanos","Asfalto","No existe","V","S/D","Urbana","S/D","No existe","Intersección","Bueno","Buena","Diurna","Buen Tiempo","Frontal","S/D","Colisión","S/D","S/D","S/D","S/D"
2014,5694,18/07/2014,"Viernes",0,,,"0.0",2,"Automóvil,Moto/Ciclomotor","Belgrano 1600",3,2,0,0,1,0,0,,"Calle",,"VILLA CONSTITUCIÓN","Constitución","Asfalto","No existe","VI","S/D","Urbana","Ninguna","No existe","Recta","Bueno","Buena","Diurna","Buen Tiempo","S/D","S/D","Colisión","Ninguna","S/D","Cordón divisorio","Sin restricción"
2014,5695,19/07/2014,"Sabado",0,15:30:00,,"0.0",2,"Moto/Ciclomotor,Peatón","Boulevard Ocampo ",3,1,0,0,2,0,0,,"Calle",,"HELVECIA","Garay","Hormigón","No existe","VII","Dentro","Urbana","Ninguna","No existe","Recta","Bueno","Buena","Diurna","Buen Tiempo","S/D","S/D","Atropello","S/D","Faltante","Ninguna","Sin restricción"
2014,5696,18/07/2014,"Viernes",0,14:00:00,,"0.0",2,"Automóvil,Moto/Ciclomotor","Rivadavia Y Paso de los Andes",2,0,1,0,1,0,0,,"Calle",,"LAS ROSAS","Belgrano","Hormigón","Pavimento","III","Dentro","Urbana","Ninguna","No existe","Intersección","Bueno","Buena","Diurna","Buen Tiempo","Lateral","S/D","Colisión","Ninguna","Faltante","Ninguna","Sin restricción"
2014,5697,01/07/2014,"Martes",0,16:30:00,,"0.0",2,"Moto/Ciclomotor,Camión","Nicasio Oro±o Y Nicanor Alvarez",3,1,0,0,2,0,0,,"Calle",,"RAFAELA","Castellanos","Asfalto","No existe","V","S/D","Urbana","S/D","No existe","Intersección","Bueno","Buena","Diurna","Buen Tiempo","Frontal","S/D","Colisión","S/D","S/D","S/D","S/D"
2014,5698,24/06/2014,"Martes",0,16:15:00,,"0.0",2,"Moto/Ciclomotor,Automóvil","Calle 6-Ituzaingo Y Calle 9-Mariano Moreno",3,0,0,0,0,0,3,,"S/D",,"RECONQUISTA","General Obligado","Asfalto","No existe","IX","S/D","S/D","S/D","No existe","Intersección","Bueno","Buena","Diurna","S/D","S/D","S/D","S/D","S/D","S/D","S/D","S/D"
2014,5699,05/07/2014,"Sabado",0,07:00:00,,"0.0",2,"Moto/Ciclomotor,Pickup/Utilitario","Sarmiento Y San Martin",2,1,0,0,1,0,0,,"Calle",,"LAS ROSAS","Belgrano","Hormigón","S/D","III","Dentro","Urbana","Ninguna","No existe","Intersección","Bueno","Reducida","Amanecer","Lluvia","Lateral","S/D","Colisión","Ninguna","Faltante","S/D","Obra en Construcción"
2014,5700,13/06/2014,"Viernes",0,17:30:00,,"0.0",2,"Automóvil,Automóvil","Av. Jorge Newbery Y Donado",3,1,0,0,0,0,2,,"Calle",,"ROSARIO","Rosario","S/D","S/D","II","Dentro","Urbana","S/D","S/D","Intersección","S/D","S/D","Diurna","S/D","S/D","S/D","Colisión","S/D","S/D","S/D","S/D"
2014,5701,09/07/2014,"Miercoles",0,20:30:00,"Ruta Nacional 11","0.0",2,"Peatón,Moto/Ciclomotor","Av San Lorenzo Y Rivadavia Bernardino",2,1,0,0,1,0,0,,"Ruta",11,"CAPITÁN BERMÚDEZ","San Lorenzo","Hormigón","Pavimento","XVII","Fuera","Urbana","Ninguna","No existe","Intersección","Bueno","Buena","Nocturna,Con luz artificial","Buen Tiempo","S/D","S/D","Atropello","Ninguna","Horizontal","Línea divisoria pintada","Sin restricción"
2014,5702,01/07/2014,"Martes",0,07:20:00,,"0.0",1,"Moto/Ciclomotor","Concripto Elias Zurbriggen 300",1,0,1,0,0,0,0,,"Calle",,"RAFAELA","Castellanos","Asfalto","S/D","V","S/D","Urbana","S/D","No existe","Recta","S/D","Reducida","Diurna","Niebla","Atropello animal","S/D","Colisión","S/D","S/D","S/D","S/D"
2014,5703,25/07/2014,"Viernes",0,12:50:00,,"0.0",2,"Pickup/Utilitario,Moto/Ciclomotor","ALEGRIA Y MANZANA 34",2,1,0,0,1,0,0,,"Calle",,"ROLDÁN","San Lorenzo","Tierra","No existe","XVII","Dentro","Urbana","S/D","No existe","Intersección","Bueno","Buena","Diurna","Buen Tiempo","Lateral","S/D","Colisión","S/D","Vertical","Ninguna","Sin restricción"
2014,5704,20/07/2014,"Domingo",0,07:20:00,"Ruta Provincial 1","33.0",2,"Automóvil,Pickup/Utilitario"," ",2,1,0,0,1,0,0,,"Ruta",1,"SANTA ROSA DE CALCHINES","Garay","Arena","Natural","VII","Fuera","Rural","Ninguna","No existe","Recta","Bueno","Buena","Diurna","Buen Tiempo","Frontal","S/D","Colisión","S/D","Faltante","Ninguna","Sin restricción"
2014,5705,06/07/2014,"Domingo",0,,,"0.0",2,"Automóvil,Automóvil","San Martin Y Santiago del Estero",4,2,0,0,0,0,2,,"Avenida",,"VILLA CONSTITUCIÓN","Constitución","Asfalto","No existe","VI","S/D","Urbana","Ninguna","No existe","Intersección","Bueno","Buena","Diurna","Buen Tiempo","S/D","S/D","Colisión","Ninguna","Faltante","Cordón divisorio","Sin restricción"
2014,5706,18/07/2014,"Viernes",0,18:15:00,"Ruta Provincial 6","0.0",2,"Automóvil,Moto/Ciclomotor","Soler 000",2,1,0,0,1,0,0,,"Ruta",6,"ESPERANZA","Las Colonias","Asfalto","Natural","XI","Dentro","Urbana","Ninguna","No existe","Intersección","Bueno","Buena","Atardecer,Con luz artificial","Buen Tiempo","Lateral","S/D","Colisión","S/D","Horizontal,Vertical","Ninguna","Sin restricción"
2014,5707,07/07/2014,"Lunes",0,11:05:00,,"0.0",2,"Moto/Ciclomotor,Pickup/Utilitario","CAMINO RURAL ",4,2,1,0,1,0,0,,"Camino Rural",,"SAN GUILLERMO","San Cristóbal","Tierra","S/D","XIII","Dentro","Rural","S/D","No existe","Intersección","Bueno","Buena","Diurna","Buen Tiempo","S/D","S/D","Colisión","S/D","S/D","S/D","S/D"
2014,5708,30/06/2014,"Lunes",0,11:30:00,"Autopista Provincial Brigadier E.López","18.0",14,"Automóvil,Camión,Camión,Automóvil,Automóvil,Pickup/Utilitario,Automóvil,Automóvil,Camión,Automóvil,Pickup/Utilitario,Automóvil,Pickup/Utilitario,Automóvil"," ",21,7,5,1,2,0,6,,"Autopista","Brigadier E.López","SAN LORENZO","San Lorenzo","S/D","S/D","XVII","S/D","Rural","S/D","S/D","Recta","S/D","S/D","Diurna","S/D","Múltiple","S/D","Colisión","S/D","S/D","S/D","S/D"
2014,5709,16/07/2014,"Miercoles",0,23:00:00,,"0.0",1,"Moto/Ciclomotor","Calle 9 Y Calle 24",2,2,0,0,0,0,0,,"Calle",,"LAS PAREJAS","Belgrano","Hormigón","No existe","III","Dentro","Urbana","Ninguna","No existe","Intersección","Bueno","Buena","Nocturna","Buen Tiempo","Atropello animal","S/D","Colisión","S/D","S/D","Ninguna","Sin restricción"
2014,5710,24/06/2014,"Martes",0,17:15:00,,"0.0",2,"Automóvil,Bicicleta","Calle 17-Bartolome Mitre Y Ruta Nacional 11",3,1,0,0,2,0,0,,"S/D",,"RECONQUISTA","General Obligado","Asfalto","S/D","IX","S/D","S/D","S/D","S/D","Intersección","Bueno","S/D","Diurna","S/D","S/D","S/D","Atropello","S/D","S/D","S/D","S/D"
2014,5711,16/07/2014,"Miercoles",0,14:00:00,,"0.0",2,"Moto/Ciclomotor,Automóvil","Leguizamon Y 25 de Mayo",2,1,0,0,1,0,0,,"Calle",,"SUNCHALES","Castellanos","S/D","S/D","V","S/D","Urbana","S/D","S/D","Intersección","S/D","S/D","Diurna","S/D","Lateral","S/D","Colisión","S/D","S/D","S/D","S/D"
2014,5712,07/07/2014,"Lunes",0,21:30:00,"Ruta Nacional 11","0.0",2,"Moto/Ciclomotor,Automóvil","Av San Lorenzo Y Pte Peron",2,1,0,0,1,0,0,,"Ruta",11,"CAPITÁN BERMÚDEZ","San Lorenzo","Hormigón","Pavimento","XVII","Dentro","Urbana","Ninguna","No existe","Intersección","Bueno","Buena","Nocturna,Con luz artificial","Buen Tiempo","De alcance","S/D","Colisión","Ninguna","Horizontal","Línea divisoria pintada","Sin restricción"
2014,5713,14/07/2014,"Lunes",0,20:00:00,,"0.0",2,"Moto/Ciclomotor,Automóvil","Antonio Podio 1448",3,2,0,0,1,0,0,,"Avenida",,"RAFAELA","Castellanos","Hormigón","S/D","V","Dentro","Urbana","S/D","S/D","Recta","S/D","S/D","Nocturna","S/D","Frontal","S/D","Colisión","S/D","S/D","S/D","S/D"
2014,5714,18/07/2014,"Viernes",0,15:35:00,,"0.0",2,"Moto/Ciclomotor,Automóvil","12 de septiembre Y Salta",2,0,1,0,1,0,0,,"Calle",,"SANTO TOMÉ","La Capital","Hormigón","No existe","I","S/D","Urbana","S/D","No existe","Intersección","Bueno","Reducida","Diurna","Buen Tiempo","Lateral","S/D","Colisión","S/D","Faltante","S/D","Sin restricción"
2014,5715,20/07/2014,"Domingo",0,12:30:00,,"0.0",2,"Moto/Ciclomotor,Automóvil","Bv Pellegrini Y Fray Luis Beltran",2,1,0,0,1,0,0,,"Calle",,"ROLDÁN","San Lorenzo","Hormigón","No existe","XVII","Dentro","Urbana","Ninguna","No existe","Intersección","Bueno","Buena","Diurna","Buen Tiempo","Lateral","S/D","Colisión","S/D","Vertical","Ninguna","Sin restricción"
2014,5716,25/07/2014,"Viernes",0,19:10:00,,"0.0",2,"Automóvil,Moto/Ciclomotor","Aaron Castellanos 1400",2,1,0,0,1,0,0,,"Calle",,"ESPERANZA","Las Colonias","Asfalto","No existe","XI","Dentro","Urbana","Ninguna","No existe","Recta","Bueno","Buena","Nocturna","Buen Tiempo","S/D","S/D","Colisión","S/D","Horizontal","Ninguna","Sin restricción"
2014,5717,12/04/2014,"Sabado",0,14:30:00,,"0.0",2,"Moto/Ciclomotor,Automóvil"," ",2,0,1,0,1,0,0,,"S/D",,"RAFAELA","Castellanos","S/D","S/D","V","S/D","S/D","S/D","S/D","S/D","S/D","S/D","Diurna","S/D","S/D","S/D","Colisión","S/D","S/D","S/D","S/D"
2014,5718,03/06/2014,"Martes",0,17:10:00,,"0.0",2,"Automóvil,Bicicleta","Calle 27-Gdor Freyre Y Calle 16 Gral Obligado",2,1,0,0,1,0,0,,"S/D",,"RECONQUISTA","General Obligado","Asfalto","S/D","IX","S/D","Urbana","S/D","S/D","Intersección","Bueno","S/D","Diurna","Buen Tiempo","S/D","S/D","Atropello","S/D","S/D","S/D","S/D"
2014,5719,02/07/2014,"Miercoles",0,01:30:00,,"0.0",2,"Otros,Automóvil","San Martin Y Entre Rios",2,1,0,0,0,0,1,,"Calle",,"VILLA CONSTITUCIÓN","Constitución","Asfalto","No existe","VI","Dentro","Urbana","Ninguna","No existe","Intersección","Bueno","Buena","Amanecer","Buen Tiempo","S/D","S/D","Colisión","Ninguna","S/D","Cordón divisorio","Sin restricción"
2014,5720,02/07/2014,"Miercoles",0,19:30:00,,"0.0",2,"Moto/Ciclomotor,Pickup/Utilitario","Av Eva Peron Y San Lorenzo",2,1,0,0,1,0,0,,"Avenida",,"SUNCHALES","Castellanos","S/D","S/D","V","S/D","Urbana","S/D","S/D","Intersección","S/D","S/D","Atardecer","Buen Tiempo","Frontal","S/D","Colisión","S/D","S/D","S/D","S/D"
2014,5721,01/07/2014,"Martes",0,19:40:00,,"0.0",1,"Moto/Ciclomotor","Avenida de Mayo Y Santa Fe",1,1,0,0,0,0,0,,"Calle",,"CERES","San Cristóbal","Asfalto","No existe","XIII","Dentro","Urbana","Ninguna","No existe","Intersección","Bueno","Buena","Atardecer","Buen Tiempo","S/D","S/D","Caída ocupante","S/D","S/D","Cordón divisorio","Sin restricción"
2014,5722,19/07/2014,"Sabado",0,20:15:00,"Ruta Nacional 11","0.0",2,"Moto/Ciclomotor,Automóvil","Av San Lorenzo ",2,1,0,0,1,0,0,,"Ruta",11,"CAPITÁN BERMÚDEZ","San Lorenzo","Hormigón","Pavimento","XVII","Dentro","Urbana","Ninguna","No existe","Intersección","Bueno","Buena","Nocturna,Con luz artificial","Buen Tiempo","Lateral","S/D","Colisión","Ninguna","Horizontal","Línea divisoria pintada","Sin restricción"
2014,5723,01/07/2014,"Martes",0,03:30:00,"Ruta Provincial 70","0.0",2,"Moto/Ciclomotor,Camión","Rafael Bielsa ",2,1,0,0,1,0,0,,"Ruta",70,"ESPERANZA","Las Colonias","Asfalto","No existe","XI","Dentro","Urbana","Ninguna","No existe","Intersección","Resbaladiza","Reducida","Diurna","Niebla","S/D","S/D","Colisión","Agua","Horizontal","Ninguna","Sin restricción"
2014,5724,31/07/2014,"Jueves",0,,"Ruta Nacional 11","0.0",2,"Moto/Ciclomotor,Camión"," ",2,0,1,0,1,0,0,,"Ruta",11,"RECONQUISTA","General Obligado","Asfalto","Pavimento","IX","Dentro","Urbana","Ninguna","No existe","Intersección","Resbaladiza","Reducida p/ objetos","Diurna","S/D","De alcance","S/D","Colisión","Material Suelto","Horizontal","Ninguna","Sin restricción"
2014,5725,27/07/2014,"Domingo",0,20:25:00,"Ruta Nacional 33","0.0",2,"Automóvil,Automóvil","RN 33 Y PTE VIRGINIA",6,1,0,0,5,0,0,,"Ruta",33,"PEREZ","Rosario","S/D","No existe","II","Dentro","Urbana","Ninguna","No existe","Recta","Otro","Buena","Nocturna","Otro","De alcance","S/D","Colisión","Otro","Faltante","Línea divisoria pintada","Sin restricción"
2014,5726,13/07/2014,"Domingo",0,15:30:00,,"0.0",2,"Automóvil,Automóvil","Las Heras Y Presidente Peron",3,1,0,0,2,0,0,,"Calle",,"VILLA CONSTITUCIÓN","Constitución","Asfalto","Ripio","VI","Dentro","Urbana","Ninguna","No existe","Intersección","Bueno","Buena","Diurna","Buen Tiempo","S/D","S/D","Colisión","Ninguna","Faltante","Cordón divisorio","Sin restricción"
2014,5727,08/07/2014,"Martes",0,18:30:00,"Ruta Nacional 178","0.0",2,"Automóvil,Automóvil"," ",3,1,0,0,2,0,0,,"Ruta",178,"LAS PAREJAS","Belgrano","Hormigón","Ripio","III","S/D","Rural","S/D","No existe","Recta","Otro","Buena","Atardecer","Otro","Otro","S/D","Colisión","S/D","S/D","S/D","Obra en Construcción"
2014,5728,02/07/2014,"Miercoles",0,17:20:00,,"0.0",2,"Moto/Ciclomotor,Pickup/Utilitario","Calle 9 Y Calle 94",2,0,1,0,1,0,0,,"Calle",,"FRONTERA","Castellanos","S/D","S/D","V","S/D","Urbana","S/D","S/D","Intersección","S/D","Buena","Diurna","Buen Tiempo","Frontal","S/D","Colisión","S/D","S/D","S/D","S/D"
2014,5729,01/07/2014,"Martes",0,17:00:00,,"0.0",1,"Moto/Ciclomotor","Peru Y Bernardo de Irigoyen",1,1,0,0,0,0,0,,"Calle",,"RAFAELA","Castellanos","Asfalto","No existe","V","S/D","Urbana","S/D","No existe","Intersección","Bueno","Buena","Diurna","Buen Tiempo","Contra objeto fijo","S/D","Colisión","Otro","S/D","S/D","S/D"
2014,5730,21/07/2014,"Lunes",0,16:30:00,,"0.0",2,"Moto/Ciclomotor,Pickup/Utilitario","Ing White Y Perdriel",2,1,0,0,1,0,0,,"S/D",,"SAN LORENZO","San Lorenzo","S/D","S/D","XVII","S/D","S/D","S/D","S/D","S/D","S/D","S/D","Diurna","S/D","S/D","S/D","S/D","S/D","S/D","S/D","S/D"
2014,5731,21/07/2014,"Lunes",0,13:05:00,,"0.0",2,"Automóvil,Automóvil","25 de Mayo Y Alberdi",2,1,0,0,1,0,0,,"Calle",,"BIGAND","Caseros","Asfalto","Natural","IV","S/D","Urbana","S/D","S/D","Intersección","Bueno","Buena","Diurna","Buen Tiempo","S/D","S/D","Colisión","S/D","S/D","Ninguna","S/D"
2014,5732,10/07/2014,"Jueves",0,14:00:00,,"0.0",2,"Automóvil,Moto/Ciclomotor","Sarmiento Y Bartolome Mitre",2,1,0,0,1,0,0,,"Calle",,"TOSTADO","9 de Julio","Hormigón","S/D","XII","Dentro","Urbana","Ninguna","No existe","Intersección","Bueno","Buena","S/D","Buen Tiempo","S/D","S/D","Colisión","Ninguna","S/D","Ninguna","Sin restricción"
2014,5733,29/07/2014,"Martes",0,16:40:00,"Autopista Provincial Brigadier E.López","0.0",2,"Transporte de Pasajeros Larga Distancia (> 8 asientos),Pickup/Utilitario"," ",8,3,0,0,5,0,0,,"Autopista","Brigadier E.López","DESVÍO ARIJÓN","San Jerónimo","S/D","S/D","XVII","S/D","S/D","S/D","S/D","S/D","S/D","S/D","S/D","S/D","S/D","S/D","Colisión","S/D","S/D","S/D","S/D"
2014,5734,06/07/2014,"Domingo",0,12:05:00,,"0.0",2,"Moto/Ciclomotor,Pickup/Utilitario","Independencia Y Carlos Pellegrii",3,2,0,0,1,0,0,,"Calle",,"CERES","San Cristóbal","Asfalto","No existe","XIII","Dentro","Urbana","Ninguna","No existe","Intersección","Bueno","Buena","Diurna","Buen Tiempo","Lateral","S/D","Colisión","S/D","S/D","Ninguna","Sin restricción"
2014,5735,11/07/2014,"Viernes",0,19:30:00,,"0.0",2,"Peatón,Moto/Ciclomotor","El Jilguero ",4,3,0,0,1,0,0,,"Calle",,"PEREZ","Rosario","Asfalto","Natural","II","Dentro","Urbana","Ninguna","No existe","Paso a Nivel FFCC","Bueno","Buena","Nocturna,Con luz artificial","Buen Tiempo","S/D","S/D","Atropello","S/D","Faltante","S/D","Sin restricción"
2014,5736,17/07/2014,"Jueves",0,09:40:00,"Ruta Nacional 9","0.0",2,"Automóvil,Moto/Ciclomotor","Ruta Nacional 9 Y Fiambala",3,2,0,0,1,0,0,,"Ruta",9,"ROLDÁN","San Lorenzo","Asfalto","Natural","XVII","Dentro","Urbana","Ninguna","No existe","Intersección","Bueno","Buena","Diurna","Buen Tiempo","Lateral","S/D","Colisión","S/D","Vertical","Ninguna","Sin restricción"
2014,5737,17/07/2014,"Jueves",0,18:50:00,,"0.0",2,"Moto/Ciclomotor,Moto/Ciclomotor","2 de Abril Y Misiones",2,2,0,0,0,0,0,,"Avenida",,"TOSTADO","9 de Julio","Ripio","S/D","XII","Dentro","Urbana","Ninguna","No existe","Intersección","S/D","Buena","Atardecer","Buen Tiempo","S/D","S/D","Colisión","Ninguna","Faltante","Ninguna","Sin restricción"
2014,5738,18/07/2014,"Viernes",0,21:10:00,,"0.0",1,"Moto/Ciclomotor","Bv Delfor Cabrera Y Vergara",1,1,0,0,0,0,0,,"Calle",,"ARMSTRONG","Belgrano","Asfalto","No existe","III","Dentro","Urbana","Ninguna","No existe","Intersección","Bueno","Buena","Nocturna,Con luz artificial","Buen Tiempo","Atropello animal","S/D","Colisión","Ninguna","Faltante","Ninguna","Sin restricción"
2014,5739,15/07/2014,"Martes",0,11:30:00,"Ruta Nacional A012","47.0",2,"Camión,Camión"," ",2,1,0,0,1,0,0,,"Ruta","A012","ROLDÁN","San Lorenzo","Asfalto","No existe","XVII","Dentro","Rural","Ninguna","No existe","Recta","Bueno","Buena","Diurna","Buen Tiempo","Otro","S/D","Colisión","S/D","Vertical","Ninguna","Sin restricción"
2014,5740,18/07/2014,"Viernes",0,22:45:00,,"0.0",2,"Moto/Ciclomotor,Automóvil","Diagonal 2 Y Calle 20",3,2,0,0,1,0,0,,"Avenida",,"LAS PAREJAS","Belgrano","Asfalto","Pavimento","III","S/D","Urbana","Señal Ceda el Paso","No existe","S/D","Bueno","Buena","Nocturna,Con luz artificial","Buen Tiempo","Frontal","S/D","Colisión","S/D","Faltante","Cordón divisorio","S/D"
2014,5741,17/07/2014,"Jueves",0,18:00:00,,"0.0",2,"Taxi/Remis,Pickup/Utilitario","Bvard 20 de Junio Y J Ingenieros",2,1,0,0,1,0,0,,"Calle",,"GÁLVEZ","San Jerónimo","Asfalto","S/D","XV","Dentro","Urbana","S/D","No existe","Intersección","Bueno","Buena","Atardecer","S/D","S/D","S/D","Colisión","S/D","S/D","S/D","Sin restricción"
2014,5742,19/07/2014,"Sabado",0,18:05:00,"Ruta Nacional 9","386.0",2,"Automóvil,Camión"," ",3,0,1,0,2,0,0,,"Ruta",9,"ARMSTRONG","Belgrano","Hormigón","S/D","III","Dentro","S/D","Ninguna","No existe","Recta","Bueno","Buena","Atardecer","Buen Tiempo","De alcance","S/D","Colisión","Ninguna","Faltante","Vegetación","Sin restricción"
2014,5743,04/07/2014,"Viernes",0,17:30:00,"Ruta Nacional A012","0.0",2,"Automóvil,Moto/Ciclomotor","Suipacha ",2,1,0,0,1,0,0,,"Ruta","A012","SAN LORENZO","San Lorenzo","S/D","S/D","XVII","S/D","Urbana","S/D","S/D","S/D","S/D","S/D","Diurna","S/D","S/D","S/D","Colisión","S/D","S/D","S/D","S/D"
2014,5744,12/07/2014,"Sabado",0,16:30:00,"Ruta Nacional 34","380.0",1,"Automóvil"," ",2,1,1,0,0,0,0,,"Ruta",34,"CERES","San Cristóbal","Asfalto","Natural","XIII","Dentro","Urbana","Señal Ceda el Paso","No existe","Recta","Bueno","Buena","Diurna","Buen Tiempo","S/D","S/D","Vuelco","S/D","Faltante","Línea divisoria pintada","S/D"
2014,5745,01/08/2014,"Viernes",0,14:55:00,,"0.0",2,"Pickup/Utilitario,Moto/Ciclomotor","Av Los Talas ",4,2,0,0,2,0,0,,"S/D",,"PEREZ","Rosario","Ripio","No existe","II","S/D","S/D","Ninguna","No existe","Intersección","Deteriorada","Buena","Diurna","Buen Tiempo","Lateral","S/D","Colisión","S/D","Faltante","Ninguna","Sin restricción"
2014,5746,20/07/2014,"Domingo",0,23:30:00,,"0.0",2,"Moto/Ciclomotor,Moto/Ciclomotor","Juan M De Rosas Y Richieri",2,2,0,0,0,0,0,,"Calle",,"SAN LORENZO","San Lorenzo","S/D","S/D","XVII","S/D","S/D","S/D","S/D","S/D","S/D","S/D","Nocturna","S/D","S/D","S/D","S/D","S/D","S/D","S/D","S/D"
2014,5747,30/07/2014,"Miercoles",0,09:30:00,,"0.0",2,"Automóvil,Moto/Ciclomotor","Moreno Y Bv Carlos Casado",2,2,0,0,0,0,0,,"Avenida",,"CHABAS","Caseros","Asfalto","Pavimento","IV","S/D","Urbana","Ninguna","No existe","Intersección","Bueno","Buena","Diurna","Buen Tiempo","Otro","S/D","Colisión","S/D","S/D","Vegetación","Sin restricción"
2014,5748,16/07/2014,"Miercoles",0,12:05:00,"Ruta Nacional 11","0.0",2,"Moto/Ciclomotor,Automóvil","Rosario Y Av San Martin",2,1,0,0,1,0,0,,"Ruta",11,"SAN LORENZO","San Lorenzo","S/D","S/D","XVII","S/D","S/D","S/D","S/D","S/D","S/D","S/D","Diurna","S/D","S/D","S/D","S/D","S/D","S/D","S/D","S/D"
2014,5749,06/08/2014,"Miercoles",0,11:10:00,,"0.0",2,"Peatón,Automóvil","El Zorzal 500",2,1,0,0,1,0,0,,"Calle",,"PEREZ","Rosario","Tierra","No existe","II","S/D","S/D","Ninguna","No existe","Recta","Deteriorada","Buena","Diurna","Buen Tiempo","S/D","S/D","Atropello","S/D","Faltante","Ninguna","Sin restricción"
2014,5750,02/07/2014,"Miercoles",0,17:20:00,,"0.0",1,"Moto/Ciclomotor","25 D EMAYO  Y 9 DE JULIO",1,1,0,0,0,0,0,,"Calle",,"SAN FABIÁN","San Jerónimo","Tierra,Ripio","No existe","XV","S/D","Urbana","Ninguna","No existe","Intersección","Bueno","Buena","Diurna","Buen Tiempo","S/D","S/D","Caída ocupante","Material Suelto","Faltante","Ninguna","Sin restricción"
2014,5751,16/07/2014,"Miercoles",0,13:40:00,,"0.0",2,"Moto/Ciclomotor,Automóvil","L N Alem Y Brown",2,1,0,0,1,0,0,,"S/D",,"SAN LORENZO","San Lorenzo","S/D","S/D","XVII","S/D","S/D","S/D","S/D","S/D","S/D","S/D","Diurna","S/D","S/D","S/D","S/D","S/D","S/D","S/D","S/D"
2014,5752,02/07/2014,"Miercoles",0,14:45:00,,"0.0",2,"Pickup/Utilitario,Moto/Ciclomotor","Rosario Y San Martin",2,1,0,0,1,0,0,,"Calle",,"CHABAS","Caseros","Asfalto","Pavimento","IV","Fuera","Urbana","Ninguna","No existe","Intersección","Bueno","Buena","Diurna","Buen Tiempo","Otro","S/D","Colisión","S/D","S/D","Ninguna","Sin restricción"
2014,5753,12/07/2014,"Sabado",0,07:25:00,,"0.0",2,"Automóvil,Taxi/Remis","Av. Arijon Y San Martin",4,2,0,0,2,0,0,,"Avenida",,"ROSARIO","Rosario","Asfalto","No existe","II","Dentro","Urbana","Ninguna","Funciona","Intersección","Bueno","Buena","Diurna","Otro","Otro","S/D","Colisión","Ninguna","Vertical","Cordón divisorio","Sin restricción"
2014,5754,01/07/2014,"Martes",0,08:30:00,,"0.0",2,"Moto/Ciclomotor,Automóvil","San Juan Y General Lopez",2,1,0,0,1,0,0,,"Calle",,"SAN LORENZO","San Lorenzo","S/D","S/D","XVII","S/D","Urbana","S/D","S/D","S/D","S/D","S/D","Diurna","S/D","S/D","S/D","Colisión","S/D","S/D","S/D","S/D"
2014,5755,31/07/2014,"Jueves",0,07:25:00,,"0.0",2,"Automóvil,Moto/Ciclomotor","Calle 23-Gral lopez Y Calle 40 - Formosa",2,1,0,0,1,0,0,,"Calle",,"RECONQUISTA","General Obligado","Asfalto","Pavimento","IX","Dentro","Urbana","Ninguna","No existe","Intersección","Bueno","Buena","Diurna","Buen Tiempo","Lateral","S/D","Colisión","S/D","Faltante","Ninguna","Sin restricción"
2014,5756,04/07/2014,"Viernes",0,10:50:00,,"0.0",2,"Bicicleta,Automóvil","Lisandro de la Torre Y Colon",2,1,0,0,1,0,0,,"Calle",,"GÁLVEZ","San Jerónimo","Asfalto","S/D","XV","Dentro","Urbana","S/D","No existe","Intersección","Bueno","Buena","Diurna","Buen Tiempo","S/D","S/D","Atropello","S/D","S/D","S/D","Sin restricción"
2014,5757,17/07/2014,"Jueves",0,21:55:00,"Ruta Nacional 9","0.0",2,"Pickup/Utilitario,Moto/Ciclomotor"," ",2,1,0,0,1,0,0,,"Ruta",9,"ARMSTRONG","Belgrano","Asfalto","Pavimento","III","Dentro","Urbana","Ninguna","No existe","Recta","Bueno","Buena","Nocturna,Con luz artificial","Buen Tiempo","Lateral","S/D","Colisión","S/D","S/D","Ninguna","Sin restricción"