"anio_acci","nro_acci","fecha","desc_dia","fecha_aprox","hora_aprox","desc_ruta","km","cant_participantes","desc_participante","calle_avenida_km","total","heridos_leves","heridos_graves","heridos_gravisimos","ilesos","fallecidos","sin_datos","posicion_XY","desc_tipo_via","desc_ruta_ori","desc_loc","desc_dpto","desc_tipo_calzada","desc_tipo_banquina","desc_unidad_regional","desc_lugar_calzada","desc_zona","desc_prioridad","desc_estado_semaforo","desc_lugar_via","desc_estado_via","desc_estado_visibilidad","desc_luminosidad","desc_estado_clima","desc_tipo_colision","desc_tipo_atropello","desc_tipo_hecho","desc_pres_calzada","desc_senializacion","desc_separacion_via","desc_restriccion"
2014,5758,26/07/2014,"Sabado",0,13:00:00,"Ruta Nacional 33","0.0",2,"Moto/Ciclomotor,Pickup/Utilitario","Bv Roque S Peña ",2,1,0,0,1,0,0,,"Ruta",33,"CHABAS","Caseros","Asfalto","Pavimento","IV","S/D","Urbana","Semáforo","Funciona","Intersección","Bueno","Buena","Diurna","Buen Tiempo","Otro","S/D","Colisión","S/D","S/D","Ninguna","Sin restricción"
2014,5759,09/07/2014,"Miercoles",0,19:50:00,,"0.0",1,"Moto/Ciclomotor","Sarmeinto ",1,0,1,0,0,0,0,,"Calle",,"VILLA TRINIDAD","San Cristóbal","Tierra","Natural","XIII","Dentro","Urbana","Ninguna","No existe","Recta","Bueno","Reducida","Nocturna","Buen Tiempo","Contra objeto fijo","S/D","Colisión","S/D","Faltante","Ninguna","Sin restricción"
2014,5760,30/07/2014,"Miercoles",0,19:30:00,,"0.0",2,"Moto/Ciclomotor,Pickup/Utilitario","San Luis Y Rivadavia",3,1,1,0,1,0,0,,"Calle",,"PUERTO SAN MARTÍN","San Lorenzo","Asfalto","No existe","XVII","Dentro","Urbana","Ninguna","No existe","Intersección","Bueno","Buena","Nocturna","Buen Tiempo","Lateral","S/D","Colisión","Ninguna","Horizontal","Ninguna","Sin restricción"
2014,5761,14/07/2014,"Lunes",0,06:30:00,"Ruta Nacional 9","0.0",3,"Camión,Automóvil,Camión","Urquiza Y Ruta Nacional 9",3,0,1,0,2,0,0,,"Ruta",9,"ROLDÁN","San Lorenzo","Asfalto","Natural","XVII","Dentro","Urbana","Ninguna","Funciona","Recta","Bueno","Reducida","Amanecer","Buen Tiempo","Múltiple","S/D","Colisión","S/D","Vertical","Ninguna","Sin restricción"
2014,5762,02/07/2014,"Miercoles",0,21:30:00,"Ruta Provincial 1","0.0",1,"Moto/Ciclomotor"," ",2,1,1,0,0,0,0,,"Ruta",1,"ALEJANDRA","San Javier","Asfalto","Natural","XIV","Dentro","Rural","Ninguna","No existe","Recta","Bueno","Buena","Nocturna","Buen Tiempo","Atropello animal","S/D","Colisión","S/D","S/D","Línea divisoria pintada","Sin restricción"
2014,5763,01/07/2014,"Martes",0,17:35:00,,"0.0",2,"Moto/Ciclomotor,Automóvil","Calle 25-Rivadavia Y Calle 8-Chacabuco",2,0,1,0,1,0,0,,"Calle",,"RECONQUISTA","General Obligado","Asfalto","S/D","IX","Dentro","Urbana","Otra Señal","S/D","Intersección","Bueno","S/D","Diurna","Buen Tiempo","Lateral","S/D","Colisión","S/D","Faltante","Ninguna","Sin restricción"
2014,5764,04/07/2014,"Viernes",0,12:10:00,,"0.0",2,"Bicicleta,Camión","1ro de Mayo Y Cordoba",2,1,0,0,1,0,0,,"Calle",,"GÁLVEZ","San Jerónimo","Asfalto","S/D","XV","Dentro","Urbana","Ninguna","No existe","Intersección","S/D","Buena","Diurna","Buen Tiempo","S/D","S/D","Atropello","S/D","S/D","S/D","Sin restricción"
2014,5765,16/07/2014,"Miercoles",0,12:15:00,,"0.0",2,"Automóvil,Moto/Ciclomotor","Richieri Y General Lopez",3,2,0,0,0,0,1,,"S/D",,"SAN LORENZO","San Lorenzo","S/D","S/D","XVII","S/D","S/D","S/D","S/D","S/D","S/D","S/D","Diurna","S/D","S/D","S/D","S/D","S/D","S/D","S/D","S/D"
2014,5766,20/07/2014,"Domingo",0,17:05:00,,"0.0",2,"Moto/Ciclomotor,Automóvil","Rivadavia Y Monteaguado",3,2,0,0,1,0,0,,"Calle",,"RAFAELA","Castellanos","Asfalto","No existe","V","Dentro","Urbana","S/D","No existe","Intersección","Bueno","Buena","Diurna","Buen Tiempo","Lateral","S/D","Colisión","S/D","S/D","S/D","S/D"
2014,5767,28/07/2014,"Lunes",0,19:30:00,"Ruta Nacional 178","33.0",1,"Moto/Ciclomotor"," ",1,1,0,0,0,0,0,,"Ruta",178,"CHABAS","Caseros","Asfalto","Pavimento","IV","Fuera","Rural","Marca Vial","No existe","Cruce","Bueno","Buena","Atardecer","Buen Tiempo","S/D","S/D","Caída ocupante","S/D","S/D","Ninguna","Obra en Construcción"
2014,5768,01/08/2014,"Viernes",0,10:00:00,,"0.0",3,"Bicicleta,Bicicleta,Automóvil","Hermana Fortunata Y Eloy Gaitan",5,1,1,0,3,0,0,,"Calle",,"RAFAELA","Castellanos","Asfalto","S/D","V","Dentro","Urbana","S/D","No existe","Intersección","S/D","Buena","Diurna","Buen Tiempo","Frontal","S/D","Atropello","S/D","S/D","S/D","S/D"
2014,5769,02/07/2014,"Miercoles",0,14:20:00,,"0.0",2,"Bicicleta,Moto/Ciclomotor","Bv Pellegrini 850",2,2,0,0,0,0,0,,"Avenida",,"ROLDÁN","San Lorenzo","Hormigón","No existe","XVII","Dentro","Urbana","Ninguna","No existe","Recta","Bueno","Buena","Diurna","Buen Tiempo","S/D","S/D","Atropello","S/D","Vertical","Ninguna","Sin restricción"
2014,5770,15/07/2014,"Martes",0,,,"0.0",2,"Automóvil,Automóvil","BOLIVIA 2400",2,1,0,0,1,0,0,,"S/D",,"SAN LORENZO","San Lorenzo","S/D","S/D","XVII","S/D","S/D","S/D","S/D","S/D","S/D","S/D","S/D","S/D","S/D","S/D","S/D","S/D","S/D","S/D","S/D"
2014,5771,26/07/2014,"Sabado",0,12:00:00,"Ruta Nacional 33","0.0",2,"Moto/Ciclomotor,Automóvil","Bv Roque S Peña Y M Quintana",2,1,0,0,1,0,0,,"Ruta",33,"CHABAS","Caseros","Asfalto","Pavimento","IV","S/D","Urbana","Semáforo","Funciona","Intersección","Bueno","Buena","Diurna","Buen Tiempo","Frontal","S/D","Colisión","S/D","S/D","Línea divisoria pintada","Sin restricción"
2014,5772,01/07/2014,"Martes",0,19:35:00,"Ruta Provincial 80","0.0",2,"Moto/Ciclomotor,Automóvil"," ",2,1,0,0,0,0,1,,"Ruta",80,"GÁLVEZ","San Jerónimo","Asfalto","Natural","XV","Dentro","Rural","Ninguna","No existe","Recta","Bueno","Buena","Nocturna","Buen Tiempo","S/D","S/D","Colisión","S/D","S/D","Ninguna","Sin restricción"
2014,5773,16/07/2014,"Miercoles",0,20:10:00,"Ruta Nacional 11","429.0",1,"Automóvil","Av L de la Torre-Ruta Nac 11 429",5,5,0,0,0,0,0,,"Ruta",11,"CORONDA","San Jerónimo","Asfalto","Natural","XV","Fuera","Rural","Ninguna","No existe","Recta","Bueno","Reducida","Nocturna","Lluvia","S/D","S/D","Vuelco","Agua","Faltante","Línea divisoria pintada","Sin restricción"
2014,5774,23/07/2014,"Miercoles",0,10:45:00,,"0.0",2,"Automóvil,Moto/Ciclomotor","Cordoba Y Falucho",2,1,0,0,1,0,0,,"Avenida",,"PUERTO SAN MARTÍN","San Lorenzo","Asfalto","No existe","XVII","Dentro","Urbana","Ninguna","No existe","Intersección","Bueno","Buena","Diurna","Buen Tiempo","Lateral","S/D","Colisión","Ninguna","Horizontal","Ninguna","Sin restricción"
2014,5776,26/07/2014,"Sabado",0,00:15:00,,"0.0",1,"Moto/Ciclomotor","Avda. Jorge Newbery Y pbro d Balbiano",1,1,0,0,0,0,0,,"Calle",,"GÁLVEZ","San Jerónimo","S/D","S/D","XV","Dentro","Urbana","S/D","No existe","Paso a Nivel FFCC","S/D","Buena","Nocturna","Buen Tiempo","S/D","S/D","Caída ocupante","S/D","S/D","S/D","Sin restricción"
2014,5777,17/07/2014,"Jueves",0,19:05:00,,"0.0",2,"Automóvil,Moto/Ciclomotor","9 de julio Y Estanislao Lopez",3,2,0,0,1,0,0,,"Avenida",,"AREQUITO","Caseros","Hormigón","Pavimento","IV","S/D","Urbana","Ninguna","No existe","Intersección","Bueno","Buena","Atardecer,Con luz artificial","Buen Tiempo","Frontal","S/D","Colisión","S/D","Vertical","Ninguna","S/D"
2014,5778,21/07/2014,"Lunes",0,06:45:00,,"267.0",1,"Automóvil"," ",3,1,1,0,1,0,0,,"S/D",,"SUNCHALES","Castellanos","Hormigón","Natural","V","S/D","Urbana","S/D","No funciona","Recta","S/D","S/D","Amanecer","Buen Tiempo","S/D","S/D","Vuelco","S/D","S/D","S/D","S/D"
2014,5779,13/07/2014,"Domingo",0,21:00:00,"Ruta Nacional 9","318.0",2,"Automóvil,Automóvil"," ",3,2,0,0,1,0,0,,"Ruta",9,"ROLDÁN","San Lorenzo","Asfalto","Natural","XVII","Dentro","Urbana","Policía de tránsito","No funciona","Intersección","Ahuellamiento","Reducida","Nocturna","Buen Tiempo","Lateral","S/D","Colisión","S/D","S/D","Ninguna","Sin restricción"
2014,5780,26/07/2014,"Sabado",0,23:15:00,,"0.0",2,"Moto/Ciclomotor,Transporte de Pasajeros Urbano (> 8 asientos)","Cordoba Y 25 de Mayo",2,1,0,0,1,0,0,,"Avenida",,"PUERTO SAN MARTÍN","San Lorenzo","Asfalto","No existe","XVII","Dentro","Urbana","Ninguna","No existe","Intersección","Bueno","Buena","Nocturna","Buen Tiempo","De alcance","S/D","Colisión","Ninguna","Horizontal","Ninguna","Desvío Provisorio"
2014,5781,17/07/2014,"Jueves",0,09:45:00,,"0.0",2,"Moto/Ciclomotor,Moto/Ciclomotor","Calle 25-Rivadavia Y Calle 26 - Bolivar",2,1,1,0,0,0,0,,"Calle",,"RECONQUISTA","General Obligado","Asfalto","No existe","IX","Dentro","Urbana","Policía de tránsito","S/D","Intersección","S/D","S/D","S/D","Buen Tiempo","De alcance","S/D","Colisión","S/D","S/D","Ninguna","Sin restricción"
2014,5782,22/07/2014,"Martes",0,08:50:00,,"0.0",2,"Moto/Ciclomotor,Automóvil","Juan B Justo Y Viamonte",3,1,0,0,2,0,0,,"Calle",,"RAFAELA","Castellanos","Hormigón","S/D","V","Dentro","Urbana","S/D","S/D","Intersección","Bueno","S/D","Diurna","S/D","Lateral","S/D","Colisión","S/D","S/D","S/D","S/D"
2014,5783,16/07/2014,"Miercoles",0,14:00:00,,"0.0",2,"Automóvil,Moto/Ciclomotor","General Lopez Y Entre Rios",5,2,0,0,3,0,0,,"S/D",,"SAN LORENZO","San Lorenzo","S/D","S/D","XVII","S/D","S/D","S/D","S/D","S/D","S/D","S/D","Diurna","S/D","S/D","S/D","S/D","S/D","S/D","S/D","S/D"
2014,5784,09/07/2014,"Miercoles",0,16:10:00,,"0.0",2,"Moto/Ciclomotor,Automóvil"," ",3,2,0,0,1,0,0,,"Calle",,"RECONQUISTA","General Obligado","Asfalto","No existe","IX","S/D","Urbana","Ninguna","No existe","Intersección","Bueno","Buena","Diurna","Buen Tiempo","Lateral","S/D","Colisión","Otro","Horizontal","Cordón divisorio","Sin restricción"
2014,5785,18/07/2014,"Viernes",0,22:30:00,,"0.0",2,"Moto/Ciclomotor,Moto/Ciclomotor","JUAN DOMINGO PERON 1036",2,1,1,0,0,0,0,,"Calle",,"MARÍA SUSANA","San Martín","Ripio","No existe","XVIII","Dentro","Urbana","Ninguna","No existe","Recta","Bueno","Reducida","Nocturna,Con luz artificial","Buen Tiempo","Frontal","S/D","Colisión","Material Suelto","Vertical","Ninguna","Sin restricción"
2014,5786,18/07/2014,"Viernes",0,,,"0.0",2,"Taxi/Remis,Moto/Ciclomotor","Bv Oroño Y Irigoyen",2,1,0,0,1,0,0,,"Avenida",,"SAN LORENZO","San Lorenzo","S/D","S/D","XVII","S/D","Urbana","S/D","S/D","Intersección","S/D","S/D","S/D","S/D","S/D","S/D","Colisión","S/D","S/D","S/D","S/D"
2014,5787,09/07/2014,"Miercoles",0,20:00:00,,"0.0",1,"Pickup/Utilitario","Sarmiento 1050",2,1,0,0,0,0,1,,"Calle",,"SAN JORGE","San Martín","Asfalto","S/D","XVIII","S/D","Urbana","Ninguna","S/D","Recta","Bueno","Buena","Nocturna","Buen Tiempo","S/D","S/D","Caída ocupante","S/D","S/D","Ninguna","Sin restricción"
2014,5788,19/07/2014,"Sabado",0,02:30:00,,"0.0",1,"Automóvil"," ",3,3,0,0,0,0,0,,"S/D",,"SAN LORENZO","San Lorenzo","S/D","S/D","XVII","S/D","S/D","S/D","S/D","S/D","S/D","S/D","Nocturna","S/D","S/D","S/D","S/D","S/D","S/D","S/D","S/D"
2014,5789,16/07/2014,"Miercoles",0,17:00:00,,"0.0",2,"Moto/Ciclomotor,Automóvil","C Bolliger Y Domingo Silva",2,1,0,0,1,0,0,,"Calle",,"RAFAELA","Castellanos","Hormigón","S/D","V","Dentro","Urbana","S/D","S/D","Intersección","S/D","S/D","Diurna","S/D","Lateral","S/D","Colisión","S/D","S/D","S/D","S/D"
2014,5790,13/07/2014,"Domingo",0,21:40:00,,"0.0",2,"Automóvil,Bicicleta","Sargento Cabral Y L N Alem",2,1,0,0,1,0,0,,"S/D",,"SAN LORENZO","San Lorenzo","S/D","S/D","XVII","S/D","S/D","S/D","S/D","S/D","S/D","S/D","Nocturna","S/D","S/D","S/D","Atropello","S/D","S/D","S/D","S/D"
2014,5791,11/07/2014,"Viernes",0,15:15:00,"Ruta Nacional 11","0.0",3,"Automóvil,Camión,Camión","Ruta Nac 11 Y Av San Martin",4,1,0,0,3,0,0,,"Ruta",11,"PUERTO SAN MARTÍN","San Lorenzo","Asfalto","No existe","XVII","Dentro","Urbana","Ninguna","No existe","Intersección","Bueno","Buena","Diurna","Buen Tiempo","Múltiple","S/D","Colisión","Ninguna","Vertical","Ninguna","Sin restricción"
2014,5792,05/07/2014,"Sabado",0,19:35:00,,"0.0",2,"Moto/Ciclomotor,Otros","San Luis Y O'Higgins",3,2,0,0,0,0,1,,"Calle",,"SAN JORGE","San Martín","Tierra","S/D","XVIII","Dentro","Urbana","Ninguna","S/D","Intersección","Bueno","Buena","Atardecer","Buen Tiempo","S/D","S/D","Colisión","S/D","S/D","Ninguna","Sin restricción"
2014,5793,02/08/2014,"Sabado",0,19:00:00,,"0.0",2,"Moto/Ciclomotor,Automóvil","Calle 94 Y Calle 11",2,1,0,0,1,0,0,,"Calle",,"FRONTERA","Castellanos","S/D","S/D","V","Dentro","Urbana","S/D","S/D","Intersección","S/D","Buena","Diurna","Buen Tiempo","Lateral","S/D","Colisión","S/D","S/D","S/D","S/D"
2014,5794,14/07/2014,"Lunes",0,21:30:00,,"0.0",2,"Otros,Automóvil","Mitre Bartolome Y Tucuman",3,0,2,0,0,0,1,,"Calle",,"SUNCHALES","Castellanos","S/D","S/D","V","Dentro","Urbana","S/D","S/D","Intersección","S/D","S/D","Nocturna","S/D","S/D","S/D","Colisión","S/D","S/D","S/D","S/D"
2014,5795,26/07/2014,"Sabado",0,,"Ruta Provincial 90","0.0",2,"Automóvil,Moto/Ciclomotor","Pbro D Segundo ",3,2,0,0,1,0,0,,"Ruta",90,"VILLA CONSTITUCIÓN","Constitución","Asfalto","Ripio","VI","S/D","Urbana","Semáforo","Funciona","Intersección","Bueno","Buena","S/D","Buen Tiempo","Lateral","S/D","Colisión","Ninguna","Faltante","Cordón divisorio","S/D"
2014,5796,18/07/2014,"Viernes",0,11:05:00,,"0.0",2,"Automóvil,Moto/Ciclomotor","Cordoba Y Pte Hipolito Irigoyen",2,1,0,0,1,0,0,,"Calle",,"PUERTO SAN MARTÍN","San Lorenzo","Asfalto","No existe","XVII","Dentro","Urbana","Ninguna","No existe","Intersección","Bueno","Buena","Diurna","Buen Tiempo","Lateral","S/D","Colisión","Ninguna","Horizontal","Ninguna","Sin restricción"
2014,5797,12/07/2014,"Sabado",0,21:15:00,,"0.0",2,"Automóvil,Automóvil","Santiago Y Salta",3,1,0,0,2,0,0,,"S/D",,"CAPITÁN BERMÚDEZ","San Lorenzo","Hormigón","Pavimento","XVII","Dentro","Urbana","Ninguna","No existe","Intersección","Bueno","Buena","Nocturna,Con luz artificial","Buen Tiempo","Frontal","S/D","Colisión","Ninguna","Horizontal","Línea divisoria pintada","Sin restricción"
2014,5798,24/07/2014,"Jueves",0,23:15:00,,"0.0",2,"Moto/Ciclomotor,Automóvil","Sarmiento Y Hipolito Irigoyen",3,2,0,0,1,0,0,,"Calle",,"SAN JORGE","San Martín","Asfalto","Pavimento","XVIII","Dentro","Urbana","Ninguna","S/D","Intersección","Bueno","Buena","Nocturna","Buen Tiempo","Otro","S/D","Colisión","S/D","S/D","Ninguna","Sin restricción"
2014,5799,18/07/2014,"Viernes",0,19:05:00,,"0.0",2,"Automóvil,Moto/Ciclomotor","Clemente Albelo Y Italia",2,1,0,0,1,0,0,,"Calle",,"SAN LORENZO","San Lorenzo","Asfalto","S/D","XVII","S/D","Urbana","S/D","S/D","Intersección","S/D","S/D","Atardecer","S/D","S/D","S/D","Colisión","S/D","S/D","S/D","S/D"
2014,5800,13/07/2014,"Domingo",0,,"Ruta Nacional 11","0.0",2,"Automóvil,Moto/Ciclomotor","Tucuman Y Av San Martin",3,2,0,0,0,0,1,,"Ruta",11,"SAN LORENZO","San Lorenzo","S/D","S/D","XVII","S/D","S/D","S/D","S/D","S/D","S/D","S/D","S/D","S/D","S/D","S/D","S/D","S/D","S/D","S/D","S/D"
2014,5801,26/07/2014,"Sabado",0,20:10:00,"Ruta Nacional 11","389.0",2,"Otros,Otros","Ruta Nac 11 Y España",3,3,0,0,0,0,0,,"Ruta",11,"TIMBÚES","San Lorenzo","Asfalto","Pavimento","XVII","S/D","Urbana","Ninguna","No existe","Intersección","Con baches","Reducida","Nocturna,Con luz artificial","Buen Tiempo","Otro","S/D","Colisión","Otro","Vertical","Línea divisoria pintada","Sin restricción"
2014,5802,17/07/2014,"Jueves",0,13:50:00,,"0.0",2,"Moto/Ciclomotor,Automóvil","San Martin ",3,0,1,0,0,0,2,,"S/D",,"VILLA CONSTITUCIÓN","Constitución","Asfalto","S/D","VI","S/D","Urbana","S/D","S/D","Recta","Bueno","Buena","S/D","Buen Tiempo","Frontal","S/D","Colisión","S/D","S/D","S/D","S/D"
2014,5803,16/07/2014,"Miercoles",0,19:30:00,,"0.0",2,"Moto/Ciclomotor,Automóvil","San Jose Y Moreno",2,1,0,0,0,0,1,,"Calle",,"SANTA FE","La Capital","Asfalto","S/D","I","Dentro","Urbana","S/D","S/D","Intersección","Bueno","S/D","Atardecer","Buen Tiempo","Lateral","S/D","Colisión","S/D","S/D","S/D","S/D"
2014,5804,09/07/2014,"Miercoles",0,00:15:00,"Ruta Provincial 66","0.0",2,"Camión,Camión"," ",3,1,0,0,1,0,1,,"Ruta",66,"CARLOS PELLEGRINI","San Martín","Asfalto","Natural","XVIII","Dentro","Rural","Ninguna","No existe","Recta","Con baches","Buena","Nocturna","Buen Tiempo","S/D","S/D","Otro","S/D","Horizontal","Línea divisoria pintada","Sin restricción"
2014,5805,15/07/2014,"Martes",0,00:30:00,,"0.0",2,"Moto/Ciclomotor,Automóvil","Estanislao Lopez Y 3 de febrero",4,0,1,0,3,0,0,,"Calle",,"PUERTO SAN MARTÍN","San Lorenzo","Asfalto","No existe","XVII","Dentro","Urbana","Ninguna","No existe","Intersección","Bueno","Buena","Nocturna,Con luz artificial","Buen Tiempo","De alcance","S/D","Colisión","Ninguna","Horizontal","Ninguna","Sin restricción"
2014,5806,30/07/2014,"Miercoles",0,04:30:00,"Ruta Nacional A012","34.0",2,"Camión,Automóvil"," ",7,1,0,0,6,0,0,,"Ruta","A012","RICARDONE","San Lorenzo","Ripio","S/D","XVII","S/D","S/D","S/D","S/D","Intersección","Resbaladiza","S/D","Nocturna","Niebla","Lateral","S/D","Colisión","S/D","S/D","S/D","S/D"
2014,5807,16/07/2014,"Miercoles",0,14:30:00,,"0.0",2,"Moto/Ciclomotor,Automóvil","Bv H Irigoyen Y Francisco Saenz Diaz",2,0,1,0,1,0,0,,"Calle",,"RAFAELA","Castellanos","S/D","S/D","V","Dentro","Urbana","S/D","S/D","Intersección","S/D","S/D","Diurna","S/D","Lateral","S/D","Colisión","S/D","S/D","S/D","Obra en Construcción"
2014,5808,16/07/2014,"Miercoles",0,23:30:00,,"0.0",2,"Bicicleta,Automóvil","Dr Rafael Araya Y Suipacha",2,1,0,0,1,0,0,,"S/D",,"SAN LORENZO","San Lorenzo","S/D","S/D","XVII","S/D","S/D","S/D","S/D","S/D","S/D","S/D","Nocturna","S/D","S/D","S/D","Atropello","S/D","S/D","S/D","S/D"
2014,5809,05/07/2014,"Sabado",0,07:00:00,,"0.0",2,"Automóvil,Peatón","R P A Janssen 3000",3,2,0,0,1,0,0,,"Calle",,"ESPERANZA","Las Colonias","Asfalto","No existe","XI","Dentro","Urbana","Ninguna","No existe","Recta","Bueno","Reducida","Nocturna","Lluvia","S/D","S/D","Atropello","Agua","Faltante","Ninguna","Sin restricción"
2014,5810,28/07/2014,"Lunes",0,07:25:00,,"0.0",2,"Moto/Ciclomotor,Moto/Ciclomotor","Calle 25-Rivadavia Y Calle 24 - Olessio",2,2,0,0,0,0,0,,"Calle",,"RECONQUISTA","General Obligado","Asfalto","Pavimento","IX","S/D","Urbana","Ninguna","No existe","Intersección","Bueno","Buena","Diurna","Buen Tiempo","Lateral","S/D","Colisión","Otro","Faltante","Cordón divisorio","Sin restricción"
2014,5812,30/07/2014,"Miercoles",0,23:30:00,"Ruta Nacional 9","0.0",2,"Camión,Moto/Ciclomotor","Rivadavia Y Ruta Nacional 9",2,0,1,0,1,0,0,,"Ruta",9,"ROLDÁN","San Lorenzo","Asfalto","Natural","XVII","Dentro","Urbana","Ninguna","No existe","Intersección","Bueno","Reducida","Nocturna,Con luz artificial","Buen Tiempo","Lateral","S/D","Colisión","S/D","Vertical","Ninguna","Sin restricción"
2014,5813,16/07/2014,"Miercoles",0,07:45:00,"Ruta Nacional 11","0.0",2,"Automóvil,Moto/Ciclomotor","Av San Martin 3900",2,1,0,0,1,0,0,,"Ruta",11,"SAN LORENZO","San Lorenzo","S/D","S/D","XVII","S/D","Urbana","S/D","S/D","S/D","S/D","S/D","Diurna","S/D","S/D","S/D","Colisión","S/D","S/D","S/D","S/D"
2014,5814,18/07/2014,"Viernes",0,08:30:00,"Ruta Nacional 11","148.3",2,"Moto/Ciclomotor,Bicicleta","PUENTE CARRETERO ",2,2,0,0,0,0,0,"-31.666510285283,-60.745310747902","Ruta",11,"SANTA FE","La Capital","Asfalto","S/D","I","Dentro","Urbana","S/D","S/D","Puente","S/D","S/D","Diurna","S/D","S/D","S/D","Atropello","S/D","S/D","S/D","S/D"
2014,5815,08/07/2014,"Martes",0,17:20:00,"Ruta Nacional 11","0.0",2,"Automóvil,Moto/Ciclomotor","Av San Martin Y Salta",2,1,0,0,1,0,0,,"Ruta",11,"SAN LORENZO","San Lorenzo","S/D","S/D","XVII","S/D","S/D","S/D","S/D","S/D","S/D","S/D","Diurna","S/D","S/D","S/D","S/D","S/D","S/D","S/D","S/D"
2014,5816,24/07/2014,"Jueves",0,14:00:00,,"0.0",2,"Moto/Ciclomotor,Automóvil","Santiago Y Paraguay",4,0,1,0,3,0,0,,"Avenida",,"CAPITÁN BERMÚDEZ","San Lorenzo","Hormigón","Pavimento","XVII","Dentro","Urbana","Ninguna","No existe","Intersección","Bueno","Buena","Diurna","Buen Tiempo","Lateral","S/D","Colisión","Ninguna","Horizontal","Línea divisoria pintada","Sin restricción"
2014,5817,04/07/2014,"Viernes",0,,,"0.0",2,"Automóvil,Moto/Ciclomotor","Av Los Colonizadores 800",2,1,0,0,1,0,0,,"Avenida",,"ESPERANZA","Las Colonias","Asfalto","No existe","XI","Dentro","Urbana","Ninguna","No existe","Intersección","Bueno","Buena","Diurna","Buen Tiempo","Frontal","S/D","Colisión","S/D","Faltante","Ninguna","Sin restricción"
2014,5818,01/07/2014,"Martes",0,17:15:00,,"0.0",2,"Moto/Ciclomotor,Automóvil"," ",2,1,0,0,1,0,0,,"S/D",,"SAN LORENZO","San Lorenzo","S/D","S/D","XVII","S/D","S/D","S/D","S/D","S/D","S/D","S/D","Diurna","S/D","S/D","S/D","Colisión","S/D","S/D","S/D","S/D"
2014,5819,09/07/2014,"Miercoles",0,22:30:00,"Ruta Nacional 11","0.0",3,"Automóvil,Pickup/Utilitario,Pickup/Utilitario","Av San Martin Y Italia",6,3,0,0,3,0,0,,"Ruta",11,"SAN LORENZO","San Lorenzo","Hormigón","S/D","XVII","S/D","Urbana","S/D","S/D","Intersección","Bueno","S/D","Nocturna","S/D","S/D","S/D","Colisión","S/D","S/D","S/D","S/D"
2014,5820,27/07/2014,"Domingo",0,,,"0.0",2,"Automóvil,Automóvil","L N Alem Y Dorrego",4,1,0,0,3,0,0,,"S/D",,"SAN LORENZO","San Lorenzo","S/D","S/D","XVII","S/D","S/D","S/D","S/D","S/D","S/D","S/D","S/D","S/D","S/D","S/D","S/D","S/D","S/D","S/D","S/D"
2014,5821,22/07/2014,"Martes",0,12:25:00,,"0.0",2,"Automóvil,Automóvil","Tucuman Y Av Carlos A Poucel",2,1,0,0,1,0,0,,"S/D",,"SAN LORENZO","San Lorenzo","S/D","S/D","XVII","S/D","S/D","S/D","S/D","S/D","S/D","S/D","Diurna","S/D","S/D","S/D","S/D","S/D","S/D","S/D","S/D"
2014,5822,30/07/2014,"Miercoles",0,12:00:00,,"0.0",2,"Moto/Ciclomotor,Automóvil","Casilda 600",2,0,1,0,1,0,0,,"Calle",,"ROLDÁN","San Lorenzo","Asfalto","Natural","XVII","Dentro","Urbana","S/D","No existe","Recta","Bueno","Buena","Diurna","Buen Tiempo","Lateral","S/D","Colisión","S/D","Vertical","S/D","Sin restricción"
2014,5823,09/07/2014,"Miercoles",0,18:15:00,,"0.0",2,"Moto/Ciclomotor,Moto/Ciclomotor","B de Astrada 1500",5,5,0,0,0,0,0,,"S/D",,"SAN LORENZO","San Lorenzo","S/D","S/D","XVII","S/D","S/D","S/D","S/D","S/D","S/D","S/D","Atardecer","S/D","S/D","S/D","S/D","S/D","S/D","S/D","S/D"
2014,5824,26/07/2014,"Sabado",0,11:50:00,"Ruta Nacional 9","355.0",1,"Otros"," ",1,1,0,0,0,0,0,,"Ruta",9,"SAN LORENZO","San Lorenzo","Asfalto","S/D","XVII","Dentro","Rural","S/D","S/D","Recta","S/D","S/D","Diurna","Buen Tiempo","S/D","S/D","Colisión","S/D","S/D","S/D","Sin restricción"
2014,5825,17/07/2014,"Jueves",0,,,"0.0",1,"Otros","9 de Julio Y Belgrano",1,1,0,0,0,0,0,,"Calle",,"SAN LORENZO","San Lorenzo","S/D","S/D","XVII","Dentro","Urbana","S/D","S/D","Intersección","Bueno","S/D","S/D","Buen Tiempo","S/D","S/D","Colisión","S/D","S/D","S/D","S/D"
2014,5826,27/07/2014,"Domingo",0,20:50:00,,"0.0",1,"Moto/Ciclomotor","THOMAS MOORE Y URQUIZA",3,3,0,0,0,0,0,,"Calle",,"ALEJANDRA","San Javier","Tierra","S/D","XIV","Dentro","Urbana","S/D","No existe","Intersección","Bueno","Buena","Nocturna,Con luz artificial","Buen Tiempo","S/D","S/D","Colisión","S/D","S/D","S/D","Sin restricción"
2014,5827,29/07/2014,"Martes",0,12:10:00,,"0.0",2,"Moto/Ciclomotor,Automóvil","Moreno Y Mendoza",2,1,0,0,1,0,0,,"Calle",,"VILLA CONSTITUCIÓN","Constitución","Asfalto","No existe","VI","Dentro","Urbana","Ninguna","No existe","Intersección","Bueno","Buena","Diurna","S/D","S/D","S/D","Colisión","S/D","Faltante","Cordón divisorio","Sin restricción"
2014,5828,29/07/2014,"Martes",0,,,"0.0",2,"Moto/Ciclomotor,Automóvil","Presidente Peron ",2,1,0,0,1,0,0,,"Calle",,"VILLA CONSTITUCIÓN","Constitución","Asfalto","No existe","VI","S/D","Urbana","Ninguna","No existe","Recta","Con baches","Buena","S/D","Buen Tiempo","S/D","S/D","Colisión","S/D","Faltante","Cordón divisorio","Sin restricción"