"anio_acci","nro_acci","fecha","desc_dia","fecha_aprox","hora_aprox","desc_ruta","km","cant_participantes","desc_participante","calle_avenida_km","total","heridos_leves","heridos_graves","heridos_gravisimos","ilesos","fallecidos","sin_datos","posicion_XY","desc_tipo_via","desc_ruta_ori","desc_loc","desc_dpto","desc_tipo_calzada","desc_tipo_banquina","desc_unidad_regional","desc_lugar_calzada","desc_zona","desc_prioridad","desc_estado_semaforo","desc_lugar_via","desc_estado_via","desc_estado_visibilidad","desc_luminosidad","desc_estado_clima","desc_tipo_colision","desc_tipo_atropello","desc_tipo_hecho","desc_pres_calzada","desc_senializacion","desc_separacion_via","desc_restriccion"
2014,5829,22/07/2014,"Martes",0,,,"0.0",2,"Bicicleta,Automóvil","SD ",2,1,0,0,1,0,0,,"S/D",,"VILLA CONSTITUCIÓN","Constitución","S/D","S/D","VI","S/D","S/D","S/D","S/D","S/D","S/D","S/D","S/D","S/D","S/D","S/D","Atropello","S/D","S/D","S/D","S/D"
2014,5830,12/07/2014,"Sabado",0,19:30:00,,"0.0",2,"Moto/Ciclomotor,Automóvil","Mariano Candioti Y Juan de Garay",2,1,0,0,0,0,1,,"Calle",,"SANTO TOMÉ","La Capital","Asfalto","S/D","I","S/D","Urbana","Ninguna","S/D","Recta","Bueno","Buena","Nocturna","Buen Tiempo","Lateral","S/D","Colisión","Ninguna","S/D","Ninguna","Sin restricción"
2014,5831,31/07/2014,"Jueves",0,11:45:00,,"0.0",2,"Moto/Ciclomotor,Pickup/Utilitario","Belgrano calle 15 Y Moreno calle 17",2,0,1,0,1,0,0,,"Calle",,"MARÍA SUSANA","San Martín","Tierra,Arena","Natural","XVIII","Dentro","Urbana","Ninguna","No existe","Intersección","Bueno","Buena","Diurna","Buen Tiempo","Frontal,Lateral","S/D","Colisión","S/D","Faltante","Ninguna","Sin restricción"
2014,5832,08/07/2014,"Martes",0,18:20:00,,"0.0",2,"Moto/Ciclomotor,Automóvil","Bolivia Y Chubut",3,2,0,0,0,0,1,,"Calle",,"VILLA CONSTITUCIÓN","Constitución","Asfalto","S/D","VI","S/D","Urbana","S/D","S/D","Intersección","Bueno","Buena","Atardecer,Con luz artificial","S/D","S/D","S/D","Colisión","S/D","S/D","S/D","S/D"
2014,5833,04/07/2014,"Viernes",0,11:40:00,,"0.0",2,"Pickup/Utilitario,Moto/Ciclomotor","Simon de Iriondo Y Oroño",2,1,0,0,1,0,0,,"Calle",,"ESPERANZA","Las Colonias","Asfalto","S/D","XI","Dentro","Urbana","Ninguna","No existe","Intersección","Bueno","Buena","Diurna","Buen Tiempo","De alcance","S/D","Colisión","S/D","Faltante","S/D","Sin restricción"
2014,5834,08/07/2014,"Martes",0,11:00:00,,"0.0",2,"Moto/Ciclomotor,Automóvil","1ro de Mayo Y Urquiza",2,0,1,0,1,0,0,,"Calle",,"RAFAELA","Castellanos","Asfalto","No existe","V","Dentro","Urbana","S/D","No existe","Intersección","Bueno","Reducida","Diurna","Niebla","Frontal","S/D","Colisión","S/D","S/D","S/D","S/D"
2014,5835,18/07/2014,"Viernes",0,11:30:00,,"0.0",2,"Bicicleta,Automóvil","Pasaje Roberto Payro Y Hipolito Irigoyen",2,1,0,0,0,0,1,"-31.668495815887,-60.764014666416","Avenida",,"SANTO TOMÉ","La Capital","Asfalto","S/D","I","S/D","Urbana","Ninguna","S/D","Recta","Bueno","Buena","Diurna","Buen Tiempo","S/D","S/D","Atropello","S/D","Vertical","S/D","S/D"
2014,5836,01/07/2014,"Martes",0,14:25:00,"Ruta Provincial 1","0.0",2,"Otros,Moto/Ciclomotor"," ",2,1,0,0,0,0,1,,"Ruta",1,"COLASTINE","La Capital","Asfalto","Natural","I","Dentro","Urbana","S/D","No existe","Recta","Con baches","Buena","Diurna","Buen Tiempo","Lateral","S/D","Colisión","S/D","Faltante","Ninguna","S/D"
2014,5837,06/07/2014,"Domingo",0,15:30:00,,"0.0",2,"Bicicleta,Automóvil","Dorrego Y Silverio Cordoba",2,1,0,0,1,0,0,,"Calle",,"SAN LORENZO","San Lorenzo","S/D","S/D","XVII","S/D","Urbana","S/D","S/D","Intersección","S/D","S/D","Diurna","S/D","S/D","S/D","Atropello","S/D","S/D","S/D","S/D"
2014,5838,21/07/2014,"Lunes",0,01:25:00,,"0.0",2,"Moto/Ciclomotor,Automóvil","Calle 25 - Pietropaolo Y Calle 36 Entre Rios",2,1,0,0,1,0,0,,"Calle",,"RECONQUISTA","General Obligado","Asfalto","Pavimento","IX","Dentro","Urbana","Ninguna","No existe","Intersección","Bueno","Buena","Nocturna,Con luz artificial","Buen Tiempo","Lateral","S/D","Colisión","S/D","Vertical","Cordón divisorio","Sin restricción"
2014,5839,03/07/2014,"Jueves",0,16:45:00,"Ruta Provincial 1","2.0",1,"Moto/Ciclomotor"," ",2,1,0,0,0,0,1,,"Ruta",1,"COLASTINE","La Capital","Asfalto","No existe","I","Dentro","Urbana","S/D","No existe","Recta","Bueno","Buena","Diurna","Buen Tiempo","Lateral","S/D","Colisión","S/D","Vertical","Ninguna","Sin restricción"
2014,5840,25/07/2014,"Viernes",0,,,"0.0",2,"Pickup/Utilitario,Moto/Ciclomotor","EVA PERÓN Y RIVADAVIA",2,1,0,0,1,0,0,,"Calle",,"VILLA CONSTITUCIÓN","Constitución","Asfalto","No existe","VI","S/D","Urbana","Ninguna","No existe","Intersección","Bueno","Buena","Diurna","Buen Tiempo","S/D","S/D","Colisión","Ninguna","Faltante","Cordón divisorio","Sin restricción"
2014,5841,11/07/2014,"Viernes",0,18:50:00,,"0.0",2,"Moto/Ciclomotor,Automóvil","Saavedra 2600",3,2,0,0,0,0,1,,"Calle",,"VILLA CONSTITUCIÓN","Constitución","Asfalto","S/D","III","Dentro","Urbana","S/D","S/D","Recta","Bueno","S/D","S/D","S/D","Lateral","S/D","Colisión","S/D","S/D","S/D","S/D"
2014,5842,10/07/2014,"Jueves",0,16:45:00,,"0.0",2,"Bicicleta,Automóvil","G Lehmann Y General Manuel Belgrano",2,1,0,0,1,0,0,,"Calle",,"ESPERANZA","Las Colonias","Asfalto","No existe","XI","Dentro","Urbana","Ninguna","No existe","Intersección","Bueno","Buena","Diurna","Buen Tiempo","S/D","S/D","Atropello","S/D","Horizontal","Ninguna","Sin restricción"
2014,5843,24/07/2014,"Jueves",0,09:30:00,,"0.0",2,"Automóvil,Otros","Paula Albarracin de Sarmiento Y General Manuel Belgrano",4,4,0,0,0,0,0,,"Calle",,"SANTO TOMÉ","La Capital","Asfalto","No existe","I","S/D","Urbana","Ninguna","No existe","Intersección","Bueno","Buena","Diurna","Buen Tiempo","Lateral","S/D","Colisión","Ninguna","S/D","Ninguna","S/D"
2014,5844,01/07/2014,"Martes",0,19:00:00,,"0.0",2,"Automóvil,Pickup/Utilitario","San Martin ",2,2,0,0,0,0,0,,"Calle",,"VILLA CONSTITUCIÓN","Constitución","Asfalto","S/D","VI","S/D","Urbana","S/D","S/D","Recta","Bueno","Buena","Atardecer","Buen Tiempo","Lateral","S/D","Colisión","S/D","S/D","S/D","S/D"
2014,5845,16/07/2014,"Miercoles",0,12:15:00,,"0.0",2,"Bicicleta,Automóvil","Calle 12 San Martin Y Calle 17-Bartolome Mitre",2,1,0,0,1,0,0,,"Calle",,"RECONQUISTA","General Obligado","Asfalto","Pavimento","IX","Dentro","Urbana","Ninguna","No existe","Intersección","Bueno","Buena","Diurna","Buen Tiempo","S/D","S/D","Atropello","S/D","Horizontal,Vertical","Cordón divisorio","Sin restricción"
2014,5846,02/07/2014,"Miercoles",0,08:45:00,,"0.0",2,"Moto/Ciclomotor,Automóvil","Mosconi Y Moreno",2,2,0,0,0,0,0,,"Calle",,"VILLA CONSTITUCIÓN","Constitución","Asfalto","S/D","VI","Dentro","Urbana","S/D","S/D","Intersección","Bueno","Buena","Diurna","Buen Tiempo","Frontal","S/D","Colisión","S/D","S/D","S/D","S/D"
2014,5847,01/07/2014,"Martes",0,16:15:00,,"0.0",2,"Moto/Ciclomotor,Automóvil"," ",2,1,0,0,1,0,0,,"S/D",,"SAN LORENZO","San Lorenzo","S/D","S/D","XVII","S/D","S/D","S/D","S/D","S/D","S/D","S/D","Diurna","S/D","S/D","S/D","Colisión","S/D","S/D","S/D","S/D"
2014,5848,24/07/2014,"Jueves",0,12:40:00,,"0.0",2,"Automóvil,Moto/Ciclomotor","9 de julio Y Dalmacio Velez Sarfield",2,2,0,0,0,0,0,,"Calle",,"SANTO TOMÉ","La Capital","Ripio","No existe","I","S/D","Urbana","Ninguna","No existe","Intersección","Bueno","Buena","Diurna","Buen Tiempo","Lateral","S/D","Colisión","Ninguna","S/D","Ninguna","Sin restricción"
2014,5849,20/07/2014,"Domingo",0,,,"0.0",2,"Automóvil,Bicicleta","Luis Pasteur Y Entre Rios",3,2,0,0,0,0,1,,"Calle",,"VILLA CONSTITUCIÓN","Constitución","Asfalto","No existe","VI","Dentro","Urbana","Ninguna","No existe","Intersección","Bueno","Buena","Diurna","Buen Tiempo","S/D","S/D","Atropello","Ninguna","Faltante","Cordón divisorio","Sin restricción"
2014,5850,20/07/2014,"Domingo",0,19:50:00,,"0.0",2,"Moto/Ciclomotor,Automóvil","Cochero 4946",2,1,0,0,0,0,1,,"Calle",,"VILLA CONSTITUCIÓN","Constitución","Asfalto","S/D","VI","Dentro","Urbana","S/D","S/D","Intersección","Bueno","Buena","Atardecer","Buen Tiempo","Frontal","S/D","Colisión","S/D","S/D","S/D","Sin restricción"
2014,5851,05/07/2014,"Sabado",0,11:30:00,,"0.0",2,"Moto/Ciclomotor,Automóvil","Moreno Y Chubut",3,2,0,0,0,0,1,,"Calle",,"VILLA CONSTITUCIÓN","Constitución","Asfalto","S/D","VI","Dentro","Urbana","S/D","S/D","Intersección","Bueno","Buena","Diurna","Buen Tiempo","Frontal","S/D","Colisión","S/D","S/D","S/D","S/D"
2014,5852,31/07/2014,"Jueves",0,20:40:00,"Ruta Provincial 14","0.0",1,"Automóvil"," ",1,1,0,0,0,0,0,,"Ruta",14,"PUEBLO MIGUEL TORRES","General López","Asfalto","Ripio","VIII","Fuera","Rural","Ninguna","No existe","Recta","Resbaladiza","Reducida","Nocturna","Niebla","S/D","S/D","Despiste","Agua","S/D","Ninguna","Sin restricción"
2014,5853,17/07/2014,"Jueves",0,12:00:00,,"0.0",2,"Moto/Ciclomotor,Automóvil"," ",3,1,1,0,1,0,0,,"Calle",,"RECONQUISTA","General Obligado","Asfalto","No existe","IX","Dentro","Urbana","Ninguna","No existe","Intersección","Bueno","Buena","Diurna","Buen Tiempo","Lateral","S/D","Colisión","Otro","Horizontal","Ninguna","Sin restricción"
2014,5854,29/07/2014,"Martes",0,19:50:00,,"0.0",2,"Moto/Ciclomotor,Pickup/Utilitario"," ",3,1,0,0,2,0,0,,"Calle",,"RECONQUISTA","General Obligado","Asfalto","No existe","IX","Dentro","Urbana","Ninguna","No existe","Intersección","Bueno","Buena","Diurna","Buen Tiempo","Lateral","S/D","Colisión","Otro","Horizontal","Ninguna","Sin restricción"
2014,5855,10/07/2014,"Jueves",0,00:30:00,,"0.0",2,"Otros,Otros","Grl Brig Estanislao Lopez Y Centenario",2,0,1,0,0,0,1,,"Calle",,"SANTO TOMÉ","La Capital","Asfalto","No existe","I","Dentro","Urbana","Ninguna","No existe","Recta","Bueno","Buena","Nocturna","Buen Tiempo","Lateral","S/D","Colisión","S/D","S/D","Ninguna","S/D"
2014,5856,30/07/2014,"Miercoles",0,20:15:00,,"0.0",2,"Bicicleta,Automóvil","Pasaje Almte Guillermo Brown Y Presidente Bernardino Rivadavi",2,1,0,0,0,0,1,"-31.665083333333,-60.763833333333","Calle",,"SANTO TOMÉ","La Capital","Asfalto","No existe","I","Dentro","Urbana","Ninguna","No existe","Intersección","Bueno","Buena","Diurna","Buen Tiempo","S/D","S/D","Atropello","Ninguna","Vertical","S/D","S/D"
2014,5857,14/07/2014,"Lunes",0,03:40:00,,"0.0",2,"Moto/Ciclomotor,Moto/Ciclomotor","Calle 16 Gral Obligado Y Calle 11-Alvear",2,1,1,0,0,0,0,,"Calle",,"RECONQUISTA","General Obligado","Hormigón","No existe","IX","Dentro","Urbana","Ninguna","No existe","Intersección","Bueno","Buena","S/D","Buen Tiempo","Lateral","S/D","Colisión","S/D","Horizontal","Ninguna","Sin restricción"
2014,5858,26/07/2014,"Sabado",0,18:40:00,,"0.0",2,"Automóvil,Moto/Ciclomotor","Calle 4 - Ledesma Y CAlle 37-Bvard. lovato",2,1,0,0,1,0,0,,"Calle",,"RECONQUISTA","General Obligado","Hormigón","No existe","IX","Dentro","Urbana","Ninguna","No existe","Recta","Bueno","Buena","Nocturna","Buen Tiempo","Frontal","S/D","Colisión","S/D","Horizontal","Ninguna","Sin restricción"
2014,5859,27/07/2014,"Domingo",0,03:40:00,,"0.0",1,"Automóvil","25 de mayo Y Jose De San Martin",1,0,1,0,0,0,0,,"S/D",,"SANTO TOMÉ","La Capital","Asfalto","S/D","I","S/D","Urbana","S/D","No existe","S/D","S/D","Buena","Nocturna","S/D","S/D","S/D","S/D","S/D","S/D","S/D","S/D"
2014,5860,18/07/2014,"Viernes",0,09:40:00,,"0.0",2,"Moto/Ciclomotor,Automóvil"," ",2,1,0,0,1,0,0,,"Calle",,"RECONQUISTA","General Obligado","Asfalto","Pavimento","IX","Dentro","Urbana","Ninguna","No existe","Intersección","Otro","Buena","Diurna","Buen Tiempo","Lateral","S/D","Colisión","Otro","Vertical","Cordón divisorio","Sin restricción"
2014,5861,24/07/2014,"Jueves",0,17:50:00,"Ruta Nacional 11","0.0",2,"Moto/Ciclomotor,Pickup/Utilitario"," ",2,1,0,0,1,0,0,,"Ruta",11,"RECONQUISTA","General Obligado","Asfalto","Natural","IX","Dentro","Urbana","Ninguna","No existe","Intersección","S/D","Buena","Diurna","Buen Tiempo","Lateral","S/D","Colisión","S/D","Faltante","Línea divisoria pintada","Sin restricción"
2014,5862,28/07/2014,"Lunes",0,19:30:00,,"0.0",2,"Moto/Ciclomotor,Pickup/Utilitario"," ",2,1,0,0,1,0,0,,"Calle",,"RECONQUISTA","General Obligado","Asfalto","Pavimento","IX","Dentro","Urbana","Ninguna","No existe","Intersección","Bueno","Buena","Diurna","Buen Tiempo","Lateral","S/D","Colisión","S/D","Vertical","Cordón divisorio","Sin restricción"
2014,5863,04/08/2014,"Lunes",0,17:30:00,"Ruta Nacional A012","0.0",1,"Pickup/Utilitario"," ",6,4,2,0,0,0,0,,"Ruta","A012","ZAVALLA","Rosario","Asfalto","Natural","II","Dentro","Rural","Ninguna","No existe","Recta","Bueno","Buena","Diurna","Buen Tiempo","S/D","S/D","Despiste","S/D","Horizontal","Línea divisoria pintada","Sin restricción"
2014,5864,18/07/2014,"Viernes",0,,,"0.0",2,"Bicicleta,Pickup/Utilitario","Acevedo Y Independencia",2,1,0,0,1,0,0,,"Calle",,"VILLA CONSTITUCIÓN","Constitución","Asfalto","No existe","VI","Dentro","Urbana","Ninguna","No existe","Intersección","Bueno","Buena","Diurna","Buen Tiempo","S/D","S/D","Atropello","Ninguna","Faltante","Cordón divisorio","Sin restricción"
2014,5865,30/07/2014,"Miercoles",0,,,"0.0",2,"Moto/Ciclomotor,Automóvil","Santiago del Estero Y Moreno",2,1,0,0,1,0,0,,"Calle",,"VILLA CONSTITUCIÓN","Constitución","Asfalto","No existe","VI","Dentro","Urbana","Ninguna","No existe","Intersección","S/D","Buena","Diurna","Buen Tiempo","S/D","S/D","Colisión","Ninguna","Faltante","Cordón divisorio","Sin restricción"
2014,5866,14/07/2014,"Lunes",0,20:45:00,,"0.0",2,"Automóvil,Moto/Ciclomotor","7 de marzo Y Azcuenaga",2,1,0,0,0,0,1,,"Calle",,"SANTO TOMÉ","La Capital","S/D","No existe","I","Dentro","Urbana","Ninguna","No existe","Intersección","Bueno","Buena","Nocturna","Buen Tiempo","Lateral","S/D","Colisión","Ninguna","S/D","Ninguna","S/D"
2014,5867,20/07/2014,"Domingo",0,06:35:00,,"0.0",1,"Moto/Ciclomotor","Salta Y 7 de marzo",2,2,0,0,0,0,0,,"Calle",,"SANTO TOMÉ","La Capital","Asfalto","S/D","I","Dentro","Urbana","Ninguna","S/D","Intersección","Bueno","S/D","Nocturna","S/D","S/D","S/D","Caída ocupante","S/D","S/D","S/D","S/D"
2014,5868,06/07/2014,"Domingo",0,07:35:00,,"0.0",2,"Moto/Ciclomotor,Automóvil","San Juan Y General Lopez",2,1,0,0,0,0,1,,"Calle",,"SAN LORENZO","San Lorenzo","S/D","S/D","XVII","S/D","Urbana","S/D","S/D","Intersección","S/D","S/D","Amanecer","S/D","S/D","S/D","Colisión","S/D","S/D","S/D","S/D"
2014,5869,23/07/2014,"Miercoles",0,13:00:00,"Ruta Nacional 11","148.3",2,"Automóvil,Taxi/Remis","PUENTE CARRETERO ",3,0,0,0,0,0,3,,"Ruta",11,"SANTA FE","La Capital","Asfalto","S/D","I","Dentro","Urbana","S/D","S/D","Puente","S/D","S/D","Diurna","S/D","S/D","S/D","Colisión","S/D","S/D","S/D","S/D"
2014,5870,05/07/2014,"Sabado",0,09:00:00,"Ruta Provincial 21","0.0",3,"Automóvil,Automóvil,Automóvil","Ruta Prov 21 Y 23 de Setiembre",6,2,0,0,0,0,4,,"Ruta",21,"VILLA CONSTITUCIÓN","Constitución","Asfalto","S/D","VI","Dentro","Urbana","S/D","S/D","Recta","Bueno","Buena","Diurna","Buen Tiempo","Frontal","S/D","Colisión","S/D","S/D","S/D","S/D"
2014,5871,17/08/2014,"Domingo",0,17:00:00,"Ruta Provincial 1","4.6",2,"Automóvil,Moto/Ciclomotor"," ",3,2,0,0,1,0,0,,"Ruta",1,"RINCÓN POTRERO","La Capital","Asfalto","Natural","I","S/D","Urbana","Ninguna","No existe","Intersección","Bueno","Buena","Diurna","Buen Tiempo","Lateral","S/D","Colisión","Ninguna","Horizontal","Línea divisoria pintada","Sin restricción"
2014,5872,09/08/2014,"Sabado",0,22:00:00,"Ruta Nacional 11","482.0",2,"Moto/Ciclomotor,Pickup/Utilitario","Ruta Nacional 11 ",3,2,0,0,0,0,1,,"Ruta",11,"RECREO","La Capital","Asfalto","Natural","I","S/D","Urbana","Ninguna","No existe","Recta","Bueno","Buena","Nocturna,Con luz artificial","Buen Tiempo","De alcance","S/D","Colisión","Ninguna","Vertical","Línea divisoria pintada","Sin restricción"
2014,5873,07/08/2014,"Jueves",0,13:30:00,"Ruta Provincial 1","4.5",2,"Pickup/Utilitario,Moto/Ciclomotor"," ",2,1,0,0,1,0,0,,"Ruta",1,"RINCÓN POTRERO","La Capital","Asfalto","Natural","I","Dentro","Urbana","Ninguna","No existe","Intersección","Bueno","Buena","Diurna","Buen Tiempo","Lateral","S/D","Colisión","Ninguna","Faltante","Línea divisoria pintada","Sin restricción"
2014,5874,06/08/2014,"Miercoles",0,06:40:00,,"0.0",2,"Automóvil,Moto/Ciclomotor","Dr Zavalla Y 3 de Febrero",2,0,0,0,0,0,2,,"Avenida",,"SANTA FE","La Capital","Asfalto","S/D","I","S/D","Urbana","S/D","S/D","Intersección","S/D","S/D","Amanecer","S/D","S/D","S/D","Colisión","S/D","S/D","S/D","S/D"
2014,5875,19/08/2014,"Martes",0,16:15:00,,"0.0",2,"Moto/Ciclomotor,Automóvil","Av Peñaloza 7200",3,0,0,0,0,0,3,,"Avenida",,"SANTA FE","La Capital","S/D","S/D","I","S/D","S/D","S/D","S/D","S/D","S/D","S/D","Diurna","S/D","S/D","S/D","S/D","S/D","S/D","S/D","S/D"
2014,5876,06/08/2014,"Miercoles",0,01:40:00,"Ruta Provincial 1","8.0",2,"Moto/Ciclomotor,Bicicleta"," ",2,1,0,0,1,0,0,,"Ruta",1,"RINCÓN POTRERO","La Capital","Asfalto","Natural","I","S/D","Urbana","Ninguna","No existe","Recta","Bueno","Reducida","Nocturna","Buen Tiempo","S/D","S/D","Atropello","Ninguna","Horizontal","Línea divisoria pintada","Sin restricción"
2014,5877,16/08/2014,"Sabado",0,13:00:00,,"0.0",2,"Moto/Ciclomotor,Automóvil","Av Peñaloza Y Angel Cassanello",2,0,0,0,0,0,2,,"Avenida",,"SANTA FE","La Capital","S/D","S/D","I","S/D","S/D","S/D","S/D","S/D","S/D","S/D","Diurna","S/D","S/D","S/D","S/D","S/D","S/D","S/D","S/D"
2014,5878,06/08/2014,"Miercoles",0,21:00:00,,"0.0",2,"Bicicleta,Moto/Ciclomotor","Av J J Paso Y Francia",2,0,0,0,0,0,2,"-31.662,-60.71975","Calle",,"SANTA FE","La Capital","Asfalto","S/D","I","S/D","Urbana","S/D","S/D","Intersección","S/D","S/D","Nocturna","S/D","S/D","S/D","Atropello","S/D","S/D","S/D","S/D"
2014,5879,13/08/2014,"Miercoles",0,16:30:00,,"0.0",2,"Automóvil,Automóvil","Regis Martinez Y San Lorenzo",2,0,0,0,0,0,2,,"Calle",,"SANTA FE","La Capital","S/D","S/D","I","S/D","S/D","S/D","S/D","S/D","S/D","S/D","Diurna","S/D","S/D","S/D","S/D","S/D","S/D","S/D","S/D"
2014,5880,10/06/2014,"Martes",0,22:20:00,,"0.0",2,"Peatón,Otros","Diagonal Goyena 3600",2,0,0,0,0,0,2,"-31.615777777778,-60.711361111111","S/D",,"SANTA FE","La Capital","S/D","S/D","I","S/D","S/D","S/D","S/D","S/D","S/D","S/D","Nocturna","S/D","S/D","S/D","Atropello","S/D","S/D","S/D","S/D"
2014,5881,10/08/2014,"Domingo",0,04:30:00,,"0.0",2,"Automóvil,Automóvil","Av Facundo Zuviria Y Pedro de Vega",2,0,0,0,0,0,2,,"Avenida",,"SANTA FE","La Capital","S/D","S/D","I","S/D","S/D","S/D","S/D","S/D","S/D","S/D","Nocturna","S/D","S/D","S/D","S/D","S/D","S/D","S/D","S/D"
2014,5882,21/08/2014,"Jueves",0,18:20:00,,"0.0",2,"Automóvil,Automóvil","Roverano Y Juan Jose Paso",3,1,0,0,2,0,0,,"Calle",,"SANTO TOMÉ","La Capital","Ripio","No existe","I","Dentro","Urbana","Ninguna","No existe","Intersección","Deteriorada","Buena","Atardecer","Buen Tiempo","Lateral","S/D","Colisión","Otro","Faltante","Ninguna","Sin restricción"
2014,5883,07/08/2014,"Jueves",0,16:00:00,,"0.0",2,"Moto/Ciclomotor,Moto/Ciclomotor","Av Mosconi 2000",3,2,0,0,0,0,1,,"Avenida",,"SANTA FE","La Capital","Asfalto","S/D","I","S/D","Urbana","S/D","S/D","Recta","S/D","S/D","Diurna","S/D","S/D","S/D","Colisión","S/D","S/D","S/D","S/D"
2014,5884,24/08/2014,"Domingo",0,16:30:00,"Ruta Nacional 11","0.0",2,"Moto/Ciclomotor,Automóvil","Av Blas Parera Y Gorriti",3,1,0,0,2,0,0,,"Ruta",11,"SANTA FE","La Capital","Asfalto","S/D","I","S/D","Urbana","Semáforo","Funciona","Recta","Bueno","Buena","Diurna","Buen Tiempo","De alcance","S/D","Colisión","Ninguna","S/D","Cordón divisorio","Sin restricción"
2014,5885,08/08/2014,"Viernes",0,,,"0.0",2,"Automóvil,Automóvil","Av Facundo Zuviria Y Estanislao Zeballos",2,0,0,0,0,0,2,,"Avenida",,"SANTA FE","La Capital","S/D","S/D","I","S/D","S/D","S/D","S/D","S/D","S/D","S/D","S/D","S/D","S/D","S/D","S/D","S/D","S/D","S/D","S/D"
2014,5886,17/08/2014,"Domingo",0,18:30:00,,"0.0",2,"Moto/Ciclomotor,Automóvil","Av Facundo Zuviria Y Lavaisse",2,0,0,0,0,0,2,,"Avenida",,"SANTA FE","La Capital","S/D","S/D","I","S/D","Urbana","S/D","S/D","S/D","S/D","S/D","Diurna","S/D","S/D","S/D","S/D","S/D","S/D","S/D","S/D"
2014,5887,04/08/2014,"Lunes",0,,,"0.0",2,"Moto/Ciclomotor,Automóvil","Regis Martinez Y Facundo Quiroga",2,0,0,0,0,0,2,,"S/D",,"SANTA FE","La Capital","S/D","S/D","I","S/D","S/D","S/D","S/D","S/D","S/D","S/D","S/D","S/D","S/D","S/D","S/D","S/D","S/D","S/D","S/D"
2014,5888,08/08/2014,"Viernes",0,17:30:00,,"0.0",2,"Automóvil,Moto/Ciclomotor","Zavalia Y Uruguay",2,1,0,0,1,0,0,,"Calle",,"SANTA FE","La Capital","Asfalto","S/D","I","S/D","Urbana","S/D","S/D","Intersección","S/D","S/D","Diurna","S/D","S/D","S/D","Colisión","S/D","S/D","S/D","S/D"
2014,5889,15/08/2014,"Viernes",0,16:30:00,,"0.0",2,"Moto/Ciclomotor,Automóvil","P Cullen 6161",2,1,0,0,1,0,0,,"Calle",,"SANTA FE","La Capital","S/D","S/D","I","Dentro","Urbana","S/D","S/D","Intersección","Bueno","Buena","Diurna","S/D","S/D","S/D","Colisión","S/D","S/D","S/D","S/D"
2014,5890,21/08/2014,"Jueves",0,20:00:00,,"0.0",2,"Moto/Ciclomotor,Automóvil","Salvador del Carril Y Sarmiento",2,1,0,0,1,0,0,,"Calle",,"SANTA FE","La Capital","Asfalto","S/D","I","Dentro","Urbana","S/D","S/D","Intersección","Bueno","Buena","Nocturna","S/D","Frontal","S/D","Colisión","Ninguna","S/D","S/D","S/D"
2014,5891,28/08/2014,"Jueves",0,12:15:00,,"0.0",2,"Moto/Ciclomotor,Moto/Ciclomotor","Sarmiento Y J P Lopez",2,1,0,0,0,0,1,,"Calle",,"SANTA FE","La Capital","S/D","S/D","I","Dentro","Urbana","S/D","S/D","Intersección","S/D","Buena","Diurna","S/D","Lateral","S/D","Colisión","S/D","S/D","S/D","S/D"
2014,5892,04/08/2014,"Lunes",0,21:30:00,,"0.0",2,"Bicicleta,Automóvil","Llerena 3300",2,0,0,0,0,0,2,"-31.611666666667,-60.706","S/D",,"SANTA FE","La Capital","S/D","S/D","I","S/D","S/D","S/D","S/D","S/D","S/D","S/D","Nocturna","S/D","S/D","S/D","Atropello","S/D","S/D","S/D","S/D"
2014,5893,29/08/2014,"Viernes",0,14:25:00,,"0.0",2,"Automóvil,Automóvil","Hernandarias Y General Manuel Belgrano",3,3,0,0,0,0,0,,"Avenida",,"SANTO TOMÉ","La Capital","Asfalto","No existe","I","S/D","Urbana","Ninguna","No existe","Intersección","S/D","Buena","Diurna","Buen Tiempo","S/D","S/D","Colisión","S/D","S/D","S/D","S/D"
2014,5894,20/08/2014,"Miercoles",0,09:30:00,,"0.0",2,"Moto/Ciclomotor,Automóvil","M De Polonia Y Pje Jorge Raul Rodriguez",2,0,0,0,0,0,2,,"Calle",,"SANTA FE","La Capital","S/D","S/D","I","S/D","Urbana","S/D","S/D","S/D","S/D","S/D","Diurna","S/D","S/D","S/D","S/D","S/D","S/D","S/D","S/D"
2014,5895,28/08/2014,"Jueves",0,09:00:00,,"0.0",2,"Moto/Ciclomotor,Automóvil","Pedro Diaz Colodrero Y Av Gral Paz",2,0,1,0,1,0,0,,"Calle",,"SANTA FE","La Capital","S/D","S/D","I","Dentro","Urbana","S/D","S/D","Intersección","Bueno","Buena","Diurna","S/D","Lateral","S/D","Colisión","S/D","S/D","S/D","S/D"
2014,5896,26/08/2014,"Martes",0,09:40:00,,"0.0",2,"Automóvil,Moto/Ciclomotor","Av Almte Brown 4900",3,2,0,0,1,0,0,,"Avenida",,"SANTA FE","La Capital","Asfalto","S/D","I","S/D","S/D","S/D","S/D","Recta","Bueno","Buena","Diurna","S/D","S/D","S/D","Colisión","Ninguna","S/D","S/D","S/D"
2014,5897,04/08/2014,"Lunes",0,20:30:00,,"0.0",2,"Automóvil,Moto/Ciclomotor","Hernandarias Y Av Peñaloza",2,0,0,0,0,0,2,,"S/D",,"SANTA FE","La Capital","S/D","S/D","I","S/D","S/D","S/D","S/D","S/D","S/D","S/D","Nocturna","S/D","S/D","S/D","S/D","S/D","S/D","S/D","S/D"
2014,5898,08/08/2014,"Viernes",0,19:30:00,,"0.0",2,"Moto/Ciclomotor,Automóvil","3 de Febrero Y San Juan",2,1,0,0,0,0,1,,"Calle",,"SANTA FE","La Capital","Asfalto","S/D","I","S/D","Urbana","S/D","S/D","Intersección","S/D","S/D","Nocturna","S/D","S/D","S/D","Colisión","S/D","S/D","S/D","S/D"