"anio_acci","nro_acci","fecha","desc_dia","fecha_aprox","hora_aprox","desc_ruta","km","cant_participantes","desc_participante","calle_avenida_km","total","heridos_leves","heridos_graves","heridos_gravisimos","ilesos","fallecidos","sin_datos","posicion_XY","desc_tipo_via","desc_ruta_ori","desc_loc","desc_dpto","desc_tipo_calzada","desc_tipo_banquina","desc_unidad_regional","desc_lugar_calzada","desc_zona","desc_prioridad","desc_estado_semaforo","desc_lugar_via","desc_estado_via","desc_estado_visibilidad","desc_luminosidad","desc_estado_clima","desc_tipo_colision","desc_tipo_atropello","desc_tipo_hecho","desc_pres_calzada","desc_senializacion","desc_separacion_via","desc_restriccion"
2014,5899,14/08/2014,"Jueves",0,22:20:00,,"0.0",2,"Moto/Ciclomotor,Automóvil","Republica de Siria Y Derqui",2,1,0,0,1,0,0,,"Calle",,"SANTA FE","La Capital","Asfalto","S/D","I","Dentro","Urbana","S/D","S/D","Intersección","Bueno","Buena","Nocturna","S/D","S/D","S/D","Colisión","S/D","S/D","S/D","S/D"
2014,5900,28/08/2014,"Jueves",0,08:30:00,,"0.0",2,"Moto/Ciclomotor,Automóvil","Candioti Y J P Lopez",2,1,0,0,1,0,0,,"Calle",,"SANTA FE","La Capital","S/D","S/D","I","Dentro","Urbana","S/D","S/D","Intersección","S/D","Buena","Diurna","S/D","Lateral","S/D","Colisión","S/D","S/D","S/D","S/D"
2014,5901,22/08/2014,"Viernes",0,23:30:00,,"0.0",2,"Moto/Ciclomotor,Automóvil","Diagonal Goyena Y Gdor Freyre",2,0,0,0,0,0,2,,"Calle",,"SANTA FE","La Capital","S/D","S/D","I","S/D","Urbana","S/D","S/D","S/D","S/D","S/D","Nocturna","S/D","S/D","S/D","S/D","S/D","S/D","S/D","S/D"
2014,5902,04/08/2014,"Lunes",0,15:30:00,,"0.0",2,"Pickup/Utilitario,Moto/Ciclomotor","Llerena Y Av Facundo Zuviria",2,0,0,0,0,0,2,,"S/D",,"SANTA FE","La Capital","S/D","S/D","I","S/D","S/D","S/D","S/D","S/D","S/D","S/D","Diurna","S/D","S/D","S/D","S/D","S/D","S/D","S/D","S/D"
2014,5903,29/08/2014,"Viernes",0,16:20:00,,"0.0",2,"Automóvil,Automóvil","Sarmiento Y Agustin Delgado",2,1,0,0,1,0,0,,"Calle",,"SANTA FE","La Capital","Asfalto","S/D","I","Dentro","Urbana","S/D","S/D","Intersección","Bueno","Buena","Diurna","S/D","Lateral","S/D","Colisión","S/D","S/D","S/D","S/D"
2014,5904,01/08/2014,"Viernes",0,19:30:00,,"0.0",2,"Moto/Ciclomotor,Pickup/Utilitario","J P Lopez Y Saavedra",2,0,0,0,0,0,2,,"Calle",,"SANTA FE","La Capital","S/D","S/D","I","S/D","Urbana","S/D","S/D","S/D","S/D","S/D","Atardecer","S/D","S/D","S/D","S/D","S/D","S/D","S/D","S/D"
2014,5905,27/08/2014,"Miercoles",0,16:20:00,,"0.0",2,"Moto/Ciclomotor,Automóvil","Av Gral Lopez Y Quintana",2,1,0,0,1,0,0,,"Calle",,"SANTA FE","La Capital","Asfalto","S/D","I","Dentro","Urbana","S/D","S/D","Intersección","Bueno","Buena","Diurna","S/D","Lateral","S/D","Colisión","S/D","S/D","S/D","S/D"
2014,5906,23/08/2014,"Sabado",0,21:15:00,,"0.0",2,"Automóvil,Moto/Ciclomotor","Cafferata Y Pje Norte",3,2,0,0,1,0,0,,"Calle",,"SANTA FE","La Capital","Asfalto,Tierra","No existe","I","Dentro","Urbana","Ninguna","No existe","Intersección","Bueno","Buena","Nocturna","Buen Tiempo","De alcance","S/D","Colisión","Ninguna","Faltante","Ninguna","Sin restricción"
2014,5907,15/08/2014,"Viernes",0,13:20:00,,"0.0",2,"Automóvil,Moto/Ciclomotor","J Macia Y Hernandarias",3,1,0,0,2,0,0,,"Calle",,"SANTO TOMÉ","La Capital","Asfalto","No existe","I","S/D","Urbana","Ninguna","No existe","Intersección","Bueno","Buena","Diurna","Buen Tiempo","Lateral","S/D","Colisión","S/D","Horizontal","S/D","Sin restricción"
2014,5908,11/08/2014,"Lunes",0,14:20:00,,"0.0",2,"Moto/Ciclomotor,Automóvil","Hipolito Irigoyen ",3,2,0,0,0,0,1,,"Calle",,"SANTO TOMÉ","La Capital","Asfalto","S/D","I","S/D","S/D","S/D","S/D","Puente","S/D","S/D","Diurna","S/D","S/D","S/D","Colisión","S/D","S/D","S/D","S/D"
2014,5909,04/08/2014,"Lunes",0,06:30:00,,"0.0",2,"Automóvil,Moto/Ciclomotor","Av Facundo Zuviria Y Presidente Roca",2,0,0,0,0,0,2,,"S/D",,"SANTA FE","La Capital","S/D","S/D","I","S/D","S/D","S/D","S/D","S/D","S/D","S/D","Amanecer","S/D","S/D","S/D","S/D","S/D","S/D","S/D","S/D"
2014,5910,27/08/2014,"Miercoles",0,20:10:00,,"0.0",2,"Peatón,Automóvil","Av Almte Brown Y P Cullen",2,1,0,0,1,0,0,"-31.617388888889,-60.674611111111","Avenida",,"SANTA FE","La Capital","S/D","S/D","I","Dentro","Urbana","S/D","S/D","Intersección","S/D","S/D","Nocturna","S/D","S/D","S/D","Atropello","S/D","S/D","S/D","S/D"
2014,5911,12/08/2014,"Martes",0,08:50:00,,"0.0",2,"Automóvil,Moto/Ciclomotor","Av Gral Lopez Y Francia",2,0,0,0,0,0,2,,"Avenida",,"SANTA FE","La Capital","Asfalto","S/D","I","S/D","Urbana","S/D","S/D","Intersección","S/D","S/D","Diurna","S/D","S/D","S/D","Colisión","S/D","S/D","S/D","S/D"
2014,5912,06/08/2014,"Miercoles",0,17:10:00,,"0.0",2,"Automóvil,Moto/Ciclomotor","Mariano Candioti 4200",2,1,0,0,1,0,0,,"Calle",,"SANTO TOMÉ","La Capital","Asfalto","S/D","I","S/D","Urbana","Ninguna","No existe","Recta","Bueno","Buena","Atardecer","Buen Tiempo","Lateral","S/D","Colisión","S/D","S/D","S/D","Sin restricción"
2014,5913,05/08/2014,"Martes",0,20:30:00,,"0.0",2,"Automóvil,Moto/Ciclomotor","San Lorenzo Y J P Lopez",2,0,0,0,0,0,2,,"Calle",,"SANTA FE","La Capital","S/D","S/D","I","S/D","Urbana","S/D","S/D","S/D","S/D","S/D","Nocturna","S/D","S/D","S/D","S/D","S/D","S/D","S/D","S/D"
2014,5914,13/08/2014,"Miercoles",0,20:20:00,,"0.0",2,"Moto/Ciclomotor,Automóvil","Salvador del Carril Y Dorrego",2,1,0,0,1,0,0,,"Calle",,"SANTA FE","La Capital","Asfalto","S/D","I","Dentro","Urbana","S/D","S/D","Intersección","S/D","Buena","Nocturna","S/D","S/D","S/D","Colisión","Ninguna","S/D","S/D","S/D"
2014,5915,24/08/2014,"Domingo",0,20:30:00,,"0.0",2,"Moto/Ciclomotor,Automóvil","Juan Antonio Alvarez de Arenal Y Mariano Moreno",2,1,0,0,1,0,0,,"Calle",,"SANTO TOMÉ","La Capital","Asfalto","S/D","I","S/D","Urbana","Ninguna","No existe","Intersección","Bueno","Buena","Nocturna,Con luz artificial","Buen Tiempo","Lateral","S/D","Colisión","S/D","S/D","S/D","Sin restricción"
2014,5916,13/08/2014,"Miercoles",0,18:00:00,,"0.0",2,"Automóvil,Moto/Ciclomotor","Agustin Delgado Y Guemes",3,2,0,0,1,0,0,,"Calle",,"SANTA FE","La Capital","Asfalto","S/D","I","Dentro","Urbana","S/D","S/D","Intersección","S/D","Buena","Diurna","S/D","Lateral","S/D","Colisión","S/D","S/D","S/D","S/D"
2014,5917,26/08/2014,"Martes",0,09:55:00,,"0.0",2,"Moto/Ciclomotor,Automóvil","Bv Pellegrini Y Av Urquiza",2,1,0,0,1,0,0,,"Calle",,"SANTA FE","La Capital","S/D","S/D","I","Dentro","Urbana","S/D","S/D","Intersección","S/D","S/D","Diurna","Buen Tiempo","Lateral","S/D","Colisión","S/D","S/D","S/D","S/D"
2014,5918,26/08/2014,"Martes",0,19:30:00,,"0.0",2,"Moto/Ciclomotor,Automóvil","Francia Y Santiago del Estero",2,1,0,0,1,0,0,,"Calle",,"SANTA FE","La Capital","S/D","S/D","I","Dentro","Urbana","S/D","S/D","S/D","S/D","S/D","Atardecer","S/D","Lateral","S/D","Colisión","S/D","S/D","S/D","S/D"
2014,5919,30/08/2014,"Sabado",0,17:40:00,,"0.0",2,"Moto/Ciclomotor,Moto/Ciclomotor","Lisandro de La Torre Y Hipolito Irigoyen",3,3,0,0,0,0,0,,"Calle",,"SANTO TOMÉ","La Capital","Asfalto","No existe","I","S/D","Urbana","Ninguna","No existe","Intersección","Con baches","Buena","Atardecer","Buen Tiempo","Frontal","S/D","Colisión","S/D","Faltante","S/D","Sin restricción"
2014,5920,28/08/2014,"Jueves",0,11:30:00,,"0.0",2,"Moto/Ciclomotor,Automóvil","Saavedra Y La Rioja",2,1,0,0,1,0,0,,"Calle",,"SANTA FE","La Capital","S/D","S/D","I","Dentro","Urbana","S/D","S/D","S/D","S/D","S/D","Diurna","S/D","Lateral","S/D","Colisión","S/D","S/D","S/D","S/D"
2014,5921,13/08/2014,"Miercoles",0,11:35:00,,"0.0",2,"Moto/Ciclomotor,Automóvil","Alvear Y J M Zuviria",2,1,0,0,1,0,0,,"Calle",,"SANTA FE","La Capital","Asfalto","S/D","I","Dentro","Urbana","S/D","S/D","Intersección","Bueno","Buena","Diurna","S/D","Frontal","S/D","Colisión","Ninguna,S/D","S/D","S/D","S/D"
2014,5922,28/08/2014,"Jueves",0,21:00:00,,"0.0",2,"Automóvil,Moto/Ciclomotor","Salta 4100",2,1,0,0,1,0,0,,"Calle",,"SANTA FE","La Capital","S/D","S/D","I","Dentro","Urbana","S/D","S/D","S/D","S/D","S/D","Nocturna","S/D","Lateral","S/D","Colisión","S/D","S/D","S/D","S/D"
2014,5923,11/08/2014,"Lunes",0,15:30:00,,"0.0",2,"Bicicleta,Pickup/Utilitario","Av Gral Paz Y R Godoy",2,1,0,0,1,0,0,"-31.61825,-60.6845","Calle",,"SANTA FE","La Capital","Asfalto","S/D","I","Dentro","Urbana","S/D","S/D","Intersección","Bueno","Buena","Diurna","S/D","S/D","S/D","Atropello","Ninguna","S/D","S/D","S/D"
2014,5924,05/08/2014,"Martes",0,20:00:00,,"0.0",2,"Moto/Ciclomotor,Pickup/Utilitario","Gorriti Y Europa",3,2,0,0,1,0,0,,"S/D",,"SANTA FE","La Capital","Asfalto","S/D","I","S/D","Urbana","Ninguna","No existe","Recta","Bueno","Buena","Nocturna","Buen Tiempo","S/D","S/D","Colisión","Ninguna","Faltante","Ninguna","Sin restricción"
2014,5926,08/08/2014,"Viernes",0,09:00:00,,"0.0",2,"Moto/Ciclomotor,Automóvil","Av Freyre Y Junin",3,1,0,0,2,0,0,,"Avenida",,"SANTA FE","La Capital","S/D","S/D","I","Dentro","Urbana","S/D","S/D","Intersección","S/D","S/D","Diurna","S/D","Lateral","S/D","Colisión","S/D","S/D","S/D","S/D"
2014,5927,07/08/2014,"Jueves",0,13:30:00,,"0.0",2,"Moto/Ciclomotor,Automóvil","Iturraspe Y Av Facundo Zuviria",3,0,0,0,0,0,3,,"Avenida",,"SANTA FE","La Capital","S/D","S/D","I","S/D","Urbana","S/D","S/D","S/D","S/D","S/D","Diurna","S/D","S/D","S/D","S/D","S/D","S/D","S/D","S/D"
2014,5928,25/08/2014,"Lunes",0,18:30:00,,"0.0",2,"Moto/Ciclomotor,Automóvil","Salvador del Carril Y Dorrego",2,1,0,0,1,0,0,,"Calle",,"SANTA FE","La Capital","S/D","S/D","I","Dentro","Urbana","S/D","S/D","Intersección","Bueno","Buena","Atardecer","Buen Tiempo","S/D","S/D","Colisión","S/D","S/D","S/D","S/D"
2014,5929,03/08/2014,"Domingo",0,04:30:00,,"0.0",2,"Moto/Ciclomotor,Automóvil","Av Facundo Zuviria Y Gorostiaga",3,0,0,0,0,0,3,,"Avenida",,"SANTA FE","La Capital","S/D","S/D","I","S/D","S/D","S/D","S/D","S/D","S/D","S/D","Nocturna","S/D","S/D","S/D","S/D","S/D","S/D","S/D","S/D"
2014,5930,22/08/2014,"Viernes",0,13:50:00,,"0.0",2,"Moto/Ciclomotor,Automóvil","Teniente Loza Y Reinares",2,1,0,0,1,0,0,,"Calle",,"SANTA FE","La Capital","Hormigón","S/D","I","Dentro","Urbana","Otra Señal","S/D","Intersección","Bueno","S/D","Diurna","Buen Tiempo","Lateral","S/D","Colisión","S/D","Vertical","Ninguna","Sin restricción"
2014,5931,08/08/2014,"Viernes",0,12:40:00,,"0.0",2,"Moto/Ciclomotor,Automóvil","Bv Pellegrini 3500",2,1,0,0,1,0,0,,"Avenida",,"SANTA FE","La Capital","S/D","S/D","I","Dentro","Urbana","S/D","S/D","Intersección","S/D","S/D","Diurna","S/D","Lateral","S/D","Colisión","S/D","S/D","S/D","S/D"
2014,5932,09/08/2014,"Sabado",0,18:00:00,"Ruta Nacional 11","0.0",2,"Automóvil,Automóvil","Av Blas Parera Y Azcuenaga",2,1,0,0,1,0,0,,"Ruta",11,"SANTA FE","La Capital","Asfalto","Pavimento","I","Dentro","Urbana","Ninguna","No existe","Intersección","Bueno","Buena","Atardecer","Buen Tiempo","Lateral","S/D","Colisión","S/D","S/D","Cordón divisorio","Sin restricción"
2014,5933,11/08/2014,"Lunes",0,09:15:00,,"0.0",2,"Automóvil,Moto/Ciclomotor","La Rioja Y Av Freyre",2,1,0,0,1,0,0,,"Avenida",,"SANTA FE","La Capital","S/D","S/D","I","Dentro","Urbana","S/D","S/D","Intersección","S/D","Buena","Diurna","S/D","Lateral","S/D","Colisión","S/D","S/D","S/D","S/D"
2014,5934,24/08/2014,"Domingo",0,20:00:00,,"0.0",2,"Moto/Ciclomotor,Moto/Ciclomotor","Misiones 6500",2,2,0,0,0,0,0,,"Calle",,"SANTA FE","La Capital","Asfalto","S/D","I","Dentro","Urbana","Otra Señal","S/D","Recta","Con baches","S/D","Nocturna","Buen Tiempo","Lateral","S/D","Colisión","S/D","Vertical","S/D","Sin restricción"
2014,5935,12/08/2014,"Martes",0,20:30:00,,"0.0",2,"Automóvil,Moto/Ciclomotor","Velez Sarsfield Y Martin Zapata",3,1,0,0,2,0,0,,"Calle",,"SANTA FE","La Capital","Asfalto","S/D","I","S/D","Urbana","S/D","S/D","Intersección","Bueno","Reducida","Nocturna","S/D","Lateral","S/D","Colisión","Ninguna","S/D","S/D","S/D"
2014,5936,12/08/2014,"Martes",0,14:00:00,,"0.0",2,"Otros,Automóvil","Av Gral Lopez Y Francia",2,1,0,0,0,0,1,,"Avenida",,"SANTA FE","La Capital","Asfalto","S/D","I","S/D","Urbana","S/D","S/D","Intersección","S/D","S/D","Diurna","S/D","S/D","S/D","Colisión","S/D","S/D","S/D","S/D"
2014,5937,23/08/2014,"Sabado",0,10:15:00,,"0.0",2,"Moto/Ciclomotor,Automóvil","Teniente Loza Y Mendoza",2,1,0,0,1,0,0,,"Calle",,"SANTA FE","La Capital","Hormigón","S/D","I","Dentro","Urbana","Otra Señal","S/D","Intersección","Bueno","S/D","Diurna","Buen Tiempo","Lateral","S/D","Colisión","S/D","Vertical","Ninguna","Sin restricción"
2014,5938,12/08/2014,"Martes",0,16:00:00,,"0.0",2,"Pickup/Utilitario,Automóvil","Hipolito Irigoyen ",3,0,0,0,0,0,3,,"Calle",,"SANTO TOMÉ","La Capital","Asfalto","S/D","I","S/D","Urbana","S/D","S/D","Puente","S/D","S/D","Diurna","S/D","S/D","S/D","Colisión","S/D","S/D","S/D","S/D"
2014,5939,09/08/2014,"Sabado",0,14:50:00,,"0.0",2,"Bicicleta,Moto/Ciclomotor","Av Peñaloza 7100",2,1,0,0,1,0,0,"-31.598175298284,-60.712442872178","Avenida",,"SANTA FE","La Capital","Hormigón","Pavimento","I","Dentro","Urbana","Ninguna","No existe","Recta","Bueno","Buena","Diurna","Buen Tiempo","S/D","S/D","Atropello","S/D","Faltante","Cordón divisorio","Sin restricción"
2014,5940,27/08/2014,"Miercoles",0,19:00:00,,"0.0",2,"Automóvil,Moto/Ciclomotor","Avenida Nuestra Señora del Luj Y Frutos",2,1,0,0,1,0,0,,"Avenida",,"SANTO TOMÉ","La Capital","Asfalto","No existe","I","Dentro","Urbana","Ninguna","No existe","Intersección","Bueno","Buena","Atardecer","Buen Tiempo","Lateral","S/D","Colisión","S/D","Vertical","Línea divisoria pintada","Sin restricción"
2014,5941,07/08/2014,"Jueves",0,14:30:00,,"0.0",2,"Automóvil,Automóvil","Juan Jose Castelli Y Hernandarias",4,3,0,0,1,0,0,,"Calle",,"SANTO TOMÉ","La Capital","Asfalto","S/D","I","S/D","Urbana","Ninguna","No existe","Intersección","Bueno","Buena","Diurna","Buen Tiempo","De alcance","S/D","Colisión","Otro","Faltante","Vegetación","Sin restricción"
2014,5942,25/08/2014,"Lunes",0,18:00:00,,"0.0",2,"Peatón,Moto/Ciclomotor","Av Gral Paz Y Pedro Diaz Colodrero",2,1,0,0,1,0,0,"-31.627444444444,-60.691","Calle",,"SANTA FE","La Capital","Asfalto","S/D","I","Dentro","Urbana","S/D","S/D","Intersección","Bueno","S/D","Diurna","S/D","S/D","S/D","Atropello","Ninguna","S/D","S/D","S/D"
2014,5943,21/08/2014,"Jueves",0,10:40:00,,"0.0",2,"Moto/Ciclomotor,Pickup/Utilitario","Avenida Nuestra Señora del Luj Y Grl Juan Lavalle",2,1,0,0,1,0,0,,"Calle",,"SANTO TOMÉ","La Capital","Ripio","No existe","I","Dentro","Urbana","Ninguna","No existe","Intersección","Bueno","Buena","Diurna","Buen Tiempo","Lateral","S/D","Colisión","S/D","Faltante","Ninguna","Sin restricción"
2014,5944,09/08/2014,"Sabado",0,11:20:00,,"0.0",3,"Moto/Ciclomotor,Automóvil,Automóvil","Don Guanella Y Arenales",4,2,0,0,2,0,0,,"Calle",,"SANTA FE","La Capital","Asfalto","Natural","I","Dentro","Urbana","Ninguna","No existe","Intersección","Con baches,Resbaladiza","Buena","Diurna","Buen Tiempo","Múltiple","S/D","Colisión","Material Suelto","Faltante","Ninguna","Sin restricción"
2014,5945,28/08/2014,"Jueves",0,19:50:00,,"0.0",2,"Moto/Ciclomotor,Automóvil","Juan Bautista Alberdi Y Simon de Iriondo",2,1,0,0,1,0,0,,"Calle",,"SANTO TOMÉ","La Capital","Asfalto","No existe","I","S/D","Rural","Ninguna","No existe","Recta","Bueno","Buena","Atardecer","Buen Tiempo","Lateral","S/D","Colisión","S/D","S/D","S/D","Sin restricción"
2014,5946,13/08/2014,"Miercoles",0,09:25:00,,"0.0",2,"Automóvil,Taxi/Remis","Gdor Candioti Y Ricardo Aldao",4,1,0,0,2,0,1,,"Calle",,"SANTA FE","La Capital","Asfalto","S/D","I","Dentro","Urbana","S/D","S/D","Intersección","Bueno","Buena","Diurna","S/D","S/D","S/D","Colisión","S/D","S/D","S/D","S/D"
2014,5947,27/08/2014,"Miercoles",0,19:05:00,,"0.0",2,"Moto/Ciclomotor,Automóvil","Avenida Nuestra Señora del Luj 3800",2,1,0,0,1,0,0,,"Avenida",,"SANTO TOMÉ","La Capital","Asfalto","No existe","I","Dentro","Urbana","Ninguna","No existe","Recta","Bueno","Buena","Atardecer","Buen Tiempo","Lateral","S/D","Colisión","S/D","S/D","Ninguna","Sin restricción"
2014,5948,08/08/2014,"Viernes",0,11:00:00,,"0.0",2,"Moto/Ciclomotor,Moto/Ciclomotor","Lisandro de La Torre Y Cornelio de Saavedra",2,1,0,0,0,0,1,,"Calle",,"SANTO TOMÉ","La Capital","Asfalto","S/D","I","S/D","Urbana","S/D","S/D","Intersección","S/D","Buena","Diurna","S/D","S/D","S/D","Colisión","S/D","S/D","S/D","S/D"
2014,5949,08/08/2014,"Viernes",0,05:45:00,,"0.0",1,"Moto/Ciclomotor","Chiclana Y French",2,1,0,0,1,0,0,,"Calle",,"SANTA FE","La Capital","Asfalto","No existe","I","Dentro","Urbana","Ninguna","No existe","Intersección","Con baches","Reducida","Amanecer","Buen Tiempo","S/D","S/D","Caída ocupante","S/D","Faltante","Ninguna","Sin restricción"
2014,5950,24/08/2014,"Domingo",0,06:00:00,,"0.0",2,"Bicicleta,Moto/Ciclomotor","Hipolito Irigoyen ",2,0,0,0,0,0,2,"-31.67398158175,-60.765229344981","Calle",,"SANTO TOMÉ","La Capital","Asfalto","S/D","I","S/D","Urbana","S/D","S/D","Puente","Bueno","S/D","Amanecer","S/D","S/D","S/D","Atropello","S/D","S/D","S/D","S/D"
2014,5951,11/08/2014,"Lunes",0,12:30:00,,"0.0",2,"Moto/Ciclomotor,Automóvil","Dr Zavalla 3300",2,1,0,0,1,0,0,,"Calle",,"SANTA FE","La Capital","S/D","S/D","I","Dentro","Urbana","S/D","S/D","S/D","S/D","S/D","Diurna","S/D","Lateral","S/D","Colisión","S/D","S/D","S/D","S/D"
2014,5952,21/08/2014,"Jueves",0,17:20:00,,"0.0",2,"Automóvil,Moto/Ciclomotor","Rivadavia Y Hernandarias",3,2,0,0,1,0,0,,"Calle",,"SANTA FE","La Capital","Asfalto","S/D","I","Dentro","Urbana","S/D","S/D","Intersección","Bueno","Buena","Diurna","S/D","S/D","S/D","Colisión","S/D","S/D","S/D","S/D"
2014,5953,25/08/2014,"Lunes",0,14:00:00,,"0.0",2,"Moto/Ciclomotor,Automóvil","Republica de Siria Y Lavaisse",3,2,0,0,1,0,0,,"Calle",,"SANTA FE","La Capital","Asfalto","S/D","I","Dentro","Urbana","S/D","S/D","Intersección","Otro","S/D","Diurna","S/D","Frontal","S/D","Colisión","Ninguna","S/D","S/D","S/D"
2014,5954,19/08/2014,"Martes",0,20:30:00,,"0.0",2,"Pickup/Utilitario,Moto/Ciclomotor","Av Pte Peron Y Fray C Rodriguez",2,1,0,0,1,0,0,,"Avenida",,"SANTA FE","La Capital","Asfalto","No existe","I","Dentro","Urbana","Marca Vial","No existe","Intersección","Bueno","Reducida","Nocturna,Con luz artificial","Buen Tiempo","Lateral","S/D","Colisión","S/D","Faltante","Cordón divisorio,Vegetación","Sin restricción"
2014,5955,07/08/2014,"Jueves",0,09:00:00,"Ruta Nacional 11","0.0",2,"Moto/Ciclomotor,Automóvil","Av Blas Parera Y Alberti",2,1,0,0,1,0,0,,"Ruta",11,"SANTA FE","La Capital","Asfalto","Pavimento","I","Dentro","Urbana","Ninguna","No existe","Intersección","Resbaladiza","Buena","Diurna","Buen Tiempo","Lateral","S/D","Colisión","Material Suelto","Vertical","Cordón divisorio","Sin restricción"
2014,5956,23/08/2014,"Sabado",0,19:30:00,,"0.0",2,"Moto/Ciclomotor,Pickup/Utilitario","Av J J Paso Y San Jose",2,0,0,0,0,0,2,,"Calle",,"SANTA FE","La Capital","Asfalto","S/D","I","S/D","Urbana","S/D","S/D","Intersección","S/D","S/D","Atardecer","S/D","S/D","S/D","Colisión","S/D","S/D","S/D","S/D"
2014,5957,23/08/2014,"Sabado",0,22:30:00,,"0.0",2,"Automóvil,Moto/Ciclomotor"," ",2,1,0,0,1,0,0,,"Calle",,"SANTA FE","La Capital","Asfalto","No existe","I","S/D","Urbana","Ninguna","No existe","Intersección","S/D","Buena","Diurna","Buen Tiempo","Lateral","S/D","Colisión","S/D","Horizontal","S/D","S/D"
2014,5958,19/08/2014,"Martes",0,18:00:00,,"0.0",2,"Moto/Ciclomotor,Automóvil","Angel Cassanello Y Necochea",2,1,0,0,1,0,0,,"Calle",,"SANTA FE","La Capital","Asfalto","S/D","I","Dentro","Urbana","S/D","S/D","Intersección","Bueno","Buena","Diurna","S/D","S/D","S/D","Colisión","S/D","S/D","S/D","S/D"
2014,5959,07/08/2014,"Jueves",0,16:35:00,,"0.0",2,"Moto/Ciclomotor,Automóvil","Francia Y Salta",3,2,0,0,1,0,0,,"Calle",,"SANTA FE","La Capital","S/D","S/D","I","Dentro","Urbana","S/D","S/D","S/D","S/D","S/D","Diurna","S/D","Lateral","S/D","Colisión","S/D","S/D","S/D","S/D"
2014,5960,16/08/2014,"Sabado",0,06:00:00,,"0.0",2,"Automóvil,Moto/Ciclomotor","Salvador del Carril Y Av Gral Paz",3,2,0,0,1,0,0,,"Avenida",,"SANTA FE","La Capital","Asfalto","S/D","I","Dentro","Urbana","S/D","S/D","Intersección","Bueno","Reducida","Amanecer","S/D","S/D","S/D","Colisión","S/D","S/D","S/D","S/D"
2014,5961,30/08/2014,"Sabado",0,18:55:00,,"0.0",2,"Moto/Ciclomotor,Pickup/Utilitario","Av Gral Paz Y Huergo",2,1,0,0,1,0,0,,"Avenida",,"SANTA FE","La Capital","Asfalto","S/D","I","Dentro","Urbana","S/D","S/D","Intersección","Bueno","Buena","Atardecer","S/D","S/D","S/D","Colisión","S/D","S/D","S/D","S/D"
2014,5962,05/08/2014,"Martes",0,09:00:00,"Ruta Nacional 11","0.0",2,"Bicicleta,Bicicleta","Av Blas Parera Y J Castelli",2,1,0,0,1,0,0,"-31.600527777778,-60.721666666667","Ruta",11,"SANTA FE","La Capital","Hormigón","Pavimento","I","Dentro","Urbana","Semáforo","Funciona","Intersección","Bueno","Buena","Diurna","Buen Tiempo","S/D","S/D","Otro","S/D","Horizontal,Vertical","Cordón divisorio","Sin restricción"
2014,5963,26/08/2014,"Martes",0,16:45:00,,"0.0",2,"Tren,Moto/Ciclomotor"," ",2,1,0,0,1,0,0,,"Calle",,"SANTO TOMÉ","La Capital","Asfalto","No existe","I","S/D","Urbana","S/D","No existe","Intersección","S/D","Buena","Diurna","Buen Tiempo","Lateral","S/D","Colisión","S/D","Horizontal","S/D","S/D"
2014,5964,30/08/2014,"Sabado",0,03:30:00,,"0.0",2,"Automóvil,Moto/Ciclomotor","Av Almte Brown Y Pje Calcena",2,1,0,0,1,0,0,,"Calle",,"SANTA FE","La Capital","Asfalto","S/D","I","S/D","Urbana","S/D","S/D","Intersección","Bueno","Reducida","Nocturna","S/D","S/D","S/D","Colisión","S/D","S/D","S/D","S/D"
2014,5965,21/08/2014,"Jueves",0,16:05:00,,"0.0",2,"Peatón,Moto/Ciclomotor","Pte Roca ",2,1,0,0,1,0,0,"-31.504253010946,-60.73065218675","Calle",,"RECREO","La Capital","Tierra","No existe","I","Dentro","Urbana","Ninguna","No existe","Intersección","Con baches","Buena","Diurna","Buen Tiempo","S/D","S/D","Atropello","Ninguna","Faltante","Ninguna","S/D"
2014,5966,31/07/2014,"Jueves",0,18:30:00,,"0.0",2,"Moto/Ciclomotor,Automóvil","Alberti Y Sebastian Gaboto",2,1,0,0,1,0,0,,"Calle",,"SANTA FE","La Capital","Asfalto","Natural","I","Dentro","Urbana","Ninguna","S/D","Intersección","Con baches","Reducida","Atardecer,Con luz artificial","Buen Tiempo","Lateral","S/D","Colisión","Material Suelto","Faltante","Ninguna","Sin restricción"
2014,5967,29/08/2014,"Viernes",0,10:30:00,,"0.0",2,"Bicicleta,Automóvil","Alvear Y Lavaisse",2,1,0,0,0,0,1,"-31.614194444444,-60.689805555556","Calle",,"SANTA FE","La Capital","Asfalto","S/D","I","S/D","Urbana","S/D","S/D","Intersección","Bueno","Buena","Diurna","S/D","S/D","S/D","Atropello","Ninguna","S/D","S/D","S/D"
2014,5968,23/08/2014,"Sabado",0,00:30:00,,"0.0",2,"Moto/Ciclomotor,Automóvil","Juan Bautista Alberdi Y Simon de Iriondo",2,1,0,0,1,0,0,,"Calle",,"SANTO TOMÉ","La Capital","Asfalto","No existe","I","S/D","Urbana","Ninguna","No existe","Intersección","Bueno","Buena","Nocturna,Con luz artificial","Buen Tiempo","Lateral","S/D","Colisión","S/D","Faltante","Vegetación","Sin restricción"
2014,5969,24/08/2014,"Domingo",0,21:30:00,,"0.0",2,"Automóvil,Automóvil","Lavaisse Y Necochea",3,1,0,0,2,0,0,,"Calle",,"SANTA FE","La Capital","Asfalto","S/D","I","Dentro","Urbana","S/D","S/D","Intersección","S/D","Reducida","Nocturna","S/D","S/D","S/D","Colisión","Ninguna","S/D","S/D","S/D"