"anio_acci","nro_acci","fecha","desc_dia","fecha_aprox","hora_aprox","desc_ruta","km","cant_participantes","desc_participante","calle_avenida_km","total","heridos_leves","heridos_graves","heridos_gravisimos","ilesos","fallecidos","sin_datos","posicion_XY","desc_tipo_via","desc_ruta_ori","desc_loc","desc_dpto","desc_tipo_calzada","desc_tipo_banquina","desc_unidad_regional","desc_lugar_calzada","desc_zona","desc_prioridad","desc_estado_semaforo","desc_lugar_via","desc_estado_via","desc_estado_visibilidad","desc_luminosidad","desc_estado_clima","desc_tipo_colision","desc_tipo_atropello","desc_tipo_hecho","desc_pres_calzada","desc_senializacion","desc_separacion_via","desc_restriccion"
2014,5970,25/08/2014,"Lunes",0,12:50:00,,"0.0",2,"Automóvil,Moto/Ciclomotor","Pedro Espinosa ",2,1,0,0,1,0,0,,"Calle",,"SANTA FE","La Capital","Asfalto,Arena","Natural","I","Dentro","Urbana","Ninguna","No existe","Intersección","Bueno","Buena","Diurna","Buen Tiempo","Lateral","S/D","Colisión","S/D","Faltante","Ninguna","Sin restricción"
2014,5971,17/08/2014,"Domingo",0,19:45:00,,"0.0",2,"Automóvil,Moto/Ciclomotor","Av Lopez y Planes Y Artigas",3,2,0,0,1,0,0,,"Avenida",,"SANTA FE","La Capital","Asfalto","No existe","I","Dentro","Urbana","Ninguna","No existe","Intersección","Bueno","Reducida","Nocturna,Con luz artificial","Buen Tiempo","Lateral","S/D","Colisión","S/D","Faltante","Cordón divisorio","Sin restricción"
2014,5972,31/08/2014,"Domingo",0,18:00:00,,"0.0",2,"Moto/Ciclomotor,Peatón","Angel Cassanello Y Echague",3,2,0,0,1,0,0,"-31.613972222222,-60.672777777778","Calle",,"SANTA FE","La Capital","Asfalto","S/D","I","Dentro","Urbana","S/D","S/D","Intersección","Bueno","Buena","Diurna","S/D","S/D","S/D","Atropello","Ninguna","S/D","S/D","S/D"
2014,5973,31/07/2014,"Jueves",0,10:00:00,"Ruta Nacional 11","0.0",2,"Automóvil,Pickup/Utilitario","Gorriti Y Av Blas Parera",2,1,0,0,1,0,0,,"Ruta",11,"SANTA FE","La Capital","Asfalto","Pavimento","I","Dentro","Urbana","Semáforo","Funciona","Intersección","Bueno","Buena","Diurna","Buen Tiempo","Lateral","S/D","Colisión","S/D","Horizontal,Vertical","Cordón divisorio","Sin restricción"
2014,5974,27/08/2014,"Miercoles",0,12:00:00,"Ruta Nacional 11","0.0",2,"Moto/Ciclomotor,Moto/Ciclomotor"," ",3,2,0,0,1,0,0,,"Ruta",11,"RECREO","La Capital","Asfalto","Ripio","I","Dentro","Urbana","Ninguna","No existe","Intersección","Bueno","Buena","Diurna","Buen Tiempo","Lateral","S/D","Colisión","Ninguna","Horizontal","Línea divisoria pintada","Sin restricción"
2014,5975,26/08/2014,"Martes",0,21:00:00,,"0.0",2,"Moto/Ciclomotor,Camión","Avenida Nuestra Señora del Luj Y Ruta 11 Avenida Richieri",2,1,0,0,0,0,1,,"Avenida",,"SANTO TOMÉ","La Capital","Tierra","No existe","I","S/D","Urbana","Ninguna","No existe","Intersección","Bueno","Reducida","Nocturna","Buen Tiempo","De alcance","S/D","Colisión","S/D","Faltante","Ninguna","Sin restricción"
2014,5976,20/08/2014,"Miercoles",0,17:00:00,"Ruta Nacional 11","0.0",2,"Bicicleta,Automóvil","Av Blas Parera Y Gorriti",2,1,0,0,1,0,0,"-31.583083333333,-60.72625","Ruta",11,"SANTA FE","La Capital","Asfalto","Pavimento","I","Dentro","Urbana","Semáforo","Funciona","Intersección","Bueno","Buena","Diurna","Buen Tiempo","S/D","S/D","Atropello","S/D","Horizontal,Vertical","Cordón divisorio","Sin restricción"
2014,5977,22/08/2014,"Viernes",0,08:00:00,,"0.0",2,"Moto/Ciclomotor,Bicicleta","Avenida Nuestra Señora del Luj Y Ruta 11 Avenida Richieri",2,2,0,0,0,0,0,"-31.685944444444,-60.779222222222","Avenida",,"SANTO TOMÉ","La Capital","Asfalto","Natural","I","S/D","Urbana","Ninguna","No existe","Curva","Bueno","Buena","Diurna","Buen Tiempo","S/D","S/D","Atropello","S/D","Horizontal","Ninguna","Sin restricción"
2014,5978,31/08/2014,"Domingo",0,17:30:00,,"0.0",2,"Automóvil,Otros","Av Blas Parera Y Gorriti",3,1,0,0,2,0,0,,"Calle",,"SANTA FE","La Capital","Asfalto","No existe","I","Dentro","Urbana","Semáforo","Funciona","Intersección","Bueno","Buena","Diurna","Buen Tiempo","De alcance","S/D","Colisión","S/D","Faltante","Cordón divisorio","Sin restricción"
2014,5979,05/08/2014,"Martes",0,08:50:00,,"0.0",2,"Moto/Ciclomotor,Automóvil","Avenida Del Trabajo 1600",2,1,0,0,0,0,1,,"Calle",,"SANTO TOMÉ","La Capital","Asfalto","No existe","I","Dentro","Urbana","Ninguna","No existe","Recta","Bueno","Buena","Diurna","Buen Tiempo","Lateral","S/D","Colisión","S/D","Faltante","Ninguna","Sin restricción"
2014,5980,18/07/2014,"Viernes",0,20:00:00,,"0.0",2,"Automóvil,Moto/Ciclomotor","J Castelli 5072",2,1,0,0,1,0,0,,"Calle",,"SANTA FE","La Capital","Asfalto","Natural","I","Dentro","Urbana","Ninguna","No existe","Recta","Con baches","Reducida","Atardecer,Con luz artificial","Buen Tiempo","Lateral","S/D","Colisión","Material Suelto","Faltante","Ninguna","Sin restricción"
2014,5981,28/08/2014,"Jueves",0,09:30:00,,"0.0",2,"Automóvil,Moto/Ciclomotor","Av Blas Parera 8400",2,1,0,0,1,0,0,,"Calle",,"SANTA FE","La Capital","Asfalto","No existe","I","Dentro","Urbana","Ninguna","No existe","Intersección","Bueno","Buena","Diurna","Buen Tiempo","Frontal","S/D","Colisión","Ninguna","Faltante","Ninguna","Sin restricción"
2014,5982,29/08/2014,"Viernes",0,22:30:00,,"0.0",1,"Moto/Ciclomotor","Pavon Y Arenales",1,0,1,0,0,0,0,,"Calle",,"SANTA FE","La Capital","Asfalto","S/D","I","S/D","Urbana","S/D","S/D","Intersección","Bueno","S/D","S/D","Buen Tiempo","S/D","S/D","S/D","S/D","S/D","Línea divisoria pintada","Sin restricción"
2014,5983,14/08/2014,"Jueves",0,20:30:00,,"0.0",2,"Automóvil,Moto/Ciclomotor","Av Lopez y Planes Y Colombia",2,2,0,0,0,0,0,,"Avenida",,"SANTA FE","La Capital","Asfalto","No existe","I","Dentro","Urbana","Semáforo","Funciona","Intersección","Bueno","Reducida","Nocturna,Con luz artificial","Buen Tiempo","Lateral","S/D","Colisión","S/D","Horizontal","Cordón divisorio,Línea divisoria pintada","Sin restricción"
2014,5984,23/08/2014,"Sabado",0,07:30:00,,"0.0",2,"Moto/Ciclomotor,Otros","Av Peñaloza Y Reg 12 de Infanteria",3,0,0,0,0,0,3,,"Avenida",,"SANTA FE","La Capital","Asfalto","S/D","I","S/D","Urbana","Policía de tránsito","S/D","Intersección","Bueno","Buena","Diurna","Buen Tiempo","Frontal","S/D","Colisión","S/D","S/D","Línea divisoria pintada","Sin restricción"
2014,5985,15/08/2014,"Viernes",0,20:45:00,,"0.0",2,"Moto/Ciclomotor,Bicicleta","Dr Pio Pandolfo Y Callejon Funes",2,1,0,0,1,0,0,"-31.577861111111,-60.726888888889","Calle",,"SANTA FE","La Capital","Asfalto","No existe","I","Dentro","Urbana","Ninguna","No existe","Intersección","Bueno","Reducida","Nocturna","Buen Tiempo","S/D","S/D","Atropello","Ninguna","Faltante","Ninguna","Sin restricción"
2014,5986,22/08/2014,"Viernes",0,20:00:00,,"0.0",2,"Automóvil,Automóvil","Av A del Valle Y Llerena",2,1,0,0,1,0,0,,"Calle",,"SANTA FE","La Capital","Asfalto","S/D","I","Dentro","Urbana","S/D","S/D","Intersección","S/D","Reducida","Nocturna","S/D","Otro","S/D","Colisión","Ninguna","S/D","S/D","S/D"
2014,5987,13/08/2014,"Miercoles",0,18:00:00,,"0.0",2,"Automóvil,Moto/Ciclomotor","Monseñor Rodriguez ",3,2,0,0,1,0,0,,"Avenida",,"SANTA FE","La Capital","Asfalto","No existe","I","S/D","Urbana","Marca Vial","No existe","Intersección","Otro","Reducida","Atardecer","Buen Tiempo","Lateral","S/D","Colisión","S/D","Faltante","Cordón divisorio,Vegetación","Sin restricción"
2014,5988,17/08/2014,"Domingo",0,01:00:00,"Ruta Nacional 11","0.0",1,"Moto/Ciclomotor","Don Guanella Y Av Blas Parera",2,0,0,1,0,0,1,,"Ruta",11,"SANTA FE","La Capital","Asfalto","S/D","I","Dentro","Urbana","S/D","No existe","Intersección","Bueno","S/D","Diurna","S/D","S/D","S/D","S/D","Ninguna","Faltante","S/D","S/D"
2014,5989,07/08/2014,"Jueves",0,,,"0.0",2,"Moto/Ciclomotor,Automóvil","Avenida General Bartolome Mitr Y Cristobal Colon",3,1,1,0,0,0,1,,"Avenida",,"SANTO TOMÉ","La Capital","Asfalto","No existe","I","S/D","Urbana","Ninguna","No existe","Recta","Bueno","Buena","Diurna","Buen Tiempo","Lateral","S/D","Colisión","Ninguna","Faltante","Ninguna","Sin restricción"
2014,5990,22/08/2014,"Viernes",0,18:45:00,,"0.0",2,"Bicicleta,Automóvil","Salvador del Carril 2200",2,1,0,0,1,0,0,"-31.619194444444,-60.693555555556","Calle",,"SANTA FE","La Capital","Asfalto","S/D","I","Dentro","Urbana","S/D","S/D","Recta","Bueno","Buena","Atardecer","S/D","S/D","S/D","Atropello","S/D","S/D","S/D","S/D"
2014,5991,12/08/2014,"Martes",0,16:30:00,,"0.0",2,"Pickup/Utilitario,Moto/Ciclomotor","Av Pte Peron Y Luciano Molinas",3,2,0,0,1,0,0,,"Avenida",,"SANTA FE","La Capital","Asfalto,Hormigón","No existe","I","Dentro","Urbana","Ninguna","No existe","Intersección","Bueno","Buena","Diurna","Buen Tiempo","Lateral","S/D","Colisión","S/D","Faltante","Cordón divisorio","Sin restricción"
2014,5992,11/08/2014,"Lunes",0,13:50:00,,"0.0",2,"Moto/Ciclomotor,Otros","Vicente Lopez y Planes Y Gobernador Crespo",2,0,1,0,0,0,1,,"Calle",,"SANTO TOMÉ","La Capital","Asfalto","No existe","I","S/D","Urbana","Ninguna","No existe","Intersección","Bueno","Buena","Diurna","Buen Tiempo","Lateral","S/D","Colisión","Ninguna","Faltante","Ninguna","Sin restricción"
2014,5993,16/08/2014,"Sabado",0,13:00:00,,"0.0",1,"Moto/Ciclomotor","Av Peñaloza Y Reg 12 de Infanteria",1,0,0,0,0,0,1,,"Calle",,"SANTA FE","La Capital","Asfalto","S/D","I","S/D","Urbana","S/D","S/D","Intersección","Bueno","S/D","S/D","S/D","S/D","S/D","S/D","S/D","S/D","Línea divisoria pintada","S/D"
2014,5994,22/08/2014,"Viernes",0,11:50:00,,"0.0",2,"Automóvil,Automóvil","Av Almte Brown Y Salvador del Carril",3,2,0,0,1,0,0,,"Calle",,"SANTA FE","La Capital","Asfalto","S/D","I","Dentro","Urbana","S/D","S/D","Recta","Bueno","S/D","Diurna","S/D","S/D","S/D","Colisión","Ninguna","S/D","S/D","S/D"
2014,5995,14/08/2014,"Jueves",0,19:00:00,,"0.0",2,"Moto/Ciclomotor,Moto/Ciclomotor","Callejon Mendez Y Cafferata",2,1,0,0,1,0,0,,"Calle",,"SANTA FE","La Capital","Asfalto","No existe","I","Dentro","Urbana","Ninguna","No existe","Intersección","Bueno","Buena","Nocturna","Buen Tiempo","Frontal","S/D","Colisión","Ninguna","Faltante","Ninguna","Sin restricción"
2014,5996,12/08/2014,"Martes",0,22:30:00,,"0.0",1,"Moto/Ciclomotor","Reg 12 de Infanteria Y Av Peñaloza",1,1,0,0,0,0,0,,"Calle",,"SANTA FE","La Capital","Asfalto","S/D","I","S/D","Urbana","Semáforo","Funciona","Intersección","Bueno","S/D","S/D","Buen Tiempo","S/D","S/D","S/D","S/D","Vertical","Línea divisoria pintada","Sin restricción"
2014,5997,07/08/2014,"Jueves",0,11:50:00,,"0.0",2,"Automóvil,Moto/Ciclomotor","Reg 12 de Infanteria Y Av Peñaloza",3,2,0,0,1,0,0,,"Calle",,"SANTA FE","La Capital","Asfalto","No existe","I","S/D","Urbana","Semáforo","Funciona","Recta","Bueno","Buena","Nocturna","Buen Tiempo","Lateral","S/D","Colisión","S/D","Vertical","Ninguna","Sin restricción"
2014,5998,01/08/2014,"Viernes",0,18:20:00,,"0.0",2,"Moto/Ciclomotor,Automóvil","12 de Octubre Y Combatientes de Malvinas",2,1,0,0,1,0,0,,"Avenida",,"SANTA FE","La Capital","Asfalto","No existe","I","Dentro","Urbana","Otra Señal","No existe","Intersección","Bueno","Buena","Diurna","Buen Tiempo","Lateral","S/D","Colisión","S/D","Vertical","Cordón divisorio","Sin restricción"
2014,5999,03/08/2014,"Domingo",0,03:00:00,,"0.0",1,"Moto/Ciclomotor"," ",1,0,0,0,0,0,1,,"S/D",,"SANTA FE","La Capital","S/D","S/D","I","S/D","S/D","S/D","S/D","S/D","S/D","S/D","S/D","S/D","S/D","S/D","S/D","S/D","S/D","S/D","S/D"
2014,6000,12/08/2014,"Martes",0,12:30:00,,"0.0",2,"Moto/Ciclomotor,Automóvil","Teniente Loza Y 12 de Octubre",2,1,0,0,1,0,0,,"Avenida",,"SANTA FE","La Capital","Hormigón","S/D","I","Dentro","Urbana","Otra Señal","No funciona","Intersección","Bueno","Buena","Diurna","Buen Tiempo","Lateral","S/D","Colisión","S/D","Vertical","Cordón divisorio","Sin restricción"
2014,6001,03/08/2014,"Domingo",0,13:00:00,,"0.0",1,"Moto/Ciclomotor","Reg 12 de Infanteria Y Aguado",1,0,1,0,0,0,0,,"Calle",,"SANTA FE","La Capital","Asfalto","S/D","I","S/D","Urbana","S/D","S/D","Recta","Bueno","S/D","Diurna","S/D","S/D","S/D","S/D","S/D","S/D","S/D","S/D"
2014,6002,12/08/2014,"Martes",0,22:30:00,,"0.0",2,"Moto/Ciclomotor,Automóvil","Teniente Loza Y Mendoza",2,1,0,0,1,0,0,,"Avenida",,"SANTA FE","La Capital","Hormigón","Natural","I","Dentro","Urbana","Otra Señal","No existe","Intersección","Bueno","Buena","Nocturna","Buen Tiempo","Lateral","S/D","Colisión","S/D","Vertical","Ninguna","Sin restricción"
2014,6003,01/08/2014,"Viernes",0,17:10:00,,"0.0",2,"Moto/Ciclomotor,Automóvil","Bv Galvez Y Laprida",4,3,0,0,1,0,0,,"Avenida",,"SANTA FE","La Capital","Asfalto","No existe","I","Dentro","Urbana","S/D","No existe","Intersección","Bueno","S/D","Diurna","S/D","Lateral","S/D","Colisión","S/D","S/D","S/D","S/D"
2014,6004,14/08/2014,"Jueves",0,22:50:00,,"0.0",2,"Moto/Ciclomotor,Automóvil","Avenida General Bartolome Mitr Y Santiago Derqui",2,1,0,0,0,0,1,,"Avenida",,"SANTO TOMÉ","La Capital","Asfalto","No existe","I","S/D","Urbana","Ninguna","No existe","Intersección","Bueno","Buena","Nocturna","Buen Tiempo","Lateral","S/D","Colisión","S/D","S/D","S/D","Sin restricción"
2014,6005,04/08/2014,"Lunes",0,09:35:00,,"0.0",2,"Automóvil,Moto/Ciclomotor","Candioti Y Castellanos",2,1,0,0,0,0,1,,"Avenida",,"SANTA FE","La Capital","Hormigón","No existe","I","S/D","Urbana","S/D","No existe","Intersección","Deteriorada","S/D","Diurna","S/D","Lateral","S/D","Colisión","S/D","S/D","S/D","S/D"
2014,6006,21/08/2014,"Jueves",0,18:20:00,,"0.0",2,"Automóvil,Moto/Ciclomotor","Teniente Loza Y Bernard",2,1,0,0,1,0,0,,"Avenida",,"SANTA FE","La Capital","Hormigón","Natural","I","S/D","Urbana","Otra Señal","No existe","Intersección","Bueno","Buena","Atardecer","Buen Tiempo","Lateral","S/D","Colisión","S/D","Vertical","Ninguna","Sin restricción"
2014,6007,05/08/2014,"Martes",0,12:40:00,,"0.0",2,"Moto/Ciclomotor,Bicicleta","Av Freyre Y Obispo Gelabert",2,1,0,0,1,0,0,"-31.634277777778,-60.715055555556","Avenida",,"SANTA FE","La Capital","S/D","S/D","I","Dentro","Urbana","S/D","S/D","Intersección","S/D","S/D","Diurna","S/D","S/D","S/D","Atropello","S/D","S/D","S/D","S/D"
2014,6008,04/08/2014,"Lunes",0,19:40:00,,"0.0",2,"Moto/Ciclomotor,Automóvil","Av Urquiza Y Santiago del Estero",2,1,0,0,1,0,0,,"Avenida",,"SANTA FE","La Capital","S/D","S/D","I","Dentro","Urbana","S/D","S/D","S/D","S/D","S/D","Atardecer","S/D","Lateral","S/D","Colisión","S/D","S/D","S/D","S/D"
2014,6009,28/08/2014,"Jueves",0,11:30:00,,"0.0",2,"Automóvil,Automóvil","Cristo Obrero Y Rivadavia",5,4,0,0,1,0,0,,"Calle",,"SANTA FE","La Capital","Asfalto","S/D","I","Dentro","Urbana","Ninguna","No existe","Intersección","Bueno","Buena","Diurna","Buen Tiempo","Frontal,Lateral","S/D","Colisión","S/D","Faltante","Ninguna","Sin restricción"
2014,6010,31/08/2014,"Domingo",0,13:00:00,,"0.0",2,"Automóvil,Moto/Ciclomotor","Pres Domingo Faustino Sarmient Y 25 de mayo",2,0,1,0,0,0,1,,"Calle",,"SANTO TOMÉ","La Capital","Asfalto","Pavimento","I","S/D","Urbana","Semáforo","Funciona","Intersección","Bueno","Buena","Diurna","Buen Tiempo","Frontal","S/D","Colisión","Ninguna","Vertical","Ninguna","Sin restricción"
2014,6011,31/08/2014,"Domingo",0,19:00:00,,"0.0",2,"Automóvil,Moto/Ciclomotor","Av Almte Brown Y Diagonal Martinez",3,2,0,0,0,0,1,,"Avenida",,"SANTA FE","La Capital","Asfalto","S/D","I","S/D","Urbana","S/D","S/D","Intersección","Bueno","Buena","Atardecer","S/D","S/D","S/D","Colisión","S/D","S/D","S/D","S/D"
2014,6012,19/08/2014,"Martes",0,17:00:00,,"0.0",2,"Automóvil,Moto/Ciclomotor","Buenos Aires Y Grl Brig Estanislao Lopez",2,2,0,0,0,0,0,,"Calle",,"SANTO TOMÉ","La Capital","Asfalto","Pavimento","I","S/D","Urbana","Ninguna","No existe","Recta","Bueno","Buena","Diurna","Buen Tiempo","Lateral","S/D","Colisión","Ninguna","Faltante","Ninguna","Sin restricción"
2014,6013,23/08/2014,"Sabado",0,17:10:00,,"0.0",1,"Moto/Ciclomotor","Av L de la Torre Y Entre Rios",1,1,0,0,0,0,0,,"Avenida",,"LAGUNA PAIVA","La Capital","Asfalto","S/D","I","Dentro","Urbana","S/D","No existe","Rotonda","Bueno","Buena","Diurna","Buen Tiempo","S/D","S/D","Caída ocupante","S/D","S/D","Línea divisoria pintada","S/D"
2014,6014,14/08/2014,"Jueves",0,12:00:00,,"0.0",2,"Moto/Ciclomotor,Camión","Av Blas Parera Y Callejon Mendez",2,1,0,0,1,0,0,,"Avenida",,"SANTA FE","La Capital","Asfalto","No existe","I","Dentro","Urbana","Semáforo","Funciona","Intersección","Bueno","Buena","Diurna","Buen Tiempo","De alcance","S/D","Colisión","Ninguna","Faltante","Ninguna","Sin restricción"
2014,6015,21/08/2014,"Jueves",0,11:20:00,,"0.0",2,"Moto/Ciclomotor,Pickup/Utilitario","Juan Jose Paso Y Pasaje 20 de Junio",2,1,0,0,0,0,1,,"S/D",,"SANTO TOMÉ","La Capital","Ripio","No existe","I","S/D","S/D","S/D","No existe","Intersección","Bueno","Buena","Diurna","Buen Tiempo","S/D","S/D","Colisión","Ninguna","Faltante","Ninguna","Sin restricción"
2014,6016,28/08/2014,"Jueves",0,18:00:00,,"0.0",2,"Pickup/Utilitario,Moto/Ciclomotor","Av Blas Parera Y M De Polonia",3,2,0,0,1,0,0,,"Avenida",,"SANTA FE","La Capital","Asfalto","No existe","I","Dentro","Urbana","Ninguna","No existe","Intersección","Bueno","Buena","Atardecer","Buen Tiempo","Lateral","S/D","Colisión","S/D","Faltante","Cordón divisorio,Vegetación","Sin restricción"
2014,6017,13/08/2014,"Miercoles",0,11:00:00,,"0.0",2,"Moto/Ciclomotor,Peatón","Cafferata 8400",2,2,0,0,0,0,0,"-31.581777777778,-60.732555555556","Calle",,"SANTA FE","La Capital","Asfalto","No existe","I","Dentro","Urbana","Ninguna","No existe","Recta","Bueno","Buena","Diurna","Buen Tiempo","S/D","S/D","Atropello","Ninguna","Faltante","Ninguna","Sin restricción"
2014,6018,26/08/2014,"Martes",0,19:10:00,,"0.0",2,"Automóvil,Moto/Ciclomotor","Av Peñaloza Y Gorostiaga",2,1,0,0,1,0,0,,"Avenida",,"SANTA FE","La Capital","Asfalto","No existe","I","S/D","Urbana","Ninguna","No existe","Intersección","Bueno","Reducida","Nocturna,Con luz artificial","Buen Tiempo","Lateral","S/D","Colisión","S/D","Faltante","Cordón divisorio,Vegetación","Sin restricción"
2014,6019,11/08/2014,"Lunes",0,13:00:00,,"0.0",2,"Moto/Ciclomotor,Camión","Av Blas Parera Y Callejon Mendez",2,1,0,0,1,0,0,,"Calle",,"SANTA FE","La Capital","Asfalto","S/D","I","Dentro","Urbana","Semáforo","Funciona","Intersección","Bueno","Buena","Diurna","Buen Tiempo","De alcance","S/D","Colisión","Ninguna","S/D","S/D","Sin restricción"
2014,6020,29/08/2014,"Viernes",0,08:15:00,,"0.0",2,"Automóvil,Moto/Ciclomotor","Fray C Rodriguez Y Cochabamba",2,1,0,0,1,0,0,,"Avenida",,"SANTA FE","La Capital","Asfalto","No existe","I","Dentro","Urbana","Semáforo","Funciona","Intersección","Bueno","Buena","Diurna","Buen Tiempo","Lateral","S/D","Colisión","S/D","Horizontal","Cordón divisorio,Vegetación","Sin restricción"
2014,6021,23/08/2014,"Sabado",0,12:30:00,,"0.0",2,"Automóvil,Moto/Ciclomotor","Belgrano Y Rivadavia",3,0,1,1,1,0,0,,"Calle",,"SANTA FE","La Capital","Ripio","S/D","I","Dentro","Urbana","Ninguna","No existe","Intersección","Con baches","Buena","Diurna","Buen Tiempo","Lateral","S/D","Colisión","S/D","S/D","Ninguna","S/D"
2014,6022,24/08/2014,"Domingo",0,19:00:00,,"0.0",2,"Moto/Ciclomotor,Moto/Ciclomotor","Av Lopez y Planes Y Peru",3,2,0,0,1,0,0,,"Avenida",,"SANTA FE","La Capital","Asfalto","No existe","I","Dentro","Urbana","Semáforo","Funciona","Intersección","Bueno","Reducida","Nocturna,Con luz artificial","Buen Tiempo","Lateral","S/D","Colisión","S/D","Horizontal","Cordón divisorio,Vegetación","Sin restricción"
2014,6023,21/08/2014,"Jueves",0,14:30:00,,"0.0",2,"Moto/Ciclomotor,Pickup/Utilitario","Av San Martin 1480",2,1,0,0,1,0,0,,"Avenida",,"LAGUNA PAIVA","La Capital","Asfalto","No existe","I","Dentro","Urbana","Ninguna","No existe","Recta","Bueno","Buena","Diurna","Buen Tiempo","Contra objeto fijo","S/D","Colisión","S/D","Faltante","Vegetación","Sin restricción"
2014,6024,13/08/2014,"Miercoles",0,10:10:00,,"0.0",2,"Automóvil,Automóvil","Av Urquiza Y Entre Rios",2,0,0,0,0,0,2,,"Calle",,"SANTA FE","La Capital","Asfalto","S/D","I","Dentro","Urbana","S/D","S/D","Intersección","S/D","S/D","Diurna","S/D","S/D","S/D","Colisión","S/D","S/D","S/D","S/D"
2014,6025,08/08/2014,"Viernes",0,18:20:00,,"0.0",2,"Taxi/Remis,Moto/Ciclomotor","Av Lopez y Planes Y Pedro Diaz Colodrero",2,0,1,0,1,0,0,,"Avenida",,"SANTA FE","La Capital","Asfalto","No existe","I","S/D","Urbana","Semáforo","Funciona","Intersección","Bueno","Reducida","Atardecer","Buen Tiempo","Lateral","S/D","Colisión","S/D","Horizontal","Cordón divisorio,Vegetación","Sin restricción"
2014,6026,13/08/2014,"Miercoles",0,16:45:00,"Ruta Nacional 11","0.0",1,"Automóvil"," ",2,1,0,0,0,0,1,,"Ruta",11,"SANTA FE","La Capital","Asfalto","S/D","I","S/D","Urbana","S/D","S/D","Intersección","S/D","S/D","Diurna","S/D","S/D","S/D","Colisión","S/D","S/D","S/D","S/D"
2014,6027,10/08/2014,"Domingo",0,06:55:00,,"0.0",2,"Moto/Ciclomotor,Otros","Av Pte Peron Y Iturraspe",2,1,0,0,0,0,1,,"Avenida",,"SANTA FE","La Capital","Asfalto","Natural","I","S/D","Urbana","Ninguna","Funciona","Otro","Bueno","Buena","Amanecer","Buen Tiempo","Frontal","S/D","Colisión","S/D","Horizontal","Ninguna","S/D"
2014,6028,21/08/2014,"Jueves",0,08:25:00,"Autopista Provincial Brigadier E.López","0.0",2,"Moto/Ciclomotor,Vehículo Oficial"," ",2,1,0,0,0,0,1,,"Autopista","Brigadier E.López","SANTA FE","La Capital","Asfalto","S/D","I","S/D","Urbana","Marca Vial","Funciona","Otro","Bueno","Buena","Amanecer","Buen Tiempo","Frontal","S/D","Colisión","Otro","S/D","Ninguna","S/D"
2014,6029,01/08/2014,"Viernes",0,14:25:00,,"0.0",2,"Moto/Ciclomotor,Automóvil","Av Facundo Zuviria Y Pedro de Vega",2,1,0,0,0,0,1,,"Avenida",,"SANTA FE","La Capital","S/D","S/D","I","Dentro","Urbana","S/D","S/D","S/D","S/D","S/D","Diurna","S/D","S/D","S/D","Colisión","S/D","S/D","S/D","S/D"
2014,6030,01/08/2014,"Viernes",0,18:45:00,,"0.0",2,"Moto/Ciclomotor,Automóvil","Huergo Y San Lorenzo",2,0,0,0,0,0,2,,"Calle",,"SANTA FE","La Capital","S/D","S/D","I","S/D","Urbana","S/D","S/D","Intersección","S/D","S/D","Diurna","S/D","S/D","S/D","Colisión","S/D","S/D","S/D","S/D"
2014,6031,25/08/2014,"Lunes",0,09:40:00,"Ruta Provincial 2","0.0",2,"Automóvil,Moto/Ciclomotor","Ruta pcial 2 Av San Martin 5500",2,1,0,0,1,0,0,,"Ruta",2,"MONTE VERA","La Capital","Hormigón","Ripio","I","Dentro","Urbana","Ninguna","No existe","Recta","Bueno","Buena","Diurna","Buen Tiempo","Lateral","S/D","Colisión","Ninguna","S/D","Ninguna","Sin restricción"
2014,6032,15/08/2014,"Viernes",0,13:30:00,"Ruta Nacional 11","0.0",2,"Automóvil,Automóvil","Salta ",5,5,0,0,0,0,0,,"Ruta",11,"SANTA FE","La Capital","Asfalto","Natural","I","S/D","Urbana","Ninguna","No existe","Intersección","Bueno","Buena","Diurna","Buen Tiempo","De alcance","S/D","Colisión","Ninguna","Vertical","Línea divisoria pintada","Sin restricción"
2014,6033,21/08/2014,"Jueves",0,13:30:00,,"0.0",2,"Moto/Ciclomotor,Automóvil","J J Paso Y Roque Saenz Peña",2,1,0,0,1,0,0,,"Calle",,"SANTA FE","La Capital","Asfalto","S/D","I","Dentro","Urbana","S/D","S/D","Intersección","S/D","S/D","Diurna","S/D","S/D","S/D","Colisión","S/D","S/D","S/D","S/D"
2014,6034,18/08/2014,"Lunes",0,23:30:00,,"0.0",2,"Moto/Ciclomotor,Automóvil","Brigadier Estanislao Lopez Y La Pampa",2,1,0,0,1,0,0,,"Calle",,"MONTE VERA","La Capital","Ripio","No existe","I","Dentro","Urbana","Ninguna","No existe","Intersección","Bueno","Buena","Nocturna,Con luz artificial","Buen Tiempo","Lateral","S/D","Colisión","Ninguna","S/D","Ninguna","Sin restricción"