"anio_acci","nro_acci","fecha","desc_dia","fecha_aprox","hora_aprox","desc_ruta","km","cant_participantes","desc_participante","calle_avenida_km","total","heridos_leves","heridos_graves","heridos_gravisimos","ilesos","fallecidos","sin_datos","posicion_XY","desc_tipo_via","desc_ruta_ori","desc_loc","desc_dpto","desc_tipo_calzada","desc_tipo_banquina","desc_unidad_regional","desc_lugar_calzada","desc_zona","desc_prioridad","desc_estado_semaforo","desc_lugar_via","desc_estado_via","desc_estado_visibilidad","desc_luminosidad","desc_estado_clima","desc_tipo_colision","desc_tipo_atropello","desc_tipo_hecho","desc_pres_calzada","desc_senializacion","desc_separacion_via","desc_restriccion"
2014,6035,03/08/2014,"Domingo",0,14:45:00,"Ruta Nacional 11","495.0",1,"Automóvil"," ",3,0,0,0,2,0,1,,"Ruta",11,"CANDIOTI","La Capital","Asfalto","Natural","I","Dentro","Urbana","Ninguna","Intermitente","Recta","Bueno","Buena","Diurna","Buen Tiempo","De alcance","S/D","Colisión","Ninguna","Vertical","Línea divisoria pintada","Sin restricción"
2014,6036,20/08/2014,"Miercoles",0,09:30:00,,"0.0",2,"Automóvil,Bicicleta","Zavalia Y J J Paso",2,1,0,0,1,0,0,"-31.66124350466,-60.724660300304","Calle",,"SANTA FE","La Capital","S/D","S/D","I","Dentro","Urbana","S/D","S/D","S/D","S/D","S/D","Diurna","S/D","S/D","S/D","Atropello","S/D","S/D","S/D","S/D"
2014,6037,30/08/2014,"Sabado",0,19:45:00,,"0.0",2,"Automóvil,Moto/Ciclomotor","Av Lopez y Planes Y Pedro Centeno",2,1,0,0,1,0,0,,"Avenida",,"SANTA FE","La Capital","Asfalto","No existe","I","Dentro","Urbana","Semáforo","Funciona","Intersección","Bueno","Reducida","Atardecer","Buen Tiempo","Lateral","S/D","Colisión","S/D","Faltante","Cordón divisorio","Sin restricción"
2014,6038,20/08/2014,"Miercoles",0,23:00:00,,"0.0",2,"Moto/Ciclomotor,Automóvil","Sabroso Hilario 1400",2,1,0,0,0,0,1,,"Calle",,"SANTO TOMÉ","La Capital","Ripio","No existe","I","S/D","S/D","Ninguna","No existe","Recta","Bueno","Buena","Nocturna","Buen Tiempo","Lateral","S/D","Colisión","Ninguna","Faltante","Ninguna","Sin restricción"
2014,6039,03/08/2014,"Domingo",0,17:45:00,"Ruta Nacional 11","495.0",1,"Automóvil"," ",3,1,0,0,2,0,0,,"Ruta",11,"CANDIOTI","La Capital","Asfalto","Natural","I","Dentro","Urbana","Ninguna","Intermitente","Recta","Bueno","Buena","Diurna","Buen Tiempo","De alcance","S/D","Colisión","Ninguna","Vertical","Línea divisoria pintada","Sin restricción"
2014,6040,28/08/2014,"Jueves",0,17:40:00,,"0.0",2,"Moto/Ciclomotor,Automóvil","Jorge Haas Bieler Y Cibils Jose",2,1,0,0,1,0,0,,"S/D",,"SANTO TOMÉ","La Capital","Ripio","No existe","I","S/D","S/D","Ninguna","No existe","Intersección","Bueno","Buena","Diurna","Buen Tiempo","S/D","S/D","Colisión","Ninguna","Faltante","Ninguna","S/D"
2014,6041,19/08/2014,"Martes",0,19:50:00,,"0.0",2,"Moto/Ciclomotor,Bicicleta","Juan de Garay Y Av Mosconi",2,2,0,0,0,0,0,"-31.6485,-60.730194444444","Avenida",,"SANTA FE","La Capital","Asfalto","S/D","I","Dentro","Urbana","S/D","S/D","Intersección","S/D","S/D","Atardecer","S/D","S/D","S/D","Atropello","S/D","S/D","S/D","S/D"
2014,6042,27/08/2014,"Miercoles",0,20:40:00,,"0.0",2,"Automóvil,Moto/Ciclomotor","Lisandro de La Torre Y Gobernador Crespo",3,3,0,0,0,0,0,,"Calle",,"SANTO TOMÉ","La Capital","Ripio","Ripio","I","Dentro","Urbana","Ninguna","No existe","Intersección","Bueno","Buena","Nocturna","Buen Tiempo","Lateral","S/D","Colisión","Ninguna","Faltante","S/D","Sin restricción"
2014,6043,09/08/2014,"Sabado",0,16:00:00,,"0.0",2,"Automóvil,Peatón","MANUEL BELGRANO Y LA RIOJA",2,1,0,0,1,0,0,"-31.520165995277,-60.681903089221","Calle",,"MONTE VERA","La Capital","Ripio","No existe","I","Dentro","Urbana","Ninguna","No existe","Intersección","Bueno","Buena","Diurna","Buen Tiempo","S/D","S/D","Atropello","Ninguna","S/D","Ninguna","Sin restricción"
2014,6044,27/08/2014,"Miercoles",0,14:50:00,,"0.0",2,"Moto/Ciclomotor,Automóvil","Zavalia 1070",2,1,0,0,1,0,0,,"Calle",,"SANTA FE","La Capital","S/D","S/D","I","Dentro","Urbana","S/D","S/D","Intersección","S/D","S/D","Diurna","S/D","Lateral","S/D","Colisión","S/D","S/D","S/D","S/D"
2014,6045,10/08/2014,"Domingo",0,15:00:00,,"0.0",2,"Automóvil,Automóvil","Piedrabuena Y Pje Publico",3,2,0,0,1,0,0,,"Calle",,"SANTA FE","La Capital","Asfalto","S/D","I","S/D","Urbana","Ninguna","No existe","Intersección","Bueno","S/D","Diurna","Buen Tiempo","S/D","S/D","Colisión","Ninguna","S/D","Ninguna","Sin restricción"
2014,6046,30/08/2014,"Sabado",0,20:10:00,,"0.0",2,"Moto/Ciclomotor,Otros","ROVERANO Y MITRE",2,1,0,0,0,0,1,,"Calle",,"SANTO TOMÉ","La Capital","Tierra","No existe","I","Dentro","Urbana","Ninguna","No existe","Intersección","Con baches","Reducida polvo","Nocturna","Buen Tiempo","Lateral","S/D","Colisión","S/D","Faltante","Ninguna","Sin restricción"
2014,6047,12/08/2014,"Martes",0,16:00:00,,"0.0",2,"Pickup/Utilitario,Automóvil"," ",2,1,0,0,1,0,0,,"S/D",,"SANTA FE","La Capital","Asfalto","S/D","I","S/D","S/D","S/D","S/D","Puente","S/D","S/D","Diurna","S/D","Frontal","S/D","Colisión","S/D","S/D","S/D","S/D"
2014,6048,16/08/2014,"Sabado",0,23:50:00,,"0.0",2,"Automóvil,Moto/Ciclomotor","Pietranera Y Vera Mujica",2,0,0,0,0,0,2,,"Calle",,"SANTA FE","La Capital","Asfalto","S/D","I","Dentro","Urbana","Ninguna","S/D","Intersección","Bueno","Buena","Nocturna","Buen Tiempo","Lateral","S/D","Colisión","Ninguna","S/D","S/D","Sin restricción"
2014,6049,31/08/2014,"Domingo",0,15:20:00,,"0.0",2,"Moto/Ciclomotor,Otros","Tomas Lubary Y Mariano Candioti",2,1,0,0,0,0,1,,"Calle",,"SANTO TOMÉ","La Capital","Asfalto","No existe","I","Dentro","Urbana","Ninguna","No existe","Intersección","Bueno","Buena","Diurna","Buen Tiempo","Lateral","S/D","Colisión","S/D","Faltante","Ninguna","Sin restricción"
2014,6050,31/08/2014,"Domingo",0,18:10:00,,"0.0",2,"Moto/Ciclomotor,Otros","Mariano Candioti Y Tomas Lubary",2,1,0,0,0,0,1,,"Calle",,"SANTO TOMÉ","La Capital","Asfalto","No existe","I","Dentro","Urbana","Ninguna","No existe","Intersección","Bueno","Buena","Atardecer","Buen Tiempo","Lateral","S/D","Colisión","S/D","S/D","Ninguna","Sin restricción"
2014,6051,06/08/2014,"Miercoles",0,08:30:00,,"0.0",2,"Moto/Ciclomotor,Automóvil","Gorriti Y Europa",2,0,1,0,1,0,0,,"Avenida",,"SANTA FE","La Capital","Hormigón","No existe","I","S/D","Urbana","Ninguna","No existe","Intersección","Bueno","Buena","Diurna","Buen Tiempo","Otro","S/D","Colisión","S/D","S/D","Cordón divisorio","Sin restricción"
2014,6052,12/08/2014,"Martes",0,08:00:00,,"0.0",2,"Moto/Ciclomotor,Peatón","Av Lopez y Planes 4600",2,1,0,0,1,0,0,"-31.622666666667,-60.713416666667","Avenida",,"SANTA FE","La Capital","Asfalto,Hormigón","No existe","I","S/D","Urbana","Ninguna","No existe","Recta","Bueno","Buena","Diurna","Buen Tiempo","S/D","S/D","Atropello","S/D","Faltante","Cordón divisorio","Sin restricción"
2014,6053,18/08/2014,"Lunes",0,22:30:00,,"0.0",1,"Moto/Ciclomotor"," ",2,2,0,0,0,0,0,,"S/D",,"SANTA FE","La Capital","Asfalto","S/D","I","Dentro","Urbana","S/D","S/D","Puente","S/D","S/D","Nocturna","S/D","S/D","S/D","Caída ocupante","S/D","S/D","S/D","S/D"
2014,6054,11/08/2014,"Lunes",0,10:15:00,,"0.0",2,"Automóvil,Moto/Ciclomotor","Av Lopez y Planes Y Artigas",2,1,0,0,1,0,0,,"Avenida",,"SANTA FE","La Capital","Asfalto","No existe","I","S/D","Urbana","Otra Señal","No existe","Intersección","Bueno","S/D","Diurna","Buen Tiempo","Lateral","S/D","Colisión","S/D","Faltante","Cordón divisorio,Vegetación","Sin restricción"
2014,6055,17/08/2014,"Domingo",0,09:40:00,,"0.0",1,"Transporte de Pasajeros","SAN MARTIN Y BUSANICHE",2,1,0,0,0,0,1,,"Calle",,"RINCÓN POTRERO","La Capital","Asfalto","No existe","I","Dentro","Urbana","Ninguna","No existe","Recta","Bueno","Buena","Diurna","Buen Tiempo","Otro","S/D","Otro","Ninguna","Faltante","Ninguna","Sin restricción"
2014,6056,08/08/2014,"Viernes",0,21:30:00,,"0.0",2,"Pickup/Utilitario,Moto/Ciclomotor","Av Lopez y Planes Y Artigas",2,1,0,0,1,0,0,,"Avenida",,"SANTA FE","La Capital","Asfalto","No existe","I","S/D","Urbana","Ninguna","No existe","Intersección","Bueno","Reducida","Nocturna,Con luz artificial","Buen Tiempo","Lateral","S/D","Colisión","S/D","S/D","Cordón divisorio,Vegetación","Sin restricción"
2014,6057,08/08/2014,"Viernes",0,10:00:00,,"0.0",2,"Automóvil,Bicicleta","Av Lopez y Planes Y Artigas",2,1,0,0,1,0,0,"-31.621277777778,-60.713666666667","Avenida",,"SANTA FE","La Capital","Asfalto","No existe","I","S/D","Urbana","Marca Vial","No existe","Intersección","Bueno","Buena","Diurna","Buen Tiempo","S/D","S/D","Atropello","S/D","Faltante","Cordón divisorio,Vegetación","Sin restricción"
2014,6058,13/08/2014,"Miercoles",0,10:30:00,"Ruta Provincial 2","0.0",2,"Moto/Ciclomotor,Automóvil","Ruta pcial 2 Av San Martin Y Rio Negro",5,0,1,0,4,0,0,,"Ruta",2,"MONTE VERA","La Capital","Asfalto,Ripio","Natural","I","Dentro","Urbana","Ninguna","No existe","Intersección","Bueno","Buena","Diurna","Buen Tiempo","Lateral","S/D","Colisión","Ninguna","S/D","Ninguna","Sin restricción"
2014,6059,06/08/2014,"Miercoles",0,12:30:00,,"0.0",2,"Automóvil,Moto/Ciclomotor","Av Pte Peron Y Padre Catena",2,1,0,0,1,0,0,,"Avenida",,"SANTA FE","La Capital","Asfalto,Hormigón","No existe","I","Dentro","Urbana","Ninguna","No existe","Intersección","Bueno","Buena","Diurna","Buen Tiempo","Lateral","S/D","Colisión","S/D","Faltante","Cordón divisorio","Sin restricción"
2014,6060,08/08/2014,"Viernes",0,08:40:00,"Ruta Provincial 1","3.0",2,"Automóvil,Otros"," ",2,1,0,0,0,0,1,,"Ruta",1,"COLASTINE","La Capital","Asfalto","Natural","I","S/D","Urbana","Ninguna","No existe","Recta","Otro","Buena","Diurna","Buen Tiempo","Lateral","S/D","Colisión","Ninguna","Faltante","Ninguna","Reparación de Vía"
2014,6061,09/08/2014,"Sabado",0,23:45:00,"Ruta Provincial 1","2.0",2,"Moto/Ciclomotor,Otros"," ",2,1,0,0,0,0,1,,"Ruta",1,"COLASTINE","La Capital","Asfalto","Natural","I","S/D","Urbana","Ninguna","No existe","Recta","Otro","Buena","Nocturna","Buen Tiempo","S/D","S/D","Colisión","Ninguna","Faltante","Ninguna","S/D"
2014,6062,06/08/2014,"Miercoles",0,12:30:00,,"0.0",2,"Automóvil,Moto/Ciclomotor","Iturraspe Y Av Urquiza",3,2,0,0,1,0,0,,"Calle",,"SANTA FE","La Capital","Asfalto,Hormigón","No existe","I","Dentro","Urbana","Ninguna","No existe","Intersección","Bueno","Buena","Diurna","Buen Tiempo","Lateral","S/D","Colisión","S/D","Faltante","Cordón divisorio","Sin restricción"
2014,6063,29/08/2014,"Viernes",0,12:00:00,"Ruta Provincial 1","2.0",2,"Automóvil,Otros"," ",2,1,0,0,0,0,1,,"Ruta",1,"COLASTINE","La Capital","Asfalto","Natural","I","Dentro","Urbana","Ninguna","No existe","Recta","Otro","S/D","Diurna","Buen Tiempo","Lateral","S/D","Colisión","Ninguna","S/D","Ninguna","S/D"
2014,6064,14/08/2014,"Jueves",0,09:30:00,,"0.0",2,"Automóvil,Moto/Ciclomotor","J J Paso Y Av Urquiza",2,1,0,0,1,0,0,,"Calle",,"SANTA FE","La Capital","Asfalto","S/D","I","Dentro","Urbana","S/D","S/D","Intersección","S/D","S/D","Diurna","S/D","Lateral","S/D","Colisión","S/D","S/D","S/D","S/D"
2014,6065,16/08/2014,"Sabado",0,12:15:00,,"0.0",2,"Automóvil,Moto/Ciclomotor","Belgrano Y Bv Galvez",2,1,0,0,0,0,1,,"Calle",,"SANTA FE","La Capital","Hormigón","No existe","I","Dentro","Urbana","S/D","Funciona","Intersección","S/D","S/D","Diurna","S/D","Lateral","S/D","Colisión","S/D","S/D","S/D","S/D"
2014,6066,15/08/2014,"Viernes",0,18:30:00,,"0.0",2,"Automóvil,Moto/Ciclomotor","Av Gral Paz Y Ricardo Aldao",4,3,0,0,1,0,0,,"S/D",,"SANTA FE","La Capital","Asfalto","S/D","I","S/D","S/D","S/D","S/D","Intersección","Bueno","Buena","Diurna","S/D","S/D","S/D","Colisión","Ninguna","S/D","S/D","S/D"
2014,6067,13/08/2014,"Miercoles",0,17:20:00,,"0.0",2,"Automóvil,Moto/Ciclomotor","San Lorenzo 2041",2,1,0,0,1,0,0,,"Calle",,"SANTA FE","La Capital","Asfalto","S/D","I","Dentro","Urbana","S/D","S/D","Recta","S/D","S/D","Diurna","S/D","De alcance","S/D","Colisión","S/D","S/D","S/D","S/D"
2014,6068,04/08/2014,"Lunes",0,17:35:00,,"0.0",2,"Automóvil,Bicicleta","Iturraspe Y Brasil",3,2,0,0,1,0,0,"-31.625777777778,-60.717805555556","Calle",,"SANTA FE","La Capital","Asfalto","No existe","I","S/D","Urbana","Otra Señal","No existe","Intersección","Bueno","Buena","Atardecer","Buen Tiempo","S/D","S/D","Atropello","S/D","Faltante","Cordón divisorio,Vegetación","Sin restricción"
2014,6069,16/08/2014,"Sabado",0,11:10:00,,"0.0",2,"Pickup/Utilitario,Vehículo Oficial","Sarmiento Y Ituzaingo",2,1,0,0,0,0,1,,"Calle",,"SANTA FE","La Capital","Asfalto","No existe","I","Dentro","Urbana","S/D","S/D","Intersección","Deteriorada","S/D","Diurna","S/D","Lateral","S/D","Colisión","S/D","S/D","S/D","S/D"
2014,6070,06/08/2014,"Miercoles",0,13:30:00,,"0.0",2,"Automóvil,Moto/Ciclomotor","Pedro Ferre Y Lavalle",2,1,0,0,1,0,0,,"Calle",,"SANTA FE","La Capital","Asfalto","No existe","I","Dentro","Urbana","S/D","No existe","Intersección","Deteriorada","S/D","Diurna","S/D","Lateral","S/D","Colisión","S/D","S/D","S/D","S/D"
2014,6071,01/08/2014,"Viernes",0,05:20:00,,"0.0",2,"Automóvil,Automóvil","San Lorenzo Y Domingo Silva",2,1,0,0,1,0,0,,"Calle",,"SANTA FE","La Capital","Asfalto,Hormigón","No existe","I","Dentro","Urbana","Ninguna","No existe","Intersección","Bueno","Reducida","Amanecer","Buen Tiempo","Lateral","S/D","Colisión","S/D","Faltante","Cordón divisorio","Sin restricción"
2014,6072,23/08/2014,"Sabado",0,19:20:00,,"0.0",2,"Automóvil,Moto/Ciclomotor","Sarmiento Y Ing Mosconi",3,2,0,0,1,0,0,,"S/D",,"VILLA GOBERNADOR GÁLVEZ","Rosario","Asfalto","No existe","II","S/D","S/D","Ninguna","No existe","Intersección","Bueno","Buena","Atardecer","Buen Tiempo","S/D","S/D","Colisión","Ninguna","Faltante","Ninguna","Sin restricción"
2014,6073,22/08/2014,"Viernes",0,16:00:00,,"0.0",2,"Automóvil,Moto/Ciclomotor","Av del Libertador Y Pasteur",2,1,0,0,1,0,0,,"S/D",,"VILLA GOBERNADOR GÁLVEZ","Rosario","Asfalto","No existe","II","S/D","Urbana","Ninguna","No existe","Intersección","Deteriorada","Buena","Diurna","Buen Tiempo","S/D","S/D","Colisión","Ninguna","Faltante","Ninguna","Sin restricción"
2014,6074,19/08/2014,"Martes",0,12:45:00,,"0.0",2,"Pickup/Utilitario,Moto/Ciclomotor","Pasteur Y Belgrano",2,1,0,0,1,0,0,,"S/D",,"VILLA GOBERNADOR GÁLVEZ","Rosario","Asfalto","S/D","II","S/D","Urbana","Ninguna","S/D","Intersección","Bueno","Buena","Diurna","Buen Tiempo","S/D","S/D","Colisión","S/D","Faltante","Ninguna","Sin restricción"
2014,6075,06/08/2014,"Miercoles",0,13:30:00,,"0.0",2,"Automóvil,Otros","Pedro Ferre Y Lavalle",2,2,0,0,0,0,0,,"Calle",,"SANTA FE","La Capital","Asfalto","No existe","I","Dentro","Urbana","S/D","No existe","Intersección","S/D","S/D","Diurna","S/D","Lateral","S/D","Colisión","S/D","S/D","S/D","S/D"
2014,6076,19/08/2014,"Martes",0,11:35:00,,"0.0",2,"Automóvil,Peatón","Ing Mosconi Y Falucho",2,1,0,0,1,0,0,,"S/D",,"VILLA GOBERNADOR GÁLVEZ","Rosario","Asfalto","No existe","II","S/D","Urbana","Ninguna","No existe","Intersección","Bueno","Buena","Diurna","Buen Tiempo","S/D","S/D","Atropello","Ninguna","Faltante","Ninguna","Sin restricción"
2014,6077,19/08/2014,"Martes",0,05:10:00,,"0.0",2,"Transporte de Pasajeros Urbano (> 8 asientos),Moto/Ciclomotor","Ing Mosconi Y Falucho",2,0,0,1,1,0,0,,"S/D",,"VILLA GOBERNADOR GÁLVEZ","Rosario","Asfalto","No existe","II","S/D","Urbana","Ninguna","No existe","Intersección","Bueno","Buena","Nocturna","Buen Tiempo","S/D","S/D","Colisión","Ninguna","Faltante","Ninguna","Sin restricción"
2014,6078,24/08/2014,"Domingo",0,23:15:00,,"0.0",2,"Moto/Ciclomotor,Automóvil","9 de Julio Y Martin Zapata",2,1,0,0,1,0,0,,"Calle",,"SANTA FE","La Capital","Hormigón","No existe","I","Dentro","Urbana","Otra Señal","No existe","Intersección","Otro","Buena","Nocturna,Con luz artificial","Buen Tiempo","Lateral","S/D","Colisión","Otro","Faltante","Ninguna","Sin restricción"
2014,6079,12/08/2014,"Martes",0,19:00:00,,"0.0",1,"Moto/Ciclomotor","Hipolito Irigoyen ",1,1,0,0,0,0,0,,"Calle",,"SANTO TOMÉ","La Capital","Asfalto","S/D","I","S/D","Urbana","S/D","S/D","Puente","S/D","S/D","Diurna","S/D","S/D","S/D","Caída ocupante","S/D","S/D","S/D","S/D"
2014,6080,08/08/2014,"Viernes",0,16:10:00,,"0.0",2,"Moto/Ciclomotor,Automóvil","Iturraspe Y Alvear",2,1,0,0,1,0,0,,"Calle",,"SANTA FE","La Capital","Asfalto","No existe","I","Dentro","Urbana","S/D","No existe","Intersección","Deteriorada","S/D","Diurna","S/D","Lateral","S/D","Colisión","S/D","S/D","S/D","S/D"
2014,6081,12/08/2014,"Martes",0,19:15:00,,"0.0",2,"Moto/Ciclomotor,Automóvil","Iturraspe Y San Jeronimo",2,1,0,0,1,0,0,,"Calle",,"SANTA FE","La Capital","Hormigón","No existe","I","Dentro","Urbana","Ninguna","No existe","Intersección","Bueno","Buena","Atardecer,Con luz artificial","Buen Tiempo","Lateral","S/D","Colisión","S/D","Faltante","Ninguna","Sin restricción"
2014,6082,08/08/2014,"Viernes",0,16:00:00,,"0.0",2,"Otros,Otros","Ituzaingo Y Alvear",2,1,0,0,1,0,0,,"Calle",,"SANTA FE","La Capital","Asfalto","No existe","I","Dentro","Urbana","S/D","S/D","Intersección","S/D","S/D","Diurna","S/D","Lateral","S/D","Colisión","S/D","S/D","S/D","S/D"
2014,6083,13/08/2014,"Miercoles",0,08:00:00,,"0.0",2,"Moto/Ciclomotor,Pickup/Utilitario","Dr Zavalla Y Jujuy",2,0,0,0,0,0,2,,"Calle",,"SANTA FE","La Capital","Asfalto","S/D","I","S/D","Urbana","S/D","S/D","Intersección","S/D","S/D","Diurna","S/D","S/D","S/D","Colisión","S/D","S/D","S/D","S/D"
2014,6084,23/08/2014,"Sabado",0,03:30:00,,"0.0",2,"Moto/Ciclomotor,Taxi/Remis","Av A del Valle Y Estanislao Zeballos",2,1,0,0,1,0,0,,"Avenida",,"SANTA FE","La Capital","Hormigón","No existe","I","Dentro","Urbana","Ninguna","No existe","Intersección","Bueno","Buena","Nocturna,Con luz artificial","Viento Fuerte","Lateral","S/D","Colisión","Otro","Faltante","Ninguna","Sin restricción"
2014,6085,09/08/2014,"Sabado",0,12:10:00,,"0.0",2,"Automóvil,Otros","Candioti Y Juan Del Campillo",3,1,0,0,2,0,0,,"Calle",,"SANTA FE","La Capital","Asfalto","No existe","I","Dentro","Urbana","S/D","No existe","Intersección","Deteriorada","S/D","Diurna","S/D","Lateral","S/D","Colisión","S/D","S/D","S/D","S/D"
2014,6086,23/08/2014,"Sabado",0,02:00:00,,"0.0",2,"Moto/Ciclomotor,Taxi/Remis","Av A del Valle Y Lavaisse",3,1,0,0,2,0,0,,"Avenida",,"SANTA FE","La Capital","Hormigón","No existe","I","Dentro","Urbana","Semáforo","Intermitente","Intersección","Bueno","Buena","Nocturna,Con luz artificial","Buen Tiempo","Lateral","S/D","Colisión","Otro","Vertical","Ninguna","Sin restricción"
2014,6087,22/08/2014,"Viernes",0,11:30:00,,"0.0",2,"Peatón,Moto/Ciclomotor","Iturraspe Y San Jeronimo",2,2,0,0,0,0,0,"-31.628833333333,-60.702805555556","Calle",,"SANTA FE","La Capital","Hormigón","No existe","I","Dentro","Urbana","Ninguna","No existe","Intersección","Bueno","Buena","Diurna","Buen Tiempo","S/D","S/D","Atropello","Otro","Faltante","Ninguna","Sin restricción"
2014,6088,11/08/2014,"Lunes",0,13:15:00,,"0.0",2,"Automóvil,Pickup/Utilitario","Av Facundo Zuviria Y Pedro Centeno",2,1,0,0,1,0,0,,"Avenida",,"SANTA FE","La Capital","Hormigón","No existe","I","Dentro","Urbana","Semáforo","Funciona","Intersección","Bueno","Buena","Diurna","Buen Tiempo","Lateral","S/D","Colisión","S/D","Vertical","Ninguna","Sin restricción"
2014,6089,30/08/2014,"Sabado",0,15:00:00,,"0.0",2,"Automóvil,Automóvil","Av A del Valle Y Sarmiento",2,2,0,0,0,0,0,,"Avenida",,"SANTA FE","La Capital","Asfalto","No existe","I","Dentro","Urbana","S/D","S/D","Intersección","S/D","S/D","Diurna","S/D","Lateral","S/D","Colisión","S/D","S/D","S/D","S/D"
2014,6090,29/08/2014,"Viernes",0,10:30:00,,"0.0",2,"Bicicleta,Automóvil","Ituzaingo Y Belgrano",2,1,0,0,1,0,0,"-31.638429976434,-60.699194614736","Calle",,"SANTA FE","La Capital","Asfalto","No existe","I","Dentro","Urbana","S/D","No existe","Intersección","S/D","S/D","Diurna","S/D","S/D","S/D","Atropello","S/D","S/D","S/D","S/D"
2014,6091,21/08/2014,"Jueves",0,19:30:00,,"0.0",2,"Moto/Ciclomotor,Moto/Ciclomotor","Av A del Valle Y Angel Cassanello",2,2,0,0,0,0,0,,"Avenida",,"SANTA FE","La Capital","Hormigón","S/D","I","Dentro","Urbana","Semáforo","S/D","Intersección","Bueno","Buena","Atardecer,Con luz artificial","Buen Tiempo","Lateral","S/D","Colisión","Otro","Vertical","Ninguna","Sin restricción"
2014,6092,10/08/2014,"Domingo",0,21:20:00,,"0.0",2,"Moto/Ciclomotor,Automóvil","San Jeronimo Y Juan Del Campillo",2,1,0,0,1,0,0,,"Calle",,"SANTA FE","La Capital","Hormigón","No existe","I","Dentro","Urbana","Ninguna","No existe","Intersección","Con baches","Buena","Nocturna,Con luz artificial","Buen Tiempo","Lateral","S/D","Colisión","S/D","Faltante","Ninguna","Sin restricción"
2014,6093,19/08/2014,"Martes",0,18:00:00,,"0.0",2,"Moto/Ciclomotor,Taxi/Remis","San Martin Y Pedro Diaz Colodrero",2,1,0,0,1,0,0,,"Calle",,"SANTA FE","La Capital","Hormigón","No existe","I","Dentro","Urbana","Ninguna","No existe","Intersección","Bueno","Buena","Diurna","Buen Tiempo","Lateral","S/D","Colisión","Otro","Faltante","Ninguna","Sin restricción"
2014,6094,08/08/2014,"Viernes",0,20:20:00,,"0.0",2,"Automóvil,Bicicleta","San Jeronimo Y Angel Cassanello",2,1,0,0,1,0,0,"-31.638444444444,-60.699194444444","Calle",,"SANTA FE","La Capital","Hormigón","S/D","I","Dentro","Urbana","Ninguna","No existe","Intersección","Bueno","Buena","Atardecer,Con luz artificial","Buen Tiempo","S/D","S/D","Atropello","S/D","Faltante","Ninguna","Sin restricción"
2014,6095,21/08/2014,"Jueves",0,09:30:00,,"0.0",1,"Moto/Ciclomotor","Bv Galvez Y Alvear",2,1,0,0,1,0,0,,"Calle",,"SANTA FE","La Capital","Asfalto","No existe","I","Dentro","Urbana","S/D","Funciona","Intersección","Deteriorada","S/D","Diurna","S/D","Lateral","S/D","Colisión","S/D","S/D","S/D","S/D"
2014,6096,17/08/2014,"Domingo",0,00:50:00,,"0.0",2,"Moto/Ciclomotor,Automóvil","Hernandarias 2798",2,1,0,0,1,0,0,,"Calle",,"SANTA FE","La Capital","Hormigón","No existe","I","Dentro","Urbana","Ninguna","No existe","Intersección","Bueno","Buena","Nocturna","Buen Tiempo","Lateral","S/D","Colisión","Otro","S/D","Ninguna","Sin restricción"
2014,6097,21/08/2014,"Jueves",0,20:30:00,,"0.0",2,"Bicicleta,Pickup/Utilitario"," ",2,1,0,0,0,0,1,"-31.639361111111,-60.690416666667","Avenida",,"SANTA FE","La Capital","Asfalto","No existe","I","Dentro","Urbana","S/D","Funciona","Intersección","Bueno","S/D","S/D","S/D","S/D","S/D","Atropello","S/D","S/D","S/D","S/D"
2014,6098,08/08/2014,"Viernes",0,13:30:00,,"0.0",2,"Moto/Ciclomotor,Automóvil","Av Facundo Zuviria Y Iturraspe",3,2,0,0,1,0,0,,"S/D",,"SANTA FE","La Capital","Hormigón","No existe","I","S/D","S/D","Semáforo","Funciona","Intersección","Bueno","Buena","Diurna","Buen Tiempo","Lateral","S/D","Colisión","S/D","Vertical","Ninguna","Sin restricción"
2014,6099,13/08/2014,"Miercoles",0,20:35:00,,"0.0",2,"Moto/Ciclomotor,Pickup/Utilitario","Pedro de Vega Y Pje Hudson",2,1,0,0,1,0,0,,"Calle",,"SANTA FE","La Capital","Hormigón","No existe","I","Dentro","Urbana","Ninguna","No existe","Intersección","Bueno","Buena","Nocturna,Con luz artificial","Buen Tiempo","Lateral","S/D","Colisión","Otro","Faltante","Ninguna","Sin restricción"
2014,6100,25/08/2014,"Lunes",0,13:00:00,,"0.0",2,"Moto/Ciclomotor,Pickup/Utilitario","Bv Galvez Y Mitre",2,1,0,0,1,0,0,,"Calle",,"SANTA FE","La Capital","Asfalto","No existe","I","Dentro","Urbana","S/D","Funciona","Intersección","Bueno","S/D","Diurna","S/D","Lateral","S/D","Colisión","S/D","S/D","S/D","S/D"
2014,6101,04/08/2014,"Lunes",0,18:00:00,,"0.0",2,"Automóvil,Automóvil","Av A del Valle Y Domingo Silva",4,3,0,0,1,0,0,,"Avenida",,"SANTA FE","La Capital","Hormigón","No existe","I","Dentro","Urbana","Ninguna","No existe","Intersección","Bueno","Buena","Atardecer,Con luz artificial","Buen Tiempo","Lateral","S/D","Colisión","S/D","Faltante","Ninguna","Sin restricción"