"anio_acci","nro_acci","fecha","desc_dia","fecha_aprox","hora_aprox","desc_ruta","km","cant_participantes","desc_participante","calle_avenida_km","total","heridos_leves","heridos_graves","heridos_gravisimos","ilesos","fallecidos","sin_datos","posicion_XY","desc_tipo_via","desc_ruta_ori","desc_loc","desc_dpto","desc_tipo_calzada","desc_tipo_banquina","desc_unidad_regional","desc_lugar_calzada","desc_zona","desc_prioridad","desc_estado_semaforo","desc_lugar_via","desc_estado_via","desc_estado_visibilidad","desc_luminosidad","desc_estado_clima","desc_tipo_colision","desc_tipo_atropello","desc_tipo_hecho","desc_pres_calzada","desc_senializacion","desc_separacion_via","desc_restriccion"
2014,6102,13/08/2014,"Miercoles",0,16:00:00,,"0.0",2,"Moto/Ciclomotor,Pickup/Utilitario","Av A del Valle 5600",2,1,0,0,1,0,0,,"Avenida",,"SANTA FE","La Capital","Hormigón","No existe","I","Dentro","Urbana","Ninguna","Funciona","Intersección","Bueno","Buena","Diurna","Buen Tiempo","Lateral","S/D","Colisión","Otro","Vertical","Ninguna","Sin restricción"
2014,6103,28/08/2014,"Jueves",0,,,"0.0",2,"Automóvil,Moto/Ciclomotor","Av Pte Peron Y Candido Pujato",3,2,0,0,1,0,0,,"S/D",,"SANTA FE","La Capital","S/D","S/D","I","S/D","S/D","S/D","S/D","S/D","S/D","S/D","S/D","S/D","S/D","S/D","S/D","S/D","S/D","S/D","S/D"
2014,6104,08/08/2014,"Viernes",0,18:45:00,,"0.0",2,"Moto/Ciclomotor,Automóvil","Las Heras Y Pedro Diaz Colodrero",3,1,0,0,2,0,0,,"S/D",,"SANTA FE","La Capital","S/D","S/D","I","S/D","S/D","S/D","S/D","Intersección","S/D","Reducida","Atardecer","S/D","S/D","S/D","Colisión","S/D","S/D","S/D","S/D"
2014,6105,15/08/2014,"Viernes",0,15:45:00,,"0.0",2,"Taxi/Remis,Moto/Ciclomotor","Naciones Unidas Y Roque Saenz Peña",2,1,0,0,1,0,0,,"Calle",,"SANTA FE","La Capital","Asfalto","Pavimento","I","Dentro","Urbana","Ninguna","No existe","Cruce","Bueno","Buena","Diurna","Buen Tiempo","De alcance","S/D","Colisión","S/D","Faltante","Cordón divisorio","Sin restricción"
2014,6106,07/08/2014,"Jueves",0,18:30:00,,"0.0",2,"Automóvil,Moto/Ciclomotor","Republica de Siria Y Lavaisse",2,1,0,0,0,0,1,,"Calle",,"SANTA FE","La Capital","Asfalto","S/D","I","Dentro","Urbana","S/D","S/D","Intersección","Bueno","Reducida","Atardecer","Buen Tiempo","Lateral","S/D","Colisión","Ninguna","S/D","S/D","S/D"
2014,6107,10/05/2014,"Sabado",0,20:10:00,,"0.0",3,"Automóvil,Automóvil,Automóvil"," ",3,1,0,0,2,0,0,,"S/D",,"SANTA FE","La Capital","S/D","No existe","I","S/D","Urbana","S/D","No existe","Puente","Deteriorada","S/D","Nocturna","S/D","Múltiple","S/D","Colisión","S/D","S/D","S/D","S/D"
2014,6108,11/08/2014,"Lunes",0,17:50:00,,"0.0",2,"Moto/Ciclomotor,Automóvil","Balcarce Y Las Heras",3,2,0,0,1,0,0,,"Calle",,"SANTA FE","La Capital","Asfalto","No existe","I","Dentro","Urbana","S/D","No existe","Intersección","Deteriorada","S/D","Diurna","S/D","Lateral","S/D","Colisión","S/D","S/D","S/D","S/D"
2014,6109,07/08/2014,"Jueves",0,18:10:00,,"0.0",2,"Bicicleta,Automóvil","Av Almte Brown 5000",2,1,0,0,1,0,0,"-31.626222222222,-60.679055555556","Avenida",,"SANTA FE","La Capital","Asfalto","S/D","I","Dentro","Urbana","S/D","S/D","Recta","S/D","S/D","Atardecer","Buen Tiempo","S/D","S/D","Atropello","S/D","S/D","S/D","S/D"
2014,6110,07/08/2014,"Jueves",0,07:35:00,,"0.0",2,"Moto/Ciclomotor,Pickup/Utilitario","Av Galicia Y Belgrano",2,1,0,0,1,0,0,,"Calle",,"SANTA FE","La Capital","Asfalto","S/D","I","Dentro","Urbana","S/D","S/D","Intersección","Bueno","Reducida","Amanecer","S/D","Lateral","S/D","Colisión","Ninguna","S/D","S/D","S/D"
2014,6111,13/08/2014,"Miercoles",0,11:00:00,,"0.0",2,"Automóvil,Bicicleta","Av Pte Peron Y Santiago del Estero",2,1,0,0,1,0,0,"-31.63475,-60.717944444444","Avenida",,"SANTA FE","La Capital","Asfalto","Pavimento","I","Dentro","Urbana","Ninguna","No existe","Intersección","Bueno","Buena","Diurna","Buen Tiempo","S/D","S/D","Atropello","S/D","Faltante","Cordón divisorio","Sin restricción"
2014,6112,05/08/2014,"Martes",0,18:00:00,,"0.0",2,"Moto/Ciclomotor,Pickup/Utilitario","Necochea Y Quintana",2,1,0,0,1,0,0,,"Calle",,"SANTA FE","La Capital","Asfalto","S/D","I","Dentro","Urbana","S/D","S/D","Intersección","S/D","Buena","Atardecer","Buen Tiempo","S/D","S/D","Colisión","S/D","S/D","S/D","S/D"
2014,6113,02/08/2014,"Sabado",0,15:30:00,,"0.0",2,"Automóvil,Moto/Ciclomotor","Pedro Ferre Y Av Gral Paz",2,1,0,0,1,0,0,,"Calle",,"SANTA FE","La Capital","Asfalto","S/D","I","S/D","Urbana","S/D","S/D","Intersección","Bueno","Buena","Diurna","S/D","S/D","S/D","Colisión","Ninguna","S/D","S/D","S/D"
2014,6114,27/08/2014,"Miercoles",0,22:30:00,,"0.0",2,"Moto/Ciclomotor,Automóvil","Alberdi 4029",3,1,0,0,1,0,1,,"Calle",,"SANTA FE","La Capital","Asfalto","No existe","I","Dentro","Urbana","S/D","No existe","Intersección","Deteriorada","S/D","Nocturna","S/D","Lateral","S/D","Colisión","S/D","S/D","S/D","S/D"
2014,6115,07/08/2014,"Jueves",0,10:40:00,,"0.0",2,"Automóvil,Moto/Ciclomotor","Av Pte Peron Y Junin",2,1,0,0,1,0,0,,"Avenida",,"SANTA FE","La Capital","Asfalto","Pavimento","I","Dentro","Urbana","Otra Señal","No existe","Intersección","Bueno","Buena","Diurna","Buen Tiempo","Lateral","S/D","Colisión","S/D","Faltante","Cordón divisorio","Sin restricción"
2014,6116,30/08/2014,"Sabado",0,07:00:00,,"0.0",2,"Automóvil,Moto/Ciclomotor","Domingo Silva Y Alvear",3,2,0,0,1,0,0,,"Calle",,"SANTA FE","La Capital","Asfalto","No existe","I","Dentro","Urbana","S/D","No existe","Intersección","Deteriorada","S/D","Diurna","S/D","Lateral","S/D","Colisión","S/D","S/D","S/D","S/D"
2014,6117,30/08/2014,"Sabado",0,08:30:00,,"0.0",1,"Automóvil","AV 7 JEFES Y PUENTE COLGANTE",2,1,0,0,0,0,1,,"Calle",,"SANTA FE","La Capital","Hormigón","No existe","I","Dentro","Urbana","S/D","No existe","Intersección","S/D","S/D","Diurna","S/D","Otro","S/D","Colisión","S/D","S/D","S/D","S/D"
2014,6118,02/08/2014,"Sabado",0,14:30:00,,"0.0",2,"Automóvil,Moto/Ciclomotor","Corrientes Y Santiago de Chile",2,0,0,0,0,0,2,,"Calle",,"SANTA FE","La Capital","Asfalto","S/D","I","Dentro","Urbana","S/D","S/D","Intersección","S/D","S/D","Diurna","S/D","S/D","S/D","Colisión","S/D","S/D","S/D","S/D"
2014,6119,05/08/2014,"Martes",0,16:30:00,,"0.0",2,"Bicicleta,Taxi/Remis","Lisandro de la Torre Y San Lorenzo",2,0,0,0,0,0,2,"-31.649388888889,-60.718277777778","Calle",,"SANTA FE","La Capital","Asfalto","S/D","I","Dentro","Urbana","S/D","S/D","Intersección","S/D","S/D","Diurna","S/D","S/D","S/D","Atropello","S/D","S/D","S/D","S/D"
2014,6120,28/08/2014,"Jueves",0,09:00:00,,"0.0",2,"Bicicleta,Transporte de Pasajeros Urbano (> 8 asientos)","Risso Y Av Urquiza",2,1,0,0,1,0,0,"-31.5995,-60.699694444444","Avenida",,"SANTA FE","La Capital","Asfalto","No existe","I","Dentro","Urbana","Ninguna","No existe","Intersección","Otro","Buena","Diurna","Buen Tiempo","S/D","S/D","Atropello","S/D","Faltante","Ninguna","Sin restricción"
2014,6121,19/08/2014,"Martes",0,17:10:00,,"0.0",2,"Moto/Ciclomotor,Taxi/Remis","Av Freyre Y Bv Pellegrini",2,1,0,0,1,0,0,,"Avenida",,"SANTA FE","La Capital","S/D","S/D","I","Dentro","Urbana","S/D","S/D","Intersección","S/D","S/D","Diurna","S/D","S/D","S/D","Colisión","S/D","S/D","S/D","S/D"
2014,6122,19/08/2014,"Martes",0,19:20:00,,"0.0",2,"Automóvil,Pickup/Utilitario","San Lorenzo Y Vera",2,1,0,0,1,0,0,,"Calle",,"SANTA FE","La Capital","S/D","S/D","I","Dentro","Urbana","S/D","S/D","Intersección","S/D","S/D","Atardecer","S/D","S/D","S/D","Colisión","S/D","S/D","S/D","S/D"
2014,6123,23/08/2014,"Sabado",0,02:40:00,,"0.0",2,"Moto/Ciclomotor,Taxi/Remis","Av Freyre ",2,1,0,0,1,0,0,,"Calle",,"SANTA FE","La Capital","S/D","S/D","I","Dentro","Urbana","S/D","S/D","Intersección","S/D","S/D","Nocturna","S/D","S/D","S/D","Colisión","S/D","S/D","S/D","S/D"
2014,6124,23/08/2014,"Sabado",0,22:30:00,,"0.0",2,"Automóvil,Pickup/Utilitario","Av Freyre Y Tucuman",2,1,0,0,1,0,0,,"Calle",,"SANTA FE","La Capital","S/D","S/D","I","Dentro","Urbana","S/D","S/D","Intersección","S/D","S/D","Nocturna","S/D","S/D","S/D","Colisión","S/D","S/D","S/D","S/D"
2014,6125,25/08/2014,"Lunes",0,19:00:00,,"0.0",2,"Automóvil,Moto/Ciclomotor","Av Freyre 2300",2,1,0,0,1,0,0,,"Avenida",,"SANTA FE","La Capital","S/D","S/D","I","Dentro","Urbana","S/D","S/D","Intersección","S/D","S/D","Atardecer","S/D","S/D","S/D","Colisión","S/D","S/D","S/D","S/D"
2014,6126,11/08/2014,"Lunes",0,14:00:00,,"0.0",2,"Moto/Ciclomotor,Moto/Ciclomotor","Av Freyre Y Bv Pellegrini",2,1,0,0,1,0,0,,"Calle",,"SANTA FE","La Capital","S/D","S/D","I","Dentro","Urbana","S/D","S/D","Intersección","S/D","S/D","Diurna","S/D","S/D","S/D","Colisión","S/D","S/D","S/D","S/D"
2014,6127,12/08/2014,"Martes",0,10:00:00,,"0.0",2,"Automóvil,Moto/Ciclomotor","Av Almte Brown Y Calchines",2,1,0,0,1,0,0,,"Calle",,"SANTA FE","La Capital","Hormigón","No existe","I","Dentro","Urbana","Semáforo","Funciona","Intersección","S/D","S/D","Diurna","S/D","Lateral","S/D","Colisión","S/D","S/D","S/D","S/D"
2014,6128,12/08/2014,"Martes",0,11:00:00,,"0.0",3,"Automóvil,Automóvil,Automóvil","Junin Y Belgrano",3,2,0,0,1,0,0,,"Calle",,"SANTA FE","La Capital","Asfalto","No existe","I","Dentro","Urbana","S/D","No existe","Intersección","Deteriorada","S/D","Diurna","S/D","Múltiple","S/D","Colisión","S/D","S/D","S/D","S/D"
2014,6129,12/08/2014,"Martes",0,21:20:00,,"0.0",2,"Taxi/Remis,Moto/Ciclomotor","Alvear Y Castellanos",2,2,0,0,0,0,0,,"Calle",,"SANTA FE","La Capital","Asfalto","No existe","I","Dentro","Urbana","S/D","No existe","Intersección","Deteriorada","S/D","Nocturna","S/D","Lateral","S/D","Colisión","S/D","S/D","S/D","S/D"
2014,6130,30/08/2014,"Sabado",0,16:15:00,,"0.0",2,"Moto/Ciclomotor,Camión","San Juan Y Pascual Rosas",2,1,0,0,1,0,0,,"Calle",,"ROSARIO","Rosario","Asfalto","No existe","II","Dentro","Urbana","Ninguna","S/D","Recta","Bueno","Buena","Diurna","Buen Tiempo","S/D","S/D","Colisión","S/D","S/D","S/D","Sin restricción"
2014,6131,13/08/2014,"Miercoles",0,13:30:00,"Ruta Nacional A012","0.0",2,"Camión,Camión"," ",2,1,0,0,1,0,0,,"Ruta","A012","PIÑERO","Rosario","Asfalto","Natural","II","Dentro","Urbana","Marca Vial","No existe","Cruce","Bueno","Buena","Diurna","Buen Tiempo","De alcance","S/D","Colisión","S/D","Vertical","Cordón divisorio","Sin restricción"
2014,6132,04/08/2014,"Lunes",0,16:00:00,,"0.0",2,"Peatón,Moto/Ciclomotor","Saenz Peña 200",2,0,1,0,1,0,0,,"Calle",,"VILLA GOBERNADOR GÁLVEZ","Rosario","Asfalto","No existe","II","Dentro","Urbana","Ninguna","No existe","Recta","Bueno","Buena","Diurna","Buen Tiempo","S/D","S/D","Atropello","S/D","Faltante","Ninguna","Sin restricción"
2014,6133,13/08/2014,"Miercoles",0,10:00:00,,"0.0",2,"Moto/Ciclomotor,Automóvil","Montevideo Y Dorrego",3,2,0,0,1,0,0,,"Calle",,"ROSARIO","Rosario","Asfalto","S/D","II","Dentro","Urbana","Ninguna","No existe","Intersección","Bueno","Buena","Diurna","Buen Tiempo","Frontal","S/D","Colisión","S/D","Faltante","Cordón divisorio","Sin restricción"
2014,6134,11/08/2014,"Lunes",0,13:50:00,,"0.0",2,"Automóvil,Moto/Ciclomotor","Gorriti Y Camilo Aldao",2,0,1,0,1,0,0,,"Calle",,"ROSARIO","Rosario","S/D","No existe","II","S/D","S/D","Ninguna","No existe","Intersección","S/D","Buena","Diurna","S/D","Lateral","S/D","Colisión","S/D","Faltante","Ninguna","Sin restricción"
2014,6135,30/08/2014,"Sabado",0,21:50:00,,"0.0",2,"Automóvil,Moto/Ciclomotor","Av. Provincias Unidas Y J.B.Justo",3,1,0,0,2,0,0,,"Calle",,"ROSARIO","Rosario","Asfalto","S/D","II","Dentro","Urbana","S/D","No existe","Recta","Bueno","Buena","Nocturna","Buen Tiempo","Lateral","S/D","Colisión","S/D","S/D","S/D","S/D"
2014,6136,04/08/2014,"Lunes",0,20:00:00,,"0.0",2,"Automóvil,Moto/Ciclomotor","Saenz Peña 224",2,1,0,0,1,0,0,,"Calle",,"VILLA GOBERNADOR GÁLVEZ","Rosario","Asfalto","No existe","II","S/D","Urbana","Ninguna","No existe","Recta","Bueno","Buena","Nocturna","Buen Tiempo","De alcance","S/D","Colisión","S/D","Faltante","Ninguna","Sin restricción"
2014,6137,28/08/2014,"Jueves",0,07:45:00,,"0.0",2,"Automóvil,Moto/Ciclomotor","Pascual Rosas Y 3 De Febrero",3,2,1,0,0,0,0,,"Calle",,"ROSARIO","Rosario","Asfalto","No existe","II","Dentro","Urbana","S/D","S/D","S/D","Bueno","Buena","Diurna","Buen Tiempo","Lateral","S/D","Colisión","S/D","S/D","S/D","Sin restricción"
2014,6138,04/08/2014,"Lunes",0,22:00:00,,"0.0",2,"Peatón,Transporte de Pasajeros Urbano (> 8 asientos)","I A Edison Y 17 de Octubre",2,1,0,0,0,0,1,,"Calle",,"VILLA GOBERNADOR GÁLVEZ","Rosario","Asfalto","No existe","II","S/D","Urbana","S/D","No existe","Recta","Bueno","Reducida","Nocturna","Buen Tiempo","S/D","S/D","Atropello","S/D","Faltante","Ninguna","S/D"
2014,6139,30/08/2014,"Sabado",0,12:00:00,,"0.0",2,"Pickup/Utilitario,Camión","Alsina Y Mendoza",4,0,0,0,1,0,3,,"Calle",,"ROSARIO","Rosario","Asfalto","No existe","II","Dentro","Urbana","S/D","No existe","Recta","Bueno","Buena","Diurna","Buen Tiempo","S/D","S/D","Colisión","S/D","S/D","S/D","Sin restricción"
2014,6140,03/08/2014,"Domingo",0,02:30:00,,"0.0",1,"Automóvil","Av. Eva Peron Y Av. Circunvalacion",3,2,0,0,1,0,0,,"Avenida",,"ROSARIO","Rosario","Asfalto","Pavimento","II","Dentro","Urbana","Ninguna","S/D","Intersección","Otro","Buena","Nocturna","Buen Tiempo","S/D","S/D","Otro","S/D","S/D","Ninguna","Sin restricción"
2014,6141,15/08/2014,"Viernes",0,10:00:00,,"0.0",2,"Moto/Ciclomotor,Automóvil","San Juan 1500",3,2,0,0,1,0,0,,"Calle",,"ROSARIO","Rosario","Asfalto","S/D","II","Dentro","Urbana","Ninguna","S/D","Recta","Bueno","Buena","Diurna","Buen Tiempo","Otro","S/D","Otro","S/D","Faltante","Cordón divisorio","Sin restricción"
2014,6142,30/08/2014,"Sabado",0,07:00:00,,"0.0",2,"Moto/Ciclomotor,Automóvil"," Y De Angelis Bis",3,1,0,0,2,0,0,,"Calle",,"ROSARIO","Rosario","Asfalto","S/D","II","Dentro","Urbana","S/D","S/D","Cruce","Bueno","S/D","Diurna","Buen Tiempo","S/D","S/D","S/D","S/D","S/D","S/D","S/D"
2014,6143,18/08/2014,"Lunes",0,11:00:00,,"0.0",2,"Automóvil,Peatón","Urquiza Y Pueyrredon",2,1,0,0,1,0,0,,"Calle",,"ROSARIO","Rosario","Asfalto","No existe","II","Dentro","Urbana","Ninguna","No existe","Recta","Bueno","Buena","Diurna","Buen Tiempo","S/D","S/D","Atropello","S/D","Vertical","Ninguna","Sin restricción"
2014,6144,15/08/2014,"Viernes",0,13:00:00,,"0.0",2,"Moto/Ciclomotor,Automóvil","Cordoba Y Andreu",2,1,0,0,1,0,0,,"S/D",,"VILLA GOBERNADOR GÁLVEZ","Rosario","Asfalto","No existe","II","S/D","Urbana","Ninguna","No existe","Recta","Bueno","Buena","Diurna","Buen Tiempo","Lateral","S/D","Colisión","S/D","Faltante","Ninguna","Sin restricción"
2014,6145,15/08/2014,"Viernes",0,17:50:00,,"0.0",2,"Moto/Ciclomotor,Automóvil","Talcahuano Y Espora",2,1,0,0,1,0,0,,"Calle",,"SANTA FE","La Capital","S/D","S/D","I","Dentro","Urbana","S/D","S/D","Intersección","S/D","S/D","Diurna","S/D","Lateral","S/D","Colisión","S/D","S/D","S/D","S/D"
2014,6146,06/08/2014,"Miercoles",0,09:00:00,,"0.0",2,"Moto/Ciclomotor,Automóvil","Av Juan Domingo Peron Y Cordoba",2,1,0,0,1,0,0,,"Calle",,"VILLA GOBERNADOR GÁLVEZ","Rosario","Asfalto","No existe","II","S/D","Urbana","Ninguna","No existe","Recta","Bueno","Buena","Diurna","Buen Tiempo","De alcance","S/D","Colisión","S/D","Faltante","Ninguna","Sin restricción"
2014,6147,15/08/2014,"Viernes",0,16:25:00,,"0.0",2,"Moto/Ciclomotor,Taxi/Remis","Alvear Y Mendoza",3,2,0,0,1,0,0,,"Calle",,"ROSARIO","Rosario","Asfalto","S/D","II","Dentro","Urbana","Semáforo","Funciona","Intersección","Bueno","Buena","Diurna","Buen Tiempo","Lateral","S/D","Colisión","S/D","Vertical","Cordón divisorio","Sin restricción"
2014,6148,22/08/2014,"Viernes",0,09:30:00,,"0.0",1,"Transporte de Pasajeros","Cordoba Y Pje. Gould",2,1,0,0,0,0,1,,"Calle",,"ROSARIO","Rosario","Asfalto","No existe","II","S/D","Urbana","Ninguna","S/D","Intersección","Bueno","Buena","Diurna","Buen Tiempo","S/D","S/D","S/D","Ninguna","S/D","S/D","Sin restricción"
2014,6149,10/08/2014,"Domingo",0,00:30:00,,"0.0",2,"Moto/Ciclomotor,Moto/Ciclomotor"," ",4,2,0,0,0,0,2,,"Calle",,"ROSARIO","Rosario","Asfalto","Pavimento","II","Dentro","Urbana","Ninguna","No existe","Intersección","Bueno","Buena","Nocturna","Buen Tiempo","Otro","S/D","Colisión","Agua,Otro","Faltante","Ninguna","Sin restricción"
2014,6150,20/08/2014,"Miercoles",0,,,"0.0",2,"Moto/Ciclomotor,Automóvil","Av. Alberdi Bis Y Pje. Neil",3,2,0,0,1,0,0,,"Calle",,"ROSARIO","Rosario","Asfalto","No existe","II","Dentro","Urbana","S/D","No existe","Intersección","Bueno","Buena","Diurna","Buen Tiempo","Lateral","S/D","Colisión","S/D","Faltante","Cordón divisorio","Sin restricción"
2014,6151,19/08/2014,"Martes",0,07:10:00,,"0.0",2,"Pickup/Utilitario,Automóvil","San Luis Y San Nicolas",5,1,0,0,4,0,0,,"Calle",,"ROSARIO","Rosario","Asfalto","No existe","II","S/D","Urbana","Ninguna","No existe","Intersección","Bueno","Buena","Diurna","Buen Tiempo","Lateral","S/D","Colisión","Ninguna","S/D","S/D","Sin restricción"
2014,6152,22/08/2014,"Viernes",0,20:10:00,,"0.0",2,"Moto/Ciclomotor,Automóvil","Av. Provincias Unidas Y Av. Sorrento",3,1,0,0,2,0,0,,"Calle",,"ROSARIO","Rosario","Asfalto","S/D","II","S/D","Urbana","S/D","S/D","Curva","Bueno","S/D","Nocturna","S/D","S/D","S/D","S/D","S/D","S/D","S/D","S/D"
2014,6153,10/08/2014,"Domingo",0,10:30:00,,"0.0",2,"Moto/Ciclomotor,Otros","Nogues ",2,1,0,0,1,0,0,,"Calle",,"VILLA GOBERNADOR GÁLVEZ","Rosario","Asfalto","No existe","II","S/D","Urbana","Ninguna","No existe","Recta","Bueno","Buena","Diurna","Buen Tiempo","De alcance","S/D","Colisión","S/D","Faltante","Ninguna","Sin restricción"
2014,6154,21/08/2014,"Jueves",0,08:10:00,,"0.0",2,"Bicicleta,Automóvil","J.B.Justo Y Av. Alberdi Bis",2,1,0,0,1,0,0,,"Calle",,"ROSARIO","Rosario","Asfalto","S/D","II","Dentro","Urbana","Semáforo","S/D","Intersección","Bueno","S/D","Diurna","Buen Tiempo","Lateral","S/D","Atropello","S/D","Vertical","Cordón divisorio","Sin restricción"
2014,6155,15/08/2014,"Viernes",0,14:40:00,,"0.0",2,"Moto/Ciclomotor,Peatón","Santa Fe Y España",2,2,0,0,0,0,0,,"Calle",,"ROSARIO","Rosario","Asfalto","S/D","II","Dentro","Urbana","Semáforo","Funciona","Intersección","Bueno","Buena","Diurna","Buen Tiempo","Otro","S/D","Atropello","S/D","Vertical","Cordón divisorio","Sin restricción"
2014,6156,08/08/2014,"Viernes",0,07:10:00,,"0.0",2,"Moto/Ciclomotor,Automóvil","Velez Sarsfield Y Av. Provincias Unidas",2,1,0,0,1,0,0,,"Avenida",,"ROSARIO","Rosario","Asfalto","Pavimento","II","Dentro","Urbana","S/D","S/D","Intersección","S/D","Buena","Diurna","Buen Tiempo","Otro","S/D","Colisión","S/D","S/D","S/D","Sin restricción"
2014,6157,14/08/2014,"Jueves",0,21:15:00,,"0.0",2,"Automóvil,Otros","3 De Febrero Y Bv. Avellaneda",2,1,0,0,0,0,1,,"Calle",,"ROSARIO","Rosario","Asfalto","No existe","II","S/D","Urbana","Ninguna","No existe","Intersección","Bueno","Buena","Nocturna","Buen Tiempo","Frontal","S/D","Colisión","Ninguna","S/D","S/D","Sin restricción"
2014,6158,02/08/2014,"Sabado",0,20:10:00,,"0.0",2,"Automóvil,Automóvil","COLECTORA 25 DE MAYO 2500",3,1,0,0,2,0,0,,"Calle",,"ROSARIO","Rosario","Asfalto","Natural","II","Dentro","Urbana","S/D","S/D","Intersección","Bueno","Buena","Nocturna","Buen Tiempo","Lateral","S/D","Colisión","S/D","Vertical","Ninguna","Sin restricción"
2014,6159,21/08/2014,"Jueves",0,16:10:00,,"0.0",2,"Automóvil,Peatón","Dr.D.Peña 680",2,1,0,0,1,0,0,,"Calle",,"ROSARIO","Rosario","Asfalto","No existe","II","Dentro","Urbana","Ninguna","No existe","Recta","Bueno","Buena","Diurna","Buen Tiempo","S/D","S/D","Atropello","S/D","Faltante","Ninguna","Sin restricción"
2014,6160,11/08/2014,"Lunes",0,16:00:00,,"0.0",2,"Moto/Ciclomotor,Automóvil","Av Juan Domingo Peron Y Dorrego",2,1,0,0,1,0,0,,"Calle",,"VILLA GOBERNADOR GÁLVEZ","Rosario","Asfalto","No existe","II","S/D","Urbana","Ninguna","No existe","Recta","S/D","Buena","Diurna","Buen Tiempo","De alcance","S/D","Colisión","S/D","Faltante","Ninguna","Sin restricción"
2014,6161,08/08/2014,"Viernes",0,18:00:00,,"0.0",2,"Moto/Ciclomotor,Automóvil","Arevalo Y J.J.Paso",3,1,0,0,2,0,0,,"Calle",,"ROSARIO","Rosario","Asfalto","Pavimento","II","Dentro","Urbana","Ninguna","No existe","Intersección","Bueno","Buena","Atardecer","Buen Tiempo","Otro","S/D","Colisión","S/D","S/D","Ninguna","Sin restricción"
2014,6162,07/08/2014,"Jueves",0,20:50:00,,"0.0",2,"Automóvil,Bicicleta","Av. Pellegrini Y Lima",2,1,0,0,1,0,0,,"Avenida",,"ROSARIO","Rosario","S/D","S/D","II","S/D","Urbana","S/D","S/D","Intersección","S/D","S/D","Nocturna","S/D","S/D","S/D","Atropello","S/D","S/D","S/D","S/D"
2014,6163,13/08/2014,"Miercoles",0,11:00:00,,"0.0",3,"Automóvil,Automóvil,Peatón","M.Perdriel Y Pizurno",3,2,0,0,1,0,0,,"Calle",,"ROSARIO","Rosario","Asfalto","No existe","II","Dentro","Urbana","Ninguna","No existe","Intersección","Bueno","Buena","Diurna","Buen Tiempo","S/D","S/D","Atropello","S/D","Faltante","Ninguna","Sin restricción"
2014,6164,04/08/2014,"Lunes",0,09:15:00,,"0.0",2,"Moto/Ciclomotor,Bicicleta","Soldado Aguirre Y Rosario",2,1,0,0,1,0,0,,"S/D",,"VILLA GOBERNADOR GÁLVEZ","Rosario","Asfalto","No existe","II","S/D","Urbana","Ninguna","No funciona","Intersección","Bueno","Buena","Diurna","Buen Tiempo","S/D","S/D","Atropello","Ninguna","Faltante","Ninguna","Sin restricción"
2014,6165,14/08/2014,"Jueves",0,16:35:00,,"0.0",2,"Automóvil,Moto/Ciclomotor","Paraguay Y San Luis",2,1,0,0,1,0,0,,"Calle",,"ROSARIO","Rosario","Asfalto","S/D","II","Dentro","Urbana","Semáforo","Funciona","Intersección","Bueno","Buena","Diurna","Buen Tiempo","Lateral","S/D","Colisión","S/D","Vertical","Cordón divisorio","Sin restricción"
2014,6166,31/08/2014,"Domingo",0,12:30:00,,"0.0",2,"Pickup/Utilitario,Automóvil","Pueyrredon Y E.Zeballos",2,1,0,0,1,0,0,,"Calle",,"ROSARIO","Rosario","Asfalto","No existe","II","S/D","Urbana","S/D","No existe","Intersección","Bueno","Buena","Diurna","Buen Tiempo","Lateral","S/D","Colisión","Ninguna","S/D","S/D","Sin restricción"
2014,6167,22/08/2014,"Viernes",0,15:30:00,,"0.0",2,"Peatón,Automóvil","Av. Eudoro Carrasco Y Escauriza",2,1,0,0,1,0,0,,"Calle",,"ROSARIO","Rosario","Asfalto","No existe","II","Dentro","Urbana","Ninguna","No existe","Recta","Bueno","Buena","Diurna","Buen Tiempo","S/D","S/D","Atropello","Ninguna","Faltante","Ninguna","Sin restricción"
2014,6168,27/08/2014,"Miercoles",0,17:00:00,,"0.0",3,"Automóvil,Automóvil,Automóvil","Alberdi Y Gorriti",3,2,0,0,1,0,0,,"Calle",,"ROSARIO","Rosario","S/D","S/D","II","S/D","Urbana","S/D","Funciona","Recta","S/D","S/D","Diurna","S/D","S/D","S/D","S/D","S/D","S/D","S/D","S/D"
2014,6169,10/08/2014,"Domingo",0,,,"0.0",2,"Automóvil,Moto/Ciclomotor","Palliere 2900",3,0,0,0,0,0,3,,"Calle",,"ROSARIO","Rosario","Asfalto","No existe","II","Dentro","Urbana","Ninguna","No existe","Intersección","Bueno","Buena","Diurna","Buen Tiempo","S/D","S/D","Colisión","S/D","S/D","S/D","S/D"
2014,6170,23/08/2014,"Sabado",0,20:15:00,,"0.0",2,"Peatón,Moto/Ciclomotor","Estanislao Zeballos 3875",2,0,0,0,0,0,2,"-31.601861111111,-60.711166666667","Avenida",,"SANTA FE","La Capital","S/D","S/D","I","S/D","S/D","S/D","S/D","S/D","S/D","S/D","Nocturna","S/D","S/D","S/D","Atropello","S/D","S/D","S/D","S/D"
2014,6171,13/08/2014,"Miercoles",0,19:30:00,,"0.0",2,"Automóvil,Automóvil","9 De Julio Y Lavalle",6,4,0,0,2,0,0,,"Calle",,"ROSARIO","Rosario","Asfalto","No existe","I","S/D","Urbana","Ninguna","No existe","Intersección","Bueno","S/D","Atardecer","Buen Tiempo","Lateral","S/D","Colisión","Agua","S/D","S/D","Sin restricción"