"anio_acci","nro_acci","fecha","desc_dia","fecha_aprox","hora_aprox","desc_ruta","km","cant_participantes","desc_participante","calle_avenida_km","total","heridos_leves","heridos_graves","heridos_gravisimos","ilesos","fallecidos","sin_datos","posicion_XY","desc_tipo_via","desc_ruta_ori","desc_loc","desc_dpto","desc_tipo_calzada","desc_tipo_banquina","desc_unidad_regional","desc_lugar_calzada","desc_zona","desc_prioridad","desc_estado_semaforo","desc_lugar_via","desc_estado_via","desc_estado_visibilidad","desc_luminosidad","desc_estado_clima","desc_tipo_colision","desc_tipo_atropello","desc_tipo_hecho","desc_pres_calzada","desc_senializacion","desc_separacion_via","desc_restriccion"
2014,6172,25/08/2014,"Lunes",0,08:20:00,,"0.0",2,"Taxi/Remis,Moto/Ciclomotor","Medrano Y Blas Parera",2,1,0,0,1,0,0,,"Calle",,"ROSARIO","Rosario","Asfalto","No existe","II","Dentro","Urbana","Ninguna","No existe","Intersección","Bueno","Buena","Diurna","Buen Tiempo","Frontal","S/D","Colisión","Ninguna","Faltante","Ninguna","Sin restricción"
2014,6173,31/08/2014,"Domingo",0,12:00:00,,"0.0",2,"Automóvil,Moto/Ciclomotor","Ing Mosconi Y Av Caferata",2,1,0,0,1,0,0,,"S/D",,"VILLA GOBERNADOR GÁLVEZ","Rosario","S/D","No existe","II","S/D","Urbana","Ninguna","No existe","Recta","Bueno","Buena","Diurna","Buen Tiempo","S/D","S/D","Colisión","Ninguna","Faltante","Ninguna","Sin restricción"
2014,6174,13/08/2014,"Miercoles",0,10:05:00,,"0.0",2,"Automóvil,Peatón","Dorrego Y E.Zeballos",2,1,0,0,1,0,0,,"Calle",,"ROSARIO","Rosario","Asfalto","S/D","II","Dentro","Urbana","Ninguna","No existe","Intersección","Bueno","Buena","Diurna","Buen Tiempo","S/D","S/D","Atropello","S/D","Faltante","Cordón divisorio","Sin restricción"
2014,6175,18/08/2014,"Lunes",0,18:15:00,,"0.0",2,"Bicicleta,Automóvil","Solis Y Tucuman",2,1,0,0,1,0,0,,"Calle",,"ROSARIO","Rosario","S/D","No existe","II","Dentro","Urbana","Ninguna","No existe","Intersección","S/D","S/D","Diurna","S/D","S/D","S/D","Atropello","S/D","Horizontal,Vertical","Ninguna","Sin restricción"
2014,6176,15/08/2014,"Viernes",0,20:10:00,,"0.0",2,"Camión,Otros","Bv. Bouchard Y Gazcon",2,1,0,0,1,0,0,,"Calle",,"ROSARIO","Rosario","S/D","S/D","II","Dentro","Urbana","S/D","S/D","S/D","S/D","S/D","Atardecer","S/D","S/D","S/D","Colisión","S/D","S/D","S/D","S/D"
2014,6177,23/08/2014,"Sabado",0,14:00:00,,"0.0",3,"Automóvil,Automóvil,Automóvil","Velez Sarsfield 600",3,1,0,0,1,0,1,,"Calle",,"ROSARIO","Rosario","S/D","S/D","II","S/D","Urbana","S/D","Funciona","S/D","S/D","S/D","Diurna","S/D","S/D","S/D","S/D","S/D","S/D","S/D","S/D"
2014,6178,23/08/2014,"Sabado",0,18:50:00,,"0.0",2,"Automóvil,Moto/Ciclomotor","J P Lopez Y Dr Zavalla",3,0,0,0,0,0,3,,"Calle",,"SANTA FE","La Capital","S/D","S/D","I","S/D","S/D","S/D","S/D","S/D","S/D","S/D","Diurna","S/D","S/D","S/D","S/D","S/D","S/D","S/D","S/D"
2014,6179,29/08/2014,"Viernes",0,06:40:00,,"0.0",2,"Automóvil,Moto/Ciclomotor","Av Filipini 1300",2,1,0,0,1,0,0,,"Avenida",,"VILLA GOBERNADOR GÁLVEZ","Rosario","Asfalto","No existe","II","S/D","Urbana","Ninguna","No existe","Recta","Bueno","Buena","Amanecer,Con luz artificial","Buen Tiempo","S/D","S/D","Colisión","Ninguna","Faltante","Ninguna","Sin restricción"
2014,6180,16/08/2014,"Sabado",0,21:41:00,,"0.0",2,"Moto/Ciclomotor,Automóvil","Camilo Aldao 419 B",3,1,0,0,2,0,0,,"Calle",,"ROSARIO","Rosario","Asfalto","No existe","II","Dentro","Urbana","Ninguna","No existe","Recta","S/D","Buena","Nocturna","S/D","Lateral","S/D","Colisión","S/D","S/D","Ninguna","Sin restricción"
2014,6181,21/08/2014,"Jueves",0,12:45:00,,"0.0",2,"Automóvil,Bicicleta","Alvear Y Reg 12 de Infanteria",2,1,0,0,1,0,0,"-31.599638888889,-60.685555555556","Calle",,"SANTA FE","La Capital","S/D","S/D","I","Dentro","Urbana","S/D","S/D","Intersección","S/D","S/D","Diurna","S/D","S/D","S/D","Atropello","S/D","S/D","S/D","S/D"
2014,6182,06/08/2014,"Miercoles",0,07:00:00,,"0.0",2,"Camión,Moto/Ciclomotor","Cordoba Y Lima",2,1,0,0,1,0,0,,"Calle",,"ROSARIO","Rosario","Asfalto","No existe","II","S/D","Urbana","Ninguna","No existe","Intersección","Bueno","Buena","Diurna","Buen Tiempo","Lateral","S/D","Colisión","Ninguna","S/D","S/D","Sin restricción"
2014,6183,21/08/2014,"Jueves",0,15:30:00,,"0.0",2,"Automóvil,Moto/Ciclomotor","Pueyrredon Y Uriburu",3,2,0,0,1,0,0,,"Calle",,"FIGHIERA","Rosario","Asfalto","No existe","II","Dentro","Urbana","Ninguna","No existe","Intersección","Bueno","Buena","Diurna","Buen Tiempo","Lateral","S/D","Colisión","S/D","Faltante","Ninguna","Sin restricción"
2014,6184,18/08/2014,"Lunes",0,14:14:00,,"0.0",2,"Automóvil,Moto/Ciclomotor","Av. Sorrento Y Av. Casiano Casas",3,1,0,0,2,0,0,,"Avenida",,"ROSARIO","Rosario","Asfalto","No existe","II","Dentro","Urbana","Semáforo","Funciona","Intersección","Bueno","Buena","Diurna","Buen Tiempo","Frontal","S/D","Colisión","Ninguna","Vertical","Ninguna","Sin restricción"
2014,6186,11/08/2014,"Lunes",0,15:00:00,,"0.0",2,"Moto/Ciclomotor,Automóvil","Bv. Oroño Y 3 De Febrero",3,1,0,0,2,0,0,,"Calle",,"ROSARIO","Rosario","Asfalto","S/D","II","Dentro","Urbana","Semáforo","Funciona","Intersección","Bueno","Buena","Diurna","Buen Tiempo","Frontal","S/D","Colisión","S/D","Vertical","Cordón divisorio","Sin restricción"
2014,6187,08/08/2014,"Viernes",0,20:10:00,,"0.0",1,"Moto/Ciclomotor","Av. Pellegrini Y San Nicolas",1,1,0,0,0,0,0,,"Calle",,"ROSARIO","Rosario","Asfalto","No existe","II","S/D","Urbana","S/D","S/D","Intersección","Bueno","Buena","Diurna","Buen Tiempo","S/D","S/D","S/D","Ninguna","S/D","S/D","Sin restricción"
2014,6188,19/08/2014,"Martes",0,,,"0.0",2,"Moto/Ciclomotor,Automóvil","Av. Alberti Y Bv. Avellaneda",2,1,0,0,1,0,0,,"Calle",,"ROSARIO","Rosario","Asfalto","S/D","II","S/D","Urbana","S/D","S/D","Recta","Bueno","S/D","S/D","S/D","S/D","S/D","S/D","S/D","S/D","S/D","S/D"
2014,6189,15/08/2014,"Viernes",0,12:00:00,,"0.0",2,"Automóvil,Transporte de Pasajeros Urbano (> 8 asientos)","Av. Francia Y San Luis",2,1,0,0,1,0,0,,"Calle",,"ROSARIO","Rosario","Asfalto","No existe","II","S/D","Urbana","Ninguna","S/D","Intersección","Bueno","Buena","Diurna","Buen Tiempo","S/D","S/D","Colisión","Ninguna","S/D","S/D","Sin restricción"
2014,6190,27/08/2014,"Miercoles",0,12:40:00,,"0.0",2,"Moto/Ciclomotor,Automóvil","Anibal Maffei Y Cavour",2,1,0,0,0,0,1,,"Calle",,"ARROYO SECO","Rosario","Asfalto","S/D","II","Dentro","Urbana","Ninguna","S/D","Intersección","Bueno","Buena","Diurna","Buen Tiempo","Lateral","S/D","Colisión","S/D","S/D","Ninguna","Sin restricción"
2014,6191,24/08/2014,"Domingo",0,10:00:00,,"0.0",2,"Peatón,Moto/Ciclomotor","San Nicolas Y Pje 6",2,1,0,0,1,0,0,,"S/D",,"VILLA GOBERNADOR GÁLVEZ","Rosario","Tierra","No existe","II","S/D","Urbana","Ninguna","No existe","Intersección","Deteriorada","Buena","Diurna","Buen Tiempo","S/D","S/D","Atropello","Ninguna","Faltante","Ninguna","Sin restricción"
2014,6192,20/08/2014,"Miercoles",0,17:10:00,,"0.0",2,"Moto/Ciclomotor,Pickup/Utilitario","Casilda Y Larrea",3,2,0,0,1,0,0,,"Calle",,"ROSARIO","Rosario","S/D","No existe","II","S/D","Urbana","S/D","No existe","Intersección","S/D","S/D","Diurna","Buen Tiempo","Lateral","S/D","Colisión","S/D","S/D","S/D","S/D"
2014,6193,29/08/2014,"Viernes",0,05:10:00,,"0.0",2,"Automóvil,Automóvil","Bv. Rondeau Y Baigorria",2,1,0,0,1,0,0,,"Avenida",,"ROSARIO","Rosario","Asfalto","No existe","II","Dentro","Urbana","Semáforo","Funciona","Recta","Bueno","Buena","Amanecer","Buen Tiempo","Lateral","S/D","Colisión","S/D","Vertical","Cordón divisorio","Sin restricción"
2014,6194,22/08/2014,"Viernes",0,14:00:00,,"0.0",2,"Moto/Ciclomotor,Moto/Ciclomotor","25 de Mayo Y Larrea",3,1,0,0,2,0,0,,"Calle",,"SANTA FE","La Capital","Asfalto","S/D","I","Dentro","Urbana","S/D","S/D","Intersección","Bueno","S/D","Diurna","S/D","Lateral","S/D","Colisión","S/D","S/D","S/D","S/D"
2014,6195,25/08/2014,"Lunes",0,21:15:00,,"0.0",2,"Moto/Ciclomotor,Automóvil","E.Zeballos Y San Nicolas",3,1,0,0,2,0,0,,"Calle",,"ROSARIO","Rosario","Asfalto","No existe","II","S/D","Urbana","Ninguna","No existe","Intersección","Bueno","Buena","Nocturna","Buen Tiempo","S/D","S/D","Colisión","Ninguna","S/D","S/D","Sin restricción"
2014,6196,08/08/2014,"Viernes",0,16:50:00,,"0.0",2,"Moto/Ciclomotor,Automóvil","9 de Julio Y Mariano Moreno",2,1,0,0,1,0,0,,"Calle",,"ARROYO SECO","Rosario","Hormigón","Natural","II","Dentro","Urbana","Ninguna","No existe","Intersección","Bueno","Buena","Diurna","Buen Tiempo","Lateral","S/D","Colisión","S/D","S/D","Ninguna","Sin restricción"
2014,6197,14/08/2014,"Jueves",0,18:10:00,,"0.0",2,"Moto/Ciclomotor,Automóvil","Av Freyre Y La Rioja",3,2,0,0,1,0,0,,"Avenida",,"SANTA FE","La Capital","S/D","S/D","I","S/D","Urbana","S/D","S/D","S/D","S/D","S/D","Diurna","S/D","S/D","S/D","S/D","S/D","S/D","S/D","S/D"
2014,6198,16/08/2014,"Sabado",0,13:30:00,,"0.0",2,"Automóvil,Automóvil","Bv. Avellaneda Y Av. Pellegrini",2,1,0,0,1,0,0,,"Calle",,"ROSARIO","Rosario","Asfalto","No existe","II","S/D","Urbana","Ninguna","Funciona","Intersección","Bueno","Buena","Diurna","Buen Tiempo","De alcance","S/D","Colisión","Ninguna","S/D","S/D","Sin restricción"
2014,6199,19/08/2014,"Martes",0,12:15:00,,"0.0",2,"Peatón,Automóvil","Av. Sorrento Y Renan",2,1,0,0,1,0,0,,"Calle",,"ROSARIO","Rosario","Asfalto","No existe","II","Dentro","Urbana","Ninguna","No existe","Intersección","Bueno","Buena","Diurna","Buen Tiempo","S/D","S/D","Atropello","Ninguna","Faltante","Ninguna","Sin restricción"
2014,6200,22/08/2014,"Viernes",0,13:20:00,,"0.0",2,"Automóvil,Moto/Ciclomotor","Ayacucho Y Avellaneda",2,2,0,0,0,0,0,,"Calle",,"SANTA FE","La Capital","Asfalto","S/D","I","Dentro","Urbana","S/D","S/D","Intersección","Bueno","Buena","Diurna","S/D","Lateral","S/D","Colisión","Ninguna","S/D","S/D","S/D"
2014,6201,22/08/2014,"Viernes",0,,,"0.0",2,"Moto/Ciclomotor,Transporte de Pasajeros Larga Distancia (> 8 asientos)","Donado 290",3,1,0,0,2,0,0,,"Calle",,"ROSARIO","Rosario","Asfalto","S/D","II","S/D","S/D","S/D","S/D","Recta","Bueno","Buena","S/D","S/D","S/D","S/D","Colisión","S/D","S/D","S/D","S/D"
2014,6202,26/08/2014,"Martes",0,13:30:00,,"0.0",2,"Automóvil,Moto/Ciclomotor","Av Filipini Y Ing Mosconi",2,1,0,0,0,0,1,,"S/D",,"VILLA GOBERNADOR GÁLVEZ","Rosario","Asfalto","No existe","II","S/D","Urbana","Semáforo","Funciona","Intersección","Bueno","Buena","Diurna","Buen Tiempo","S/D","S/D","Colisión","Ninguna","Vertical","Ninguna","Sin restricción"
2014,6203,26/08/2014,"Martes",0,21:35:00,,"0.0",2,"Automóvil,Moto/Ciclomotor","Diaz Velez Y Pje. Caggiano",3,2,0,0,1,0,0,,"Calle",,"ROSARIO","Rosario","S/D","S/D","II","S/D","Urbana","S/D","S/D","Intersección","S/D","S/D","Nocturna","S/D","S/D","S/D","S/D","S/D","S/D","S/D","S/D"
2014,6204,15/08/2014,"Viernes",0,12:30:00,,"0.0",2,"Automóvil,Moto/Ciclomotor","Iriondo Y Montevideo",3,2,0,0,1,0,0,,"Calle",,"ROSARIO","Rosario","Asfalto","No existe","II","S/D","Urbana","Ninguna","S/D","Intersección","Bueno","Buena","Diurna","Buen Tiempo","Lateral","S/D","Colisión","Ninguna","S/D","Ninguna","Sin restricción"
2014,6205,22/08/2014,"Viernes",0,19:15:00,,"0.0",2,"Moto/Ciclomotor,Automóvil","P.L.Funes Y French",2,1,0,0,1,0,0,,"Calle",,"ROSARIO","Rosario","Asfalto","S/D","II","S/D","Urbana","S/D","S/D","Recta","Con baches","S/D","Atardecer","S/D","S/D","S/D","Colisión","S/D","S/D","S/D","S/D"
2014,6206,04/08/2014,"Lunes",0,20:00:00,,"0.0",2,"Moto/Ciclomotor,Automóvil","Juarez Celman Y Cardozo",2,1,0,0,1,0,0,,"Calle",,"ARROYO SECO","Rosario","Hormigón","S/D","II","Dentro","Urbana","Ninguna","S/D","Intersección","Bueno","Buena","Atardecer","Buen Tiempo","Lateral","S/D","Colisión","S/D","S/D","Ninguna","Sin restricción"
2014,6207,02/08/2014,"Sabado",0,20:00:00,,"0.0",2,"Moto/Ciclomotor,Automóvil","Av Candioti 2400",2,1,0,0,1,0,0,,"Avenida",,"LAGUNA PAIVA","La Capital","Ripio","No existe","I","S/D","Urbana","Ninguna","No existe","Recta","Bueno","Buena","Nocturna,Con luz artificial","Buen Tiempo","De alcance","S/D","Colisión","Material Suelto","Faltante","Ninguna","Sin restricción"
2014,6208,04/08/2014,"Lunes",0,04:20:00,,"0.0",1,"Moto/Ciclomotor","Av. Corrientes 700",2,2,0,0,0,0,0,,"Calle",,"ROSARIO","Rosario","Asfalto","S/D","II","Dentro","Urbana","Semáforo","Funciona","Recta","Bueno","Buena","Nocturna,Con luz artificial","Buen Tiempo","Otro","S/D","Caída ocupante","S/D","Vertical","Cordón divisorio","Sin restricción"
2014,6209,23/08/2014,"Sabado",0,19:45:00,,"0.0",2,"Moto/Ciclomotor,Automóvil","Juan B Justo Y Alberdi",2,1,0,0,1,0,0,,"S/D",,"VILLA GOBERNADOR GÁLVEZ","Rosario","Asfalto","No existe","II","S/D","S/D","Ninguna","No existe","Intersección","Bueno","Buena","Atardecer","Buen Tiempo","S/D","S/D","Colisión","Ninguna","Faltante","Ninguna","Sin restricción"
2014,6210,15/08/2014,"Viernes",0,14:20:00,,"0.0",2,"Automóvil,Automóvil","E.Zeballos Y Lima",2,1,0,0,1,0,0,,"Calle",,"ROSARIO","Rosario","Asfalto","No existe","II","S/D","Urbana","Ninguna","S/D","Intersección","Bueno","Buena","Diurna","Buen Tiempo","Lateral","S/D","Colisión","Ninguna","S/D","S/D","Sin restricción"
2014,6211,27/08/2014,"Miercoles",0,,,"0.0",2,"Automóvil,Automóvil","Av. Luis Carballo Y Bv. Avellaneda",2,1,0,0,1,0,0,,"Avenida",,"ROSARIO","Rosario","S/D","S/D","II","S/D","Urbana","S/D","S/D","Intersección","S/D","S/D","S/D","S/D","S/D","S/D","S/D","S/D","S/D","S/D","S/D"
2014,6212,15/08/2014,"Viernes",0,06:00:00,,"0.0",2,"Transporte de Pasajeros Urbano (> 8 asientos),Moto/Ciclomotor","Mendoza Y Cafferata",2,1,0,0,1,0,0,,"Calle",,"ROSARIO","Rosario","Asfalto","No existe","II","S/D","Urbana","Ninguna","S/D","Intersección","Bueno","Buena","Amanecer","Buen Tiempo","Lateral","S/D","Colisión","Ninguna","S/D","S/D","Sin restricción"
2014,6213,05/08/2014,"Martes",0,18:00:00,,"0.0",2,"Moto/Ciclomotor,Automóvil","Bv. Oroño Y San Juan",2,1,0,0,1,0,0,,"Calle",,"ROSARIO","Rosario","Asfalto","S/D","II","Dentro","Urbana","Semáforo","Funciona","Intersección","Bueno","Buena","Nocturna,Con luz artificial","Buen Tiempo","Lateral","S/D","Colisión","S/D","Vertical","Cordón divisorio","Sin restricción"
2014,6214,04/08/2014,"Lunes",0,05:40:00,,"0.0",2,"Moto/Ciclomotor,Automóvil","Garibaldi Y Domingo Faustino Sarmiento Bis",2,1,0,0,0,0,1,,"Calle",,"ARROYO SECO","Rosario","Hormigón","S/D","II","Dentro","Urbana","Ninguna","No existe","Intersección","Bueno","Buena","Amanecer","Buen Tiempo","Lateral","S/D","Colisión","S/D","S/D","Ninguna","Sin restricción"
2014,6215,26/08/2014,"Martes",0,14:10:00,,"0.0",2,"Bicicleta,Automóvil","Salta Y Vera Mujica",2,1,0,0,1,0,0,,"Calle",,"ROSARIO","Rosario","Asfalto","S/D","II","Dentro","Urbana","Semáforo","Funciona","Recta","Bueno","Buena","Diurna","Buen Tiempo","S/D","S/D","Atropello","S/D","Vertical","Línea divisoria pintada","Sin restricción"
2014,6216,27/08/2014,"Miercoles",0,09:00:00,,"0.0",2,"Bicicleta,Automóvil","Salta Y Suipacha",2,1,0,0,1,0,0,,"Calle",,"ROSARIO","Rosario","Asfalto","No existe","II","S/D","Urbana","Semáforo","Funciona","Recta","Bueno","Buena","Diurna","Buen Tiempo","S/D","S/D","Atropello","Otro","Vertical","Ninguna","Sin restricción"
2014,6217,24/08/2014,"Domingo",0,22:15:00,,"0.0",2,"Automóvil,Automóvil","Ricchieri Y Urquiza",2,1,0,0,1,0,0,,"Calle",,"ROSARIO","Rosario","Asfalto","No existe","II","S/D","Urbana","Ninguna","No existe","Recta","Bueno","Buena","Nocturna","Buen Tiempo","Otro","S/D","Colisión","Otro","Faltante","Ninguna","Sin restricción"
2014,6218,04/08/2014,"Lunes",0,16:10:00,,"0.0",2,"Moto/Ciclomotor,Automóvil","Juan B Justo Y Av Gral San Martin",2,1,0,0,1,0,0,,"Calle",,"VILLA GOBERNADOR GÁLVEZ","Rosario","Asfalto","No existe","II","Dentro","Urbana","Semáforo","Funciona","Recta","Bueno","Buena","Diurna","Otro","Frontal","S/D","Colisión","Ninguna","Faltante","Ninguna","Sin restricción"
2014,6219,05/08/2014,"Martes",0,09:40:00,,"0.0",2,"Automóvil,Moto/Ciclomotor","Cordoba 3800",3,1,0,0,2,0,0,,"Calle",,"ROSARIO","Rosario","Asfalto","No existe","II","S/D","Urbana","Ninguna","S/D","S/D","Bueno","Buena","Diurna","Buen Tiempo","Lateral","S/D","Colisión","Ninguna","S/D","S/D","Sin restricción"
2014,6220,16/08/2014,"Sabado",0,12:15:00,,"0.0",2,"Automóvil,Moto/Ciclomotor","Bv. Avellaneda Y San Lorenzo",2,1,0,0,1,0,0,,"Calle",,"ROSARIO","Rosario","Asfalto","No existe","II","S/D","Urbana","Semáforo","Funciona","Recta","Bueno","Buena","Diurna","Buen Tiempo","Otro","S/D","Colisión","Otro","Vertical","Ninguna","Sin restricción"
2014,6221,19/08/2014,"Martes",0,11:40:00,,"0.0",2,"Pickup/Utilitario,Peatón","Av Almte Brown 7398",2,1,0,0,1,0,0,"-31.605888888889,-60.665833333333","Avenida",,"SANTA FE","La Capital","Asfalto","S/D","I","Dentro","Urbana","S/D","S/D","Intersección","Bueno","Buena","Diurna","S/D","S/D","S/D","Atropello","Ninguna","S/D","S/D","S/D"
2014,6222,09/08/2014,"Sabado",0,18:55:00,"Autopista Nacional Gral. Juan Jose Valle","273.0",2,"Automóvil,Automóvil"," ",3,1,0,0,2,0,0,,"Autopista","Gral. Juan Jose Valle","GENERAL LAGOS","Rosario","Asfalto","Natural","II","Dentro","Rural","Ninguna","No existe","Recta","Bueno","Buena","Atardecer","Buen Tiempo","De alcance","S/D","Colisión","S/D","Vertical","Vegetación","Sin restricción"
2014,6223,03/08/2014,"Domingo",0,19:00:00,,"0.0",2,"Moto/Ciclomotor,Automóvil","Av Juan Domingo Peron Y La Rioja",2,1,0,0,1,0,0,,"Calle",,"VILLA GOBERNADOR GÁLVEZ","Rosario","Asfalto","No existe","II","Dentro","Urbana","Ninguna","No existe","Recta","Bueno","Buena","Nocturna","Buen Tiempo","Lateral","S/D","Colisión","S/D","Faltante","Ninguna","Sin restricción"
2014,6224,02/08/2014,"Sabado",0,11:20:00,,"0.0",2,"Camión,Automóvil","9 De Julio Y Ricchieri",3,2,0,0,1,0,0,,"Calle",,"ROSARIO","Rosario","Asfalto","No existe","II","S/D","Urbana","Ninguna","S/D","Intersección","Bueno","Buena","Diurna","Buen Tiempo","Lateral","S/D","Colisión","Ninguna","S/D","S/D","Sin restricción"
2014,6225,02/08/2014,"Sabado",0,00:35:00,,"0.0",2,"Moto/Ciclomotor,Automóvil","Av Gral San Martin Y Emilio Zola",2,1,0,0,1,0,0,,"Calle",,"VILLA GOBERNADOR GÁLVEZ","Rosario","Asfalto","No existe","II","Dentro","Urbana","Semáforo","Funciona","Curva","Bueno","Buena","Diurna","Buen Tiempo","Lateral","S/D","Colisión","S/D","Faltante","Ninguna","Sin restricción"
2014,6226,12/08/2014,"Martes",0,16:00:00,,"0.0",2,"Automóvil,Automóvil"," ",2,1,0,0,1,0,0,,"S/D",,"PUEBLO ESTHER","Rosario","Asfalto","Natural","II","S/D","Urbana","Ninguna","No existe","Cruce","Bueno","Buena","Diurna","Buen Tiempo","De alcance","S/D","Colisión","Ninguna","Faltante","Línea divisoria pintada","Sin restricción"
2014,6227,02/08/2014,"Sabado",0,23:40:00,,"0.0",2,"Automóvil,Moto/Ciclomotor","Av L de la Torre 2500",2,1,0,0,1,0,0,,"Avenida",,"LAGUNA PAIVA","La Capital","Asfalto","Natural","I","Dentro","Urbana","Ninguna","No existe","Recta","Bueno","Buena","Nocturna,Con luz artificial","Buen Tiempo","Lateral","S/D","Colisión","S/D","Faltante","Ninguna","Sin restricción"
2014,6228,07/08/2014,"Jueves",0,19:00:00,,"0.0",2,"Automóvil,Moto/Ciclomotor","Tucuman Y Rodo",3,3,0,0,0,0,0,,"Calle",,"ROSARIO","Rosario","Asfalto","Natural","II","S/D","Urbana","Ninguna","No existe","Curva","Bueno","Buena","Atardecer","Buen Tiempo","Lateral","S/D","Colisión","Ninguna","Faltante","S/D","Sin restricción"
2014,6229,19/08/2014,"Martes",0,12:05:00,,"0.0",2,"Moto/Ciclomotor,Otros"," ",2,1,0,0,0,0,1,,"Calle",,"PUEBLO ESTHER","Rosario","Ripio","No existe","II","Dentro","Urbana","Ninguna","No existe","Recta","Deteriorada","Buena","Diurna","Buen Tiempo","Lateral","S/D","Colisión","Ninguna","Faltante","Ninguna","Sin restricción"
2014,6230,01/08/2014,"Viernes",0,16:00:00,,"0.0",2,"Automóvil,Automóvil","Av Filipini Y Balcarce",2,1,0,0,1,0,0,,"S/D",,"VILLA GOBERNADOR GÁLVEZ","Rosario","Asfalto","No existe","II","S/D","Urbana","Ninguna","No existe","Intersección","Bueno","Buena","Diurna","Buen Tiempo","S/D","S/D","Colisión","Ninguna","Faltante","Ninguna","Sin restricción"
2014,6231,07/08/2014,"Jueves",0,20:30:00,,"0.0",2,"Moto/Ciclomotor,Moto/Ciclomotor"," ",2,1,0,0,1,0,0,,"S/D",,"PUEBLO ESTHER","Rosario","Asfalto","Pavimento","II","S/D","S/D","Ninguna","No existe","Intersección","Bueno","Buena","Nocturna","Buen Tiempo","Otro","S/D","Colisión","Ninguna","Faltante","Línea divisoria pintada","Sin restricción"
2014,6232,07/08/2014,"Jueves",0,19:00:00,,"0.0",2,"Peatón,Automóvil","San Luis Y Mitre",2,1,0,0,1,0,0,,"Calle",,"ROSARIO","Rosario","Asfalto","S/D","II","Dentro","Urbana","Ninguna","No existe","Intersección","Bueno","Buena","Atardecer","Buen Tiempo","Otro","S/D","Atropello","S/D","Faltante","Cordón divisorio","Sin restricción"
2014,6233,21/08/2014,"Jueves",0,00:30:00,"Autopista Nacional A009","278.1",1,"Moto/Ciclomotor"," ",1,1,0,0,0,0,0,,"Autopista","A009","ALVEAR","Rosario","Asfalto","Pavimento","II","Dentro","Rural","Ninguna","No existe","Intersección","Otro","Reducida","Nocturna","Buen Tiempo","S/D","S/D","Otro","S/D","Vertical","Línea divisoria pintada","Sin restricción"
2014,6234,02/08/2014,"Sabado",0,20:10:00,,"0.0",2,"Moto/Ciclomotor,Moto/Ciclomotor","MENDOZA Y JULIO A. ROCA",2,2,0,0,0,0,0,,"Calle",,"VILLA GOBERNADOR GÁLVEZ","Rosario","Asfalto","No existe","II","Dentro","Urbana","Ninguna","No existe","Recta","Con baches","Reducida","Nocturna","Buen Tiempo","Lateral","S/D","Colisión","Agua","Faltante","Ninguna","Sin restricción"
2014,6235,07/08/2014,"Jueves",0,14:35:00,,"0.0",2,"Automóvil,Peatón","Av. Pellegrini ",2,1,0,0,1,0,0,,"Calle",,"ROSARIO","Rosario","Asfalto","S/D","II","Fuera","Urbana","Ninguna","No existe","Recta","Bueno","Buena","Diurna","Buen Tiempo","Otro","S/D","Atropello","S/D","Faltante","Cordón divisorio","Sin restricción"
2014,6236,11/08/2014,"Lunes",0,20:40:00,,"0.0",2,"Automóvil,Moto/Ciclomotor","Moreno Y Maipu",3,2,0,0,1,0,0,,"Calle",,"LAGUNA PAIVA","La Capital","Asfalto","S/D","I","Dentro","Urbana","S/D","No existe","Intersección","Bueno","Buena","Nocturna,Con luz artificial","Buen Tiempo","Lateral","S/D","Colisión","S/D","S/D","Línea divisoria pintada","S/D"
2014,6237,08/08/2014,"Viernes",0,15:40:00,,"0.0",2,"Transporte de Pasajeros Urbano (> 8 asientos),Moto/Ciclomotor","Urquiza Y Av. Carlos Colombres",2,1,0,0,1,0,0,,"Calle",,"ROSARIO","Rosario","Asfalto","Natural","II","Dentro","Urbana","Ninguna","No existe","S/D","Bueno","Buena","Diurna","Buen Tiempo","Lateral","S/D","Colisión","Ninguna","Faltante","S/D","S/D"
2014,6238,15/08/2014,"Viernes",0,14:00:00,,"0.0",2,"Automóvil,Automóvil","Av. Corrientes Y Salta",2,1,0,0,1,0,0,,"Calle",,"ROSARIO","Rosario","Asfalto","No existe","II","Dentro","Urbana","Ninguna","No existe","Intersección","Bueno","Buena","Diurna","Buen Tiempo","Lateral","S/D","Colisión","S/D","S/D","Ninguna","Sin restricción"
2014,6239,19/08/2014,"Martes",0,13:00:00,,"0.0",2,"Moto/Ciclomotor,Automóvil","J A Roca Y Andreu",2,1,0,0,1,0,0,,"Calle",,"VILLA GOBERNADOR GÁLVEZ","Rosario","Asfalto","No existe","II","S/D","Urbana","Ninguna","No existe","Recta","S/D","Buena","Diurna","Buen Tiempo","Lateral","S/D","Colisión","S/D","Faltante","Ninguna","Sin restricción"
2014,6240,01/08/2014,"Viernes",0,19:00:00,,"0.0",2,"Automóvil,Automóvil","E.Zeballos Y Ricchieri",4,3,0,0,1,0,0,,"Calle",,"ROSARIO","Rosario","Asfalto","No existe","II","S/D","Urbana","S/D","S/D","Intersección","Bueno","Buena","Atardecer","Buen Tiempo","S/D","S/D","Colisión","Ninguna","S/D","S/D","Sin restricción"