"anio_acci","nro_acci","fecha","desc_dia","fecha_aprox","hora_aprox","desc_ruta","km","cant_participantes","desc_participante","calle_avenida_km","total","heridos_leves","heridos_graves","heridos_gravisimos","ilesos","fallecidos","sin_datos","posicion_XY","desc_tipo_via","desc_ruta_ori","desc_loc","desc_dpto","desc_tipo_calzada","desc_tipo_banquina","desc_unidad_regional","desc_lugar_calzada","desc_zona","desc_prioridad","desc_estado_semaforo","desc_lugar_via","desc_estado_via","desc_estado_visibilidad","desc_luminosidad","desc_estado_clima","desc_tipo_colision","desc_tipo_atropello","desc_tipo_hecho","desc_pres_calzada","desc_senializacion","desc_separacion_via","desc_restriccion"
2014,6241,13/08/2014,"Miercoles",0,10:30:00,"Autopista Nacional Rosario -Cordoba","0.0",3,"Automóvil,Automóvil,Automóvil"," ",5,5,0,0,0,0,0,,"Autopista","Rosario -Cordoba","ROSARIO","Rosario","Asfalto","Natural","II","Dentro","Urbana","Ninguna","No existe","S/D","Otro","Buena","Diurna","Buen Tiempo","Múltiple","S/D","Colisión","Ninguna","Faltante","S/D","Sin restricción"
2014,6242,21/08/2014,"Jueves",0,10:10:00,,"0.0",2,"Automóvil,Automóvil","Tucuman Y Muniagurria",3,0,0,0,2,0,1,,"Calle",,"ROSARIO","Rosario","Asfalto","S/D","II","S/D","Urbana","S/D","S/D","Intersección","Bueno","Buena","Diurna","Buen Tiempo","S/D","S/D","S/D","S/D","S/D","S/D","S/D"
2014,6243,22/08/2014,"Viernes",0,08:45:00,,"0.0",2,"Peatón,Transporte de Pasajeros Urbano (> 8 asientos)","Mitre Y San Lorenzo",2,1,0,0,1,0,0,,"Calle",,"ROSARIO","Rosario","Asfalto","No existe","II","Dentro","Urbana","Ninguna","No existe","Intersección","Bueno","Buena","Diurna","Buen Tiempo","S/D","S/D","Caída ocupante","S/D","S/D","Ninguna","Sin restricción"
2014,6244,14/08/2014,"Jueves",0,16:30:00,,"0.0",2,"Automóvil,Moto/Ciclomotor","Rivadavia Y Padre Genesio",2,1,0,0,1,0,0,,"Calle",,"SANTA FE","La Capital","Asfalto","S/D","I","Dentro","Urbana","S/D","S/D","Intersección","Bueno","Buena","Diurna","S/D","Lateral","S/D","Colisión","Ninguna","S/D","S/D","S/D"
2014,6245,02/08/2014,"Sabado",0,06:15:00,,"0.0",2,"Automóvil,Moto/Ciclomotor","Cordoba Y Suipacha",2,1,0,0,1,0,0,,"Calle",,"ROSARIO","Rosario","Asfalto","No existe","II","S/D","Urbana","Ninguna","S/D","Intersección","Bueno","Buena","Amanecer","Buen Tiempo","Lateral","S/D","Colisión","Ninguna","S/D","S/D","Sin restricción"
2014,6246,16/08/2014,"Sabado",0,01:40:00,,"0.0",1,"Automóvil","CAMINO RURAL KM 273 ",2,1,0,0,1,0,0,,"Camino Rural",,"GENERAL LAGOS","Rosario","Ripio","Natural","II","Dentro","Rural","Ninguna","Funciona","Recta","Bueno","Reducida","Nocturna","Buen Tiempo","S/D","S/D","Vuelco","S/D","Faltante","Ninguna","Sin restricción"
2014,6247,20/08/2014,"Miercoles",0,19:30:00,,"0.0",2,"Automóvil,Moto/Ciclomotor","Av. Provincias Unidas 300B",3,1,0,0,2,0,0,,"Calle",,"ROSARIO","Rosario","Asfalto","Pavimento","II","S/D","Urbana","S/D","S/D","Recta","Bueno","Buena","Atardecer","Buen Tiempo","S/D","S/D","S/D","Ninguna","S/D","S/D","S/D"
2014,6248,01/08/2014,"Viernes",0,09:00:00,,"0.0",1,"Moto/Ciclomotor","Av A del Valle Y Javier de la Rosa",2,1,0,0,0,0,1,,"Avenida",,"SANTA FE","La Capital","Asfalto","Pavimento","I","Dentro","Urbana","Semáforo","Funciona","Intersección","Bueno","Buena","Diurna","S/D","S/D","S/D","Colisión","S/D","S/D","S/D","S/D"
2014,6249,07/08/2014,"Jueves",0,19:00:00,,"0.0",2,"Moto/Ciclomotor,Automóvil","San Nicolas Y 9 De Julio",3,1,0,0,2,0,0,,"Calle",,"ROSARIO","Rosario","Asfalto","No existe","II","S/D","Urbana","S/D","S/D","Intersección","Bueno","S/D","Diurna","Buen Tiempo","Lateral","S/D","Colisión","Agua","S/D","S/D","Sin restricción"
2014,6250,14/08/2014,"Jueves",0,19:00:00,"Ruta Nacional 11","0.0",2,"Moto/Ciclomotor,Automóvil","Chubut Y Av Gral San Martin",2,1,0,0,1,0,0,,"Ruta",11,"VILLA GOBERNADOR GÁLVEZ","Rosario","Asfalto","Ripio","II","Dentro","Urbana","Ninguna","Intermitente","Recta","Bueno","Buena","Diurna","Buen Tiempo","Lateral","S/D","Colisión","S/D","Faltante","Ninguna","Sin restricción"
2014,6251,12/08/2014,"Martes",0,10:50:00,,"0.0",2,"Automóvil,Automóvil","Callao Y 3 De Febrero",3,1,0,0,2,0,0,,"Calle",,"ROSARIO","Rosario","Asfalto","No existe","II","Dentro","Urbana","S/D","S/D","Intersección","Bueno","Buena","Diurna","Buen Tiempo","Lateral","S/D","Colisión","Ninguna","S/D","S/D","Sin restricción"
2014,6252,25/08/2014,"Lunes",0,10:10:00,"Ruta Nacional A012","0.0",2,"Pickup/Utilitario,Automóvil"," ",6,3,3,0,0,0,0,,"Ruta","A012","PIÑERO","Rosario","Asfalto","Natural","II","Dentro","Rural","Señal Pare","No existe","Cruce","S/D","Buena","Diurna","S/D","Lateral","S/D","Colisión","S/D","S/D","Cordón divisorio","Sin restricción"
2014,6253,15/08/2014,"Viernes",0,13:30:00,,"0.0",2,"Taxi/Remis,Bicicleta","Balcarce Y Av. Wheelwright",2,1,0,0,1,0,0,,"Calle",,"ROSARIO","Rosario","Asfalto","No existe","II","Dentro","Urbana","Ninguna","No existe","Intersección","Bueno","Buena","Diurna","Buen Tiempo","S/D","S/D","Atropello","S/D","S/D","Ninguna","Sin restricción"
2014,6254,22/08/2014,"Viernes",0,21:00:00,,"0.0",2,"Automóvil,Moto/Ciclomotor","1ro de Mayo Y Ayacucho",2,1,0,0,0,0,1,,"Calle",,"SANTA FE","La Capital","Asfalto,Tierra","No existe","I","Dentro","Urbana","S/D","No existe","Intersección","Bueno,Con baches","Buena","Nocturna,Con luz artificial","Buen Tiempo","Lateral","S/D","Colisión","Material Suelto","S/D","S/D","S/D"
2014,6255,31/08/2014,"Domingo",0,23:40:00,,"0.0",1,"Moto/Ciclomotor","Montevideo Y Carriego",1,0,0,0,0,0,1,,"Calle",,"ROSARIO","Rosario","Asfalto","No existe","II","Dentro","Urbana","S/D","S/D","Intersección","Bueno","Buena","Nocturna","Buen Tiempo","S/D","S/D","S/D","S/D","S/D","S/D","Sin restricción"
2014,6256,07/08/2014,"Jueves",0,13:10:00,,"0.0",2,"Bicicleta,Automóvil","Av. Brassey Y Sarratea Bis",2,1,0,0,1,0,0,,"Calle",,"ROSARIO","Rosario","Asfalto","S/D","II","S/D","Urbana","S/D","No existe","Recta","Bueno","Buena","Diurna","Buen Tiempo","S/D","S/D","Atropello","S/D","Faltante","S/D","S/D"
2014,6257,29/08/2014,"Viernes",0,10:15:00,,"0.0",2,"Moto/Ciclomotor,Transporte de Pasajeros Urbano (> 8 asientos)","Constitucion ",2,1,0,0,1,0,0,,"Calle",,"ROSARIO","Rosario","Asfalto","No existe","II","S/D","Urbana","S/D","S/D","S/D","Bueno","Buena","Diurna","Buen Tiempo","S/D","S/D","Colisión","Ninguna","S/D","S/D","Sin restricción"
2014,6258,17/08/2014,"Domingo",0,18:40:00,,"0.0",2,"Automóvil,Moto/Ciclomotor","Ing Mosconi Y Avellaneda",4,3,0,0,1,0,0,,"S/D",,"VILLA GOBERNADOR GÁLVEZ","Rosario","Asfalto","No existe","II","S/D","Urbana","Ninguna","No existe","Intersección","Bueno","Buena","Diurna","Buen Tiempo","Otro","S/D","Colisión","Ninguna","Faltante","Ninguna","Sin restricción"
2014,6259,16/08/2014,"Sabado",0,18:30:00,,"0.0",2,"Moto/Ciclomotor,Automóvil","ESTADOS UNIDOS  Y JUNIN",3,1,0,0,2,0,0,,"Calle",,"ROSARIO","Rosario","Asfalto","S/D","II","Dentro","Urbana","S/D","S/D","Intersección","Bueno","Buena","Atardecer","Buen Tiempo","S/D","S/D","Colisión","Ninguna","Faltante","S/D","S/D"
2014,6260,19/08/2014,"Martes",0,19:30:00,,"0.0",2,"Taxi/Remis,Automóvil","Catamarca Y Bv. Oroño",4,3,0,0,1,0,0,,"Calle",,"ROSARIO","Rosario","Asfalto","No existe","II","Dentro","Urbana","Ninguna","No existe","Intersección","Bueno","Buena","Atardecer","Buen Tiempo","S/D","S/D","Colisión","S/D","S/D","Ninguna","S/D"
2014,6262,05/08/2014,"Martes",0,09:50:00,,"0.0",2,"Moto/Ciclomotor,Automóvil","Bv San diego Y Av Juan Domingo Peron",2,1,0,0,1,0,0,,"Avenida",,"VILLA GOBERNADOR GÁLVEZ","Rosario","Asfalto","No existe","II","Dentro","Urbana","Semáforo","Funciona","Recta","Bueno","Buena","Diurna","Buen Tiempo","Lateral","S/D","Colisión","S/D","Vertical","Ninguna","Sin restricción"
2014,6263,15/08/2014,"Viernes",0,19:20:00,,"0.0",2,"Automóvil,Moto/Ciclomotor","Salvador del Carril Y Necochea",3,2,0,0,1,0,0,,"Calle",,"SANTA FE","La Capital","Asfalto","S/D","I","S/D","Urbana","S/D","S/D","Intersección","Bueno","Buena","Atardecer","S/D","S/D","S/D","Colisión","Ninguna","S/D","S/D","S/D"
2014,6264,10/08/2014,"Domingo",0,11:20:00,,"0.0",2,"Automóvil,Automóvil","Cafferata Y Rioja",4,1,0,0,3,0,0,,"Calle",,"ROSARIO","Rosario","Asfalto","No existe","II","S/D","Urbana","Ninguna","S/D","Intersección","Bueno","S/D","Diurna","Buen Tiempo","Lateral","S/D","Colisión","Ninguna","S/D","S/D","S/D"
2014,6265,23/08/2014,"Sabado",0,16:00:00,,"0.0",2,"Bicicleta,Automóvil","Alberdi Y Belgrano",3,2,0,0,0,0,1,,"S/D",,"VILLA GOBERNADOR GÁLVEZ","Rosario","Asfalto","No existe","II","S/D","S/D","Ninguna","No existe","Intersección","Bueno","Reducida polvo","Diurna","Buen Tiempo","S/D","S/D","Atropello","Ninguna","Faltante","Ninguna","Sin restricción"
2014,6266,04/08/2014,"Lunes",0,20:30:00,,"0.0",2,"Moto/Ciclomotor,Automóvil","Balcarce Y P Opicci",3,2,0,0,1,0,0,,"Calle",,"VILLA GOBERNADOR GÁLVEZ","Rosario","Asfalto","No existe","II","S/D","Urbana","Ninguna","No existe","Intersección","Bueno","Buena","Nocturna","Otro","Otro","S/D","Colisión","Ninguna","Faltante","Ninguna","Sin restricción"
2014,6267,10/08/2014,"Domingo",0,07:20:00,,"0.0",2,"Taxi/Remis,Automóvil","Salta Y Paraguay",3,2,0,0,1,0,0,,"Calle",,"ROSARIO","Rosario","Asfalto","No existe","II","Dentro","Urbana","Ninguna","No existe","Intersección","Bueno","Buena","Diurna","Buen Tiempo","Lateral","S/D","Colisión","S/D","Faltante","Ninguna","Sin restricción"
2014,6268,17/08/2014,"Domingo",0,19:00:00,,"0.0",2,"Moto/Ciclomotor,Pickup/Utilitario","Av. Provincias Unidas 300",3,0,2,0,1,0,0,,"Calle",,"ROSARIO","Rosario","Asfalto","Pavimento","II","Dentro","Urbana","S/D","S/D","Recta","Bueno","Buena","Atardecer","Buen Tiempo","S/D","S/D","Colisión","S/D","S/D","S/D","S/D"
2014,6269,31/08/2014,"Domingo",0,11:30:00,,"0.0",2,"Automóvil,Automóvil","Jujuy Y Suipacha",2,1,0,0,1,0,0,,"Calle",,"ROSARIO","Rosario","Asfalto","No existe","II","S/D","Urbana","Ninguna","No existe","Recta","Otro","Buena","Diurna","Buen Tiempo","Otro","S/D","Colisión","Otro","Faltante","Ninguna","Sin restricción"
2014,6270,15/08/2014,"Viernes",0,09:30:00,"Ruta Nacional 9","400.0",4,"Automóvil,Automóvil,Automóvil,Automóvil"," ",4,1,0,0,2,0,1,,"Ruta",9,"FUNES","Rosario","Asfalto","Natural","II","Dentro","Urbana","Marca Vial","No existe","Recta","Bueno","Buena","Diurna","Buen Tiempo","Múltiple","S/D","Colisión","S/D","Horizontal","Línea divisoria pintada","Sin restricción"
2014,6271,24/08/2014,"Domingo",0,11:00:00,,"0.0",2,"Vehículo Oficial,Moto/Ciclomotor","Gorriti Y Pje Ingenieros",2,1,0,0,0,0,1,,"Calle",,"SANTA FE","La Capital","Asfalto","Pavimento","I","Dentro","Urbana","S/D","No existe","Intersección","Bueno","Buena","Diurna","Buen Tiempo","Lateral","S/D","Colisión","S/D","S/D","S/D","S/D"
2014,6272,11/08/2014,"Lunes",0,15:00:00,,"0.0",2,"Moto/Ciclomotor,Pickup/Utilitario","Av Urquiza Y Pedro Ferre",4,3,0,0,1,0,0,,"Calle",,"SANTA FE","La Capital","Asfalto","No existe","I","Dentro","Urbana","Ninguna","No existe","Intersección","Bueno","Buena","Diurna","Buen Tiempo","Lateral","S/D","Colisión","Otro","Faltante","Ninguna","Sin restricción"
2014,6273,07/08/2014,"Jueves",0,19:15:00,,"0.0",2,"Moto/Ciclomotor,Automóvil","Pasteur Y Moreno",2,1,0,0,1,0,0,,"S/D",,"VILLA GOBERNADOR GÁLVEZ","Rosario","Asfalto","No existe","II","S/D","Urbana","Ninguna","No funciona","Intersección","Bueno","Buena","Nocturna","Buen Tiempo","Otro","S/D","Colisión","Ninguna","S/D","Ninguna","Sin restricción"
2014,6274,26/08/2014,"Martes",0,20:20:00,,"0.0",2,"Automóvil,Moto/Ciclomotor","Ing Mosconi Y Falucho",3,2,0,0,1,0,0,,"Calle",,"VILLA GOBERNADOR GÁLVEZ","Rosario","Asfalto","No existe","II","S/D","Urbana","Ninguna","No funciona","Intersección","Bueno","Buena","Nocturna","Buen Tiempo","S/D","S/D","S/D","Ninguna","Faltante","Ninguna","Sin restricción"
2014,6275,14/08/2014,"Jueves",0,11:30:00,,"0.0",2,"Moto/Ciclomotor,Pickup/Utilitario","Urquiza Y Sgto Cabral",2,1,0,0,1,0,0,,"Calle",,"ROSARIO","Rosario","Asfalto","No existe","II","Dentro","Urbana","Ninguna","No existe","Recta","Bueno","Buena","Diurna","Buen Tiempo","S/D","S/D","Colisión","S/D","S/D","Ninguna","Sin restricción"
2014,6276,18/08/2014,"Lunes",0,21:30:00,,"0.0",2,"Moto/Ciclomotor,Automóvil","Bv San diego Y San Juan",3,2,0,0,1,0,0,,"Avenida",,"VILLA GOBERNADOR GÁLVEZ","Rosario","Asfalto","No existe","II","Dentro","Urbana","Ninguna","Funciona","Recta","Bueno","Reducida","Nocturna","Buen Tiempo","Lateral","S/D","Colisión","Otro","Faltante","Ninguna","Sin restricción"
2014,6277,07/08/2014,"Jueves",0,09:50:00,,"0.0",2,"Automóvil,Moto/Ciclomotor","Falucho Y Ing Mosconi",2,1,0,0,1,0,0,,"S/D",,"VILLA GOBERNADOR GÁLVEZ","Rosario","Asfalto","No existe","II","S/D","Urbana","Ninguna","No existe","Intersección","Bueno","Buena","Diurna","Buen Tiempo","Otro","S/D","Colisión","Ninguna","Faltante","Ninguna","Sin restricción"
2014,6278,10/08/2014,"Domingo",0,18:00:00,,"0.0",2,"Transporte de Pasajeros Larga Distancia (> 8 asientos),Moto/Ciclomotor","Candioti Y Reg 12 de Infanteria",3,2,0,0,1,0,0,,"Calle",,"SANTA FE","La Capital","S/D","S/D","I","S/D","Urbana","S/D","S/D","Intersección","Bueno","S/D","S/D","S/D","Lateral","S/D","Colisión","S/D","S/D","S/D","S/D"
2014,6279,31/08/2014,"Domingo",0,14:20:00,,"0.0",2,"Automóvil,Automóvil","Av. Pellegrini Y Vera Mujica",2,1,0,0,1,0,0,,"Avenida",,"ROSARIO","Rosario","Asfalto","No existe","II","S/D","Urbana","Semáforo","Funciona","S/D","Bueno","Buena","Diurna","Buen Tiempo","De alcance","S/D","Colisión","Ninguna","S/D","S/D","Sin restricción"
2014,6280,19/08/2014,"Martes",0,14:20:00,,"0.0",2,"Moto/Ciclomotor,Automóvil","Olmos Bis Y Av. Eva Peron",2,1,0,0,1,0,0,,"Calle",,"ROSARIO","Rosario","Asfalto","S/D","II","S/D","Urbana","S/D","S/D","Recta","Bueno","Buena","Diurna","Buen Tiempo","S/D","S/D","S/D","S/D","S/D","S/D","S/D"
2014,6281,14/08/2014,"Jueves",0,14:30:00,,"0.0",2,"Moto/Ciclomotor,Bicicleta","Tomas de la Torre Y Candelaria",2,1,0,0,1,0,0,,"Calle",,"FUNES","Rosario","Hormigón","No existe","II","Dentro","Urbana","Ninguna","No existe","Intersección","Bueno","Buena","Diurna","Buen Tiempo","S/D","S/D","Atropello","S/D","Faltante","Ninguna","Sin restricción"
2014,6282,20/08/2014,"Miercoles",0,14:30:00,,"0.0",2,"Automóvil,Moto/Ciclomotor","Velez Sarsfield Y J P Lopez",3,2,0,0,1,0,0,,"S/D",,"SANTA FE","La Capital","Asfalto","S/D","I","S/D","Urbana","S/D","S/D","Intersección","Bueno","Buena","Diurna","S/D","Lateral","S/D","Colisión","Ninguna","S/D","S/D","S/D"
2014,6283,25/08/2014,"Lunes",0,18:10:00,,"0.0",2,"Peatón,Automóvil","Santa Fe 1000",2,1,0,0,1,0,0,,"Calle",,"ROSARIO","Rosario","Asfalto","No existe","II","Dentro","Urbana","Ninguna","No existe","Recta","Bueno","Buena","Diurna","Buen Tiempo","S/D","S/D","Atropello","S/D","Faltante","Ninguna","Sin restricción"
2014,6284,24/08/2014,"Domingo",0,08:30:00,,"0.0",2,"Moto/Ciclomotor,Automóvil","Av Peñaloza Y Gorriti",2,1,0,0,0,0,1,,"Calle",,"SANTA FE","La Capital","Asfalto","Pavimento","I","Dentro","Urbana","S/D","Funciona","Intersección","Bueno","Buena","Diurna","Buen Tiempo","Lateral","S/D","Colisión","S/D","S/D","S/D","S/D"
2014,6285,09/08/2014,"Sabado",0,,,"0.0",2,"Moto/Ciclomotor,Automóvil","San Jose Y Irigoyen",2,1,0,0,1,0,0,,"Calle",,"FUNES","Rosario","Hormigón","No existe","II","Dentro","Urbana","Ninguna","No existe","Intersección","Bueno","Buena","Diurna","Buen Tiempo","S/D","S/D","Colisión","S/D","Horizontal","Ninguna","Sin restricción"
2014,6286,23/08/2014,"Sabado",0,13:30:00,,"0.0",2,"Automóvil,Automóvil","Bv. Oroño ",2,1,0,0,1,0,0,,"Avenida",,"ROSARIO","Rosario","Asfalto","No existe","II","Dentro","Urbana","Semáforo","Funciona","Recta","Bueno","Buena","Diurna","Buen Tiempo","Múltiple","S/D","Colisión","S/D","Vertical","Ninguna","Sin restricción"
2014,6287,31/08/2014,"Domingo",0,15:30:00,,"0.0",2,"Moto/Ciclomotor,Taxi/Remis","Av. Ovidio Lagos Y Cordoba",2,1,0,0,1,0,0,,"Calle",,"ROSARIO","Rosario","Asfalto","No existe","II","S/D","Urbana","Ninguna","No existe","S/D","Bueno","Buena","Diurna","Buen Tiempo","Lateral","S/D","Colisión","S/D","S/D","S/D","Sin restricción"
2014,6288,10/08/2014,"Domingo",0,19:30:00,,"0.0",2,"Automóvil,Moto/Ciclomotor","3 De Febrero Y Bv. Avellaneda",2,1,0,0,1,0,0,,"Calle",,"ROSARIO","Rosario","Asfalto","No existe","II","S/D","Urbana","Ninguna","S/D","Intersección","Bueno","Buena","Atardecer","Buen Tiempo","Lateral","S/D","Colisión","Ninguna","S/D","S/D","Sin restricción"
2014,6289,22/08/2014,"Viernes",0,09:05:00,,"0.0",2,"Moto/Ciclomotor,Automóvil","Paraguay Y Salta",2,1,0,0,1,0,0,,"Calle",,"ROSARIO","Rosario","Asfalto","No existe","II","Dentro","Urbana","Ninguna","No existe","Recta","Bueno","Buena","Diurna","Buen Tiempo","Lateral","S/D","Colisión","S/D","Faltante","Ninguna","Sin restricción"
2014,6290,10/08/2014,"Domingo",0,10:00:00,,"0.0",2,"Automóvil,Moto/Ciclomotor","Risso Y Mitre",2,1,0,0,1,0,0,,"Calle",,"SANTA FE","La Capital","S/D","S/D","I","Dentro","Urbana","S/D","S/D","Intersección","S/D","S/D","Diurna","S/D","Lateral","S/D","Colisión","S/D","S/D","S/D","S/D"
2014,6291,19/08/2014,"Martes",0,12:45:00,,"0.0",2,"Moto/Ciclomotor,Pickup/Utilitario","Sanchez de Loria Y Freyre",2,1,0,0,1,0,0,,"Calle",,"ROSARIO","Rosario","S/D","S/D","II","Dentro","Urbana","S/D","S/D","S/D","S/D","S/D","Diurna","S/D","S/D","S/D","Colisión","S/D","S/D","S/D","S/D"
2014,6292,25/08/2014,"Lunes",0,22:30:00,,"0.0",2,"Moto/Ciclomotor,Automóvil","3 De Febrero Y Lavalle",3,1,0,0,2,0,0,,"Calle",,"ROSARIO","Rosario","Asfalto","No existe","II","S/D","Urbana","S/D","S/D","Intersección","Bueno","Buena","Nocturna","Buen Tiempo","S/D","S/D","S/D","Ninguna","S/D","S/D","Sin restricción"
2014,6293,17/08/2014,"Domingo",0,13:15:00,,"0.0",2,"Moto/Ciclomotor,Automóvil","Bv Pellegrini Y San Lorenzo",2,1,0,0,1,0,0,,"Calle",,"SANTA FE","La Capital","S/D","S/D","I","Dentro","Urbana","S/D","S/D","Intersección","S/D","S/D","Diurna","S/D","S/D","S/D","Colisión","S/D","S/D","S/D","S/D"
2014,6294,17/08/2014,"Domingo",0,02:20:00,,"0.0",2,"Moto/Ciclomotor,Moto/Ciclomotor","Buenos Aires Y Soldado Aguirre",3,3,0,0,0,0,0,,"Calle",,"VILLA GOBERNADOR GÁLVEZ","Rosario","Asfalto","No existe","II","S/D","Urbana","Semáforo","Funciona","Intersección","S/D","Buena","Nocturna,Con luz artificial","Buen Tiempo","S/D","S/D","Colisión","Ninguna","Vertical","Ninguna","Sin restricción"
2014,6295,08/08/2014,"Viernes",0,08:14:00,,"0.0",2,"Automóvil,Camión","Av. Circunvalacion 1400",2,1,0,0,1,0,0,,"Calle",,"ROSARIO","Rosario","Asfalto","S/D","II","Dentro","Urbana","S/D","S/D","Otro","Bueno","S/D","Diurna","Buen Tiempo","S/D","S/D","Colisión","S/D","S/D","S/D","S/D"
2014,6296,22/08/2014,"Viernes",0,07:15:00,,"0.0",2,"Taxi/Remis,Automóvil","Lima Y Av. Pellegrini",2,2,0,0,0,0,0,,"Calle",,"ROSARIO","Rosario","Asfalto","No existe","II","S/D","Urbana","S/D","No existe","Intersección","Bueno","Buena","Diurna","Buen Tiempo","Lateral","S/D","Colisión","Ninguna","S/D","S/D","Sin restricción"
2014,6297,23/08/2014,"Sabado",0,17:30:00,,"0.0",2,"Automóvil,Automóvil","Av. Wheelwright Y Mariano Moreno",2,2,0,0,0,0,0,,"Calle",,"ROSARIO","Rosario","Asfalto","No existe","II","Dentro","Urbana","Ninguna","No existe","Intersección","Bueno","Buena","Diurna","Buen Tiempo","Lateral","S/D","Colisión","S/D","Faltante","Ninguna","Sin restricción"
2014,6298,09/08/2014,"Sabado",0,14:30:00,,"0.0",2,"Moto/Ciclomotor,Automóvil","Av Gral San Martin Y Camino Guereño",2,1,0,0,1,0,0,,"Calle",,"VILLA GOBERNADOR GÁLVEZ","Rosario","Asfalto","No existe","II","S/D","Urbana","Ninguna","No existe","Recta","Bueno","Buena","Diurna","Buen Tiempo","Lateral","S/D","Colisión","Otro","Faltante","Ninguna","Sin restricción"
2014,6299,05/08/2014,"Martes",0,08:30:00,,"0.0",2,"Moto/Ciclomotor,Pickup/Utilitario","Sanchez de Loria Y Av. Jorge Newbery",2,1,0,0,1,0,0,,"Calle",,"ROSARIO","Rosario","S/D","S/D","II","Dentro","Urbana","S/D","S/D","S/D","S/D","Buena","Diurna","Buen Tiempo","S/D","S/D","Colisión","S/D","S/D","S/D","Sin restricción"
2014,6300,19/08/2014,"Martes",0,13:15:00,,"0.0",2,"Taxi/Remis,Peatón","Gutenberg Y Mendoza",2,1,0,0,1,0,0,,"Calle",,"ROSARIO","Rosario","Asfalto","No existe","II","Dentro","Urbana","Ninguna","Intermitente","S/D","Bueno","Buena","Diurna","Buen Tiempo","S/D","S/D","Atropello","Ninguna","S/D","S/D","Sin restricción"
2014,6301,20/08/2014,"Miercoles",0,08:00:00,,"0.0",2,"Peatón,Automóvil","Callao 938",2,1,0,0,1,0,0,,"Calle",,"ROSARIO","Rosario","Asfalto","No existe","II","S/D","Urbana","Ninguna","S/D","S/D","Bueno","S/D","Diurna","Buen Tiempo","S/D","S/D","Atropello","Ninguna","S/D","S/D","Sin restricción"
2014,6302,23/08/2014,"Sabado",0,12:15:00,,"0.0",2,"Peatón,Automóvil","Ricchieri ",2,1,0,0,1,0,0,,"Calle",,"ROSARIO","Rosario","Asfalto","No existe","II","S/D","Urbana","Ninguna","S/D","Recta","Bueno","Buena","Diurna","Buen Tiempo","S/D","S/D","Atropello","S/D","S/D","S/D","Sin restricción"
2014,6303,25/08/2014,"Lunes",0,20:50:00,,"0.0",4,"Automóvil,Automóvil,Automóvil,Automóvil","Bv. Avellaneda 1100",9,6,0,0,3,0,0,,"Avenida",,"ROSARIO","Rosario","Asfalto","No existe","II","S/D","Urbana","Ninguna","No existe","S/D","Bueno","Buena","Nocturna","Buen Tiempo","De alcance,Múltiple","S/D","Colisión","Ninguna","S/D","S/D","Sin restricción"
2014,6304,02/08/2014,"Sabado",0,08:00:00,,"0.0",2,"Moto/Ciclomotor,Automóvil","Paraguay Y Jujuy",2,1,0,0,1,0,0,,"Calle",,"ROSARIO","Rosario","Asfalto","No existe","II","Dentro","Urbana","Ninguna","No existe","Recta","Bueno","Buena","Diurna","Buen Tiempo","Lateral","S/D","Colisión","S/D","Faltante","Ninguna","Sin restricción"
2014,6305,16/08/2014,"Sabado",0,18:30:00,,"0.0",2,"Moto/Ciclomotor,Pickup/Utilitario","Av Freyre Y Bv Pellegrini",2,1,0,0,1,0,0,,"Avenida",,"SANTA FE","La Capital","S/D","S/D","I","Dentro","Urbana","S/D","S/D","Intersección","S/D","S/D","Diurna","S/D","S/D","S/D","Colisión","S/D","S/D","S/D","S/D"
2014,6306,27/08/2014,"Miercoles",0,17:40:00,,"0.0",2,"Peatón,Transporte Escolar","Entre Rios Y Mendoza",2,1,0,0,1,0,0,,"Calle",,"ROSARIO","Rosario","Asfalto","S/D","II","Dentro","Urbana","Paso Peatonal","Funciona","Intersección","Bueno","Buena","Diurna","Buen Tiempo","S/D","S/D","Atropello","S/D","Vertical","Cordón divisorio","Sin restricción"
2014,6307,19/08/2014,"Martes",0,23:00:00,,"0.0",2,"Otros,Otros","MORENO Y VIAS FFCC",2,1,0,0,1,0,0,,"Calle",,"SANTA FE","La Capital","Asfalto","No existe","I","Dentro","Urbana","Ninguna","No existe","Paso a Nivel FFCC","Bueno","Buena","Nocturna,Con luz artificial","Buen Tiempo","Lateral","S/D","Colisión","S/D","Faltante","Ninguna","Sin restricción"
2014,6308,19/08/2014,"Martes",0,23:00:00,,"0.0",2,"Moto/Ciclomotor,Automóvil","MORENO Y VIAS FFCC",2,1,0,0,1,0,0,,"Calle",,"SANTA FE","La Capital","Asfalto","No existe","I","Dentro","Urbana","Ninguna","No existe","Intersección","Bueno","Buena","Nocturna,Con luz artificial","Buen Tiempo","Lateral","S/D","Colisión","S/D","Faltante","Ninguna","Sin restricción"
2014,6309,01/08/2014,"Viernes",0,21:15:00,,"0.0",2,"Moto/Ciclomotor,Taxi/Remis","Urquiza Y Pte.Roca",2,1,0,0,1,0,0,,"Calle",,"ROSARIO","Rosario","Asfalto","No existe","II","Dentro","Urbana","Ninguna","No existe","Intersección","Bueno","Buena","Nocturna","Buen Tiempo","Lateral","S/D","Colisión","S/D","S/D","Ninguna","Sin restricción"
2014,6310,14/08/2014,"Jueves",0,13:15:00,,"0.0",2,"Moto/Ciclomotor,Automóvil","Av Leandro Alem 1300",2,1,0,0,1,0,0,,"Avenida",,"SANTA FE","La Capital","Asfalto","No existe","I","Dentro","Urbana","S/D","S/D","Intersección","Bueno","S/D","Diurna","S/D","Lateral","S/D","Colisión","S/D","S/D","S/D","S/D"