"anio_acci","nro_acci","fecha","desc_dia","fecha_aprox","hora_aprox","desc_ruta","km","cant_participantes","desc_participante","calle_avenida_km","total","heridos_leves","heridos_graves","heridos_gravisimos","ilesos","fallecidos","sin_datos","posicion_XY","desc_tipo_via","desc_ruta_ori","desc_loc","desc_dpto","desc_tipo_calzada","desc_tipo_banquina","desc_unidad_regional","desc_lugar_calzada","desc_zona","desc_prioridad","desc_estado_semaforo","desc_lugar_via","desc_estado_via","desc_estado_visibilidad","desc_luminosidad","desc_estado_clima","desc_tipo_colision","desc_tipo_atropello","desc_tipo_hecho","desc_pres_calzada","desc_senializacion","desc_separacion_via","desc_restriccion"
2014,6311,15/08/2014,"Viernes",0,03:00:00,,"0.0",2,"Automóvil,Moto/Ciclomotor","Bv Galvez ",2,1,0,0,0,0,1,,"Avenida",,"SANTA FE","La Capital","Asfalto","No existe","I","Dentro","Urbana","S/D","Funciona","Intersección","Deteriorada","S/D","Nocturna","S/D","Lateral","S/D","Colisión","S/D","S/D","S/D","S/D"
2014,6312,09/08/2014,"Sabado",0,12:15:00,,"0.0",2,"Camión,Moto/Ciclomotor","Av A del Valle Y Piedrabuena",2,1,0,0,1,0,0,,"Calle",,"SANTA FE","La Capital","Asfalto","No existe","I","Dentro","Urbana","S/D","No existe","Intersección","Bueno","S/D","Diurna","S/D","Lateral","S/D","Colisión","Ninguna","Horizontal,Vertical","Ninguna","Sin restricción"
2014,6313,12/08/2014,"Martes",0,21:50:00,,"0.0",2,"Moto/Ciclomotor,Pickup/Utilitario","La Rioja Y Pje Paraguay",2,1,0,0,1,0,0,,"Calle",,"SANTA FE","La Capital","S/D","S/D","I","Dentro","Urbana","S/D","S/D","Intersección","S/D","S/D","Nocturna","S/D","S/D","S/D","S/D","S/D","S/D","S/D","S/D"
2014,6314,01/08/2014,"Viernes",0,17:00:00,,"0.0",2,"Automóvil,Otros","Av Facundo Zuviria Y Gorriti",2,1,0,0,1,0,0,,"Avenida",,"SANTA FE","La Capital","Asfalto","Pavimento","I","Dentro","Urbana","S/D","Funciona","Cruce","Bueno","Buena","Diurna","Buen Tiempo","Lateral","S/D","Colisión","S/D","S/D","S/D","S/D"
2014,6315,20/08/2014,"Miercoles",0,11:30:00,,"0.0",2,"Moto/Ciclomotor,Automóvil","Gdor Crespo Y Saavedra",2,1,0,0,1,0,0,,"Calle",,"SANTA FE","La Capital","Asfalto","S/D","I","Dentro","Urbana","S/D","S/D","Intersección","S/D","S/D","Diurna","S/D","S/D","S/D","Colisión","S/D","S/D","S/D","S/D"
2014,6316,03/08/2014,"Domingo",0,14:00:00,,"0.0",2,"Moto/Ciclomotor,Pickup/Utilitario","Padre Genesio Y 9 de Julio",3,2,0,0,1,0,0,,"Calle",,"SANTA FE","La Capital","Asfalto,Tierra","Natural","I","Dentro","Urbana","S/D","No existe","Intersección","Bueno,Con baches","Buena","Diurna","Buen Tiempo","Lateral","S/D","Colisión","Material Suelto","Faltante","S/D","S/D"
2014,6317,22/08/2014,"Viernes",0,20:00:00,,"0.0",2,"Automóvil,Moto/Ciclomotor","Av Facundo Zuviria Y Gorriti",2,1,0,0,1,0,0,,"Avenida",,"SANTA FE","La Capital","Asfalto","Pavimento","I","Dentro","Urbana","S/D","Funciona","Intersección","Bueno","Buena","Nocturna,Con luz artificial","S/D","Lateral","S/D","Colisión","S/D","S/D","S/D","S/D"
2014,6318,22/08/2014,"Viernes",0,10:00:00,,"0.0",2,"Moto/Ciclomotor,Pickup/Utilitario","Padre Genesio Y 4 de Enero",2,1,0,0,1,0,0,,"Calle",,"SANTA FE","La Capital","Asfalto,Tierra","No existe","I","Dentro","Urbana","S/D","No existe","Intersección","Bueno","Buena","Amanecer","Buen Tiempo","Lateral","S/D","Colisión","S/D","S/D","S/D","S/D"
2014,6319,16/08/2014,"Sabado",0,21:40:00,,"0.0",2,"Moto/Ciclomotor,Automóvil","Mendoza Y Lamadrid",3,2,0,0,1,0,0,,"S/D",,"SANTA FE","La Capital","S/D","S/D","I","S/D","Urbana","S/D","S/D","S/D","S/D","S/D","S/D","S/D","S/D","S/D","S/D","S/D","S/D","S/D","S/D"
2014,6320,17/08/2014,"Domingo",0,21:00:00,,"0.0",2,"Moto/Ciclomotor,Pickup/Utilitario","Av Freyre Y Mendoza",3,2,0,0,1,0,0,,"Avenida",,"SANTA FE","La Capital","S/D","S/D","I","Dentro","Urbana","S/D","S/D","S/D","S/D","S/D","Nocturna","S/D","S/D","S/D","S/D","S/D","S/D","S/D","S/D"
2014,6321,18/08/2014,"Lunes",0,00:20:00,,"0.0",2,"Moto/Ciclomotor,Camión","Candido Pujato Y Pje Paraguay",3,1,0,0,2,0,0,,"Avenida",,"SANTA FE","La Capital","S/D","S/D","I","Dentro","Urbana","S/D","S/D","S/D","S/D","S/D","Nocturna,Con luz artificial","S/D","S/D","S/D","S/D","S/D","S/D","S/D","S/D"
2014,6322,13/08/2014,"Miercoles",0,10:00:00,,"0.0",1,"Moto/Ciclomotor","Francia Y Junin",3,2,0,0,1,0,0,,"Calle",,"SANTA FE","La Capital","S/D","S/D","I","Dentro","Urbana","S/D","S/D","S/D","S/D","S/D","Diurna","S/D","S/D","S/D","S/D","S/D","S/D","S/D","S/D"
2014,6323,30/08/2014,"Sabado",0,22:15:00,,"0.0",2,"Automóvil,Automóvil","Av. Francia Y Catamarca",3,3,0,0,0,0,0,,"Avenida",,"ROSARIO","Rosario","Asfalto","S/D","II","Dentro","Urbana","Semáforo","Funciona","Recta","Bueno","Buena","S/D","Buen Tiempo","Lateral","S/D","Colisión","S/D","Vertical","Ninguna","Sin restricción"
2014,6324,28/08/2014,"Jueves",0,02:30:00,,"0.0",2,"Automóvil,Automóvil","Santa Fe Y Av. Francia",3,1,0,0,2,0,0,,"Calle",,"ROSARIO","Rosario","Asfalto","No existe","II","Dentro","Urbana","Semáforo","Funciona","Recta","Bueno","S/D","Nocturna","Buen Tiempo","Otro","S/D","Colisión","Otro","Vertical","Ninguna","Sin restricción"
2014,6325,29/08/2014,"Viernes",0,18:30:00,,"0.0",2,"Moto/Ciclomotor,Automóvil","Salta Y Suipacha",2,1,0,0,1,0,0,,"Calle",,"ROSARIO","Rosario","S/D","No existe","II","Dentro","Urbana","Semáforo","Funciona","Recta","Bueno","Buena","Diurna","Buen Tiempo","Otro","S/D","Colisión","Otro","Horizontal","Ninguna","Sin restricción"
2014,6326,11/01/2014,"Sabado",0,20:35:00,"Ruta Nacional 11","814.0",2,"Bicicleta,Moto/Ciclomotor","Ruta Nacional 11 814",2,0,1,0,1,0,0,,"Ruta",11,"GUADALUPE NORTE","General Obligado","S/D","S/D","IX","S/D","S/D","S/D","S/D","S/D","S/D","S/D","Nocturna","S/D","S/D","S/D","Atropello","S/D","S/D","S/D","S/D"
2014,6327,13/01/2014,"Lunes",0,04:40:00,,"0.0",1,"Moto/Ciclomotor","Av A del Valle Y Javier de la Rosa",1,0,0,0,0,1,0,"-31.599222222222,-60.692","Avenida",,"SANTA FE","La Capital","S/D","S/D","I","Dentro","Urbana","S/D","S/D","S/D","Con baches","S/D","Diurna","S/D","S/D","S/D","Caída ocupante","S/D","S/D","S/D","S/D"
2014,6328,16/08/2014,"Sabado",0,10:35:00,,"0.0",2,"Automóvil,Automóvil","San Luis Y Vera Mujica",4,2,0,0,2,0,0,,"Calle",,"ROSARIO","Rosario","Asfalto","No existe","II","S/D","Urbana","Ninguna","No existe","S/D","Bueno","Buena","Diurna","Buen Tiempo","Lateral","S/D","Colisión","Agua","S/D","S/D","Sin restricción"
2014,6329,23/08/2014,"Sabado",0,01:30:00,,"0.0",2,"Automóvil,Moto/Ciclomotor","Santiago Y Cordoba",4,1,0,0,3,0,0,,"Calle",,"ROSARIO","Rosario","Asfalto","No existe","II","S/D","Urbana","S/D","S/D","Intersección","Bueno","Buena","Nocturna","Buen Tiempo","De alcance","S/D","Colisión","Ninguna","S/D","S/D","Sin restricción"
2014,6330,15/08/2014,"Viernes",0,05:30:00,,"0.0",3,"Automóvil,Automóvil,Automóvil","Montevideo Y Paraguay",3,2,0,0,1,0,0,,"Calle",,"ROSARIO","Rosario","Asfalto","S/D","II","Dentro","Urbana","Ninguna","No existe","Intersección","Bueno","Buena","Nocturna","Buen Tiempo","Múltiple","S/D","Colisión","S/D","Faltante","S/D","Sin restricción"
2014,6331,23/08/2014,"Sabado",0,22:00:00,,"0.0",2,"Automóvil,Automóvil","Lavalle Y 3 De Febrero",4,1,0,0,3,0,0,,"Calle",,"ROSARIO","Rosario","Asfalto","No existe","II","S/D","Urbana","Ninguna","S/D","S/D","Bueno","Buena","Nocturna","Buen Tiempo","Lateral","S/D","Colisión","Ninguna","S/D","S/D","Sin restricción"
2014,6332,08/08/2014,"Viernes",0,17:00:00,,"0.0",2,"Moto/Ciclomotor,Automóvil","Av. Pellegrini Y Lima",3,1,0,0,2,0,0,,"Calle",,"ROSARIO","Rosario","Asfalto","No existe","II","S/D","Urbana","Ninguna","S/D","S/D","Bueno","Buena","Diurna","Buen Tiempo","S/D","S/D","Colisión","Ninguna","S/D","S/D","Sin restricción"
2014,6333,06/08/2014,"Miercoles",0,22:10:00,,"0.0",2,"Pickup/Utilitario,Automóvil","Iturraspe Y San Jeronimo",6,2,0,0,4,0,0,,"Calle",,"SANTA FE","La Capital","Hormigón","No existe","I","Dentro","Urbana","Ninguna","No existe","Intersección","Bueno","Buena","Nocturna,Con luz artificial","Buen Tiempo","Lateral","S/D","Colisión","Otro","Faltante","Ninguna","Sin restricción"
2014,6334,11/08/2014,"Lunes",0,12:00:00,,"0.0",2,"Automóvil,Peatón","Av. Francia Y San Luis",2,1,0,0,1,0,0,,"Calle",,"ROSARIO","Rosario","Asfalto","No existe","II","S/D","Urbana","Ninguna","S/D","S/D","Bueno","Buena","Diurna","Buen Tiempo","S/D","S/D","Atropello","Ninguna","S/D","S/D","Sin restricción"
2014,6335,07/08/2014,"Jueves",0,07:30:00,,"0.0",2,"Moto/Ciclomotor,Automóvil","Junin Y Pje. Colibri Bis",2,1,0,0,1,0,0,,"Calle",,"ROSARIO","Rosario","S/D","No existe","II","Dentro","Urbana","S/D","No existe","Intersección","S/D","S/D","Amanecer","S/D","Frontal","S/D","Colisión","S/D","Faltante","Ninguna","S/D"
2014,6336,26/08/2014,"Martes",0,17:00:00,,"0.0",2,"Automóvil,Taxi/Remis","Av. Pellegrini Y Pte.Roca",5,2,0,0,3,0,0,,"Avenida",,"ROSARIO","Rosario","Asfalto","S/D","II","Dentro","Urbana","Semáforo","Funciona","Intersección","Bueno","Buena","Diurna","Buen Tiempo","Lateral","S/D","Colisión","S/D","Vertical","Cordón divisorio","Sin restricción"
2014,6337,09/08/2014,"Sabado",0,13:00:00,,"0.0",2,"Automóvil,Moto/Ciclomotor","Belgrano Y Risso",2,1,0,0,1,0,0,,"Calle",,"SANTA FE","La Capital","Asfalto","S/D","I","Dentro","Urbana","S/D","S/D","Intersección","Bueno","Buena","Diurna","S/D","Lateral","S/D","Colisión","S/D","S/D","S/D","S/D"
2014,6338,27/08/2014,"Miercoles",0,09:20:00,,"0.0",2,"Peatón,Taxi/Remis","San Luis Y Sarmiento",2,1,0,0,1,0,0,"-31.637277777778,-60.700027777778","Calle",,"SANTA FE","La Capital","Asfalto","S/D","II","Dentro","Urbana","Paso Peatonal","No existe","Intersección","Bueno","Buena","Diurna","Buen Tiempo","S/D","S/D","Atropello","S/D","Faltante","Ninguna","Sin restricción"
2014,6339,26/08/2014,"Martes",0,18:00:00,,"0.0",2,"Moto/Ciclomotor,Automóvil","E.Zeballos Y Balcarce",3,2,0,0,1,0,0,,"Calle",,"ROSARIO","Rosario","Asfalto","No existe","II","Dentro","Urbana","Ninguna","No existe","Intersección","Bueno","Buena","Diurna","Buen Tiempo","Frontal","S/D","Colisión","S/D","Faltante","S/D","Sin restricción"
2014,6340,22/08/2014,"Viernes",0,18:20:00,,"0.0",2,"Peatón,Automóvil","San Martin Y Tucuman",2,1,0,0,1,0,0,,"Calle",,"ROSARIO","Rosario","Asfalto","No existe","II","Dentro","Urbana","Ninguna","No existe","Recta","Bueno","Buena","Diurna","Buen Tiempo","S/D","S/D","Atropello","S/D","Faltante","Ninguna","Sin restricción"
2014,6341,06/08/2014,"Miercoles",0,10:30:00,,"0.0",2,"Peatón,Bicicleta","Av. Corrientes 600",2,0,1,0,1,0,0,,"Calle",,"ROSARIO","Rosario","Asfalto","No existe","II","Dentro","Urbana","Ninguna","No existe","Recta","Bueno","Buena","Diurna","Buen Tiempo","Lateral","S/D","Atropello","S/D","Faltante","Ninguna","Sin restricción"
2014,6342,08/08/2014,"Viernes",0,10:35:00,,"0.0",2,"Peatón,Automóvil","Bv. Oroño Y Rioja",2,1,0,0,1,0,0,,"Calle",,"ROSARIO","Rosario","Asfalto","S/D","II","Dentro","Urbana","Semáforo","Funciona","Intersección","Bueno","Buena","Diurna","Buen Tiempo","Otro","S/D","Atropello","S/D","Vertical","Cordón divisorio","Sin restricción"
2014,6343,20/08/2014,"Miercoles",0,09:00:00,,"0.0",2,"Bicicleta,Moto/Ciclomotor","Av. Wheelwright 2000",2,1,1,0,0,0,0,,"Calle",,"ROSARIO","Rosario","Asfalto","No existe","II","Dentro","Urbana","Ninguna","No existe","Recta","Bueno","Buena","Diurna","Buen Tiempo","S/D","S/D","Atropello","S/D","S/D","Ninguna","Sin restricción"
2014,6344,17/08/2014,"Domingo",0,11:05:00,,"0.0",2,"Bicicleta,Transporte de Pasajeros Larga Distancia (> 8 asientos)","España Y San Lorenzo",2,1,0,0,1,0,0,,"Calle",,"ROSARIO","Rosario","Asfalto","No existe","II","Dentro","Urbana","Ninguna","No existe","Recta","Bueno","Buena","Diurna","Buen Tiempo","S/D","S/D","Atropello","S/D","Faltante","Ninguna","Sin restricción"
2014,6345,18/08/2014,"Lunes",0,01:35:00,,"0.0",2,"Automóvil,Moto/Ciclomotor","Mariano Moreno Y Cordoba",7,3,0,0,4,0,0,,"Calle",,"ROSARIO","Rosario","Asfalto","S/D","II","Dentro","Urbana","Ninguna","S/D","Intersección","Bueno","S/D","Nocturna,Con luz artificial","Buen Tiempo","Lateral","S/D","Colisión","S/D","Faltante","Cordón divisorio","Sin restricción"
2014,6346,01/06/2014,"Domingo",1,,,"0.0",2,"Peatón,Pickup/Utilitario"," ",2,1,0,0,1,0,0,"-31.655666666667,-60.717472222222","S/D",,"SANTA FE","La Capital","S/D","S/D","I","S/D","Urbana","S/D","S/D","S/D","S/D","S/D","S/D","S/D","S/D","S/D","Atropello","S/D","S/D","S/D","S/D"
2014,6347,25/08/2014,"Lunes",0,13:25:00,,"0.0",2,"Moto/Ciclomotor,Automóvil","Calle 8-Chacabuco Y Calle 10-Ludue±a",2,1,0,0,1,0,0,,"Calle",,"RECONQUISTA","General Obligado","Asfalto","No existe","IX","Dentro","Urbana","Ninguna","No existe","Recta","Bueno","Buena","Diurna","Buen Tiempo","Frontal","S/D","Colisión","S/D","Faltante","Cordón divisorio","Sin restricción"
2014,6348,03/08/2014,"Domingo",0,13:40:00,,"0.0",2,"Automóvil,Moto/Ciclomotor","CAlle 14 Y Calle 1",3,1,0,0,2,0,0,,"Calle",,"AVELLANEDA","General Obligado","Asfalto","Natural","IX","Dentro","Urbana","Ninguna","No existe","Intersección","Bueno","Buena","Diurna","Buen Tiempo","Lateral","S/D","Colisión","S/D","Faltante","Ninguna","Sin restricción"
2014,6349,13/08/2014,"Miercoles",0,10:15:00,,"0.0",2,"Automóvil,Moto/Ciclomotor","Calle 46 Y Calle 27-Gdor Freyre",2,1,0,0,1,0,0,,"Calle",,"RECONQUISTA","General Obligado","Tierra","Natural","IX","Dentro","Urbana","Ninguna","No existe","Intersección","Bueno","Buena","Diurna","Buen Tiempo","Lateral","S/D","Colisión","S/D","Faltante","Cordón divisorio,Vegetación","Sin restricción"
2014,6350,03/08/2014,"Domingo",0,15:15:00,,"0.0",2,"Automóvil,Moto/Ciclomotor","Calle 328 Y Calle 309",2,0,1,0,1,0,0,,"Calle",,"AVELLANEDA","General Obligado","Tierra","No existe","IX","Dentro","Urbana","Ninguna","No existe","Intersección","Bueno","Buena","Diurna","Buen Tiempo","Lateral","S/D","Colisión","S/D","Faltante","Ninguna","Sin restricción"
2014,6351,20/08/2014,"Miercoles",0,10:50:00,,"0.0",2,"Peatón,Moto/Ciclomotor","Colon Y Bv Pte Roca",2,0,1,0,1,0,0,,"Avenida",,"RAFAELA","Castellanos","S/D","S/D","V","Dentro","Urbana","S/D","S/D","Intersección","S/D","S/D","Diurna","S/D","S/D","S/D","Atropello","S/D","S/D","S/D","S/D"
2014,6352,11/08/2014,"Lunes",0,18:10:00,,"0.0",2,"Moto/Ciclomotor,Camión","CALLE 21 Y CAMINO HEROES DE MALVINAS",3,1,0,0,2,0,0,,"Calle",,"AVELLANEDA","General Obligado","Asfalto","Natural","IX","Dentro","Urbana","Ninguna","S/D","Intersección","Bueno","Buena","Diurna","Buen Tiempo","De alcance","S/D","Colisión","S/D","S/D","Ninguna","Sin restricción"
2014,6353,19/08/2014,"Martes",0,07:30:00,,"0.0",2,"Automóvil,Moto/Ciclomotor","Calle 26 - Bolivar Y Calle 15-Patricio Diez",2,1,0,0,1,0,0,,"Calle",,"RECONQUISTA","General Obligado","Asfalto","No existe","IX","Dentro","Urbana","Ninguna","No existe","Intersección","Bueno","Buena","Diurna","Buen Tiempo","Lateral","S/D","Colisión","S/D","Faltante","Cordón divisorio","Sin restricción"
2014,6354,20/08/2014,"Miercoles",0,00:15:00,,"0.0",1,"Moto/Ciclomotor","A Alvarez Y Pueyrredon",2,2,0,0,0,0,0,,"Calle",,"RAFAELA","Castellanos","S/D","S/D","V","Dentro","Urbana","S/D","S/D","Intersección","S/D","S/D","Nocturna","S/D","S/D","S/D","Despiste","S/D","S/D","S/D","S/D"
2014,6355,16/08/2014,"Sabado",0,20:00:00,,"0.0",2,"Moto/Ciclomotor,Automóvil","Necochea Y Saavedra",3,0,1,0,2,0,0,,"Calle",,"RAFAELA","Castellanos","S/D","S/D","V","Dentro","Urbana","S/D","S/D","Intersección","S/D","S/D","Nocturna","S/D","Lateral","S/D","Colisión","S/D","S/D","S/D","S/D"
2014,6356,05/08/2014,"Martes",0,12:15:00,"Ruta Nacional 33","646.0",1,"Moto/Ciclomotor"," ",2,0,1,0,1,0,0,,"Ruta",33,"MURPHY","General López","Asfalto","Ripio","VIII","Dentro","Rural","Otra Señal","Intermitente","Recta","Bueno","Buena","Diurna","Buen Tiempo","S/D","S/D","S/D","S/D","Horizontal,Vertical","S/D","Sin restricción"
2014,6357,17/08/2014,"Domingo",0,06:30:00,"Ruta Nacional 178","156.0",1,"Automóvil"," ",1,0,1,0,0,0,0,,"Ruta",178,"ARMSTRONG","Belgrano","Asfalto","Natural","III","Fuera","Rural","Ninguna","No existe","Recta","Bueno","Buena","Nocturna","Buen Tiempo","S/D","S/D","Despiste","Ninguna","Faltante","Ninguna","Sin restricción"
2014,6358,29/08/2014,"Viernes",0,16:30:00,,"0.0",2,"Moto/Ciclomotor,Bicicleta","Dean Funes Y A Aguado",3,1,0,0,2,0,0,,"Calle",,"RAFAELA","Castellanos","Asfalto","S/D","V","Dentro","Urbana","S/D","S/D","Intersección","S/D","Buena","Diurna","S/D","S/D","S/D","Atropello","S/D","S/D","S/D","S/D"
2014,6359,14/08/2014,"Jueves",0,16:50:00,,"0.0",2,"Automóvil,Bicicleta","Calle 15-Patricio Diez Y Calle 22- 25 de Mayo",2,1,0,0,1,0,0,,"Calle",,"RECONQUISTA","General Obligado","Asfalto","No existe","IX","Dentro","Urbana","Ninguna","No existe","Recta","Bueno","Buena","Diurna","Buen Tiempo","S/D","S/D","Atropello","S/D","S/D","Cordón divisorio","Sin restricción"
2014,6360,26/08/2014,"Martes",0,16:30:00,,"0.0",2,"Bicicleta,Pickup/Utilitario","Calle 11 700",2,1,0,0,1,0,0,,"Avenida",,"AVELLANEDA","General Obligado","Asfalto","Natural","IX","Dentro","Urbana","Ninguna","No existe","Recta","Bueno","Buena","Diurna","Buen Tiempo","S/D","S/D","Atropello","S/D","Horizontal","Ninguna","S/D"
2014,6361,31/08/2014,"Domingo",0,15:30:00,,"0.0",3,"Automóvil,Automóvil,Peatón","Bv G L Lhemann ",4,0,1,0,3,0,0,,"Avenida",,"RAFAELA","Castellanos","Hormigón","S/D","V","Dentro","Urbana","S/D","S/D","Recta","S/D","S/D","Diurna","S/D","De alcance","S/D","Colisión,Atropello","S/D","S/D","S/D","S/D"
2014,6362,15/08/2014,"Viernes",0,14:00:00,,"0.0",2,"Moto/Ciclomotor,Automóvil","Mejico Y Mayor M P Lotufo",2,1,0,0,1,0,0,,"Calle",,"RAFAELA","Castellanos","Hormigón","S/D","V","Dentro","Urbana","S/D","S/D","Intersección","S/D","S/D","Diurna","S/D","Lateral","S/D","Colisión","S/D","S/D","S/D","S/D"
2014,6363,23/08/2014,"Sabado",0,21:00:00,"Ruta Secundaria 31-s","0.0",2,"Moto/Ciclomotor,Camión"," ",2,0,1,0,1,0,0,,"Ruta","31-s","SANTA ANA","General Obligado","Asfalto","Natural","IX","S/D","Urbana","Ninguna","No existe","Recta","Bueno","Buena","Nocturna","Buen Tiempo","Lateral","S/D","Colisión","S/D","Horizontal","Ninguna","Sin restricción"
2014,6364,29/08/2014,"Viernes",0,18:45:00,,"0.0",2,"Moto/Ciclomotor,Moto/Ciclomotor","Bv Santa Fe Y Constituyentes",2,1,0,0,1,0,0,,"Avenida",,"RAFAELA","Castellanos","Asfalto","S/D","V","S/D","Urbana","S/D","S/D","Intersección","Bueno","Buena","Atardecer","S/D","S/D","S/D","Colisión","S/D","S/D","S/D","S/D"
2014,6365,01/08/2014,"Viernes",0,09:05:00,,"0.0",2,"Bicicleta,Automóvil","Calle 5-Colon ",2,1,0,0,1,0,0,,"Calle",,"RECONQUISTA","General Obligado","Asfalto","No existe","IX","Dentro","Urbana","Ninguna","No existe","Intersección","Bueno","Buena","Diurna","Buen Tiempo","S/D","S/D","Atropello","S/D","S/D","Cordón divisorio","Sin restricción"
2014,6366,15/08/2014,"Viernes",0,19:30:00,,"0.0",2,"Moto/Ciclomotor,Pickup/Utilitario","Bv G L Lhemann Y Simon Bolivar",2,1,0,0,1,0,0,,"Avenida",,"RAFAELA","Castellanos","S/D","S/D","V","Dentro","Urbana","S/D","S/D","Intersección","S/D","S/D","Atardecer","S/D","Lateral","S/D","Colisión","S/D","S/D","S/D","S/D"
2014,6367,28/08/2014,"Jueves",0,12:00:00,,"0.0",2,"Automóvil,Moto/Ciclomotor","Lehmann Y Guemes",2,1,0,0,1,0,0,,"Calle",,"HUMBERTO 1°","Castellanos","Asfalto","S/D","V","Dentro","Urbana","S/D","S/D","Intersección","Bueno","Buena","Diurna","S/D","S/D","S/D","Colisión","S/D","S/D","S/D","S/D"
2014,6368,28/08/2014,"Jueves",0,13:00:00,,"0.0",2,"Moto/Ciclomotor,Pickup/Utilitario","Bv Pte Roca Y B I Iturraspe",4,1,1,0,2,0,0,,"Avenida",,"RAFAELA","Castellanos","Asfalto","S/D","V","S/D","Urbana","S/D","S/D","Intersección","S/D","Buena","Diurna","S/D","S/D","S/D","Colisión","S/D","S/D","S/D","S/D"
2014,6369,15/08/2014,"Viernes",0,17:00:00,,"0.0",2,"Bicicleta,Automóvil","Lamadrid Y Carlos Pellegrini",2,1,0,0,1,0,0,,"Calle",,"RAFAELA","Castellanos","Hormigón","S/D","V","Dentro","Urbana","S/D","S/D","Intersección","S/D","S/D","Diurna","S/D","S/D","S/D","Atropello","S/D","S/D","S/D","S/D"
2014,6370,22/06/2014,"Domingo",0,18:30:00,,"0.0",2,"Automóvil,Moto/Ciclomotor","Boulevard Lisandro de la Torre ",2,0,1,0,1,0,0,,"Avenida",,"CASILDA","Caseros","Hormigón","S/D","IV","S/D","Urbana","Ninguna","No existe","Intersección","Bueno","Buena","Atardecer","Buen Tiempo","Lateral","S/D","Colisión","Ninguna","Vertical","Cordón divisorio","Sin restricción"
2014,6371,17/08/2014,"Domingo",0,19:50:00,,"0.0",2,"Bicicleta,Automóvil","Calle 15-Patricio Diez Y Calle 30-Lucas Funes",2,1,0,0,1,0,0,,"Calle",,"RECONQUISTA","General Obligado","Asfalto","No existe","IX","Dentro","Urbana","Ninguna","No existe","Intersección","Bueno","Buena","Nocturna","Buen Tiempo","S/D","S/D","Atropello","S/D","Vertical","Cordón divisorio","Sin restricción"
2014,6372,08/08/2014,"Viernes",0,10:00:00,,"0.0",2,"Automóvil,Automóvil","San Martin Y Av Gral Lopez",3,1,0,0,2,0,0,,"Calle",,"SAN JAVIER","San Javier","Hormigón","S/D","XIV","S/D","Urbana","Ninguna","No existe","Intersección","Bueno","Buena","Diurna","Buen Tiempo","Lateral","S/D","Colisión","S/D","Faltante","Ninguna","Sin restricción"
2014,6373,18/08/2014,"Lunes",0,21:00:00,"Ruta Nacional 19","84.0",1,"Automóvil"," ",2,1,0,0,1,0,0,,"Ruta",19,"ESTACIÓN CLUCELLAS","Castellanos","Asfalto","S/D","V","Fuera","Rural","S/D","S/D","Recta","Bueno","S/D","Nocturna","S/D","S/D","S/D","Despiste","S/D","S/D","S/D","S/D"
2014,6374,08/08/2014,"Viernes",0,10:30:00,,"0.0",2,"Moto/Ciclomotor,Automóvil","Nicasio Oro±o Y Jose Beltramino",3,2,0,0,1,0,0,,"Calle",,"RAFAELA","Castellanos","Hormigón","S/D","V","Dentro","Urbana","S/D","S/D","Intersección","Bueno","S/D","Diurna","S/D","Lateral","S/D","Colisión","S/D","S/D","S/D","S/D"
2014,6375,19/08/2014,"Martes",0,09:40:00,"Ruta Nacional 34","270.0",2,"Automóvil,Camión"," ",2,1,0,0,1,0,0,,"Ruta",34,"TACURALES","Castellanos","Asfalto","S/D","V","Dentro","Rural","S/D","S/D","Recta","S/D","S/D","Diurna","S/D","S/D","S/D","Otro","S/D","S/D","S/D","S/D"
2014,6376,21/06/2014,"Sabado",0,11:00:00,,"0.0",2,"Bicicleta,Moto/Ciclomotor","Buenos Aires ",2,2,0,0,0,0,0,,"Avenida",,"CASILDA","Caseros","Asfalto","S/D","IV","Dentro","Urbana","Ninguna","No existe","Recta","Bueno","Buena","Diurna","Buen Tiempo","S/D","S/D","Atropello","Ninguna","Vertical","Ninguna","Sin restricción"
2014,6377,11/08/2014,"Lunes",0,11:30:00,,"0.0",2,"Bicicleta,Automóvil","Bv Santa Fe Y Doctor Zamenhof",2,1,0,0,1,0,0,,"Calle",,"RAFAELA","Castellanos","Asfalto","S/D","V","Dentro","Urbana","S/D","S/D","Intersección","S/D","S/D","Diurna","S/D","S/D","S/D","Atropello","S/D","S/D","S/D","S/D"
2014,6378,13/08/2014,"Miercoles",0,11:00:00,,"0.0",2,"Moto/Ciclomotor,Pickup/Utilitario","Calle 21-Gdor. iriondo Y Calle 10-Ludue±a",3,1,0,0,2,0,0,,"Calle",,"RECONQUISTA","General Obligado","Asfalto","No existe","IX","Dentro","Urbana","Ninguna","No existe","Intersección","Bueno","Buena","Diurna","Buen Tiempo","Lateral","S/D","Colisión","S/D","S/D","Cordón divisorio","Sin restricción"
2014,6379,19/08/2014,"Martes",0,19:30:00,"Ruta Nacional 34","231.0",2,"Moto/Ciclomotor,Automóvil"," ",4,0,1,0,3,0,0,,"Ruta",34,"LEHMANN","Castellanos","Asfalto","S/D","V","Dentro","Rural","S/D","S/D","Recta","S/D","S/D","Diurna","S/D","S/D","S/D","Colisión","S/D","S/D","S/D","S/D"
2014,6380,09/08/2014,"Sabado",0,16:30:00,,"0.0",2,"Moto/Ciclomotor,Camión","A Lincoln Y Chacabuco",2,1,0,0,1,0,0,,"Calle",,"RAFAELA","Castellanos","Hormigón","S/D","V","Dentro","Urbana","S/D","S/D","Intersección","S/D","S/D","Diurna","S/D","Lateral","S/D","Colisión","S/D","S/D","S/D","S/D"