"anio_acci","nro_acci","fecha","desc_dia","fecha_aprox","hora_aprox","desc_ruta","km","cant_participantes","desc_participante","calle_avenida_km","total","heridos_leves","heridos_graves","heridos_gravisimos","ilesos","fallecidos","sin_datos","posicion_XY","desc_tipo_via","desc_ruta_ori","desc_loc","desc_dpto","desc_tipo_calzada","desc_tipo_banquina","desc_unidad_regional","desc_lugar_calzada","desc_zona","desc_prioridad","desc_estado_semaforo","desc_lugar_via","desc_estado_via","desc_estado_visibilidad","desc_luminosidad","desc_estado_clima","desc_tipo_colision","desc_tipo_atropello","desc_tipo_hecho","desc_pres_calzada","desc_senializacion","desc_separacion_via","desc_restriccion"
2014,6381,31/08/2014,"Domingo",0,00:00:00,,"0.0",2,"Peatón,Automóvil","S A Rodriguez Y Simon de Iriondo",2,1,0,0,1,0,0,,"Calle",,"RAFAELA","Castellanos","Hormigón","S/D","V","S/D","Urbana","S/D","S/D","Intersección","S/D","S/D","Nocturna","S/D","S/D","S/D","Atropello","S/D","S/D","S/D","S/D"
2014,6383,24/08/2014,"Domingo",0,17:40:00,,"0.0",1,"Moto/Ciclomotor","Calle 11 ",1,1,0,0,0,0,0,,"Calle",,"AVELLANEDA","General Obligado","Tierra","No existe","IX","Dentro","Urbana","Ninguna","No existe","Recta","Bueno","Buena","Diurna","Buen Tiempo","Atropello animal","S/D","Colisión","Otro","S/D","Cordón divisorio","Sin restricción"
2014,6384,19/08/2014,"Martes",0,09:00:00,"Ruta Provincial 13","0.0",2,"Automóvil,Pickup/Utilitario","Ruta Provincial 13 ",3,2,0,0,1,0,0,,"Ruta",13,"VIRGINIA","Castellanos","Asfalto","S/D","V","Dentro","Rural","S/D","S/D","Intersección","S/D","S/D","Diurna","S/D","Lateral","S/D","Colisión","S/D","S/D","S/D","S/D"
2014,6385,27/08/2014,"Miercoles",0,13:30:00,,"0.0",2,"Bicicleta,Automóvil","25 de Mayo Y Mariano Moreno",2,1,0,0,1,0,0,,"Calle",,"RAFAELA","Castellanos","S/D","S/D","V","Dentro","Urbana","S/D","S/D","Intersección","S/D","S/D","Diurna","S/D","S/D","S/D","Atropello","S/D","S/D","S/D","S/D"
2014,6386,04/07/2014,"Viernes",0,12:30:00,,"0.0",1,"Moto/Ciclomotor","Avenida Colon Y Rivadavia",1,0,1,0,0,0,0,,"Avenida",,"SAN JOSÉ DE LA ESQUINA","Caseros","Asfalto","No existe","IV","Dentro","Urbana","Señal Ceda el Paso","No existe","Intersección","Bueno","Buena","Diurna","Buen Tiempo","Atropello animal","S/D","Colisión","Ninguna","Vertical","Vegetación","Sin restricción"
2014,6387,09/08/2014,"Sabado",0,21:10:00,,"0.0",2,"Moto/Ciclomotor,Moto/Ciclomotor","M Champagnat Y Carlos Gardel",2,2,0,0,0,0,0,,"Calle",,"RAFAELA","Castellanos","Hormigón","S/D","V","Dentro","Urbana","S/D","S/D","Intersección","S/D","S/D","Nocturna","S/D","Lateral","S/D","Colisión","S/D","S/D","S/D","S/D"
2014,6388,27/08/2014,"Miercoles",0,,,"0.0",2,"Automóvil,Automóvil","Juan Jose de Urquiza Y French",2,1,0,0,1,0,0,,"Calle",,"VILLA CONSTITUCIÓN","Constitución","Asfalto","No existe","VI","Dentro","Urbana","Ninguna","No existe","Intersección","Otro","Buena","Diurna","Buen Tiempo","S/D","S/D","Colisión","Agua","Faltante","Cordón divisorio","S/D"
2014,6389,21/08/2014,"Jueves",0,12:30:00,,"0.0",2,"Automóvil,Automóvil","Calle 12 Y Calle 17",2,1,0,0,1,0,0,,"Calle",,"AVELLANEDA","General Obligado","Asfalto","No existe","IX","S/D","Urbana","Ninguna","No existe","Intersección","Bueno","Buena","Diurna","Buen Tiempo","Lateral","S/D","Colisión","S/D","Horizontal","Ninguna","Reparación de Vía"
2014,6390,12/08/2014,"Martes",0,18:50:00,,"0.0",2,"Moto/Ciclomotor,Automóvil","Padre Francisco Palmieri Y Falucho",2,1,0,0,1,0,0,,"Calle",,"RAFAELA","Castellanos","S/D","S/D","V","S/D","Urbana","S/D","S/D","Intersección","S/D","Buena","Diurna","Buen Tiempo","Frontal","S/D","Colisión","S/D","S/D","S/D","S/D"
2014,6391,04/08/2014,"Lunes",0,18:45:00,,"0.0",2,"Pickup/Utilitario,Moto/Ciclomotor","Calle 32 - Amenabar Y Calle 25-Rivadavia",2,1,0,0,1,0,0,,"Calle",,"RECONQUISTA","General Obligado","Asfalto","S/D","IX","Dentro","Urbana","Otra Señal","No existe","Intersección","Bueno","Buena","Atardecer","Buen Tiempo","S/D","S/D","Colisión","S/D","S/D","Cordón divisorio","Sin restricción"
2014,6392,27/08/2014,"Miercoles",0,10:30:00,,"0.0",1,"Moto/Ciclomotor","Bv Santa Fe Y A Alvarez",1,0,1,0,0,0,0,,"Calle",,"RAFAELA","Castellanos","Asfalto","S/D","V","Dentro","Urbana","S/D","S/D","Intersección","S/D","S/D","Diurna","S/D","S/D","S/D","Despiste","S/D","S/D","S/D","S/D"
2014,6393,21/08/2014,"Jueves",0,19:25:00,,"0.0",2,"Bicicleta,Automóvil","Buenos Aires 4500",2,1,0,0,1,0,0,,"Calle",,"CASILDA","Caseros","Asfalto","Pavimento","IV","Dentro","Urbana","Ninguna","No existe","Recta","Bueno","Buena","Diurna","Buen Tiempo","S/D","S/D","Atropello","Ninguna","Faltante","Línea divisoria pintada","Sin restricción"
2014,6394,11/08/2014,"Lunes",0,00:45:00,,"0.0",2,"Moto/Ciclomotor,Automóvil","B I Iturraspe ",3,1,1,0,1,0,0,,"S/D",,"RAFAELA","Castellanos","Asfalto","S/D","V","S/D","S/D","S/D","S/D","Intersección","Bueno","Buena","Nocturna,Con luz artificial","S/D","S/D","S/D","Colisión","S/D","S/D","S/D","S/D"
2014,6395,25/08/2014,"Lunes",0,21:40:00,,"0.0",2,"Automóvil,Moto/Ciclomotor","Av Gral Lopez 1500",2,1,0,0,1,0,0,,"Avenida",,"SAN JAVIER","San Javier","Hormigón","S/D","XIV","S/D","Urbana","Ninguna","No existe","Recta","Bueno","Buena","Nocturna","Buen Tiempo","Lateral","S/D","Colisión","S/D","Faltante","Ninguna","Sin restricción"
2014,6396,09/08/2014,"Sabado",0,23:00:00,,"0.0",2,"Moto/Ciclomotor,Moto/Ciclomotor","B I Iturraspe Y Av Doctor E Salva",2,1,0,0,1,0,0,,"Calle",,"RAFAELA","Castellanos","Hormigón","S/D","V","Dentro","Urbana","S/D","S/D","Recta","S/D","S/D","Nocturna","S/D","Lateral","S/D","Colisión","S/D","S/D","S/D","S/D"
2014,6397,21/08/2014,"Jueves",0,13:10:00,,"0.0",2,"Automóvil,Bicicleta","Calle 15 Y Calle 12",2,1,0,0,1,0,0,,"Calle",,"AVELLANEDA","General Obligado","Asfalto","No existe","IX","Dentro","Urbana","Ninguna","No existe","Intersección","Bueno","Buena","Diurna","Buen Tiempo","S/D","S/D","Atropello","Hielo","Horizontal","Ninguna","Sin restricción"
2014,6398,27/08/2014,"Miercoles",0,09:30:00,,"0.0",2,"Moto/Ciclomotor,Automóvil","Av Aristobulo del Valle Y F Simonetta",2,1,0,0,1,0,0,,"Avenida",,"RAFAELA","Castellanos","Hormigón","S/D","V","Dentro","Urbana","S/D","S/D","Intersección","S/D","S/D","Diurna","S/D","Lateral","S/D","Colisión","S/D","S/D","S/D","S/D"
2014,6399,09/08/2014,"Sabado",0,19:50:00,,"0.0",2,"Moto/Ciclomotor,Automóvil"," ",2,1,0,0,1,0,0,,"Calle",,"RECONQUISTA","General Obligado","Asfalto","No existe","IX","Dentro","Urbana","Ninguna","No existe","Recta","Bueno","Buena","Diurna","Buen Tiempo","Frontal","S/D","Colisión","S/D","Horizontal","Ninguna","Sin restricción"
2014,6400,10/08/2014,"Domingo",0,07:45:00,,"0.0",2,"Automóvil,Moto/Ciclomotor","Rivadavia Y San Martin",2,1,0,0,1,0,0,,"Calle",,"MARIA JUANA","Castellanos","Asfalto","S/D","V","S/D","Urbana","S/D","S/D","Intersección","Bueno","Buena","Diurna","S/D","S/D","S/D","Colisión","S/D","S/D","S/D","S/D"
2014,6401,28/08/2014,"Jueves",0,16:30:00,,"0.0",1,"Moto/Ciclomotor","Francia Y Av Gral Bartolome Mitre",1,1,0,0,0,0,0,,"Avenida",,"RAFAELA","Castellanos","S/D","S/D","V","Dentro","Urbana","S/D","S/D","Recta","S/D","S/D","Diurna","S/D","S/D","S/D","Despiste","S/D","S/D","S/D","S/D"
2014,6402,28/08/2014,"Jueves",0,08:15:00,,"0.0",2,"Bicicleta,Automóvil","Bv Pte Roca Y Suipacha Av",2,1,0,0,1,0,0,,"Avenida",,"RAFAELA","Castellanos","S/D","S/D","V","Dentro","Urbana","S/D","S/D","Intersección","S/D","S/D","Diurna","S/D","S/D","S/D","Atropello","S/D","S/D","S/D","S/D"
2014,6403,10/08/2014,"Domingo",0,07:45:00,,"0.0",2,"Moto/Ciclomotor,Moto/Ciclomotor","M Quiros Y Crucero Gral Belgrano",2,1,0,0,1,0,0,,"Calle",,"RAFAELA","Castellanos","Asfalto","S/D","V","S/D","Urbana","S/D","S/D","Intersección","Bueno","Buena","Amanecer","S/D","S/D","S/D","Colisión","S/D","S/D","S/D","S/D"
2014,6404,07/08/2014,"Jueves",0,12:00:00,,"0.0",2,"Moto/Ciclomotor,Automóvil","B I Iturraspe Y Bv Pte Roca",2,1,0,0,1,0,0,,"Avenida",,"RAFAELA","Castellanos","Asfalto","No existe","V","S/D","Urbana","S/D","No existe","Intersección","Bueno","Buena","Diurna","Buen Tiempo","Frontal","S/D","Colisión","S/D","S/D","S/D","S/D"
2014,6405,10/08/2014,"Domingo",0,04:30:00,,"0.0",1,"Moto/Ciclomotor","A Diaz Y J Dopazo",1,0,1,0,0,0,0,,"Calle",,"RAFAELA","Castellanos","Hormigón","S/D","V","Dentro","Urbana","S/D","S/D","Recta","S/D","S/D","Nocturna","S/D","Contra objeto fijo","S/D","Colisión","S/D","S/D","S/D","S/D"
2014,6406,28/08/2014,"Jueves",0,20:30:00,,"0.0",2,"Moto/Ciclomotor,Camión","Ituzaingo-Calle 72 Y Calle 5",2,1,0,0,1,0,0,,"Calle",,"FRONTERA","Castellanos","S/D","S/D","V","Dentro","Urbana","S/D","S/D","Intersección","S/D","S/D","S/D","S/D","Lateral","S/D","Colisión","S/D","S/D","S/D","S/D"
2014,6407,27/08/2014,"Miercoles",0,17:40:00,,"0.0",2,"Automóvil,Moto/Ciclomotor","Cornelio Saavedra Y  General Juan Las Heras",3,1,0,0,2,0,0,,"Calle",,"CASILDA","Caseros","Asfalto","No existe","IV","Dentro","Urbana","Ninguna","No existe","Intersección","Bueno","Buena","Diurna","Buen Tiempo","Lateral","S/D","Colisión","Ninguna","Faltante","Ninguna","Sin restricción"
2014,6408,21/08/2014,"Jueves",0,19:20:00,,"0.0",2,"Pickup/Utilitario,Moto/Ciclomotor","Calle 21 Y Calle 16",2,1,0,0,1,0,0,,"Calle",,"AVELLANEDA","General Obligado","Asfalto","No existe","IX","S/D","S/D","Ninguna","No existe","Intersección","Bueno","Buena","Nocturna","Buen Tiempo","Lateral","S/D","Colisión","Otro","Faltante","Ninguna","Sin restricción"
2014,6409,27/08/2014,"Miercoles",0,,,"0.0",2,"Automóvil,Moto/Ciclomotor"," ",2,1,0,0,1,0,0,,"S/D",,"VILLA CONSTITUCIÓN","Constitución","S/D","S/D","VI","S/D","S/D","S/D","S/D","S/D","S/D","S/D","S/D","S/D","S/D","S/D","Colisión","S/D","S/D","S/D","S/D"
2014,6410,07/08/2014,"Jueves",0,18:40:00,,"0.0",2,"Peatón,Automóvil","Calle 12 San Martin Y Calle 15-Patricio Diez",2,1,0,0,1,0,0,,"Calle",,"RECONQUISTA","General Obligado","Asfalto","S/D","IX","Dentro","Urbana","Ninguna","No existe","Recta","Bueno","Buena","Diurna","Buen Tiempo","S/D","S/D","Atropello","S/D","Faltante","S/D","Sin restricción"
2014,6411,07/08/2014,"Jueves",0,12:00:00,,"0.0",2,"Moto/Ciclomotor,Pickup/Utilitario","Luis Santi Y Dante Alighieri",2,0,1,0,1,0,0,,"Avenida",,"RAFAELA","Castellanos","Asfalto","No existe","V","S/D","Urbana","S/D","No existe","Intersección","Bueno","Buena","Diurna","Buen Tiempo","Frontal","S/D","Colisión","S/D","S/D","S/D","S/D"
2014,6412,10/08/2014,"Domingo",0,23:00:00,"Ruta Nacional 11","0.0",2,"Moto/Ciclomotor,Automóvil","Santa Fe ",2,2,0,0,0,0,0,,"Ruta",11,"FLORENCIA","General Obligado","S/D","S/D","IX","Dentro","Urbana","S/D","S/D","Intersección","S/D","S/D","Nocturna","S/D","S/D","S/D","S/D","S/D","S/D","S/D","S/D"
2014,6413,18/08/2014,"Lunes",0,21:15:00,,"0.0",3,"Moto/Ciclomotor,Moto/Ciclomotor,Moto/Ciclomotor","Bv Jaime Ferre Y Tucuman",5,1,0,0,2,0,2,,"Calle",,"RAFAELA","Castellanos","Hormigón","S/D","V","Dentro","Urbana","S/D","S/D","Intersección","S/D","S/D","Nocturna","S/D","Múltiple","S/D","Colisión,Atropello","S/D","S/D","S/D","S/D"
2014,6414,22/08/2014,"Viernes",0,09:10:00,,"0.0",1,"Moto/Ciclomotor","Calle 2 845",1,1,0,0,0,0,0,,"Calle",,"AVELLANEDA","General Obligado","Asfalto","No existe","IX","Dentro","Urbana","Ninguna","No existe","Recta","Bueno","Buena","Diurna","Buen Tiempo","Atropello animal","S/D","Colisión","S/D","Faltante","Ninguna","Sin restricción"
2014,6415,30/08/2014,"Sabado",0,,,"0.0",1,"Moto/Ciclomotor","Salta Y Simon Bolivar",2,1,0,0,0,0,1,,"Calle",,"VILLA CONSTITUCIÓN","Constitución","Asfalto","No existe","VI","Dentro","Urbana","Ninguna","No existe","Intersección","Bueno","Buena","Diurna","Buen Tiempo","S/D","S/D","Caída ocupante","Ninguna","Faltante","Cordón divisorio","Sin restricción"
2014,6416,13/08/2014,"Miercoles",0,13:00:00,,"0.0",2,"Moto/Ciclomotor,Automóvil","Calle 8-Chacabuco Y Calle 15-Patricio Diez",4,2,0,0,1,0,1,,"Calle",,"RECONQUISTA","General Obligado","Asfalto","No existe","IX","Dentro","Urbana","Ninguna","No existe","Intersección","Bueno","Buena","Diurna","Buen Tiempo","Frontal","S/D","Colisión","S/D","Vertical","Cordón divisorio","Sin restricción"
2014,6417,10/08/2014,"Domingo",0,08:00:00,"Ruta Secundaria 280-s","0.0",2,"Moto/Ciclomotor,Automóvil"," ",2,1,0,0,1,0,0,,"Ruta","280-s","SUNCHALES","Castellanos","Asfalto","S/D","V","S/D","S/D","S/D","S/D","Recta","S/D","S/D","Diurna","S/D","S/D","S/D","Colisión","S/D","S/D","S/D","S/D"
2014,6418,15/08/2014,"Viernes",0,17:30:00,,"0.0",1,"Automóvil"," ",2,1,0,0,1,0,0,,"Calle",,"ALEJANDRA","San Javier","Tierra","Natural","XIV","Dentro","Urbana","Ninguna","No existe","Recta","Bueno","Buena","Diurna","Buen Tiempo","Otro","S/D","Vuelco,Despiste","Otro","Faltante","Vegetación","S/D"
2014,6419,31/07/2014,"Jueves",0,19:55:00,,"0.0",2,"Pickup/Utilitario,Bicicleta","AV. SAN MARTIN Y CALLE 16",2,1,0,0,1,0,0,,"Avenida",,"AVELLANEDA","General Obligado","Asfalto","No existe","IX","Dentro","Urbana","Semáforo","Funciona","Intersección","Bueno","Buena","Nocturna","Buen Tiempo","S/D","S/D","Atropello","S/D","Vertical","Cordón divisorio","Sin restricción"
2014,6420,25/08/2014,"Lunes",0,08:40:00,,"0.0",2,"Automóvil,Moto/Ciclomotor","M Quintana 2200",2,1,0,0,1,0,0,,"Calle",,"CHABAS","Caseros","Asfalto","Pavimento","IV","S/D","Urbana","Ninguna","No existe","Recta","Bueno","Buena","Diurna","Buen Tiempo","S/D","S/D","Caída ocupante","Agua","S/D","Ninguna","Sin restricción"
2014,6421,09/08/2014,"Sabado",0,22:00:00,,"0.0",1,"Moto/Ciclomotor","25 DE MAYO 400",2,2,0,0,0,0,0,,"Avenida",,"SAN VICENTE.","Castellanos","S/D","S/D","V","Dentro","Urbana","S/D","S/D","Recta","S/D","S/D","Nocturna","S/D","S/D","S/D","Despiste","S/D","S/D","S/D","S/D"
2014,6422,06/08/2014,"Miercoles",0,20:30:00,,"0.0",2,"Moto/Ciclomotor,Pickup/Utilitario","Bv Santa Fe Y F Simonetta",3,1,0,0,2,0,0,,"Avenida",,"RAFAELA","Castellanos","Asfalto","S/D","V","S/D","Urbana","S/D","S/D","Intersección","S/D","Buena","Nocturna","Buen Tiempo","Frontal","S/D","Colisión","S/D","S/D","S/D","S/D"
2014,6423,08/08/2014,"Viernes",0,22:00:00,,"0.0",2,"Automóvil,Pickup/Utilitario","Bv Jaime Ferre 270",3,0,1,0,2,0,0,,"Avenida",,"RAFAELA","Castellanos","Hormigón","S/D","V","S/D","S/D","S/D","S/D","Recta","S/D","S/D","Nocturna","S/D","Frontal","S/D","Colisión","S/D","S/D","S/D","S/D"
2014,6424,08/08/2014,"Viernes",0,17:00:00,,"0.0",2,"Moto/Ciclomotor,Automóvil","Lisandro de la Torre Y Balcarce",2,1,0,0,1,0,0,,"Calle",,"RAFAELA","Castellanos","Hormigón","S/D","V","Dentro","Urbana","S/D","S/D","Intersección","Bueno","S/D","Diurna","S/D","Lateral","S/D","Colisión","S/D","S/D","S/D","S/D"
2014,6425,15/08/2014,"Viernes",0,17:30:00,,"0.0",2,"Pickup/Utilitario,Automóvil","Urquiza Y Bv 25 de Mayo",4,1,0,0,3,0,0,,"Calle",,"ALEJANDRA","San Javier","Tierra","No existe","XIV","S/D","Urbana","Ninguna","No existe","Intersección","Bueno","Buena","Atardecer","Buen Tiempo","Frontal,Lateral","S/D","Colisión","S/D","Faltante","Vegetación","S/D"
2014,6426,26/08/2014,"Martes",0,10:00:00,,"0.0",2,"Moto/Ciclomotor,Automóvil","S de Iriondo Y Gral Roca",2,1,0,0,1,0,0,,"Calle",,"CHABAS","Caseros","Ripio","Pavimento","IV","Dentro","Urbana","Ninguna","No existe","Intersección","Con baches","Buena","Diurna","Buen Tiempo","Lateral","S/D","Colisión","Agua","Faltante","Ninguna","Sin restricción"
2014,6427,11/08/2014,"Lunes",0,19:00:00,,"0.0",2,"Moto/Ciclomotor,Pickup/Utilitario","PJE CAMPO HARDY 915",3,3,0,0,0,0,0,,"S/D",,"FLORENCIA","General Obligado","S/D","S/D","IX","Dentro","Urbana","S/D","S/D","S/D","S/D","S/D","Atardecer","S/D","Lateral","S/D","Colisión","S/D","S/D","S/D","S/D"
2014,6428,07/08/2014,"Jueves",0,11:45:00,,"0.0",2,"Automóvil,Moto/Ciclomotor","Calle 17-Bartolome Mitre Y Calle 12 San Martin",4,2,1,0,1,0,0,,"Calle",,"RECONQUISTA","General Obligado","Asfalto","S/D","IX","S/D","Urbana","Ninguna","S/D","Intersección","Bueno","Buena","Diurna","Lluvia","Lateral","S/D","Colisión","Agua","S/D","Cordón divisorio","Sin restricción"
2014,6429,05/08/2014,"Martes",0,11:45:00,,"0.0",2,"Moto/Ciclomotor,Automóvil","Soldano Y Nicanor Alvarez",2,1,0,0,1,0,0,,"Calle",,"RAFAELA","Castellanos","Asfalto","S/D","V","S/D","Urbana","S/D","S/D","Intersección","Bueno","Buena","Diurna","S/D","S/D","S/D","Colisión","S/D","S/D","S/D","S/D"
2014,6430,16/08/2014,"Sabado",0,16:00:00,,"0.0",2,"Moto/Ciclomotor,Automóvil","9 de julio Y Estanislao Lopez",2,1,0,0,1,0,0,,"Calle",,"AREQUITO","Caseros","Hormigón","Pavimento","IV","Dentro","Urbana","Ninguna","No existe","Intersección","Bueno","Buena","Atardecer","Buen Tiempo","Lateral","S/D","Colisión","S/D","Vertical","Ninguna","S/D"
2014,6431,13/08/2014,"Miercoles",0,17:50:00,,"0.0",2,"Bicicleta,Automóvil","Calle 23-Gral lopez Y Calle 16 Gral Obligado",2,1,0,0,1,0,0,,"Calle",,"RECONQUISTA","General Obligado","Asfalto","Pavimento","IX","Dentro","Urbana","Ninguna","No existe","Intersección","Bueno","Buena","Diurna","Buen Tiempo","S/D","S/D","Atropello","S/D","Vertical","Cordón divisorio","Sin restricción"
2014,6432,05/08/2014,"Martes",0,22:30:00,,"0.0",2,"Moto/Ciclomotor,Moto/Ciclomotor","M Oliber Y J J Paso",2,2,0,0,0,0,0,,"Calle",,"RAFAELA","Castellanos","Asfalto","S/D","V","S/D","Urbana","S/D","S/D","Intersección","Bueno","Buena","Nocturna,Con luz artificial","S/D","S/D","S/D","Colisión","S/D","S/D","S/D","S/D"
2014,6433,02/08/2014,"Sabado",0,,,"0.0",1,"Moto/Ciclomotor"," ",2,2,0,0,0,0,0,,"S/D",,"VILLA CONSTITUCIÓN","Constitución","S/D","S/D","VI","S/D","Urbana","S/D","S/D","S/D","S/D","S/D","S/D","S/D","S/D","S/D","Caída ocupante","S/D","S/D","S/D","S/D"
2014,6434,17/08/2014,"Domingo",0,06:30:00,,"0.0",2,"Moto/Ciclomotor,Automóvil","Calle 6-Ituzaingo 541",2,0,1,0,1,0,0,,"Calle",,"RECONQUISTA","General Obligado","Asfalto","No existe","IX","Dentro","Urbana","Ninguna","No existe","Recta","Bueno","Buena","Amanecer","Buen Tiempo","S/D","S/D","Colisión","S/D","Faltante","Cordón divisorio","Sin restricción"
2014,6435,20/08/2014,"Miercoles",0,21:30:00,"Autopista Provincial Brigadier E.López","94.0",2,"Camión,Automóvil"," ",5,1,0,0,4,0,0,,"Autopista","Brigadier E.López","AROCENA","San Jerónimo","Asfalto","Natural","XV","S/D","S/D","Ninguna","S/D","Recta","Bueno","Buena","Nocturna","Buen Tiempo","S/D","S/D","Otro","S/D","S/D","Ninguna","Sin restricción"
2014,6436,24/08/2014,"Domingo",0,12:50:00,"Ruta Provincial 32","0.0",2,"Moto/Ciclomotor,Otros","Avenida San Martin Y Moreno",3,2,0,0,1,0,0,,"Ruta",32,"VILLA OCAMPO","General Obligado","Asfalto","Natural","IX","Dentro","Urbana","Semáforo","Funciona","Intersección","Bueno","Buena","Diurna","Buen Tiempo","Lateral","S/D","Colisión","Otro","Vertical","Vegetación","S/D"
2014,6437,04/08/2014,"Lunes",0,11:40:00,"Ruta Provincial 70","645.0",2,"Pickup/Utilitario,Camión"," ",3,1,1,0,1,0,0,,"Ruta",70,"BELLA ITALIA","Castellanos","Asfalto","S/D","V","S/D","S/D","S/D","S/D","Recta","Bueno","Buena","Nocturna,Con luz artificial","S/D","S/D","S/D","Colisión","S/D","S/D","S/D","S/D"
2014,6438,05/08/2014,"Martes",0,,,"0.0",2,"Automóvil,Moto/Ciclomotor","Acevedo Y Belgrano",2,1,0,0,1,0,0,,"Calle",,"VILLA CONSTITUCIÓN","Constitución","Asfalto","No existe","VI","Dentro","Urbana","Ninguna","No existe","Intersección","Bueno","Buena","Diurna","Buen Tiempo","S/D","S/D","Colisión","Ninguna","Faltante","Cordón divisorio","Sin restricción"
2014,6439,11/08/2014,"Lunes",0,19:45:00,,"0.0",2,"Automóvil,Moto/Ciclomotor","Calle 33-Pueyrredon 36",4,2,0,0,2,0,0,,"Calle",,"RECONQUISTA","General Obligado","Asfalto","No existe","IX","Dentro","Urbana","Ninguna","No existe","Intersección","Bueno","Buena","Nocturna","Buen Tiempo","Lateral","S/D","Colisión","S/D","S/D","Cordón divisorio","Sin restricción"
2014,6440,24/08/2014,"Domingo",0,02:20:00,,"0.0",2,"Moto/Ciclomotor,Otros","Rivadavia Y S de Iriondo",2,1,0,0,1,0,0,,"Calle",,"ROMANG","San Javier","Asfalto","No existe","XIV","S/D","Urbana","Ninguna","No existe","Intersección","Bueno","Reducida","Nocturna,Con luz artificial","Buen Tiempo","Lateral","S/D","Colisión","S/D","S/D","Ninguna","Sin restricción"
2014,6441,07/08/2014,"Jueves",0,20:45:00,"Ruta Nacional 11","0.0",2,"Moto/Ciclomotor,Moto/Ciclomotor","Jose de San Martin ",2,2,0,0,0,0,0,,"Ruta",11,"CORONDA","San Jerónimo","Asfalto","Ripio","XV","S/D","Urbana","Ninguna","No existe","Recta","Bueno","Buena","Nocturna,Con luz artificial","Buen Tiempo","Frontal,Lateral","S/D","Colisión","Otro","Faltante","Ninguna","Sin restricción"
2014,6442,01/08/2014,"Viernes",0,19:20:00,,"0.0",2,"Moto/Ciclomotor,Automóvil","Mosconi Y Independencia",2,1,0,0,0,0,1,,"Calle",,"VILLA CONSTITUCIÓN","Constitución","Tierra","S/D","VI","Dentro","Urbana","S/D","S/D","Intersección","Bueno","S/D","S/D","S/D","Frontal","S/D","Colisión","S/D","S/D","S/D","S/D"
2014,6443,06/08/2014,"Miercoles",0,07:00:00,,"0.0",2,"Automóvil,Moto/Ciclomotor","Belgrano Y Italia",2,0,1,0,1,0,0,,"Calle",,"CORONDA","San Jerónimo","Asfalto","No existe","XV","Dentro","Urbana","Ninguna","No existe","Intersección","Bueno","Buena","Con luz artificial","Buen Tiempo","Frontal","S/D","Colisión","S/D","Faltante","Ninguna","Sin restricción"
2014,6444,24/08/2014,"Domingo",0,07:45:00,,"0.0",1,"Automóvil"," ",2,2,0,0,0,0,0,,"Camino Rural",,"VILLA OCAMPO","General Obligado","Tierra","Natural","IX","S/D","Rural","Ninguna","No existe","Curva","Resbaladiza","Reducida","Amanecer","Niebla","S/D","S/D","Despiste","Otro","Faltante","Ninguna","Sin restricción"
2014,6445,04/08/2014,"Lunes",0,10:00:00,"Ruta Nacional 34","0.0",2,"Moto/Ciclomotor,Camión"," ",2,0,1,0,1,0,0,,"Ruta",34,"RAFAELA","Castellanos","Asfalto","S/D","V","Dentro","Urbana","Semáforo","S/D","Intersección","Bueno","S/D","Diurna","S/D","Lateral","S/D","Colisión","S/D","S/D","S/D","S/D"
2014,6446,08/08/2014,"Viernes",0,11:15:00,,"0.0",2,"Moto/Ciclomotor,Pickup/Utilitario","Av Juan Domingo Peron 2600",2,1,0,0,1,0,0,,"S/D",,"CORONDA","San Jerónimo","Asfalto","Natural","XV","S/D","S/D","Ninguna","No existe","Recta","Bueno","Buena","Diurna,Con luz artificial","Buen Tiempo","Lateral","S/D","Colisión","S/D","Faltante","Vegetación","Sin restricción"
2014,6447,30/08/2014,"Sabado",0,11:15:00,,"0.0",3,"Moto/Ciclomotor,Automóvil,Pickup/Utilitario","Calle 18 - Gral Belgrano Y Calle 15-Patricio Diez",4,1,0,0,3,0,0,,"Calle",,"RECONQUISTA","General Obligado","Asfalto","No existe","IX","Dentro","Urbana","Ninguna","No existe","Recta","Bueno","Buena","Diurna","Buen Tiempo","Frontal","S/D","Colisión","S/D","Faltante","Cordón divisorio","Sin restricción"
2014,6448,05/08/2014,"Martes",0,19:00:00,,"0.0",2,"Moto/Ciclomotor,Otros","Garibaldi Y B Anduiza",3,2,0,0,0,0,1,,"Calle",,"RAFAELA","Castellanos","Asfalto","S/D","V","S/D","Urbana","S/D","S/D","Intersección","Bueno","Buena","Atardecer","S/D","S/D","S/D","Colisión","S/D","S/D","S/D","S/D"
2014,6449,11/08/2014,"Lunes",0,18:00:00,,"0.0",2,"Moto/Ciclomotor,Automóvil","Buenos Aires 455",2,1,0,0,1,0,0,,"Calle",,"PUERTO SAN MARTÍN","San Lorenzo","Asfalto","No existe","XVII","Dentro","Urbana","Ninguna","No existe","Recta","Bueno","Buena","Diurna","Buen Tiempo","Lateral","S/D","Colisión","Ninguna","Horizontal","Ninguna","Sin restricción"
2014,6450,23/05/2014,"Viernes",0,01:30:00,,"0.0",1,"Moto/Ciclomotor","Av L de la Torre-Ruta Nac 11 ",3,1,0,0,2,0,0,,"Calle",,"CORONDA","San Jerónimo","Asfalto","Ripio","XV","Dentro","Urbana","Ninguna","Funciona","Intersección","Bueno","Buena","Con luz artificial","Buen Tiempo","S/D","S/D","Caída ocupante","S/D","Horizontal","Línea divisoria pintada","Sin restricción"