"anio_acci","nro_acci","fecha","desc_dia","fecha_aprox","hora_aprox","desc_ruta","km","cant_participantes","desc_participante","calle_avenida_km","total","heridos_leves","heridos_graves","heridos_gravisimos","ilesos","fallecidos","sin_datos","posicion_XY","desc_tipo_via","desc_ruta_ori","desc_loc","desc_dpto","desc_tipo_calzada","desc_tipo_banquina","desc_unidad_regional","desc_lugar_calzada","desc_zona","desc_prioridad","desc_estado_semaforo","desc_lugar_via","desc_estado_via","desc_estado_visibilidad","desc_luminosidad","desc_estado_clima","desc_tipo_colision","desc_tipo_atropello","desc_tipo_hecho","desc_pres_calzada","desc_senializacion","desc_separacion_via","desc_restriccion"
2014,6451,11/08/2014,"Lunes",0,14:15:00,,"0.0",2,"Moto/Ciclomotor,Automóvil","G Kirk Y 25 de Mayo",2,1,0,0,1,0,0,,"Calle",,"PUERTO SAN MARTÍN","San Lorenzo","Asfalto","No existe","XVII","Dentro","Urbana","Ninguna","No existe","Intersección","Bueno","Buena","Diurna","Buen Tiempo","Frontal","S/D","Colisión","Ninguna","Horizontal","Ninguna","Sin restricción"
2014,6452,07/08/2014,"Jueves",0,20:15:00,,"0.0",2,"Pickup/Utilitario,Moto/Ciclomotor","BV SAN MARTIN  Y VICTORIO MONERO",2,1,0,0,1,0,0,,"Avenida",,"AREQUITO","Caseros","Hormigón","Pavimento","IV","Dentro","Urbana","Ninguna","No existe","Intersección","Bueno","Buena","Nocturna,Con luz artificial","Buen Tiempo","Lateral","S/D","Colisión","S/D","Vertical","Cordón divisorio","Sin restricción"
2014,6453,08/08/2014,"Viernes",0,09:25:00,"Ruta Nacional 11","0.0",2,"Moto/Ciclomotor,Moto/Ciclomotor","Av L de la Torre-Ruta Nac 11 Y Jose de San Martin",2,0,1,0,1,0,0,,"Ruta",11,"CORONDA","San Jerónimo","Asfalto","Natural","XV","Dentro","Urbana","Ninguna","No existe","Intersección","Bueno","Buena","Diurna","Buen Tiempo","Otro","S/D","Colisión","S/D","Horizontal","Cordón divisorio","Sin restricción"
2014,6454,15/08/2014,"Viernes",0,,,"0.0",2,"Moto/Ciclomotor,Bicicleta","A Illia ",2,2,0,0,0,0,0,,"Calle",,"ROMANG","San Javier","Ripio","S/D","XIV","S/D","Urbana","S/D","No existe","Recta","Bueno","Reducida","Nocturna","Buen Tiempo","S/D","S/D","Atropello","S/D","S/D","S/D","S/D"
2014,6455,14/08/2014,"Jueves",0,20:00:00,,"0.0",2,"Moto/Ciclomotor,Pickup/Utilitario","Cordoba Y 25 de Mayo",3,2,0,0,1,0,0,,"Avenida",,"PUERTO SAN MARTÍN","San Lorenzo","Asfalto","No existe","XVII","S/D","Urbana","Ninguna","No existe","Intersección","Bueno","Buena","Nocturna","Buen Tiempo","Lateral","S/D","Colisión","Ninguna","Horizontal","Ninguna","Sin restricción"
2014,6456,04/08/2014,"Lunes",0,12:40:00,,"0.0",2,"Moto/Ciclomotor,Moto/Ciclomotor","Av Italia Y Domingo Silva",2,2,0,0,0,0,0,,"Calle",,"RAFAELA","Castellanos","Hormigón","S/D","V","Dentro","Urbana","S/D","S/D","Intersección","Bueno","S/D","Diurna","S/D","Lateral","S/D","Colisión","S/D","S/D","S/D","S/D"
2014,6457,30/05/2014,"Viernes",0,12:00:00,,"0.0",2,"Moto/Ciclomotor,Automóvil","Guemes Y Jose de San Martin",3,2,0,0,1,0,0,,"Calle",,"CORONDA","San Jerónimo","Asfalto","No existe","XV","S/D","Urbana","Ninguna","Funciona","Recta","Bueno","Buena","Diurna","Buen Tiempo","Contra objeto fijo,De alcance,Frontal","S/D","Colisión","S/D","S/D","Ninguna","Sin restricción"
2014,6458,13/08/2014,"Miercoles",0,19:00:00,,"0.0",2,"Automóvil,Moto/Ciclomotor","Pellegrini Y Bv Carlos Casado",2,1,0,0,1,0,0,,"Avenida",,"CHABAS","Caseros","Asfalto","Pavimento","IV","Fuera","Urbana","Ninguna","No existe","Intersección","Bueno","Buena","Atardecer","Buen Tiempo","Lateral","S/D","Colisión","S/D","S/D","Ninguna","Sin restricción"
2014,6459,19/08/2014,"Martes",0,20:15:00,,"0.0",2,"Automóvil,Moto/Ciclomotor","Calle 9 Y Calle 12",3,2,0,0,1,0,0,,"Calle",,"AVELLANEDA","General Obligado","Asfalto","S/D","IX","Dentro","Urbana","S/D","No existe","Intersección","Bueno","S/D","Nocturna","Buen Tiempo","De alcance","S/D","Colisión","S/D","S/D","S/D","Sin restricción"
2014,6460,03/08/2014,"Domingo",0,11:00:00,,"0.0",2,"Moto/Ciclomotor,Automóvil","San Martin ",2,1,0,0,0,0,1,,"Calle",,"VILLA CONSTITUCIÓN","Constitución","Asfalto","S/D","VI","Dentro","Urbana","S/D","S/D","Recta","Bueno","Buena","Diurna","Buen Tiempo","Frontal","S/D","Colisión","S/D","S/D","S/D","S/D"
2014,6461,21/08/2014,"Jueves",0,20:00:00,,"0.0",3,"Moto/Ciclomotor,Moto/Ciclomotor,Otros","J Buffa Y Domingo Silva",4,2,0,0,1,0,1,,"Calle",,"RAFAELA","Castellanos","Asfalto","S/D","V","S/D","Urbana","S/D","S/D","Intersección","Bueno","Buena","Nocturna,Con luz artificial","S/D","Múltiple","S/D","Colisión","S/D","S/D","S/D","S/D"
2014,6462,11/08/2014,"Lunes",0,14:00:00,,"0.0",2,"Moto/Ciclomotor,Peatón","Gral Lopez Y Urquiza",2,1,1,0,0,0,0,,"Calle",,"CHABAS","Caseros","Asfalto","Pavimento","IV","Fuera","Urbana","Ninguna","No existe","Recta","Bueno","Buena","Diurna","Buen Tiempo","S/D","S/D","Atropello","S/D","S/D","Ninguna","Sin restricción"
2014,6463,18/08/2014,"Lunes",0,13:10:00,,"0.0",2,"Moto/Ciclomotor,Automóvil","Vera 1860",3,2,0,0,1,0,0,,"Calle",,"CORONDA","San Jerónimo","Tierra","No existe","XV","Dentro","Urbana","Ninguna","No existe","Recta","Bueno","Buena","Diurna","Buen Tiempo","S/D","S/D","Caída ocupante","S/D","Faltante","Ninguna","Sin restricción"
2014,6464,02/08/2014,"Sabado",0,01:10:00,,"0.0",2,"Automóvil,Moto/Ciclomotor","Santa Fe Y Alvear",3,1,0,0,2,0,0,,"Calle",,"SAN JAVIER","San Javier","Asfalto","No existe","XIV","Dentro","Urbana","Ninguna","No existe","Intersección","Bueno","Buena","Nocturna,Con luz artificial","Buen Tiempo","Lateral","S/D","Colisión","S/D","Vertical","Ninguna","Sin restricción"
2014,6465,05/08/2014,"Martes",0,12:00:00,,"0.0",2,"Moto/Ciclomotor,Pickup/Utilitario","Independencia Y Maciel",2,1,0,0,1,0,0,,"Calle",,"ROLDÁN","San Lorenzo","Hormigón","No existe","XVII","Dentro","Urbana","Ninguna","No existe","Intersección","Bueno","Buena","Diurna","Buen Tiempo","Lateral","S/D","Colisión","Ninguna","Vertical","Ninguna","Sin restricción"
2014,6466,28/08/2014,"Jueves",0,20:50:00,"Ruta Provincial 70","125.0",2,"Moto/Ciclomotor,Pickup/Utilitario"," ",3,0,2,0,1,0,0,,"Ruta",70,"VILA","Castellanos","Asfalto","S/D","V","Dentro","Rural","S/D","S/D","Recta","S/D","S/D","Nocturna","S/D","Frontal","S/D","Colisión","S/D","S/D","S/D","S/D"
2014,6467,04/08/2014,"Lunes",0,15:30:00,,"0.0",2,"Moto/Ciclomotor,Taxi/Remis","Cordoba 975",3,1,0,0,2,0,0,,"Calle",,"PUERTO SAN MARTÍN","San Lorenzo","Asfalto","No existe","XVII","Dentro","Urbana","Ninguna","No existe","Recta","Bueno","Buena","Diurna","Buen Tiempo","S/D","S/D","Colisión","Ninguna","Horizontal","Ninguna","Sin restricción"
2014,6468,25/08/2014,"Lunes",0,14:20:00,,"0.0",2,"Moto/Ciclomotor,Otros","Belgrano Y Gral Mosconi",2,1,0,0,1,0,0,,"Calle",,"RAFAELA","Castellanos","Asfalto","S/D","V","S/D","Urbana","S/D","S/D","Intersección","S/D","Buena","Nocturna,Con luz artificial","S/D","S/D","S/D","Colisión","S/D","S/D","S/D","S/D"
2014,6469,30/08/2014,"Sabado",0,19:50:00,,"0.0",2,"Automóvil,Moto/Ciclomotor","Av Paganini 1470",2,1,0,0,1,0,0,,"Avenida",,"BARRANCAS","San Jerónimo","Asfalto","Ripio","XV","Dentro","Urbana","Ninguna","No existe","Recta","Bueno","Buena","Atardecer","Buen Tiempo","De alcance","S/D","Colisión","S/D","S/D","Ninguna","S/D"
2014,6470,28/08/2014,"Jueves",0,00:25:00,,"0.0",2,"Automóvil,Moto/Ciclomotor","Urquiza Y Entre Rios",2,2,0,0,0,0,0,,"Calle",,"ROLDÁN","San Lorenzo","Hormigón","No existe","XVII","Dentro","Urbana","Ninguna","No existe","Intersección","Bueno","Reducida","Nocturna","Buen Tiempo","Frontal","S/D","Colisión","S/D","Vertical","Ninguna","S/D"
2014,6471,06/08/2014,"Miercoles",0,14:35:00,"Ruta Provincial 14","59.0",1,"Moto/Ciclomotor"," ",1,1,0,0,0,0,0,,"Ruta",14,"BIGAND","Caseros","Asfalto","Natural","IV","S/D","Urbana","S/D","S/D","Recta","Bueno","Buena","Diurna","Buen Tiempo","S/D","S/D","Caída ocupante","S/D","Vertical","S/D","S/D"
2014,6472,18/08/2014,"Lunes",0,10:00:00,,"0.0",2,"Automóvil,Moto/Ciclomotor","Calle 7 Y Calle 10",3,2,0,0,1,0,0,,"Calle",,"AVELLANEDA","General Obligado","Asfalto","No existe","IX","Dentro","Urbana","S/D","No existe","Intersección","Bueno","Buena","Diurna","Buen Tiempo","Lateral","S/D","Colisión","S/D","Faltante","Ninguna","Sin restricción"
2014,6473,15/08/2014,"Viernes",0,10:30:00,"Ruta Provincial 21","0.0",2,"Moto/Ciclomotor,Camión","San Martin ",3,1,0,0,0,0,2,,"Ruta",21,"VILLA CONSTITUCIÓN","Constitución","Asfalto","S/D","VI","Dentro","Urbana","S/D","S/D","Recta","S/D","Buena","S/D","Buen Tiempo","Frontal","S/D","Colisión","S/D","S/D","S/D","S/D"
2014,6474,30/08/2014,"Sabado",0,01:30:00,,"0.0",2,"Moto/Ciclomotor,Automóvil"," ",2,1,0,0,1,0,0,,"Calle",,"BARRANCAS","San Jerónimo","Asfalto","S/D","XV","S/D","Urbana","S/D","No existe","Intersección","S/D","Buena","Nocturna,Con luz artificial","Buen Tiempo","S/D","S/D","Colisión","S/D","S/D","Ninguna","S/D"
2014,6475,25/08/2014,"Lunes",0,18:00:00,,"0.0",2,"Automóvil,Peatón","CALLE PUBLICA SIN NOMBRE ",3,1,0,0,2,0,0,,"Calle",,"SALADERO CABAL","Garay","Ripio","No existe","VII","Dentro","Urbana","Ninguna","No existe","Recta","Bueno","Buena","Diurna","Buen Tiempo","S/D","S/D","Atropello","S/D","Faltante","Ninguna","Sin restricción"
2014,6476,30/08/2014,"Sabado",0,17:00:00,,"0.0",2,"Pickup/Utilitario,Moto/Ciclomotor","Av San Martin Y Moreno",2,1,0,0,1,0,0,,"Avenida",,"EMPALME VILLA CONSTITUCIÓN","Constitución","Asfalto","Pavimento","VI","Dentro","Urbana","Ninguna","No existe","Intersección","Con baches","Buena","Nocturna,Con luz artificial","Buen Tiempo","Lateral","S/D","Colisión","Ninguna","Horizontal","Ninguna","Sin restricción"
2014,6477,22/07/2014,"Martes",0,19:20:00,"Ruta Provincial 39","1.0",2,"Pickup/Utilitario,Bicicleta"," ",2,1,0,0,1,0,0,,"Ruta",39,"SAN JAVIER","San Javier","Hormigón","Natural","XIV","S/D","Urbana","Ninguna","No existe","Recta","Bueno","Reducida","Nocturna","Buen Tiempo","S/D","S/D","Atropello","S/D","Vertical","Línea divisoria pintada","Sin restricción"
2014,6478,28/08/2014,"Jueves",0,04:30:00,,"0.0",1,"Moto/Ciclomotor","Av San Martin Y Belgrano",1,1,0,0,0,0,0,,"Avenida",,"EMPALME VILLA CONSTITUCIÓN","Constitución","Hormigón","Pavimento","VI","Dentro","Urbana","Ninguna","No existe","Recta","Con baches","Buena","Nocturna,Con luz artificial","Buen Tiempo","S/D","S/D","Caída ocupante","Ninguna","Vertical","Ninguna","Sin restricción"
2014,6479,25/08/2014,"Lunes",0,,,"0.0",1,"Automóvil"," ",3,1,1,0,1,0,0,,"S/D",,"MARIA JUANA","Castellanos","Asfalto","S/D","V","S/D","Rural","S/D","S/D","Recta","Bueno","Buena","Atardecer","S/D","S/D","S/D","Despiste","S/D","S/D","S/D","S/D"
2014,6480,30/08/2014,"Sabado",0,19:15:00,,"0.0",2,"Automóvil,Moto/Ciclomotor","Avenida Alberdi Y Julio A Roca",2,0,1,0,1,0,0,,"Calle",,"ROLDÁN","San Lorenzo","Tierra","No existe","XVII","Dentro","Urbana","Ninguna","No existe","Intersección","Bueno","Buena","Atardecer","Buen Tiempo","Lateral","S/D","Colisión","S/D","Faltante","Ninguna","Sin restricción"
2014,6481,06/08/2014,"Miercoles",0,23:00:00,"Ruta Nacional 11","0.0",2,"Moto/Ciclomotor,Pickup/Utilitario","Calle 307 ",2,1,0,0,1,0,0,,"Ruta",11,"AVELLANEDA","General Obligado","Ripio","S/D","IX","Dentro","Urbana","S/D","S/D","Recta","Otro","Buena","Nocturna","Buen Tiempo","Lateral","S/D","Colisión","S/D","S/D","S/D","Sin restricción"
2014,6482,25/08/2014,"Lunes",0,21:00:00,,"0.0",2,"Moto/Ciclomotor,Automóvil","Blas Parera Y G Washington",2,0,1,0,1,0,0,,"Calle",,"RAFAELA","Castellanos","Asfalto","S/D","V","S/D","Urbana","S/D","S/D","Intersección","S/D","Buena","Nocturna,Con luz artificial","S/D","S/D","S/D","Colisión","S/D","S/D","S/D","S/D"
2014,6483,15/08/2014,"Viernes",0,,,"0.0",2,"Automóvil,Bicicleta","Juan Jose de Urquiza Y Cordoba",2,1,0,0,0,0,1,,"Calle",,"VILLA CONSTITUCIÓN","Constitución","Asfalto","No existe","VI","Dentro","Urbana","Ninguna","No existe","Intersección","Bueno","Buena","Diurna","Buen Tiempo","S/D","S/D","Atropello","Ninguna","Faltante","Cordón divisorio","Sin restricción"
2014,6484,23/08/2014,"Sabado",0,22:30:00,,"0.0",1,"Moto/Ciclomotor","Estanislao del Campo Y Candioti",2,1,0,0,1,0,0,,"Calle",,"RAFAELA","Castellanos","Asfalto","S/D","V","Dentro","Urbana","S/D","S/D","Intersección","S/D","S/D","Nocturna","S/D","S/D","S/D","Despiste","S/D","S/D","S/D","S/D"
2014,6485,08/08/2014,"Viernes",0,11:05:00,,"0.0",2,"Pickup/Utilitario,Moto/Ciclomotor","Calle 21 Y Calle 4",2,1,0,0,1,0,0,,"Calle",,"AVELLANEDA","General Obligado","Asfalto","No existe","IX","Dentro","Urbana","S/D","No existe","Intersección","Bueno","Buena","Diurna","Buen Tiempo","Lateral","S/D","Colisión","S/D","S/D","S/D","Sin restricción"
2014,6486,05/08/2014,"Martes",0,18:50:00,,"0.0",2,"Automóvil,Moto/Ciclomotor","Bv Hipolito Irigoyen ",2,1,0,0,1,0,0,,"Calle",,"RECONQUISTA","General Obligado","Asfalto","S/D","IX","S/D","Urbana","S/D","S/D","Intersección","Bueno","Buena","Atardecer","S/D","S/D","S/D","Colisión","Fluidos","S/D","S/D","S/D"
2014,6487,25/08/2014,"Lunes",0,12:15:00,,"0.0",2,"Bicicleta,Automóvil","Hermana Fortunata Y Bv Pte Roca",2,1,0,0,1,0,0,,"Avenida",,"RAFAELA","Castellanos","Hormigón","S/D","V","Dentro","Urbana","S/D","S/D","Intersección","S/D","S/D","Diurna","S/D","S/D","S/D","Atropello","S/D","S/D","S/D","S/D"
2014,6488,30/07/2014,"Miercoles",0,17:30:00,,"0.0",2,"Moto/Ciclomotor,Automóvil","Calle 18 Y Calle 7",3,1,0,0,2,0,0,,"Calle",,"AVELLANEDA","General Obligado","Asfalto","No existe","IX","Dentro","Urbana","S/D","S/D","Intersección","Bueno","Buena","Diurna","S/D","Lateral","S/D","Colisión","S/D","S/D","S/D","S/D"
2014,6489,11/08/2014,"Lunes",0,13:50:00,,"0.0",2,"Automóvil,Moto/Ciclomotor","Cordoba Y San Martin",3,1,0,0,2,0,0,,"Calle",,"MACIEL","San Jerónimo","Asfalto","No existe","XV","Dentro","Urbana","Ninguna","No existe","Intersección","Deteriorada","Buena","Diurna","Buen Tiempo","Lateral","S/D","Colisión","S/D","Faltante","Ninguna","Sin restricción"
2014,6490,16/08/2014,"Sabado",0,,"Ruta Nacional 11","0.0",2,"Automóvil,Moto/Ciclomotor","San Martin Y Acevedo",2,1,0,0,1,0,0,,"Ruta",11,"VILLA CONSTITUCIÓN","Constitución","Asfalto","No existe","VI","Dentro","Urbana","Semáforo","Funciona","Intersección","Bueno","Buena","Diurna","Buen Tiempo","S/D","S/D","Colisión","Ninguna","S/D","Cordón divisorio","Sin restricción"
2014,6491,24/08/2014,"Domingo",0,20:55:00,"Ruta Nacional 95","930.0",2,"Automóvil,Automóvil"," ",5,1,0,0,4,0,0,,"Ruta",95,"GATO COLORADO","9 de Julio","Asfalto","Natural","XII","S/D","Rural","Ninguna","No existe","Recta","Bueno","Buena","Nocturna","Buen Tiempo","De alcance","S/D","Colisión","Ninguna","Horizontal","Línea divisoria pintada","Sin restricción"
2014,6492,27/08/2014,"Miercoles",0,18:00:00,,"0.0",2,"Bicicleta,Pickup/Utilitario","Calle 18 - Gral Belgrano Y Calle 23-Gral lopez",3,0,1,0,0,0,2,,"Calle",,"RECONQUISTA","General Obligado","Asfalto","S/D","IX","Dentro","Urbana","S/D","S/D","Intersección","Bueno","Buena","Diurna","S/D","S/D","S/D","Atropello","S/D","S/D","S/D","S/D"
2014,6493,14/08/2014,"Jueves",0,18:30:00,,"0.0",2,"Vehículo Oficial,Moto/Ciclomotor","MANUEL DORREGO Y EVA PERON",2,1,0,0,1,0,0,,"Calle",,"VILLA CONSTITUCIÓN","Constitución","Asfalto","No existe","VI","Dentro","Urbana","Ninguna","No existe","Intersección","Bueno","Buena","Diurna","Buen Tiempo","S/D","S/D","Colisión","Ninguna","Faltante","Cordón divisorio","Sin restricción"
2014,6494,13/08/2014,"Miercoles",0,10:30:00,"Ruta Nacional 11","407.0",1,"Automóvil"," ",1,1,0,0,0,0,0,,"Ruta",11,"AROCENA","San Jerónimo","Asfalto","Natural","XIV","S/D","Rural","S/D","No existe","Recta","Bueno","Buena","Diurna","Buen Tiempo","Contra objeto fijo","S/D","Despiste","S/D","Vertical","Línea divisoria pintada","Sin restricción"
2014,6495,21/08/2014,"Jueves",0,17:45:00,,"0.0",2,"Moto/Ciclomotor,Pickup/Utilitario","Cordoba Y Alem",3,1,1,0,1,0,0,,"Calle",,"ATALIVA","Castellanos","S/D","S/D","V","S/D","Urbana","S/D","S/D","Intersección","Bueno","Buena","Diurna","S/D","S/D","S/D","Colisión","S/D","S/D","S/D","S/D"
2014,6496,14/08/2014,"Jueves",0,11:30:00,,"0.0",1,"Moto/Ciclomotor","Calle s/n ",1,1,0,0,0,0,0,,"Camino Rural",,"SANTA ROSA DE CALCHINES","Garay","Tierra","Natural","VII","Fuera","Rural","Ninguna","No existe","Intersección","Ahuellamiento","Buena","Diurna","Buen Tiempo","Contra objeto fijo","S/D","Colisión","S/D","Faltante","Ninguna","Sin restricción"
2014,6497,09/08/2014,"Sabado",0,,,"0.0",2,"Moto/Ciclomotor,Peatón","Santiago del Estero Y Sarmiento",2,1,0,0,1,0,0,,"Calle",,"VILLA CONSTITUCIÓN","Constitución","Asfalto","S/D","VI","Dentro","Urbana","Ninguna","S/D","Intersección","Bueno","S/D","S/D","Buen Tiempo","S/D","S/D","Atropello","Ninguna","S/D","Cordón divisorio","Sin restricción"
2014,6498,20/08/2014,"Miercoles",0,17:30:00,,"0.0",2,"Moto/Ciclomotor,Pickup/Utilitario","Victor Manuel Y 1ro de Mayo",3,1,1,0,1,0,0,,"Calle",,"RAFAELA","Castellanos","Asfalto","S/D","V","S/D","Urbana","S/D","S/D","Intersección","Bueno","Buena","Diurna","S/D","S/D","S/D","Colisión","S/D","S/D","S/D","S/D"
2014,6499,11/08/2014,"Lunes",0,,,"0.0",2,"Automóvil,Moto/Ciclomotor","Jujuy Y Salta",2,1,0,0,1,0,0,,"Calle",,"VILLA CONSTITUCIÓN","Constitución","Asfalto","No existe","VI","Dentro","Urbana","Ninguna","No existe","Intersección","Bueno","Buena","Diurna","Buen Tiempo","S/D","S/D","Colisión","Ninguna","Faltante","Cordón divisorio","Sin restricción"
2014,6500,09/08/2014,"Sabado",0,21:42:00,"Ruta Nacional 95","929.0",2,"Moto/Ciclomotor,Tractor"," ",2,0,1,0,1,0,0,,"Ruta",95,"GATO COLORADO","9 de Julio","Asfalto","Natural","XII","S/D","Rural","Ninguna","No existe","Recta","S/D","Buena","Nocturna","Buen Tiempo","De alcance","S/D","Colisión","Ninguna","Horizontal","Línea divisoria pintada","Sin restricción"
2014,6501,17/08/2014,"Domingo",0,,,"0.0",2,"Bicicleta,Automóvil","French Y Rivadavia",2,1,0,0,1,0,0,,"Calle",,"VILLA CONSTITUCIÓN","Constitución","Asfalto","No existe","VI","Dentro","Urbana","Ninguna","No existe","Intersección","Bueno","Buena","Diurna","Buen Tiempo","S/D","S/D","Atropello","Ninguna","Faltante","Cordón divisorio","Sin restricción"
2014,6502,21/08/2014,"Jueves",0,09:15:00,,"0.0",2,"Moto/Ciclomotor,Pickup/Utilitario","Tucuman Y Bv Jaime Ferre",2,1,0,0,1,0,0,,"Calle",,"RAFAELA","Castellanos","Asfalto","S/D","V","S/D","Urbana","S/D","S/D","Intersección","S/D","Buena","Diurna","S/D","S/D","S/D","Colisión","S/D","S/D","S/D","S/D"
2014,6503,11/08/2014,"Lunes",0,23:00:00,"Ruta Nacional 11","0.0",2,"Peatón,Moto/Ciclomotor","Feliciano Silva ",2,1,0,0,0,0,1,,"Ruta",11,"SAN LORENZO","San Lorenzo","S/D","S/D","XVII","Dentro","Urbana","S/D","S/D","Intersección","S/D","S/D","Nocturna","S/D","S/D","S/D","Atropello","S/D","S/D","S/D","S/D"
2014,6504,09/08/2014,"Sabado",0,15:40:00,"Ruta Provincial 14","0.0",1,"Moto/Ciclomotor"," ",2,1,0,0,1,0,0,,"Ruta",14,"PUEBLO MIGUEL TORRES","General López","Hormigón","Natural","VIII","S/D","Rural","Ninguna","No existe","Intersección","Deteriorada","Buena","Diurna","Buen Tiempo","Otro","S/D","Vuelco","S/D","Horizontal","Línea divisoria pintada","Sin restricción"
2014,6505,17/08/2014,"Domingo",0,18:30:00,,"0.0",2,"Moto/Ciclomotor,Moto/Ciclomotor","Granadero Baigorria ",4,2,0,0,2,0,0,,"Calle",,"SAN LORENZO","San Lorenzo","S/D","S/D","XVII","Dentro","Urbana","S/D","S/D","S/D","S/D","S/D","Diurna","S/D","Lateral","S/D","Colisión","S/D","S/D","S/D","S/D"
2014,6506,02/08/2014,"Sabado",0,12:30:00,,"0.0",2,"Moto/Ciclomotor,Pickup/Utilitario","General San Martin Y Oyarzabal",3,1,0,0,2,0,0,,"Calle",,"POZO BORRADO","9 de Julio","Ripio","S/D","XII","Dentro","Urbana","Ninguna","No existe","Intersección","Bueno","Buena","Diurna","Buen Tiempo","Lateral","S/D","Colisión","Material Suelto","Horizontal","Ninguna","Sin restricción"
2014,6507,20/08/2014,"Miercoles",0,,,"0.0",2,"Moto/Ciclomotor,Pickup/Utilitario","Cordoba Y Juan Jose de Urquiza",3,2,0,0,0,0,1,,"Calle",,"VILLA CONSTITUCIÓN","Constitución","Asfalto","No existe","VI","Dentro","Urbana","Ninguna","No existe","Intersección","Bueno","Buena","Diurna","Otro","S/D","S/D","Colisión","Ninguna","Faltante","Cordón divisorio","Sin restricción"
2014,6508,19/08/2014,"Martes",0,,"Ruta Nacional 11","0.0",2,"Moto/Ciclomotor,Automóvil","San Juan ",2,1,0,0,0,0,1,,"Ruta",11,"SAN LORENZO","San Lorenzo","S/D","S/D","XVII","Dentro","Urbana","S/D","S/D","Intersección","S/D","Buena","S/D","S/D","Lateral","S/D","Colisión","S/D","S/D","S/D","S/D"
2014,6509,20/08/2014,"Miercoles",0,11:50:00,,"0.0",2,"Bicicleta,Moto/Ciclomotor","Mensajero Donna Y 500 Millas Argentinas",2,1,0,0,1,0,0,,"Calle",,"RAFAELA","Castellanos","Hormigón","S/D","V","Dentro","Urbana","S/D","S/D","Intersección","S/D","S/D","Diurna","S/D","S/D","S/D","Atropello","S/D","S/D","S/D","S/D"
2014,6510,14/08/2014,"Jueves",0,11:30:00,,"0.0",1,"Moto/Ciclomotor"," ",1,1,0,0,0,0,0,,"Camino Rural",,"SANTA ROSA DE CALCHINES","Garay","Tierra","Natural","VII","Fuera","Rural","Ninguna","No existe","Intersección","Ahuellamiento","Buena","Diurna","Buen Tiempo","Contra objeto fijo","S/D","Colisión","S/D","Faltante","Ninguna","Sin restricción"
2014,6511,15/08/2014,"Viernes",0,20:00:00,,"0.0",2,"Bicicleta,Automóvil","Oroño Y Juan Manuel de Rosas",2,1,0,0,1,0,0,,"Calle",,"VILLA CONSTITUCIÓN","Constitución","Asfalto","S/D","VI","Dentro","Urbana","S/D","S/D","Intersección","Bueno","Buena","Diurna","Buen Tiempo","S/D","S/D","Atropello","S/D","S/D","S/D","S/D"
2014,6512,13/07/2014,"Domingo",0,19:45:00,,"0.0",2,"Automóvil,Moto/Ciclomotor","Luis Braille Y San Juan",2,1,0,0,1,0,0,,"Calle",,"SAN LORENZO","San Lorenzo","S/D","S/D","XVII","Dentro","Urbana","S/D","S/D","Intersección","S/D","S/D","Atardecer","S/D","Lateral","S/D","Colisión","S/D","S/D","S/D","S/D"
2014,6513,20/08/2014,"Miercoles",0,20:00:00,,"0.0",2,"Automóvil,Moto/Ciclomotor","Avda. O Lagos Y C Escalada",2,1,0,0,1,0,0,,"Avenida",,"SAN LORENZO","San Lorenzo","S/D","S/D","XVII","Dentro","Urbana","S/D","S/D","Intersección","S/D","S/D","Nocturna","S/D","Lateral","S/D","Colisión","S/D","S/D","S/D","S/D"
2014,6514,31/08/2014,"Domingo",0,,,"0.0",1,"Moto/Ciclomotor","Pueyrredon Y Pringles",1,0,1,0,0,0,0,,"S/D",,"SAN CRISTÓBAL","San Cristóbal","Asfalto","No existe","XIII","S/D","S/D","Ninguna","No existe","Intersección","Bueno","Buena","Atardecer","Buen Tiempo","S/D","S/D","Caída ocupante","Otro","S/D","Ninguna","Accidente Previo"
2014,6515,31/03/2014,"Lunes",0,21:00:00,,"0.0",2,"Automóvil,Moto/Ciclomotor","Caseros Y Urquiza",2,1,0,0,1,0,0,,"Calle",,"SAN CRISTÓBAL","San Cristóbal","Asfalto","No existe","XIII","Dentro","Urbana","Ninguna","No existe","Intersección","Bueno","Buena","Diurna","Buen Tiempo","Frontal","S/D","Colisión","Otro","Faltante","Ninguna","Accidente Previo"
2014,6516,15/08/2014,"Viernes",0,19:10:00,,"0.0",2,"Peatón,Moto/Ciclomotor","Amenabar Y Reconquista",2,1,0,0,1,0,0,,"S/D",,"CERES","San Cristóbal","Arena","No existe","XIII","Dentro","Urbana","Ninguna","No existe","Recta","Resbaladiza","Buena","Atardecer","Buen Tiempo","S/D","S/D","Atropello","Agua","Faltante","Ninguna","S/D"
2014,6517,22/07/2014,"Martes",0,13:58:00,,"0.0",2,"Pickup/Utilitario,Moto/Ciclomotor","Uriburu Y 3 de Febrero",2,0,1,0,1,0,0,,"Calle",,"SAN LORENZO","San Lorenzo","S/D","S/D","XVII","Dentro","Urbana","S/D","S/D","Intersección","S/D","S/D","Diurna","S/D","Lateral","S/D","Colisión","S/D","S/D","S/D","S/D"