"anio_acci","nro_acci","fecha","desc_dia","fecha_aprox","hora_aprox","desc_ruta","km","cant_participantes","desc_participante","calle_avenida_km","total","heridos_leves","heridos_graves","heridos_gravisimos","ilesos","fallecidos","sin_datos","posicion_XY","desc_tipo_via","desc_ruta_ori","desc_loc","desc_dpto","desc_tipo_calzada","desc_tipo_banquina","desc_unidad_regional","desc_lugar_calzada","desc_zona","desc_prioridad","desc_estado_semaforo","desc_lugar_via","desc_estado_via","desc_estado_visibilidad","desc_luminosidad","desc_estado_clima","desc_tipo_colision","desc_tipo_atropello","desc_tipo_hecho","desc_pres_calzada","desc_senializacion","desc_separacion_via","desc_restriccion"
2014,6518,11/08/2014,"Lunes",0,18:40:00,,"0.0",2,"Moto/Ciclomotor,Bicicleta","PJE QUINO 724",2,1,0,0,0,0,1,,"S/D",,"CERES","San Cristóbal","Tierra","No existe","XIII","S/D","Urbana","Ninguna","No existe","Recta","Bueno","Buena","Nocturna,Con luz artificial","Buen Tiempo","S/D","S/D","Atropello","Otro","Faltante","S/D","S/D"
2014,6519,02/08/2014,"Sabado",0,19:40:00,,"0.0",2,"Moto/Ciclomotor,Bicicleta","Pte Juan D Peron ",3,2,0,0,1,0,0,,"Calle",,"TOSTADO","9 de Julio","Asfalto","Pavimento","XII","S/D","Urbana","Ninguna","No existe","Recta","Bueno","Buena","Nocturna,Con luz artificial","Buen Tiempo","S/D","S/D","Atropello","S/D","S/D","Ninguna","Sin restricción"
2014,6520,05/08/2014,"Martes",0,16:00:00,,"0.0",2,"Automóvil,Moto/Ciclomotor","Santiago del Estero Y Julio A Roca",2,1,0,0,1,0,0,,"Calle",,"TOSTADO","9 de Julio","Ripio","No existe","XII","S/D","Urbana","Ninguna","No existe","Intersección","Otro","Buena","Diurna","Buen Tiempo","Lateral","S/D","Colisión","Otro","Faltante","S/D","Sin restricción"
2014,6521,10/08/2014,"Domingo",0,16:40:00,,"0.0",2,"Automóvil,Moto/Ciclomotor","Hector Estela Y Independencia",2,0,1,0,1,0,0,,"Calle",,"TOSTADO","9 de Julio","Ripio","Natural","XII","S/D","Urbana","Ninguna","No existe","Intersección","Bueno","Buena","Diurna","Buen Tiempo","Lateral","S/D","Colisión","Ninguna","Faltante","Ninguna","Sin restricción"
2014,6522,16/08/2014,"Sabado",0,11:30:00,,"0.0",2,"Pickup/Utilitario,Moto/Ciclomotor","Pte Juan D Peron ",2,1,0,0,1,0,0,,"Avenida",,"TOSTADO","9 de Julio","Asfalto","Pavimento","XII","Dentro","Urbana","Ninguna","No existe","Otro","Bueno","Buena","Diurna","Buen Tiempo","Otro","S/D","Colisión","Ninguna","Faltante","Ninguna","Sin restricción"
2014,6523,05/08/2014,"Martes",0,16:15:00,,"0.0",2,"Moto/Ciclomotor,Automóvil","Gral San Martin Y 9 de Julio",2,1,0,0,1,0,0,,"Calle",,"VILLA MINETTI","9 de Julio","Ripio","No existe","XII","Dentro","Urbana","Ninguna","No existe","Intersección","Bueno","Buena","Diurna","Buen Tiempo","Lateral","S/D","Colisión","S/D","Faltante","Ninguna","Sin restricción"
2014,6524,22/08/2014,"Viernes",0,15:45:00,,"0.0",1,"Moto/Ciclomotor","Gral Lopez Y Bv Oro±o",1,1,0,0,0,0,0,,"Calle",,"CORONDA","San Jerónimo","Asfalto","No existe","XV","Dentro","Urbana","Ninguna","No existe","Recta","Bueno","Buena","Diurna","Buen Tiempo","S/D","S/D","Caída ocupante","S/D","Faltante","Ninguna","Sin restricción"
2014,6525,21/08/2014,"Jueves",0,13:00:00,,"0.0",2,"Moto/Ciclomotor,Automóvil","Manuel Dorrego Y Entre Rios",3,2,0,0,1,0,0,,"Avenida",,"VILLA CONSTITUCIÓN","Constitución","Asfalto","Pavimento","VI","S/D","Urbana","Ninguna","No existe","Intersección","Otro","Buena","Diurna","Buen Tiempo","Otro","S/D","Colisión","Ninguna","Faltante","Cordón divisorio","Sin restricción"
2014,6526,13/08/2014,"Miercoles",0,,,"0.0",2,"Pickup/Utilitario,Moto/Ciclomotor","Mendoza Y Independencia",3,2,0,0,1,0,0,,"Calle",,"VILLA CONSTITUCIÓN","Constitución","Asfalto","No existe","VI","S/D","Urbana","Ninguna","No existe","Intersección","Bueno","Buena","Diurna","Buen Tiempo","S/D","S/D","Colisión","Ninguna","Faltante","Cordón divisorio","Sin restricción"
2014,6527,19/08/2014,"Martes",0,09:10:00,,"0.0",2,"Automóvil,Moto/Ciclomotor","25 de Mayo Y Espa±a",5,2,0,0,3,0,0,,"Calle",,"CORONDA","San Jerónimo","Asfalto","No existe","XV","Dentro","Urbana","Ninguna","No existe","Recta","Bueno","Buena","Diurna","Buen Tiempo","Lateral","S/D","Colisión","S/D","Faltante","Ninguna","Sin restricción"
2014,6528,11/08/2014,"Lunes",0,,"Ruta Provincial 21","0.0",2,"Automóvil,Otros","San Martin Y Pampa",3,2,0,0,1,0,0,,"Ruta",21,"VILLA CONSTITUCIÓN","Constitución","Asfalto","No existe","VI","S/D","Urbana","Ninguna","No existe","Intersección","Bueno","Buena","Diurna","Buen Tiempo","S/D","S/D","Colisión","Ninguna","Faltante","Cordón divisorio","Sin restricción"
2014,6529,26/08/2014,"Martes",0,,,"0.0",2,"Moto/Ciclomotor,Automóvil","Dorrego 900",2,1,0,0,1,0,0,,"S/D",,"SAN LORENZO","San Lorenzo","S/D","S/D","XVII","S/D","Urbana","S/D","S/D","S/D","S/D","S/D","S/D","S/D","S/D","S/D","Colisión","S/D","S/D","S/D","S/D"
2014,6530,20/08/2014,"Miercoles",0,06:00:00,"Ruta Provincial 18","34.2",2,"Automóvil,Camión"," ",4,1,0,0,3,0,0,,"Ruta",18,"PAVÓN ARRIBA","Constitución","Asfalto","Natural","VI","Dentro","Rural","Ninguna","No existe","Recta","Bueno","Buena","Amanecer","Buen Tiempo","Frontal,Lateral","S/D","Colisión","Otro","Faltante","Línea divisoria pintada","Sin restricción"
2014,6531,28/08/2014,"Jueves",0,12:10:00,,"0.0",2,"Moto/Ciclomotor,Automóvil","Belgrano 2200",2,1,0,0,1,0,0,,"Avenida",,"CORONDA","San Jerónimo","Asfalto","No existe","XV","Dentro","Urbana","Semáforo","Funciona","Recta","Bueno","Buena","Diurna","Buen Tiempo","De alcance","S/D","Colisión","S/D","Vertical","Línea divisoria pintada","Sin restricción"
2014,6532,30/08/2014,"Sabado",0,06:30:00,"Ruta Secundaria 41-s","0.0",1,"Moto/Ciclomotor"," ",2,1,1,0,0,0,0,,"Ruta","41-s","BARRANCAS","San Jerónimo","Asfalto","S/D","XV","S/D","Rural","S/D","No existe","Recta","Bueno","Buena","Amanecer","Buen Tiempo","S/D","S/D","Caída ocupante","S/D","Faltante","S/D","S/D"
2014,6533,29/08/2014,"Viernes",0,21:40:00,,"0.0",2,"Automóvil,Moto/Ciclomotor","Ing White Y Jose Marquez",2,1,0,0,1,0,0,,"Calle",,"SAN LORENZO","San Lorenzo","S/D","S/D","XVII","S/D","S/D","S/D","S/D","S/D","S/D","S/D","Nocturna","S/D","S/D","S/D","Colisión","S/D","S/D","S/D","S/D"
2014,6534,17/08/2014,"Domingo",0,03:00:00,,"0.0",2,"Automóvil,Moto/Ciclomotor","Belgrano Y Moreno",4,1,0,0,3,0,0,,"Calle",,"PUERTO SAN MARTÍN","San Lorenzo","Asfalto","No existe","VII","Dentro","Urbana","Ninguna","No existe","Intersección","Bueno","Buena","Nocturna,Con luz artificial","Buen Tiempo","Lateral","S/D","Colisión","S/D","Horizontal","Ninguna","Sin restricción"
2014,6535,19/08/2014,"Martes",0,13:45:00,,"0.0",2,"Moto/Ciclomotor,Automóvil","Saavedra Y Chubut",3,2,0,0,0,0,1,,"Calle",,"VILLA CONSTITUCIÓN","Constitución","Asfalto","S/D","VI","Dentro","Urbana","S/D","S/D","Recta","Bueno","Buena","Diurna","Buen Tiempo","Frontal","S/D","Colisión","S/D","S/D","S/D","S/D"
2014,6536,30/08/2014,"Sabado",0,12:15:00,,"0.0",2,"Pickup/Utilitario,Bicicleta","Irigoyen Y Dr Ghio",3,2,0,0,1,0,0,,"Calle",,"SAN LORENZO","San Lorenzo","S/D","S/D","XVII","Dentro","Urbana","S/D","S/D","Intersección","S/D","S/D","Diurna","S/D","S/D","S/D","Atropello","S/D","S/D","S/D","S/D"
2014,6537,28/08/2014,"Jueves",0,10:40:00,"Ruta Provincial Brigadier E.López","71.0",1,"Automóvil"," ",1,1,0,0,0,0,0,,"Ruta","Brigadier E.López","BARRANCAS","San Jerónimo","Tierra","Natural","XV","Dentro","Rural","S/D","No existe","Recta","Bueno","Buena","Diurna","Buen Tiempo","S/D","S/D","Vuelco","S/D","S/D","Vegetación","S/D"
2014,6538,27/08/2014,"Miercoles",0,13:00:00,,"0.0",2,"Moto/Ciclomotor,Peatón","25 de Mayo Y Sarmiento",3,3,0,0,0,0,0,,"Calle",,"PUERTO SAN MARTÍN","San Lorenzo","Asfalto","No existe","XVII","Dentro","Urbana","Ninguna","No existe","Intersección","Bueno","Buena","Diurna","Buen Tiempo","S/D","S/D","Atropello","Ninguna","Horizontal","Ninguna","Sin restricción"
2014,6539,03/08/2014,"Domingo",0,05:30:00,,"0.0",1,"Automóvil","Figueroa Alcorta 900",2,2,0,0,0,0,0,,"Calle",,"TORTUGAS","Belgrano","Ripio","S/D","III","Fuera","Urbana","S/D","No existe","Recta","Bueno","Buena","Nocturna","Buen Tiempo","Contra objeto fijo","S/D","Colisión","Ninguna","Faltante","S/D","Sin restricción"
2014,6540,04/08/2014,"Lunes",0,13:00:00,,"0.0",2,"Moto/Ciclomotor,Moto/Ciclomotor","Catamarca Y Bv 9 de Julio",2,0,1,0,1,0,0,,"Calle",,"SAN JORGE","San Martín","Asfalto","No existe","XVIII","S/D","Urbana","Ninguna","No existe","Intersección","Bueno","Buena","Diurna","Buen Tiempo","Lateral","S/D","Colisión","S/D","Vertical","Ninguna","Sin restricción"
2014,6541,05/08/2014,"Martes",0,20:30:00,,"0.0",2,"Moto/Ciclomotor,Pickup/Utilitario","Bv Jose M Maciel Y Entre Rios",4,1,0,0,3,0,0,,"Calle",,"MACIEL","San Jerónimo","Asfalto","Natural","XV","Dentro","Urbana","S/D","No existe","Intersección","Bueno","Buena","Diurna","Buen Tiempo","Lateral","S/D","Colisión","Otro","S/D","Cordón divisorio","S/D"
2014,6542,21/08/2014,"Jueves",0,,,"0.0",2,"Automóvil,Moto/Ciclomotor","Acevedo Y Belgrano",3,1,1,0,1,0,0,,"Avenida",,"VILLA CONSTITUCIÓN","Constitución","Asfalto","No existe","VI","S/D","Urbana","Ninguna","No existe","Intersección","Otro","Buena","Diurna","Buen Tiempo","S/D","S/D","Colisión","Ninguna","Faltante","Cordón divisorio","Sin restricción"
2014,6543,03/08/2014,"Domingo",0,00:10:00,,"0.0",2,"Automóvil,Moto/Ciclomotor","Republica de Chile Y Jujuy",2,1,0,0,1,0,0,,"Calle",,"SAN LORENZO","San Lorenzo","S/D","S/D","XVII","S/D","S/D","S/D","S/D","Intersección","S/D","S/D","Nocturna","S/D","S/D","S/D","S/D","S/D","S/D","S/D","S/D"
2014,6544,25/08/2014,"Lunes",0,07:15:00,"Ruta Nacional 33","564.0",2,"Pickup/Utilitario,Camión"," ",2,1,0,0,1,0,0,,"Ruta",33,"AMENABAR","General López","Asfalto","Natural","VIII","Dentro","Urbana","S/D","No existe","S/D","Bueno","Reducida","Diurna","Viento Fuerte","Lateral","S/D","Colisión","S/D","Horizontal","Ninguna","Sin restricción"
2014,6545,29/08/2014,"Viernes",0,09:00:00,,"0.0",2,"Automóvil,Bicicleta","J B Alberdi Y G Kirk",2,1,0,0,1,0,0,,"Calle",,"PUERTO SAN MARTÍN","San Lorenzo","Asfalto","No existe","XVII","Dentro","Urbana","Ninguna","No existe","Intersección","Bueno","Buena","Diurna","Buen Tiempo","S/D","S/D","Atropello","Ninguna","Horizontal","Ninguna","Sin restricción"
2014,6546,05/08/2014,"Martes",0,19:30:00,,"0.0",2,"Bicicleta,Pickup/Utilitario","Bartolome Mitre Y San Juan",2,0,1,0,0,0,1,,"Calle",,"SAN JORGE","San Martín","Asfalto","No existe","XVIII","S/D","Urbana","Ninguna","No existe","Intersección","Bueno","Buena","Nocturna","Buen Tiempo","S/D","S/D","Atropello","S/D","Vertical","Barrera de hormigón","Sin restricción"
2014,6547,27/08/2014,"Miercoles",0,16:05:00,"Ruta Nacional 177","0.0",2,"Moto/Ciclomotor,Moto/Ciclomotor","Simon Bolivar ",3,3,0,0,0,0,0,,"Ruta",177,"VILLA CONSTITUCIÓN","Constitución","Asfalto","No existe","VI","S/D","Urbana","Ninguna","No existe","Intersección","Bueno","Buena","Diurna","Otro","S/D","S/D","Colisión","Ninguna","Faltante","Cordón divisorio","Sin restricción"
2014,6548,01/08/2014,"Viernes",0,19:00:00,"Ruta Provincial 1","0.0",2,"Automóvil,Moto/Ciclomotor","Ruta N° 1 Y Bv T Madrejon",2,1,0,0,1,0,0,,"Ruta",1,"SAN JAVIER","San Javier","Asfalto","Natural","XIV","Dentro","Urbana","Ninguna","No existe","Intersección","Otro","Reducida","Atardecer","Buen Tiempo","Lateral","S/D","Colisión","Material Suelto","Faltante","Ninguna","Sin restricción"
2014,6549,08/08/2014,"Viernes",0,22:00:00,,"0.0",2,"Pickup/Utilitario,Moto/Ciclomotor","Urquiza Y Republica de Chile",4,2,0,0,2,0,0,,"Calle",,"SAN LORENZO","San Lorenzo","S/D","S/D","XVII","S/D","S/D","S/D","S/D","Intersección","S/D","S/D","Nocturna","S/D","S/D","S/D","Colisión","S/D","S/D","S/D","S/D"
2014,6550,16/08/2014,"Sabado",0,12:30:00,,"0.0",1,"Otros","Alberdi Y San Martin",2,1,0,0,0,0,1,,"Calle",,"LA GALLARETA","Vera","Ripio","Ripio","XIX","Dentro","Urbana","Ninguna","No existe","Intersección","Bueno","Buena","Diurna","Buen Tiempo","Otro","S/D","Caída ocupante","S/D","Faltante","Barrera de hormigón","Sin restricción"
2014,6551,24/08/2014,"Domingo",0,20:15:00,,"0.0",2,"Moto/Ciclomotor,Automóvil","9 de Julio Y Jose Ingenieros",6,1,0,0,5,0,0,,"Calle",,"SUNCHALES","Castellanos","S/D","S/D","V","Dentro","Urbana","S/D","S/D","Intersección","S/D","S/D","Nocturna","S/D","Lateral","S/D","Colisión","S/D","S/D","S/D","S/D"
2014,6552,09/09/2014,"Martes",0,00:30:00,,"0.0",1,"Moto/Ciclomotor","Catamarca ",2,2,0,0,0,0,0,,"Calle",,"SAN JORGE","San Martín","Asfalto","No existe","XVIII","Fuera","Urbana","Ninguna","No existe","Recta","Bueno","S/D","Nocturna","Buen Tiempo","Contra objeto fijo","S/D","Colisión","S/D","Vertical","S/D","S/D"
2014,6553,10/08/2014,"Domingo",0,12:55:00,"Ruta Nacional 11","691.0",1,"Camión"," ",1,1,0,0,0,0,0,,"Ruta",11,"MARGARITA","Vera","Asfalto","Ripio","XIX","Dentro","Rural","Ninguna","No existe","Recta","Bueno,Ahuellamiento","Buena","Diurna","Buen Tiempo","S/D","S/D","Vuelco","Otro","Vertical","Ninguna","Sin restricción"
2014,6554,08/08/2014,"Viernes",0,07:45:00,,"0.0",2,"Moto/Ciclomotor,Camión","Av Doctor E Salva 530",3,0,1,0,2,0,0,,"Avenida",,"RAFAELA","Castellanos","Hormigón","S/D","V","Dentro","Urbana","S/D","S/D","Recta","S/D","Buena","Amanecer","S/D","Lateral","S/D","Colisión","S/D","S/D","S/D","S/D"
2014,6555,31/07/2014,"Jueves",0,20:40:00,"Ruta Provincial 93","0.0",1,"Automóvil","Ruta provincial N? 14 ",1,1,0,0,0,0,0,,"Ruta",93,"PUEBLO MIGUEL TORRES","General López","Hormigón","Natural","VIII","Fuera","Rural","Ninguna","No existe","Intersección","Deteriorada","Reducida","Nocturna,Con luz artificial","Niebla","Contra objeto fijo","S/D","Colisión","S/D","Horizontal","Línea divisoria pintada","Sin restricción"
2014,6556,03/08/2014,"Domingo",0,10:00:00,"Ruta Provincial 21","6.0",1,"Automóvil"," ",4,1,0,0,3,0,0,,"Ruta",21,"VILLA CONSTITUCIÓN","Constitución","Asfalto","Natural","VI","Dentro","Rural","Ninguna","No existe","Curva","Bueno","Buena","Nocturna","Buen Tiempo","S/D","S/D","Vuelco","Ninguna","Vertical","Línea divisoria pintada","Sin restricción"
2014,6557,31/07/2014,"Jueves",0,10:30:00,"Ruta Nacional 11","333.0",3,"Automóvil,Automóvil,Pickup/Utilitario"," ",4,2,0,0,2,0,0,,"Ruta",11,"SAN LORENZO","San Lorenzo","S/D","S/D","XVIII","Dentro","Rural","S/D","S/D","Puente","S/D","Buena","Diurna","S/D","Múltiple","S/D","Colisión","S/D","S/D","S/D","S/D"
2014,6558,10/08/2014,"Domingo",0,06:20:00,"Ruta Provincial 14","92.5",1,"Automóvil","Ruta provincial N? 14 ",4,4,0,0,0,0,0,,"Ruta",14,"PUEBLO MIGUEL TORRES","General López","Hormigón","Natural","VIII","Fuera","Rural","Ninguna","No existe","Curva","Deteriorada","Reducida","Nocturna","Niebla","Contra objeto fijo","S/D","Colisión","S/D","Faltante","Línea divisoria pintada","Sin restricción"
2014,6559,02/08/2014,"Sabado",0,14:00:00,,"0.0",2,"Automóvil,Moto/Ciclomotor","San Martin Y 9 de Julio",3,2,0,0,1,0,0,,"Calle",,"MARGARITA","Vera","Hormigón","No existe","XIX","Dentro","Urbana","Ninguna","No existe","Intersección","Bueno","Buena","Diurna","Buen Tiempo","Lateral","S/D","Colisión","S/D","S/D","Ninguna","Sin restricción"
2014,6560,25/08/2014,"Lunes",0,17:16:00,,"0.0",2,"Bicicleta,Automóvil","Comodoro Rivadavia Y Manuel Dorrego",3,1,0,0,0,0,2,,"Avenida",,"VILLA CONSTITUCIÓN","Constitución","Asfalto","S/D","VI","Dentro","Urbana","S/D","S/D","Recta","Bueno","Buena","Diurna","S/D","S/D","S/D","Atropello","S/D","S/D","S/D","S/D"
2014,6561,09/08/2014,"Sabado",0,23:50:00,,"0.0",1,"Moto/Ciclomotor","Bv B Mitre Y Clemente Albelo",1,1,0,0,0,0,0,,"Avenida",,"SAN LORENZO","San Lorenzo","Asfalto","No existe","XVII","Dentro","Urbana","S/D","S/D","Intersección","S/D","S/D","S/D","S/D","S/D","S/D","Caída ocupante","S/D","S/D","S/D","S/D"
2014,6562,16/08/2014,"Sabado",0,22:00:00,"Ruta Nacional 11","688.0",1,"Moto/Ciclomotor"," ",2,2,0,0,0,0,0,,"Ruta",11,"MARGARITA","Vera","Asfalto","Natural","XIX","Dentro","Urbana","Ninguna","No existe","Recta","Bueno","Buena","Nocturna","Buen Tiempo","S/D","S/D","Caída ocupante","S/D","S/D","S/D","Sin restricción"
2014,6563,06/08/2014,"Miercoles",0,08:35:00,,"0.0",2,"Moto/Ciclomotor,Automóvil","BOLIVIA Y BV OROÑO",2,1,0,0,1,0,0,,"Calle",,"SAN LORENZO","San Lorenzo","S/D","S/D","XVII","S/D","Urbana","S/D","S/D","Intersección","S/D","S/D","Diurna","S/D","S/D","S/D","S/D","S/D","S/D","S/D","S/D"
2014,6564,25/08/2014,"Lunes",0,08:45:00,,"0.0",3,"Automóvil,Automóvil,Pickup/Utilitario","Ruta Nac 11 Y Sarmiento",3,1,0,0,2,0,0,,"Avenida",,"SAN LORENZO","San Lorenzo","Asfalto","S/D","XVII","Dentro","Urbana","S/D","S/D","Intersección","Bueno","S/D","Diurna","S/D","Múltiple","S/D","Colisión","S/D","S/D","S/D","S/D"
2014,6565,14/08/2014,"Jueves",0,19:40:00,,"0.0",2,"Moto/Ciclomotor,Pickup/Utilitario","Dorrego Y San Luis",4,1,0,0,3,0,0,,"Calle",,"SAN JORGE","San Martín","Asfalto","No existe","XVIII","Dentro","Urbana","Ninguna","No existe","Intersección","Bueno","Buena","Atardecer","Buen Tiempo","Lateral","S/D","Colisión","S/D","Vertical","S/D","Sin restricción"
2014,6566,05/08/2014,"Martes",0,10:00:00,,"0.0",2,"Automóvil,Bicicleta","H Irigoyen 1400",2,1,0,0,1,0,0,,"Calle",,"VERA","Vera","Tierra","No existe","XIX","S/D","Urbana","Ninguna","No existe","Recta","Con baches","Buena","Diurna","Buen Tiempo","S/D","S/D","Atropello","S/D","Faltante","Ninguna","S/D"
2014,6567,30/08/2014,"Sabado",0,14:25:00,,"0.0",2,"Automóvil,Moto/Ciclomotor","Sgto Cabral Y Buenos Aires",3,2,0,0,1,0,0,,"Calle",,"PUERTO SAN MARTÍN","San Lorenzo","Asfalto","No existe","XVII","Dentro","Urbana","Ninguna","No existe","Intersección","Bueno","Buena","Diurna","Buen Tiempo","Lateral","S/D","Colisión","Ninguna","Horizontal","Ninguna","Sin restricción"
2014,6569,23/08/2014,"Sabado",0,11:40:00,,"0.0",2,"Automóvil,Moto/Ciclomotor","Urquiza Y Tte. roca",2,1,0,0,1,0,0,,"S/D",,"SAN LORENZO","San Lorenzo","S/D","S/D","XVII","S/D","S/D","S/D","S/D","S/D","S/D","S/D","Diurna","S/D","S/D","S/D","S/D","S/D","S/D","S/D","S/D"
2014,6570,03/08/2014,"Domingo",0,20:30:00,,"0.0",2,"Automóvil,Peatón","Bv Belgrano Y Juan De Garay",2,0,1,0,1,0,0,,"Avenida",,"CALCHAQUÍ","Vera","Asfalto","No existe","XIX","Dentro","Urbana","Ninguna","S/D","Intersección","Bueno","S/D","Nocturna","Buen Tiempo","S/D","S/D","Atropello","S/D","S/D","S/D","Sin restricción"
2014,6571,02/08/2014,"Sabado",0,21:00:00,,"0.0",2,"Automóvil,Bicicleta","Buenos Aires Y Moreno",2,0,1,0,1,0,0,,"Calle",,"VERA","Vera","Asfalto","No existe","XIX","S/D","Urbana","Ninguna","No existe","Intersección","Con baches","Reducida","Nocturna","Buen Tiempo","S/D","S/D","Atropello","S/D","Faltante","Ninguna","S/D"
2014,6572,22/08/2014,"Viernes",0,19:25:00,"Ruta Nacional 34","0.0",2,"Camión,Automóvil","Ruta Nacional A012 Y San Lorenzo",3,0,1,0,2,0,0,,"Ruta",34,"RICARDONE","San Lorenzo","Asfalto","S/D","XVII","Dentro","Rural","S/D","S/D","Intersección","Bueno","S/D","Atardecer","S/D","Lateral","S/D","Colisión","S/D","S/D","S/D","S/D"
2014,6573,27/08/2014,"Miercoles",0,11:50:00,,"0.0",2,"Bicicleta,Automóvil","Bv 25 de mayo Y Av Nottebohn",2,1,0,0,1,0,0,,"Avenida",,"SAN JORGE","San Martín","Asfalto","No existe","XVIII","S/D","Urbana","Ninguna","No existe","Intersección","Bueno","Buena","Diurna","Buen Tiempo","S/D","S/D","Atropello","S/D","Vertical","S/D","Sin restricción"
2014,6574,02/08/2014,"Sabado",0,13:05:00,,"0.0",2,"Automóvil,Moto/Ciclomotor","Pueyrredon Y Brown",2,1,0,0,1,0,0,,"Calle",,"FRAY LUIS BELTRÁN","San Lorenzo","Asfalto","No existe","XVII","Dentro","Urbana","Ninguna","No existe","Intersección","Bueno","Buena","Diurna","Buen Tiempo","Lateral","S/D","Colisión","S/D","S/D","Ninguna","S/D"
2014,6575,01/08/2014,"Viernes",0,00:15:00,,"0.0",2,"Automóvil,Moto/Ciclomotor","L de la Torre Y Estanislao Lopez",3,2,0,0,1,0,0,,"Calle",,"VERA","Vera","Tierra","Natural","XIX","S/D","Urbana","Ninguna","No existe","Intersección","Bueno","Reducida polvo","Nocturna","Buen Tiempo","Lateral","S/D","Colisión","S/D","Faltante","Ninguna","S/D"
2014,6576,15/08/2014,"Viernes",0,12:00:00,,"0.0",2,"Moto/Ciclomotor,Moto/Ciclomotor","Estanislao Lopez Y L de la Torre",3,2,1,0,0,0,0,,"Calle",,"VERA","Vera","Tierra","No existe","XIX","Dentro","Urbana","Ninguna","No existe","Intersección","Resbaladiza","Buena","Diurna","Buen Tiempo","Lateral","S/D","Colisión","S/D","Faltante","Ninguna","S/D"
2014,6577,10/08/2014,"Domingo",0,16:30:00,"Ruta Nacional A012","0.0",1,"Automóvil"," ",1,0,1,0,0,0,0,,"Ruta","A012","SAN LORENZO","San Lorenzo","Asfalto","S/D","XIX","S/D","S/D","S/D","S/D","Cruce","S/D","S/D","Diurna","S/D","S/D","S/D","S/D","S/D","S/D","S/D","S/D"
2014,6578,25/08/2014,"Lunes",0,,,"0.0",2,"Moto/Ciclomotor,Pickup/Utilitario","Luis Borghi Y Sargento Cabral",2,1,0,0,1,0,0,,"S/D",,"SAN LORENZO","San Lorenzo","S/D","S/D","XVII","S/D","S/D","S/D","S/D","S/D","S/D","S/D","S/D","S/D","S/D","S/D","S/D","S/D","S/D","S/D","S/D"
2014,6579,21/08/2014,"Jueves",0,19:05:00,,"0.0",2,"Automóvil,Moto/Ciclomotor","San Martin Y Leiva M",2,1,0,0,1,0,0,,"Calle",,"VERA","Vera","Asfalto","No existe","XIX","S/D","Urbana","S/D","No existe","Intersección","Bueno","Reducida","Nocturna,Con luz artificial","Buen Tiempo","Lateral","S/D","Colisión","S/D","Faltante","S/D","S/D"
2014,6580,15/08/2014,"Viernes",0,18:20:00,"Ruta Provincial 21","0.0",2,"Moto/Ciclomotor,Pickup/Utilitario"," ",3,1,0,0,0,0,2,,"Ruta",21,"VILLA CONSTITUCIÓN","Constitución","Asfalto","S/D","VI","Dentro","Urbana","S/D","S/D","Recta","Bueno","Buena","Diurna","Buen Tiempo","Frontal","S/D","Colisión","S/D","S/D","S/D","S/D"
2014,6581,18/08/2014,"Lunes",0,01:55:00,,"0.0",2,"Moto/Ciclomotor,Automóvil","Av San Martin Y General Richieri",2,1,0,0,1,0,0,,"Avenida",,"FRAY LUIS BELTRÁN","San Lorenzo","Asfalto","Ripio","XVII","Dentro","Urbana","Ninguna","Funciona","Intersección","Bueno","Reducida p/ objetos","Nocturna","Buen Tiempo","Lateral","S/D","Colisión","S/D","S/D","Ninguna","Sin restricción"
2014,6582,24/08/2014,"Domingo",0,16:30:00,"Ruta Nacional 11","0.0",2,"Automóvil,Moto/Ciclomotor","Avda del Combate Y Av San Martin",2,0,1,0,1,0,0,,"Ruta",11,"SAN LORENZO","San Lorenzo","S/D","S/D","XVII","S/D","S/D","S/D","S/D","S/D","S/D","S/D","Diurna","S/D","S/D","S/D","S/D","S/D","S/D","S/D","S/D"
2014,6584,29/08/2014,"Viernes",0,06:55:00,"Ruta Nacional 34","15.0",2,"Moto/Ciclomotor,Automóvil"," ",2,0,1,0,1,0,0,,"Ruta",34,"LUIS PALACIOS","San Lorenzo","Asfalto","Natural","XVII","Dentro","Rural","Marca Vial","No existe","Recta","Bueno","Buena","Amanecer","Buen Tiempo","Lateral","S/D","Colisión","Ninguna","S/D","Línea divisoria pintada","Sin restricción"
2014,6585,17/08/2014,"Domingo",0,06:25:00,,"0.0",1,"Automóvil","Dr Romang Y Humberto Primero",3,2,0,0,1,0,0,,"Calle",,"HELVECIA","Garay","Asfalto","No existe","VII","Dentro","Urbana","Ninguna","No existe","Recta","Bueno","Buena","Amanecer","Buen Tiempo","S/D","S/D","Colisión","S/D","Faltante","Ninguna","Sin restricción"
2014,6586,29/08/2014,"Viernes",0,21:40:00,,"0.0",2,"Automóvil,Moto/Ciclomotor","Av San Martin Y Av Gral Savio",2,1,0,0,1,0,0,,"Avenida",,"FRAY LUIS BELTRÁN","San Lorenzo","Asfalto","Ripio","XVI","Dentro","Urbana","Ninguna","No existe","Intersección","Bueno","Buena","Nocturna,Con luz artificial","Buen Tiempo","Lateral","S/D","Colisión","S/D","Vertical","Ninguna","Sin restricción"
2014,6587,15/08/2014,"Viernes",0,11:00:00,,"0.0",2,"Moto/Ciclomotor,Automóvil","Cayetano Nerbutti 300",2,1,0,0,1,0,0,,"Calle",,"PUERTO SAN MARTÍN","San Lorenzo","Asfalto","No existe","XVII","Dentro","Urbana","Ninguna","No existe","Intersección","Bueno","Buena","Diurna","Buen Tiempo","Lateral","S/D","Colisión","Ninguna","Horizontal","Ninguna","Sin restricción"