"anio_acci","nro_acci","fecha","desc_dia","fecha_aprox","hora_aprox","desc_ruta","km","cant_participantes","desc_participante","calle_avenida_km","total","heridos_leves","heridos_graves","heridos_gravisimos","ilesos","fallecidos","sin_datos","posicion_XY","desc_tipo_via","desc_ruta_ori","desc_loc","desc_dpto","desc_tipo_calzada","desc_tipo_banquina","desc_unidad_regional","desc_lugar_calzada","desc_zona","desc_prioridad","desc_estado_semaforo","desc_lugar_via","desc_estado_via","desc_estado_visibilidad","desc_luminosidad","desc_estado_clima","desc_tipo_colision","desc_tipo_atropello","desc_tipo_hecho","desc_pres_calzada","desc_senializacion","desc_separacion_via","desc_restriccion"
2014,6588,28/08/2014,"Jueves",0,18:30:00,,"0.0",2,"Automóvil,Moto/Ciclomotor","Av San Martin Y General Richieri",2,1,0,0,1,0,0,,"Avenida",,"FRAY LUIS BELTRÁN","San Lorenzo","Asfalto","Ripio","XVII","S/D","Urbana","Ninguna","Funciona","Recta","Bueno","Buena","Diurna","Buen Tiempo","Frontal","S/D","Colisión","S/D","Vertical","Ninguna","Sin restricción"
2014,6589,27/08/2014,"Miercoles",0,17:00:00,,"0.0",2,"Pickup/Utilitario,Automóvil","Santa Fe Y Av San Martin",2,1,0,0,1,0,0,,"Avenida",,"FRAY LUIS BELTRÁN","San Lorenzo","Asfalto","Ripio","XVII","S/D","Urbana","Ninguna","No existe","Intersección","Bueno","Buena","Diurna","Buen Tiempo","Lateral","S/D","Colisión","S/D","S/D","Ninguna","Sin restricción"
2014,6590,25/08/2014,"Lunes",0,17:00:00,,"0.0",2,"Camión,Moto/Ciclomotor","San Martin Y Belgrano",2,1,0,0,1,0,0,,"Calle",,"VERA","Vera","Asfalto","No existe","XIX","Dentro","Urbana","Ninguna","No existe","Intersección","Bueno","Buena","Diurna","Buen Tiempo","De alcance","S/D","Colisión","S/D","Faltante","Ninguna","S/D"
2014,6591,17/08/2014,"Domingo",0,20:50:00,,"0.0",1,"Moto/Ciclomotor","Mitre B 2400",1,1,0,0,0,0,0,,"Calle",,"VERA","Vera","Tierra","No existe","XIX","S/D","Urbana","S/D","No existe","Recta","S/D","Buena","Nocturna,Con luz artificial","S/D","S/D","S/D","Caída ocupante","S/D","Faltante","S/D","S/D"
2014,6592,21/08/2014,"Jueves",0,09:00:00,,"0.0",2,"Pickup/Utilitario,Moto/Ciclomotor","Pueyrredon Y J J Passo",2,1,0,0,1,0,0,,"Calle",,"FRAY LUIS BELTRÁN","San Lorenzo","Asfalto","No existe","XVII","S/D","Urbana","S/D","No existe","Intersección","Bueno","Buena","Diurna","Buen Tiempo","Lateral","S/D","Colisión","S/D","S/D","Ninguna","S/D"
2014,6593,09/08/2014,"Sabado",0,17:05:00,,"0.0",2,"Otros,Moto/Ciclomotor","Av San Lorenzo Y Simon Bolivar",2,1,1,0,0,0,0,,"Avenida",,"CAPITÁN BERMÚDEZ","San Lorenzo","Asfalto","Natural","XVII","Dentro","Urbana","Ninguna","No existe","Intersección","Bueno","Buena","Diurna","Buen Tiempo","Frontal","S/D","Colisión","S/D","S/D","Línea divisoria pintada","Sin restricción"
2014,6594,16/08/2014,"Sabado",0,17:00:00,,"0.0",2,"Moto/Ciclomotor,Moto/Ciclomotor","Moreno Y Urquiza",2,2,0,0,0,0,0,,"Calle",,"SAN LORENZO","San Lorenzo","Asfalto","No existe","XVII","Dentro","Urbana","Ninguna","No existe","Intersección","Bueno","Buena","Atardecer","Buen Tiempo","Frontal","S/D","Colisión","S/D","Horizontal","Línea divisoria pintada","Sin restricción"
2014,6595,08/08/2014,"Viernes",0,19:30:00,"Ruta Nacional 11","338.0",2,"Moto/Ciclomotor,Otros"," ",3,1,0,0,2,0,0,,"Ruta",11,"SAN LORENZO","San Lorenzo","Asfalto","No existe","XVII","Dentro","Urbana","S/D","No existe","Recta","Deteriorada","Reducida","Nocturna","Buen Tiempo","Frontal","S/D","Colisión","S/D","Faltante","Ninguna","S/D"
2014,6596,25/08/2014,"Lunes",0,17:00:00,"Ruta Nacional 9","0.0",2,"Automóvil,Pickup/Utilitario"," ",6,4,0,0,2,0,0,,"Ruta",9,"SAN JERÓNIMO SUR","San Lorenzo","Asfalto","Pavimento","XVII","Dentro","Urbana","Ninguna","No existe","Recta","Bueno","Buena","Diurna","Buen Tiempo","Lateral","S/D","Colisión","S/D","Vertical","Ninguna","Sin restricción"
2014,6597,10/08/2014,"Domingo",0,19:50:00,,"0.0",2,"Automóvil,Moto/Ciclomotor","Belgrano Y Bv San Martin",3,2,1,0,0,0,0,,"Calle",,"ROLDÁN","San Lorenzo","Asfalto","No existe","XVII","Dentro","Urbana","Ninguna","No existe","Intersección","Bueno","Reducida","Atardecer","Buen Tiempo","Lateral","S/D","Colisión","Ninguna","Vertical","Barrera de hormigón","S/D"
2014,6598,20/08/2014,"Miercoles",0,10:55:00,"Ruta Nacional 11","0.0",2,"Automóvil,Moto/Ciclomotor","Av San Lorenzo Y San Salvador",3,2,0,0,1,0,0,,"Ruta",11,"CAPITÁN BERMÚDEZ","San Lorenzo","Asfalto","Natural","XVII","Dentro","Urbana","Ninguna","No existe","Intersección","Bueno","Buena","Diurna","Buen Tiempo","Frontal","S/D","Colisión","S/D","S/D","Línea divisoria pintada","Sin restricción"
2014,6599,11/08/2014,"Lunes",0,19:00:00,"Ruta Nacional 9","0.0",2,"Automóvil,Camión","Belgrano Y Catamarca",3,2,0,0,1,0,0,,"Ruta",9,"ROLDÁN","San Lorenzo","Asfalto","Natural","XVII","S/D","S/D","Ninguna","No existe","Intersección","Bueno","Reducida","Atardecer","Buen Tiempo","Lateral","S/D","Colisión","Ninguna","Vertical","Ninguna","S/D"
2014,6600,06/08/2014,"Miercoles",0,12:20:00,"Ruta Nacional 11","0.0",2,"Moto/Ciclomotor,Otros","Las Heras Y Av San Lorenzo",3,1,0,0,2,0,0,,"Ruta",11,"CAPITÁN BERMÚDEZ","San Lorenzo","Asfalto","S/D","XVI","Dentro","Urbana","Ninguna","S/D","Intersección","Bueno","Buena","Diurna","Buen Tiempo","Lateral","S/D","Colisión","S/D","S/D","Línea divisoria pintada","Sin restricción"
2014,6601,11/08/2014,"Lunes",0,20:15:00,"Ruta Nacional 9","0.0",1,"Automóvil","Ruta Nac 9 Y Salta",3,1,0,0,2,0,0,,"Ruta",9,"CARCARAÑÁ","San Lorenzo","Asfalto","Natural","XVII","Fuera","Urbana","S/D","S/D","Recta","Bueno","Buena","Nocturna","Buen Tiempo","S/D","S/D","Despiste","Ninguna","S/D","Ninguna","Sin restricción"
2014,6602,09/08/2014,"Sabado",0,14:15:00,"Ruta Nacional 11","0.0",2,"Transporte de Pasajeros Urbano (> 8 asientos),Moto/Ciclomotor","Av San Lorenzo Y Misiones",2,1,0,0,1,0,0,,"Ruta",11,"CAPITÁN BERMÚDEZ","San Lorenzo","Asfalto","Pavimento","XVII","Dentro","Urbana","Ninguna","No existe","Intersección","Bueno","Buena","Diurna","S/D","Frontal","S/D","Colisión","S/D","Vertical","Línea divisoria pintada","Sin restricción"
2014,6603,28/08/2014,"Jueves",0,18:45:00,"Ruta Nacional 33","754.0",2,"Moto/Ciclomotor,Moto/Ciclomotor"," ",2,2,0,0,0,0,0,,"Ruta",33,"PUJATO","San Lorenzo","Asfalto","Natural","XVII","S/D","Urbana","Ninguna","No existe","Intersección","Bueno","Buena","Atardecer","Buen Tiempo","S/D","S/D","S/D","Otro","Faltante","Ninguna","Sin restricción"
2014,6605,11/08/2014,"Lunes",0,22:10:00,,"0.0",2,"Automóvil,Moto/Ciclomotor","Juan Lavalle Y Pres Domingo F Sarmiento",3,1,1,0,1,0,0,,"Calle",,"PUJATO","San Lorenzo","Asfalto","Pavimento","XVII","Dentro","Urbana","Ninguna","No existe","Intersección","Bueno","Buena","Nocturna","Buen Tiempo","Lateral","S/D","Colisión","S/D","Faltante","Ninguna","Sin restricción"
2014,6606,29/08/2014,"Viernes",0,17:45:00,,"0.0",2,"Moto/Ciclomotor,Automóvil","Santa Cruz 500",2,1,0,0,1,0,0,,"Calle",,"CAPITÁN BERMÚDEZ","San Lorenzo","Asfalto","Natural","XVII","Dentro","Urbana","Ninguna","No existe","Recta","Bueno","Buena","Atardecer","Buen Tiempo","Frontal","S/D","Colisión","S/D","S/D","Línea divisoria pintada","Sin restricción"
2014,6607,11/08/2014,"Lunes",0,20:15:00,"Ruta Nacional 33","0.0",2,"Automóvil,Camión","Juan B Justo ",2,1,0,0,1,0,0,,"Ruta",33,"PUJATO","San Lorenzo","Asfalto","Pavimento","XVII","Dentro","Urbana","Semáforo","Funciona","Recta","Bueno","Buena","Nocturna","Buen Tiempo","Lateral","S/D","Colisión","Ninguna","Faltante","S/D","Sin restricción"
2014,6609,16/08/2014,"Sabado",0,14:00:00,,"0.0",3,"Bicicleta,Automóvil,Pickup/Utilitario","Santiago 750",3,1,0,0,2,0,0,,"Calle",,"CAPITÁN BERMÚDEZ","San Lorenzo","Asfalto","Pavimento","XVII","Dentro","Urbana","Ninguna","No existe","Cruce","Bueno","Buena","Diurna","Buen Tiempo","S/D","S/D","Atropello","S/D","Faltante","Línea divisoria pintada","S/D"
2014,6610,15/05/2014,"Jueves",0,12:05:00,,"0.0",2,"Moto/Ciclomotor,Automóvil","Sarmiento 50",2,1,0,0,1,0,0,,"Calle",,"CAÑADA DE GÓMEZ","Iriondo","Asfalto","No existe","X","Dentro","Urbana","Ninguna","No existe","Recta","Deteriorada","Buena","Diurna","Buen Tiempo","Lateral","S/D","Colisión","S/D","Faltante","Ninguna","Sin restricción"
2014,6611,20/05/2014,"Martes",0,16:00:00,,"0.0",2,"Moto/Ciclomotor,Automóvil","España Y Ballesteros",2,1,0,0,1,0,0,,"Calle",,"CAÑADA DE GÓMEZ","Iriondo","Asfalto","No existe","X","Dentro","Urbana","Ninguna","No existe","Intersección","Bueno","Buena","Diurna","Buen Tiempo","Lateral","S/D","Colisión","S/D","Faltante","Ninguna","Sin restricción"
2014,6612,24/05/2014,"Sabado",0,18:35:00,,"0.0",2,"Moto/Ciclomotor,Automóvil","Nicasio Oroño Y 7 de Octubre",3,2,0,0,1,0,0,,"Calle",,"CAÑADA DE GÓMEZ","Iriondo","Asfalto","No existe","X","Dentro","Urbana","Ninguna","No existe","Intersección","Bueno","Buena","Atardecer","Buen Tiempo","Lateral","S/D","Colisión","S/D","S/D","Ninguna","Sin restricción"
2014,6613,30/05/2014,"Viernes",0,17:00:00,,"0.0",2,"Moto/Ciclomotor,Pickup/Utilitario","Nicasio Oroño 600",2,1,0,0,1,0,0,,"Calle",,"CAÑADA DE GÓMEZ","Iriondo","Asfalto","No existe","X","Dentro","Urbana","Ninguna","No existe","Recta","Bueno","Buena","Diurna","Buen Tiempo","Lateral","S/D","Colisión","S/D","Faltante","Ninguna","Sin restricción"
2014,6614,15/05/2014,"Jueves",0,16:40:00,"Ruta Nacional 9","0.0",2,"Pickup/Utilitario,Camión","RTA.91 Y RTA.9",2,1,0,0,1,0,0,,"Ruta",9,"CAÑADA DE GÓMEZ","Iriondo","Asfalto","Pavimento","X","Dentro","Rural","Señal Pare","No existe","Recta","Bueno","Buena","Diurna","Buen Tiempo","Lateral","S/D","Colisión","S/D","Vertical","Línea divisoria pintada","Sin restricción"
2014,6615,24/06/2014,"Martes",0,11:00:00,,"0.0",2,"Automóvil,Moto/Ciclomotor","Necochea 1530",2,1,0,0,1,0,0,,"Calle",,"CAÑADA DE GÓMEZ","Iriondo","Asfalto","No existe","X","S/D","Urbana","Ninguna","No existe","Recta","Bueno","Buena","Diurna","Buen Tiempo","Lateral","S/D","Colisión","S/D","Horizontal","Ninguna","Sin restricción"
2014,6616,09/07/2014,"Miercoles",0,17:00:00,,"0.0",2,"Moto/Ciclomotor,Pickup/Utilitario","Dorrego Y Jorge Newbery",2,1,0,0,1,0,0,,"Calle",,"CAÑADA DE GÓMEZ","Iriondo","Asfalto","No existe","X","Dentro","Urbana","Ninguna","No existe","Intersección","Bueno","Buena","Diurna","Buen Tiempo","Lateral","S/D","Colisión","S/D","Faltante","Ninguna","Sin restricción"
2014,6617,10/05/2014,"Sabado",0,10:50:00,,"0.0",2,"Bicicleta,Otros","Suipacha Y Ituzaingo",2,1,0,0,1,0,0,,"Calle",,"CAÑADA DE GÓMEZ","Iriondo","Asfalto","No existe","X","Dentro","Urbana","S/D","No existe","Intersección","Deteriorada","Buena","Diurna","Buen Tiempo","S/D","S/D","Atropello","S/D","Faltante","Ninguna","Sin restricción"
2014,6618,31/07/2014,"Jueves",0,,"Ruta Nacional 9","0.0",2,"Moto/Ciclomotor,Automóvil","Pellegrini ",2,1,0,0,1,0,0,,"Ruta",9,"CAÑADA DE GÓMEZ","Iriondo","Hormigón","Pavimento","X","Dentro","Urbana","Ninguna","No existe","Intersección","Deteriorada","Reducida","Nocturna,Con luz artificial","Niebla","Lateral","S/D","Colisión","Agua","Horizontal","Línea divisoria pintada","Sin restricción"
2014,6619,25/06/2014,"Miercoles",0,12:20:00,,"0.0",2,"Automóvil,Moto/Ciclomotor","Laprida ",2,1,0,0,1,0,0,,"Calle",,"CAÑADA DE GÓMEZ","Iriondo","Asfalto","Pavimento","X","S/D","Urbana","Ninguna","No existe","Intersección","Bueno","Buena","Diurna","Buen Tiempo","Frontal","S/D","Colisión","S/D","Vertical","S/D","Sin restricción"
2014,6620,28/07/2014,"Lunes",0,01:00:00,"Ruta Nacional 9","377.0",2,"Camión,Camión"," ",2,0,1,0,1,0,0,,"Ruta",9,"CAÑADA DE GÓMEZ","Iriondo","Asfalto","Pavimento","X","Dentro","Rural","Ninguna","No existe","Recta","Bueno","Buena","Nocturna","Buen Tiempo","De alcance","S/D","Colisión","S/D","Horizontal,Vertical","Línea divisoria pintada","Sin restricción"
2014,6621,30/05/2014,"Viernes",0,12:00:00,,"0.0",2,"Moto/Ciclomotor,Automóvil","Maipu Y Necochea",2,1,0,0,1,0,0,,"Calle",,"CAÑADA DE GÓMEZ","Iriondo","Asfalto","No existe","X","Dentro","Urbana","Ninguna","No existe","Intersección","Bueno","Buena","Diurna","Buen Tiempo","Lateral","S/D","Colisión","S/D","Faltante","Ninguna","Sin restricción"
2014,6622,05/06/2014,"Jueves",0,13:10:00,,"0.0",2,"Automóvil,Moto/Ciclomotor","Boulevard Centenario 1073",3,1,0,0,2,0,0,,"Avenida",,"CAÑADA DE GÓMEZ","Iriondo","Asfalto","No existe","X","Dentro","Urbana","Ninguna","No existe","Recta","Bueno","Buena","Diurna","Buen Tiempo","Lateral","S/D","Colisión","Otro","Faltante","Cordón divisorio","Sin restricción"
2014,6623,24/07/2014,"Jueves",0,18:15:00,,"0.0",1,"Moto/Ciclomotor","Alvear Y Florencio Varela",1,1,0,0,0,0,0,,"Calle",,"CAÑADA DE GÓMEZ","Iriondo","Asfalto","No existe","X","Dentro","Urbana","Ninguna","No existe","Recta","Bueno","Buena","Atardecer","Buen Tiempo","Atropello animal","S/D","Colisión","S/D","Horizontal","Ninguna","Sin restricción"
2014,6624,04/06/2014,"Miercoles",0,20:00:00,,"0.0",2,"Automóvil,Automóvil","Lavalle Y Ayacucho",2,1,0,0,1,0,0,,"Calle",,"CAÑADA DE GÓMEZ","Iriondo","Asfalto","No existe","X","Dentro","Urbana","Ninguna","No existe","Intersección","Con baches,Deteriorada","Buena","Nocturna,Con luz artificial","Buen Tiempo","Lateral","S/D","Colisión","S/D","Faltante","Ninguna","Sin restricción"
2014,6625,18/05/2014,"Domingo",0,08:30:00,,"0.0",2,"Moto/Ciclomotor,Automóvil","Ocampo Y Colon",3,2,0,0,1,0,0,,"Calle",,"CAÑADA DE GÓMEZ","Iriondo","Asfalto","No existe","X","Dentro","Urbana","Ninguna","No existe","Recta","Bueno","Buena","Diurna","Buen Tiempo","Lateral","S/D","Colisión","S/D","Faltante","Ninguna","Sin restricción"
2014,6626,17/07/2014,"Jueves",0,16:35:00,"Autopista Provincial Brigadier E.López","30.0",2,"Camión,Automóvil"," ",5,3,0,0,2,0,0,,"Autopista","Brigadier E.López","ANDINO","Iriondo","Asfalto","Natural","X","Dentro","Rural","Marca Vial","No existe","Recta","Bueno","Buena","Diurna","Buen Tiempo","Otro","S/D","Colisión","S/D","Vertical","Vegetación","Sin restricción"
2014,6627,31/05/2014,"Sabado",0,17:45:00,,"0.0",2,"Bicicleta,Moto/Ciclomotor","Bv. Balcarce Y Moreno",2,2,0,0,0,0,0,,"Calle",,"CAÑADA DE GÓMEZ","Iriondo","Asfalto","No existe","X","Dentro","Urbana","Ninguna","No existe","Intersección","Bueno","Buena","Diurna","Buen Tiempo","S/D","S/D","Atropello","S/D","Faltante","Ninguna","Sin restricción"
2014,6628,10/05/2014,"Sabado",0,12:05:00,,"0.0",2,"Automóvil,Pickup/Utilitario","Ayacucho Y 7 de Octubre",2,1,0,0,1,0,0,,"Calle",,"CAÑADA DE GÓMEZ","Iriondo","Asfalto","No existe","X","Dentro","Urbana","Ninguna","No existe","Intersección","Con baches","Buena","Diurna","Buen Tiempo","Lateral","S/D","Colisión","S/D","Faltante","Ninguna","Sin restricción"
2014,6629,09/06/2014,"Lunes",0,18:00:00,"Ruta Nacional 9","369.0",2,"Automóvil,Camión"," ",2,1,0,0,1,0,0,,"Ruta",9,"CAÑADA DE GÓMEZ","Iriondo","Hormigón","Natural","X","Dentro","Rural","Ninguna","No existe","Recta","Bueno","Buena","Atardecer","Buen Tiempo","De alcance","S/D","Colisión","S/D","Faltante","Ninguna","Sin restricción"
2014,6630,08/06/2014,"Domingo",0,,,"0.0",1,"Moto/Ciclomotor","H Irigoyen Y Ocampo",1,1,0,0,0,0,0,,"Calle",,"CAÑADA DE GÓMEZ","Iriondo","Asfalto","No existe","X","Dentro","Urbana","Ninguna","No existe","Recta","Bueno","Buena","Diurna","Buen Tiempo","S/D","S/D","Caída ocupante","S/D","Faltante","Ninguna","Sin restricción"
2014,6631,14/08/2014,"Jueves",0,12:50:00,,"0.0",2,"Moto/Ciclomotor,Automóvil","Bv. Lopez Y Edison",2,1,0,0,1,0,0,,"Calle",,"CAÑADA DE GÓMEZ","Iriondo","Asfalto","No existe","X","Dentro","Urbana","Ninguna","No existe","Intersección","Bueno","Buena","Diurna","Buen Tiempo","Lateral","S/D","Colisión","S/D","S/D","Ninguna","Sin restricción"
2014,6632,15/03/2014,"Sabado",0,07:30:00,,"0.0",2,"Bicicleta,Pickup/Utilitario","Bv Centenario B Y Moreno",2,1,0,0,1,0,0,,"Calle",,"CAÑADA DE GÓMEZ","Iriondo","Asfalto","No existe","X","Dentro","Urbana","Ninguna","No existe","Intersección","Deteriorada","Buena","Amanecer","Buen Tiempo","S/D","S/D","Atropello","S/D","Faltante","Ninguna","Sin restricción"
2014,6633,12/07/2014,"Sabado",0,17:00:00,,"0.0",2,"Moto/Ciclomotor,Automóvil","Lavalle 1239",2,1,0,0,1,0,0,,"Calle",,"CAÑADA DE GÓMEZ","Iriondo","Asfalto","No existe","X","Dentro","Urbana","Ninguna","No existe","Recta","Resbaladiza","Buena","Diurna","Lluvia","De alcance","S/D","Colisión","Agua","Faltante","Ninguna","Sin restricción"
2014,6634,18/05/2014,"Domingo",0,22:30:00,,"0.0",2,"Moto/Ciclomotor,Moto/Ciclomotor","Independencia Y Almte. Brown",2,1,0,0,1,0,0,,"Calle",,"CAÑADA DE GÓMEZ","Iriondo","Asfalto","No existe","X","Dentro","Urbana","Ninguna","No existe","Recta","Bueno","Buena","Nocturna,Con luz artificial","Buen Tiempo","Lateral","S/D","Colisión","S/D","S/D","Ninguna","Sin restricción"
2014,6635,08/06/2014,"Domingo",0,21:50:00,,"0.0",2,"Moto/Ciclomotor,Moto/Ciclomotor","Laprida Y Nicolas Avellaneda",2,1,1,0,0,0,0,,"Calle",,"CAÑADA DE GÓMEZ","Iriondo","Asfalto","No existe","X","S/D","Urbana","Ninguna","No existe","Intersección","Bueno","Buena","Nocturna,Con luz artificial","Buen Tiempo","Lateral","S/D","Colisión","S/D","Faltante","Ninguna","Sin restricción"
2014,6636,21/06/2014,"Sabado",0,,,"0.0",2,"Pickup/Utilitario,Moto/Ciclomotor","Boulevard Centenario Y España",2,1,0,0,1,0,0,,"Calle",,"CAÑADA DE GÓMEZ","Iriondo","Asfalto","No existe","X","S/D","Urbana","Ninguna","No existe","Intersección","Bueno","Buena","Diurna","Buen Tiempo","Lateral","S/D","Colisión","S/D","Horizontal","Ninguna","Sin restricción"
2014,6637,27/05/2014,"Martes",0,23:00:00,,"0.0",2,"Moto/Ciclomotor,Automóvil","Rivadavia Y Cordoba",2,0,1,0,1,0,0,,"Calle",,"CAÑADA DE GÓMEZ","Iriondo","Asfalto","No existe","X","Dentro","Urbana","Ninguna","No existe","Intersección","Bueno","Buena","Nocturna,Con luz artificial","Buen Tiempo","Lateral","S/D","Colisión","S/D","Faltante","Ninguna","Sin restricción"
2014,6638,07/08/2014,"Jueves",0,12:45:00,,"0.0",2,"Pickup/Utilitario,Moto/Ciclomotor","Bv. Balcarce Y Pagani",3,1,0,0,2,0,0,,"Calle",,"CAÑADA DE GÓMEZ","Iriondo","Asfalto","No existe","X","Dentro","Urbana","Ninguna","No existe","Intersección","Bueno","Buena","Diurna","Otro","Lateral","S/D","Colisión","Otro","Faltante","S/D","Sin restricción"
2014,6639,12/07/2014,"Sabado",0,10:00:00,,"0.0",2,"Moto/Ciclomotor,Automóvil","Moreno Y A. Beltrame",3,2,0,0,1,0,0,,"Calle",,"CAÑADA DE GÓMEZ","Iriondo","Asfalto","No existe","X","Dentro","Urbana","Ninguna","No existe","Intersección","Resbaladiza","Buena","Diurna","Lluvia","Lateral","S/D","Colisión","Agua","Faltante","Ninguna","Sin restricción"
2014,6640,05/09/2014,"Viernes",0,14:30:00,,"0.0",2,"Moto/Ciclomotor,Moto/Ciclomotor","Bolivar Y Atlantico",3,2,0,0,1,0,0,,"Calle",,"CAÑADA DE GÓMEZ","Iriondo","Asfalto","No existe","X","Dentro","Urbana","Ninguna","No existe","Intersección","Bueno","Buena","Diurna","Buen Tiempo","Lateral","S/D","Colisión","S/D","S/D","Ninguna","Sin restricción"
2014,6641,26/05/2014,"Lunes",0,00:40:00,"Ruta Nacional 9","382.0",1,"Moto/Ciclomotor"," ",2,2,0,0,0,0,0,,"Ruta",9,"CAÑADA DE GÓMEZ","Iriondo","Hormigón","Natural","X","Fuera","Rural","Ninguna","No existe","Recta","Bueno","Buena","Nocturna","Buen Tiempo","Otro","S/D","Colisión","S/D","Faltante","Línea divisoria pintada","Sin restricción"
2014,6642,11/05/2014,"Domingo",0,03:15:00,,"0.0",2,"Moto/Ciclomotor,Automóvil","Boulevard Centenario Y Ayacucho",3,2,0,0,1,0,0,,"Calle",,"CAÑADA DE GÓMEZ","Iriondo","Asfalto","No existe","X","Dentro","Urbana","Ninguna","No existe","Intersección","Bueno","Buena","Nocturna,Con luz artificial","Buen Tiempo","Lateral","S/D","Colisión","S/D","Faltante","Ninguna","Sin restricción"
2014,6643,13/06/2014,"Viernes",0,,,"0.0",2,"Otros,Automóvil","San Martin Y Rivadavia",2,1,0,0,1,0,0,,"Calle",,"CAÑADA DE GÓMEZ","Iriondo","Asfalto","No existe","X","Dentro","Urbana","Ninguna","S/D","Intersección","Deteriorada","Buena","S/D","Buen Tiempo","Lateral","S/D","Colisión","S/D","Faltante","Ninguna","Sin restricción"
2014,6644,27/06/2014,"Viernes",0,12:30:00,,"0.0",2,"Moto/Ciclomotor,Pickup/Utilitario","Mitre Y Carcaraña",2,1,0,0,1,0,0,,"Calle",,"CAÑADA DE GÓMEZ","Iriondo","Asfalto","No existe","X","S/D","Urbana","Ninguna","No existe","Intersección","Bueno","Buena","Diurna","Buen Tiempo","Lateral","S/D","Colisión","S/D","Horizontal","Ninguna","Sin restricción"
2014,6645,12/05/2014,"Lunes",0,18:20:00,,"0.0",2,"Moto/Ciclomotor,Moto/Ciclomotor","Necochea Y España",3,3,0,0,0,0,0,,"Calle",,"CAÑADA DE GÓMEZ","Iriondo","Asfalto","No existe","X","Dentro","Urbana","Ninguna","No existe","Intersección","Bueno","Buena","Nocturna,Con luz artificial","Buen Tiempo","Lateral","S/D","Colisión","S/D","Faltante","Ninguna","Sin restricción"
2014,6646,13/05/2014,"Martes",0,08:05:00,,"0.0",2,"Moto/Ciclomotor,Moto/Ciclomotor","Ayacucho Y Boulevard Centenario",3,3,0,0,0,0,0,,"Calle",,"CAÑADA DE GÓMEZ","Iriondo","Asfalto","No existe","X","Dentro","Urbana","Ninguna","No existe","Intersección","Bueno","Reducida","Diurna","Buen Tiempo","Lateral","S/D","Colisión","S/D","Faltante","Ninguna","Sin restricción"
2014,6647,05/08/2014,"Martes",0,21:15:00,,"0.0",2,"Moto/Ciclomotor,Automóvil","H Irigoyen Y 7 de Octubre",2,1,0,0,1,0,0,,"Calle",,"CAÑADA DE GÓMEZ","Iriondo","Asfalto","No existe","X","Dentro","Urbana","Ninguna","No existe","Recta","Bueno","Buena","Nocturna,Con luz artificial","Buen Tiempo","Lateral","S/D","Colisión","S/D","Faltante","Ninguna","Sin restricción"
2014,6648,04/08/2014,"Lunes",0,17:45:00,,"0.0",2,"Moto/Ciclomotor,Automóvil","Laprida Y Almte. Brown",2,1,0,0,1,0,0,,"Calle",,"CAÑADA DE GÓMEZ","Iriondo","Asfalto","No existe","X","Dentro","Urbana","Ninguna","No existe","Intersección","Bueno","Buena","Diurna","Buen Tiempo","Frontal","S/D","Colisión","S/D","Faltante","Ninguna","Sin restricción"
2014,6649,10/08/2014,"Domingo",0,,,"0.0",2,"Automóvil,Moto/Ciclomotor","Rivadavia Y Moreno",3,2,0,0,1,0,0,,"Calle",,"CAÑADA DE GÓMEZ","Iriondo","Asfalto","S/D","X","Dentro","Urbana","Ninguna","S/D","Intersección","Bueno","S/D","S/D","Buen Tiempo","Lateral","S/D","Colisión","Otro","Faltante","Ninguna","Sin restricción"
2014,6650,24/05/2014,"Sabado",0,09:00:00,,"0.0",2,"Moto/Ciclomotor,Automóvil","Bv. Balcarce Y Pellegrini",2,1,0,0,1,0,0,,"Avenida",,"CAÑADA DE GÓMEZ","Iriondo","Asfalto","No existe","X","Dentro","Urbana","Ninguna","No existe","Intersección","Bueno","Buena","Diurna","Buen Tiempo","Lateral","S/D","Colisión","S/D","Faltante","Ninguna","Sin restricción"
2014,6651,15/06/2014,"Domingo",0,17:40:00,,"0.0",2,"Automóvil,Moto/Ciclomotor","Boulevard Centenario Y Pellegrini",3,2,1,0,0,0,0,,"Calle",,"CAÑADA DE GÓMEZ","Iriondo","Asfalto","No existe","X","S/D","Urbana","Ninguna","No existe","Intersección","Bueno","Buena","Diurna","Buen Tiempo","Lateral","S/D","Colisión","S/D","Horizontal","Ninguna","Sin restricción"
2014,6652,10/07/2014,"Jueves",0,19:45:00,,"0.0",2,"Moto/Ciclomotor,Automóvil","Hipolito Irigoyen Y Rivadavia",2,1,0,0,1,0,0,,"Calle",,"CAÑADA DE GÓMEZ","Iriondo","Asfalto","S/D","X","Dentro","Urbana","Ninguna","No existe","Intersección","Deteriorada","Buena","Atardecer,Con luz artificial","Buen Tiempo","Lateral","S/D","Colisión","S/D","Faltante","Ninguna","Sin restricción"
2014,6653,15/08/2014,"Viernes",0,14:10:00,,"0.0",2,"Bicicleta,Automóvil","Bv. Balcarce Y Nicasio Oroño",3,1,0,0,2,0,0,,"Calle",,"CAÑADA DE GÓMEZ","Iriondo","Asfalto","No existe","X","Dentro","Urbana","Ninguna","No existe","Intersección","Deteriorada","Buena","Diurna","Buen Tiempo","S/D","S/D","Atropello","S/D","Faltante","Ninguna","Sin restricción"