"anio_acci","nro_acci","fecha","desc_dia","fecha_aprox","hora_aprox","desc_ruta","km","cant_participantes","desc_participante","calle_avenida_km","total","heridos_leves","heridos_graves","heridos_gravisimos","ilesos","fallecidos","sin_datos","posicion_XY","desc_tipo_via","desc_ruta_ori","desc_loc","desc_dpto","desc_tipo_calzada","desc_tipo_banquina","desc_unidad_regional","desc_lugar_calzada","desc_zona","desc_prioridad","desc_estado_semaforo","desc_lugar_via","desc_estado_via","desc_estado_visibilidad","desc_luminosidad","desc_estado_clima","desc_tipo_colision","desc_tipo_atropello","desc_tipo_hecho","desc_pres_calzada","desc_senializacion","desc_separacion_via","desc_restriccion"
2014,6654,05/08/2014,"Martes",0,12:00:00,,"0.0",2,"Moto/Ciclomotor,Pickup/Utilitario","Mitre 380",3,2,0,0,1,0,0,,"Calle",,"CAÑADA DE GÓMEZ","Iriondo","Asfalto","No existe","X","Dentro","Urbana","Ninguna","No existe","Recta","Bueno","Buena","Diurna","Buen Tiempo","Otro","S/D","Colisión","S/D","Faltante","Ninguna","Sin restricción"
2014,6655,07/08/2014,"Jueves",0,14:00:00,,"0.0",1,"Moto/Ciclomotor","Sarmiento 1800",2,2,0,0,0,0,0,,"Calle",,"CAÑADA DE GÓMEZ","Iriondo","Asfalto","No existe","X","Dentro","Urbana","Ninguna","No existe","Recta","Con baches","Buena","Diurna","Buen Tiempo","S/D","S/D","Caída ocupante","S/D","Faltante","Ninguna","Sin restricción"
2014,6656,17/06/2014,"Martes",0,16:00:00,,"0.0",2,"Automóvil,Moto/Ciclomotor","Rivadavia Y Alvear",2,0,1,0,1,0,0,,"Calle",,"CAÑADA DE GÓMEZ","Iriondo","Asfalto","No existe","X","Dentro","Urbana","Ninguna","No existe","Intersección","Bueno","Buena","Diurna","Buen Tiempo","Lateral","S/D","Colisión","Otro","Faltante","S/D","Sin restricción"
2014,6657,14/09/2014,"Domingo",0,02:30:00,,"0.0",2,"Automóvil,Moto/Ciclomotor","Urquiza Y Bolivar",2,0,1,0,1,0,0,,"Calle",,"CAÑADA DE GÓMEZ","Iriondo","Asfalto","Pavimento","X","Dentro","Urbana","S/D","No existe","Intersección","Bueno","Reducida","Nocturna,Con luz artificial","Buen Tiempo","Lateral","S/D","Colisión","Agua","S/D","S/D","Sin restricción"
2014,6658,16/08/2014,"Sabado",0,11:15:00,,"0.0",2,"Bicicleta,Moto/Ciclomotor","Laprida Y Derqui",2,1,0,0,1,0,0,,"Calle",,"CAÑADA DE GÓMEZ","Iriondo","Asfalto","No existe","X","Dentro","Urbana","Ninguna","No existe","Intersección","Bueno","Buena","Diurna","Buen Tiempo","S/D","S/D","Atropello","Otro","Faltante","Ninguna","Sin restricción"
2014,6659,22/09/2014,"Lunes",0,17:30:00,,"0.0",2,"Moto/Ciclomotor,Moto/Ciclomotor","Boulevard Belgrano Y San lorenzo",2,1,0,0,1,0,0,,"Avenida",,"TOTORAS","Iriondo","Asfalto","No existe","I","Dentro","Urbana","Ninguna","No existe","Intersección","Bueno","Buena","Diurna","Buen Tiempo","Lateral","S/D","Colisión","Otro","Horizontal","Ninguna","Sin restricción"
2014,6660,23/06/2014,"Lunes",0,13:55:00,,"0.0",2,"Automóvil,Otros","BELGRANO Y HUGO DI FILIPO",2,1,0,0,1,0,0,,"Calle",,"VILLA ELOÍSA","Iriondo","Ripio","Ripio","X","Dentro","Urbana","Ninguna","No existe","Intersección","Resbaladiza","Buena","Diurna","Buen Tiempo","Lateral","S/D","Colisión","Otro","Vertical","Ninguna","Sin restricción"
2014,6661,12/08/2014,"Martes",0,20:45:00,,"0.0",2,"Moto/Ciclomotor,Automóvil","Bv. Balcarce Y Pagani",6,1,0,0,5,0,0,,"Calle",,"CAÑADA DE GÓMEZ","Iriondo","S/D","S/D","X","Dentro","Urbana","S/D","S/D","S/D","S/D","S/D","Nocturna","S/D","S/D","S/D","S/D","S/D","S/D","S/D","S/D"
2014,6662,17/09/2014,"Miercoles",0,00:25:00,,"0.0",1,"Automóvil","San lorenzo 1050",2,1,0,0,1,0,0,,"Calle",,"TOTORAS","Iriondo","Asfalto","S/D","X","Dentro","Urbana","Ninguna","No existe","Recta","S/D","Buena","Nocturna","Buen Tiempo","Contra objeto fijo","S/D","Colisión","S/D","Horizontal","Ninguna","Sin restricción"
2014,6663,16/08/2014,"Sabado",0,20:14:00,,"0.0",2,"Moto/Ciclomotor,Pickup/Utilitario","Ocampo Y Mitre",2,1,0,0,1,0,0,,"Calle",,"CAÑADA DE GÓMEZ","Iriondo","Asfalto","No existe","X","Dentro","Urbana","Ninguna","No existe","Intersección","Bueno","S/D","Nocturna","Buen Tiempo","Lateral","S/D","Colisión","Otro","Faltante","Ninguna","Sin restricción"
2014,6664,01/09/2014,"Lunes",0,23:30:00,,"0.0",1,"Moto/Ciclomotor","LARGUIA ",1,1,0,0,0,0,0,,"Calle",,"TOTORAS","Iriondo","Tierra","No existe","X","Dentro","Rural","Ninguna","No existe","Curva","Con baches","Reducida polvo","Nocturna","Buen Tiempo","S/D","S/D","Caída ocupante","S/D","Faltante","Ninguna","Sin restricción"
2014,6665,13/08/2014,"Miercoles",0,17:25:00,,"0.0",2,"Moto/Ciclomotor,Automóvil","Ocampo Y Quintana",2,1,0,0,1,0,0,,"Calle",,"CAÑADA DE GÓMEZ","Iriondo","Asfalto","No existe","X","Dentro","Urbana","Ninguna","No existe","Intersección","Bueno","Buena","Diurna","Buen Tiempo","Lateral","S/D","Colisión","S/D","Faltante","Ninguna","Sin restricción"
2014,6666,30/08/2014,"Sabado",0,17:50:00,,"0.0",2,"Pickup/Utilitario,Moto/Ciclomotor","Sarmiento Y Balcarce",2,1,0,0,1,0,0,,"Calle",,"TOTORAS","Iriondo","Asfalto","S/D","X","Dentro","Urbana","Otra Señal","No existe","Intersección","Bueno","Buena","Diurna","Buen Tiempo","Lateral","S/D","Colisión","S/D","Horizontal","S/D","Sin restricción"
2014,6667,25/09/2014,"Jueves",0,10:00:00,,"0.0",2,"Moto/Ciclomotor,Automóvil","ESPAÑA Y ZARATE",3,1,0,0,0,0,2,,"Calle",,"SERODINO","Iriondo","Asfalto","S/D","X","Dentro","Urbana","S/D","S/D","Intersección","Bueno","Buena","Diurna","Buen Tiempo","Lateral","S/D","Colisión","S/D","S/D","Cordón divisorio","S/D"
2014,6668,18/09/2014,"Jueves",0,21:33:00,"Ruta Provincial 10","0.0",2,"Automóvil,Pickup/Utilitario","Ruta Provincial 10 Y General Bartolome Mitre",3,1,0,0,2,0,0,,"Ruta",10,"CARRIZALES","Iriondo","Asfalto","Natural","X","Dentro","Urbana","Ninguna","No existe","Intersección","Bueno","Buena","Nocturna","Buen Tiempo","Lateral","S/D","Colisión","S/D","Faltante","Ninguna","Sin restricción"
2014,6669,10/07/2014,"Jueves",0,07:25:00,,"0.0",2,"Automóvil,Automóvil","Nicasio Oroño Y Necochea",2,1,0,0,1,0,0,,"Calle",,"CAÑADA DE GÓMEZ","Iriondo","Asfalto","No existe","X","Dentro","Urbana","Ninguna","No existe","Intersección","Resbaladiza","Reducida","Amanecer,Con luz artificial","Niebla","Lateral","S/D","Colisión","Agua","S/D","Ninguna","Sin restricción"
2014,6670,28/09/2014,"Domingo",0,21:35:00,,"0.0",2,"Automóvil,Moto/Ciclomotor","Callao Y Pringles",2,1,0,0,1,0,0,,"Calle",,"CAÑADA DE GÓMEZ","Iriondo","Asfalto","S/D","X","S/D","Urbana","Ninguna","S/D","Intersección","Bueno","Reducida","Nocturna","Buen Tiempo","Frontal","S/D","Colisión","S/D","S/D","S/D","Sin restricción"
2014,6671,30/08/2014,"Sabado",0,23:00:00,,"0.0",2,"Automóvil,Moto/Ciclomotor","Colon ",2,1,0,0,1,0,0,,"S/D",,"TOTORAS","Iriondo","Asfalto","Natural","X","S/D","Urbana","Marca Vial","No existe","Intersección","Bueno","Buena","Nocturna","Buen Tiempo","S/D","S/D","Colisión","S/D","Horizontal","S/D","Sin restricción"
2014,6672,13/08/2014,"Miercoles",0,11:30:00,,"0.0",2,"Moto/Ciclomotor,Pickup/Utilitario","Pellegrini 74",2,1,0,0,1,0,0,,"Calle",,"CAÑADA DE GÓMEZ","Iriondo","Asfalto","No existe","X","Dentro","Urbana","Ninguna","No existe","Recta","Bueno","Buena","Diurna","Buen Tiempo","Lateral","S/D","Colisión","S/D","Faltante","Ninguna","Sin restricción"
2014,6673,21/08/2014,"Jueves",0,,,"0.0",1,"Moto/Ciclomotor","Maipu Y Poleti",2,2,0,0,0,0,0,,"Calle",,"CAÑADA DE GÓMEZ","Iriondo","Asfalto","Natural","X","Dentro","Urbana","Ninguna","No existe","Recta","Deteriorada","Buena","Diurna","Buen Tiempo","S/D","S/D","Caída ocupante","S/D","Faltante","Ninguna","Sin restricción"
2014,6674,15/08/2014,"Viernes",0,22:05:00,,"0.0",2,"Moto/Ciclomotor,Moto/Ciclomotor","San Martin Y Rivadavia",2,2,0,0,0,0,0,,"Calle",,"CAÑADA DE GÓMEZ","Iriondo","Asfalto","No existe","X","Dentro","Urbana","Ninguna","No existe","Recta","Bueno","Buena","Nocturna,Con luz artificial","Buen Tiempo","Lateral","S/D","Colisión","S/D","Faltante","Ninguna","Sin restricción"
2014,6675,19/08/2014,"Martes",0,11:45:00,,"0.0",2,"Automóvil,Moto/Ciclomotor","Bv. Balcarce Y Pagani",3,2,0,0,1,0,0,,"Calle",,"CAÑADA DE GÓMEZ","Iriondo","Asfalto","No existe","X","Dentro","Urbana","Ninguna","No existe","Intersección","Bueno","Buena","Diurna","Buen Tiempo","Lateral","S/D","Colisión","Otro","Faltante","Barrera de hormigón","Sin restricción"
2014,6676,14/09/2014,"Domingo",0,18:30:00,"Autopista Provincial Brigadier E.López","35.0",1,"Automóvil"," ",3,3,0,0,0,0,0,,"Autopista","Brigadier E.López","OLIVEROS","Iriondo","Asfalto","Natural","X","Fuera","Rural","S/D","No existe","Recta","Bueno","Reducida","Diurna","Lluvia","S/D","S/D","Despiste","S/D","S/D","Guardarrail","S/D"
2014,6677,16/07/2014,"Miercoles",0,22:15:00,"Ruta Provincial 91","0.0",2,"Camión,Camión","Ruta Nac 34 ",2,1,0,0,1,0,0,,"Ruta",91,"TOTORAS","Iriondo","Asfalto","Natural","X","Dentro","Rural","Ninguna","No existe","Rotonda","Deteriorada","Buena","Nocturna,Con luz artificial","Buen Tiempo","Lateral","S/D","Colisión","S/D","Horizontal","Cordón divisorio","Sin restricción"
2014,6678,23/05/2014,"Viernes",0,19:10:00,"Ruta Nacional 9","380.0",2,"Moto/Ciclomotor,Automóvil"," ",2,1,0,0,1,0,0,,"Ruta",9,"CAÑADA DE GÓMEZ","Iriondo","Hormigón","Natural","X","Dentro","Rural","Ninguna","No existe","Recta","Deteriorada","Buena","Atardecer,Con luz artificial","Buen Tiempo","Lateral","S/D","Colisión","S/D","Faltante","Línea divisoria pintada","Sin restricción"
2014,6679,14/07/2014,"Lunes",0,22:20:00,"Ruta Nacional 11","350.0",2,"Moto/Ciclomotor,Automóvil"," ",3,0,1,0,2,0,0,,"Ruta",11,"OLIVEROS","Iriondo","Asfalto","Ripio","X","Dentro","Rural","Ninguna","No existe","Recta","Bueno","Buena","Nocturna","Buen Tiempo","Frontal","S/D","Colisión","S/D","S/D","Ninguna","Sin restricción"
2014,6680,21/09/2014,"Domingo",0,21:00:00,,"0.0",2,"Moto/Ciclomotor,Moto/Ciclomotor","CAMINO RURAL CAMPO MUSS ",2,1,1,0,0,0,0,,"Camino Rural",,"OLIVEROS","Iriondo","Tierra","No existe","X","Dentro","Rural","Ninguna","No existe","Recta","Bueno","Reducida","Nocturna","Buen Tiempo","S/D","S/D","Vuelco","S/D","Faltante","Ninguna","Sin restricción"
2014,6681,13/07/2014,"Domingo",0,02:40:00,,"0.0",2,"Vehículo Oficial,Automóvil","Boulevard Belgrano Y Arenales",3,2,0,0,1,0,0,,"Calle",,"TOTORAS","Iriondo","Asfalto","Pavimento","X","Dentro","Urbana","Otra Señal","No existe","Intersección","Resbaladiza","Buena","Nocturna","Otro","Lateral","S/D","Colisión","Agua","Horizontal","Cordón divisorio","Sin restricción"
2014,6682,23/06/2014,"Lunes",0,22:40:00,,"0.0",2,"Bicicleta,Moto/Ciclomotor","9 de Julio Y Las Heras",2,1,0,0,1,0,0,,"Calle",,"TOTORAS","Iriondo","Asfalto","S/D","X","S/D","Urbana","S/D","No existe","Intersección","Bueno","Buena","Nocturna,Con luz artificial","Buen Tiempo","S/D","S/D","Atropello","S/D","Horizontal","S/D","S/D"
2014,6683,01/08/2014,"Viernes",0,20:15:00,,"0.0",3,"Automóvil,Moto/Ciclomotor,Bicicleta","Bolivia 100",4,1,1,0,2,0,0,,"Calle",,"CAÑADA DE GÓMEZ","Iriondo","Asfalto","No existe","X","Dentro","Urbana","S/D","No existe","Intersección","Bueno","Buena","Nocturna","Buen Tiempo","S/D","S/D","Atropello","S/D","S/D","Ninguna","S/D"
2014,6684,07/06/2014,"Sabado",0,11:45:00,,"0.0",2,"Automóvil,Pickup/Utilitario","Las Heras Y Urquiza",2,1,0,0,1,0,0,,"Calle",,"TOTORAS","Iriondo","Asfalto","S/D","X","Dentro","Urbana","S/D","No existe","Intersección","Bueno","Buena","Diurna","Buen Tiempo","Lateral","S/D","Colisión","S/D","S/D","S/D","S/D"
2014,6685,15/07/2014,"Martes",0,06:50:00,"Autopista Provincial Brigadier E.López","47.0",2,"Camión,Transporte de Pasajeros Larga Distancia (> 8 asientos)"," ",4,3,0,0,1,0,0,,"Autopista","Brigadier E.López","OLIVEROS","Iriondo","Asfalto","Natural","X","Dentro","Rural","Ninguna","No existe","Recta","Bueno","Buena","Diurna","Buen Tiempo","Frontal","S/D","Colisión","S/D","S/D","S/D","Sin restricción"
2014,6686,19/08/2014,"Martes",0,09:55:00,,"0.0",1,"Taxi/Remis","Hipolito Irigoyen Y Lavalle",2,1,0,0,1,0,0,,"Calle",,"CAÑADA DE GÓMEZ","Iriondo","Asfalto","No existe","X","Dentro","Urbana","Ninguna","No existe","Recta","Bueno","Buena","Diurna","Buen Tiempo","S/D","S/D","Caída ocupante","S/D","Faltante","Ninguna","Sin restricción"
2014,6687,03/08/2014,"Domingo",0,07:15:00,,"0.0",1,"Moto/Ciclomotor","Almte. Brown 935",1,1,0,0,0,0,0,,"Calle",,"CAÑADA DE GÓMEZ","Iriondo","Asfalto","No existe","X","Dentro","Urbana","Ninguna","No existe","Recta","Bueno","Buena","Diurna","Buen Tiempo","Contra objeto fijo","S/D","Colisión","S/D","Faltante","Ninguna","Sin restricción"
2014,6688,27/09/2014,"Sabado",0,01:35:00,,"0.0",2,"Automóvil,Bicicleta","Las Heras Y Boulevard Belgrano",2,1,0,0,1,0,0,,"Avenida",,"TOTORAS","Iriondo","Asfalto","No existe","X","Dentro","Urbana","Ninguna","No existe","Intersección","Bueno","Buena","Nocturna","Buen Tiempo","S/D","S/D","Atropello","S/D","Horizontal","Ninguna","Sin restricción"
2014,6689,18/08/2014,"Lunes",0,23:20:00,,"0.0",2,"Moto/Ciclomotor,Moto/Ciclomotor","Boulevard Centenario Y San Martin",3,2,0,0,1,0,0,,"Calle",,"CAÑADA DE GÓMEZ","Iriondo","Asfalto","Pavimento","X","Dentro","Urbana","Semáforo","Funciona","Recta","Bueno","Buena","Nocturna,Con luz artificial","Buen Tiempo","Lateral","S/D","Colisión","S/D","Faltante","Ninguna","Sin restricción"
2014,6690,03/07/2014,"Jueves",0,18:30:00,,"0.0",2,"Moto/Ciclomotor,Automóvil","Bv. Balcarce Y España",3,2,0,0,1,0,0,,"Calle",,"CAÑADA DE GÓMEZ","Iriondo","Asfalto","No existe","X","Dentro","Urbana","Ninguna","No existe","Intersección","Bueno","Buena","Atardecer","Buen Tiempo","Lateral","S/D","Colisión","S/D","Faltante","Ninguna","Sin restricción"
2014,6691,01/07/2014,"Martes",0,,"Ruta Nacional 9","0.0",2,"Otros,Otros","Av. Santa Fe Y Ayacucho",2,1,0,0,1,0,0,,"Ruta",9,"CAÑADA DE GÓMEZ","Iriondo","Asfalto","Natural","X","Dentro","Urbana","Ninguna","No existe","Intersección","Con baches,Deteriorada,Ahuellamiento","Buena","S/D","S/D","Lateral","S/D","Colisión","S/D","Faltante","Línea divisoria pintada","Sin restricción"
2014,6692,18/08/2014,"Lunes",0,15:40:00,,"0.0",1,"Moto/Ciclomotor","R Rojas Y San Luis",2,2,0,0,0,0,0,,"Calle",,"CAÑADA DE GÓMEZ","Iriondo","Tierra","Natural","X","Dentro","Urbana","Ninguna","No existe","Intersección","Bueno","Buena","Diurna","Buen Tiempo","Contra objeto fijo","S/D","Colisión","S/D","Faltante","Ninguna","Sin restricción"
2014,6693,01/07/2014,"Martes",0,,,"0.0",2,"Moto/Ciclomotor,Automóvil"," ",2,1,0,0,1,0,0,,"Calle",,"CAÑADA DE GÓMEZ","Iriondo","Asfalto","Natural","X","Dentro","Urbana","Ninguna","No existe","Intersección","Con baches,Deteriorada,Ahuellamiento","Buena","S/D","S/D","Lateral","S/D","Colisión","S/D","Faltante","Línea divisoria pintada","Sin restricción"
2014,6694,10/09/2014,"Miercoles",0,13:00:00,,"0.0",1,"Automóvil","Bv. Lopez 789",2,1,0,0,1,0,0,,"Avenida",,"CAÑADA DE GÓMEZ","Iriondo","Asfalto","No existe","X","Dentro","Urbana","Ninguna","No existe","Intersección","Bueno","Buena","Diurna","Buen Tiempo","S/D","S/D","Atropello","S/D","S/D","Ninguna","Sin restricción"
2014,6695,31/08/2014,"Domingo",0,21:00:00,"Ruta Nacional 11","355.0",1,"Moto/Ciclomotor"," ",1,0,1,0,0,0,0,,"Ruta",11,"OLIVEROS","Iriondo","Asfalto","Natural","X","Dentro","Rural","Ninguna","No existe","Recta","Bueno","Buena","Nocturna","Buen Tiempo","S/D","S/D","Vuelco","S/D","Horizontal","Línea divisoria pintada","Sin restricción"
2014,6696,01/08/2014,"Viernes",0,,,"0.0",1,"Otros"," ",1,0,0,0,0,0,1,,"S/D",,"SERODINO","Iriondo","S/D","S/D","X","S/D","S/D","S/D","S/D","S/D","S/D","S/D","S/D","S/D","S/D","S/D","S/D","S/D","S/D","S/D","S/D"
2014,6697,11/08/2014,"Lunes",0,18:15:00,,"0.0",2,"Automóvil,Bicicleta","Av San Martin Y Carlos Pellegrini",2,1,0,0,1,0,0,,"Avenida",,"TOTORAS","Iriondo","Asfalto","Pavimento","X","Dentro","Urbana","S/D","Funciona","Intersección","Bueno","Buena","Diurna","Buen Tiempo","S/D","S/D","Atropello","S/D","Horizontal,Vertical","S/D","Sin restricción"
2014,6698,30/08/2014,"Sabado",0,20:40:00,,"0.0",2,"Moto/Ciclomotor,Automóvil","Callao 155",2,1,0,0,1,0,0,,"Calle",,"CAÑADA DE GÓMEZ","Iriondo","Asfalto","No existe","X","Dentro","Urbana","S/D","No existe","Recta","Bueno","Buena","Nocturna","Buen Tiempo","Contra objeto fijo","S/D","Colisión","S/D","S/D","Ninguna","Sin restricción"
2014,6699,21/08/2014,"Jueves",0,16:00:00,,"0.0",2,"Automóvil,Otros","SAN MARTIN Y HUGUDI FILLIPO",3,2,0,0,1,0,0,,"Calle",,"VILLA ELOÍSA","Iriondo","Ripio","Ripio","X","Dentro","Urbana","Ninguna","No existe","Intersección","Bueno","Buena","Diurna","Buen Tiempo","Lateral","S/D","Colisión","S/D","Vertical","Ninguna","Sin restricción"
2014,6700,21/08/2014,"Jueves",0,16:00:00,,"0.0",2,"Pickup/Utilitario,Otros","SAN MARTIN Y HUGUDI FILLIPO",3,2,0,0,1,0,0,,"Calle",,"VILLA ELOÍSA","Iriondo","Ripio","Ripio","X","Dentro","Urbana","Ninguna","No existe","Intersección","Bueno","Buena","Diurna","Buen Tiempo","Lateral","S/D","Colisión","S/D","Vertical","Ninguna","Sin restricción"
2014,6701,20/08/2014,"Miercoles",0,07:40:00,,"0.0",2,"Bicicleta,Automóvil","Boulevard Colon Y Mitre",2,1,0,0,0,0,1,,"Avenida",,"TOTORAS","Iriondo","Asfalto","S/D","X","Dentro","Urbana","S/D","No existe","Intersección","Bueno","Buena","Diurna","Buen Tiempo","S/D","S/D","Atropello","S/D","Horizontal","S/D","S/D"
2014,6702,20/08/2014,"Miercoles",0,19:45:00,,"0.0",2,"Pickup/Utilitario,Moto/Ciclomotor","Boulevard Belgrano Y Colon",2,1,0,0,1,0,0,,"Calle",,"TOTORAS","Iriondo","Asfalto","Pavimento","X","Dentro","Urbana","S/D","No existe","Intersección","Bueno","Buena","Nocturna","Buen Tiempo","Lateral","S/D","Colisión","S/D","Horizontal","S/D","S/D"
2014,6703,24/08/2014,"Domingo",0,02:30:00,,"0.0",2,"Moto/Ciclomotor,Automóvil","Sarmiento Y Gral Lopez",2,1,0,0,1,0,0,,"Calle",,"TOTORAS","Iriondo","Asfalto","S/D","X","Dentro","Urbana","Marca Vial","No existe","Intersección","Bueno","Buena","Nocturna","Buen Tiempo","Lateral","S/D","Colisión","S/D","Horizontal","S/D","S/D"
2014,6704,23/09/2014,"Martes",0,08:30:00,"Ruta Provincial 10","0.0",1,"Pickup/Utilitario","Ruta Provincial 10 ",1,1,0,0,0,0,0,,"Ruta",10,"CASALEGNO","San Jerónimo","Ripio","Ripio","XV","S/D","Rural","Ninguna","No existe","Recta","Bueno","Buena","Diurna","Buen Tiempo","S/D","S/D","Vuelco,Despiste","Ninguna","Vertical","Ninguna","Sin restricción"
2014,6705,10/09/2014,"Miercoles",0,16:05:00,,"0.0",2,"Automóvil,Moto/Ciclomotor","Av Juan Domingo Peron 2400",2,1,0,0,1,0,0,,"Avenida",,"CORONDA","San Jerónimo","Asfalto","No existe","XV","Dentro","Urbana","Ninguna","No existe","Recta","Bueno","Buena","Diurna","Buen Tiempo","S/D","S/D","Colisión","S/D","S/D","S/D","Sin restricción"
2014,6706,20/09/2014,"Sabado",0,09:55:00,,"0.0",2,"Moto/Ciclomotor,Automóvil","BV 9 DE JULIO Y SAAVEDRA",4,1,0,0,3,0,0,,"Avenida",,"SAN VICENTE.","Castellanos","S/D","S/D","V","Dentro","Urbana","S/D","S/D","Intersección","S/D","Buena","Diurna","Buen Tiempo","Lateral","S/D","Colisión","S/D","S/D","S/D","S/D"
2014,6707,21/09/2014,"Domingo",0,04:15:00,"Ruta Nacional 11","428.0",1,"Moto/Ciclomotor"," ",1,1,0,0,0,0,0,,"Ruta",11,"CORONDA","San Jerónimo","Asfalto","Natural","XV","Fuera","Rural","Ninguna","No existe","Curva","Bueno","Reducida","Nocturna","Buen Tiempo","S/D","S/D","Caída ocupante","S/D","Horizontal","Línea divisoria pintada","S/D"
2014,6708,01/09/2014,"Lunes",0,17:15:00,,"0.0",2,"Pickup/Utilitario,Moto/Ciclomotor","9 de Julio Y Belgrano",4,0,0,0,0,0,4,,"Calle",,"CORONDA","San Jerónimo","Asfalto","No existe","XV","Dentro","Urbana","S/D","No existe","Intersección","Bueno","Buena","Atardecer","Buen Tiempo","S/D","S/D","Colisión","S/D","S/D","Ninguna","S/D"
2014,6709,30/09/2014,"Martes",0,23:20:00,,"0.0",2,"Automóvil,Automóvil","Suipacha Av Y Av Luis Fanti",7,6,0,0,1,0,0,,"Avenida",,"RAFAELA","Castellanos","Hormigón","S/D","V","Dentro","Urbana","Semáforo","Funciona","Intersección","S/D","Buena","Nocturna","S/D","Lateral","S/D","Colisión","S/D","S/D","S/D","S/D"
2014,6710,18/08/2014,"Lunes",0,12:20:00,,"0.0",2,"Moto/Ciclomotor,Pickup/Utilitario","Dr Rovere Y Rosario",2,0,1,0,1,0,0,,"Calle",,"AROCENA","San Jerónimo","Ripio","Pavimento","XV","Dentro","Urbana","S/D","S/D","Intersección","Bueno","Buena","Diurna","Buen Tiempo","Lateral","S/D","Colisión","S/D","S/D","S/D","Sin restricción"
2014,6711,16/09/2014,"Martes",0,18:10:00,,"0.0",2,"Pickup/Utilitario,Moto/Ciclomotor","BELGRANO Y GENERAL PAZ",3,2,0,0,1,0,0,,"Calle",,"SAN VICENTE.","Castellanos","Asfalto","S/D","V","S/D","Urbana","S/D","S/D","Intersección","Bueno","Buena","Atardecer","S/D","S/D","S/D","Colisión","S/D","S/D","S/D","S/D"
2014,6712,01/09/2014,"Lunes",0,19:40:00,"Ruta Secundaria 225-s","0.0",2,"Moto/Ciclomotor,Automóvil"," ",3,0,2,0,1,0,0,,"Ruta","225-s","RAMONA","Castellanos","Asfalto","S/D","V","S/D","Rural","S/D","S/D","Recta","Bueno","S/D","Nocturna","S/D","S/D","S/D","Colisión","S/D","S/D","S/D","S/D"
2014,6713,29/09/2014,"Lunes",0,15:40:00,,"0.0",2,"Automóvil,Automóvil","Bv Oroño Y Av Carlos A Poucel",3,1,0,0,2,0,0,,"Avenida",,"SAN LORENZO","San Lorenzo","Hormigón","S/D","XVII","S/D","Urbana","S/D","S/D","Intersección","S/D","S/D","Diurna","S/D","S/D","S/D","Colisión","S/D","S/D","S/D","S/D"
2014,6714,26/09/2014,"Viernes",0,02:00:00,,"0.0",2,"Moto/Ciclomotor,Automóvil","Rosario Y G Mainardi",2,0,1,0,1,0,0,,"Calle",,"RAFAELA","Castellanos","Asfalto","No existe","V","Dentro","Urbana","S/D","No existe","Intersección","Bueno","Reducida","Nocturna","Buen Tiempo","Frontal","S/D","Colisión","S/D","S/D","S/D","S/D"
2014,6715,28/09/2014,"Domingo",0,06:50:00,,"0.0",2,"Moto/Ciclomotor,Moto/Ciclomotor","Scalabrini Ortiz Y Falucho",3,1,0,0,2,0,0,,"Calle",,"RAFAELA","Castellanos","Asfalto","S/D","V","S/D","Urbana","S/D","S/D","Intersección","Bueno","Buena","Amanecer","S/D","S/D","S/D","Colisión","S/D","S/D","S/D","S/D"
2014,6716,28/09/2014,"Domingo",0,12:35:00,,"0.0",2,"Automóvil,Moto/Ciclomotor","ADOLFO MEDINA Y JUAN PERALTA",2,0,1,0,1,0,0,,"Calle",,"GATO COLORADO","9 de Julio","Tierra","No existe","XII","Dentro","Urbana","Ninguna","No existe","Intersección","Bueno","Buena","Diurna","Buen Tiempo","Frontal","S/D","Colisión","Ninguna","Faltante","Ninguna","Sin restricción"
2014,6717,05/09/2014,"Viernes",0,22:20:00,,"0.0",2,"Moto/Ciclomotor,Moto/Ciclomotor","J A Faraudello Y Miguel de Azcuenaga",2,1,0,0,1,0,0,,"Calle",,"RAFAELA","Castellanos","Asfalto","S/D","V","Dentro","Urbana","S/D","S/D","Intersección","S/D","Reducida","Nocturna","Lluvia","Frontal","S/D","Colisión","S/D","S/D","S/D","S/D"
2014,6718,09/09/2014,"Martes",0,,,"0.0",2,"Moto/Ciclomotor,Automóvil","Domingo Silva Y B Geuna",2,1,0,0,1,0,0,,"Calle",,"RAFAELA","Castellanos","Asfalto","S/D","V","Dentro","Urbana","S/D","S/D","Intersección","S/D","S/D","S/D","S/D","Lateral","S/D","Colisión","S/D","S/D","S/D","S/D"
2014,6719,25/09/2014,"Jueves",0,19:30:00,,"0.0",2,"Moto/Ciclomotor,Automóvil","Av Italia Y M Champagnat",3,1,1,0,1,0,0,,"Avenida",,"RAFAELA","Castellanos","Asfalto","S/D","V","Dentro","Urbana","S/D","S/D","Intersección","S/D","S/D","Atardecer","S/D","Lateral","S/D","Colisión","S/D","S/D","S/D","S/D"
2014,6720,25/09/2014,"Jueves",0,18:45:00,,"0.0",2,"Automóvil,Peatón","Austria ",2,1,0,0,1,0,0,,"Calle",,"BARRANCAS","San Jerónimo","S/D","S/D","XV","S/D","Urbana","S/D","S/D","Recta","S/D","S/D","Atardecer","Buen Tiempo","S/D","S/D","Atropello","S/D","S/D","S/D","S/D"
2014,6721,05/09/2014,"Viernes",0,21:30:00,,"0.0",2,"Moto/Ciclomotor,Automóvil","Luis Maggi Y 25 de Mayo",3,1,1,0,1,0,0,,"Calle",,"RAFAELA","Castellanos","Asfalto","S/D","V","Dentro","Urbana","S/D","S/D","Intersección","Bueno","Reducida","Nocturna","Buen Tiempo","Frontal","S/D","Colisión","S/D","S/D","S/D","S/D"