"anio_acci","nro_acci","fecha","desc_dia","fecha_aprox","hora_aprox","desc_ruta","km","cant_participantes","desc_participante","calle_avenida_km","total","heridos_leves","heridos_graves","heridos_gravisimos","ilesos","fallecidos","sin_datos","posicion_XY","desc_tipo_via","desc_ruta_ori","desc_loc","desc_dpto","desc_tipo_calzada","desc_tipo_banquina","desc_unidad_regional","desc_lugar_calzada","desc_zona","desc_prioridad","desc_estado_semaforo","desc_lugar_via","desc_estado_via","desc_estado_visibilidad","desc_luminosidad","desc_estado_clima","desc_tipo_colision","desc_tipo_atropello","desc_tipo_hecho","desc_pres_calzada","desc_senializacion","desc_separacion_via","desc_restriccion"
2014,6722,26/09/2014,"Viernes",0,09:00:00,,"0.0",2,"Moto/Ciclomotor,Automóvil","Av Luis Fanti Y Colon",2,1,0,0,0,0,1,,"Avenida",,"RAFAELA","Castellanos","Asfalto","No existe","V","Dentro","Urbana","S/D","No existe","Intersección","Bueno","Buena","Diurna","Buen Tiempo","Lateral","S/D","Colisión","S/D","S/D","S/D","S/D"
2014,6723,02/09/2014,"Martes",0,16:30:00,,"0.0",2,"Moto/Ciclomotor,Moto/Ciclomotor","Bolivar Y Alvear",2,1,1,0,0,0,0,,"Calle",,"SUNCHALES","Castellanos","S/D","S/D","V","Dentro","Urbana","S/D","S/D","Intersección","S/D","S/D","Diurna","S/D","Lateral","S/D","Colisión","S/D","S/D","S/D","S/D"
2014,6724,05/09/2014,"Viernes",0,18:15:00,,"0.0",2,"Moto/Ciclomotor,Pickup/Utilitario","1ro de Mayo Y Urquiza",2,1,0,0,1,0,0,,"Calle",,"RAFAELA","Castellanos","Asfalto","No existe","V","Dentro","Urbana","S/D","No existe","Intersección","S/D","Buena","Diurna","Buen Tiempo","Frontal","S/D","Colisión","S/D","S/D","S/D","S/D"
2014,6725,25/09/2014,"Jueves",0,22:00:00,,"0.0",2,"Moto/Ciclomotor,Moto/Ciclomotor","Domingo Silva Y A Marini",3,2,0,0,1,0,0,,"Calle",,"RAFAELA","Castellanos","Asfalto","No existe","V","Dentro","Urbana","S/D","No existe","Intersección","Bueno","Reducida","Nocturna","Buen Tiempo","Lateral","S/D","Colisión","S/D","S/D","S/D","S/D"
2014,6726,30/07/2014,"Miercoles",0,09:45:00,,"0.0",2,"Moto/Ciclomotor,Automóvil","Alvear 550",2,1,0,0,1,0,0,,"Calle",,"RAFAELA","Castellanos","S/D","No existe","V","Dentro","Urbana","S/D","No existe","Recta","Con baches","Buena","Diurna","Buen Tiempo","Lateral","S/D","Colisión","S/D","S/D","S/D","S/D"
2014,6727,10/09/2014,"Miercoles",0,10:40:00,,"0.0",2,"Moto/Ciclomotor,Automóvil"," ",2,1,0,0,1,0,0,,"Calle",,"BARRANCAS","San Jerónimo","Ripio","S/D","XV","S/D","Urbana","S/D","S/D","Intersección","S/D","Buena","Diurna","Buen Tiempo","Lateral","S/D","Colisión","S/D","S/D","Ninguna","S/D"
2014,6728,09/09/2014,"Martes",0,16:30:00,,"0.0",2,"Moto/Ciclomotor,Automóvil","Av Aristobulo del Valle Y Constitucion",3,1,0,0,2,0,0,,"Avenida",,"RAFAELA","Castellanos","Hormigón","S/D","V","Dentro","Urbana","S/D","S/D","Intersección","S/D","S/D","Diurna","S/D","Lateral","S/D","Colisión","S/D","S/D","S/D","S/D"
2014,6729,05/09/2014,"Viernes",0,11:00:00,"Ruta Provincial 35","0.0",1,"Moto/Ciclomotor"," ",1,1,0,0,0,0,0,,"Ruta",35,"POZO BORRADO","9 de Julio","Ripio","No existe","XII","S/D","Rural","S/D","No existe","Recta","Deteriorada","Buena","S/D","Buen Tiempo","S/D","S/D","Caída ocupante","Otro","Faltante","S/D","S/D"
2014,6730,05/09/2014,"Viernes",0,14:15:00,,"0.0",2,"Moto/Ciclomotor,Automóvil","Colon Y Velez Sarfield",2,1,0,0,1,0,0,,"Calle",,"RAFAELA","Castellanos","Asfalto","S/D","V","Dentro","Urbana","S/D","No existe","Intersección","Bueno","Buena","Diurna","Buen Tiempo","Frontal","S/D","Colisión","S/D","S/D","S/D","S/D"
2014,6731,21/09/2014,"Domingo",0,13:00:00,,"0.0",2,"Moto/Ciclomotor,Automóvil","Carlos Pellegrini Y Jose Hernandez",3,1,1,0,1,0,0,,"Calle",,"RAFAELA","Castellanos","Asfalto","S/D","V","Dentro","Urbana","S/D","S/D","Intersección","Bueno","Buena","Diurna","S/D","Lateral","S/D","Colisión","S/D","S/D","S/D","S/D"
2014,6732,16/09/2014,"Martes",0,09:40:00,,"0.0",2,"Automóvil,Moto/Ciclomotor","Angel Peralta Pino Y San Cristobal",2,0,1,0,1,0,0,,"Calle",,"TOSTADO","9 de Julio","Ripio","Ripio","XII","S/D","Urbana","Ninguna","No existe","Intersección","Bueno","Buena","Diurna","Buen Tiempo","Otro","S/D","Colisión","Ninguna","Faltante","Ninguna","Sin restricción"
2014,6733,25/09/2014,"Jueves",0,09:30:00,,"0.0",2,"Moto/Ciclomotor,Automóvil","Bv G L Lhemann Y Simon Bolivar",2,1,0,0,1,0,0,,"Avenida",,"RAFAELA","Castellanos","S/D","S/D","V","Dentro","Urbana","S/D","S/D","Intersección","S/D","Buena","Diurna","Buen Tiempo","Lateral","S/D","Colisión","S/D","S/D","S/D","S/D"
2014,6734,02/09/2014,"Martes",0,23:30:00,,"0.0",2,"Moto/Ciclomotor,Automóvil","Simon Bolivar Y Arenales",3,1,0,0,2,0,0,,"Calle",,"RAFAELA","Castellanos","S/D","No existe","V","Dentro","Urbana","S/D","No existe","Intersección","Bueno","S/D","Nocturna","Buen Tiempo","Frontal","S/D","Colisión","S/D","S/D","S/D","S/D"
2014,6735,14/09/2014,"Domingo",0,19:20:00,,"0.0",2,"Automóvil,Moto/Ciclomotor","Bvard 20 de Junio Y Maipu",2,1,0,0,1,0,0,,"Avenida",,"GÁLVEZ","San Jerónimo","Asfalto","No existe","XV","Dentro","Urbana","Ninguna","No existe","Intersección","Bueno","Reducida","Atardecer","Lluvia","Frontal,Lateral","S/D","Colisión","S/D","S/D","S/D","Sin restricción"
2014,6736,05/09/2014,"Viernes",0,12:20:00,,"0.0",2,"Moto/Ciclomotor,Moto/Ciclomotor","Belgrano Y Santa Fe",2,2,0,0,0,0,0,,"Calle",,"TOSTADO","9 de Julio","Asfalto","No existe","XII","S/D","Urbana","Ninguna","No existe","Intersección","Bueno","Buena","Diurna","Buen Tiempo","Frontal","S/D","Colisión","Ninguna","S/D","Ninguna","Sin restricción"
2014,6737,09/09/2014,"Martes",0,13:00:00,,"0.0",2,"Moto/Ciclomotor,Moto/Ciclomotor","CALLE 100 Y CALLE 1",3,3,0,0,0,0,0,,"Calle",,"FRONTERA","Castellanos","S/D","S/D","V","Dentro","Urbana","S/D","S/D","Intersección","S/D","S/D","Diurna","S/D","Lateral","S/D","Colisión","S/D","S/D","S/D","S/D"
2014,6738,12/08/2014,"Martes",0,15:00:00,,"0.0",2,"Moto/Ciclomotor,Otros","Av A del Valle Y Fray Mamerto Esquiu",2,1,0,0,1,0,0,,"Avenida",,"SANTA FE","La Capital","Asfalto","No existe","I","Dentro","Urbana","Semáforo","Funciona","Recta","Bueno","Buena","Diurna","Buen Tiempo","De alcance","S/D","Colisión","S/D","Vertical","Ninguna","Sin restricción"
2014,6739,01/09/2014,"Lunes",0,18:05:00,,"0.0",2,"Automóvil,Automóvil","Ntra Sra de Guadalupe Y Bv Santa Fe",4,2,0,0,2,0,0,,"Avenida",,"RAFAELA","Castellanos","Asfalto","S/D","V","Dentro","Urbana","S/D","S/D","Recta","S/D","S/D","Diurna","S/D","Lateral","S/D","Colisión","S/D","S/D","S/D","S/D"
2014,6740,11/09/2014,"Jueves",0,08:45:00,,"0.0",2,"Automóvil,Automóvil","Capitan Bermudez Y Dorrego",2,1,0,0,1,0,0,,"Avenida",,"GÁLVEZ","San Jerónimo","Asfalto","No existe","XV","Dentro","Urbana","Ninguna","No existe","Intersección","Bueno","Buena","Diurna","Buen Tiempo","Frontal,Lateral","S/D","Colisión","S/D","S/D","Cordón divisorio","Sin restricción"
2014,6741,11/09/2014,"Jueves",0,20:10:00,,"0.0",2,"Moto/Ciclomotor,Automóvil","Dorrego Y Silverio Cordoba",2,1,0,0,1,0,0,,"Calle",,"SAN LORENZO","San Lorenzo","Hormigón","S/D","XVII","S/D","Urbana","S/D","S/D","Intersección","Bueno","S/D","S/D","S/D","S/D","S/D","Colisión","S/D","S/D","S/D","S/D"
2014,6742,02/07/2014,"Miercoles",0,14:30:00,,"0.0",2,"Moto/Ciclomotor,Automóvil","Italia Y Av Irigoyen",3,1,0,0,2,0,0,,"Calle",,"SUNCHALES","Castellanos","S/D","S/D","V","Dentro","Urbana","S/D","S/D","Intersección","S/D","Buena","Diurna","Buen Tiempo","Frontal","S/D","Colisión","S/D","S/D","S/D","S/D"
2014,6743,21/09/2014,"Domingo",0,21:40:00,"Ruta Nacional 98","100.0",1,"Pickup/Utilitario"," ",1,1,0,0,0,0,0,,"Ruta",98,"TOSTADO","9 de Julio","S/D","Natural","XII","Fuera","Rural","Ninguna","No existe","Otro","Otro","Reducida","Nocturna","Buen Tiempo","S/D","S/D","Vuelco","Otro","S/D","Ninguna","Sin restricción"
2014,6744,14/09/2014,"Domingo",0,14:30:00,,"0.0",2,"Moto/Ciclomotor,Automóvil","San Martin Y Belgrano",3,1,1,0,1,0,0,,"Calle",,"MARIA JUANA","Castellanos","S/D","S/D","V","Dentro","Urbana","S/D","S/D","Intersección","S/D","S/D","Diurna","S/D","Lateral","S/D","Colisión","S/D","S/D","S/D","S/D"
2014,6745,11/09/2014,"Jueves",0,11:40:00,"Ruta Nacional 34","103.0",2,"Camión,Camión","Ruta Nac 34 - Gral. Guemes 103",2,1,0,0,0,0,1,,"Ruta",34,"CENTENO","San Jerónimo","Asfalto","Natural","XV","Dentro","Rural","Ninguna","No existe","Recta","Bueno","Buena","Diurna","Buen Tiempo","Frontal","S/D","Colisión","S/D","Faltante","Ninguna","Sin restricción"
2014,6746,01/09/2014,"Lunes",0,22:30:00,,"0.0",2,"Moto/Ciclomotor,Automóvil","Italia Y Islas Malvinas",3,2,0,0,1,0,0,,"Calle",,"SAN LORENZO","San Lorenzo","S/D","S/D","XVII","S/D","Urbana","S/D","S/D","S/D","S/D","S/D","Nocturna","S/D","S/D","S/D","Colisión","S/D","S/D","S/D","S/D"
2014,6747,02/09/2014,"Martes",0,19:00:00,,"0.0",1,"Moto/Ciclomotor","Sarmiento Y Lainez",1,1,0,0,0,0,0,,"Calle",,"SUNCHALES","Castellanos","S/D","S/D","V","Dentro","Urbana","S/D","S/D","Intersección","S/D","S/D","Atardecer","Buen Tiempo","Contra objeto fijo","S/D","Colisión","S/D","S/D","S/D","S/D"
2014,6748,01/09/2014,"Lunes",0,21:30:00,"Ruta Nacional 34","213.0",3,"Automóvil,Automóvil,Camión"," ",4,1,1,0,2,0,0,,"Ruta",34,"RAFAELA","Castellanos","Asfalto","S/D","V","Dentro","Rural","S/D","S/D","Recta","S/D","S/D","Nocturna","S/D","Múltiple","S/D","Colisión","S/D","S/D","S/D","S/D"
2014,6749,15/09/2014,"Lunes",0,20:30:00,"Ruta Provincial 70","98.0",2,"Automóvil,Automóvil"," ",3,1,0,0,2,0,0,,"Ruta",70,"PRESIDENTE ROCA","Castellanos","Asfalto","S/D","V","S/D","Rural","S/D","S/D","Recta","Bueno","Buena","Nocturna,Con luz artificial","S/D","S/D","S/D","Colisión","S/D","S/D","S/D","S/D"
2014,6750,18/09/2014,"Jueves",0,23:45:00,"Ruta Nacional 11","428.0",1,"Automóvil","Ca±ada Coronda ",1,1,0,0,0,0,0,,"Ruta",11,"CORONDA","San Jerónimo","Asfalto","Natural","XV","Fuera","Rural","Ninguna","No existe","Curva","Bueno","Reducida","Nocturna","Buen Tiempo","S/D","S/D","Vuelco","S/D","Horizontal","Línea divisoria pintada","Sin restricción"
2014,6751,13/09/2014,"Sabado",0,01:45:00,,"0.0",2,"Moto/Ciclomotor,Automóvil","Av Brasil Y Pueyrredon",2,2,0,0,0,0,0,,"Avenida",,"RAFAELA","Castellanos","Asfalto","No existe","V","S/D","Urbana","S/D","No existe","Intersección","Bueno","Reducida","Nocturna","Buen Tiempo","Frontal","S/D","Colisión","S/D","S/D","S/D","S/D"
2014,6752,10/09/2014,"Miercoles",0,12:10:00,"Ruta Nacional 9","311.5",2,"Moto/Ciclomotor,Automóvil"," ",3,2,0,0,1,0,0,,"Ruta",9,"ROLDÁN","San Lorenzo","Asfalto","Natural","XVII","Dentro","Urbana","Ninguna","No existe","Intersección","Bueno","Buena","Diurna","Buen Tiempo","Lateral","S/D","Colisión","S/D","Vertical","Ninguna","Sin restricción"
2014,6753,20/07/2014,"Domingo",0,10:00:00,,"0.0",2,"Moto/Ciclomotor,Moto/Ciclomotor","Perusia Y J Abele",2,0,1,0,1,0,0,,"Calle",,"RAFAELA","Castellanos","Asfalto","S/D","V","S/D","Urbana","S/D","S/D","Intersección","S/D","Buena","Diurna","S/D","Frontal","S/D","Colisión","S/D","S/D","S/D","S/D"
2014,6754,01/09/2014,"Lunes",0,14:00:00,,"0.0",2,"Bicicleta,Automóvil","Saavedra Y 26 de Enero",4,1,0,0,3,0,0,,"Calle",,"RAFAELA","Castellanos","Hormigón","S/D","V","Dentro","Urbana","S/D","S/D","Intersección","S/D","S/D","Diurna","S/D","S/D","S/D","Atropello","S/D","S/D","S/D","S/D"
2014,6755,10/09/2014,"Miercoles",0,07:00:00,"Ruta Nacional 11","414.0",2,"Automóvil,Otros","Av L de la Torre-Ruta Nac 11 414",4,1,0,0,2,0,1,,"Ruta",11,"CORONDA","San Jerónimo","Asfalto","Natural","XV","Dentro","Rural","Marca Vial","No existe","Recta","Bueno","Buena","Amanecer","Buen Tiempo","Frontal","S/D","Colisión","S/D","Vertical","Guardarrail","Desvío Provisorio"
2014,6756,11/09/2014,"Jueves",0,16:50:00,,"0.0",2,"Moto/Ciclomotor,Transporte de Pasajeros Urbano (> 8 asientos)","Rotania Y Arturo Frondizi",3,1,0,1,1,0,0,,"Calle",,"SUNCHALES","Castellanos","S/D","S/D","V","S/D","Urbana","S/D","S/D","Intersección","S/D","Buena","Diurna","Buen Tiempo","Frontal","S/D","Colisión","S/D","S/D","S/D","S/D"
2014,6757,02/09/2014,"Martes",0,14:30:00,,"0.0",2,"Automóvil,Moto/Ciclomotor","Italia Y Av Irigoyen",3,1,0,0,2,0,0,,"Avenida",,"SUNCHALES","Castellanos","Asfalto","S/D","V","S/D","Urbana","S/D","S/D","Intersección","Bueno","Buena","Diurna","S/D","S/D","S/D","Colisión","S/D","S/D","S/D","S/D"
2014,6758,11/09/2014,"Jueves",0,23:00:00,,"0.0",1,"Moto/Ciclomotor","3 de Febrero 167",1,1,0,0,0,0,0,,"Calle",,"RAFAELA","Castellanos","Asfalto","S/D","V","S/D","Urbana","S/D","S/D","Recta","Bueno","Buena","Nocturna","Buen Tiempo","Contra objeto fijo","S/D","Colisión","S/D","S/D","S/D","S/D"
2014,6759,11/09/2014,"Jueves",0,21:00:00,,"0.0",2,"Moto/Ciclomotor,Automóvil","25 de Mayo Y Mariano Moreno",4,1,0,0,3,0,0,,"Calle",,"RAFAELA","Castellanos","S/D","S/D","V","S/D","Urbana","S/D","S/D","Intersección","Bueno","Buena","Nocturna","Buen Tiempo","Frontal","S/D","Colisión","S/D","S/D","S/D","S/D"
2014,6760,24/09/2014,"Miercoles",0,18:10:00,,"0.0",2,"Bicicleta,Moto/Ciclomotor","Dorrego Y Jose Ingenieros",2,1,0,0,1,0,0,,"Calle",,"SAN LORENZO","San Lorenzo","S/D","S/D","XVII","Dentro","Urbana","S/D","S/D","S/D","S/D","S/D","Diurna","S/D","S/D","S/D","Atropello","S/D","S/D","S/D","S/D"
2014,6761,02/09/2014,"Martes",0,23:30:00,,"0.0",2,"Automóvil,Moto/Ciclomotor","Simon Bolivar Y Arenales",3,1,0,0,2,0,0,,"Calle",,"RAFAELA","Castellanos","Asfalto","S/D","V","S/D","Urbana","S/D","S/D","Intersección","Bueno","Buena","Nocturna,Con luz artificial","S/D","S/D","S/D","Colisión","S/D","S/D","S/D","S/D"
2014,6762,04/09/2014,"Jueves",0,13:23:00,,"0.0",2,"Moto/Ciclomotor,Automóvil","Zeballos Y Perdriel",2,1,0,0,1,0,0,,"Calle",,"SAN LORENZO","San Lorenzo","S/D","S/D","XVII","Dentro","Urbana","S/D","S/D","S/D","S/D","S/D","Diurna","S/D","S/D","S/D","S/D","S/D","S/D","S/D","S/D"
2014,6763,14/08/2014,"Jueves",0,20:00:00,,"0.0",1,"Moto/Ciclomotor","500 Millas Argentinas ",1,1,0,0,0,0,0,,"Calle",,"RAFAELA","Castellanos","Ripio","S/D","V","S/D","Urbana","S/D","S/D","Recta","Bueno","S/D","Nocturna,Con luz artificial","S/D","S/D","S/D","Caída ocupante","S/D","S/D","S/D","S/D"
2014,6764,24/09/2014,"Miercoles",0,06:30:00,"Ruta Nacional 11","0.0",2,"Automóvil,Automóvil","Congreso ",4,3,0,0,0,0,1,,"Ruta",11,"SAN LORENZO","San Lorenzo","S/D","S/D","XVII","Dentro","Urbana","S/D","S/D","S/D","S/D","S/D","Diurna","S/D","S/D","S/D","S/D","S/D","S/D","S/D","S/D"
2014,6765,04/09/2014,"Jueves",0,12:30:00,,"0.0",1,"Camión","ACCESO ASFALTADO A POZO BORRADO ",2,1,0,0,1,0,0,,"Camino Rural",,"POZO BORRADO","9 de Julio","Asfalto","Natural","XII","S/D","Rural","Ninguna","No existe","Recta","Bueno","Buena","Diurna","Buen Tiempo","S/D","S/D","Vuelco","Ninguna","Horizontal","Línea divisoria pintada","Sin restricción"
2014,6766,10/09/2014,"Miercoles",0,13:30:00,,"0.0",2,"Moto/Ciclomotor,Automóvil","Lisandro de la Torre Y Av Doctor E Salva",2,1,0,0,1,0,0,,"Avenida",,"RAFAELA","Castellanos","Asfalto","S/D","V","S/D","Urbana","S/D","S/D","Intersección","Bueno","Buena","Diurna","S/D","S/D","S/D","Colisión","S/D","S/D","S/D","S/D"
2014,6767,27/09/2014,"Sabado",0,20:45:00,"Ruta Nacional 11","0.0",2,"Automóvil,Moto/Ciclomotor","Av L de la Torre-Ruta Nac 11 2000",3,0,2,0,1,0,0,,"Ruta",11,"CORONDA","San Jerónimo","Asfalto","Natural","XV","Dentro","Urbana","Ninguna","No existe","Recta","Bueno","Buena","Atardecer","Buen Tiempo","De alcance","S/D","Colisión","S/D","Horizontal","Línea divisoria pintada","Sin restricción"
2014,6768,09/09/2014,"Martes",0,04:10:00,,"0.0",2,"Moto/Ciclomotor,Moto/Ciclomotor","Rosario Y Luis Fasoli",2,2,0,0,0,0,0,,"Calle",,"RAFAELA","Castellanos","Asfalto","S/D","V","S/D","Urbana","S/D","S/D","Intersección","Bueno","Buena","Nocturna,Con luz artificial","S/D","S/D","S/D","Colisión","S/D","S/D","S/D","S/D"
2014,6769,01/09/2014,"Lunes",0,13:00:00,,"0.0",2,"Moto/Ciclomotor,Moto/Ciclomotor","Maestro Cossettini Y Falucho",2,1,0,0,1,0,0,,"Calle",,"RAFAELA","Castellanos","Hormigón","S/D","V","Dentro","Urbana","S/D","S/D","Intersección","S/D","S/D","Diurna","S/D","Lateral","S/D","Colisión","S/D","S/D","S/D","S/D"
2014,6770,15/09/2014,"Lunes",0,18:15:00,,"0.0",2,"Moto/Ciclomotor,Automóvil","Salta Y Dorrego",2,1,0,0,1,0,0,,"Calle",,"SAN LORENZO","San Lorenzo","S/D","S/D","XVII","Dentro","Urbana","S/D","S/D","S/D","S/D","S/D","Diurna","S/D","S/D","S/D","S/D","S/D","S/D","S/D","S/D"
2014,6771,19/09/2014,"Viernes",0,06:30:00,"Ruta Nacional 9","344.0",1,"Pickup/Utilitario"," ",1,1,0,0,0,0,0,,"Ruta",9,"SAN JERÓNIMO SUR","San Lorenzo","Asfalto","Natural","XVII","Dentro","Rural","Ninguna","No existe","Recta","Bueno","Buena","Nocturna","Buen Tiempo","Contra objeto fijo","S/D","Colisión,Despiste","S/D","Faltante","Línea divisoria pintada","Sin restricción"
2014,6772,25/09/2014,"Jueves",0,20:10:00,"Ruta Nacional 9","317.0",2,"Bicicleta,Automóvil"," ",2,1,0,0,1,0,0,,"Ruta",9,"ROLDÁN","San Lorenzo","Asfalto","Natural","XVIII","Dentro","Urbana","Policía de tránsito","No funciona","Intersección","Ahuellamiento","Reducida","Nocturna","Buen Tiempo","Lateral","S/D","Atropello","S/D","Vertical","Ninguna","Sin restricción"
2014,6773,21/09/2014,"Domingo",0,00:00:00,,"0.0",2,"Moto/Ciclomotor,Automóvil","Ramon y Cajal Y España",2,1,0,0,1,0,0,,"Calle",,"RAFAELA","Castellanos","Hormigón","S/D","V","Dentro","Urbana","S/D","S/D","Intersección","S/D","S/D","Nocturna","S/D","Lateral","S/D","Colisión","S/D","S/D","S/D","S/D"
2014,6774,18/09/2014,"Jueves",0,09:30:00,,"0.0",2,"Automóvil,Moto/Ciclomotor","Catamarca Y Irigoyen",2,1,0,0,1,0,0,,"Calle",,"SAN LORENZO","San Lorenzo","S/D","S/D","XVII","Dentro","Urbana","S/D","S/D","S/D","S/D","S/D","Diurna","S/D","S/D","S/D","S/D","S/D","S/D","S/D","S/D"
2014,6775,08/09/2014,"Lunes",0,18:30:00,,"0.0",2,"Automóvil,Moto/Ciclomotor","Dorrego Y Moreno",2,1,0,0,1,0,0,,"Calle",,"SAN LORENZO","San Lorenzo","S/D","S/D","XVII","Dentro","Urbana","S/D","S/D","S/D","S/D","S/D","Diurna","S/D","S/D","S/D","S/D","S/D","S/D","S/D","S/D"
2014,6776,24/09/2014,"Miercoles",0,22:30:00,,"0.0",2,"Automóvil,Moto/Ciclomotor","Bv Pellegrini Y Fleming",3,2,0,0,1,0,0,,"Avenida",,"ROLDÁN","San Lorenzo","Hormigón","No existe","XVII","Dentro","Urbana","Ninguna","No existe","Intersección","Bueno","Reducida","Nocturna,Con luz artificial","Buen Tiempo","Lateral","S/D","Colisión","S/D","Vertical","Ninguna","Sin restricción"
2014,6777,21/09/2014,"Domingo",0,05:20:00,"Ruta Secundaria 80-s","0.0",2,"Automóvil,Pickup/Utilitario"," ",6,3,0,0,3,0,0,,"Ruta","80-s","AROCENA","San Jerónimo","Asfalto","Natural","XV","Dentro","S/D","Ninguna","No existe","Recta","Bueno","Buena","Amanecer","Buen Tiempo","De alcance","S/D","Colisión","S/D","S/D","S/D","Sin restricción"
2014,6778,11/09/2014,"Jueves",0,17:50:00,,"0.0",2,"Moto/Ciclomotor,Automóvil","San Martin Y 9 de Julio",2,1,0,0,1,0,0,,"Calle",,"MARIA JUANA","Castellanos","Asfalto","S/D","V","S/D","S/D","S/D","S/D","Intersección","Bueno","Buena","Diurna","S/D","S/D","S/D","Colisión","S/D","S/D","S/D","S/D"
2014,6779,30/09/2014,"Martes",0,10:00:00,,"0.0",1,"Moto/Ciclomotor","Velez Sarfield 1672",1,0,1,0,0,0,0,,"Calle",,"RAFAELA","Castellanos","Hormigón","S/D","V","Dentro","Urbana","S/D","S/D","Recta","S/D","S/D","Diurna","S/D","S/D","S/D","Despiste","S/D","S/D","S/D","S/D"
2014,6780,07/09/2014,"Domingo",0,20:45:00,,"0.0",2,"Automóvil,Moto/Ciclomotor","Bv Oroño Y M Diaz Velez",3,2,0,0,1,0,0,,"Calle",,"SAN LORENZO","San Lorenzo","S/D","S/D","XVII","Dentro","Urbana","S/D","S/D","S/D","S/D","S/D","Diurna","S/D","S/D","S/D","S/D","S/D","S/D","S/D","S/D"
2014,6781,21/09/2014,"Domingo",0,06:00:00,,"0.0",2,"Moto/Ciclomotor,Otros","Bv Santa Fe Y Av Italia",2,0,1,0,0,0,1,,"Avenida",,"RAFAELA","Castellanos","Asfalto","No existe","V","Dentro","Urbana","S/D","No existe","Intersección","Bueno","Buena","Amanecer","Buen Tiempo","Lateral","S/D","Colisión","S/D","S/D","S/D","S/D"
2014,6782,19/09/2014,"Viernes",0,20:00:00,"Ruta Nacional 9","0.0",2,"Pickup/Utilitario,Camión"," ",3,0,0,2,1,0,0,,"Ruta",9,"SAN JERÓNIMO SUR","San Lorenzo","Asfalto","Ripio","XVII","S/D","Urbana","Ninguna","No existe","Recta","Bueno","Buena","Nocturna,Con luz artificial","Buen Tiempo","De alcance","S/D","Colisión","S/D","Horizontal,Vertical","Línea divisoria pintada","Sin restricción"
2014,6783,10/09/2014,"Miercoles",0,13:00:00,,"0.0",2,"Moto/Ciclomotor,Peatón","Calle 5 886",2,1,0,0,1,0,0,,"Calle",,"FRONTERA","Castellanos","Asfalto","S/D","V","S/D","Urbana","S/D","S/D","Recta","Bueno","Buena","Diurna","Buen Tiempo","S/D","S/D","Atropello","S/D","S/D","S/D","S/D"
2014,6784,01/09/2014,"Lunes",0,14:00:00,,"0.0",2,"Moto/Ciclomotor,Automóvil","Belgrano Y Buenos Aires",3,2,0,0,1,0,0,,"Calle",,"PUERTO SAN MARTÍN","San Lorenzo","Asfalto","No existe","XVII","Dentro","Urbana","Ninguna","No existe","Intersección","Bueno","Buena","Diurna","Buen Tiempo","Lateral","S/D","Colisión","Ninguna","Horizontal","Ninguna","Sin restricción"
2014,6785,17/09/2014,"Miercoles",0,14:30:00,,"0.0",2,"Moto/Ciclomotor,Otros","Bv Jaime Ferre Y Guemes",2,1,0,0,1,0,0,,"Avenida",,"RAFAELA","Castellanos","Asfalto","S/D","V","S/D","Urbana","S/D","S/D","Intersección","Bueno","Buena","Diurna","S/D","S/D","S/D","Colisión","S/D","S/D","S/D","S/D"
2014,6786,20/09/2014,"Sabado",0,01:00:00,,"0.0",2,"Moto/Ciclomotor,Moto/Ciclomotor","1ro de Mayo Y Victor Manuel",3,1,0,0,2,0,0,,"Calle",,"RAFAELA","Castellanos","Asfalto","No existe","V","Dentro","Urbana","S/D","No existe","Intersección","S/D","Buena","Nocturna","Buen Tiempo","Lateral","S/D","Colisión","S/D","S/D","S/D","S/D"
2014,6787,03/09/2014,"Miercoles",0,08:00:00,,"0.0",2,"Moto/Ciclomotor,Pickup/Utilitario","Cordoba Y Aaron Castellanos",2,1,0,0,1,0,0,,"Calle",,"RAFAELA","Castellanos","Asfalto","S/D","V","S/D","Urbana","S/D","S/D","Intersección","S/D","Buena","Diurna","Buen Tiempo","S/D","S/D","Colisión","S/D","S/D","S/D","S/D"
2014,6788,05/09/2014,"Viernes",0,03:00:00,"Ruta Nacional 9","340.0",2,"Camión,Camión"," ",2,1,0,0,1,0,0,,"Ruta",9,"SAN JERÓNIMO SUR","San Lorenzo","Asfalto","Natural","XVII","Dentro","Rural","Ninguna","No existe","Recta","Bueno","Buena","Nocturna","Buen Tiempo","De alcance","S/D","Colisión","S/D","Faltante","Línea divisoria pintada","Sin restricción"
2014,6789,03/09/2014,"Miercoles",0,07:00:00,,"0.0",2,"Moto/Ciclomotor,Moto/Ciclomotor","Antonio Podio Y Velez Sarfield",2,2,0,0,0,0,0,,"Avenida",,"RAFAELA","Castellanos","Asfalto","S/D","V","S/D","Urbana","S/D","S/D","Intersección","Bueno","Buena","Diurna,Con luz artificial","S/D","S/D","S/D","Colisión","S/D","S/D","S/D","S/D"
2014,6790,12/09/2014,"Viernes",0,21:00:00,"Ruta Nacional 34","172.0",2,"Moto/Ciclomotor,Otros"," ",2,1,0,0,0,0,1,,"Ruta",34,"SAN VICENTE.","Castellanos","Hormigón","Natural","V","S/D","Rural","S/D","No existe","Recta","S/D","Reducida","Nocturna","Buen Tiempo","Frontal","S/D","Colisión","S/D","S/D","S/D","S/D"
2014,6791,19/09/2014,"Viernes",0,06:30:00,"Ruta Nacional 9","344.0",1,"Pickup/Utilitario"," ",1,1,0,0,0,0,0,,"Ruta",9,"SAN JERÓNIMO SUR","San Lorenzo","Asfalto","Natural","XVII","Dentro","Rural","Ninguna","No existe","Recta","Bueno","Buena","Nocturna","Buen Tiempo","Contra objeto fijo","S/D","Colisión,Despiste","S/D","Faltante","Línea divisoria pintada","Sin restricción"
2014,6792,12/09/2014,"Viernes",0,20:00:00,,"0.0",2,"Moto/Ciclomotor,Otros","G Washington Y J J Paso",2,0,1,0,0,0,1,,"Calle",,"RAFAELA","Castellanos","Asfalto","S/D","V","S/D","Urbana","S/D","S/D","Intersección","S/D","Reducida","Nocturna","Buen Tiempo","Frontal","S/D","Colisión","S/D","S/D","S/D","S/D"