"anio_acci","nro_acci","fecha","desc_dia","fecha_aprox","hora_aprox","desc_ruta","km","cant_participantes","desc_participante","calle_avenida_km","total","heridos_leves","heridos_graves","heridos_gravisimos","ilesos","fallecidos","sin_datos","posicion_XY","desc_tipo_via","desc_ruta_ori","desc_loc","desc_dpto","desc_tipo_calzada","desc_tipo_banquina","desc_unidad_regional","desc_lugar_calzada","desc_zona","desc_prioridad","desc_estado_semaforo","desc_lugar_via","desc_estado_via","desc_estado_visibilidad","desc_luminosidad","desc_estado_clima","desc_tipo_colision","desc_tipo_atropello","desc_tipo_hecho","desc_pres_calzada","desc_senializacion","desc_separacion_via","desc_restriccion"
2014,6793,15/09/2014,"Lunes",0,17:00:00,,"0.0",2,"Automóvil,Moto/Ciclomotor","Ameghino Florentino Y Silvio Arcas",2,1,0,0,1,0,0,,"Calle",,"GÁLVEZ","San Jerónimo","Hormigón","Pavimento","XV","S/D","Urbana","Otra Señal","No existe","Intersección","Bueno","Buena","Diurna","Buen Tiempo","Frontal","S/D","Colisión","S/D","Horizontal","Cordón divisorio","Sin restricción"
2014,6794,19/09/2014,"Viernes",0,20:00:00,"Ruta Nacional 9","0.0",2,"Camión,Pickup/Utilitario"," ",3,0,0,2,1,0,0,,"Ruta",9,"SAN JERÓNIMO SUR","San Lorenzo","Asfalto","Ripio","XVII","S/D","Urbana","Ninguna","No existe","Recta","Bueno","Buena","Nocturna,Con luz artificial","Buen Tiempo","De alcance","S/D","Colisión","S/D","Horizontal,Vertical","Línea divisoria pintada","Sin restricción"
2014,6795,06/09/2014,"Sabado",0,13:00:00,,"0.0",2,"Moto/Ciclomotor,Moto/Ciclomotor","L Vernet Y Monseñor Zaspe",2,1,0,0,1,0,0,,"Calle",,"RAFAELA","Castellanos","Hormigón","S/D","V","Dentro","Urbana","S/D","S/D","Intersección","S/D","S/D","Diurna","S/D","Lateral","S/D","Colisión","S/D","S/D","S/D","S/D"
2014,6796,09/09/2014,"Martes",0,15:00:00,,"0.0",2,"Peatón,Automóvil","Viamonte Y Francisco Saenz Diaz",2,1,0,0,1,0,0,,"Calle",,"RAFAELA","Castellanos","Hormigón","S/D","V","Dentro","Urbana","S/D","No existe","Intersección","S/D","S/D","Diurna","S/D","S/D","S/D","Atropello","S/D","S/D","S/D","S/D"
2014,6797,02/09/2014,"Martes",0,19:00:00,,"0.0",1,"Moto/Ciclomotor","Sarmiento ",1,1,0,0,0,0,0,,"Avenida",,"SUNCHALES","Castellanos","Asfalto","S/D","V","S/D","Urbana","S/D","S/D","Intersección","Bueno","Buena","Atardecer,Con luz artificial","S/D","S/D","S/D","Caída ocupante","S/D","S/D","S/D","S/D"
2014,6798,09/09/2014,"Martes",0,11:35:00,"Ruta Nacional 34","0.0",2,"Moto/Ciclomotor,Pickup/Utilitario"," ",2,1,0,0,1,0,0,,"Ruta",34,"RAFAELA","Castellanos","Asfalto","S/D","V","Dentro","Urbana","Semáforo","Funciona","Intersección","Bueno","S/D","Diurna","S/D","Lateral","S/D","Colisión","S/D","S/D","Cordón divisorio","S/D"
2014,6799,24/09/2014,"Miercoles",0,05:50:00,"Ruta Provincial 10","0.0",1,"Camión"," ",1,1,0,0,0,0,0,,"Ruta",10,"GÁLVEZ","San Jerónimo","Asfalto","Natural","XV","S/D","Urbana","Ninguna","No existe","Curva","Bueno","Buena","Diurna","Buen Tiempo","S/D","S/D","Vuelco","S/D","S/D","Ninguna","Sin restricción"
2014,6800,20/09/2014,"Sabado",0,17:00:00,,"0.0",2,"Moto/Ciclomotor,Pickup/Utilitario","Falucho Y Padre Francisco Palmieri",2,1,0,0,1,0,0,,"Calle",,"RAFAELA","Castellanos","Asfalto","No existe","V","Dentro","Urbana","S/D","No existe","Intersección","Bueno","Buena","Diurna","Buen Tiempo","Lateral","S/D","Colisión","S/D","S/D","S/D","S/D"
2014,6801,20/09/2014,"Sabado",0,17:00:00,,"0.0",1,"Moto/Ciclomotor"," ",2,1,1,0,0,0,0,,"Camino Rural",,"HUMBERTO 1°","Castellanos","Tierra","S/D","V","S/D","Rural","S/D","S/D","Recta","S/D","Buena","Diurna","Buen Tiempo","S/D","S/D","Caída ocupante","S/D","S/D","S/D","S/D"
2014,6803,19/09/2014,"Viernes",0,14:00:00,"Ruta Nacional 34","0.0",2,"Pickup/Utilitario,Automóvil","Ruta Prov 13 ",3,2,0,0,1,0,0,,"Ruta",34,"ATALIVA","Castellanos","Hormigón","S/D","V","S/D","Rural","S/D","S/D","Cruce","S/D","Buena","Diurna","Buen Tiempo","Lateral","S/D","Colisión","S/D","S/D","S/D","S/D"
2014,6804,02/09/2014,"Martes",0,12:00:00,,"0.0",2,"Automóvil,Moto/Ciclomotor","La Plata Y Laprida",2,1,0,0,1,0,0,,"Calle",,"CARCARAÑÁ","San Lorenzo","S/D","No existe","XVII","S/D","Urbana","S/D","S/D","S/D","Bueno","Buena","Diurna","Buen Tiempo","S/D","S/D","Colisión","S/D","S/D","S/D","S/D"
2014,6805,27/09/2014,"Sabado",0,20:00:00,,"0.0",2,"Automóvil,Moto/Ciclomotor","San Martin Y Las Heras",2,1,0,0,1,0,0,,"Avenida",,"CAPITÁN BERMÚDEZ","San Lorenzo","Asfalto","S/D","XVII","S/D","Urbana","Ninguna","S/D","Intersección","Bueno","S/D","S/D","Buen Tiempo","Lateral","S/D","Colisión","S/D","S/D","Línea divisoria pintada","Sin restricción"
2014,6806,29/09/2014,"Lunes",0,17:00:00,,"0.0",2,"Bicicleta,Automóvil","Avda. Jorge Newbery ",2,1,0,0,1,0,0,,"Avenida",,"GÁLVEZ","San Jerónimo","Asfalto","No existe","XV","Dentro","Urbana","Semáforo","Funciona","Recta","Bueno","Buena","Diurna","Buen Tiempo","S/D","S/D","Atropello","S/D","S/D","Ninguna","Sin restricción"
2014,6807,20/09/2014,"Sabado",0,06:40:00,,"0.0",2,"Moto/Ciclomotor,Otros","Av San Lorenzo Y L Lugones",2,1,0,0,1,0,0,,"Avenida",,"CAPITÁN BERMÚDEZ","San Lorenzo","Asfalto","Pavimento","XVII","S/D","Urbana","Ninguna","No existe","Intersección","Bueno","Buena","Amanecer","Buen Tiempo","Frontal","S/D","Colisión","S/D","Faltante","S/D","S/D"
2014,6808,06/09/2014,"Sabado",0,12:35:00,,"0.0",2,"Moto/Ciclomotor,Pickup/Utilitario","La Plata Y Laprida",2,0,1,0,1,0,0,,"Calle",,"CARCARAÑÁ","San Lorenzo","S/D","S/D","XVII","S/D","Urbana","S/D","S/D","S/D","Bueno","S/D","Diurna","Buen Tiempo","S/D","S/D","Colisión","S/D","S/D","S/D","S/D"
2014,6809,04/09/2014,"Jueves",0,12:30:00,"Ruta Nacional 34","32.0",2,"Pickup/Utilitario,Camión"," ",2,0,1,0,1,0,0,,"Ruta",34,"LUIS PALACIOS","San Lorenzo","Asfalto","Natural","XVII","Dentro","Rural","Marca Vial","No existe","Recta","Bueno","Reducida","Diurna","Lluvia","Frontal,Lateral","S/D","Colisión,Vuelco","Agua","S/D","Línea divisoria pintada","Sin restricción"
2014,6810,17/09/2014,"Miercoles",0,18:40:00,,"0.0",2,"Bicicleta,Automóvil","Av San Lorenzo Y Av Gral Lopez",2,1,0,0,1,0,0,,"Avenida",,"CAPITÁN BERMÚDEZ","San Lorenzo","Asfalto","No existe","XVII","Dentro","Urbana","S/D","S/D","Intersección","Bueno","Buena","Atardecer","Buen Tiempo","S/D","S/D","Atropello","S/D","S/D","Línea divisoria pintada","Sin restricción"
2014,6811,16/09/2014,"Martes",0,13:00:00,,"0.0",2,"Moto/Ciclomotor,Automóvil","3 de Junio Y Yapeyu",2,1,0,0,1,0,0,,"Calle",,"ROMANG","San Javier","Asfalto","No existe","XIV","Dentro","Urbana","Ninguna","No existe","Intersección","Bueno","Buena","Diurna","Buen Tiempo","Lateral","S/D","Colisión","Otro","Vertical","Ninguna","Sin restricción"
2014,6812,26/09/2014,"Viernes",0,14:35:00,,"0.0",2,"Pickup/Utilitario,Moto/Ciclomotor","Ing White Y S Gaboto",2,1,0,0,1,0,0,,"S/D",,"SAN LORENZO","San Lorenzo","S/D","S/D","XVII","S/D","S/D","S/D","S/D","S/D","S/D","S/D","Diurna","S/D","S/D","S/D","Colisión","S/D","S/D","S/D","S/D"
2014,6813,29/09/2014,"Lunes",0,21:00:00,,"0.0",2,"Moto/Ciclomotor,Taxi/Remis","Uriburu Y 3 de Febrero",2,0,0,0,0,0,2,,"S/D",,"SAN LORENZO","San Lorenzo","S/D","S/D","I","S/D","S/D","S/D","S/D","S/D","S/D","S/D","Nocturna","S/D","S/D","S/D","S/D","S/D","S/D","S/D","S/D"
2014,6814,12/09/2014,"Viernes",0,11:30:00,,"0.0",1,"Moto/Ciclomotor","Rosario Y Manuel Belgrano",1,1,0,0,0,0,0,,"Calle",,"CAPITÁN BERMÚDEZ","San Lorenzo","Asfalto","Pavimento","XVII","S/D","Urbana","Ninguna","No existe","Recta","Bueno","Buena","Diurna","Buen Tiempo","Otro","S/D","Otro","S/D","S/D","Cordón divisorio","Sin restricción"
2014,6815,05/09/2014,"Viernes",0,18:30:00,,"0.0",2,"Automóvil,Moto/Ciclomotor","Av San Lorenzo Y Laprida",2,1,0,0,1,0,0,,"Avenida",,"CAPITÁN BERMÚDEZ","San Lorenzo","Asfalto","Ripio","XVII","Dentro","Urbana","Ninguna","S/D","Intersección","Bueno","Buena","Atardecer","Buen Tiempo","Lateral","S/D","Colisión","S/D","S/D","Línea divisoria pintada","Sin restricción"
2014,6816,20/07/2014,"Domingo",0,19:50:00,,"0.0",2,"Automóvil,Moto/Ciclomotor","Bv. 27 De Febrero Y Ayacucho",3,1,0,0,2,0,0,,"Avenida",,"ROSARIO","Rosario","Asfalto","No existe","II","Dentro","Urbana","Ninguna","No existe","Intersección","Bueno","Buena","Con luz artificial","Buen Tiempo","S/D","S/D","Colisión","Ninguna","S/D","Ninguna","Sin restricción"
2014,6817,25/08/2014,"Lunes",0,13:00:00,,"0.0",2,"Moto/Ciclomotor,Automóvil","Bv. Oroño Y Garibaldi",2,1,0,0,1,0,0,,"Avenida",,"ROSARIO","Rosario","Asfalto","S/D","II","Dentro","Urbana","Semáforo","Funciona","Recta","Bueno","Buena","Diurna","Buen Tiempo","Lateral","S/D","Colisión","Ninguna","Horizontal","S/D","Sin restricción"
2014,6818,24/09/2014,"Miercoles",0,18:30:00,,"0.0",2,"Moto/Ciclomotor,Pickup/Utilitario","Av San Martin Y Belgrano",2,1,0,0,1,0,0,,"Avenida",,"FRAY LUIS BELTRÁN","San Lorenzo","Asfalto","Ripio","XVII","Dentro","Urbana","Semáforo","Funciona","Intersección","Bueno","Buena","Atardecer","Buen Tiempo","Frontal","S/D","Colisión","S/D","S/D","Ninguna","S/D"
2014,6819,21/09/2014,"Domingo",0,15:30:00,,"0.0",2,"Moto/Ciclomotor,Moto/Ciclomotor","Rivadavia Y Sarmiento calle 11",4,3,1,0,0,0,0,,"Calle",,"MARÍA SUSANA","San Martín","Asfalto","Natural","XVIII","Dentro","Urbana","Ninguna","No existe","Intersección","Bueno","Buena","Diurna","Buen Tiempo","Lateral","S/D","Colisión","S/D","Horizontal","Ninguna","Sin restricción"
2014,6820,10/09/2014,"Miercoles",0,09:10:00,,"0.0",2,"Bicicleta,Automóvil","Pte Roca 402",2,1,0,0,1,0,0,,"Calle",,"SAN GUILLERMO","San Cristóbal","Asfalto","No existe","XIII","Dentro","Urbana","Ninguna","No existe","Recta","Bueno","Buena","Diurna","Buen Tiempo","S/D","S/D","Atropello","S/D","Horizontal","Ninguna","Sin restricción"
2014,6821,16/08/2014,"Sabado",0,19:05:00,,"0.0",2,"Pickup/Utilitario,Moto/Ciclomotor","CORRIENTES Y 9 DE JULIO",3,2,0,0,1,0,0,,"Calle",,"SAN GENARO","San Jerónimo","Hormigón","No existe","XV","Dentro","Urbana","Ninguna","No existe","Intersección","Bueno","Buena","Atardecer","Buen Tiempo","Lateral","S/D","Colisión","Ninguna","Vertical","S/D","Sin restricción"
2014,6822,26/09/2014,"Viernes",0,12:00:00,,"0.0",2,"Moto/Ciclomotor,Automóvil","Maestra Barragan - Ex Bs.As. Y Sarmiento",2,1,0,0,1,0,0,,"Calle",,"FRAY LUIS BELTRÁN","San Lorenzo","Asfalto","No existe","XVII","Dentro","Urbana","Ninguna","No existe","Intersección","Bueno","Buena","Diurna","Buen Tiempo","Lateral","S/D","Colisión","S/D","Faltante","Ninguna","Sin restricción"
2014,6823,10/07/2014,"Jueves",0,09:30:00,,"0.0",2,"Automóvil,Moto/Ciclomotor","Bv. 27 De Febrero Y Maipu",2,1,0,0,1,0,0,,"Avenida",,"ROSARIO","Rosario","Asfalto","No existe","II","Dentro","Urbana","Ninguna","Funciona","Intersección","Bueno","Buena","Diurna","Buen Tiempo","S/D","S/D","Colisión","Ninguna","S/D","Ninguna","Sin restricción"
2014,6824,23/08/2014,"Sabado",0,18:45:00,,"0.0",2,"Moto/Ciclomotor,Automóvil","San Martin Y Olegario V.Andrade",2,1,0,0,1,0,0,,"Avenida",,"ROSARIO","Rosario","Asfalto","S/D","II","Dentro","Urbana","Semáforo","Funciona","Intersección","Bueno","Buena","Atardecer","Buen Tiempo","De alcance","S/D","Colisión","Ninguna","Vertical","S/D","Sin restricción"
2014,6825,10/09/2014,"Miercoles",0,12:20:00,,"0.0",2,"Pickup/Utilitario,Moto/Ciclomotor","San Juan Y Provincias Unidas",2,1,0,0,1,0,0,,"Calle",,"MARÍA SUSANA","San Martín","Asfalto","Natural","XVIII","Dentro","Urbana","Ninguna","No existe","Intersección","Bueno","Buena","Diurna","Buen Tiempo","Lateral","S/D","Colisión","S/D","Faltante","Ninguna","Sin restricción"
2014,6826,10/09/2014,"Miercoles",0,14:00:00,,"0.0",2,"Moto/Ciclomotor,Pickup/Utilitario","J B Justo Y Sarmiento",4,2,0,0,2,0,0,,"Calle",,"SAN CRISTÓBAL","San Cristóbal","Asfalto","No existe","XIII","Dentro","Urbana","Ninguna","No existe","Intersección","Bueno","Buena","Diurna","Buen Tiempo","Lateral","S/D","Colisión","S/D","Faltante","Ninguna","Sin restricción"
2014,6827,20/09/2014,"Sabado",0,17:50:00,,"0.0",3,"Automóvil,Peatón,Peatón","La Plata 200",3,1,1,0,1,0,0,,"Calle",,"ARMSTRONG","Belgrano","Ripio","Natural","III","Dentro","Urbana","Ninguna","No existe","Recta","Bueno","Buena","Diurna","Buen Tiempo","S/D","S/D","Atropello","Ninguna","Faltante","Ninguna","Sin restricción"
2014,6828,11/07/2014,"Viernes",0,11:50:00,,"0.0",2,"Automóvil,Moto/Ciclomotor","Ituzaingo Y Colon",3,2,0,0,1,0,0,,"Calle",,"ROSARIO","Rosario","Asfalto","No existe","II","Dentro","Urbana","Ninguna","S/D","Intersección","Bueno","Buena","Diurna","Buen Tiempo","S/D","S/D","Colisión","Ninguna","S/D","Ninguna","Sin restricción"
2014,6829,16/09/2014,"Martes",0,11:00:00,,"0.0",2,"Automóvil,Moto/Ciclomotor","9 de Julio Y P P Sellares",3,2,0,0,1,0,0,,"Calle",,"HELVECIA","Garay","Hormigón","Pavimento","VII","S/D","Urbana","Ninguna","No existe","Intersección","Bueno","Buena","Diurna","Buen Tiempo","S/D","S/D","Colisión","S/D","Faltante","Ninguna","Sin restricción"
2014,6830,31/08/2014,"Domingo",0,23:30:00,,"0.0",2,"Automóvil,Moto/Ciclomotor","Amenabar Y Mitre",2,1,0,0,1,0,0,,"Calle",,"ROSARIO","Rosario","Asfalto","No existe","II","Dentro","Urbana","Ninguna","No existe","Intersección","Bueno","Buena","Nocturna","Buen Tiempo","De alcance","S/D","Colisión","Ninguna","Faltante","S/D","Sin restricción"
2014,6831,10/09/2014,"Miercoles",0,10:55:00,,"0.0",2,"Automóvil,Moto/Ciclomotor","Mendoza Y Sarmiento",2,1,0,0,1,0,0,,"Calle",,"MONTES DE OCA","Belgrano","Asfalto","No existe","III","S/D","Urbana","Ninguna","No existe","Intersección","Bueno","Buena","Diurna","Buen Tiempo","Lateral","S/D","Colisión","Ninguna","Vertical","Ninguna","Sin restricción"
2014,6832,21/09/2014,"Domingo",0,05:35:00,"Ruta Provincial 1","40.0",1,"Pickup/Utilitario","Ruta Provic 1 40",7,4,3,0,0,0,0,,"Ruta",1,"SANTA ROSA DE CALCHINES","Garay","Asfalto","Natural","VII","S/D","S/D","Ninguna","No existe","Recta","Bueno","Buena","Amanecer","Buen Tiempo","Otro","S/D","Vuelco","S/D","Vertical","Vegetación","Sin restricción"
2014,6833,23/09/2014,"Martes",0,16:45:00,"Autopista Provincial Brigadier E.López","56.0",2,"Automóvil,Camión"," ",2,1,0,0,1,0,0,,"Autopista","Brigadier E.López","MACIEL","San Jerónimo","Asfalto","Natural","XV","Dentro","Rural","Ninguna","No existe","Recta","Resbaladiza,Ahuellamiento","Reducida","Diurna","Lluvia","De alcance","S/D","Colisión","Agua","Horizontal,Vertical","Vegetación","Sin restricción"
2014,6834,27/09/2014,"Sabado",0,18:30:00,,"0.0",2,"Moto/Ciclomotor,Moto/Ciclomotor","Ituzaingo Y Genral Lopez",3,0,2,0,1,0,0,,"Calle",,"LAS ROSAS","Belgrano","Ripio","Ripio","III","S/D","Urbana","Ninguna","No existe","Intersección","Bueno,Con baches","Buena","Atardecer","Buen Tiempo","Lateral","S/D","Colisión","Ninguna","S/D","Ninguna","Sin restricción"
2014,6835,29/08/2014,"Viernes",0,09:25:00,,"0.0",2,"Pickup/Utilitario,Bicicleta","Entre Rios Y Dr.Rivas",2,1,0,0,1,0,0,,"Calle",,"ROSARIO","Rosario","Asfalto","S/D","II","Dentro","Urbana","Ninguna","No existe","Intersección","Bueno","Buena","Diurna","Buen Tiempo","S/D","S/D","Atropello","S/D","Faltante","S/D","Sin restricción"
2014,6836,06/09/2014,"Sabado",0,06:50:00,,"0.0",2,"Peatón,Otros"," ",2,1,0,0,0,0,1,,"Camino Rural",,"SAN GUILLERMO","San Cristóbal","Tierra","No existe","XIII","Dentro","Urbana","Ninguna","No existe","Recta","Deteriorada","Buena","Nocturna","Buen Tiempo","Otro","S/D","Atropello","Material Suelto","Faltante","Ninguna","Sin restricción"
2014,6837,06/09/2014,"Sabado",0,06:15:00,,"0.0",2,"Pickup/Utilitario,Moto/Ciclomotor","Caseros ",2,1,0,0,1,0,0,,"Calle",,"SAN CRISTÓBAL","San Cristóbal","Asfalto","No existe","XIII","Dentro","Urbana","Ninguna","Funciona","Intersección","Bueno","Buena","Nocturna","Buen Tiempo","Lateral","S/D","Colisión","S/D","Vertical","Ninguna","Sin restricción"
2014,6838,28/09/2014,"Domingo",0,05:30:00,,"0.0",2,"Moto/Ciclomotor,Moto/Ciclomotor","Leandro Alem Y Av Milano",3,3,0,0,0,0,0,,"Calle",,"CERES","San Cristóbal","Tierra","No existe","XIII","S/D","Urbana","Ninguna","No existe","Intersección","Bueno","Buena","Amanecer","Buen Tiempo","Lateral","S/D","Colisión","S/D","Faltante","Cordón divisorio","S/D"
2014,6839,18/08/2014,"Lunes",0,03:30:00,,"0.0",1,"Moto/Ciclomotor","Entre Rios Y Ameghino",2,1,0,0,1,0,0,,"Calle",,"ROSARIO","Rosario","Asfalto","S/D","II","Dentro","Urbana","Ninguna","No existe","Recta","Deteriorada","Buena","Nocturna","Buen Tiempo","S/D","S/D","Caída ocupante","Ninguna","Faltante","S/D","Sin restricción"
2014,6840,30/09/2014,"Martes",0,07:45:00,,"0.0",2,"Automóvil,Moto/Ciclomotor","Ituzaingo Y Pueyrredon",3,2,0,0,1,0,0,,"Calle",,"SAN CRISTÓBAL","San Cristóbal","Asfalto","Pavimento","XIII","S/D","Urbana","Ninguna","No existe","Intersección","Bueno","Buena","Diurna","Buen Tiempo","Lateral","S/D","Colisión","S/D","Faltante","Ninguna","Sin restricción"
2014,6841,20/09/2014,"Sabado",0,12:00:00,,"0.0",2,"Automóvil,Moto/Ciclomotor","Bv Domingo F Sarmiento Y Mendoza",2,1,0,0,1,0,0,,"Avenida",,"MACIEL","San Jerónimo","Asfalto","Pavimento","XV","S/D","S/D","Ninguna","No existe","Intersección","Bueno","Buena","Diurna","Buen Tiempo","Lateral","S/D","Colisión","S/D","Horizontal,Vertical","Ninguna","Sin restricción"
2014,6842,06/09/2014,"Sabado",0,15:00:00,,"0.0",2,"Moto/Ciclomotor,Automóvil","Bv Oroño Y Fray Peña",3,2,0,0,1,0,0,,"Avenida",,"SAN LORENZO","San Lorenzo","S/D","S/D","XVII","S/D","S/D","S/D","S/D","S/D","S/D","S/D","Diurna","S/D","S/D","S/D","S/D","S/D","S/D","S/D","S/D"
2014,6843,02/08/2014,"Sabado",0,14:05:00,,"0.0",2,"Automóvil,Bicicleta","Av. Uriburu Y Sarmiento",2,0,0,1,1,0,0,,"Avenida",,"ROSARIO","Rosario","Asfalto","S/D","II","Dentro","Urbana","S/D","No existe","Intersección","Bueno","Buena","Diurna","Buen Tiempo","S/D","S/D","Atropello","Ninguna","Faltante","S/D","Sin restricción"
2014,6844,19/08/2014,"Martes",0,06:00:00,,"0.0",2,"Moto/Ciclomotor,Automóvil","Sarmiento Y 24 De Setiembre",3,2,0,0,1,0,0,,"Calle",,"ROSARIO","Rosario","Asfalto","S/D","II","Dentro","Urbana","Ninguna","No existe","Intersección","Bueno","Buena","Amanecer","Buen Tiempo","De alcance","S/D","Colisión","Ninguna","Faltante","S/D","Sin restricción"
2014,6845,17/08/2014,"Domingo",0,11:30:00,,"0.0",2,"Moto/Ciclomotor,Pickup/Utilitario","Bv. Oroño 4400",2,1,0,0,0,0,1,,"Avenida",,"ROSARIO","Rosario","Asfalto","S/D","II","Dentro","Urbana","Semáforo","Funciona","Intersección","Bueno","Buena","Diurna","Buen Tiempo","Otro","S/D","Colisión","Ninguna","Vertical","S/D","Sin restricción"
2014,6846,07/08/2014,"Jueves",0,18:40:00,,"0.0",2,"Taxi/Remis,Moto/Ciclomotor","Santiago Y Gaboto",2,1,0,0,1,0,0,,"Calle",,"ROSARIO","Rosario","Asfalto","S/D","II","Dentro","Urbana","Ninguna","S/D","Intersección","Bueno","Buena","Atardecer","Buen Tiempo","De alcance","S/D","Colisión","Ninguna","S/D","S/D","Sin restricción"
2014,6847,28/09/2014,"Domingo",0,21:30:00,,"0.0",2,"Moto/Ciclomotor,Moto/Ciclomotor","9 de Julio Y Bv Rivadavia",3,3,0,0,0,0,0,,"Avenida",,"SAN CRISTÓBAL","San Cristóbal","Asfalto","Pavimento","XIII","Dentro","Urbana","Ninguna","No existe","Intersección","Bueno","Buena","Nocturna","Buen Tiempo","Lateral","S/D","Colisión","S/D","Faltante","Ninguna","Sin restricción"
2014,6848,01/09/2014,"Lunes",0,,"Ruta Nacional 11","0.0",2,"Automóvil,Moto/Ciclomotor","Av San Martin Y Congreso",3,2,0,0,1,0,0,,"Ruta",11,"SAN LORENZO","San Lorenzo","S/D","S/D","XVII","S/D","S/D","S/D","S/D","S/D","S/D","S/D","S/D","S/D","S/D","S/D","S/D","S/D","S/D","S/D","S/D"
2014,6849,24/07/2014,"Jueves",0,16:15:00,,"0.0",2,"Moto/Ciclomotor,Automóvil","J.M.de Rosas Y Pasco",2,1,0,0,1,0,0,,"Calle",,"ROSARIO","Rosario","Asfalto","No existe","II","Dentro","Urbana","Ninguna","S/D","Intersección","Bueno","Buena","Diurna","Buen Tiempo","S/D","S/D","Colisión","Ninguna","S/D","Ninguna","Sin restricción"
2014,6850,17/08/2014,"Domingo",0,01:00:00,,"0.0",2,"Moto/Ciclomotor,Moto/Ciclomotor","San Martin Y Mr.Ross",2,1,0,0,1,0,0,,"S/D",,"ROSARIO","Rosario","Asfalto","S/D","II","Dentro","Urbana","Ninguna","No existe","Recta","Bueno","Buena","Nocturna","Buen Tiempo","De alcance","S/D","Colisión","Ninguna","Faltante","S/D","Sin restricción"
2014,6851,05/09/2014,"Viernes",0,12:15:00,,"0.0",2,"Automóvil,Moto/Ciclomotor","Caseros Y Gral Alvear",2,1,0,0,1,0,0,,"Calle",,"SAN CRISTÓBAL","San Cristóbal","Asfalto","Pavimento","XIII","Dentro","Urbana","S/D","No funciona","Intersección","Bueno","Buena","Diurna","Buen Tiempo","Lateral","S/D","Colisión","S/D","S/D","Ninguna","Sin restricción"
2014,6852,08/08/2014,"Viernes",0,01:20:00,,"0.0",2,"Automóvil,Moto/Ciclomotor","San Martin Y Bv. Segui",2,1,0,0,1,0,0,,"Calle",,"ROSARIO","Rosario","Asfalto","S/D","II","Dentro","Urbana","S/D","Funciona","Intersección","Bueno","S/D","Nocturna","Buen Tiempo","De alcance","S/D","Colisión","Ninguna","S/D","S/D","Sin restricción"
2014,6853,30/09/2014,"Martes",0,,,"0.0",2,"Bicicleta,Moto/Ciclomotor","25 de Mayo Y L de la Torre",3,2,1,0,0,0,0,,"Calle",,"ROMANG","San Javier","Tierra","No existe","XIV","Dentro","Urbana","Ninguna","No existe","Intersección","Deteriorada","Buena","Diurna","Buen Tiempo","S/D","S/D","Atropello","Otro","Faltante","Ninguna","Sin restricción"
2014,6854,24/09/2014,"Miercoles",0,,,"0.0",2,"Moto/Ciclomotor,Moto/Ciclomotor","Dr Fernandez Y Rivadavia",2,2,0,0,0,0,0,,"Calle",,"SUARDI","San Cristóbal","Hormigón","No existe","XIII","Dentro","Urbana","Ninguna","No existe","Intersección","Bueno","Reducida","Nocturna,Con luz artificial","Buen Tiempo","Lateral","S/D","Colisión","S/D","Vertical","Ninguna","Sin restricción"
2014,6855,02/09/2014,"Martes",0,19:50:00,,"0.0",2,"Pickup/Utilitario,Moto/Ciclomotor","Dr Ghio Y General Lopez",3,2,0,0,1,0,0,,"S/D",,"SAN LORENZO","San Lorenzo","S/D","S/D","XVII","S/D","S/D","S/D","S/D","S/D","S/D","S/D","Atardecer","S/D","S/D","S/D","S/D","S/D","S/D","S/D","S/D"
2014,6856,01/08/2014,"Viernes",0,01:40:00,,"0.0",2,"Automóvil,Moto/Ciclomotor","Bv. 27 De Febrero Y Sarmiento",2,1,0,0,1,0,0,,"Calle",,"ROSARIO","Rosario","S/D","S/D","II","Dentro","Urbana","S/D","Funciona","Intersección","S/D","S/D","Nocturna","S/D","S/D","S/D","Colisión","S/D","Vertical","S/D","S/D"
2014,6857,27/07/2014,"Domingo",0,21:00:00,,"0.0",2,"Automóvil,Moto/Ciclomotor","Ituzaingo Y Laprida",2,1,0,0,1,0,0,,"Calle",,"ROSARIO","Rosario","Asfalto","No existe","II","Dentro","Urbana","Ninguna","No existe","Intersección","Bueno","Buena","Nocturna,Con luz artificial","Buen Tiempo","S/D","S/D","Colisión","Ninguna","S/D","Ninguna","Sin restricción"
2014,6858,21/08/2014,"Jueves",0,18:15:00,,"0.0",2,"Bicicleta,Moto/Ciclomotor","Callao 4163",2,1,0,0,1,0,0,,"Calle",,"ROSARIO","Rosario","Asfalto","S/D","II","Dentro","Urbana","Ninguna","No existe","Recta","Bueno","Buena","Atardecer","Buen Tiempo","S/D","S/D","Atropello","Ninguna","Faltante","S/D","Sin restricción"
2014,6859,16/09/2014,"Martes",0,18:00:00,,"0.0",2,"Automóvil,Moto/Ciclomotor","Rivadavia Y C Ramseyer",2,1,0,0,1,0,0,,"Calle",,"ROMANG","San Javier","Ripio","No existe","XIV","Dentro","Urbana","Ninguna","No existe","Intersección","Bueno","Buena","Diurna","Buen Tiempo","Lateral","S/D","Colisión","Otro","Faltante","Ninguna","Sin restricción"
2014,6860,02/09/2014,"Martes",0,11:20:00,,"0.0",2,"Automóvil,Moto/Ciclomotor","Bv 25 de Mayo 300",3,2,0,0,1,0,0,,"Avenida",,"SAN CRISTÓBAL","San Cristóbal","Asfalto","No existe","XIII","S/D","Urbana","Ninguna","No existe","Recta","Bueno","Buena","Diurna","Buen Tiempo","Lateral","S/D","Colisión","S/D","Faltante","Vegetación","Sin restricción"