"anio_acci","nro_acci","fecha","desc_dia","fecha_aprox","hora_aprox","desc_ruta","km","cant_participantes","desc_participante","calle_avenida_km","total","heridos_leves","heridos_graves","heridos_gravisimos","ilesos","fallecidos","sin_datos","posicion_XY","desc_tipo_via","desc_ruta_ori","desc_loc","desc_dpto","desc_tipo_calzada","desc_tipo_banquina","desc_unidad_regional","desc_lugar_calzada","desc_zona","desc_prioridad","desc_estado_semaforo","desc_lugar_via","desc_estado_via","desc_estado_visibilidad","desc_luminosidad","desc_estado_clima","desc_tipo_colision","desc_tipo_atropello","desc_tipo_hecho","desc_pres_calzada","desc_senializacion","desc_separacion_via","desc_restriccion"
2014,6861,20/09/2014,"Sabado",0,01:50:00,,"0.0",2,"Moto/Ciclomotor,Moto/Ciclomotor","Av. de los Trabaj. Ferroviario 800",4,4,0,0,0,0,0,,"Avenida",,"SAN CRISTÓBAL","San Cristóbal","Asfalto","Pavimento","XIII","Dentro","Urbana","Ninguna","No existe","Recta","Bueno","Buena","Nocturna","Buen Tiempo","Lateral","S/D","Colisión","S/D","Faltante","Ninguna","Sin restricción"
2014,6862,29/07/2014,"Martes",0,20:30:00,,"0.0",2,"Moto/Ciclomotor,Automóvil","L.N.Alem Y Cerrito",2,1,0,0,1,0,0,,"Calle",,"ROSARIO","Rosario","Asfalto","No existe","II","Dentro","Urbana","Ninguna","No existe","Recta","Bueno","Buena","Nocturna,Con luz artificial","Buen Tiempo","Lateral","S/D","Colisión","Agua","S/D","Ninguna","Sin restricción"
2014,6864,21/08/2014,"Jueves",0,12:10:00,,"0.0",2,"Automóvil,Bicicleta","Saavedra Y España",2,1,0,0,1,0,0,,"Calle",,"ROSARIO","Rosario","Asfalto","S/D","II","Dentro","Urbana","Ninguna","No existe","Intersección","Bueno","Buena","Diurna","Buen Tiempo","S/D","S/D","Atropello","Ninguna","Faltante","S/D","Sin restricción"
2014,6865,20/09/2014,"Sabado",0,18:00:00,,"0.0",1,"Automóvil"," ",2,0,2,0,0,0,0,,"Camino Rural",,"ARRUFÓ","San Cristóbal","Tierra","Natural","XIII","S/D","Rural","Ninguna","S/D","Recta","Otro","Buena","Diurna","Buen Tiempo","S/D","S/D","Vuelco","S/D","S/D","S/D","Sin restricción"
2014,6866,03/09/2014,"Miercoles",0,18:00:00,,"0.0",2,"Pickup/Utilitario,Otros","D Gurel 700",3,1,0,0,2,0,0,,"S/D",,"SAN LORENZO","San Lorenzo","S/D","S/D","XVII","S/D","S/D","S/D","S/D","S/D","S/D","S/D","Atardecer","S/D","S/D","S/D","S/D","S/D","S/D","S/D","S/D"
2014,6867,25/09/2014,"Jueves",0,12:02:00,,"0.0",2,"Automóvil,Moto/Ciclomotor","25 de Mayo Y L de la Torre",2,0,1,0,1,0,0,,"Calle",,"ROMANG","San Javier","Ripio","No existe","XIV","Dentro","Urbana","Ninguna","No existe","Intersección","Deteriorada","Buena","Diurna","Buen Tiempo","Lateral","S/D","Colisión","Otro","Faltante","Ninguna","Sin restricción"
2014,6868,28/07/2014,"Lunes",0,20:00:00,,"0.0",2,"Moto/Ciclomotor,Automóvil","J.M.de Rosas Y Bv. 27 De Febrero",2,1,0,0,1,0,0,,"Avenida",,"ROSARIO","Rosario","Asfalto","No existe","II","Dentro","Urbana","Ninguna","No existe","Recta","Bueno","Buena","Nocturna,Con luz artificial","Buen Tiempo","S/D","S/D","Colisión","Ninguna","S/D","Ninguna","Sin restricción"
2014,6869,12/08/2014,"Martes",0,16:22:00,,"0.0",2,"Pickup/Utilitario,Taxi/Remis","Av. Corrientes Y Garibaldi",3,0,0,1,2,0,0,,"Avenida",,"ROSARIO","Rosario","Asfalto","S/D","II","Dentro","Urbana","S/D","No existe","Intersección","Bueno","Buena","Diurna","Buen Tiempo","De alcance","S/D","Colisión","Ninguna","S/D","S/D","S/D"
2014,6870,29/09/2014,"Lunes",0,05:50:00,"Ruta Nacional 34","81.0",3,"Automóvil,Transporte de Pasajeros Larga Distancia (> 8 asientos),Camión"," ",5,0,1,0,2,2,0,"-32.406289, -61.331473","Ruta",34,"SAN GENARO","San Jerónimo","Asfalto","Natural","XV","Dentro","Rural","Ninguna","No existe","Recta","Bueno","Reducida","Nocturna","Niebla","Frontal,Múltiple","S/D","Colisión","Ninguna","Horizontal","Línea divisoria pintada","Sin restricción"
2014,6871,20/09/2014,"Sabado",0,12:15:00,"Ruta Provincial 23","0.0",1,"Automóvil"," ",2,2,0,0,0,0,0,,"Ruta",23,"ARRUFÓ","San Cristóbal","Asfalto","Natural","XIII","Fuera","Rural","S/D","No existe","Recta","Bueno","Buena","Diurna","Buen Tiempo","S/D","S/D","Vuelco","S/D","Faltante","S/D","Sin restricción"
2014,6872,28/09/2014,"Domingo",0,19:30:00,"Ruta Provincial 93","0.0",3,"Automóvil,Automóvil,Automóvil"," ",9,4,0,0,5,0,0,,"Ruta",93,"PUEBLO MIGUEL TORRES","General López","Hormigón","Natural","VIII","Dentro","Rural","Ninguna","No existe","Curva","Con baches,Deteriorada","Buena","Nocturna","Buen Tiempo","Frontal,Lateral","S/D","Colisión","S/D","Faltante","Ninguna","Sin restricción"
2014,6873,30/07/2014,"Miercoles",0,10:15:00,,"0.0",2,"Moto/Ciclomotor,Automóvil","Ocampo Y Maipu",2,1,0,0,1,0,0,,"Calle",,"ROSARIO","Rosario","Asfalto","No existe","II","Dentro","Urbana","Ninguna","Funciona","Intersección","Bueno","Buena","Diurna","Buen Tiempo","S/D","S/D","Colisión","Agua","S/D","Ninguna","Sin restricción"
2014,6875,19/08/2014,"Martes",0,19:30:00,,"0.0",2,"Moto/Ciclomotor,Automóvil","San Martin Y Bv. Segui",2,0,1,0,1,0,0,,"Avenida",,"ROSARIO","Rosario","Asfalto","S/D","II","Dentro","Urbana","Semáforo","Funciona","Recta","Bueno","Buena","Atardecer","Buen Tiempo","De alcance","S/D","Colisión","Ninguna","Vertical","S/D","Sin restricción"
2014,6876,17/09/2014,"Miercoles",0,13:55:00,,"0.0",2,"Moto/Ciclomotor,Moto/Ciclomotor","Avenida J D Peron Grl Pres Y Amenabar",3,3,0,0,0,0,0,,"Avenida",,"CERES","San Cristóbal","Arena","No existe","XIII","Dentro","Urbana","Ninguna","No existe","Intersección","Bueno","Buena","Diurna","Buen Tiempo","Lateral","S/D","Colisión","S/D","Faltante","S/D","Sin restricción"
2014,6878,05/09/2014,"Viernes",0,23:00:00,,"0.0",2,"Moto/Ciclomotor,Automóvil","Santiago del Estero Y Dorrego",2,1,0,0,1,0,0,,"S/D",,"SAN LORENZO","San Lorenzo","S/D","S/D","XVII","S/D","S/D","S/D","S/D","S/D","S/D","S/D","Nocturna","S/D","S/D","S/D","S/D","S/D","S/D","S/D","S/D"
2014,6879,13/09/2014,"Sabado",0,12:10:00,,"0.0",2,"Pickup/Utilitario,Moto/Ciclomotor","Belgrano Y Bargellini",2,1,0,0,1,0,0,,"Calle",,"SUARDI","San Cristóbal","Hormigón","Natural","XIII","Dentro","Urbana","Ninguna","No existe","Intersección","Bueno","Buena","Diurna","Buen Tiempo","Lateral","S/D","Colisión","S/D","Vertical","S/D","Sin restricción"
2014,6880,01/09/2014,"Lunes",0,21:00:00,,"0.0",2,"Moto/Ciclomotor,Moto/Ciclomotor","C Ramseyer Y Calle 37",3,3,0,0,0,0,0,,"Calle",,"ROMANG","San Javier","Tierra","No existe","XIII","Dentro","Urbana","Ninguna","No existe","Intersección","Bueno","Reducida","Diurna","Buen Tiempo","Lateral","S/D","Colisión","Otro","Faltante","Ninguna","Sin restricción"
2014,6881,19/08/2014,"Martes",0,07:45:00,,"0.0",2,"Automóvil,Moto/Ciclomotor","San Martin Y Garibaldi",2,1,0,0,1,0,0,,"Avenida",,"ROSARIO","Rosario","Asfalto","S/D","II","Dentro","Urbana","Semáforo","Funciona","S/D","Bueno","Buena","Amanecer","Buen Tiempo","De alcance","S/D","Colisión","Ninguna","Vertical","S/D","Sin restricción"
2014,6882,13/09/2014,"Sabado",0,15:00:00,,"0.0",2,"Automóvil,Moto/Ciclomotor","Lopez y Planes Y Islas Malvinas",2,1,0,0,1,0,0,,"Calle",,"SAN GUILLERMO","San Cristóbal","Ripio","No existe","XIII","Dentro","Urbana","Ninguna","No existe","Intersección","Bueno","Buena","Diurna","Buen Tiempo","Lateral","S/D","Colisión","S/D","Horizontal","Ninguna","Sin restricción"
2014,6883,27/08/2014,"Miercoles",0,05:50:00,,"0.0",2,"Pickup/Utilitario,Automóvil","Bv. 27 De Febrero Y Av. Pte.Peron",2,1,0,0,1,0,0,,"Avenida",,"ROSARIO","Rosario","S/D","S/D","II","Dentro","Urbana","S/D","S/D","Intersección","S/D","S/D","Nocturna","S/D","S/D","S/D","Colisión","S/D","S/D","S/D","S/D"
2014,6884,17/09/2014,"Miercoles",0,06:00:00,"Ruta Nacional 8","343.0",2,"Automóvil,Tren"," ",3,0,1,0,2,0,0,,"Ruta",8,"CHAPUY","General López","Asfalto","Pavimento","VIII","S/D","Rural","Marca Vial","S/D","Paso a Nivel FFCC","Bueno","Buena","Amanecer","Buen Tiempo","Lateral","S/D","Colisión","S/D","S/D","Línea divisoria pintada","Sin restricción"
2014,6885,25/08/2014,"Lunes",0,20:00:00,,"0.0",2,"Bicicleta,Moto/Ciclomotor","Grandoli Y Pje. Spiro Bis",2,1,0,0,1,0,0,,"Calle",,"ROSARIO","Rosario","Asfalto","No existe","II","S/D","Urbana","Paso Peatonal","No existe","Recta","Bueno","Buena","Atardecer","Buen Tiempo","S/D","S/D","Atropello","S/D","S/D","Cordón divisorio","Sin restricción"
2014,6886,10/08/2014,"Domingo",0,11:00:00,,"0.0",2,"Automóvil,Automóvil","Pueyrredon Y Uruguay",4,1,0,0,3,0,0,,"Calle",,"ROSARIO","Rosario","Asfalto","S/D","II","Dentro","Urbana","S/D","No existe","Intersección","Bueno","Buena","Diurna","Buen Tiempo","S/D","S/D","Colisión","Ninguna","S/D","S/D","S/D"
2014,6888,26/08/2014,"Martes",0,,,"0.0",2,"Camión,Moto/Ciclomotor","Bv. 27 De Febrero Y San Martin",2,1,0,0,1,0,0,,"Avenida",,"ROSARIO","Rosario","S/D","S/D","II","Dentro","Urbana","S/D","S/D","Intersección","S/D","S/D","S/D","S/D","S/D","S/D","Colisión","S/D","S/D","S/D","S/D"
2014,6889,05/08/2014,"Martes",0,13:30:00,,"0.0",2,"Peatón,Automóvil","Mitre Y Viamonte",2,1,0,0,1,0,0,,"Calle",,"ROSARIO","Rosario","S/D","S/D","II","Dentro","Urbana","S/D","S/D","Intersección","S/D","S/D","Diurna","Buen Tiempo","S/D","S/D","Atropello","S/D","S/D","S/D","S/D"
2014,6890,18/07/2014,"Viernes",0,12:45:00,,"0.0",2,"Moto/Ciclomotor,Automóvil","Paz Y Roque Saenz Peña",2,1,0,0,1,0,0,,"Calle",,"VENADO TUERTO","General López","Asfalto","S/D","VIII","S/D","Urbana","S/D","S/D","Intersección","Bueno","S/D","Diurna","Buen Tiempo","S/D","S/D","Colisión","S/D","S/D","Cordón divisorio","S/D"
2014,6892,25/08/2014,"Lunes",0,,,"0.0",1,"Taxi/Remis","Cerrito 1062",1,1,0,0,0,0,0,,"Calle",,"ROSARIO","Rosario","S/D","S/D","II","Dentro","Urbana","S/D","S/D","S/D","S/D","S/D","S/D","S/D","Contra objeto fijo","S/D","Colisión","S/D","S/D","S/D","S/D"
2014,6893,09/08/2014,"Sabado",0,19:30:00,,"0.0",2,"Otros,Otros","Rodriguez Y Av. Jorge Cura",2,1,0,0,1,0,0,,"Calle",,"ROSARIO","Rosario","Asfalto","S/D","II","Dentro","Urbana","S/D","S/D","Intersección","Bueno","Buena","Atardecer","Buen Tiempo","De alcance","S/D","Colisión","S/D","S/D","S/D","S/D"
2014,6894,02/09/2014,"Martes",0,14:00:00,"Ruta Provincial 1","0.0",1,"Automóvil"," ",2,1,0,0,1,0,0,,"Ruta",1,"SAN JAVIER","San Javier","Asfalto","Natural","XIV","S/D","Rural","Ninguna","No existe","Recta","Bueno","Buena","Diurna","Buen Tiempo","S/D","S/D","Despiste","S/D","Faltante","Línea divisoria pintada","Sin restricción"
2014,6895,09/08/2014,"Sabado",0,19:30:00,,"0.0",2,"Pickup/Utilitario,Moto/Ciclomotor","Rodriguez Y C.Larralde",2,0,0,1,1,0,0,,"Calle",,"ROSARIO","Rosario","Asfalto","S/D","II","Dentro","Urbana","S/D","S/D","Intersección","Bueno","Buena","Atardecer","Buen Tiempo","De alcance","S/D","Colisión","Ninguna","S/D","S/D","S/D"
2014,6896,24/08/2014,"Domingo",0,18:00:00,,"0.0",2,"Moto/Ciclomotor,Automóvil","Ayacucho 3100",2,1,0,0,1,0,0,,"Calle",,"ROSARIO","Rosario","Asfalto","No existe","II","Dentro","Urbana","Ninguna","No existe","Recta","Bueno","Buena","Atardecer","Buen Tiempo","De alcance","S/D","Colisión","Ninguna","Faltante","Ninguna","Sin restricción"
2014,6897,04/08/2014,"Lunes",0,09:50:00,,"0.0",2,"Automóvil,Moto/Ciclomotor","24 De Setiembre Y Av. Corrientes",2,0,0,1,1,0,0,,"Avenida",,"ROSARIO","Rosario","Asfalto","S/D","II","Dentro","Urbana","Ninguna","No existe","Intersección","Bueno","Buena","Diurna","Buen Tiempo","De alcance","S/D","Colisión","Ninguna","Faltante","S/D","Sin restricción"
2014,6898,31/08/2014,"Domingo",0,20:00:00,"Ruta Nacional 9","0.0",2,"Automóvil,Moto/Ciclomotor","RUTA NACIONAL N&#186; 9 Y MALVINAS ARGENTINAS",3,2,0,0,1,0,0,,"Ruta",9,"CARCARAÑÁ","San Lorenzo","S/D","Pavimento","XVII","S/D","S/D","S/D","S/D","S/D","Bueno","Reducida p/ objetos","S/D","Buen Tiempo","S/D","S/D","Colisión","S/D","S/D","S/D","S/D"
2014,6899,04/08/2014,"Lunes",0,14:30:00,,"0.0",2,"Automóvil,Bicicleta","Riobamba Y Dorrego",2,1,0,0,1,0,0,,"Calle",,"ROSARIO","Rosario","S/D","S/D","II","Dentro","Urbana","S/D","S/D","Intersección","S/D","S/D","Diurna","S/D","S/D","S/D","Atropello","S/D","S/D","S/D","S/D"
2014,6900,13/09/2014,"Sabado",0,07:35:00,,"0.0",2,"Camión,Moto/Ciclomotor","Bvard Bernardo de Irigoyen ",5,2,0,0,3,0,0,,"Avenida",,"CERES","San Cristóbal","Asfalto","No existe","XIII","Dentro","Urbana","Ninguna","No existe","Recta","Bueno","Buena","Amanecer","Buen Tiempo","Lateral","S/D","Colisión","S/D","Faltante","Cordón divisorio","S/D"
2014,6901,12/09/2014,"Viernes",0,12:05:00,,"0.0",2,"Automóvil,Moto/Ciclomotor","Alvear Y Intendente Nestor Bode",3,2,0,0,1,0,0,,"Calle",,"SAN JAVIER","San Javier","Asfalto","S/D","XIV","Dentro","Urbana","Otra Señal","No existe","Intersección","Bueno","Buena","Diurna","Buen Tiempo","Lateral","S/D","Colisión","S/D","Vertical","S/D","Sin restricción"
2014,6902,18/07/2014,"Viernes",0,13:30:00,,"0.0",2,"Moto/Ciclomotor,Moto/Ciclomotor","Leandro N Alem Y Bernardino Rivadavia",2,1,0,0,1,0,0,,"Calle",,"VENADO TUERTO","General López","Asfalto","S/D","VIII","S/D","Urbana","Semáforo","Funciona","Intersección","Bueno","S/D","Diurna","S/D","S/D","S/D","Colisión","S/D","S/D","S/D","S/D"
2014,6903,21/08/2014,"Jueves",0,10:00:00,,"0.0",2,"Moto/Ciclomotor,Automóvil","Colon Y Gaboto",2,1,0,0,1,0,0,,"Calle",,"ROSARIO","Rosario","Asfalto","No existe","II","Dentro","Urbana","Marca Vial","No existe","Intersección","Bueno","Buena","Diurna","Buen Tiempo","Lateral","S/D","Colisión","Ninguna","Vertical","Línea divisoria pintada","Sin restricción"
2014,6904,06/09/2014,"Sabado",0,03:30:00,,"0.0",2,"Peatón,Automóvil","America Y Pedroni",2,0,1,0,0,0,1,,"Calle",,"PUERTO SAN MARTÍN","San Lorenzo","Asfalto","No existe","XVII","Dentro","Urbana","Ninguna","No existe","Intersección","Bueno","Reducida","Nocturna","Buen Tiempo","S/D","S/D","Atropello","Ninguna","Horizontal","Ninguna","Sin restricción"
2014,6905,31/08/2014,"Domingo",0,10:00:00,,"0.0",2,"Automóvil,Moto/Ciclomotor","Paraguay Y Galvez",3,1,0,0,2,0,0,,"Calle",,"ROSARIO","Rosario","S/D","S/D","II","Dentro","Urbana","S/D","S/D","S/D","S/D","S/D","Diurna","S/D","S/D","S/D","S/D","S/D","S/D","S/D","S/D"
2014,6906,09/08/2014,"Sabado",0,19:40:00,,"0.0",2,"Automóvil,Peatón","Mitre 4400",2,0,0,1,1,0,0,,"Calle",,"ROSARIO","Rosario","Asfalto","No existe","II","Dentro","Urbana","S/D","No existe","Recta","Bueno","Buena","Atardecer","Buen Tiempo","S/D","S/D","Atropello","Ninguna","S/D","S/D","Sin restricción"
2014,6907,19/09/2014,"Viernes",0,08:20:00,"Ruta Provincial 94","0.0",2,"Pickup/Utilitario,Pickup/Utilitario"," ",4,3,0,0,1,0,0,,"Ruta",94,"TEODELINA","General López","Asfalto","Natural","VIII","Dentro","Rural","Ninguna","No existe","Recta","Bueno","Reducida","Amanecer","Niebla","S/D","S/D","Colisión","S/D","Faltante","Línea divisoria pintada","Sin restricción"
2014,6908,23/08/2014,"Sabado",0,09:00:00,,"0.0",2,"Moto/Ciclomotor,Pickup/Utilitario","Buenos Aires Y Gaboto",2,1,0,0,1,0,0,,"S/D",,"ROSARIO","Rosario","S/D","No existe","II","S/D","S/D","Ninguna","No existe","Recta","Bueno","Buena","Diurna","Buen Tiempo","Lateral","S/D","Colisión","Ninguna","Horizontal","Ninguna","Sin restricción"
2014,6909,11/09/2014,"Jueves",0,14:40:00,,"0.0",2,"Moto/Ciclomotor,Automóvil","L N Alem Y Tucuman",3,2,0,0,1,0,0,,"Calle",,"PUERTO SAN MARTÍN","San Lorenzo","Asfalto","No existe","XVII","S/D","S/D","Ninguna","No existe","Intersección","Bueno","Buena","Diurna","Buen Tiempo","De alcance","S/D","Colisión","Ninguna","Horizontal","Ninguna","Sin restricción"
2014,6910,04/09/2014,"Jueves",0,11:15:00,"Ruta Provincial 1","0.0",1,"Moto/Ciclomotor"," ",1,1,0,0,0,0,0,,"Ruta",1,"ALEJANDRA","San Javier","Asfalto","Natural","XIV","S/D","S/D","Marca Vial","No existe","Recta","Bueno","Buena","Diurna","Lluvia","S/D","S/D","Caída ocupante,Despiste","Agua","S/D","Vegetación","Sin restricción"
2014,6911,22/08/2014,"Viernes",0,22:00:00,,"0.0",2,"Moto/Ciclomotor,Automóvil","Convencion Y Rueda",2,1,0,0,1,0,0,,"Calle",,"ROSARIO","Rosario","Asfalto","No existe","II","Dentro","Urbana","Marca Vial","No existe","Intersección","Bueno","Buena","Nocturna,Con luz artificial","Buen Tiempo","Lateral","S/D","Colisión","S/D","Vertical","Línea divisoria pintada","Sin restricción"
2014,6912,22/07/2014,"Martes",0,15:30:00,,"0.0",2,"Bicicleta,Automóvil","Lisandro de la Torre Y 25 de Mayo",2,1,0,0,1,0,0,,"Calle",,"VENADO TUERTO","General López","Asfalto","S/D","VIII","S/D","Urbana","S/D","No existe","Intersección","Bueno","Buena","Diurna","Buen Tiempo","S/D","S/D","Atropello","S/D","S/D","Cordón divisorio","Sin restricción"
2014,6913,10/09/2014,"Miercoles",0,17:50:00,,"0.0",2,"Automóvil,Moto/Ciclomotor","Avenida Italia Y San Martin",2,1,0,0,1,0,0,,"Calle",,"CERES","San Cristóbal","Asfalto","No existe","XIII","S/D","Urbana","Ninguna","No existe","Intersección","Bueno","Buena","Atardecer","Buen Tiempo","Lateral","S/D","Colisión","S/D","S/D","Barrera de hormigón","Sin restricción"
2014,6914,04/08/2014,"Lunes",0,05:50:00,,"0.0",2,"Automóvil,Automóvil","Bv. 27 De Febrero Y Bv. Oroño",2,1,0,0,1,0,0,,"Avenida",,"ROSARIO","Rosario","S/D","S/D","II","Dentro","Urbana","S/D","Funciona","Intersección","S/D","S/D","Diurna","S/D","S/D","S/D","Colisión","S/D","S/D","S/D","S/D"
2014,6915,29/09/2014,"Lunes",0,14:20:00,,"0.0",2,"Pickup/Utilitario,Moto/Ciclomotor","Belgrano Y Cordoba",4,2,0,0,2,0,0,,"Calle",,"PUERTO SAN MARTÍN","San Lorenzo","Asfalto","No existe","XVII","Dentro","Urbana","Ninguna","No existe","Intersección","Bueno","Buena","Diurna","Buen Tiempo","Lateral","S/D","Colisión","Ninguna","Horizontal","Ninguna","Sin restricción"
2014,6916,23/08/2014,"Sabado",0,08:00:00,,"0.0",2,"Moto/Ciclomotor,Automóvil","L.N.Alem Y Ayacucho",2,1,0,0,1,0,0,,"Calle",,"ROSARIO","Rosario","Asfalto","No existe","II","S/D","Urbana","Ninguna","No existe","Recta","Bueno","Buena","Diurna","Buen Tiempo","Lateral","S/D","Colisión","Ninguna","Faltante","Ninguna","Sin restricción"
2014,6917,13/08/2014,"Miercoles",0,08:40:00,,"0.0",2,"Automóvil,Bicicleta","San Martin Y Olegario V.Andrade",2,1,0,0,1,0,0,,"Avenida",,"ROSARIO","Rosario","Asfalto","S/D","II","Dentro","Urbana","S/D","Funciona","Intersección","Bueno","Buena","Diurna","Buen Tiempo","S/D","S/D","Atropello","Ninguna","Vertical","S/D","Sin restricción"
2014,6918,20/08/2014,"Miercoles",0,10:30:00,,"0.0",2,"Automóvil,Taxi/Remis","Mitre Y Ocampo",3,2,0,0,1,0,0,,"Calle",,"ROSARIO","Rosario","S/D","S/D","II","Dentro","Urbana","S/D","S/D","Intersección","S/D","S/D","Diurna","S/D","S/D","S/D","Colisión","S/D","S/D","S/D","S/D"
2014,6919,21/08/2014,"Jueves",0,08:00:00,,"0.0",2,"Moto/Ciclomotor,Automóvil","Esmeralda Y La Paz",2,1,0,0,1,0,0,,"Calle",,"ROSARIO","Rosario","Asfalto","No existe","II","Dentro","Urbana","Ninguna","No existe","Intersección","Bueno","Buena","Diurna","Buen Tiempo","Lateral","S/D","Colisión","Ninguna","Faltante","Ninguna","Sin restricción"
2014,6920,21/09/2014,"Domingo",0,03:10:00,,"0.0",2,"Automóvil,Camión","Quiroga Y Gorriti",2,1,0,0,1,0,0,,"Calle",,"FRAY LUIS BELTRÁN","San Lorenzo","Ripio","No existe","XVII","Dentro","Urbana","Ninguna","No existe","Intersección","Resbaladiza","Reducida","Nocturna","Buen Tiempo","Lateral","S/D","Colisión","S/D","Faltante","Ninguna","S/D"
2014,6921,22/07/2014,"Martes",0,19:20:00,"Ruta Nacional 8","0.0",2,"Moto/Ciclomotor,Automóvil"," ",2,1,0,0,1,0,0,,"Ruta",8,"VENADO TUERTO","General López","S/D","S/D","VIII","Dentro","Urbana","S/D","S/D","Intersección","S/D","S/D","Atardecer","S/D","S/D","S/D","Colisión","S/D","S/D","S/D","S/D"
2014,6922,08/09/2014,"Lunes",0,08:10:00,"Ruta Nacional 11","0.0",2,"Automóvil,Moto/Ciclomotor","Av San Lorenzo Y Misiones",2,1,0,0,1,0,0,,"Ruta",11,"CAPITÁN BERMÚDEZ","San Lorenzo","Asfalto","Ripio","XVII","S/D","Urbana","Semáforo","Intermitente","Intersección","Bueno","Buena","Amanecer","Buen Tiempo","Frontal","S/D","Colisión","Otro","Faltante","Línea divisoria pintada","Sin restricción"
2014,6923,18/09/2014,"Jueves",0,09:00:00,,"0.0",2,"Automóvil,Automóvil","Alberdi Y Harding",3,1,0,0,2,0,0,,"Avenida",,"ROSARIO","Rosario","S/D","S/D","II","Dentro","Urbana","S/D","S/D","Intersección","S/D","S/D","Diurna","S/D","Lateral","S/D","Colisión","S/D","S/D","S/D","S/D"
2014,6924,20/08/2014,"Miercoles",0,19:00:00,,"0.0",2,"Moto/Ciclomotor,Automóvil","Av. Ovidio Lagos Y Bv. Segui",2,1,0,0,1,0,0,,"Calle",,"ROSARIO","Rosario","Asfalto","No existe","II","Dentro","Urbana","Marca Vial","Funciona","Intersección","Bueno","Buena","Atardecer,Con luz artificial","Buen Tiempo","Lateral","S/D","Colisión","Ninguna","Vertical","Línea divisoria pintada","Sin restricción"
2014,6925,26/07/2014,"Sabado",0,19:00:00,,"0.0",2,"Moto/Ciclomotor,Moto/Ciclomotor","Lisandro de la Torre Y Martin de Pueyrredon",2,1,0,0,1,0,0,,"Calle",,"VENADO TUERTO","General López","Asfalto","S/D","VIII","S/D","Urbana","S/D","S/D","Intersección","S/D","S/D","Nocturna","Buen Tiempo","S/D","S/D","Colisión","S/D","S/D","Cordón divisorio","S/D"
2014,6926,25/09/2014,"Jueves",0,09:15:00,,"0.0",2,"Automóvil,Automóvil","Urquiza Y Irigoyen",6,4,0,0,2,0,0,,"S/D",,"SAN LORENZO","San Lorenzo","S/D","S/D","XVII","S/D","S/D","S/D","S/D","S/D","S/D","S/D","Diurna","S/D","S/D","S/D","S/D","S/D","S/D","S/D","S/D"
2014,6927,17/09/2014,"Miercoles",0,20:00:00,,"0.0",2,"Moto/Ciclomotor,Moto/Ciclomotor","Av San Martin Y Maestra Barragan - Ex Bs.As.",2,2,0,0,0,0,0,,"Avenida",,"FRAY LUIS BELTRÁN","San Lorenzo","Asfalto","Ripio","XVII","S/D","Urbana","Ninguna","No existe","Intersección","Bueno","Buena","Nocturna","Buen Tiempo","Frontal","S/D","Colisión","Ninguna","S/D","Ninguna","Sin restricción"
2014,6928,04/08/2014,"Lunes",0,13:20:00,,"0.0",2,"Moto/Ciclomotor,Automóvil","Viamonte Y Dorrego",2,1,0,0,1,0,0,,"Calle",,"ROSARIO","Rosario","S/D","S/D","II","Dentro","Urbana","S/D","No existe","Intersección","S/D","S/D","Diurna","Buen Tiempo","S/D","S/D","S/D","S/D","S/D","S/D","S/D"
2014,6929,17/09/2014,"Miercoles",0,12:00:00,,"0.0",2,"Automóvil,Moto/Ciclomotor","Av. Francia Y Av. Caseros Bis",2,1,0,0,1,0,0,,"Avenida",,"ROSARIO","Rosario","Asfalto","S/D","II","S/D","Urbana","S/D","S/D","Intersección","Bueno","Buena","Diurna","Buen Tiempo","Lateral","S/D","Colisión","Ninguna","S/D","S/D","S/D"
2014,6930,19/08/2014,"Martes",0,08:30:00,,"0.0",2,"Moto/Ciclomotor,Automóvil","San Martin Y Pte.Quintana",2,1,0,0,1,0,0,,"Calle",,"ROSARIO","Rosario","Asfalto","No existe","II","Dentro","Urbana","Marca Vial","No existe","Intersección","Bueno","Buena","Diurna","Buen Tiempo","Lateral","S/D","Colisión","Ninguna","Vertical","Línea divisoria pintada","Sin restricción"
2014,6931,17/09/2014,"Miercoles",0,09:50:00,,"0.0",2,"Automóvil,Moto/Ciclomotor","Av San Martin Y Guido Spano",2,1,0,0,1,0,0,,"Avenida",,"FRAY LUIS BELTRÁN","San Lorenzo","Asfalto","Ripio","XVII","S/D","Urbana","Semáforo","Funciona","Intersección","Bueno","Buena","Diurna","Buen Tiempo","Lateral","S/D","Colisión","S/D","Vertical","Ninguna","Obra en Construcción"
2014,6932,14/07/2014,"Lunes",0,16:30:00,,"0.0",2,"Moto/Ciclomotor,Automóvil","Guillermo Brown Y Italia",2,0,1,0,1,0,0,,"Calle",,"VENADO TUERTO","General López","Asfalto","S/D","VIII","Dentro","Urbana","S/D","S/D","Intersección","S/D","S/D","Diurna","S/D","S/D","S/D","Colisión","S/D","S/D","Cordón divisorio","S/D"
2014,6933,04/08/2014,"Lunes",0,11:05:00,,"0.0",2,"Automóvil,Moto/Ciclomotor","Av. Ovidio Lagos Y Rueda",3,1,0,0,2,0,0,,"Avenida",,"ROSARIO","Rosario","S/D","S/D","II","S/D","Urbana","S/D","S/D","Intersección","S/D","S/D","Diurna","Buen Tiempo","S/D","S/D","S/D","S/D","S/D","S/D","S/D"