"anio_acci","nro_acci","fecha","desc_dia","fecha_aprox","hora_aprox","desc_ruta","km","cant_participantes","desc_participante","calle_avenida_km","total","heridos_leves","heridos_graves","heridos_gravisimos","ilesos","fallecidos","sin_datos","posicion_XY","desc_tipo_via","desc_ruta_ori","desc_loc","desc_dpto","desc_tipo_calzada","desc_tipo_banquina","desc_unidad_regional","desc_lugar_calzada","desc_zona","desc_prioridad","desc_estado_semaforo","desc_lugar_via","desc_estado_via","desc_estado_visibilidad","desc_luminosidad","desc_estado_clima","desc_tipo_colision","desc_tipo_atropello","desc_tipo_hecho","desc_pres_calzada","desc_senializacion","desc_separacion_via","desc_restriccion"
2014,6934,22/08/2014,"Viernes",0,19:40:00,,"0.0",2,"Moto/Ciclomotor,Taxi/Remis","Italia Y La Paz",3,2,0,0,1,0,0,,"Calle",,"ROSARIO","Rosario","S/D","S/D","II","Dentro","Urbana","S/D","No existe","Intersección","S/D","S/D","Atardecer","S/D","S/D","S/D","S/D","S/D","S/D","S/D","S/D"
2014,6935,06/09/2014,"Sabado",0,02:10:00,,"0.0",2,"Pickup/Utilitario,Moto/Ciclomotor","Juan de Garay Y Lavalle",4,1,0,0,3,0,0,,"Calle",,"CERES","San Cristóbal","Hormigón","No existe","XIII","S/D","Urbana","Ninguna","No existe","Intersección","Bueno","Reducida","Nocturna","Lluvia","Frontal","S/D","Colisión","Agua","Faltante","Ninguna","Sin restricción"
2014,6936,04/09/2014,"Jueves",0,13:45:00,,"0.0",2,"Automóvil,Moto/Ciclomotor","Baigorria Y A.Maza",2,1,0,0,1,0,0,,"Calle",,"ROSARIO","Rosario","Asfalto","No existe","II","Dentro","Urbana","Ninguna","No existe","Intersección","Bueno","Buena","Diurna","Buen Tiempo","Frontal","S/D","Colisión","Ninguna","Faltante","Ninguna","Sin restricción"
2014,6937,04/08/2014,"Lunes",0,,,"0.0",2,"Moto/Ciclomotor,Automóvil","Bv. 27 De Febrero Y Alvear",2,1,0,0,1,0,0,,"Avenida",,"ROSARIO","Rosario","S/D","S/D","II","S/D","Urbana","S/D","No existe","S/D","S/D","S/D","S/D","Buen Tiempo","S/D","S/D","S/D","S/D","S/D","S/D","S/D"
2014,6938,20/08/2014,"Miercoles",0,18:00:00,,"0.0",2,"Moto/Ciclomotor,Automóvil","Garibaldi Y Chacabuco",2,1,0,0,1,0,0,,"Calle",,"ROSARIO","Rosario","Asfalto","No existe","II","Dentro","Urbana","Marca Vial","No existe","Intersección","Bueno","Buena","Atardecer","Buen Tiempo","Lateral","S/D","Colisión","Ninguna","Vertical","Línea divisoria pintada","Sin restricción"
2014,6939,04/09/2014,"Jueves",0,17:10:00,,"0.0",2,"Automóvil,Moto/Ciclomotor","Superi Y Warnes",2,1,0,0,1,0,0,,"Calle",,"ROSARIO","Rosario","Asfalto","No existe","II","Dentro","Urbana","Ninguna","No existe","Intersección","Bueno","Buena","Diurna","Buen Tiempo","Frontal","S/D","Colisión","Ninguna","Faltante","Ninguna","Sin restricción"
2014,6940,22/08/2014,"Viernes",0,17:30:00,,"0.0",2,"Pickup/Utilitario,Moto/Ciclomotor","Entre Rios Y Cochabamba",2,1,0,0,1,0,0,,"Calle",,"ROSARIO","Rosario","S/D","S/D","II","Dentro","Urbana","S/D","S/D","Intersección","S/D","S/D","Diurna","S/D","S/D","S/D","S/D","S/D","S/D","S/D","S/D"
2014,6941,05/09/2014,"Viernes",0,23:10:00,,"0.0",2,"Moto/Ciclomotor,Automóvil","Bvard Bernardo de Irigoyen Y Leandro Alem",3,1,1,0,1,0,0,,"Calle",,"CERES","San Cristóbal","Hormigón","No existe","XIII","Dentro","Urbana","Ninguna","No existe","Intersección","Bueno","Buena","Nocturna","Buen Tiempo","Frontal","S/D","Colisión","Otro","Faltante","Vegetación","Sin restricción"
2014,6942,15/08/2014,"Viernes",0,10:00:00,,"0.0",2,"Peatón,Pickup/Utilitario","Pje. Falcon Y Necochea",2,1,0,0,1,0,0,,"Calle",,"ROSARIO","Rosario","Asfalto","No existe","II","Dentro","Urbana","Marca Vial","No existe","Intersección","Bueno","Buena","Diurna","Buen Tiempo","S/D","S/D","Atropello","Ninguna","Vertical","Línea divisoria pintada","Sin restricción"
2014,6943,21/08/2014,"Jueves",0,21:20:00,,"0.0",2,"Moto/Ciclomotor,Automóvil","Bv. Oroño Y Av. Dante Alighieri",2,1,0,0,1,0,0,,"Avenida",,"ROSARIO","Rosario","S/D","S/D","II","Dentro","Urbana","S/D","S/D","Intersección","S/D","S/D","Nocturna","S/D","S/D","S/D","Colisión","S/D","S/D","S/D","S/D"
2014,6944,09/09/2014,"Martes",0,16:20:00,,"0.0",2,"Taxi/Remis,Automóvil","Av. Casiano Casas Y Comercio",2,1,0,0,1,0,0,,"Calle",,"ROSARIO","Rosario","Asfalto","No existe","II","Dentro","Urbana","Ninguna","No existe","Intersección","Bueno","Buena","Diurna","Buen Tiempo","Frontal","S/D","Colisión","Ninguna","Faltante","Ninguna","Sin restricción"
2014,6945,09/08/2014,"Sabado",0,13:40:00,,"0.0",2,"Peatón,Automóvil","Gaboto Y Maipu",2,1,0,0,1,0,0,,"Calle",,"ROSARIO","Rosario","Asfalto","No existe","II","Dentro","Urbana","Marca Vial","No existe","Intersección","Bueno","Buena","Diurna","Buen Tiempo","S/D","S/D","Atropello","Ninguna","Vertical","Línea divisoria pintada","Sin restricción"
2014,6946,06/08/2014,"Miercoles",0,22:30:00,,"0.0",2,"Moto/Ciclomotor,Automóvil","Av. Corrientes Y Galvez",3,2,0,0,1,0,0,,"Calle",,"ROSARIO","Rosario","S/D","S/D","II","Dentro","Urbana","S/D","S/D","Intersección","S/D","S/D","Nocturna","S/D","S/D","S/D","Colisión","S/D","S/D","S/D","S/D"
2014,6947,07/08/2014,"Jueves",0,19:30:00,,"0.0",2,"Automóvil,Moto/Ciclomotor","San Martin Y Olegario V.Andrade",2,0,0,1,1,0,0,,"Avenida",,"ROSARIO","Rosario","Asfalto","S/D","II","Dentro","Urbana","Semáforo","Funciona","Intersección","Bueno","Buena","Atardecer","Buen Tiempo","De alcance","S/D","Colisión","Ninguna","Horizontal","S/D","Sin restricción"
2014,6948,19/08/2014,"Martes",0,12:00:00,,"0.0",2,"Moto/Ciclomotor,Automóvil","Ayolas Y Grandoli",3,2,0,0,1,0,0,,"Avenida",,"ROSARIO","Rosario","Asfalto","No existe","II","Dentro","Urbana","Ninguna","Funciona","Recta","Bueno","Buena","Diurna","Buen Tiempo","Lateral","S/D","Colisión","S/D","Horizontal,Vertical","Línea divisoria pintada","Sin restricción"
2014,6949,08/09/2014,"Lunes",0,17:00:00,,"0.0",2,"Bicicleta,Taxi/Remis","Bv. Rondeau 800",2,1,0,0,1,0,0,,"Calle",,"ROSARIO","Rosario","Asfalto","No existe","II","Dentro","Urbana","Ninguna","No existe","Recta","Bueno","Buena","Diurna","Buen Tiempo","S/D","S/D","Atropello","Ninguna","Faltante","Ninguna","Sin restricción"
2014,6950,07/08/2014,"Jueves",0,18:15:00,,"0.0",2,"Bicicleta,Automóvil","Laprida Y Dean Funes",2,1,0,0,1,0,0,,"Calle",,"ROSARIO","Rosario","Asfalto","No existe","II","Dentro","Urbana","Marca Vial","No existe","Intersección","Bueno","Buena","Atardecer","Buen Tiempo","S/D","S/D","Atropello","Ninguna","Vertical","Línea divisoria pintada","Sin restricción"
2014,6951,26/09/2014,"Viernes",0,20:30:00,,"0.0",2,"Taxi/Remis,Bicicleta","General Lopez Y Jose Ingenieros",4,3,0,0,1,0,0,,"S/D",,"SAN LORENZO","San Lorenzo","S/D","S/D","XVII","S/D","S/D","S/D","S/D","S/D","S/D","S/D","Nocturna","S/D","S/D","S/D","Atropello","S/D","S/D","S/D","S/D"
2014,6952,08/08/2014,"Viernes",0,,,"0.0",2,"Automóvil,Moto/Ciclomotor","Bv. Oroño Y Cochabamba",2,1,0,0,1,0,0,,"Avenida",,"ROSARIO","Rosario","S/D","S/D","II","Dentro","Urbana","S/D","S/D","Intersección","S/D","S/D","S/D","S/D","S/D","S/D","Colisión","S/D","Vertical","S/D","S/D"
2014,6953,14/08/2014,"Jueves",0,20:30:00,,"0.0",2,"Automóvil,Bicicleta","Av. Pellegrini Y Bv. Oroño",2,1,0,0,1,0,0,,"Avenida",,"ROSARIO","Rosario","S/D","S/D","II","Dentro","Urbana","S/D","Funciona","Rotonda","S/D","S/D","Nocturna","S/D","S/D","S/D","Atropello","S/D","Vertical","S/D","S/D"
2014,6954,17/09/2014,"Miercoles",0,19:40:00,,"0.0",2,"Moto/Ciclomotor,Automóvil","Av Italia Y J Abele",2,1,0,0,1,0,0,,"Avenida",,"RAFAELA","Castellanos","Hormigón","S/D","V","Dentro","Urbana","S/D","S/D","Intersección","S/D","S/D","Atardecer","S/D","Lateral","S/D","Colisión","S/D","S/D","S/D","S/D"
2014,6955,19/08/2014,"Martes",0,14:30:00,,"0.0",2,"Automóvil,Automóvil","Mitre 2100",3,3,0,0,0,0,0,,"Calle",,"ROSARIO","Rosario","S/D","S/D","II","Dentro","Urbana","S/D","S/D","Intersección","S/D","S/D","Diurna","S/D","S/D","S/D","Colisión","S/D","S/D","S/D","S/D"
2014,6956,10/08/2014,"Domingo",0,09:15:00,,"0.0",2,"Automóvil,Automóvil","Paraguay Y Bv. 27 De Febrero",3,3,0,0,0,0,0,,"Avenida",,"ROSARIO","Rosario","S/D","S/D","II","Dentro","Urbana","S/D","Funciona","S/D","S/D","S/D","Diurna","S/D","S/D","S/D","Colisión","S/D","S/D","S/D","S/D"
2014,6957,05/09/2014,"Viernes",0,18:25:00,,"0.0",2,"Automóvil,Bicicleta","A.Piaggio Y Pje. Williams",2,1,0,0,1,0,0,,"Calle",,"ROSARIO","Rosario","Asfalto","No existe","II","Dentro","Urbana","Ninguna","No existe","Intersección","Bueno","Buena","Diurna","Buen Tiempo","S/D","S/D","Atropello","Ninguna","Faltante","Ninguna","Sin restricción"
2014,6958,02/09/2014,"Martes",0,18:40:00,,"0.0",2,"Pickup/Utilitario,Moto/Ciclomotor","Av Nicasio Oroño ",4,0,1,0,3,0,0,,"Calle",,"SAN GENARO","San Jerónimo","S/D","S/D","XV","S/D","Urbana","Ninguna","S/D","Recta","S/D","S/D","Atardecer","Buen Tiempo","Lateral","S/D","Colisión","S/D","S/D","S/D","S/D"
2014,6959,17/09/2014,"Miercoles",0,18:10:00,,"0.0",1,"Bicicleta","Av Aristobulo del Valle Y B Anduiza",1,1,0,0,0,0,0,,"Avenida",,"RAFAELA","Castellanos","Hormigón","S/D","V","Dentro","Urbana","Marca Vial","S/D","Recta","Bueno","S/D","Diurna","S/D","Contra objeto fijo","S/D","Colisión","S/D","S/D","Cordón divisorio","S/D"
2014,6960,29/08/2014,"Viernes",0,,,"0.0",2,"Moto/Ciclomotor,Automóvil","Rueda Y Paraguay",3,2,0,0,1,0,0,,"Calle",,"ROSARIO","Rosario","S/D","S/D","II","Dentro","Urbana","S/D","S/D","Intersección","S/D","S/D","S/D","S/D","S/D","S/D","Colisión","S/D","S/D","S/D","S/D"
2014,6961,20/09/2014,"Sabado",0,15:30:00,,"0.0",2,"Moto/Ciclomotor,Automóvil","PUENTE ROSARIO - VICTORIA ",2,1,0,0,1,0,0,,"Avenida",,"ROSARIO","Rosario","Asfalto","Pavimento","II","Dentro","Urbana","Ninguna","No existe","Otro","Bueno","Buena","Diurna","Buen Tiempo","Lateral","S/D","Colisión","Ninguna","Faltante","Cordón divisorio","Sin restricción"
2014,6962,21/09/2014,"Domingo",0,18:30:00,,"0.0",2,"Automóvil,Moto/Ciclomotor","J.B.Justo Y Pje. Pirayu Bis",5,2,0,0,3,0,0,,"Calle",,"ROSARIO","Rosario","Asfalto","No existe","II","Dentro","Urbana","Ninguna","No existe","Recta","Con baches","Buena","Atardecer","Otro","Frontal","S/D","Colisión","Otro","Faltante","Ninguna","Sin restricción"
2014,6963,14/08/2014,"Jueves",0,19:50:00,,"0.0",2,"Moto/Ciclomotor,Automóvil","Av. Francia Y Viamonte",2,1,0,0,1,0,0,,"Avenida",,"ROSARIO","Rosario","S/D","S/D","II","Dentro","Urbana","S/D","S/D","Intersección","S/D","S/D","Nocturna","S/D","S/D","S/D","Colisión","S/D","S/D","S/D","S/D"
2014,6964,13/08/2014,"Miercoles",0,12:47:00,,"0.0",2,"Moto/Ciclomotor,Peatón","Milan Y Pje. Del Campo",2,1,0,0,1,0,0,,"S/D",,"ROSARIO","Rosario","Asfalto","S/D","II","Dentro","Urbana","S/D","No existe","Intersección","Bueno","Buena","Diurna","Buen Tiempo","S/D","S/D","Atropello","Ninguna","S/D","S/D","S/D"
2014,6965,22/09/2014,"Lunes",0,15:10:00,,"0.0",2,"Bicicleta,Pickup/Utilitario","Carlos Pellegrini Y Arenales",2,1,0,0,1,0,0,,"Calle",,"RAFAELA","Castellanos","S/D","S/D","V","S/D","Urbana","S/D","S/D","Intersección","Bueno","S/D","Diurna","S/D","S/D","S/D","Atropello","S/D","S/D","S/D","S/D"
2014,6966,06/08/2014,"Miercoles",0,15:20:00,,"0.0",2,"Moto/Ciclomotor,Moto/Ciclomotor","Ayolas Y Esmeralda",2,1,0,0,1,0,0,,"Calle",,"ROSARIO","Rosario","Asfalto","No existe","II","Dentro","Urbana","Marca Vial","No existe","Intersección","Bueno","Buena","Diurna","Buen Tiempo","Lateral","S/D","Colisión","Ninguna","Vertical","Línea divisoria pintada","Sin restricción"
2014,6967,30/08/2014,"Sabado",0,,,"0.0",2,"Moto/Ciclomotor,Automóvil","Sarmiento Y Rueda",3,2,0,0,1,0,0,,"Calle",,"ROSARIO","Rosario","S/D","S/D","II","Dentro","Urbana","S/D","S/D","Intersección","S/D","S/D","S/D","S/D","S/D","S/D","Colisión","S/D","S/D","S/D","S/D"
2014,6968,21/09/2014,"Domingo",0,14:00:00,,"0.0",2,"Automóvil,Automóvil","Av. Sorrento Y Av. Circunvalacion",4,1,0,0,2,0,1,,"S/D",,"ROSARIO","Rosario","Asfalto","Pavimento","II","S/D","S/D","Ninguna","Funciona","Recta","Bueno","Buena","Atardecer","Buen Tiempo","Lateral","S/D","Colisión","Otro","Horizontal","Ninguna","Sin restricción"
2014,6969,06/09/2014,"Sabado",0,00:00:00,,"0.0",2,"Moto/Ciclomotor,Automóvil","Cervantes Y Bv Pte Roca",2,1,0,0,1,0,0,,"Avenida",,"RAFAELA","Castellanos","S/D","S/D","V","Dentro","Urbana","S/D","S/D","Intersección","S/D","S/D","Nocturna","S/D","Lateral","S/D","Colisión","S/D","S/D","S/D","S/D"
2014,6970,17/09/2014,"Miercoles",0,17:15:00,,"0.0",2,"Peatón,Pickup/Utilitario","Bv. Rondeau Y Olive",2,1,0,0,1,0,0,,"Avenida",,"ROSARIO","Rosario","Asfalto","No existe","II","Dentro","Urbana","Ninguna","No existe","Recta","Bueno","Buena","Diurna","Buen Tiempo","S/D","S/D","Atropello","Otro","Faltante","Ninguna","Sin restricción"
2014,6971,05/08/2014,"Martes",0,10:20:00,,"0.0",2,"Moto/Ciclomotor,Taxi/Remis","L.N.Alem Y Bv. Segui",2,1,0,0,1,0,0,,"Calle",,"ROSARIO","Rosario","Asfalto","No existe","II","Dentro","Urbana","Marca Vial","No existe","Intersección","Bueno","Buena","Diurna","Buen Tiempo","Lateral","S/D","Colisión","Ninguna","Vertical","Cordón divisorio","Sin restricción"
2014,6973,11/08/2014,"Lunes",0,13:00:00,,"0.0",3,"Automóvil,Pickup/Utilitario,Moto/Ciclomotor","Cochabamba Y Pte.Roca",3,1,1,0,1,0,0,,"Calle",,"ROSARIO","Rosario","S/D","S/D","II","Dentro","Urbana","S/D","S/D","Intersección","S/D","S/D","Diurna","Buen Tiempo","S/D","S/D","Colisión","S/D","S/D","S/D","S/D"
2014,6974,16/09/2014,"Martes",0,16:40:00,,"0.0",1,"Automóvil","Av. Sorrento Y Ludueña",2,1,0,0,1,0,0,,"Avenida",,"ROSARIO","Rosario","Asfalto","Pavimento","II","Dentro","Urbana","Ninguna","No existe","S/D","Deteriorada","Buena","Atardecer","Buen Tiempo","Atropello animal","S/D","Colisión","Otro","Faltante","Ninguna","Sin restricción"
2014,6975,27/09/2014,"Sabado",0,12:10:00,,"0.0",2,"Automóvil,Peatón","La Republica Y Ottone Bis",2,1,0,0,0,0,1,,"Calle",,"ROSARIO","Rosario","Asfalto","Pavimento","II","Dentro","Urbana","Ninguna","No existe","Recta","Bueno","Buena","Diurna","Otro","S/D","S/D","Atropello","Otro","Faltante","Ninguna","Sin restricción"
2014,6976,19/09/2014,"Viernes",0,22:00:00,,"0.0",2,"Automóvil,Pickup/Utilitario","Gurruchaga Y Zelaya",2,1,0,0,1,0,0,,"Calle",,"ROSARIO","Rosario","Asfalto","No existe","II","Dentro","Urbana","Ninguna","No existe","Intersección","Bueno","Buena","Nocturna","Buen Tiempo","Otro","S/D","Colisión","Ninguna","Faltante","Ninguna","Sin restricción"
2014,6978,17/09/2014,"Miercoles",0,08:00:00,,"0.0",2,"Moto/Ciclomotor,Automóvil","Bv Pte Roca Y 25 de Mayo",2,1,0,0,1,0,0,,"Avenida",,"RAFAELA","Castellanos","Asfalto","S/D","V","S/D","Urbana","S/D","S/D","Intersección","Bueno","Buena","Diurna","S/D","S/D","S/D","Colisión","S/D","S/D","S/D","S/D"
2014,6979,18/09/2014,"Jueves",0,08:00:00,,"0.0",2,"Bicicleta,Automóvil"," ",2,1,0,0,1,0,0,,"Avenida",,"ROSARIO","Rosario","S/D","S/D","II","Dentro","Urbana","S/D","S/D","Curva","S/D","S/D","Diurna","Buen Tiempo","S/D","S/D","Atropello","S/D","S/D","S/D","S/D"
2014,6980,05/08/2014,"Martes",0,05:20:00,,"0.0",2,"Moto/Ciclomotor,Automóvil","Biedma Y Grandoli",2,1,0,0,1,0,0,,"Calle",,"ROSARIO","Rosario","Asfalto","No existe","II","Dentro","Urbana","Marca Vial","No existe","Intersección","Bueno","Buena","Amanecer","Buen Tiempo","Lateral","S/D","Colisión","Ninguna","Vertical","Línea divisoria pintada","Sin restricción"
2014,6981,12/08/2014,"Martes",0,23:00:00,,"0.0",2,"Bicicleta,Taxi/Remis","Virasoro Y Av. Corrientes",2,1,0,0,1,0,0,,"Calle",,"ROSARIO","Rosario","S/D","S/D","II","Dentro","Urbana","S/D","S/D","Intersección","S/D","S/D","Nocturna","S/D","S/D","S/D","Atropello","S/D","S/D","S/D","S/D"
2014,6982,17/09/2014,"Miercoles",0,17:00:00,,"0.0",2,"Automóvil,Automóvil","Bv. Rondeau Y Washington",2,1,0,0,1,0,0,,"Avenida",,"ROSARIO","Rosario","Asfalto","No existe","II","Dentro","Urbana","Ninguna","Funciona","Intersección","Bueno","Buena","Diurna","Buen Tiempo","S/D","S/D","Atropello","Ninguna","Vertical","Cordón divisorio","Sin restricción"
2014,6983,04/08/2014,"Lunes",0,08:30:00,,"0.0",2,"Moto/Ciclomotor,Automóvil","Bv. Segui Y Laprida",2,1,0,0,1,0,0,,"Calle",,"ROSARIO","Rosario","Asfalto","No existe","II","Dentro","Urbana","Marca Vial","No existe","Intersección","Bueno","Buena","Diurna","Buen Tiempo","Lateral","S/D","Colisión","Ninguna","Vertical","Cordón divisorio","Sin restricción"
2014,6984,15/09/2014,"Lunes",0,10:00:00,,"0.0",2,"Otros,Automóvil"," ",2,0,1,0,1,0,0,,"S/D",,"HUMBERTO 1°","Castellanos","S/D","S/D","V","S/D","S/D","S/D","S/D","S/D","S/D","S/D","S/D","S/D","S/D","S/D","Colisión","S/D","S/D","S/D","S/D"
2014,6985,29/09/2014,"Lunes",0,13:30:00,,"0.0",2,"Automóvil,Automóvil","J.B.Cordiviola 919",2,1,0,0,1,0,0,,"Calle",,"ROSARIO","Rosario","Asfalto","S/D","II","S/D","Urbana","Ninguna","S/D","Otro","Bueno","S/D","Diurna","Buen Tiempo","Otro","S/D","Colisión","S/D","Horizontal","Línea divisoria pintada","Sin restricción"
2014,6986,04/09/2014,"Jueves",0,17:10:00,"Ruta Provincial 1","0.0",1,"Moto/Ciclomotor"," ",1,0,1,0,0,0,0,,"Ruta",1,"LOS CORRALITOS","San Javier","Asfalto","Natural","XIV","S/D","Rural","Ninguna","No existe","Recta","Bueno","Buena","Diurna","Lluvia","Lateral","S/D","Colisión","Agua","S/D","Vegetación","Sin restricción"
2014,6987,20/09/2014,"Sabado",0,03:10:00,,"0.0",2,"Automóvil,Moto/Ciclomotor","Junin Y Albert Sabin",2,1,0,0,1,0,0,,"Avenida",,"ROSARIO","Rosario","S/D","S/D","II","S/D","Urbana","S/D","S/D","S/D","S/D","Buena","Nocturna","S/D","S/D","S/D","Colisión","S/D","S/D","S/D","S/D"
2014,6989,15/08/2014,"Viernes",0,14:40:00,,"0.0",2,"Pickup/Utilitario,Automóvil","Bv. Oroño Y Rueda",3,2,0,0,1,0,0,,"Avenida",,"ROSARIO","Rosario","S/D","S/D","II","Dentro","Urbana","S/D","S/D","Intersección","S/D","S/D","Diurna","S/D","S/D","S/D","Colisión","S/D","S/D","S/D","S/D"
2014,6990,22/09/2014,"Lunes",0,21:00:00,,"0.0",2,"Transporte de Pasajeros Urbano (> 8 asientos),Bicicleta","Washington Y Union",3,2,0,0,1,0,0,,"Calle",,"ROSARIO","Rosario","Asfalto","No existe","II","Dentro","Urbana","S/D","No existe","Intersección","Bueno","Buena","Nocturna","Buen Tiempo","S/D","S/D","Atropello","Ninguna","Faltante","Ninguna","Sin restricción"
2014,6991,23/09/2014,"Martes",0,22:05:00,"Ruta Provincial 1","78.0",2,"Peatón,Otros"," ",2,0,1,0,1,0,0,,"Ruta",1,"CAMPO DEL MEDIO","Garay","Asfalto","Natural","VII","S/D","S/D","S/D","No existe","Recta","Bueno","Reducida","Nocturna","Buen Tiempo","Otro","S/D","Atropello","Otro","Faltante","Ninguna","Sin restricción"
2014,6992,01/09/2014,"Lunes",0,19:30:00,"Ruta Provincial 1","37.0",1,"Moto/Ciclomotor"," ",1,0,1,0,0,0,0,,"Ruta",1,"SANTA ROSA DE CALCHINES","Garay","Asfalto","Natural","VII","S/D","Urbana","Ninguna","No existe","Recta","Bueno","Buena","Atardecer","Buen Tiempo","Atropello animal","S/D","Colisión","S/D","Faltante","Vegetación","Sin restricción"
2014,6993,07/08/2014,"Jueves",0,23:35:00,,"0.0",2,"Moto/Ciclomotor,Moto/Ciclomotor","Bv. 27 De Febrero Y Colon",2,2,0,0,0,0,0,,"Calle",,"ROSARIO","Rosario","Asfalto","No existe","II","Dentro","Urbana","Ninguna","No existe","Intersección","Bueno","Buena","Nocturna,Con luz artificial","Buen Tiempo","S/D","S/D","Colisión","Ninguna","S/D","Ninguna","Sin restricción"
2014,6994,18/08/2014,"Lunes",0,21:30:00,,"0.0",2,"Automóvil,Moto/Ciclomotor","Italia 3900",2,1,0,0,1,0,0,,"Calle",,"ROSARIO","Rosario","Asfalto","S/D","II","Dentro","Urbana","Ninguna","No existe","Intersección","Bueno","Buena","Nocturna","Buen Tiempo","De alcance","S/D","Colisión","S/D","Faltante","S/D","Sin restricción"
2014,6995,12/08/2014,"Martes",0,10:00:00,,"0.0",2,"Automóvil,Moto/Ciclomotor","Necochea Y Cochabamba",2,1,0,0,1,0,0,,"Calle",,"ROSARIO","Rosario","Asfalto","No existe","II","Dentro","Urbana","Ninguna","No existe","Intersección","Bueno","Buena","Diurna","Buen Tiempo","S/D","S/D","Colisión","Ninguna","S/D","Ninguna","Sin restricción"
2014,6996,05/09/2014,"Viernes",0,14:10:00,,"0.0",2,"Automóvil,Moto/Ciclomotor","Corrientes Y Chacabuco",2,1,0,0,1,0,0,,"Calle",,"HELVECIA","Garay","Tierra","No existe","VII","S/D","Urbana","Ninguna","No existe","Intersección","Otro","Buena","Diurna","Buen Tiempo","S/D","S/D","Colisión","S/D","Faltante","Ninguna","Sin restricción"
2014,6997,14/08/2014,"Jueves",0,11:10:00,,"0.0",2,"Automóvil,Automóvil","Colon Y Ocampo",2,1,0,0,1,0,0,,"Calle",,"ROSARIO","Rosario","Asfalto","No existe","II","Dentro","Urbana","Ninguna","No existe","Intersección","Bueno","Buena","Diurna","Buen Tiempo","Otro","S/D","Colisión","Ninguna","S/D","Ninguna","Sin restricción"
2014,6998,23/08/2014,"Sabado",0,11:30:00,,"0.0",2,"Peatón,Automóvil","Necochea Y Ocampo",2,1,0,0,0,0,1,,"Calle",,"ROSARIO","Rosario","Asfalto","No existe","II","Dentro","Urbana","Ninguna","No existe","Intersección","Bueno","Buena","Diurna","Buen Tiempo","S/D","S/D","Atropello","Ninguna","S/D","Ninguna","Sin restricción"
2014,6999,28/08/2014,"Jueves",0,22:00:00,,"0.0",2,"Peatón,Automóvil","Pasco 114",2,1,0,0,1,0,0,,"Calle",,"ROSARIO","Rosario","Asfalto","S/D","II","Dentro","Urbana","S/D","S/D","Recta","S/D","Buena","Diurna","Buen Tiempo","S/D","S/D","Atropello","Ninguna","S/D","Ninguna","S/D"
2014,7000,13/08/2014,"Miercoles",0,14:00:00,,"0.0",2,"Peatón,Pickup/Utilitario","Dean Funes Y San Martin",2,1,0,0,1,0,0,,"Calle",,"ROSARIO","Rosario","Asfalto","No existe","II","Dentro","Urbana","Ninguna","No existe","Intersección","Bueno","Buena","Diurna","S/D","S/D","S/D","Atropello","Ninguna","Faltante","S/D","Sin restricción"
2014,7001,14/08/2014,"Jueves",0,05:50:00,,"0.0",1,"Automóvil","San Martin Y Ayolas",2,1,0,0,1,0,0,,"Calle",,"ROSARIO","Rosario","Asfalto","S/D","II","Dentro","Urbana","Semáforo","Funciona","Recta","Bueno","Buena","Amanecer","Buen Tiempo","Contra objeto fijo","S/D","Colisión","Ninguna","Vertical","Línea divisoria pintada","Sin restricción"
2014,7002,15/08/2014,"Viernes",0,14:45:00,,"0.0",2,"Moto/Ciclomotor,Automóvil","Bv. Segui Y Sarmiento",2,1,0,0,1,0,0,,"Avenida",,"ROSARIO","Rosario","Asfalto","S/D","II","Dentro","Urbana","Ninguna","No existe","Intersección","Bueno","Buena","Diurna","Buen Tiempo","De alcance","S/D","Colisión","Ninguna","Faltante","S/D","Sin restricción"
2014,7003,07/08/2014,"Jueves",0,,,"0.0",3,"Taxi/Remis,Automóvil,Automóvil","Sarmiento Y Virasoro",5,1,0,0,4,0,0,,"S/D",,"ROSARIO","Rosario","S/D","S/D","II","S/D","S/D","S/D","S/D","Intersección","S/D","S/D","S/D","S/D","Múltiple","S/D","Colisión","S/D","S/D","S/D","S/D"
2014,7004,19/08/2014,"Martes",0,20:30:00,,"0.0",2,"Automóvil,Moto/Ciclomotor","Cochabamba Y Paraguay",2,1,0,0,1,0,0,,"Calle",,"ROSARIO","Rosario","S/D","S/D","II","Dentro","Urbana","S/D","S/D","Intersección","S/D","S/D","Nocturna","S/D","S/D","S/D","Colisión","S/D","S/D","S/D","S/D"
2014,7005,16/01/2014,"Jueves",0,17:15:00,,"0.0",2,"Moto/Ciclomotor,Pickup/Utilitario","Virasoro Y Sarmiento",3,0,2,0,1,0,0,"-32.969888888889,-60.644083333333","Calle",,"ROSARIO","Rosario","S/D","S/D","II","Dentro","Urbana","S/D","S/D","Intersección","S/D","S/D","Atardecer","S/D","Lateral","S/D","Colisión","S/D","S/D","S/D","S/D"
2014,7006,17/01/2014,"Viernes",0,20:55:00,"Ruta Provincial 13","12.0",2,"Moto/Ciclomotor,Automóvil","RP N&#186; 13 a 4 km de Los Cardos ",3,2,0,0,0,1,0,"-32.360432, -61.619644","Ruta",13,"LOS CARDOS","San Martín","S/D","S/D","XVIII","Dentro","Rural","S/D","S/D","S/D","S/D","S/D","Nocturna","S/D","S/D","S/D","Colisión","S/D","S/D","S/D","S/D"
2014,7007,02/08/2014,"Sabado",0,23:00:00,,"0.0",2,"Automóvil,Moto/Ciclomotor","Dr.Rivas Y Pueyrredon",4,2,0,0,2,0,0,,"Calle",,"ROSARIO","Rosario","Asfalto","S/D","II","Dentro","Urbana","Ninguna","No existe","Intersección","Bueno","Buena","Nocturna,Con luz artificial","Buen Tiempo","De alcance","S/D","Colisión","S/D","Faltante","S/D","Sin restricción"