"anio_acci","nro_acci","fecha","desc_dia","fecha_aprox","hora_aprox","desc_ruta","km","cant_participantes","desc_participante","calle_avenida_km","total","heridos_leves","heridos_graves","heridos_gravisimos","ilesos","fallecidos","sin_datos","posicion_XY","desc_tipo_via","desc_ruta_ori","desc_loc","desc_dpto","desc_tipo_calzada","desc_tipo_banquina","desc_unidad_regional","desc_lugar_calzada","desc_zona","desc_prioridad","desc_estado_semaforo","desc_lugar_via","desc_estado_via","desc_estado_visibilidad","desc_luminosidad","desc_estado_clima","desc_tipo_colision","desc_tipo_atropello","desc_tipo_hecho","desc_pres_calzada","desc_senializacion","desc_separacion_via","desc_restriccion"
2014,7008,10/09/2014,"Miercoles",0,17:55:00,,"0.0",2,"Transporte Escolar,Peatón","J.B.Justo Y De Angelis Bis",3,1,0,0,0,0,2,,"Calle",,"ROSARIO","Rosario","Asfalto","Natural","II","Dentro","Urbana","Ninguna","No existe","Recta","Bueno","Buena","Atardecer","Otro","S/D","S/D","Atropello","Otro","Faltante","Ninguna","Sin restricción"
2014,7009,01/08/2014,"Viernes",0,19:15:00,,"0.0",2,"Pickup/Utilitario,Peatón","San Martin Y Gaboto",3,2,0,0,1,0,0,,"Calle",,"ROSARIO","Rosario","Asfalto","S/D","II","Dentro","Urbana","Semáforo","Funciona","Intersección","Bueno","Buena","Atardecer","Buen Tiempo","S/D","S/D","Atropello","S/D","Horizontal","S/D","Sin restricción"
2014,7010,01/09/2014,"Lunes",0,15:45:00,,"0.0",2,"Bicicleta,Automóvil","French Y Cullen",3,1,0,0,2,0,0,,"Calle",,"ROSARIO","Rosario","S/D","Pavimento","II","Dentro","Urbana","Ninguna","No existe","Recta","Con baches","Buena","Atardecer","Buen Tiempo","S/D","S/D","Atropello","Otro","Faltante","Ninguna","Sin restricción"
2014,7011,25/09/2014,"Jueves",0,14:30:00,,"0.0",2,"Moto/Ciclomotor,Moto/Ciclomotor","San Martin Y Av. Pellegrini",2,1,0,0,1,0,0,,"Calle",,"ROSARIO","Rosario","Asfalto","S/D","II","Dentro","Urbana","Ninguna","Funciona","Intersección","Bueno","Buena","Diurna","Buen Tiempo","Frontal","S/D","Colisión","S/D","Horizontal","Cordón divisorio","Sin restricción"
2014,7012,18/09/2014,"Jueves",0,10:00:00,,"0.0",2,"Moto/Ciclomotor,Pickup/Utilitario","E.Zeballos 2300",3,2,0,0,1,0,0,,"Calle",,"ROSARIO","Rosario","Asfalto","S/D","II","Dentro","Urbana","Ninguna","No existe","Recta","Bueno","Buena","Diurna","Buen Tiempo","Frontal","S/D","Colisión","S/D","Faltante","Cordón divisorio","Sin restricción"
2014,7014,01/08/2014,"Viernes",0,06:45:00,,"0.0",2,"Moto/Ciclomotor,Automóvil","Av. Uriburu Y Ayacucho",3,2,0,0,1,0,0,,"Calle",,"ROSARIO","Rosario","Asfalto","No existe","II","Dentro","Urbana","Semáforo","Funciona","Intersección","Bueno","Buena","Nocturna","S/D","Lateral","S/D","Colisión","S/D","S/D","Cordón divisorio","Sin restricción"
2014,7015,05/09/2014,"Viernes",0,21:10:00,,"0.0",2,"Moto/Ciclomotor,Bicicleta","J.J.Paso Y Campbell",2,1,0,0,1,0,0,,"Calle",,"ROSARIO","Rosario","Asfalto","Pavimento","II","Dentro","Urbana","Ninguna","Funciona","Recta","Bueno","Buena","Nocturna,Con luz artificial","Buen Tiempo","S/D","S/D","Atropello","Otro","Faltante","Ninguna","Sin restricción"
2014,7016,19/09/2014,"Viernes",0,14:30:00,,"0.0",2,"Moto/Ciclomotor,Taxi/Remis","E.Zeballos Y Balcarce",3,2,0,0,1,0,0,,"Calle",,"ROSARIO","Rosario","Asfalto","S/D","II","Dentro","Urbana","Ninguna","No existe","Recta","Bueno","Buena","Diurna","Buen Tiempo","Frontal","S/D","Colisión","S/D","Faltante","Cordón divisorio","Sin restricción"
2014,7017,18/09/2014,"Jueves",0,10:30:00,,"0.0",2,"Moto/Ciclomotor,Automóvil","Montevideo 1500",3,1,0,0,2,0,0,,"Calle",,"ROSARIO","Rosario","Asfalto","S/D","II","Dentro","Urbana","Ninguna","No existe","Recta","Bueno","Buena","Diurna","Buen Tiempo","Frontal","S/D","Colisión","S/D","Faltante","Cordón divisorio","Sin restricción"
2014,7018,30/08/2014,"Sabado",0,13:45:00,,"0.0",2,"Moto/Ciclomotor,Automóvil","Necochea Y 3 De Febrero",2,1,0,0,1,0,0,,"Calle",,"ROSARIO","Rosario","Asfalto","S/D","II","Dentro","Urbana","Ninguna","S/D","Intersección","Bueno","Buena","Diurna","Buen Tiempo","Lateral","S/D","Colisión","S/D","S/D","Barrera de alto impacto","S/D"
2014,7019,01/08/2014,"Viernes",0,18:45:00,,"0.0",2,"Moto/Ciclomotor,Automóvil","Buenos Aires Y Lamadrid",3,2,0,0,1,0,0,,"Calle",,"ROSARIO","Rosario","Asfalto","No existe","II","Dentro","Urbana","Señal Pare","No existe","Intersección","S/D","Buena","Atardecer","Buen Tiempo","Lateral","S/D","Colisión","S/D","Horizontal","Ninguna","Sin restricción"
2014,7020,05/09/2014,"Viernes",0,18:30:00,,"0.0",2,"Pickup/Utilitario,Automóvil","Castellanos Y 9 De Julio",4,1,0,0,3,0,0,,"Calle",,"ROSARIO","Rosario","Asfalto","No existe","II","S/D","Urbana","Ninguna","S/D","Intersección","Bueno","Buena","Diurna","Buen Tiempo","S/D","S/D","Colisión","Ninguna","S/D","S/D","Sin restricción"
2014,7021,20/09/2014,"Sabado",0,09:25:00,,"0.0",2,"Automóvil,Automóvil","Montevideo Y Valparaiso",3,1,0,0,2,0,0,,"Calle",,"ROSARIO","Rosario","Asfalto","No existe","II","S/D","Urbana","S/D","S/D","S/D","S/D","S/D","Diurna","S/D","S/D","S/D","Colisión","S/D","S/D","S/D","S/D"
2014,7022,13/08/2014,"Miercoles",0,09:30:00,,"0.0",2,"Moto/Ciclomotor,Automóvil","Hilarion de la Quintana Y Laprida",2,1,0,0,1,0,0,,"Calle",,"ROSARIO","Rosario","S/D","No existe","II","Dentro","Urbana","Ninguna","No existe","Intersección","Bueno","Buena","Diurna","Buen Tiempo","Lateral","S/D","Colisión","S/D","S/D","S/D","Sin restricción"
2014,7023,04/09/2014,"Jueves",0,19:15:00,,"0.0",3,"Automóvil,Automóvil,Automóvil","Av. Belgrano Y Rioja",5,2,0,0,3,0,0,,"Avenida",,"ROSARIO","Rosario","Ripio","S/D","II","Dentro","Urbana","Semáforo","Funciona","Rotonda","Bueno","Buena","Diurna","Buen Tiempo","Múltiple","S/D","Colisión","S/D","S/D","Cordón divisorio","S/D"
2014,7024,06/09/2014,"Sabado",0,08:00:00,,"0.0",2,"Moto/Ciclomotor,Automóvil","San Juan Y L.N.Alem",2,1,0,0,1,0,0,,"Calle",,"ROSARIO","Rosario","Asfalto","S/D","II","Dentro","Urbana","S/D","S/D","Intersección","Bueno","Buena","Diurna","Buen Tiempo","Lateral","S/D","Colisión","S/D","S/D","Cordón divisorio","S/D"
2014,7025,11/09/2014,"Jueves",0,09:45:00,,"0.0",2,"Pickup/Utilitario,Peatón","Callao Y 3 De Febrero",2,1,0,0,1,0,0,,"Calle",,"ROSARIO","Rosario","Asfalto","No existe","II","S/D","Urbana","S/D","S/D","Intersección","S/D","S/D","Diurna","S/D","S/D","S/D","Atropello","S/D","S/D","S/D","S/D"
2014,7026,14/09/2014,"Domingo",0,23:40:00,,"0.0",2,"Moto/Ciclomotor,Automóvil","Montevideo Y Pascual Rosas",3,2,0,0,1,0,0,,"Calle",,"ROSARIO","Rosario","Asfalto","No existe","II","S/D","Urbana","S/D","S/D","Intersección","S/D","S/D","Nocturna","S/D","S/D","S/D","Colisión","S/D","S/D","S/D","S/D"
2014,7027,25/09/2014,"Jueves",0,09:30:00,,"0.0",2,"Peatón,Pickup/Utilitario","Vera Mujica Y 3 De Febrero",4,3,0,0,1,0,0,,"Calle",,"ROSARIO","Rosario","S/D","S/D","II","S/D","Urbana","S/D","S/D","S/D","S/D","S/D","Diurna","S/D","S/D","S/D","Atropello","S/D","S/D","S/D","S/D"
2014,7028,16/09/2014,"Martes",0,06:40:00,,"0.0",2,"Moto/Ciclomotor,Automóvil","Av. Pellegrini Y Av. Francia",2,1,0,0,1,0,0,,"Avenida",,"ROSARIO","Rosario","S/D","S/D","II","S/D","Urbana","S/D","S/D","Intersección","S/D","S/D","S/D","S/D","S/D","S/D","Caída ocupante,Colisión","S/D","S/D","S/D","S/D"
2014,7029,20/08/2014,"Miercoles",0,12:00:00,,"0.0",2,"Moto/Ciclomotor,Automóvil","Av. Battle y Ordoñez 370",2,1,0,0,1,0,0,,"Calle",,"ROSARIO","Rosario","Asfalto","No existe","II","Dentro","Urbana","Ninguna","No existe","Recta","Bueno","Buena","Diurna","Buen Tiempo","Lateral","S/D","Colisión","Agua","S/D","Ninguna","Sin restricción"
2014,7030,05/09/2014,"Viernes",0,00:30:00,,"0.0",2,"Automóvil,Moto/Ciclomotor","Av. Genova Y Olavarria Bis",2,0,1,0,1,0,0,,"Calle",,"ROSARIO","Rosario","Asfalto","No existe","II","S/D","Urbana","Ninguna","Funciona","Intersección","Bueno","Buena","Nocturna","Buen Tiempo","Lateral","S/D","Colisión","S/D","Horizontal,Vertical","Ninguna","Sin restricción"
2014,7031,23/08/2014,"Sabado",0,03:50:00,,"0.0",2,"Bicicleta,Taxi/Remis","Av. Uriburu Y Laprida",2,1,0,0,1,0,0,,"Calle",,"ROSARIO","Rosario","Asfalto","No existe","II","Dentro","Urbana","Señal Pare","No existe","Intersección","Bueno","Buena","Nocturna","S/D","Lateral","S/D","Atropello","S/D","Vertical","Cordón divisorio","Sin restricción"
2014,7032,01/09/2014,"Lunes",0,05:30:00,,"0.0",2,"Bicicleta,Automóvil","Lavalle Y Av. Pellegrini",2,1,0,0,1,0,0,,"Avenida",,"ROSARIO","Rosario","Asfalto","No existe","II","S/D","Urbana","Ninguna","S/D","S/D","Bueno","Buena","Amanecer,Con luz artificial","Buen Tiempo","S/D","S/D","Atropello","Ninguna","S/D","S/D","Sin restricción"
2014,7033,02/09/2014,"Martes",0,18:55:00,,"0.0",2,"Automóvil,Bicicleta","Av. Pellegrini 4400",2,1,0,0,1,0,0,,"Avenida",,"ROSARIO","Rosario","Asfalto","No existe","II","S/D","Urbana","Ninguna","S/D","S/D","Bueno","Buena","Diurna","Buen Tiempo","S/D","S/D","Atropello","Ninguna","S/D","S/D","Sin restricción"
2014,7034,20/09/2014,"Sabado",0,10:00:00,,"0.0",2,"Pickup/Utilitario,Moto/Ciclomotor","Av. Alberdi Bis 200",2,1,0,0,1,0,0,,"Avenida",,"ROSARIO","Rosario","S/D","S/D","II","Dentro","Urbana","S/D","S/D","S/D","S/D","S/D","Diurna","S/D","S/D","S/D","S/D","S/D","S/D","S/D","S/D"
2014,7035,02/09/2014,"Martes",0,09:15:00,,"0.0",2,"Camión,Automóvil","JUAN JOSE PASO Y ESTADOS UNIDOS",2,0,1,0,1,0,0,,"Calle",,"ROSARIO","Rosario","Asfalto","S/D","II","Dentro","Urbana","Ninguna","Funciona","Intersección","Bueno","Buena","Diurna","Buen Tiempo","Lateral","S/D","Colisión","S/D","Vertical","Ninguna","Sin restricción"
2014,7036,17/09/2014,"Miercoles",0,13:30:00,,"0.0",2,"Automóvil,Automóvil","Ricchieri Y Santa Fe",3,1,0,0,2,0,0,,"Calle",,"ROSARIO","Rosario","Asfalto","S/D","II","S/D","Urbana","S/D","Funciona","Intersección","S/D","S/D","Diurna","S/D","S/D","S/D","Colisión","S/D","S/D","S/D","S/D"
2014,7037,27/08/2014,"Miercoles",0,17:00:00,,"0.0",2,"Taxi/Remis,Automóvil","Suipacha Y Cordoba",3,1,0,0,2,0,0,,"Calle",,"ROSARIO","Rosario","Asfalto","No existe","II","S/D","Urbana","Ninguna","Funciona","S/D","Bueno","Buena","Diurna","Buen Tiempo","De alcance","S/D","Colisión","Ninguna","S/D","S/D","Sin restricción"
2014,7038,04/09/2014,"Jueves",0,09:45:00,,"0.0",2,"Bicicleta,Taxi/Remis","Mitre 1000",2,1,0,0,1,0,0,,"Calle",,"ROSARIO","Rosario","Asfalto","S/D","II","Dentro","Urbana","Ninguna","No existe","Intersección","Bueno","Buena","Diurna","Buen Tiempo","S/D","S/D","Atropello","S/D","Horizontal","S/D","Sin restricción"
2014,7039,18/09/2014,"Jueves",0,17:40:00,,"0.0",2,"Automóvil,Moto/Ciclomotor","E.Zeballos Y Iriondo",2,1,0,0,1,0,0,,"Calle",,"ROSARIO","Rosario","Asfalto","No existe","II","S/D","Urbana","S/D","S/D","Intersección","Bueno","Buena","Diurna","Buen Tiempo","S/D","S/D","Colisión","S/D","S/D","S/D","S/D"
2014,7040,24/09/2014,"Miercoles",0,15:35:00,,"0.0",2,"Moto/Ciclomotor,Automóvil","Av. Luis Carballo ",2,1,0,0,1,0,0,,"Avenida",,"ROSARIO","Rosario","S/D","S/D","II","Dentro","Urbana","S/D","S/D","S/D","S/D","S/D","Diurna","S/D","S/D","S/D","S/D","S/D","S/D","S/D","S/D"
2014,7041,18/09/2014,"Jueves",0,17:30:00,,"0.0",2,"Moto/Ciclomotor,Automóvil","Servando Bayo Y San Juan",3,2,0,0,1,0,0,,"Calle",,"ROSARIO","Rosario","Asfalto","S/D","II","S/D","Urbana","S/D","S/D","Intersección","S/D","S/D","Diurna","S/D","S/D","S/D","Colisión","S/D","S/D","S/D","S/D"
2014,7042,03/09/2014,"Miercoles",0,19:15:00,,"0.0",2,"Automóvil,Moto/Ciclomotor","3 De Febrero Y Ricchieri",2,1,0,0,1,0,0,,"Calle",,"ROSARIO","Rosario","Asfalto","No existe","II","S/D","Urbana","Ninguna","No existe","S/D","Bueno","Buena","Diurna","Buen Tiempo","Lateral","S/D","Colisión","Ninguna","S/D","S/D","Sin restricción"
2014,7043,02/09/2014,"Martes",0,16:30:00,,"0.0",2,"Automóvil,Transporte de Pasajeros Urbano (> 8 asientos)","Mendoza Y Pte.Roca",2,1,0,0,1,0,0,,"Calle",,"ROSARIO","Rosario","Asfalto","S/D","II","Dentro","Urbana","S/D","No existe","Intersección","Bueno","Buena","Diurna","Buen Tiempo","S/D","S/D","Colisión","S/D","Horizontal","S/D","Sin restricción"
2014,7044,23/09/2014,"Martes",0,10:30:00,,"0.0",2,"Automóvil,Automóvil","Av. Circunvalacion ",3,1,0,0,1,0,1,,"Avenida",,"ROSARIO","Rosario","S/D","Pavimento","II","Dentro","Urbana","S/D","S/D","Recta","S/D","Buena","Diurna","S/D","S/D","S/D","Colisión","S/D","Faltante","S/D","Sin restricción"
2014,7045,19/09/2014,"Viernes",0,09:10:00,,"0.0",2,"Pickup/Utilitario,Automóvil","Av. Pellegrini Y Cafferata",2,1,0,0,1,0,0,,"Avenida",,"ROSARIO","Rosario","Asfalto","No existe","II","S/D","Urbana","S/D","S/D","Intersección","S/D","Buena","Diurna","Buen Tiempo","S/D","S/D","S/D","S/D","S/D","S/D","S/D"
2014,7046,08/09/2014,"Lunes",0,16:45:00,,"0.0",2,"Otros,Otros","JUAN B JUSTO Y COLECTORA",3,2,0,0,0,0,1,,"Calle",,"ROSARIO","Rosario","Asfalto","S/D","II","S/D","Urbana","S/D","Funciona","Intersección","Bueno","Buena","Diurna","Buen Tiempo","S/D","S/D","Colisión","S/D","S/D","S/D","S/D"
2014,7047,04/09/2014,"Jueves",0,18:00:00,,"0.0",2,"Automóvil,Moto/Ciclomotor","San Juan 4850",2,1,0,0,1,0,0,,"Calle",,"ROSARIO","Rosario","Asfalto","No existe","II","S/D","Urbana","Ninguna","No existe","S/D","Bueno","Buena","Diurna","Buen Tiempo","S/D","S/D","Colisión","Ninguna","S/D","S/D","Sin restricción"
2014,7048,19/09/2014,"Viernes",0,19:50:00,,"0.0",2,"Moto/Ciclomotor,Automóvil","Mendoza Y Alsina",2,1,0,0,1,0,0,,"Calle",,"ROSARIO","Rosario","Asfalto","No existe","II","S/D","Urbana","Semáforo","S/D","Intersección","S/D","S/D","Atardecer","S/D","S/D","S/D","Colisión","S/D","S/D","S/D","S/D"
2014,7049,01/09/2014,"Lunes",0,08:15:00,,"0.0",2,"Moto/Ciclomotor,Pickup/Utilitario","Av. Pellegrini 1000",2,1,0,0,1,0,0,,"Avenida",,"ROSARIO","Rosario","Asfalto","S/D","II","Dentro","Urbana","Ninguna","No existe","Intersección","Bueno","Buena","Diurna","Buen Tiempo","S/D","S/D","Colisión","S/D","Horizontal","S/D","Sin restricción"
2014,7050,26/09/2014,"Viernes",0,14:05:00,,"0.0",2,"Pickup/Utilitario,Moto/Ciclomotor","9 De Julio Y Constitucion",2,1,0,0,1,0,0,,"Calle",,"ROSARIO","Rosario","Asfalto","S/D","II","S/D","Urbana","S/D","S/D","Intersección","S/D","S/D","Diurna","S/D","S/D","S/D","Colisión","S/D","S/D","S/D","S/D"
2014,7051,17/09/2014,"Miercoles",0,21:30:00,,"0.0",2,"Moto/Ciclomotor,Automóvil","Urquiza 2800",2,1,0,0,1,0,0,,"Calle",,"ROSARIO","Rosario","Asfalto","No existe","II","Dentro","Urbana","Ninguna","No existe","Recta","Bueno","Buena","Nocturna","Buen Tiempo","S/D","S/D","Colisión","S/D","Faltante","S/D","Sin restricción"
2014,7052,30/08/2014,"Sabado",0,21:50:00,,"0.0",2,"Automóvil,Moto/Ciclomotor","Av. Provincias Unidas Y J.B.Justo",3,0,0,0,1,0,2,,"Calle",,"ROSARIO","Rosario","Asfalto","Natural","II","Dentro","Urbana","Ninguna","No existe","Recta","Otro","Buena","Nocturna,Con luz artificial","Otro","Frontal","S/D","Colisión","Otro","Faltante","Ninguna","S/D"
2014,7053,26/09/2014,"Viernes",0,00:45:00,,"0.0",3,"Pickup/Utilitario,Automóvil,Automóvil","Bv. Avellaneda Y Cordoba",5,1,0,0,4,0,0,,"Avenida",,"ROSARIO","Rosario","Asfalto","S/D","II","S/D","Urbana","S/D","S/D","Intersección","S/D","S/D","Nocturna","S/D","Múltiple","S/D","Colisión","S/D","S/D","S/D","S/D"
2014,7054,11/09/2014,"Jueves",0,13:30:00,,"0.0",2,"Peatón,Automóvil","Rioja Y Av. Corrientes",2,1,0,0,1,0,0,,"Calle",,"ROSARIO","Rosario","Asfalto","S/D","II","Dentro","Urbana","Ninguna","Funciona","Recta","Bueno","Buena","Diurna","Buen Tiempo","S/D","S/D","Atropello","S/D","Horizontal","Cordón divisorio","Sin restricción"
2014,7055,18/09/2014,"Jueves",0,10:00:00,,"0.0",2,"Automóvil,Moto/Ciclomotor","Salta Y Suipacha",2,1,0,0,1,0,0,,"Calle",,"ROSARIO","Rosario","Asfalto","No existe","II","Dentro","Urbana","Semáforo","Funciona","Recta","Bueno","Buena","Diurna","Buen Tiempo","S/D","S/D","Colisión","S/D","Vertical","Ninguna","Sin restricción"
2014,7056,07/09/2014,"Domingo",0,01:00:00,,"0.0",2,"Automóvil,Moto/Ciclomotor","Dorrego Y 3 De Febrero",3,2,0,0,1,0,0,,"Calle",,"ROSARIO","Rosario","Asfalto","S/D","II","Dentro","Urbana","Ninguna","No existe","Recta","Bueno","Reducida","Nocturna","Buen Tiempo","Frontal","S/D","Colisión","S/D","S/D","Cordón divisorio","Sin restricción"
2014,7057,03/09/2014,"Miercoles",0,13:20:00,,"0.0",2,"Peatón,Automóvil","3 De Febrero Y San Martin",2,1,0,0,1,0,0,,"Calle",,"ROSARIO","Rosario","Asfalto","S/D","II","Dentro","Urbana","Ninguna","No existe","Intersección","Bueno","Buena","Diurna","Buen Tiempo","S/D","S/D","Atropello","S/D","Horizontal","S/D","Sin restricción"
2014,7058,26/09/2014,"Viernes",0,18:00:00,,"0.0",2,"Moto/Ciclomotor,Automóvil","Salta Y Vera Mujica",2,1,0,0,1,0,0,,"Calle",,"ROSARIO","Rosario","Asfalto","No existe","II","Dentro","Urbana","Semáforo","Funciona","Recta","Bueno","Buena","Diurna","Buen Tiempo","S/D","S/D","Colisión","S/D","Vertical","Ninguna","Sin restricción"
2014,7059,14/09/2014,"Domingo",0,22:45:00,,"0.0",2,"Automóvil,Taxi/Remis","Av. Pellegrini Y Mitre",3,1,0,0,2,0,0,,"Avenida",,"ROSARIO","Rosario","Asfalto","S/D","II","Dentro","Urbana","Ninguna","Funciona","Recta","Bueno","Reducida","Nocturna","Lluvia","Frontal","S/D","Colisión","S/D","S/D","Cordón divisorio","Sin restricción"
2014,7060,08/09/2014,"Lunes",0,04:50:00,,"0.0",2,"Automóvil,Moto/Ciclomotor","J.J.Paso Y Colombia",5,2,0,0,3,0,0,,"Calle",,"ROSARIO","Rosario","Asfalto","Pavimento","II","Dentro","Urbana","Ninguna","No existe","Recta","Bueno","Buena","Nocturna,Con luz artificial","Buen Tiempo","Lateral","S/D","Colisión","S/D","Faltante","Ninguna","Sin restricción"
2014,7061,04/09/2014,"Jueves",0,10:15:00,,"0.0",3,"Peatón,Peatón,Transporte de Pasajeros Urbano (> 8 asientos)","San Lorenzo Y Av. Corrientes",3,2,0,0,1,0,0,,"Calle",,"ROSARIO","Rosario","Asfalto","No existe","II","Dentro","Urbana","S/D","No existe","Intersección","Bueno","Buena","Diurna","S/D","S/D","S/D","Atropello","S/D","Faltante","S/D","S/D"
2014,7062,19/09/2014,"Viernes",0,14:00:00,,"0.0",2,"Moto/Ciclomotor,Automóvil","Montevideo Y Italia",3,2,0,0,1,0,0,,"Calle",,"ROSARIO","Rosario","Asfalto","S/D","II","S/D","Urbana","Ninguna","No existe","Recta","Bueno","Buena","Diurna","Buen Tiempo","Frontal","S/D","Colisión","S/D","Horizontal","Cordón divisorio","Sin restricción"
2014,7063,20/09/2014,"Sabado",0,10:30:00,,"0.0",2,"Automóvil,Automóvil","Bv. Oroño Y Tucuman",2,1,0,0,1,0,0,,"Avenida",,"ROSARIO","Rosario","Asfalto","No existe","II","Dentro","Urbana","Ninguna","No existe","Intersección","Bueno","Buena","Diurna","Buen Tiempo","Lateral","S/D","Colisión","S/D","Faltante","Ninguna","Sin restricción"
2014,7064,17/09/2014,"Miercoles",0,21:40:00,,"0.0",2,"Bicicleta,Automóvil","Salta Y Italia",2,1,0,0,1,0,0,,"Calle",,"ROSARIO","Rosario","Asfalto","No existe","II","Dentro","Urbana","Ninguna","No existe","Intersección","Bueno","Buena","Nocturna","Buen Tiempo","S/D","S/D","Atropello","S/D","Faltante","Ninguna","Sin restricción"
2014,7065,11/09/2014,"Jueves",0,07:30:00,,"0.0",2,"Moto/Ciclomotor,Pickup/Utilitario","Santa Fe Y España",2,1,0,0,1,0,0,,"Calle",,"ROSARIO","Rosario","Asfalto","S/D","II","Dentro","Urbana","Ninguna","No existe","Intersección","Bueno","Buena","Diurna","Buen Tiempo","Frontal","S/D","Colisión","S/D","Horizontal","Cordón divisorio","Sin restricción"
2014,7066,23/09/2014,"Martes",0,22:50:00,,"0.0",2,"Moto/Ciclomotor,Automóvil","Pueyrredon Y Cordoba",3,1,0,0,2,0,0,,"Calle",,"ROSARIO","Rosario","Asfalto","S/D","II","S/D","Urbana","S/D","S/D","S/D","S/D","S/D","S/D","S/D","S/D","S/D","Colisión","S/D","S/D","S/D","S/D"
2014,7067,27/09/2014,"Sabado",0,17:20:00,,"0.0",2,"Automóvil,Automóvil","Tucuman Y Vera Mujica",2,1,0,0,1,0,0,,"Calle",,"ROSARIO","Rosario","Asfalto","No existe","II","Dentro","Urbana","S/D","No existe","Recta","Bueno","Buena","Diurna","Buen Tiempo","S/D","S/D","Colisión","S/D","Faltante","S/D","Sin restricción"
2014,7068,02/09/2014,"Martes",0,18:55:00,,"0.0",2,"Taxi/Remis,Automóvil","Av. Pellegrini Y Pte.Roca",3,2,0,0,1,0,0,,"Avenida",,"ROSARIO","Rosario","Asfalto","S/D","II","Dentro","Urbana","Ninguna","Funciona","Intersección","Bueno","Buena","Atardecer,Con luz artificial","Buen Tiempo","Frontal","S/D","Colisión","S/D","Horizontal","Cordón divisorio","Sin restricción"
2014,7069,16/09/2014,"Martes",0,10:15:00,,"0.0",2,"Automóvil,Pickup/Utilitario","Sarmiento Y Tucuman",2,1,0,0,1,0,0,,"Calle",,"ROSARIO","Rosario","Asfalto","No existe","II","Dentro","Urbana","Ninguna","No existe","Intersección","Bueno","Buena","Diurna","Buen Tiempo","Lateral","S/D","Colisión","S/D","Faltante","Ninguna","Sin restricción"
2014,7070,22/09/2014,"Lunes",0,10:20:00,,"0.0",2,"Peatón,Transporte de Pasajeros Urbano (> 8 asientos)","Sarmiento Y Cordoba",2,1,0,0,1,0,0,,"Calle",,"ROSARIO","Rosario","Asfalto","S/D","II","Dentro","Urbana","Ninguna","No existe","Recta","Bueno","Buena","Diurna","Buen Tiempo","S/D","S/D","Atropello","S/D","Horizontal","Cordón divisorio","Sin restricción"
2014,7071,10/09/2014,"Miercoles",0,09:00:00,,"0.0",2,"Peatón,Automóvil","Bv. Oroño Y San Lorenzo",2,1,0,0,1,0,0,,"Avenida",,"ROSARIO","Rosario","Asfalto","No existe","II","Dentro","Urbana","Ninguna","No existe","Intersección","Bueno","Buena","Diurna","Buen Tiempo","S/D","S/D","Atropello","S/D","Faltante","Ninguna","Sin restricción"
2014,7072,15/09/2014,"Lunes",0,11:00:00,,"0.0",2,"Moto/Ciclomotor,Pickup/Utilitario","9 De Julio 2300",3,2,0,0,1,0,0,,"Calle",,"ROSARIO","Rosario","Asfalto","S/D","II","Dentro","Urbana","Ninguna","No existe","Intersección","Bueno","Buena","Diurna","Buen Tiempo","Frontal","S/D","Colisión","S/D","Horizontal","S/D","Sin restricción"
2014,7073,22/09/2014,"Lunes",0,12:00:00,,"0.0",1,"Taxi/Remis","Dorrego Y 9 De Julio",2,1,0,0,1,0,0,,"Calle",,"ROSARIO","Rosario","Asfalto","S/D","II","Dentro","Urbana","Ninguna","No existe","Recta","Bueno","Buena","Diurna","Buen Tiempo","Frontal","S/D","Colisión","S/D","Horizontal","Cordón divisorio","Sin restricción"
2014,7074,03/09/2014,"Miercoles",0,23:50:00,,"0.0",2,"Camión,Automóvil","J.J.Paso 7400",2,1,0,0,1,0,0,,"Calle",,"ROSARIO","Rosario","Asfalto","Pavimento","II","S/D","Urbana","Ninguna","No existe","Recta","Bueno","Buena","Nocturna","Buen Tiempo","Frontal","S/D","Colisión","Otro","Faltante","Ninguna","Sin restricción"
2014,7075,28/09/2014,"Domingo",0,15:30:00,,"0.0",2,"Automóvil,Automóvil","Bv. Avellaneda Y 3 De Febrero",4,2,0,0,2,0,0,,"Avenida",,"ROSARIO","Rosario","Asfalto","S/D","II","S/D","Urbana","S/D","S/D","S/D","S/D","S/D","S/D","S/D","S/D","S/D","Colisión","S/D","S/D","S/D","S/D"
2014,7076,03/09/2014,"Miercoles",0,09:00:00,,"0.0",2,"Automóvil,Pickup/Utilitario","Salta Y Italia",3,1,0,0,2,0,0,,"Calle",,"ROSARIO","Rosario","Asfalto","No existe","II","Dentro","Urbana","Ninguna","No existe","Intersección","Bueno","Buena","Diurna","Buen Tiempo","Lateral","S/D","Colisión","S/D","Faltante","Ninguna","Sin restricción"
2014,7077,02/09/2014,"Martes",0,05:40:00,,"0.0",2,"Moto/Ciclomotor,Automóvil","Bv. Oroño Y San Luis",2,1,0,0,1,0,0,,"Avenida",,"ROSARIO","Rosario","Asfalto","S/D","II","Dentro","Urbana","Ninguna","No existe","Intersección","Bueno","Buena","Amanecer","Buen Tiempo","Frontal","S/D","Colisión","S/D","Horizontal","Cordón divisorio","Sin restricción"
2014,7078,09/09/2014,"Martes",0,09:20:00,,"0.0",2,"Peatón,Transporte de Pasajeros Urbano (> 8 asientos)","Av. Corrientes Y San Luis",2,1,0,0,1,0,0,,"Calle",,"ROSARIO","Rosario","Asfalto","S/D","II","Dentro","Urbana","Ninguna","Funciona","Intersección","Bueno","Buena","Diurna","Buen Tiempo","S/D","S/D","Atropello","S/D","Horizontal","S/D","Sin restricción"