"anio_acci","nro_acci","fecha","desc_dia","fecha_aprox","hora_aprox","desc_ruta","km","cant_participantes","desc_participante","calle_avenida_km","total","heridos_leves","heridos_graves","heridos_gravisimos","ilesos","fallecidos","sin_datos","posicion_XY","desc_tipo_via","desc_ruta_ori","desc_loc","desc_dpto","desc_tipo_calzada","desc_tipo_banquina","desc_unidad_regional","desc_lugar_calzada","desc_zona","desc_prioridad","desc_estado_semaforo","desc_lugar_via","desc_estado_via","desc_estado_visibilidad","desc_luminosidad","desc_estado_clima","desc_tipo_colision","desc_tipo_atropello","desc_tipo_hecho","desc_pres_calzada","desc_senializacion","desc_separacion_via","desc_restriccion"
2014,7079,08/09/2014,"Lunes",0,12:15:00,,"0.0",2,"Pickup/Utilitario,Automóvil","Mendoza Y Santiago",2,1,0,0,1,0,0,,"Calle",,"ROSARIO","Rosario","Asfalto","S/D","II","Dentro","Urbana","Ninguna","Funciona","Recta","Bueno","Buena","Diurna","Buen Tiempo","Frontal","S/D","Colisión","S/D","Horizontal","Cordón divisorio","Sin restricción"
2014,7080,15/09/2014,"Lunes",0,14:30:00,,"0.0",3,"Moto/Ciclomotor,Automóvil,Automóvil","San Juan 1200",4,1,0,0,3,0,0,,"Calle",,"ROSARIO","Rosario","Asfalto","S/D","II","Dentro","Urbana","Ninguna","S/D","Recta","Bueno","Buena","Diurna","Buen Tiempo","Múltiple","S/D","Colisión","S/D","Horizontal","Cordón divisorio","Sin restricción"
2014,7081,05/09/2014,"Viernes",0,12:30:00,,"0.0",2,"Bicicleta,Automóvil","Mariano Moreno Y Mendoza",2,1,0,0,1,0,0,,"Calle",,"ROSARIO","Rosario","Asfalto","S/D","II","Dentro","Urbana","Ninguna","No existe","Recta","Bueno","Buena","Diurna","Buen Tiempo","S/D","S/D","Atropello","S/D","Horizontal","Cordón divisorio","Sin restricción"
2014,7082,08/09/2014,"Lunes",0,19:00:00,,"0.0",2,"Peatón,Automóvil","San Lorenzo Y Paraguay",2,1,0,0,1,0,0,,"Calle",,"ROSARIO","Rosario","Asfalto","No existe","II","Dentro","Urbana","Ninguna","No existe","Intersección","Bueno","Buena","Atardecer","Buen Tiempo","S/D","S/D","Atropello","S/D","Faltante","Ninguna","Sin restricción"
2014,7083,17/09/2014,"Miercoles",0,09:00:00,,"0.0",2,"Moto/Ciclomotor,Taxi/Remis","Balcarce Y Urquiza",2,1,0,0,1,0,0,,"Calle",,"ROSARIO","Rosario","Asfalto","No existe","II","Dentro","Urbana","Ninguna","No existe","Intersección","Bueno","Buena","Diurna","Buen Tiempo","Lateral","S/D","Colisión","S/D","Faltante","Ninguna","Sin restricción"
2014,7084,03/09/2014,"Miercoles",0,17:30:00,,"0.0",2,"Vehículo Oficial,Moto/Ciclomotor","Jose Ingenieros Y Barra",3,1,0,0,1,0,1,,"Calle",,"ROSARIO","Rosario","Asfalto","Pavimento","II","Dentro","Urbana","Ninguna","No existe","Recta","Bueno","Buena","Atardecer","Otro","Frontal","S/D","Colisión","Otro","Faltante","Ninguna","Sin restricción"
2014,7085,29/09/2014,"Lunes",0,12:30:00,,"0.0",2,"Automóvil,Automóvil","San Nicolas Y Tucuman",2,1,0,0,1,0,0,,"Calle",,"ROSARIO","Rosario","Asfalto","No existe","II","Dentro","Urbana","Señal Pare","No existe","Recta","Bueno","Buena","Diurna","Buen Tiempo","S/D","S/D","Colisión","S/D","Vertical","S/D","Sin restricción"
2014,7086,06/09/2014,"Sabado",0,02:15:00,,"0.0",2,"Automóvil,Automóvil","Urquiza Y Entre Rios",2,1,0,0,1,0,0,,"Calle",,"ROSARIO","Rosario","Asfalto","No existe","II","Dentro","Urbana","Ninguna","No existe","Intersección","Bueno","Buena","Nocturna","Buen Tiempo","De alcance","S/D","Colisión","S/D","Faltante","Ninguna","Sin restricción"
2014,7087,09/09/2014,"Martes",0,12:30:00,,"0.0",2,"Pickup/Utilitario,Peatón","Dorrego Y Montevideo",2,1,0,0,1,0,0,,"Calle",,"ROSARIO","Rosario","Asfalto","S/D","II","Dentro","Urbana","Ninguna","No existe","Recta","Bueno","Buena","Diurna","Buen Tiempo","S/D","S/D","Atropello","S/D","Horizontal","Cordón divisorio","Sin restricción"
2014,7088,03/09/2014,"Miercoles",0,16:45:00,,"0.0",2,"Automóvil,Moto/Ciclomotor","Urquiza Y Ricchieri",2,1,0,0,1,0,0,,"Calle",,"ROSARIO","Rosario","Asfalto","No existe","II","Dentro","Urbana","S/D","No existe","Recta","Bueno","Buena","Diurna","Buen Tiempo","S/D","S/D","Colisión","S/D","Faltante","S/D","S/D"
2014,7089,18/09/2014,"Jueves",0,13:00:00,,"0.0",2,"Automóvil,Moto/Ciclomotor","San Lorenzo Y Bv. Oroño",2,1,0,0,1,0,0,,"Avenida",,"ROSARIO","Rosario","Asfalto","No existe","II","Dentro","Urbana","Ninguna","No existe","Intersección","Bueno","Buena","Diurna","Buen Tiempo","Lateral","S/D","Colisión","S/D","Faltante","Ninguna","Sin restricción"
2014,7090,07/09/2014,"Domingo",0,17:00:00,,"0.0",2,"Peatón,Moto/Ciclomotor","Mariano Moreno Y San Luis",2,1,0,0,1,0,0,,"Calle",,"ROSARIO","Rosario","Asfalto","S/D","II","Dentro","Urbana","Ninguna","No existe","Recta","Bueno","Buena","Diurna","Buen Tiempo","S/D","S/D","Atropello","S/D","Horizontal","Cordón divisorio","Sin restricción"
2014,7091,12/09/2014,"Viernes",0,20:00:00,,"0.0",2,"Automóvil,Peatón","Bv. Oroño Y 3 De Febrero",2,1,0,0,1,0,0,,"Avenida",,"ROSARIO","Rosario","Asfalto","S/D","II","Dentro","Urbana","Ninguna","Funciona","Intersección","Bueno","S/D","S/D","Buen Tiempo","S/D","S/D","Atropello","S/D","Horizontal","Cordón divisorio","Sin restricción"
2014,7092,05/09/2014,"Viernes",0,15:15:00,,"0.0",2,"Taxi/Remis,Pickup/Utilitario","Bv. Avellaneda ",2,1,0,0,1,0,0,,"Avenida",,"ROSARIO","Rosario","Asfalto","S/D","II","Dentro","Urbana","S/D","No existe","Recta","Bueno","Buena","Diurna","Buen Tiempo","S/D","S/D","Colisión","S/D","Faltante","S/D","Sin restricción"
2014,7093,07/09/2014,"Domingo",0,18:00:00,,"0.0",2,"Bicicleta,Automóvil","Jujuy 3000",2,1,0,0,1,0,0,,"Calle",,"ROSARIO","Rosario","Asfalto","No existe","II","Dentro","Urbana","S/D","No existe","Recta","Bueno","Buena","Diurna","Buen Tiempo","S/D","S/D","Atropello","S/D","Faltante","S/D","Sin restricción"
2014,7094,06/09/2014,"Sabado",0,18:30:00,,"0.0",2,"Moto/Ciclomotor,Pickup/Utilitario","Paraguay Y San Lorenzo",2,1,0,0,1,0,0,,"Calle",,"ROSARIO","Rosario","Asfalto","No existe","II","Dentro","Urbana","Ninguna","No existe","Intersección","Bueno","Buena","Diurna","Buen Tiempo","De alcance","S/D","Colisión","S/D","Faltante","Ninguna","Sin restricción"
2014,7095,15/09/2014,"Lunes",0,19:00:00,,"0.0",2,"Pickup/Utilitario,Moto/Ciclomotor","3 De Febrero Y Dorrego",3,2,0,0,1,0,0,,"Calle",,"ROSARIO","Rosario","Asfalto","S/D","II","Dentro","Urbana","Ninguna","No existe","Intersección","Bueno","S/D","Atardecer","Buen Tiempo","Frontal","S/D","Colisión","S/D","S/D","S/D","Sin restricción"
2014,7096,06/09/2014,"Sabado",0,11:00:00,,"0.0",2,"Automóvil,Automóvil","Zelaya Y Av. Irigoyen",2,0,0,0,1,0,1,,"Calle",,"ROSARIO","Rosario","Asfalto","No existe","II","Dentro","Urbana","Ninguna","No existe","Intersección","Bueno","Buena","Diurna","Buen Tiempo","Frontal","S/D","Colisión","Ninguna","Faltante","Ninguna","Sin restricción"
2014,7097,23/09/2014,"Martes",0,20:30:00,,"0.0",2,"Taxi/Remis,Automóvil","Mariano Moreno 1000",3,1,0,0,2,0,0,,"Calle",,"ROSARIO","Rosario","Asfalto","S/D","II","Dentro","Urbana","Ninguna","No existe","Recta","Bueno","Buena","Nocturna,Con luz artificial","Buen Tiempo","Frontal","S/D","Colisión","S/D","Horizontal","Cordón divisorio","Sin restricción"
2014,7098,07/09/2014,"Domingo",0,04:00:00,,"0.0",2,"Automóvil,Moto/Ciclomotor","Bv. Rondeau Y Luis Vila",2,1,0,0,1,0,0,,"Avenida",,"ROSARIO","Rosario","Asfalto","No existe","II","Dentro","Urbana","Ninguna","No existe","Intersección","Bueno","Buena","Nocturna","Buen Tiempo","Frontal","S/D","Colisión","Ninguna","Faltante","Ninguna","Sin restricción"
2014,7099,04/09/2014,"Jueves",0,,,"0.0",2,"Automóvil,Moto/Ciclomotor","Bv. Avellaneda Y Marcos Paz",2,1,0,0,1,0,0,,"Avenida",,"ROSARIO","Rosario","Asfalto","No existe","II","Dentro","Urbana","Ninguna","S/D","S/D","Bueno","Buena","S/D","Buen Tiempo","S/D","S/D","Colisión","Ninguna","S/D","S/D","Sin restricción"
2014,7100,23/09/2014,"Martes",0,21:30:00,,"0.0",3,"Automóvil,Moto/Ciclomotor,Moto/Ciclomotor","Italia Y Rioja",3,2,0,0,1,0,0,,"Calle",,"ROSARIO","Rosario","Asfalto","S/D","II","S/D","Urbana","Ninguna","No existe","Recta","Bueno","Reducida","Nocturna","Buen Tiempo","Múltiple","S/D","Colisión","S/D","Horizontal","Cordón divisorio","Sin restricción"
2014,7101,12/09/2014,"Viernes",0,13:30:00,,"0.0",2,"Otros,Moto/Ciclomotor","Esteco Y Av. Sorrento",2,1,0,0,1,0,0,,"Avenida",,"ROSARIO","Rosario","Asfalto","No existe","II","Dentro","Urbana","Ninguna","No existe","Intersección","Bueno","Buena","Diurna","Buen Tiempo","Frontal","S/D","Colisión","Ninguna","Faltante","Ninguna","Sin restricción"
2014,7102,05/09/2014,"Viernes",0,12:10:00,,"0.0",2,"Automóvil,Moto/Ciclomotor","Santiago Y Rioja",2,1,0,0,1,0,0,,"Calle",,"ROSARIO","Rosario","Asfalto","No existe","II","Dentro","Urbana","Ninguna","S/D","Intersección","Bueno","Buena","Diurna","Buen Tiempo","S/D","S/D","Colisión","Ninguna","S/D","S/D","Sin restricción"
2014,7103,05/09/2014,"Viernes",0,13:30:00,,"0.0",2,"Moto/Ciclomotor,Pickup/Utilitario","Cordoba Y Suipacha",2,1,0,0,1,0,0,,"Calle",,"ROSARIO","Rosario","Asfalto","No existe","II","Dentro","Urbana","Ninguna","S/D","Intersección","Bueno","Buena","Diurna","Buen Tiempo","S/D","S/D","Colisión","Ninguna","S/D","S/D","Sin restricción"
2014,7104,07/09/2014,"Domingo",0,10:00:00,,"0.0",2,"Peatón,Automóvil","Freyre 393",2,1,0,0,1,0,0,,"Calle",,"ROSARIO","Rosario","S/D","No existe","II","Dentro","Urbana","Ninguna","No existe","Otro","Bueno","Buena","Diurna","Buen Tiempo","S/D","S/D","Atropello","Ninguna","Faltante","Ninguna","Sin restricción"
2014,7105,08/09/2014,"Lunes",0,09:20:00,,"0.0",2,"Automóvil,Moto/Ciclomotor","Mendoza Y Parana",3,1,0,0,1,0,1,,"Calle",,"ROSARIO","Rosario","Asfalto","S/D","II","Dentro","Urbana","S/D","S/D","Intersección","S/D","S/D","Diurna","S/D","S/D","S/D","Colisión","S/D","S/D","S/D","S/D"
2014,7106,18/09/2014,"Jueves",0,20:05:00,,"0.0",2,"Peatón,Automóvil","Urquiza Y Sarmiento",2,1,0,0,1,0,0,,"Calle",,"ROSARIO","Rosario","Asfalto","No existe","II","Dentro","Urbana","Ninguna","No existe","Intersección","Bueno","Buena","Nocturna","Buen Tiempo","S/D","S/D","Atropello","S/D","Faltante","Ninguna","Sin restricción"
2014,7107,02/09/2014,"Martes",0,17:00:00,,"0.0",2,"Bicicleta,Taxi/Remis","Av. Francia Y Pje. Arenales",2,1,0,0,0,0,1,,"Avenida",,"ROSARIO","Rosario","S/D","S/D","II","S/D","Urbana","S/D","S/D","Intersección","S/D","S/D","Diurna","S/D","S/D","S/D","Atropello","S/D","S/D","S/D","S/D"
2014,7108,10/09/2014,"Miercoles",0,12:00:00,,"0.0",2,"Automóvil,Moto/Ciclomotor","Jujuy Y Mariano Moreno",2,1,0,0,1,0,0,,"Calle",,"ROSARIO","Rosario","Asfalto","No existe","II","Dentro","Urbana","Ninguna","No existe","Intersección","Bueno","Buena","Diurna","Buen Tiempo","Lateral","S/D","Colisión","S/D","Faltante","Ninguna","Sin restricción"
2014,7109,16/09/2014,"Martes",0,12:15:00,,"0.0",2,"Automóvil,Moto/Ciclomotor","Mitre Y 3 De Febrero",2,1,0,0,1,0,0,,"Calle",,"ROSARIO","Rosario","Asfalto","S/D","II","S/D","Urbana","Ninguna","No existe","Recta","Bueno","Buena","Diurna","Buen Tiempo","S/D","S/D","Colisión","S/D","Horizontal","Cordón divisorio","Sin restricción"
2014,7110,19/09/2014,"Viernes",0,22:55:00,,"0.0",2,"Moto/Ciclomotor,Automóvil","9 De Julio Y España",2,1,0,0,1,0,0,,"Calle",,"ROSARIO","Rosario","Asfalto","S/D","II","Dentro","Urbana","Ninguna","Funciona","Intersección","S/D","Reducida","Nocturna,Con luz artificial","Buen Tiempo","Frontal","S/D","Colisión","S/D","Horizontal","S/D","Sin restricción"
2014,7111,10/09/2014,"Miercoles",0,12:15:00,,"0.0",2,"Moto/Ciclomotor,Pickup/Utilitario","CARBALLO Y AVELLANEDA",2,1,0,0,1,0,0,,"Avenida",,"ROSARIO","Rosario","Asfalto","S/D","II","S/D","Urbana","S/D","No existe","Curva","Bueno","S/D","Diurna","S/D","S/D","S/D","Colisión","S/D","S/D","S/D","S/D"
2014,7112,07/09/2014,"Domingo",0,05:50:00,,"0.0",2,"Moto/Ciclomotor,Automóvil","Cordoba Y Av. Corrientes",2,1,0,0,0,0,1,,"Avenida",,"ROSARIO","Rosario","Asfalto","S/D","II","Dentro","Urbana","Ninguna","Funciona","Intersección","Bueno","Reducida","Nocturna","Buen Tiempo","Frontal","S/D","Colisión","S/D","S/D","S/D","Sin restricción"
2014,7113,08/09/2014,"Lunes",0,14:30:00,,"0.0",2,"Automóvil,Bicicleta","Anchoris Y Uriarte",2,1,0,0,1,0,0,,"Calle",,"ROSARIO","Rosario","Asfalto","No existe","II","Dentro","Urbana","Ninguna","No existe","Intersección","Bueno","Buena","Diurna","Buen Tiempo","S/D","S/D","Atropello","Ninguna","Faltante","Ninguna","S/D"
2014,7114,09/09/2014,"Martes",0,13:00:00,,"0.0",2,"Automóvil,Moto/Ciclomotor","Tucuman Y Av. Francia",2,1,0,0,1,0,0,,"Avenida",,"ROSARIO","Rosario","Asfalto","No existe","II","Dentro","Urbana","Ninguna","No existe","Intersección","Bueno","Buena","Diurna","Buen Tiempo","S/D","S/D","Colisión","S/D","Faltante","S/D","Sin restricción"
2014,7115,12/09/2014,"Viernes",0,21:30:00,,"0.0",2,"Peatón,Automóvil","San Lorenzo Y Vera Mujica",2,1,0,0,0,0,1,,"Calle",,"ROSARIO","Rosario","Asfalto","S/D","II","Dentro","Urbana","Ninguna","No existe","Intersección","Bueno","Buena","Nocturna","Buen Tiempo","S/D","S/D","Atropello","S/D","Faltante","S/D","Sin restricción"
2014,7116,01/09/2014,"Lunes",0,20:30:00,,"0.0",3,"Automóvil,Automóvil,Automóvil","Av. Luis Carballo Y Echeverria Bis",4,1,0,0,2,0,1,,"Avenida",,"ROSARIO","Rosario","S/D","S/D","II","S/D","Urbana","S/D","S/D","S/D","S/D","S/D","Nocturna","S/D","S/D","S/D","S/D","S/D","S/D","S/D","S/D"
2014,7117,17/09/2014,"Miercoles",0,23:15:00,,"0.0",2,"Automóvil,Moto/Ciclomotor","Ing Mosconi Y P Opicci",2,1,0,0,0,0,1,,"Calle",,"VILLA GOBERNADOR GÁLVEZ","Rosario","Asfalto","No existe","II","S/D","Urbana","Ninguna","Funciona","Intersección","Bueno","Buena","Nocturna,Con luz artificial","Buen Tiempo","Otro","S/D","Colisión","Ninguna","Faltante","Ninguna","Sin restricción"
2014,7118,05/09/2014,"Viernes",0,13:00:00,,"0.0",2,"Otros,Otros","Corrientes Y Alvear",2,1,0,0,0,0,1,,"Calle",,"VILLA GOBERNADOR GÁLVEZ","Rosario","Asfalto","No existe","II","Dentro","Urbana","S/D","No existe","Recta","Bueno","Buena","Diurna","Buen Tiempo","De alcance","S/D","Colisión","S/D","Faltante","S/D","Sin restricción"
2014,7119,13/09/2014,"Sabado",0,12:30:00,,"0.0",2,"Automóvil,Automóvil","Av Gral San Martin Y Av de Circunvalacion",2,1,0,0,1,0,0,,"Avenida",,"VILLA GOBERNADOR GÁLVEZ","Rosario","Asfalto","Natural","II","S/D","Urbana","Ninguna","Funciona","Intersección","Bueno","Buena","Diurna","Buen Tiempo","Otro","S/D","Colisión","Ninguna","Faltante","Ninguna","Sin restricción"
2014,7120,21/09/2014,"Domingo",0,20:00:00,,"0.0",2,"Peatón,Automóvil","San Nicolas Y Pellegrini",2,1,0,0,0,0,1,,"Calle",,"VILLA GOBERNADOR GÁLVEZ","Rosario","Tierra","No existe","II","S/D","Urbana","Ninguna","No existe","Intersección","Deteriorada","Buena","Nocturna,Con luz artificial","Buen Tiempo","S/D","S/D","Atropello","Ninguna","Faltante","Ninguna","Sin restricción"
2014,7121,08/09/2014,"Lunes",0,17:15:00,,"0.0",2,"Moto/Ciclomotor,Moto/Ciclomotor","Alberdi Y Casilda",5,1,0,0,0,0,4,,"Avenida",,"ROSARIO","Rosario","S/D","S/D","II","S/D","Urbana","S/D","S/D","S/D","S/D","S/D","Diurna","S/D","S/D","S/D","S/D","S/D","S/D","S/D","S/D"
2014,7122,20/09/2014,"Sabado",0,,,"0.0",2,"Moto/Ciclomotor,Pickup/Utilitario","Ing Mosconi Y Falucho",3,2,0,0,0,0,1,,"Calle",,"VILLA GOBERNADOR GÁLVEZ","Rosario","Asfalto","No existe","II","S/D","Urbana","Ninguna","No existe","Intersección","Bueno","Buena","S/D","Buen Tiempo","Otro","S/D","Colisión","Ninguna","Faltante","Ninguna","Sin restricción"
2014,7123,21/09/2014,"Domingo",0,01:00:00,,"0.0",2,"Moto/Ciclomotor,Automóvil","Soldado Aguirre Y San Nicolas",2,1,0,0,0,0,1,,"Calle",,"VILLA GOBERNADOR GÁLVEZ","Rosario","Asfalto","No existe","II","S/D","Urbana","Ninguna","No existe","Intersección","Bueno","Buena","Nocturna,Con luz artificial","Buen Tiempo","Otro","S/D","Colisión","Ninguna","Faltante","Ninguna","Sin restricción"
2014,7124,10/09/2014,"Miercoles",0,09:30:00,,"0.0",2,"Moto/Ciclomotor,Taxi/Remis","Av. Central Y Echeverria Bis",2,1,0,0,1,0,0,,"Avenida",,"ROSARIO","Rosario","Asfalto","S/D","II","S/D","Urbana","S/D","S/D","Recta","Bueno","S/D","Diurna","S/D","S/D","S/D","S/D","S/D","S/D","S/D","S/D"
2014,7125,25/09/2014,"Jueves",0,17:20:00,,"0.0",2,"Transporte de Pasajeros,Moto/Ciclomotor","Pasteur Y Belgrano",2,1,0,0,0,0,1,,"Calle",,"VILLA GOBERNADOR GÁLVEZ","Rosario","Asfalto","No existe","II","S/D","Urbana","Ninguna","No existe","Intersección","Bueno","Buena","Diurna","Buen Tiempo","Otro","S/D","Colisión","Ninguna","Faltante","Ninguna","Sin restricción"
2014,7126,14/09/2014,"Domingo",0,02:00:00,,"0.0",2,"Automóvil,Automóvil","Humberto I Y Rep.Dominicana",4,2,0,0,2,0,0,,"Calle",,"ROSARIO","Rosario","S/D","No existe","II","Dentro","Urbana","Ninguna","No existe","Intersección","Bueno","Reducida polvo","Nocturna","S/D","Lateral","S/D","Colisión","S/D","Faltante","Ninguna","Sin restricción"
2014,7127,10/06/2014,"Martes",0,19:20:00,,"0.0",2,"Taxi/Remis,Peatón","Ocampo Y Buenos Aires",2,1,0,0,1,0,0,,"Calle",,"ROSARIO","Rosario","Asfalto","S/D","II","Dentro","Urbana","Señal Pare","S/D","Intersección","Bueno","S/D","Atardecer","Buen Tiempo","S/D","S/D","Atropello","S/D","Vertical","Ninguna","S/D"
2014,7128,26/09/2014,"Viernes",0,13:30:00,,"0.0",2,"Moto/Ciclomotor,Automóvil","Avellaneda Y Bordabhere",2,1,0,0,0,0,1,,"Avenida",,"VILLA GOBERNADOR GÁLVEZ","Rosario","Asfalto","No existe","II","S/D","Urbana","Ninguna","No existe","Intersección","Bueno","Buena","Diurna","Buen Tiempo","Otro","S/D","Colisión","Ninguna","Faltante","Ninguna","Sin restricción"
2014,7129,06/09/2014,"Sabado",0,15:10:00,,"0.0",2,"Automóvil,Taxi/Remis","Bv. Rondeau Y Av. Sorrento",3,3,0,0,0,0,0,,"Avenida",,"ROSARIO","Rosario","Asfalto","No existe","II","Dentro","Urbana","Semáforo","Funciona","Intersección","Bueno","Buena","Diurna","Buen Tiempo","Frontal","S/D","Colisión","Ninguna","Vertical","Ninguna","Sin restricción"
2014,7130,27/09/2014,"Sabado",0,21:20:00,,"0.0",2,"Automóvil,Automóvil","Ing Mosconi Y Urquiza",2,1,0,0,0,0,1,,"Calle",,"VILLA GOBERNADOR GÁLVEZ","Rosario","Asfalto","No existe","II","S/D","Urbana","Ninguna","No existe","Intersección","Bueno","Buena","Nocturna,Con luz artificial","Buen Tiempo","Otro","S/D","Colisión","Ninguna","Faltante","Ninguna","Sin restricción"
2014,7131,24/08/2014,"Domingo",0,12:25:00,,"0.0",2,"Automóvil,Moto/Ciclomotor","Tucuman Y Julio A Roca",4,2,1,0,1,0,0,,"Calle",,"TOSTADO","9 de Julio","Ripio","Natural","XII","S/D","Urbana","Ninguna","No existe","Intersección","Bueno","Buena","Diurna","Buen Tiempo","Frontal,Lateral","S/D","Colisión","Ninguna","Faltante","Ninguna","Sin restricción"
2014,7132,13/09/2014,"Sabado",0,13:48:00,,"0.0",2,"Moto/Ciclomotor,Automóvil","San Lorenzo Y Valparaiso",2,1,0,0,1,0,0,,"Calle",,"ROSARIO","Rosario","Asfalto","S/D","II","Dentro","Urbana","Ninguna","S/D","Intersección","Bueno","S/D","Diurna","S/D","Lateral","S/D","Colisión","S/D","Faltante","Ninguna","Sin restricción"
2014,7133,19/09/2014,"Viernes",0,08:25:00,"Ruta Secundaria 24-s","0.0",2,"Camión,Moto/Ciclomotor"," ",2,1,0,0,1,0,0,,"Ruta","24-s","ALVEAR","Rosario","Hormigón","No existe","II","Dentro","Rural","Ninguna","No existe","Intersección","Bueno","Buena","Diurna","Buen Tiempo","Lateral","S/D","Colisión","Material Suelto","Faltante","Ninguna","Sin restricción"
2014,7134,02/09/2014,"Martes",0,05:40:00,"Ruta Provincial 21","0.0",2,"Automóvil,Camión"," ",2,1,0,0,1,0,0,,"Ruta",21,"GENERAL LAGOS","Rosario","Asfalto","Natural","II","Dentro","Urbana","Ninguna","No existe","Recta","Bueno","Buena","Amanecer,Con luz artificial","Buen Tiempo","Lateral","S/D","Colisión","Agua","Faltante","Ninguna","Sin restricción"
2014,7135,05/09/2014,"Viernes",0,07:40:00,,"0.0",2,"Automóvil,Camión","Bv. Rondeau Y Av. Sorrento",4,3,0,0,1,0,0,,"Avenida",,"ROSARIO","Rosario","Asfalto","S/D","II","Dentro","Urbana","Semáforo","S/D","Recta","Bueno","Buena","Diurna","Buen Tiempo","Contra objeto fijo","S/D","Colisión","Ninguna","Vertical","Ninguna","Sin restricción"
2014,7136,08/09/2014,"Lunes",0,07:45:00,,"0.0",2,"Bicicleta,Automóvil","Peru Y Tupac Amaru",2,1,0,0,1,0,0,,"Calle",,"ROSARIO","Rosario","Asfalto","No existe","II","Dentro","Urbana","Ninguna","No existe","Intersección","Bueno","Buena","Diurna","Buen Tiempo","S/D","S/D","Atropello","S/D","Faltante","Ninguna","Sin restricción"
2014,7137,18/08/2014,"Lunes",0,19:00:00,,"0.0",2,"Automóvil,Automóvil","Gral San Martin Y Juan de Garay",3,1,0,0,2,0,0,,"Calle",,"VILLA MINETTI","9 de Julio","Ripio","No existe","XII","Dentro","Urbana","Ninguna","No existe","Intersección","Deteriorada","Buena","Atardecer","Buen Tiempo","Frontal,Lateral","S/D","Colisión","Material Suelto","Faltante","Ninguna","Sin restricción"
2014,7138,06/09/2014,"Sabado",0,10:55:00,,"0.0",2,"Taxi/Remis,Moto/Ciclomotor","Junin Y Campbell",2,1,0,0,1,0,0,,"Calle",,"ROSARIO","Rosario","Asfalto","No existe","II","Dentro","Urbana","Ninguna","No existe","Intersección","S/D","Buena","Diurna","S/D","Lateral","S/D","Colisión","S/D","Faltante","Ninguna","Sin restricción"
2014,7139,21/09/2014,"Domingo",0,08:40:00,,"0.0",2,"Moto/Ciclomotor,Automóvil","Espora 300",2,1,0,0,1,0,0,,"Calle",,"VILLA GOBERNADOR GÁLVEZ","Rosario","Asfalto","No existe","II","Dentro","Urbana","Ninguna","No existe","Recta","Bueno","Buena","Diurna","Buen Tiempo","Lateral","S/D","Colisión","Otro","Faltante","Ninguna","Sin restricción"
2014,7140,05/06/2014,"Jueves",0,18:05:00,,"0.0",2,"Automóvil,Moto/Ciclomotor","Bv. 27 De Febrero Y Av. Belgrano",3,1,0,0,2,0,0,,"Avenida",,"ROSARIO","Rosario","Asfalto","No existe","II","Dentro","Urbana","S/D","S/D","Intersección","S/D","S/D","Atardecer","S/D","S/D","S/D","Colisión","S/D","S/D","Ninguna","S/D"
2014,7141,22/09/2014,"Lunes",0,18:30:00,,"0.0",2,"Automóvil,Moto/Ciclomotor","Velez Sarsfield Y Larrea",3,1,0,0,2,0,0,,"Calle",,"ROSARIO","Rosario","S/D","No existe","II","Dentro","Urbana","Ninguna","No existe","Intersección","S/D","S/D","Diurna","S/D","Lateral","S/D","Colisión","S/D","Faltante","Ninguna","Sin restricción"
2014,7142,28/09/2014,"Domingo",0,04:30:00,,"0.0",2,"Automóvil,Automóvil","Bv San diego Y Av Gral San Martin",2,1,0,0,0,0,1,,"Avenida",,"VILLA GOBERNADOR GÁLVEZ","Rosario","Asfalto","No existe","II","S/D","Urbana","Ninguna","Funciona","Intersección","Bueno","Buena","Nocturna,Con luz artificial","Buen Tiempo","Otro","S/D","Colisión","Ninguna","Faltante","Ninguna","Sin restricción"
2014,7143,11/09/2014,"Jueves",0,08:20:00,,"0.0",2,"Moto/Ciclomotor,Automóvil","Garay Y Juan B Justo",2,1,0,0,1,0,0,,"Calle",,"VILLA GOBERNADOR GÁLVEZ","Rosario","Asfalto","No existe","II","Dentro","Urbana","Semáforo","Funciona","Recta","Bueno","Buena","Diurna","Buen Tiempo","Lateral","S/D","Colisión","S/D","Faltante","Ninguna","Sin restricción"
2014,7144,04/09/2014,"Jueves",0,12:40:00,,"0.0",2,"Automóvil,Moto/Ciclomotor","Avenida San Martin 465",2,1,0,0,1,0,0,,"Avenida",,"GENERAL LAGOS","Rosario","Asfalto","No existe","II","Dentro","Urbana","Ninguna","No existe","Recta","Bueno","Buena","Diurna","Buen Tiempo","De alcance","S/D","Colisión","S/D","Faltante","Ninguna","Sin restricción"
2014,7145,02/08/2014,"Sabado",0,17:15:00,,"0.0",2,"Automóvil,Moto/Ciclomotor","Cochabamba Y Dorrego",3,1,0,0,2,0,0,,"Calle",,"SAN CRISTÓBAL","San Cristóbal","Ripio","Natural","XIII","Dentro","Urbana","Ninguna","No existe","Intersección","Bueno","Buena","Diurna","Buen Tiempo","Lateral","S/D","Colisión","S/D","Faltante","Ninguna","Sin restricción"