"anio_acci","nro_acci","fecha","desc_dia","fecha_aprox","hora_aprox","desc_ruta","km","cant_participantes","desc_participante","calle_avenida_km","total","heridos_leves","heridos_graves","heridos_gravisimos","ilesos","fallecidos","sin_datos","posicion_XY","desc_tipo_via","desc_ruta_ori","desc_loc","desc_dpto","desc_tipo_calzada","desc_tipo_banquina","desc_unidad_regional","desc_lugar_calzada","desc_zona","desc_prioridad","desc_estado_semaforo","desc_lugar_via","desc_estado_via","desc_estado_visibilidad","desc_luminosidad","desc_estado_clima","desc_tipo_colision","desc_tipo_atropello","desc_tipo_hecho","desc_pres_calzada","desc_senializacion","desc_separacion_via","desc_restriccion"
2014,7146,18/09/2014,"Jueves",0,18:00:00,,"0.0",2,"Moto/Ciclomotor,Automóvil","Eva Peron Y Garay",2,1,0,0,1,0,0,,"Calle",,"VILLA GOBERNADOR GÁLVEZ","Rosario","Asfalto","No existe","II","Dentro","Urbana","Ninguna","No existe","Recta","Con baches","Buena","Diurna","Buen Tiempo","Lateral","S/D","Colisión","Otro","Faltante","Ninguna","Sin restricción"
2014,7147,24/09/2014,"Miercoles",0,14:30:00,,"0.0",2,"Automóvil,Moto/Ciclomotor","Alvear ",2,1,0,0,1,0,0,,"Calle",,"VILLA GOBERNADOR GÁLVEZ","Rosario","Asfalto","No existe","II","Dentro","Urbana","Ninguna","No existe","Recta","Bueno","Buena","Diurna","Buen Tiempo","Lateral","S/D","Colisión","S/D","Faltante","Ninguna","Sin restricción"
2014,7148,30/08/2014,"Sabado",0,17:15:00,,"0.0",1,"Moto/Ciclomotor","ALBERDI Y PABLO VI",1,1,0,0,0,0,0,,"Calle",,"VILLA GOBERNADOR GÁLVEZ","Rosario","Asfalto","No existe","II","S/D","Urbana","Ninguna","No existe","Intersección","Deteriorada","Buena","Diurna","Buen Tiempo","S/D","S/D","Caída ocupante","Ninguna","Faltante","Ninguna","Sin restricción"
2014,7150,07/09/2014,"Domingo",0,04:30:00,"Ruta Nacional 9","0.0",2,"Automóvil,Moto/Ciclomotor"," ",2,1,0,0,1,0,0,,"Ruta",9,"FUNES","Rosario","Asfalto","Natural","II","Dentro","Urbana","Ninguna","No existe","Intersección","Bueno","Buena","Diurna","Buen Tiempo","Lateral","S/D","Colisión","Ninguna","Faltante","Línea divisoria pintada","Sin restricción"
2014,7151,09/06/2014,"Lunes",0,16:30:00,,"0.0",2,"Moto/Ciclomotor,Automóvil","Laprida Y Riobamba",2,1,0,0,1,0,0,,"Calle",,"ROSARIO","Rosario","Asfalto","No existe","II","Dentro","Urbana","Ninguna","No existe","Intersección","Bueno","Buena","Diurna","Buen Tiempo","S/D","S/D","Colisión","S/D","S/D","Ninguna","Sin restricción"
2014,7152,05/09/2014,"Viernes",0,13:25:00,"Ruta Provincial 21","0.0",2,"Moto/Ciclomotor,Automóvil","Libertad ",2,1,0,0,1,0,0,,"Ruta",21,"VILLA GOBERNADOR GÁLVEZ","Rosario","Asfalto","No existe","II","Dentro","Urbana","Ninguna","No existe","Recta","Bueno","Buena","Diurna","Buen Tiempo","Lateral","S/D","Colisión","Otro","Faltante","Ninguna","Sin restricción"
2014,7153,11/09/2014,"Jueves",0,16:45:00,,"0.0",2,"Peatón,Automóvil","Suipacha 1346",2,0,1,0,1,0,0,,"Calle",,"VILLA GOBERNADOR GÁLVEZ","Rosario","Tierra,Ripio","No existe","II","S/D","Urbana","Ninguna","No existe","Recta","Con baches","Buena","Diurna","Buen Tiempo","S/D","S/D","Atropello","Ninguna","Faltante","Ninguna","Sin restricción"
2014,7154,22/09/2014,"Lunes",0,07:30:00,"Autopista Nacional Gral. Juan Jose Valle","271.0",1,"Automóvil"," ",3,3,0,0,0,0,0,,"Autopista","Gral. Juan Jose Valle","GENERAL LAGOS","Rosario","Asfalto","Natural","II","Dentro","Rural","Ninguna","Intermitente","Recta","Bueno","Buena","Diurna,Con luz artificial","Buen Tiempo","Contra objeto fijo","S/D","Colisión","S/D","Horizontal,Vertical","Línea divisoria pintada","Sin restricción"
2014,7155,06/09/2014,"Sabado",0,03:50:00,"Ruta Nacional 11","0.0",2,"Moto/Ciclomotor,Transporte de Pasajeros Urbano (> 8 asientos)","Av Juan Domingo Peron ",2,1,0,0,1,0,0,,"Ruta",11,"VILLA GOBERNADOR GÁLVEZ","Rosario","Asfalto","No existe","II","Dentro","Urbana","Semáforo","Funciona","Recta","S/D","Buena","Nocturna","S/D","Lateral","S/D","Colisión","S/D","Faltante","Ninguna","Sin restricción"
2014,7156,02/08/2014,"Sabado",0,19:40:00,"Ruta Provincial 2","318.0",2,"Camión,Otros"," ",7,1,0,0,0,0,6,,"Ruta",2,"LOGROÑO","9 de Julio","Asfalto","Pavimento","XII","Fuera","S/D","Marca Vial","No existe","Recta","Bueno","Buena","Nocturna","Buen Tiempo","Otro","S/D","Colisión","S/D","S/D","Ninguna","S/D"
2014,7157,12/09/2014,"Viernes",0,20:30:00,,"0.0",2,"Moto/Ciclomotor,Automóvil","Las heras Y Chubut",2,1,0,0,1,0,0,,"Calle",,"VILLA GOBERNADOR GÁLVEZ","Rosario","Asfalto","No existe","II","S/D","Urbana","Ninguna","No existe","Intersección","Bueno","Buena","Nocturna,Con luz artificial","Buen Tiempo","Otro","S/D","Colisión","Ninguna","Faltante","Ninguna","Sin restricción"
2014,7158,22/08/2014,"Viernes",0,15:30:00,,"0.0",2,"Moto/Ciclomotor,Automóvil","Gral Alvear Y Chacabuco",2,0,1,0,1,0,0,,"Calle",,"SAN CRISTÓBAL","San Cristóbal","Asfalto","No existe","XIII","Dentro","Urbana","Ninguna","No existe","Intersección","Bueno","Buena","Diurna","Buen Tiempo","Lateral","S/D","Colisión","S/D","Faltante","Ninguna","Sin restricción"
2014,7159,29/08/2014,"Viernes",0,10:30:00,,"0.0",1,"Pickup/Utilitario"," ",4,3,1,0,0,0,0,,"Camino Rural",,"LOGROÑO","9 de Julio","Ripio","Ripio","XII","Fuera","Rural","S/D","No existe","Recta","Con baches","Reducida polvo","Diurna","Viento Fuerte","S/D","S/D","Vuelco","S/D","S/D","S/D","S/D"
2014,7160,04/09/2014,"Jueves",0,12:00:00,,"0.0",2,"Peatón,Pickup/Utilitario","Av Gral San Martin Y Juan B Justo",2,1,0,0,0,0,1,,"Avenida",,"VILLA GOBERNADOR GÁLVEZ","Rosario","Asfalto","No existe","II","S/D","Urbana","Ninguna","Funciona","Intersección","Bueno","Buena","Diurna","Buen Tiempo","S/D","S/D","Atropello","Ninguna","Faltante","Ninguna","Sin restricción"
2014,7161,24/06/2014,"Martes",0,10:40:00,,"0.0",2,"Automóvil,Moto/Ciclomotor","1 de Mayo Y La Paz",2,1,0,0,1,0,0,,"Calle",,"ROSARIO","Rosario","Asfalto","No existe","II","Dentro","Urbana","Ninguna","No existe","Intersección","Bueno","Buena","Diurna","Buen Tiempo","S/D","S/D","Colisión","Ninguna","S/D","Ninguna","Sin restricción"
2014,7162,01/09/2014,"Lunes",0,,,"0.0",1,"Moto/Ciclomotor","Elorza Y Bouchard",2,1,0,0,1,0,0,,"Calle",,"FUNES","Rosario","Tierra","Natural","II","Dentro","Urbana","Ninguna","No existe","Intersección","Con baches","Buena","Diurna","Buen Tiempo","Lateral","S/D","Colisión","Ninguna","Faltante","Ninguna","Sin restricción"
2014,7163,08/08/2014,"Viernes",0,13:50:00,,"0.0",2,"Bicicleta,Moto/Ciclomotor","Locatelli Y Rivadavia",2,1,1,0,0,0,0,,"Calle",,"SUARDI","San Cristóbal","Asfalto","No existe","XIII","Dentro","Urbana","Ninguna","No existe","Intersección","Bueno","Buena","Diurna","Buen Tiempo","S/D","S/D","Atropello","S/D","Vertical","Ninguna","Sin restricción"
2014,7164,17/09/2014,"Miercoles",0,14:30:00,,"0.0",2,"Automóvil,Bicicleta","Balcarce Y Bomberos Voluntarios",2,1,0,0,0,0,1,,"Calle",,"VILLA GOBERNADOR GÁLVEZ","Rosario","Asfalto","No existe","II","S/D","Urbana","Ninguna","No existe","Intersección","Otro","Buena","Diurna","Buen Tiempo","S/D","S/D","Atropello","Ninguna","Faltante","Ninguna","Sin restricción"
2014,7165,18/08/2014,"Lunes",0,01:45:00,,"0.0",2,"Pickup/Utilitario,Moto/Ciclomotor","L de la Torre Y Sarmiento",3,2,0,0,1,0,0,,"Calle",,"SAN CRISTÓBAL","San Cristóbal","Asfalto","Pavimento","XIII","S/D","S/D","Ninguna","No existe","Intersección","Bueno","Buena","Diurna","Buen Tiempo","Lateral","S/D","Colisión","Otro","S/D","Ninguna","S/D"
2014,7166,07/09/2014,"Domingo",0,17:15:00,,"0.0",2,"Pickup/Utilitario,Moto/Ciclomotor","Magallanes Y Pellegrini",2,1,0,0,0,0,1,,"Calle",,"VILLA GOBERNADOR GÁLVEZ","Rosario","Asfalto","No existe","II","S/D","Urbana","Ninguna","No existe","Intersección","Bueno","Buena","Diurna","Buen Tiempo","Otro","S/D","Colisión","Ninguna","Faltante","Ninguna","Sin restricción"
2014,7167,03/08/2014,"Domingo",0,05:35:00,,"0.0",2,"Automóvil,Peatón","Reconquista ",4,3,0,0,1,0,0,,"Calle",,"TOSTADO","9 de Julio","Asfalto","Natural","XII","S/D","Urbana","Ninguna","No existe","Recta","Bueno","Reducida","Diurna","Buen Tiempo","Otro","S/D","Atropello","Ninguna","Faltante","Ninguna","Sin restricción"
2014,7168,27/06/2014,"Viernes",0,08:50:00,,"0.0",2,"Moto/Ciclomotor,Automóvil","Necochea 2300",3,3,0,0,0,0,0,,"Calle",,"ROSARIO","Rosario","Asfalto","No existe","II","Dentro","Urbana","Ninguna","S/D","Recta","Bueno","Buena","Diurna","Buen Tiempo","S/D","S/D","Colisión","S/D","S/D","Ninguna","Sin restricción"
2014,7169,06/09/2014,"Sabado",0,19:00:00,,"0.0",2,"Automóvil,Bicicleta","TOMAS DE LA TORRE Y INDEPENDENCIA",3,1,0,0,2,0,0,,"Calle",,"FUNES","Rosario","Asfalto","Natural","II","Dentro","Urbana","Ninguna","No existe","Intersección","Bueno","Buena","Atardecer","Buen Tiempo","S/D","S/D","Atropello","Ninguna","Faltante","Ninguna","Sin restricción"
2014,7170,10/09/2014,"Miercoles",0,08:00:00,,"0.0",2,"Bicicleta,Moto/Ciclomotor","Bv San diego Y Av Filipini",2,0,0,0,0,0,2,,"Avenida",,"VILLA GOBERNADOR GÁLVEZ","Rosario","Asfalto","No existe","II","S/D","Urbana","Ninguna","Funciona","Intersección","Bueno","Buena","Diurna","Buen Tiempo","S/D","S/D","Atropello","Ninguna","Faltante","Ninguna","Sin restricción"
2014,7171,05/08/2014,"Martes",0,07:55:00,,"0.0",2,"Automóvil,Moto/Ciclomotor","Pasaje Mellan Y Moreno",4,2,0,0,2,0,0,,"Calle",,"CERES","San Cristóbal","Asfalto","No existe","XIII","Dentro","Urbana","Ninguna","No existe","Intersección","Bueno","Buena","Atardecer","Buen Tiempo","Frontal,Lateral","S/D","Colisión","S/D","S/D","Cordón divisorio","Sin restricción"
2014,7172,17/08/2014,"Domingo",0,06:45:00,,"0.0",1,"Moto/Ciclomotor"," ",1,1,0,0,0,0,0,,"Calle",,"TOSTADO","9 de Julio","Asfalto","Natural","XII","Fuera","Urbana","S/D","No existe","Recta","Bueno","Buena","Nocturna","Buen Tiempo","S/D","S/D","Colisión","Ninguna","S/D","Vegetación","Sin restricción"
2014,7173,01/09/2014,"Lunes",0,17:30:00,,"0.0",2,"Automóvil,Bicicleta","Pasteur Y Av Juan Domingo Peron",2,1,0,0,1,0,0,,"Avenida",,"VILLA GOBERNADOR GÁLVEZ","Rosario","Asfalto","No existe","II","S/D","Urbana","Ninguna","No existe","Intersección","Bueno","Buena","Diurna","Buen Tiempo","Otro","S/D","Atropello","Ninguna","Faltante","Cordón divisorio","Sin restricción"
2014,7174,19/06/2014,"Jueves",0,21:40:00,,"0.0",2,"Moto/Ciclomotor,Automóvil","Ituzaingo Y Necochea",2,1,0,0,1,0,0,,"Calle",,"ROSARIO","Rosario","Asfalto","No existe","II","Dentro","Urbana","Semáforo","S/D","Intersección","Bueno","Buena","Nocturna,Con luz artificial","Buen Tiempo","S/D","S/D","Colisión","S/D","S/D","Ninguna","S/D"
2014,7175,04/08/2014,"Lunes",0,18:00:00,,"0.0",1,"Bicicleta","Hipolito Irigoyen Y Gral Belgrano",2,1,0,0,0,0,1,,"Calle",,"SAN CRISTÓBAL","San Cristóbal","Asfalto","Pavimento","XIII","S/D","Urbana","Ninguna","No existe","Intersección","Bueno","Buena","Atardecer","Buen Tiempo","S/D","S/D","Atropello","Otro","Faltante","Ninguna","Sin restricción"
2014,7176,05/08/2014,"Martes",0,,"Ruta Nacional 95","794.0",2,"Automóvil,Pickup/Utilitario"," ",4,2,0,0,2,0,0,,"Ruta",95,"TOSTADO","9 de Julio","Asfalto","Natural","XII","S/D","Rural","Ninguna","No existe","Recta","Bueno","Buena","Diurna","Buen Tiempo","Lateral","S/D","Colisión","Ninguna","Horizontal","Línea divisoria pintada","Sin restricción"
2014,7177,11/09/2014,"Jueves",0,,,"0.0",2,"Automóvil,Transporte de Pasajeros Larga Distancia (> 8 asientos)","Nicolas Laguna 2900",2,1,0,0,1,0,0,,"S/D",,"ROSARIO","Rosario","Asfalto","S/D","II","S/D","Urbana","S/D","S/D","Recta","S/D","S/D","Diurna","S/D","S/D","S/D","S/D","S/D","S/D","S/D","S/D"
2014,7178,19/06/2014,"Jueves",0,20:40:00,,"0.0",2,"Moto/Ciclomotor,Automóvil","La Paz Y Laprida",2,1,0,0,1,0,0,,"Calle",,"ROSARIO","Rosario","Asfalto","No existe","II","Dentro","Urbana","Ninguna","No existe","Intersección","Bueno","Buena","Nocturna,Con luz artificial","Buen Tiempo","S/D","S/D","Colisión","S/D","S/D","Ninguna","Sin restricción"
2014,7179,05/08/2014,"Martes",0,16:00:00,,"0.0",2,"Pickup/Utilitario,Moto/Ciclomotor","Perez de Denis Gregoria 150",2,1,0,0,1,0,0,,"Calle",,"CERES","San Cristóbal","Asfalto","No existe","XIII","Dentro","Urbana","Ninguna","No existe","Recta","Bueno","Buena","Diurna","Buen Tiempo","Lateral","S/D","Colisión","S/D","Faltante","Ninguna","Sin restricción"
2014,7180,09/08/2014,"Sabado",0,17:50:00,,"0.0",1,"Automóvil","Hector Estela ",1,0,1,0,0,0,0,,"Calle",,"TOSTADO","9 de Julio","Ripio","Ripio","XII","Fuera","Urbana","Ninguna","No existe","Recta","Bueno","Buena","Diurna","Buen Tiempo","S/D","S/D","Vuelco","Ninguna","Faltante","Ninguna","Sin restricción"
2014,7181,06/08/2014,"Miercoles",0,19:40:00,,"0.0",2,"Moto/Ciclomotor,Automóvil","Avenida Vicente Casares Y Victoria",3,1,0,0,2,0,0,,"Avenida",,"CERES","San Cristóbal","Asfalto","No existe","XIII","S/D","Urbana","Ninguna","No existe","Recta","Bueno","Reducida polvo","Atardecer,Con luz artificial","Viento Fuerte","Contra objeto fijo","S/D","Colisión","Otro","S/D","Cordón divisorio","S/D"
2014,7182,14/06/2014,"Sabado",0,16:45:00,,"0.0",2,"Moto/Ciclomotor,Otros","Bv. 27 De Febrero Y Necochea",2,1,0,0,0,0,1,,"Calle",,"ROSARIO","Rosario","Asfalto","No existe","II","Dentro","Urbana","S/D","No existe","Recta","Bueno","Buena","Diurna","Buen Tiempo","S/D","S/D","Colisión","S/D","S/D","Ninguna","S/D"
2014,7183,10/09/2014,"Miercoles",0,19:40:00,,"0.0",2,"Moto/Ciclomotor,Bicicleta","Av. Genova Y Av. Alberdi Bis",2,1,0,0,1,0,0,,"Avenida",,"ROSARIO","Rosario","Asfalto","S/D","II","S/D","Urbana","S/D","S/D","Intersección","Bueno","Buena","Nocturna","Buen Tiempo","S/D","S/D","Atropello","S/D","Vertical","Cordón divisorio","S/D"
2014,7184,08/09/2014,"Lunes",0,10:15:00,,"0.0",2,"Transporte de Pasajeros Urbano (> 8 asientos),Otros","Av. Alberdi Bis Y Velez Sarsfield",2,1,0,0,0,0,1,,"Avenida",,"ROSARIO","Rosario","Asfalto","No existe","II","S/D","Urbana","S/D","S/D","Intersección","S/D","S/D","Diurna","S/D","S/D","S/D","Colisión","S/D","S/D","S/D","S/D"
2014,7185,14/09/2014,"Domingo",0,07:55:00,,"0.0",2,"Automóvil,Moto/Ciclomotor","Catamarca Y Callao",2,1,0,0,1,0,0,,"Avenida",,"ROSARIO","Rosario","Asfalto","No existe","II","S/D","Urbana","Semáforo","Funciona","Recta","Bueno","Buena","Diurna","Buen Tiempo","Otro","S/D","Colisión","S/D","Vertical","Ninguna","Sin restricción"
2014,7186,10/09/2014,"Miercoles",0,09:40:00,,"0.0",2,"Moto/Ciclomotor,Automóvil","Nicolas Laguna Y Grandoli",3,2,0,0,1,0,0,,"S/D",,"ROSARIO","Rosario","S/D","S/D","II","S/D","Urbana","S/D","S/D","Intersección","S/D","S/D","Diurna","S/D","S/D","S/D","S/D","S/D","S/D","S/D","S/D"
2014,7187,15/06/2014,"Domingo",0,20:40:00,,"0.0",2,"Automóvil,Moto/Ciclomotor","Laprida Y Ituzaingo",2,1,0,0,1,0,0,,"Calle",,"ROSARIO","Rosario","Asfalto","No existe","II","Dentro","Urbana","S/D","S/D","S/D","Bueno","Buena","Diurna","Buen Tiempo","S/D","S/D","Colisión","S/D","S/D","Ninguna","S/D"
2014,7188,06/08/2014,"Miercoles",0,16:30:00,,"0.0",2,"Automóvil,Moto/Ciclomotor","Av 9 de Julio Y Roque Saenz Peña",3,1,0,0,2,0,0,,"Avenida",,"HERSILIA","San Cristóbal","Asfalto","Pavimento","XIII","Dentro","Urbana","Ninguna","No existe","Intersección","Bueno","Buena","Diurna","Buen Tiempo","Lateral","S/D","Colisión","S/D","Horizontal","Ninguna","Sin restricción"
2014,7189,21/08/2014,"Jueves",0,04:50:00,"Autopista Provincial Brigadier E.López","0.0",1,"Moto/Ciclomotor"," ",1,0,1,0,0,0,0,,"Autopista","Brigadier E.López","ROSARIO","Rosario","Asfalto","S/D","II","Fuera","Urbana","S/D","S/D","Intersección","Bueno","S/D","Amanecer","Buen Tiempo","Contra objeto fijo","S/D","Colisión","S/D","Horizontal","Guardarrail,Vegetación","Sin restricción"
2014,7190,21/06/2014,"Sabado",0,19:00:00,,"0.0",2,"Automóvil,Moto/Ciclomotor","L.N.Alem Y Viamonte",3,2,0,0,1,0,0,,"Calle",,"ROSARIO","Rosario","Asfalto","No existe","II","Dentro","Urbana","S/D","S/D","Intersección","Bueno","Buena","Atardecer,Con luz artificial","Buen Tiempo","S/D","S/D","Colisión","S/D","S/D","Ninguna","S/D"
2014,7191,30/08/2014,"Sabado",0,12:10:00,,"0.0",2,"Automóvil,Moto/Ciclomotor"," ",2,1,0,0,1,0,0,,"S/D",,"ROSARIO","Rosario","Asfalto","S/D","II","Dentro","Urbana","S/D","S/D","Recta","S/D","S/D","Diurna","Buen Tiempo","S/D","S/D","S/D","S/D","S/D","S/D","S/D"
2014,7192,08/10/2014,"Miercoles",0,,,"0.0",2,"Bicicleta,Automóvil","Baigorria Y Av. Circunvalacion",2,2,0,0,0,0,0,,"Calle",,"ROSARIO","Rosario","Asfalto","S/D","II","S/D","Urbana","S/D","S/D","Intersección","S/D","S/D","Diurna","S/D","S/D","S/D","Atropello","S/D","S/D","S/D","S/D"
2014,7193,19/09/2014,"Viernes",0,21:30:00,"Autopista Provincial Brigadier E.López","0.0",2,"Automóvil,Peatón"," ",3,1,0,0,2,0,0,,"Autopista","Brigadier E.López","ROSARIO","Rosario","Asfalto","Natural","II","S/D","Rural","Ninguna","No existe","Recta","Bueno","Buena","Nocturna","Buen Tiempo","S/D","S/D","Atropello","Ninguna","S/D","Vegetación","Sin restricción"
2014,7194,07/08/2014,"Jueves",0,00:45:00,,"0.0",1,"Moto/Ciclomotor","Independencia ",3,1,0,0,1,0,1,,"Calle",,"CERES","San Cristóbal","Asfalto","No existe","XIII","S/D","Urbana","Ninguna","No existe","Recta","Bueno","Buena","Nocturna,Con luz artificial","Buen Tiempo","Contra objeto fijo","S/D","Colisión","S/D","S/D","Ninguna","S/D"
2014,7195,30/08/2014,"Sabado",0,,,"0.0",2,"Moto/Ciclomotor,Automóvil","Av. Circunvalacion Y Av. Ntra.Sra.del Rosario",3,1,1,0,1,0,0,,"Avenida",,"ROSARIO","Rosario","Asfalto","Natural","II","Dentro","Urbana","S/D","Funciona","Recta","Bueno","Buena","Atardecer","Buen Tiempo","S/D","S/D","S/D","S/D","S/D","S/D","S/D"
2014,7196,29/09/2014,"Lunes",0,10:00:00,,"0.0",2,"Pickup/Utilitario,Automóvil","J.J.Paso 8200",2,1,0,0,1,0,0,,"Calle",,"ROSARIO","Rosario","Asfalto","No existe","II","S/D","Urbana","S/D","S/D","Recta","Bueno","S/D","S/D","S/D","S/D","S/D","Colisión","S/D","S/D","S/D","S/D"
2014,7197,14/08/2014,"Jueves",0,08:15:00,,"0.0",2,"Automóvil,Moto/Ciclomotor","Cullen Y San Lorenzo",2,1,0,0,1,0,0,,"Calle",,"ROSARIO","Rosario","Asfalto","No existe","II","Dentro","Urbana","Ninguna","No existe","Intersección","Bueno","Buena","Diurna","Buen Tiempo","Lateral","S/D","Colisión","Ninguna","Horizontal","Ninguna","Sin restricción"
2014,7198,17/09/2014,"Miercoles",0,,,"0.0",2,"Moto/Ciclomotor,Moto/Ciclomotor","Superi 1600",2,1,0,0,1,0,0,,"Calle",,"ROSARIO","Rosario","Asfalto","No existe","II","S/D","Urbana","Ninguna","No existe","Intersección","Bueno","Buena","Diurna","Otro","Lateral","S/D","Colisión","Otro","Faltante","Ninguna","Sin restricción"
2014,7199,23/08/2014,"Sabado",0,17:45:00,,"0.0",2,"Moto/Ciclomotor,Tracción animal / Carro","Av. Provincias Unidas Y Av. Pellegrini",4,1,0,0,3,0,0,,"Avenida",,"ROSARIO","Rosario","Asfalto","No existe","II","Dentro","Urbana","Semáforo","Funciona","Intersección","Bueno","Buena","Diurna","Buen Tiempo","Lateral","S/D","Colisión","Ninguna","Vertical","Ninguna","Sin restricción"
2014,7200,21/08/2014,"Jueves",0,,,"0.0",2,"Moto/Ciclomotor,Pickup/Utilitario","Av. Circunvalacion Y Baigorria",2,1,0,0,1,0,0,,"Avenida",,"ROSARIO","Rosario","S/D","S/D","II","S/D","Urbana","S/D","S/D","Intersección","S/D","S/D","S/D","S/D","S/D","S/D","S/D","S/D","S/D","S/D","S/D"
2014,7201,20/09/2014,"Sabado",0,14:30:00,,"0.0",2,"Automóvil,Moto/Ciclomotor","Valle Hermoso Y Anchoris",2,1,0,0,1,0,0,,"Calle",,"ROSARIO","Rosario","Asfalto","No existe","II","S/D","Urbana","Ninguna","S/D","Intersección","Bueno","Buena","Diurna","Buen Tiempo","Lateral","S/D","Colisión","Otro","Faltante","Ninguna","Sin restricción"
2014,7202,18/08/2014,"Lunes",0,08:50:00,"Ruta Provincial 23","0.0",1,"Moto/Ciclomotor"," ",3,1,0,0,2,0,0,,"Ruta",23,"SAN GUILLERMO","San Cristóbal","Asfalto","S/D","XIII","S/D","S/D","Ninguna","No existe","Recta","Bueno","Buena","Diurna","Buen Tiempo","S/D","S/D","S/D","S/D","S/D","Ninguna","S/D"
2014,7203,29/09/2014,"Lunes",0,14:40:00,,"0.0",2,"Automóvil,Automóvil","Carcano Bis Y Ugarte",3,2,0,0,1,0,0,,"Calle",,"ROSARIO","Rosario","Asfalto","S/D","II","S/D","Urbana","S/D","S/D","Intersección","Bueno","S/D","S/D","S/D","S/D","S/D","Colisión","S/D","S/D","S/D","S/D"
2014,7204,28/08/2014,"Jueves",0,20:55:00,,"0.0",2,"Automóvil,Moto/Ciclomotor","Cerrito 6500",2,1,0,0,1,0,0,,"Calle",,"ROSARIO","Rosario","Asfalto","No existe","II","Dentro","Urbana","Ninguna","No existe","Recta","Bueno","Buena","Nocturna,Con luz artificial","Buen Tiempo","Lateral","S/D","Colisión","Ninguna","Horizontal","Ninguna","Sin restricción"
2014,7205,05/08/2014,"Martes",0,12:00:00,,"0.0",2,"Automóvil,Automóvil","Av. Pte.Peron 8200",2,1,0,0,1,0,0,,"Avenida",,"ROSARIO","Rosario","Hormigón","Pavimento","II","S/D","Urbana","Semáforo","Funciona","Recta","Bueno","Buena","Diurna","Buen Tiempo","De alcance","S/D","Colisión","S/D","S/D","S/D","Sin restricción"
2014,7206,15/08/2014,"Viernes",0,08:30:00,,"0.0",2,"Automóvil,Pickup/Utilitario","Campbell Y La Paz",2,1,0,0,1,0,0,,"Calle",,"ROSARIO","Rosario","Asfalto","No existe","II","Dentro","Urbana","Ninguna","No existe","Intersección","Bueno","Buena","Diurna","Buen Tiempo","Lateral","S/D","Colisión","Ninguna","Horizontal","Ninguna","Sin restricción"
2014,7207,18/09/2014,"Jueves",0,15:30:00,,"0.0",2,"Camión,Moto/Ciclomotor","Sarratea Bis Y Morrison",2,1,0,0,1,0,0,,"Calle",,"ROSARIO","Rosario","Asfalto","S/D","II","S/D","Urbana","S/D","S/D","Intersección","Bueno","S/D","S/D","S/D","S/D","S/D","S/D","S/D","S/D","S/D","S/D"
2014,7208,02/06/2014,"Lunes",0,17:55:00,,"0.0",2,"Automóvil,Moto/Ciclomotor","Bv. 27 De Febrero Y Laprida",3,2,0,0,1,0,0,,"Calle",,"ROSARIO","Rosario","Asfalto","No existe","II","Dentro","Urbana","S/D","S/D","Intersección","S/D","S/D","Diurna","S/D","Lateral","S/D","Colisión","S/D","S/D","Ninguna","Sin restricción"
2014,7209,02/08/2014,"Sabado",0,10:00:00,,"0.0",2,"Automóvil,Moto/Ciclomotor","Rivarola Y Av. Circunvalacion",2,2,0,0,0,0,0,,"Calle",,"ROSARIO","Rosario","Asfalto","No existe","II","S/D","Urbana","S/D","No existe","Intersección","Con baches,Resbaladiza","Buena","Diurna","Buen Tiempo","Lateral","S/D","Colisión","S/D","S/D","S/D","S/D"
2014,7210,15/08/2014,"Viernes",0,22:50:00,,"0.0",2,"Moto/Ciclomotor,Automóvil","La Paz Y Guatemala",2,1,0,0,1,0,0,,"Calle",,"ROSARIO","Rosario","Asfalto","No existe","II","Dentro","Urbana","Ninguna","No existe","Intersección","Bueno","Buena","Nocturna,Con luz artificial","Buen Tiempo","Lateral","S/D","Colisión","Ninguna","Horizontal","Ninguna","Sin restricción"
2014,7211,11/08/2014,"Lunes",0,,,"0.0",2,"Bicicleta,Automóvil","Islas Malvinas Y Lopez y Planes",2,0,0,0,1,0,1,,"Calle",,"SAN GUILLERMO","San Cristóbal","Asfalto","S/D","XIII","S/D","S/D","S/D","S/D","Intersección","Bueno","S/D","S/D","Buen Tiempo","S/D","S/D","Atropello","S/D","S/D","Ninguna","S/D"
2014,7212,01/09/2014,"Lunes",0,13:30:00,,"0.0",2,"Automóvil,Camión"," ",3,2,0,0,1,0,0,,"S/D",,"PUEBLO ESTHER","Rosario","Asfalto","Natural","II","Dentro","Rural","Ninguna","No existe","Recta","Bueno","Buena","Diurna","Buen Tiempo","De alcance","S/D","Colisión","Ninguna","Faltante","Línea divisoria pintada","Sin restricción"
2014,7213,16/09/2014,"Martes",0,10:10:00,"Ruta Provincial 21","283.0",2,"Automóvil,Pickup/Utilitario"," ",2,1,0,0,0,0,1,,"Ruta",21,"PUEBLO ESTHER","Rosario","Asfalto","Pavimento","II","Dentro","Urbana","Ninguna","No existe","Recta","Bueno","Buena","Diurna","Buen Tiempo","De alcance","S/D","Colisión","Ninguna","Faltante","Línea divisoria pintada","Sin restricción"