"anio_acci","nro_acci","fecha","desc_dia","fecha_aprox","hora_aprox","desc_ruta","km","cant_participantes","desc_participante","calle_avenida_km","total","heridos_leves","heridos_graves","heridos_gravisimos","ilesos","fallecidos","sin_datos","posicion_XY","desc_tipo_via","desc_ruta_ori","desc_loc","desc_dpto","desc_tipo_calzada","desc_tipo_banquina","desc_unidad_regional","desc_lugar_calzada","desc_zona","desc_prioridad","desc_estado_semaforo","desc_lugar_via","desc_estado_via","desc_estado_visibilidad","desc_luminosidad","desc_estado_clima","desc_tipo_colision","desc_tipo_atropello","desc_tipo_hecho","desc_pres_calzada","desc_senializacion","desc_separacion_via","desc_restriccion"
2014,7214,06/09/2014,"Sabado",0,19:30:00,,"0.0",2,"Pickup/Utilitario,Moto/Ciclomotor","Juan B Justo Y Alberdi",2,1,0,0,1,0,0,,"S/D",,"VILLA GOBERNADOR GÁLVEZ","Rosario","Asfalto","No existe","II","S/D","Urbana","Ninguna","No existe","Intersección","Bueno","Buena","Con luz artificial","Buen Tiempo","Otro","S/D","Colisión","Ninguna","Faltante","Ninguna","S/D"
2014,7215,07/09/2014,"Domingo",0,18:00:00,,"0.0",1,"Moto/Ciclomotor","3 de Febrero Y Pje Musto",2,1,0,0,1,0,0,,"Calle",,"VILLA GOBERNADOR GÁLVEZ","Rosario","Asfalto","No existe","II","Dentro","Urbana","Ninguna","No existe","Recta","Con baches","Buena","Diurna","Buen Tiempo","S/D","S/D","Despiste","S/D","Faltante","Ninguna","Sin restricción"
2014,7216,11/08/2014,"Lunes",0,12:10:00,,"0.0",2,"Moto/Ciclomotor,Pickup/Utilitario","Iturraspe Y Azcuenaga",3,1,1,0,1,0,0,,"Calle",,"SAN CRISTÓBAL","San Cristóbal","Ripio","Natural","XIII","Dentro","Urbana","Señal Pare","No existe","Intersección","Con baches","Buena","Diurna","Buen Tiempo","Lateral","S/D","Colisión","S/D","Vertical","Ninguna","Sin restricción"
2014,7217,12/09/2014,"Viernes",0,08:50:00,,"0.0",2,"Moto/Ciclomotor,Automóvil","Cordoba Y Av Juan Domingo Peron",2,1,0,0,1,0,0,,"Avenida",,"VILLA GOBERNADOR GÁLVEZ","Rosario","Asfalto","No existe","II","Dentro","Urbana","Ninguna","No existe","Recta","Con baches","Buena","Diurna","Buen Tiempo","De alcance","S/D","Colisión","S/D","Faltante","Ninguna","Sin restricción"
2014,7218,15/09/2014,"Lunes",0,20:00:00,,"0.0",2,"Automóvil,Automóvil","Av Juan Domingo Peron 1200",2,1,0,0,1,0,0,,"Avenida",,"VILLA GOBERNADOR GÁLVEZ","Rosario","Asfalto","No existe","II","Dentro","Urbana","Ninguna","No existe","Recta","Deteriorada","Buena","Atardecer","Buen Tiempo","De alcance","S/D","Colisión","S/D","Faltante","Ninguna","Sin restricción"
2014,7219,12/09/2014,"Viernes",0,17:30:00,,"0.0",2,"Moto/Ciclomotor,Camión","Casilda Y Nicaragua",3,1,0,0,2,0,0,,"Calle",,"ROSARIO","Rosario","S/D","S/D","II","Dentro","Urbana","S/D","S/D","Intersección","S/D","S/D","Diurna","S/D","Lateral","S/D","Colisión","S/D","S/D","S/D","S/D"
2014,7221,01/09/2014,"Lunes",0,,,"0.0",2,"Automóvil,Moto/Ciclomotor","Av. Brassey 8250",2,1,0,0,1,0,0,,"Avenida",,"ROSARIO","Rosario","Asfalto","S/D","II","Dentro","Urbana","S/D","S/D","Recta","Bueno","S/D","S/D","S/D","De alcance","S/D","Colisión","S/D","S/D","S/D","S/D"
2014,7222,01/09/2014,"Lunes",0,,,"0.0",2,"Moto/Ciclomotor,Automóvil","Av. Genova Y Sanchez de Loria",2,0,0,0,0,0,2,,"Avenida",,"ROSARIO","Rosario","Asfalto","S/D","II","Dentro","Urbana","S/D","S/D","Intersección","S/D","S/D","S/D","S/D","Lateral","S/D","Colisión","S/D","S/D","S/D","S/D"
2014,7224,17/09/2014,"Miercoles",0,15:00:00,,"0.0",2,"Moto/Ciclomotor,Otros","Lavalle Y Buenameson",2,2,0,0,0,0,0,,"Calle",,"VILLA GOBERNADOR GÁLVEZ","Rosario","Asfalto","No existe","II","S/D","Urbana","Ninguna","No existe","Recta","Deteriorada","Buena","Diurna","Buen Tiempo","De alcance","S/D","Colisión","S/D","Faltante","Ninguna","Sin restricción"
2014,7225,20/08/2014,"Miercoles",0,19:30:00,"Ruta Provincial 39","0.0",2,"Camión,Otros","ruta nacional 34 ",3,1,0,0,2,0,0,,"Ruta",39,"ARRUFÓ","San Cristóbal","Asfalto","Natural","XIII","Dentro","Urbana","Señal Ceda el Paso","No existe","Intersección","Bueno","Buena","Atardecer","Buen Tiempo","Otro","S/D","Colisión","S/D","S/D","Línea divisoria pintada","Sin restricción"
2014,7226,01/09/2014,"Lunes",0,18:30:00,,"0.0",2,"Peatón,Moto/Ciclomotor","Soldado Aguirre Y Liniers",2,1,0,0,1,0,0,,"Avenida",,"VILLA GOBERNADOR GÁLVEZ","Rosario","Asfalto","S/D","II","Fuera","Urbana","Ninguna","S/D","Intersección","Deteriorada","S/D","S/D","S/D","S/D","S/D","Atropello","Otro","Faltante","Ninguna","Sin restricción"
2014,7227,01/09/2014,"Lunes",0,16:00:00,,"0.0",2,"Automóvil,Peatón"," ",2,1,0,0,0,0,1,,"Calle",,"VILLA GOBERNADOR GÁLVEZ","Rosario","Ripio","No existe","II","Fuera","Urbana","Ninguna","No existe","Otro","Con baches","Buena","Diurna","S/D","Lateral","S/D","Atropello","Otro","Faltante","Ninguna","Sin restricción"
2014,7228,14/06/2014,"Sabado",0,17:30:00,,"0.0",2,"Moto/Ciclomotor,Automóvil","Cerrito Y Chacabuco",2,1,0,0,0,0,1,,"Calle",,"ROSARIO","Rosario","Asfalto","No existe","II","Dentro","Urbana","S/D","No existe","Intersección","Bueno","Buena","Diurna","Buen Tiempo","S/D","S/D","Colisión","S/D","Faltante","Ninguna","S/D"
2014,7229,24/08/2014,"Domingo",0,23:50:00,,"0.0",1,"Moto/Ciclomotor"," ",2,2,0,0,0,0,0,,"Camino Rural",,"HERSILIA","San Cristóbal","Tierra","No existe","XIII","Fuera","Rural","Ninguna","No existe","Recta","Bueno","S/D","Nocturna","Buen Tiempo","S/D","S/D","Caída ocupante","S/D","Faltante","Ninguna","Sin restricción"
2014,7230,28/08/2014,"Jueves",0,09:00:00,,"0.0",2,"Pickup/Utilitario,Moto/Ciclomotor","Roque Saenz Peña Y Bartolome Mitre",3,2,0,0,1,0,0,,"Calle",,"SUARDI","San Cristóbal","Hormigón","No existe","XIII","Dentro","Urbana","Ninguna","No existe","Intersección","Bueno","Buena","Diurna","Buen Tiempo","Frontal","S/D","Colisión","S/D","Faltante","Ninguna","Sin restricción"
2014,7231,14/09/2014,"Domingo",0,11:40:00,,"0.0",2,"Automóvil,Moto/Ciclomotor","Mendoza Y J.Colombres Bis",4,1,0,0,3,0,0,,"Calle",,"ROSARIO","Rosario","Asfalto","Pavimento","II","Dentro","Urbana","Ninguna","Funciona","Recta","Bueno","Buena","Diurna","Lluvia","Lateral","S/D","Colisión","Ninguna","Faltante","S/D","Sin restricción"
2014,7232,18/08/2014,"Lunes",0,,,"0.0",2,"Moto/Ciclomotor,Moto/Ciclomotor","Av. Provincias Unidas Y Av. Pte.Peron",2,2,0,0,0,0,0,,"Avenida",,"ROSARIO","Rosario","Hormigón","Pavimento","II","S/D","Urbana","Semáforo","Funciona","Intersección","Con baches,Resbaladiza","Buena","Diurna","Buen Tiempo","Lateral","S/D","Colisión","S/D","S/D","S/D","Sin restricción"
2014,7233,12/06/2014,"Jueves",0,15:40:00,,"0.0",2,"Automóvil,Moto/Ciclomotor","Ocampo Y J.M.de Rosas",3,2,0,0,1,0,0,,"Calle",,"ROSARIO","Rosario","Asfalto","No existe","II","S/D","Urbana","S/D","No existe","Intersección","Bueno","S/D","Diurna","Buen Tiempo","S/D","S/D","Colisión","S/D","S/D","Ninguna","S/D"
2014,7234,16/09/2014,"Martes",0,19:45:00,"Autopista Provincial Brigadier E.López","1.5",2,"Automóvil,Camión"," ",3,2,0,0,1,0,0,,"Autopista","Brigadier E.López","ROSARIO","Rosario","Asfalto","Natural","II","S/D","Rural","Ninguna","No existe","Recta","Bueno","Buena","Atardecer","Buen Tiempo","De alcance,Lateral","S/D","Colisión,Vuelco","Ninguna","S/D","Vegetación","Sin restricción"
2014,7235,10/09/2014,"Miercoles",0,15:45:00,,"0.0",2,"Moto/Ciclomotor,Automóvil","Albert Sabin Y Gorriti",3,1,0,0,2,0,0,,"Avenida",,"ROSARIO","Rosario","Asfalto","S/D","II","S/D","Urbana","S/D","Funciona","Recta","Bueno","S/D","Diurna","S/D","S/D","S/D","Colisión","S/D","S/D","S/D","S/D"
2014,7236,22/08/2014,"Viernes",0,20:00:00,,"0.0",2,"Automóvil,Moto/Ciclomotor","Dean Funes 7600",2,2,0,0,0,0,0,,"Calle",,"ROSARIO","Rosario","Asfalto","No existe","II","S/D","Urbana","Ninguna","No existe","Recta","Con baches","Buena","Nocturna","Buen Tiempo","De alcance","S/D","Colisión","S/D","S/D","S/D","S/D"
2014,7237,01/09/2014,"Lunes",0,14:30:00,,"0.0",2,"Automóvil,Automóvil","Av Juan Domingo Peron Y Cordoba",4,2,0,0,2,0,0,,"Avenida",,"VILLA GOBERNADOR GÁLVEZ","Rosario","Asfalto","No existe","II","Dentro","Urbana","Ninguna","No existe","Recta","Bueno","Buena","Diurna","Buen Tiempo","De alcance","S/D","Colisión","S/D","Faltante","Ninguna","Sin restricción"
2014,7238,31/08/2014,"Domingo",0,18:40:00,,"0.0",1,"Moto/Ciclomotor","Belgrano 280",2,1,0,0,1,0,0,,"Calle",,"CERES","San Cristóbal","Asfalto","No existe","XIII","Dentro","Urbana","Ninguna","No existe","Intersección","Bueno","Buena","Atardecer","Buen Tiempo","Atropello animal","S/D","Colisión","S/D","Faltante","Vegetación","Sin restricción"
2014,7239,25/09/2014,"Jueves",0,05:10:00,"Autopista Nacional Gral. Juan Jose Valle","271.0",2,"Automóvil,Automóvil"," ",3,3,0,0,0,0,0,,"Autopista","Gral. Juan Jose Valle","GENERAL LAGOS","Rosario","Asfalto","Natural","II","Dentro","Rural","Marca Vial","Intermitente","Recta","Bueno","Buena","Nocturna,Con luz artificial","Buen Tiempo","Otro","S/D","Colisión","S/D","Horizontal,Vertical","Línea divisoria pintada","Sin restricción"
2014,7240,09/06/2014,"Lunes",0,19:45:00,,"0.0",2,"Moto/Ciclomotor,Automóvil","Laprida Y Riobamba",2,1,0,0,1,0,0,,"Calle",,"ROSARIO","Rosario","Asfalto","No existe","II","Dentro","Urbana","Ninguna","No existe","Intersección","Bueno","Buena","Atardecer,Con luz artificial","Buen Tiempo","Lateral","S/D","Colisión","S/D","Faltante","Ninguna","Sin restricción"
2014,7241,22/09/2014,"Lunes",0,18:00:00,,"0.0",2,"Automóvil,Moto/Ciclomotor","Lisandro de la Torre ",4,1,0,0,3,0,0,,"Calle",,"GENERAL LAGOS","Rosario","Asfalto","No existe","II","Dentro","Urbana","Ninguna","No existe","Intersección","Bueno","Buena","Atardecer","Buen Tiempo","De alcance","S/D","Colisión","S/D","Faltante","Ninguna","Sin restricción"
2014,7243,02/09/2014,"Martes",0,06:10:00,"Ruta Secundaria 24-s","0.0",2,"Automóvil,Transporte de Pasajeros Urbano (> 8 asientos)"," ",2,1,0,0,1,0,0,,"Ruta","24-s","VILLA GOBERNADOR GÁLVEZ","Rosario","Asfalto","Natural","II","Dentro","Urbana","Ninguna","No existe","Intersección","Otro","Reducida","Amanecer","Buen Tiempo","Otro","S/D","Colisión","Ninguna","Faltante","Ninguna","Sin restricción"
2014,7244,08/08/2014,"Viernes",0,17:00:00,,"0.0",2,"Pickup/Utilitario,Moto/Ciclomotor","Av. Provincias Unidas Y Ocampo",2,2,0,0,0,0,0,,"Calle",,"ROSARIO","Rosario","Asfalto,Hormigón","Pavimento","II","S/D","Urbana","Marca Vial","No existe","Intersección","Con baches,Resbaladiza","Buena","Diurna","Buen Tiempo","Lateral","S/D","Colisión","S/D","S/D","S/D","Sin restricción"
2014,7245,19/08/2014,"Martes",0,15:45:00,,"0.0",2,"Automóvil,Automóvil","Av. Pellegrini 5100",3,1,0,0,2,0,0,,"Avenida",,"ROSARIO","Rosario","Asfalto","No existe","II","Dentro","Urbana","Ninguna","No existe","Recta","Bueno","Buena","Diurna","Buen Tiempo","Lateral","S/D","Colisión","Otro","Horizontal","Cordón divisorio","Sin restricción"
2014,7246,06/09/2014,"Sabado",0,04:10:00,,"0.0",2,"Automóvil,Automóvil","Av Filipini 2100",2,1,0,0,1,0,0,,"Avenida",,"VILLA GOBERNADOR GÁLVEZ","Rosario","Asfalto","No existe","II","S/D","Urbana","Ninguna","No existe","Recta","Bueno","Buena","Con luz artificial","Buen Tiempo","Otro","S/D","Colisión","Ninguna","Faltante","Ninguna","Sin restricción"
2014,7247,10/08/2014,"Domingo",0,12:00:00,,"0.0",2,"Pickup/Utilitario,Automóvil","Av. Circunvalacion Y Av. Pte.Peron",2,2,0,0,0,0,0,,"Avenida",,"ROSARIO","Rosario","Asfalto,Hormigón","Pavimento","II","S/D","Urbana","Semáforo","Funciona","Intersección","Con baches,Resbaladiza","Buena","Diurna","Buen Tiempo","Lateral","S/D","Colisión","S/D","S/D","S/D","Sin restricción"
2014,7248,14/08/2014,"Jueves",0,22:00:00,,"0.0",2,"Automóvil,Moto/Ciclomotor","Bertole Y J.Colombres",2,2,0,0,0,0,0,,"Calle",,"ROSARIO","Rosario","Asfalto","No existe","II","S/D","Urbana","S/D","No existe","Intersección","Con baches","Buena","Nocturna","Buen Tiempo","Lateral","S/D","Colisión","S/D","S/D","S/D","Sin restricción"
2014,7249,05/08/2014,"Martes",0,15:40:00,,"0.0",2,"Pickup/Utilitario,Automóvil","Ecuador Y San Lorenzo",3,1,0,0,2,0,0,,"Calle",,"ROSARIO","Rosario","Asfalto","No existe","II","Dentro","Urbana","Ninguna","No existe","Intersección","Bueno","Buena","Diurna","Buen Tiempo","Lateral","S/D","Colisión","Otro","Horizontal","Ninguna","Sin restricción"
2014,7250,06/09/2014,"Sabado",0,14:30:00,,"0.0",2,"Moto/Ciclomotor,Peatón","Rosario ",3,2,0,0,1,0,0,,"Calle",,"VILLA GOBERNADOR GÁLVEZ","Rosario","Hormigón","Pavimento","II","S/D","Urbana","Ninguna","No existe","Intersección","Deteriorada","Buena","Diurna","Buen Tiempo","Otro","S/D","Atropello","Agua","Faltante","Ninguna","Sin restricción"
2014,7251,26/08/2014,"Martes",0,12:00:00,,"0.0",2,"Pickup/Utilitario,Peatón","Bv. 27 De Febrero Y Av. Circunvalacion",2,1,0,0,1,0,0,,"Avenida",,"ROSARIO","Rosario","Asfalto","Pavimento","II","S/D","Urbana","Semáforo","Funciona","Intersección","Con baches","Buena","Diurna","Buen Tiempo","S/D","S/D","Atropello","S/D","S/D","S/D","Sin restricción"
2014,7252,16/09/2014,"Martes",0,19:45:00,"Autovía Nacional Gral. Juan Jose Valle","1.5",2,"Camión,Automóvil"," ",3,2,0,0,1,0,0,,"Autovía","Gral. Juan Jose Valle","ROSARIO","Rosario","Asfalto","Natural","II","Dentro","Rural","Ninguna","No existe","Recta","Bueno","Buena","Atardecer","Buen Tiempo","De alcance","S/D","Colisión","Ninguna","Horizontal","Vegetación","Sin restricción"
2014,7253,28/09/2014,"Domingo",0,00:55:00,,"0.0",4,"Pickup/Utilitario,Automóvil,Automóvil,Automóvil","Av. Eva Peron Y Liniers",4,1,0,0,3,0,0,,"Avenida",,"ROSARIO","Rosario","Asfalto","No existe","II","Dentro","Urbana","Ninguna","No existe","Intersección","Bueno","Buena","Con luz artificial","Buen Tiempo","Múltiple","S/D","Colisión","Otro","Horizontal","Ninguna","Sin restricción"
2014,7254,27/08/2014,"Miercoles",0,07:00:00,,"0.0",2,"Automóvil,Bicicleta","COLOMBRES  Y PJE 1711",2,1,0,0,1,0,0,,"Calle",,"ROSARIO","Rosario","Asfalto","No existe","II","S/D","Urbana","Ninguna","No existe","Intersección","Con baches","Buena","Diurna","Buen Tiempo","S/D","S/D","Atropello","S/D","S/D","S/D","S/D"
2014,7256,28/08/2014,"Jueves",0,16:00:00,,"0.0",2,"Automóvil,Moto/Ciclomotor","Ocampo Y Peru",2,1,0,0,1,0,0,,"Calle",,"ROSARIO","Rosario","Asfalto,Hormigón","No existe","II","S/D","Urbana","Ninguna","No existe","Intersección","Deteriorada","Buena","Diurna","Buen Tiempo","Lateral","S/D","Colisión","S/D","S/D","S/D","Sin restricción"
2014,7257,04/09/2014,"Jueves",0,11:59:00,,"0.0",2,"Moto/Ciclomotor,Automóvil","Gomez Cornet Y Ravignani",2,1,0,0,1,0,0,,"Calle",,"ROSARIO","Rosario","Asfalto","Natural","II","Dentro","Urbana","Ninguna","No existe","S/D","Resbaladiza","Reducida","Diurna","Buen Tiempo","Lateral","S/D","Colisión","Agua","Faltante","S/D","Sin restricción"
2014,7258,08/09/2014,"Lunes",0,11:27:00,,"0.0",2,"Moto/Ciclomotor,Automóvil","Brasil 7400",2,1,0,0,1,0,0,,"Calle",,"ROSARIO","Rosario","Asfalto","Natural","II","Fuera","Urbana","Ninguna","No existe","S/D","Bueno","Buena","Diurna","Buen Tiempo","Lateral","S/D","Colisión","Ninguna","Faltante","S/D","Sin restricción"
2014,7259,12/09/2014,"Viernes",0,12:55:00,,"0.0",2,"Moto/Ciclomotor,Moto/Ciclomotor","Nicaragua Y Mendoza",3,2,0,0,1,0,0,,"Calle",,"ROSARIO","Rosario","Asfalto","No existe","II","Fuera","Urbana","Semáforo","No existe","S/D","Bueno","Buena","Diurna","Buen Tiempo","Lateral","S/D","Colisión","Ninguna","Faltante","S/D","Sin restricción"
2014,7260,23/08/2014,"Sabado",0,15:15:00,,"0.0",2,"Automóvil,Moto/Ciclomotor","Manuel Garcia Y Calle 1345",2,1,0,0,1,0,0,,"Calle",,"ROSARIO","Rosario","Asfalto","Pavimento","II","Dentro","Urbana","Ninguna","No existe","Intersección","Bueno","Buena","Diurna","Buen Tiempo","Lateral","S/D","Colisión","Otro","Faltante","Ninguna","Sin restricción"
2014,7261,02/09/2014,"Martes",0,19:30:00,,"0.0",2,"Moto/Ciclomotor,Pickup/Utilitario","Av Juan Domingo Peron ",3,2,0,0,1,0,0,,"Calle",,"VILLA GOBERNADOR GÁLVEZ","Rosario","Asfalto","No existe","II","Dentro","Urbana","Ninguna","No existe","Recta","Bueno","Buena","Atardecer","Buen Tiempo","Lateral","S/D","Colisión","Otro","Faltante","Ninguna","Sin restricción"
2014,7262,26/08/2014,"Martes",0,17:15:00,,"0.0",3,"Automóvil,Pickup/Utilitario,Automóvil","Av. Eva Peron Y Barra",4,1,0,0,3,0,0,,"Avenida",,"ROSARIO","Rosario","Asfalto","No existe","II","Dentro","Urbana","Semáforo","Funciona","Intersección","Bueno","Buena","Diurna","Buen Tiempo","Lateral","S/D","Colisión","Otro","Vertical","Ninguna","Sin restricción"
2014,7263,04/08/2014,"Lunes",0,22:10:00,,"0.0",2,"Automóvil,Automóvil","Av. Provincias Unidas Y Perez Bulnes",4,1,0,0,3,0,0,,"Calle",,"ROSARIO","Rosario","Asfalto","No existe","II","Dentro","Urbana","Semáforo","Funciona","Intersección","Bueno","Buena","Nocturna,Con luz artificial","Buen Tiempo","Lateral","S/D","Colisión","Otro","Vertical","Ninguna","Sin restricción"
2014,7264,13/09/2014,"Sabado",0,05:45:00,"Ruta Nacional 33","0.0",1,"Automóvil","Ruta Nac 33 Y Laprida",5,3,0,0,2,0,0,,"Ruta",33,"ZAVALLA","Rosario","Asfalto","S/D","II","Dentro","Urbana","Ninguna","No existe","Curva","Bueno","Buena","Nocturna,Con luz artificial","Buen Tiempo","S/D","S/D","Vuelco","S/D","S/D","Ninguna","Sin restricción"
2014,7265,04/09/2014,"Jueves",0,12:00:00,,"0.0",2,"Tracción animal / Carro,Bicicleta","25 de Mayo Y Juan Bautista Alberdi",2,1,0,0,1,0,0,,"Calle",,"PEREZ","Rosario","S/D","No existe","II","Fuera","Urbana","Ninguna","No existe","Intersección","Otro","Buena","Diurna","Otro","S/D","S/D","Atropello","Otro","Faltante","Ninguna","Sin restricción"
2014,7266,13/08/2014,"Miercoles",0,16:30:00,,"0.0",2,"Bicicleta,Automóvil","Ecuador Y Perez Bulnes",2,1,0,0,1,0,0,,"Calle",,"ROSARIO","Rosario","Asfalto","No existe","II","Dentro","Urbana","Ninguna","No existe","Intersección","Bueno","Buena","Diurna","Buen Tiempo","S/D","S/D","Atropello","S/D","Horizontal","Ninguna","Sin restricción"
2014,7267,12/09/2014,"Viernes",0,16:30:00,,"0.0",2,"Moto/Ciclomotor,Pickup/Utilitario","9 DE JULIO Y URQUIZA",2,1,0,0,1,0,0,,"Calle",,"PEREZ","Rosario","S/D","No existe","II","S/D","S/D","Ninguna","No existe","Intersección","S/D","Buena","Amanecer","S/D","Lateral","S/D","Colisión","S/D","Faltante","Ninguna","Sin restricción"
2014,7268,04/09/2014,"Jueves",0,07:40:00,"Ruta Nacional 33","848.0",2,"Moto/Ciclomotor,Automóvil"," ",2,1,0,0,1,0,0,,"Ruta",33,"PEREZ","Rosario","S/D","No existe","II","Fuera","Urbana","Ninguna","No existe","Recta","Otro","Buena","Diurna","Otro","Lateral","S/D","Colisión","Otro","Faltante","Línea divisoria pintada","Sin restricción"
2014,7269,06/08/2014,"Miercoles",0,17:00:00,,"0.0",2,"Bicicleta,Automóvil","Solis Y White",2,1,0,0,1,0,0,,"Calle",,"ROSARIO","Rosario","Asfalto","No existe","II","Dentro","Urbana","Ninguna","No existe","Intersección","Bueno","Buena","Diurna","Buen Tiempo","S/D","S/D","Atropello","S/D","Horizontal","Ninguna","Sin restricción"
2014,7270,08/09/2014,"Lunes",0,19:30:00,,"0.0",2,"Peatón,Moto/Ciclomotor","Av del Rosario Y Entre Rios",2,1,0,0,1,0,0,,"Calle",,"PEREZ","Rosario","S/D","No existe","II","Dentro","Urbana","Ninguna","No existe","Intersección","Otro","Buena","Nocturna","Otro","S/D","S/D","Atropello","Otro","Faltante","Línea divisoria pintada","Sin restricción"
2014,7272,06/08/2014,"Miercoles",0,11:00:00,,"0.0",2,"Automóvil,Automóvil","Garzon Y Mendoza",2,1,0,0,1,0,0,,"Calle",,"ROSARIO","Rosario","Asfalto","No existe","II","Dentro","Urbana","Ninguna","No existe","Intersección","Bueno","Buena","Diurna","Buen Tiempo","Lateral","S/D","Colisión","S/D","Horizontal","Ninguna","Sin restricción"
2014,7273,12/09/2014,"Viernes",0,08:00:00,,"0.0",2,"Automóvil,Pickup/Utilitario","Leandro Alem Y Av Belgrano",2,1,0,0,1,0,0,,"Calle",,"PEREZ","Rosario","S/D","No existe","II","Fuera","Urbana","Ninguna","No existe","Intersección","Otro","Buena","Diurna","Otro","De alcance","S/D","Colisión","Otro","Faltante","Ninguna","Sin restricción"
2014,7274,14/08/2014,"Jueves",0,07:00:00,"Ruta Nacional 33","0.0",2,"Moto/Ciclomotor,Pickup/Utilitario"," ",2,1,0,0,0,0,1,,"Ruta",33,"PEREZ","Rosario","Asfalto","S/D","II","S/D","Urbana","S/D","No existe","Rotonda","Bueno","Buena","Diurna","Buen Tiempo","Lateral","S/D","Colisión","S/D","S/D","S/D","S/D"
2014,7275,19/09/2014,"Viernes",0,14:00:00,,"0.0",2,"Moto/Ciclomotor,Moto/Ciclomotor","SARMIENTO Y AV.BELGRANO",2,1,0,0,1,0,0,,"Avenida",,"PEREZ","Rosario","S/D","No existe","II","Dentro","Urbana","Ninguna","No existe","Intersección","S/D","Buena","Atardecer","Otro","Lateral","S/D","Colisión","S/D","Faltante","Ninguna","Sin restricción"
2014,7276,13/08/2014,"Miercoles",0,09:30:00,,"0.0",2,"Bicicleta,Pickup/Utilitario","Barra Y Pasco",2,1,0,0,1,0,0,,"Calle",,"ROSARIO","Rosario","Asfalto","No existe","II","Dentro","Urbana","Ninguna","No existe","Intersección","Bueno","Buena","Diurna","Buen Tiempo","Lateral","S/D","Colisión","S/D","Horizontal","Ninguna","Sin restricción"
2014,7277,16/08/2014,"Sabado",0,,,"0.0",2,"Moto/Ciclomotor,Automóvil","1 de Mayo Y Av San Lorenzo",3,2,0,0,0,0,1,,"Calle",,"PEREZ","Rosario","Asfalto","S/D","II","S/D","Urbana","S/D","No existe","Intersección","Otro","Buena","Diurna","Buen Tiempo","S/D","S/D","Colisión","S/D","S/D","Ninguna","S/D"
2014,7278,31/08/2014,"Domingo",0,21:00:00,"Ruta Nacional A012","0.0",1,"Automóvil"," ",2,1,0,0,1,0,0,,"Ruta","A012","ZAVALLA","Rosario","Asfalto","Natural","II","Dentro","Rural","Ninguna","No existe","Recta","Bueno","Reducida","Nocturna","Buen Tiempo","Atropello animal","S/D","Atropello","S/D","Horizontal","Ninguna","S/D"
2014,7279,18/09/2014,"Jueves",0,11:20:00,,"0.0",2,"Automóvil,Moto/Ciclomotor","Yapeyu Y Morelli",3,2,0,0,1,0,0,,"Calle",,"PEREZ","Rosario","S/D","No existe","II","Dentro","Urbana","Ninguna","No existe","Intersección","S/D","Buena","Diurna","S/D","Lateral","S/D","Colisión","S/D","Faltante","Ninguna","Sin restricción"
2014,7280,15/08/2014,"Viernes",0,23:45:00,"Ruta Nacional 33","0.0",2,"Automóvil,Automóvil"," ",2,1,0,0,1,0,0,,"Ruta",33,"PEREZ","Rosario","Asfalto","S/D","II","S/D","Urbana","Semáforo","Funciona","Otro","Otro","Buena","Nocturna","Buen Tiempo","Lateral","S/D","Colisión","S/D","S/D","S/D","S/D"
2014,7281,14/04/2014,"Lunes",0,17:15:00,,"0.0",2,"Moto/Ciclomotor,Automóvil","Juan XXIII Y Juan Bautista Alberdi",2,1,0,0,1,0,0,,"Calle",,"PEREZ","Rosario","S/D","No existe","II","Dentro","Urbana","Ninguna","No existe","Intersección","S/D","Buena","Atardecer","S/D","Lateral","S/D","Colisión","S/D","Faltante","S/D","Sin restricción"
2014,7282,18/08/2014,"Lunes",0,14:00:00,"Ruta Nacional 33","0.0",2,"Bicicleta,Moto/Ciclomotor"," ",2,1,0,0,1,0,0,,"Ruta",33,"ZAVALLA","Rosario","Asfalto","S/D","II","Dentro","Urbana","Ninguna","No existe","Intersección","Bueno","Buena","Diurna","Buen Tiempo","S/D","S/D","Atropello","S/D","Horizontal","Línea divisoria pintada","Sin restricción"
2014,7283,12/08/2014,"Martes",0,16:40:00,,"0.0",2,"Automóvil,Moto/Ciclomotor","Brig Lopez 768",3,2,0,0,1,0,0,,"S/D",,"SOLDINI","Rosario","Asfalto","No existe","II","Dentro","Urbana","Ninguna","No existe","Recta","Bueno","Buena","Diurna","Buen Tiempo","Frontal","S/D","Colisión","Otro","S/D","Cordón divisorio","Sin restricción"
2014,7284,20/08/2014,"Miercoles",0,11:00:00,,"0.0",2,"Moto/Ciclomotor,Automóvil","Av. Pellegrini Y Barra",2,1,0,0,1,0,0,,"Calle",,"ROSARIO","Rosario","Asfalto","No existe","II","Dentro","Urbana","Ninguna","No existe","Intersección","Bueno","Buena","Diurna","Buen Tiempo","Lateral","S/D","Colisión","S/D","Horizontal","Ninguna","Sin restricción"
2014,7285,16/09/2014,"Martes",0,10:50:00,,"0.0",2,"Automóvil,Bicicleta","Roca Y Belgrano",2,1,0,0,1,0,0,,"Calle",,"ACEBAL","Rosario","Asfalto","No existe","II","Dentro","Urbana","Ninguna","No existe","Intersección","Bueno","Buena","Diurna","Buen Tiempo","S/D","S/D","Atropello","S/D","Horizontal","Ninguna","Sin restricción"