"anio_acci","nro_acci","fecha","desc_dia","fecha_aprox","hora_aprox","desc_ruta","km","cant_participantes","desc_participante","calle_avenida_km","total","heridos_leves","heridos_graves","heridos_gravisimos","ilesos","fallecidos","sin_datos","posicion_XY","desc_tipo_via","desc_ruta_ori","desc_loc","desc_dpto","desc_tipo_calzada","desc_tipo_banquina","desc_unidad_regional","desc_lugar_calzada","desc_zona","desc_prioridad","desc_estado_semaforo","desc_lugar_via","desc_estado_via","desc_estado_visibilidad","desc_luminosidad","desc_estado_clima","desc_tipo_colision","desc_tipo_atropello","desc_tipo_hecho","desc_pres_calzada","desc_senializacion","desc_separacion_via","desc_restriccion"
2014,7286,20/08/2014,"Miercoles",0,09:30:00,,"0.0",2,"Automóvil,Automóvil","Zuviria Y Correa",2,1,0,0,1,0,0,,"Calle",,"ROSARIO","Rosario","Asfalto","No existe","II","Dentro","Urbana","Ninguna","No existe","Intersección","Bueno","Buena","Diurna","Buen Tiempo","Lateral","S/D","Colisión","S/D","Horizontal","Ninguna","Sin restricción"
2014,7287,20/09/2014,"Sabado",0,18:00:00,"Ruta Provincial 18","0.0",1,"Moto/Ciclomotor"," ",1,1,0,0,0,0,0,,"Ruta",18,"ÁLVAREZ","Rosario","Asfalto","Natural","II","S/D","S/D","S/D","No existe","S/D","S/D","Buena","S/D","S/D","S/D","S/D","S/D","S/D","S/D","S/D","S/D"
2014,7288,22/04/2014,"Martes",0,10:00:00,,"0.0",2,"Automóvil,Moto/Ciclomotor","Bv Belgrano Y Las Heras",3,2,0,0,1,0,0,,"Avenida",,"ÁLVAREZ","Rosario","Asfalto","S/D","II","S/D","Urbana","Ninguna","No existe","S/D","Bueno","Buena","Diurna","Buen Tiempo","S/D","S/D","Colisión","S/D","S/D","S/D","Sin restricción"
2014,7289,21/09/2014,"Domingo",0,12:00:00,,"0.0",2,"Moto/Ciclomotor,Pickup/Utilitario","Juncal 900",3,1,0,0,2,0,0,,"Calle",,"ÁLVAREZ","Rosario","Asfalto","S/D","II","S/D","Urbana","S/D","No existe","Recta","Bueno","Buena","Diurna","Buen Tiempo","S/D","S/D","Atropello","S/D","S/D","S/D","S/D"
2014,7290,13/09/2014,"Sabado",0,09:45:00,"Ruta Provincial 18","10.5",1,"Pickup/Utilitario"," ",3,1,1,0,1,0,0,,"Ruta",18,"PIÑERO","Rosario","Asfalto","Natural","II","Dentro","Urbana","Marca Vial","No existe","Recta","Bueno","Buena","Diurna","Buen Tiempo","Contra objeto fijo","S/D","Colisión","Ninguna","Faltante","Línea divisoria pintada","Sin restricción"
2014,7291,15/02/2014,"Sabado",0,23:45:00,"Ruta Provincial 1","73.0",4,"Moto/Ciclomotor,Moto/Ciclomotor,Camión,Camión"," ",4,0,0,0,2,2,0,"-31.141343, -60.132143","Ruta",1,"CAMPO DEL MEDIO","Garay","Asfalto","Natural","VII","S/D","S/D","S/D","S/D","Recta","Bueno","Reducida","Nocturna","Otro","Múltiple","S/D","Colisión","S/D","Faltante","Línea divisoria pintada","Sin restricción"
2014,7292,23/02/2014,"Domingo",0,21:00:00,"Ruta Provincial 64","114.0",2,"Moto/Ciclomotor,Pickup/Utilitario","RP64 y RP20 ",3,0,0,0,2,1,0,"-31.725204, -62.089945","Ruta",64,"CRISPI","San Martín","Asfalto","No existe","XVIII","Dentro","Rural","Ninguna","No existe","Recta","Bueno","Reducida","Nocturna","Buen Tiempo","De alcance","S/D","Colisión","Ninguna","Faltante","Ninguna","Sin restricción"
2014,7293,04/02/2014,"Martes",0,04:50:00,"Ruta Nacional 34","190.0",2,"Transporte de Pasajeros Larga Distancia (Piso  y  1/2),Automóvil"," ",2,0,0,0,1,1,0,"-31.518070, -61.528564","Ruta",34,"ANGÉLICA","Castellanos","Asfalto","S/D","V","S/D","Rural","S/D","S/D","Recta","Bueno","Buena","Nocturna","S/D","S/D","S/D","Colisión","S/D","S/D","S/D","S/D"
2014,7294,13/02/2014,"Jueves",0,11:30:00,"Ruta Provincial 13","85.0",2,"Moto/Ciclomotor,Camión","RP13 1.5km al N del acceso ",2,0,0,0,1,1,0,"-31.758845, -61.812610","Ruta",13,"SASTRE","San Martín","Asfalto","Natural","XVIII","Dentro","Urbana","Ninguna","No existe","Curva","Bueno","Buena","Diurna","Otro","Lateral","S/D","Colisión","Ninguna","Horizontal","Ninguna","Sin restricción"
2014,7295,16/02/2014,"Domingo",0,17:00:00,"Autopista Provincial Brigadier E.López","80.0",1,"Automóvil"," ",6,3,2,0,0,1,0,"-32.211491, -60.994777","Autopista","Brigadier E.López","BARRANCAS","San Jerónimo","Asfalto","Natural","XV","Fuera","Rural","Ninguna","S/D","Recta","Bueno","Buena","Diurna","Buen Tiempo","S/D","S/D","Vuelco","S/D","S/D","S/D","Sin restricción"
2014,7296,25/02/2014,"Martes",0,07:30:00,"Ruta Provincial 39","7.0",1,"Automóvil"," ",2,0,0,0,0,2,0,"-30.559755, -59.991256","Ruta",39,"SAN JAVIER","San Javier","Asfalto","Natural","XIV","S/D","S/D","Ninguna","No existe","Curva","Bueno,Resbaladiza","Reducida","Diurna","Lluvia","Contra objeto fijo","S/D","Colisión,Despiste","Agua","S/D","Línea divisoria pintada","Sin restricción"
2014,7297,05/02/2014,"Miercoles",0,06:00:00,,"0.0",1,"Moto/Ciclomotor","Rivadavia Y G Lopez",3,0,2,0,0,1,0,"-33.01725,-60.626944444444","Calle",,"VILLA GOBERNADOR GÁLVEZ","Rosario","Asfalto","No existe","II","Dentro","Urbana","Ninguna","No existe","Recta","Con baches","Buena","Diurna","Buen Tiempo","Atropello animal","S/D","Colisión","S/D","Faltante","Ninguna","Sin restricción"
2014,7298,22/02/2014,"Sabado",0,14:15:00,,"0.0",1,"Automóvil","Av. Pellegrini Y Peru",3,0,0,0,1,2,0,"-32.948611111111,-60.711055555556","Avenida",,"ROSARIO","Rosario","Asfalto","No existe","II","Dentro","Urbana","Ninguna","No existe","Intersección","Bueno","Buena","Diurna","Buen Tiempo","Frontal","S/D","Colisión","S/D","Horizontal","Ninguna","Sin restricción"
2014,7299,16/02/2014,"Domingo",0,06:40:00,,"0.0",2,"Moto/Ciclomotor,Automóvil","Calle 17-Bartolome Mitre Y Calle 28 - San Lorenzo",4,3,0,0,0,1,0,"-29.144611111111,-59.652416666667","Calle",,"RECONQUISTA","General Obligado","Hormigón","No existe","IX","Dentro","Urbana","Ninguna","No existe","Intersección","Bueno","Buena","Diurna","Buen Tiempo","Frontal","S/D","Colisión","S/D","Faltante","Cordón divisorio","Sin restricción"
2014,7300,16/02/2014,"Domingo",0,19:45:00,,"0.0",1,"Automóvil"," ",1,0,0,0,0,1,0,"-31.572568, -61.377196","S/D",,"SA PEREIRA","Las Colonias","S/D","S/D","XI","Dentro","Urbana","S/D","S/D","S/D","S/D","S/D","Atardecer","S/D","S/D","S/D","S/D","S/D","S/D","S/D","S/D"
2014,7301,01/02/2014,"Sabado",0,23:00:00,,"0.0",2,"Moto/Ciclomotor,Pickup/Utilitario","1 de mayo Y Manuel Dorrego",2,0,0,0,0,1,1,"-31.688083333333,-60.783166666667","Calle",,"SANTO TOMÉ","La Capital","Tierra","No existe","I","S/D","S/D","Ninguna","No existe","Intersección","Bueno","Reducida","Nocturna","Buen Tiempo","Lateral","S/D","Colisión","S/D","Faltante","Ninguna","Sin restricción"
2014,7302,26/02/2014,"Miercoles",0,00:50:00,"Ruta Nacional A008","0.0",2,"Moto/Ciclomotor,Taxi/Remis","Bv. Avellaneda Y Av. Circunvalacion",2,0,0,0,1,1,0,"-33.000055555556,-60.689388888889","Ruta","A008","ROSARIO","Rosario","Asfalto","No existe","II","Dentro","Urbana","Ninguna","No existe","Intersección","Bueno","Buena","Nocturna","Buen Tiempo","De alcance","S/D","Colisión","Ninguna","Faltante","Cordón divisorio","Sin restricción"
2014,7303,15/02/2014,"Sabado",0,06:10:00,"Autopista Nacional Rosario -Cordoba","371.0",2,"Moto/Ciclomotor,Automóvil","Autopista Ros-Cba ",5,1,0,0,3,1,0,"-32.828737, -61.494933","Autopista","Rosario -Cordoba","CAÑADA DE GÓMEZ","Iriondo","Hormigón","Natural","X","Dentro","Rural","Ninguna","No existe","Recta","Bueno","Buena","Amanecer","Buen Tiempo","Otro","S/D","Colisión","S/D","Faltante","Línea divisoria pintada","Sin restricción"
2014,7304,16/02/2014,"Domingo",0,07:00:00,,"0.0",2,"Moto/Ciclomotor,Moto/Ciclomotor","J Castelli Y Lamadrid",4,3,0,0,0,1,0,"-31.601888888889,-60.715444444444","Calle",,"SANTA FE","La Capital","Hormigón","Pavimento","I","Dentro","Urbana","Ninguna","No existe","Intersección","Bueno","Buena","Diurna","Buen Tiempo","Lateral","S/D","Colisión","S/D","Faltante","Ninguna","Sin restricción"
2014,7305,01/02/2014,"Sabado",0,19:00:00,,"0.0",2,"Otros,Peatón","Av. Francia 3700",2,0,0,0,0,1,1,"-32.975232, -60.674102","Calle",,"ROSARIO","Rosario","Asfalto","No existe","II","Dentro","Urbana","Ninguna","No existe","Recta","Bueno","Buena","Atardecer","Buen Tiempo","S/D","S/D","Atropello","Ninguna","Faltante","Ninguna","Sin restricción"
2014,7306,01/02/2014,"Sabado",0,20:30:00,"Autopista Nacional Gral. Juan Jose Valle","271.0",2,"Peatón,Automóvil"," ",3,0,0,0,2,1,0,"-33.133697, -60.572339","Autopista","Gral. Juan Jose Valle","ARROYO SECO","Rosario","Asfalto","Natural","II","Dentro","Rural","Marca Vial","No existe","Recta","Bueno","Buena","Atardecer","Buen Tiempo","S/D","S/D","Atropello","S/D","Vertical","Vegetación,Línea divisoria pintada","Sin restricción"
2014,7307,09/02/2014,"Domingo",0,05:35:00,"Ruta Nacional 11","437.0",2,"Automóvil,Moto/Ciclomotor","Ruta Nacional 11 Y Cordoba",3,0,0,0,2,1,0,"-31.869221, -60.886930","Ruta",11,"DESVÍO ARIJÓN","San Jerónimo","Asfalto","Ripio","XV","Dentro","Urbana","Ninguna","No existe","Recta","Bueno","Buena","Nocturna","Lluvia","Frontal","S/D","Colisión","Agua","Horizontal","Línea divisoria pintada","Sin restricción"
2014,7308,02/06/2014,"Lunes",0,05:40:00,"Ruta Nacional 11","356.0",1,"Moto/Ciclomotor","RN11 y acc al Psiquiátrico ",1,1,0,0,0,0,0,"-32.532694, -60.871234","Ruta",11,"OLIVEROS","Iriondo","Asfalto","Natural","X","Dentro","Rural","Ninguna","No existe","Intersección","Bueno","Buena","Nocturna,Con luz artificial","Buen Tiempo","S/D","S/D","Caída ocupante","Otro","Horizontal,Vertical","Vegetación","Sin restricción"
2014,7309,12/02/2014,"Miercoles",0,10:30:00,"Ruta Nacional A012","7.0",2,"Camión,Automóvil","RNA012 y RP18 ",5,1,0,0,3,1,0,"-33.089654, -60.699862","Ruta","A012","PIÑERO","Rosario","Asfalto","Natural","II","Dentro","Urbana","Ninguna","No existe","Cruce","Bueno","Buena","Diurna","Buen Tiempo","Lateral","S/D","Colisión","S/D","Vertical","Línea divisoria pintada","Sin restricción"
2014,7310,06/06/2014,"Viernes",0,14:35:00,"Ruta Nacional 11","350.0",2,"Moto/Ciclomotor,Pickup/Utilitario","RN 11 y Rivadavia ",2,0,0,0,1,1,0,"-32.584992, -60.849105","Ruta",11,"OLIVEROS","Iriondo","Asfalto","Natural","X","Dentro","Urbana","Ninguna","No existe","Recta","Bueno","Buena","Diurna","Buen Tiempo","De alcance","S/D","Colisión","S/D","Horizontal","Línea divisoria pintada","Sin restricción"
2014,7311,23/02/2014,"Domingo",0,07:00:00,"Ruta Nacional 11","319.0",2,"Automóvil,Moto/Ciclomotor","Av San Lorenzo Y Salta",8,1,2,0,4,1,0,"-32.828638, -60.712472","Ruta",11,"CAPITÁN BERMÚDEZ","San Lorenzo","Hormigón","Pavimento","XVII","Dentro","Urbana","Ninguna","No existe","Intersección","Bueno","Buena","Diurna","Buen Tiempo","Lateral","S/D","Colisión","Ninguna","Horizontal","Línea divisoria pintada","Sin restricción"
2014,7312,19/06/2014,"Jueves",0,15:30:00,"Ruta Nacional 11","349.0",1,"Moto/Ciclomotor"," ",2,1,0,0,1,0,0,"-32.596617, -60.846691","Ruta",11,"OLIVEROS","Iriondo","Asfalto","Natural","X","Dentro","Rural","Marca Vial","No existe","Recta","Otro","Buena","Diurna","Buen Tiempo","S/D","S/D","Caída ocupante","Otro","Horizontal,Vertical","Línea divisoria pintada","Obra en Construcción"
2014,7313,26/02/2014,"Miercoles",0,02:20:00,,"0.0",1,"Moto/Ciclomotor","Bvard Pasteur 344",2,0,0,0,0,1,1,"-32.032222222222,-61.226138888889","Avenida",,"GÁLVEZ","San Jerónimo","Asfalto","S/D","XV","Fuera","Urbana","Ninguna","No existe","Recta","Bueno","Buena","Nocturna","Buen Tiempo","Contra objeto fijo","S/D","Colisión","S/D","S/D","Vegetación","Sin restricción"
2014,7314,26/02/2014,"Miercoles",0,10:30:00,"Autopista Nacional A008","18.0",2,"Moto/Ciclomotor,Pickup/Utilitario","Av. Circunvalacion Y Av. Ovidio Lagos",4,0,0,0,3,1,0,"-33.009194444444,-60.67725","Autopista","A008","ROSARIO","Rosario","Asfalto","Natural","II","Dentro","Urbana","Otra Señal","No existe","Recta","Bueno","Buena","Diurna","Buen Tiempo","Lateral","S/D","Colisión","S/D","Vertical","Guardarrail","Sin restricción"
2014,7315,27/07/2014,"Domingo",0,01:45:00,,"0.0",2,"Moto/Ciclomotor,Camión","Jujuy Y Liniers Santiago",2,0,0,0,1,1,0,"-33.739444444444,-61.957638888889","Calle",,"VENADO TUERTO","General López","Asfalto","No existe","VIII","Dentro","Urbana","S/D","No existe","Intersección","Bueno","S/D","Nocturna","Buen Tiempo","S/D","S/D","Colisión","S/D","S/D","S/D","S/D"
2014,7316,27/02/2014,"Jueves",0,01:30:00,,"0.0",2,"Automóvil,Moto/Ciclomotor","Dorrego Y Uruguay",2,0,0,0,1,1,0,"-32.974777777778,-60.656861111111","Calle",,"ROSARIO","Rosario","Asfalto","No existe","II","Dentro","Urbana","Ninguna","No existe","Intersección","Bueno","Buena","Nocturna","Buen Tiempo","Lateral","S/D","Colisión","Ninguna","Faltante","Ninguna","Sin restricción"
2014,7317,09/03/2014,"Domingo",0,06:30:00,,"0.0",1,"Moto/Ciclomotor","Bv San Martin ",1,0,0,0,0,1,0,"-32.231159, -60.981628","Avenida",,"BARRANCAS","San Jerónimo","Asfalto","Pavimento","XV","S/D","Urbana","Ninguna","No existe","Recta","Bueno","Buena","Amanecer","Buen Tiempo","Contra objeto fijo","S/D","Caída ocupante","S/D","S/D","Ninguna","Sin restricción"
2014,7318,09/03/2014,"Domingo",0,07:30:00,,"0.0",2,"Moto/Ciclomotor,Automóvil","Jorge Newbery Y Av Fuerza Aerea",2,0,0,0,1,1,0,"-32.909410, -60.765522","Calle",,"FUNES","Rosario","Asfalto","Natural","II","Dentro","Urbana","Ninguna","No existe","Curva","Bueno","Buena","Amanecer","Niebla","Lateral","S/D","Colisión","Ninguna","Faltante","Ninguna","Sin restricción"
2014,7319,01/03/2014,"Sabado",0,15:10:00,"Ruta Nacional 34","334.0",2,"Automóvil,Camión"," ",4,1,0,0,1,2,0,"-30.302400, -61.698242","Ruta",34,"ARRUFÓ","San Cristóbal","Asfalto","Natural","XIII","Dentro","Rural","S/D","No existe","Recta","Otro","Buena","Diurna","Buen Tiempo","De alcance","S/D","Colisión","S/D","S/D","Línea divisoria pintada","Sin restricción"
2014,7320,09/03/2014,"Domingo",0,01:25:00,,"0.0",1,"Moto/Ciclomotor","BV HIPOLITO IRIGOYEN 1500",1,0,0,0,0,1,0,"-29.152861111111,-59.657361111111","Calle",,"RECONQUISTA","General Obligado","Asfalto","Natural","IX","Fuera","S/D","Semáforo","Funciona","Recta","Bueno","Buena","Nocturna","Buen Tiempo","Otro","S/D","Caída ocupante","Otro","Vertical","Cordón divisorio","Sin restricción"
2014,7321,11/03/2014,"Martes",0,19:15:00,,"0.0",2,"Moto/Ciclomotor,Pickup/Utilitario","Av. Arijon Y Pje. Turin",3,1,0,0,1,1,0,"-33.003388888889,-60.661277777778","Avenida",,"ROSARIO","Rosario","Asfalto","No existe","II","Dentro","Urbana","Ninguna","No existe","Intersección","Bueno","Buena","Atardecer","Buen Tiempo","Lateral","S/D","Colisión","S/D","Faltante","Línea divisoria pintada","Sin restricción"
2014,7322,09/03/2014,"Domingo",0,20:40:00,"Ruta Nacional A012","8.0",2,"Automóvil,Moto/Ciclomotor"," ",4,0,0,0,3,1,0,"-33.090056, -60.713352","Ruta","A012","PIÑERO","Rosario","Asfalto","Natural","II","Dentro","Urbana","Ninguna","No existe","Recta","Bueno","Buena","Nocturna","Buen Tiempo","Frontal","S/D","Colisión","Ninguna","Vertical","Línea divisoria pintada","Sin restricción"
2014,7324,01/03/2014,"Sabado",0,20:30:00,"Ruta Provincial 70","0.0",2,"Automóvil,Moto/Ciclomotor","Brigadier Lopez Y Polter",2,0,0,0,1,1,0,"-31.452833333333,-60.888055555556","Ruta",70,"ESPERANZA","Las Colonias","Asfalto","Ripio","XI","Dentro","Urbana","Ninguna","No existe","Intersección","Bueno","S/D","Nocturna","S/D","Lateral","S/D","Colisión","S/D","S/D","Línea divisoria pintada","Sin restricción"
2014,7325,13/03/2014,"Jueves",0,15:00:00,"Autopista Nacional Gral. Juan Jose Valle","281.0",1,"Pickup/Utilitario"," ",1,0,0,0,0,1,0,"-33.065253, -60.647861","Autopista","Gral. Juan Jose Valle","ALVEAR","Rosario","Asfalto","Natural","II","Fuera","Rural","Ninguna","No existe","Recta","Bueno","Buena","Diurna","Buen Tiempo","Otro","S/D","Vuelco","Otro","Horizontal,Vertical","Ninguna","Sin restricción"
2014,7326,14/03/2014,"Viernes",0,22:30:00,"Ruta Nacional 9","344.0",1,"Automóvil"," ",1,0,0,0,0,1,0,"-32.875514, -61.072662","Ruta",9,"SAN JERÓNIMO SUR","San Lorenzo","Asfalto","Natural","XVII","S/D","Rural","Ninguna","No existe","Curva","Bueno","Buena","Nocturna","Buen Tiempo","S/D","S/D","Vuelco,Despiste","S/D","Horizontal,Vertical","Línea divisoria pintada","Sin restricción"
2014,7327,08/03/2014,"Sabado",0,18:50:00,,"0.0",2,"Moto/Ciclomotor,Tractor"," ",2,0,0,0,1,1,0,"-30.339233, -61.905606","Camino Rural",,"SAN GUILLERMO","San Cristóbal","Tierra","No existe","XIII","Dentro","Rural","Ninguna","No existe","Intersección","Bueno","Reducida p/ objetos","Atardecer","Buen Tiempo","Lateral","S/D","Colisión","Otro","Faltante","Ninguna","Sin restricción"
2014,7328,10/03/2014,"Lunes",0,02:00:00,,"0.0",1,"Moto/Ciclomotor","Gorriti 3700",1,0,0,0,0,1,0,"-31.587722222222,-60.704611111111","Avenida",,"SANTA FE","La Capital","Asfalto","Pavimento","I","Dentro","Urbana","S/D","No existe","Recta","Bueno","Buena","Nocturna","Buen Tiempo","Contra objeto fijo","S/D","Colisión","S/D","S/D","S/D","S/D"
2014,7329,14/03/2014,"Viernes",0,07:50:00,,"0.0",2,"Peatón,Transporte de Pasajeros Urbano (> 8 asientos)","Mendoza Y San Jose",2,0,0,0,1,1,0,"-31.645194444444,-60.722694444444","Calle",,"SANTA FE","La Capital","S/D","S/D","I","Dentro","Urbana","S/D","S/D","S/D","S/D","S/D","Diurna","S/D","S/D","S/D","Atropello","S/D","S/D","S/D","S/D"
2014,7330,10/03/2014,"Lunes",0,18:05:00,"Ruta Provincial 21","0.0",2,"Moto/Ciclomotor,Camión","Ruta Prov 21 ",2,0,0,0,0,1,1,"-33.228555, -60.339132","Ruta",21,"VILLA CONSTITUCIÓN","Constitución","Asfalto","S/D","VI","Dentro","Urbana","S/D","S/D","Recta","Bueno","Buena","Atardecer","Buen Tiempo","Contra objeto fijo","S/D","Colisión","S/D","S/D","Ninguna","S/D"
2014,7331,17/03/2014,"Lunes",0,01:10:00,"Ruta Nacional 11","0.0",1,"Moto/Ciclomotor","Av Blas Parera Y La Pampa",1,0,0,0,0,1,0,"-31.57625,-60.728333333333","Ruta",11,"SANTA FE","La Capital","Hormigón","No existe","I","Dentro","Urbana","Otra Señal","No existe","Intersección","Bueno","Buena","Nocturna","Buen Tiempo","Contra objeto fijo","S/D","Colisión","Otro","Vertical","Guardarrail","Reparación de Vía"
2014,7332,15/03/2014,"Sabado",0,01:50:00,,"0.0",1,"Moto/Ciclomotor","Avenida San Martin Y Padre Tibaldo",1,0,0,0,0,1,0,"-28.488416666667,-59.354222222222","Avenida",,"VILLA OCAMPO","General Obligado","Asfalto","Natural","IX","S/D","Urbana","Semáforo","No existe","Intersección","Resbaladiza","Buena","Nocturna","Otro","Contra objeto fijo","S/D","Caída ocupante","Otro","Horizontal","Cordón divisorio","Sin restricción"
2014,7333,22/03/2014,"Sabado",0,01:45:00,"Autopista Nacional Rosario -Cordoba","398.0",2,"Camión,Camión"," ",2,0,0,0,1,1,0,"-32.779138, -61.780960","Autopista","Rosario -Cordoba","TORTUGAS","Belgrano","Asfalto","Natural","III","Dentro","Rural","Ninguna","No existe","Recta","Bueno","Buena","Nocturna","Buen Tiempo","De alcance","S/D","Colisión","Ninguna","Horizontal","Vegetación","Sin restricción"
2014,7334,20/03/2014,"Jueves",0,13:00:00,"Ruta Provincial 70","0.0",2,"Bicicleta,Automóvil","Av Luis Fanti Y Ituzaingo",2,0,0,0,1,1,0,"-31.261555555556,-61.496388888889","Ruta",70,"RAFAELA","Castellanos","Asfalto","No existe","V","S/D","Urbana","S/D","No existe","Intersección","Bueno","Buena","Diurna","Buen Tiempo","S/D","S/D","Atropello","S/D","S/D","S/D","S/D"
2014,7335,24/03/2014,"Lunes",0,09:00:00,,"0.0",2,"Moto/Ciclomotor,Transporte de Pasajeros Urbano (> 8 asientos)","Av Brasil Y Lavalle",4,0,0,0,3,1,0,"-31.243527777778,-61.48825","Avenida",,"RAFAELA","Castellanos","Hormigón","S/D","V","Dentro","Urbana","S/D","S/D","Intersección","Bueno","Buena","Diurna","Buen Tiempo","Lateral","S/D","Colisión","S/D","S/D","S/D","S/D"
2014,7336,21/03/2014,"Viernes",0,17:40:00,,"0.0",1,"Moto/Ciclomotor","CAMINO VIEJO SAÑUDO ",1,0,0,0,0,1,0,"-31.073842, -60.094657","Camino Rural",,"HELVECIA","Garay","Tierra","Natural","VII","S/D","Rural","Ninguna","No existe","Recta","Bueno","S/D","Atardecer","Buen Tiempo","S/D","S/D","Caída ocupante","S/D","Faltante","Ninguna","Sin restricción"
2014,7337,27/03/2014,"Jueves",0,20:30:00,"Ruta Nacional 11","874.7",1,"Tractor"," ",1,0,0,0,0,1,0,"-28.467247, -59.341001","Ruta",11,"VILLA OCAMPO","General Obligado","Asfalto","Natural","IX","Fuera","Urbana","Ninguna","No existe","Recta","Bueno","Buena","Nocturna,Con luz artificial","Buen Tiempo","S/D","S/D","Vuelco","Fluidos","Faltante","Cordón divisorio","Sin restricción"
2014,7338,29/03/2014,"Sabado",0,16:25:00,,"0.0",2,"Peatón,Moto/Ciclomotor","Santa Fe ",2,0,1,0,0,1,0,"-32.935746, -60.712717","Calle",,"ROSARIO","Rosario","Asfalto","No existe","II","Dentro","Urbana","Ninguna","No existe","Recta","Bueno","Buena","Nocturna","Buen Tiempo","S/D","S/D","Atropello","S/D","Faltante","Línea divisoria pintada","Sin restricción"
2014,7339,28/03/2014,"Viernes",0,16:00:00,,"0.0",2,"Peatón,Automóvil","8 De Septiembre ",2,0,0,0,1,1,0,"-31.451608, -61.706421","Calle",,"CLUCELLAS","Castellanos","S/D","S/D","V","Dentro","Urbana","S/D","S/D","Otro","S/D","Buena","Diurna","Buen Tiempo","S/D","S/D","Atropello","S/D","S/D","S/D","S/D"
2014,7340,30/03/2014,"Domingo",0,06:15:00,,"0.0",1,"Moto/Ciclomotor","Estanislao Lopez ",2,0,0,1,0,1,0,"-29.889618, -60.286969","Avenida",,"CALCHAQUÍ","Vera","Asfalto","S/D","XIX","S/D","Urbana","Ninguna","No existe","Recta","Bueno","S/D","Diurna","Buen Tiempo","Otro","S/D","Caída ocupante","S/D","Faltante","S/D","Sin restricción"
2014,7341,16/03/2014,"Domingo",0,16:15:00,"Ruta Nacional 34","294.9",2,"Pickup/Utilitario,Camión"," ",2,0,1,0,0,1,0,"-30.633792, -61.623551","Ruta",34,"LAS PALMERAS","San Cristóbal","Asfalto","Natural","XIII","S/D","Rural","Ninguna","No existe","Recta","Bueno","Buena","Diurna","Buen Tiempo","Frontal,Lateral","S/D","Colisión","S/D","S/D","Línea divisoria pintada","Sin restricción"
2014,7342,30/03/2014,"Domingo",0,19:45:00,"Ruta Nacional A009","6.0",2,"Bicicleta,Pickup/Utilitario"," ",2,0,0,0,1,1,0,"-29.205777, -59.629166","Ruta","A009","RECONQUISTA","General Obligado","Asfalto","S/D","IX","Dentro","Rural","Ninguna","S/D","Recta","Bueno","Reducida","Nocturna","Buen Tiempo","S/D","S/D","Atropello","Ninguna","S/D","Línea divisoria pintada","Sin restricción"
2014,7343,30/03/2014,"Domingo",0,10:05:00,"Ruta Provincial 39","0.0",1,"Automóvil"," ",2,1,0,0,0,1,0,"-30.563867, -59.986520","Ruta",39,"SAN JAVIER","San Javier","Asfalto","No existe","XIV","Fuera","Rural","Ninguna","No existe","Curva","Bueno","Reducida","Diurna","Lluvia","S/D","S/D","Vuelco","Agua","Faltante","Ninguna","Sin restricción"
2014,7344,07/02/2014,"Viernes",0,15:00:00,"Ruta Nacional 11","874.0",1,"Moto/Ciclomotor"," ",1,0,0,0,0,1,0,"-28.474601, -59.345441","Ruta",11,"VILLA OCAMPO","General Obligado","Asfalto","S/D","IX","S/D","Rural","S/D","S/D","Recta","S/D","S/D","Diurna","S/D","S/D","S/D","Despiste","S/D","S/D","S/D","S/D"
2014,7345,13/02/2014,"Jueves",0,03:55:00,,"0.0",2,"Moto/Ciclomotor,Camión","Bv Lucio Ledesma Y 9 de Julio",2,0,1,0,1,0,0,,"Avenida",,"AROCENA","San Jerónimo","S/D","S/D","XV","S/D","Urbana","S/D","S/D","S/D","S/D","S/D","Nocturna","S/D","S/D","S/D","Colisión","S/D","S/D","S/D","S/D"
2014,7346,08/02/2014,"Sabado",0,03:30:00,"Ruta Nacional 33","693.0",4,"Camión,Camión,Pickup/Utilitario,Automóvil"," ",8,7,0,0,0,1,0,"-33.387054, -61.474643","Ruta",33,"VILLADA","Caseros","Asfalto","S/D","IV","Dentro","Rural","S/D","S/D","Recta","S/D","S/D","Nocturna","S/D","Múltiple","S/D","Colisión","S/D","S/D","S/D","S/D"
2014,7347,14/02/2014,"Viernes",0,20:20:00,,"0.0",3,"Moto/Ciclomotor,Peatón,Peatón","Pje. Sicilia 900",3,0,1,0,1,0,1,,"Calle",,"ROSARIO","Rosario","S/D","No existe","II","S/D","Urbana","S/D","S/D","S/D","S/D","S/D","Nocturna","S/D","S/D","S/D","Atropello","S/D","S/D","S/D","S/D"