"anio_acci","nro_acci","fecha","desc_dia","fecha_aprox","hora_aprox","desc_ruta","km","cant_participantes","desc_participante","calle_avenida_km","total","heridos_leves","heridos_graves","heridos_gravisimos","ilesos","fallecidos","sin_datos","posicion_XY","desc_tipo_via","desc_ruta_ori","desc_loc","desc_dpto","desc_tipo_calzada","desc_tipo_banquina","desc_unidad_regional","desc_lugar_calzada","desc_zona","desc_prioridad","desc_estado_semaforo","desc_lugar_via","desc_estado_via","desc_estado_visibilidad","desc_luminosidad","desc_estado_clima","desc_tipo_colision","desc_tipo_atropello","desc_tipo_hecho","desc_pres_calzada","desc_senializacion","desc_separacion_via","desc_restriccion"
2014,7348,08/02/2014,"Sabado",0,07:45:00,"Autopista Nacional A008","0.0",1,"Automóvil","Av. Circunvalacion Y Bv. Avellaneda",2,1,0,0,0,1,0,"-33.000055555556,-60.689388888889","Autopista","A008","ROSARIO","Rosario","Asfalto","S/D","II","S/D","Urbana","S/D","S/D","Intersección","S/D","S/D","Diurna","S/D","Contra objeto fijo","S/D","Colisión","S/D","S/D","Guardarrail","S/D"
2014,7349,15/02/2014,"Sabado",0,03:30:00,"Ruta Nacional 34","6.0",2,"Automóvil,Camión"," ",4,2,0,0,2,0,0,,"Ruta",34,"IBARLUCEA","Rosario","Asfalto","Natural","II","S/D","S/D","S/D","S/D","Recta","S/D","S/D","Nocturna","S/D","S/D","S/D","Colisión","S/D","S/D","S/D","S/D"
2014,7350,09/02/2014,"Domingo",0,07:30:00,,"0.0",2,"Automóvil,Moto/Ciclomotor","Av Urquiza Y Av Gral Lopez",5,3,1,0,0,1,0,"-31.655888888889,-60.716138888889","Avenida",,"SANTA FE","La Capital","S/D","S/D","I","S/D","Urbana","S/D","S/D","Intersección","S/D","S/D","Nocturna","S/D","S/D","S/D","Colisión","S/D","S/D","S/D","S/D"
2014,7351,15/02/2014,"Sabado",0,,,"0.0",2,"Moto/Ciclomotor,Pickup/Utilitario","S/D ",2,0,0,0,0,1,1,"-33.745262, -61.968453","S/D",,"VENADO TUERTO","General López","S/D","S/D","VIII","S/D","S/D","S/D","S/D","S/D","S/D","S/D","S/D","S/D","S/D","S/D","Colisión","S/D","S/D","S/D","S/D"
2014,7352,10/02/2014,"Lunes",0,,"Ruta Nacional 33","536.0",3,"Automóvil,Moto/Ciclomotor,Pickup/Utilitario"," ",4,0,0,0,2,1,1,"-34.277015, -62.690203","Ruta",33,"RUFINO","General López","Asfalto","S/D","VIII","Dentro","Rural","S/D","S/D","Recta","S/D","S/D","S/D","S/D","S/D","S/D","Colisión","S/D","S/D","S/D","Accidente Previo"
2014,7353,17/02/2014,"Lunes",0,01:15:00,"Ruta Nacional 11","0.0",1,"Tracción animal / Carro","PUENTE CARRETERO ",6,0,1,0,1,1,3,"-31.665860, -60.742320","Ruta",11,"SANTA FE","La Capital","S/D","No existe","I","Dentro","Urbana","S/D","S/D","Puente","S/D","S/D","Nocturna","S/D","S/D","S/D","S/D","S/D","S/D","S/D","S/D"
2014,7354,17/02/2014,"Lunes",0,19:30:00,"Ruta Provincial 14","29.0",2,"Tren,Peatón"," ",3,0,1,0,2,0,0,,"Ruta",14,"PUEBLO MUÑOZ","Rosario","S/D","S/D","II","S/D","S/D","S/D","S/D","Paso a Nivel FFCC","S/D","S/D","Atardecer","S/D","S/D","S/D","Atropello","S/D","S/D","S/D","S/D"
2014,7355,13/02/2014,"Jueves",0,01:00:00,"Ruta Nacional 11","897.0",2,"Transporte de Pasajeros,Peatón"," ",2,0,0,0,1,1,0,"-28.181562, -59.266808","Ruta",11,"LAS TOSCAS","General Obligado","Asfalto","S/D","IX","Dentro","Rural","S/D","S/D","Recta","S/D","S/D","Nocturna","S/D","S/D","S/D","Atropello","S/D","S/D","S/D","S/D"
2014,7356,08/02/2014,"Sabado",0,22:30:00,,"0.0",2,"Moto/Ciclomotor,Moto/Ciclomotor","Javier de la Rosa Y Necochea",3,1,0,0,0,0,2,,"Calle",,"SANTA FE","La Capital","Asfalto","No existe","I","Dentro","Urbana","S/D","S/D","Intersección","S/D","S/D","Nocturna","S/D","S/D","S/D","Colisión","S/D","S/D","S/D","S/D"
2014,7357,21/02/2014,"Viernes",0,20:10:00,"Ruta Nacional 11","0.0",3,"Moto/Ciclomotor,Automóvil,Automóvil"," ",3,0,1,0,0,0,2,,"Ruta",11,"GOBERNADOR CRESPO","San Justo","Asfalto","S/D","XVI","S/D","S/D","S/D","S/D","S/D","S/D","S/D","Nocturna","S/D","Múltiple","S/D","Colisión","S/D","S/D","S/D","S/D"
2014,7358,21/02/2014,"Viernes",0,21:00:00,,"0.0",2,"Vehículo Oficial,Moto/Ciclomotor","Simon de Iriondo Y Obispo Gelabert",2,1,0,0,1,0,0,,"Calle",,"SANTO TOMÉ","La Capital","S/D","S/D","I","S/D","S/D","S/D","S/D","Intersección","S/D","S/D","Nocturna","S/D","S/D","S/D","Colisión","S/D","S/D","S/D","S/D"
2014,7359,21/02/2014,"Viernes",0,22:30:00,,"0.0",2,"Vehículo Oficial,Automóvil","Mendoza Y 9 de Julio",2,1,0,0,1,0,0,,"Calle",,"SANTA FE","La Capital","S/D","S/D","I","S/D","Urbana","S/D","S/D","Intersección","S/D","S/D","Nocturna","S/D","S/D","S/D","Colisión","S/D","S/D","S/D","S/D"
2014,7360,26/02/2014,"Miercoles",0,22:35:00,"Ruta Nacional 8","343.0",2,"Camión,Automóvil"," ",2,0,1,0,1,0,0,,"Ruta",8,"VENADO TUERTO","General López","S/D","S/D","VIII","S/D","S/D","S/D","S/D","Recta","S/D","S/D","Nocturna","S/D","S/D","S/D","Colisión","S/D","S/D","S/D","S/D"
2014,7361,27/02/2014,"Jueves",0,13:00:00,"Ruta Provincial 21","287.0",2,"Camión,Automóvil"," ",2,2,0,0,0,0,0,,"Ruta",21,"ALVEAR","Rosario","S/D","S/D","II","S/D","S/D","S/D","S/D","Recta","S/D","S/D","Diurna","S/D","S/D","S/D","Colisión","S/D","S/D","S/D","S/D"
2014,7362,28/02/2014,"Viernes",0,09:30:00,,"0.0",2,"Moto/Ciclomotor,Automóvil","MENDOZA Y ESTADOS UNIDOS",3,2,0,0,1,0,0,,"Avenida",,"ROSARIO","Rosario","S/D","S/D","II","S/D","Urbana","S/D","S/D","Intersección","S/D","S/D","Diurna","S/D","S/D","S/D","Colisión","S/D","S/D","S/D","S/D"
2014,7363,01/03/2014,"Sabado",0,12:10:00,,"0.0",1,"Automóvil","San Martin Y Saavedra",1,1,0,0,0,0,0,,"Calle",,"ROSARIO","Rosario","Asfalto","S/D","II","S/D","Urbana","S/D","S/D","Intersección","S/D","S/D","Diurna","S/D","Contra objeto fijo","S/D","Colisión","S/D","S/D","S/D","S/D"
2014,7365,02/03/2014,"Domingo",0,,,"0.0",2,"Moto/Ciclomotor,Automóvil","San Martin Y 9 de Julio",2,0,1,0,1,0,0,,"Calle",,"TEODELINA","General López","S/D","S/D","VIII","Dentro","Urbana","S/D","S/D","S/D","S/D","S/D","S/D","S/D","S/D","S/D","Colisión","S/D","S/D","S/D","S/D"
2014,7366,02/03/2014,"Domingo",0,23:30:00,,"0.0",1,"Moto/Ciclomotor","PUENTE CARRETERO ",1,0,0,0,0,1,0,"-31.666471, -60.745351","S/D",,"SANTA FE","La Capital","Asfalto","No existe","I","Dentro","Urbana","S/D","S/D","Puente","S/D","S/D","Nocturna","S/D","Contra objeto fijo","S/D","Colisión","S/D","S/D","S/D","S/D"
2014,7367,03/03/2014,"Lunes",0,15:00:00,"Ruta Nacional 8","308.0",1,"Automóvil"," ",4,0,0,0,0,3,1,"-33.808320, -61.384574","Ruta",8,"HUGHES","General López","Asfalto","S/D","VIII","Fuera","Rural","S/D","S/D","Recta","Resbaladiza","S/D","Diurna","Lluvia","Contra objeto fijo","S/D","Colisión","Agua","S/D","S/D","S/D"
2014,7368,03/03/2014,"Lunes",0,18:30:00,,"0.0",2,"Automóvil,Moto/Ciclomotor","Belgrano Y Independencia",3,0,0,0,0,1,2,"-33.700054, -61.616886","Calle",,"ELORTONDO","General López","S/D","S/D","VIII","Dentro","Urbana","S/D","S/D","Intersección","S/D","S/D","Diurna","S/D","S/D","S/D","Colisión","S/D","S/D","S/D","S/D"
2014,7369,05/03/2014,"Miercoles",0,08:00:00,,"0.0",3,"Moto/Ciclomotor,Peatón,Peatón","CERRITO Y PJE 1707",4,3,0,0,1,0,0,,"Calle",,"ROSARIO","Rosario","S/D","S/D","II","Dentro","Urbana","S/D","S/D","Intersección","S/D","S/D","Diurna","S/D","S/D","S/D","Atropello","S/D","S/D","S/D","S/D"
2014,7370,05/03/2014,"Miercoles",0,,,"0.0",2,"Moto/Ciclomotor,Pickup/Utilitario","Garibaldi Y Falucho",2,0,1,0,1,0,0,,"Calle",,"VENADO TUERTO","General López","S/D","S/D","VIII","S/D","Urbana","S/D","S/D","Intersección","S/D","S/D","S/D","S/D","S/D","S/D","Colisión","S/D","S/D","S/D","S/D"
2014,7371,09/03/2014,"Domingo",0,23:00:00,,"0.0",1,"Moto/Ciclomotor","Gorriti 3000",1,0,0,0,0,1,0,"-31.589916666667,-60.695111111111","Calle",,"SANTA FE","La Capital","S/D","S/D","I","Dentro","Urbana","Otra Señal","S/D","S/D","S/D","S/D","Nocturna","S/D","S/D","S/D","Caída ocupante","Otro","S/D","S/D","Reparación de Vía"
2014,7372,09/03/2014,"Domingo",0,05:00:00,,"0.0",2,"Automóvil,Automóvil","Darragueira Y Matheu",3,0,0,0,0,0,3,,"Calle",,"ROSARIO","Rosario","Asfalto","No existe","II","Dentro","Urbana","S/D","S/D","Intersección","Bueno","S/D","Nocturna","S/D","S/D","S/D","Colisión","S/D","S/D","S/D","S/D"
2014,7373,12/07/2014,"Sabado",0,05:00:00,,"0.0",1,"Moto/Ciclomotor","Santiago Y Rosario",1,0,0,0,0,1,0,"-32.824138888889,-60.71575","Calle",,"CAPITÁN BERMÚDEZ","San Lorenzo","Asfalto","No existe","XVII","Dentro","Urbana","Ninguna","No existe","Recta","Bueno","Buena","Diurna","Buen Tiempo","Contra objeto fijo","S/D","Colisión","S/D","Faltante","Ninguna","Sin restricción"
2014,7374,11/04/2014,"Viernes",0,17:20:00,"Autopista Provincial Brigadier E.López","9.0",1,"Automóvil"," ",1,0,0,0,0,1,0,"-32.810688, -60.741824","Autopista","Brigadier E.López","RICARDONE","San Lorenzo","Asfalto","S/D","XVII","Dentro","Rural","S/D","S/D","Recta","Bueno","Buena","Diurna","Buen Tiempo","S/D","S/D","Vuelco","S/D","S/D","S/D","S/D"
2014,7375,07/04/2014,"Lunes",0,05:50:00,"Ruta Nacional 9","360.0",2,"Pickup/Utilitario,Bicicleta"," ",2,0,0,0,1,1,0,"-32.853477, -61.245129","Ruta",9,"CORREA","Iriondo","Hormigón","Natural","X","Dentro","Urbana","Ninguna","No existe","Recta","Bueno","Reducida","Amanecer","Lluvia","S/D","S/D","Atropello","S/D","Horizontal","Línea divisoria pintada","Sin restricción"
2014,7376,04/04/2014,"Viernes",0,02:40:00,"Autopista Provincial Brigadier E.López","126.8",2,"Camión,Camión"," ",2,0,0,0,1,1,0,"-31.821767, -60.881195","Autopista","Brigadier E.López","DESVÍO ARIJÓN","San Jerónimo","Asfalto","Pavimento","XV","Dentro","Rural","Ninguna","No existe","Recta","Bueno","Reducida","Nocturna","Buen Tiempo","De alcance","S/D","Colisión","S/D","Horizontal,Vertical","Vegetación,S/D","Sin restricción"
2014,7377,09/03/2014,"Domingo",0,,"Ruta Nacional 95","0.0",1,"Pickup/Utilitario"," ",1,0,0,0,0,0,1,,"Ruta",95,"GATO COLORADO","9 de Julio","Asfalto","S/D","XII","S/D","S/D","S/D","S/D","S/D","S/D","S/D","S/D","S/D","S/D","S/D","Despiste","S/D","S/D","S/D","S/D"
2014,7378,28/04/2014,"Lunes",0,19:20:00,"Ruta Provincial 93","0.0",2,"Automóvil,Automóvil"," ",4,2,1,0,0,1,0,"-33.538402, -61.480387","Ruta",93,"PUEBLO MIGUEL TORRES","General López","Asfalto","Natural","VIII","S/D","Rural","Ninguna","No existe","Curva","Bueno","Buena","Nocturna","Buen Tiempo","Lateral","S/D","Colisión","S/D","Faltante","Línea divisoria pintada","Sin restricción"
2014,7379,18/03/2014,"Martes",0,21:30:00,,"0.0",2,"Pickup/Utilitario,Peatón","Guillermo Brown Y Gral Jose de San Martin",2,0,1,0,1,0,0,,"Calle",,"VENADO TUERTO","General López","S/D","S/D","VIII","Dentro","Urbana","S/D","S/D","Intersección","S/D","S/D","Nocturna","S/D","S/D","S/D","Atropello","S/D","S/D","S/D","S/D"
2014,7380,26/04/2014,"Sabado",0,22:20:00,"Ruta Nacional 178","194.0",2,"Moto/Ciclomotor,Automóvil"," ",7,0,0,0,6,1,0,"-33.138454, -60.517322","Ruta",178,"LAS ROSAS","Belgrano","Asfalto","Natural","III","Dentro","Rural","Ninguna","No existe","Recta","Bueno","Buena","Con luz artificial","Buen Tiempo","Lateral","S/D","Colisión","Ninguna","Faltante","Ninguna","Sin restricción"
2014,7381,19/03/2014,"Miercoles",0,10:00:00,,"0.0",2,"Automóvil,Automóvil","Urquiza Y Av. Ovidio Lagos",2,1,0,0,1,0,0,,"Avenida",,"ROSARIO","Rosario","Asfalto","S/D","II","Dentro","Urbana","S/D","S/D","Intersección","Bueno","S/D","Diurna","S/D","S/D","S/D","Colisión","S/D","S/D","S/D","S/D"
2014,7382,03/04/2014,"Jueves",0,,"Ruta Provincial 90","5.0",2,"Bicicleta,Pickup/Utilitario"," ",2,0,0,0,1,1,0,"-33.267662, -60.361599","Ruta",90,"VILLA CONSTITUCIÓN","Constitución","Asfalto","Natural","VI","Dentro","Rural","Ninguna","No existe","Recta","Bueno","Buena","Atardecer","Buen Tiempo","S/D","S/D","Atropello","S/D","S/D","Ninguna,S/D","Sin restricción"
2014,7383,16/03/2014,"Domingo",0,01:55:00,,"0.0",2,"Automóvil,Automóvil","L.del Desierto Y Grandoli",4,3,0,0,0,1,0,"-32.982431, -60.680037","Calle",,"ROSARIO","Rosario","Asfalto","S/D","II","Dentro","Urbana","S/D","S/D","Intersección","S/D","S/D","Nocturna","S/D","S/D","S/D","Colisión","S/D","S/D","S/D","S/D"
2014,7384,25/04/2014,"Viernes",0,21:00:00,"Ruta Nacional 11","427.0",2,"Automóvil,Camión"," ",2,0,0,0,1,1,0,"-31.934279, -60.913832","Ruta",11,"CORONDA","San Jerónimo","Asfalto","Natural","XV","Dentro","Rural","Otra Señal","No existe","Recta","Bueno","Buena","Nocturna,Con luz artificial","Buen Tiempo","De alcance","S/D","Colisión","S/D","Faltante","Línea divisoria pintada","Accidente Previo"
2014,7385,26/04/2014,"Sabado",0,20:40:00,,"0.0",2,"Moto/Ciclomotor,Camión","Pacheco 400",4,0,0,0,2,2,0,"-32.910138888889,-60.692444444444","S/D",,"ROSARIO","Rosario","Asfalto","No existe","II","S/D","S/D","Otra Señal","No existe","Recta","Bueno","Buena","Nocturna","Buen Tiempo","Contra objeto fijo","S/D","Colisión","Ninguna","Horizontal","Ninguna","Sin restricción"
2014,7386,25/04/2014,"Viernes",0,20:00:00,"Ruta Nacional 11","427.0",2,"Camión,Moto/Ciclomotor"," ",3,0,0,0,1,2,0,"-31.934010, -60.913612","Ruta",11,"CORONDA","San Jerónimo","Asfalto","Natural","XV","S/D","Rural","Ninguna","No existe","Recta","Bueno","Reducida","Nocturna","Buen Tiempo","Lateral","S/D","Colisión","S/D","Faltante","Línea divisoria pintada","Sin restricción"
2014,7387,02/04/2014,"Miercoles",0,20:00:00,"Ruta Nacional 178","0.0",2,"Moto/Ciclomotor,Moto/Ciclomotor","Av A y L Dickinson ruta 178 100",3,1,1,0,0,1,0,"-32.481888888889,-61.590361111111","Ruta",178,"LAS ROSAS","Belgrano","Asfalto","Natural","III","Dentro","Urbana","Ninguna","No existe","Recta","Bueno","Buena","Nocturna,Con luz artificial","Buen Tiempo","Frontal","S/D","Colisión","S/D","Faltante","Ninguna","Sin restricción"
2014,7388,20/04/2014,"Domingo",0,18:00:00,"Ruta Nacional A012","0.0",2,"Automóvil,Automóvil","RNA012 y RP18 ",7,3,1,0,2,1,0,"-33.089641, -60.699750","Ruta","A012","PIÑERO","Rosario","Asfalto","Natural","II","Dentro","Urbana","Señal Pare","No existe","Cruce","Bueno","Buena","Atardecer","Buen Tiempo","Lateral","S/D","Colisión","S/D","Horizontal,Vertical","Línea divisoria pintada","Sin restricción"
2014,7389,24/04/2014,"Jueves",0,12:45:00,"Ruta Nacional 11","464.0",1,"Moto/Ciclomotor","alt Cilsa ",3,2,0,0,0,1,0,"-31.664103, -60.734208","Ruta",11,"SANTA FE","La Capital","Asfalto","Natural","I","Dentro","Urbana","Ninguna","No existe","Recta","Bueno","Buena","Diurna","Buen Tiempo","Otro","S/D","Colisión","Ninguna","Faltante","S/D","Sin restricción"
2014,7390,17/04/2014,"Jueves",0,18:25:00,"Autopista Nacional Rosario -Cordoba","326.0",2,"Pickup/Utilitario,Camión"," ",2,1,0,0,0,1,0,"-32.900633, -61.033529","Autopista","Rosario -Cordoba","SAN JERÓNIMO SUR","San Lorenzo","Asfalto","Natural","XVII","Dentro","Rural","Ninguna","No existe","Recta","Con baches","Buena","Atardecer,Con luz artificial","Buen Tiempo","De alcance","S/D","Colisión","S/D","Horizontal","Guardarrail","Sin restricción"
2014,7391,23/04/2014,"Miercoles",0,13:40:00,,"0.0",2,"Moto/Ciclomotor,Camión","Bv. Avellaneda Y Biedma",2,0,0,0,1,1,0,"-32.974055555556,-60.687944444444","Avenida",,"ROSARIO","Rosario","Asfalto","No existe","II","S/D","Urbana","Ninguna","No existe","Intersección","Deteriorada","Buena","Diurna","Buen Tiempo","S/D","S/D","Colisión","Ninguna","Faltante","Cordón divisorio","Sin restricción"
2014,7392,20/03/2014,"Jueves",0,12:15:00,,"0.0",2,"Moto/Ciclomotor,Peatón","San Martin ",2,1,0,0,1,0,0,"-31.640055555556,-60.704611111111","Calle",,"SANTA FE","La Capital","S/D","S/D","I","Dentro","Urbana","S/D","S/D","S/D","S/D","S/D","Diurna","S/D","S/D","S/D","Atropello","S/D","S/D","S/D","S/D"
2014,7393,19/04/2014,"Sabado",0,15:00:00,"Ruta Nacional 34","169.0",2,"Pickup/Utilitario,Moto/Ciclomotor"," ",6,0,0,0,5,1,0,"-31.701545, -61.554500","Ruta",34,"SAN VICENTE.","Castellanos","Asfalto","S/D","V","S/D","Rural","S/D","S/D","Recta","Bueno","Buena","Diurna","S/D","S/D","S/D","Colisión","S/D","S/D","S/D","S/D"
2014,7394,22/04/2014,"Martes",0,12:45:00,"Autopista Nacional Rosario -Cordoba","328.0",1,"Pickup/Utilitario"," ",2,1,0,0,0,1,0,"-32.902647, -61.023167","Autopista","Rosario -Cordoba","SAN JERÓNIMO SUR","San Lorenzo","Asfalto","Natural","XVII","Dentro","Urbana","Ninguna","No existe","Recta","Bueno","Buena","Diurna","Buen Tiempo","S/D","S/D","Vuelco","S/D","Vertical","Guardarrail","Sin restricción"
2014,7395,19/04/2014,"Sabado",0,05:00:00,,"0.0",1,"Moto/Ciclomotor","Mendoza 7500",3,2,0,0,0,1,0,"-32.940472222222,-60.723305555556","Avenida",,"ROSARIO","Rosario","S/D","S/D","II","Dentro","Urbana","S/D","S/D","S/D","S/D","S/D","S/D","S/D","S/D","S/D","S/D","S/D","S/D","Cordón divisorio,S/D","S/D"
2014,7396,21/03/2014,"Viernes",0,05:00:00,,"0.0",1,"Automóvil","Av. Pte.Peron Y Bv. 27 De Febrero",3,0,2,0,0,1,0,"-32.95875,-60.69325","Avenida",,"ROSARIO","Rosario","Asfalto","S/D","II","Dentro","Urbana","S/D","S/D","Intersección","Bueno","S/D","Nocturna,Con luz artificial","S/D","Contra objeto fijo","S/D","Colisión","S/D","S/D","Cordón divisorio","S/D"
2014,7397,14/04/2014,"Lunes",0,16:40:00,"Ruta Provincial 21","17.0",2,"Automóvil,Moto/Ciclomotor"," ",2,0,0,0,1,1,0,"-33.138454, -60.517322","Ruta",21,"ARROYO SECO","Rosario","Asfalto","Natural","II","S/D","Rural","Señal Ceda el Paso","No existe","Recta","Bueno","Buena","Atardecer","Buen Tiempo","Lateral","S/D","Colisión","S/D","Vertical","Línea divisoria pintada","Sin restricción"
2014,7398,17/04/2014,"Jueves",0,23:40:00,,"0.0",2,"Bicicleta,Transporte de Pasajeros Urbano (> 8 asientos)","Av. Ovidio Lagos Y Centeno",2,0,0,0,1,1,0,"-32.978416666667,-60.67025","Avenida",,"ROSARIO","Rosario","Asfalto","No existe","II","Dentro","Urbana","Ninguna","No existe","Recta","Bueno","Buena","Nocturna","Buen Tiempo","S/D","S/D","Atropello","Ninguna","Faltante","Cordón divisorio","Sin restricción"
2014,7399,02/04/2014,"Miercoles",0,14:15:00,,"0.0",2,"Camión,Bicicleta","Lopez y Planes 900",2,0,0,0,1,1,0,"-31.747076, -61.102799","Calle",,"SAN CARLOS CENTRO","Las Colonias","Tierra","No existe","XI","Dentro","Urbana","Ninguna","No existe","Recta","Deteriorada","Buena","Diurna","Buen Tiempo","De alcance","S/D","Atropello","Material Suelto","Faltante","Ninguna","Sin restricción"
2014,7400,14/04/2014,"Lunes",0,22:30:00,,"0.0",2,"Automóvil,Moto/Ciclomotor","Hipolito Irigoyen ",2,0,0,0,1,1,0,"-31.899690, -61.846945","Calle",,"SAN JORGE","San Martín","Asfalto","S/D","XVIII","Dentro","Urbana","S/D","S/D","Recta","Bueno","Buena","Nocturna","Buen Tiempo","Lateral","S/D","S/D","S/D","Vertical","S/D","Sin restricción"
2014,7401,30/05/2014,"Viernes",0,05:15:00,,"0.0",2,"Automóvil,Camión","Av. Ovidio Lagos 5200",3,0,0,0,1,2,0,"-32.998611111111,-60.675083333333","Avenida",,"ROSARIO","Rosario","Asfalto","No existe","II","S/D","Urbana","Ninguna","No existe","Recta","Bueno","Buena","Amanecer","Buen Tiempo","Otro","S/D","Colisión","Ninguna","Faltante","Ninguna","Sin restricción"
2014,7402,15/04/2014,"Martes",0,22:10:00,"Ruta Provincial 35","20.0",1,"Automóvil"," ",4,3,0,0,0,1,0,"-28.913654, -61.863853","Ruta",35,"TOSTADO","9 de Julio","Ripio","No existe","XII","Dentro","Rural","Ninguna","No existe","Recta","Resbaladiza","Reducida","Nocturna","Buen Tiempo","S/D","S/D","Vuelco","Otro","Faltante","Ninguna","Sin restricción"
2014,7403,27/03/2014,"Jueves",0,17:30:00,,"0.0",2,"Taxi/Remis,Moto/Ciclomotor","Rioja Y Lavalle",3,1,0,0,2,0,0,,"Calle",,"ROSARIO","Rosario","S/D","S/D","II","S/D","Urbana","S/D","S/D","Intersección","S/D","S/D","Diurna","S/D","Lateral","S/D","Colisión","S/D","S/D","S/D","S/D"
2014,7404,24/05/2014,"Sabado",0,17:05:00,"Ruta Provincial 6","61.0",1,"Bicicleta"," ",1,0,0,0,0,1,0,"-31.541147,-60.925019","Ruta",6,"ESPERANZA","Las Colonias","Asfalto","Natural","XI","S/D","Rural","Marca Vial","No existe","Recta","Bueno","Buena","Diurna","Buen Tiempo","S/D","S/D","Atropello","S/D","Vertical","Línea divisoria pintada","Sin restricción"
2014,7406,26/05/2014,"Lunes",0,19:25:00,,"0.0",2,"Moto/Ciclomotor,Pickup/Utilitario","San Martin Y Tierra del Fuego",2,0,0,0,1,1,0,"-33.240694444444,-60.316916666667","Avenida",,"VILLA CONSTITUCIÓN","Constitución","S/D","S/D","VI","Dentro","Urbana","S/D","S/D","Intersección","Bueno","Buena","Diurna","S/D","Frontal","S/D","Colisión","S/D","S/D","S/D","S/D"
2014,7407,18/05/2014,"Domingo",0,17:10:00,,"0.0",1,"Pickup/Utilitario","Av Fray Luis Beltran Y Avda Roque Saenz Peña",1,0,0,0,0,1,0,"-32.784623,-60.736022","Avenida",,"FRAY LUIS BELTRÁN","San Lorenzo","Ripio","Ripio","XVII","Fuera","Rural","Ninguna","No existe","Recta","Resbaladiza","Buena","Diurna","Buen Tiempo","Contra objeto fijo","S/D","Colisión","Ninguna","S/D","Ninguna","Sin restricción"
2014,7408,12/04/2014,"Sabado",0,21:45:00,"Ruta Provincial 2","14.0",2,"Automóvil,Peatón"," ",5,0,0,0,4,1,0,"-31.450990, -60.671112","Ruta",2,"MONTE VERA","La Capital","Hormigón","Natural","I","Dentro","Rural","Ninguna","No existe","Recta","Bueno","Buena","Nocturna,Con luz artificial","Buen Tiempo","S/D","S/D","Atropello","Ninguna","S/D","Ninguna","Sin restricción"
2014,7409,30/03/2014,"Domingo",0,00:10:00,"Ruta Provincial 13","0.0",1,"Automóvil"," ",3,0,2,0,0,1,0,"-32.077465, -61.771763","Ruta",13,"CARLOS PELLEGRINI","San Martín","S/D","S/D","XVII","Fuera","Rural","S/D","S/D","S/D","S/D","S/D","Nocturna","S/D","S/D","S/D","Despiste","S/D","S/D","S/D","S/D"
2014,7410,30/03/2014,"Domingo",0,01:15:00,"Ruta Nacional 8","286.0",2,"Moto/Ciclomotor,Pickup/Utilitario"," ",2,0,0,0,1,1,0,"-33.863420, -61.196369","Ruta",8,"WHEELWRIGHT","General López","S/D","S/D","VIII","S/D","S/D","S/D","S/D","Recta","S/D","S/D","Nocturna","S/D","S/D","S/D","Colisión","S/D","S/D","S/D","S/D"
2014,7411,18/05/2014,"Domingo",0,00:30:00,"Ruta Provincial 26","0.0",2,"Camión,Moto/Ciclomotor"," ",2,0,0,0,1,1,0,"-32.875076395498,-61.125294882873","Ruta",26,"CARCARAÑÁ","San Lorenzo","Asfalto","No existe","XVII","Dentro","Rural","S/D","No existe","Curva","Bueno","S/D","Nocturna","S/D","Frontal","S/D","Colisión","Ninguna","S/D","S/D","S/D"
2014,7412,30/03/2014,"Domingo",0,,"Ruta Provincial 93","2.0",2,"Camión,Automóvil"," ",2,0,0,0,1,1,0,"-33.467802, -61.495188","Ruta",93,"FIRMAT","General López","S/D","S/D","VIII","S/D","S/D","S/D","S/D","Recta","S/D","S/D","S/D","S/D","S/D","S/D","Colisión","S/D","S/D","S/D","S/D"
2014,7413,16/05/2014,"Viernes",0,21:15:00,"Ruta Provincial 94","0.0",2,"Pickup/Utilitario,Tren","CRUCE DE VIAS FERREAS ",3,0,0,0,2,1,0,"-33.733693,-61.770638","Ruta",94,"CARMEN","General López","Asfalto","Natural","VIII","Dentro","Urbana","Señal Pare","No funciona","Paso a Nivel FFCC","Bueno","Buena","Nocturna","Lluvia","Frontal","S/D","Colisión","S/D","S/D","S/D","Sin restricción"
2014,7414,17/05/2014,"Sabado",0,11:15:00,,"0.0",3,"Moto/Ciclomotor,Automóvil,Automóvil","Av. Circunvalacion 2100",3,0,0,0,1,2,0,"-33.012055555556,-60.663055555556","S/D",,"ROSARIO","Rosario","Asfalto","S/D","II","S/D","Urbana","S/D","S/D","Intersección","Bueno","S/D","Diurna","S/D","S/D","S/D","S/D","S/D","S/D","Línea divisoria pintada","S/D"
2014,7416,12/04/2014,"Sabado",0,17:50:00,,"0.0",2,"Moto/Ciclomotor,Camión","Necochea Y Bolivar",3,0,0,0,1,1,1,"-33.024622, -60.879319","Calle",,"ZAVALLA","Rosario","S/D","No existe","II","Dentro","Urbana","Ninguna","No existe","Intersección","S/D","Buena","Diurna","Buen Tiempo","Lateral","S/D","Colisión","S/D","Faltante","Ninguna","Sin restricción"
2014,7417,16/05/2014,"Viernes",0,,"Ruta Secundaria 80-s","59.0",1,"Moto/Ciclomotor"," ",1,0,0,0,0,1,0,"-31.096987597888,-61.11739180661","Ruta","80-s","PROGRESO","Las Colonias","Asfalto","Natural","XI","Dentro","Rural","Ninguna","No existe","Recta","S/D","S/D","S/D","S/D","S/D","S/D","Caída ocupante","S/D","S/D","Línea divisoria pintada","Sin restricción"