"anio_acci","nro_acci","fecha","desc_dia","fecha_aprox","hora_aprox","desc_ruta","km","cant_participantes","desc_participante","calle_avenida_km","total","heridos_leves","heridos_graves","heridos_gravisimos","ilesos","fallecidos","sin_datos","posicion_XY","desc_tipo_via","desc_ruta_ori","desc_loc","desc_dpto","desc_tipo_calzada","desc_tipo_banquina","desc_unidad_regional","desc_lugar_calzada","desc_zona","desc_prioridad","desc_estado_semaforo","desc_lugar_via","desc_estado_via","desc_estado_visibilidad","desc_luminosidad","desc_estado_clima","desc_tipo_colision","desc_tipo_atropello","desc_tipo_hecho","desc_pres_calzada","desc_senializacion","desc_separacion_via","desc_restriccion"
2014,7418,15/05/2014,"Jueves",0,19:45:00,"Ruta Nacional 33","566.8",2,"Moto/Ciclomotor,Pickup/Utilitario"," ",3,0,0,0,2,1,0,"-34.129614743035,-62.433107526072","Ruta",33,"AMENABAR","General López","Asfalto","S/D","VIII","Dentro","Urbana","Ninguna","S/D","Recta","Bueno","Buena","Nocturna","Buen Tiempo","S/D","S/D","S/D","S/D","Vertical","Línea divisoria pintada","Sin restricción"
2014,7419,15/05/2014,"Jueves",0,17:05:00,,"0.0",3,"Camión,Camión,Camión","CIRCUNVALACION OESTE ESTACION  BOMBEO 8 ",3,0,0,0,2,1,0,"-31.569267,-60.756797","Calle",,"RECREO","La Capital","Asfalto","Natural","I","Dentro","Urbana","S/D","No existe","Recta","Deteriorada","Buena","Diurna","Buen Tiempo","Contra objeto fijo,Lateral","S/D","Colisión","S/D","Horizontal","Línea divisoria pintada","Sin restricción"
2014,7420,24/05/2014,"Sabado",0,16:25:00,"Ruta Nacional A012","4.7",2,"Automóvil,Ambulancia"," ",7,3,0,1,2,1,0,"-33.089111437154,-60.677580204801","Ruta","A012","PIÑERO","Rosario","Asfalto","Ripio","II","Dentro","Rural","Señal Pare","No existe","Intersección","Bueno","Buena","Diurna","Buen Tiempo","Lateral","S/D","Colisión","Ninguna","Vertical","Línea divisoria pintada","Sin restricción"
2014,7421,05/01/2014,"Domingo",0,21:00:00,"Ruta Provincial 70","34.0",2,"Automóvil,Pickup/Utilitario","RP 70 y RP 68 ",3,1,1,0,0,1,0,"-31.402806,-61.061926","Ruta",70,"HUMBOLDT","Las Colonias","Asfalto","Natural","XI","S/D","Rural","S/D","No existe","Intersección","Bueno","S/D","Nocturna,Con luz artificial","S/D","Frontal","S/D","Colisión","S/D","Horizontal,Vertical","Línea divisoria pintada,S/D","S/D"
2014,7422,08/01/2014,"Miercoles",0,,"Autopista Nacional Gral. Juan Jose Valle","1.0",2,"Moto/Ciclomotor,Pickup/Utilitario"," ",2,0,1,0,1,0,0,,"Autopista","Gral. Juan Jose Valle","ROSARIO","Rosario","Asfalto","S/D","II","S/D","S/D","S/D","S/D","S/D","S/D","S/D","S/D","S/D","S/D","S/D","Colisión","S/D","S/D","S/D","S/D"
2014,7423,07/01/2014,"Martes",0,15:25:00,"Autopista Nacional Gral. Juan Jose Valle","20.0",1,"Automóvil"," ",2,2,0,0,0,0,0,,"Autopista","Gral. Juan Jose Valle","SAN LORENZO","San Lorenzo","S/D","S/D","XVII","S/D","S/D","S/D","S/D","S/D","S/D","S/D","Diurna","S/D","S/D","S/D","Vuelco","S/D","S/D","S/D","S/D"
2014,7424,17/01/2014,"Viernes",0,23:45:00,"Ruta Nacional 11","814.0",2,"Moto/Ciclomotor,Camión"," ",3,2,0,0,1,0,0,,"Ruta",11,"GUADALUPE NORTE","General Obligado","S/D","S/D","IX","Dentro","S/D","S/D","S/D","Recta","S/D","S/D","Nocturna","S/D","S/D","S/D","Colisión","S/D","S/D","S/D","S/D"
2014,7425,16/03/2014,"Domingo",0,02:30:00,,"0.0",2,"Moto/Ciclomotor,Pickup/Utilitario","Iturraspe Y Av Pte Peron",3,0,0,0,0,1,2,"-31.625805555556,-60.718611111111","Avenida",,"SANTA FE","La Capital","Asfalto","No existe","I","S/D","Urbana","S/D","S/D","Intersección","S/D","S/D","Nocturna","S/D","S/D","S/D","Colisión","S/D","S/D","S/D","S/D"
2014,7426,16/03/2014,"Domingo",0,04:45:00,"Ruta Nacional 33","745.0",2,"Taxi/Remis,Automóvil"," ",4,0,1,0,0,3,0,"-33.032860, -61.120709","Ruta",33,"CASILDA","Caseros","Asfalto","S/D","IV","Dentro","Rural","S/D","S/D","S/D","S/D","S/D","Nocturna","S/D","S/D","S/D","Colisión","S/D","S/D","S/D","S/D"
2014,7427,01/04/2014,"Martes",0,15:45:00,,"0.0",1,"Moto/Ciclomotor","J Castelli Y Estrada",2,1,0,0,0,1,0,"-31.601305555556,-60.718111111111","Calle",,"SANTA FE","La Capital","S/D","S/D","I","Fuera","Urbana","S/D","S/D","Intersección","S/D","S/D","Diurna","S/D","Contra objeto fijo","S/D","Colisión,Despiste","S/D","S/D","S/D","S/D"
2014,7428,03/04/2014,"Jueves",0,21:00:00,,"0.0",2,"Automóvil,Bicicleta","Av. Circunvalacion Y Bv. Oroño",2,0,0,0,1,1,0,"-33.011425, -60.664656","Avenida",,"ROSARIO","Rosario","S/D","S/D","II","S/D","Urbana","S/D","S/D","Intersección","S/D","S/D","Nocturna","S/D","S/D","S/D","Atropello","S/D","S/D","S/D","S/D"
2014,7429,20/03/2014,"Jueves",0,21:45:00,,"0.0",2,"Moto/Ciclomotor,Automóvil","Santa Fe Y Alvear",2,0,1,0,1,0,0,,"Calle",,"ROSARIO","Rosario","Asfalto","S/D","II","Dentro","Urbana","S/D","S/D","Intersección","Bueno","S/D","Nocturna,Con luz artificial","S/D","S/D","S/D","Colisión","S/D","S/D","S/D","S/D"
2014,7430,04/04/2014,"Viernes",0,21:00:00,"Autovía Nacional 19","2.5",2,"Transporte de Pasajeros Larga Distancia (> 8 asientos),Moto/Ciclomotor"," ",2,0,0,0,1,1,0,"-31.669467, -60.788856","Autovía",19,"SANTO TOMÉ","La Capital","S/D","S/D","I","S/D","S/D","S/D","S/D","Intersección","S/D","S/D","S/D","S/D","S/D","S/D","Colisión","S/D","S/D","S/D","S/D"
2014,7431,20/03/2014,"Jueves",0,20:00:00,,"294.0",2,"Bicicleta,Moto/Ciclomotor","9 de Julio Y P Gaggero",2,0,0,0,1,1,0,"-30.790083333333,-60.584027777778","Calle",,"SAN JUSTO","San Justo","Hormigón","No existe","XVI","Dentro","Urbana","S/D","No existe","Intersección","Bueno","Buena","Atardecer","Buen Tiempo","S/D","S/D","Atropello","S/D","S/D","Ninguna,S/D","S/D"
2014,7432,26/03/2014,"Miercoles",0,21:15:00,"Autopista Nacional Gral. Juan Jose Valle","285.0",2,"Peatón,Otros"," ",2,0,0,0,0,1,1,"-33.036323, -60.663248","Autopista","Gral. Juan Jose Valle","VILLA GOBERNADOR GÁLVEZ","Rosario","Asfalto","S/D","II","S/D","S/D","S/D","S/D","Recta","S/D","S/D","Nocturna","S/D","S/D","S/D","Atropello","S/D","S/D","S/D","S/D"
2014,7433,04/04/2014,"Viernes",0,18:30:00,"Ruta Nacional 9","355.0",1,"Moto/Ciclomotor"," ",1,0,1,0,0,0,0,,"Ruta",9,"CORREA","Iriondo","S/D","S/D","X","S/D","S/D","S/D","S/D","Recta","S/D","S/D","Diurna","S/D","S/D","S/D","Despiste","S/D","S/D","S/D","S/D"
2014,7435,25/04/2014,"Viernes",0,20:00:00,"Autopista Provincial Brigadier E.López","0.0",2,"Peatón,Automóvil"," ",2,0,0,0,1,1,0,"-32.881664, -60.711758","Autopista","Brigadier E.López","SAN LORENZO","San Lorenzo","Asfalto","S/D","XVII","S/D","Urbana","S/D","S/D","S/D","S/D","S/D","Nocturna","S/D","S/D","S/D","Atropello","S/D","S/D","S/D","S/D"
2014,7436,06/04/2014,"Domingo",0,19:40:00,"Ruta Secundaria 298-s","0.0",2,"Automóvil,Moto/Ciclomotor"," ",2,0,0,0,1,1,0,"-28.838906, -59.633899","Ruta","298-s","LANTERI","General Obligado","S/D","S/D","IX","S/D","S/D","S/D","S/D","Recta","S/D","S/D","Atardecer","S/D","S/D","S/D","Colisión","S/D","S/D","S/D","S/D"
2014,7437,06/04/2014,"Domingo",0,23:50:00,,"0.0",2,"Moto/Ciclomotor,Pickup/Utilitario","Calle 11 Y Calle 12",2,0,1,0,1,0,0,,"Calle",,"LAS TOSCAS","General Obligado","S/D","S/D","IX","S/D","S/D","S/D","S/D","Intersección","S/D","S/D","Nocturna","S/D","S/D","S/D","Colisión","S/D","S/D","S/D","S/D"
2014,7438,10/08/2014,"Domingo",0,19:30:00,"Ruta Provincial 92","0.0",2,"Moto/Ciclomotor,Pickup/Utilitario"," ",4,0,1,0,2,1,0,"-33.068502972442,-61.185694993132","Ruta",92,"CASILDA","Caseros","Asfalto","Natural","IV","S/D","Rural","Ninguna","No existe","Recta","Bueno","Buena","Nocturna","Buen Tiempo","S/D","S/D","Colisión","Ninguna","Horizontal,Vertical","Línea divisoria pintada","Sin restricción"
2014,7439,10/08/2014,"Domingo",0,22:45:00,"Ruta Provincial 70","13.0",2,"Moto/Ciclomotor,Automóvil"," ",3,1,1,0,0,1,0,"-31.464574, -60.856786","Ruta",70,"ESPERANZA","Las Colonias","Asfalto","Natural","XI","Dentro","Rural","Ninguna","No existe","Recta","Bueno","Reducida","Nocturna","S/D","Frontal","S/D","Colisión","S/D","S/D","Línea divisoria pintada","Sin restricción"
2014,7440,24/08/2014,"Domingo",0,06:50:00,,"0.0",1,"Automóvil","Rivadavia 750",4,2,1,0,0,1,0,"-32.030111111111,-61.219583333333","Calle",,"GÁLVEZ","San Jerónimo","Hormigón","No existe","XV","Fuera","Urbana","Ninguna","No existe","Recta","Bueno","Buena","Amanecer,Con luz artificial","Buen Tiempo","Contra objeto fijo","S/D","Colisión","Ninguna","S/D","Ninguna","Sin restricción"
2014,7441,08/04/2014,"Martes",0,15:30:00,"Ruta Provincial 40","0.0",2,"Bicicleta,Automóvil","BV. PERÓN 2750",2,0,0,0,1,1,0,"-29.15325,-59.672166666667","Ruta",40,"RECONQUISTA","General Obligado","S/D","S/D","IX","Dentro","Urbana","S/D","S/D","S/D","S/D","S/D","Diurna","S/D","S/D","S/D","Atropello","S/D","S/D","S/D","S/D"
2014,7442,18/04/2014,"Viernes",0,07:00:00,"Ruta Nacional 11","721.0",2,"Moto/Ciclomotor,Camión","Mendoza ",2,0,0,0,1,1,0,"-29.472373, -60.203572","Ruta",11,"VERA","Vera","Asfalto","S/D","XIX","S/D","Urbana","S/D","S/D","Recta","Bueno","S/D","Amanecer","Buen Tiempo","Frontal","S/D","Colisión","S/D","S/D","S/D","S/D"
2014,7443,08/04/2014,"Martes",0,,,"0.0",2,"Moto/Ciclomotor,Automóvil","España Y Maipu",2,0,1,0,1,0,0,,"Calle",,"VENADO TUERTO","General López","Asfalto","No existe","VIII","Dentro","Urbana","S/D","S/D","Intersección","S/D","S/D","S/D","S/D","S/D","S/D","Colisión","S/D","S/D","S/D","S/D"
2014,7444,30/08/2014,"Sabado",0,20:30:00,,"0.0",2,"Moto/Ciclomotor,Pickup/Utilitario","Berutti Y Mariano Moreno",6,0,2,0,3,1,0,"-31.445916666667,-60.931472222222","Calle",,"ESPERANZA","Las Colonias","Hormigón","No existe","XI","Dentro","Urbana","Ninguna","No existe","Intersección","Bueno","Buena","Nocturna,Con luz artificial","Buen Tiempo","Lateral","S/D","Colisión","S/D","Faltante","Ninguna","Sin restricción"
2014,7445,10/04/2014,"Jueves",0,20:20:00,"Ruta Nacional 11","810.0",2,"Automóvil,Camión"," ",2,0,1,0,0,0,1,,"Ruta",11,"GUADALUPE NORTE","General Obligado","Asfalto","S/D","IX","S/D","S/D","S/D","S/D","S/D","S/D","S/D","Nocturna","S/D","S/D","S/D","Colisión","S/D","S/D","S/D","S/D"
2014,7446,13/04/2014,"Domingo",0,08:10:00,"Ruta Nacional 34","63.0",2,"Automóvil,Camión"," ",7,0,1,0,1,5,0,"-32.547847, -61.222887","Ruta",34,"CLASON","Iriondo","Asfalto","Natural","X","Dentro","Rural","S/D","No existe","Recta","S/D","S/D","Diurna","S/D","S/D","S/D","Colisión","S/D","S/D","Línea divisoria pintada,S/D","S/D"
2014,7447,31/08/2014,"Domingo",0,08:15:00,,"0.0",1,"Moto/Ciclomotor","Av. Ntra.Sra.del Rosario Y Lituania",2,0,1,0,0,1,0,"-32.998117, -60.620322","Avenida",,"ROSARIO","Rosario","Asfalto","No existe","II","Fuera","Urbana","Ninguna","No existe","Rotonda","Bueno","Buena","Diurna","S/D","Contra objeto fijo","S/D","Colisión","S/D","S/D","Cordón divisorio,Vegetación","Sin restricción"
2014,7448,13/04/2014,"Domingo",0,12:30:00,,"0.0",2,"Peatón,Pickup/Utilitario","Calle 14 Y Calle 11",2,1,0,0,0,0,1,,"Calle",,"SAUCE VIEJO","La Capital","S/D","S/D","I","S/D","Urbana","S/D","S/D","S/D","S/D","S/D","Diurna","S/D","Contra objeto fijo","S/D","Colisión","S/D","S/D","S/D","S/D"
2014,7449,31/08/2014,"Domingo",0,,"Ruta Nacional 34","213.0",3,"Automóvil,Camión,Automóvil"," ",4,1,0,0,2,1,0,"-31.320431, -61.521426","Ruta",34,"RAFAELA","Castellanos","Asfalto","Natural","V","Dentro","Rural","S/D","No existe","Recta","S/D","S/D","S/D","S/D","Frontal,Múltiple","S/D","Colisión","S/D","S/D","Línea divisoria pintada","S/D"
2014,7450,20/04/2014,"Domingo",0,07:30:00,,"0.0",2,"Vehículo Oficial,Pickup/Utilitario","Av. Pte.Peron Y Cullen",2,1,0,0,1,0,0,,"Avenida",,"ROSARIO","Rosario","S/D","S/D","II","Dentro","Urbana","S/D","S/D","Intersección","S/D","S/D","Diurna","Buen Tiempo","Lateral","S/D","Colisión","S/D","S/D","S/D","S/D"
2014,7451,13/04/2014,"Domingo",0,19:50:00,"Ruta Nacional 11","0.0",2,"Automóvil,Pickup/Utilitario"," ",5,3,1,0,0,0,1,,"Ruta",11,"RECONQUISTA","General Obligado","S/D","S/D","IX","S/D","S/D","S/D","S/D","S/D","S/D","S/D","Atardecer","S/D","S/D","S/D","Colisión","S/D","S/D","S/D","S/D"
2014,7452,25/04/2014,"Viernes",0,01:05:00,"Autopista Provincial Brigadier E.López","17.0",2,"Automóvil,Camión"," ",3,1,0,0,2,0,0,,"Autopista","Brigadier E.López","SAN LORENZO","San Lorenzo","S/D","S/D","XVII","S/D","S/D","S/D","S/D","Recta","S/D","S/D","Nocturna","S/D","S/D","S/D","Colisión","S/D","S/D","S/D","S/D"
2014,7453,14/04/2014,"Lunes",0,,,"0.0",1,"Transporte de Pasajeros Urbano (> 8 asientos)"," ",3,0,0,0,2,1,0,"-32.979335, -60.644031","Calle",,"ROSARIO","Rosario","Asfalto","No existe","II","S/D","Urbana","S/D","S/D","S/D","S/D","S/D","S/D","S/D","S/D","S/D","Caída ocupante","S/D","S/D","S/D","S/D"
2014,7454,16/04/2014,"Miercoles",0,23:25:00,"Ruta Provincial 2","281.0",2,"Automóvil,Camión"," ",4,1,0,0,1,2,0,"-29.775555, -61.537763","Ruta",2,"ESTEBAN RAMS","9 de Julio","S/D","S/D","XII","S/D","S/D","S/D","S/D","Recta","S/D","S/D","Nocturna","S/D","S/D","S/D","Colisión","S/D","S/D","S/D","S/D"
2014,7455,16/04/2014,"Miercoles",0,08:00:00,"Ruta Nacional 11","0.0",2,"Peatón,Camión","Av San Martin 1100",2,0,0,0,1,1,0,"-32.860841, -60.702621","Ruta",11,"GRANADERO BAIGORRIA","Rosario","Asfalto","S/D","II","Dentro","Urbana","S/D","S/D","Recta","S/D","S/D","Diurna","S/D","S/D","S/D","Atropello","S/D","S/D","S/D","S/D"
2014,7456,05/09/2014,"Viernes",0,05:30:00,"Ruta Nacional 34","263.0",3,"Transporte de Pasajeros Larga Distancia (Doble Piso),Camión,Transporte de Pasajeros Larga Distancia (> 8 asientos)"," ",19,11,0,0,6,2,0,"-30.91351,-61.554165","Ruta",34,"SUNCHALES","Castellanos","Asfalto","Natural","V","Dentro","Rural","S/D","No existe","Recta","Bueno","Buena","Amanecer,Con luz artificial","S/D","Frontal,Múltiple","S/D","Colisión","S/D","S/D","S/D","S/D"
2014,7457,01/09/2014,"Lunes",0,07:15:00,"Ruta Nacional 8","0.0",1,"Automóvil"," ",1,0,0,0,0,1,0,"-33.835185,-61.758302","Ruta",8,"CHAPUY","General López","Asfalto","Natural","VIII","Fuera","Rural","Ninguna","No existe","Recta","Bueno","S/D","Diurna","S/D","S/D","S/D","Vuelco","S/D","S/D","Línea divisoria pintada","Sin restricción"
2014,7458,03/09/2014,"Miercoles",0,10:30:00,,"0.0",2,"Moto/Ciclomotor,Pickup/Utilitario","Juan Jose Castelli Y Guillermo Brown",2,0,0,0,1,1,0,"-33.739388888889,-61.969","Calle",,"VENADO TUERTO","General López","Hormigón","No existe","VIII","Dentro","Urbana","Ninguna","S/D","Intersección","Bueno","Buena","Diurna","Buen Tiempo","Lateral","S/D","Colisión","S/D","S/D","Ninguna","Sin restricción"
2014,7459,06/09/2014,"Sabado",0,11:00:00,"Ruta Nacional 34","258.0",2,"Moto/Ciclomotor,Camión"," ",2,0,0,0,1,1,0,"-30.954987,-61.535679","Ruta",34,"SUNCHALES","Castellanos","Asfalto","Natural","V","Dentro","Rural","Ninguna","No existe","Recta","Bueno","Buena","Diurna","Buen Tiempo","Frontal","S/D","Colisión","S/D","S/D","Línea divisoria pintada","S/D"
2014,7460,07/09/2014,"Domingo",0,18:30:00,"Ruta Nacional 34","6.0",1,"Moto/Ciclomotor"," ",2,0,0,0,1,1,0,"-32.862908,-60.770933","Ruta",34,"IBARLUCEA","Rosario","Asfalto","Ripio","II","Fuera","Urbana","Ninguna","No existe","Curva","Bueno","Buena","Atardecer","Buen Tiempo","S/D","S/D","Caída ocupante","S/D","S/D","Línea divisoria pintada","Sin restricción"
2014,7461,08/09/2014,"Lunes",0,13:30:00,"Autopista Nacional Gral. Juan Jose Valle","255.0",2,"Automóvil,Camión"," ",3,0,0,0,1,2,0,"-33.233788,-60.450768","Autopista","Gral. Juan Jose Valle","FIGHIERA","Rosario","Asfalto","Natural","II","Dentro","Rural","Ninguna","No existe","Recta","Bueno","Buena","Diurna","S/D","De alcance","S/D","Colisión","S/D","S/D","Vegetación","Sin restricción"
2014,7462,09/09/2014,"Martes",0,02:20:00,,"0.0",2,"Moto/Ciclomotor,Moto/Ciclomotor","Andreu Y Bv San diego",2,0,0,0,0,2,0,"-33.018666666667,-60.613666666667","Avenida",,"VILLA GOBERNADOR GÁLVEZ","Rosario","Asfalto","No existe","II","Dentro","Urbana","Ninguna","No existe","Recta","Bueno","S/D","Nocturna,Con luz artificial","Buen Tiempo","Frontal","S/D","Colisión","Otro","Faltante","Ninguna","Sin restricción"
2014,7463,10/09/2014,"Miercoles",0,01:50:00,"Ruta Nacional 11","722.0",2,"Automóvil,Camión"," ",2,0,0,0,1,1,0,"-29.470576,-60.201409","Ruta",11,"VERA","Vera","Asfalto","Natural","XIX","Dentro","Urbana","Ninguna","No existe","Recta","Bueno","Reducida","Nocturna,Con luz artificial","Lluvia","Otro","S/D","Colisión","Agua","S/D","Línea divisoria pintada","Sin restricción"
2014,7464,10/09/2014,"Miercoles",0,16:25:00,"Autopista Provincial Brigadier E.López","133.0",2,"Automóvil,Camión","AP01 - Calzada desc. ",3,0,0,0,1,2,0,"-31.76966,-60.846405","Autopista","Brigadier E.López","DESVÍO ARIJÓN","San Jerónimo","Asfalto","Pavimento","I","Dentro","Rural","Ninguna","No existe","Recta","Bueno","Buena","Diurna","Buen Tiempo","Frontal","S/D","Colisión","Ninguna","S/D","Vegetación","Sin restricción"
2014,7465,13/09/2014,"Sabado",0,06:30:00,"Ruta Provincial 14","0.0",1,"Pickup/Utilitario","RP 14  ",1,0,0,0,0,1,0,"-34.362834,-62.114661","Ruta",14,"SAN GREGORIO","General López","Asfalto","Natural","VIII","Fuera","Rural","Marca Vial","No existe","Curva","Deteriorada","Buena","Amanecer","Buen Tiempo","S/D","S/D","Vuelco,Despiste","S/D","Faltante","Línea divisoria pintada","Sin restricción"
2014,7466,13/09/2014,"Sabado",0,15:00:00,,"0.0",1,"Automóvil","AV. CIRC ASC A METROS ANTES DE LA AUT ROS COR ",1,0,0,0,0,1,0,"-32.948417,-60.723152","Avenida",,"ROSARIO","Rosario","Asfalto","No existe","II","Fuera","Urbana","Ninguna","No existe","Distribuidor","Bueno","Buena","Diurna","Lluvia","S/D","S/D","Vuelco,Despiste","Ninguna","Horizontal,Vertical","Ninguna","Sin restricción"
2014,7467,16/09/2014,"Martes",0,21:20:00,,"0.0",2,"Moto/Ciclomotor,Camión","Antartida Argentina ",3,0,0,0,2,1,0,"-32.680671,-60.776882","Calle",,"PUERTO SAN MARTÍN","San Lorenzo","Asfalto","Natural","XVII","Dentro","Urbana","Ninguna","No existe","Recta","Deteriorada","Reducida","Nocturna","Buen Tiempo","Lateral","S/D","Colisión","Ninguna","Horizontal","Ninguna","Sin restricción"
2014,7468,22/01/2014,"Miercoles",0,20:30:00,,"0.0",2,"Moto/Ciclomotor,Camión","Bv. Oroño Y Olegario V.Andrade",2,0,0,0,1,1,0,"-32.996244, -60.665521","Avenida",,"ROSARIO","Rosario","Asfalto","No existe","II","Dentro","Urbana","S/D","S/D","Intersección","Bueno","Buena","Nocturna,Con luz artificial","Buen Tiempo","S/D","S/D","Colisión","S/D","S/D","Cordón divisorio,Vegetación,S/D","S/D"
2014,7471,21/05/2014,"Miercoles",0,19:15:00,"Ruta Provincial Brigadier E.López","57.0",2,"Camión,Camión"," ",2,0,0,0,1,1,0,"-32.41266,-60.932548","Ruta","Brigadier E.López","MACIEL","San Jerónimo","Asfalto","Pavimento","XV","S/D","S/D","Ninguna","No existe","Recta","Bueno","Reducida","Nocturna","Lluvia","De alcance","S/D","Colisión","Agua","S/D","Vegetación","Sin restricción"
2014,7472,12/05/2014,"Lunes",0,09:40:00,"Ruta Nacional 11","0.0",2,"Automóvil,Pickup/Utilitario"," ",3,1,1,0,0,1,0,"-29.132408,-59.654513","Ruta",11,"AVELLANEDA","General Obligado","Asfalto","No existe","IX","Dentro","Urbana","Otra Señal","No existe","Recta","Con baches","Buena","Diurna","Lluvia","Frontal","S/D","Colisión","Agua","Faltante","Guardarrail,Línea divisoria pintada","Sin restricción"
2014,7473,09/05/2014,"Viernes",0,15:15:00,"Ruta Provincial 21","11.3",2,"Moto/Ciclomotor,Camión"," ",2,0,0,0,1,1,0,"-33.095173,-60.561022","Ruta",21,"GENERAL LAGOS","Rosario","Asfalto","Natural","II","Dentro","Rural","Ninguna","No existe","Recta","Bueno","Buena","Diurna","Buen Tiempo","Lateral","S/D","Colisión","S/D","Faltante","Ninguna","Sin restricción"
2014,7474,24/05/2014,"Sabado",0,15:00:00,,"0.0",1,"Moto/Ciclomotor","Av. Provincias Unidas Bis Y Junin",1,0,0,0,0,1,0,"-32.927583333333,-60.713138888889","Avenida",,"ROSARIO","Rosario","Asfalto","Pavimento","II","Dentro","Urbana","Semáforo","Funciona","Intersección","Bueno","Buena","Diurna","Buen Tiempo","Otro","S/D","Colisión","Ninguna","Faltante","Ninguna","Sin restricción"
2014,7475,09/05/2014,"Viernes",0,14:30:00,,"0.0",2,"Bicicleta,Moto/Ciclomotor","Juan F Moglia Y Belgrano",3,0,2,0,0,1,0,"-28.037717,-59.21938","Calle",,"FLORENCIA","General Obligado","Tierra","No existe","IX","S/D","Urbana","Ninguna","No existe","Cruce","Bueno","Buena","Diurna","Buen Tiempo","Lateral","S/D","Colisión","S/D","S/D","Ninguna","S/D"
2014,7476,23/05/2014,"Viernes",0,06:05:00,"Autopista Nacional Gral. Juan Jose Valle","259.0",2,"Automóvil,Bicicleta","AVENIDA ARAMBURU K.260 ",4,0,0,0,3,1,0,"-33.20797388909,-60.487564632086","Autopista","Gral. Juan Jose Valle","FIGHIERA","Rosario","Asfalto","Pavimento","II","S/D","Rural","Ninguna","No existe","Recta","Bueno","Buena","Nocturna","Buen Tiempo","S/D","S/D","Atropello","Ninguna","S/D","Línea divisoria pintada","Sin restricción"
2014,7477,01/05/2014,"Jueves",0,23:00:00,"Ruta Nacional A007","13.0",2,"Peatón,Moto/Ciclomotor","RN A007 alt. Cementerio ",2,0,0,0,0,1,1,"-31.615860, -60.724724","Ruta","A007","SANTA FE","La Capital","Asfalto","S/D","I","S/D","Urbana","S/D","S/D","S/D","S/D","S/D","Nocturna","S/D","S/D","S/D","Atropello","S/D","S/D","S/D","S/D"
2014,7478,06/05/2014,"Martes",0,17:40:00,"Ruta Nacional 34","320.0",2,"Automóvil,Automóvil"," ",8,0,1,0,0,7,0,"-30.416387020086,-61.643408236825","Ruta",34,"CURUPAITY","San Cristóbal","Asfalto","Natural","XIII","Dentro","Rural","Ninguna","S/D","Recta","Bueno","Buena","Atardecer","Buen Tiempo","Lateral","S/D","Colisión","S/D","Faltante","Línea divisoria pintada","Sin restricción"
2014,7479,22/05/2014,"Jueves",0,12:10:00,"Ruta Nacional 33","0.0",2,"Camión,Pickup/Utilitario","ruta nac 33 Y calle cordoba",2,0,0,0,1,1,0,"-33.004398637216,-60.784389799554","Ruta",33,"PEREZ","Rosario","S/D","No existe","II","Dentro","Urbana","Ninguna","No existe","Intersección","Otro","Buena","Diurna","Otro","Lateral","S/D","Colisión","Otro","Faltante","Línea divisoria pintada","Sin restricción"
2014,7480,04/05/2014,"Domingo",0,23:55:00,"Ruta Provincial 6","76.0",3,"Pickup/Utilitario,Pickup/Utilitario,Automóvil"," ",6,0,2,0,2,2,0,"-31.369708,-60.888065","Ruta",6,"NELSON","La Capital","Asfalto","Natural","I","S/D","Rural","Ninguna","No existe","Recta","Deteriorada","Reducida","Nocturna","Niebla","Múltiple","S/D","Colisión","Otro","Faltante","Ninguna","Sin restricción"
2014,7481,15/05/2014,"Jueves",0,02:30:00,"Ruta Nacional 34","375.0",2,"Moto/Ciclomotor,Pickup/Utilitario"," ",5,1,0,0,3,1,0,"-29.963446,-61.870401","Ruta",34,"HERSILIA","San Cristóbal","Asfalto","Natural","XIII","Dentro","Rural","Ninguna","No existe","Recta","Bueno","Buena","Nocturna","Buen Tiempo","Lateral","S/D","Colisión","S/D","Faltante","Línea divisoria pintada","Sin restricción"
2014,7482,04/05/2014,"Domingo",0,07:15:00,"Ruta Nacional 11","625.0",2,"Moto/Ciclomotor,Pickup/Utilitario"," ",6,0,0,0,4,2,0,"-30.349748, -60.401320","Ruta",11,"GOBERNADOR CRESPO","San Justo","Asfalto","Natural","XVI","S/D","S/D","S/D","No existe","Cruce","Bueno","S/D","Amanecer","S/D","S/D","S/D","Colisión","S/D","Horizontal,Vertical","Línea divisoria pintada,S/D","S/D"
2014,7483,12/05/2014,"Lunes",0,11:00:00,,"0.0",2,"Moto/Ciclomotor,Automóvil","Av. Provincias Unidas Bis Y Av. Sorrento",2,0,0,0,1,1,0,"-32.907833333333,-60.714027777778","Avenida",,"ROSARIO","Rosario","Asfalto","No existe","II","S/D","Urbana","Señal Ceda el Paso","No existe","Rotonda","Bueno","Buena","Diurna","Buen Tiempo","Frontal","S/D","Colisión","S/D","Vertical","S/D","Sin restricción"