"anio_acci","nro_acci","fecha","desc_dia","fecha_aprox","hora_aprox","desc_ruta","km","cant_participantes","desc_participante","calle_avenida_km","total","heridos_leves","heridos_graves","heridos_gravisimos","ilesos","fallecidos","sin_datos","posicion_XY","desc_tipo_via","desc_ruta_ori","desc_loc","desc_dpto","desc_tipo_calzada","desc_tipo_banquina","desc_unidad_regional","desc_lugar_calzada","desc_zona","desc_prioridad","desc_estado_semaforo","desc_lugar_via","desc_estado_via","desc_estado_visibilidad","desc_luminosidad","desc_estado_clima","desc_tipo_colision","desc_tipo_atropello","desc_tipo_hecho","desc_pres_calzada","desc_senializacion","desc_separacion_via","desc_restriccion"
2014,7484,04/05/2014,"Domingo",0,18:50:00,,"0.0",3,"Automóvil,Moto/Ciclomotor,Moto/Ciclomotor","San Martin Y 25 de Mayo",4,2,0,0,1,1,0,"-31.265778,-60.761327","Avenida",,"NELSON","La Capital","Asfalto","No existe","I","Dentro","Urbana","Ninguna","No existe","Intersección","Bueno","Buena","Atardecer","Buen Tiempo","Lateral","S/D","Colisión","S/D","Faltante","Vegetación","Sin restricción"
2014,7485,02/05/2014,"Viernes",0,00:30:00,,"0.0",2,"Moto/Ciclomotor,Automóvil","Catamarca Y Alvear",2,0,0,0,1,1,0,"-32.937638888889,-60.653194444444","Calle",,"ROSARIO","Rosario","Asfalto","No existe","II","Dentro","Urbana","Ninguna","No existe","Intersección","Bueno","Buena","Nocturna,Con luz artificial","Buen Tiempo","Lateral","S/D","Colisión","S/D","Faltante","Ninguna","Sin restricción"
2014,7486,17/09/2014,"Miercoles",0,00:15:00,"Ruta Nacional 34","4.0",2,"Bicicleta,Pickup/Utilitario"," ",3,0,0,0,2,1,0,"-32.873009,-60.754673","Ruta",34,"IBARLUCEA","Rosario","Asfalto","Natural","II","Dentro","Urbana","Ninguna","No existe","Recta","Bueno","Buena","Nocturna","Buen Tiempo","Frontal","S/D","Atropello","S/D","Horizontal","Ninguna","Sin restricción"
2014,7487,20/09/2014,"Sabado",0,06:35:00,"Ruta Nacional 11","453.0",2,"Moto/Ciclomotor,Camión"," ",2,0,0,0,1,1,0,"-31.724188,-60.811944","Ruta",11,"SAUCE VIEJO","La Capital","Asfalto","Ripio","I","Dentro","Urbana","S/D","No existe","Recta","Bueno","Buena","Amanecer","Buen Tiempo","Frontal","S/D","Colisión","S/D","Vertical","Línea divisoria pintada","Sin restricción"
2014,7488,18/09/2014,"Jueves",0,09:30:00,"Ruta Provincial 70","42.0",1,"Automóvil"," ",1,0,0,0,0,1,0,"-31.374744,-61.135526","Ruta",70,"HUMBOLDT","Las Colonias","Asfalto","Natural","XI","Fuera","Rural","Ninguna","No existe","Recta","Bueno","Buena","Diurna","Buen Tiempo","Contra objeto fijo","S/D","Colisión,Despiste","S/D","S/D","Línea divisoria pintada","Sin restricción"
2014,7489,07/05/2014,"Miercoles",0,19:30:00,,"0.0",2,"Peatón,Camión","30 de Abril Y San Martin",2,0,1,0,1,0,0,"-31.515632884001,-60.731197376298","Calle",,"RECREO","La Capital","S/D","S/D","I","S/D","Urbana","S/D","S/D","S/D","S/D","S/D","Atardecer","S/D","S/D","S/D","Atropello","S/D","S/D","S/D","S/D"
2014,7490,21/09/2014,"Domingo",0,06:00:00,,"0.0",2,"Moto/Ciclomotor,Automóvil","Mariano Candioti Y Lisandro de La Torre",4,0,1,0,2,1,0,"-31.68125,-60.757222222222","Calle",,"SANTO TOMÉ","La Capital","Hormigón","No existe","I","Dentro","Urbana","Ninguna","No existe","Intersección","Bueno","Buena","Amanecer,Con luz artificial","Buen Tiempo","Frontal","S/D","Colisión","S/D","Vertical","Ninguna","Sin restricción"
2014,7491,11/05/2014,"Domingo",0,,"Ruta Provincial 3","0.0",1,"Moto/Ciclomotor"," ",1,0,0,0,0,1,0,"-28.559383,-60.018213","Ruta",3,"GOLONDRINA","Vera","Asfalto","S/D","XIX","Dentro","Urbana","S/D","S/D","Recta","S/D","S/D","S/D","S/D","S/D","S/D","Caída ocupante","S/D","S/D","S/D","S/D"
2014,7492,25/09/2014,"Jueves",0,01:30:00,"Ruta Provincial 31","5.0",2,"Bicicleta,Automóvil"," ",2,0,0,0,1,1,0,"-29.056545,-59.655676","Ruta",31,"EL CARMEN","General Obligado","Asfalto","Natural","IX","Dentro","Rural","Ninguna","No existe","Recta","Bueno","Reducida","Nocturna","Buen Tiempo","S/D","S/D","Atropello","S/D","S/D","Línea divisoria pintada","Sin restricción"
2014,7493,25/09/2014,"Jueves",0,15:30:00,"Ruta Secundaria 77-s","122.0",1,"Pickup/Utilitario","RP 77s, 8 km al S de la Localidad ",3,2,0,0,0,1,0,"-30.080532,-61.595278","Ruta","77-s","AMBROSETTI","San Cristóbal","Ripio","Natural","XIII","Dentro","Rural","Ninguna","No existe","Recta","Ahuellamiento","Buena","Diurna","Buen Tiempo","S/D","S/D","Vuelco","Material Suelto","S/D","Ninguna","Sin restricción"
2014,7494,27/09/2014,"Sabado",0,01:30:00,,"0.0",2,"Peatón,Otros","Liniers y las vías ",2,0,0,0,0,1,1,"-32.933055555556,-60.698916666667","Calle",,"ROSARIO","Rosario","S/D","No existe","II","Dentro","Urbana","Ninguna","No existe","Paso a Nivel FFCC","S/D","Reducida","Nocturna","S/D","Frontal","S/D","Atropello","S/D","Faltante","Ninguna","Sin restricción"
2014,7495,11/05/2014,"Domingo",0,17:45:00,"Ruta Nacional 98","30.0",1,"Automóvil"," ",5,5,0,0,0,0,0,,"Ruta",98,"VERA","Vera","Asfalto","S/D","XIX","Fuera","Rural","S/D","S/D","Recta","S/D","S/D","Diurna","S/D","S/D","S/D","Vuelco","S/D","S/D","S/D","S/D"
2014,7496,27/09/2014,"Sabado",0,05:45:00,,"0.0",1,"Moto/Ciclomotor","Batalla de Maipu 3353",1,0,0,0,0,1,0,"-31.688805555556,-60.784361111111","Calle",,"SANTO TOMÉ","La Capital","Ripio","No existe","I","Dentro","Urbana","Ninguna","No existe","Recta","Bueno","Buena","Nocturna","Buen Tiempo","S/D","S/D","Caída ocupante","Material Suelto","Faltante","Ninguna","Sin restricción"
2014,7497,27/09/2014,"Sabado",0,05:45:00,"Ruta Nacional 33","744.0",2,"Moto/Ciclomotor,Automóvil"," ",4,0,0,0,2,2,0,"-33.044141,-61.141212","Ruta",33,"CASILDA","Caseros","Asfalto","Natural","IV","Dentro","Rural","Ninguna","No existe","Recta","Bueno","S/D","Nocturna","S/D","S/D","S/D","Colisión","S/D","Horizontal,Vertical","Línea divisoria pintada","Sin restricción"
2014,7498,13/05/2014,"Martes",0,18:30:00,"Ruta Nacional 11","0.0",2,"Camión,Moto/Ciclomotor","Ruta Nacional 11 Y Calle 45-Islas Georgias del S",3,1,0,0,2,0,0,,"Ruta",11,"RECONQUISTA","General Obligado","Asfalto","S/D","IX","Dentro","Urbana","S/D","S/D","Intersección","S/D","S/D","Diurna","S/D","S/D","S/D","Colisión","S/D","S/D","S/D","S/D"
2014,7499,15/05/2014,"Jueves",0,15:30:00,"Ruta Nacional 11","722.0",2,"Moto/Ciclomotor,Camión"," ",2,0,0,0,1,1,0,"-29.502488,-60.216178","Ruta",11,"VERA","Vera","Asfalto","S/D","XIX","Dentro","S/D","S/D","S/D","Recta","S/D","S/D","Diurna","S/D","S/D","S/D","Colisión","S/D","S/D","S/D","S/D"
2014,7500,18/05/2014,"Domingo",0,22:10:00,"Ruta Nacional 11","791.0",2,"Moto/Ciclomotor,Automóvil"," ",2,0,1,0,1,0,0,,"Ruta",11,"AVELLANEDA","General Obligado","Asfalto","S/D","IX","Dentro","S/D","S/D","S/D","Recta","S/D","S/D","Nocturna","S/D","S/D","S/D","Colisión","S/D","S/D","S/D","S/D"
2014,7501,18/05/2014,"Domingo",0,07:15:00,,"0.0",2,"Moto/Ciclomotor,Automóvil","Calle 10 Y Calle 15",3,0,0,0,2,1,0,"-28.356556,-59.258748","Calle",,"LAS TOSCAS","General Obligado","S/D","S/D","IX","Dentro","Urbana","S/D","S/D","Intersección","S/D","S/D","Nocturna","S/D","Lateral","S/D","Colisión","S/D","S/D","S/D","S/D"
2014,7502,30/05/2014,"Viernes",0,17:00:00,"Ruta Nacional 34","22.0",2,"Camión,Tren"," ",2,1,0,0,1,0,0,,"Ruta",34,"LUIS PALACIOS","San Lorenzo","S/D","S/D","XVII","S/D","S/D","S/D","S/D","Paso a Nivel FFCC","S/D","S/D","Diurna","S/D","Lateral","S/D","Colisión","S/D","S/D","S/D","S/D"
2014,7503,31/05/2014,"Sabado",0,,,"0.0",2,"Moto/Ciclomotor,Pickup/Utilitario","Quintana Y Balcarce",1,0,1,0,0,0,0,,"Calle",,"VENADO TUERTO","General López","S/D","S/D","VIII","S/D","Urbana","S/D","S/D","Recta","S/D","S/D","S/D","S/D","Contra objeto fijo","S/D","Colisión","S/D","S/D","S/D","S/D"
2014,7504,31/05/2014,"Sabado",0,23:30:00,"Autopista Provincial Brigadier E.López","132.0",1,"Pickup/Utilitario"," ",14,14,0,0,0,0,0,,"Autopista","Brigadier E.López","SAUCE VIEJO","La Capital","S/D","S/D","I","S/D","Rural","S/D","S/D","Recta","S/D","S/D","Nocturna","S/D","S/D","S/D","Vuelco","S/D","S/D","S/D","S/D"
2014,7505,22/05/2014,"Jueves",0,15:30:00,"Ruta Nacional 11","0.0",2,"Vehículo Oficial,Moto/Ciclomotor","RUTA NAC 11 Y CHAÑARES",3,0,1,0,2,0,0,,"Ruta",11,"SANTA FE","La Capital","Asfalto","S/D","I","Dentro","Urbana","S/D","S/D","Intersección","S/D","S/D","Diurna","S/D","S/D","S/D","Colisión","S/D","S/D","S/D","S/D"
2014,7506,28/05/2014,"Miercoles",0,08:20:00,"Ruta Nacional 168","487.0",1,"Camión"," ",1,0,0,0,0,1,0,"-31.686228,-60.535930","Ruta",168,"COLASTINE","La Capital","S/D","S/D","I","S/D","S/D","S/D","S/D","Recta","S/D","S/D","Diurna","S/D","S/D","S/D","Vuelco","S/D","S/D","S/D","S/D"
2014,7507,29/05/2014,"Jueves",0,02:30:00,,"0.0",1,"Automóvil","San Martin Y 24 De Setiembre",1,0,0,0,0,1,0,"-32.980555555556,-60.644666666667","Avenida",,"ROSARIO","Rosario","S/D","S/D","II","Dentro","Urbana","S/D","No existe","Recta","S/D","S/D","Nocturna","S/D","Contra objeto fijo","S/D","Colisión","S/D","S/D","S/D","S/D"
2014,7508,23/05/2014,"Viernes",0,15:45:00,"Ruta Nacional 11","0.0",3,"Moto/Ciclomotor,Pickup/Utilitario,Camión","Ruta Nacional 11 Y Calle 15-Patricio Diez",3,0,0,0,2,1,0,"-29.143146,-59.655950","Ruta",11,"RECONQUISTA","General Obligado","Asfalto","S/D","IX","Dentro","Urbana","S/D","S/D","Recta","S/D","S/D","Diurna","S/D","De alcance,Múltiple","S/D","Caída ocupante,Colisión","S/D","S/D","S/D","S/D"
2014,7509,18/01/2014,"Sabado",0,02:00:00,,"0.0",1,"Vehículo Oficial","ZONA RURAL ENTRE SAN CARLOS SUD Y SAN CARLOS CENTRO",3,3,0,0,0,0,0,,"Camino Rural",,"SAN CARLOS CENTRO","Las Colonias","S/D","S/D","XI","Fuera","Rural","S/D","S/D","Recta","S/D","S/D","Nocturna","S/D","S/D","S/D","Vuelco","S/D","S/D","S/D","S/D"
2014,7510,18/01/2014,"Sabado",0,03:30:00,,"0.0",2,"Automóvil,Moto/Ciclomotor","Av. Arijon 1850",4,2,0,0,1,1,0,"-33.003333333333,-60.659805555556","Avenida",,"ROSARIO","Rosario","S/D","S/D","II","Dentro","Urbana","S/D","S/D","Recta","S/D","S/D","Nocturna","S/D","S/D","S/D","Colisión","S/D","S/D","S/D","S/D"
2014,7511,03/01/2014,"Viernes",0,,,"0.0",2,"Otros,Otros","Jurisd. de la SC 22&#170; ",2,0,0,0,0,1,1,"-32.963637, -60.713382","S/D",,"ROSARIO","Rosario","S/D","S/D","II","S/D","Urbana","S/D","S/D","S/D","S/D","S/D","S/D","S/D","S/D","S/D","S/D","S/D","S/D","S/D","S/D"
2014,7512,08/01/2014,"Miercoles",0,,"Ruta Nacional 34","1.0",1,"Otros","Av. J, Granel Y Salvat",2,0,0,0,0,1,1,"-32.884092,-60.735404","Ruta",34,"ROSARIO","Rosario","Asfalto","Natural","II","Dentro","Urbana","S/D","No existe","Intersección","Bueno","S/D","S/D","S/D","S/D","S/D","S/D","S/D","S/D","Línea divisoria pintada","S/D"
2014,7513,09/01/2014,"Jueves",0,22:30:00,"Ruta Provincial 70","46.0",2,"Pickup/Utilitario,Camión"," ",2,1,0,0,0,1,0,"-31.356624,-61.172304","Ruta",70,"COLONIA NUEVA","Las Colonias","Asfalto","Natural","XI","Dentro","Rural","S/D","No existe","Recta","Bueno","Reducida","Nocturna","S/D","Frontal","S/D","Colisión","S/D","S/D","Línea divisoria pintada","S/D"
2014,7514,15/01/2014,"Miercoles",0,18:00:00,"Ruta Nacional 34","6.0",3,"Automóvil,Camión,Automóvil"," ",3,0,0,0,0,1,2,"-32.860919, -60.774632","Ruta",34,"IBARLUCEA","Rosario","S/D","S/D","II","Dentro","Urbana","S/D","S/D","S/D","S/D","S/D","S/D","S/D","Múltiple","S/D","Colisión","S/D","S/D","S/D","S/D"
2014,7515,15/01/2014,"Miercoles",0,,,"0.0",1,"Otros"," ",1,0,0,0,0,1,0,"-32.855403, -60.716095","S/D",,"GRANADERO BAIGORRIA","Rosario","S/D","S/D","II","S/D","Urbana","S/D","S/D","S/D","S/D","S/D","S/D","S/D","S/D","S/D","S/D","S/D","S/D","S/D","S/D"
2014,7516,16/01/2014,"Jueves",0,,,"0.0",1,"Otros"," ",1,0,0,0,0,1,0,"-31.625014, -60.707816","S/D",,"SANTA FE","La Capital","S/D","S/D","I","S/D","Urbana","S/D","S/D","S/D","S/D","S/D","S/D","S/D","S/D","S/D","S/D","S/D","S/D","S/D","S/D"
2014,7517,19/01/2014,"Domingo",0,,,"0.0",1,"Moto/Ciclomotor","Jurisd. de C5&#170; ",1,0,0,0,0,1,0,"-32.961189, -60.648494","S/D",,"ROSARIO","Rosario","S/D","S/D","II","S/D","Urbana","S/D","S/D","S/D","S/D","S/D","S/D","S/D","S/D","S/D","S/D","S/D","S/D","S/D","S/D"
2014,7518,26/01/2014,"Domingo",0,18:45:00,"Ruta Nacional 34","201.0",1,"Automóvil"," ",2,0,1,0,0,1,0,"-31.428187,-61.547213","Ruta",34,"SUSANA","Castellanos","Asfalto","Natural","V","Fuera","Rural","S/D","No existe","Curva","S/D","Buena","Diurna","S/D","S/D","S/D","Vuelco","S/D","S/D","Línea divisoria pintada","S/D"
2014,7519,22/01/2014,"Miercoles",0,20:00:00,,"0.0",2,"Peatón,Transporte de Pasajeros Urbano (> 8 asientos)","Rivadavia Y Hipolito Yrigoyen",2,0,1,0,1,0,0,"-31.642666666667,-60.703138888889","Calle",,"SANTA FE","La Capital","S/D","S/D","I","Dentro","Urbana","S/D","S/D","Intersección","Bueno","S/D","Atardecer","S/D","S/D","S/D","Colisión","S/D","Vertical","S/D","S/D"
2014,7520,02/06/2014,"Lunes",0,19:00:00,"Ruta Nacional 33","767.0",2,"Bicicleta,Otros"," ",2,0,0,0,0,1,1,"-33.018571948137,-60.895380782629","Ruta",33,"ZAVALLA","Rosario","Asfalto","Natural","II","Dentro","Rural","Ninguna","No existe","Recta","Bueno","Reducida","Atardecer","Buen Tiempo","S/D","S/D","Atropello","S/D","Horizontal","Línea divisoria pintada","Sin restricción"
2014,7521,17/06/2014,"Martes",0,21:00:00,,"0.0",2,"Automóvil,Moto/Ciclomotor","Rio Negro Y Pedro T de Larrechea",2,0,0,0,1,1,0,"-32.200644527388,-61.697598105364","Calle",,"EL TRÉBOL","San Martín","Asfalto","S/D","XVIII","S/D","Urbana","Ninguna","No existe","Intersección","Bueno","Reducida","Nocturna","Buen Tiempo","Frontal","S/D","Colisión","S/D","S/D","S/D","Sin restricción"
2014,7522,10/01/2014,"Viernes",0,21:00:00,,"0.0",1,"Moto/Ciclomotor","Soler Y Rivadavia",2,2,0,0,0,0,0,,"Calle",,"ESPERANZA","Las Colonias","S/D","S/D","XI","Dentro","Urbana","S/D","S/D","Intersección","S/D","S/D","Nocturna","S/D","S/D","S/D","Caída ocupante","S/D","S/D","S/D","S/D"
2014,7523,21/06/2014,"Sabado",0,06:10:00,,"0.0",2,"Moto/Ciclomotor,Otros","La Pampa Y Caseros",2,0,0,0,0,1,1,"-32.807666666667,-60.721638888889","Calle",,"CAPITÁN BERMÚDEZ","San Lorenzo","Asfalto","S/D","XVII","S/D","Urbana","S/D","S/D","Intersección","Deteriorada","Reducida","Amanecer","Buen Tiempo","Lateral","S/D","Colisión","S/D","S/D","Ninguna","Sin restricción"
2014,7524,19/06/2014,"Jueves",0,10:00:00,,"0.0",2,"Moto/Ciclomotor,Pickup/Utilitario","Alberdi Y Javier de la Rosa",2,0,0,0,1,1,0,"-31.60144444444,-60.681583333333","Calle",,"SANTA FE","La Capital","Asfalto","S/D","I","S/D","Urbana","S/D","S/D","Intersección","S/D","Buena","Diurna","S/D","Lateral","S/D","Colisión","S/D","S/D","S/D","S/D"
2014,7525,20/06/2014,"Viernes",0,07:30:00,,"0.0",2,"Moto/Ciclomotor,Camión","Pedro Alejandro Vittori 5229",1,0,0,0,0,1,0,"-31.619944444444,-60.697777777778","Calle",,"SANTA FE","La Capital","Hormigón","No existe","I","Dentro","Urbana","Otra Señal","No existe","Recta","Bueno","Buena","Amanecer,Con luz artificial","Buen Tiempo","Contra objeto fijo","S/D","Colisión","Otro","Faltante","Ninguna","Sin restricción"
2014,7526,06/06/2014,"Viernes",0,19:00:00,"Ruta Nacional 11","860.0",2,"Moto/Ciclomotor,Automóvil"," ",3,1,0,0,1,1,0,"-28.576382913496,-59.383676732882","Ruta",11,"VILLA OCAMPO","General Obligado","Asfalto","Natural","IX","S/D","Urbana","Ninguna","No existe","Intersección","S/D","Reducida humo","Nocturna","Otro","S/D","S/D","Caída ocupante","S/D","Horizontal","Ninguna","Sin restricción"
2014,7527,12/06/2014,"Jueves",0,07:00:00,,"0.0",2,"Moto/Ciclomotor,Automóvil","Av San Lorenzo Y Laprida",4,0,1,0,2,1,0,"-32.803166666667,-60.720305555556","Avenida",,"CAPITÁN BERMÚDEZ","San Lorenzo","Asfalto","S/D","XVII","S/D","Urbana","Ninguna","S/D","Intersección","Bueno","S/D","Amanecer","Buen Tiempo","Frontal","S/D","Colisión","Ninguna","S/D","Línea divisoria pintada","Sin restricción"
2014,7528,24/06/2014,"Martes",0,22:00:00,"Ruta Nacional 95","0.0",2,"Camión,Moto/Ciclomotor"," ",2,0,0,0,1,1,0,"-29.243319572221,-61.743858708323","Ruta",95,"TOSTADO","9 de Julio","Asfalto","Natural","XII","Dentro","Rural","Ninguna","No existe","Recta","Bueno","Buena","Nocturna,Con luz artificial","Buen Tiempo","Lateral","S/D","Colisión","S/D","Faltante","Ninguna","Sin restricción"
2014,7529,08/06/2014,"Domingo",0,06:50:00,"Ruta Nacional 9","393.0",2,"Pickup/Utilitario,Moto/Ciclomotor"," ",3,0,0,0,1,2,0,"-32.780920510246,-61.563981907362","Ruta",9,"ARMSTRONG","Belgrano","Asfalto","S/D","III","Dentro","Rural","Ninguna","S/D","Recta","Bueno","Buena","Amanecer","Buen Tiempo","De alcance","S/D","Colisión","Ninguna","S/D","Ninguna","Sin restricción"
2014,7530,22/06/2014,"Domingo",0,07:20:00,,"0.0",1,"Automóvil","Pedro Alejandro Vittori Y Luciano Torrent",1,0,0,0,0,1,0,"-31.625527777778,-60.697666666667","Calle",,"SANTA FE","La Capital","Hormigón","No existe","I","Dentro","Urbana","Ninguna","No existe","Recta","Bueno","Buena","Amanecer,Con luz artificial","Buen Tiempo","Contra objeto fijo","S/D","Colisión","Otro","Faltante","Ninguna","Sin restricción"
2014,7531,14/06/2014,"Sabado",0,06:00:00,"Autopista Nacional Gral. Juan Jose Valle","0.0",11,"Transporte de Pasajeros Larga Distancia (Piso  y  1/2),Automóvil,Automóvil,Automóvil,Automóvil,Automóvil,Automóvil,Automóvil,Automóvil,Automóvil,Camión","Autopista Rosario Bs As ",48,40,0,0,7,1,0,"-33.0426081091,-60.663182103199","Autopista","Gral. Juan Jose Valle","VILLA GOBERNADOR GÁLVEZ","Rosario","S/D","Pavimento","II","Dentro","Rural","Ninguna","No existe","Recta","Bueno","Reducida p/ objetos","Nocturna","Niebla","Múltiple","S/D","Colisión","Otro","Horizontal,Vertical","Cordón divisorio","Reparación de Vía"
2014,7532,22/06/2014,"Domingo",0,02:45:00,"Ruta Nacional 11","514.0",2,"Transporte de Pasajeros Larga Distancia (> 8 asientos),Moto/Ciclomotor"," ",2,0,0,0,1,1,0,"-31.22964650373,-60.750852470868","Ruta",11,"LLAMBI CAMPBELL","La Capital","Asfalto","Natural","I","Dentro","Rural","Marca Vial","No existe","Recta","Bueno","Buena","Nocturna","Buen Tiempo","Frontal","S/D","Colisión","Ninguna","Horizontal","Línea divisoria pintada","Sin restricción"
2014,7533,30/06/2014,"Lunes",0,03:40:00,"Ruta Nacional 11","574.5",2,"Peatón,Ambulancia"," ",3,0,0,0,2,1,0,"-30.75105087568,-60.554208922003","Ruta",11,"SAN JUSTO","San Justo","Asfalto","Natural","XVI","Dentro","Rural","Ninguna","No existe","Pendiente","Resbaladiza","Reducida","Nocturna","Niebla","S/D","S/D","Atropello","Otro","Faltante","Línea divisoria pintada","Sin restricción"
2014,7534,24/06/2014,"Martes",0,13:15:00,"Autopista Nacional Rosario -Cordoba","0.0",1,"Automóvil"," ",2,0,1,0,0,1,0,"-32.776480,-61.797264","Autopista","Rosario -Cordoba","TORTUGAS","Belgrano","Asfalto","Pavimento","III","Dentro","Rural","Ninguna","No existe","Recta","Bueno","Buena","Diurna","Buen Tiempo","Contra objeto fijo","S/D","Colisión","Ninguna","Vertical","Vegetación","Sin restricción"
2014,7535,21/06/2014,"Sabado",0,00:15:00,,"0.0",2,"Moto/Ciclomotor,Bicicleta","Calle 1707 Y Pje. 1750",4,3,0,0,0,1,0,"-32.952555555556,-60.7235","Calle",,"ROSARIO","Rosario","Asfalto","No existe","II","S/D","Urbana","Ninguna","No existe","Intersección","Bueno","Buena","Nocturna","Buen Tiempo","S/D","S/D","Atropello","Ninguna","Faltante","S/D","Sin restricción"
2014,7536,15/06/2014,"Domingo",0,23:00:00,,"0.0",1,"Moto/Ciclomotor","LAVALLE ",1,0,0,0,0,1,0,"-31.11356039155,-60.576139192731","Calle",,"CAYASTACITO","San Justo","Tierra","Natural","XVI","Dentro","Urbana","Ninguna","No existe","Recta","Bueno","Reducida","Nocturna","Buen Tiempo","Atropello animal","S/D","Colisión","Material Suelto","Faltante","Ninguna","Sin restricción"
2014,7537,27/06/2014,"Viernes",0,16:00:00,,"0.0",2,"Moto/Ciclomotor,Automóvil","España Y Ripamonti",2,0,0,0,1,1,0,"-31.2531111111111,-61.473583333333","Calle",,"RAFAELA","Castellanos","Asfalto","S/D","V","S/D","Urbana","S/D","S/D","Intersección","S/D","S/D","Diurna","S/D","Frontal","S/D","Colisión","S/D","S/D","S/D","S/D"
2014,7538,16/05/2014,"Viernes",0,14:45:00,"Ruta Nacional 11","723.0",2,"Camión,Moto/Ciclomotor"," ",3,0,1,0,1,1,0,"-29.511169,-60.217753","Ruta",11,"VERA","Vera","Asfalto","Ripio","XIX","S/D","Urbana","Ninguna","No existe","Intersección","Bueno","Buena","Diurna","Buen Tiempo","Otro","S/D","Colisión","S/D","Faltante","Línea divisoria pintada","S/D"
2014,7539,30/06/2014,"Lunes",0,20:20:00,"Ruta Nacional 11","532.0",2,"Moto/Ciclomotor,Automóvil"," ",2,0,0,0,1,1,0,"-31.069464222906,-60.7231364264","Ruta",11,"EMILIA","La Capital","Asfalto","Natural","I","S/D","Urbana","Marca Vial","No existe","Recta","Bueno","Buena","Diurna","Buen Tiempo","Frontal","S/D","Colisión","Ninguna","Horizontal","Línea divisoria pintada","Sin restricción"
2014,7540,29/06/2014,"Domingo",0,05:45:00,"Ruta Nacional 11","0.0",1,"Automóvil","Ruta Nacional 11 Y San Martin",2,0,0,0,0,2,0,"-31.49905182315,-60.729647931145","Ruta",11,"RECREO","La Capital","Asfalto","Natural","I","S/D","Urbana","Ninguna","No existe","Curva","Bueno","Buena","Nocturna,Con luz artificial","Buen Tiempo","Contra objeto fijo","S/D","Colisión,Vuelco","Ninguna","Horizontal,Vertical","Línea divisoria pintada","Sin restricción"
2014,7541,05/06/2014,"Jueves",0,18:31:00,,"0.0",4,"Automóvil,Peatón,Peatón,Moto/Ciclomotor","Salta Y Av. Ovidio Lagos",4,3,0,0,0,1,0,"-32.93525,-60.659694444444","Calle",,"ROSARIO","Rosario","Asfalto","No existe","II","S/D","Urbana","Semáforo","Funciona","Recta","Bueno","Buena","Nocturna","Buen Tiempo","S/D","S/D","Colisión,Atropello","Otro","Vertical","Ninguna","Sin restricción"
2014,7542,21/06/2014,"Sabado",0,22:15:00,"Ruta Nacional 11","889.0",2,"Bicicleta,Moto/Ciclomotor"," ",3,1,0,0,1,1,0,"-28.36627475911,-59.263779318129","Ruta",11,"LAS TOSCAS","General Obligado","Asfalto","Pavimento","IX","S/D","S/D","Ninguna","No existe","Recta","Bueno","Buena","Nocturna,Con luz artificial","Buen Tiempo","S/D","S/D","Atropello","S/D","Horizontal","Ninguna","Sin restricción"
2014,7543,28/06/2014,"Sabado",0,16:15:00,"Ruta Nacional 8","0.0",2,"Moto/Ciclomotor,Camión","Ruta Nac 8 Y Felix Goumonde",2,0,1,0,1,0,0,,"Ruta",8,"VENADO TUERTO","General López","Asfalto","S/D","VIII","S/D","Urbana","S/D","S/D","S/D","S/D","S/D","Diurna","S/D","S/D","S/D","Colisión","S/D","S/D","S/D","S/D"
2014,7544,01/06/2014,"Domingo",0,10:45:00,"Ruta Nacional 11","660.0",2,"Automóvil,Camión"," ",4,0,2,0,1,1,0,"-30.009189200802,-60.310763796839","Ruta",11,"PEDRO GÓMEZ CELLO","San Justo","Asfalto","S/D","XVI","S/D","S/D","S/D","S/D","S/D","S/D","S/D","Diurna","S/D","S/D","S/D","Colisión","S/D","S/D","S/D","S/D"
2014,7545,01/06/2014,"Domingo",0,,,"0.0",1,"Moto/Ciclomotor","3 de Febrero Y Domingo Faustino Sarmiento",1,0,1,0,0,0,0,,"Calle",,"VENADO TUERTO","General López","S/D","S/D","VIII","S/D","Urbana","S/D","S/D","S/D","S/D","S/D","S/D","S/D","S/D","S/D","Caída ocupante","S/D","S/D","S/D","S/D"
2014,7546,29/06/2014,"Domingo",0,04:00:00,"Ruta Nacional 33","546.0",1,"Automóvil"," ",1,0,0,0,0,1,0,"-34.226230109639,-62.614173871475","Ruta",33,"RUFINO","General López","Asfalto","S/D","VIII","S/D","S/D","S/D","S/D","S/D","S/D","S/D","Nocturna","S/D","S/D","S/D","Vuelco","S/D","S/D","S/D","S/D"
2014,7547,01/06/2014,"Domingo",0,19:00:00,,"0.0",1,"Moto/Ciclomotor","Av Circunvalación ",1,0,0,0,0,1,0,"-31.641305555556,-60.740305555556","Avenida",,"SANTA FE","La Capital","Asfalto","S/D","I","S/D","Urbana","S/D","S/D","S/D","S/D","S/D","Atardecer","S/D","S/D","S/D","Caída ocupante","S/D","S/D","S/D","S/D"
2014,7548,05/06/2014,"Jueves",0,20:30:00,"Ruta Provincial 1","0.0",2,"Bicicleta,Camión"," ",2,0,0,0,1,1,0,"-29.32293518212,-59.713718302734","Ruta",1,"LOS LAURELES","General Obligado","S/D","S/D","IX","S/D","S/D","S/D","S/D","S/D","S/D","S/D","Nocturna","S/D","S/D","S/D","Atropello","S/D","S/D","S/D","S/D"