"anio_acci","nro_acci","fecha","desc_dia","fecha_aprox","hora_aprox","desc_ruta","km","cant_participantes","desc_participante","calle_avenida_km","total","heridos_leves","heridos_graves","heridos_gravisimos","ilesos","fallecidos","sin_datos","posicion_XY","desc_tipo_via","desc_ruta_ori","desc_loc","desc_dpto","desc_tipo_calzada","desc_tipo_banquina","desc_unidad_regional","desc_lugar_calzada","desc_zona","desc_prioridad","desc_estado_semaforo","desc_lugar_via","desc_estado_via","desc_estado_visibilidad","desc_luminosidad","desc_estado_clima","desc_tipo_colision","desc_tipo_atropello","desc_tipo_hecho","desc_pres_calzada","desc_senializacion","desc_separacion_via","desc_restriccion"
2014,7549,09/06/2014,"Lunes",0,00:15:00,,"0.0",2,"Moto/Ciclomotor,Automóvil","Llerena Y Av Urquiza",2,0,1,0,1,0,0,,"Avenida",,"SANTA FE","La Capital","S/D","S/D","I","S/D","Urbana","S/D","S/D","S/D","S/D","S/D","Nocturna","S/D","S/D","S/D","Colisión","S/D","S/D","S/D","S/D"
2014,7550,13/06/2014,"Viernes",0,00:15:00,,"0.0",2,"Automóvil,Automóvil","Tacuari Y Boneo",3,1,0,0,2,0,0,,"Calle",,"SANTA FE","La Capital","Asfalto","No existe","I","S/D","Urbana","S/D","S/D","S/D","S/D","S/D","Nocturna","S/D","S/D","S/D","Colisión","S/D","S/D","S/D","S/D"
2014,7551,13/06/2014,"Viernes",0,,,"0.0",2,"Peatón,Moto/Ciclomotor","Coronel Dorrego Y Aguero",2,0,1,0,1,0,0,,"Calle",,"VENADO TUERTO","General López","S/D","S/D","VIII","S/D","Urbana","S/D","S/D","S/D","S/D","S/D","S/D","S/D","S/D","S/D","Atropello","S/D","S/D","S/D","S/D"
2014,7552,13/06/2014,"Viernes",0,,,"0.0",2,"Automóvil,Moto/Ciclomotor","Bv Oroño Y Fray Peña",3,2,0,0,1,0,0,,"Avenida",,"SAN LORENZO","San Lorenzo","S/D","No existe","XVII","Dentro","Urbana","S/D","S/D","S/D","S/D","S/D","S/D","S/D","S/D","S/D","Colisión","S/D","S/D","S/D","S/D"
2014,7553,17/06/2014,"Martes",0,08:50:00,,"0.0",2,"Moto/Ciclomotor,Automóvil","Av. Pellegrini Y Bv. Avellaneda",3,1,1,0,1,0,0,,"Avenida",,"ROSARIO","Rosario","Asfalto","No existe","II","Dentro","Urbana","S/D","S/D","Intersección","S/D","S/D","Diurna","S/D","S/D","S/D","Colisión","S/D","S/D","S/D","S/D"
2014,7554,19/06/2014,"Jueves",0,,,"0.0",2,"Moto/Ciclomotor,Automóvil","Solis Y Tucuman",3,0,1,0,1,1,0,"-32.932305555556,-60.703777777778","Calle",,"ROSARIO","Rosario","Asfalto","No existe","II","S/D","Urbana","S/D","S/D","S/D","S/D","S/D","Diurna","S/D","S/D","S/D","Colisión","S/D","S/D","S/D","S/D"
2014,7555,30/06/2014,"Lunes",0,00:30:00,"Ruta Nacional 11","719.0",7,"Camión,Transporte de Pasajeros Larga Distancia (Doble Piso),Transporte de Pasajeros Larga Distancia (> 8 asientos),Camión,Camión,Automóvil,Automóvil","Pedro Alejandro Vittori 5229",76,5,3,0,68,0,0,"-29.493520, -60.214577","Ruta",11,"VERA","Vera","Asfalto","Natural","XIX","Dentro","Urbana","Ninguna","No existe","Recta","S/D","Reducida","Nocturna","S/D","Múltiple","S/D","Colisión","S/D","Horizontal,Vertical","Línea divisoria pintada,S/D","S/D"
2014,7556,20/06/2014,"Viernes",0,06:00:00,"Ruta Nacional 7","420.0",1,"Pickup/Utilitario"," ",1,0,0,0,0,1,0,"-34.289354995768,-62.665934193289","Ruta",7,"RUFINO","General López","Asfalto","S/D","VIII","S/D","Rural","S/D","S/D","S/D","S/D","S/D","Amanecer","S/D","S/D","S/D","S/D","S/D","S/D","S/D","S/D"
2014,7557,21/06/2014,"Sabado",0,,"Ruta Provincial 18","3.0",3,"Automóvil,Automóvil,Bicicleta"," ",5,4,1,0,0,0,0,,"Ruta",18,"PIÑERO","Rosario","S/D","S/D","II","S/D","S/D","S/D","S/D","S/D","S/D","S/D","S/D","S/D","S/D","S/D","Colisión,Atropello","S/D","S/D","S/D","S/D"
2014,7558,29/06/2014,"Domingo",0,22:00:00,,"0.0",2,"Vehículo Oficial,Moto/Ciclomotor","12 de Octubre Y Neuquen",4,2,0,0,2,0,0,,"Calle",,"SANTA FE","La Capital","Asfalto","S/D","I","S/D","Urbana","S/D","S/D","Intersección","S/D","S/D","Nocturna","S/D","S/D","S/D","Colisión","S/D","S/D","S/D","S/D"
2014,7559,22/06/2014,"Domingo",0,04:30:00,"Ruta Provincial 80","0.0",2,"Moto/Ciclomotor,Automóvil"," ",2,0,0,1,0,0,1,,"Ruta",80,"GÁLVEZ","San Jerónimo","S/D","S/D","XV","S/D","S/D","S/D","S/D","S/D","S/D","S/D","Nocturna","S/D","S/D","S/D","Colisión","S/D","S/D","S/D","S/D"
2014,7560,28/06/2014,"Sabado",0,14:00:00,,"0.0",2,"Moto/Ciclomotor,Automóvil","Lisandro de la Torre Y Hipolito Irigoyen",2,0,1,0,1,0,0,,"Calle",,"VENADO TUERTO","General López","S/D","S/D","VIII","S/D","Urbana","S/D","S/D","Intersección","S/D","S/D","Diurna","S/D","S/D","S/D","Colisión","S/D","S/D","S/D","S/D"
2014,7561,22/06/2014,"Domingo",0,18:30:00,,"0.0",2,"Moto/Ciclomotor,Pickup/Utilitario","nd ",2,0,0,0,1,1,0,"-31.909876,-61.400342","S/D",,"COLONIA BELGRANO","San Martín","S/D","S/D","VIII","S/D","S/D","S/D","S/D","S/D","S/D","S/D","Atardecer","S/D","S/D","S/D","Colisión","S/D","S/D","S/D","S/D"
2014,7562,22/06/2014,"Domingo",0,23:50:00,,"0.0",2,"Moto/Ciclomotor,Taxi/Remis","Cafferata Y Mendoza",2,0,1,0,1,0,0,,"Calle",,"ROSARIO","Rosario","Asfalto","No existe","II","Dentro","Urbana","S/D","S/D","Intersección","S/D","S/D","Nocturna","S/D","S/D","S/D","Colisión","S/D","S/D","S/D","S/D"
2014,7563,23/06/2014,"Lunes",0,08:00:00,,"0.0",2,"Moto/Ciclomotor,Automóvil","Av. Arijon Y Santiago",3,2,0,0,1,0,0,,"Avenida",,"ROSARIO","Rosario","Asfalto","No existe","II","S/D","Urbana","S/D","S/D","S/D","S/D","S/D","Diurna","S/D","S/D","S/D","Colisión","S/D","S/D","S/D","S/D"
2014,7564,23/06/2014,"Lunes",0,09:35:00,"Ruta Provincial 32","0.0",2,"Pickup/Utilitario,Moto/Ciclomotor","Ruta Pcial 32 Y 25 de Mayo",3,0,2,0,1,0,0,,"Ruta",32,"VILLA ANA","General Obligado","Asfalto","S/D","IX","S/D","Urbana","S/D","S/D","Intersección","S/D","S/D","Diurna","S/D","S/D","S/D","Colisión","S/D","S/D","S/D","S/D"
2014,7565,02/07/2014,"Miercoles",0,07:15:00,"Ruta Provincial 70","87.0",2,"Automóvil,Camión"," ",4,0,1,0,1,2,0,"-31.246631059463,-61.581172579445","Ruta",70,"PRESIDENTE ROCA","Castellanos","Hormigón","Natural","V","S/D","Rural","S/D","No existe","Recta","Deteriorada","Reducida","Amanecer","Niebla","Frontal","S/D","Colisión","S/D","S/D","S/D","S/D"
2014,7566,04/07/2014,"Viernes",0,02:15:00,"Autopista Provincial Brigadier E.López","54.0",2,"Camión,Camión","AP01 km 54 desc ",3,0,1,0,1,1,0,"-32.437646,-60.924135","Autopista","Brigadier E.López","MACIEL","San Jerónimo","Asfalto","Pavimento","XV","Dentro","Rural","Ninguna","No existe","Recta","Bueno","Buena","Nocturna","Buen Tiempo","De alcance","S/D","Colisión","S/D","Horizontal,Vertical","Vegetación","Sin restricción"
2014,7567,27/09/2014,"Sabado",0,12:10:00,,"0.0",2,"Pickup/Utilitario,Pickup/Utilitario","Entre Rios Y Ayolas",5,0,1,0,3,1,0,"-32.976221, -60.648537","Calle",,"ROSARIO","Rosario","Asfalto","No existe","II","Dentro","Urbana","Semáforo","S/D","Intersección","Bueno","Buena","Diurna","S/D","Lateral","S/D","Colisión","S/D","S/D","Ninguna","S/D"
2014,7568,04/07/2014,"Viernes",0,13:50:00,"Ruta Provincial 70","3.0",3,"Pickup/Utilitario,Camión,Automóvil"," ",3,1,0,0,1,1,0,"-31.497050554941,-60.75529375966","Ruta",70,"RECREO","La Capital","Asfalto","Natural","I","S/D","Urbana","S/D","No existe","Recta","Bueno","Buena","Diurna","Buen Tiempo","Frontal,Múltiple","S/D","Colisión","Ninguna","Vertical","Línea divisoria pintada","Sin restricción"
2014,7569,11/07/2014,"Viernes",0,08:10:00,"Ruta Nacional 11","876.0",3,"Bicicleta,Bicicleta,Moto/Ciclomotor","Ruta Nacional 11 876",4,2,1,0,0,1,0,"-28.456303183891,-59.332570196493","Ruta",11,"VILLA OCAMPO","General Obligado","Asfalto","Natural","IX","Fuera","Urbana","Ninguna","No existe","Recta","Resbaladiza","Reducida","Diurna","Niebla","S/D","S/D","Atropello","S/D","Faltante","Cordón divisorio","Sin restricción"
2014,7570,28/09/2014,"Domingo",0,03:00:00,"Ruta Nacional 11","336.0",1,"Automóvil","America Y Ruta Nac 11",4,1,0,0,0,1,2,"-32.702181, -60.765506","Ruta",11,"PUERTO SAN MARTÍN","San Lorenzo","Asfalto","Natural","XVII","Fuera","Urbana","Ninguna","No existe","Intersección","Deteriorada","Reducida","Nocturna","Buen Tiempo","S/D","S/D","Vuelco","Ninguna","Horizontal","Ninguna","Sin restricción"
2014,7571,04/07/2014,"Viernes",0,,,"0.0",2,"Automóvil,Pickup/Utilitario","CAMINO RURAL ",4,3,0,0,0,1,0,"-33.23992403104,-60.826315562076","Camino Rural",,"ACEBAL","Rosario","Tierra","No existe","II","S/D","Rural","Ninguna","No existe","Recta","Bueno","Buena","Nocturna","Buen Tiempo","S/D","S/D","Colisión","S/D","S/D","S/D","Sin restricción"
2014,7572,16/07/2014,"Miercoles",0,13:45:00,,"0.0",1,"Moto/Ciclomotor","Av Alberdi ",1,0,0,0,0,1,0,"-31.896491770678,-61.857589223702","Avenida",,"SAN JORGE","San Martín","Asfalto","S/D","XVIII","S/D","Urbana","Ninguna","S/D","Recta","Bueno","Buena","Diurna","Buen Tiempo","S/D","S/D","Despiste","S/D","S/D","Ninguna","Sin restricción"
2014,7573,28/09/2014,"Domingo",0,13:20:00,"Ruta Nacional 34","235.0",2,"Automóvil,Automóvil","RN 34 y empalme con RP81s ",4,3,0,0,0,1,0,"-31.126327, -61.474345","Ruta",34,"LEHMANN","Castellanos","Asfalto","Natural","V","Dentro","Rural","Marca Vial","No existe","Cruce","Bueno","S/D","Diurna","S/D","Lateral","S/D","Colisión","S/D","Horizontal,Vertical","Línea divisoria pintada","S/D"
2014,7574,17/07/2014,"Jueves",0,15:45:00,,"0.0",2,"Pickup/Utilitario,Transporte de Pasajeros Urbano (> 8 asientos)","Washington Y Warnes",5,3,0,0,1,1,0,"-32.901527777778,-60.691833333333","Calle",,"ROSARIO","Rosario","Asfalto","No existe","II","Dentro","Urbana","Señal Pare","No existe","Intersección","Bueno","Buena","Diurna","Buen Tiempo","Lateral","S/D","Colisión","S/D","Vertical","Ninguna","Sin restricción"
2014,7575,17/07/2014,"Jueves",0,21:00:00,"Ruta Nacional 19","214.0",2,"Camión,Moto/Ciclomotor"," ",2,0,0,0,1,1,0,"-31.44331707035,-61.943234169957","Ruta",19,"FRONTERA","Castellanos","Asfalto","S/D","V","Dentro","Rural","S/D","S/D","Recta","Bueno","Buena","Nocturna","S/D","S/D","S/D","Colisión","S/D","S/D","S/D","S/D"
2014,7576,29/09/2014,"Lunes",0,06:20:00,"Ruta Nacional 34","80.0",1,"Pickup/Utilitario"," ",3,0,0,0,1,2,0,"-32.409740, -61.328812","Ruta",34,"SAN GENARO","San Jerónimo","Asfalto","Natural","XV","Dentro","Rural","Ninguna","No existe","Recta","Bueno","Reducida","Amanecer","Niebla","De alcance","S/D","Colisión","Ninguna","Horizontal","Línea divisoria pintada","Accidente Previo"
2014,7577,05/07/2014,"Sabado",0,04:00:00,,"0.0",2,"Bicicleta,Automóvil","Av. Sorrento Y Cullen Bis",2,0,0,0,1,1,0,"-32.907722222222,-60.7105","Avenida",,"ROSARIO","Rosario","Asfalto","No existe","II","S/D","Urbana","Ninguna","No existe","Recta","Bueno","S/D","Con luz artificial","S/D","S/D","S/D","Atropello","S/D","Faltante","Línea divisoria pintada","Sin restricción"
2014,7578,29/09/2014,"Lunes",0,18:30:00,"Ruta Nacional 34","211.0",2,"Transporte de Pasajeros Larga Distancia (Doble Piso),Camión"," ",55,16,6,0,30,3,0,"-31.341040, -61.526369","Ruta",34,"SUSANA","Castellanos","Asfalto","Natural","V","Dentro","Rural","S/D","No existe","Recta","Ahuellamiento","Buena","Atardecer","Buen Tiempo","Frontal","S/D","Colisión","S/D","Horizontal","S/D","S/D"
2014,7579,08/07/2014,"Martes",0,06:00:00,,"0.0",2,"Moto/Ciclomotor,Transporte de Pasajeros Urbano (> 8 asientos)","Av Blas Parera Y De La Salle",2,0,0,0,1,1,0,"-31.561666666667,-60.729277777778","Avenida",,"SANTA FE","La Capital","Asfalto","Natural","I","Dentro","Urbana","Ninguna","Intermitente","Intersección","Bueno","Buena","Amanecer,Con luz artificial","Buen Tiempo","Frontal","S/D","Colisión","Ninguna","Vertical","Línea divisoria pintada","Sin restricción"
2014,7580,22/07/2014,"Martes",0,09:00:00,,"0.0",2,"Peatón,Camión","25 de Mayo Y Padre Tibaldo",2,0,0,0,1,1,0,"-28.490638888889,-59.354194444444","Calle",,"VILLA OCAMPO","General Obligado","Asfalto","S/D","IX","Fuera","Urbana","Semáforo","Funciona","Intersección","Con baches","Buena","Diurna","Buen Tiempo","S/D","S/D","Atropello","Material Suelto","Vertical","Ninguna","Sin restricción"
2014,7581,10/07/2014,"Jueves",0,01:20:00,"Ruta Nacional 11","428.0",1,"Pickup/Utilitario"," ",1,0,0,0,0,1,0,"-31.929886690946,-60.925616668792","Ruta",11,"CORONDA","San Jerónimo","Asfalto","Natural","XV","Fuera","Rural","Ninguna","No existe","Curva","Bueno","Reducida","Nocturna","Buen Tiempo","S/D","S/D","Vuelco","S/D","S/D","Línea divisoria pintada","Sin restricción"
2014,7582,10/07/2014,"Jueves",0,18:15:00,,"0.0",2,"Camión,Bicicleta","Soler Y 1 de Mayo",2,0,0,0,1,1,0,"-31.462416666667,-60.926555555556","Calle",,"ESPERANZA","Las Colonias","Asfalto","No existe","XI","Dentro","Urbana","Semáforo","Funciona","Intersección","Bueno","Buena","Diurna","Buen Tiempo","S/D","S/D","Atropello","S/D","Horizontal,Vertical","Ninguna","Sin restricción"
2014,7583,24/07/2014,"Jueves",0,15:00:00,"Ruta Secundaria 25-s","0.0",1,"Automóvil"," ",2,0,1,0,0,1,0,"-33.323404026894,-60.595889498852","Ruta","25-s","CORONEL BOGADO","Rosario","Ripio","No existe","II","Dentro","Rural","Ninguna","No existe","Recta","Resbaladiza","Buena","Diurna","Buen Tiempo","Contra objeto fijo","S/D","Colisión,Despiste","Material Suelto","Faltante","Ninguna","Sin restricción"
2014,7584,12/01/2014,"Domingo",0,04:00:00,"Ruta Nacional 11","452.5",2,"Moto/Ciclomotor,Pickup/Utilitario"," ",3,2,0,0,1,0,0,,"Ruta",11,"SAUCE VIEJO","La Capital","Asfalto","S/D","I","S/D","Urbana","S/D","S/D","S/D","S/D","S/D","Nocturna","S/D","S/D","S/D","Colisión","S/D","S/D","S/D","S/D"
2014,7585,12/01/2014,"Domingo",0,19:30:00,"Autopista Provincial Brigadier E.López","110.0",1,"Moto/Ciclomotor"," ",1,1,0,0,0,0,0,,"Autopista","Brigadier E.López","CORONDA","San Jerónimo","S/D","S/D","XV","Fuera","S/D","S/D","S/D","S/D","S/D","S/D","Atardecer","S/D","S/D","S/D","Despiste","S/D","S/D","S/D","S/D"
2014,7587,14/01/2014,"Martes",0,07:30:00,"Autopista Provincial Brigadier E.López","42.0",2,"Otros,Otros"," ",2,1,0,0,1,0,0,,"Autopista","Brigadier E.López","OLIVEROS","Iriondo","Hormigón","Natural","X","S/D","S/D","S/D","S/D","S/D","S/D","S/D","Diurna","S/D","S/D","S/D","Colisión","S/D","S/D","S/D","S/D"
2014,7591,20/01/2014,"Lunes",0,00:45:00,"Autopista Provincial Brigadier E.López","28.0",2,"Automóvil,Automóvil"," ",2,1,0,0,1,0,0,,"Autopista","Brigadier E.López","OLIVEROS","Iriondo","Hormigón","S/D","X","S/D","S/D","S/D","S/D","S/D","S/D","S/D","Nocturna","S/D","S/D","S/D","Colisión","S/D","S/D","S/D","S/D"
2014,7594,24/07/2014,"Jueves",0,15:30:00,"Ruta Nacional 33","660.0",2,"Camión,Camión"," ",2,0,0,0,1,1,0,"-33.562029825098,-61.693245030592","Ruta",33,"ELORTONDO","General López","Asfalto","Natural","VIII","Dentro","Rural","Ninguna","No existe","Recta","Bueno","Buena","Diurna","Buen Tiempo","Lateral","S/D","Colisión","Otro","Faltante","Línea divisoria pintada","Sin restricción"
2014,7595,24/07/2014,"Jueves",0,17:40:00,,"0.0",2,"Pickup/Utilitario,Moto/Ciclomotor","BELGRANO Y NAPOLES",2,0,0,0,1,1,0,"-32.878018595305,-61.024129133931","Calle",,"SAN JERÓNIMO SUR","San Lorenzo","Ripio","No existe","XVII","Dentro","Urbana","Ninguna","No existe","Intersección","Deteriorada","Buena","Diurna","Buen Tiempo","Otro","S/D","Colisión","S/D","Faltante","Ninguna","Sin restricción"
2014,7596,31/07/2014,"Jueves",0,10:00:00,"Ruta Provincial 4","117.0",1,"Camión"," ",3,2,0,0,0,1,0,"-30.493012382359,-61.190188969621","Ruta",4,"CAPIVARA","San Cristóbal","Asfalto","Natural","XIII","S/D","Rural","Ninguna","No existe","Curva","Bueno","Buena","Diurna","Buen Tiempo","S/D","S/D","Vuelco","S/D","Faltante","Ninguna","Sin restricción"
2014,7597,03/09/2014,"Miercoles",0,08:00:00,,"0.0",2,"Bicicleta,Automóvil","Av. Pellegrini 8700",3,2,0,0,1,0,0,"-32.948801, -60.719348","Avenida",,"ROSARIO","Rosario","Asfalto","No existe","II","Dentro","Urbana","S/D","S/D","Distribuidor","Bueno","Buena","Diurna","Buen Tiempo","S/D","S/D","Atropello","S/D","Horizontal,Vertical","Barrera de alto impacto","Sin restricción"
2014,7598,19/07/2014,"Sabado",0,20:45:00,"Autopista Nacional Rosario -Cordoba","378.0",2,"Pickup/Utilitario,Camión"," ",6,0,2,0,3,1,0,"-32.825477969069,-61.513617434933","Autopista","Rosario -Cordoba","ARMSTRONG","Belgrano","Hormigón","Pavimento","III","Dentro","Rural","Ninguna","No existe","Recta","Bueno","Buena","Nocturna","Buen Tiempo","De alcance","S/D","Colisión","Ninguna","Faltante","Vegetación","Sin restricción"
2014,7599,24/07/2014,"Jueves",0,18:35:00,"Autopista Provincial Brigadier E.López","66.0",1,"Automóvil"," ",2,2,0,0,0,0,0,,"Autopista","Brigadier E.López","MONJE","San Jerónimo","Asfalto","S/D","XV","S/D","S/D","S/D","S/D","S/D","S/D","S/D","Diurna","S/D","Contra objeto fijo","S/D","Colisión,Vuelco","S/D","S/D","S/D","S/D"
2014,7600,02/10/2014,"Jueves",0,18:00:00,,"0.0",2,"Moto/Ciclomotor,Pickup/Utilitario","Alberti Y Piedras",2,0,0,0,1,1,0,"-31.606074, -60.674181","Calle",,"SANTA FE","La Capital","Asfalto","No existe","I","Dentro","Urbana","S/D","No existe","Intersección","Bueno","Buena","Diurna","S/D","Contra objeto fijo","S/D","Colisión","S/D","S/D","Ninguna","S/D"
2014,7601,25/07/2014,"Viernes",0,11:05:00,,"0.0",2,"Tren,Pickup/Utilitario","Fiambala Y Ferrocarril Mitre",4,0,1,0,2,1,0,"-32.90402046377,-60.882751263857","Calle",,"ROLDÁN","San Lorenzo","Tierra","S/D","XVII","Dentro","Urbana","Señal Pare","No existe","Intersección","Bueno","Buena","Diurna","Buen Tiempo","Lateral","S/D","Colisión","S/D","Vertical","Ninguna","Sin restricción"
2014,7602,18/07/2014,"Viernes",0,00:15:00,"Autopista Provincial Brigadier E.López","67.0",1,"Pickup/Utilitario"," ",3,2,0,0,0,1,0,"-32.36051468403,-60.95548807746","Autopista","Brigadier E.López","MONJE","San Jerónimo","Asfalto","S/D","XV","S/D","S/D","S/D","S/D","Recta","S/D","S/D","Nocturna","S/D","S/D","S/D","Vuelco","S/D","S/D","S/D","S/D"
2014,7603,06/10/2014,"Lunes",0,03:00:00,,"0.0",1,"Moto/Ciclomotor","Av Aristobulo del Valle Y M Obligado",1,0,0,0,0,1,0,"-31.261077, -61.473740","Avenida",,"RAFAELA","Castellanos","Hormigón","S/D","V","Fuera","Urbana","Ninguna","No existe","Recta","Bueno","S/D","Nocturna,Con luz artificial","S/D","Contra objeto fijo","S/D","Colisión,Despiste","S/D","Horizontal,Vertical","Ninguna","Sin restricción"
2014,7604,27/07/2014,"Domingo",0,08:30:00,,"0.0",1,"Moto/Ciclomotor","AV. ARISTÓBULO DEL VALLE 12000",2,0,0,0,0,1,1,"-31.554223545111,-60.686831733681","Avenida",,"ANGEL GALLARDO","La Capital","Hormigón","Natural","I","Fuera","Rural","Ninguna","No existe","Recta","Bueno","Buena","Amanecer,Con luz artificial","Buen Tiempo","S/D","S/D","Caída ocupante,Despiste","Ninguna","S/D","S/D","Sin restricción"
2014,7605,07/10/2014,"Martes",0,23:15:00,,"0.0",2,"Moto/Ciclomotor,Automóvil","Av Facundo Zuviria Y Luciano Torrent",4,1,0,0,2,1,0,"-31.623429, -60.705552","Avenida",,"SANTA FE","La Capital","Asfalto","No existe","I","Dentro","Urbana","Semáforo","Funciona","Recta","Bueno","Buena","Nocturna,Con luz artificial","Buen Tiempo","De alcance","S/D","Colisión","Ninguna","Vertical","Cordón divisorio","Sin restricción"
2014,7606,14/07/2014,"Lunes",0,06:40:00,"Autopista Provincial Brigadier E.López","65.0",1,"Camión"," ",1,1,0,0,0,0,0,,"Autopista","Brigadier E.López","MONJE","San Jerónimo","Asfalto","Pavimento","XV","S/D","Rural","S/D","No existe","Recta","S/D","S/D","Amanecer","S/D","S/D","S/D","Vuelco","S/D","S/D","Vegetación,S/D","S/D"
2014,7607,09/10/2014,"Jueves",0,05:00:00,"Ruta Nacional 11","498.0",3,"Moto/Ciclomotor,Automóvil,Automóvil"," ",8,0,0,0,7,1,0,"-31.362520, -60.750445","Ruta",11,"CANDIOTI","La Capital","Asfalto","Natural","I","Dentro","Rural","Ninguna","No existe","Recta","Bueno","Buena","Nocturna","Buen Tiempo","Múltiple","S/D","Colisión","S/D","Horizontal","Línea divisoria pintada","Sin restricción"
2014,7608,01/07/2014,"Martes",0,16:30:00,"Ruta Nacional 11","0.0",2,"Moto/Ciclomotor,Pickup/Utilitario","Ruta Nacional 11 Y Calle 121",3,1,1,0,1,0,0,,"Ruta",11,"LAS TOSCAS","General Obligado","Asfalto","S/D","IX","S/D","Urbana","S/D","S/D","Intersección","S/D","S/D","Diurna","S/D","S/D","S/D","Colisión","S/D","S/D","S/D","S/D"
2014,7609,12/10/2014,"Domingo",0,18:40:00,"Ruta Nacional 34","84.0",2,"Automóvil,Camión","RN 34 y RP 65 ",5,0,1,0,1,3,0,"-32.382552, -61.354224","Ruta",34,"SAN GENARO","San Jerónimo","Asfalto","Natural","XV","Dentro","Rural","Señal Pare","No existe","Cruce","Bueno","Buena","Diurna","Buen Tiempo","Lateral","S/D","Colisión","Ninguna","Horizontal,Vertical","Línea divisoria pintada","Sin restricción"
2014,7610,15/10/2014,"Miercoles",0,07:15:00,"Ruta Nacional 11","789.0",2,"Bicicleta,Camión","Bv. H. Yrigoyen Y M. Moreno",3,0,0,0,2,1,0,"-29.139934, -59.655573","Ruta",11,"RECONQUISTA","General Obligado","Asfalto","No existe","IX","Dentro","Urbana","Semáforo","Funciona","Intersección","Bueno","Buena","Diurna","Buen Tiempo","Frontal","S/D","Atropello","S/D","Horizontal,Vertical","Cordón divisorio","Sin restricción"
2014,7611,27/09/2014,"Sabado",0,14:40:00,"Ruta Nacional 19","0.0",1,"Automóvil","Buenos Aires ",1,1,0,0,0,0,0,,"Ruta",19,"SANTO TOMÉ","La Capital","Asfalto","Pavimento","I","S/D","Urbana","Semáforo","Funciona","Intersección","Bueno","S/D","Diurna","Buen Tiempo","S/D","S/D","Colisión","Otro","Vertical","Ninguna","S/D"
2014,7612,15/09/2014,"Lunes",0,21:15:00,,"0.0",2,"Moto/Ciclomotor,Automóvil","7 de marzo Y Azcuenaga",3,1,0,0,0,0,2,,"Calle",,"SANTO TOMÉ","La Capital","Ripio","Natural","I","Dentro","Urbana","Ninguna","No existe","Intersección","Bueno","S/D","Nocturna","Buen Tiempo","S/D","S/D","Atropello","Ninguna","Faltante","Ninguna","S/D"
2014,7613,18/09/2014,"Jueves",0,11:45:00,,"0.0",2,"Pickup/Utilitario,Moto/Ciclomotor","San Lorenzo Y J P Lopez",3,0,0,0,0,0,3,,"Calle",,"SANTA FE","La Capital","S/D","S/D","I","S/D","S/D","S/D","S/D","S/D","S/D","S/D","Diurna","S/D","S/D","S/D","S/D","S/D","S/D","S/D","S/D"
2014,7614,20/09/2014,"Sabado",0,19:30:00,,"0.0",2,"Moto/Ciclomotor,Moto/Ciclomotor","Balcarce Y Mariano Moreno",2,1,1,0,0,0,0,,"Calle",,"SANTO TOMÉ","La Capital","Asfalto","Natural","I","S/D","S/D","Ninguna","No existe","Recta","Bueno","Buena","Atardecer,Con luz artificial","Buen Tiempo","Frontal","S/D","Colisión","S/D","S/D","S/D","Sin restricción"
2014,7615,18/09/2014,"Jueves",0,17:45:00,,"0.0",2,"Moto/Ciclomotor,Automóvil","J Castelli Y Pje Simoniello",2,0,0,0,0,0,2,,"S/D",,"SANTA FE","La Capital","S/D","S/D","I","S/D","S/D","S/D","S/D","S/D","S/D","S/D","Diurna","S/D","S/D","S/D","S/D","S/D","S/D","S/D","S/D"
2014,7616,01/09/2014,"Lunes",0,12:45:00,,"0.0",2,"Automóvil,Moto/Ciclomotor","3 de febrero Y Martin Zavalla",2,1,0,0,0,0,1,,"Calle",,"SANTO TOMÉ","La Capital","Ripio","No existe","I","S/D","S/D","Ninguna","No existe","Intersección","Bueno","Buena","Diurna","Buen Tiempo","Lateral","S/D","Colisión","Agua","Faltante","Ninguna","Sin restricción"
2014,7617,21/09/2014,"Domingo",0,10:30:00,,"0.0",2,"Moto/Ciclomotor,Automóvil","Juan Bautista Alberdi Y Hipolito Irigoyen",3,1,0,0,2,0,0,,"Calle",,"SANTO TOMÉ","La Capital","Asfalto","Natural","I","S/D","Urbana","Ninguna","Funciona","Intersección","Bueno","Buena","Diurna","Buen Tiempo","De alcance","S/D","Colisión","S/D","S/D","S/D","Sin restricción"
2014,7618,12/09/2014,"Viernes",0,15:20:00,,"0.0",2,"Moto/Ciclomotor,Automóvil","Pavon Y Azopardo",2,1,0,0,0,0,1,,"Calle",,"SANTA FE","La Capital","Asfalto","No existe","I","S/D","Urbana","Ninguna","No existe","Distribuidor","Deteriorada","Buena","Diurna","Buen Tiempo","Lateral","S/D","Colisión","Otro","Faltante","S/D","Sin restricción"
2014,7619,19/09/2014,"Viernes",0,15:40:00,,"0.0",2,"Automóvil,Moto/Ciclomotor","Pje Marsengo Y San Lorenzo",2,0,0,0,0,0,2,,"Calle",,"SANTA FE","La Capital","S/D","S/D","I","S/D","S/D","S/D","S/D","S/D","S/D","S/D","Diurna","S/D","S/D","S/D","S/D","S/D","S/D","S/D","S/D"