"anio_acci","nro_acci","fecha","desc_dia","fecha_aprox","hora_aprox","desc_ruta","km","cant_participantes","desc_participante","calle_avenida_km","total","heridos_leves","heridos_graves","heridos_gravisimos","ilesos","fallecidos","sin_datos","posicion_XY","desc_tipo_via","desc_ruta_ori","desc_loc","desc_dpto","desc_tipo_calzada","desc_tipo_banquina","desc_unidad_regional","desc_lugar_calzada","desc_zona","desc_prioridad","desc_estado_semaforo","desc_lugar_via","desc_estado_via","desc_estado_visibilidad","desc_luminosidad","desc_estado_clima","desc_tipo_colision","desc_tipo_atropello","desc_tipo_hecho","desc_pres_calzada","desc_senializacion","desc_separacion_via","desc_restriccion"
2014,7620,06/09/2014,"Sabado",0,19:30:00,,"0.0",1,"Moto/Ciclomotor","Mariano Candioti Y Carlos Chapearouge",2,2,0,0,0,0,0,,"Calle",,"SANTO TOMÉ","La Capital","Asfalto","Natural","I","Dentro","Urbana","Ninguna","No existe","Recta","Con baches","Reducida","Atardecer","Buen Tiempo","Atropello animal","S/D","Atropello","S/D","Faltante","Ninguna","S/D"
2014,7621,16/09/2014,"Martes",0,20:30:00,,"0.0",2,"Bicicleta,Automóvil","Av Peñaloza Y Reg 12 de Infanteria",2,1,0,0,0,0,1,"-31.593694444444,-60.712111111111","Avenida",,"SANTA FE","La Capital","Asfalto","No existe","I","S/D","Urbana","Semáforo","Funciona","Curva","Bueno","Buena","Nocturna,Con luz artificial","Buen Tiempo","S/D","S/D","Atropello","Otro","Horizontal","Vegetación","Sin restricción"
2014,7622,25/09/2014,"Jueves",0,19:00:00,,"0.0",2,"Moto/Ciclomotor,Automóvil","12 de septiembre Y Avenida Nuestra Señora del Luj",2,1,0,0,1,0,0,,"Avenida",,"SANTO TOMÉ","La Capital","Asfalto,Ripio","Ripio","I","S/D","Urbana","Ninguna","Funciona","Intersección","Bueno","Reducida","Atardecer","Buen Tiempo","Lateral","S/D","Colisión","S/D","S/D","S/D","Sin restricción"
2014,7623,20/09/2014,"Sabado",0,20:10:00,,"0.0",2,"Moto/Ciclomotor,Automóvil","M De Polonia 3260",2,0,0,0,0,0,2,,"S/D",,"SANTA FE","La Capital","S/D","S/D","I","S/D","S/D","S/D","S/D","S/D","S/D","S/D","Diurna","S/D","S/D","S/D","Colisión","S/D","S/D","S/D","S/D"
2014,7624,20/09/2014,"Sabado",0,10:30:00,,"0.0",2,"Moto/Ciclomotor,Otros","Gorriti 4100",2,1,0,0,0,0,1,,"Avenida",,"SANTA FE","La Capital","Asfalto","No existe","I","S/D","Urbana","Ninguna","No existe","Curva","Bueno","Buena","Diurna","Buen Tiempo","Lateral","S/D","Colisión","Otro","Faltante","Ninguna","Sin restricción"
2014,7625,30/09/2014,"Martes",0,07:40:00,,"0.0",1,"Moto/Ciclomotor","Avenida Nuestra Señora del Luj Y Ruta 11 Avenida Richieri",1,1,0,0,0,0,0,,"Avenida",,"SANTO TOMÉ","La Capital","Asfalto","No existe","I","Dentro","Urbana","Ninguna","No existe","Intersección","Bueno","Buena","Diurna","Buen Tiempo","Otro","S/D","Caída ocupante","Otro","Horizontal","Ninguna","Sin restricción"
2014,7626,23/09/2014,"Martes",0,13:30:00,,"0.0",2,"Moto/Ciclomotor,Automóvil","Av Peñaloza Y J P Lopez",2,0,0,0,0,0,2,,"S/D",,"SANTA FE","La Capital","S/D","S/D","I","S/D","S/D","S/D","S/D","S/D","S/D","S/D","Diurna","S/D","S/D","S/D","Colisión","S/D","S/D","S/D","S/D"
2014,7627,10/09/2014,"Miercoles",0,21:00:00,"Ruta Provincial 70","1.5",2,"Bicicleta,Otros"," ",3,2,0,0,0,0,1,"-31.498019983131,-60.75082532028","Ruta",70,"RECREO","La Capital","Asfalto","S/D","I","Dentro","Urbana","S/D","S/D","Recta","S/D","S/D","Nocturna","Buen Tiempo","S/D","S/D","Atropello","S/D","S/D","S/D","S/D"
2014,7628,22/09/2014,"Lunes",0,10:30:00,"Ruta Nacional 11","482.0",2,"Camión,Moto/Ciclomotor"," ",2,1,0,0,1,0,0,,"Ruta",11,"RECREO","La Capital","Asfalto","Natural","I","S/D","Urbana","Ninguna","No existe","Recta","Bueno","Buena","Diurna","Buen Tiempo","De alcance","S/D","Colisión","Ninguna","Vertical","Línea divisoria pintada","Sin restricción"
2014,7629,23/09/2014,"Martes",0,11:00:00,,"0.0",2,"Automóvil,Automóvil","Risso Y Sebastian Gaboto",2,1,0,0,0,0,1,,"Calle",,"SANTA FE","La Capital","Asfalto","No existe","I","S/D","Urbana","Ninguna","No existe","Cruce","Deteriorada","Buena","Diurna","Buen Tiempo","Frontal","S/D","Colisión","Otro","Faltante","S/D","Sin restricción"
2014,7630,23/09/2014,"Martes",0,09:10:00,"Ruta Nacional 11","477.5",2,"Camión,Moto/Ciclomotor"," ",2,1,0,0,1,0,0,,"Ruta",11,"RECREO","La Capital","Asfalto","S/D","I","Fuera","Urbana","S/D","S/D","Recta","Bueno","S/D","Diurna","Buen Tiempo","Lateral","S/D","Colisión","Ninguna","Horizontal","Línea divisoria pintada","Sin restricción"
2014,7631,18/09/2014,"Jueves",0,18:45:00,,"0.0",2,"Moto/Ciclomotor,Bicicleta","Cafferata 8600",2,2,0,0,0,0,0,"-31.578722222222,-60.733444444444","Calle",,"SANTA FE","La Capital","Asfalto","No existe","I","S/D","Urbana","Ninguna","No existe","Recta","Bueno","Buena","Atardecer","Buen Tiempo","De alcance","S/D","Atropello","Ninguna","Faltante","Ninguna","Sin restricción"
2014,7632,06/09/2014,"Sabado",0,19:00:00,,"0.0",2,"Moto/Ciclomotor,Pickup/Utilitario","Estanislao Zeballos Y Av Peñaloza",3,0,0,0,0,0,3,,"Calle",,"SANTA FE","La Capital","S/D","S/D","I","S/D","S/D","S/D","S/D","S/D","S/D","S/D","S/D","S/D","S/D","S/D","S/D","S/D","S/D","S/D","S/D"
2014,7633,12/09/2014,"Viernes",0,15:45:00,,"0.0",2,"Moto/Ciclomotor,Automóvil","Avenida Nuestra Señora del Luj Y Aritobulo del Valle",2,1,0,0,1,0,0,,"Calle",,"SANTO TOMÉ","La Capital","Asfalto,Arena","Natural","I","S/D","Urbana","Ninguna","No existe","Intersección","Bueno","Buena","Diurna","Buen Tiempo","Lateral","S/D","Colisión","S/D","S/D","S/D","Sin restricción"
2014,7634,06/09/2014,"Sabado",0,14:00:00,,"0.0",2,"Moto/Ciclomotor,Moto/Ciclomotor","Avenida Nuestra Señora del Luj Y Hernandarias",3,2,0,0,1,0,0,,"Calle",,"SANTO TOMÉ","La Capital","Asfalto","Natural","I","S/D","Urbana","Ninguna","Funciona","Intersección","Bueno","Buena","Diurna","Buen Tiempo","Lateral","S/D","Colisión","S/D","S/D","S/D","Sin restricción"
2014,7635,09/09/2014,"Martes",0,19:00:00,,"0.0",2,"Moto/Ciclomotor,Automóvil","Av Facundo Zuviria Y Fray Mamerto Esquiu",2,0,0,0,0,0,2,,"Avenida",,"SANTA FE","La Capital","S/D","S/D","I","S/D","S/D","S/D","S/D","S/D","S/D","S/D","Atardecer","S/D","S/D","S/D","Colisión","S/D","S/D","S/D","S/D"
2014,7636,01/09/2014,"Lunes",0,11:30:00,"Ruta Provincial 2","18.0",2,"Automóvil,Bicicleta"," ",2,1,0,0,1,0,0,"-31.392848, -60.662521","Ruta",2,"MONTE VERA","La Capital","Hormigón","Ripio","I","Dentro","Rural","Ninguna","No existe","Recta","Bueno","Buena","Diurna","Buen Tiempo","S/D","S/D","Atropello","Ninguna","S/D","Ninguna","Sin restricción"
2014,7637,09/09/2014,"Martes",0,11:15:00,,"0.0",2,"Automóvil,Automóvil","9 de Julio Y Presidente Roca",3,0,0,0,0,0,3,,"Calle",,"SANTA FE","La Capital","S/D","S/D","I","S/D","S/D","S/D","S/D","S/D","S/D","S/D","Diurna","S/D","S/D","S/D","Colisión","S/D","S/D","S/D","S/D"
2014,7638,16/09/2014,"Martes",0,17:00:00,,"0.0",2,"Bicicleta,Automóvil","Avenida Nuestra Señora del Luj Y Balcarce",2,1,0,0,1,0,0,"-31.676333333333,-60.771694444444","Avenida",,"SANTO TOMÉ","La Capital","Asfalto","No existe","I","Dentro","Urbana","Semáforo","Funciona","Intersección","Bueno","Buena","Diurna","Lluvia","S/D","S/D","Atropello","Ninguna","Faltante","Ninguna","Sin restricción"
2014,7639,13/09/2014,"Sabado",0,18:20:00,,"0.0",2,"Moto/Ciclomotor,Automóvil","San Luis Y Buenos Aires",2,1,0,0,1,0,0,,"Calle",,"SANTO TOMÉ","La Capital","Asfalto","No existe","I","Dentro","Urbana","Ninguna","No existe","Intersección","Bueno","Buena","Diurna","Lluvia","Lateral","S/D","Colisión","Agua","Faltante","Ninguna","Sin restricción"
2014,7640,15/09/2014,"Lunes",0,14:20:00,,"0.0",2,"Moto/Ciclomotor,Pickup/Utilitario","Av Blas Parera Y Callejon Aguirre",2,1,0,0,1,0,0,,"Avenida",,"SANTA FE","La Capital","Asfalto","No existe","I","S/D","Urbana","Ninguna","No existe","Recta","Bueno","Buena","Diurna","Buen Tiempo","S/D","S/D","Colisión","Ninguna","Faltante","Ninguna","Sin restricción"
2014,7641,01/09/2014,"Lunes",0,13:00:00,,"0.0",2,"Automóvil,Otros","General Manuel Belgrano Y Alvear",2,1,0,0,0,0,1,,"Calle",,"SANTO TOMÉ","La Capital","Asfalto","No existe","I","Dentro","Urbana","Ninguna","No existe","Intersección","Bueno","Buena","Diurna","Buen Tiempo","S/D","S/D","Colisión","Ninguna","Faltante","Ninguna","Sin restricción"
2014,7642,09/09/2014,"Martes",0,10:45:00,,"0.0",2,"Moto/Ciclomotor,Pickup/Utilitario","Moreno Y Rivadavia",3,2,0,0,1,0,0,,"Calle",,"LAGUNA PAIVA","La Capital","Hormigón","No existe","I","Dentro","Urbana","Ninguna","No existe","Intersección","Bueno","Buena","Diurna","Buen Tiempo","Lateral","S/D","Colisión","S/D","Vertical","Ninguna","Sin restricción"
2014,7643,11/09/2014,"Jueves",0,01:25:00,,"0.0",2,"Automóvil,Moto/Ciclomotor","Av Blas Parera Y Santa Cruz",2,1,0,0,1,0,0,,"Avenida",,"SANTA FE","La Capital","Asfalto","No existe","I","S/D","Urbana","Ninguna","No existe","Recta","Bueno","Buena","Nocturna,Con luz artificial","Buen Tiempo","De alcance","S/D","Colisión","Ninguna","Faltante","Guardarrail","Sin restricción"
2014,7644,12/09/2014,"Viernes",0,18:30:00,,"0.0",2,"Moto/Ciclomotor,Automóvil","Obrero Y Florencio Sanchez",2,1,0,0,1,0,0,,"Calle",,"LAGUNA PAIVA","La Capital","Ripio","No existe","I","Dentro","Urbana","Ninguna","No existe","Intersección","Bueno","Buena","Diurna","Buen Tiempo","Lateral","S/D","Colisión","S/D","Faltante","Ninguna","Sin restricción"
2014,7645,30/09/2014,"Martes",0,21:00:00,,"0.0",2,"Peatón,Automóvil","Maipu Y Moreno",2,1,0,0,1,0,0,,"Calle",,"LAGUNA PAIVA","La Capital","Asfalto","S/D","I","Dentro","Urbana","Ninguna","S/D","Intersección","Bueno","S/D","Nocturna","Buen Tiempo","Otro","S/D","Atropello","S/D","Vertical","Ninguna","Sin restricción"
2014,7646,27/09/2014,"Sabado",0,13:30:00,,"0.0",2,"Automóvil,Moto/Ciclomotor","Av Blas Parera Y Pedro Espinosa",2,0,1,0,1,0,0,,"Avenida",,"SANTA FE","La Capital","Asfalto","Natural","I","Dentro","Urbana","Ninguna","No existe","Recta","Bueno","Buena","Diurna","Buen Tiempo","De alcance","S/D","Colisión","S/D","Horizontal","Línea divisoria pintada","Sin restricción"
2014,7647,04/09/2014,"Jueves",0,13:00:00,"Ruta Nacional 19","2.0",2,"Automóvil,Camión"," ",2,1,0,0,1,0,0,,"Ruta",19,"SANTO TOMÉ","La Capital","Asfalto","Natural","I","S/D","Rural","Ninguna","No existe","Recta","Bueno","Reducida","Diurna","Lluvia","Lateral","S/D","Colisión","Agua","Faltante","Ninguna","Sin restricción"
2014,7648,23/09/2014,"Martes",0,09:45:00,"Ruta Nacional 11","477.5",2,"Moto/Ciclomotor,Otros"," ",2,1,0,0,1,0,0,,"Ruta",11,"RECREO","La Capital","Asfalto","Ripio","I","Dentro","Urbana","Ninguna","No existe","Recta","Bueno","Buena","Diurna","Buen Tiempo","Frontal","S/D","Colisión","Ninguna","Horizontal","Línea divisoria pintada","Sin restricción"
2014,7649,11/09/2014,"Jueves",0,20:00:00,,"0.0",2,"Pickup/Utilitario,Moto/Ciclomotor","Pedro de Vega Y San Lorenzo",3,0,0,0,0,0,3,,"Calle",,"SANTA FE","La Capital","S/D","S/D","I","S/D","S/D","S/D","S/D","S/D","S/D","S/D","Nocturna","S/D","S/D","S/D","Colisión","S/D","S/D","S/D","S/D"
2014,7650,24/09/2014,"Miercoles",0,18:10:00,,"0.0",2,"Peatón,Moto/Ciclomotor","Diez de Andino 5900",2,0,1,0,1,0,0,"-31.566666666667,-60.72775","Calle",,"SANTA FE","La Capital","Tierra","No existe","I","Dentro","Urbana","Ninguna","No existe","Recta","Ahuellamiento","Buena","Diurna","Buen Tiempo","S/D","S/D","Atropello","S/D","Faltante","Ninguna","Sin restricción"
2014,7651,19/09/2014,"Viernes",0,20:30:00,,"0.0",2,"Automóvil,Moto/Ciclomotor","Avenida Nuestra Señora del Luj Y Antartida Argentina",3,1,0,0,1,0,1,,"Avenida",,"SANTO TOMÉ","La Capital","Asfalto","S/D","I","S/D","Urbana","Ninguna","S/D","Intersección","Con baches","Buena","Nocturna","Buen Tiempo","S/D","S/D","Vuelco","S/D","S/D","S/D","S/D"
2014,7652,01/09/2014,"Lunes",0,09:45:00,,"0.0",2,"Automóvil,Moto/Ciclomotor","ALBERDI Y MACIAS",2,2,0,0,0,0,0,,"S/D",,"SANTO TOMÉ","La Capital","Asfalto","Natural","I","S/D","Urbana","Ninguna","No existe","Recta","S/D","Buena","Diurna","Buen Tiempo","S/D","S/D","Colisión","S/D","S/D","S/D","S/D"
2014,7653,12/09/2014,"Viernes",0,07:30:00,,"0.0",2,"Pickup/Utilitario,Moto/Ciclomotor","Hernandarias Y Av Freyre",2,0,0,0,0,0,2,,"Avenida",,"SANTA FE","La Capital","S/D","S/D","I","S/D","S/D","S/D","S/D","S/D","S/D","S/D","S/D","S/D","S/D","S/D","S/D","S/D","S/D","S/D","S/D"
2014,7654,28/09/2014,"Domingo",0,12:00:00,,"0.0",2,"Moto/Ciclomotor,Automóvil","12 de septiembre Y Alfonsina Storni",2,1,0,0,1,0,0,,"Calle",,"SANTO TOMÉ","La Capital","Ripio","S/D","I","S/D","Urbana","Ninguna","S/D","Intersección","Bueno","Buena","Diurna","Buen Tiempo","Lateral","S/D","Colisión","S/D","S/D","S/D","S/D"
2014,7655,26/09/2014,"Viernes",0,,,"0.0",2,"Pickup/Utilitario,Moto/Ciclomotor","Regis Martinez Y Pje Jorge Raul Rodriguez",2,0,0,0,0,0,2,,"Calle",,"SANTA FE","La Capital","S/D","S/D","I","S/D","S/D","S/D","S/D","S/D","S/D","S/D","S/D","S/D","S/D","S/D","S/D","S/D","S/D","S/D","S/D"
2014,7656,10/09/2014,"Miercoles",0,,,"0.0",2,"Peatón,Automóvil","Obispo Gelabert Y Centenario",2,0,1,0,0,0,1,"-31.6635,-60.761361111111","Avenida",,"SANTO TOMÉ","La Capital","Asfalto","No existe","I","Dentro","Urbana","Ninguna","No existe","Intersección","Bueno","Buena","Diurna","Otro","S/D","S/D","Atropello","Ninguna","Faltante","Ninguna","S/D"
2014,7657,08/09/2014,"Lunes",0,00:10:00,,"0.0",2,"Moto/Ciclomotor,Automóvil","Pedro de Vega Y San Lorenzo",6,0,0,0,0,0,6,,"Calle",,"SANTA FE","La Capital","S/D","S/D","I","S/D","S/D","S/D","S/D","S/D","S/D","S/D","S/D","S/D","S/D","S/D","S/D","S/D","S/D","S/D","S/D"
2014,7658,25/09/2014,"Jueves",0,18:45:00,,"0.0",1,"Automóvil","25 de mayo Y Pres Domingo Faustino Sarmient",1,1,0,0,0,0,0,,"Calle",,"SANTO TOMÉ","La Capital","Asfalto","No existe","I","Dentro","Urbana","Semáforo","Funciona","Intersección","Bueno","Buena","Diurna","Buen Tiempo","S/D","S/D","S/D","Ninguna","S/D","Ninguna","Sin restricción"
2014,7659,10/09/2014,"Miercoles",0,19:40:00,,"0.0",2,"Automóvil,Moto/Ciclomotor","Av Blas Parera Y Callejon Mendez",3,2,0,0,1,0,0,,"Avenida",,"SANTA FE","La Capital","Asfalto","No existe","I","S/D","Urbana","Semáforo","Funciona","Intersección","Bueno","Buena","Atardecer","Buen Tiempo","Lateral","S/D","Colisión","Ninguna","S/D","S/D","Sin restricción"
2014,7660,08/09/2014,"Lunes",0,13:00:00,,"0.0",2,"Moto/Ciclomotor,Moto/Ciclomotor","Cafferata 8800",3,3,0,0,0,0,0,,"Calle",,"SANTA FE","La Capital","Asfalto","No existe","I","S/D","Urbana","Ninguna","No existe","Recta","Bueno","Buena","Diurna","Buen Tiempo","Frontal","S/D","Colisión","Ninguna","Faltante","Ninguna","Sin restricción"
2014,7661,28/09/2014,"Domingo",0,10:00:00,,"0.0",1,"Moto/Ciclomotor","Jose De San Martin ",1,1,0,0,0,0,0,,"Calle",,"SANTO TOMÉ","La Capital","Tierra","No existe","I","S/D","Rural","Ninguna","No existe","Recta","Bueno","S/D","Diurna","Buen Tiempo","S/D","S/D","S/D","Ninguna","Horizontal","Ninguna","Sin restricción"
2014,7662,26/09/2014,"Viernes",0,08:10:00,,"0.0",2,"Automóvil,Moto/Ciclomotor","Juan Bautista Alberdi Y J Macia",2,1,0,0,1,0,0,,"Calle",,"SANTO TOMÉ","La Capital","Asfalto","No existe","I","Dentro","Urbana","Ninguna","No existe","Recta","Bueno","Buena","Diurna","Buen Tiempo","Lateral","S/D","Colisión","S/D","Horizontal","S/D","Sin restricción"
2014,7663,24/09/2014,"Miercoles",0,21:45:00,,"0.0",2,"Otros,Automóvil","Batalla de Maipu Y 13 de diciembre",5,1,0,0,4,0,0,,"Calle",,"SANTO TOMÉ","La Capital","Ripio","No existe","I","Dentro","Urbana","Ninguna","No existe","Intersección","Bueno","Buena","Nocturna,Con luz artificial","Buen Tiempo","Lateral","S/D","Colisión","S/D","Faltante","Ninguna","Sin restricción"
2014,7664,21/09/2014,"Domingo",0,16:10:00,,"0.0",2,"Moto/Ciclomotor,Automóvil","Av L de la Torre 3550",2,1,0,0,1,0,0,,"Calle",,"LAGUNA PAIVA","La Capital","Asfalto","Natural","I","Dentro","Urbana","Ninguna","No existe","Recta","Bueno","Buena","Diurna","Buen Tiempo","De alcance","S/D","Colisión","S/D","Faltante","Ninguna","Sin restricción"
2014,7665,20/09/2014,"Sabado",0,21:15:00,,"0.0",2,"Moto/Ciclomotor,Automóvil","Hugo Wast Y Reynaldo Anselmi",2,1,0,0,1,0,0,,"Calle",,"SANTA FE","La Capital","Hormigón","No existe","I","Dentro","Urbana","Otra Señal","No existe","Intersección","Con baches","Buena","Nocturna","Buen Tiempo","Lateral","S/D","Colisión","S/D","Vertical","Cordón divisorio","Sin restricción"
2014,7666,16/09/2014,"Martes",0,09:45:00,,"0.0",2,"Automóvil,Moto/Ciclomotor","12 de Octubre Y La Pampa",2,1,0,0,1,0,0,,"Calle",,"SANTA FE","La Capital","Hormigón","No existe","I","Dentro","Urbana","Otra Señal","No existe","Intersección","Con baches","Buena","Diurna","Buen Tiempo","Lateral","S/D","Colisión","S/D","Vertical","Cordón divisorio","Sin restricción"
2014,7667,19/09/2014,"Viernes",0,19:45:00,,"0.0",2,"Automóvil,Automóvil","Av A del Valle Y Lamothe",3,1,0,0,2,0,0,,"Avenida",,"SANTA FE","La Capital","Asfalto","No existe","I","Dentro","Urbana","Ninguna","No existe","Intersección","Bueno","Buena","Atardecer","S/D","Lateral","S/D","Colisión","S/D","Horizontal,Vertical","Ninguna","Sin restricción"
2014,7668,10/09/2014,"Miercoles",0,15:40:00,,"0.0",2,"Pickup/Utilitario,Moto/Ciclomotor","Teniente Loza 7300",2,1,0,0,1,0,0,,"Calle",,"SANTA FE","La Capital","Hormigón","Natural","I","Dentro","Urbana","Otra Señal","No existe","Recta","Bueno","Buena","Diurna","Buen Tiempo","Lateral","S/D","Colisión","S/D","Vertical","Ninguna","Sin restricción"
2014,7669,17/09/2014,"Miercoles",0,21:50:00,,"0.0",2,"Moto/Ciclomotor,Moto/Ciclomotor","Av Blas Parera Y Callejon Mendez",3,1,0,0,2,0,0,,"Avenida",,"SANTA FE","La Capital","Asfalto","No existe","I","Dentro","Urbana","Semáforo","Funciona","Intersección","Bueno","Buena","Nocturna","Buen Tiempo","Lateral","S/D","Colisión","Ninguna","S/D","Guardarrail","Sin restricción"
2014,7670,05/09/2014,"Viernes",0,23:00:00,,"0.0",2,"Moto/Ciclomotor,Automóvil","Llerena Y Av Urquiza",2,0,0,0,0,0,2,,"S/D",,"SANTA FE","La Capital","S/D","S/D","I","S/D","S/D","S/D","S/D","S/D","S/D","S/D","S/D","S/D","S/D","S/D","S/D","S/D","S/D","S/D","S/D"
2014,7671,05/09/2014,"Viernes",0,21:15:00,,"0.0",2,"Automóvil,Moto/Ciclomotor","12 de Octubre Y Neuquen",2,1,0,0,1,0,0,,"Calle",,"SANTA FE","La Capital","Hormigón","No existe","I","Dentro","Urbana","Otra Señal","No existe","Intersección","Con baches","Buena","Nocturna","Buen Tiempo","Lateral","S/D","Colisión","S/D","Vertical","Cordón divisorio","Sin restricción"
2014,7672,24/09/2014,"Miercoles",0,21:45:00,,"0.0",2,"Moto/Ciclomotor,Otros","Batalla de Maipu Y 13 de diciembre",5,1,0,0,4,0,0,,"Calle",,"SANTO TOMÉ","La Capital","Ripio","S/D","I","Dentro","Urbana","Ninguna","No existe","Intersección","Bueno","Buena","Nocturna,Con luz artificial","Buen Tiempo","Lateral","S/D","Colisión","S/D","Faltante","Ninguna","Sin restricción"
2014,7673,09/09/2014,"Martes",0,17:00:00,,"0.0",2,"Pickup/Utilitario,Moto/Ciclomotor","San Martin Y Padre Genesio",2,1,0,0,1,0,0,,"Calle",,"SANTA FE","La Capital","Asfalto","S/D","I","Dentro","Urbana","S/D","No existe","Intersección","Deteriorada","Buena","Diurna","Buen Tiempo","Lateral","S/D","Colisión","S/D","S/D","S/D","S/D"
2014,7674,25/09/2014,"Jueves",0,19:30:00,,"0.0",2,"Moto/Ciclomotor,Automóvil","Los Azahares Y Los Nogales",2,1,0,0,1,0,0,,"Calle",,"SANTA FE","La Capital","Asfalto","No existe","I","Dentro","Urbana","Ninguna","No existe","Intersección","Deteriorada","Reducida","Atardecer","S/D","Lateral","S/D","Colisión","Otro","Vertical","Ninguna","Sin restricción"
2014,7675,16/09/2014,"Martes",0,22:00:00,,"0.0",2,"Moto/Ciclomotor,Automóvil","Moreno Y Av Pte Peron",2,1,0,0,1,0,0,,"Calle",,"LAGUNA PAIVA","La Capital","Asfalto","No existe","I","Dentro","Urbana","Ninguna","No existe","Intersección","Bueno","Buena","Nocturna,Con luz artificial","Buen Tiempo","Lateral","S/D","Colisión","S/D","Faltante","Ninguna","Sin restricción"
2014,7676,10/09/2014,"Miercoles",0,15:00:00,,"0.0",2,"Peatón,Pickup/Utilitario","Reg 12 de Infanteria 3400",2,1,0,0,1,0,0,"-31.595888888889,-60.702833333333","Calle",,"SANTA FE","La Capital","Tierra","No existe","I","Dentro","Urbana","S/D","No existe","Recta","Deteriorada","Buena","Diurna","Buen Tiempo","S/D","S/D","Atropello","Material Suelto","S/D","S/D","S/D"
2014,7677,16/09/2014,"Martes",0,18:40:00,,"0.0",2,"Moto/Ciclomotor,Bicicleta","Hugo Wast 6300",2,2,0,0,0,0,0,"-31.575222222222,-60.735305555556","Calle",,"SANTA FE","La Capital","Asfalto","No existe","I","Dentro","Urbana","Ninguna","No existe","Recta","Bueno","Buena","Atardecer","Buen Tiempo","S/D","S/D","Atropello","Ninguna","Faltante","Cordón divisorio","Sin restricción"
2014,7678,16/09/2014,"Martes",0,11:00:00,,"0.0",2,"Automóvil,Moto/Ciclomotor","Av A del Valle 9200",3,2,0,0,1,0,0,,"Calle",,"SANTA FE","La Capital","Asfalto","S/D","I","Dentro","Urbana","S/D","No existe","Recta","Bueno","Buena","Diurna","Buen Tiempo","Lateral","S/D","Colisión","S/D","Faltante","S/D","S/D"
2014,7679,15/09/2014,"Lunes",0,21:30:00,,"0.0",2,"Automóvil,Moto/Ciclomotor","Chiclana Y Florencio Fernandez",3,2,0,0,1,0,0,,"Calle",,"SANTA FE","La Capital","Asfalto","S/D","I","Dentro","Urbana","Ninguna","S/D","Intersección","Bueno","S/D","Nocturna","Buen Tiempo","Lateral","S/D","Colisión","Ninguna","Faltante","Ninguna","Sin restricción"
2014,7680,19/09/2014,"Viernes",0,11:00:00,,"0.0",2,"Moto/Ciclomotor,Pickup/Utilitario","Av A del Valle Y Cordoba",3,2,0,0,1,0,0,,"Avenida",,"SANTA FE","La Capital","Hormigón","No existe","I","Dentro","Urbana","Ninguna","No existe","Intersección","Bueno","Buena","Diurna","Buen Tiempo","Lateral","S/D","Caída ocupante,Colisión","Otro","Faltante","Ninguna","Sin restricción"
2014,7681,15/09/2014,"Lunes",0,17:30:00,,"0.0",2,"Moto/Ciclomotor,Automóvil","Av A del Valle Y J Castelli",2,1,0,0,1,0,0,,"Avenida",,"SANTA FE","La Capital","Hormigón","No existe","I","Dentro","Urbana","Semáforo","Funciona","Intersección","Bueno","Buena","Diurna","Buen Tiempo","Lateral","S/D","Caída ocupante,Colisión","Otro","Vertical","Ninguna","Sin restricción"
2014,7682,24/09/2014,"Miercoles",0,20:00:00,,"0.0",2,"Automóvil,Moto/Ciclomotor","Alfonsina Storni 2900",3,2,0,0,1,0,0,,"Calle",,"SANTA FE","La Capital","Asfalto","No existe","I","Dentro","Urbana","S/D","No existe","Recta","Bueno","Buena","Nocturna,Con luz artificial","Buen Tiempo","Lateral","S/D","Colisión","S/D","Faltante","S/D","S/D"
2014,7683,23/09/2014,"Martes",0,12:15:00,,"0.0",2,"Peatón,Automóvil","Entre Rios Y Los Constituyentes Bis",2,1,0,0,1,0,0,,"Calle",,"LAGUNA PAIVA","La Capital","Hormigón","No existe","I","Dentro","Urbana","Ninguna","No existe","Intersección","Bueno","Buena","Diurna","Buen Tiempo","Otro","S/D","Atropello","S/D","Faltante","Ninguna","Sin restricción"
2014,7684,12/09/2014,"Viernes",0,13:30:00,,"0.0",2,"Moto/Ciclomotor,Pickup/Utilitario","Diagonal España Y 9 de Julio",4,1,1,0,2,0,0,,"Calle",,"SANTA FE","La Capital","Asfalto","No existe","I","Dentro","Urbana","Ninguna","No existe","Intersección","Con baches,Otro","Buena","Diurna","Buen Tiempo","Lateral","S/D","Caída ocupante,Colisión","Otro","Faltante","Ninguna","S/D"
2014,7685,14/09/2014,"Domingo",0,07:30:00,,"0.0",2,"Automóvil,Automóvil","Sarmiento Y Rivadavia",3,2,0,0,1,0,0,,"Calle",,"LAGUNA PAIVA","La Capital","Hormigón","No existe","I","Dentro","Urbana","Ninguna","No existe","Intersección","Bueno","Reducida","Diurna","Lluvia","Lateral","S/D","Colisión","Agua","Faltante","Ninguna","Sin restricción"