"anio_acci","nro_acci","fecha","desc_dia","fecha_aprox","hora_aprox","desc_ruta","km","cant_participantes","desc_participante","calle_avenida_km","total","heridos_leves","heridos_graves","heridos_gravisimos","ilesos","fallecidos","sin_datos","posicion_XY","desc_tipo_via","desc_ruta_ori","desc_loc","desc_dpto","desc_tipo_calzada","desc_tipo_banquina","desc_unidad_regional","desc_lugar_calzada","desc_zona","desc_prioridad","desc_estado_semaforo","desc_lugar_via","desc_estado_via","desc_estado_visibilidad","desc_luminosidad","desc_estado_clima","desc_tipo_colision","desc_tipo_atropello","desc_tipo_hecho","desc_pres_calzada","desc_senializacion","desc_separacion_via","desc_restriccion"
2014,7686,22/09/2014,"Lunes",0,11:50:00,,"0.0",2,"Moto/Ciclomotor,Pickup/Utilitario","Av Blas Parera Y Gorostiaga",2,1,0,0,1,0,0,,"Avenida",,"SANTA FE","La Capital","Asfalto","Pavimento","I","Dentro","Urbana","Ninguna","No existe","Rotonda","Bueno","Buena","Diurna","Buen Tiempo","Lateral","S/D","Colisión","S/D","Vertical","Cordón divisorio","Sin restricción"
2014,7687,14/09/2014,"Domingo",0,17:00:00,,"0.0",2,"Peatón,Automóvil","Bv Galvez Y Dorrego",2,1,0,0,1,0,0,"-31.639138888889,-60.687","Avenida",,"SANTA FE","La Capital","Asfalto","No existe","I","Dentro","Urbana","S/D","No funciona","Recta","Deteriorada","S/D","Atardecer","S/D","S/D","S/D","Atropello","S/D","S/D","S/D","S/D"
2014,7688,01/09/2014,"Lunes",0,13:00:00,,"0.0",2,"Moto/Ciclomotor,Pickup/Utilitario","Av Facundo Zuviria Y Angel Cassanello",3,0,0,0,0,0,3,,"Avenida",,"SANTA FE","La Capital","S/D","S/D","I","S/D","S/D","S/D","S/D","S/D","S/D","S/D","S/D","S/D","S/D","S/D","S/D","S/D","S/D","S/D","S/D"
2014,7689,25/09/2014,"Jueves",0,17:40:00,,"0.0",2,"Automóvil,Moto/Ciclomotor","1ro de Mayo Y Larrea",3,2,0,0,1,0,0,,"Calle",,"SANTA FE","La Capital","Asfalto","No existe","I","Dentro","Urbana","S/D","No existe","Intersección","Deteriorada","Buena","Diurna","Buen Tiempo","Lateral","S/D","Colisión","S/D","Faltante","S/D","S/D"
2014,7690,25/09/2014,"Jueves",0,17:50:00,,"0.0",1,"Bicicleta","Av Blas Parera 6700",2,1,0,0,1,0,0,"-31.600583333333,-60.721416666667","Avenida",,"SANTA FE","La Capital","Asfalto","Pavimento","I","Dentro","Urbana","Ninguna","No existe","Recta","Bueno","Buena","Diurna","Buen Tiempo","S/D","S/D","Caída ocupante","S/D","S/D","Cordón divisorio","Sin restricción"
2014,7691,08/09/2014,"Lunes",0,22:00:00,,"0.0",2,"Bicicleta,Automóvil","Candioti ",2,1,0,0,1,0,0,"-31.638194444444,-60.69575","Calle",,"SANTA FE","La Capital","Asfalto","No existe","I","Dentro","Urbana","S/D","No existe","Recta","Deteriorada","S/D","Nocturna","S/D","S/D","S/D","Atropello","S/D","S/D","S/D","S/D"
2014,7692,05/09/2014,"Viernes",0,13:20:00,,"0.0",2,"Moto/Ciclomotor,Automóvil","Gorostiaga Y Av Urquiza",2,0,0,0,0,0,2,,"Calle",,"SANTA FE","La Capital","S/D","S/D","I","S/D","S/D","S/D","S/D","S/D","S/D","S/D","S/D","S/D","S/D","S/D","S/D","S/D","S/D","S/D","S/D"
2014,7693,12/09/2014,"Viernes",0,10:30:00,,"0.0",2,"Moto/Ciclomotor,Automóvil","M De Polonia Y 9 de Julio",2,1,0,0,1,0,0,,"Calle",,"SANTA FE","La Capital","S/D","S/D","I","Dentro","Urbana","Ninguna","S/D","Intersección","Bueno","S/D","Diurna","Buen Tiempo","Lateral","S/D","Colisión","Otro","Faltante","Ninguna","Sin restricción"
2014,7694,07/09/2014,"Domingo",0,15:00:00,,"0.0",2,"Automóvil,Pickup/Utilitario","Nicasio Oroño ",4,1,0,0,1,0,2,,"S/D",,"SANTA FE","La Capital","Hormigón","No existe","I","S/D","Urbana","S/D","No existe","Recta","Deteriorada","S/D","Diurna","S/D","Lateral","S/D","Colisión","S/D","S/D","S/D","S/D"
2014,7695,11/09/2014,"Jueves",0,13:30:00,,"0.0",2,"Moto/Ciclomotor,Automóvil","Av A del Valle Y Quintana",2,1,0,0,1,0,0,,"Avenida",,"SANTA FE","La Capital","Hormigón","No existe","I","Dentro","Urbana","Ninguna","No existe","Intersección","Con baches","Buena","Diurna","Buen Tiempo","Lateral","S/D","Colisión","Otro","Faltante","Ninguna","Sin restricción"
2014,7696,09/09/2014,"Martes",0,14:00:00,,"0.0",2,"Moto/Ciclomotor,Pickup/Utilitario","San Jeronimo Y Quintana",2,1,0,0,1,0,0,,"Calle",,"SANTA FE","La Capital","Hormigón","No existe","I","Dentro","Urbana","Ninguna","No existe","Intersección","Bueno","Buena","Diurna","Buen Tiempo","Lateral","S/D","Colisión","Otro","Faltante","Ninguna","Sin restricción"
2014,7697,02/09/2014,"Martes",0,11:30:00,,"0.0",2,"Peatón,Pickup/Utilitario","J Castelli Y 4 de Enero",2,1,0,0,1,0,0,"-31.605222222222,-60.700055555556","Calle",,"SANTA FE","La Capital","Hormigón","No existe","I","Dentro","Urbana","Ninguna","No existe","Recta","Bueno","Buena","Diurna","Buen Tiempo","S/D","S/D","Atropello","Otro","Faltante","Ninguna","Sin restricción"
2014,7698,04/09/2014,"Jueves",0,19:20:00,,"0.0",2,"Moto/Ciclomotor,Automóvil","Estanislao Zeballos Y Dr Zavalla",2,0,0,0,0,0,2,,"S/D",,"SANTA FE","La Capital","S/D","S/D","I","S/D","S/D","S/D","S/D","S/D","S/D","S/D","S/D","S/D","S/D","S/D","S/D","S/D","S/D","S/D","S/D"
2014,7699,05/09/2014,"Viernes",0,03:15:00,,"0.0",2,"Moto/Ciclomotor,Automóvil","Estanislao Zeballos Y Av Urquiza",2,1,0,0,1,0,0,,"Calle",,"SANTA FE","La Capital","Asfalto","No existe","I","Dentro","Urbana","Ninguna","No existe","Intersección","Con baches","Buena","Nocturna,Con luz artificial","Buen Tiempo","Lateral","S/D","Colisión","Otro","Faltante","Ninguna","Sin restricción"
2014,7700,04/09/2014,"Jueves",0,18:30:00,,"0.0",2,"Moto/Ciclomotor,Automóvil","Av A del Valle Y Alberti",3,1,0,0,2,0,0,,"Avenida",,"SANTA FE","La Capital","Hormigón","S/D","I","Dentro","Urbana","Ninguna","S/D","Intersección","Bueno","S/D","Atardecer","Otro","Lateral","S/D","Colisión","Otro","Faltante","Ninguna","Sin restricción"
2014,7701,04/09/2014,"Jueves",0,13:00:00,,"0.0",2,"Automóvil,Automóvil","Estanislao Zeballos Y San Jeronimo",2,1,0,0,1,0,0,,"Calle",,"SANTA FE","La Capital","Asfalto","No existe","I","Dentro","Urbana","Ninguna","No existe","Intersección","Bueno","Buena","Diurna","Buen Tiempo","Lateral","S/D","Colisión","Otro","Faltante","Ninguna","Sin restricción"
2014,7702,03/09/2014,"Miercoles",0,08:00:00,,"0.0",2,"Moto/Ciclomotor,Pickup/Utilitario","Av A del Valle Y Llerena",2,1,0,0,1,0,0,,"Avenida",,"SANTA FE","La Capital","Hormigón","No existe","I","Dentro","Urbana","Semáforo","Funciona","Intersección","Bueno","Buena","Diurna","Buen Tiempo","Lateral","S/D","Colisión","Otro","Vertical","Ninguna","Sin restricción"
2014,7703,01/09/2014,"Lunes",0,12:00:00,,"0.0",3,"Automóvil,Automóvil,Pickup/Utilitario","Av A del Valle Y Fray Mamerto Esquiu",3,2,0,0,1,0,0,,"Avenida",,"SANTA FE","La Capital","Hormigón","No existe","I","S/D","Urbana","Ninguna","No existe","Intersección","Bueno","Buena","Diurna","Buen Tiempo","Múltiple","S/D","Colisión","Otro","Faltante","Ninguna","Sin restricción"
2014,7704,16/09/2014,"Martes",0,10:00:00,,"0.0",2,"Automóvil,Moto/Ciclomotor","Lavalle Y Sargento Cabral",2,1,0,0,1,0,0,,"Calle",,"SANTA FE","La Capital","Asfalto","No existe","I","Dentro","Urbana","S/D","No existe","Intersección","Deteriorada","S/D","Diurna","S/D","Lateral","S/D","Colisión","S/D","S/D","S/D","S/D"
2014,7705,01/09/2014,"Lunes",0,12:40:00,,"0.0",2,"Taxi/Remis,Automóvil","Pedro Centeno Y Pedro Alejandro Vittori",3,1,0,0,2,0,0,,"Calle",,"SANTA FE","La Capital","Hormigón","No existe","I","Dentro","Urbana","Semáforo","Funciona","Intersección","Bueno","Buena","Diurna","Buen Tiempo","Lateral","S/D","Colisión","Otro","Vertical","Ninguna","Sin restricción"
2014,7706,13/09/2014,"Sabado",0,21:30:00,"Ruta Provincial 1","15.0",1,"Moto/Ciclomotor","Calle 80 ",1,1,0,0,0,0,0,,"Ruta",1,"ARROYO LEYES","La Capital","Asfalto","Natural","I","S/D","Rural","Ninguna","No existe","Recta","Resbaladiza","Reducida","Nocturna","Lluvia","Atropello animal","S/D","Colisión","Agua","Horizontal","Línea divisoria pintada","Sin restricción"
2014,7707,17/09/2014,"Miercoles",0,18:50:00,,"0.0",2,"Moto/Ciclomotor,Automóvil","Av Freyre Y Juan de Garay",2,0,0,0,0,0,2,,"Calle",,"SANTA FE","La Capital","Asfalto","S/D","I","S/D","Urbana","S/D","S/D","Intersección","S/D","S/D","Diurna","S/D","S/D","S/D","Colisión","S/D","S/D","S/D","S/D"
2014,7708,17/09/2014,"Miercoles",0,18:00:00,,"0.0",2,"Moto/Ciclomotor,Automóvil","Dr Zavalla ",2,1,0,0,0,0,1,,"Avenida",,"SANTA FE","La Capital","Asfalto","S/D","I","S/D","Urbana","S/D","S/D","Intersección","S/D","S/D","Diurna","S/D","S/D","S/D","Colisión","S/D","S/D","S/D","S/D"
2014,7709,15/09/2014,"Lunes",0,23:30:00,,"0.0",2,"Automóvil,Moto/Ciclomotor","San Lorenzo Y Av Gral Lopez",2,0,0,0,0,0,2,,"Calle",,"SANTA FE","La Capital","Asfalto","S/D","I","S/D","Urbana","S/D","S/D","Intersección","S/D","S/D","Nocturna","S/D","S/D","S/D","Colisión","S/D","S/D","S/D","S/D"
2014,7710,24/09/2014,"Miercoles",0,09:10:00,,"0.0",2,"Moto/Ciclomotor,Automóvil","Av Circunvalación ",3,2,0,0,1,0,0,,"S/D",,"SANTA FE","La Capital","Asfalto","Natural","I","S/D","S/D","Ninguna","S/D","Recta","Bueno","Buena","Diurna","Otro","Frontal","S/D","Colisión","Otro","S/D","Ninguna","Sin restricción"
2014,7711,13/09/2014,"Sabado",0,12:00:00,,"0.0",2,"Bicicleta,Moto/Ciclomotor","J J Paso Y Roque Saenz Peña",2,0,0,0,0,0,2,"-31.661388888889,-60.723222222222","Calle",,"SANTA FE","La Capital","Asfalto","S/D","I","S/D","Urbana","S/D","S/D","Intersección","S/D","S/D","Diurna","S/D","S/D","S/D","Atropello","S/D","S/D","S/D","S/D"
2014,7712,01/09/2014,"Lunes",0,20:40:00,"Ruta Provincial 1","3.0",2,"Otros,Moto/Ciclomotor"," ",2,1,0,0,0,0,1,,"Ruta",1,"COLASTINE","La Capital","Asfalto","Natural","I","Dentro","Urbana","Marca Vial","No existe","Recta","Con baches","Buena","Nocturna","Buen Tiempo","Lateral","S/D","Colisión","Ninguna","Horizontal","Ninguna","Obra en Construcción"
2014,7713,19/09/2014,"Viernes",0,,"Autopista Provincial Brigadier E.López","0.0",2,"Moto/Ciclomotor,Otros","Acc Aut a Santa Fe Rosario ",2,1,0,0,0,0,1,,"Autopista","Brigadier E.López","SANTA FE","La Capital","Asfalto","Ripio","I","S/D","S/D","Ninguna","S/D","Intersección","Bueno","Buena","Diurna","Otro","Lateral","S/D","Colisión","Otro","S/D","Ninguna","S/D"
2014,7714,10/09/2014,"Miercoles",0,11:40:00,,"0.0",2,"Moto/Ciclomotor,Automóvil","Av Mosconi Y Moreno",2,0,0,0,0,0,2,,"Calle",,"SANTA FE","La Capital","Asfalto","S/D","I","S/D","Urbana","S/D","S/D","Intersección","S/D","S/D","Diurna","S/D","S/D","S/D","Colisión","S/D","S/D","S/D","S/D"
2014,7715,03/09/2014,"Miercoles",0,09:30:00,"Ruta Provincial 1","2.2",2,"Moto/Ciclomotor,Otros"," ",2,1,0,0,0,0,1,,"Ruta",1,"COLASTINE","La Capital","Asfalto","Natural","I","Fuera","Urbana","Ninguna","No existe","Recta","Con baches","Buena","Diurna","Buen Tiempo","Lateral","S/D","Colisión","Ninguna","Horizontal","Ninguna","Obra en Construcción"
2014,7716,11/09/2014,"Jueves",0,18:05:00,,"0.0",2,"Moto/Ciclomotor,Pickup/Utilitario","3 de Febrero Y San Jose",2,0,0,0,0,0,2,,"Calle",,"SANTA FE","La Capital","Asfalto","S/D","I","S/D","Urbana","S/D","S/D","Intersección","S/D","S/D","Diurna","S/D","S/D","S/D","Colisión","S/D","S/D","S/D","S/D"
2014,7717,04/09/2014,"Jueves",0,19:50:00,"Ruta Provincial 1","2.8",2,"Moto/Ciclomotor,Otros"," ",2,1,0,0,0,0,1,,"Ruta",1,"COLASTINE","La Capital","S/D","Natural","I","S/D","Urbana","Otra Señal","No existe","Recta","Bueno","Buena","Nocturna","Buen Tiempo","Lateral","S/D","Colisión","S/D","S/D","Ninguna","Obra en Construcción"
2014,7718,02/07/2014,"Miercoles",0,,,"0.0",2,"Automóvil,Bicicleta","Ituzaingo Y Castellanos",2,1,0,0,1,0,0,,"Calle",,"ROSARIO","Rosario","Asfalto","S/D","II","Dentro","Urbana","S/D","S/D","Intersección","S/D","S/D","Diurna","S/D","S/D","S/D","Atropello","S/D","S/D","S/D","S/D"
2014,7719,21/09/2014,"Domingo",0,18:00:00,"Ruta Nacional 11","0.0",1,"Moto/Ciclomotor","Av Blas Parera Y Estanislao Zeballos",1,1,0,0,0,0,0,,"Ruta",11,"SANTA FE","La Capital","Asfalto","Pavimento","I","Dentro","Urbana","Semáforo","Funciona","Intersección","Bueno","Buena","Atardecer","Buen Tiempo","S/D","S/D","Caída ocupante","S/D","Horizontal,Vertical","Cordón divisorio","Sin restricción"
2014,7720,20/09/2014,"Sabado",0,23:40:00,,"0.0",2,"Pickup/Utilitario,Pickup/Utilitario","Estanislao Zeballos 4200",2,1,0,0,0,0,1,,"Calle",,"SANTA FE","La Capital","Asfalto","Pavimento","I","Dentro","Urbana","S/D","No existe","Recta","Bueno","Buena","Nocturna,Con luz artificial","Buen Tiempo","Contra objeto fijo","S/D","Colisión","S/D","Vertical","Ninguna","Sin restricción"
2014,7721,16/10/2014,"Jueves",0,19:30:00,,"0.0",2,"Moto/Ciclomotor,Automóvil","Chubut Y Martin Miguel de Guemes",2,0,0,0,1,1,0,"-33.246220, -60.327036","Calle",,"VILLA CONSTITUCIÓN","Constitución","Hormigón","No existe","VI","S/D","Urbana","S/D","S/D","Recta","Bueno","Buena","Atardecer","Buen Tiempo","Contra objeto fijo","S/D","Caída ocupante,Colisión","S/D","S/D","Ninguna","S/D"
2014,7722,25/09/2014,"Jueves",0,13:00:00,,"0.0",2,"Automóvil,Moto/Ciclomotor","Av Blas Parera Y Combatientes de Malvinas",2,1,0,0,0,0,1,,"Avenida",,"SANTA FE","La Capital","Hormigón","No existe","I","Dentro","Urbana","Otra Señal","No existe","Intersección","Bueno","Buena","Diurna","Lluvia","Lateral","S/D","Colisión","S/D","Vertical","Guardarrail","Sin restricción"
2014,7723,12/09/2014,"Viernes",0,11:15:00,,"0.0",2,"Automóvil,Automóvil","Av Facundo Zuviria Y Fray Mamerto Esquiu",2,0,0,0,0,0,2,,"S/D",,"SANTA FE","La Capital","S/D","S/D","I","S/D","S/D","S/D","S/D","S/D","S/D","S/D","Diurna","S/D","S/D","S/D","Colisión","S/D","S/D","S/D","S/D"
2014,7724,06/07/2014,"Domingo",0,21:10:00,,"0.0",2,"Automóvil,Moto/Ciclomotor","J Roberti Y Germana y Pedro Alonso",2,2,0,0,0,0,0,,"Calle",,"TEODELINA","General López","S/D","S/D","VIII","Dentro","Urbana","S/D","S/D","Intersección","S/D","S/D","Nocturna","S/D","S/D","S/D","Colisión","S/D","S/D","S/D","S/D"
2014,7725,25/07/2014,"Viernes",0,12:20:00,,"0.0",2,"Automóvil,Moto/Ciclomotor","SD ",2,0,1,0,1,0,0,,"S/D",,"FIRMAT","General López","S/D","S/D","VIII","S/D","S/D","S/D","S/D","S/D","S/D","S/D","Diurna","S/D","S/D","S/D","Colisión","S/D","S/D","S/D","S/D"
2014,7726,08/07/2014,"Martes",0,18:40:00,,"0.0",2,"Moto/Ciclomotor,Bicicleta","Roca Pte Y Calle 57-Prof Roberto Roveda",2,0,0,0,1,1,0,"-29.1665,-59.646555555556","Calle",,"RECONQUISTA","General Obligado","S/D","S/D","IX","Dentro","Urbana","S/D","S/D","Intersección","S/D","S/D","Diurna","S/D","S/D","S/D","Colisión","S/D","S/D","S/D","S/D"
2014,7727,27/07/2014,"Domingo",0,02:35:00,,"0.0",1,"Moto/Ciclomotor","Salta Y Dorrego",2,2,0,0,0,0,0,,"Calle",,"SAN LORENZO","San Lorenzo","Asfalto","No existe","XVII","S/D","Urbana","S/D","S/D","Intersección","S/D","S/D","Nocturna","S/D","S/D","S/D","Caída ocupante","S/D","S/D","S/D","S/D"
2014,7730,10/07/2014,"Jueves",0,07:30:00,,"0.0",1,"Moto/Ciclomotor","Mendoza Y Estrada",2,0,0,0,1,1,0,"-31.643222222222,-60.730527777778","Calle",,"SANTA FE","La Capital","S/D","S/D","I","Dentro","Urbana","S/D","S/D","Recta","S/D","S/D","Amanecer","S/D","Contra objeto fijo","S/D","Colisión","S/D","S/D","S/D","S/D"
2014,7731,28/07/2014,"Lunes",1,03:00:00,,"0.0",2,"Moto/Ciclomotor,Pickup/Utilitario","Calle 4-Fray Antonio Rossi Y Calle 39-2 de Abril",2,0,1,0,1,0,0,,"Calle",,"RECONQUISTA","General Obligado","S/D","No existe","IX","S/D","Urbana","S/D","S/D","Recta","S/D","S/D","Nocturna","S/D","S/D","S/D","Colisión","S/D","S/D","S/D","S/D"
2014,7733,13/07/2014,"Domingo",0,06:30:00,"Ruta Nacional 11","999.9",1,"Pickup/Utilitario"," ",5,2,0,0,2,1,0,"-30.042405885842,-60.316444760212","Ruta",11,"PEDRO GÓMEZ CELLO","San Justo","Asfalto","S/D","XVI","S/D","S/D","S/D","S/D","Recta","S/D","S/D","Nocturna","S/D","S/D","S/D","Vuelco","S/D","S/D","S/D","S/D"
2014,7734,29/07/2014,"Martes",0,01:40:00,"Autopista Nacional Gral. Juan Jose Valle","1.0",2,"Moto/Ciclomotor,Camión"," ",3,0,0,0,1,1,1,"-33.023516114555,-60.663932814905","Autopista","Gral. Juan Jose Valle","ROSARIO","Rosario","Asfalto","Pavimento","II","S/D","S/D","S/D","No existe","Recta","S/D","S/D","Nocturna","S/D","S/D","S/D","Colisión","S/D","S/D","S/D","S/D"
2014,7735,29/07/2014,"Martes",0,05:10:00,,"0.0",1,"Automóvil","San Jose Y Mendoza",1,1,0,0,0,0,0,,"Calle",,"SANTA FE","La Capital","Asfalto","S/D","I","S/D","Urbana","S/D","S/D","Intersección","S/D","S/D","Nocturna","S/D","Contra objeto fijo","S/D","Colisión,Vuelco","S/D","S/D","S/D","S/D"
2014,7736,13/07/2014,"Domingo",0,19:00:00,"Ruta Provincial 92","0.0",2,"Automóvil,Moto/Ciclomotor"," ",3,2,0,0,0,1,0,"-33.091732710804,-61.78364394567","Ruta",92,"ARTEAGA","Caseros","S/D","S/D","IV","S/D","S/D","S/D","S/D","Recta","S/D","S/D","Atardecer","S/D","S/D","S/D","Colisión","S/D","S/D","S/D","S/D"
2014,7737,13/07/2014,"Domingo",0,21:15:00,"Ruta Nacional 8","0.0",2,"Automóvil,Camión"," ",3,2,1,0,0,0,0,,"Ruta",8,"MAGGIOLO","General López","Asfalto","S/D","VIII","S/D","Urbana","S/D","S/D","S/D","S/D","S/D","Nocturna","S/D","S/D","S/D","S/D","S/D","S/D","S/D","S/D"
2014,7738,13/07/2014,"Domingo",0,22:05:00,,"0.0",2,"Moto/Ciclomotor,Automóvil","Santa Fe Y Dr Jose Andres Valdez",2,0,1,0,1,0,0,,"Avenida",,"VENADO TUERTO","General López","Asfalto","No existe","VIII","S/D","S/D","S/D","S/D","Intersección","S/D","S/D","Nocturna","S/D","S/D","S/D","Colisión","S/D","S/D","S/D","S/D"
2014,7739,13/07/2014,"Domingo",0,22:30:00,"Ruta Provincial 66","84.0",2,"Pickup/Utilitario,Moto/Ciclomotor"," ",2,0,0,0,1,1,0,"-32.007089576589,-61.986378217199","Ruta",66,"LANDETA","San Martín","S/D","S/D","XVIII","S/D","S/D","S/D","S/D","S/D","S/D","S/D","Nocturna","S/D","S/D","S/D","Colisión","S/D","S/D","S/D","S/D"
2014,7740,16/07/2014,"Miercoles",0,15:00:00,,"0.0",1,"Pickup/Utilitario","Teniente Loza Y Av Circunvalación",1,1,0,0,0,0,0,,"Avenida",,"SANTA FE","La Capital","Asfalto","S/D","I","S/D","Urbana","S/D","S/D","S/D","S/D","S/D","Diurna","S/D","S/D","S/D","Vuelco,Despiste","S/D","S/D","S/D","S/D"
2014,7741,18/07/2014,"Viernes",0,12:30:00,,"0.0",2,"Bicicleta,Vehículo Oficial","San Martin Y Ayolas",2,0,0,0,1,1,0,"-32.977027777778,-60.644388888889","Avenida",,"ROSARIO","Rosario","Asfalto","No existe","II","Dentro","Urbana","S/D","S/D","Intersección","S/D","S/D","Diurna","S/D","S/D","S/D","Atropello","S/D","S/D","S/D","S/D"
2014,7742,22/07/2014,"Martes",0,21:10:00,"Ruta Nacional 8","371.0",2,"Moto/Ciclomotor,Moto/Ciclomotor","SD ",3,1,2,0,0,0,0,,"Ruta",8,"MAGGIOLO","General López","S/D","S/D","VIII","S/D","S/D","S/D","S/D","S/D","S/D","S/D","Nocturna","S/D","S/D","S/D","Colisión","S/D","S/D","S/D","S/D"
2014,7743,01/08/2014,"Viernes",0,,,"0.0",2,"Moto/Ciclomotor,Camión","Luzuriaga Y Mena",3,1,0,0,1,1,0,"-33.262666666667,-60.309222222222","Calle",,"VILLA CONSTITUCIÓN","Constitución","Asfalto","S/D","VI","S/D","Urbana","S/D","S/D","Intersección","Bueno","Buena","S/D","S/D","Frontal","S/D","Colisión","S/D","S/D","S/D","S/D"
2014,7744,02/08/2014,"Sabado",0,19:50:00,"Ruta Nacional 11","0.0",5,"Moto/Ciclomotor,Camión,Pickup/Utilitario,Automóvil,Automóvil","Calle 23 ",5,0,0,0,4,1,0,"-29.124780410644,-59.653306639761","Ruta",11,"AVELLANEDA","General Obligado","Asfalto","Natural","IX","S/D","Urbana","Semáforo","Funciona","Recta","Bueno","Buena","Atardecer","Buen Tiempo","Múltiple","S/D","Colisión","S/D","Horizontal","Línea divisoria pintada","Sin restricción"
2014,7745,02/08/2014,"Sabado",0,21:10:00,"Ruta Nacional 11","0.0",1,"Moto/Ciclomotor","Av San Martin Y Entre Rios",2,0,0,0,1,1,0,"-32.743109, -60.734037","Ruta",11,"SAN LORENZO","San Lorenzo","Asfalto","No existe","XVII","Dentro","Urbana","S/D","S/D","Intersección","Bueno","S/D","Nocturna,Con luz artificial","S/D","S/D","S/D","Caída ocupante","S/D","Horizontal,Vertical","Cordón divisorio,S/D","S/D"
2014,7746,03/08/2014,"Domingo",0,06:20:00,"Ruta Nacional 11","874.0",1,"Automóvil"," ",1,0,0,0,0,1,0,"-28.472721440405,-59.344898502515","Ruta",11,"VILLA OCAMPO","General Obligado","Hormigón","Natural","IX","Fuera","Rural","Ninguna","No existe","Curva","Bueno","Buena","Nocturna","Buen Tiempo","S/D","S/D","Vuelco","S/D","Horizontal","Cordón divisorio","Sin restricción"
2014,7747,03/08/2014,"Domingo",0,19:00:00,"Ruta Nacional A012","0.0",2,"Automóvil,Camión"," ",6,2,1,1,1,1,0,"-33.09224238352,-60.788324423974","Ruta","A012","PIÑERO","Rosario","Asfalto","Natural","II","Dentro","Rural","Señal Pare","No existe","Intersección","Bueno","Buena","Nocturna,Con luz artificial","Buen Tiempo","Lateral","S/D","Colisión","Ninguna","S/D","Cordón divisorio","Sin restricción"
2014,7748,05/08/2014,"Martes",0,18:30:00,"Ruta Provincial 4","0.0",1,"Moto/Ciclomotor"," ",1,0,0,0,0,1,0,"-30.351974249519,-61.225841980642","Ruta",4,"SAN CRISTÓBAL","San Cristóbal","Asfalto","Natural","XIII","Dentro","Urbana","Ninguna","No existe","Recta","Bueno","Buena","Atardecer","Buen Tiempo","S/D","S/D","Caída ocupante","S/D","Faltante","Ninguna","Sin restricción"
2014,7749,07/08/2014,"Jueves",0,10:00:00,"Ruta Nacional A012","0.0",2,"Automóvil,Camión"," ",2,0,0,0,1,1,0,"-33.091924469348,-60.790833074158","Ruta","A012","PIÑERO","Rosario","Asfalto","Natural","II","Dentro","Rural","Señal Pare","No existe","Intersección","S/D","Buena","Diurna","Buen Tiempo","Lateral","S/D","Colisión","S/D","S/D","Cordón divisorio","Sin restricción"
2014,7750,07/08/2014,"Jueves",0,15:55:00,"Ruta Nacional A012","2.0",2,"Moto/Ciclomotor,Camión"," ",2,0,0,0,1,1,0,"-33.088581455682,-60.663781263267","Ruta","A012","ALVEAR","Rosario","Asfalto","Natural","II","S/D","Rural","Ninguna","No existe","Recta","Bueno","Buena","Diurna","Buen Tiempo","S/D","S/D","Colisión","S/D","Faltante","Línea divisoria pintada","Sin restricción"
2014,7751,13/08/2014,"Miercoles",0,18:15:00,,"0.0",2,"Transporte de Pasajeros Urbano (> 8 asientos),Moto/Ciclomotor","Francisco Tarragona Y Gdor Mariano Cabal",3,1,0,0,1,1,0,"-31.664722222222,-60.720805555556","Calle",,"SANTA FE","La Capital","Asfalto","S/D","I","Dentro","Urbana","Ninguna","No existe","Intersección","Bueno","Buena","Diurna","Buen Tiempo","Lateral","S/D","Colisión","S/D","S/D","Ninguna","Sin restricción"
2014,7753,14/08/2014,"Jueves",0,13:35:00,"Ruta Nacional 11","0.0",2,"Automóvil,Moto/Ciclomotor","Lamberto La Fuente Y Av L de la Torre-Ruta Nac 11",5,0,0,0,4,1,0,"-31.99287089668,-60.93030434369","Ruta",11,"CORONDA","San Jerónimo","Asfalto","Natural","XV","S/D","Rural","Ninguna","No existe","Intersección","Bueno","Buena","Diurna","Buen Tiempo","Lateral","S/D","Colisión","S/D","Faltante","Línea divisoria pintada","Sin restricción"
2014,7754,15/08/2014,"Viernes",0,19:30:00,"Ruta Provincial 1","262.0",2,"Automóvil,Moto/Ciclomotor"," ",2,0,0,0,1,1,0,"-29.603149226266,-59.774580801399","Ruta",1,"ROMANG","San Javier","Asfalto","S/D","XIV","S/D","Rural","Ninguna","No existe","Puente","Bueno","Reducida","Nocturna","Buen Tiempo","Frontal","S/D","Colisión","S/D","Faltante","S/D","S/D"
2014,7755,16/08/2014,"Sabado",0,05:20:00,"Ruta Nacional 11","477.0",2,"Automóvil,Moto/Ciclomotor"," ",2,0,0,0,1,1,0,"-31.558277412066,-60.728849945477","Ruta",11,"RECREO","La Capital","Asfalto","Ripio","I","Dentro","Urbana","Ninguna","No existe","Curva","Bueno","Buena","Amanecer","Buen Tiempo","Frontal","S/D","Colisión","Ninguna","Horizontal","Línea divisoria pintada","Sin restricción"
2014,7756,16/08/2014,"Sabado",0,06:30:00,"Ruta Nacional 9","415.0",2,"Camión,Peatón"," ",2,0,0,0,1,1,0,"-32.739811886715,-61.804217786425","Ruta",9,"TORTUGAS","Belgrano","Asfalto","Pavimento","III","Dentro","Rural","Marca Vial","S/D","Recta","Bueno","Buena","Nocturna","Buen Tiempo","S/D","S/D","Atropello","Ninguna","Horizontal","Línea divisoria pintada","Sin restricción"