"anio_acci","nro_acci","fecha","desc_dia","fecha_aprox","hora_aprox","desc_ruta","km","cant_participantes","desc_participante","calle_avenida_km","total","heridos_leves","heridos_graves","heridos_gravisimos","ilesos","fallecidos","sin_datos","posicion_XY","desc_tipo_via","desc_ruta_ori","desc_loc","desc_dpto","desc_tipo_calzada","desc_tipo_banquina","desc_unidad_regional","desc_lugar_calzada","desc_zona","desc_prioridad","desc_estado_semaforo","desc_lugar_via","desc_estado_via","desc_estado_visibilidad","desc_luminosidad","desc_estado_clima","desc_tipo_colision","desc_tipo_atropello","desc_tipo_hecho","desc_pres_calzada","desc_senializacion","desc_separacion_via","desc_restriccion"
2014,7757,17/08/2014,"Domingo",0,02:00:00,"Ruta Nacional 11","790.0",3,"Moto/Ciclomotor,Moto/Ciclomotor,Automóvil"," ",7,1,2,0,3,1,0,"-29.135315409265,-59.654900388456","Ruta",11,"RECONQUISTA","General Obligado","Asfalto","Pavimento","IX","Dentro","Urbana","Ninguna","S/D","Puente","Bueno","Buena","Nocturna","Buen Tiempo","Múltiple","S/D","Colisión","Otro","Vertical","S/D","Sin restricción"
2014,7758,23/08/2014,"Sabado",0,02:50:00,,"0.0",1,"Moto/Ciclomotor","VALERIO BETTA Y AV. V. MARQUEZ",1,0,0,0,0,1,0,"-30.948260183701,-61.571600588542","Avenida",,"SUNCHALES","Castellanos","S/D","S/D","V","Dentro","Urbana","S/D","S/D","Intersección","S/D","S/D","Nocturna","S/D","S/D","S/D","Caída ocupante,Vuelco","S/D","S/D","S/D","S/D"
2014,7760,24/01/2014,"Viernes",0,00:30:00,"Ruta Nacional 34","5.0",2,"Moto/Ciclomotor,Camión"," ",3,0,0,0,1,2,0,"-32.864771, -60.767670","Ruta",34,"IBARLUCEA","Rosario","Asfalto","Natural","II","Dentro","Urbana","S/D","No existe","Recta","Bueno","Reducida","Nocturna","Buen Tiempo","S/D","S/D","Colisión","S/D","Horizontal,Vertical","Línea divisoria pintada","Sin restricción"
2014,7761,23/08/2014,"Sabado",0,11:30:00,,"0.0",2,"Moto/Ciclomotor,Pickup/Utilitario","J Zanetti Y España",2,0,0,0,1,1,0,"-31.248472222222,-61.474361111111","Calle",,"RAFAELA","Castellanos","Hormigón","S/D","V","Dentro","Urbana","S/D","S/D","Intersección","Bueno","S/D","S/D","S/D","Lateral","S/D","Colisión","S/D","S/D","S/D","S/D"
2014,7762,29/01/2014,"Miercoles",0,22:30:00,,"0.0",1,"Automóvil","Cristobal Colon Y Zavalia",1,0,0,0,0,1,0,"-31.669035, -60.727007","Calle",,"SANTA FE","La Capital","Asfalto","Natural","I","Fuera","Urbana","S/D","No existe","Intersección","Bueno","Reducida","Nocturna,Con luz artificial","Buen Tiempo","Contra objeto fijo","S/D","Colisión","S/D","S/D","Ninguna","S/D"
2014,7763,24/08/2014,"Domingo",0,14:55:00,"Ruta Nacional 34","223.0",2,"Moto/Ciclomotor,Camión"," ",2,0,0,0,1,1,0,"-31.232706534691,-61.500927074957","Ruta",34,"RAFAELA","Castellanos","Asfalto","S/D","IV","S/D","Urbana","S/D","S/D","Recta","Bueno","Buena","Diurna","S/D","S/D","S/D","Colisión","S/D","S/D","S/D","S/D"
2014,7764,18/08/2014,"Lunes",0,01:15:00,"Ruta Provincial 2","0.0",2,"Moto/Ciclomotor,Moto/Ciclomotor"," ",4,1,0,0,2,1,0,"-31.554127507602,-60.687046326207","Ruta",2,"ANGEL GALLARDO","La Capital","Hormigón","Natural","I","S/D","Urbana","Ninguna","No existe","Recta","Bueno","Buena","Nocturna,Con luz artificial","Buen Tiempo","De alcance","S/D","Colisión","S/D","S/D","Ninguna","Sin restricción"
2014,7765,24/01/2014,"Viernes",0,01:00:00,,"0.0",2,"Moto/Ciclomotor,Moto/Ciclomotor","Abanderado Grandoli Y Pte.Quintana",3,0,3,0,0,0,0,"-32.985720, -60.628118","Calle",,"ROSARIO","Rosario","Hormigón","No existe","II","Dentro","Urbana","S/D","No existe","Intersección","Bueno","Reducida","Nocturna,Con luz artificial","Buen Tiempo","Lateral","S/D","Colisión","S/D","S/D","Ninguna","Sin restricción"
2014,7766,18/08/2014,"Lunes",0,19:10:00,"Ruta Provincial 21","0.0",1,"Pickup/Utilitario"," ",2,1,0,0,0,1,0,"-33.185323687058,-60.475042540553","Ruta",21,"FIGHIERA","Rosario","Asfalto","Ripio","II","S/D","Rural","Ninguna","No existe","Recta","Bueno","Buena","Nocturna","Buen Tiempo","S/D","S/D","Vuelco","Ninguna","Faltante","Ninguna","Sin restricción"
2014,7767,31/01/2014,"Viernes",0,19:00:00,"Ruta Nacional 11","814.0",2,"Bicicleta,Automóvil"," ",3,0,1,0,2,0,0,"-28.944512, -59.564590","Ruta",11,"GUADALUPE NORTE","General Obligado","Asfalto","Natural","IX","Dentro","Urbana","S/D","No existe","Recta","Bueno","Buena","Diurna","Buen Tiempo","S/D","S/D","Atropello","Ninguna","Horizontal,Vertical","Línea divisoria pintada","Sin restricción"
2014,7768,18/08/2014,"Lunes",0,19:15:00,"Ruta Provincial 2","212.0",1,"Automóvil"," ",5,0,3,0,0,2,0,"-30.214096523935,-61.19658360655","Ruta",2,"SAN CRISTÓBAL","San Cristóbal","Hormigón","Natural","XIII","Fuera","Rural","Ninguna","No existe","Recta","Otro","Buena","Diurna","Buen Tiempo","Frontal","S/D","Vuelco","Otro","Faltante","Ninguna","Accidente Previo"
2014,7769,22/08/2014,"Viernes",0,01:30:00,"Ruta Provincial 90","104.0",1,"Pickup/Utilitario"," ",1,0,0,0,0,1,0,"-33.635671410709,-61.387931360171","Ruta",90,"CARRERAS","General López","Asfalto","Natural","VIII","Fuera","Rural","Ninguna","No existe","Recta","Bueno","Buena","Nocturna","Buen Tiempo","S/D","S/D","Vuelco","S/D","Horizontal","Ninguna","Sin restricción"
2014,7770,03/10/2014,"Viernes",0,16:30:00,"Ruta Nacional 7","415.0",3,"Tractor,Camión,Pickup/Utilitario"," ",4,0,0,0,3,1,0,"-34.300039, -62.608532","Ruta",7,"RUFINO","General López","Asfalto","Natural","VIII","Dentro","Rural","Ninguna","No existe","Recta","Bueno","Buena","Diurna","Buen Tiempo","De alcance,Múltiple","S/D","Colisión,Vuelco","S/D","S/D","Línea divisoria pintada","Sin restricción"
2014,7771,24/08/2014,"Domingo",0,19:30:00,"Ruta Provincial 1","305.0",3,"Moto/Ciclomotor,Automóvil,Automóvil"," ",6,0,0,0,4,2,0,"-29.229723639548,-59.674822199024","Ruta",1,"RECONQUISTA","General Obligado","Asfalto","Natural","IX","Dentro","Rural","Ninguna","No existe","Curva","Con baches","Reducida","Atardecer","Buen Tiempo","Frontal","S/D","Colisión","Ninguna","S/D","Línea divisoria pintada","S/D"
2014,7772,18/10/2014,"Sabado",0,14:00:00,,"0.0",4,"Bicicleta,Bicicleta,Bicicleta,Moto/Ciclomotor","Av Almte Brown 5200",4,2,1,0,0,1,0,"-31.624281, -60.679201","Avenida",,"SANTA FE","La Capital","Asfalto","No existe","I","Dentro","Urbana","S/D","No existe","Recta","Bueno","Buena","Diurna","Buen Tiempo","Múltiple","S/D","Atropello","Material Suelto","Vertical","Cordón divisorio","Sin restricción"
2014,7773,18/10/2014,"Sabado",0,11:30:00,"Ruta Provincial 66","48.0",2,"Moto/Ciclomotor,Pickup/Utilitario"," ",2,0,0,0,1,1,0,"-32.059491, -61.624254","Ruta",66,"CAÑADA ROSQUÍN","San Martín","Asfalto","Natural","XVIII","Dentro","Rural","Ninguna","No existe","Recta","Deteriorada","Buena","Diurna","S/D","Frontal","S/D","Colisión","S/D","Horizontal","Línea divisoria pintada","Sin restricción"
2014,7774,21/10/2014,"Martes",0,02:00:00,"Ruta Nacional 8","343.0",2,"Moto/Ciclomotor,Pickup/Utilitario"," ",2,0,0,0,1,1,0,"-33.836088, -61.753609","Ruta",8,"CHAPUY","General López","Asfalto","Natural","VIII","Dentro","Rural","Ninguna","No existe","Recta","Bueno","Buena","Nocturna","Buen Tiempo","De alcance","S/D","Atropello","S/D","Faltante","Línea divisoria pintada","S/D"
2014,7779,21/01/2014,"Martes",0,09:20:00,"Autopista Provincial Brigadier E.López","19.0",2,"Automóvil,Transporte de Pasajeros Larga Distancia (> 8 asientos)","AP01 km 19 descendente ",3,1,0,0,2,0,0,,"Autopista","Brigadier E.López","SAN LORENZO","San Lorenzo","Asfalto","Pavimento","XVII","Dentro","Rural","Ninguna","No existe","Curva","Bueno","Buena","Diurna","Buen Tiempo","De alcance","S/D","Colisión","S/D","Horizontal,Vertical","Vegetación","Sin restricción"
2014,7780,23/01/2014,"Jueves",0,07:40:00,"Autopista Provincial Brigadier E.López","155.0",1,"Automóvil","AP01 km 155 asc. y bajada a RNA007 ",4,2,0,0,2,0,0,,"Autopista","Brigadier E.López","SANTA FE","La Capital","Asfalto","Natural","I","Dentro","Rural","Ninguna","No existe","Distribuidor","Bueno","Buena","Diurna","Buen Tiempo","S/D","S/D","Vuelco","S/D","Horizontal,Vertical","Vegetación","Sin restricción"
2014,7784,26/01/2014,"Domingo",0,21:20:00,"Ruta Provincial 2","0.0",2,"Moto/Ciclomotor,Automóvil","RP 2, altura Lar de Paz ",2,1,0,0,1,0,0,,"Ruta",2,"MONTE VERA","La Capital","Asfalto","Natural","I","Dentro","Urbana","Policía de tránsito","No existe","Recta","Bueno","S/D","Nocturna","Buen Tiempo","S/D","S/D","Colisión","S/D","S/D","S/D","Desvío Provisorio"
2014,7785,26/08/2014,"Martes",0,03:55:00,"Ruta Provincial 21","0.0",3,"Moto/Ciclomotor,Moto/Ciclomotor,Automóvil"," ",3,0,0,1,0,1,1,"-33.224445403789,-60.333483728602","Ruta",21,"VILLA CONSTITUCIÓN","Constitución","Asfalto","S/D","VI","S/D","Urbana","S/D","S/D","Recta","Bueno","Buena","Nocturna","Viento Fuerte","Múltiple","S/D","Colisión","S/D","S/D","S/D","S/D"
2014,7786,27/01/2014,"Lunes",0,19:20:00,"Autopista Provincial Brigadier E.López","11.0",1,"Automóvil"," ",4,4,0,0,0,0,0,,"Autopista","Brigadier E.López","FRAY LUIS BELTRÁN","San Lorenzo","Asfalto","Pavimento","XVII","Dentro","Rural","Ninguna","No existe","Recta","Bueno","Buena","Diurna","Buen Tiempo","S/D","S/D","Vuelco,Despiste","S/D","S/D","Vegetación","Sin restricción"
2014,7790,25/08/2014,"Lunes",0,21:40:00,,"273.0",1,"Automóvil","San Jose ",2,1,0,0,0,1,0,"-33.118808060203,-60.585879278688","Calle",,"GENERAL LAGOS","Rosario","Asfalto","Natural","II","Fuera","Rural","Ninguna","No existe","Recta","Con baches","Reducida","Nocturna","Viento Fuerte","Frontal","S/D","Vuelco,Despiste","S/D","Faltante","Ninguna","Reparación de Vía"
2014,7791,29/08/2014,"Viernes",0,05:10:00,,"0.0",1,"Moto/Ciclomotor","Belgrano Y Italia",1,0,0,0,0,1,0,"-32.477361111111,-61.573666666667","Calle",,"LAS ROSAS","Belgrano","Hormigón","S/D","III","S/D","Urbana","Ninguna","No existe","Recta","Bueno","Reducida","Nocturna,Con luz artificial","Buen Tiempo","Contra objeto fijo","S/D","Colisión","Ninguna","Faltante","Ninguna","Sin restricción"
2014,7792,30/08/2014,"Sabado",0,01:40:00,,"0.0",2,"Moto/Ciclomotor,Automóvil","Bartolome Mitre Y Mendoza",2,0,0,0,1,1,0,"-31.899587895938,-61.86171150203","Calle",,"SAN JORGE","San Martín","Asfalto","No existe","XVIII","S/D","Urbana","Ninguna","No existe","Intersección","Bueno","Buena","Nocturna,Con luz artificial","Buen Tiempo","Lateral","S/D","Colisión","Ninguna","S/D","S/D","Sin restricción"
2014,7793,15/01/2014,"Miercoles",0,,"Ruta Nacional 33","0.0",1,"Otros"," ",2,0,0,0,0,1,1,"-33.718994, -61.989739","Ruta",33,"VENADO TUERTO","General López","Asfalto","Natural","VIII","S/D","S/D","S/D","S/D","S/D","Bueno","S/D","S/D","S/D","S/D","S/D","S/D","S/D","S/D","Línea divisoria pintada","S/D"
2014,7794,19/01/2014,"Domingo",0,,,"0.0",1,"Automóvil","en zona urbana ",1,0,0,0,0,1,0,"-34.267070, -62.709935","S/D",,"RUFINO","General López","S/D","S/D","VIII","Dentro","Urbana","S/D","S/D","S/D","S/D","S/D","S/D","S/D","S/D","S/D","Colisión","S/D","S/D","S/D","S/D"
2014,7795,05/02/2014,"Miercoles",0,,"Autopista Nacional A008","0.0",1,"Moto/Ciclomotor","RNA008 alt. Bv 27 de febrero ",2,0,0,0,0,1,1,"-32.959676, -60.720957","Autopista","A008","ROSARIO","Rosario","Asfalto","No existe","II","Dentro","Urbana","S/D","No existe","Recta","Bueno","S/D","S/D","S/D","S/D","S/D","Caída ocupante","S/D","Horizontal,Vertical","Barrera de hormigón","S/D"
2014,7796,13/02/2014,"Jueves",0,01:00:00,"Ruta Provincial 10","155.0",1,"Automóvil","RP10 - 2,5km al S de RN19 ",3,0,1,0,0,2,0,"-31.613924, -61.283378","Ruta",10,"SA PEREIRA","Las Colonias","Asfalto","Natural","XI","Fuera","Rural","S/D","No existe","Recta","Bueno","S/D","Nocturna","Buen Tiempo","S/D","S/D","Vuelco,Despiste","S/D","S/D","Línea divisoria pintada","S/D"
2014,7797,20/02/2014,"Jueves",0,,,"0.0",1,"Otros","en zons urbana ",1,0,0,0,0,1,0,"-32.844904, -60.707339","S/D",,"GRANADERO BAIGORRIA","Rosario","S/D","S/D","II","S/D","Urbana","S/D","S/D","S/D","S/D","S/D","S/D","S/D","S/D","S/D","S/D","S/D","S/D","S/D","S/D"
2014,7798,20/02/2014,"Jueves",0,,,"0.0",1,"Automóvil"," ",2,0,0,0,0,1,1,"-32.948801, -60.647550","S/D",,"ROSARIO","Rosario","S/D","S/D","II","S/D","Urbana","S/D","S/D","S/D","S/D","S/D","S/D","S/D","S/D","S/D","S/D","S/D","S/D","S/D","S/D"
2014,7799,21/02/2014,"Viernes",0,,,"0.0",2,"Automóvil,Tren"," ",3,0,0,0,0,1,2,"-32.987830, -60.664652","S/D",,"ROSARIO","Rosario","Asfalto","S/D","II","Dentro","Urbana","S/D","No existe","Paso a Nivel FFCC","S/D","S/D","S/D","S/D","Lateral","S/D","Colisión","S/D","S/D","Ninguna","S/D"
2014,7800,22/02/2014,"Sabado",0,,,"0.0",1,"Automóvil"," ",1,0,0,0,0,1,0,"-32.995605, -60.655554","S/D",,"ROSARIO","Rosario","S/D","S/D","II","Dentro","Urbana","S/D","S/D","S/D","S/D","S/D","S/D","S/D","S/D","S/D","S/D","S/D","S/D","S/D","S/D"
2014,7801,31/08/2014,"Domingo",0,15:15:00,"Ruta Provincial 2","17.0",2,"Moto/Ciclomotor,Pickup/Utilitario"," ",6,1,1,0,3,1,0,"-31.423871913945,-60.671007660985","Ruta",2,"MONTE VERA","La Capital","Ripio","No existe","I","Dentro","Rural","Ninguna","No existe","Recta","Bueno","S/D","Diurna","Buen Tiempo","Frontal","S/D","Colisión","Ninguna","S/D","Ninguna","Sin restricción"
2014,7802,23/02/2014,"Domingo",0,,"Autopista Nacional A008","25.0",1,"Moto/Ciclomotor","Puente A&#186;, entre Larrea y Cambeira ",1,0,0,0,0,1,0,"-33.003879, -60.618287","Autopista","A008","VILLA GOBERNADOR GÁLVEZ","Rosario","Asfalto","No existe","II","Dentro","Urbana","S/D","No existe","Puente","Bueno","S/D","S/D","S/D","S/D","S/D","Caída ocupante","S/D","S/D","Guardarrail","Sin restricción"
2014,7803,23/02/2014,"Domingo",0,,,"0.0",1,"Moto/Ciclomotor"," ",1,0,0,0,0,1,0,"-33.003879, -60.618287","S/D",,"VILLA GOBERNADOR GÁLVEZ","Rosario","S/D","S/D","II","S/D","Urbana","S/D","S/D","S/D","S/D","S/D","S/D","S/D","S/D","S/D","S/D","S/D","S/D","S/D","S/D"
2014,7804,28/02/2014,"Viernes",0,,,"0.0",1,"Moto/Ciclomotor"," ",1,0,0,0,0,1,0,"-31.669147, -60.759314","S/D",,"SANTO TOMÉ","La Capital","S/D","S/D","I","S/D","Urbana","S/D","S/D","S/D","S/D","S/D","S/D","S/D","S/D","S/D","Caída ocupante","S/D","S/D","S/D","S/D"
2014,7809,07/02/2014,"Viernes",0,01:15:00,"Autopista Provincial Brigadier E.López","155.0",1,"Automóvil"," ",1,1,0,0,0,0,0,,"Autopista","Brigadier E.López","SANTA FE","La Capital","S/D","S/D","I","Fuera","Urbana","S/D","S/D","S/D","S/D","S/D","Nocturna","S/D","S/D","S/D","Vuelco,Despiste","S/D","S/D","S/D","S/D"
2014,7811,24/10/2014,"Viernes",0,12:30:00,,"0.0",4,"Peatón,Peatón,Peatón,Camión"," ",4,0,0,0,3,1,0,"-33.025259, -60.624977","Avenida",,"VILLA GOBERNADOR GÁLVEZ","Rosario","Asfalto","No existe","II","Dentro","Urbana","Ninguna","S/D","Recta","Bueno","Buena","Diurna","Buen Tiempo","Frontal","S/D","Atropello","S/D","S/D","Ninguna","Sin restricción"
2014,7812,31/08/2014,"Domingo",0,19:40:00,,"0.0",2,"Moto/Ciclomotor,Pickup/Utilitario","Corrientes Y Cibils Jose",4,0,0,0,3,1,0,"-31.654472222222,-60.778972222222","S/D",,"SANTO TOMÉ","La Capital","Hormigón,Ripio","No existe","I","S/D","S/D","S/D","No existe","Intersección","Bueno","Buena","Atardecer","S/D","S/D","S/D","Colisión","Ninguna","Faltante","S/D","S/D"
2014,7813,25/10/2014,"Sabado",0,21:30:00,"Ruta Provincial 18","9.0",2,"Peatón,Automóvil"," ",3,0,0,0,2,1,0,"-33.106630, -60.704756","Ruta",18,"PIÑERO","Rosario","Asfalto","Natural","II","Dentro","Urbana","Ninguna","No existe","Recta","Bueno","Reducida","Nocturna","Buen Tiempo","S/D","S/D","Atropello","Ninguna","S/D","Línea divisoria pintada","Sin restricción"
2014,7814,08/08/2014,"Viernes",0,21:45:00,"Ruta Nacional 178","0.0",1,"Pickup/Utilitario","AL NORTE DE LA CALIFORNIA ",4,0,0,0,2,2,0,"-32.498335455937,-61.561366852394","Ruta",178,"LAS ROSAS","Belgrano","Asfalto,Ripio","S/D","III","Fuera","S/D","S/D","No existe","Recta","Deteriorada","S/D","Nocturna","Buen Tiempo","S/D","S/D","Vuelco,Despiste","Material Suelto","Faltante","S/D","Reparación de Vía"
2014,7815,16/08/2014,"Sabado",0,06:30:00,"Ruta Nacional 9","0.0",2,"Peatón,Camión"," ",2,0,0,0,1,1,0,"-32.735248393516,-61.830950204106","Ruta",9,"TORTUGAS","Belgrano","S/D","S/D","III","S/D","Rural","S/D","S/D","Recta","S/D","S/D","Diurna","Buen Tiempo","S/D","S/D","Atropello","S/D","S/D","S/D","S/D"
2014,7816,26/10/2014,"Domingo",0,01:15:00,,"0.0",2,"Moto/Ciclomotor,Automóvil","Vera Mujica 650",2,0,0,0,1,1,0,"-31.664670, -60.724493","Calle",,"SANTA FE","La Capital","Asfalto","No existe","I","Dentro","Urbana","Ninguna","No existe","Intersección","Bueno","Reducida","Nocturna,Con luz artificial","Buen Tiempo","Frontal","S/D","Colisión","Ninguna","Faltante","Ninguna","Sin restricción"
2014,7817,26/10/2014,"Domingo",0,04:40:00,"Ruta Nacional 11","429.0",1,"Moto/Ciclomotor","Pte A&#186; Bragado ",1,0,0,0,0,1,0,"-31.910568, -60.903294","Ruta",11,"CORONDA","San Jerónimo","Asfalto","No existe","XV","Fuera","Rural","S/D","No existe","Puente","Bueno","S/D","Nocturna","S/D","Contra objeto fijo","S/D","Colisión","Ninguna","Horizontal,Vertical","Línea divisoria pintada","Sin restricción"
2014,7818,29/08/2014,"Viernes",0,05:10:00,,"0.0",1,"Moto/Ciclomotor","Belgrano Y Italia",1,0,0,0,0,1,0,"-32.477361111111,-61.573666666667","Calle",,"LAS ROSAS","Belgrano","Asfalto","No existe","III","Dentro","Urbana","S/D","S/D","Recta","Bueno","S/D","Nocturna","Buen Tiempo","S/D","S/D","Caída ocupante","S/D","S/D","S/D","S/D"
2014,7819,26/10/2014,"Domingo",0,05:00:00,"Ruta Nacional 11","429.0",2,"Peatón,Moto/Ciclomotor"," ",3,1,0,0,2,0,0,"-31.910568, -60.903294","Ruta",11,"CORONDA","San Jerónimo","Asfalto","No existe","XV","Dentro","Rural","Policía de tránsito","No existe","Puente","Bueno","Reducida","Nocturna","S/D","Frontal","S/D","Atropello","Material Suelto","Horizontal,Vertical","Línea divisoria pintada","Accidente Previo"
2014,7820,09/08/2014,"Sabado",0,07:20:00,,"0.0",1,"Automóvil","ZONA RURAL ",2,0,0,0,1,1,0,"-32.130596787703,-61.976552356712","Camino Rural",,"PIAMONTE","San Martín","Tierra","Natural","XVIII","Dentro","Rural","Ninguna","No existe","Recta","Bueno","Reducida","Amanecer","Buen Tiempo","S/D","S/D","Vuelco","Ninguna","Faltante","Ninguna","Sin restricción"
2014,7821,29/10/2014,"Miercoles",0,22:45:00,,"0.0",1,"Moto/Ciclomotor","Juan Chavarri ",1,0,0,0,0,1,0,"-32.363410, -61.341806","Calle",,"SAN GENARO","San Jerónimo","Asfalto","No existe","XV","Dentro","Urbana","Ninguna","S/D","Recta","Bueno","S/D","Nocturna,Con luz artificial","Buen Tiempo","S/D","S/D","Caída ocupante","S/D","S/D","Ninguna","Sin restricción"
2014,7822,10/02/2014,"Lunes",0,,"Ruta Nacional 19","99.0",1,"Camión"," ",1,0,0,0,0,0,1,,"Ruta",19,"ESTACIÓN CLUCELLAS","Castellanos","S/D","S/D","V","Fuera","S/D","S/D","S/D","S/D","S/D","S/D","S/D","S/D","S/D","S/D","Vuelco","S/D","S/D","S/D","S/D"
2014,7825,11/02/2014,"Martes",0,17:30:00,"Autopista Provincial Brigadier E.López","21.0",1,"Automóvil"," ",3,3,0,0,0,0,0,,"Autopista","Brigadier E.López","OLIVEROS","Iriondo","Hormigón","Natural","X","Fuera","S/D","S/D","S/D","S/D","S/D","S/D","Atardecer","S/D","S/D","S/D","Vuelco,Despiste","S/D","S/D","S/D","S/D"
2014,7827,21/02/2014,"Viernes",0,16:00:00,"Autopista Provincial Brigadier E.López","152.0",1,"Automóvil"," ",1,1,0,0,0,0,0,,"Autopista","Brigadier E.López","SANTO TOMÉ","La Capital","Hormigón","S/D","I","Fuera","S/D","S/D","S/D","S/D","S/D","S/D","Diurna","S/D","S/D","S/D","Despiste","S/D","S/D","S/D","S/D"
2014,7829,23/02/2014,"Domingo",0,12:00:00,"Autopista Provincial Brigadier E.López","27.0",1,"Automóvil"," ",1,1,0,0,0,0,0,,"Autopista","Brigadier E.López","TIMBÚES","San Lorenzo","Hormigón","S/D","XVII","Dentro","S/D","S/D","S/D","S/D","S/D","S/D","Diurna","S/D","S/D","S/D","Vuelco","S/D","S/D","S/D","S/D"
2014,7830,23/02/2014,"Domingo",0,07:30:00,"Ruta Nacional 8","0.0",3,"Ambulancia,Automóvil,Automóvil","Guillermo Brown ",3,2,0,0,0,0,1,,"Ruta",8,"VENADO TUERTO","General López","S/D","S/D","VIII","S/D","S/D","S/D","S/D","S/D","S/D","S/D","Diurna","S/D","Múltiple","S/D","Colisión","S/D","S/D","S/D","S/D"
2014,7831,26/02/2014,"Miercoles",0,09:50:00,"Autopista Provincial Brigadier E.López","4.0",1,"Otros"," ",2,2,0,0,0,0,0,,"Autopista","Brigadier E.López","GRANADERO BAIGORRIA","Rosario","Hormigón","S/D","II","S/D","S/D","S/D","S/D","S/D","S/D","S/D","Diurna","S/D","S/D","S/D","S/D","S/D","S/D","S/D","S/D"
2014,7833,20/09/2014,"Sabado",0,05:00:00,"Ruta Nacional A007","1.0",2,"Moto/Ciclomotor,Automóvil","Av Leandro Alem Y Belgrano",3,1,1,0,0,1,0,"-31.646638888889,-60.701833333333","Ruta","A007","SANTA FE","La Capital","Hormigón","No existe","I","Dentro","Urbana","Semáforo","Funciona","Intersección","Bueno","Buena","Nocturna,Con luz artificial","Buen Tiempo","Lateral","S/D","Colisión","Ninguna","Horizontal,Vertical","Barrera de hormigón","Sin restricción"
2014,7834,16/08/2014,"Sabado",0,21:15:00,,"0.0",2,"Vehículo Oficial,Automóvil","Centenario Y 12 de septiembre",4,3,0,0,1,0,0,,"Calle",,"SANTO TOMÉ","La Capital","S/D","S/D","I","S/D","Urbana","S/D","S/D","Intersección","S/D","S/D","Nocturna","S/D","S/D","S/D","Colisión","S/D","S/D","S/D","S/D"
2014,7835,17/08/2014,"Domingo",0,07:00:00,"Ruta Nacional 11","817.0",5,"Moto/Ciclomotor,Bicicleta,Camión,Transporte de Pasajeros Larga Distancia (> 8 asientos),Moto/Ciclomotor"," ",6,2,0,0,2,2,0,"-28.917523180587,-59.557267902444","Ruta",11,"GUADALUPE NORTE","General Obligado","Asfalto","Natural","IX","S/D","S/D","S/D","No existe","Recta","S/D","Reducida","Amanecer","Niebla","S/D","S/D","Atropello","S/D","S/D","Línea divisoria pintada","S/D"
2014,7836,02/08/2014,"Sabado",0,05:45:00,"Ruta Nacional 11","848.0",2,"Automóvil,Bicicleta"," ",2,0,0,0,1,1,0,"-28.667959921411,-59.427641993661","Ruta",11,"ARROYO CEIBAL","General Obligado","Asfalto","S/D","IX","S/D","S/D","S/D","S/D","S/D","S/D","S/D","Nocturna","S/D","S/D","S/D","Atropello","S/D","S/D","S/D","S/D"
2014,7837,20/08/2014,"Miercoles",0,16:40:00,,"0.0",2,"Moto/Ciclomotor,Automóvil","Mariano Moreno Y Lopez",3,1,1,0,1,0,0,,"Calle",,"VENADO TUERTO","General López","S/D","S/D","VIII","Dentro","Urbana","S/D","S/D","Intersección","S/D","S/D","Diurna","S/D","S/D","S/D","Colisión","S/D","S/D","S/D","S/D"
2014,7838,02/08/2014,"Sabado",0,12:05:00,,"0.0",1,"Automóvil","Peru 742",1,0,0,0,0,0,1,,"Calle",,"ROSARIO","Rosario","S/D","S/D","II","Dentro","Urbana","S/D","S/D","Recta","S/D","S/D","Diurna","S/D","Contra objeto fijo","S/D","Colisión","S/D","S/D","S/D","S/D"
2014,7839,03/08/2014,"Domingo",0,00:10:00,"Ruta Nacional 11","454.2",2,"Automóvil,Moto/Ciclomotor"," ",2,0,0,0,1,1,0,"-31.716344, -60.807910","Ruta",11,"SANTA FE","La Capital","Asfalto","Natural","I","Dentro","Urbana","Marca Vial","No existe","Recta","Bueno","Buena","Nocturna,Con luz artificial","S/D","S/D","S/D","Colisión","S/D","Horizontal,Vertical","Línea divisoria pintada,S/D","S/D"
2014,7840,02/08/2014,"Sabado",0,04:10:00,,"0.0",2,"Automóvil,Moto/Ciclomotor","Avda Santa Fe Y Carlos Casado",4,0,1,0,0,0,3,,"Avenida",,"FIRMAT","General López","S/D","S/D","VIII","Dentro","Urbana","S/D","S/D","Intersección","S/D","S/D","Nocturna","S/D","S/D","S/D","Colisión","S/D","S/D","S/D","S/D"
2014,7841,03/08/2014,"Domingo",0,17:30:00,"Ruta Nacional 8","0.0",2,"Automóvil,Moto/Ciclomotor"," ",2,1,0,0,1,0,0,,"Ruta",8,"SANTA ISABEL","General López","Asfalto","S/D","VIII","S/D","S/D","S/D","S/D","Cruce","S/D","S/D","Diurna","S/D","S/D","S/D","Colisión","S/D","S/D","S/D","S/D"