"anio_acci","nro_acci","fecha","desc_dia","fecha_aprox","hora_aprox","desc_ruta","km","cant_participantes","desc_participante","calle_avenida_km","total","heridos_leves","heridos_graves","heridos_gravisimos","ilesos","fallecidos","sin_datos","posicion_XY","desc_tipo_via","desc_ruta_ori","desc_loc","desc_dpto","desc_tipo_calzada","desc_tipo_banquina","desc_unidad_regional","desc_lugar_calzada","desc_zona","desc_prioridad","desc_estado_semaforo","desc_lugar_via","desc_estado_via","desc_estado_visibilidad","desc_luminosidad","desc_estado_clima","desc_tipo_colision","desc_tipo_atropello","desc_tipo_hecho","desc_pres_calzada","desc_senializacion","desc_separacion_via","desc_restriccion"
2014,7842,21/08/2014,"Jueves",0,23:55:00,,"0.0",1,"Vehículo Oficial","Av. Circunvalacion Y Pje. Estudiante Aguilar",1,0,1,0,0,0,0,,"Avenida",,"ROSARIO","Rosario","Asfalto","Pavimento","II","Fuera","Urbana","S/D","No existe","Recta","S/D","S/D","Nocturna","S/D","Contra objeto fijo","S/D","Colisión","Otro","S/D","Guardarrail","S/D"
2014,7843,03/08/2014,"Domingo",0,19:00:00,"Autopista Nacional Rosario -Cordoba","297.0",2,"Automóvil,Peatón"," ",2,0,0,0,1,1,0,"-32.948959691324,-60.72161371812","Autopista","Rosario -Cordoba","ROSARIO","Rosario","Asfalto","S/D","II","S/D","S/D","S/D","S/D","Recta","S/D","S/D","Atardecer","S/D","S/D","S/D","Atropello","S/D","S/D","S/D","S/D"
2014,7844,03/08/2014,"Domingo",0,19:00:00,"Autopista Nacional Rosario -Cordoba","297.0",1,"Automóvil"," ",1,1,0,0,0,0,0,,"Autopista","Rosario -Cordoba","ROSARIO","Rosario","Asfalto","S/D","II","S/D","S/D","S/D","S/D","Recta","S/D","S/D","Atardecer","S/D","S/D","S/D","Despiste","S/D","S/D","S/D","Accidente Previo"
2014,7846,07/02/2014,"Viernes",0,,"Ruta Nacional A012","0.0",3,"Automóvil,Pickup/Utilitario,Camión"," ",3,0,0,0,0,0,3,,"Ruta","A012","PIÑERO","Rosario","S/D","S/D","II","S/D","S/D","S/D","S/D","S/D","S/D","S/D","S/D","S/D","De alcance,Múltiple","S/D","Colisión","S/D","S/D","S/D","S/D"
2014,7847,08/02/2014,"Sabado",0,12:40:00,"Ruta Nacional 168","480.0",1,"Automóvil"," ",1,1,0,0,0,0,0,,"Ruta",168,"LA GUARDIA","La Capital","Hormigón","S/D","I","S/D","S/D","S/D","S/D","S/D","S/D","S/D","Atardecer","S/D","Contra objeto fijo","S/D","Colisión","S/D","S/D","Guardarrail","S/D"
2014,7848,08/02/2014,"Sabado",0,21:45:00,"Ruta Nacional 11","452.0",2,"Pickup/Utilitario,Pickup/Utilitario","B Azopardo ",7,6,0,0,1,0,0,,"Ruta",11,"SAUCE VIEJO","La Capital","Hormigón","Natural","I","Dentro","S/D","S/D","S/D","S/D","S/D","S/D","Nocturna","S/D","S/D","S/D","Colisión","S/D","S/D","S/D","S/D"
2014,7849,09/02/2014,"Domingo",0,19:20:00,"Autopista Provincial Brigadier E.López","155.0",1,"Automóvil"," ",1,1,0,0,0,0,0,,"Autopista","Brigadier E.López","SANTA FE","La Capital","Hormigón","Natural","I","Dentro","S/D","S/D","S/D","S/D","S/D","S/D","Atardecer","S/D","S/D","S/D","Vuelco","S/D","S/D","S/D","S/D"
2014,7850,04/08/2014,"Lunes",0,20:30:00,"Ruta Provincial 14","0.0",1,"Pickup/Utilitario"," ",1,0,0,0,0,1,0,"-34.362704801565,-62.11486246794","Ruta",14,"DIEGO DE ALVEAR","General López","Asfalto","S/D","VIII","S/D","S/D","S/D","S/D","S/D","S/D","S/D","Nocturna","S/D","S/D","S/D","Vuelco","S/D","S/D","S/D","S/D"
2014,7851,22/08/2014,"Viernes",0,16:00:00,,"0.0",2,"Peatón,Moto/Ciclomotor","Bv. 27 De Febrero Y Av. Pte.Peron",2,1,0,0,1,0,0,,"Avenida",,"ROSARIO","Rosario","Asfalto","S/D","II","Dentro","Urbana","S/D","S/D","S/D","S/D","S/D","Diurna","S/D","S/D","S/D","Atropello","S/D","S/D","S/D","S/D"
2014,7852,22/08/2014,"Viernes",0,19:45:00,,"0.0",2,"Moto/Ciclomotor,Peatón","Independencia Y Sgto Cabral",2,1,0,0,1,0,0,,"Calle",,"ARROYO SECO","Rosario","S/D","S/D","II","Dentro","Urbana","S/D","S/D","Intersección","S/D","S/D","Diurna","S/D","S/D","S/D","Atropello","S/D","S/D","S/D","S/D"
2014,7853,23/08/2014,"Sabado",0,09:10:00,,"0.0",2,"Peatón,Tren","Urquiza Y Ferrocarril Mitre",2,0,0,0,1,1,0,"-32.932861111111,-60.693055555556","Calle",,"ROSARIO","Rosario","S/D","S/D","II","S/D","Urbana","S/D","S/D","S/D","S/D","S/D","Diurna","S/D","S/D","S/D","Atropello","S/D","S/D","S/D","S/D"
2014,7854,06/08/2014,"Miercoles",0,13:30:00,,"0.0",2,"Automóvil,Moto/Ciclomotor","Mariano Moreno Y Aguero",3,1,1,0,1,0,0,,"Calle",,"VENADO TUERTO","General López","S/D","S/D","VIII","S/D","Urbana","S/D","S/D","Intersección","S/D","S/D","Diurna","S/D","S/D","S/D","Colisión","S/D","S/D","S/D","S/D"
2014,7856,23/08/2014,"Sabado",0,13:30:00,,"0.0",2,"Moto/Ciclomotor,Automóvil","Mariano Moreno Y Maipu",2,1,0,0,1,0,0,,"Calle",,"VENADO TUERTO","General López","S/D","S/D","VIII","S/D","Urbana","S/D","S/D","Intersección","S/D","S/D","Diurna","S/D","S/D","S/D","Colisión","S/D","S/D","S/D","S/D"
2014,7857,23/08/2014,"Sabado",0,21:00:00,"Ruta Provincial 31","0.0",2,"Moto/Ciclomotor,Camión"," ",2,0,1,0,1,0,0,,"Ruta",31,"AVELLANEDA","General Obligado","Asfalto","S/D","IX","S/D","S/D","S/D","S/D","Recta","S/D","S/D","Nocturna","S/D","S/D","S/D","Colisión","S/D","S/D","S/D","S/D"
2014,7858,09/08/2014,"Sabado",0,05:40:00,,"0.0",2,"Vehículo Oficial,Pickup/Utilitario","G.Carrasco Y Martinez Estrada",3,2,0,0,1,0,0,,"Calle",,"ROSARIO","Rosario","S/D","S/D","II","S/D","Urbana","S/D","S/D","Intersección","S/D","S/D","Nocturna","S/D","S/D","S/D","Colisión","S/D","S/D","S/D","S/D"
2014,7860,24/08/2014,"Domingo",0,00:20:00,,"0.0",2,"Peatón,Pickup/Utilitario","Leandro Alem Y 20 de junio",2,0,1,0,1,0,0,,"Calle",,"PEREZ","Rosario","S/D","No existe","II","Dentro","Urbana","S/D","S/D","S/D","S/D","S/D","Nocturna","S/D","S/D","S/D","Atropello","S/D","S/D","S/D","S/D"
2014,7862,11/08/2014,"Lunes",0,14:00:00,,"0.0",4,"Peatón,Peatón,Peatón,Moto/Ciclomotor","colectora puente Rosario Victoria ",4,1,1,0,2,0,0,,"Calle",,"ROSARIO","Rosario","S/D","S/D","II","S/D","Urbana","S/D","S/D","S/D","S/D","S/D","Diurna","S/D","S/D","S/D","Atropello","S/D","S/D","S/D","S/D"
2014,7863,28/08/2014,"Jueves",0,01:40:00,,"0.0",2,"Moto/Ciclomotor,Taxi/Remis","Ayacucho Y Centenario",2,1,0,0,1,0,0,,"Calle",,"ROSARIO","Rosario","Asfalto","No existe","II","Dentro","Urbana","S/D","S/D","Intersección","S/D","S/D","Nocturna","S/D","S/D","S/D","Colisión","S/D","S/D","S/D","S/D"
2014,7864,30/08/2014,"Sabado",0,06:15:00,"Ruta Secundaria 41-s","0.0",1,"Moto/Ciclomotor"," ",2,0,1,0,0,0,1,,"Ruta","41-s","BARRANCAS","San Jerónimo","Asfalto","S/D","XV","Dentro","S/D","S/D","S/D","Recta","S/D","S/D","Amanecer","S/D","S/D","S/D","Caída ocupante","S/D","S/D","S/D","S/D"
2014,7865,14/10/2014,"Martes",0,20:00:00,"Autopista Provincial Brigadier E.López","43.0",2,"Camión,Pickup/Utilitario"," ",4,0,0,0,2,2,0,"-32.530947, -60.886954","Autopista","Brigadier E.López","OLIVEROS","Iriondo","Asfalto","Pavimento","X","Dentro","Rural","Ninguna","No existe","Recta","Bueno","Buena","Nocturna","Buen Tiempo","De alcance","S/D","Colisión","S/D","S/D","Vegetación","Sin restricción"
2014,7866,31/08/2014,"Domingo",0,14:50:00,,"0.0",1,"Moto/Ciclomotor","Bv C Pellegrini Y Fco Angeloni",3,0,1,0,1,1,0,"-30.794444444444,-60.589222222222","Avenida",,"SAN JUSTO","San Justo","S/D","S/D","XVI","Dentro","Urbana","S/D","S/D","Intersección","S/D","S/D","Diurna","S/D","S/D","S/D","Colisión","S/D","S/D","S/D","S/D"
2014,7867,14/08/2014,"Jueves",0,14:10:00,"Ruta Nacional 11","342.0",1,"Automóvil","Ruta Nac 11 342.",3,2,0,0,0,1,0,"-32.644569391482,-60.810183577839","Ruta",11,"TIMBÚES","San Lorenzo","Asfalto","S/D","XVII","S/D","Rural","S/D","S/D","S/D","S/D","S/D","Diurna","S/D","S/D","S/D","Vuelco","S/D","S/D","S/D","S/D"
2014,7868,05/10/2014,"Domingo",0,17:30:00,"Ruta Secundaria 253-s","0.0",2,"Moto/Ciclomotor,Otros"," ",2,0,0,0,1,1,0,"-31.092127, -60.092779","Ruta","253-s","HELVECIA","Garay","Tierra","Natural","VII","Dentro","Urbana","S/D","No existe","Recta","S/D","Buena","Diurna","Buen Tiempo","Atropello animal","S/D","Colisión","S/D","S/D","Ninguna","Sin restricción"
2014,7869,28/10/2014,"Martes",0,14:45:00,"Ruta Provincial 91","0.0",2,"Camión,Pickup/Utilitario"," ",3,2,0,0,1,0,0,,"Ruta",91,"POZO BORRADO","9 de Julio","Tierra","No existe","XII","Dentro","Rural","Ninguna","No existe","Intersección","Bueno","Reducida polvo","Diurna","Viento Fuerte","De alcance","S/D","Colisión","Ninguna","Faltante","Ninguna","Sin restricción"
2014,7870,14/08/2014,"Jueves",0,19:10:00,,"0.0",2,"Moto/Ciclomotor,Automóvil","Lisandro de la Torre Y Dean Funes",2,1,1,0,0,0,0,,"Calle",,"VENADO TUERTO","General López","S/D","S/D","VIII","S/D","Urbana","S/D","S/D","Intersección","S/D","S/D","Atardecer","S/D","S/D","S/D","Colisión","S/D","S/D","S/D","S/D"
2014,7871,13/07/2014,"Domingo",0,21:15:00,"Ruta Nacional 8","376.0",2,"Automóvil,Camión"," ",3,2,1,0,0,0,0,,"Ruta",8,"VENADO TUERTO","General López","Asfalto","S/D","VIII","S/D","S/D","S/D","S/D","S/D","S/D","S/D","S/D","S/D","S/D","S/D","Colisión","S/D","S/D","S/D","S/D"
2014,7872,15/08/2014,"Viernes",0,22:00:00,,"0.0",2,"Moto/Ciclomotor,Moto/Ciclomotor","Calle 25 Y Calle 6",2,2,0,0,0,0,0,,"Calle",,"LAS TOSCAS","General Obligado","S/D","S/D","IX","S/D","Urbana","S/D","S/D","Intersección","S/D","S/D","Nocturna","S/D","S/D","S/D","Colisión","S/D","S/D","S/D","S/D"
2014,7873,09/10/2014,"Jueves",0,,"Ruta Provincial 1","150.0",2,"Bicicleta,Camión"," ",2,0,0,0,1,1,0,"-30.552821, -59.930874","Ruta",1,"SAN JAVIER","San Javier","Asfalto","Natural","VII","Dentro","Rural","S/D","No existe","Recta","Bueno","Reducida","Nocturna","Viento Fuerte","S/D","S/D","Atropello","S/D","Horizontal,Vertical","Línea divisoria pintada","Sin restricción"
2014,7874,16/08/2014,"Sabado",0,06:30:00,"Autopista Provincial Brigadier E.López","132.0",1,"Camión"," ",3,1,2,0,0,0,0,,"Autopista","Brigadier E.López","SANTA FE","La Capital","Asfalto","S/D","I","S/D","S/D","S/D","S/D","S/D","S/D","S/D","Amanecer","S/D","S/D","S/D","Vuelco","S/D","S/D","S/D","S/D"
2014,7875,16/08/2014,"Sabado",0,08:50:00,"Autopista Provincial Brigadier E.López","131.0",2,"Camión,Camión"," ",2,0,1,0,1,0,0,,"Autopista","Brigadier E.López","SANTA FE","La Capital","Asfalto","S/D","I","S/D","S/D","S/D","S/D","S/D","S/D","S/D","Diurna","S/D","S/D","S/D","Colisión","S/D","S/D","S/D","S/D"
2014,7876,13/10/2014,"Lunes",0,05:30:00,"Ruta Nacional 11","368.0",3,"Moto/Ciclomotor,Automóvil,Moto/Ciclomotor"," ",4,0,2,0,1,1,0,"-32.437401, -60.899812","Ruta",11,"MACIEL","San Jerónimo","Asfalto","Natural","XV","Dentro","Rural","Ninguna","No existe","Recta","Bueno","Reducida","Nocturna","Buen Tiempo","Múltiple","S/D","Colisión","S/D","Horizontal,Vertical","Línea divisoria pintada","Sin restricción"
2014,7877,16/10/2014,"Jueves",0,01:00:00,,"0.0",2,"Bicicleta,Vehículo Oficial","Boulevard Cristobal Colon Y España",4,0,1,0,2,1,0,"-33.055015, -61.160694","Avenida",,"CASILDA","Caseros","Hormigón","No existe","IV","Dentro","Urbana","S/D","No existe","Intersección","Bueno","Buena","Nocturna,Con luz artificial","Buen Tiempo","S/D","S/D","Atropello","S/D","Horizontal","Línea divisoria pintada","Sin restricción"
2014,7878,16/10/2014,"Jueves",0,18:10:00,,"0.0",2,"Moto/Ciclomotor,Camión","Calle 20 Y Calle 21",3,0,1,0,1,1,0,"-29.116628, -59.666103","Calle",,"AVELLANEDA","General Obligado","Hormigón","No existe","IX","Dentro","Urbana","S/D","No existe","Intersección","Bueno","Buena","Diurna","Buen Tiempo","S/D","S/D","Colisión","S/D","S/D","Ninguna","Sin restricción"
2014,7879,19/09/2014,"Viernes",0,20:00:00,,"0.0",2,"Moto/Ciclomotor,Automóvil","Salta Y Santiago de Chile",2,1,0,0,1,0,0,,"Calle",,"SANTA FE","La Capital","S/D","S/D","I","Dentro","Urbana","S/D","S/D","Intersección","S/D","S/D","Nocturna","S/D","S/D","S/D","Colisión","S/D","S/D","S/D","S/D"
2014,7880,03/09/2014,"Miercoles",0,11:20:00,,"0.0",2,"Peatón,Pickup/Utilitario","Candioti Y Balcarce",2,1,0,0,1,0,0,"-31.638194444444,-60.69575","Calle",,"SANTA FE","La Capital","Asfalto","No existe","I","Dentro","Urbana","S/D","S/D","Intersección","Bueno","S/D","Diurna","S/D","S/D","S/D","Atropello","S/D","S/D","S/D","S/D"
2014,7881,19/09/2014,"Viernes",0,,,"0.0",2,"Otros,Otros","Av Freyre Y Salta",3,2,0,0,1,0,0,,"Avenida",,"SANTA FE","La Capital","Asfalto","S/D","I","S/D","Urbana","S/D","S/D","Intersección","S/D","S/D","S/D","S/D","S/D","S/D","Colisión","S/D","S/D","S/D","S/D"
2014,7882,11/10/2014,"Sabado",0,,"Ruta Provincial 1","289.0",2,"Moto/Ciclomotor,Pickup/Utilitario"," ",3,0,0,0,2,1,0,"-29.3618473,-59.7313616","Ruta",1,"LOS LAURELES","General Obligado","Asfalto","Natural","IX","Dentro","Urbana","S/D","No existe","Recta","Bueno","S/D","S/D","Buen Tiempo","S/D","S/D","Colisión","S/D","Horizontal,Vertical","Línea divisoria pintada","Sin restricción"
2014,7883,07/11/2014,"Viernes",0,23:10:00,,"0.0",2,"Moto/Ciclomotor,Moto/Ciclomotor","Calle 12 Y Calle 27",2,1,0,0,0,1,0,"-28.350029, -59.257597","Calle",,"LAS TOSCAS","General Obligado","Asfalto","No existe","IX","Dentro","Urbana","S/D","No existe","Intersección","Bueno","Reducida","Nocturna,Con luz artificial","Buen Tiempo","Frontal","S/D","Colisión","S/D","S/D","Ninguna","Sin restricción"
2014,7884,08/11/2014,"Sabado",0,17:30:00,"Ruta Secundaria 40-s","88.0",2,"Bicicleta,Automóvil"," ",2,0,0,0,1,1,0,"-32.172979, -61.863713","Ruta","40-s","PIAMONTE","San Martín","Asfalto","Natural","XVIII","Dentro","Rural","Ninguna","No existe","Recta","Bueno","Buena","Diurna","Buen Tiempo","S/D","S/D","Atropello","S/D","Horizontal,Vertical","Línea divisoria pintada","Sin restricción"
2014,7885,10/11/2014,"Lunes",0,13:55:00,,"0.0",2,"Moto/Ciclomotor,Transporte de Pasajeros Urbano (> 8 asientos)","Calle 20 Y Calle 5",8,1,0,0,6,1,0,"-29.114820, -59.653188","Calle",,"AVELLANEDA","General Obligado","Hormigón","No existe","IX","Dentro","Urbana","Ninguna","No existe","Intersección","Bueno","Buena","Diurna","Buen Tiempo","Lateral","S/D","Colisión","S/D","Faltante","Ninguna","Sin restricción"
2014,7886,04/09/2014,"Jueves",0,13:50:00,,"0.0",2,"Moto/Ciclomotor,Automóvil","Bv Galvez Y Mitre",2,1,0,0,1,0,0,,"Avenida",,"SANTA FE","La Capital","Asfalto","No existe","I","Dentro","Urbana","S/D","Funciona","Intersección","Bueno","S/D","Diurna","S/D","Lateral","S/D","Colisión","S/D","S/D","S/D","S/D"
2014,7887,19/09/2014,"Viernes",0,,,"0.0",2,"Moto/Ciclomotor,Automóvil","Av Freyre Y Salta",3,2,0,0,1,0,0,,"Avenida",,"SANTA FE","La Capital","Asfalto","S/D","I","S/D","Urbana","S/D","S/D","Intersección","S/D","S/D","S/D","S/D","S/D","S/D","Colisión","S/D","S/D","S/D","S/D"
2014,7888,03/09/2014,"Miercoles",0,19:00:00,,"0.0",2,"Bicicleta,Moto/Ciclomotor","Bv Galvez Y Belgrano",2,2,0,0,0,0,0,"-31.636666666667,-60.698694444444","Avenida",,"SANTA FE","La Capital","Asfalto","No existe","I","Dentro","Urbana","S/D","Funciona","Intersección","Bueno","S/D","Atardecer","S/D","S/D","S/D","Atropello","S/D","S/D","S/D","S/D"
2014,7889,18/09/2014,"Jueves",0,07:45:00,,"0.0",2,"Moto/Ciclomotor,Automóvil","Av Freyre Y Salta",2,1,0,0,1,0,0,,"Avenida",,"SANTA FE","La Capital","Asfalto","S/D","I","S/D","Urbana","S/D","S/D","Intersección","S/D","S/D","Atardecer","S/D","S/D","S/D","Colisión","S/D","S/D","S/D","S/D"
2014,7890,17/09/2014,"Miercoles",0,18:10:00,,"0.0",2,"Automóvil,Moto/Ciclomotor","Roque Saenz Peña Y Primera Junta",3,2,0,0,1,0,0,,"Calle",,"SANTA FE","La Capital","S/D","S/D","I","S/D","Urbana","S/D","S/D","Intersección","S/D","S/D","Diurna","S/D","S/D","S/D","Colisión","S/D","S/D","S/D","S/D"
2014,7891,03/09/2014,"Miercoles",0,13:50:00,,"0.0",2,"Moto/Ciclomotor,Automóvil"," ",2,1,0,0,1,0,0,,"Avenida",,"SANTA FE","La Capital","Asfalto","No existe","I","Dentro","Urbana","S/D","Funciona","Intersección","Bueno","S/D","Diurna","S/D","Lateral","S/D","Colisión","S/D","S/D","S/D","S/D"
2014,7892,16/04/2014,"Miercoles",0,22:10:00,,"0.0",2,"Automóvil,Automóvil","Av Pte Peron Y Santiago del Estero",3,1,0,0,2,0,0,,"Avenida",,"SANTA FE","La Capital","Asfalto","S/D","I","S/D","Urbana","S/D","S/D","Intersección","S/D","S/D","Nocturna","S/D","S/D","S/D","Colisión","S/D","S/D","S/D","S/D"
2014,7893,16/09/2014,"Martes",0,08:10:00,,"0.0",2,"Moto/Ciclomotor,Automóvil","Mariano Comas Y Av Lopez y Planes",2,1,0,0,1,0,0,,"Avenida",,"SANTA FE","La Capital","Asfalto","S/D","I","S/D","Urbana","S/D","S/D","Intersección","S/D","S/D","Diurna","S/D","S/D","S/D","Colisión","S/D","S/D","S/D","S/D"
2014,7894,16/09/2014,"Martes",0,12:00:00,,"0.0",2,"Automóvil,Automóvil","Av Freyre Y Bv Pellegrini",2,1,0,0,1,0,0,,"Avenida",,"SANTA FE","La Capital","Asfalto","S/D","I","S/D","Urbana","S/D","S/D","Intersección","S/D","S/D","Diurna","S/D","S/D","S/D","Colisión","S/D","S/D","S/D","S/D"
2014,7895,15/09/2014,"Lunes",0,18:00:00,,"0.0",2,"Moto/Ciclomotor,Automóvil","San Lorenzo Y Santiago del Estero",3,2,0,0,1,0,0,,"Calle",,"SANTA FE","La Capital","S/D","S/D","I","S/D","Urbana","S/D","S/D","Intersección","S/D","S/D","Diurna","S/D","S/D","S/D","Colisión","S/D","S/D","S/D","S/D"
2014,7896,15/09/2014,"Lunes",0,16:00:00,,"0.0",2,"Moto/Ciclomotor,Automóvil","Av Freyre Y Suipacha",3,2,0,0,1,0,0,,"Avenida",,"SANTA FE","La Capital","Asfalto","S/D","I","S/D","Urbana","S/D","S/D","Intersección","S/D","S/D","Diurna","S/D","S/D","S/D","Colisión","S/D","S/D","S/D","S/D"
2014,7897,15/09/2014,"Lunes",0,15:00:00,,"0.0",2,"Moto/Ciclomotor,Automóvil","Av Freyre Y Hipolito Yrigoyen",3,2,0,0,1,0,0,,"Avenida",,"SANTA FE","La Capital","Asfalto","S/D","I","S/D","Urbana","S/D","S/D","Intersección","S/D","S/D","Diurna","S/D","S/D","S/D","Colisión","S/D","S/D","S/D","S/D"
2014,7898,15/09/2014,"Lunes",0,09:30:00,,"0.0",2,"Automóvil,Pickup/Utilitario","Zavalia Y Santiago del Estero",3,2,0,0,1,0,0,,"Calle",,"SANTA FE","La Capital","S/D","S/D","I","S/D","Urbana","S/D","S/D","Intersección","S/D","S/D","Diurna","S/D","S/D","S/D","Colisión","S/D","S/D","S/D","S/D"
2014,7900,28/09/2014,"Domingo",0,08:00:00,,"0.0",1,"Automóvil","Av Lopez y Planes 3500",3,3,0,0,0,0,0,,"Avenida",,"SANTA FE","La Capital","Asfalto","S/D","I","S/D","Urbana","S/D","S/D","Recta","S/D","S/D","Diurna","S/D","Contra objeto fijo","S/D","Colisión","S/D","S/D","S/D","S/D"
2014,7901,25/09/2014,"Jueves",0,16:45:00,,"0.0",2,"Moto/Ciclomotor,Automóvil","Av Freyre Y Santiago del Estero",2,1,0,0,1,0,0,,"Avenida",,"SANTA FE","La Capital","Asfalto","S/D","I","S/D","Urbana","S/D","S/D","Intersección","S/D","S/D","Diurna","S/D","S/D","S/D","Colisión","S/D","S/D","S/D","S/D"
2014,7902,12/09/2014,"Viernes",0,12:30:00,,"0.0",2,"Pickup/Utilitario,Moto/Ciclomotor","Guemes Y Lavalle",3,2,0,0,1,0,0,,"Calle",,"SANTA FE","La Capital","Hormigón","No existe","I","Dentro","Urbana","S/D","S/D","S/D","Deteriorada","S/D","Diurna","S/D","Lateral","S/D","Colisión","S/D","S/D","S/D","S/D"
2014,7903,25/09/2014,"Jueves",0,18:00:00,,"0.0",2,"Automóvil,Peatón","Av Freyre Y Tucuman",2,1,0,0,1,0,0,"-31.644,-60.718166666667","Avenida",,"SANTA FE","La Capital","Asfalto","S/D","I","S/D","Urbana","S/D","S/D","Intersección","S/D","S/D","Diurna","S/D","S/D","S/D","Atropello","S/D","S/D","S/D","S/D"
2014,7904,10/09/2014,"Miercoles",0,22:30:00,,"0.0",2,"Vehículo Oficial,Moto/Ciclomotor","Bv Galvez Y Avellaneda",3,1,0,0,2,0,0,,"Avenida",,"SANTA FE","La Capital","Hormigón","No existe","I","Dentro","Urbana","S/D","Funciona","Intersección","Deteriorada","S/D","Nocturna","S/D","Lateral","S/D","Colisión","S/D","S/D","S/D","S/D"
2014,7908,09/09/2014,"Martes",0,17:25:00,,"0.0",2,"Moto/Ciclomotor,Automóvil","Necochea Y Castellanos",2,1,0,0,1,0,0,,"Calle",,"SANTA FE","La Capital","Asfalto","No existe","I","Dentro","Urbana","S/D","No existe","Intersección","Deteriorada","S/D","Diurna","S/D","Lateral","S/D","Colisión","S/D","S/D","S/D","S/D"
2014,7909,18/10/2014,"Sabado",0,10:10:00,,"0.0",2,"Moto/Ciclomotor,Pickup/Utilitario","San Martin 1900",3,1,0,0,2,0,0,,"Avenida",,"ROMANG","San Javier","Asfalto","Pavimento","XIV","Dentro","Urbana","Ninguna","No existe","Recta","Bueno","S/D","Diurna","Buen Tiempo","Lateral","S/D","Colisión","S/D","S/D","Ninguna","Sin restricción"
2014,7910,02/09/2014,"Martes",0,08:30:00,,"0.0",2,"Moto/Ciclomotor,Automóvil","Lisandro de la Torre Y Av Freyre",2,0,0,0,0,0,2,,"Avenida",,"SANTA FE","La Capital","S/D","S/D","I","S/D","Urbana","S/D","S/D","Intersección","S/D","S/D","Nocturna","S/D","S/D","S/D","Colisión","S/D","S/D","S/D","S/D"
2014,7911,21/10/2014,"Martes",0,20:50:00,,"0.0",2,"Automóvil,Moto/Ciclomotor","calle SPENTEN  Y N&#186;35",2,1,0,0,1,0,0,,"Calle",,"ROMANG","San Javier","Tierra","No existe","XIV","Dentro","Urbana","Ninguna","No existe","Curva","Resbaladiza","Reducida polvo","Diurna","Buen Tiempo","Otro","S/D","Caída ocupante,Colisión","Otro","Faltante","Ninguna","Sin restricción"
2014,7912,01/09/2014,"Lunes",0,23:00:00,,"0.0",2,"Moto/Ciclomotor,Automóvil","Dr Zavalla Y Amenabar",2,1,0,0,1,0,0,,"Calle",,"SANTA FE","La Capital","Asfalto","S/D","I","S/D","Urbana","S/D","S/D","Intersección","S/D","S/D","Nocturna","S/D","S/D","S/D","Colisión","S/D","S/D","S/D","S/D"
2014,7913,19/10/2014,"Domingo",0,19:40:00,,"0.0",1,"Moto/Ciclomotor","Av San Martin 1400",1,1,0,0,0,0,0,,"Avenida",,"ALEJANDRA","San Javier","Tierra","S/D","XIV","Dentro","Urbana","Ninguna","No existe","Intersección","Bueno","Buena","Atardecer","Buen Tiempo","Otro","S/D","Caída ocupante","S/D","Faltante","Cordón divisorio","Sin restricción"
2014,7914,01/09/2014,"Lunes",0,12:00:00,,"0.0",2,"Bicicleta,Automóvil","Av Lopez y Planes Y Candido Pujato",2,1,0,0,1,0,0,"-31.631527777778,-60.713805555556","Avenida",,"SANTA FE","La Capital","S/D","S/D","I","S/D","Urbana","S/D","S/D","S/D","S/D","S/D","Diurna","S/D","S/D","S/D","Atropello","S/D","S/D","S/D","S/D"
2014,7915,20/09/2014,"Sabado",0,21:00:00,,"0.0",2,"Moto/Ciclomotor,Automóvil","Av Facundo Zuviria Y Risso",2,1,0,0,1,0,0,,"Avenida",,"SANTA FE","La Capital","Hormigón","No existe","I","Dentro","Urbana","Ninguna","No existe","Intersección","Bueno","Buena","Nocturna,Con luz artificial","Buen Tiempo","Lateral","S/D","Caída ocupante,Colisión","Otro","Faltante","Ninguna","Sin restricción"
2014,7916,01/09/2014,"Lunes",0,,,"0.0",2,"Peatón,Automóvil"," ",2,1,0,0,1,0,0,"-31.644,-60.718166666667","S/D",,"SANTA FE","La Capital","S/D","S/D","I","S/D","S/D","S/D","S/D","S/D","S/D","S/D","S/D","S/D","S/D","S/D","Atropello","S/D","S/D","S/D","S/D"
2014,7917,01/09/2014,"Lunes",0,10:00:00,,"0.0",2,"Moto/Ciclomotor,Automóvil","La Rioja Y Santiago de Chile",2,1,0,0,1,0,0,,"Calle",,"SANTA FE","La Capital","S/D","S/D","I","S/D","Urbana","S/D","S/D","S/D","S/D","S/D","Diurna","S/D","S/D","S/D","Colisión","S/D","S/D","S/D","S/D"
2014,7918,04/09/2014,"Jueves",0,19:45:00,,"0.0",2,"Automóvil,Automóvil","Mendoza Y Francia",2,1,0,0,1,0,0,,"Calle",,"SANTA FE","La Capital","S/D","S/D","I","S/D","Urbana","S/D","S/D","S/D","S/D","S/D","S/D","S/D","S/D","S/D","S/D","S/D","S/D","S/D","S/D"
2014,7919,04/09/2014,"Jueves",0,06:30:00,,"0.0",2,"Moto/Ciclomotor,Pickup/Utilitario","Av Pte Peron Y Candido Pujato",2,1,0,0,1,0,0,,"Avenida",,"SANTA FE","La Capital","S/D","S/D","I","S/D","Urbana","S/D","S/D","S/D","S/D","S/D","S/D","S/D","S/D","S/D","S/D","S/D","S/D","S/D","S/D"
2014,7920,19/09/2014,"Viernes",0,21:00:00,,"0.0",2,"Moto/Ciclomotor,Automóvil","Av Facundo Zuviria Y Luciano Torrent",3,2,0,0,1,0,0,,"Avenida",,"SANTA FE","La Capital","Hormigón","No existe","I","Dentro","Urbana","Semáforo","Funciona","Intersección","Bueno","Buena","Nocturna,Con luz artificial","Buen Tiempo","Lateral","S/D","Caída ocupante,Colisión","Otro","Vertical","Ninguna","Sin restricción"
2014,7921,03/09/2014,"Miercoles",0,11:30:00,,"0.0",2,"Moto/Ciclomotor,Automóvil","Saavedra 3000",3,1,0,0,2,0,0,,"Calle",,"SANTA FE","La Capital","S/D","S/D","I","S/D","Urbana","S/D","S/D","S/D","S/D","S/D","S/D","S/D","S/D","S/D","S/D","S/D","S/D","S/D","S/D"