"anio_acci","nro_acci","fecha","desc_dia","fecha_aprox","hora_aprox","desc_ruta","km","cant_participantes","desc_participante","calle_avenida_km","total","heridos_leves","heridos_graves","heridos_gravisimos","ilesos","fallecidos","sin_datos","posicion_XY","desc_tipo_via","desc_ruta_ori","desc_loc","desc_dpto","desc_tipo_calzada","desc_tipo_banquina","desc_unidad_regional","desc_lugar_calzada","desc_zona","desc_prioridad","desc_estado_semaforo","desc_lugar_via","desc_estado_via","desc_estado_visibilidad","desc_luminosidad","desc_estado_clima","desc_tipo_colision","desc_tipo_atropello","desc_tipo_hecho","desc_pres_calzada","desc_senializacion","desc_separacion_via","desc_restriccion"
2014,7922,11/09/2014,"Jueves",0,11:45:00,,"0.0",2,"Automóvil,Transporte de Pasajeros Urbano (> 8 asientos)","Av Freyre Y Santiago del Estero",3,1,0,0,2,0,0,,"Avenida",,"SANTA FE","La Capital","S/D","S/D","I","S/D","Urbana","S/D","S/D","S/D","S/D","S/D","Diurna","S/D","S/D","S/D","Colisión","S/D","S/D","S/D","S/D"
2014,7923,08/09/2014,"Lunes",0,10:30:00,,"0.0",3,"Pickup/Utilitario,Pickup/Utilitario,Pickup/Utilitario","Gdor Freyre Y Corrientes",3,0,0,0,0,0,3,,"Calle",,"SANTA FE","La Capital","Asfalto","S/D","I","Dentro","Urbana","S/D","S/D","Intersección","S/D","S/D","Diurna","S/D","Múltiple","S/D","Colisión","S/D","S/D","S/D","S/D"
2014,7924,11/09/2014,"Jueves",0,11:00:00,,"0.0",2,"Moto/Ciclomotor,Pickup/Utilitario","Av Freyre Y Santiago del Estero",2,1,0,0,1,0,0,,"Avenida",,"SANTA FE","La Capital","S/D","S/D","I","S/D","Urbana","S/D","S/D","S/D","S/D","S/D","Diurna","S/D","S/D","S/D","Colisión","S/D","S/D","S/D","S/D"
2014,7925,10/09/2014,"Miercoles",0,18:40:00,,"0.0",1,"Moto/Ciclomotor","J J Paso Y Dr Zavalla",2,1,0,0,1,0,0,,"Calle",,"SANTA FE","La Capital","Asfalto","S/D","I","S/D","Urbana","S/D","S/D","Intersección","S/D","S/D","S/D","S/D","S/D","S/D","Caída ocupante","S/D","S/D","S/D","S/D"
2014,7926,01/09/2014,"Lunes",0,19:30:00,,"0.0",1,"Automóvil","Vera Mujica Y Bolivar",2,1,0,0,1,0,0,,"Calle",,"SANTA FE","La Capital","Asfalto","No existe","I","S/D","Urbana","Ninguna","No existe","Intersección","Bueno","Reducida","Nocturna","Buen Tiempo","Lateral","S/D","Colisión","Ninguna","Faltante","Ninguna","Sin restricción"
2014,7927,03/09/2014,"Miercoles",0,09:40:00,,"0.0",2,"Bicicleta,Moto/Ciclomotor","Av Freyre Y Santiago del Estero",2,1,0,0,1,0,0,"-31.63525,-60.715666666667","Avenida",,"SANTA FE","La Capital","S/D","S/D","I","S/D","Urbana","S/D","S/D","S/D","S/D","S/D","S/D","S/D","S/D","S/D","Atropello","S/D","S/D","S/D","S/D"
2014,7928,23/09/2014,"Martes",0,15:30:00,,"0.0",2,"Moto/Ciclomotor,Automóvil","Francia Y Lisandro de la Torre",2,1,0,0,0,0,1,,"Calle",,"SANTA FE","La Capital","Asfalto","S/D","I","S/D","Urbana","S/D","S/D","Intersección","S/D","S/D","S/D","S/D","S/D","S/D","Colisión","S/D","S/D","S/D","S/D"
2014,7929,10/09/2014,"Miercoles",0,21:30:00,,"0.0",2,"Automóvil,Moto/Ciclomotor","Av Freyre Y Primera Junta",2,1,0,0,1,0,0,,"Avenida",,"SANTA FE","La Capital","S/D","S/D","I","S/D","Urbana","S/D","S/D","S/D","S/D","S/D","Nocturna","S/D","S/D","S/D","Colisión","S/D","S/D","S/D","S/D"
2014,7930,03/09/2014,"Miercoles",0,15:00:00,,"0.0",2,"Moto/Ciclomotor,Automóvil","Av Freyre Y Salta",2,1,0,0,1,0,0,,"Avenida",,"SANTA FE","La Capital","S/D","S/D","I","S/D","Urbana","S/D","S/D","S/D","S/D","S/D","S/D","S/D","S/D","S/D","S/D","S/D","S/D","S/D","S/D"
2014,7931,09/09/2014,"Martes",0,07:50:00,,"0.0",2,"Automóvil,Moto/Ciclomotor","Obispo Gelabert 3646",2,1,0,0,1,0,0,,"Calle",,"SANTA FE","La Capital","Asfalto","Pavimento","I","Dentro","Urbana","Paso Peatonal","No existe","Recta","Bueno","Buena","Diurna","Buen Tiempo","Otro","S/D","Colisión","S/D","Faltante","Cordón divisorio","Sin restricción"
2014,7932,02/09/2014,"Martes",0,23:00:00,,"0.0",2,"Moto/Ciclomotor,Automóvil","Lamadrid Y Primera Junta",2,1,0,0,1,0,0,,"Calle",,"SANTA FE","La Capital","S/D","S/D","I","S/D","Urbana","S/D","S/D","S/D","S/D","S/D","S/D","S/D","S/D","S/D","S/D","S/D","S/D","S/D","S/D"
2014,7933,23/09/2014,"Martes",0,,,"0.0",2,"Moto/Ciclomotor,Automóvil","Hipolito Yrigoyen Y 4 de Enero",2,1,0,0,0,0,1,,"Calle",,"SANTA FE","La Capital","Asfalto","S/D","I","S/D","Urbana","S/D","S/D","Intersección","S/D","S/D","S/D","S/D","S/D","S/D","Colisión","S/D","S/D","S/D","S/D"
2014,7934,09/09/2014,"Martes",0,19:55:00,,"0.0",2,"Moto/Ciclomotor,Automóvil","Av Freyre Y Salta",2,1,0,0,1,0,0,,"Avenida",,"SANTA FE","La Capital","S/D","S/D","I","S/D","Urbana","S/D","S/D","S/D","S/D","S/D","Atardecer","S/D","S/D","S/D","Colisión","S/D","S/D","S/D","S/D"
2014,7935,02/09/2014,"Martes",0,15:45:00,"Ruta Provincial 1","5.0",2,"Automóvil,Peatón"," ",2,1,0,0,1,0,0,,"Ruta",1,"RINCÓN POTRERO","La Capital","Asfalto","Natural","I","Dentro","Urbana","Ninguna","No existe","Recta","Bueno","Buena","Diurna","Buen Tiempo","S/D","S/D","Atropello","Material Suelto","Faltante","Línea divisoria pintada","Sin restricción"
2014,7936,14/09/2014,"Domingo",0,17:30:00,,"0.0",2,"Bicicleta,Automóvil","Av Mosconi 2100",2,1,0,0,1,0,0,"-31.647194444444,-60.729722222222","Avenida",,"SANTA FE","La Capital","S/D","S/D","I","S/D","Urbana","S/D","S/D","S/D","S/D","S/D","S/D","S/D","S/D","S/D","Atropello","S/D","S/D","S/D","S/D"
2014,7937,09/09/2014,"Martes",0,21:50:00,,"0.0",2,"Moto/Ciclomotor,Peatón","Lamadrid Y Suipacha",2,1,0,0,1,0,0,"-31.635805555556,-60.7255","Calle",,"SANTA FE","La Capital","Asfalto","Pavimento","I","Dentro","Urbana","Ninguna","No existe","Intersección","Bueno","Reducida","Nocturna","Buen Tiempo","S/D","S/D","Atropello","S/D","Faltante","Cordón divisorio","Sin restricción"
2014,7938,11/09/2014,"Jueves",0,17:45:00,,"0.0",2,"Moto/Ciclomotor,Automóvil","Av Blas Parera Y Pje Alfredo Roca",2,1,0,0,1,0,0,,"Avenida",,"SANTA FE","La Capital","Asfalto","Pavimento","I","Dentro","Urbana","Ninguna","No existe","Intersección","Bueno","Buena","Diurna","Buen Tiempo","Lateral","S/D","Colisión","S/D","Vertical","Cordón divisorio","Sin restricción"
2014,7939,09/09/2014,"Martes",0,08:10:00,,"0.0",2,"Vehículo Oficial,Pickup/Utilitario","Santiago de Chile Y Salta",4,1,0,0,3,0,0,,"Calle",,"SANTA FE","La Capital","S/D","S/D","I","S/D","Urbana","S/D","S/D","Intersección","S/D","S/D","Diurna","S/D","S/D","S/D","Colisión","S/D","S/D","S/D","S/D"
2014,7940,25/09/2014,"Jueves",0,15:40:00,"Ruta Provincial 1","4.0",2,"Transporte de Pasajeros Urbano (> 8 asientos),Moto/Ciclomotor"," ",3,2,0,0,1,0,0,,"Ruta",1,"RINCÓN POTRERO","La Capital","Asfalto","Natural","I","Dentro","Urbana","Ninguna","No existe","Recta","Bueno","Buena","Diurna","Buen Tiempo","Lateral","S/D","Colisión","Material Suelto","Horizontal","Línea divisoria pintada","Sin restricción"
2014,7941,15/09/2014,"Lunes",0,23:00:00,,"0.0",2,"Automóvil,Peatón","Gorostiaga Y Roque Saenz Peña",2,1,0,0,1,0,0,"-31.607861111111,-60.714416666667","Calle",,"SANTA FE","La Capital","Asfalto,Tierra","Natural","I","Dentro","Urbana","Ninguna","S/D","Intersección","Deteriorada,Ahuellamiento","Reducida","Con luz artificial","Buen Tiempo","S/D","S/D","Atropello","S/D","Faltante","Ninguna","Sin restricción"
2014,7942,18/09/2014,"Jueves",0,20:00:00,,"0.0",2,"Moto/Ciclomotor,Moto/Ciclomotor","Sebastian Gaboto Y Alberti",2,1,0,0,1,0,0,,"Calle",,"SANTA FE","La Capital","Asfalto","Natural","I","Dentro","Urbana","Ninguna","No existe","Intersección","Deteriorada","Reducida","Nocturna,Con luz artificial","Buen Tiempo","Lateral","S/D","Colisión","S/D","Faltante","Ninguna","Sin restricción"
2014,7943,12/09/2014,"Viernes",0,18:10:00,,"0.0",2,"Moto/Ciclomotor,Automóvil","Av Freyre Y Tucuman",3,1,0,0,2,0,0,,"Avenida",,"SANTA FE","La Capital","S/D","S/D","I","S/D","Urbana","S/D","S/D","S/D","S/D","S/D","S/D","S/D","S/D","S/D","S/D","S/D","S/D","S/D","S/D"
2014,7944,12/09/2014,"Viernes",0,10:00:00,,"0.0",2,"Moto/Ciclomotor,Automóvil","Beruti Y Javier de la Rosa",2,1,0,0,1,0,0,,"Calle",,"SANTA FE","La Capital","Asfalto,Tierra","Natural","I","Dentro","Urbana","Ninguna","No existe","Intersección","Bueno,Ahuellamiento","Buena","Diurna","Buen Tiempo","Lateral","S/D","Colisión","S/D","Faltante","Ninguna","Sin restricción"
2014,7945,22/09/2014,"Lunes",0,,,"0.0",2,"Moto/Ciclomotor,Automóvil","J J Paso Y Dr Zavalla",2,0,0,0,0,0,2,,"Calle",,"SANTA FE","La Capital","Asfalto","S/D","I","S/D","Urbana","S/D","S/D","Intersección","S/D","S/D","S/D","S/D","S/D","S/D","Colisión","S/D","S/D","S/D","S/D"
2014,7946,24/09/2014,"Miercoles",0,09:40:00,,"0.0",2,"Moto/Ciclomotor,Automóvil","Roque Saenz Peña Y Juan Diaz de Solis",2,1,0,0,1,0,0,,"Calle",,"SANTA FE","La Capital","S/D","S/D","I","S/D","Urbana","S/D","S/D","Intersección","S/D","S/D","Diurna","S/D","S/D","S/D","Colisión","S/D","S/D","S/D","S/D"
2014,7947,20/09/2014,"Sabado",0,11:05:00,,"0.0",2,"Pickup/Utilitario,Moto/Ciclomotor","Estrada Y J Castelli",2,1,0,0,1,0,0,,"Calle",,"SANTA FE","La Capital","Hormigón","Pavimento","I","Dentro","Urbana","S/D","No existe","Intersección","Bueno","Buena","Diurna","Buen Tiempo","Lateral","S/D","Colisión","Agua","Faltante","Ninguna","Sin restricción"
2014,7948,20/09/2014,"Sabado",0,13:00:00,,"0.0",2,"Moto/Ciclomotor,Automóvil","Aguado Y Espora",2,1,0,0,1,0,0,,"Calle",,"SANTA FE","La Capital","Asfalto","Natural","I","Dentro","Urbana","Ninguna","No existe","Intersección","Deteriorada","Buena","Diurna","Buen Tiempo","Lateral","S/D","Colisión","S/D","Faltante","Ninguna","Sin restricción"
2014,7949,16/09/2014,"Martes",0,05:00:00,,"0.0",2,"Moto/Ciclomotor,Moto/Ciclomotor","Av Blas Parera Y French",2,1,0,0,1,0,0,,"Avenida",,"SANTA FE","La Capital","Asfalto","Pavimento","I","Dentro","Urbana","Semáforo","Intermitente","Intersección","Bueno","Buena","Nocturna,Con luz artificial","Buen Tiempo","Lateral","S/D","Colisión","S/D","Horizontal,Vertical","Cordón divisorio","Sin restricción"
2014,7950,11/09/2014,"Jueves",0,20:00:00,,"0.0",2,"Automóvil,Moto/Ciclomotor","Av Freyre Y Salta",2,1,0,0,1,0,0,,"Avenida",,"SANTA FE","La Capital","S/D","S/D","I","S/D","Urbana","S/D","S/D","S/D","S/D","S/D","Nocturna","S/D","S/D","S/D","Colisión","S/D","S/D","S/D","S/D"
2014,7951,13/09/2014,"Sabado",0,17:55:00,,"0.0",2,"Automóvil,Moto/Ciclomotor","Lamadrid Y Gdor Crespo",2,1,0,0,1,0,0,,"Calle",,"SANTA FE","La Capital","Asfalto","Pavimento","I","Dentro","Urbana","Ninguna","No existe","Recta","Bueno","Buena","Diurna","Buen Tiempo","Lateral","S/D","Caída ocupante","S/D","Faltante","Cordón divisorio","Sin restricción"
2014,7952,20/09/2014,"Sabado",0,17:50:00,,"0.0",2,"Moto/Ciclomotor,Camión","Gorriti Y Intendente Manuel Irigoyen",3,2,0,0,1,0,0,,"Calle",,"SANTA FE","La Capital","Asfalto","Pavimento","I","Dentro","Urbana","Ninguna","No existe","Intersección","Bueno","Buena","Diurna","Buen Tiempo","Lateral","S/D","Colisión","S/D","Vertical","Cordón divisorio","Sin restricción"
2014,7953,20/09/2014,"Sabado",0,19:00:00,,"0.0",1,"Moto/Ciclomotor","Gorostiaga Y Pje Santa Fe",1,1,0,0,0,0,0,,"Calle",,"SANTA FE","La Capital","Asfalto","Pavimento","I","Dentro","Urbana","Ninguna","No existe","Intersección","Bueno","Buena","Nocturna,Con luz artificial","Buen Tiempo","S/D","S/D","Caída ocupante","S/D","Horizontal,Vertical","Cordón divisorio","Sin restricción"
2014,7954,21/09/2014,"Domingo",0,00:10:00,,"0.0",2,"Moto/Ciclomotor,Taxi/Remis","Av A del Valle Y Angel Cassanello",3,2,0,0,1,0,0,,"Avenida",,"SANTA FE","La Capital","S/D","No existe","I","Dentro","Urbana","Ninguna","Intermitente","Intersección","S/D","Buena","Nocturna,Con luz artificial","Buen Tiempo","Lateral","S/D","Colisión","S/D","Vertical","Ninguna","Sin restricción"
2014,7955,05/09/2014,"Viernes",0,09:00:00,,"0.0",1,"Moto/Ciclomotor","J J Paso 3358",1,1,0,0,0,0,0,,"Calle",,"SANTA FE","La Capital","Asfalto","S/D","I","Dentro","Urbana","S/D","S/D","Recta","S/D","S/D","S/D","S/D","Contra objeto fijo","S/D","Colisión","S/D","S/D","S/D","S/D"
2014,7956,08/09/2014,"Lunes",0,19:20:00,,"0.0",2,"Taxi/Remis,Pickup/Utilitario","Lamadrid Y Primera Junta",2,1,0,0,1,0,0,,"Calle",,"SANTA FE","La Capital","S/D","S/D","I","S/D","Urbana","S/D","S/D","S/D","S/D","S/D","Atardecer","S/D","S/D","S/D","Colisión","S/D","S/D","S/D","S/D"
2014,7957,20/09/2014,"Sabado",0,23:30:00,,"0.0",2,"Moto/Ciclomotor,Automóvil","3 de Febrero Y San Jose",2,2,0,0,0,0,0,,"Calle",,"SANTA FE","La Capital","Asfalto","S/D","I","Dentro","Urbana","S/D","S/D","Intersección","S/D","S/D","Nocturna","S/D","S/D","S/D","Colisión","S/D","S/D","S/D","S/D"
2014,7958,17/09/2014,"Miercoles",0,23:40:00,,"0.0",2,"Moto/Ciclomotor,Pickup/Utilitario","Av Urquiza Y Uruguay",2,0,0,0,0,0,2,,"Calle",,"SANTA FE","La Capital","Asfalto","S/D","I","Dentro","Urbana","S/D","S/D","Intersección","S/D","S/D","Diurna","S/D","S/D","S/D","Colisión","S/D","S/D","S/D","S/D"
2014,7959,08/09/2014,"Lunes",0,10:00:00,,"0.0",2,"Transporte de Pasajeros Urbano (> 8 asientos),Moto/Ciclomotor","San Jose Y Salta",2,1,0,0,1,0,0,,"Calle",,"SANTA FE","La Capital","S/D","S/D","I","S/D","Urbana","S/D","S/D","S/D","S/D","S/D","Diurna","S/D","S/D","S/D","Colisión","S/D","S/D","S/D","S/D"
2014,7961,24/09/2014,"Miercoles",0,11:30:00,,"0.0",2,"Moto/Ciclomotor,Taxi/Remis","Vieytes Y Pje Ingenieros",2,1,0,0,1,0,0,,"Calle",,"SANTA FE","La Capital","Asfalto","No existe","I","Dentro","Urbana","Ninguna","No existe","Intersección","Con baches","Buena","Diurna","Buen Tiempo","Lateral","S/D","Colisión","S/D","Faltante","Ninguna","Sin restricción"
2014,7962,03/10/2014,"Viernes",0,11:00:00,,"0.0",2,"Moto/Ciclomotor,Moto/Ciclomotor","25 de Mayo Y Doctor Farran",4,3,0,0,1,0,0,,"Calle",,"VILLA OCAMPO","General Obligado","Hormigón","Natural","IX","Fuera","Urbana","Ninguna","No existe","Intersección","Bueno","Buena","Diurna","Buen Tiempo","Lateral","S/D","Colisión","Otro","Faltante","Ninguna","Sin restricción"
2014,7963,26/09/2014,"Viernes",0,03:40:00,,"0.0",2,"Moto/Ciclomotor,Automóvil","San Martin 7200",3,2,0,0,1,0,0,,"Calle",,"SANTA FE","La Capital","Asfalto","No existe","I","Dentro","Urbana","Ninguna","No existe","Recta","Con baches","Reducida","Nocturna,Con luz artificial","Buen Tiempo","Contra objeto fijo","S/D","Colisión","S/D","Faltante","Ninguna","Sin restricción"
2014,7964,03/10/2014,"Viernes",0,19:45:00,,"0.0",2,"Bicicleta,Moto/Ciclomotor","Avenida San Martin Y Doctor Farran",2,1,0,0,1,0,0,,"Avenida",,"VILLA OCAMPO","General Obligado","Asfalto","Natural","IX","Fuera","Urbana","Ninguna","No existe","Recta","Bueno","Buena","Atardecer","Buen Tiempo","S/D","S/D","Atropello","S/D","Faltante","Vegetación","Accidente Previo"
2014,7965,17/09/2014,"Miercoles",0,13:00:00,,"0.0",2,"Moto/Ciclomotor,Automóvil","Av Facundo Zuviria Y Juan Del Campillo",2,1,0,0,1,0,0,,"Avenida",,"SANTA FE","La Capital","Hormigón","No existe","I","Dentro","Urbana","Semáforo","Funciona","Recta","Bueno","Buena","Diurna","Buen Tiempo","De alcance","S/D","Caída ocupante,Colisión","Agua","Vertical","Ninguna","Sin restricción"
2014,7966,04/10/2014,"Sabado",0,17:45:00,,"0.0",2,"Peatón,Moto/Ciclomotor","CORTADA BARRETO ",3,0,1,0,1,0,1,,"Calle",,"VILLA OCAMPO","General Obligado","Tierra","Natural","IX","Fuera","Urbana","Ninguna","No funciona","Recta","Bueno","Buena","Diurna","Buen Tiempo","S/D","S/D","Atropello","Otro","Faltante","Ninguna","Sin restricción"
2014,7967,19/09/2014,"Viernes",0,13:15:00,,"0.0",2,"Bicicleta,Automóvil","San Jeronimo Y Quintana",2,1,0,0,1,0,0,"-31.622472222222,-60.700916666667","Calle",,"SANTA FE","La Capital","Hormigón","No existe","I","Dentro","Urbana","Ninguna","No existe","Intersección","Bueno","Buena","Diurna","Buen Tiempo","S/D","S/D","Atropello","S/D","Faltante","Ninguna","Sin restricción"
2014,7968,08/09/2014,"Lunes",0,19:10:00,,"0.0",2,"Automóvil,Bicicleta","Calle 13-Iturraspe 660",2,1,0,0,1,0,0,,"Calle",,"RECONQUISTA","General Obligado","Asfalto","S/D","IX","S/D","Urbana","Ninguna","No existe","Recta","Bueno","Buena","Atardecer","Buen Tiempo","S/D","S/D","Atropello","Fluidos","S/D","S/D","Sin restricción"
2014,7969,15/09/2014,"Lunes",0,11:45:00,,"0.0",2,"Automóvil,Automóvil","Av A del Valle Y Agustin Delgado",2,1,0,0,1,0,0,,"Avenida",,"SANTA FE","La Capital","Hormigón","No existe","I","Dentro","Urbana","Ninguna","No existe","Otro","Bueno","Buena","Diurna","Buen Tiempo","De alcance","S/D","Colisión","Otro","Faltante","Ninguna","Sin restricción"
2014,7970,22/09/2014,"Lunes",0,08:35:00,,"0.0",2,"Automóvil,Moto/Ciclomotor","Salvador Caputo Y Lamadrid",2,1,0,0,1,0,0,,"Calle",,"SANTA FE","La Capital","Asfalto","Pavimento","I","Dentro","Urbana","Ninguna","No existe","Intersección","Bueno","Buena","Diurna","Buen Tiempo","Lateral","S/D","Colisión","S/D","Faltante","Cordón divisorio","Sin restricción"
2014,7971,19/09/2014,"Viernes",0,13:40:00,,"0.0",2,"Moto/Ciclomotor,Automóvil","Hernandarias Y San Jeronimo",2,1,0,0,1,0,0,,"Calle",,"SANTA FE","La Capital","Asfalto","No existe","I","Dentro","Urbana","Ninguna","No existe","Intersección","Con baches","Buena","Diurna","Buen Tiempo","Lateral","S/D","Colisión","S/D","Faltante","Ninguna","Sin restricción"
2014,7972,16/09/2014,"Martes",0,15:00:00,,"0.0",2,"Moto/Ciclomotor,Automóvil","Calle 23-Gral lopez Y Calle 28-San lorenzo",4,2,0,0,2,0,0,,"Calle",,"RECONQUISTA","General Obligado","Asfalto","Pavimento","IX","Dentro","Urbana","Ninguna","No existe","Intersección","Bueno","Buena","Diurna","Buen Tiempo","Lateral","S/D","Colisión","S/D","Vertical","Cordón divisorio","Sin restricción"
2014,7973,17/09/2014,"Miercoles",0,13:00:00,,"0.0",3,"Automóvil,Automóvil,Automóvil","Av Facundo Zuviria Y Juan Del Campillo",6,1,0,0,5,0,0,,"Avenida",,"SANTA FE","La Capital","Hormigón","No existe","I","S/D","Urbana","Semáforo","Funciona","Intersección","Otro","Buena","Diurna","Otro","Múltiple","S/D","Colisión","Otro","Vertical","Ninguna","Sin restricción"
2014,7974,17/09/2014,"Miercoles",0,08:20:00,,"0.0",2,"Bicicleta,Automóvil","Pedro Centeno Y 9 de Julio",2,1,0,0,1,0,0,"-31.62675,-60.703444444444","Calle",,"SANTA FE","La Capital","Hormigón","No existe","I","Dentro","Urbana","Ninguna","No existe","Intersección","Bueno","Buena","Diurna","Buen Tiempo","Lateral","S/D","Atropello","S/D","Faltante","Ninguna","Sin restricción"
2014,7975,24/09/2014,"Miercoles",0,16:50:00,,"0.0",2,"Automóvil,Automóvil","Luciano Torrent Y San Jeronimo",3,1,0,0,2,0,0,,"Calle",,"SANTA FE","La Capital","Hormigón","No existe","I","Dentro","Urbana","Ninguna","No existe","Intersección","Bueno","Buena","Diurna","Buen Tiempo","Lateral","S/D","Colisión","S/D","Faltante","Ninguna","Sin restricción"
2014,7976,22/09/2014,"Lunes",0,08:30:00,,"0.0",2,"Pickup/Utilitario,Bicicleta","Av 27 de Febrero Y Candido Pujato",2,1,0,0,1,0,0,"-31.631536314513,-60.713867642366","Avenida",,"SANTA FE","La Capital","Asfalto","Pavimento","I","Dentro","Urbana","Marca Vial","No existe","Intersección","Bueno","Buena","Diurna","Buen Tiempo","S/D","S/D","Atropello","S/D","Faltante","Cordón divisorio","Sin restricción"
2014,7977,23/09/2014,"Martes",0,22:10:00,,"0.0",2,"Bicicleta,Automóvil","Azopardo 8400",2,1,0,0,1,0,0,"-31.584444444444,-60.718694444444","S/D",,"SANTA FE","La Capital","Ripio","Natural","I","S/D","S/D","Ninguna","No existe","Recta","Ahuellamiento","Reducida","Nocturna,Con luz artificial","Buen Tiempo","S/D","S/D","Atropello","S/D","Faltante","Ninguna","Sin restricción"
2014,7978,27/09/2014,"Sabado",0,20:30:00,,"0.0",2,"Automóvil,Pickup/Utilitario","Av Mosconi Y Juan de Garay",2,0,0,0,0,0,2,,"Avenida",,"SANTA FE","La Capital","Asfalto","S/D","I","S/D","Urbana","S/D","S/D","Intersección","S/D","S/D","Nocturna","S/D","S/D","S/D","Colisión","S/D","S/D","S/D","S/D"
2014,7979,18/09/2014,"Jueves",0,11:15:00,,"0.0",2,"Pickup/Utilitario,Moto/Ciclomotor","Calle 10-Ludue±a Y Calle 29-Alte Brown",2,1,0,0,1,0,0,,"Calle",,"RECONQUISTA","General Obligado","Asfalto","S/D","IX","S/D","Urbana","Ninguna","No existe","Intersección","Bueno","Buena","Diurna","Buen Tiempo","Lateral","S/D","Colisión","S/D","Faltante","S/D","Sin restricción"
2014,7980,25/09/2014,"Jueves",0,10:00:00,,"0.0",2,"Moto/Ciclomotor,Automóvil","Av Blas Parera Y Estado de Israel",3,2,0,0,1,0,0,,"Avenida",,"SANTA FE","La Capital","Asfalto","Pavimento","I","Dentro","Urbana","Semáforo","Funciona","Intersección","Bueno","Buena","Diurna","Buen Tiempo","Lateral","S/D","Colisión","S/D","Horizontal","Cordón divisorio","Sin restricción"
2014,7981,26/09/2014,"Viernes",0,12:30:00,,"0.0",2,"Moto/Ciclomotor,Automóvil","Av Blas Parera Y Don Guanella",2,1,0,0,1,0,0,,"Avenida",,"SANTA FE","La Capital","Asfalto","Pavimento","I","Dentro","Urbana","Ninguna","No existe","Intersección","Bueno","Buena","Diurna","Buen Tiempo","Lateral","S/D","Colisión","Agua","Vertical","Cordón divisorio","Sin restricción"
2014,7982,01/09/2014,"Lunes",0,12:00:00,,"0.0",2,"Moto/Ciclomotor,Automóvil","Josefa Rodriguez F de Lopez 8100",2,1,0,0,1,0,0,,"Calle",,"SANTA FE","La Capital","Tierra","Natural","I","S/D","Urbana","S/D","No existe","Recta","Deteriorada","S/D","Diurna","Buen Tiempo","S/D","S/D","Colisión","S/D","Faltante","Ninguna","S/D"
2014,7983,05/09/2014,"Viernes",0,09:00:00,,"0.0",2,"Automóvil,Automóvil","Pje Dean Funes Y Pje Primero",2,1,0,0,1,0,0,,"Calle",,"SANTA FE","La Capital","Tierra","No existe","I","Dentro","Urbana","Ninguna","No existe","Intersección","Deteriorada","Buena","Diurna","Buen Tiempo","Lateral","S/D","Colisión","S/D","Faltante","Ninguna","Sin restricción"
2014,7984,05/09/2014,"Viernes",0,10:50:00,,"0.0",2,"Moto/Ciclomotor,Automóvil","Av Blas Parera Y Hernandarias",2,1,0,0,1,0,0,,"Avenida",,"SANTA FE","La Capital","Asfalto","Pavimento","I","Dentro","Urbana","Ninguna","No existe","Intersección","Bueno","Buena","Diurna","Buen Tiempo","Lateral","S/D","Colisión","S/D","Vertical","Cordón divisorio","Sin restricción"
2014,7985,09/03/2014,"Domingo",0,13:35:00,"Ruta Provincial 64","97.0",2,"Bicicleta,Otros","RP 64 3,5 KM AL OESTE DE LA CIUDAD ",2,0,0,0,0,1,1,"-31.760626, -61.868593","Ruta",64,"SASTRE","San Martín","Hormigón","Natural","XVIII","Dentro","Rural","S/D","No existe","S/D","Bueno","Buena","Diurna","Buen Tiempo","S/D","S/D","Atropello","Ninguna","Horizontal","Línea divisoria pintada","Sin restricción"
2014,7986,24/09/2014,"Miercoles",0,17:50:00,,"0.0",2,"Moto/Ciclomotor,Pickup/Utilitario","Av Freyre 3200",2,1,0,0,1,0,0,,"Avenida",,"SANTA FE","La Capital","S/D","S/D","I","S/D","Urbana","S/D","S/D","S/D","S/D","S/D","Diurna","S/D","S/D","S/D","Colisión","S/D","S/D","S/D","S/D"
2014,7987,21/09/2014,"Domingo",0,17:50:00,,"0.0",2,"Moto/Ciclomotor,Automóvil","Av Freyre Y Primera Junta",3,2,0,0,1,0,0,,"Avenida",,"SANTA FE","La Capital","S/D","S/D","I","S/D","Urbana","S/D","S/D","S/D","S/D","S/D","Diurna","S/D","S/D","S/D","Colisión","S/D","S/D","S/D","S/D"
2014,7988,26/09/2014,"Viernes",0,18:30:00,,"0.0",2,"Automóvil,Moto/Ciclomotor","Gdor Mariano Cabal Y Vera Mujica",2,1,0,0,1,0,0,,"Calle",,"SANTA FE","La Capital","Asfalto","S/D","I","S/D","Urbana","Ninguna","No funciona","Intersección","Bueno","Buena","Atardecer","Buen Tiempo","Lateral","S/D","Colisión","Ninguna","Faltante","Ninguna","Sin restricción"
2014,7989,05/09/2014,"Viernes",0,09:30:00,,"0.0",2,"Automóvil,Moto/Ciclomotor","Av Gral Lopez Y Saavedra",2,0,0,0,0,0,2,,"Avenida",,"SANTA FE","La Capital","Asfalto","S/D","I","S/D","Urbana","S/D","S/D","Intersección","S/D","S/D","Diurna","S/D","S/D","S/D","Colisión","S/D","S/D","S/D","S/D"