"anio_acci","nro_acci","fecha","desc_dia","fecha_aprox","hora_aprox","desc_ruta","km","cant_participantes","desc_participante","calle_avenida_km","total","heridos_leves","heridos_graves","heridos_gravisimos","ilesos","fallecidos","sin_datos","posicion_XY","desc_tipo_via","desc_ruta_ori","desc_loc","desc_dpto","desc_tipo_calzada","desc_tipo_banquina","desc_unidad_regional","desc_lugar_calzada","desc_zona","desc_prioridad","desc_estado_semaforo","desc_lugar_via","desc_estado_via","desc_estado_visibilidad","desc_luminosidad","desc_estado_clima","desc_tipo_colision","desc_tipo_atropello","desc_tipo_hecho","desc_pres_calzada","desc_senializacion","desc_separacion_via","desc_restriccion"
2014,7990,05/09/2014,"Viernes",0,16:50:00,,"0.0",2,"Moto/Ciclomotor,Automóvil","Dr Zavalla Y 3 de Febrero",3,0,0,0,0,0,3,,"Calle",,"SANTA FE","La Capital","Asfalto","S/D","I","S/D","Urbana","S/D","S/D","Intersección","S/D","S/D","Diurna","S/D","S/D","S/D","Colisión","S/D","S/D","S/D","S/D"
2014,7991,06/09/2014,"Sabado",0,,,"0.0",2,"Moto/Ciclomotor,Pickup/Utilitario","Av Peñaloza Y Estanislao Zeballos",2,1,0,0,1,0,0,,"Avenida",,"SANTA FE","La Capital","Asfalto","Pavimento","I","Dentro","Urbana","Semáforo","Funciona","Intersección","Bueno","Buena","Nocturna,Con luz artificial","Buen Tiempo","Lateral","S/D","Colisión","S/D","Horizontal,Vertical","Cordón divisorio","Sin restricción"
2014,7992,20/09/2014,"Sabado",0,23:15:00,,"0.0",2,"Automóvil,Moto/Ciclomotor","Vera Y Saavedra",3,2,0,0,1,0,0,,"Calle",,"SANTA FE","La Capital","S/D","S/D","I","S/D","Urbana","S/D","S/D","S/D","S/D","S/D","Nocturna","S/D","S/D","S/D","Colisión","S/D","S/D","S/D","S/D"
2014,7993,20/09/2014,"Sabado",0,15:00:00,,"0.0",2,"Automóvil,Moto/Ciclomotor","Av Freyre Y Hipolito Yrigoyen",2,1,0,0,1,0,0,,"Avenida",,"SANTA FE","La Capital","S/D","S/D","I","S/D","Urbana","S/D","S/D","S/D","S/D","S/D","Diurna","S/D","S/D","S/D","Colisión","S/D","S/D","S/D","S/D"
2014,7994,09/09/2014,"Martes",0,21:00:00,,"0.0",2,"Moto/Ciclomotor,Pickup/Utilitario","Vieytes Y Gdor Servando Bayo",2,1,0,0,1,0,0,,"Calle",,"SANTA FE","La Capital","Asfalto","Natural","I","Dentro","Urbana","Ninguna","No existe","Intersección","Deteriorada","Reducida","Nocturna","Buen Tiempo","Lateral","S/D","Colisión","S/D","Faltante","Ninguna","Sin restricción"
2014,7995,20/09/2014,"Sabado",0,11:30:00,,"0.0",2,"Peatón,Otros","Av Freyre 2900",2,1,0,0,1,0,0,"-31.640138888889,-60.71675","Avenida",,"SANTA FE","La Capital","S/D","S/D","I","S/D","Urbana","S/D","S/D","S/D","S/D","S/D","Diurna","S/D","S/D","S/D","Atropello","S/D","S/D","S/D","S/D"
2014,7996,03/09/2014,"Miercoles",0,23:30:00,,"0.0",3,"Automóvil,Pickup/Utilitario,Automóvil","PUENTE CARRETERO ",5,2,0,0,1,0,2,,"Calle",,"SANTA FE","La Capital","Asfalto","S/D","I","S/D","Urbana","S/D","S/D","Puente","S/D","S/D","Nocturna","S/D","Múltiple","S/D","Colisión","S/D","S/D","S/D","S/D"
2014,7997,20/09/2014,"Sabado",0,00:30:00,,"0.0",2,"Moto/Ciclomotor,Automóvil","Av Freyre Y Santiago del Estero",3,2,0,0,1,0,0,,"Avenida",,"SANTA FE","La Capital","S/D","S/D","I","S/D","Urbana","S/D","S/D","S/D","S/D","S/D","Nocturna","S/D","S/D","S/D","Colisión","S/D","S/D","S/D","S/D"
2014,7998,02/09/2014,"Martes",0,12:30:00,,"0.0",2,"Automóvil,Moto/Ciclomotor","Monseñor Zaspe Y Dr Zavalla",7,0,0,0,0,0,7,,"Calle",,"SANTA FE","La Capital","S/D","S/D","I","S/D","Urbana","S/D","S/D","Intersección","S/D","S/D","Diurna","S/D","S/D","S/D","Colisión","S/D","S/D","S/D","S/D"
2014,7999,22/09/2014,"Lunes",0,13:00:00,,"0.0",2,"Automóvil,Moto/Ciclomotor","Santiago de Chile Y Gdor Crespo",2,1,0,0,1,0,0,,"Calle",,"SANTA FE","La Capital","Asfalto","No existe","I","Dentro","Urbana","Ninguna","No existe","Intersección","Bueno","Buena","Diurna","Buen Tiempo","Lateral","S/D","Colisión","S/D","Faltante","Cordón divisorio","Sin restricción"
2014,8000,23/09/2014,"Martes",0,10:30:00,,"0.0",2,"Automóvil,Moto/Ciclomotor","Pje Paraguay Y Junin",2,1,0,0,1,0,0,,"Calle",,"SANTA FE","La Capital","Asfalto","Pavimento","I","S/D","Urbana","Marca Vial","No existe","Intersección","Bueno","Buena","Diurna","Buen Tiempo","Lateral","S/D","Colisión","S/D","Vertical","Cordón divisorio","Sin restricción"
2014,8001,29/09/2014,"Lunes",0,13:40:00,,"0.0",2,"Automóvil,Moto/Ciclomotor","Gdor Crespo Y Santiago de Chile",2,1,0,0,1,0,0,,"Calle",,"SANTA FE","La Capital","Asfalto","No existe","I","Dentro","Urbana","S/D","No existe","Intersección","Bueno","Buena","Diurna","Buen Tiempo","Lateral","S/D","Colisión","S/D","Faltante","Cordón divisorio","Sin restricción"
2014,8002,21/09/2014,"Domingo",0,06:05:00,,"0.0",1,"Automóvil","Bv Galvez ",1,1,0,0,0,0,0,,"Calle",,"SANTA FE","La Capital","Asfalto","S/D","I","Dentro","Urbana","S/D","Funciona","Recta","S/D","S/D","Amanecer","S/D","Contra objeto fijo","S/D","Colisión","S/D","S/D","S/D","S/D"
2014,8003,11/10/2014,"Sabado",0,21:50:00,,"0.0",2,"Automóvil,Moto/Ciclomotor","9 de Julio Y Rivadavia",4,2,0,0,2,0,0,,"Calle",,"SAN JAVIER","San Javier","Hormigón","No existe","XIV","Dentro","Urbana","Ninguna","No existe","Intersección","Bueno","Buena","Nocturna,Con luz artificial","Buen Tiempo","Lateral","S/D","Colisión","S/D","Vertical","Ninguna","Sin restricción"
2014,8004,27/09/2014,"Sabado",0,20:30:00,,"0.0",2,"Automóvil,Automóvil","Av Mosconi Y Juan de Garay",2,0,0,0,0,0,2,,"Avenida",,"SANTA FE","La Capital","Asfalto","S/D","I","S/D","Urbana","S/D","S/D","Intersección","S/D","S/D","Nocturna","S/D","S/D","S/D","Colisión","S/D","S/D","S/D","S/D"
2014,8005,02/03/2014,"Domingo",0,,"Ruta Provincial 15","0.0",1,"Otros"," ",1,0,0,0,0,1,0,"-33.429926, -62.076996","Ruta",15,"CAFFERATA","General López","S/D","Natural","VIII","S/D","S/D","S/D","No existe","S/D","S/D","S/D","S/D","S/D","S/D","S/D","S/D","S/D","S/D","S/D","S/D"
2014,8006,02/03/2014,"Domingo",0,,,"0.0",1,"Automóvil"," ",1,0,0,0,0,1,0,"-33.436909, -60.788603","S/D",,"SANTA TERESA","Constitución","S/D","S/D","VI","S/D","S/D","S/D","S/D","S/D","S/D","S/D","S/D","S/D","S/D","S/D","S/D","S/D","S/D","S/D","S/D"
2014,8007,09/03/2014,"Domingo",0,,"Ruta Nacional 8","351.0",1,"Automóvil"," ",2,0,0,0,0,1,1,"-33.821196, -61.834053","Ruta",8,"CHAPUY","General López","Asfalto","Natural","VIII","Dentro","Rural","S/D","No existe","Recta","Bueno","S/D","S/D","S/D","S/D","S/D","S/D","S/D","S/D","Línea divisoria pintada","S/D"
2014,8008,28/09/2014,"Domingo",0,21:30:00,,"0.0",2,"Automóvil,Moto/Ciclomotor","1ro de Mayo Y J Castelli",3,2,0,0,1,0,0,,"Calle",,"SANTA FE","La Capital","Asfalto","No existe","I","Dentro","Urbana","Ninguna","No existe","Intersección","Con baches","Buena","Nocturna,Con luz artificial","Buen Tiempo","S/D","S/D","Colisión","Otro","S/D","Ninguna","Sin restricción"
2014,8009,10/03/2014,"Lunes",0,,,"0.0",1,"Moto/Ciclomotor"," ",1,0,0,0,0,1,0,"-32.964645, -60.634075","S/D",,"ROSARIO","Rosario","S/D","S/D","II","S/D","Urbana","S/D","S/D","S/D","S/D","S/D","S/D","S/D","S/D","S/D","S/D","S/D","S/D","S/D","S/D"
2014,8010,11/10/2014,"Sabado",0,09:30:00,"Ruta Provincial 1","0.0",2,"Automóvil,Automóvil"," ",4,1,0,0,3,0,0,,"Ruta",1,"SAN JAVIER","San Javier","Asfalto","Natural","XIV","S/D","Urbana","Policía de tránsito","No existe","Recta","Bueno","Buena","Diurna","Buen Tiempo","Otro","S/D","Colisión","S/D","S/D","Ninguna","Sin restricción"
2014,8011,26/09/2014,"Viernes",0,20:30:00,,"0.0",3,"Automóvil,Automóvil,Taxi/Remis","Av A del Valle Y Domingo Silva",4,1,0,0,3,0,0,,"Avenida",,"SANTA FE","La Capital","Hormigón","No existe","I","Dentro","Urbana","Ninguna","No existe","Intersección","Bueno","Buena","Atardecer,Con luz artificial","Buen Tiempo","Múltiple","S/D","Colisión","Otro","Faltante","Ninguna","Sin restricción"
2014,8012,11/03/2014,"Martes",0,,,"0.0",1,"Otros","Balcarce Y España",1,0,0,0,0,1,0,"-33.241477, -61.360941","Calle",,"CHABAS","Caseros","Hormigón","No existe","IV","Dentro","Urbana","S/D","S/D","Intersección","Bueno","S/D","S/D","S/D","S/D","S/D","S/D","S/D","S/D","Ninguna","S/D"
2014,8013,13/10/2014,"Lunes",0,21:50:00,,"0.0",1,"Moto/Ciclomotor","Juan de Garay ",1,0,1,0,0,0,0,,"Calle",,"SAN JAVIER","San Javier","Ripio","S/D","XIV","S/D","Urbana","Ninguna","No existe","Recta","Bueno","Buena","Nocturna","Buen Tiempo","S/D","S/D","Caída ocupante","Material Suelto","Faltante","Ninguna","Sin restricción"
2014,8014,27/09/2014,"Sabado",0,09:45:00,"Ruta Provincial 1","144.8",2,"Moto/Ciclomotor,Moto/Ciclomotor"," ",2,2,0,0,0,0,0,,"Ruta",1,"SAN JAVIER","San Javier","Asfalto","Natural","XIV","S/D","Rural","Ninguna","No existe","Recta","Ahuellamiento","Buena","Diurna","Buen Tiempo","Otro","S/D","Colisión","S/D","Faltante","Línea divisoria pintada","Sin restricción"
2014,8015,12/03/2014,"Miercoles",0,,,"0.0",1,"Otros","Independencia  Y J.J.Paso",1,0,0,0,0,1,0,"-34.321188, -62.039455","Calle",,"SAN EDUARDO","General López","S/D","S/D","VIII","S/D","Urbana","S/D","S/D","Intersección","S/D","S/D","S/D","S/D","S/D","S/D","S/D","S/D","S/D","S/D","S/D"
2014,8016,27/09/2014,"Sabado",0,20:00:00,"Ruta Nacional 11","0.0",2,"Camión,Automóvil","PUENTE CARRETERO ",2,1,0,0,0,0,1,,"Ruta",11,"SANTA FE","La Capital","Asfalto","S/D","I","S/D","Urbana","S/D","S/D","Puente","S/D","S/D","Nocturna","S/D","S/D","S/D","Colisión","S/D","S/D","S/D","S/D"
2014,8017,14/09/2014,"Domingo",0,05:50:00,"Ruta Nacional 11","0.0",2,"Automóvil,Moto/Ciclomotor"," ",2,1,0,0,1,0,0,,"Ruta",11,"SANTA FE","La Capital","Asfalto","S/D","I","S/D","Urbana","S/D","S/D","Intersección","S/D","S/D","Nocturna","S/D","S/D","S/D","Colisión","S/D","S/D","S/D","S/D"
2014,8018,13/03/2014,"Jueves",0,,,"0.0",1,"Otros"," ",1,0,0,0,0,1,0,"-32.948801, -60.678020","S/D",,"ROSARIO","Rosario","S/D","S/D","II","S/D","Urbana","S/D","S/D","S/D","S/D","S/D","S/D","S/D","S/D","S/D","S/D","S/D","S/D","S/D","S/D"
2014,8019,26/09/2014,"Viernes",0,07:30:00,"Ruta Secundaria 87-s","10.0",1,"Automóvil"," ",1,1,0,0,0,0,0,,"Ruta","87-s","MARGARITA","Vera","Ripio","Natural","XIX","Fuera","Rural","Ninguna","No existe","Recta","Bueno","Buena","Diurna","Buen Tiempo","S/D","S/D","Despiste","S/D","Faltante","Ninguna","Sin restricción"
2014,8020,20/09/2014,"Sabado",0,01:30:00,,"0.0",2,"Automóvil,Automóvil"," ",2,0,0,0,0,0,2,,"Calle",,"SANTA FE","La Capital","Asfalto","S/D","I","S/D","Urbana","S/D","S/D","Curva","S/D","S/D","Nocturna","S/D","S/D","S/D","Colisión","S/D","S/D","S/D","S/D"
2014,8021,27/09/2014,"Sabado",0,16:00:00,"Ruta Secundaria 83-s","89.0",1,"Moto/Ciclomotor"," ",1,1,0,0,0,0,0,,"Ruta","83-s","FORTÍN OLMOS","Vera","Tierra","No existe","XIX","S/D","S/D","Ninguna","No existe","Recta","Ahuellamiento","Buena","Diurna","Buen Tiempo","Atropello animal","S/D","Colisión","Material Suelto","Faltante","Ninguna","Sin restricción"
2014,8022,22/09/2014,"Lunes",0,16:00:00,,"0.0",2,"Peatón,Moto/Ciclomotor"," ",2,1,0,0,1,0,0,"-31.639361111111,-60.690416666667","Avenida",,"SANTA FE","La Capital","Hormigón","No existe","I","Dentro","Urbana","S/D","No existe","Recta","Bueno","S/D","Diurna","S/D","S/D","S/D","Atropello","S/D","S/D","S/D","S/D"
2014,8023,24/09/2014,"Miercoles",0,10:00:00,,"0.0",2,"Moto/Ciclomotor,Automóvil","Guemes Y Gdor Candioti",2,1,0,0,1,0,0,,"Avenida",,"SANTA FE","La Capital","Hormigón","No existe","I","Dentro","Urbana","S/D","S/D","Intersección","Bueno","S/D","Diurna","S/D","Lateral","S/D","Colisión","S/D","S/D","S/D","S/D"
2014,8024,16/09/2014,"Martes",0,15:00:00,"Ruta Secundaria 3-s","0.0",1,"Automóvil"," ",1,1,0,0,0,0,0,,"Ruta","3-s","CAÑADA OMBÚ","Vera","Tierra,Ripio","Ripio","XIX","S/D","Rural","Ninguna","No existe","Curva","Resbaladiza","Buena,Reducida polvo","Atardecer","Buen Tiempo","S/D","S/D","Vuelco","S/D","Faltante","Ninguna","Sin restricción"
2014,8025,15/03/2014,"Sabado",0,02:00:00,"Autopista Provincial Brigadier E.López","135.0",1,"Automóvil","AP01 km 135 desc ",1,0,0,0,0,1,0,"-31.764940, -60.843267","Autopista","Brigadier E.López","SAUCE VIEJO","La Capital","Asfalto","Pavimento","I","Fuera","Rural","Ninguna","No existe","Recta","Bueno","Buena","Nocturna","Buen Tiempo","Contra objeto fijo","S/D","Colisión,Despiste","S/D","Horizontal,Vertical","Vegetación","Sin restricción"
2014,8026,07/09/2014,"Domingo",0,12:30:00,"Ruta Provincial 3","25.0",1,"Moto/Ciclomotor"," ",1,1,0,0,0,0,0,,"Ruta",3,"EL TOBA","Vera","Asfalto","Natural","XIX","Dentro","Rural","Ninguna","No existe","Recta","Bueno","Buena","Diurna","Buen Tiempo","Atropello animal","S/D","Colisión","S/D","Horizontal,Vertical","Línea divisoria pintada","Sin restricción"
2014,8027,09/09/2014,"Martes",0,16:30:00,,"0.0",1,"Automóvil","ZONA RURAL ",3,3,0,0,0,0,0,,"Calle",,"CALCHAQUÍ","Vera","Tierra","Natural","XIX","Fuera","Rural","Ninguna","No existe","Recta","Bueno","S/D","Diurna","Buen Tiempo","S/D","S/D","Vuelco","S/D","Faltante","Ninguna","Sin restricción"
2014,8028,30/09/2014,"Martes",0,10:45:00,,"0.0",2,"Automóvil,Moto/Ciclomotor","San Martin Y 25 de Mayo",2,1,0,0,1,0,0,,"Calle",,"CALCHAQUÍ","Vera","Asfalto","No existe","XIX","Dentro","Urbana","Ninguna","No existe","Intersección","Bueno","S/D","Diurna","Buen Tiempo","Frontal","S/D","Colisión","S/D","Faltante","Ninguna","Sin restricción"
2014,8030,31/03/2014,"Lunes",0,12:30:00,"Ruta Nacional 34","4.0",2,"Automóvil,Automóvil"," ",2,2,0,0,0,0,0,,"Ruta",34,"IBARLUCEA","Rosario","S/D","S/D","II","Dentro","Urbana","S/D","S/D","Recta","S/D","S/D","Diurna","S/D","S/D","S/D","Colisión","S/D","S/D","S/D","S/D"
2014,8033,11/09/2014,"Jueves",0,,,"0.0",2,"Automóvil,Moto/Ciclomotor","Espa±a Y Mitre B",3,2,0,0,1,0,0,,"Calle",,"VERA","Vera","S/D","S/D","XIX","Dentro","Urbana","S/D","S/D","Intersección","S/D","S/D","S/D","S/D","S/D","S/D","Colisión","S/D","S/D","S/D","S/D"
2014,8034,18/09/2014,"Jueves",0,20:10:00,,"0.0",2,"Automóvil,Moto/Ciclomotor","25 de Mayo Y Rivadavia",3,0,1,0,2,0,0,,"Calle",,"VERA","Vera","S/D","S/D","XIX","S/D","Urbana","S/D","S/D","Intersección","S/D","S/D","Nocturna","S/D","S/D","S/D","Colisión","S/D","S/D","S/D","S/D"
2014,8035,22/09/2014,"Lunes",0,20:20:00,,"0.0",2,"Automóvil,Moto/Ciclomotor","Belgrano Y Corrientes",2,1,0,0,1,0,0,,"Calle",,"VERA","Vera","Asfalto","S/D","XIX","S/D","Urbana","S/D","S/D","Intersección","Bueno","S/D","Nocturna","S/D","S/D","S/D","Colisión","S/D","Faltante","S/D","S/D"
2014,8036,15/03/2014,"Sabado",0,,,"0.0",1,"Automóvil","A Argentina Y Belgrano",1,0,0,0,0,1,0,"-31.119977, -60.887462","Calle",,"SANTO DOMINGO","Las Colonias","S/D","S/D","XI","S/D","Urbana","S/D","S/D","Intersección","S/D","S/D","S/D","S/D","S/D","S/D","S/D","S/D","S/D","S/D","S/D"
2014,8037,24/09/2014,"Miercoles",0,,,"0.0",2,"Moto/Ciclomotor,Automóvil","Urquiza Y 25 de Mayo",3,0,3,0,0,0,0,,"Calle",,"VERA","Vera","Ripio","Natural","XIX","S/D","Urbana","Ninguna","No existe","Intersección","Bueno","Buena","S/D","Buen Tiempo","S/D","S/D","Colisión","S/D","Faltante","Ninguna","Sin restricción"
2014,8038,24/09/2014,"Miercoles",0,11:30:00,,"0.0",2,"Moto/Ciclomotor,Automóvil","Sarmiento D Y Corrientes",2,1,0,0,1,0,0,,"Calle",,"VERA","Vera","Tierra","Natural","XIX","S/D","Urbana","Ninguna","No existe","Intersección","S/D","Buena","Diurna","Otro","S/D","S/D","Colisión","S/D","Faltante","Ninguna","Sin restricción"
2014,8039,15/03/2014,"Sabado",0,,,"0.0",1,"Otros","Camilo Aldao Y Gaboto",1,0,0,0,0,1,0,"-32.964666666667,-60.695055555556","Calle",,"ROSARIO","Rosario","Asfalto","No existe","II","S/D","Urbana","Ninguna","No existe","Intersección","S/D","S/D","S/D","S/D","S/D","S/D","S/D","S/D","S/D","Ninguna","S/D"
2014,8040,29/09/2014,"Lunes",0,23:00:00,"Ruta Provincial 3","9.0",1,"Moto/Ciclomotor"," ",3,2,0,0,1,0,0,,"Ruta",3,"VERA","Vera","Hormigón","Natural","XIX","S/D","S/D","Ninguna","No existe","Recta","S/D","Reducida","Nocturna","S/D","S/D","S/D","S/D","S/D","Faltante","Ninguna","Sin restricción"
2014,8041,04/09/2014,"Jueves",0,08:15:00,,"0.0",2,"Moto/Ciclomotor,Automóvil","Belgrano Y Buenos Aires",2,1,0,0,1,0,0,,"Calle",,"VERA","Vera","Asfalto","S/D","XIX","S/D","Urbana","Ninguna","No existe","Intersección","Bueno","Buena","Diurna","Buen Tiempo","S/D","S/D","Colisión","S/D","Faltante","Ninguna","Sin restricción"
2014,8042,03/09/2014,"Miercoles",0,14:15:00,"Ruta Secundaria 98-s","1.0",2,"Automóvil,Moto/Ciclomotor"," ",3,1,0,0,2,0,0,,"Ruta","98-s","VERA","Vera","Hormigón","Natural","XIX","S/D","S/D","Ninguna","No existe","Recta","Bueno","Buena","Diurna","Buen Tiempo","S/D","S/D","Colisión","S/D","Faltante","Ninguna","Sin restricción"
2014,8043,02/09/2014,"Martes",0,17:55:00,,"0.0",2,"Moto/Ciclomotor,Moto/Ciclomotor","25 de Mayo Y Urquiza",2,2,0,0,0,0,0,,"Calle",,"VERA","Vera","Ripio","S/D","XIX","S/D","Urbana","Ninguna","No existe","Intersección","Bueno","Buena","Diurna","Buen Tiempo","S/D","S/D","Colisión","S/D","Faltante","Ninguna","Sin restricción"
2014,8044,20/09/2014,"Sabado",0,18:30:00,"Ruta Provincial 92","0.0",1,"Automóvil"," ",1,1,0,0,0,0,0,,"Ruta",92,"ARTEAGA","Caseros","Tierra","No existe","IV","S/D","Rural","Ninguna","No existe","Recta","Bueno","Buena","Atardecer","Buen Tiempo","S/D","S/D","Vuelco","S/D","Faltante","Ninguna","Sin restricción"
2014,8045,02/09/2014,"Martes",0,20:30:00,"Ruta Nacional 178","0.0",1,"Automóvil"," ",2,2,0,0,0,0,0,,"Ruta",178,"BIGAND","Caseros","Asfalto","S/D","IV","S/D","Urbana","S/D","S/D","S/D","Bueno","Buena","Nocturna,Con luz artificial","Buen Tiempo","Contra objeto fijo","S/D","Colisión","S/D","S/D","S/D","S/D"
2014,8046,11/09/2014,"Jueves",0,15:00:00,,"0.0",2,"Automóvil,Moto/Ciclomotor","AVENIDA SAN MARTIN Y JD PERON",3,3,0,0,0,0,0,,"Calle",,"AREQUITO","Caseros","Asfalto","Pavimento","IV","Dentro","Urbana","Ninguna","No existe","Intersección","Bueno","Buena","Diurna","Buen Tiempo","Frontal","S/D","Colisión","S/D","Faltante","Cordón divisorio","Sin restricción"
2014,8047,05/09/2014,"Viernes",0,20:00:00,,"0.0",2,"Automóvil,Bicicleta","Destefanis Y Rivadavia",2,0,1,0,1,0,0,,"Calle",,"AREQUITO","Caseros","Asfalto","Pavimento","IV","Dentro","Urbana","Ninguna","No existe","Intersección","Bueno","Buena","Nocturna,Con luz artificial","Lluvia","S/D","S/D","Atropello","Agua","Faltante","Ninguna","Sin restricción"
2014,8050,05/04/2014,"Sabado",0,19:50:00,"Ruta Provincial 13","270.0",1,"Pickup/Utilitario","220 mts apro del acceso sur a la ciudad de San Cri ",1,0,0,0,0,0,1,,"Ruta",13,"SAN CRISTÓBAL","San Cristóbal","S/D","S/D","XIII","Dentro","Urbana","S/D","S/D","Recta","S/D","S/D","Atardecer","S/D","Atropello animal","S/D","Colisión","S/D","S/D","S/D","S/D"
2014,8051,17/03/2014,"Lunes",0,,"Ruta Provincial 4","86.0",1,"Automóvil"," ",1,0,0,0,0,1,0,"-30.723966, -61.036425","Ruta",4,"JACINTO L. ARÁUZ","Las Colonias","Asfalto","Natural","XI","S/D","Rural","S/D","No existe","Recta","Bueno","S/D","S/D","S/D","S/D","S/D","S/D","S/D","Horizontal,Vertical","Línea divisoria pintada","Sin restricción"
2014,8052,18/03/2014,"Martes",0,,,"0.0",1,"Otros"," ",1,0,0,0,0,1,0,"-32.953987, -60.674244","S/D",,"ROSARIO","Rosario","S/D","S/D","II","S/D","Urbana","S/D","S/D","S/D","S/D","S/D","S/D","S/D","S/D","S/D","S/D","S/D","S/D","S/D","S/D"
2014,8053,09/04/2014,"Miercoles",0,09:00:00,,"0.0",1,"Camión","AV. CIRCUNVALACION ALTURA MERCADO DE PRODUCTORES  ",2,1,0,0,1,0,0,,"Avenida",,"SANTA FE","La Capital","S/D","S/D","I","Dentro","Urbana","S/D","S/D","Recta","S/D","S/D","Diurna","S/D","S/D","S/D","Vuelco,Despiste","S/D","S/D","S/D","S/D"
2014,8054,20/03/2014,"Jueves",0,,,"0.0",2,"Peatón,Automóvil"," ",2,0,0,0,0,1,1,"-33.013833333333,-60.654666666667","S/D",,"ROSARIO","Rosario","S/D","S/D","II","S/D","Urbana","S/D","S/D","S/D","S/D","S/D","S/D","S/D","S/D","S/D","Atropello","S/D","S/D","S/D","S/D"
2014,8055,24/09/2014,"Miercoles",0,15:40:00,"Ruta Nacional 168","0.0",2,"Moto/Ciclomotor,Camión"," ",2,1,0,0,1,0,0,,"Ruta",168,"SANTA FE","La Capital","Hormigón","No existe","I","Dentro","Urbana","S/D","No existe","Recta","Deteriorada","S/D","Diurna","S/D","Lateral","S/D","Colisión","S/D","S/D","S/D","S/D"
2014,8056,27/09/2014,"Sabado",0,16:00:00,,"0.0",3,"Automóvil,Moto/Ciclomotor,Automóvil","Bv Galvez 1671",3,1,0,0,2,0,0,,"Avenida",,"SANTA FE","La Capital","Asfalto","No existe","I","Dentro","Urbana","S/D","Funciona","Recta","Deteriorada","S/D","Diurna","S/D","Múltiple","S/D","Colisión","S/D","S/D","S/D","S/D"
2014,8057,20/03/2014,"Jueves",0,,,"0.0",1,"Otros"," ",1,0,0,0,0,1,0,"-32.968102, -60.658107","S/D",,"ROSARIO","Rosario","S/D","S/D","II","S/D","Urbana","S/D","S/D","S/D","S/D","S/D","S/D","S/D","S/D","S/D","S/D","S/D","S/D","S/D","S/D"
2014,8058,22/03/2014,"Sabado",0,,"Ruta Nacional 33","698.0",1,"Otros"," ",1,0,0,0,0,1,0,"-33.349726, -61.445085","Ruta",33,"VILLADA","Caseros","Asfalto","Natural","IV","S/D","Urbana","S/D","No existe","Recta","Bueno","S/D","S/D","S/D","S/D","S/D","S/D","S/D","S/D","Línea divisoria pintada","S/D"
2014,8059,09/09/2014,"Martes",0,15:30:00,,"0.0",2,"Moto/Ciclomotor,Automóvil","Cerrito 2000",2,1,0,0,1,0,0,,"Calle",,"CASILDA","Caseros","Asfalto","No existe","IV","Dentro","Urbana","Ninguna","No existe","Recta","Bueno","Buena","Diurna","Buen Tiempo","Lateral","S/D","Colisión","S/D","Faltante","Ninguna","Sin restricción"
2014,8060,06/09/2014,"Sabado",0,05:55:00,,"0.0",2,"Moto/Ciclomotor,Otros","Laurencio Maradona ",3,3,0,0,0,0,0,,"Calle",,"SANTA FE","La Capital","Asfalto","S/D","I","S/D","Urbana","S/D","No existe","Recta","Bueno","Buena","Nocturna,Con luz artificial","Buen Tiempo","De alcance","S/D","Colisión","S/D","Faltante","Línea divisoria pintada","Sin restricción"
2014,8061,08/09/2014,"Lunes",0,09:00:00,,"0.0",1,"Automóvil","SD ",1,1,0,0,0,0,0,,"S/D",,"SANTA FE","La Capital","Asfalto","S/D","I","S/D","Urbana","S/D","No existe","Recta","Bueno","Reducida","Diurna","Granizo","S/D","S/D","Colisión","Agua","Horizontal,Vertical","Guardarrail","Sin restricción"
2014,8062,17/09/2014,"Miercoles",0,23:50:00,"Ruta Nacional 168","0.0",1,"Automóvil"," ",1,1,0,0,0,0,0,,"Ruta",168,"SANTA FE","La Capital","Asfalto","S/D","I","S/D","Urbana","S/D","No existe","S/D","Bueno","Buena","Nocturna,Con luz artificial","Buen Tiempo","S/D","S/D","Colisión","S/D","Horizontal,Vertical","Guardarrail","Sin restricción"
2014,8063,29/08/2014,"Viernes",0,14:45:00,,"0.0",2,"Moto/Ciclomotor,Automóvil","Boulevard Villada Y Casado",2,1,0,0,1,0,0,,"Calle",,"CASILDA","Caseros","Asfalto","No existe","IV","Dentro","Urbana","Ninguna","No existe","Intersección","Bueno","Buena","Diurna","Buen Tiempo","Lateral","S/D","Colisión","Ninguna","Faltante","Ninguna","Sin restricción"
2014,8064,08/09/2014,"Lunes",0,09:00:00,"Ruta Nacional 168","0.0",1,"Automóvil"," ",3,2,0,0,0,0,1,,"Ruta",168,"SANTA FE","La Capital","Asfalto","S/D","I","S/D","Urbana","S/D","No existe","Recta","Bueno","Reducida","Diurna","Granizo","S/D","S/D","Colisión","Agua","Horizontal,Vertical","Guardarrail","S/D"
2014,8065,22/03/2014,"Sabado",0,,,"0.0",1,"Otros","Guillermo Brown Y Gral Jose de San Martin",2,0,0,0,0,1,1,"-33.739972222222,-61.970055555556","Calle",,"VENADO TUERTO","General López","Hormigón","No existe","VIII","S/D","Urbana","S/D","S/D","Intersección","Bueno","S/D","S/D","S/D","S/D","S/D","S/D","S/D","S/D","Ninguna","S/D"
2014,8066,14/09/2014,"Domingo",0,05:50:00,,"0.0",1,"Moto/Ciclomotor"," ",1,0,1,0,0,0,0,,"S/D",,"SANTA FE","La Capital","Asfalto","Natural","I","S/D","S/D","Ninguna","No existe","Recta","Bueno","Buena","Nocturna,Con luz artificial","Buen Tiempo","S/D","S/D","Despiste","Material Suelto","Horizontal","Barrera de hormigón","Sin restricción"