"anio_acci","nro_acci","fecha","desc_dia","fecha_aprox","hora_aprox","desc_ruta","km","cant_participantes","desc_participante","calle_avenida_km","total","heridos_leves","heridos_graves","heridos_gravisimos","ilesos","fallecidos","sin_datos","posicion_XY","desc_tipo_via","desc_ruta_ori","desc_loc","desc_dpto","desc_tipo_calzada","desc_tipo_banquina","desc_unidad_regional","desc_lugar_calzada","desc_zona","desc_prioridad","desc_estado_semaforo","desc_lugar_via","desc_estado_via","desc_estado_visibilidad","desc_luminosidad","desc_estado_clima","desc_tipo_colision","desc_tipo_atropello","desc_tipo_hecho","desc_pres_calzada","desc_senializacion","desc_separacion_via","desc_restriccion"
2014,8067,10/09/2014,"Miercoles",0,19:30:00,,"0.0",2,"Automóvil,Moto/Ciclomotor","Boulevard Lisandro de la Torre 2100",2,1,0,0,1,0,0,,"Avenida",,"CASILDA","Caseros","Asfalto","No existe","IV","Dentro","Urbana","Ninguna","No existe","Recta","Bueno","Buena","Diurna","Buen Tiempo","Lateral","S/D","Colisión","Ninguna","Faltante","Ninguna","Sin restricción"
2014,8068,24/03/2014,"Lunes",0,,,"400.0",1,"Automóvil"," ",1,0,0,0,0,1,0,"-32.770160, -61.627874","S/D",,"ARMSTRONG","Belgrano","Asfalto","Natural","III","S/D","Rural","S/D","No existe","Recta","Bueno","S/D","S/D","S/D","S/D","S/D","S/D","S/D","Horizontal,Vertical","Línea divisoria pintada","S/D"
2014,8069,04/09/2014,"Jueves",0,12:45:00,,"0.0",2,"Moto/Ciclomotor,Automóvil","Doctor Estanislao Zeballos Sev Y General Jose de San Martin",2,1,0,0,1,0,0,,"Calle",,"CASILDA","Caseros","Asfalto","No existe","IV","S/D","Urbana","Ninguna","No existe","Intersección","Resbaladiza","Reducida","Diurna","Lluvia","De alcance","S/D","Colisión","Agua","Faltante","Ninguna","Sin restricción"
2014,8070,25/03/2014,"Martes",0,,,"0.0",1,"Otros"," ",1,0,0,0,0,1,0,"-32.299311, -61.414384","S/D",,"CENTENO","San Jerónimo","S/D","S/D","XV","S/D","S/D","S/D","S/D","S/D","S/D","S/D","S/D","S/D","S/D","S/D","S/D","S/D","S/D","S/D","S/D"
2014,8071,29/08/2014,"Viernes",0,14:45:00,,"0.0",2,"Bicicleta,Automóvil","Buenos Aires Y España",2,1,0,0,1,0,0,,"Calle",,"CASILDA","Caseros","Asfalto","No existe","IV","S/D","Urbana","Ninguna","No existe","Intersección","Bueno","Buena","Diurna","Buen Tiempo","S/D","S/D","Atropello","Ninguna","Faltante","Línea divisoria pintada","Sin restricción"
2014,8072,27/08/2014,"Miercoles",0,13:20:00,,"0.0",2,"Automóvil,Bicicleta","Boulevard Lisandro de la Torre Y Washington",2,1,0,0,1,0,0,,"Avenida",,"CASILDA","Caseros","Asfalto","No existe","IV","Dentro","Urbana","Ninguna","No existe","Intersección","Bueno","Buena","Diurna","Buen Tiempo","S/D","S/D","Atropello","Ninguna","S/D","S/D","Sin restricción"
2014,8073,29/03/2014,"Sabado",0,,,"0.0",2,"Bicicleta,Automóvil","9 de Julio Y Dr Alvarez",2,0,0,0,0,1,1,"-33.318448, -62.054235","Calle",,"CHAÑAR LADEADO","Caseros","Hormigón","No existe","IV","Dentro","Urbana","S/D","S/D","Intersección","Bueno","S/D","S/D","S/D","S/D","S/D","Atropello","S/D","S/D","Ninguna","S/D"
2014,8074,07/09/2014,"Domingo",0,16:45:00,,"0.0",2,"Moto/Ciclomotor,Automóvil","Bv Irigoyen Y Mitre",2,0,1,0,1,0,0,,"S/D",,"RECONQUISTA","General Obligado","Hormigón","No existe","IX","Dentro","Urbana","Ninguna","No existe","Intersección","Bueno","Buena","Diurna","Buen Tiempo","Lateral","S/D","Colisión","S/D","Faltante","Ninguna","Sin restricción"
2014,8075,08/09/2014,"Lunes",0,16:05:00,,"0.0",2,"Moto/Ciclomotor,Automóvil","Calle 18-Belgrano Y Calle 27-Gdor Freyre",3,2,0,0,1,0,0,,"Calle",,"RECONQUISTA","General Obligado","Asfalto","No existe","IX","S/D","Urbana","S/D","No existe","Intersección","Bueno","Buena","Diurna","S/D","S/D","S/D","Colisión","S/D","S/D","S/D","S/D"
2014,8076,10/09/2014,"Miercoles",0,16:20:00,"Ruta Nacional 11","0.0",2,"Moto/Ciclomotor,Camión","Calle 1 - Independencia ",3,1,1,0,1,0,0,,"Ruta",11,"RECONQUISTA","General Obligado","Hormigón","Pavimento","IX","Dentro","Urbana","Semáforo","Funciona","Intersección","Bueno","Buena","Diurna","Buen Tiempo","Frontal","S/D","Colisión","S/D","Vertical","Línea divisoria pintada","Sin restricción"
2014,8077,09/08/2014,"Sabado",0,11:30:00,,"0.0",2,"Automóvil,Moto/Ciclomotor","Belgrano Manuel Y L Bessone",2,1,0,0,1,0,0,,"Calle",,"SAN CARLOS CENTRO","Las Colonias","Asfalto","No existe","XI","Dentro","Urbana","Ninguna","S/D","Intersección","Bueno","Buena","Diurna","S/D","Lateral","S/D","Colisión","S/D","S/D","Ninguna","Sin restricción"
2014,8078,19/09/2014,"Viernes",0,12:40:00,"Ruta Nacional 11","0.0",2,"Automóvil,Moto/Ciclomotor","Calle 5-Colon ",2,1,0,0,1,0,0,,"Ruta",11,"RECONQUISTA","General Obligado","Asfalto","S/D","IX","S/D","Urbana","S/D","Funciona","Recta","Bueno","Buena","Diurna","Buen Tiempo","S/D","S/D","Colisión","S/D","S/D","Cordón divisorio","S/D"
2014,8079,26/07/2014,"Sabado",0,17:55:00,"Autovía Nacional 19","22.0",2,"Automóvil,Moto/Ciclomotor"," ",2,0,1,0,1,0,0,,"Autovía",19,"SAN AGUSTÍN","Las Colonias","Asfalto","Natural","XI","Dentro","Rural","Ninguna","No existe","Intersección","Bueno","Buena","Diurna","S/D","De alcance","S/D","Colisión","S/D","S/D","Vegetación","Sin restricción"
2014,8080,29/07/2014,"Martes",0,20:05:00,,"0.0",2,"Automóvil,Moto/Ciclomotor","San Martin Y Santa Fe",2,0,1,0,1,0,0,,"Calle",,"FRANCK","Las Colonias","S/D","S/D","XI","Dentro","Urbana","S/D","S/D","Intersección","S/D","S/D","Nocturna","S/D","Lateral","S/D","Colisión","S/D","S/D","S/D","S/D"
2014,8081,05/08/2014,"Martes",0,13:30:00,"Ruta Provincial 70","0.0",2,"Automóvil,Moto/Ciclomotor","Brigadier Lopez Y Ruta provincial 70",3,2,0,0,1,0,0,,"Ruta",70,"ESPERANZA","Las Colonias","Asfalto","Natural","XI","Dentro","Urbana","Ninguna","No existe","Intersección","Bueno","S/D","Diurna","S/D","Lateral","S/D","Colisión","S/D","S/D","Línea divisoria pintada","Sin restricción"
2014,8082,22/09/2014,"Lunes",0,18:00:00,"Ruta Nacional 11","0.0",2,"Automóvil,Automóvil","Calle 9-Mariano Moreno ",2,1,0,0,1,0,0,,"Ruta",11,"RECONQUISTA","General Obligado","Asfalto","No existe","IX","S/D","S/D","Ninguna","No existe","Recta","Bueno","Buena","Nocturna,Con luz artificial","Buen Tiempo","Contra objeto fijo","S/D","Colisión","S/D","Faltante","Ninguna","Sin restricción"
2014,8083,12/03/2014,"Miercoles",0,18:15:00,"Ruta Provincial 70","0.0",2,"Automóvil,Moto/Ciclomotor","R P A Janssen Y Ruta provincial 70",2,1,0,0,1,0,0,,"Ruta",70,"ESPERANZA","Las Colonias","Asfalto","No existe","XI","Dentro","Urbana","Semáforo","Funciona","Intersección","Bueno","Buena","Diurna","Buen Tiempo","S/D","S/D","Colisión","S/D","Vertical","Línea divisoria pintada","Sin restricción"
2014,8084,19/08/2014,"Martes",0,08:35:00,,"0.0",2,"Moto/Ciclomotor,Automóvil","Domingo Faustino Sarmiento Y 3 de Febrero",2,1,0,0,1,0,0,,"Calle",,"ESPERANZA","Las Colonias","Asfalto","Pavimento","XI","Dentro","Urbana","Ninguna","No existe","Intersección","Bueno","Buena","Diurna","Buen Tiempo","Múltiple","S/D","Colisión","S/D","S/D","Línea divisoria pintada","Sin restricción"
2014,8085,06/04/2014,"Domingo",0,,"Ruta Nacional 11","343.0",2,"Camión,Camión"," ",2,0,0,0,1,1,0,"-32.640292, -60.813390","Ruta",11,"TIMBÚES","San Lorenzo","Asfalto","Natural","XVII","Dentro","Urbana","S/D","No existe","Recta","Bueno","S/D","S/D","S/D","De alcance","S/D","Colisión","S/D","S/D","Línea divisoria pintada","S/D"
2014,8086,06/04/2014,"Domingo",0,,,"0.0",1,"Otros"," ",1,0,0,0,0,1,0,"-32.969949, -60.741479","S/D",,"PEREZ","Rosario","S/D","S/D","II","S/D","Urbana","S/D","S/D","S/D","S/D","S/D","S/D","S/D","S/D","S/D","S/D","S/D","S/D","S/D","S/D"
2014,8087,12/04/2014,"Sabado",0,,,"0.0",1,"Moto/Ciclomotor"," ",2,0,0,0,0,1,1,"-30.310256, -61.231636","S/D",,"SAN CRISTÓBAL","San Cristóbal","S/D","S/D","XIII","S/D","Urbana","S/D","S/D","S/D","S/D","S/D","S/D","S/D","S/D","S/D","S/D","S/D","S/D","S/D","S/D"
2014,8088,21/04/2014,"Lunes",0,,"Ruta Nacional 8","0.0",1,"Automóvil"," ",1,0,0,0,0,1,0,"-33.772948, -61.960556","Ruta",8,"VENADO TUERTO","General López","Asfalto","Natural","VIII","S/D","S/D","S/D","No existe","Recta","Bueno","S/D","S/D","S/D","S/D","S/D","S/D","S/D","S/D","Línea divisoria pintada","S/D"
2014,8089,21/04/2014,"Lunes",0,,,"0.0",1,"Moto/Ciclomotor"," ",1,0,0,0,0,1,0,"-32.892892, -60.701366","S/D",,"ROSARIO","Rosario","S/D","S/D","II","S/D","Urbana","S/D","S/D","S/D","S/D","S/D","S/D","S/D","S/D","S/D","S/D","S/D","S/D","S/D","S/D"
2014,8090,23/04/2014,"Miercoles",0,,,"0.0",1,"Otros","Jujuy Y Republica de Chile",1,0,0,0,0,1,0,"-32.755111, -60.745730","Calle",,"SAN LORENZO","San Lorenzo","S/D","Natural","XVII","S/D","Urbana","S/D","No existe","Intersección","S/D","S/D","S/D","S/D","S/D","S/D","S/D","S/D","S/D","Ninguna","S/D"
2014,8091,24/04/2014,"Jueves",0,,"Autopista Provincial Brigadier E.López","19.0",2,"Pickup/Utilitario,Camión"," ",4,0,0,0,3,1,0,"-32.727939, -60.764967","Autopista","Brigadier E.López","SAN LORENZO","San Lorenzo","Asfalto","Pavimento","XVII","S/D","Urbana","S/D","No existe","Curva","Bueno","S/D","S/D","S/D","De alcance","S/D","Colisión","S/D","Horizontal,Vertical","Guardarrail,Vegetación","S/D"
2014,8092,26/04/2014,"Sabado",0,,,"0.0",1,"Otros"," ",1,0,0,0,0,1,0,"-33.140995, -61.288653","S/D",,"SANFORD","Caseros","S/D","S/D","IV","S/D","Urbana","S/D","S/D","S/D","S/D","S/D","S/D","S/D","S/D","S/D","S/D","S/D","S/D","S/D","S/D"
2014,8093,25/09/2014,"Jueves",0,20:40:00,,"0.0",2,"Moto/Ciclomotor,Moto/Ciclomotor","Calle 19-Habegger Y Calle 32 - Amenabar",2,1,0,0,1,0,0,,"Calle",,"RECONQUISTA","General Obligado","Asfalto","No existe","IX","S/D","Urbana","Ninguna","No existe","Intersección","Bueno","Buena","Nocturna,Con luz artificial","Buen Tiempo","De alcance","S/D","Colisión","S/D","Faltante","Ninguna","Sin restricción"
2014,8094,17/09/2014,"Miercoles",0,10:05:00,,"0.0",2,"Moto/Ciclomotor,Automóvil","Calle 13-Iturraspe Y Calle 12 San Martin",2,1,0,0,1,0,0,,"Calle",,"RECONQUISTA","General Obligado","Asfalto","No existe","IX","Dentro","Urbana","Ninguna","No existe","Recta","Bueno","Buena","Diurna","Buen Tiempo","Lateral","S/D","Colisión","S/D","Faltante","Ninguna","Sin restricción"
2014,8095,29/09/2014,"Lunes",0,09:15:00,"Ruta Nacional 11","0.0",2,"Moto/Ciclomotor,Automóvil"," ",2,1,0,0,1,0,0,,"Ruta",11,"RECONQUISTA","General Obligado","Asfalto","No existe","IX","S/D","S/D","S/D","No existe","Cruce","Bueno","Buena","Diurna","Buen Tiempo","De alcance","S/D","Colisión","S/D","Faltante","S/D","Sin restricción"
2014,8096,28/09/2014,"Domingo",0,18:15:00,,"0.0",2,"Moto/Ciclomotor,Automóvil","Calle 7-Sarmiento Y Calle 32 - Amenabar",4,3,0,0,1,0,0,,"Calle",,"RECONQUISTA","General Obligado","Asfalto","Natural","IX","S/D","Urbana","Ninguna","No existe","Intersección","Bueno","Buena","Diurna","Buen Tiempo","Lateral","S/D","Colisión","S/D","Vertical","Cordón divisorio","Sin restricción"
2014,8097,06/10/2014,"Lunes",0,21:15:00,,"0.0",1,"Camión","Calle 20 23",2,1,0,0,1,0,0,,"Calle",,"AVELLANEDA","General Obligado","Hormigón","No existe","IX","Dentro","Urbana","Ninguna","No existe","Intersección","Bueno","Buena","Diurna","Buen Tiempo","S/D","S/D","Atropello","S/D","Faltante","Barrera de hormigón","Sin restricción"
2014,8098,19/09/2014,"Viernes",0,20:40:00,,"0.0",2,"Pickup/Utilitario,Bicicleta","Calle 1 ",3,2,0,0,1,0,0,,"Calle",,"AVELLANEDA","General Obligado","Asfalto","No existe","IX","Dentro","Urbana","Ninguna","No existe","Recta","Bueno","Buena","Nocturna,Con luz artificial","Buen Tiempo","S/D","S/D","Colisión","S/D","S/D","S/D","Sin restricción"
2014,8099,12/09/2014,"Viernes",0,19:30:00,,"0.0",2,"Pickup/Utilitario,Bicicleta","CAlle 14 Y Calle 1",3,2,0,0,1,0,0,,"Calle",,"AVELLANEDA","General Obligado","Asfalto","No existe","IX","Dentro","Urbana","Ninguna","No existe","Intersección","Bueno","Buena","Atardecer","Buen Tiempo","S/D","S/D","Atropello","S/D","Faltante","Ninguna","Sin restricción"
2014,8100,13/09/2014,"Sabado",0,21:30:00,,"0.0",2,"Pickup/Utilitario,Moto/Ciclomotor","AVENIDA SAN MARTIN ",5,1,0,0,4,0,0,,"Avenida",,"AVELLANEDA","General Obligado","Asfalto","No existe","IX","Dentro","Urbana","Ninguna","No existe","Intersección","Bueno","Buena","Nocturna","Buen Tiempo","Lateral","S/D","Colisión","S/D","Faltante","Ninguna","Sin restricción"
2014,8101,21/09/2014,"Domingo",0,21:30:00,,"0.0",2,"Automóvil,Moto/Ciclomotor","Calle 4 Y Calle 7",3,2,0,0,1,0,0,,"Calle",,"AVELLANEDA","General Obligado","Asfalto","No existe","IX","Dentro","Urbana","Ninguna","No existe","Intersección","Bueno","Buena","Nocturna","Buen Tiempo","Lateral","S/D","Colisión","S/D","Faltante","Barrera de hormigón","Sin restricción"
2014,8103,18/09/2014,"Jueves",0,18:20:00,,"0.0",2,"Bicicleta,Moto/Ciclomotor","Calle 121 Y Calle 120",3,3,0,0,0,0,0,,"Calle",,"AVELLANEDA","General Obligado","Hormigón","No existe","IX","Dentro","Urbana","Ninguna","No existe","Recta","Bueno","Buena","Atardecer","Buen Tiempo","S/D","S/D","Atropello","S/D","Faltante","S/D","Sin restricción"
2014,8104,30/09/2014,"Martes",0,18:50:00,,"0.0",2,"Moto/Ciclomotor,Automóvil","Calle 8 Y Calle 11",2,1,0,0,1,0,0,,"Calle",,"AVELLANEDA","General Obligado","Asfalto","No existe","IX","Dentro","Urbana","Ninguna","No existe","Intersección","Bueno","Buena","Atardecer,Con luz artificial","Buen Tiempo","Lateral","S/D","Colisión","S/D","Faltante","Ninguna","Sin restricción"
2014,8105,02/11/2014,"Domingo",0,21:00:00,,"0.0",2,"Bicicleta,Automóvil","Rivadavia 960",2,0,0,0,1,1,0,"-33.195736, -60.468070","Calle",,"FIGHIERA","Rosario","Hormigón","Natural","II","Dentro","Urbana","Ninguna","No existe","Recta","Bueno","Reducida","Nocturna,Con luz artificial","Lluvia","S/D","S/D","Atropello","Fluidos","Horizontal","Ninguna","Sin restricción"
2014,8106,10/11/2014,"Lunes",0,17:40:00,,"0.0",2,"Moto/Ciclomotor,Camión","Crespo 3300",2,0,0,0,1,1,0,"-32.970222222222,-60.675611111111","Calle",,"ROSARIO","Rosario","Asfalto","No existe","II","Dentro","Urbana","Ninguna","No existe","Intersección","Bueno","Buena","Diurna","Buen Tiempo","Frontal","S/D","Colisión","Ninguna","Vertical","Ninguna","Sin restricción"
2014,8107,13/09/2014,"Sabado",0,14:15:00,,"0.0",2,"Moto/Ciclomotor,Automóvil"," ",3,2,0,0,1,0,0,,"Calle",,"VILLA OCAMPO","General Obligado","Tierra","Natural","IX","Fuera","Urbana","Ninguna","No existe","Intersección","Resbaladiza","Buena","Diurna","Buen Tiempo","Lateral","S/D","Caída ocupante","Material Suelto","Faltante","Ninguna","Sin restricción"
2014,8108,07/09/2014,"Domingo",0,11:45:00,,"0.0",2,"Moto/Ciclomotor,Automóvil","CHACABUCO  Y MORENO",3,2,0,0,1,0,0,,"Calle",,"VILLA OCAMPO","General Obligado","Tierra","Natural","IX","Dentro","Urbana","Ninguna","No existe","Intersección","Bueno","Buena","Diurna","Buen Tiempo","Lateral","S/D","Colisión","Otro","Faltante","Ninguna","Sin restricción"
2014,8109,06/08/2014,"Miercoles",0,20:00:00,,"0.0",2,"Automóvil,Automóvil","Rivadavia Y 9 de Julio",2,1,0,0,1,0,0,,"Calle",,"ESPERANZA","Las Colonias","Asfalto","No existe","XI","S/D","Urbana","Ninguna","No existe","Intersección","Bueno","Buena","Diurna","Buen Tiempo","Frontal","S/D","Colisión","S/D","Faltante","Ninguna","Sin restricción"
2014,8110,06/09/2014,"Sabado",0,20:50:00,"Ruta Nacional A009","0.0",2,"Moto/Ciclomotor,Automóvil","Calle 67-Enrique Angelelli ",3,2,0,0,1,0,0,,"Ruta","A009","RECONQUISTA","General Obligado","Asfalto","Natural","IX","S/D","Urbana","S/D","Funciona","Intersección","Bueno","Buena","Nocturna","Buen Tiempo","S/D","S/D","Colisión","Ninguna","S/D","S/D","S/D"
2014,8111,22/08/2014,"Viernes",0,00:50:00,,"0.0",2,"Moto/Ciclomotor,Moto/Ciclomotor","PARQUE DE AGRICULTURA ",3,2,0,0,1,0,0,,"Calle",,"ESPERANZA","Las Colonias","Ripio","No existe","XI","Dentro","Urbana","Ninguna","No existe","Recta","Bueno","Reducida","Nocturna","Buen Tiempo","S/D","S/D","Colisión","S/D","Faltante","Ninguna","S/D"
2014,8112,19/08/2014,"Martes",0,21:30:00,,"0.0",2,"Moto/Ciclomotor,Bicicleta","Av Cordoba 2500",2,1,0,0,1,0,0,,"Avenida",,"ESPERANZA","Las Colonias","Asfalto","Pavimento","XI","Dentro","Urbana","Ninguna","No existe","Recta","Bueno","Buena","Nocturna","Buen Tiempo","S/D","S/D","Atropello","S/D","S/D","Línea divisoria pintada","Sin restricción"
2014,8113,22/08/2014,"Viernes",0,16:00:00,,"0.0",2,"Automóvil,Automóvil","Maipu Y Aaron Castellanos",2,1,0,0,1,0,0,,"Calle",,"ESPERANZA","Las Colonias","Asfalto","Pavimento","XI","Dentro","Urbana","Ninguna","No existe","Intersección","Bueno","Buena","Diurna","Buen Tiempo","S/D","S/D","Colisión","S/D","S/D","Línea divisoria pintada","Sin restricción"
2014,8114,05/09/2014,"Viernes",0,01:00:00,,"0.0",2,"Moto/Ciclomotor,Pickup/Utilitario","Calle 4-Fray Antonio Rossi ",2,1,0,0,1,0,0,,"Calle",,"RECONQUISTA","General Obligado","Asfalto","Natural","IX","S/D","Urbana","Ninguna","No existe","Recta","Bueno","Reducida","Nocturna","S/D","Lateral","S/D","Colisión","Ninguna","Faltante","Vegetación","S/D"
2014,8115,13/08/2014,"Miercoles",0,14:00:00,,"0.0",2,"Moto/Ciclomotor,Automóvil","MAESTRO DONET Y GENERAL MANUEL BELGRANO",2,0,1,0,1,0,0,,"Calle",,"ESPERANZA","Las Colonias","Asfalto","Pavimento","XI","S/D","Urbana","Ninguna","No existe","Intersección","Bueno","Buena","Diurna","Buen Tiempo","S/D","S/D","Colisión","S/D","S/D","Línea divisoria pintada","Sin restricción"
2014,8116,12/11/2014,"Miercoles",0,20:00:00,"Ruta Nacional 34","210.0",2,"Pickup/Utilitario,Pickup/Utilitario","RN34 y RP67s ",7,1,0,0,4,2,0,"-31.353318, -61.529202","Ruta",34,"SUSANA","Castellanos","Asfalto","Natural","V","Dentro","Rural","S/D","No existe","Cruce","Bueno","Reducida","Atardecer","Buen Tiempo","Frontal","S/D","Colisión","S/D","Horizontal,Vertical","Línea divisoria pintada","S/D"
2014,8117,05/08/2014,"Martes",0,09:30:00,"Ruta Provincial 6","59.0",2,"Pickup/Utilitario,Automóvil"," ",2,1,1,0,0,0,0,,"Ruta",6,"PUJATO NORTE","Las Colonias","Hormigón","Natural","XI","Dentro","Rural","Ninguna","No existe","Recta","Bueno","Buena","Diurna","Buen Tiempo","Frontal","S/D","Colisión","S/D","Horizontal","Línea divisoria pintada","Sin restricción"
2014,8118,15/08/2014,"Viernes",0,05:45:00,,"0.0",3,"Pickup/Utilitario,Peatón,Peatón","General Manuel Belgrano Y Guemes",3,0,2,0,1,0,0,,"Calle",,"ESPERANZA","Las Colonias","Asfalto","No existe","XI","Dentro","Urbana","Ninguna","No existe","Intersección","Bueno","Buena","Nocturna,Con luz artificial","Buen Tiempo","S/D","S/D","Atropello","S/D","Vertical","Ninguna","Sin restricción"
2014,8119,14/11/2014,"Viernes",0,03:05:00,"Ruta Nacional A009","2.0",1,"Automóvil","RNA009 alt A&#186;Curupí ",5,1,2,0,0,2,0,"-29.222883, -59.593699","Ruta","A009","PUERTO RECONQUISTA","General Obligado","Asfalto","Natural","IX","Fuera","Rural","Ninguna","No existe","Recta","Bueno","Buena","Nocturna","Buen Tiempo","Contra objeto fijo","S/D","Colisión,Vuelco,Despiste","S/D","Faltante","Línea divisoria pintada","S/D"
2014,8120,13/09/2014,"Sabado",0,18:30:00,,"0.0",2,"Moto/Ciclomotor,Automóvil","Calle 42 - Misiones Y Calle 39-2 de Abril",4,3,0,0,1,0,0,,"Calle",,"RECONQUISTA","General Obligado","Asfalto","No existe","IX","Dentro","Urbana","Ninguna","S/D","Intersección","Deteriorada","Reducida","Atardecer","Otro","Lateral","S/D","Colisión","Ninguna","Faltante","Ninguna","Sin restricción"
2014,8121,26/08/2014,"Martes",0,20:50:00,,"0.0",2,"Moto/Ciclomotor,Bicicleta","Mariano Moreno Y 20 de Junio",2,1,0,0,1,0,0,,"Calle",,"ESPERANZA","Las Colonias","Asfalto","No existe","XI","Dentro","Urbana","Ninguna","No existe","Recta","Bueno","Reducida","Nocturna","Buen Tiempo","S/D","S/D","Atropello","S/D","Horizontal","Cordón divisorio","Sin restricción"
2014,8122,17/09/2014,"Miercoles",0,16:00:00,"Ruta Nacional A009","0.0",2,"Moto/Ciclomotor,Moto/Ciclomotor","Calle 105-Alicia Moreau ",4,4,0,0,0,0,0,,"Ruta","A009","RECONQUISTA","General Obligado","Asfalto","Ripio","II","Dentro","Urbana","Ninguna","No existe","Intersección","Bueno","Buena","Diurna","S/D","Lateral","S/D","Colisión","S/D","Faltante","Línea divisoria pintada","Sin restricción"
2014,8123,14/08/2014,"Jueves",0,17:25:00,,"0.0",2,"Automóvil,Bicicleta","Av Cordoba Y Rivadavia",2,1,0,0,1,0,0,,"Avenida",,"ESPERANZA","Las Colonias","Asfalto","No existe","XI","Dentro","Urbana","Ninguna","No existe","Intersección","Bueno","Buena","Diurna","Buen Tiempo","S/D","S/D","Atropello","S/D","Horizontal","Cordón divisorio","Sin restricción"
2014,8124,02/08/2014,"Sabado",0,02:10:00,,"0.0",2,"Automóvil,Moto/Ciclomotor","Laprida Y Saavedra",4,2,1,0,1,0,0,,"Calle",,"ESPERANZA","Las Colonias","Asfalto","Pavimento","XI","Dentro","Urbana","Ninguna","No existe","Intersección","Bueno","Buena","Nocturna","Buen Tiempo","S/D","S/D","Colisión","S/D","S/D","Línea divisoria pintada","Sin restricción"
2014,8125,07/08/2014,"Jueves",0,13:30:00,,"0.0",2,"Moto/Ciclomotor,Automóvil","Guemes Y R P A Janssen",3,3,0,0,0,0,0,,"Calle",,"ESPERANZA","Las Colonias","Asfalto","No existe","XI","S/D","Urbana","Ninguna","No existe","Intersección","Bueno","Buena","Diurna","Buen Tiempo","Frontal","S/D","Colisión","S/D","Vertical","Ninguna","Sin restricción"
2014,8130,13/04/2014,"Domingo",0,,"Ruta Nacional 11","464.0",2,"Moto/Ciclomotor,Moto/Ciclomotor","ALTURA ACCESO AL COMPLEJO CLUB CILSA ",4,3,0,0,0,1,0,"-31.664002, -60.734000","Ruta",11,"SANTA FE","La Capital","S/D","S/D","I","Dentro","Urbana","S/D","S/D","Cruce","S/D","S/D","Amanecer","S/D","S/D","S/D","Colisión","S/D","S/D","S/D","S/D"
2014,8131,01/08/2014,"Viernes",1,,,"0.0",1,"Moto/Ciclomotor"," ",1,0,1,0,0,0,0,,"S/D",,"ROSARIO","Rosario","S/D","S/D","II","S/D","S/D","S/D","S/D","S/D","S/D","S/D","S/D","S/D","S/D","S/D","S/D","S/D","S/D","S/D","S/D"
2014,8132,13/11/2014,"Jueves",0,,,"0.0",1,"Moto/Ciclomotor","Saenz Peña Y Andreu",1,1,0,0,0,0,0,,"Calle",,"VILLA GOBERNADOR GÁLVEZ","Rosario","S/D","S/D","II","Dentro","Urbana","S/D","S/D","S/D","S/D","Buena","S/D","Buen Tiempo","S/D","S/D","Caída ocupante","S/D","S/D","S/D","Sin restricción"
2014,8133,02/03/2014,"Domingo",0,20:30:00,"Autopista Provincial Brigadier E.López","14.0",2,"Automóvil,Automóvil"," ",2,2,0,0,0,0,0,,"Autopista","Brigadier E.López","SAN LORENZO","San Lorenzo","Hormigón","Natural","II","S/D","S/D","S/D","S/D","S/D","S/D","S/D","Nocturna","S/D","S/D","S/D","Colisión","S/D","S/D","S/D","S/D"
2014,8135,05/03/2014,"Miercoles",0,08:45:00,"Ruta Nacional A007","0.0",1,"Automóvil","Teniente Loza ",1,1,0,0,0,0,0,,"Ruta","A007","SANTA FE","La Capital","Hormigón","S/D","I","Fuera","S/D","S/D","S/D","S/D","S/D","S/D","Diurna","S/D","Contra objeto fijo","S/D","Colisión","S/D","S/D","S/D","S/D"
2014,8136,07/03/2014,"Viernes",0,20:00:00,"Ruta Nacional 19","108.0",2,"Automóvil,Automóvil"," ",2,0,0,0,0,0,2,,"Ruta",19,"ZENÓN PEREYRA","Castellanos","S/D","S/D","V","Dentro","S/D","S/D","S/D","S/D","S/D","S/D","Atardecer","S/D","S/D","S/D","Colisión","S/D","S/D","S/D","S/D"
2014,8137,20/09/2014,"Sabado",0,20:00:00,,"0.0",2,"Moto/Ciclomotor,Automóvil","CAlle 37-Bvard. lovato Y Roca Pte",3,2,0,0,1,0,0,,"S/D",,"RECONQUISTA","General Obligado","Asfalto","No existe","IX","S/D","Urbana","Ninguna","No existe","Intersección","Bueno","Reducida","Nocturna,Con luz artificial","Buen Tiempo","S/D","S/D","Colisión","S/D","Faltante","Cordón divisorio","Sin restricción"
2014,8138,04/03/2014,"Martes",0,21:00:00,"Ruta Provincial 70","4.0",2,"Bicicleta,Transporte de Pasajeros Larga Distancia (> 8 asientos)"," ",2,1,0,0,1,0,0,,"Ruta",70,"ESPERANZA","Las Colonias","Hormigón","S/D","XI","Dentro","Rural","S/D","S/D","Recta","S/D","S/D","Nocturna","S/D","S/D","S/D","Atropello","S/D","S/D","S/D","S/D"