"anio_acci","nro_acci","fecha","desc_dia","fecha_aprox","hora_aprox","desc_ruta","km","cant_participantes","desc_participante","calle_avenida_km","total","heridos_leves","heridos_graves","heridos_gravisimos","ilesos","fallecidos","sin_datos","posicion_XY","desc_tipo_via","desc_ruta_ori","desc_loc","desc_dpto","desc_tipo_calzada","desc_tipo_banquina","desc_unidad_regional","desc_lugar_calzada","desc_zona","desc_prioridad","desc_estado_semaforo","desc_lugar_via","desc_estado_via","desc_estado_visibilidad","desc_luminosidad","desc_estado_clima","desc_tipo_colision","desc_tipo_atropello","desc_tipo_hecho","desc_pres_calzada","desc_senializacion","desc_separacion_via","desc_restriccion"
2014,8139,22/09/2014,"Lunes",0,11:40:00,,"0.0",2,"Bicicleta,Automóvil","Calle 12 San Martin Y Calle 75-Lisandro de la Torre",2,1,0,0,1,0,0,,"Calle",,"RECONQUISTA","General Obligado","Asfalto","Natural","IX","Dentro","Urbana","Semáforo","Intermitente","Intersección","Bueno","Buena","Diurna","Buen Tiempo","S/D","S/D","Atropello","Ninguna","Faltante","Ninguna","Sin restricción"
2014,8140,19/09/2014,"Viernes",0,,,"0.0",2,"Moto/Ciclomotor,Automóvil","Calle 41-Santa Fe ",2,1,0,0,1,0,0,,"Calle",,"RECONQUISTA","General Obligado","Tierra","Natural","II","Dentro","Urbana","Ninguna","No existe","Recta","S/D","S/D","S/D","Buen Tiempo","S/D","S/D","Colisión","Otro","Faltante","Ninguna","Sin restricción"
2014,8141,29/09/2014,"Lunes",0,18:45:00,,"0.0",1,"Moto/Ciclomotor"," ",1,1,0,0,0,0,0,,"Calle",,"RECONQUISTA","General Obligado","Asfalto","Natural","IX","Dentro","Urbana","Ninguna","No existe","Intersección","Bueno","Buena","Atardecer","Buen Tiempo","S/D","S/D","Caída ocupante","S/D","S/D","Línea divisoria pintada","Sin restricción"
2014,8142,25/09/2014,"Jueves",0,09:30:00,,"0.0",1,"Moto/Ciclomotor","Calle 47-Islas Malvinas Y Calle 42 - Misiones",1,1,0,0,0,0,0,,"Calle",,"RECONQUISTA","General Obligado","Asfalto","Natural","IX","Dentro","Urbana","Ninguna","No existe","Intersección","Bueno","Buena","Diurna","Buen Tiempo","S/D","S/D","Caída ocupante","S/D","Faltante","Ninguna","Sin restricción"
2014,8143,27/09/2014,"Sabado",0,,,"0.0",1,"Moto/Ciclomotor","CALLE 60 Y BV. PERÓN",1,0,1,0,0,0,0,,"Avenida",,"RECONQUISTA","General Obligado","S/D","S/D","II","Dentro","Urbana","Ninguna","S/D","Intersección","Bueno","Reducida","Nocturna,Con luz artificial","S/D","S/D","S/D","Caída ocupante","Ninguna","S/D","Cordón divisorio","Sin restricción"
2014,8144,30/09/2014,"Martes",0,12:50:00,,"0.0",2,"Moto/Ciclomotor,Automóvil","Calle 46-Bolivia Y Calle 51-Rio Negro",2,0,1,0,1,0,0,,"Calle",,"RECONQUISTA","General Obligado","Tierra","Natural","IX","S/D","Urbana","Ninguna","No existe","Intersección","Bueno","Buena","Diurna","S/D","S/D","S/D","Colisión","S/D","Faltante","Ninguna","Sin restricción"
2014,8145,22/08/2014,"Viernes",0,08:30:00,,"0.0",2,"Moto/Ciclomotor,Camión","A Gabarret Y General Manuel Belgrano",2,0,1,0,1,0,0,,"Calle",,"ESPERANZA","Las Colonias","Asfalto","No existe","XI","Dentro","Urbana","Ninguna","No existe","Intersección","Bueno","Buena","Diurna","Buen Tiempo","Frontal","S/D","Colisión","S/D","Vertical","Ninguna","Sin restricción"
2014,8146,25/08/2014,"Lunes",0,19:10:00,,"0.0",2,"Bicicleta,Automóvil","3 de Febrero Y Saavedra",2,1,0,0,1,0,0,,"Calle",,"ESPERANZA","Las Colonias","Asfalto","S/D","XI","Dentro","Urbana","S/D","S/D","Intersección","Bueno","S/D","Nocturna","Buen Tiempo","S/D","S/D","Atropello","S/D","Vertical","Ninguna","Sin restricción"
2014,8147,25/08/2014,"Lunes",0,10:35:00,,"0.0",3,"Moto/Ciclomotor,Automóvil,Automóvil"," ",3,1,0,0,2,0,0,,"Calle",,"ESPERANZA","Las Colonias","Asfalto","Pavimento","XI","Dentro","Urbana","Ninguna","No existe","Intersección","Bueno","Buena","Diurna","Buen Tiempo","Múltiple","S/D","Colisión","S/D","S/D","Línea divisoria pintada","Sin restricción"
2014,8148,08/03/2014,"Sabado",0,13:00:00,"Ruta Nacional 33","636.0",1,"Automóvil"," ",3,3,0,0,0,0,0,,"Ruta",33,"VENADO TUERTO","General López","Hormigón","Natural","VIII","Fuera","S/D","S/D","S/D","S/D","S/D","S/D","Diurna","S/D","Contra objeto fijo","S/D","Colisión,Despiste","S/D","S/D","S/D","S/D"
2014,8150,09/03/2014,"Domingo",0,15:00:00,"Ruta Nacional 8","342.0",1,"Automóvil"," ",2,0,0,0,0,0,2,,"Ruta",8,"VENADO TUERTO","General López","S/D","Natural","VIII","Fuera","S/D","S/D","S/D","S/D","S/D","S/D","Diurna","S/D","Contra objeto fijo","S/D","Colisión,Despiste","S/D","S/D","S/D","S/D"
2014,8151,09/03/2014,"Domingo",0,16:15:00,"Ruta Secundaria 40-s","0.0",2,"Automóvil,Automóvil","Julio Cesar Arribau ",2,1,0,0,1,0,0,,"Ruta","40-s","EL ARAZÁ","General Obligado","S/D","S/D","IX","Dentro","Urbana","S/D","S/D","Intersección","S/D","S/D","Diurna","S/D","Lateral","S/D","Colisión","S/D","S/D","S/D","S/D"
2014,8152,18/08/2014,"Lunes",0,02:05:00,,"0.0",2,"Automóvil,Moto/Ciclomotor","Bv 25 de Mayo 262",2,0,1,0,1,0,0,,"Calle",,"ALCORTA","Constitución","Asfalto","Pavimento","VI","S/D","Urbana","Ninguna","No existe","Recta","Bueno","Buena","Nocturna,Con luz artificial","Buen Tiempo","Lateral","S/D","Colisión","Ninguna","Vertical","S/D","Sin restricción"
2014,8153,27/08/2014,"Miercoles",0,,,"0.0",2,"Moto/Ciclomotor,Automóvil","Juan de Garay Y Manuel Belgrano",2,0,1,0,1,0,0,,"Calle",,"SAN CARLOS SUR","Las Colonias","S/D","S/D","XI","Dentro","Urbana","S/D","S/D","Intersección","S/D","S/D","S/D","S/D","Lateral","S/D","Colisión","S/D","S/D","S/D","S/D"
2014,8155,15/09/2014,"Lunes",0,10:10:00,"Autopista Nacional Gral. Juan Jose Valle","248.0",1,"Automóvil"," ",1,1,0,0,0,0,0,,"Autopista","Gral. Juan Jose Valle","EMPALME VILLA CONSTITUCIÓN","Constitución","Asfalto","Natural","VI","Fuera","Rural","Ninguna","No existe","Recta","Bueno","Buena","Diurna","Buen Tiempo","S/D","S/D","Vuelco","S/D","Horizontal,Vertical","Vegetación","Sin restricción"
2014,8156,08/09/2014,"Lunes",0,05:45:00,"Ruta Provincial 21","0.0",1,"Moto/Ciclomotor"," ",1,1,0,0,0,0,0,,"Ruta",21,"EMPALME VILLA CONSTITUCIÓN","Constitución","Asfalto","Natural","VI","Dentro","Urbana","Ninguna","No existe","Recta","Bueno","Buena","Amanecer","Buen Tiempo","S/D","S/D","Caída ocupante","S/D","Vertical","Línea divisoria pintada","Sin restricción"
2014,8157,08/09/2014,"Lunes",0,,,"0.0",2,"Moto/Ciclomotor,Automóvil","Saavedra Y 9 de Julio",3,2,0,0,1,0,0,,"Avenida",,"VILLA CONSTITUCIÓN","Constitución","Asfalto","Pavimento","VI","Dentro","Urbana","Ninguna","No existe","Intersección","Bueno","Buena","Diurna","Buen Tiempo","Lateral","S/D","Colisión","Ninguna","Faltante","Ninguna","Sin restricción"
2014,8158,19/08/2014,"Martes",0,11:00:00,,"0.0",2,"Moto/Ciclomotor,Bicicleta","Simon de Iriondo Y Juan Ramb",2,2,0,0,0,0,0,,"Calle",,"ESPERANZA","Las Colonias","Asfalto","No existe","XI","Dentro","Urbana","Ninguna","No existe","Intersección","Bueno","Buena","Diurna","Buen Tiempo","S/D","S/D","Atropello","S/D","S/D","Ninguna","Sin restricción"
2014,8159,22/08/2014,"Viernes",0,18:15:00,,"0.0",2,"Automóvil,Bicicleta","GENERAL BELGRANO Y JUAN DE GARAY",2,1,0,0,1,0,0,,"Calle",,"SAN CARLOS NORTE","Las Colonias","S/D","S/D","XI","S/D","Urbana","S/D","S/D","Intersección","S/D","S/D","Diurna","S/D","S/D","S/D","Atropello","S/D","S/D","S/D","S/D"
2014,8160,31/08/2014,"Domingo",0,,,"0.0",2,"Moto/Ciclomotor,Pickup/Utilitario","25 de Mayo Y Urquiza",2,0,1,0,1,0,0,,"Calle",,"HUMBOLDT","Las Colonias","S/D","S/D","XI","S/D","Urbana","S/D","S/D","Intersección","S/D","S/D","S/D","S/D","Lateral","S/D","Colisión","S/D","S/D","S/D","S/D"
2014,8161,07/09/2014,"Domingo",0,,,"0.0",3,"Moto/Ciclomotor,Moto/Ciclomotor,Automóvil"," ",3,2,0,0,1,0,0,,"S/D",,"VILLA CONSTITUCIÓN","Constitución","Asfalto","S/D","VI","Dentro","Urbana","S/D","S/D","S/D","Bueno","S/D","S/D","S/D","Múltiple","S/D","Colisión","S/D","S/D","S/D","S/D"
2014,8162,09/09/2014,"Martes",0,13:30:00,,"0.0",2,"Moto/Ciclomotor,Pickup/Utilitario","D Izarra Y M Garcia",2,1,0,0,1,0,0,,"Calle",,"VILLA CONSTITUCIÓN","Constitución","Asfalto","S/D","VI","Dentro","S/D","S/D","S/D","Intersección","Bueno","Buena","Diurna","S/D","Frontal","S/D","Colisión","S/D","S/D","S/D","S/D"
2014,8163,21/09/2014,"Domingo",0,01:00:00,,"0.0",1,"Moto/Ciclomotor","Beck y Herzeg Y L de la Torre",2,1,0,0,1,0,0,,"Calle",,"SAN CARLOS CENTRO","Las Colonias","S/D","S/D","XI","S/D","Urbana","S/D","S/D","Intersección","S/D","S/D","Nocturna","S/D","S/D","S/D","Caída ocupante","S/D","S/D","S/D","S/D"
2014,8164,07/09/2014,"Domingo",0,15:40:00,,"0.0",2,"Bicicleta,Moto/Ciclomotor","Guillermo Brown ",2,1,0,0,1,0,0,,"Calle",,"VILLA CONSTITUCIÓN","Constitución","Asfalto","Pavimento","XV","S/D","Urbana","Ninguna","No existe","Intersección","Bueno","Buena","Diurna","Buen Tiempo","Frontal","S/D","Atropello","Ninguna","Faltante","Ninguna","Sin restricción"
2014,8165,07/09/2014,"Domingo",0,12:15:00,,"0.0",2,"Moto/Ciclomotor,Automóvil","Independencia Y Mendoza",2,0,1,0,1,0,0,,"Calle",,"VILLA CONSTITUCIÓN","Constitución","Asfalto","Pavimento","VI","Dentro","Urbana","Ninguna","No existe","Intersección","Bueno","Buena","Diurna","Buen Tiempo","Lateral","S/D","Colisión","Ninguna","Faltante","Ninguna","Sin restricción"
2014,8166,05/09/2014,"Viernes",0,,,"0.0",2,"Moto/Ciclomotor,Automóvil","Saavedra Y Acevedo",3,2,0,0,1,0,0,,"Avenida",,"VILLA CONSTITUCIÓN","Constitución","Asfalto","Pavimento","VI","Dentro","Urbana","Semáforo","Funciona","Intersección","Bueno","Buena","Diurna","Buen Tiempo","Lateral","S/D","Colisión","Ninguna","Faltante","Ninguna","Sin restricción"
2014,8167,13/08/2014,"Miercoles",0,23:05:00,,"0.0",2,"Moto/Ciclomotor,Automóvil","Mariano Moreno Y Leandro N Alem",3,2,1,0,0,0,0,,"Calle",,"ESPERANZA","Las Colonias","Asfalto","No existe","XI","Dentro","Urbana","Ninguna","No existe","Intersección","Bueno","Buena","Nocturna","Buen Tiempo","Frontal,Lateral","S/D","Colisión","S/D","Vertical","Ninguna","Sin restricción"
2014,8168,11/09/2014,"Jueves",0,,"Ruta Provincial 94","0.0",2,"Moto/Ciclomotor,Automóvil"," ",2,1,0,0,1,0,0,,"Ruta",94,"VILLA CONSTITUCIÓN","Constitución","Asfalto","S/D","VI","Dentro","Urbana","Ninguna","S/D","Intersección","Bueno","S/D","S/D","Buen Tiempo","Lateral","S/D","Colisión","Ninguna","Faltante","Ninguna","Sin restricción"
2014,8169,12/09/2014,"Viernes",0,11:30:00,,"0.0",2,"Moto/Ciclomotor,Automóvil","Independencia Y Santa Cruz",2,1,0,0,1,0,0,,"Avenida",,"VILLA CONSTITUCIÓN","Constitución","Asfalto","S/D","VI","S/D","Urbana","S/D","S/D","Intersección","Bueno","Buena","S/D","Buen Tiempo","S/D","S/D","Colisión","S/D","S/D","S/D","S/D"
2014,8170,11/09/2014,"Jueves",0,,,"0.0",2,"Moto/Ciclomotor,Automóvil","Colon Y Salta",2,1,0,0,1,0,0,,"Calle",,"VILLA CONSTITUCIÓN","Constitución","Asfalto","Pavimento","VI","Dentro","Urbana","Ninguna","No existe","Intersección","Bueno","Buena","Diurna","Buen Tiempo","Lateral","S/D","Colisión","Ninguna","Faltante","Ninguna","Sin restricción"
2014,8171,19/09/2014,"Viernes",0,16:30:00,,"0.0",2,"Moto/Ciclomotor,Automóvil","Cochero Y Almiron",2,1,0,0,1,0,0,,"Calle",,"VILLA CONSTITUCIÓN","Constitución","Asfalto","S/D","VI","S/D","Urbana","S/D","S/D","Intersección","Bueno","Buena","Diurna","S/D","Frontal","S/D","Colisión","S/D","S/D","S/D","S/D"
2014,8172,05/09/2014,"Viernes",0,,,"0.0",2,"Bicicleta,Moto/Ciclomotor","Catamarca Y San Martin",2,1,0,0,1,0,0,,"Avenida",,"VILLA CONSTITUCIÓN","Constitución","Asfalto","Pavimento","VI","Dentro","Urbana","Ninguna","No existe","Intersección","Bueno","Buena","Diurna","Buen Tiempo","S/D","S/D","Atropello","Ninguna","Faltante","Ninguna","Sin restricción"
2014,8173,06/09/2014,"Sabado",0,,,"0.0",2,"Moto/Ciclomotor,Pickup/Utilitario","Libertad Y Simon Bolivar",3,2,0,0,1,0,0,,"Calle",,"VILLA CONSTITUCIÓN","Constitución","Asfalto","Pavimento","VI","Dentro","Urbana","Ninguna","No existe","Intersección","Bueno","Buena","Diurna","Buen Tiempo","Lateral","S/D","Colisión","Ninguna","Faltante","Ninguna","Sin restricción"
2014,8174,08/09/2014,"Lunes",0,,,"0.0",2,"Automóvil,Automóvil","San Martin Y Mendoza",2,1,0,0,1,0,0,,"Avenida",,"VILLA CONSTITUCIÓN","Constitución","Asfalto","S/D","VI","S/D","Urbana","Ninguna","No existe","Otro","S/D","Buena","Diurna","Buen Tiempo","Frontal","S/D","Otro","S/D","S/D","Ninguna","Sin restricción"
2014,8175,05/09/2014,"Viernes",0,,,"0.0",2,"Moto/Ciclomotor,Automóvil","French Y Simon Bolivar",3,2,0,0,1,0,0,,"Calle",,"VILLA CONSTITUCIÓN","Constitución","Asfalto","Pavimento","VI","Dentro","Urbana","Ninguna","No existe","Intersección","Bueno","Buena","Diurna","Buen Tiempo","Lateral","S/D","Colisión","Ninguna","Faltante","Ninguna","Sin restricción"
2014,8176,02/09/2014,"Martes",0,,,"0.0",2,"Moto/Ciclomotor,Automóvil","Avelleneda Y Juan Jose de Urquiza",3,2,0,0,1,0,0,,"Calle",,"VILLA CONSTITUCIÓN","Constitución","Asfalto","Pavimento","VI","Dentro","Urbana","Ninguna","No existe","Intersección","Bueno","Buena","Diurna","Buen Tiempo","Frontal","S/D","Colisión","Ninguna","Faltante","Ninguna","Sin restricción"
2014,8177,02/09/2014,"Martes",0,,,"0.0",2,"Moto/Ciclomotor,Automóvil","Juan Jose de Urquiza Y Formosa",3,2,0,0,1,0,0,,"Calle",,"VILLA CONSTITUCIÓN","Constitución","Asfalto","Pavimento","VI","Dentro","Urbana","Ninguna","No existe","Intersección","Bueno","Buena","Diurna","Buen Tiempo","Frontal","S/D","Colisión","Ninguna","Faltante","Ninguna","Sin restricción"
2014,8178,04/09/2014,"Jueves",0,,,"0.0",2,"Moto/Ciclomotor,Automóvil","San Martin Y Presidente Peron",3,2,0,0,1,0,0,,"Calle",,"VILLA CONSTITUCIÓN","Constitución","Hormigón","Pavimento","VI","Dentro","Urbana","Ninguna","No existe","Intersección","Bueno","Buena","Diurna","Buen Tiempo","Frontal","S/D","Colisión","Ninguna","Faltante","Ninguna","Sin restricción"
2014,8179,02/09/2014,"Martes",0,,,"0.0",2,"Bicicleta,Automóvil","Acevedo Y Pbro D Segundo",2,1,0,0,1,0,0,,"Avenida",,"VILLA CONSTITUCIÓN","Constitución","Asfalto","Pavimento","VI","S/D","Urbana","Ninguna","Funciona","Intersección","Bueno","Buena","Diurna","Buen Tiempo","S/D","S/D","Atropello","Ninguna","Faltante","Ninguna","Sin restricción"
2014,8181,10/03/2014,"Lunes",0,21:10:00,"Ruta Nacional 33","0.0",2,"Camión,Moto/Ciclomotor","Av Dr Luis Chapuis ",2,0,0,0,1,0,1,,"Ruta",33,"VENADO TUERTO","General López","S/D","S/D","VIII","Dentro","S/D","S/D","S/D","Intersección","S/D","S/D","Nocturna","S/D","Lateral","S/D","Colisión","S/D","S/D","S/D","S/D"
2014,8182,12/03/2014,"Miercoles",0,11:50:00,"Autopista Provincial Brigadier E.López","8.0",1,"Automóvil"," ",2,2,0,0,0,0,0,,"Autopista","Brigadier E.López","CAPITÁN BERMÚDEZ","San Lorenzo","Hormigón","Natural","XVII","S/D","S/D","S/D","S/D","S/D","S/D","S/D","Diurna","S/D","S/D","S/D","Vuelco","S/D","Horizontal","S/D","S/D"
2014,8184,14/03/2014,"Viernes",0,15:00:00,"Autopista Provincial Brigadier E.López","8.0",2,"Automóvil,Automóvil"," ",2,1,0,0,1,0,0,,"Autopista","Brigadier E.López","CAPITÁN BERMÚDEZ","San Lorenzo","Hormigón","Natural","XVII","Dentro","S/D","S/D","S/D","S/D","S/D","S/D","Diurna","S/D","S/D","S/D","Colisión","S/D","Horizontal","S/D","S/D"
2014,8185,14/03/2014,"Viernes",0,20:50:00,"Autopista Provincial Brigadier E.López","3.0",2,"Automóvil,Peatón"," ",2,1,0,0,1,0,0,,"Autopista","Brigadier E.López","GRANADERO BAIGORRIA","Rosario","Hormigón","S/D","II","Dentro","S/D","S/D","S/D","S/D","S/D","S/D","Nocturna","S/D","S/D","S/D","Atropello","S/D","S/D","S/D","S/D"
2014,8187,13/03/2014,"Jueves",0,17:00:00,"Ruta Nacional A012","0.0",2,"Camión,Tren","ENTRE RP 18 Y AUT ROS-BS AS ",2,0,0,0,0,0,2,,"Ruta","A012","ALVEAR","Rosario","S/D","S/D","II","Dentro","Urbana","S/D","S/D","Paso a Nivel FFCC","S/D","S/D","Atardecer","S/D","Lateral","S/D","Colisión","S/D","S/D","S/D","S/D"
2014,8189,15/03/2014,"Sabado",0,09:30:00,"Ruta Nacional 11","785.0",1,"Automóvil"," ",1,0,0,0,0,0,1,,"Ruta",11,"RECONQUISTA","General Obligado","Hormigón","S/D","IX","Fuera","S/D","S/D","S/D","S/D","S/D","S/D","Diurna","S/D","S/D","S/D","Despiste","S/D","S/D","S/D","S/D"
2014,8190,15/03/2014,"Sabado",0,12:40:00,"Autopista Provincial Brigadier E.López","39.0",1,"Camión"," ",1,0,0,0,0,0,1,,"Autopista","Brigadier E.López","OLIVEROS","Iriondo","Hormigón","Natural","X","Fuera","S/D","S/D","S/D","S/D","S/D","S/D","Diurna","S/D","S/D","S/D","S/D","S/D","S/D","S/D","S/D"
2014,8191,04/11/2014,"Martes",0,22:30:00,,"0.0",2,"Automóvil,Moto/Ciclomotor","Gral San Martin Y Salk",2,1,0,0,1,0,0,,"Calle",,"SAN GUILLERMO","San Cristóbal","Asfalto","No existe","XIII","Dentro","Urbana","Ninguna","No existe","Intersección","Bueno","Buena","Nocturna,Con luz artificial","Buen Tiempo","Lateral","S/D","Colisión","S/D","Horizontal","Ninguna","Sin restricción"
2014,8192,21/09/2014,"Domingo",1,19:30:00,,"0.0",3,"Automóvil,Moto/Ciclomotor,Taxi/Remis","25 de Mayo Y Rivadavia",3,1,0,0,2,0,0,,"Calle",,"MOISÉS VILLE","San Cristóbal","Asfalto","Pavimento","XIII","S/D","Urbana","Ninguna","No existe","Intersección","Bueno","Buena","Atardecer","Buen Tiempo","Lateral","S/D","Colisión","S/D","Horizontal","Cordón divisorio","Sin restricción"
2014,8193,20/10/2014,"Lunes",0,03:00:00,"Ruta Nacional 95","301.0",1,"Pickup/Utilitario"," ",3,2,0,0,1,0,0,,"Ruta",95,"POZO BORRADO","9 de Julio","Asfalto","Natural","XII","Fuera","Rural","Ninguna","No existe","Recta","Bueno","Buena","Nocturna","Lluvia","S/D","S/D","Vuelco","Agua","Vertical","Línea divisoria pintada","Sin restricción"
2014,8194,29/10/2014,"Miercoles",0,,,"0.0",2,"Moto/Ciclomotor,Automóvil","J J Paso Y Independencia",3,1,0,0,2,0,0,,"S/D",,"CERES","San Cristóbal","Asfalto","No existe","XIII","S/D","Urbana","Ninguna","S/D","Intersección","Bueno","Buena","Diurna","Buen Tiempo","S/D","S/D","Colisión","S/D","S/D","Cordón divisorio","Sin restricción"
2014,8195,21/09/2014,"Domingo",0,06:55:00,,"0.0",1,"Pickup/Utilitario","San Martin Y Moreno",1,1,0,0,0,0,0,,"Calle",,"MOISÉS VILLE","San Cristóbal","Asfalto","No existe","XIII","S/D","Urbana","Ninguna","No existe","Intersección","Bueno","Buena","Amanecer","Buen Tiempo","Contra objeto fijo","S/D","S/D","S/D","Horizontal","Cordón divisorio","Sin restricción"
2014,8196,11/10/2014,"Sabado",0,16:20:00,,"0.0",2,"Moto/Ciclomotor,Pickup/Utilitario","Juan de Garay Y Lavalle",2,1,0,0,1,0,0,,"Calle",,"CERES","San Cristóbal","Asfalto","No existe","XIII","S/D","Urbana","Ninguna","No existe","Intersección","Bueno","Buena","Diurna","Buen Tiempo","Lateral","S/D","Colisión","S/D","Faltante","Ninguna","Sin restricción"
2014,8197,01/09/2014,"Lunes",0,,,"0.0",3,"Automóvil,Automóvil,Camión","Guillermo Brown Y 14 de Febrero",4,0,1,0,3,0,0,,"Calle",,"VILLA CONSTITUCIÓN","Constitución","Asfalto","Pavimento","VI","S/D","Urbana","Ninguna","No existe","Intersección","Bueno","Buena","Diurna","Buen Tiempo","Múltiple","S/D","Colisión","Ninguna","Faltante","Ninguna","Sin restricción"
2014,8198,26/10/2014,"Domingo",0,16:20:00,,"0.0",2,"Moto/Ciclomotor,Moto/Ciclomotor","9 de Julio Y Maipu",3,3,0,0,0,0,0,,"Calle",,"SAN CRISTÓBAL","San Cristóbal","Asfalto","No existe","XIII","Dentro","Urbana","Ninguna","No existe","Intersección","Bueno","Buena","Diurna","Buen Tiempo","Lateral","S/D","Colisión","S/D","Faltante","Ninguna","Sin restricción"
2014,8199,13/10/2014,"Lunes",0,20:30:00,,"0.0",1,"Moto/Ciclomotor","La Paz 800",1,1,0,0,0,0,0,,"Calle",,"SAN CRISTÓBAL","San Cristóbal","Ripio","Natural","XIII","Dentro","Urbana","Ninguna","No existe","Recta","Bueno","Reducida","Nocturna","Buen Tiempo","Contra objeto fijo","S/D","Caída ocupante","S/D","Faltante","Ninguna","Sin restricción"
2014,8200,10/09/2014,"Miercoles",0,,,"0.0",2,"Moto/Ciclomotor,Automóvil","Independencia Y 14 de Febrero",2,1,0,0,1,0,0,,"Avenida",,"VILLA CONSTITUCIÓN","Constitución","Asfalto","Pavimento","VI","Dentro","Urbana","Ninguna","No existe","Intersección","Bueno","Buena","Diurna","Buen Tiempo","Lateral","S/D","Colisión","Ninguna","Faltante","Ninguna","Sin restricción"
2014,8201,18/09/2014,"Jueves",0,,,"0.0",2,"Moto/Ciclomotor,Automóvil","Catamarca Y Saavedra",3,2,0,0,1,0,0,,"Avenida",,"VILLA CONSTITUCIÓN","Constitución","Asfalto","Pavimento","VI","Dentro","Urbana","Ninguna","No existe","Intersección","Bueno","Buena","Diurna","Buen Tiempo","Frontal","S/D","Colisión","Ninguna","Faltante","Ninguna","Sin restricción"
2014,8202,08/09/2014,"Lunes",0,,,"0.0",2,"Moto/Ciclomotor,Automóvil","San Martin Y Av. del Trabajo",2,1,0,0,1,0,0,,"Avenida",,"VILLA CONSTITUCIÓN","Constitución","Asfalto","Pavimento","VI","Dentro","Urbana","Semáforo","Funciona","Intersección","Bueno","Buena","Diurna","Buen Tiempo","Frontal","S/D","Colisión","Ninguna","Faltante","Ninguna","Sin restricción"
2014,8203,01/09/2014,"Lunes",0,,,"0.0",2,"Bicicleta,Automóvil","Belgrano Y Avelleneda",2,1,0,0,1,0,0,,"Calle",,"VILLA CONSTITUCIÓN","Constitución","Asfalto","Pavimento","VI","Dentro","Urbana","Ninguna","No existe","Intersección","Bueno","Buena","Diurna","Buen Tiempo","S/D","S/D","Atropello","Ninguna","Faltante","Ninguna","Sin restricción"
2014,8204,04/10/2014,"Sabado",0,19:00:00,,"0.0",2,"Peatón,Pickup/Utilitario","9 de Julio Y Bernardino Rivadavia",2,0,1,0,1,0,0,,"Calle",,"VILLA MINETTI","9 de Julio","Ripio","No existe","XII","Dentro","Urbana","Ninguna","No existe","Recta","Bueno","Buena","Diurna","Buen Tiempo","S/D","S/D","Atropello","Material Suelto","S/D","Ninguna","Sin restricción"
2014,8205,06/09/2014,"Sabado",0,,,"0.0",2,"Moto/Ciclomotor,Pickup/Utilitario"," ",2,1,0,0,1,0,0,,"Calle",,"VILLA CONSTITUCIÓN","Constitución","Asfalto","Pavimento","VI","Dentro","Urbana","Ninguna","No existe","Intersección","Bueno","Buena","Diurna","Buen Tiempo","Frontal","S/D","Colisión","Ninguna","Faltante","Ninguna","Sin restricción"
2014,8206,25/10/2014,"Sabado",0,12:15:00,,"0.0",2,"Moto/Ciclomotor,Moto/Ciclomotor","Avenida J D Peron Grl Pres Y Suipacha",2,2,0,0,0,0,0,,"Avenida",,"CERES","San Cristóbal","Asfalto","No existe","XIII","S/D","Urbana","Ninguna","No existe","Intersección","Bueno","Buena","Diurna","Buen Tiempo","S/D","S/D","Colisión","S/D","Faltante","Cordón divisorio","Sin restricción"
2014,8207,17/09/2014,"Miercoles",0,,,"0.0",2,"Moto/Ciclomotor,Moto/Ciclomotor","Misiones Y Saavedra",2,1,0,0,1,0,0,,"Avenida",,"VILLA CONSTITUCIÓN","Constitución","Hormigón","Pavimento","VI","Dentro","Urbana","Ninguna","No existe","Intersección","Bueno","Buena","Diurna","Buen Tiempo","Frontal","S/D","Colisión","Ninguna","Faltante","Ninguna","Sin restricción"
2014,8208,06/09/2014,"Sabado",0,,,"0.0",3,"Moto/Ciclomotor,Moto/Ciclomotor,Automóvil","San Martin Y Lisandro de la Torre",3,2,0,0,1,0,0,,"Avenida",,"VILLA CONSTITUCIÓN","Constitución","Asfalto","Pavimento","VI","Dentro","Urbana","Ninguna","No existe","Intersección","Bueno","Buena","Diurna","Buen Tiempo","Lateral","S/D","Colisión","Ninguna","Faltante","Ninguna","Sin restricción"
2014,8209,25/10/2014,"Sabado",0,19:55:00,,"0.0",2,"Bicicleta,Moto/Ciclomotor","Jose Maria Rosa Y Santa Rosa de Lima",2,2,0,0,0,0,0,,"Calle",,"COLONIA ROSA","San Cristóbal","Asfalto,Ripio","Pavimento","XIII","Dentro","Urbana","Ninguna","No existe","Intersección","Bueno","Buena","Nocturna","Buen Tiempo","S/D","S/D","Atropello","S/D","Vertical","S/D","Sin restricción"
2014,8210,24/09/2014,"Miercoles",0,,,"0.0",2,"Moto/Ciclomotor,Automóvil","San Luis Y Yapeyu",2,1,0,0,1,0,0,,"Calle",,"VILLA CONSTITUCIÓN","Constitución","Asfalto","No existe","VI","Dentro","Urbana","Ninguna","No existe","Intersección","Bueno","Buena","Diurna","Buen Tiempo","Lateral","S/D","Colisión","Ninguna","Faltante","Ninguna","Sin restricción"