"anio_acci","nro_acci","fecha","desc_dia","fecha_aprox","hora_aprox","desc_ruta","km","cant_participantes","desc_participante","calle_avenida_km","total","heridos_leves","heridos_graves","heridos_gravisimos","ilesos","fallecidos","sin_datos","posicion_XY","desc_tipo_via","desc_ruta_ori","desc_loc","desc_dpto","desc_tipo_calzada","desc_tipo_banquina","desc_unidad_regional","desc_lugar_calzada","desc_zona","desc_prioridad","desc_estado_semaforo","desc_lugar_via","desc_estado_via","desc_estado_visibilidad","desc_luminosidad","desc_estado_clima","desc_tipo_colision","desc_tipo_atropello","desc_tipo_hecho","desc_pres_calzada","desc_senializacion","desc_separacion_via","desc_restriccion"
2014,8211,24/09/2014,"Miercoles",0,,,"0.0",2,"Moto/Ciclomotor,Automóvil","Manuel Dorrego Y San Juan",3,2,0,0,1,0,0,,"Calle",,"VILLA CONSTITUCIÓN","Constitución","Asfalto","S/D","VI","S/D","Urbana","Ninguna","S/D","Intersección","Bueno","S/D","S/D","Buen Tiempo","Frontal","S/D","Colisión","Ninguna","Faltante","Ninguna","Sin restricción"
2014,8212,25/10/2014,"Sabado",0,20:25:00,,"0.0",1,"Moto/Ciclomotor","Gral Belgrano 1900",1,1,0,0,0,0,0,,"Calle",,"SAN CRISTÓBAL","San Cristóbal","Asfalto","Pavimento","XIII","Dentro","Urbana","Ninguna","No existe","Intersección","Bueno","Buena","Nocturna","Buen Tiempo","Atropello animal","S/D","Caída ocupante","S/D","Faltante","Ninguna","Sin restricción"
2014,8213,04/04/2014,"Viernes",0,19:10:00,,"0.0",1,"Moto/Ciclomotor","CAMINO VECINAL KM3700 ",1,1,0,0,0,0,0,,"Camino Rural",,"VILLA MINETTI","9 de Julio","Tierra","No existe","XII","Dentro","Rural","Ninguna","No existe","Recta","Con baches","Reducida","Nocturna","Viento Fuerte","S/D","S/D","Vuelco","S/D","S/D","Ninguna","Sin restricción"
2014,8214,06/09/2014,"Sabado",0,,,"0.0",2,"Moto/Ciclomotor,Automóvil","Juan Jose de Urquiza Y Mendoza",2,1,0,0,1,0,0,,"Calle",,"VILLA CONSTITUCIÓN","Constitución","Asfalto","Pavimento","VI","Dentro","Urbana","Ninguna","No existe","Recta","Bueno","Buena","Diurna","Buen Tiempo","Lateral","S/D","Colisión","Ninguna","Faltante","Ninguna","Sin restricción"
2014,8215,17/10/2014,"Viernes",0,14:50:00,,"0.0",2,"Moto/Ciclomotor,Automóvil","25 de Mayo Y Mariano Moreno",2,1,0,0,1,0,0,,"Avenida",,"SAN GUILLERMO","San Cristóbal","Asfalto","S/D","XIII","S/D","Urbana","Ninguna","No existe","Recta","S/D","Buena","Diurna","Buen Tiempo","Lateral","S/D","Colisión","S/D","S/D","Ninguna","S/D"
2014,8216,23/09/2014,"Martes",0,,,"0.0",2,"Moto/Ciclomotor,Automóvil","Catamarca Y Saavedra",2,1,0,0,1,0,0,,"Avenida",,"VILLA CONSTITUCIÓN","Constitución","Asfalto","Pavimento","VI","Dentro","Urbana","Ninguna","No existe","Intersección","Bueno","Buena","Diurna","Buen Tiempo","Lateral","S/D","Colisión","Ninguna","Faltante","Ninguna","Sin restricción"
2014,8217,14/09/2014,"Domingo",0,,,"0.0",2,"Automóvil,Automóvil","Manuel Dorrego Y Salta",2,1,0,0,1,0,0,,"Calle",,"VILLA CONSTITUCIÓN","Constitución","Asfalto","Pavimento","VI","Dentro","Urbana","Ninguna","No existe","Intersección","Bueno","Buena","Diurna","Buen Tiempo","Frontal","S/D","Colisión","Ninguna","Faltante","Ninguna","Sin restricción"
2014,8218,24/09/2014,"Miercoles",0,,,"0.0",2,"Moto/Ciclomotor,Automóvil","14 de Febrero Y Guillermo Brown",2,1,0,0,1,0,0,,"Avenida",,"VILLA CONSTITUCIÓN","Constitución","Asfalto","Pavimento","VI","Dentro","Urbana","Ninguna","No existe","Intersección","Bueno","Buena","Diurna","Buen Tiempo","Lateral","S/D","Colisión","Ninguna","Faltante","Ninguna","Sin restricción"
2014,8219,14/10/2014,"Martes",0,23:50:00,,"0.0",1,"Automóvil"," ",3,1,1,0,0,0,1,,"Calle",,"MONTE OSCURIDAD","San Cristóbal","Tierra","Natural","XIII","Fuera","Rural","Ninguna","No existe","Intersección","Bueno","Reducida","Nocturna","Buen Tiempo","Frontal","S/D","Colisión","S/D","Faltante","Ninguna","Sin restricción"
2014,8220,16/09/2014,"Martes",0,,,"0.0",2,"Moto/Ciclomotor,Automóvil","Presidente Peron Y Las Heras",3,1,0,0,2,0,0,,"Avenida",,"VILLA CONSTITUCIÓN","Constitución","Asfalto","Pavimento","VI","Dentro","Urbana","Ninguna","No existe","Intersección","Bueno","Buena","Diurna","Buen Tiempo","Frontal","S/D","Colisión","Ninguna","Faltante","Ninguna","Sin restricción"
2014,8221,27/10/2014,"Lunes",0,13:30:00,,"0.0",2,"Moto/Ciclomotor,Automóvil","Moreno Y San Lorenzo",2,0,0,0,0,0,2,,"Calle",,"SANTA FE","La Capital","Asfalto","S/D","I","S/D","Urbana","S/D","S/D","Intersección","S/D","S/D","S/D","S/D","S/D","S/D","Colisión","S/D","S/D","S/D","S/D"
2014,8222,27/10/2014,"Lunes",0,12:30:00,,"0.0",2,"Camión,Moto/Ciclomotor","Av Freyre Y Monseñor Zaspe",2,0,0,0,0,0,2,,"Avenida",,"SANTA FE","La Capital","Asfalto","S/D","I","S/D","Urbana","S/D","S/D","Intersección","S/D","S/D","S/D","S/D","S/D","S/D","Colisión","S/D","S/D","S/D","S/D"
2014,8223,03/10/2014,"Viernes",0,14:00:00,,"0.0",2,"Moto/Ciclomotor,Otros","Gorriti Y Dr Zavalla",3,2,0,0,0,0,1,,"Avenida",,"SANTA FE","La Capital","Asfalto","Pavimento","I","Dentro","Urbana","S/D","No existe","Intersección","Bueno","Buena","Diurna","S/D","Lateral","S/D","Colisión","S/D","S/D","S/D","S/D"
2014,8224,16/09/2014,"Martes",0,,,"0.0",2,"Moto/Ciclomotor,Automóvil","Saavedra Y Berutti",3,2,0,0,1,0,0,,"Avenida",,"VILLA CONSTITUCIÓN","Constitución","Asfalto","Pavimento","VI","Dentro","Urbana","Ninguna","No existe","Intersección","Bueno","Buena","Diurna","Buen Tiempo","Lateral","S/D","Colisión","Ninguna","Faltante","Ninguna","Sin restricción"
2014,8225,01/10/2014,"Miercoles",0,13:50:00,,"0.0",2,"Peatón,Automóvil","Av Freyre Y Salta",2,1,0,0,1,0,0,"-31.647944444444,-60.719333333333","Avenida",,"SANTA FE","La Capital","S/D","S/D","I","S/D","Urbana","S/D","S/D","S/D","S/D","S/D","Diurna","S/D","S/D","S/D","Atropello","S/D","S/D","S/D","S/D"
2014,8226,07/10/2014,"Martes",0,17:00:00,,"0.0",2,"Automóvil,Moto/Ciclomotor","Javier de la Rosa Y Pje Ingenieros",2,1,0,0,1,0,0,,"Calle",,"SANTA FE","La Capital","Tierra","No existe","I","Dentro","Urbana","S/D","No existe","Intersección","Deteriorada","Buena","Atardecer","Buen Tiempo","Lateral","S/D","Colisión","S/D","S/D","S/D","S/D"
2014,8227,20/10/2014,"Lunes",0,09:00:00,,"0.0",2,"Automóvil,Moto/Ciclomotor","Av Freyre Y Monseñor Zaspe",2,1,0,0,0,0,1,,"Avenida",,"SANTA FE","La Capital","Asfalto","S/D","I","S/D","Urbana","S/D","S/D","Intersección","S/D","S/D","S/D","S/D","S/D","S/D","Colisión","S/D","S/D","S/D","S/D"
2014,8228,03/10/2014,"Viernes",0,16:00:00,,"0.0",2,"Moto/Ciclomotor,Automóvil","Laurencio Maradona ",2,1,0,0,0,0,1,,"Calle",,"SANTA FE","La Capital","Asfalto","Pavimento","I","Dentro","Urbana","S/D","Funciona","Recta","Bueno","Buena","Diurna","Buen Tiempo","Lateral","S/D","Colisión","S/D","S/D","Línea divisoria pintada","Sin restricción"
2014,8229,08/10/2014,"Miercoles",0,09:00:00,,"0.0",2,"Automóvil,Moto/Ciclomotor","Ayacucho Y Av Facundo Zuviria",2,1,0,0,1,0,0,,"Avenida",,"SANTA FE","La Capital","Asfalto,Tierra","S/D","I","Dentro","Urbana","S/D","No existe","Intersección","Bueno","S/D","Diurna","Buen Tiempo","Lateral","S/D","Colisión","S/D","S/D","S/D","S/D"
2014,8230,13/10/2014,"Lunes",0,20:30:00,,"473.5",1,"Automóvil"," ",1,1,0,0,0,0,0,,"S/D",,"SANTA FE","La Capital","Asfalto","Natural","I","S/D","S/D","Ninguna","No existe","Recta","Bueno","Buena","Nocturna","Buen Tiempo","De alcance","S/D","Colisión","Material Suelto","Horizontal","Barrera de hormigón","Sin restricción"
2014,8231,26/10/2014,"Domingo",0,19:50:00,,"0.0",1,"Automóvil"," ",3,2,0,0,1,0,0,,"S/D",,"SANTA FE","La Capital","Arena","No existe","I","S/D","S/D","Ninguna","No existe","Curva","Bueno","S/D","Nocturna","Buen Tiempo","Lateral","S/D","Colisión","S/D","Faltante","Ninguna","Sin restricción"
2014,8232,19/10/2014,"Domingo",0,23:20:00,,"0.0",2,"Moto/Ciclomotor,Automóvil","Av Mosconi Y Juan de Garay",2,1,0,0,1,0,0,,"Avenida",,"SANTA FE","La Capital","Asfalto","S/D","I","S/D","Urbana","S/D","S/D","Intersección","S/D","S/D","S/D","S/D","S/D","S/D","Colisión","S/D","S/D","S/D","S/D"
2014,8233,03/10/2014,"Viernes",0,13:00:00,,"0.0",2,"Moto/Ciclomotor,Taxi/Remis","Av Freyre Y Santiago del Estero",2,1,0,0,1,0,0,,"Avenida",,"SANTA FE","La Capital","S/D","S/D","I","S/D","Urbana","S/D","S/D","S/D","S/D","S/D","Diurna","S/D","S/D","S/D","Colisión","S/D","S/D","S/D","S/D"
2014,8234,12/10/2014,"Domingo",0,12:40:00,,"0.0",2,"Moto/Ciclomotor,Taxi/Remis"," ",2,1,0,0,1,0,0,,"Avenida",,"SANTA FE","La Capital","S/D","S/D","I","S/D","Urbana","S/D","S/D","S/D","S/D","S/D","S/D","S/D","S/D","S/D","S/D","S/D","S/D","S/D","S/D"
2014,8235,05/10/2014,"Domingo",0,01:00:00,,"0.0",2,"Moto/Ciclomotor,Taxi/Remis","Av Freyre 3400",2,1,0,0,1,0,0,,"Avenida",,"SANTA FE","La Capital","S/D","S/D","I","S/D","Urbana","S/D","S/D","S/D","S/D","S/D","Nocturna","S/D","S/D","S/D","Colisión","S/D","S/D","S/D","S/D"
2014,8236,18/10/2014,"Sabado",0,21:30:00,,"0.0",2,"Moto/Ciclomotor,Bicicleta","Bernardo de Irigoyen ",2,1,0,0,0,0,1,"-31.655666666667,-60.717472222222","Avenida",,"SANTA FE","La Capital","Asfalto","S/D","I","S/D","Urbana","S/D","S/D","Recta","S/D","S/D","S/D","S/D","S/D","S/D","Atropello","S/D","S/D","S/D","S/D"
2014,8237,06/10/2014,"Lunes",0,09:10:00,,"0.0",2,"Moto/Ciclomotor,Moto/Ciclomotor","Lamadrid Y Magallanes",2,1,0,0,1,0,0,,"Calle",,"SANTA FE","La Capital","S/D","S/D","I","S/D","Urbana","S/D","S/D","S/D","S/D","S/D","Diurna","S/D","S/D","S/D","Colisión","S/D","S/D","S/D","S/D"
2014,8238,06/10/2014,"Lunes",0,18:15:00,,"0.0",2,"Moto/Ciclomotor,Automóvil","Av Freyre Y Bv Pellegrini",2,1,0,0,1,0,0,,"Avenida",,"SANTA FE","La Capital","S/D","S/D","I","S/D","Urbana","S/D","S/D","S/D","S/D","S/D","Atardecer","S/D","S/D","S/D","Colisión","S/D","S/D","S/D","S/D"
2014,8239,02/09/2014,"Martes",0,13:30:00,,"0.0",2,"Moto/Ciclomotor,Automóvil","Necochea Y Centeno",2,1,0,0,1,0,0,,"Calle",,"ROSARIO","Rosario","Asfalto","No existe","II","Dentro","Urbana","Marca Vial","No existe","Intersección","Bueno","Buena","Diurna","Buen Tiempo","Lateral","S/D","Colisión","Ninguna","Vertical","Línea divisoria pintada","Sin restricción"
2014,8240,06/09/2014,"Sabado",0,23:00:00,,"0.0",2,"Moto/Ciclomotor,Transporte de Pasajeros Urbano (> 8 asientos)","Colon Y Gaboto",3,2,0,0,1,0,0,,"Calle",,"ROSARIO","Rosario","Asfalto","No existe","II","Dentro","Urbana","Marca Vial","No existe","Intersección","Bueno","Buena","Nocturna,Con luz artificial","Buen Tiempo","Lateral","S/D","Colisión","Ninguna","Vertical","Línea divisoria pintada","Sin restricción"
2014,8241,16/10/2014,"Jueves",0,06:15:00,,"0.0",2,"Automóvil,Automóvil","Av Urquiza 1449",2,0,0,0,0,0,2,,"Calle",,"SANTA FE","La Capital","Asfalto","S/D","I","S/D","Urbana","S/D","S/D","Recta","S/D","S/D","S/D","S/D","Contra objeto fijo","S/D","Colisión","S/D","S/D","S/D","S/D"
2014,8242,16/10/2014,"Jueves",0,20:30:00,,"0.0",2,"Moto/Ciclomotor,Moto/Ciclomotor","Corrientes Y Santiago de Chile",2,0,0,0,0,0,2,,"Calle",,"SANTA FE","La Capital","Asfalto","S/D","I","S/D","Urbana","S/D","S/D","Intersección","S/D","S/D","S/D","S/D","S/D","S/D","Colisión","S/D","S/D","S/D","S/D"
2014,8243,16/10/2014,"Jueves",0,20:00:00,,"0.0",2,"Automóvil,Otros","Monseñor Zaspe Y San Jeronimo",2,2,0,0,0,0,0,,"Calle",,"SANTA FE","La Capital","Asfalto","S/D","I","S/D","Urbana","S/D","S/D","Intersección","S/D","S/D","S/D","S/D","S/D","S/D","Colisión","S/D","S/D","S/D","S/D"
2014,8244,08/09/2014,"Lunes",0,,,"0.0",2,"Automóvil,Automóvil","Grandoli Y Pje. Spiro Bis",5,5,0,0,0,0,0,,"Calle",,"ROSARIO","Rosario","Asfalto","No existe","II","Dentro","Urbana","Marca Vial","No existe","Intersección","Bueno","Buena","Amanecer","Buen Tiempo","Lateral","S/D","Colisión","Ninguna","Vertical","Línea divisoria pintada","Sin restricción"
2014,8245,14/10/2014,"Martes",0,23:15:00,,"0.0",2,"Automóvil,Moto/Ciclomotor","San Lorenzo Y Moreno",2,1,0,0,1,0,0,,"Calle",,"SANTA FE","La Capital","Asfalto","S/D","I","S/D","Urbana","S/D","S/D","Intersección","S/D","S/D","S/D","S/D","S/D","S/D","Colisión","S/D","S/D","S/D","S/D"
2014,8249,16/04/2014,"Miercoles",0,19:25:00,"Autopista Provincial Brigadier E.López","83.0",1,"Automóvil"," ",2,2,0,0,0,0,0,,"Autopista","Brigadier E.López","BARRANCAS","San Jerónimo","S/D","S/D","XV","Dentro","Rural","S/D","S/D","Recta","S/D","S/D","Atardecer","S/D","S/D","S/D","Vuelco","S/D","S/D","S/D","S/D"
2014,8250,16/04/2014,"Miercoles",0,06:30:00,"Autopista Provincial Brigadier E.López","25.0",2,"Automóvil,Camión"," ",2,0,0,0,0,0,2,,"Autopista","Brigadier E.López","TIMBÚES","San Lorenzo","S/D","S/D","XVII","Dentro","Urbana","S/D","S/D","Recta","S/D","S/D","Amanecer","S/D","S/D","S/D","Colisión","S/D","S/D","S/D","S/D"
2014,8253,27/03/2014,"Jueves",0,13:30:00,"Autopista Provincial Brigadier E.López","2.0",2,"Automóvil,Automóvil"," ",2,0,0,0,0,0,2,,"Autopista","Brigadier E.López","GRANADERO BAIGORRIA","Rosario","S/D","S/D","II","Dentro","S/D","S/D","S/D","S/D","S/D","S/D","Diurna","S/D","S/D","S/D","Colisión","S/D","S/D","S/D","S/D"
2014,8254,19/04/2014,"Sabado",0,17:11:00,"Autopista Provincial Brigadier E.López","14.0",1,"Pickup/Utilitario"," ",1,0,0,0,0,0,1,,"Autopista","Brigadier E.López","SAN LORENZO","San Lorenzo","S/D","S/D","XVII","Dentro","Rural","S/D","S/D","Recta","S/D","S/D","Diurna","S/D","Contra objeto fijo","S/D","Colisión","S/D","S/D","S/D","S/D"
2014,8255,27/03/2014,"Jueves",0,11:30:00,"Ruta Nacional 34","227.0",1,"Camión"," ",1,1,0,0,0,0,0,,"Ruta",34,"RAFAELA","Castellanos","Hormigón","S/D","V","S/D","S/D","S/D","S/D","S/D","S/D","S/D","Diurna","S/D","S/D","S/D","Vuelco","S/D","S/D","S/D","S/D"
2014,8257,17/04/2014,"Jueves",0,19:00:00,"Autopista Nacional A008","0.0",6,"Camión,Moto/Ciclomotor,Peatón,Peatón,Peatón,Peatón","ENTRE CHUBUT Y NEUQUEN A MTS DEL ACCES A MENDOZA ",6,2,3,0,0,0,1,,"Autopista","A008","ROSARIO","Rosario","S/D","S/D","II","Dentro","Urbana","S/D","S/D","Recta","S/D","S/D","Atardecer","S/D","Contra objeto fijo","S/D","Colisión","S/D","S/D","S/D","S/D"
2014,8258,16/11/2014,"Domingo",0,01:55:00,,"0.0",1,"Automóvil","Ayacucho Y Estado de Israel",3,0,2,0,0,1,0,"-32.991472222222,-60.636916666667","Calle",,"ROSARIO","Rosario","Asfalto","No existe","II","Fuera","Urbana","Ninguna","No existe","Intersección","Bueno","Buena","Nocturna","S/D","Contra objeto fijo","S/D","Colisión","S/D","S/D","Línea divisoria pintada","Sin restricción"
2014,8259,21/04/2014,"Lunes",0,19:00:00,"Autopista Provincial Brigadier E.López","135.0",2,"Automóvil,Camión"," ",3,1,0,0,2,0,0,,"Autopista","Brigadier E.López","SAUCE VIEJO","La Capital","S/D","S/D","I","Dentro","Rural","S/D","S/D","Recta","S/D","S/D","Atardecer","S/D","Contra objeto fijo","S/D","Colisión","S/D","S/D","S/D","S/D"
2014,8260,16/11/2014,"Domingo",0,16:00:00,,"0.0",2,"Moto/Ciclomotor,Transporte de Pasajeros Urbano (> 8 asientos)","Av Peñaloza Y Estanislao Zeballos",2,0,0,0,1,1,0,"-31.6015,-60.712805555556","Avenida",,"SANTA FE","La Capital","Asfalto","No existe","I","Dentro","Urbana","S/D","Funciona","Intersección","Bueno","Buena","Diurna","S/D","S/D","S/D","Colisión","S/D","S/D","Cordón divisorio","S/D"
2014,8261,19/11/2014,"Miercoles",0,20:00:00,"Ruta Nacional 34","229.0",2,"Pickup/Utilitario,Camión"," ",5,3,0,0,1,1,0,"-31.259748, -61.506720","Ruta",34,"RAFAELA","Castellanos","Asfalto","Natural","V","Dentro","Rural","S/D","Funciona","Recta","Bueno","Buena","Atardecer","Buen Tiempo","De alcance","S/D","Colisión","Ninguna","S/D","Cordón divisorio","S/D"
2014,8262,20/11/2014,"Jueves",0,23:00:00,,"0.0",1,"Moto/Ciclomotor","Soldado Aguirre Y crespo",1,0,0,0,0,1,0,"-33.029666666667,-60.649444444444","Calle",,"VILLA GOBERNADOR GÁLVEZ","Rosario","Asfalto","No existe","II","Fuera","Urbana","Ninguna","No existe","Intersección","Deteriorada","Buena","Nocturna,Con luz artificial","S/D","Contra objeto fijo","S/D","Colisión","Material Suelto","Faltante","Cordón divisorio","Sin restricción"
2014,8263,26/10/2014,"Domingo",0,21:30:00,,"0.0",2,"Moto/Ciclomotor,Bicicleta","Mejico Y Panama",2,1,0,0,1,0,0,,"Calle",,"SAUCE VIEJO","La Capital","Tierra","Natural","I","Dentro","Urbana","Ninguna","No existe","Intersección","Bueno","Reducida","Nocturna","Buen Tiempo","S/D","S/D","Atropello","S/D","Faltante","Ninguna","Sin restricción"
2014,8264,06/10/2014,"Lunes",0,12:25:00,,"0.0",2,"Moto/Ciclomotor,Automóvil","Llerena Y 4 de Enero",2,1,0,0,1,0,0,,"Calle",,"SANTA FE","La Capital","Asfalto","S/D","I","S/D","S/D","S/D","S/D","S/D","S/D","S/D","Diurna","S/D","S/D","S/D","S/D","S/D","S/D","S/D","S/D"
2014,8265,31/10/2014,"Viernes",0,10:15:00,,"0.0",1,"Moto/Ciclomotor","Julio A Roca Y Gobernador Crespo",1,1,0,0,0,0,0,,"Calle",,"TOSTADO","9 de Julio","Asfalto","No existe","XII","Dentro","Urbana","Ninguna","No existe","Intersección","Bueno","Buena","Diurna","Buen Tiempo","Frontal","S/D","Colisión","Ninguna","Faltante","Cordón divisorio","Sin restricción"
2014,8266,17/10/2014,"Viernes",0,20:30:00,,"0.0",2,"Moto/Ciclomotor,Pickup/Utilitario","Bv Pellegrini 3500",2,1,0,0,1,0,0,,"Avenida",,"SANTA FE","La Capital","S/D","S/D","I","S/D","Urbana","S/D","S/D","S/D","S/D","S/D","Nocturna","S/D","S/D","S/D","Colisión","S/D","S/D","S/D","S/D"
2014,8267,12/10/2014,"Domingo",0,13:45:00,"Ruta Nacional 11","0.0",2,"Moto/Ciclomotor,Pickup/Utilitario"," ",2,1,0,0,1,0,0,,"Ruta",11,"SANTA FE","La Capital","Asfalto","S/D","I","S/D","Urbana","S/D","S/D","Recta","S/D","S/D","Diurna","S/D","S/D","S/D","Colisión","S/D","S/D","S/D","S/D"
2014,8268,18/10/2014,"Sabado",0,18:20:00,"Ruta Nacional 11","0.0",2,"Automóvil,Moto/Ciclomotor","Ruta Nacional 11 Y Chubut",2,1,0,0,1,0,0,,"Ruta",11,"RECREO","La Capital","Asfalto","Ripio","I","S/D","Urbana","Ninguna","No existe","Intersección","Bueno","Buena","Diurna","Lluvia","Lateral","S/D","Colisión","Agua","Horizontal","Ninguna","Sin restricción"
2014,8269,15/10/2014,"Miercoles",0,19:30:00,,"0.0",2,"Automóvil,Moto/Ciclomotor","Mariano Candioti Y Hernandarias",4,2,0,0,0,0,2,,"Calle",,"SANTO TOMÉ","La Capital","Asfalto","Pavimento","I","S/D","Urbana","Semáforo","Funciona","Intersección","Bueno","Buena","Nocturna","Buen Tiempo","Otro","S/D","Colisión","Otro","Vertical","Ninguna","Sin restricción"
2014,8270,28/10/2014,"Martes",0,19:15:00,,"0.0",2,"Moto/Ciclomotor,Moto/Ciclomotor","Regis Martinez Y Gdor Freyre",2,2,0,0,0,0,0,,"Calle",,"SANTA FE","La Capital","S/D","S/D","I","S/D","S/D","S/D","S/D","S/D","S/D","S/D","Atardecer","S/D","S/D","S/D","S/D","S/D","S/D","S/D","S/D"
2014,8271,08/10/2014,"Miercoles",0,20:00:00,,"0.0",2,"Pickup/Utilitario,Moto/Ciclomotor","Av A del Valle 7400",2,1,0,0,1,0,0,,"Avenida",,"SANTA FE","La Capital","Asfalto","S/D","I","Dentro","Urbana","S/D","Funciona","Recta","Bueno","Buena","Nocturna,Con luz artificial","Buen Tiempo","Lateral","S/D","Colisión","S/D","S/D","S/D","S/D"
2014,8272,07/10/2014,"Martes",0,11:25:00,,"0.0",2,"Automóvil,Automóvil","Av Freyre Y Juan de Garay",3,1,0,0,2,0,0,,"Calle",,"SANTA FE","La Capital","Asfalto","S/D","I","S/D","Urbana","S/D","S/D","Intersección","S/D","S/D","Diurna","S/D","S/D","S/D","Colisión","S/D","S/D","S/D","S/D"
2014,8273,24/10/2014,"Viernes",0,10:30:00,,"0.0",2,"Moto/Ciclomotor,Pickup/Utilitario","Dr Esteban L Maradona Y Neuquen",3,0,2,0,1,0,0,,"Calle",,"RECREO","La Capital","Ripio","No existe","I","Dentro","Urbana","Ninguna","No existe","Intersección","Bueno","Buena","Diurna","Buen Tiempo","Frontal","S/D","Colisión","Ninguna","Faltante","Ninguna","Sin restricción"
2014,8274,14/10/2014,"Martes",0,10:10:00,,"0.0",2,"Moto/Ciclomotor,Pickup/Utilitario"," ",2,1,0,0,0,0,1,,"S/D",,"TOSTADO","9 de Julio","Asfalto","No existe","XII","S/D","Urbana","Semáforo","Funciona","Intersección","Bueno","Buena","Diurna","Buen Tiempo","S/D","S/D","Colisión","Ninguna","Vertical","Ninguna","Sin restricción"
2014,8275,21/10/2014,"Martes",0,20:50:00,,"0.0",2,"Automóvil,Moto/Ciclomotor","Martin Zapata Y Pje Quiroga",2,1,0,0,0,0,1,,"Calle",,"SANTA FE","La Capital","S/D","S/D","I","S/D","S/D","S/D","S/D","S/D","S/D","S/D","Nocturna","S/D","S/D","S/D","Otro","S/D","S/D","S/D","S/D"
2014,8276,08/10/2014,"Miercoles",0,21:00:00,,"0.0",2,"Moto/Ciclomotor,Automóvil","Falucho Y Hernandarias",2,1,0,0,1,0,0,,"Calle",,"SANTO TOMÉ","La Capital","Asfalto","No existe","I","S/D","Urbana","Ninguna","No existe","Recta","Bueno","Buena","Nocturna","Buen Tiempo","Lateral","S/D","Colisión","S/D","Faltante","S/D","Sin restricción"
2014,8277,21/11/2014,"Viernes",0,14:35:00,"Ruta Nacional 95","930.0",2,"Automóvil,Camión"," ",3,0,0,0,1,2,0,"-28.088618, -61.199726","Ruta",95,"GATO COLORADO","9 de Julio","Asfalto","Natural","XII","Dentro","Rural","Ninguna","No existe","Recta","Bueno","Buena","Diurna","Buen Tiempo","Frontal","S/D","Colisión","S/D","Faltante","Línea divisoria pintada","Sin restricción"
2014,8278,01/09/2014,"Lunes",0,,,"0.0",1,"Bicicleta","Manuel Dorrego Y Catamarca",2,2,0,0,0,0,0,,"Calle",,"VILLA CONSTITUCIÓN","Constitución","Asfalto","Pavimento","VI","S/D","Urbana","Ninguna","No existe","Intersección","Bueno","Buena","Diurna","Buen Tiempo","S/D","S/D","Caída ocupante","Ninguna","Faltante","Ninguna","Sin restricción"
2014,8279,23/10/2014,"Jueves",0,06:40:00,"Ruta Nacional 11","497.0",2,"Automóvil,Camión","Ruta Nacional 11 ",2,1,0,0,1,0,0,,"Ruta",11,"CANDIOTI","La Capital","Asfalto","Natural","I","Fuera","Rural","Ninguna","No existe","Recta","Bueno","Buena","Diurna","Buen Tiempo","Frontal","S/D","Colisión","Ninguna","Horizontal","Línea divisoria pintada","Sin restricción"
2014,8280,03/10/2014,"Viernes",0,13:00:00,,"0.0",2,"Bicicleta,Pickup/Utilitario","25 de Mayo Y Santa Fe",2,1,0,0,1,0,0,,"Calle",,"VILLA MINETTI","9 de Julio","Ripio","No existe","XII","Dentro","Urbana","Ninguna","No existe","Intersección","Bueno","Buena","Diurna","Buen Tiempo","S/D","S/D","Atropello","Material Suelto","S/D","S/D","Sin restricción"
2014,8281,21/10/2014,"Martes",0,18:30:00,,"0.0",2,"Automóvil,Moto/Ciclomotor","Angel Cassanello Y San Lorenzo",2,2,0,0,0,0,0,,"S/D",,"SANTA FE","La Capital","S/D","S/D","I","S/D","S/D","S/D","S/D","S/D","S/D","S/D","Atardecer","S/D","S/D","S/D","S/D","S/D","S/D","S/D","S/D"
2014,8282,10/10/2014,"Viernes",0,15:00:00,,"0.0",2,"Moto/Ciclomotor,Bicicleta","Av A del Valle Y French",2,1,0,0,1,0,0,"-31.592416666667,-60.691944444444","Avenida",,"SANTA FE","La Capital","Asfalto","Pavimento","I","S/D","Urbana","S/D","Funciona","Intersección","Bueno","Buena","Diurna","Buen Tiempo","S/D","S/D","Atropello","S/D","Vertical","S/D","S/D"
2014,8283,02/10/2014,"Jueves",0,18:50:00,,"0.0",2,"Moto/Ciclomotor,Automóvil","Presidente Bernardino Rivadavi Y Juan Bautista Alberdi",2,1,0,0,1,0,0,,"S/D",,"SANTO TOMÉ","La Capital","Asfalto","No existe","I","S/D","S/D","Ninguna","No existe","Intersección","Bueno","Buena","Atardecer","Buen Tiempo","Frontal","S/D","Colisión","S/D","Faltante","S/D","Sin restricción"
2014,8284,27/10/2014,"Lunes",0,18:10:00,"Ruta Nacional 11","0.0",2,"Moto/Ciclomotor,Camión","RUTA NACIONAL N&#186; 11 Y RUTA PROVINCIAL N&#186; 5",3,1,1,0,1,0,0,,"Ruta",11,"RECREO","La Capital","Asfalto","Ripio","I","Dentro","Urbana","Ninguna","No existe","Intersección","Bueno","Buena","Atardecer","Buen Tiempo","Lateral","S/D","Colisión","Ninguna","Horizontal,Vertical","Línea divisoria pintada","Sin restricción"
2014,8285,26/10/2014,"Domingo",0,02:15:00,,"0.0",2,"Moto/Ciclomotor,Vehículo Oficial","San Cristobal Y Independencia",2,1,0,0,0,0,1,,"Calle",,"TOSTADO","9 de Julio","Asfalto","No existe","XII","Dentro","Urbana","Ninguna","No existe","Intersección","Bueno","Buena","Nocturna","Buen Tiempo","Lateral","S/D","Colisión","Ninguna","Faltante","Ninguna","Sin restricción"