"anio_acci","nro_acci","fecha","desc_dia","fecha_aprox","hora_aprox","desc_ruta","km","cant_participantes","desc_participante","calle_avenida_km","total","heridos_leves","heridos_graves","heridos_gravisimos","ilesos","fallecidos","sin_datos","posicion_XY","desc_tipo_via","desc_ruta_ori","desc_loc","desc_dpto","desc_tipo_calzada","desc_tipo_banquina","desc_unidad_regional","desc_lugar_calzada","desc_zona","desc_prioridad","desc_estado_semaforo","desc_lugar_via","desc_estado_via","desc_estado_visibilidad","desc_luminosidad","desc_estado_clima","desc_tipo_colision","desc_tipo_atropello","desc_tipo_hecho","desc_pres_calzada","desc_senializacion","desc_separacion_via","desc_restriccion"
2014,8286,29/10/2014,"Miercoles",0,22:30:00,,"0.0",1,"Moto/Ciclomotor"," ",1,0,1,0,0,0,0,,"Calle",,"TOSTADO","9 de Julio","Ripio","Ripio","XII","Dentro","Urbana","Ninguna","No existe","Recta","Bueno","Buena","Nocturna","Buen Tiempo","Atropello animal","S/D","Caída ocupante","Ninguna","Faltante","Ninguna","Sin restricción"
2014,8287,19/10/2014,"Domingo",0,21:00:00,,"0.0",2,"Automóvil,Moto/Ciclomotor","San Martin Y Ayacucho",2,1,0,0,1,0,0,,"Calle",,"SANTA FE","La Capital","Tierra,Ripio","S/D","I","Dentro","Urbana","S/D","No existe","Intersección","Resbaladiza","Reducida polvo","Nocturna,Con luz artificial","Buen Tiempo","Lateral","S/D","Colisión","Material Suelto","Faltante","S/D","S/D"
2014,8288,04/10/2014,"Sabado",0,13:20:00,,"0.0",2,"Moto/Ciclomotor,Automóvil","La Rioja Y General Manuel Belgrano",2,1,0,0,1,0,0,,"Calle",,"SANTO TOMÉ","La Capital","Asfalto","No existe","I","S/D","Urbana","Semáforo","No funciona","Recta","Bueno","Buena","Diurna","Viento Fuerte","De alcance","S/D","Colisión","S/D","Vertical","Línea divisoria pintada","Sin restricción"
2014,8289,22/11/2014,"Sabado",0,06:00:00,,"0.0",2,"Moto/Ciclomotor,Pickup/Utilitario","Entre Rios Y La Pampa",2,0,0,0,1,1,0,"-29.224638888889,-61.765944444444","Calle",,"TOSTADO","9 de Julio","Ripio","Ripio","XII","Dentro","Urbana","Ninguna","No existe","Intersección","Bueno","Buena","Amanecer","Buen Tiempo","Lateral","S/D","Colisión","S/D","Faltante","Ninguna","Sin restricción"
2014,8290,26/10/2014,"Domingo",0,14:30:00,,"0.0",2,"Moto/Ciclomotor,Moto/Ciclomotor","12 de septiembre Y Avenida General Bartolome Mitr",2,1,0,0,1,0,0,,"Calle",,"SANTO TOMÉ","La Capital","Tierra","No existe","I","S/D","Urbana","Ninguna","No existe","Intersección","Bueno","Buena","Atardecer","Buen Tiempo","Lateral","S/D","Colisión","S/D","Faltante","S/D","Sin restricción"
2014,8291,30/10/2014,"Jueves",0,17:30:00,,"0.0",2,"Peatón,Moto/Ciclomotor","Juan B Alberdi ",2,1,0,0,1,0,0,"-31.507487529585,-60.731628817254","Calle",,"RECREO","La Capital","Tierra","No existe","I","S/D","Urbana","Ninguna","No existe","Recta","Con baches","Buena","Diurna","Buen Tiempo","Frontal","S/D","Atropello","Ninguna","Faltante","Ninguna","Sin restricción"
2014,8292,20/10/2014,"Lunes",0,19:00:00,,"0.0",2,"Moto/Ciclomotor,Otros","1ro de Mayo Y Azcuenaga",3,2,0,0,0,0,1,,"Calle",,"SANTA FE","La Capital","Asfalto,Tierra","Natural","I","S/D","Urbana","S/D","No existe","Intersección","Deteriorada","Buena","Atardecer,Con luz artificial","S/D","Lateral","S/D","Colisión","Material Suelto","S/D","S/D","S/D"
2014,8293,20/10/2014,"Lunes",0,21:00:00,,"0.0",2,"Moto/Ciclomotor,Moto/Ciclomotor","Risso Y Av Peñaloza",2,1,0,0,0,0,1,,"Calle",,"SANTA FE","La Capital","S/D","S/D","I","S/D","S/D","S/D","S/D","S/D","S/D","S/D","Nocturna","S/D","S/D","S/D","S/D","S/D","S/D","S/D","S/D"
2014,8294,13/10/2014,"Lunes",0,18:45:00,,"0.0",2,"Automóvil,Moto/Ciclomotor","Pres Domingo Faustino Sarmient Y Grl Enrique Mosconi",2,1,0,0,1,0,0,,"S/D",,"SANTO TOMÉ","La Capital","Asfalto,Ripio","No existe","I","S/D","Urbana","Ninguna","No existe","Intersección","Bueno","Buena","Atardecer","Buen Tiempo","Lateral","S/D","Colisión","Ninguna","Faltante","Ninguna","Sin restricción"
2014,8295,18/10/2014,"Sabado",0,21:05:00,"Ruta Nacional 11","0.0",2,"Bicicleta,Moto/Ciclomotor","Ruta Nacional 11 Y Ayacucho",2,1,0,0,1,0,0,"-31.513320578784,-60.732558888281","Ruta",11,"RECREO","La Capital","Asfalto","Ripio","I","Dentro","Urbana","Ninguna","No existe","Recta","Bueno","Buena","Atardecer","Lluvia","S/D","S/D","Atropello","Agua","Horizontal","Línea divisoria pintada","Sin restricción"
2014,8296,20/10/2014,"Lunes",0,20:20:00,,"0.0",2,"Automóvil,Moto/Ciclomotor","Presidente Roca Y 9 de Julio",2,1,0,0,0,0,1,,"Calle",,"SANTA FE","La Capital","S/D","S/D","I","S/D","S/D","S/D","S/D","S/D","S/D","S/D","Nocturna","S/D","S/D","S/D","S/D","S/D","S/D","S/D","S/D"
2014,8297,23/10/2014,"Jueves",0,11:00:00,,"0.0",2,"Automóvil,Bicicleta","Gorriti 3900",2,1,0,0,1,0,0,"-31.586972222222,-60.708055555556","Avenida",,"SANTA FE","La Capital","Asfalto","Pavimento","I","Dentro","Urbana","S/D","No existe","Recta","Bueno","Buena","Diurna","Buen Tiempo","S/D","S/D","Atropello","S/D","S/D","S/D","S/D"
2014,8298,10/10/2014,"Viernes",0,19:45:00,,"0.0",2,"Pickup/Utilitario,Moto/Ciclomotor","Pres Domingo Faustino Sarmient Y Juan Jose Paso",2,1,0,0,1,0,0,,"Calle",,"SANTO TOMÉ","La Capital","Asfalto","No existe","I","S/D","Urbana","Ninguna","No existe","Intersección","Bueno","Buena","Atardecer","Buen Tiempo","Lateral","S/D","Colisión","Ninguna","Faltante","Ninguna","Sin restricción"
2014,8299,26/10/2014,"Domingo",0,11:40:00,"Ruta Nacional 11","450.0",2,"Automóvil,Automóvil"," ",5,3,0,0,2,0,0,,"Ruta",11,"SAUCE VIEJO","La Capital","Asfalto","Natural","I","Dentro","Urbana","Ninguna","No existe","Recta","Bueno","Buena","Diurna","Buen Tiempo","Lateral","S/D","Colisión","S/D","Faltante","Línea divisoria pintada","Sin restricción"
2014,8300,26/10/2014,"Domingo",0,23:10:00,,"0.0",2,"Moto/Ciclomotor,Moto/Ciclomotor","Avenida San Martin ",4,3,1,0,0,0,0,,"Avenida",,"TOSTADO","9 de Julio","Asfalto","Natural","XII","Dentro","Urbana","Ninguna","No existe","Recta","Bueno","Buena","Nocturna","Buen Tiempo","S/D","S/D","Colisión","Ninguna","Faltante","Ninguna","Sin restricción"
2014,8301,27/10/2014,"Lunes",0,15:00:00,,"0.0",2,"Transporte de Pasajeros Urbano (> 8 asientos),Moto/Ciclomotor","Facundo Quiroga Y Reg 12 de Infanteria",2,1,0,0,1,0,0,,"Calle",,"SANTA FE","La Capital","Asfalto,Tierra","Pavimento","I","S/D","S/D","S/D","S/D","Intersección","Bueno","Buena","Diurna","Buen Tiempo","Lateral","S/D","Colisión","S/D","S/D","S/D","S/D"
2014,8302,19/10/2014,"Domingo",0,11:00:00,,"0.0",2,"Moto/Ciclomotor,Automóvil","Belgrano Y Lehman",2,1,0,0,1,0,0,,"Calle",,"RECREO","La Capital","Ripio","Natural","I","Dentro","Urbana","Ninguna","No existe","Intersección","Deteriorada","Buena","Diurna","Buen Tiempo","De alcance","S/D","Colisión","Ninguna","Faltante","Ninguna","Sin restricción"
2014,8303,03/10/2014,"Viernes",0,22:00:00,,"0.0",1,"Moto/Ciclomotor","Sarmiento Y Bv Pellegrini",2,1,0,0,1,0,0,,"Calle",,"SANTA FE","La Capital","Asfalto","No existe","I","S/D","Urbana","Ninguna","No existe","Intersección","Bueno","Buena","Diurna","Buen Tiempo","S/D","S/D","Otro","Ninguna","Faltante","Ninguna","Sin restricción"
2014,8304,22/11/2014,"Sabado",0,20:20:00,"Ruta Provincial 91","23.0",2,"Moto/Ciclomotor,Moto/Ciclomotor"," ",5,0,0,0,0,5,0,"-32.601578, -61.065048","Ruta",91,"TOTORAS","Iriondo","Asfalto","Natural","X","Dentro","Rural","Ninguna","No existe","Recta","Bueno","Buena","Nocturna","Buen Tiempo","Frontal","S/D","Colisión","Ninguna","S/D","Línea divisoria pintada","Sin restricción"
2014,8305,03/10/2014,"Viernes",0,08:50:00,,"0.0",2,"Automóvil,Moto/Ciclomotor","Pres Domingo Faustino Sarmient 2900",2,1,0,0,1,0,0,,"Calle",,"SANTO TOMÉ","La Capital","Asfalto","No existe","I","Dentro","Urbana","Ninguna","No existe","Recta","Bueno","Buena","Diurna","Buen Tiempo","Lateral","S/D","Colisión","Ninguna","Faltante","Ninguna","Sin restricción"
2014,8306,01/10/2014,"Miercoles",0,09:20:00,"Ruta Nacional 95","931.0",2,"Moto/Ciclomotor,Camión"," ",2,0,1,0,1,0,0,,"Ruta",95,"GATO COLORADO","9 de Julio","Asfalto","Natural","XII","Dentro","Rural","S/D","No existe","Curva","Bueno","Buena","Diurna","Buen Tiempo","Frontal,Lateral","S/D","Colisión","Ninguna","Horizontal,Vertical","Línea divisoria pintada","Sin restricción"
2014,8307,10/10/2014,"Viernes",0,17:45:00,,"0.0",2,"Moto/Ciclomotor,Automóvil","Belgrano Y Martir King",3,2,0,0,1,0,0,,"Calle",,"RECREO","La Capital","Tierra","Natural","I","Dentro","Urbana","Ninguna","No existe","Intersección","Con baches","Buena","Diurna","Buen Tiempo","De alcance","S/D","Colisión","Ninguna","Faltante","Ninguna","Sin restricción"
2014,8308,29/10/2014,"Miercoles",0,17:00:00,,"0.0",2,"Transporte de Pasajeros Urbano (> 8 asientos),Moto/Ciclomotor","Gorriti Y San Juan",2,1,0,0,1,0,0,,"Avenida",,"SANTA FE","La Capital","Asfalto","S/D","I","Dentro","Urbana","S/D","No existe","Intersección","Bueno","Buena","Diurna","Buen Tiempo","Lateral","S/D","Colisión","S/D","Faltante","S/D","S/D"
2014,8309,23/10/2014,"Jueves",0,09:45:00,,"0.0",1,,"N Avellaneda Y Catamarca",2,1,0,0,1,0,0,,"Calle",,"LAGUNA PAIVA","La Capital","Asfalto","No existe","I","Dentro","Urbana","Ninguna","No existe","Intersección","Bueno","Buena","Diurna","Buen Tiempo","De alcance","S/D","Colisión","S/D","Faltante","Ninguna","Sin restricción"
2014,8310,20/10/2014,"Lunes",0,10:20:00,,"0.0",2,"Moto/Ciclomotor,Automóvil","Martin Zapata Y Facundo Quiroga",2,1,0,0,0,0,1,,"Calle",,"SANTA FE","La Capital","S/D","S/D","I","S/D","S/D","S/D","S/D","S/D","S/D","S/D","Diurna","S/D","S/D","S/D","S/D","S/D","S/D","S/D","S/D"
2014,8311,04/10/2014,"Sabado",0,15:00:00,,"0.0",3,"Automóvil,Automóvil,Automóvil"," ",4,2,0,0,2,0,0,,"S/D",,"SANTO TOMÉ","La Capital","Asfalto","S/D","I","S/D","Urbana","S/D","S/D","Puente","S/D","S/D","Diurna","S/D","Múltiple","S/D","Colisión","S/D","S/D","S/D","S/D"
2014,8312,23/10/2014,"Jueves",0,09:45:00,,"0.0",2,"Moto/Ciclomotor,Transporte de Pasajeros Larga Distancia (> 8 asientos)","N Avellaneda Y Catamarca",2,1,0,0,0,0,1,,"Calle",,"LAGUNA PAIVA","La Capital","Asfalto","No existe","I","Dentro","Urbana","Ninguna","No existe","Intersección","Bueno","Buena","Diurna","Buen Tiempo","De alcance","S/D","Colisión","S/D","Faltante","Ninguna","Sin restricción"
2014,8313,22/11/2014,"Sabado",0,21:30:00,"Ruta Provincial 1","74.0",2,"Moto/Ciclomotor,Pickup/Utilitario"," ",4,1,0,0,2,1,0,"-31.190878, -60.157917","Ruta",1,"CAYASTA","Garay","Asfalto","Natural","VII","Dentro","Urbana","Ninguna","No existe","Curva","Ahuellamiento","Reducida","Nocturna","Buen Tiempo","Lateral","S/D","Colisión","Otro","Faltante","Ninguna","Sin restricción"
2014,8314,22/10/2014,"Miercoles",0,23:45:00,"Ruta Provincial 6","80.0",2,"Automóvil,Tractor"," ",3,1,0,0,2,0,0,,"Ruta",6,"NELSON","La Capital","Asfalto","Natural","I","Dentro","Rural","Ninguna","No existe","Recta","Deteriorada","Buena","Nocturna","Buen Tiempo","De alcance","S/D","Colisión","S/D","Faltante","Línea divisoria pintada","Sin restricción"
2014,8315,03/10/2014,"Viernes",0,06:00:00,,"0.0",2,"Moto/Ciclomotor,Moto/Ciclomotor","Mariano Candioti Y Roverano",3,2,0,0,1,0,0,,"Avenida",,"SANTO TOMÉ","La Capital","Asfalto","No existe","I","Dentro","Urbana","Ninguna","No existe","Recta","Bueno","Buena","Nocturna,Con luz artificial","Lluvia","De alcance","S/D","Colisión","Agua","Faltante","Línea divisoria pintada","Sin restricción"
2014,8316,15/10/2014,"Miercoles",0,20:00:00,,"0.0",2,"Moto/Ciclomotor,Automóvil","1ro de Mayo Y J P Lopez",3,1,0,0,2,0,0,,"Calle",,"SANTA FE","La Capital","Asfalto","S/D","I","Dentro","Urbana","Ninguna","No existe","Intersección","Con baches","Buena","Atardecer,Con luz artificial","Buen Tiempo","Lateral","S/D","Colisión","Ninguna","Faltante","Ninguna","Sin restricción"
2014,8317,31/10/2014,"Viernes",0,,,"0.0",2,"Moto/Ciclomotor,Automóvil","25 de Mayo Y Los Andes",3,1,0,0,2,0,0,,"Calle",,"TOSTADO","9 de Julio","Asfalto","Natural","XII","Dentro","Urbana","Ninguna","No existe","Intersección","Bueno","Buena","Atardecer","Otro","Lateral","S/D","Colisión","Ninguna","Faltante","Ninguna","Sin restricción"
2014,8318,17/10/2014,"Viernes",0,18:30:00,,"0.0",2,"Peatón,Automóvil","Estanislao Zeballos Y Av Facundo Zuviria",2,1,0,0,0,0,1,"-31.603722222222,-60.702666666667","S/D",,"SANTA FE","La Capital","S/D","S/D","I","S/D","S/D","S/D","S/D","Intersección","Bueno","S/D","Atardecer","S/D","S/D","S/D","Atropello","S/D","S/D","S/D","S/D"
2014,8319,15/10/2014,"Miercoles",0,20:20:00,,"0.0",2,"Moto/Ciclomotor,Peatón","Av Facundo Zuviria 6300",2,2,0,0,0,0,0,"-31.608277777778,-60.703888888889","Calle",,"SANTA FE","La Capital","Asfalto","S/D","I","S/D","S/D","S/D","S/D","S/D","Bueno","S/D","Nocturna","S/D","S/D","S/D","Atropello","S/D","S/D","S/D","S/D"
2014,8320,17/10/2014,"Viernes",0,23:30:00,,"0.0",2,"Moto/Ciclomotor,Automóvil","San Martin Y Juan Del Campillo",3,2,0,0,1,0,0,,"Calle",,"SANTA FE","La Capital","Hormigón","No existe","I","Dentro","Urbana","Ninguna","No existe","Intersección","Bueno,Con baches","Buena","Nocturna,Con luz artificial","Buen Tiempo","Lateral","S/D","Colisión","Ninguna","Faltante","Ninguna","Sin restricción"
2014,8321,02/10/2014,"Jueves",0,05:00:00,,"0.0",2,"Automóvil,Peatón","Dr Zavalla ",2,1,0,0,1,0,0,"-31.65375,-60.7225","Avenida",,"SANTA FE","La Capital","Asfalto","S/D","I","S/D","Urbana","S/D","S/D","Recta","Bueno","Buena","Nocturna,Con luz artificial","S/D","S/D","S/D","Atropello","S/D","S/D","S/D","S/D"
2014,8322,15/10/2014,"Miercoles",0,15:30:00,,"0.0",2,"Moto/Ciclomotor,Taxi/Remis","San Jeronimo Y Domingo Silva",2,1,0,0,1,0,0,,"Calle",,"SANTA FE","La Capital","Hormigón","No existe","I","Dentro","Urbana","Ninguna","No existe","Intersección","Bueno","Buena","Diurna","Buen Tiempo","Lateral","S/D","Colisión","Ninguna","Faltante","Ninguna","Sin restricción"
2014,8323,26/10/2014,"Domingo",0,19:30:00,,"0.0",2,"Moto/Ciclomotor,Pickup/Utilitario","Pastor Barrios Y Las Heras",2,1,0,0,1,0,0,,"Calle",,"LAGUNA PAIVA","La Capital","Asfalto","Natural","I","Dentro","Urbana","Ninguna","No existe","Intersección","Bueno","Buena","Atardecer,Con luz artificial","Buen Tiempo","Lateral","S/D","Colisión","S/D","S/D","Línea divisoria pintada","Sin restricción"
2014,8324,15/10/2014,"Miercoles",0,08:15:00,,"0.0",2,"Moto/Ciclomotor,Pickup/Utilitario","Pedro Alejandro Vittori Y Juan Del Campillo",3,1,0,0,2,0,0,,"Calle",,"SANTA FE","La Capital","Asfalto","No existe","I","Dentro","Urbana","Ninguna","No existe","Intersección","Bueno","Buena","Diurna","Buen Tiempo","Lateral","S/D","Colisión","Ninguna","Faltante","Ninguna","Sin restricción"
2014,8325,18/10/2014,"Sabado",0,01:20:00,,"0.0",2,"Moto/Ciclomotor,Automóvil","Salvador Caputo 3300",2,1,0,0,1,0,0,,"Avenida",,"SANTA FE","La Capital","S/D","S/D","I","S/D","Urbana","S/D","S/D","S/D","S/D","S/D","Nocturna","S/D","S/D","S/D","Colisión","S/D","S/D","S/D","S/D"
2014,8326,23/11/2014,"Domingo",0,07:30:00,"Ruta Provincial 1","83.0",2,"Moto/Ciclomotor,Automóvil"," ",2,1,0,0,0,1,0,"-31.121770, -60.114819","Ruta",1,"CAMPO DEL MEDIO","Garay","Asfalto","Natural","VII","Dentro","Rural","Ninguna","No existe","Recta","Bueno","Buena","Diurna","Buen Tiempo","Frontal","S/D","Colisión","Otro","S/D","Línea divisoria pintada","Sin restricción"
2014,8327,30/10/2014,"Jueves",0,13:45:00,,"0.0",1,"Moto/Ciclomotor","Pres Domingo Faustino Sarmient 3768",1,1,0,0,0,0,0,,"S/D",,"SANTO TOMÉ","La Capital","Asfalto","No existe","I","S/D","S/D","Ninguna","No existe","Recta","Bueno","Buena","Diurna","Buen Tiempo","S/D","S/D","Aplastamiento","Ninguna","Faltante","Ninguna","Sin restricción"
2014,8328,20/10/2014,"Lunes",0,10:00:00,,"0.0",2,"Moto/Ciclomotor,Automóvil","Francia Y Mariano Comas",2,1,0,0,1,0,0,,"Calle",,"SANTA FE","La Capital","S/D","S/D","I","S/D","Urbana","S/D","S/D","S/D","S/D","S/D","Diurna","S/D","S/D","S/D","Colisión","S/D","S/D","S/D","S/D"
2014,8329,20/10/2014,"Lunes",0,22:30:00,,"0.0",2,"Moto/Ciclomotor,Pickup/Utilitario","Av Freyre Y Vera",3,2,0,0,1,0,0,,"Avenida",,"SANTA FE","La Capital","S/D","S/D","I","S/D","Urbana","S/D","S/D","S/D","S/D","S/D","Nocturna","S/D","S/D","S/D","Colisión","S/D","S/D","S/D","S/D"
2014,8330,25/11/2014,"Martes",0,13:00:00,"Ruta Nacional 11","468.0",2,"Moto/Ciclomotor,Camión","Av Freyre Y Gdor Crespo",2,0,0,0,1,1,0,"-31.638805555556,-60.716388888889","Ruta",11,"SANTA FE","La Capital","Asfalto","No existe","I","Dentro","Urbana","Ninguna","No existe","Intersección","Bueno","Buena","Diurna","Buen Tiempo","S/D","S/D","Colisión","S/D","Vertical","Cordón divisorio","Sin restricción"
2014,8331,28/10/2014,"Martes",0,19:00:00,,"0.0",2,"Moto/Ciclomotor,Automóvil","Av San Martin Y Maipu",3,2,0,0,1,0,0,,"Avenida",,"LAGUNA PAIVA","La Capital","Asfalto","No existe","I","Dentro","Urbana","Ninguna","No existe","Intersección","Bueno","Buena","Atardecer,Con luz artificial","Buen Tiempo","Lateral","S/D","Colisión","S/D","Vertical","Cordón divisorio","Sin restricción"
2014,8332,21/10/2014,"Martes",0,07:30:00,,"0.0",2,"Moto/Ciclomotor,Automóvil","Av Freyre Y Santiago del Estero",2,1,0,0,1,0,0,,"Avenida",,"SANTA FE","La Capital","S/D","S/D","I","S/D","Urbana","S/D","S/D","S/D","S/D","S/D","Diurna","S/D","S/D","S/D","Colisión","S/D","S/D","S/D","S/D"
2014,8333,28/11/2014,"Viernes",0,20:35:00,,"0.0",2,"Moto/Ciclomotor,Pickup/Utilitario","Pueyrredon Y Brown",3,0,1,0,1,1,0,"-32.933666666667,-60.655055555556","Calle",,"ROSARIO","Rosario","Asfalto","No existe","II","Dentro","Urbana","Ninguna","No existe","Recta","Bueno","Buena","Nocturna,Con luz artificial","Buen Tiempo","Otro","S/D","Colisión","Otro","Faltante","Ninguna","Sin restricción"
2014,8334,14/10/2014,"Martes",0,16:30:00,,"0.0",2,"Moto/Ciclomotor,Pickup/Utilitario","Av A del Valle Y Diagonal España",2,1,0,0,1,0,0,,"Avenida",,"SANTA FE","La Capital","Hormigón","No existe","I","Dentro","Urbana","Ninguna","No existe","Intersección","Bueno","Buena","Diurna","Buen Tiempo","Lateral","S/D","Colisión","Ninguna","Faltante","Ninguna","Sin restricción"
2014,8335,30/11/2014,"Domingo",0,04:35:00,,"0.0",2,"Moto/Ciclomotor,Moto/Ciclomotor","Bernardino Rivadavia Y España",3,1,1,0,0,1,0,"-32.818138888889,-61.392833333333","Calle",,"CAÑADA DE GÓMEZ","Iriondo","Hormigón","No existe","X","Dentro","Urbana","Ninguna","No existe","Intersección","Bueno","Buena","Nocturna,Con luz artificial","Lluvia","Lateral","S/D","Colisión","Agua","Faltante","Ninguna","Sin restricción"
2014,8336,19/10/2014,"Domingo",0,04:40:00,,"0.0",3,"Automóvil,Pickup/Utilitario,Automóvil","Av Facundo Zuviria Y Juan Del Campillo",4,1,0,0,3,0,0,,"Avenida",,"SANTA FE","La Capital","Hormigón","No existe","I","Dentro","Urbana","Semáforo","Intermitente","Intersección","Bueno","Buena","Nocturna,Con luz artificial","Buen Tiempo","Múltiple","S/D","Colisión","Ninguna","Vertical","Ninguna","Sin restricción"
2014,8337,15/10/2014,"Miercoles",0,18:50:00,,"0.0",2,"Moto/Ciclomotor,Automóvil","1ro de Mayo Y J P Lopez",2,2,0,0,0,0,0,,"Calle",,"SANTA FE","La Capital","Asfalto","S/D","I","S/D","S/D","S/D","S/D","Intersección","S/D","S/D","Atardecer","S/D","S/D","S/D","S/D","S/D","S/D","S/D","S/D"
2014,8338,14/10/2014,"Martes",0,10:15:00,,"0.0",2,"Moto/Ciclomotor,Automóvil","Estanislao Zeballos Y San Martin",2,1,0,0,1,0,0,,"Calle",,"SANTA FE","La Capital","Hormigón","No existe","I","Dentro","Urbana","Ninguna","No existe","Intersección","Con baches","Buena","Diurna","Buen Tiempo","Lateral","S/D","Colisión","Ninguna","Faltante","Ninguna","Sin restricción"
2014,8339,25/10/2014,"Sabado",0,19:30:00,,"0.0",2,"Moto/Ciclomotor,Moto/Ciclomotor","4 de enero 1000",2,2,0,0,0,0,0,,"Calle",,"SANTO TOMÉ","La Capital","Tierra","No existe","I","S/D","Urbana","Ninguna","No existe","Intersección","Bueno","Buena","Atardecer","Buen Tiempo","Lateral","S/D","Colisión","Ninguna","Faltante","Ninguna","Sin restricción"
2014,8340,25/10/2014,"Sabado",0,06:20:00,,"148.0",1,"Automóvil"," ",3,0,0,0,2,0,1,,"S/D",,"SANTO TOMÉ","La Capital","Asfalto","Natural","I","S/D","S/D","Ninguna","No existe","Recta","Bueno","Buena","Amanecer","Buen Tiempo","S/D","S/D","Despiste","Ninguna","Faltante","Guardarrail","Sin restricción"
2014,8341,23/10/2014,"Jueves",0,20:30:00,,"0.0",2,"Automóvil,Moto/Ciclomotor","Corrientes Y Obispo Gelabert",3,1,0,0,2,0,0,,"Calle",,"SANTO TOMÉ","La Capital","Ripio","No existe","I","Dentro","Urbana","Ninguna","No existe","Intersección","Bueno","Buena","Nocturna","Buen Tiempo","Lateral","S/D","Colisión","Ninguna","Faltante","Ninguna","Sin restricción"
2014,8342,11/10/2014,"Sabado",0,13:30:00,,"0.0",2,"Pickup/Utilitario,Automóvil","Pedro Ferre Y 9 de Julio",3,1,0,0,2,0,0,,"Calle",,"SANTA FE","La Capital","Hormigón","No existe","I","Dentro","Urbana","Ninguna","No existe","Intersección","Con baches,Deteriorada","Buena","Diurna","Buen Tiempo","Lateral","S/D","Colisión","Ninguna","Faltante","Ninguna","Sin restricción"
2014,8343,29/10/2014,"Miercoles",0,11:30:00,,"0.0",2,"Peatón,Moto/Ciclomotor","Av Facundo Zuviria Y Iturraspe",3,2,0,0,1,0,0,"-31.627388888889,-60.705055555556","Avenida",,"SANTA FE","La Capital","Asfalto,Hormigón","No existe","I","Dentro","Urbana","Semáforo","Funciona","Intersección","Bueno","Buena","Nocturna,Con luz artificial","Buen Tiempo","S/D","S/D","Caída ocupante,Atropello","Ninguna","Vertical","Ninguna","Sin restricción"
2014,8344,15/10/2014,"Miercoles",0,17:00:00,,"0.0",2,"Moto/Ciclomotor,Pickup/Utilitario","1ro de Mayo Y J J Paso",2,1,0,0,0,0,1,,"S/D",,"SANTA FE","La Capital","S/D","S/D","I","S/D","S/D","S/D","S/D","Intersección","Bueno","S/D","Diurna","S/D","S/D","S/D","S/D","S/D","S/D","S/D","S/D"
2014,8345,21/10/2014,"Martes",0,20:25:00,,"0.0",2,"Moto/Ciclomotor,Automóvil","Av Freyre Y Salta",2,1,0,0,1,0,0,,"Avenida",,"SANTA FE","La Capital","S/D","S/D","I","S/D","Urbana","S/D","S/D","S/D","S/D","S/D","Nocturna","S/D","S/D","S/D","Colisión","S/D","S/D","S/D","S/D"
2014,8346,10/10/2014,"Viernes",0,21:05:00,,"0.0",2,"Automóvil,Moto/Ciclomotor","Saavedra Y Diagonal Goyena",3,2,0,0,0,0,1,,"Calle",,"SANTA FE","La Capital","Asfalto","S/D","I","S/D","S/D","S/D","S/D","S/D","Bueno","S/D","Nocturna","S/D","S/D","S/D","S/D","S/D","S/D","S/D","S/D"
2014,8347,10/10/2014,"Viernes",0,17:30:00,,"0.0",2,"Moto/Ciclomotor,Automóvil","Av A del Valle Y M De Polonia",3,2,0,0,1,0,0,,"Avenida",,"SANTA FE","La Capital","Hormigón","No existe","I","Dentro","Urbana","Semáforo","Funciona","Intersección","Bueno","Buena","Diurna","Buen Tiempo","Lateral","S/D","Colisión","Ninguna","Vertical","Ninguna","Sin restricción"
2014,8348,02/11/2014,"Domingo",0,22:00:00,"Ruta Provincial 1","281.0",2,"Bicicleta,Pickup/Utilitario"," ",2,0,0,0,1,1,0,"-29.429366, -59.748784","Ruta",1,"LAS PALMAS","General Obligado","Asfalto","Natural","IX","Dentro","Urbana","S/D","No existe","Recta","Bueno","Reducida","Nocturna","Buen Tiempo","S/D","S/D","Atropello","S/D","Horizontal,Vertical","Línea divisoria pintada","Sin restricción"
2014,8349,25/10/2014,"Sabado",0,13:45:00,,"0.0",2,"Moto/Ciclomotor,Moto/Ciclomotor","Av Facundo Zuviria Y J P Lopez",3,3,0,0,0,0,0,,"Avenida",,"SANTA FE","La Capital","S/D","S/D","I","Dentro","Urbana","S/D","S/D","S/D","S/D","S/D","Diurna","S/D","Lateral","S/D","Colisión","S/D","S/D","S/D","S/D"
2014,8350,28/10/2014,"Martes",0,22:10:00,,"0.0",2,"Bicicleta,Pickup/Utilitario","Av A del Valle Y Iturraspe",2,1,0,0,1,0,0,"-31.62925,-60.700833333333","Avenida",,"SANTA FE","La Capital","Hormigón","No existe","I","Dentro","Urbana","Ninguna","No existe","Recta","Bueno","Buena","Nocturna,Con luz artificial","Buen Tiempo","S/D","S/D","Caída ocupante,Atropello","Ninguna","Faltante","Ninguna","Sin restricción"