"anio_acci","nro_acci","fecha","desc_dia","fecha_aprox","hora_aprox","desc_ruta","km","cant_participantes","desc_participante","calle_avenida_km","total","heridos_leves","heridos_graves","heridos_gravisimos","ilesos","fallecidos","sin_datos","posicion_XY","desc_tipo_via","desc_ruta_ori","desc_loc","desc_dpto","desc_tipo_calzada","desc_tipo_banquina","desc_unidad_regional","desc_lugar_calzada","desc_zona","desc_prioridad","desc_estado_semaforo","desc_lugar_via","desc_estado_via","desc_estado_visibilidad","desc_luminosidad","desc_estado_clima","desc_tipo_colision","desc_tipo_atropello","desc_tipo_hecho","desc_pres_calzada","desc_senializacion","desc_separacion_via","desc_restriccion"
2014,8351,11/10/2014,"Sabado",0,18:00:00,"Ruta Provincial 1","1.0",1,"Automóvil"," ",1,1,0,0,0,0,0,,"Ruta",1,"SANTA FE","La Capital","Asfalto","Natural","I","Dentro","Urbana","Marca Vial","No existe","Recta","Bueno","Buena","Diurna","Buen Tiempo","Lateral","S/D","Colisión","Ninguna","Horizontal","Línea divisoria pintada","Obra en Construcción"
2014,8352,09/10/2014,"Jueves",0,11:30:00,,"0.0",2,"Moto/Ciclomotor,Moto/Ciclomotor","Gorostiaga Y San Juan",3,2,0,0,0,0,1,,"S/D",,"SANTA FE","La Capital","S/D","S/D","I","S/D","S/D","S/D","S/D","S/D","S/D","S/D","Diurna","S/D","S/D","S/D","S/D","S/D","S/D","S/D","S/D"
2014,8353,24/10/2014,"Viernes",0,20:30:00,,"0.0",2,"Moto/Ciclomotor,Automóvil","J P Lopez Y Dr Zavalla",2,2,0,0,0,0,0,,"Calle",,"SANTA FE","La Capital","S/D","S/D","I","Dentro","Urbana","S/D","S/D","S/D","S/D","S/D","Nocturna","S/D","Lateral","S/D","Colisión","S/D","S/D","S/D","S/D"
2014,8354,28/10/2014,"Martes",0,10:30:00,,"0.0",2,"Automóvil,Automóvil","Av A del Valle Y Gorostiaga",2,1,0,0,1,0,0,,"Avenida",,"SANTA FE","La Capital","Asfalto","No existe","I","Dentro","Urbana","Semáforo","Funciona","Recta","Bueno","Buena","Diurna","Buen Tiempo","De alcance","S/D","Colisión","Ninguna","Vertical","Ninguna","Sin restricción"
2014,8355,24/10/2014,"Viernes",0,17:00:00,,"0.0",2,"Moto/Ciclomotor,Automóvil","J Castelli Y Dr Zavalla",2,1,0,0,0,0,1,,"Calle",,"SANTA FE","La Capital","S/D","S/D","I","Dentro","Urbana","S/D","S/D","Intersección","S/D","S/D","Diurna","S/D","Lateral","S/D","Colisión","S/D","S/D","S/D","S/D"
2014,8356,07/10/2014,"Martes",0,23:00:00,,"0.0",2,"Automóvil,Automóvil","Quintana Y Pedro Alejandro Vittori",2,1,0,0,1,0,0,,"Calle",,"SANTA FE","La Capital","Hormigón","No existe","I","Dentro","Urbana","Ninguna","No existe","Recta","Bueno","Buena","Nocturna,Con luz artificial","Buen Tiempo","De alcance","S/D","Caída ocupante,Colisión","Ninguna","Faltante","Ninguna","Sin restricción"
2014,8357,26/10/2014,"Domingo",0,16:30:00,,"0.0",2,"Moto/Ciclomotor,Automóvil","Av Facundo Zuviria Y Domingo Silva",2,1,0,0,1,0,0,,"Avenida",,"SANTA FE","La Capital","Hormigón","No existe","I","Dentro","Urbana","Semáforo","Funciona","Recta","Bueno","Buena","Diurna","Buen Tiempo","Otro","S/D","Colisión","Ninguna","Vertical","Ninguna","Sin restricción"
2014,8358,10/10/2014,"Viernes",0,16:00:00,,"0.0",2,"Peatón,Automóvil","Av Almte Brown Y Pedro de Vega",2,0,1,0,1,0,0,"-31.615888888889,-60.672972222222","Avenida",,"SANTA FE","La Capital","Asfalto","S/D","I","S/D","Urbana","S/D","S/D","Intersección","Bueno","Buena","Diurna","Buen Tiempo","S/D","S/D","Atropello","S/D","S/D","Ninguna","Sin restricción"
2014,8359,01/10/2014,"Miercoles",0,19:15:00,"Ruta Nacional 168","480.0",1,"Automóvil"," ",1,1,0,0,0,0,0,,"Ruta",168,"COLASTINE","La Capital","Asfalto","Pavimento","I","S/D","Urbana","S/D","No existe","Recta","Bueno","Buena","Nocturna","S/D","S/D","S/D","S/D","Ninguna","Horizontal","S/D","S/D"
2014,8360,23/10/2014,"Jueves",0,16:50:00,,"4.0",1,," ",1,0,0,0,0,0,1,,"S/D",,"COLASTINE","La Capital","Asfalto","Natural","I","Fuera","Urbana","Ninguna","No existe","Recta","Bueno","Buena","Diurna","Buen Tiempo","Lateral","S/D","Vuelco","S/D","Horizontal","Ninguna","Desvío Provisorio"
2014,8361,03/10/2014,"Viernes",0,16:10:00,,"0.0",2,"Moto/Ciclomotor,Taxi/Remis","Gdor Freyre Y Raul Alberto Tacca",2,1,0,0,0,0,1,,"Calle",,"SANTA FE","La Capital","Asfalto","S/D","I","S/D","S/D","S/D","S/D","S/D","S/D","S/D","Diurna","S/D","S/D","S/D","S/D","S/D","S/D","S/D","S/D"
2014,8362,23/10/2014,"Jueves",0,08:00:00,,"0.0",2,"Moto/Ciclomotor,Automóvil","Saavedra Y Lavaisse",3,2,0,0,0,0,1,,"Calle",,"SANTA FE","La Capital","S/D","S/D","I","Dentro","Urbana","S/D","S/D","Intersección","S/D","S/D","Diurna","S/D","Lateral","S/D","Colisión","S/D","S/D","S/D","S/D"
2014,8363,06/10/2014,"Lunes",0,13:20:00,,"0.0",2,"Moto/Ciclomotor,Automóvil","Derqui Y 1ro de Mayo",2,1,0,0,0,0,1,,"S/D",,"SANTA FE","La Capital","S/D","S/D","I","S/D","S/D","S/D","S/D","Intersección","S/D","S/D","Diurna","S/D","S/D","S/D","S/D","S/D","S/D","S/D","S/D"
2014,8364,17/10/2014,"Viernes",0,10:00:00,,"0.0",2,"Peatón,Moto/Ciclomotor","Lamadrid 2700",2,1,0,0,1,0,0,"-31.639972222222,-60.72675","Calle",,"SANTA FE","La Capital","S/D","S/D","I","Dentro","Urbana","S/D","S/D","S/D","S/D","S/D","Diurna","S/D","S/D","S/D","Atropello","S/D","S/D","S/D","S/D"
2014,8365,27/10/2014,"Lunes",0,19:05:00,"Ruta Provincial 1","6.0",2,"Automóvil,Moto/Ciclomotor"," ",3,2,0,0,1,0,0,,"Ruta",1,"ARROYO LEYES","La Capital","Asfalto","Natural","I","S/D","Rural","Policía de tránsito","No existe","Recta","Con baches","Buena","Diurna","Buen Tiempo","Lateral","S/D","Colisión","Ninguna","Faltante","Línea divisoria pintada","Sin restricción"
2014,8366,22/10/2014,"Miercoles",0,06:15:00,,"0.0",2,"Moto/Ciclomotor,Automóvil","Av Freyre Y Salta",3,2,0,0,1,0,0,,"Avenida",,"SANTA FE","La Capital","S/D","S/D","I","Dentro","Urbana","S/D","S/D","Intersección","S/D","S/D","Amanecer","S/D","Lateral","S/D","Colisión","S/D","S/D","S/D","S/D"
2014,8367,25/10/2014,"Sabado",0,13:30:00,,"0.0",2,"Moto/Ciclomotor,Automóvil","Gutierrez Y 9 de Julio",2,1,0,0,1,0,0,,"Calle",,"SANTA FE","La Capital","Hormigón","No existe","I","Dentro","Urbana","Ninguna","No existe","Intersección","Con baches","Buena","Diurna","Buen Tiempo","Lateral","S/D","Colisión","Ninguna","Faltante","Ninguna","Reparación de Vía"
2014,8368,05/10/2014,"Domingo",0,06:20:00,"Ruta Provincial 2","14.5",2,"Moto/Ciclomotor,Moto/Ciclomotor"," ",2,2,0,0,0,0,0,,"Ruta",2,"MONTE VERA","La Capital","Asfalto,Ripio","Ripio","I","Dentro","Urbana","Ninguna","No existe","Intersección","Bueno","Buena","Amanecer,Con luz artificial","Buen Tiempo","De alcance","S/D","Colisión","Ninguna","S/D","Ninguna","Sin restricción"
2014,8369,09/10/2014,"Jueves",0,11:50:00,"Ruta Provincial 2","17.0",2,"Moto/Ciclomotor,Automóvil"," ",2,1,0,0,1,0,0,,"Ruta",2,"MONTE VERA","La Capital","Hormigón","Natural","I","Dentro","Rural","Ninguna","No existe","Recta","Bueno","Buena","Diurna","Buen Tiempo","Lateral","S/D","Colisión","Ninguna","S/D","Ninguna","Sin restricción"
2014,8370,20/10/2014,"Lunes",0,17:00:00,,"0.0",1,,"Alberdi Y Ayacucho",3,2,0,0,1,0,0,,"Calle",,"SANTA FE","La Capital","S/D","S/D","I","S/D","Urbana","S/D","S/D","Intersección","S/D","S/D","Diurna","S/D","Lateral","S/D","Colisión","S/D","S/D","S/D","S/D"
2014,8371,20/10/2014,"Lunes",0,17:00:00,,"0.0",2,"Automóvil,Moto/Ciclomotor","Alberdi Y Ayacucho",3,2,0,0,1,0,0,,"Calle",,"SANTA FE","La Capital","S/D","S/D","I","S/D","Urbana","S/D","S/D","Intersección","S/D","S/D","Diurna","S/D","Lateral","S/D","Colisión","S/D","S/D","S/D","S/D"
2014,8372,31/10/2014,"Viernes",0,,,"0.0",2,"Moto/Ciclomotor,Pickup/Utilitario","Avenida Nuestra Señora del Luj Y 12 de septiembre",2,1,0,0,0,0,1,,"Calle",,"SANTO TOMÉ","La Capital","Asfalto","No existe","I","S/D","Urbana","S/D","Funciona","Intersección","Bueno","Buena","Diurna","Buen Tiempo","De alcance","S/D","Colisión","Otro","Faltante","Ninguna","Sin restricción"
2014,8374,15/10/2014,"Miercoles",0,11:00:00,,"0.0",2,"Bicicleta,Automóvil","Belgrano 6100",2,0,1,0,1,0,0,"-31.612777777778,-60.691694444444","Calle",,"SANTA FE","La Capital","Asfalto","S/D","I","Dentro","Urbana","Ninguna","S/D","Recta","Bueno","Buena","Diurna","Buen Tiempo","S/D","S/D","Atropello","Material Suelto","S/D","Ninguna","Sin restricción"
2014,8375,08/10/2014,"Miercoles",0,09:30:00,,"0.0",2,"Pickup/Utilitario,Moto/Ciclomotor","Av A del Valle Y Vieytes",3,2,0,0,1,0,0,,"Avenida",,"SANTA FE","La Capital","S/D","S/D","I","S/D","Urbana","S/D","S/D","Intersección","S/D","S/D","Diurna","S/D","Lateral","S/D","Colisión","S/D","S/D","S/D","S/D"
2014,8376,10/10/2014,"Viernes",0,15:10:00,,"0.0",2,"Automóvil,Bicicleta","J Castelli Y Rivadavia",3,1,0,0,2,0,0,"-31.606833333333,-60.6925","Calle",,"SANTA FE","La Capital","Asfalto","No existe","I","Dentro","Urbana","Ninguna","No existe","Intersección","Bueno","Buena","Diurna","Buen Tiempo","S/D","S/D","Atropello","Otro","S/D","Ninguna","Sin restricción"
2014,8377,04/10/2014,"Sabado",0,17:30:00,,"0.0",2,"Automóvil,Moto/Ciclomotor","Estados Unidos de Mexico Y Juan Bautista Alberdi",2,1,0,0,0,0,1,,"Calle",,"SANTO TOMÉ","La Capital","Tierra","No existe","I","S/D","S/D","Ninguna","No existe","Intersección","Bueno","Reducida","Diurna","Lluvia","Lateral","S/D","Colisión","Agua","Faltante","Ninguna","Sin restricción"
2014,8378,12/09/2014,"Viernes",0,05:00:00,,"0.0",1,"Moto/Ciclomotor","Ayacucho Y Caupolican",2,2,0,0,0,0,0,,"S/D",,"ROSARIO","Rosario","Asfalto","No existe","II","S/D","Urbana","Ninguna","No existe","Intersección","S/D","S/D","Nocturna","Buen Tiempo","Contra objeto fijo","S/D","Colisión","S/D","S/D","Ninguna","Sin restricción"
2014,8379,13/10/2014,"Lunes",0,14:20:00,,"0.0",2,"Pickup/Utilitario,Moto/Ciclomotor","Llerena Y Av A del Valle",2,1,0,0,1,0,0,,"Avenida",,"SANTA FE","La Capital","Asfalto","No existe","I","Dentro","Urbana","Semáforo","Funciona","Intersección","Bueno","Buena","Diurna","Buen Tiempo","Lateral","S/D","Colisión","Otro","S/D","Ninguna","Sin restricción"
2014,8380,23/10/2014,"Jueves",0,21:50:00,,"0.0",2,"Moto/Ciclomotor,Pickup/Utilitario","Av A del Valle Y Cordoba",2,1,0,0,1,0,0,,"Avenida",,"SANTA FE","La Capital","Hormigón","No existe","I","Dentro","Urbana","Ninguna","No existe","Intersección","Bueno","Buena","Nocturna,Con luz artificial","Buen Tiempo","Lateral","S/D","Colisión","Ninguna","Faltante","Ninguna","Sin restricción"
2014,8381,10/10/2014,"Viernes",0,23:30:00,,"0.0",2,"Moto/Ciclomotor,Moto/Ciclomotor","Gorostiaga Y Republica de Siria",3,0,1,0,2,0,0,,"Calle",,"SANTA FE","La Capital","Asfalto","S/D","I","Dentro","Urbana","Ninguna","S/D","Intersección","Bueno","Reducida","Nocturna","Buen Tiempo","Lateral","S/D","Colisión","Otro","S/D","Ninguna","Sin restricción"
2014,8382,10/09/2014,"Miercoles",0,12:45:00,,"0.0",2,"Moto/Ciclomotor,Camión","Buenos Aires Y Amenabar",2,1,0,0,1,0,0,,"Calle",,"ROSARIO","Rosario","Asfalto","No existe","II","Dentro","Urbana","Marca Vial","No existe","Intersección","Bueno","Buena","Diurna","Buen Tiempo","Lateral","S/D","Colisión","Ninguna","Vertical","Línea divisoria pintada","Sin restricción"
2014,8383,10/10/2014,"Viernes",0,07:50:00,,"0.0",2,"Moto/Ciclomotor,Automóvil","Salvador del Carril Y Rivadavia",2,1,0,0,1,0,0,,"Calle",,"SANTA FE","La Capital","Asfalto","S/D","I","Dentro","Urbana","Semáforo","Funciona","Intersección","Bueno","Buena","Diurna","Buen Tiempo","Lateral","S/D","Colisión","S/D","S/D","Ninguna","Sin restricción"
2014,8384,03/10/2014,"Viernes",0,20:20:00,,"0.0",2,"Automóvil,Bicicleta","Los Azahares 10452",2,1,0,0,1,0,0,"-31.572638888889,-60.688083333333","Calle",,"SANTA FE","La Capital","Asfalto","No existe","I","Dentro","Urbana","Ninguna","No existe","Recta","Deteriorada","Buena","Nocturna","S/D","S/D","S/D","Atropello","Otro","Faltante","Ninguna","Sin restricción"
2014,8385,09/10/2014,"Jueves",0,12:45:00,,"0.0",2,"Moto/Ciclomotor,Pickup/Utilitario","R Godoy Y Mitre",2,1,0,0,1,0,0,,"Calle",,"SANTA FE","La Capital","Asfalto","S/D","I","Dentro","Urbana","S/D","No existe","Intersección","S/D","Buena","Diurna","Buen Tiempo","Lateral","S/D","Colisión","Otro","S/D","Ninguna","S/D"
2014,8387,24/10/2014,"Viernes",0,19:30:00,,"0.0",2,"Moto/Ciclomotor,Automóvil","Av A del Valle Y Llerena",2,1,0,0,1,0,0,,"Calle",,"SANTA FE","La Capital","Asfalto","S/D","I","Dentro","Urbana","Semáforo","Funciona","Intersección","Bueno","Buena","Atardecer","Buen Tiempo","S/D","S/D","Colisión","Ninguna","S/D","Ninguna","Sin restricción"
2014,8388,10/10/2014,"Viernes",0,19:30:00,,"0.0",2,"Moto/Ciclomotor,Moto/Ciclomotor","EDMUNDO ROSA Y LASALLE",2,2,0,0,0,0,0,,"Calle",,"SANTA FE","La Capital","Tierra","No existe","I","Dentro","Urbana","Ninguna","No existe","Intersección","Bueno","Buena","Diurna","Buen Tiempo","Lateral","S/D","Colisión","S/D","S/D","S/D","Sin restricción"
2014,8389,08/10/2014,"Miercoles",0,16:00:00,,"0.0",2,"Automóvil,Moto/Ciclomotor","Salvador del Carril Y Guemes",3,2,0,0,1,0,0,,"Calle",,"SANTA FE","La Capital","Asfalto","No existe","I","Dentro","Urbana","Semáforo","Funciona","Intersección","Bueno","S/D","Diurna","Buen Tiempo","Lateral","S/D","Colisión","Otro","S/D","Ninguna","Sin restricción"
2014,8390,22/10/2014,"Miercoles",0,13:00:00,,"0.0",2,"Moto/Ciclomotor,Automóvil","Guemes Y Pje Calcena",2,1,0,0,1,0,0,,"Calle",,"SANTA FE","La Capital","Asfalto","No existe","I","Dentro","Urbana","Ninguna","No existe","Intersección","Bueno","Buena","Diurna","Otro","S/D","S/D","Colisión","Ninguna","S/D","Ninguna","Sin restricción"
2014,8391,24/10/2014,"Viernes",0,10:30:00,,"0.0",2,"Moto/Ciclomotor,Pickup/Utilitario","Pje Lassaga Y Pedro Diaz Colodrero",3,2,0,0,1,0,0,,"Calle",,"SANTA FE","La Capital","Asfalto","No existe","I","Dentro","Urbana","Ninguna","No existe","Intersección","Con baches","Buena","Diurna","Buen Tiempo","Lateral","S/D","Colisión","Ninguna","Faltante","Ninguna","Sin restricción"
2014,8392,08/10/2014,"Miercoles",0,18:00:00,,"0.0",2,"Pickup/Utilitario,Pickup/Utilitario","Risso Y Alberdi",2,1,0,0,1,0,0,,"Calle",,"SANTA FE","La Capital","S/D","S/D","I","S/D","Urbana","S/D","S/D","S/D","S/D","S/D","Diurna","S/D","Lateral","S/D","Colisión","S/D","S/D","S/D","S/D"
2014,8393,08/09/2014,"Lunes",0,15:50:00,,"0.0",2,"Moto/Ciclomotor,Automóvil","Pueyrredon Y Amenabar",2,1,0,0,1,0,0,,"Calle",,"ROSARIO","Rosario","Asfalto","No existe","II","Dentro","Urbana","Marca Vial","S/D","Intersección","Bueno","Buena","Diurna","Buen Tiempo","Lateral","S/D","Colisión","Ninguna","Vertical","Línea divisoria pintada","Sin restricción"
2014,8394,23/10/2014,"Jueves",0,08:00:00,,"0.0",2,"Moto/Ciclomotor,Vehículo Oficial","Av A del Valle Y Cordoba",2,0,1,0,1,0,0,,"Avenida",,"SANTA FE","La Capital","Hormigón","No existe","I","Dentro","Urbana","Ninguna","No existe","Intersección","Bueno,Con baches","Buena","Diurna","Buen Tiempo","Lateral","S/D","Colisión","Ninguna","Faltante","Ninguna","Sin restricción"
2014,8395,13/09/2014,"Sabado",0,22:40:00,,"0.0",2,"Moto/Ciclomotor,Automóvil","Abanderado Grandoli Y J.M.Gutierrez",2,0,1,0,1,0,0,,"S/D",,"ROSARIO","Rosario","Asfalto","No existe","II","S/D","Urbana","Semáforo","Intermitente","Intersección","Bueno","Buena","Nocturna","S/D","Lateral","S/D","Colisión","S/D","S/D","Cordón divisorio","Sin restricción"
2014,8396,07/10/2014,"Martes",0,15:55:00,,"0.0",2,"Automóvil,Moto/Ciclomotor","Av Galicia Y Alberdi",2,1,0,0,1,0,0,,"Avenida",,"SANTA FE","La Capital","Asfalto","S/D","I","S/D","Urbana","S/D","S/D","Intersección","Bueno","Buena","Diurna","S/D","Lateral","S/D","Colisión","Ninguna","S/D","S/D","S/D"
2014,8397,16/09/2014,"Martes",0,21:00:00,,"0.0",2,"Peatón,Automóvil","Ayacucho Y Caupolican",2,1,0,0,1,0,0,,"Calle",,"ROSARIO","Rosario","Asfalto","No existe","II","S/D","Urbana","Ninguna","No existe","Intersección","Bueno","Buena","Nocturna","S/D","S/D","S/D","Atropello","S/D","S/D","Línea divisoria pintada","Sin restricción"
2014,8398,07/10/2014,"Martes",0,10:00:00,,"0.0",2,"Moto/Ciclomotor,Automóvil","Agustin Delgado Y Candioti",2,1,0,0,1,0,0,,"Calle",,"SANTA FE","La Capital","Asfalto","Pavimento","I","Dentro","Urbana","Ninguna","No existe","Intersección","Bueno","Buena","Diurna","Buen Tiempo","Lateral","S/D","Colisión","S/D","Vertical","Ninguna","Sin restricción"
2014,8399,23/10/2014,"Jueves",0,10:00:00,,"0.0",2,"Moto/Ciclomotor,Peatón","Larrea Y Rivadavia",3,1,0,0,2,0,0,"-31.595944444444,-60.689305555556","Calle",,"SANTA FE","La Capital","S/D","S/D","I","S/D","Urbana","S/D","S/D","Intersección","S/D","S/D","Diurna","S/D","Otro","S/D","Atropello","S/D","S/D","S/D","S/D"
2014,8400,20/09/2014,"Sabado",0,19:10:00,,"0.0",2,"Moto/Ciclomotor,Pickup/Utilitario","Lainez Y Leiva",2,1,0,0,1,0,0,,"Calle",,"ROSARIO","Rosario","Asfalto","No existe","II","Dentro","Urbana","Ninguna","No existe","Intersección","S/D","S/D","Atardecer","S/D","Lateral","S/D","Colisión","S/D","S/D","Ninguna","Sin restricción"
2014,8401,07/10/2014,"Martes",0,17:10:00,"Autopista Provincial Brigadier E.López","0.0",1,"Automóvil","Iturraspe Y Terraplen Oeste",2,1,0,0,1,0,0,,"Autopista","Brigadier E.López","SANTA FE","La Capital","Asfalto","Natural","I","S/D","S/D","Ninguna","S/D","Intersección","Bueno","Buena","Diurna","Otro","Atropello animal","S/D","Colisión","Otro","S/D","Ninguna","S/D"
2014,8402,23/10/2014,"Jueves",0,08:50:00,,"0.0",2,"Automóvil,Pickup/Utilitario","Iturraspe 3100",4,3,0,0,1,0,0,,"Calle",,"SANTA FE","La Capital","Hormigón","No existe","I","Dentro","Urbana","Ninguna","No existe","Recta","Bueno","Buena","Diurna","Buen Tiempo","De alcance","S/D","Colisión","Ninguna","Faltante","Ninguna","Sin restricción"
2014,8403,22/10/2014,"Miercoles",0,07:10:00,,"0.0",2,"Automóvil,Moto/Ciclomotor","Tacuari Y Ricardo Aldao",2,1,0,0,1,0,0,,"Calle",,"SANTA FE","La Capital","Asfalto","S/D","I","Dentro","Urbana","S/D","S/D","Intersección","Bueno","Buena","Diurna","Buen Tiempo","S/D","S/D","Colisión","Ninguna","S/D","Ninguna","S/D"
2014,8404,13/09/2014,"Sabado",0,18:30:00,,"0.0",2,"Automóvil,Taxi/Remis","Sarmiento Y Pasco",5,3,0,0,2,0,0,,"Calle",,"ROSARIO","Rosario","Asfalto","S/D","II","Dentro","Urbana","S/D","S/D","Intersección","Bueno","Buena","Diurna","Buen Tiempo","Lateral","S/D","Colisión","S/D","S/D","S/D","S/D"
2014,8405,22/10/2014,"Miercoles",0,19:30:00,,"0.0",2,"Pickup/Utilitario,Moto/Ciclomotor","Av Gral Paz 7550",2,1,0,0,1,0,0,,"Avenida",,"SANTA FE","La Capital","S/D","S/D","I","S/D","Urbana","S/D","S/D","Recta","S/D","S/D","Nocturna","S/D","S/D","S/D","S/D","S/D","S/D","S/D","S/D"
2014,8406,18/10/2014,"Sabado",0,22:00:00,,"0.0",2,"Bicicleta,Automóvil","Avenida Nuestra Señora del Luj Y Grl Juan Lavalle",2,1,0,0,1,0,0,"-31.687166666667,-60.780111111111","Avenida",,"SANTO TOMÉ","La Capital","Ripio","No existe","I","Dentro","Urbana","Ninguna","No existe","Intersección","Bueno","Buena","Nocturna,Con luz artificial","Buen Tiempo","S/D","S/D","Atropello","S/D","Faltante","Ninguna","S/D"
2014,8407,20/10/2014,"Lunes",0,21:50:00,,"0.0",2,"Peatón,Automóvil","Salvador del Carril Y Av A del Valle",2,1,0,0,1,0,0,"-31.618388888889,-60.698083333333","Avenida",,"SANTA FE","La Capital","Hormigón","No existe","I","Dentro","Urbana","Semáforo","Funciona","Recta","Bueno","Buena","Nocturna,Con luz artificial","Buen Tiempo","Otro","S/D","Atropello","Ninguna","Vertical","Ninguna","Sin restricción"
2014,8408,30/09/2014,"Martes",0,10:00:00,,"0.0",1,"Transporte de Pasajeros Urbano (> 8 asientos)","Bv. 27 De Febrero Y Paraguay",5,3,0,0,2,0,0,,"Avenida",,"ROSARIO","Rosario","Asfalto","S/D","II","Dentro","Urbana","S/D","Funciona","Intersección","Bueno","Buena","Diurna","Buen Tiempo","S/D","S/D","S/D","S/D","Vertical","S/D","S/D"
2014,8409,10/10/2014,"Viernes",0,22:00:00,,"0.0",2,"Pickup/Utilitario,Moto/Ciclomotor","Larrea Y Belgrano",2,1,0,0,1,0,0,,"Calle",,"SANTA FE","La Capital","S/D","S/D","I","S/D","Urbana","S/D","S/D","Intersección","S/D","S/D","Nocturna","S/D","Lateral","S/D","Colisión","S/D","S/D","S/D","S/D"
2014,8410,11/09/2014,"Jueves",0,08:30:00,,"0.0",2,"Moto/Ciclomotor,Pickup/Utilitario","Dean Funes Y Laprida",2,1,0,0,1,0,0,,"Calle",,"ROSARIO","Rosario","Asfalto","No existe","II","Dentro","Urbana","Marca Vial","No existe","Intersección","Bueno","Buena","Diurna","Buen Tiempo","Lateral","S/D","Colisión","Ninguna","Vertical","Línea divisoria pintada","Sin restricción"
2014,8411,07/10/2014,"Martes",0,15:00:00,,"0.0",2,"Moto/Ciclomotor,Automóvil","Primera Junta Y San Lorenzo",2,1,0,0,1,0,0,,"Calle",,"SANTA FE","La Capital","S/D","S/D","I","S/D","Urbana","S/D","S/D","S/D","S/D","S/D","Diurna","S/D","S/D","S/D","Colisión","S/D","S/D","S/D","S/D"
2014,8412,29/09/2014,"Lunes",0,,,"0.0",2,"Automóvil,Automóvil","Cochabamba Y Entre Rios",3,2,0,0,1,0,0,,"Calle",,"ROSARIO","Rosario","Asfalto","S/D","II","Dentro","Urbana","S/D","S/D","Recta","Bueno","Buena","S/D","Buen Tiempo","Lateral","S/D","Colisión","S/D","S/D","S/D","S/D"
2014,8413,06/10/2014,"Lunes",0,,,"0.0",2,"Automóvil,Peatón","Av A del Valle Y Javier de la Rosa",2,1,0,0,1,0,0,"-31.599222222222,-60.692","Avenida",,"SANTA FE","La Capital","S/D","S/D","I","S/D","Urbana","S/D","S/D","Intersección","S/D","S/D","S/D","S/D","S/D","S/D","Atropello","S/D","S/D","S/D","S/D"
2014,8414,07/10/2014,"Martes",0,12:00:00,,"0.0",2,"Moto/Ciclomotor,Automóvil","La Rioja Y Lamadrid",3,1,0,0,2,0,0,,"Calle",,"SANTA FE","La Capital","S/D","S/D","I","S/D","Urbana","S/D","S/D","S/D","S/D","S/D","Nocturna","S/D","S/D","S/D","Colisión","S/D","S/D","S/D","S/D"
2014,8415,22/09/2014,"Lunes",0,16:15:00,,"0.0",1,"Moto/Ciclomotor","Av. Pellegrini Y Pueyrredon",3,2,0,0,1,0,0,,"Avenida",,"ROSARIO","Rosario","Asfalto","S/D","II","Dentro","Urbana","S/D","Funciona","Intersección","Bueno","Buena","Diurna","Buen Tiempo","Lateral","S/D","Colisión","S/D","Vertical","S/D","S/D"
2014,8416,12/09/2014,"Viernes",0,09:00:00,,"0.0",2,"Moto/Ciclomotor,Automóvil","Bv. Segui Y Laprida",2,1,0,0,1,0,0,,"Avenida",,"ROSARIO","Rosario","Asfalto","No existe","II","Dentro","Urbana","Marca Vial","No existe","Intersección","Bueno","Buena","Diurna","Buen Tiempo","Lateral","S/D","Colisión","Ninguna","Vertical","Línea divisoria pintada","Sin restricción"
2014,8417,21/10/2014,"Martes",0,20:40:00,,"0.0",2,"Automóvil,Moto/Ciclomotor","Dorrego Y Salvador del Carril",2,1,0,0,1,0,0,,"Calle",,"SANTA FE","La Capital","Asfalto","No existe","I","S/D","S/D","Semáforo","Funciona","Intersección","Bueno","Buena","Nocturna","Buen Tiempo","Lateral","S/D","Colisión","Ninguna","S/D","Ninguna","Sin restricción"
2014,8418,21/09/2014,"Domingo",0,05:00:00,,"0.0",2,"Automóvil,Taxi/Remis","Pte.Roca Y Paraguay",4,2,0,0,2,0,0,,"Calle",,"ROSARIO","Rosario","Asfalto","S/D","II","Dentro","Urbana","S/D","S/D","Intersección","Bueno","S/D","Nocturna,Con luz artificial","Buen Tiempo","Lateral","S/D","Colisión","S/D","S/D","S/D","S/D"
2014,8419,08/10/2014,"Miercoles",0,13:00:00,,"0.0",2,"Moto/Ciclomotor,Automóvil","Roque Saenz Peña Y La Rioja",2,1,0,0,1,0,0,,"Calle",,"SANTA FE","La Capital","S/D","S/D","I","S/D","Urbana","S/D","S/D","S/D","S/D","S/D","Diurna","S/D","S/D","S/D","Colisión","S/D","S/D","S/D","S/D"
2014,8420,15/10/2014,"Miercoles",0,20:15:00,,"0.0",2,"Moto/Ciclomotor,Moto/Ciclomotor","Avenida Nuestra Señora del Luj Y Frutos",3,3,0,0,0,0,0,,"Avenida",,"SANTO TOMÉ","La Capital","Asfalto","No existe","I","Dentro","Urbana","Ninguna","No existe","Intersección","Bueno","Buena","Nocturna,Con luz artificial","Buen Tiempo","Lateral","S/D","Colisión","S/D","Vertical","Línea divisoria pintada","Sin restricción"