"anio_acci","nro_acci","fecha","desc_dia","fecha_aprox","hora_aprox","desc_ruta","km","cant_participantes","desc_participante","calle_avenida_km","total","heridos_leves","heridos_graves","heridos_gravisimos","ilesos","fallecidos","sin_datos","posicion_XY","desc_tipo_via","desc_ruta_ori","desc_loc","desc_dpto","desc_tipo_calzada","desc_tipo_banquina","desc_unidad_regional","desc_lugar_calzada","desc_zona","desc_prioridad","desc_estado_semaforo","desc_lugar_via","desc_estado_via","desc_estado_visibilidad","desc_luminosidad","desc_estado_clima","desc_tipo_colision","desc_tipo_atropello","desc_tipo_hecho","desc_pres_calzada","desc_senializacion","desc_separacion_via","desc_restriccion"
2014,8421,21/10/2014,"Martes",0,11:30:00,,"0.0",2,"Automóvil,Automóvil","Pedro de Vega Y Alvear",2,2,0,0,0,0,0,,"Calle",,"SANTA FE","La Capital","Asfalto","S/D","I","S/D","Urbana","S/D","No existe","Intersección","Bueno","Buena","Diurna","Buen Tiempo","Lateral","S/D","Colisión","Ninguna","S/D","S/D","Sin restricción"
2014,8422,18/09/2014,"Jueves",0,18:00:00,,"0.0",2,"Automóvil,Automóvil","Bv. 27 De Febrero Y Parana",2,1,0,0,1,0,0,,"Avenida",,"ROSARIO","Rosario","Asfalto","S/D","II","Dentro","Urbana","S/D","S/D","Recta","Bueno","Buena","Atardecer","Buen Tiempo","De alcance","S/D","Colisión","S/D","S/D","S/D","S/D"
2014,8423,21/10/2014,"Martes",0,09:30:00,,"0.0",2,"Automóvil,Moto/Ciclomotor","Llerena Y Alvear",2,1,0,0,1,0,0,,"Calle",,"SANTA FE","La Capital","Asfalto","No existe","I","Dentro","Urbana","Ninguna","No existe","Intersección","Bueno","Buena","Diurna","Buen Tiempo","Frontal","S/D","Colisión","Ninguna","S/D","Ninguna","Sin restricción"
2014,8424,11/10/2014,"Sabado",0,19:30:00,,"0.0",2,"Pickup/Utilitario,Moto/Ciclomotor","Av Lopez y Planes Y Mariano Comas",2,1,0,0,1,0,0,,"Avenida",,"SANTA FE","La Capital","S/D","S/D","I","S/D","Urbana","S/D","S/D","S/D","S/D","S/D","Atardecer","S/D","S/D","S/D","Colisión","S/D","S/D","S/D","S/D"
2014,8425,17/09/2014,"Miercoles",0,11:10:00,,"0.0",2,"Moto/Ciclomotor,Otros","Mitre Y La Paz",3,2,0,0,1,0,0,,"Calle",,"ROSARIO","Rosario","Asfalto","S/D","II","Dentro","Urbana","S/D","S/D","Intersección","Bueno","Buena","Diurna","Buen Tiempo","Lateral","S/D","Colisión","S/D","S/D","S/D","S/D"
2014,8426,21/10/2014,"Martes",0,11:20:00,,"0.0",2,"Automóvil,Moto/Ciclomotor","Republica de Siria Y Salvador del Carril",2,1,0,0,1,0,0,,"Calle",,"SANTA FE","La Capital","Asfalto","No existe","I","Dentro","Urbana","Semáforo","Funciona","Intersección","Bueno","Buena","Diurna","Buen Tiempo","Lateral","S/D","Colisión","Ninguna","S/D","Ninguna","Sin restricción"
2014,8427,27/10/2014,"Lunes",0,22:50:00,,"0.0",2,"Automóvil,Moto/Ciclomotor","Av Freyre Y Primera Junta",3,1,0,0,2,0,0,,"Avenida",,"SANTA FE","La Capital","S/D","S/D","I","S/D","Urbana","S/D","S/D","S/D","S/D","S/D","Nocturna","S/D","S/D","S/D","Colisión","S/D","S/D","S/D","S/D"
2014,8428,27/10/2014,"Lunes",0,13:10:00,,"0.0",2,"Moto/Ciclomotor,Automóvil","4 de Enero Y Zavalia",3,2,0,0,1,0,0,,"Calle",,"SANTA FE","La Capital","Ripio","No existe","I","S/D","Urbana","Ninguna","No existe","Intersección","S/D","Buena","Diurna","Buen Tiempo","Lateral","S/D","Colisión","S/D","Faltante","Ninguna","S/D"
2014,8429,15/09/2014,"Lunes",0,19:30:00,,"0.0",2,"Moto/Ciclomotor,Automóvil","Cerrito Y Mariano Moreno",2,1,0,0,1,0,0,,"Calle",,"ROSARIO","Rosario","Asfalto","S/D","II","Dentro","Urbana","S/D","S/D","Recta","Bueno","Buena","Atardecer","Buen Tiempo","Lateral","S/D","Colisión","S/D","S/D","S/D","S/D"
2014,8430,12/09/2014,"Viernes",0,09:00:00,,"0.0",2,"Moto/Ciclomotor,Automóvil","Grandoli 3700",2,1,0,0,1,0,0,,"Calle",,"ROSARIO","Rosario","Asfalto","No existe","II","Dentro","Urbana","Marca Vial","No existe","Intersección","Bueno","Buena","Diurna","Buen Tiempo","Lateral","S/D","Colisión","Ninguna","Vertical","Línea divisoria pintada","Sin restricción"
2014,8431,27/10/2014,"Lunes",0,18:35:00,,"0.0",2,"Moto/Ciclomotor,Automóvil","Zavalia Y Vera",2,1,0,0,1,0,0,,"Calle",,"SANTA FE","La Capital","S/D","S/D","I","S/D","Urbana","S/D","S/D","S/D","S/D","S/D","Atardecer","S/D","S/D","S/D","Colisión","S/D","S/D","S/D","S/D"
2014,8432,20/10/2014,"Lunes",0,21:40:00,,"0.0",2,"Automóvil,Moto/Ciclomotor","Av Galicia Y Belgrano",2,1,0,0,1,0,0,,"Avenida",,"SANTA FE","La Capital","Asfalto","No existe","I","S/D","Urbana","Semáforo","Funciona","Intersección","Bueno","Buena","Nocturna","Buen Tiempo","Lateral","S/D","Colisión","Otro","S/D","Guardarrail","Sin restricción"
2014,8433,15/09/2014,"Lunes",0,18:15:00,,"0.0",2,"Moto/Ciclomotor,Automóvil","Ituzaingo Y Dorrego",3,1,0,0,2,0,0,,"Calle",,"ROSARIO","Rosario","Asfalto","S/D","II","Dentro","Urbana","S/D","S/D","Intersección","Bueno","Buena","Diurna","Buen Tiempo","Lateral","S/D","Colisión","S/D","S/D","S/D","S/D"
2014,8434,27/10/2014,"Lunes",0,10:20:00,,"0.0",1,"Moto/Ciclomotor","Lamadrid Y Vera",2,1,0,0,1,0,0,,"Calle",,"SANTA FE","La Capital","S/D","S/D","I","S/D","Urbana","S/D","S/D","S/D","S/D","S/D","Diurna","S/D","S/D","S/D","Colisión","S/D","S/D","S/D","S/D"
2014,8435,24/10/2014,"Viernes",0,07:15:00,,"0.0",2,"Moto/Ciclomotor,Automóvil","Av Freyre Y Gdor Crespo",2,1,0,0,1,0,0,,"Avenida",,"SANTA FE","La Capital","S/D","S/D","I","S/D","Urbana","S/D","S/D","S/D","S/D","S/D","Diurna","S/D","S/D","S/D","Colisión","S/D","S/D","S/D","S/D"
2014,8436,25/10/2014,"Sabado",0,17:40:00,"Ruta Provincial 1","5.0",2,"Moto/Ciclomotor,Automóvil","Ruta Provincial 1 5",2,1,0,0,1,0,0,,"Ruta",1,"SAN JOSÉ DEL RINCÓN","La Capital","Asfalto","Natural","I","S/D","Urbana","Ninguna","No existe","Recta","Bueno","Buena","Diurna","Buen Tiempo","Lateral","S/D","Colisión","Ninguna","Faltante","Línea divisoria pintada","Obra en Construcción"
2014,8437,22/10/2014,"Miercoles",0,12:10:00,,"0.0",2,"Moto/Ciclomotor,Automóvil","Av Urquiza Y Santiago del Estero",2,1,0,0,1,0,0,,"Avenida",,"SANTA FE","La Capital","S/D","S/D","I","S/D","Urbana","S/D","S/D","S/D","S/D","S/D","Diurna","S/D","S/D","S/D","Colisión","S/D","S/D","S/D","S/D"
2014,8438,05/10/2014,"Domingo",0,07:20:00,,"0.0",2,"Pickup/Utilitario,Automóvil","J Castelli Y Lavalle",2,0,1,0,1,0,0,,"Calle",,"SANTA FE","La Capital","Asfalto","S/D","I","Dentro","Urbana","S/D","S/D","Intersección","Bueno","Buena","Amanecer","S/D","Lateral","S/D","Colisión","Otro","S/D","Ninguna","Sin restricción"
2014,8439,03/10/2014,"Viernes",0,18:00:00,,"0.0",2,"Peatón,Automóvil","Av Blas Parera Y Pedro Espinosa",2,1,0,0,1,0,0,"-31.563833333333,-60.729888888889","Avenida",,"SANTA FE","La Capital","Asfalto","S/D","I","Dentro","Urbana","Ninguna","No existe","Recta","Bueno","Buena","Diurna","Lluvia","S/D","S/D","Atropello","Agua","Horizontal","Línea divisoria pintada","Sin restricción"
2014,8440,04/10/2014,"Sabado",0,23:15:00,,"0.0",2,"Automóvil,Automóvil","DR. CUE Y ALMAFUERTE",3,1,0,0,0,0,2,,"Calle",,"ROSARIO","Rosario","Asfalto","Natural","II","Dentro","Urbana","Ninguna","No existe","Recta","Bueno","Buena","Nocturna","Otro","S/D","S/D","Otro","Otro","Faltante","Ninguna","Sin restricción"
2014,8441,06/10/2014,"Lunes",0,20:00:00,,"0.0",3,"Automóvil,Peatón,Peatón","Boneo Y Riobamba",3,2,0,0,1,0,0,"-31.610111111111,-60.668277777778","Calle",,"SANTA FE","La Capital","S/D","S/D","I","S/D","Urbana","S/D","S/D","Intersección","S/D","S/D","Nocturna","S/D","S/D","S/D","Atropello","S/D","S/D","S/D","S/D"
2014,8442,14/10/2014,"Martes",0,19:30:00,,"0.0",2,"Moto/Ciclomotor,Automóvil","Alvear Y J M Zuviria",2,1,0,0,1,0,0,,"Calle",,"SANTA FE","La Capital","Asfalto","S/D","I","Dentro","Urbana","S/D","No existe","Intersección","Bueno","Buena","Atardecer","Buen Tiempo","Lateral","S/D","Colisión","Otro","S/D","Ninguna","S/D"
2014,8443,15/10/2014,"Miercoles",0,17:00:00,,"0.0",2,"Automóvil,Automóvil","Rivadavia Y Larrea",2,2,0,0,0,0,0,,"Calle",,"SANTA FE","La Capital","S/D","S/D","I","S/D","Urbana","S/D","S/D","Intersección","S/D","S/D","Diurna","S/D","Lateral","S/D","Colisión","S/D","S/D","S/D","S/D"
2014,8444,27/10/2014,"Lunes",0,18:40:00,,"0.0",2,"Transporte de Pasajeros Larga Distancia (> 8 asientos),Automóvil","Padre Genesio Y Alvear",2,1,0,0,1,0,0,,"Calle",,"SANTA FE","La Capital","S/D","S/D","I","S/D","Urbana","S/D","S/D","Intersección","S/D","S/D","Diurna","S/D","Otro","S/D","Otro","S/D","S/D","S/D","S/D"
2014,8445,22/10/2014,"Miercoles",0,06:30:00,,"0.0",2,"Automóvil,Moto/Ciclomotor","DEL SOL Y BV. LAS ESTRELLAS",2,1,0,0,1,0,0,,"Calle",,"SAN JOSÉ DEL RINCÓN","La Capital","Arena","No existe","I","Dentro","Urbana","Ninguna","No existe","Recta","Deteriorada","Buena","Diurna","Buen Tiempo","Frontal","S/D","Colisión","Material Suelto","Faltante","Ninguna","Obra en Construcción"
2014,8446,08/10/2014,"Miercoles",0,19:40:00,,"0.0",2,"Pickup/Utilitario,Moto/Ciclomotor","Las Heras Y Javier de la Rosa",3,1,0,0,2,0,0,,"Calle",,"SANTA FE","La Capital","S/D","S/D","I","S/D","Urbana","S/D","S/D","Intersección","S/D","S/D","S/D","S/D","Lateral","S/D","Colisión","S/D","S/D","S/D","S/D"
2014,8447,27/10/2014,"Lunes",0,08:50:00,,"0.0",2,"Moto/Ciclomotor,Automóvil","Av Almte Brown Y Bv Muttis",2,1,0,0,1,0,0,,"Avenida",,"SANTA FE","La Capital","Asfalto","S/D","I","Dentro","Urbana","S/D","S/D","Recta","Bueno","Buena","Diurna","Otro","Lateral","S/D","Colisión","Otro","S/D","Ninguna","Sin restricción"
2014,8448,04/10/2014,"Sabado",0,16:15:00,,"0.0",2,"Automóvil,Moto/Ciclomotor","Av A del Valle Y Crucero Gral. Belgrano",2,1,0,0,1,0,0,,"Avenida",,"SANTA FE","La Capital","Asfalto,Tierra","No existe","I","Dentro","Urbana","Ninguna","No existe","Intersección","Deteriorada","Buena","Diurna","Buen Tiempo","Lateral","S/D","Colisión","Ninguna","Horizontal,Vertical","Ninguna","Sin restricción"
2014,8449,23/10/2014,"Jueves",0,22:30:00,,"0.0",2,"Moto/Ciclomotor,Moto/Ciclomotor","Av A del Valle Y Los Nogales",2,1,0,0,1,0,0,,"Avenida",,"SANTA FE","La Capital","Asfalto","No existe","I","Dentro","Urbana","Ninguna","No existe","Intersección","Con baches","Buena","Nocturna,Con luz artificial","Otro","Lateral","S/D","Colisión","Ninguna","Horizontal,Vertical","Ninguna","Sin restricción"
2014,8450,06/10/2014,"Lunes",0,12:00:00,"Ruta Provincial 2","12.5",1,"Pickup/Utilitario","Ruta pcial 2 Av San Martin Y Ruta pcial 2 Av San Martin",2,1,0,0,1,0,0,,"Ruta",2,"MONTE VERA","La Capital","Hormigón","Natural","I","Dentro","Rural","Ninguna","No existe","Intersección","Bueno","Buena","Diurna","Buen Tiempo","Lateral","S/D","Colisión","Ninguna","S/D","Ninguna","Sin restricción"
2014,8451,05/10/2014,"Domingo",0,20:30:00,,"0.0",2,"Pickup/Utilitario,Moto/Ciclomotor","Av J J Paso Y Saavedra",2,1,0,0,1,0,0,,"Calle",,"SANTA FE","La Capital","Asfalto","S/D","I","S/D","Urbana","S/D","S/D","Intersección","S/D","S/D","Nocturna","S/D","S/D","S/D","Colisión","S/D","S/D","S/D","S/D"
2014,8452,30/10/2014,"Jueves",0,22:50:00,,"0.0",1,"Moto/Ciclomotor","Av A del Valle Y Piedrabuena",3,0,2,0,1,0,0,,"Avenida",,"SANTA FE","La Capital","Asfalto,Tierra","No existe","I","Dentro","Urbana","Ninguna","No existe","Intersección","Deteriorada","Reducida","Nocturna,Con luz artificial","Otro","Lateral","S/D","Colisión","Ninguna","Horizontal,Vertical","Ninguna","Sin restricción"
2014,8453,01/10/2014,"Miercoles",0,05:00:00,,"0.0",2,"Camión,Peatón","Av Blas Parera Y Ayacucho",2,1,0,0,1,0,0,"-31.590833333333,-60.724361111111","Avenida",,"SANTA FE","La Capital","Asfalto","Pavimento","I","Dentro","Urbana","Semáforo","Funciona","Intersección","Bueno","Buena","Diurna","Buen Tiempo","S/D","S/D","Atropello","S/D","Horizontal,Vertical","Cordón divisorio","Sin restricción"
2014,8454,14/10/2014,"Martes",0,20:15:00,,"0.0",3,"Bicicleta,Bicicleta,Automóvil","AV. DEL VALLE 11000",3,2,0,0,1,0,0,,"Avenida",,"ANGEL GALLARDO","La Capital","Hormigón","Natural","I","Dentro","Rural","Ninguna","No existe","Recta","Bueno","Buena","Atardecer,Con luz artificial","Buen Tiempo","S/D","S/D","Atropello","Ninguna","S/D","Ninguna","Sin restricción"
2014,8455,19/10/2014,"Domingo",0,12:10:00,,"0.0",2,"Moto/Ciclomotor,Automóvil","Las Heras Y Ricardo Aldao",2,1,0,0,1,0,0,,"Calle",,"SANTA FE","La Capital","Asfalto","S/D","I","Dentro","Urbana","Ninguna","S/D","Intersección","Bueno","Buena","Diurna","Buen Tiempo","S/D","S/D","Colisión","S/D","S/D","Ninguna","Sin restricción"
2014,8456,16/10/2014,"Jueves",0,16:00:00,,"0.0",2,"Automóvil,Moto/Ciclomotor","Las Heras Y J Castelli",3,1,0,0,2,0,0,,"Calle",,"SANTA FE","La Capital","S/D","No existe","I","Dentro","Urbana","Ninguna","No existe","Intersección","Bueno","Buena","Diurna","Otro","Frontal","S/D","Colisión","Otro","S/D","Ninguna","Sin restricción"
2014,8457,14/09/2014,"Domingo",0,09:00:00,,"0.0",2,"Moto/Ciclomotor,Pickup/Utilitario","Ayolas Y Maipu",3,2,0,0,1,0,0,,"Calle",,"ROSARIO","Rosario","Asfalto","No existe","II","Dentro","Urbana","Ninguna","No existe","Intersección","Bueno","Buena","Diurna","Buen Tiempo","Lateral","S/D","Colisión","Ninguna","Vertical","Línea divisoria pintada","Sin restricción"
2014,8458,01/10/2014,"Miercoles",0,12:00:00,,"0.0",2,"Bicicleta,Pickup/Utilitario","Av Gral Paz Y Derqui",2,1,0,0,1,0,0,"-31.619083333333,-60.685055555556","Avenida",,"SANTA FE","La Capital","Asfalto","No existe","I","Dentro","Urbana","Semáforo","Funciona","Intersección","Bueno","S/D","Diurna","Buen Tiempo","S/D","S/D","Atropello","Otro","S/D","Ninguna","Sin restricción"
2014,8459,03/10/2014,"Viernes",0,10:00:00,,"0.0",2,"Moto/Ciclomotor,Moto/Ciclomotor","Av Blas Parera Y Estado de Israel",2,1,0,0,1,0,0,,"Avenida",,"SANTA FE","La Capital","Hormigón","Pavimento","I","Dentro","Urbana","Semáforo","Funciona","Intersección","Bueno","Buena","Diurna","Buen Tiempo","Lateral","S/D","Colisión","S/D","Horizontal,Vertical","Cordón divisorio","Sin restricción"
2014,8460,03/10/2014,"Viernes",0,15:40:00,,"0.0",2,"Moto/Ciclomotor,Automóvil","J Castelli Y Estrada",2,1,0,0,1,0,0,,"Calle",,"SANTA FE","La Capital","Hormigón","Pavimento","I","Dentro","Urbana","Ninguna","No existe","Intersección","Bueno","Buena","Diurna","Buen Tiempo","Lateral","S/D","Colisión","S/D","Faltante","Ninguna","Sin restricción"
2014,8461,14/10/2014,"Martes",0,21:00:00,,"0.0",2,"Moto/Ciclomotor,Automóvil","Av Peñaloza Y J P Lopez",2,1,0,0,1,0,0,,"Avenida",,"SANTA FE","La Capital","Asfalto","Pavimento","I","Dentro","Urbana","Ninguna","No existe","Intersección","Bueno","Buena","Nocturna,Con luz artificial","Buen Tiempo","Lateral","S/D","Colisión","S/D","S/D","Cordón divisorio","Sin restricción"
2014,8462,22/10/2014,"Miercoles",0,19:00:00,"Ruta Nacional 34","236.0",1,"Moto/Ciclomotor"," ",3,2,0,0,1,0,0,,"Ruta",34,"RAFAELA","Castellanos","S/D","S/D","V","Dentro","S/D","S/D","S/D","Recta","S/D","S/D","Atardecer","S/D","S/D","S/D","Caída ocupante","S/D","S/D","S/D","S/D"
2014,8463,12/10/2014,"Domingo",0,,,"0.0",2,"Automóvil,Automóvil"," ",2,1,0,0,1,0,0,,"Avenida",,"SANTA FE","La Capital","Asfalto","Pavimento","I","Dentro","Urbana","Semáforo","Funciona","Intersección","Bueno","Buena","Diurna","Buen Tiempo","Lateral","S/D","Colisión","S/D","S/D","Ninguna","Sin restricción"
2014,8464,31/10/2014,"Viernes",0,13:10:00,,"0.0",2,"Moto/Ciclomotor,Transporte de Pasajeros Larga Distancia (> 8 asientos)","Av Gral Paz Y Agustin Delgado",2,1,0,0,1,0,0,,"Avenida",,"SANTA FE","La Capital","S/D","S/D","I","Dentro","Urbana","Semáforo","Funciona","Intersección","Bueno","Buena","Diurna","Otro","S/D","S/D","Colisión","S/D","S/D","Ninguna","Sin restricción"
2014,8465,30/10/2014,"Jueves",0,14:20:00,,"0.0",2,"Moto/Ciclomotor,Automóvil","Quintana Y Pedro Alejandro Vittori",2,1,0,0,1,0,0,,"Calle",,"SANTA FE","La Capital","Asfalto","No existe","I","Dentro","Urbana","S/D","S/D","Intersección","Bueno","Buena","Diurna","Lluvia","S/D","S/D","Colisión","S/D","S/D","Ninguna","Sin restricción"
2014,8466,13/04/2014,"Domingo",0,19:00:00,"Ruta Provincial 92","23.0",3,"Automóvil,Pickup/Utilitario,Camión","RP92, 4km al E de Arequito ",4,1,0,0,2,1,0,"-33.131938, -61.430399","Ruta",92,"AREQUITO","Caseros","Asfalto","Natural","IV","Dentro","Rural","Ninguna","No existe","Recta","Bueno","Reducida","Atardecer","S/D","Múltiple","S/D","Colisión","S/D","S/D","Línea divisoria pintada","Sin restricción"
2014,8467,30/10/2014,"Jueves",0,08:30:00,,"0.0",2,"Automóvil,Pickup/Utilitario","Alvear Y Ricardo Aldao",2,1,0,0,1,0,0,,"Calle",,"SANTA FE","La Capital","Asfalto","S/D","I","Dentro","Urbana","S/D","No existe","Intersección","Bueno","S/D","Diurna","Otro","Lateral","S/D","Colisión","Agua","S/D","Ninguna","Sin restricción"
2014,8468,25/10/2014,"Sabado",0,09:50:00,,"0.0",2,"Moto/Ciclomotor,Automóvil","Sarmiento Y Pedro de Vega",2,0,1,0,1,0,0,,"Calle",,"SANTA FE","La Capital","Asfalto","No existe","I","Dentro","Urbana","S/D","S/D","Intersección","Otro","S/D","Diurna","Buen Tiempo","Lateral","S/D","Colisión","S/D","S/D","Ninguna","Sin restricción"
2014,8469,15/09/2014,"Lunes",0,16:45:00,,"0.0",2,"Moto/Ciclomotor,Automóvil","España Y Cerrito",2,1,0,0,1,0,0,,"Calle",,"ROSARIO","Rosario","Asfalto","S/D","II","Dentro","Urbana","S/D","No existe","Intersección","Bueno","Buena","Diurna","Buen Tiempo","Lateral","S/D","Colisión","S/D","S/D","S/D","S/D"
2014,8470,25/10/2014,"Sabado",0,06:00:00,,"0.0",2,"Automóvil,Moto/Ciclomotor","Salvador del Carril Y Alvear",3,2,0,0,1,0,0,,"Calle",,"SANTA FE","La Capital","Asfalto","No existe","I","S/D","Urbana","Semáforo","Funciona","Intersección","Bueno","Buena","Amanecer","Buen Tiempo","Lateral","S/D","Colisión","Ninguna","Horizontal","S/D","Sin restricción"
2014,8471,02/10/2014,"Jueves",0,15:30:00,,"0.0",2,"Taxi/Remis,Moto/Ciclomotor","Av. Provincias Unidas Y La Republica",2,1,0,0,1,0,0,,"Calle",,"ROSARIO","Rosario","Asfalto","Pavimento","II","Dentro","Urbana","S/D","Funciona","Recta","Bueno","Buena","Diurna","S/D","S/D","S/D","S/D","S/D","S/D","S/D","S/D"
2014,8472,11/10/2014,"Sabado",0,10:00:00,,"0.0",2,"Moto/Ciclomotor,Automóvil","Av Blas Parera Y Vieytes",2,1,0,0,1,0,0,,"Avenida",,"SANTA FE","La Capital","Asfalto","Pavimento","I","Dentro","Urbana","Semáforo","Funciona","Intersección","Bueno","Buena","Diurna","Buen Tiempo","Lateral","S/D","Colisión","S/D","Horizontal,Vertical","Cordón divisorio","Sin restricción"
2014,8473,15/09/2014,"Lunes",0,08:20:00,,"0.0",2,"Automóvil,Automóvil"," ",2,1,0,0,1,0,0,,"Avenida",,"ROSARIO","Rosario","Asfalto","S/D","II","Dentro","Urbana","S/D","Funciona","Recta","Bueno","Buena","Diurna","Buen Tiempo","De alcance","S/D","Colisión","S/D","Vertical","S/D","S/D"
2014,8474,08/10/2014,"Miercoles",0,20:15:00,,"0.0",2,"Peatón,Moto/Ciclomotor","Olavarria Bis 700",2,1,0,0,1,0,0,,"Calle",,"ROSARIO","Rosario","Asfalto","Pavimento","II","Dentro","Urbana","Ninguna","No existe","Recta","Otro","Buena","Nocturna","Otro","S/D","S/D","Atropello","Otro","Faltante","Ninguna","Sin restricción"
2014,8475,13/09/2014,"Sabado",0,17:00:00,,"0.0",2,"Automóvil,Automóvil","Av. Pellegrini Y Callao",3,1,0,0,2,0,0,,"Avenida",,"ROSARIO","Rosario","Asfalto","S/D","II","Dentro","Urbana","Semáforo","Funciona","Recta","Bueno","Buena","Diurna","Buen Tiempo","De alcance","S/D","Colisión","S/D","Vertical","S/D","S/D"
2014,8476,10/10/2014,"Viernes",0,05:00:00,,"0.0",2,"Automóvil,Moto/Ciclomotor","Ayacucho Y Leumann",3,2,0,0,1,0,0,,"Calle",,"SANTA FE","La Capital","Asfalto,Ripio","Natural","I","Dentro","Urbana","Ninguna","No existe","Intersección","Bueno","Buena","Nocturna,Con luz artificial","Buen Tiempo","Lateral","S/D","Colisión","S/D","Faltante","Ninguna","Sin restricción"
2014,8477,11/09/2014,"Jueves",0,21:30:00,,"0.0",2,"Moto/Ciclomotor,Automóvil","San Martin Y Bv. 27 De Febrero",3,2,0,0,1,0,0,,"Avenida",,"ROSARIO","Rosario","S/D","S/D","II","Dentro","Urbana","S/D","Funciona","Intersección","S/D","S/D","Nocturna","S/D","S/D","S/D","Colisión","S/D","Vertical","S/D","S/D"
2014,8478,10/09/2014,"Miercoles",0,09:00:00,,"0.0",2,"Automóvil,Moto/Ciclomotor","Mariano Moreno Y Cochabamba",2,1,0,0,1,0,0,,"Calle",,"ROSARIO","Rosario","Asfalto","S/D","II","Dentro","Urbana","S/D","S/D","Intersección","S/D","S/D","Diurna","S/D","S/D","S/D","Colisión","S/D","S/D","S/D","S/D"
2014,8479,07/10/2014,"Martes",0,11:00:00,,"0.0",2,"Taxi/Remis,Automóvil","Av Blas Parera Y J P Lopez",2,1,0,0,1,0,0,,"Avenida",,"SANTA FE","La Capital","Asfalto","Pavimento","I","Dentro","Urbana","Semáforo","Funciona","Intersección","Bueno","Buena","Diurna","Buen Tiempo","Lateral","S/D","Colisión","S/D","Horizontal","Cordón divisorio","Sin restricción"
2014,8480,13/10/2014,"Lunes",0,03:45:00,,"0.0",2,"Taxi/Remis,Taxi/Remis","Urquiza Y Iriondo",2,1,0,0,1,0,0,,"Calle",,"ROSARIO","Rosario","Asfalto","No existe","II","Dentro","Urbana","Ninguna","No existe","Recta","S/D","Buena","Nocturna","Buen Tiempo","De alcance","S/D","Colisión","S/D","S/D","Ninguna","Sin restricción"
2014,8481,10/09/2014,"Miercoles",0,08:30:00,,"0.0",2,"Moto/Ciclomotor,Bicicleta","Av. Pellegrini Y Pueyrredon",2,1,0,0,1,0,0,,"Avenida",,"ROSARIO","Rosario","S/D","S/D","II","Dentro","Urbana","S/D","S/D","Intersección","S/D","S/D","Diurna","S/D","S/D","S/D","Atropello","S/D","S/D","S/D","S/D"
2014,8482,09/09/2014,"Martes",0,12:15:00,,"0.0",2,"Automóvil,Otros","San Martin Y La Paz",2,1,0,0,1,0,0,,"Avenida",,"ROSARIO","Rosario","S/D","S/D","II","Dentro","Urbana","S/D","S/D","Intersección","S/D","S/D","Diurna","S/D","S/D","S/D","S/D","S/D","S/D","S/D","S/D"
2014,8483,18/10/2014,"Sabado",0,05:50:00,,"0.0",2,"Moto/Ciclomotor,Camión","Gorriti Y Estrada",2,1,0,0,1,0,0,,"Avenida",,"SANTA FE","La Capital","Asfalto","Pavimento","I","Dentro","Urbana","Ninguna","No existe","Intersección","Bueno","Buena","Nocturna,Con luz artificial","Buen Tiempo","Lateral","S/D","Colisión","S/D","Horizontal,Vertical","Cordón divisorio","Sin restricción"
2014,8484,03/10/2014,"Viernes",0,16:40:00,,"0.0",2,"Moto/Ciclomotor,Automóvil","Av. Sorrento Y Av. Circunvalacion",2,1,0,0,0,0,1,,"Calle",,"ROSARIO","Rosario","Asfalto","Pavimento","II","Dentro","Urbana","Ninguna","No existe","Puente","Bueno","Buena","Atardecer","Otro","Lateral","S/D","Colisión","Otro","Faltante","Ninguna","Sin restricción"
2014,8486,07/10/2014,"Martes",0,08:30:00,,"0.0",2,"Moto/Ciclomotor,Automóvil","Rivadavia Y Santiago",2,1,0,0,1,0,0,,"Calle",,"ROSARIO","Rosario","S/D","No existe","II","S/D","Urbana","Semáforo","Funciona","Recta","Bueno","Buena","Diurna","Buen Tiempo","Otro","S/D","Colisión","Otro","Vertical","Ninguna","Sin restricción"
2014,8487,30/09/2014,"Martes",0,22:00:00,,"0.0",2,"Automóvil,Automóvil","Entre Rios Y Virasoro",4,2,0,0,2,0,0,,"Calle",,"ROSARIO","Rosario","Asfalto","S/D","II","Dentro","Urbana","S/D","Funciona","Recta","Bueno","Buena","Nocturna","Buen Tiempo","De alcance","S/D","Colisión","S/D","Vertical","S/D","S/D"
2014,8488,06/10/2014,"Lunes",0,07:00:00,,"0.0",2,"Moto/Ciclomotor,Moto/Ciclomotor","Av Pte Peron 3500",3,1,0,0,2,0,0,,"Avenida",,"SANTA FE","La Capital","Asfalto","Pavimento","I","Dentro","Urbana","Semáforo","Funciona","Curva","Bueno","Buena","Amanecer","Buen Tiempo","Lateral","S/D","Colisión","S/D","Vertical","Cordón divisorio","Sin restricción"
2014,8489,17/10/2014,"Viernes",0,10:00:00,,"0.0",1,"Moto/Ciclomotor","Amenabar 8200",1,1,0,0,0,0,0,,"Calle",,"SANTA FE","La Capital","Ripio","Pavimento","I","Dentro","Urbana","Ninguna","No existe","Recta","Bueno","Buena","Diurna","Buen Tiempo","S/D","S/D","Caída ocupante","S/D","Faltante","Ninguna","Sin restricción"