"anio_acci","nro_acci","fecha","desc_dia","fecha_aprox","hora_aprox","desc_ruta","km","cant_participantes","desc_participante","calle_avenida_km","total","heridos_leves","heridos_graves","heridos_gravisimos","ilesos","fallecidos","sin_datos","posicion_XY","desc_tipo_via","desc_ruta_ori","desc_loc","desc_dpto","desc_tipo_calzada","desc_tipo_banquina","desc_unidad_regional","desc_lugar_calzada","desc_zona","desc_prioridad","desc_estado_semaforo","desc_lugar_via","desc_estado_via","desc_estado_visibilidad","desc_luminosidad","desc_estado_clima","desc_tipo_colision","desc_tipo_atropello","desc_tipo_hecho","desc_pres_calzada","desc_senializacion","desc_separacion_via","desc_restriccion"
2014,8490,05/10/2014,"Domingo",0,11:15:00,,"0.0",2,"Automóvil,Automóvil","San Lorenzo Y Castellanos",2,1,0,0,1,0,0,,"Calle",,"ROSARIO","Rosario","S/D","No existe","II","S/D","Urbana","Ninguna","No existe","Recta","Otro","Buena","Diurna","Buen Tiempo","Otro","S/D","Colisión","Otro","Faltante","Ninguna","Sin restricción"
2014,8491,22/10/2014,"Miercoles",0,07:30:00,,"0.0",2,"Automóvil,Moto/Ciclomotor","Velez Sarsfield Y Iguazu",2,1,0,0,1,0,0,,"S/D",,"ROSARIO","Rosario","S/D","S/D","II","S/D","Urbana","S/D","S/D","S/D","S/D","S/D","Diurna","S/D","S/D","S/D","S/D","S/D","S/D","S/D","S/D"
2014,8492,16/10/2014,"Jueves",0,19:50:00,,"0.0",2,"Moto/Ciclomotor,Automóvil","J.J.Paso 7400",2,1,0,0,1,0,0,,"Calle",,"ROSARIO","Rosario","Asfalto","Pavimento","II","Dentro","Urbana","Ninguna","No existe","Otro","Bueno","Buena","Atardecer","S/D","Lateral","S/D","Colisión","Otro","Faltante","Ninguna","Sin restricción"
2014,8493,08/09/2014,"Lunes",0,11:00:00,,"0.0",2,"Automóvil,Bicicleta","Bv. Oroño Y Av. Dante Alighieri",2,1,0,0,1,0,0,,"Avenida",,"ROSARIO","Rosario","Asfalto","S/D","II","Dentro","Urbana","S/D","S/D","Intersección","S/D","S/D","Diurna","S/D","S/D","S/D","Atropello","S/D","S/D","S/D","S/D"
2014,8494,15/10/2014,"Miercoles",0,22:30:00,,"0.0",2,"Moto/Ciclomotor,Taxi/Remis","Av Blas Parera Y Beruti",2,1,0,0,1,0,0,,"Calle",,"SANTA FE","La Capital","Asfalto","Pavimento","I","Dentro","Urbana","Ninguna","No existe","Intersección","Bueno","Buena","Diurna","Buen Tiempo","Lateral","S/D","Colisión","S/D","Horizontal,Vertical","Cordón divisorio","Sin restricción"
2014,8495,04/09/2014,"Jueves",0,10:10:00,,"0.0",2,"Taxi/Remis,Automóvil","Entre Rios Y La Paz",3,2,0,0,1,0,0,,"Calle",,"ROSARIO","Rosario","Asfalto","S/D","II","Dentro","Urbana","Semáforo","Funciona","Intersección","Bueno","Buena","Diurna","Buen Tiempo","De alcance","S/D","Colisión","S/D","Vertical","S/D","S/D"
2014,8496,04/10/2014,"Sabado",0,09:15:00,,"0.0",2,"Otros,Otros","Av. Francia Y Tucuman",2,1,0,0,1,0,0,,"Calle",,"ROSARIO","Rosario","S/D","No existe","II","S/D","Urbana","Ninguna","No existe","Recta","Bueno","Buena","Diurna","Buen Tiempo","Otro","S/D","Colisión","Otro","Faltante","Ninguna","Sin restricción"
2014,8497,04/10/2014,"Sabado",0,09:15:00,,"0.0",2,"Moto/Ciclomotor,Automóvil","Av. Francia Y Tucuman",2,1,0,0,1,0,0,,"Calle",,"ROSARIO","Rosario","S/D","No existe","II","S/D","Urbana","Ninguna","No existe","Recta","Bueno","Buena","Diurna","Buen Tiempo","Otro","S/D","Colisión","Otro","Faltante","Ninguna","Sin restricción"
2014,8498,27/10/2014,"Lunes",0,16:00:00,,"0.0",2,"Pickup/Utilitario,Moto/Ciclomotor","Santiago de Chile Y Gdor Crespo",2,1,0,0,1,0,0,,"Calle",,"SANTA FE","La Capital","Asfalto","Pavimento","I","Dentro","Urbana","Ninguna","No existe","Intersección","Bueno","Buena","Diurna","Buen Tiempo","Lateral","S/D","Colisión","S/D","Faltante","Cordón divisorio","Sin restricción"
2014,8499,04/09/2014,"Jueves",0,,,"0.0",2,"Automóvil,Bicicleta","Sarmiento Y Cerrito",2,1,0,0,1,0,0,,"Calle",,"ROSARIO","Rosario","S/D","S/D","II","Dentro","Urbana","S/D","S/D","Intersección","S/D","S/D","S/D","S/D","S/D","S/D","Atropello","S/D","S/D","S/D","S/D"
2014,8500,30/10/2014,"Jueves",0,21:00:00,,"0.0",2,"Bicicleta,Pickup/Utilitario","Aguado Y Alberti",2,1,0,0,1,0,0,"-31.592805555556,-60.716916666667","Calle",,"SANTA FE","La Capital","Asfalto","Natural","I","Dentro","Urbana","Ninguna","No existe","Intersección","Deteriorada","Reducida","Nocturna,Con luz artificial","Buen Tiempo","Lateral","S/D","Colisión","S/D","S/D","Ninguna","Sin restricción"
2014,8501,03/10/2014,"Viernes",0,16:30:00,,"0.0",2,"Automóvil,Automóvil","Tucuman Y Crespo",3,1,0,0,2,0,0,,"Calle",,"ROSARIO","Rosario","Asfalto","No existe","II","Dentro","Urbana","Ninguna","No existe","Recta","Bueno","Buena","Diurna","Buen Tiempo","De alcance","S/D","Colisión","S/D","Faltante","Ninguna","Sin restricción"
2014,8502,08/09/2014,"Lunes",0,23:35:00,,"0.0",2,"Automóvil,Moto/Ciclomotor","Cochabamba Y Buenos Aires",2,1,0,0,1,0,0,,"Calle",,"ROSARIO","Rosario","Asfalto","No existe","II","Dentro","Urbana","Ninguna","No existe","Intersección","Bueno","Buena","Nocturna,Con luz artificial","Buen Tiempo","Otro","S/D","Colisión","Ninguna","S/D","Ninguna","Sin restricción"
2014,8503,25/10/2014,"Sabado",0,21:00:00,,"0.0",1,"Moto/Ciclomotor","Av Blas Parera Y French",1,1,0,0,0,0,0,,"Avenida",,"SANTA FE","La Capital","Asfalto","Pavimento","I","Dentro","Urbana","Semáforo","Funciona","Intersección","Bueno","Buena","Nocturna,Con luz artificial","Buen Tiempo","S/D","S/D","Caída ocupante","S/D","Horizontal,Vertical","Cordón divisorio","Sin restricción"
2014,8504,01/09/2014,"Lunes",0,10:30:00,,"0.0",3,"Automóvil,Automóvil,Automóvil","Buenos Aires Y Av. Pellegrini",4,1,0,0,3,0,0,,"Avenida",,"ROSARIO","Rosario","Asfalto","No existe","II","Dentro","Urbana","Semáforo","Funciona","Recta","Bueno","Buena","Diurna","Buen Tiempo","Múltiple","S/D","Colisión","Ninguna","S/D","Ninguna","S/D"
2014,8505,25/10/2014,"Sabado",0,17:00:00,,"0.0",2,"Moto/Ciclomotor,Automóvil","Espora Y Sebastian Gaboto",2,1,0,0,1,0,0,,"Calle",,"SANTA FE","La Capital","Asfalto","Natural","I","Dentro","Urbana","Ninguna","No existe","Intersección","Deteriorada","Buena","Diurna","Buen Tiempo","S/D","S/D","Colisión","Material Suelto","Faltante","Ninguna","Sin restricción"
2014,8506,17/10/2014,"Viernes",0,21:30:00,,"0.0",2,"Automóvil,Moto/Ciclomotor","Washington Y Union",2,0,1,0,1,0,0,,"Calle",,"ROSARIO","Rosario","Asfalto","No existe","II","Dentro","Urbana","Ninguna","No existe","Intersección","Bueno","Buena","Nocturna","Buen Tiempo","Lateral","S/D","Colisión","S/D","Faltante","Ninguna","Sin restricción"
2014,8508,18/10/2014,"Sabado",0,23:40:00,,"0.0",2,"Moto/Ciclomotor,Automóvil","Av Peñaloza Y J Castelli",2,1,0,0,1,0,0,,"Avenida",,"SANTA FE","La Capital","Hormigón","Pavimento","I","Dentro","Urbana","Ninguna","Intermitente","Intersección","Bueno","Buena","Nocturna,Con luz artificial","Buen Tiempo","Lateral","S/D","Colisión","S/D","Vertical","Cordón divisorio","Sin restricción"
2014,8509,27/10/2014,"Lunes",0,12:00:00,,"0.0",2,"Moto/Ciclomotor,Automóvil","Bv. Rondeau Y Ricardo Nuñez",2,1,0,0,1,0,0,,"Avenida",,"ROSARIO","Rosario","Asfalto","No existe","II","Dentro","Urbana","Semáforo","Funciona","Intersección","Bueno","Buena","Diurna","Buen Tiempo","Otro","S/D","Colisión","Ninguna","Vertical","Cordón divisorio","Sin restricción"
2014,8510,03/10/2014,"Viernes",0,19:30:00,,"0.0",2,"Automóvil,Moto/Ciclomotor","Bordabehere 4000",2,1,0,0,1,0,0,,"Calle",,"ROSARIO","Rosario","Asfalto","No existe","II","Dentro","Urbana","Ninguna","No existe","Recta","Bueno","Buena","Diurna","Buen Tiempo","Contra objeto fijo","S/D","Colisión","S/D","Vertical","Ninguna","Sin restricción"
2014,8511,04/10/2014,"Sabado",0,12:45:00,,"0.0",2,"Automóvil,Moto/Ciclomotor","Av Blas Parera Y Callejon Aguirre",2,1,0,0,1,0,0,,"Avenida",,"SANTA FE","La Capital","Asfalto","S/D","I","S/D","Urbana","S/D","S/D","Intersección","Bueno","S/D","Diurna","Buen Tiempo","Lateral","S/D","Colisión","S/D","S/D","Cordón divisorio","S/D"
2014,8512,16/10/2014,"Jueves",0,17:30:00,,"0.0",2,"Moto/Ciclomotor,Automóvil","Av. Sorrento Y Albert Sabin",2,1,0,0,1,0,0,,"Avenida",,"ROSARIO","Rosario","Asfalto","Natural","II","Dentro","Urbana","Ninguna","No existe","Recta","Bueno","Buena","Diurna","Buen Tiempo","Lateral","S/D","Colisión","S/D","Faltante","Línea divisoria pintada","Sin restricción"
2014,8513,08/10/2014,"Miercoles",0,19:50:00,,"0.0",2,"Moto/Ciclomotor,Moto/Ciclomotor","Av. Sorrento Y Casiano Casas",2,1,0,0,1,0,0,,"Avenida",,"ROSARIO","Rosario","Asfalto","No existe","II","Dentro","Urbana","Ninguna","No existe","Intersección","Bueno","Buena","Atardecer","Buen Tiempo","Lateral","S/D","Colisión","Ninguna","Faltante","Ninguna","Sin restricción"
2014,8514,28/10/2014,"Martes",0,14:00:00,,"0.0",2,"Automóvil,Taxi/Remis","Pje. Bogado Y Bahia Blanca Bis",3,3,0,0,0,0,0,,"S/D",,"ROSARIO","Rosario","S/D","S/D","II","S/D","Urbana","S/D","S/D","S/D","S/D","S/D","Diurna","S/D","S/D","S/D","S/D","S/D","S/D","S/D","S/D"
2014,8515,27/10/2014,"Lunes",0,21:00:00,,"0.0",2,"Automóvil,Moto/Ciclomotor","Salvador Caputo Y Santiago de Chile",2,1,0,0,1,0,0,,"Calle",,"SANTA FE","La Capital","Asfalto","Pavimento","I","Dentro","Urbana","Ninguna","No existe","Intersección","Bueno","Buena","Nocturna","Buen Tiempo","Lateral","S/D","Colisión","S/D","Faltante","Cordón divisorio","Sin restricción"
2014,8516,02/10/2014,"Jueves",0,20:10:00,,"0.0",2,"Automóvil,Moto/Ciclomotor","Urquiza Y Castellanos",2,1,0,0,1,0,0,,"Calle",,"ROSARIO","Rosario","S/D","No existe","II","S/D","Urbana","Ninguna","No existe","Recta","S/D","Buena","Nocturna","Buen Tiempo","Otro","S/D","Colisión","S/D","Faltante","Ninguna","Sin restricción"
2014,8517,01/10/2014,"Miercoles",0,21:00:00,,"0.0",2,"Moto/Ciclomotor,Automóvil","Alberdi Y Ruben Dario",2,1,0,0,1,0,0,,"Calle",,"ROSARIO","Rosario","Asfalto","S/D","II","S/D","Urbana","S/D","S/D","Recta","Bueno","Buena","Nocturna","Buen Tiempo","De alcance","S/D","Colisión","S/D","Faltante","Cordón divisorio","S/D"
2014,8518,30/10/2014,"Jueves",0,18:50:00,,"0.0",1,"Moto/Ciclomotor","Av Blas Parera Y Estanislao Zeballos",1,1,0,0,0,0,0,,"Avenida",,"SANTA FE","La Capital","Asfalto","Pavimento","I","Dentro","Urbana","Semáforo","Funciona","Intersección","Bueno","Buena","Atardecer,Con luz artificial","Buen Tiempo","S/D","S/D","Caída ocupante","S/D","Horizontal,Vertical","Cordón divisorio","Sin restricción"
2014,8519,29/10/2014,"Miercoles",0,09:00:00,,"0.0",2,"Moto/Ciclomotor,Automóvil","Av Peñaloza Y Estanislao Zeballos",2,1,0,0,1,0,0,,"Avenida",,"SANTA FE","La Capital","Hormigón","Pavimento","I","Dentro","Urbana","Semáforo","Funciona","Intersección","Bueno","Buena","Diurna","Buen Tiempo","Lateral","S/D","Colisión","S/D","Horizontal,Vertical","Cordón divisorio","Sin restricción"
2014,8520,18/10/2014,"Sabado",0,13:30:00,,"0.0",2,"Moto/Ciclomotor,Automóvil","Almafuerte Y Av. Alberti",2,1,0,0,1,0,0,,"S/D",,"ROSARIO","Rosario","Asfalto","S/D","II","S/D","Urbana","Ninguna","S/D","Intersección","Bueno","S/D","Diurna","Buen Tiempo","Lateral","S/D","Colisión","S/D","Vertical","Cordón divisorio","Sin restricción"
2014,8521,23/10/2014,"Jueves",0,14:20:00,,"0.0",2,"Taxi/Remis,Moto/Ciclomotor","Reconquista Y Alberdi",2,1,0,0,1,0,0,,"Avenida",,"ROSARIO","Rosario","S/D","S/D","I","S/D","Urbana","S/D","S/D","S/D","S/D","S/D","Diurna","S/D","S/D","S/D","S/D","S/D","S/D","S/D","S/D"
2014,8522,11/10/2014,"Sabado",0,12:30:00,,"0.0",2,"Moto/Ciclomotor,Automóvil","Av Blas Parera 8500",2,1,0,0,1,0,0,,"Avenida",,"SANTA FE","La Capital","Asfalto","Pavimento","I","S/D","Urbana","Ninguna","No existe","Recta","Bueno","Buena","Diurna","Buen Tiempo","Frontal","S/D","Colisión","Ninguna","Faltante","Cordón divisorio","Sin restricción"
2014,8523,04/10/2014,"Sabado",0,10:30:00,,"0.0",2,"Moto/Ciclomotor,Automóvil","Av. Luis Carballo Y Ing.Thedy Bis",2,0,0,0,1,0,1,,"S/D",,"ROSARIO","Rosario","S/D","S/D","II","S/D","Urbana","S/D","S/D","S/D","S/D","S/D","Diurna","S/D","S/D","S/D","S/D","S/D","S/D","S/D","S/D"
2014,8524,18/10/2014,"Sabado",0,18:45:00,,"0.0",2,"Automóvil,Moto/Ciclomotor","Baigorria Y Bv. Rondeau",2,1,0,0,1,0,0,,"Avenida",,"ROSARIO","Rosario","Asfalto","No existe","II","Dentro","Urbana","Semáforo","Funciona","Intersección","Bueno","Buena","Diurna","Buen Tiempo","Lateral","S/D","Colisión","S/D","Vertical","Cordón divisorio","Sin restricción"
2014,8526,01/10/2014,"Miercoles",0,07:15:00,,"0.0",2,"Automóvil,Automóvil","Av. Luis Carballo Y Bv. Avellaneda",4,2,0,0,2,0,0,,"S/D",,"ROSARIO","Rosario","S/D","S/D","II","S/D","Urbana","S/D","S/D","S/D","S/D","S/D","Diurna","S/D","S/D","S/D","S/D","S/D","S/D","S/D","S/D"
2014,8527,02/10/2014,"Jueves",0,17:00:00,,"0.0",2,"Automóvil,Automóvil","Bv. Rondeau 200",2,1,0,0,1,0,0,,"Avenida",,"ROSARIO","Rosario","Asfalto","No existe","II","Dentro","Urbana","Ninguna","Funciona","Recta","Bueno","Buena","Diurna","Buen Tiempo","De alcance","S/D","Colisión","S/D","Horizontal,Vertical","Cordón divisorio","Sin restricción"
2014,8528,03/10/2014,"Viernes",0,19:00:00,,"0.0",2,"Otros,Otros","Warnes Y Matheu",2,1,0,0,1,0,0,,"Calle",,"ROSARIO","Rosario","Asfalto","No existe","II","Dentro","Urbana","Ninguna","No existe","Intersección","Bueno","Buena","Atardecer,Con luz artificial","Buen Tiempo","Lateral","S/D","Colisión","Otro","Faltante","Ninguna","Sin restricción"
2014,8529,03/10/2014,"Viernes",0,19:00:00,,"0.0",2,"Moto/Ciclomotor,Automóvil","Warnes Y Matheu",2,1,0,0,1,0,0,,"Calle",,"ROSARIO","Rosario","Asfalto","No existe","II","Dentro","Urbana","Ninguna","No existe","Intersección","Bueno","Buena","Atardecer,Con luz artificial","Buen Tiempo","Lateral","S/D","Colisión","Otro","Faltante","Ninguna","Sin restricción"
2014,8530,01/10/2014,"Miercoles",0,15:50:00,,"0.0",2,"Automóvil,Camión","Av. Luis Carballo 500",3,0,0,0,1,0,2,,"Avenida",,"ROSARIO","Rosario","Asfalto","S/D","II","S/D","Urbana","S/D","S/D","S/D","S/D","S/D","Diurna","S/D","S/D","S/D","S/D","S/D","S/D","S/D","S/D"
2014,8531,12/10/2014,"Domingo",0,17:40:00,,"0.0",2,"Automóvil,Moto/Ciclomotor","Albert Sabin Y Alberdi",2,1,0,0,1,0,0,,"Avenida",,"ROSARIO","Rosario","Asfalto","S/D","II","S/D","Urbana","S/D","S/D","S/D","S/D","S/D","Diurna","S/D","S/D","S/D","S/D","S/D","S/D","S/D","S/D"
2014,8532,15/10/2014,"Miercoles",0,13:30:00,,"0.0",2,"Bicicleta,Automóvil","Hugo Wast Y Jose Elias Gollan",2,1,0,0,1,0,0,"-31.575453787176,-60.734659230224","Avenida",,"SANTA FE","La Capital","Asfalto","Pavimento","I","S/D","Urbana","Ninguna","No existe","Recta","Bueno","Buena","Diurna","Buen Tiempo","S/D","S/D","Atropello","Ninguna","Faltante","Cordón divisorio","Sin restricción"
2014,8533,20/10/2014,"Lunes",0,10:00:00,,"0.0",2,"Transporte de Pasajeros Urbano (> 8 asientos),Peatón","J.J.Paso Y P.L.Funes",2,1,0,0,1,0,0,,"Calle",,"ROSARIO","Rosario","Asfalto","Pavimento","II","Dentro","Urbana","S/D","No existe","Recta","Con baches","Buena","Diurna","Otro","S/D","S/D","Atropello","Otro","Faltante","Ninguna","Sin restricción"
2014,8534,20/10/2014,"Lunes",0,19:30:00,,"0.0",2,"Peatón,Moto/Ciclomotor","Cafferata Y Beruti",2,1,0,0,1,0,0,"-31.583916666667,-60.732916666667","Calle",,"SANTA FE","La Capital","Asfalto","Pavimento","I","S/D","Urbana","S/D","No existe","Recta","Bueno","Buena","Atardecer","Buen Tiempo","Otro","S/D","Atropello","Ninguna","Faltante","Ninguna","Sin restricción"
2014,8535,26/10/2014,"Domingo",0,11:30:00,,"0.0",2,"Moto/Ciclomotor,Automóvil","Catamarca Y Rodriguez",2,1,0,0,1,0,0,,"Calle",,"ROSARIO","Rosario","S/D","No existe","II","S/D","Urbana","S/D","No existe","Recta","Bueno","Buena","Diurna","Buen Tiempo","Otro","S/D","Colisión","Otro","Faltante","Ninguna","Sin restricción"
2014,8536,26/10/2014,"Domingo",0,11:15:00,,"0.0",2,"Automóvil,Automóvil","J.B.Justo 7400",2,0,0,0,1,0,1,,"Calle",,"ROSARIO","Rosario","Asfalto","Pavimento","II","Dentro","S/D","Ninguna","S/D","Recta","Bueno","Buena","Diurna","Buen Tiempo","Lateral","S/D","Colisión","Otro","Horizontal","Ninguna","Sin restricción"
2014,8537,18/09/2014,"Jueves",0,17:10:00,,"0.0",2,"Bicicleta,Automóvil","Buenos Aires Y Ituzaingo",2,1,0,0,1,0,0,,"Calle",,"ROSARIO","Rosario","Asfalto","No existe","II","Dentro","Rural","Ninguna","No existe","Intersección","Bueno","Buena","Diurna","Buen Tiempo","S/D","S/D","Atropello","Ninguna","S/D","Ninguna","Sin restricción"
2014,8538,29/09/2014,"Lunes",0,08:00:00,,"0.0",2,"Pickup/Utilitario,Camión","Bv. Rondeau 2769",2,1,0,0,1,0,0,,"Avenida",,"ROSARIO","Rosario","Hormigón","No existe","II","Dentro","Urbana","Ninguna","Funciona","Recta","Bueno","Buena","Diurna","Buen Tiempo","De alcance","S/D","Colisión","Otro","Vertical","Cordón divisorio","Sin restricción"
2014,8539,27/10/2014,"Lunes",0,18:20:00,,"0.0",2,"Bicicleta,Automóvil","Solis Y J.J.Paso",2,1,0,0,0,0,1,,"Calle",,"ROSARIO","Rosario","Asfalto","Pavimento","II","Dentro","Urbana","Ninguna","Funciona","Recta","Otro","Buena","Diurna","Buen Tiempo","S/D","S/D","Atropello","Otro","Vertical","Ninguna","Sin restricción"
2014,8540,19/09/2014,"Viernes",0,14:30:00,,"0.0",2,"Automóvil,Bicicleta","Ayacucho Y Riobamba",2,1,0,0,1,0,0,,"Calle",,"ROSARIO","Rosario","Asfalto","No existe","II","Dentro","Urbana","Otra Señal","No existe","Intersección","Bueno","Buena","Diurna","Buen Tiempo","S/D","S/D","Atropello","Ninguna","Horizontal,Vertical","Ninguna","Sin restricción"
2014,8541,04/10/2014,"Sabado",0,11:00:00,,"0.0",2,"Moto/Ciclomotor,Automóvil","Bv. Rondeau Y Av. Sorrento",2,1,0,0,1,0,0,,"Avenida",,"ROSARIO","Rosario","Asfalto","No existe","II","Dentro","Urbana","Ninguna","Funciona","Intersección","Bueno","Buena","Diurna","Buen Tiempo","De alcance","S/D","Colisión","Otro","Horizontal,Vertical","Cordón divisorio","Sin restricción"
2014,8542,04/10/2014,"Sabado",0,20:30:00,,"0.0",2,"Peatón,Moto/Ciclomotor","Marull Y Zelaya",2,2,0,0,0,0,0,,"Calle",,"ROSARIO","Rosario","Asfalto","No existe","II","Dentro","Urbana","Ninguna","No existe","Intersección","Bueno","Buena","Nocturna","Buen Tiempo","S/D","S/D","Atropello","Otro","Faltante","Ninguna","Sin restricción"
2014,8543,08/10/2014,"Miercoles",0,18:00:00,,"0.0",2,"Moto/Ciclomotor,Automóvil","Superi Y Darragueira",3,2,0,0,1,0,0,,"Calle",,"ROSARIO","Rosario","Asfalto","No existe","II","Dentro","Urbana","Ninguna","No existe","Intersección","Bueno","Buena","Diurna","Buen Tiempo","Lateral","S/D","Colisión","Otro","Vertical","Ninguna","Sin restricción"
2014,8544,22/10/2014,"Miercoles",0,13:50:00,,"0.0",2,"Automóvil,Automóvil","Brown Y Santiago",2,1,0,0,1,0,0,,"Calle",,"ROSARIO","Rosario","S/D","No existe","II","S/D","Urbana","Ninguna","No existe","Recta","Otro","Buena","Diurna","Buen Tiempo","Otro","S/D","Colisión","Otro","Faltante","Ninguna","Sin restricción"
2014,8545,09/10/2014,"Jueves",0,16:00:00,,"0.0",2,"Automóvil,Moto/Ciclomotor","Av Santa Fe 9500",2,1,0,0,1,0,0,,"Avenida",,"SANTA FE","La Capital","Asfalto","No existe","I","S/D","Urbana","Semáforo","Funciona","Recta","Bueno","Buena","Diurna","Buen Tiempo","Otro","S/D","Colisión","Ninguna","Faltante","Ninguna","Sin restricción"
2014,8546,06/10/2014,"Lunes",0,16:35:00,,"0.0",2,"Moto/Ciclomotor,Automóvil","Av Santa Fe 5000",3,1,0,0,2,0,0,,"Avenida",,"SANTA FE","La Capital","Asfalto","Pavimento","I","S/D","Urbana","Ninguna","No existe","Recta","Bueno","Buena","Diurna","Buen Tiempo","Lateral","S/D","Colisión","Ninguna","Faltante","Cordón divisorio","Sin restricción"
2014,8547,03/10/2014,"Viernes",0,20:00:00,"Ruta Nacional 11","0.0",2,"Moto/Ciclomotor,Pickup/Utilitario"," ",2,0,0,0,0,0,2,,"Ruta",11,"SANTA FE","La Capital","Asfalto","S/D","I","S/D","Urbana","S/D","S/D","Puente","S/D","S/D","S/D","S/D","S/D","S/D","Colisión","S/D","S/D","S/D","S/D"
2014,8548,05/10/2014,"Domingo",0,22:40:00,"Ruta Nacional 11","0.0",2,"Pickup/Utilitario,Automóvil"," ",2,0,0,0,0,0,2,,"Ruta",11,"SANTO TOMÉ","La Capital","Asfalto","S/D","I","S/D","Urbana","S/D","S/D","Recta","S/D","S/D","S/D","S/D","S/D","S/D","Colisión","S/D","S/D","S/D","S/D"
2014,8549,18/10/2014,"Sabado",0,10:30:00,,"0.0",2,"Taxi/Remis,Automóvil","Tucuman Y Cafferata",2,1,0,0,1,0,0,,"Calle",,"ROSARIO","Rosario","Asfalto","No existe","II","S/D","Urbana","Semáforo","Funciona","Recta","Otro","Buena","Diurna","Buen Tiempo","Otro","S/D","Colisión","Otro","Vertical","Ninguna","Sin restricción"
2014,8550,16/10/2014,"Jueves",0,12:35:00,,"0.0",2,"Automóvil,Moto/Ciclomotor","Tucuman Y Ricchieri",2,1,0,0,1,0,0,,"Calle",,"ROSARIO","Rosario","Asfalto","No existe","II","S/D","Urbana","Ninguna","No existe","Recta","Bueno","Buena","Diurna","Buen Tiempo","Otro","S/D","Colisión","Otro","Faltante","Ninguna","Sin restricción"
2014,8551,14/10/2014,"Martes",0,14:00:00,,"0.0",2,"Peatón,Moto/Ciclomotor","J.J.Paso 2500",2,1,0,0,1,0,0,,"Calle",,"ROSARIO","Rosario","Asfalto","S/D","II","S/D","Urbana","S/D","S/D","Recta","Bueno","S/D","Diurna","S/D","S/D","S/D","Atropello","S/D","S/D","S/D","S/D"
2014,8552,12/10/2014,"Domingo",0,14:10:00,"Autopista Nacional A008","0.0",1,"Moto/Ciclomotor"," ",3,0,0,0,0,0,3,,"Autopista","A008","ROSARIO","Rosario","Asfalto","Pavimento","II","Dentro","Urbana","Ninguna","No existe","Puente","Bueno","Buena","Diurna","Buen Tiempo","Contra objeto fijo","S/D","Colisión","Otro","Horizontal","Ninguna","Sin restricción"
2014,8553,14/10/2014,"Martes",0,19:30:00,,"0.0",2,"Peatón,Automóvil","Av. Del Valle ",2,1,0,0,1,0,0,,"Calle",,"ROSARIO","Rosario","S/D","No existe","II","Dentro","Urbana","Ninguna","No existe","Cruce","Bueno","Buena","Atardecer","Buen Tiempo","S/D","S/D","Atropello","Otro","Faltante","Ninguna","Sin restricción"
2014,8554,08/10/2014,"Miercoles",0,11:00:00,,"0.0",2,"Moto/Ciclomotor,Automóvil","Echesortu Y Darragueira",2,1,0,0,1,0,0,,"Calle",,"ROSARIO","Rosario","Asfalto","No existe","II","Dentro","Urbana","Ninguna","No existe","Intersección","Bueno","Buena","Diurna","Buen Tiempo","Lateral","S/D","Colisión","Otro","Faltante","Ninguna","Sin restricción"
2014,8555,03/10/2014,"Viernes",0,21:10:00,,"0.0",2,"Moto/Ciclomotor,Moto/Ciclomotor","j. b. justo Y colectora",2,1,0,0,1,0,0,,"Avenida",,"ROSARIO","Rosario","Asfalto","Pavimento","II","Dentro","Urbana","S/D","No existe","Curva","Bueno","S/D","Nocturna","S/D","S/D","S/D","Colisión","S/D","S/D","S/D","S/D"
2014,8557,20/04/2014,"Domingo",0,20:00:00,"Ruta Nacional A007","0.0",3,"Pickup/Utilitario,Automóvil,Pickup/Utilitario","Monseñor Rodriguez Y Av Circunvalación",4,0,0,0,0,0,4,,"Ruta","A007","SANTA FE","La Capital","S/D","S/D","I","Dentro","Urbana","S/D","S/D","Recta","S/D","S/D","S/D","S/D","Atropello animal","S/D","Colisión","S/D","S/D","S/D","Accidente Previo"
2014,8558,12/10/2014,"Domingo",0,10:00:00,,"0.0",2,"Moto/Ciclomotor,Pickup/Utilitario","Av. Arijon Y Av. Bermudez",2,1,0,0,1,0,0,,"S/D",,"ROSARIO","Rosario","Asfalto","No existe","II","S/D","S/D","Ninguna","No existe","Intersección","S/D","Buena","Diurna","S/D","Lateral","S/D","Colisión","S/D","S/D","Ninguna","Sin restricción"
2014,8559,26/10/2014,"Domingo",0,13:10:00,,"0.0",2,"Automóvil,Automóvil","Dorrego Y Ituzaingo",7,3,0,0,4,0,0,,"Calle",,"ROSARIO","Rosario","Asfalto","S/D","II","S/D","Urbana","S/D","No existe","S/D","Bueno","Buena","Diurna","Buen Tiempo","De alcance","S/D","Colisión","S/D","Vertical","S/D","S/D"
2014,8560,21/10/2014,"Martes",0,13:10:00,,"0.0",2,"Moto/Ciclomotor,Automóvil","Dean Funes Y L.N.Alem",3,2,0,0,1,0,0,,"Calle",,"ROSARIO","Rosario","Asfalto","No existe","II","Dentro","Urbana","Marca Vial","No existe","Intersección","Bueno","Buena","Diurna","Buen Tiempo","Lateral","S/D","Colisión","Ninguna","Vertical","Línea divisoria pintada","Sin restricción"