"anio_acci","nro_acci","fecha","desc_dia","fecha_aprox","hora_aprox","desc_ruta","km","cant_participantes","desc_participante","calle_avenida_km","total","heridos_leves","heridos_graves","heridos_gravisimos","ilesos","fallecidos","sin_datos","posicion_XY","desc_tipo_via","desc_ruta_ori","desc_loc","desc_dpto","desc_tipo_calzada","desc_tipo_banquina","desc_unidad_regional","desc_lugar_calzada","desc_zona","desc_prioridad","desc_estado_semaforo","desc_lugar_via","desc_estado_via","desc_estado_visibilidad","desc_luminosidad","desc_estado_clima","desc_tipo_colision","desc_tipo_atropello","desc_tipo_hecho","desc_pres_calzada","desc_senializacion","desc_separacion_via","desc_restriccion"
2014,8561,25/10/2014,"Sabado",0,11:00:00,,"0.0",2,"Automóvil,Moto/Ciclomotor","Uruguay Y España",3,2,0,0,1,0,0,,"Calle",,"ROSARIO","Rosario","Asfalto","No existe","II","S/D","Urbana","Ninguna","No existe","Intersección","Bueno","Buena","Diurna","Buen Tiempo","De alcance","S/D","Colisión","Ninguna","Faltante","Ninguna","Sin restricción"
2014,8562,22/09/2014,"Lunes",0,08:50:00,,"0.0",2,"Automóvil,Moto/Ciclomotor","Av. Belgrano 2000",2,1,0,0,1,0,0,,"Avenida",,"ROSARIO","Rosario","Asfalto","No existe","II","Dentro","Urbana","Ninguna","No existe","Recta","Bueno","Buena","Diurna","Buen Tiempo","Otro","S/D","Colisión","Ninguna","S/D","Ninguna","Sin restricción"
2014,8563,11/10/2014,"Sabado",0,18:10:00,,"0.0",2,"Moto/Ciclomotor,Automóvil","Cerrito Y Italia",3,2,0,0,1,0,0,,"Calle",,"ROSARIO","Rosario","Asfalto","S/D","II","Dentro","Urbana","Ninguna","No existe","Recta","Bueno","Buena","Atardecer","Buen Tiempo","De alcance","S/D","Colisión","S/D","Vertical","S/D","S/D"
2014,8564,22/09/2014,"Lunes",0,19:00:00,,"0.0",2,"Automóvil,Bicicleta","Ayacucho Y Riobamba",2,1,0,0,1,0,0,,"Calle",,"ROSARIO","Rosario","Asfalto","No existe","II","Dentro","Urbana","Ninguna","No existe","Intersección","Bueno","Buena","Atardecer","Buen Tiempo","S/D","S/D","Atropello","Ninguna","Horizontal,Vertical","Ninguna","Sin restricción"
2014,8565,10/10/2014,"Viernes",0,19:00:00,,"0.0",2,"Moto/Ciclomotor,Peatón","Av. Pellegrini Y Italia",2,2,0,0,0,0,0,,"Avenida",,"ROSARIO","Rosario","Asfalto","S/D","II","Dentro","Urbana","Semáforo","Funciona","Recta","Bueno","Buena","Atardecer,Con luz artificial","Buen Tiempo","S/D","S/D","Atropello","S/D","Vertical","S/D","S/D"
2014,8566,18/10/2014,"Sabado",0,17:15:00,,"0.0",2,"Moto/Ciclomotor,Automóvil","Necochea Y Amenabar",3,2,0,0,1,0,0,,"Calle",,"ROSARIO","Rosario","Asfalto","No existe","II","Dentro","Urbana","Marca Vial","No existe","Intersección","Bueno","Buena","Atardecer","Buen Tiempo","Lateral","S/D","Colisión","Ninguna","Vertical","Línea divisoria pintada","Sin restricción"
2014,8567,29/09/2014,"Lunes",0,17:30:00,,"0.0",2,"Automóvil,Automóvil","Necochea Y Viamonte",2,2,0,0,0,0,0,,"Calle",,"ROSARIO","Rosario","Asfalto","No existe","II","Dentro","Urbana","Ninguna","No existe","Intersección","Bueno","Buena","Diurna","Buen Tiempo","Otro","S/D","Colisión","Ninguna","S/D","Ninguna","Sin restricción"
2014,8568,10/10/2014,"Viernes",0,16:30:00,,"0.0",2,"Moto/Ciclomotor,Peatón","Av. Pellegrini Y Italia",2,2,0,0,0,0,0,,"Avenida",,"ROSARIO","Rosario","Asfalto","S/D","II","Dentro","Urbana","Semáforo","Funciona","Curva","Bueno","Buena","Diurna","Buen Tiempo","S/D","S/D","Atropello","S/D","Vertical","S/D","S/D"
2014,8569,27/10/2014,"Lunes",0,13:30:00,,"0.0",2,"Moto/Ciclomotor,Automóvil","Garibaldi Y Paraguay",2,1,0,0,1,0,0,,"Calle",,"ROSARIO","Rosario","Asfalto","No existe","II","S/D","Urbana","Ninguna","No existe","Recta","Bueno","Buena","Diurna","Buen Tiempo","S/D","S/D","Atropello","Ninguna","Faltante","Ninguna","Sin restricción"
2014,8570,30/09/2014,"Martes",0,19:15:00,,"0.0",2,"Automóvil,Moto/Ciclomotor","Esmeralda Y Ocampo",2,1,0,0,1,0,0,,"Calle",,"ROSARIO","Rosario","Asfalto","No existe","II","Dentro","Urbana","Ninguna","No existe","Intersección","Bueno","Buena","Atardecer","Buen Tiempo","Otro","S/D","Colisión","Ninguna","S/D","Ninguna","Sin restricción"
2014,8571,10/10/2014,"Viernes",0,15:45:00,,"0.0",2,"Automóvil,Moto/Ciclomotor","Riobamba Y Sarmiento",3,2,0,0,1,0,0,,"Calle",,"ROSARIO","Rosario","Asfalto","S/D","II","Dentro","Urbana","Señal Ceda el Paso","No existe","Intersección","Bueno","Buena","Diurna","Buen Tiempo","De alcance","S/D","Colisión","S/D","Vertical","S/D","S/D"
2014,8572,15/10/2014,"Miercoles",0,14:40:00,,"0.0",2,"Moto/Ciclomotor,Automóvil","Bv. Segui Y 1 de Mayo",2,1,0,0,1,0,0,,"Calle",,"ROSARIO","Rosario","Asfalto","No existe","II","Dentro","Urbana","Marca Vial","No existe","Intersección","Bueno","Buena","Diurna","Buen Tiempo","Lateral","S/D","Colisión","Ninguna","Vertical","Cordón divisorio,Línea divisoria pintada","Sin restricción"
2014,8573,17/09/2014,"Miercoles",0,13:30:00,,"0.0",2,"Automóvil,Moto/Ciclomotor","Av. Corrientes Y Bv. Segui",4,3,0,0,1,0,0,,"Avenida",,"ROSARIO","Rosario","Asfalto","No existe","II","S/D","Urbana","Ninguna","No existe","Intersección","Bueno","Buena","Diurna","Buen Tiempo","De alcance","S/D","Colisión","Ninguna","Faltante","Ninguna","Sin restricción"
2014,8574,13/09/2014,"Sabado",0,17:30:00,,"0.0",2,"Moto/Ciclomotor,Automóvil","Bv. Segui Y San Martin",2,1,0,0,1,0,0,,"Calle",,"ROSARIO","Rosario","Asfalto","No existe","II","Dentro","Urbana","Marca Vial","Funciona","Intersección","Bueno","Buena","Atardecer","Buen Tiempo","Lateral","S/D","Colisión","Ninguna","Vertical","Línea divisoria pintada","Sin restricción"
2014,8575,06/10/2014,"Lunes",0,10:55:00,,"0.0",2,"Peatón,Taxi/Remis","Virasoro Y Sarmiento",2,1,0,0,1,0,0,,"Calle",,"ROSARIO","Rosario","Asfalto","S/D","II","Dentro","Urbana","Paso Peatonal","No existe","Recta","Bueno","Buena","Diurna","Buen Tiempo","S/D","S/D","Atropello","S/D","Vertical","S/D","S/D"
2014,8576,20/10/2014,"Lunes",0,14:00:00,,"0.0",2,"Taxi/Remis,Moto/Ciclomotor","Entre Rios Y Cochabamba",2,1,0,0,1,0,0,,"Calle",,"ROSARIO","Rosario","Asfalto","S/D","II","Dentro","Urbana","S/D","No existe","S/D","Bueno","Buena","Diurna","Buen Tiempo","De alcance","S/D","Colisión","S/D","Vertical","S/D","S/D"
2014,8577,17/09/2014,"Miercoles",0,20:45:00,,"0.0",2,"Automóvil,Tracción animal / Carro","Italia Y Garay",2,1,0,0,1,0,0,,"Calle",,"ROSARIO","Rosario","Asfalto","No existe","II","S/D","S/D","Ninguna","No existe","Recta","Bueno","Buena","Nocturna","Buen Tiempo","De alcance","S/D","Colisión","Ninguna","Faltante","S/D","Sin restricción"
2014,8578,20/10/2014,"Lunes",0,14:30:00,,"0.0",2,"Automóvil,Moto/Ciclomotor","España Y Riobamba",2,1,0,0,1,0,0,,"Calle",,"ROSARIO","Rosario","Asfalto","S/D","II","Dentro","Urbana","S/D","No existe","S/D","Bueno","Buena","Diurna","Buen Tiempo","De alcance","S/D","Colisión","S/D","Vertical","S/D","S/D"
2014,8579,21/10/2014,"Martes",0,14:30:00,,"0.0",2,"Moto/Ciclomotor,Automóvil","España 2300",2,1,0,0,1,0,0,,"Calle",,"ROSARIO","Rosario","Asfalto","S/D","II","S/D","Urbana","S/D","No existe","S/D","Bueno","Buena","Diurna","Buen Tiempo","De alcance","S/D","Colisión","S/D","Vertical","S/D","S/D"
2014,8580,18/09/2014,"Jueves",0,19:00:00,,"0.0",2,"Automóvil,Moto/Ciclomotor","Saavedra Y Entre Rios",3,2,0,0,1,0,0,,"Calle",,"ROSARIO","Rosario","Asfalto","No existe","II","S/D","Urbana","Ninguna","No existe","Intersección","Bueno","Buena","Nocturna,Con luz artificial","Buen Tiempo","De alcance","S/D","Colisión","Ninguna","Faltante","Ninguna","S/D"
2014,8581,28/10/2014,"Martes",0,10:50:00,,"0.0",2,"Automóvil,Pickup/Utilitario","Dorrego Y Garibaldi",2,1,0,0,1,0,0,,"Calle",,"ROSARIO","Rosario","Asfalto","No existe","II","S/D","Urbana","Ninguna","No existe","Intersección","Bueno","Buena","Diurna","Buen Tiempo","De alcance","S/D","Colisión","Ninguna","Faltante","Ninguna","Sin restricción"
2014,8582,08/10/2014,"Miercoles",0,14:30:00,,"0.0",2,"Transporte de Pasajeros Urbano (> 8 asientos),Moto/Ciclomotor","San Martin Y Pte.Quintana",3,2,0,0,1,0,0,,"Avenida",,"ROSARIO","Rosario","Asfalto","No existe","II","S/D","Urbana","Ninguna","No existe","Intersección","Bueno","Buena","Diurna","Buen Tiempo","De alcance","S/D","Colisión","Ninguna","Faltante","Ninguna","Sin restricción"
2014,8583,20/09/2014,"Sabado",0,18:35:00,,"0.0",2,"Automóvil,Automóvil","Av. Uriburu Y Santiago",3,1,0,0,2,0,0,,"Avenida",,"ROSARIO","Rosario","Asfalto","No existe","II","S/D","Urbana","Ninguna","No existe","Intersección","Bueno","Buena","Atardecer","Buen Tiempo","De alcance","S/D","Colisión","Ninguna","Faltante","S/D","Sin restricción"
2014,8584,25/10/2014,"Sabado",0,13:00:00,,"0.0",2,"Moto/Ciclomotor,Taxi/Remis","Bv. 27 De Febrero Y Balcarce",2,1,0,0,1,0,0,,"Avenida",,"ROSARIO","Rosario","Asfalto","S/D","II","Dentro","Urbana","Semáforo","Funciona","S/D","Bueno","Buena","Diurna","Buen Tiempo","De alcance","S/D","Colisión","S/D","Vertical","S/D","S/D"
2014,8585,04/10/2014,"Sabado",0,12:15:00,,"0.0",2,"Automóvil,Moto/Ciclomotor","Entre Rios Y Galvez",2,1,0,0,1,0,0,,"Calle",,"ROSARIO","Rosario","Asfalto","S/D","II","Dentro","Urbana","S/D","No existe","Recta","Bueno","Buena","Diurna","Buen Tiempo","Lateral","S/D","Colisión","S/D","S/D","S/D","S/D"
2014,8586,29/10/2014,"Miercoles",0,16:40:00,,"0.0",2,"Automóvil,Moto/Ciclomotor","Pte.Quintana Y España",2,1,0,0,1,0,0,,"Calle",,"ROSARIO","Rosario","Asfalto","No existe","II","S/D","Rural","Ninguna","No existe","Intersección","Bueno","Buena","Diurna","Buen Tiempo","De alcance","S/D","Colisión","Ninguna","Faltante","Ninguna","Sin restricción"
2014,8587,03/10/2014,"Viernes",0,15:30:00,,"0.0",2,"Moto/Ciclomotor,Automóvil","L.N.Alem Y Galvez",2,1,0,0,1,0,0,,"Calle",,"ROSARIO","Rosario","Asfalto","No existe","II","Dentro","Urbana","Marca Vial","No existe","Intersección","Bueno","Buena","Diurna","Buen Tiempo","Lateral","S/D","Colisión","Ninguna","Vertical","Línea divisoria pintada","Sin restricción"
2014,8589,02/10/2014,"Jueves",0,16:45:00,,"0.0",2,"Moto/Ciclomotor,Automóvil","Bv. Oroño Y Av. Lugones",2,1,0,0,1,0,0,,"Avenida",,"ROSARIO","Rosario","Asfalto","S/D","II","Dentro","Urbana","Ninguna","No existe","Rotonda","Bueno","Buena","Atardecer","Buen Tiempo","De alcance","S/D","Colisión","S/D","Vertical","S/D","S/D"
2014,8590,30/10/2014,"Jueves",0,11:55:00,,"0.0",2,"Moto/Ciclomotor,Automóvil","Pueyrredon Y Pje. Colegiales",2,1,0,0,1,0,0,,"Calle",,"ROSARIO","Rosario","Asfalto","No existe","II","S/D","Urbana","Ninguna","No existe","Intersección","Bueno","Buena","Diurna","Buen Tiempo","De alcance","S/D","Colisión","Ninguna","Faltante","Ninguna","Sin restricción"
2014,8591,22/09/2014,"Lunes",0,13:30:00,,"0.0",2,"Automóvil,Moto/Ciclomotor","Garibaldi Y Trento",3,2,0,0,1,0,0,,"Calle",,"ROSARIO","Rosario","Asfalto","No existe","II","S/D","Urbana","Ninguna","No existe","Intersección","Bueno","Buena","Diurna","Buen Tiempo","De alcance","S/D","Colisión","Ninguna","Faltante","S/D","Sin restricción"
2014,8592,15/10/2014,"Miercoles",0,11:00:00,,"0.0",2,"Automóvil,Moto/Ciclomotor","Sarmiento Y Ayolas",2,1,0,0,1,0,0,,"Calle",,"ROSARIO","Rosario","Asfalto","No existe","II","S/D","Urbana","Ninguna","No existe","Intersección","Bueno","Buena","Diurna","Buen Tiempo","De alcance","S/D","Colisión","Ninguna","Horizontal","Ninguna","Sin restricción"
2014,8593,05/10/2014,"Domingo",0,14:00:00,,"0.0",2,"Bicicleta,Moto/Ciclomotor","Av. Provincias Unidas Y Gaboto",2,1,0,0,1,0,0,,"Avenida",,"ROSARIO","Rosario","Asfalto,Hormigón","No existe","II","S/D","Urbana","Marca Vial","No existe","Intersección","Con baches","Buena","Diurna","Buen Tiempo","S/D","S/D","Atropello","S/D","S/D","S/D","Sin restricción"
2014,8594,10/10/2014,"Viernes",0,14:35:00,,"0.0",2,"Otros,Otros","Av. Corrientes Y Galvez",2,1,0,0,0,0,1,,"Calle",,"ROSARIO","Rosario","Asfalto","S/D","II","S/D","Urbana","S/D","No existe","Recta","Bueno","Buena","Diurna","Buen Tiempo","S/D","S/D","Otro","S/D","Vertical","S/D","S/D"
2014,8595,22/09/2014,"Lunes",0,19:30:00,,"0.0",2,"Automóvil,Moto/Ciclomotor","Dorrego Y Mr.Ross",2,0,1,0,1,0,0,,"Calle",,"ROSARIO","Rosario","Asfalto","No existe","II","S/D","Urbana","Ninguna","No existe","Intersección","Bueno","Buena","Atardecer","Buen Tiempo","De alcance","S/D","Colisión","Ninguna","Faltante","S/D","Sin restricción"
2014,8596,14/09/2014,"Domingo",0,16:15:00,,"0.0",2,"Moto/Ciclomotor,Automóvil","Ayolas Y Laprida",2,1,0,0,1,0,0,,"Calle",,"ROSARIO","Rosario","Asfalto","No existe","II","Dentro","Urbana","Marca Vial","No existe","Intersección","Bueno","Buena","Atardecer","Buen Tiempo","Lateral","S/D","Colisión","Ninguna","Vertical","Línea divisoria pintada","Sin restricción"
2014,8597,12/10/2014,"Domingo",0,16:45:00,,"0.0",2,"Moto/Ciclomotor,Automóvil","Mitre Y Galvez",2,1,0,0,1,0,0,,"Calle",,"ROSARIO","Rosario","Asfalto","S/D","II","S/D","Urbana","S/D","No existe","Recta","Bueno","Buena","Diurna","Buen Tiempo","De alcance","S/D","Colisión","S/D","Vertical","S/D","S/D"
2014,8598,02/10/2014,"Jueves",0,12:00:00,,"0.0",2,"Automóvil,Bicicleta","Av. Pte.Peron 7400",2,1,0,0,1,0,0,,"Avenida",,"ROSARIO","Rosario","Asfalto,Hormigón","Pavimento","II","S/D","Urbana","Marca Vial","No existe","Intersección","Resbaladiza","Buena","Diurna","Buen Tiempo","S/D","S/D","Atropello","S/D","S/D","S/D","Sin restricción"
2014,8599,03/10/2014,"Viernes",0,18:30:00,,"0.0",2,"Automóvil,Peatón","San Martin Y Esteban de Luca",2,0,1,0,1,0,0,,"Avenida",,"ROSARIO","Rosario","Asfalto","No existe","II","S/D","Urbana","Ninguna","Funciona","Intersección","Bueno","Buena","Atardecer","Buen Tiempo","S/D","S/D","Atropello","Ninguna","Horizontal","Ninguna","Sin restricción"
2014,8600,06/10/2014,"Lunes",0,13:55:00,,"0.0",2,"Automóvil,Moto/Ciclomotor","Pte.Roca Y Av. Pellegrini",2,1,0,0,1,0,0,,"Avenida",,"ROSARIO","Rosario","Asfalto","S/D","II","S/D","Urbana","Semáforo","Funciona","Recta","Bueno","Buena","Diurna","Buen Tiempo","De alcance","S/D","Colisión","S/D","Vertical","S/D","S/D"
2014,8601,01/10/2014,"Miercoles",0,07:50:00,,"0.0",2,"Automóvil,Automóvil","Bv. 27 De Febrero Y Paraguay",2,1,0,0,1,0,0,,"Avenida",,"ROSARIO","Rosario","Asfalto","S/D","II","Dentro","Urbana","Semáforo","Funciona","Recta","Bueno","Buena","Diurna","Buen Tiempo","De alcance","S/D","Colisión","S/D","Vertical","S/D","S/D"
2014,8602,18/10/2014,"Sabado",0,23:05:00,,"0.0",2,"Moto/Ciclomotor,Automóvil","Av. Pellegrini Y Magallanes",2,1,0,0,1,0,0,,"Calle",,"ROSARIO","Rosario","Asfalto","No existe","II","Dentro","Urbana","Ninguna","No existe","Intersección","Bueno","Buena","Nocturna,Con luz artificial","Buen Tiempo","Lateral","S/D","Colisión","Ninguna","Horizontal","Ninguna","Sin restricción"
2014,8603,03/10/2014,"Viernes",0,20:15:00,,"0.0",2,"Moto/Ciclomotor,Automóvil","Necochea Y Dr.Rivas",2,1,0,0,1,0,0,,"Calle",,"ROSARIO","Rosario","Asfalto","No existe","II","S/D","Urbana","Marca Vial","No existe","Intersección","Bueno","Buena","Nocturna,Con luz artificial","Buen Tiempo","Lateral","S/D","Colisión","Ninguna","Vertical","Línea divisoria pintada","Sin restricción"
2014,8604,03/10/2014,"Viernes",0,22:00:00,,"0.0",2,"Moto/Ciclomotor,Taxi/Remis","San Juan Y Magallanes",3,2,0,0,1,0,0,,"Calle",,"ROSARIO","Rosario","Asfalto","No existe","II","Dentro","Urbana","Ninguna","No existe","Intersección","Bueno","Buena","Nocturna,Con luz artificial","Buen Tiempo","Lateral","S/D","Colisión","S/D","Horizontal","Ninguna","Sin restricción"
2014,8605,02/10/2014,"Jueves",0,20:30:00,,"0.0",2,"Moto/Ciclomotor,Automóvil","L.N.Alem Y Pte.Quintana",2,1,0,0,1,0,0,,"Calle",,"ROSARIO","Rosario","Asfalto","No existe","II","Dentro","Urbana","Marca Vial","No existe","Intersección","Bueno","Buena","Nocturna,Con luz artificial","Buen Tiempo","Lateral","S/D","Colisión","Ninguna","Vertical","Ninguna","Sin restricción"
2014,8606,19/10/2014,"Domingo",0,22:00:00,,"0.0",2,"Peatón,Taxi/Remis","Charcas Y Av. Provincias Unidas",2,1,0,0,1,0,0,,"Calle",,"ROSARIO","Rosario","Asfalto","No existe","II","Dentro","Urbana","Ninguna","No existe","Intersección","Bueno","Buena","Nocturna,Con luz artificial","Buen Tiempo","S/D","S/D","Atropello","Otro","Horizontal","Ninguna","Sin restricción"
2014,8607,16/10/2014,"Jueves",0,10:45:00,,"0.0",2,"Pickup/Utilitario,Moto/Ciclomotor","Biedma Y Pueyrredon",2,1,0,0,1,0,0,,"Calle",,"ROSARIO","Rosario","Asfalto","No existe","II","Dentro","Urbana","Ninguna","No existe","Intersección","Bueno","Buena","Diurna","Buen Tiempo","De alcance","S/D","Colisión","Ninguna","Faltante","Ninguna","Sin restricción"
2014,8608,20/10/2014,"Lunes",0,13:45:00,,"0.0",2,"Moto/Ciclomotor,Otros","Av. Uriburu Y Paraguay",2,1,0,0,1,0,0,,"Avenida",,"ROSARIO","Rosario","Asfalto","No existe","II","Dentro","Urbana","Ninguna","No existe","Intersección","Bueno","Buena","Diurna","Buen Tiempo","Lateral","S/D","Colisión","Ninguna","Faltante","Ninguna","Sin restricción"
2014,8609,24/10/2014,"Viernes",0,22:30:00,,"0.0",2,"Automóvil,Moto/Ciclomotor","Bv Belgrano Y Guemes",2,1,0,0,1,0,0,,"Avenida",,"ÁLVAREZ","Rosario","Asfalto","S/D","II","S/D","Urbana","S/D","No existe","Intersección","Bueno","S/D","Nocturna","Buen Tiempo","Lateral","S/D","Colisión","S/D","S/D","S/D","Sin restricción"
2014,8610,14/10/2014,"Martes",0,13:30:00,,"0.0",2,"Bicicleta,Automóvil","Av. Provincias Unidas Y Forest",2,1,0,0,1,0,0,,"Avenida",,"ROSARIO","Rosario","Asfalto","No existe","II","Dentro","Urbana","Ninguna","S/D","Intersección","Bueno","Buena","Diurna","Buen Tiempo","S/D","S/D","Atropello","Ninguna","Horizontal","Ninguna","Sin restricción"
2014,8611,23/09/2014,"Martes",0,17:00:00,,"0.0",2,"Automóvil,Automóvil","Entre Rios Y Ameghino",2,1,0,0,1,0,0,,"Calle",,"ROSARIO","Rosario","Asfalto","No existe","II","S/D","Urbana","Ninguna","No existe","Intersección","Bueno","Buena","Atardecer","Buen Tiempo","De alcance","S/D","Colisión","Ninguna","Faltante","S/D","Sin restricción"
2014,8612,02/10/2014,"Jueves",0,19:30:00,,"0.0",2,"Automóvil,Moto/Ciclomotor","Necochea ",3,2,0,0,1,0,0,,"Calle",,"ÁLVAREZ","Rosario","Asfalto","S/D","II","S/D","Urbana","Ninguna","No existe","Recta","Bueno","S/D","S/D","Buen Tiempo","S/D","S/D","Colisión","S/D","S/D","Ninguna","Sin restricción"
2014,8613,24/09/2014,"Miercoles",0,19:00:00,,"0.0",2,"Automóvil,Moto/Ciclomotor","Bv. Oroño Y Dean Funes",2,1,0,0,1,0,0,,"Avenida",,"ROSARIO","Rosario","Asfalto","No existe","II","S/D","Urbana","S/D","Funciona","Intersección","Bueno","Buena","Atardecer","Buen Tiempo","De alcance","S/D","Colisión","Ninguna","Horizontal","S/D","Sin restricción"
2014,8614,04/10/2014,"Sabado",0,21:15:00,,"0.0",2,"Moto/Ciclomotor,Peatón","Santiago 3800",2,1,1,0,0,0,0,,"Calle",,"ROSARIO","Rosario","Asfalto","No existe","II","S/D","Urbana","Ninguna","No existe","Recta","Bueno","Buena","Nocturna","Buen Tiempo","S/D","S/D","Atropello","Ninguna","Faltante","Ninguna","Sin restricción"
2014,8615,25/09/2014,"Jueves",0,07:45:00,,"0.0",2,"Moto/Ciclomotor,Automóvil","Av. Corrientes Y Bv. Segui",2,1,0,0,1,0,0,,"Avenida",,"ROSARIO","Rosario","Asfalto","No existe","II","S/D","Urbana","Ninguna","No existe","Intersección","Bueno","Buena","Amanecer","Buen Tiempo","De alcance","S/D","Colisión","Ninguna","Faltante","S/D","Sin restricción"
2014,8616,08/10/2014,"Miercoles",0,11:50:00,,"0.0",2,"Automóvil,Automóvil","Av. Corrientes Y Gaboto",2,2,0,0,0,0,0,,"Calle",,"ROSARIO","Rosario","Asfalto","No existe","II","S/D","Urbana","Ninguna","No existe","Intersección","Bueno","Buena","Diurna","Buen Tiempo","De alcance","S/D","Colisión","Ninguna","Faltante","Ninguna","Sin restricción"
2014,8617,26/09/2014,"Viernes",0,17:10:00,,"0.0",2,"Automóvil,Bicicleta","San Martin Y Av. Uriburu",2,1,0,0,1,0,0,,"Avenida",,"ROSARIO","Rosario","Asfalto","No existe","II","S/D","Urbana","Semáforo","Funciona","Intersección","Bueno","Buena","Diurna","Buen Tiempo","S/D","S/D","Atropello","Ninguna","Horizontal","S/D","Sin restricción"
2014,8618,29/10/2014,"Miercoles",0,11:00:00,,"0.0",2,"Automóvil,Moto/Ciclomotor","J.Colombres Y Calle 1711",2,2,0,0,0,0,0,,"S/D",,"ROSARIO","Rosario","Asfalto","No existe","II","S/D","Urbana","Ninguna","No existe","Intersección","Con baches","Buena","Diurna","Buen Tiempo","Lateral","S/D","Colisión","S/D","S/D","S/D","Sin restricción"
2014,8619,26/09/2014,"Viernes",0,19:00:00,,"0.0",2,"Automóvil,Automóvil","Dorrego Y Bv. Segui",4,4,0,0,0,0,0,,"Avenida",,"ROSARIO","Rosario","Asfalto","No existe","II","S/D","Urbana","Ninguna","No existe","Intersección","Bueno","Buena","Atardecer","Buen Tiempo","De alcance","S/D","Colisión","Ninguna","Faltante","S/D","Sin restricción"
2014,8620,28/09/2014,"Domingo",0,15:30:00,,"0.0",2,"Automóvil,Moto/Ciclomotor","Dr.Rivas Y Alvear",3,2,0,0,1,0,0,,"Calle",,"ROSARIO","Rosario","Asfalto","No existe","II","S/D","Urbana","Ninguna","No existe","Intersección","Bueno","Buena","Diurna","Buen Tiempo","De alcance","S/D","Colisión","Ninguna","Faltante","S/D","Sin restricción"
2014,8621,30/09/2014,"Martes",0,11:00:00,,"0.0",2,"Peatón,Automóvil","Reg.11 de Infanteria Y Av. Ntra.Sra.del Rosario",2,1,0,0,1,0,0,,"Avenida",,"ROSARIO","Rosario","Asfalto","No existe","II","S/D","Urbana","Semáforo","Funciona","Recta","Bueno","Buena","Diurna","Buen Tiempo","S/D","S/D","Atropello","Ninguna","Horizontal","S/D","Sin restricción"
2014,8622,08/10/2014,"Miercoles",0,11:30:00,,"0.0",2,"Bicicleta,Pickup/Utilitario","San Martin Y Hilarion de la Quintana",2,1,0,0,1,0,0,,"Avenida",,"ROSARIO","Rosario","Asfalto","No existe","II","S/D","Urbana","S/D","No existe","Recta","Bueno","Buena","Diurna","Buen Tiempo","S/D","S/D","Atropello","Ninguna","Faltante","Ninguna","Sin restricción"
2014,8623,13/09/2014,"Sabado",0,08:20:00,,"0.0",2,"Moto/Ciclomotor,Automóvil","Bv. Segui Y Av. Francia",2,1,0,0,1,0,0,,"Avenida",,"ROSARIO","Rosario","Asfalto","No existe","II","Dentro","Urbana","Marca Vial","Funciona","Intersección","Bueno","S/D","Nocturna,Con luz artificial","Buen Tiempo","De alcance","S/D","Colisión","Ninguna","Vertical","Cordón divisorio","Sin restricción"
2014,8624,12/10/2014,"Domingo",0,07:30:00,,"0.0",2,"Ambulancia,Moto/Ciclomotor","Av. Provincias Unidas Y Av. Pellegrini",3,1,1,0,1,0,0,,"Avenida",,"ROSARIO","Rosario","Asfalto","No existe","II","Dentro","Urbana","Ninguna","No existe","Intersección","Bueno","Buena","Diurna","Buen Tiempo","Lateral","S/D","Colisión","Ninguna","Horizontal","Ninguna","Sin restricción"
2014,8625,23/10/2014,"Jueves",0,16:00:00,,"0.0",2,"Automóvil,Peatón","Amenabar Y Cullen",2,1,0,0,1,0,0,,"S/D",,"ROSARIO","Rosario","Asfalto","No existe","II","S/D","Urbana","Ninguna","No existe","Intersección","Con baches","Buena","Diurna","Buen Tiempo","S/D","S/D","Atropello","S/D","S/D","S/D","Sin restricción"
2014,8626,09/10/2014,"Jueves",0,12:00:00,,"0.0",2,"Automóvil,Moto/Ciclomotor","Bv. Segui Y Italia",3,2,0,0,1,0,0,,"Calle",,"ROSARIO","Rosario","Asfalto","No existe","II","S/D","Urbana","Ninguna","No existe","Intersección","Bueno","Buena","Diurna","Buen Tiempo","De alcance","S/D","Colisión","Ninguna","Faltante","Ninguna","Sin restricción"
2014,8627,06/10/2014,"Lunes",0,16:00:00,,"0.0",2,"Peatón,Taxi/Remis","Av. J.Lovalvo Y Av. D.Infante",2,1,0,0,1,0,0,,"Avenida",,"ROSARIO","Rosario","Asfalto","S/D","II","S/D","Urbana","S/D","No existe","Recta","Bueno","Buena","Diurna","Buen Tiempo","S/D","S/D","Atropello","S/D","Vertical","S/D","S/D"
2014,8628,07/10/2014,"Martes",0,14:30:00,,"0.0",2,"Automóvil,Automóvil","Mendoza Y Fraga",2,1,0,0,1,0,0,,"Calle",,"ROSARIO","Rosario","Asfalto","No existe","II","Dentro","Urbana","Ninguna","No existe","Intersección","Bueno","Buena","Diurna","Buen Tiempo","Lateral","S/D","Colisión","Ninguna","Horizontal","Ninguna","Sin restricción"