"anio_acci","nro_acci","fecha","desc_dia","fecha_aprox","hora_aprox","desc_ruta","km","cant_participantes","desc_participante","calle_avenida_km","total","heridos_leves","heridos_graves","heridos_gravisimos","ilesos","fallecidos","sin_datos","posicion_XY","desc_tipo_via","desc_ruta_ori","desc_loc","desc_dpto","desc_tipo_calzada","desc_tipo_banquina","desc_unidad_regional","desc_lugar_calzada","desc_zona","desc_prioridad","desc_estado_semaforo","desc_lugar_via","desc_estado_via","desc_estado_visibilidad","desc_luminosidad","desc_estado_clima","desc_tipo_colision","desc_tipo_atropello","desc_tipo_hecho","desc_pres_calzada","desc_senializacion","desc_separacion_via","desc_restriccion"
2014,8629,09/10/2014,"Jueves",0,13:30:00,,"0.0",2,"Otros,Otros","ACCESO SUR Y AV. ROSARIO",4,3,0,0,1,0,0,,"S/D",,"ROSARIO","Rosario","Asfalto","No existe","II","S/D","S/D","Ninguna","No existe","Intersección","S/D","S/D","Diurna","Otro","Lateral","S/D","Colisión","S/D","S/D","Cordón divisorio","Sin restricción"
2014,8630,12/09/2014,"Viernes",0,16:00:00,,"0.0",2,"Moto/Ciclomotor,Automóvil","Matienzo Y Sanguinetti",2,1,0,0,1,0,0,,"Calle",,"ROSARIO","Rosario","Asfalto","No existe","II","Dentro","Urbana","Marca Vial","No existe","Intersección","Bueno","Buena","Atardecer","Buen Tiempo","Lateral","S/D","Colisión","Ninguna","Vertical","Línea divisoria pintada","Sin restricción"
2014,8631,03/10/2014,"Viernes",0,12:30:00,,"0.0",2,"Moto/Ciclomotor,Automóvil","Pasco Y Mejico",2,1,0,0,1,0,0,,"Calle",,"ROSARIO","Rosario","Asfalto","No existe","II","Dentro","Urbana","Ninguna","S/D","Intersección","Bueno","Buena","Diurna","Buen Tiempo","Lateral","S/D","Colisión","Ninguna","Horizontal","Ninguna","Sin restricción"
2014,8632,20/10/2014,"Lunes",0,,,"0.0",2,"Automóvil,Automóvil","Av. Uriburu Y Laprida",4,4,0,0,0,0,0,,"S/D",,"ROSARIO","Rosario","Asfalto","No existe","II","S/D","S/D","Señal Pare","No existe","Intersección","S/D","S/D","Diurna","Buen Tiempo","Lateral","S/D","Colisión","S/D","Vertical","Cordón divisorio","Sin restricción"
2014,8633,10/10/2014,"Viernes",0,19:00:00,,"0.0",2,"Automóvil,Moto/Ciclomotor","Dorrego Y Bv. Segui",3,2,0,0,1,0,0,,"Calle",,"ROSARIO","Rosario","Asfalto","No existe","II","S/D","Urbana","Ninguna","No existe","Intersección","Bueno","Buena","Nocturna,Con luz artificial","Buen Tiempo","De alcance","S/D","Colisión","Ninguna","Faltante","Ninguna","Sin restricción"
2014,8634,17/10/2014,"Viernes",0,19:45:00,,"0.0",2,"Taxi/Remis,Automóvil","Cordoba 6500",2,1,0,0,1,0,0,,"Calle",,"ROSARIO","Rosario","Asfalto","No existe","II","Dentro","Urbana","Ninguna","No existe","Intersección","Bueno","Buena","Diurna","Buen Tiempo","Lateral","S/D","Colisión","Ninguna","Horizontal","Ninguna","Sin restricción"
2014,8635,27/10/2014,"Lunes",0,09:30:00,,"0.0",2,"Pickup/Utilitario,Moto/Ciclomotor","Bv. 27 De Febrero Y Av. Provincias Unidas",2,1,0,0,1,0,0,,"S/D",,"ROSARIO","Rosario","Hormigón","Pavimento","II","S/D","Urbana","Semáforo","Funciona","Intersección","Bueno","Buena","Diurna","Buen Tiempo","Lateral","S/D","Colisión","S/D","S/D","S/D","Sin restricción"
2014,8636,20/10/2014,"Lunes",0,21:00:00,,"0.0",2,"Automóvil,Moto/Ciclomotor","Monte Flores Y Nicaragua",2,2,0,0,0,0,0,,"S/D",,"ROSARIO","Rosario","Asfalto,Hormigón","No existe","II","S/D","Urbana","Ninguna","No existe","Intersección","Con baches","Buena","Nocturna","Lluvia","Lateral","S/D","Colisión","S/D","S/D","S/D","Sin restricción"
2014,8637,17/10/2014,"Viernes",0,19:30:00,,"0.0",2,"Bicicleta,Taxi/Remis","Montevideo Y F.More",2,1,0,0,1,0,0,,"Calle",,"ROSARIO","Rosario","Asfalto","No existe","II","Dentro","Urbana","Ninguna","No existe","Intersección","Bueno","Buena","Diurna","Buen Tiempo","S/D","S/D","Atropello","Ninguna","Horizontal","Ninguna","Sin restricción"
2014,8638,04/10/2014,"Sabado",0,08:55:00,,"0.0",2,"Automóvil,Moto/Ciclomotor","Av. Provincias Unidas Y Perez Bulnes",2,1,0,0,1,0,0,,"Calle",,"ROSARIO","Rosario","Asfalto","No existe","II","Dentro","Urbana","Ninguna","No existe","Intersección","Bueno","Buena","Diurna","Lluvia","Lateral","S/D","Colisión","Ninguna","Horizontal","Ninguna","Sin restricción"
2014,8639,22/10/2014,"Miercoles",0,01:45:00,,"0.0",3,"Moto/Ciclomotor,Taxi/Remis,Automóvil","Ayacucho Y Av. Arijon",4,3,0,0,1,0,0,,"Avenida",,"ROSARIO","Rosario","Asfalto","No existe","II","S/D","Urbana","Semáforo","Intermitente","Intersección","Bueno","Buena","Nocturna","S/D","Lateral","S/D","Colisión","Ninguna","S/D","Línea divisoria pintada","Sin restricción"
2014,8640,16/10/2014,"Jueves",0,07:00:00,,"0.0",2,"Automóvil,Automóvil","Av. Pte.Peron Y Av. Circunvalacion",2,2,0,0,0,0,0,,"S/D",,"ROSARIO","Rosario","Asfalto,Hormigón","S/D","II","S/D","Urbana","Semáforo","Funciona","Intersección","Con baches,Resbaladiza","S/D","Diurna","Buen Tiempo","Lateral","S/D","Colisión","S/D","S/D","S/D","Sin restricción"
2014,8641,13/09/2014,"Sabado",0,08:30:00,,"0.0",2,"Moto/Ciclomotor,Automóvil","Laprida Y Ayolas",3,1,0,0,2,0,0,,"Calle",,"ROSARIO","Rosario","Asfalto","No existe","II","Dentro","Urbana","Marca Vial","No existe","Intersección","Bueno","Buena","Atardecer","Buen Tiempo","Lateral","S/D","Colisión","Ninguna","Vertical","Línea divisoria pintada","Sin restricción"
2014,8642,13/09/2014,"Sabado",0,08:45:00,,"0.0",2,"Moto/Ciclomotor,Automóvil","Bv. Segui Y Pte.Roca",2,1,0,0,1,0,0,,"Calle",,"ROSARIO","Rosario","Asfalto","No existe","II","Dentro","Urbana","Marca Vial","No existe","Intersección","Bueno","Buena","Diurna","Buen Tiempo","Lateral","S/D","Colisión","Ninguna","Vertical","Cordón divisorio,Línea divisoria pintada","Sin restricción"
2014,8643,19/09/2014,"Viernes",0,23:40:00,,"0.0",2,"Moto/Ciclomotor,Automóvil","Bv. Segui Y L.N.Alem",2,1,0,0,1,0,0,,"Avenida",,"ROSARIO","Rosario","Asfalto","No existe","II","Dentro","Urbana","Marca Vial","No existe","Intersección","Bueno","Buena","Nocturna,Con luz artificial","Buen Tiempo","Lateral","S/D","Colisión","Ninguna","Vertical","Línea divisoria pintada","Sin restricción"
2014,8644,15/10/2014,"Miercoles",0,13:30:00,,"0.0",2,"Automóvil,Moto/Ciclomotor","Bv. Segui Y Alvear",2,1,0,0,1,0,0,,"Avenida",,"ROSARIO","Rosario","Asfalto","No existe","II","S/D","Urbana","Ninguna","No existe","Intersección","Bueno","Buena","Diurna","Buen Tiempo","De alcance","S/D","Colisión","Ninguna","Faltante","Ninguna","Sin restricción"
2014,8645,15/10/2014,"Miercoles",0,13:00:00,,"0.0",2,"Automóvil,Moto/Ciclomotor","Bv. Segui Y Pte.Roca",3,2,0,0,1,0,0,,"Avenida",,"ROSARIO","Rosario","Asfalto","No existe","II","S/D","Urbana","Ninguna","No existe","Intersección","Bueno","Buena","Diurna","Buen Tiempo","De alcance","S/D","Colisión","Ninguna","Faltante","Ninguna","Sin restricción"
2014,8646,20/09/2014,"Sabado",0,08:00:00,,"0.0",2,"Moto/Ciclomotor,Automóvil","L.N.Alem Y Rueda",2,1,0,0,1,0,0,,"Calle",,"ROSARIO","Rosario","Asfalto","No existe","II","Dentro","Urbana","Marca Vial","No existe","Intersección","Bueno","Buena","Diurna","Buen Tiempo","Lateral","S/D","Colisión","Ninguna","Vertical","Línea divisoria pintada","Sin restricción"
2014,8647,21/09/2014,"Domingo",0,12:20:00,,"0.0",2,"Automóvil,Transporte de Pasajeros Urbano (> 8 asientos)","Bv. Segui Y J.M.de Rosas",2,1,0,0,1,0,0,,"Calle",,"ROSARIO","Rosario","Asfalto","No existe","II","Dentro","Urbana","Marca Vial","No existe","Intersección","Bueno","Buena","Diurna","Buen Tiempo","Lateral","S/D","Colisión","Ninguna","Vertical","Línea divisoria pintada","Sin restricción"
2014,8648,04/10/2014,"Sabado",0,13:55:00,,"0.0",2,"Moto/Ciclomotor,Automóvil","Montevideo Y F.More",2,1,0,0,1,0,0,,"Calle",,"ROSARIO","Rosario","Asfalto","No existe","II","Dentro","Urbana","Ninguna","No existe","Intersección","Bueno","Buena","Diurna","Lluvia","Lateral","S/D","Colisión","Ninguna","Horizontal","Ninguna","Sin restricción"
2014,8649,15/10/2014,"Miercoles",0,17:15:00,,"0.0",2,"Automóvil,Moto/Ciclomotor","Sanchez de Bustamante Y Av. Corrientes",2,1,0,0,1,0,0,,"Calle",,"ROSARIO","Rosario","Asfalto","No existe","II","S/D","Urbana","Ninguna","No existe","Intersección","Bueno","Buena","Atardecer","Buen Tiempo","De alcance","S/D","Colisión","Ninguna","Faltante","Ninguna","Sin restricción"
2014,8650,12/10/2014,"Domingo",0,04:30:00,,"0.0",2,"Automóvil,Otros","Mendoza Y Tte.Agneta",3,1,0,0,2,0,0,,"Calle",,"ROSARIO","Rosario","Asfalto","No existe","II","Dentro","Urbana","Ninguna","No existe","Intersección","Bueno","Buena","Nocturna,Con luz artificial","Buen Tiempo","Lateral","S/D","Colisión","Ninguna","Horizontal","Ninguna","Sin restricción"
2014,8651,16/10/2014,"Jueves",0,11:00:00,,"0.0",2,"Bicicleta,Moto/Ciclomotor","Dorrego Y Pte.Quintana",2,1,0,0,1,0,0,,"Calle",,"ROSARIO","Rosario","Asfalto","No existe","II","S/D","Urbana","Ninguna","No existe","Recta","Bueno","Buena","Diurna","Buen Tiempo","S/D","S/D","Atropello","Ninguna","Faltante","Ninguna","Sin restricción"
2014,8652,05/10/2014,"Domingo",0,00:50:00,,"0.0",2,"Transporte de Pasajeros Urbano (> 8 asientos),Moto/Ciclomotor","Cochabamba Y Camilo Aldao",2,1,0,0,1,0,0,,"Calle",,"ROSARIO","Rosario","Asfalto","No existe","II","Dentro","Urbana","Ninguna","No existe","Intersección","Bueno","Buena","Nocturna","Lluvia","Lateral","S/D","Colisión","Ninguna","S/D","Ninguna","Sin restricción"
2014,8653,16/10/2014,"Jueves",0,17:30:00,,"0.0",2,"Moto/Ciclomotor,Automóvil","Garibaldi Y Pueyrredon",2,1,0,0,1,0,0,,"Calle",,"ROSARIO","Rosario","Asfalto","No existe","II","S/D","Urbana","S/D","No existe","Recta","Bueno","Buena","Atardecer","Buen Tiempo","Lateral","S/D","Colisión","Ninguna","Faltante","Ninguna","Sin restricción"
2014,8654,03/10/2014,"Viernes",0,19:20:00,,"0.0",2,"Moto/Ciclomotor,Peatón","Av. Pellegrini 6300",2,0,1,0,1,0,0,,"Calle",,"ROSARIO","Rosario","Asfalto","No existe","II","Dentro","Urbana","Ninguna","No existe","Intersección","Bueno","Buena","Diurna","Buen Tiempo","S/D","S/D","Atropello","Ninguna","Horizontal","Ninguna","Sin restricción"
2014,8655,12/10/2014,"Domingo",0,08:30:00,,"0.0",2,"Automóvil,Moto/Ciclomotor","Bv. Segui Y Av. De Las Palmeras",2,2,0,0,0,0,0,,"S/D",,"ROSARIO","Rosario","Asfalto,Hormigón","No existe","II","S/D","Urbana","Marca Vial","No existe","Intersección","Con baches","Buena","Diurna","Buen Tiempo","Lateral","S/D","Colisión","S/D","S/D","S/D","Sin restricción"
2014,8656,21/09/2014,"Domingo",0,19:20:00,,"0.0",2,"Moto/Ciclomotor,Automóvil","Laprida Y Amenabar",3,2,0,0,1,0,0,,"Calle",,"ROSARIO","Rosario","Asfalto","No existe","II","Dentro","Urbana","Marca Vial","No existe","Intersección","Bueno","Buena","Nocturna,Con luz artificial","Buen Tiempo","Lateral","S/D","Colisión","Ninguna","Vertical","Línea divisoria pintada","Sin restricción"
2014,8657,11/10/2014,"Sabado",0,12:15:00,,"0.0",2,"Automóvil,Automóvil","España Y Pje. Rep.de Armenia",4,3,0,0,1,0,0,,"Calle",,"ROSARIO","Rosario","Asfalto","No existe","II","S/D","Urbana","Ninguna","No existe","Intersección","Bueno","Buena","Diurna","Buen Tiempo","De alcance","S/D","Colisión","Ninguna","Faltante","Ninguna","S/D"
2014,8658,10/10/2014,"Viernes",0,15:00:00,,"0.0",2,"Automóvil,Automóvil","Rivarola Y Danieri",2,2,0,0,0,0,0,,"S/D",,"ROSARIO","Rosario","Asfalto,Hormigón","Pavimento","III","S/D","Urbana","Marca Vial","No existe","Intersección","Resbaladiza","Buena","Diurna","Buen Tiempo","Lateral","S/D","Colisión","S/D","S/D","S/D","Sin restricción"
2014,8659,02/10/2014,"Jueves",0,17:30:00,,"0.0",2,"Automóvil,Moto/Ciclomotor","Juan Canals Y San Martin",2,1,0,0,1,0,0,,"Avenida",,"ROSARIO","Rosario","Asfalto","No existe","II","S/D","Urbana","Ninguna","No existe","Intersección","Bueno","Buena","Atardecer","Buen Tiempo","De alcance","S/D","Colisión","Ninguna","Faltante","Ninguna","Sin restricción"
2014,8660,14/10/2014,"Martes",0,07:15:00,,"0.0",2,"Moto/Ciclomotor,Automóvil","Balcarce Y Gaboto",3,2,0,0,1,0,0,,"Calle",,"ROSARIO","Rosario","Asfalto","No existe","II","Dentro","Urbana","Ninguna","No existe","Intersección","Bueno","Buena","Diurna","Buen Tiempo","De alcance","S/D","Colisión","Ninguna","Faltante","Ninguna","Sin restricción"
2014,8661,21/10/2014,"Martes",0,16:00:00,,"0.0",2,"Moto/Ciclomotor,Automóvil","Bv. Segui Y Roullon",2,1,0,0,1,0,0,,"Calle",,"ROSARIO","Rosario","Asfalto","No existe","II","Dentro","Urbana","Marca Vial","Funciona","Intersección","Bueno","Buena","Diurna","Buen Tiempo","Lateral","S/D","Colisión","Ninguna","Vertical","Línea divisoria pintada","Sin restricción"
2014,8662,21/10/2014,"Martes",0,10:15:00,,"0.0",2,"Pickup/Utilitario,Bicicleta","Dr.Rivas Y San Martin",3,1,0,0,2,0,0,,"Avenida",,"ROSARIO","Rosario","Asfalto","No existe","II","Dentro","Urbana","Ninguna","Funciona","Intersección","Bueno","Buena","Diurna","Buen Tiempo","S/D","S/D","Atropello","Ninguna","Horizontal","Ninguna","Sin restricción"
2014,8663,21/10/2014,"Martes",0,08:30:00,,"0.0",2,"Moto/Ciclomotor,Pickup/Utilitario","Garibaldi 4100",2,1,0,0,1,0,0,,"Calle",,"ROSARIO","Rosario","Asfalto","Pavimento","II","Dentro","Urbana","Marca Vial","No existe","Recta","Bueno","Buena","Diurna","Buen Tiempo","Lateral","S/D","Colisión","Ninguna","Vertical","Línea divisoria pintada","Sin restricción"
2014,8664,22/10/2014,"Miercoles",0,18:20:00,,"0.0",2,"Moto/Ciclomotor,Automóvil","Bv. Oroño Y 24 De Setiembre",3,2,0,0,1,0,0,,"Avenida",,"ROSARIO","Rosario","Asfalto","No existe","II","Dentro","Urbana","Ninguna","No existe","Intersección","Bueno","Buena","Atardecer","Buen Tiempo","Lateral","S/D","Colisión","Agua","Faltante","Ninguna","Sin restricción"
2014,8665,07/10/2014,"Martes",0,20:00:00,,"0.0",2,"Automóvil,Moto/Ciclomotor","Bv. 27 De Febrero Y Av. Provincias Unidas",2,2,0,0,0,0,0,,"Avenida",,"ROSARIO","Rosario","Asfalto,Hormigón","Pavimento","II","S/D","Urbana","Semáforo","Funciona","Intersección","Con baches","Buena","Nocturna","Buen Tiempo","Lateral","S/D","Colisión","S/D","S/D","S/D","Sin restricción"
2014,8666,20/10/2014,"Lunes",0,16:50:00,,"0.0",2,"Automóvil,Automóvil","Gaboto Y España",3,1,0,0,2,0,0,,"Calle",,"ROSARIO","Rosario","Asfalto","No existe","II","S/D","Urbana","Ninguna","No existe","Intersección","Bueno","Buena","Diurna","Buen Tiempo","De alcance","S/D","Colisión","Ninguna","Faltante","Ninguna","Sin restricción"
2014,8667,23/10/2014,"Jueves",0,18:20:00,,"0.0",2,"Automóvil,Moto/Ciclomotor","Juan Canals Y Italia",3,2,0,0,1,0,0,,"Calle",,"ROSARIO","Rosario","Asfalto","No existe","I","S/D","Urbana","Ninguna","No existe","Intersección","Bueno","Buena","Atardecer","Buen Tiempo","De alcance","S/D","Colisión","Ninguna","Faltante","Ninguna","Sin restricción"
2014,8668,25/10/2014,"Sabado",0,11:00:00,,"0.0",2,"Automóvil,Automóvil","Uruguay Y Italia",2,1,0,0,1,0,0,,"Calle",,"ROSARIO","Rosario","Asfalto","No existe","II","S/D","Urbana","Ninguna","No existe","Intersección","Bueno","Buena","Diurna","Buen Tiempo","De alcance","S/D","Colisión","Ninguna","Faltante","Ninguna","Sin restricción"
2014,8670,27/04/2014,"Domingo",0,19:30:00,"Ruta Nacional 168","0.0",2,"Automóvil,Moto/Ciclomotor","ALTURA FUENTE LA CORDIALIDAD ",2,1,0,0,1,0,0,,"Ruta",168,"SANTA FE","La Capital","S/D","S/D","I","Dentro","Urbana","S/D","S/D","Rotonda","S/D","S/D","Atardecer","S/D","De alcance","S/D","Colisión","S/D","S/D","S/D","S/D"
2014,8671,28/04/2014,"Lunes",0,10:45:00,"Ruta Nacional 11","787.0",2,"Moto/Ciclomotor,Automóvil","RUTA NACIONAL 11 Y RUTA PROVINCIAL 40",2,1,0,0,1,0,0,,"Ruta",11,"RECONQUISTA","General Obligado","S/D","S/D","IX","Dentro","Urbana","S/D","S/D","Intersección","S/D","S/D","Diurna","Otro","S/D","S/D","Colisión","S/D","S/D","S/D","S/D"
2014,8676,22/10/2014,"Miercoles",0,22:10:00,,"0.0",2,"Moto/Ciclomotor,Taxi/Remis","Av. Pellegrini 100",3,2,0,0,1,0,0,,"Calle",,"ROSARIO","Rosario","Asfalto","S/D","II","Dentro","Urbana","S/D","S/D","Recta","Bueno","Buena","Nocturna","Buen Tiempo","Otro","S/D","Colisión","S/D","S/D","Cordón divisorio","S/D"
2014,8677,05/09/2014,"Viernes",0,,,"0.0",2,"Moto/Ciclomotor,Camión","Bv. Segui Y Rodriguez",2,1,0,0,1,0,0,,"Avenida",,"ROSARIO","Rosario","Asfalto","No existe","II","S/D","S/D","Ninguna","No existe","Recta","Bueno","Buena","Atardecer","Buen Tiempo","De alcance","S/D","Colisión","Ninguna","Faltante","S/D","Sin restricción"
2014,8678,01/10/2014,"Miercoles",0,23:00:00,,"0.0",2,"Automóvil,Moto/Ciclomotor","Cordoba Y Dorrego",3,2,0,0,1,0,0,,"Calle",,"ROSARIO","Rosario","Asfalto","S/D","II","Dentro","Urbana","Ninguna","No existe","Intersección","Bueno","Buena","Nocturna,Con luz artificial","Buen Tiempo","Frontal","S/D","Colisión","S/D","Faltante","Cordón divisorio","Sin restricción"
2014,8679,11/10/2014,"Sabado",0,13:30:00,,"0.0",2,"Automóvil,Moto/Ciclomotor","Dorrego Y Biedma",2,0,1,0,1,0,0,,"Calle",,"ROSARIO","Rosario","Asfalto","No existe","II","S/D","Urbana","Ninguna","No existe","Intersección","Bueno","Buena","Diurna","Buen Tiempo","De alcance","S/D","Colisión","Ninguna","Faltante","Ninguna","Sin restricción"
2014,8680,25/10/2014,"Sabado",0,15:50:00,,"0.0",2,"Taxi/Remis,Automóvil","Ricchieri Y E.Zeballos",3,2,0,0,1,0,0,,"Calle",,"ROSARIO","Rosario","Asfalto","S/D","II","Dentro","Urbana","S/D","S/D","Intersección","S/D","S/D","Diurna","S/D","Lateral","S/D","Colisión","S/D","S/D","S/D","S/D"
2014,8681,05/09/2014,"Viernes",0,15:50:00,,"0.0",2,"Automóvil,Automóvil","Dorrego Y Amenabar",2,1,0,0,1,0,0,,"Calle",,"ROSARIO","Rosario","Asfalto","No existe","II","S/D","Urbana","Ninguna","No existe","Intersección","Bueno","Buena","Diurna","Buen Tiempo","De alcance","S/D","Colisión","Ninguna","Faltante","S/D","Sin restricción"
2014,8682,10/10/2014,"Viernes",0,08:00:00,,"0.0",2,"Moto/Ciclomotor,Pickup/Utilitario","San Martin 5500",3,2,0,0,1,0,0,,"Avenida",,"ROSARIO","Rosario","Asfalto","No existe","II","S/D","Urbana","Ninguna","No existe","Intersección","Bueno","Buena","Diurna","Buen Tiempo","De alcance","S/D","Colisión","Ninguna","Faltante","Ninguna","Sin restricción"
2014,8683,08/09/2014,"Lunes",0,11:42:00,,"0.0",2,"Automóvil,Automóvil","Santiago Y Coulin",4,2,0,0,2,0,0,,"Calle",,"ROSARIO","Rosario","Asfalto","No existe","II","S/D","Urbana","Ninguna","No existe","Intersección","Bueno","Buena","Diurna","Buen Tiempo","De alcance","S/D","Colisión","Ninguna","Faltante","S/D","Sin restricción"
2014,8684,16/10/2014,"Jueves",0,11:00:00,,"0.0",2,"Transporte de Pasajeros,Peatón","Maipu Y Cordoba",2,1,0,0,1,0,0,,"Calle",,"ROSARIO","Rosario","Asfalto","S/D","II","Dentro","Urbana","Ninguna","No existe","Recta","Bueno","Buena","Diurna","Buen Tiempo","S/D","S/D","Atropello","S/D","S/D","Cordón divisorio","S/D"
2014,8685,23/10/2014,"Jueves",0,09:00:00,,"0.0",2,"Pickup/Utilitario,Moto/Ciclomotor","Valparaiso Y Pje. Fernando El Catolico",2,1,0,0,1,0,0,,"Calle",,"ROSARIO","Rosario","Asfalto","S/D","II","Dentro","Urbana","S/D","S/D","Intersección","Bueno","Buena","Diurna","Buen Tiempo","Lateral","S/D","Colisión","S/D","S/D","S/D","S/D"
2014,8686,06/10/2014,"Lunes",0,19:15:00,,"0.0",2,"Automóvil,Automóvil","Gutenberg Y Rioja",5,1,0,0,4,0,0,,"Calle",,"ROSARIO","Rosario","Asfalto","S/D","II","Dentro","Urbana","S/D","S/D","S/D","Bueno","Buena","Atardecer","Buen Tiempo","S/D","S/D","Colisión","S/D","S/D","S/D","Sin restricción"
2014,8687,09/09/2014,"Martes",0,11:15:00,,"0.0",2,"Automóvil,Bicicleta","Santiago Y Fragata Sarmiento",2,0,1,0,1,0,0,,"Calle",,"ROSARIO","Rosario","Asfalto","No existe","II","S/D","Urbana","Ninguna","No existe","Recta","Bueno","Buena","Diurna","Buen Tiempo","S/D","S/D","Atropello","Ninguna","Faltante","S/D","Sin restricción"
2014,8688,22/09/2014,"Lunes",0,19:20:00,,"0.0",2,"Moto/Ciclomotor,Automóvil","Laprida Y Saavedra",3,2,0,0,1,0,0,,"Calle",,"ROSARIO","Rosario","Asfalto","No existe","II","Dentro","Urbana","Marca Vial","No existe","Intersección","Bueno","Buena","Atardecer,Con luz artificial","Buen Tiempo","Lateral","S/D","Colisión","Ninguna","Vertical","Línea divisoria pintada","Sin restricción"
2014,8689,21/10/2014,"Martes",0,14:50:00,,"0.0",2,"Moto/Ciclomotor,Pickup/Utilitario","Mendoza Y Bv. Avellaneda",2,1,0,0,1,0,0,,"Avenida",,"ROSARIO","Rosario","Asfalto","S/D","II","Dentro","Urbana","S/D","S/D","Recta","S/D","S/D","Diurna","S/D","Contra objeto fijo","S/D","Colisión","S/D","S/D","S/D","S/D"
2014,8690,10/09/2014,"Miercoles",0,10:30:00,,"0.0",2,"Automóvil,Moto/Ciclomotor","Bv. Oroño 4400",2,1,0,0,1,0,0,,"Avenida",,"ROSARIO","Rosario","Asfalto","No existe","II","S/D","Urbana","Semáforo","Funciona","Recta","Bueno","Buena","Diurna","Buen Tiempo","De alcance","S/D","Colisión","Ninguna","Horizontal","S/D","Sin restricción"
2014,8691,12/10/2014,"Domingo",0,21:40:00,,"0.0",2,"Automóvil,Automóvil","Bv. Segui Y Entre Rios",5,2,0,0,3,0,0,,"Avenida",,"ROSARIO","Rosario","Asfalto","No existe","II","S/D","Urbana","S/D","No existe","Intersección","Bueno","Buena","Nocturna,Con luz artificial","Buen Tiempo","De alcance","S/D","Colisión","Ninguna","Faltante","Ninguna","Sin restricción"
2014,8692,08/10/2014,"Miercoles",0,17:30:00,,"0.0",2,"Automóvil,Moto/Ciclomotor","L.N.Alem Y San Juan",2,1,0,0,1,0,0,,"Calle",,"ROSARIO","Rosario","Asfalto","S/D","II","Dentro","Urbana","S/D","S/D","Intersección","Bueno","Buena","Diurna","S/D","Lateral","S/D","Colisión","S/D","S/D","Cordón divisorio","S/D"
2014,8693,11/09/2014,"Jueves",0,18:00:00,,"0.0",2,"Automóvil,Automóvil","Av. Corrientes Y Bv. Segui",2,1,0,0,1,0,0,,"Avenida",,"ROSARIO","Rosario","Asfalto","No existe","II","S/D","Urbana","Ninguna","No existe","Intersección","Bueno","Buena","Atardecer","Buen Tiempo","De alcance","S/D","Colisión","Ninguna","Faltante","S/D","Sin restricción"
2014,8694,22/10/2014,"Miercoles",0,18:30:00,,"0.0",2,"Peatón,Automóvil","Jujuy Y Mariano Moreno",2,1,0,0,1,0,0,,"Calle",,"ROSARIO","Rosario","Asfalto","No existe","II","Dentro","Urbana","Ninguna","No existe","Intersección","Bueno","Buena","Atardecer","Buen Tiempo","S/D","S/D","Atropello","S/D","Faltante","Ninguna","Sin restricción"
2014,8695,01/10/2014,"Miercoles",0,21:00:00,,"0.0",2,"Moto/Ciclomotor,Bicicleta","Av. Pellegrini 400",2,1,0,0,1,0,0,,"Calle",,"ROSARIO","Rosario","Asfalto","S/D","II","Dentro","Urbana","Semáforo","Funciona","Recta","Bueno","S/D","Diurna","S/D","S/D","S/D","Atropello","S/D","S/D","Cordón divisorio","S/D"
2014,8696,11/09/2014,"Jueves",0,17:00:00,,"0.0",2,"Automóvil,Moto/Ciclomotor","Mitre Y Bv. Segui",2,1,0,0,1,0,0,,"Avenida",,"ROSARIO","Rosario","Asfalto","No existe","II","S/D","Urbana","Ninguna","No existe","Intersección","Bueno","Buena","Diurna","Buen Tiempo","De alcance","S/D","Colisión","Ninguna","Faltante","S/D","Sin restricción"
2014,8697,20/10/2014,"Lunes",0,17:20:00,,"0.0",2,"Automóvil,Automóvil"," ",2,1,0,0,1,0,0,,"Calle",,"ROSARIO","Rosario","Asfalto","No existe","II","Dentro","Urbana","Ninguna","No existe","Intersección","Bueno","Buena","Atardecer","Buen Tiempo","Lateral","S/D","Colisión","S/D","Faltante","Ninguna","Sin restricción"
2014,8698,19/10/2014,"Domingo",0,21:40:00,,"0.0",1,"Moto/Ciclomotor","Cordoba 4000",2,1,0,0,1,0,0,,"Calle",,"ROSARIO","Rosario","Asfalto","S/D","II","Dentro","Urbana","S/D","S/D","Recta","S/D","S/D","Nocturna","S/D","S/D","S/D","Caída ocupante","S/D","S/D","S/D","S/D"
2014,8699,12/09/2014,"Viernes",0,07:55:00,,"0.0",2,"Moto/Ciclomotor,Automóvil","Bv. Segui Y Pte.Quintana",2,1,0,0,1,0,0,,"Avenida",,"ROSARIO","Rosario","Asfalto","No existe","II","S/D","Urbana","Ninguna","No existe","Recta","Bueno","Buena","Diurna","Buen Tiempo","De alcance","S/D","Colisión","Ninguna","Faltante","S/D","Sin restricción"