"anio_acci","nro_acci","fecha","desc_dia","fecha_aprox","hora_aprox","desc_ruta","km","cant_participantes","desc_participante","calle_avenida_km","total","heridos_leves","heridos_graves","heridos_gravisimos","ilesos","fallecidos","sin_datos","posicion_XY","desc_tipo_via","desc_ruta_ori","desc_loc","desc_dpto","desc_tipo_calzada","desc_tipo_banquina","desc_unidad_regional","desc_lugar_calzada","desc_zona","desc_prioridad","desc_estado_semaforo","desc_lugar_via","desc_estado_via","desc_estado_visibilidad","desc_luminosidad","desc_estado_clima","desc_tipo_colision","desc_tipo_atropello","desc_tipo_hecho","desc_pres_calzada","desc_senializacion","desc_separacion_via","desc_restriccion"
2014,8700,03/10/2014,"Viernes",0,08:00:00,,"0.0",2,"Automóvil,Moto/Ciclomotor","3 De Febrero 2300",3,2,0,0,1,0,0,,"Calle",,"ROSARIO","Rosario","Asfalto","S/D","II","Dentro","Urbana","Ninguna","No existe","Recta","Bueno","Buena","Diurna","Buen Tiempo","S/D","S/D","Caída ocupante","S/D","Faltante","Cordón divisorio","Sin restricción"
2014,8701,06/10/2014,"Lunes",0,08:30:00,"Ruta Nacional 33","848.0",2,"Automóvil,Automóvil"," ",4,3,0,0,1,0,0,,"Ruta",33,"PEREZ","Rosario","S/D","No existe","II","Dentro","Urbana","Ninguna","No existe","Recta","Otro","Buena","Diurna","Otro","De alcance","S/D","Colisión","Otro","Faltante","Ninguna","Sin restricción"
2014,8702,15/09/2014,"Lunes",0,06:40:00,,"0.0",2,"Moto/Ciclomotor,Taxi/Remis","Balcarce Y Garay",3,2,0,0,1,0,0,,"Calle",,"ROSARIO","Rosario","Asfalto","No existe","II","S/D","Urbana","Ninguna","No existe","Recta","Bueno","Buena","Diurna","Buen Tiempo","Lateral","S/D","Caída ocupante","Ninguna","Faltante","S/D","S/D"
2014,8703,24/09/2014,"Miercoles",0,17:10:00,,"0.0",2,"Moto/Ciclomotor,Moto/Ciclomotor","Grandoli Y Biedma",3,3,0,0,0,0,0,,"Calle",,"ROSARIO","Rosario","Asfalto","No existe","II","Dentro","Urbana","Marca Vial","No existe","Intersección","Bueno","Buena","Atardecer","Buen Tiempo","Lateral","S/D","Colisión","Ninguna","Vertical","Línea divisoria pintada","Sin restricción"
2014,8704,17/10/2014,"Viernes",0,11:30:00,,"0.0",2,"Automóvil,Automóvil","Catamarca Y Sarmiento",3,2,0,0,1,0,0,,"Calle",,"ROSARIO","Rosario","Asfalto","No existe","II","Dentro","Urbana","Ninguna","No existe","Intersección","Bueno","Buena","Diurna","Buen Tiempo","De alcance","S/D","Colisión","S/D","Faltante","Ninguna","Sin restricción"
2014,8705,16/09/2014,"Martes",0,15:10:00,,"0.0",2,"Moto/Ciclomotor,Automóvil","Sarmiento Y Gaboto",3,2,0,0,1,0,0,,"Calle",,"ROSARIO","Rosario","Asfalto","No existe","II","S/D","Urbana","Ninguna","No existe","Intersección","Bueno","Buena","Diurna","Buen Tiempo","De alcance","S/D","Colisión","Ninguna","Faltante","S/D","Sin restricción"
2014,8706,16/09/2014,"Martes",0,19:00:00,,"0.0",2,"Moto/Ciclomotor,Automóvil","Alvear Y 24 De Setiembre",3,2,0,0,1,0,0,,"Calle",,"ROSARIO","Rosario","Asfalto","No existe","II","S/D","Urbana","Ninguna","No existe","Recta","Bueno","Buena","Nocturna","Buen Tiempo","De alcance","S/D","Colisión","Ninguna","Faltante","S/D","Sin restricción"
2014,8708,03/10/2014,"Viernes",0,09:00:00,,"0.0",2,"Moto/Ciclomotor,Automóvil","3 De Febrero Y Santiago",3,2,0,0,1,0,0,,"Calle",,"ROSARIO","Rosario","Asfalto","S/D","II","Dentro","Urbana","Ninguna","No existe","Intersección","Bueno","Buena","Diurna","Buen Tiempo","Lateral","S/D","Colisión","S/D","Faltante","Cordón divisorio","Sin restricción"
2014,8709,02/10/2014,"Jueves",0,20:00:00,,"0.0",2,"Bicicleta,Automóvil","Av de las Americas Y Juan XXIII",2,1,0,0,0,0,1,,"Calle",,"PEREZ","Rosario","S/D","No existe","II","Dentro","Urbana","Ninguna","No existe","Intersección","Otro","Buena","Nocturna","Otro","S/D","S/D","Atropello","Otro","Faltante","Ninguna","Sin restricción"
2014,8710,06/10/2014,"Lunes",0,15:45:00,,"0.0",2,"Automóvil,Peatón","Entre Rios Y San Lorenzo",2,1,0,0,1,0,0,,"Calle",,"ROSARIO","Rosario","Asfalto","No existe","II","Dentro","Urbana","Ninguna","No existe","Intersección","Bueno","S/D","Diurna","Buen Tiempo","S/D","S/D","Atropello","S/D","S/D","Ninguna","Sin restricción"
2014,8711,25/09/2014,"Jueves",0,13:15:00,,"0.0",2,"Moto/Ciclomotor,Pickup/Utilitario","Bv. Segui Y J.M.de Rosas",2,1,0,0,1,0,0,,"Calle",,"ROSARIO","Rosario","Asfalto","No existe","II","Dentro","Urbana","Marca Vial","No existe","Intersección","Bueno","Buena","Diurna","Buen Tiempo","Lateral","S/D","Colisión","Agua","Vertical","Línea divisoria pintada","Sin restricción"
2014,8712,04/09/2014,"Jueves",0,11:30:00,,"0.0",2,"Bicicleta,Otros","Bv. Oroño Y Av. Uriburu",2,1,0,0,0,0,1,,"Avenida",,"ROSARIO","Rosario","Asfalto","No existe","II","S/D","Urbana","Ninguna","Funciona","Recta","Bueno","Buena","Diurna","Buen Tiempo","S/D","S/D","Atropello","Agua","Horizontal","S/D","Sin restricción"
2014,8713,16/10/2014,"Jueves",0,13:20:00,,"0.0",2,"Automóvil,Automóvil","Av. Ovidio Lagos Y San Luis",3,1,0,0,2,0,0,,"Avenida",,"ROSARIO","Rosario","Asfalto","S/D","II","Dentro","Urbana","S/D","Funciona","Recta","S/D","S/D","Diurna","S/D","De alcance","S/D","Colisión","S/D","S/D","S/D","S/D"
2014,8714,29/09/2014,"Lunes",0,13:30:00,,"0.0",2,"Automóvil,Automóvil","San Martin Y Saavedra",4,4,0,0,0,0,0,,"Avenida",,"ROSARIO","Rosario","Asfalto","No existe","II","S/D","Urbana","Semáforo","Funciona","Recta","Bueno","Buena","Diurna","Buen Tiempo","De alcance","S/D","Colisión","Ninguna","Horizontal","Ninguna","Sin restricción"
2014,8715,16/10/2014,"Jueves",0,12:45:00,,"0.0",2,"Automóvil,Moto/Ciclomotor","San Martin Y San Lorenzo",2,1,0,0,1,0,0,,"Calle",,"ROSARIO","Rosario","Asfalto","No existe","II","Dentro","Urbana","Ninguna","No existe","Intersección","Bueno","Buena","Diurna","Buen Tiempo","Lateral","S/D","Colisión","S/D","Faltante","Ninguna","Sin restricción"
2014,8716,29/09/2014,"Lunes",0,23:00:00,,"0.0",2,"Moto/Ciclomotor,Automóvil","Av. Corrientes Y Mr.Ross",3,1,1,0,1,0,0,,"Calle",,"ROSARIO","Rosario","Asfalto","No existe","II","S/D","Urbana","Ninguna","No existe","Intersección","Bueno","Buena","Nocturna","Buen Tiempo","De alcance","S/D","Colisión","Ninguna","Faltante","Ninguna","Sin restricción"
2014,8717,07/10/2014,"Martes",0,08:55:00,,"0.0",2,"Transporte de Pasajeros Urbano (> 8 asientos),Peatón","San Lorenzo 1300",2,0,1,0,1,0,0,,"Calle",,"ROSARIO","Rosario","Asfalto","No existe","II","Dentro","Urbana","Ninguna","No existe","Recta","Bueno","Buena","Diurna","Buen Tiempo","Lateral","S/D","Atropello","S/D","Faltante","Ninguna","Sin restricción"
2014,8718,09/10/2014,"Jueves",0,08:00:00,,"0.0",1,"Transporte de Pasajeros Urbano (> 8 asientos)","Rioja Y Bv. Oroño",2,1,0,0,0,0,1,,"Calle",,"ROSARIO","Rosario","Asfalto","S/D","II","Dentro","Urbana","Semáforo","Funciona","Intersección","Bueno","Buena","Diurna","Buen Tiempo","Otro","S/D","Caída ocupante","S/D","Vertical","Cordón divisorio","Sin restricción"
2014,8719,05/09/2014,"Viernes",0,15:15:00,,"0.0",2,"Moto/Ciclomotor,Automóvil","Italia Y Bv. Segui",2,1,0,0,1,0,0,,"Avenida",,"ROSARIO","Rosario","Asfalto","No existe","II","S/D","Urbana","Ninguna","No existe","Intersección","Bueno","Buena","Diurna","Buen Tiempo","De alcance","S/D","Colisión","Ninguna","Faltante","S/D","Sin restricción"
2014,8720,15/10/2014,"Miercoles",0,10:00:00,,"0.0",2,"Moto/Ciclomotor,Automóvil","E.Zeballos Y Balcarce",3,2,0,0,1,0,0,,"Calle",,"ROSARIO","Rosario","Asfalto","S/D","II","Dentro","Urbana","Ninguna","No existe","Intersección","Bueno","Buena","Diurna","Buen Tiempo","De alcance","S/D","Colisión","S/D","Faltante","Cordón divisorio","Sin restricción"
2014,8721,02/10/2014,"Jueves",0,11:15:00,,"0.0",2,"Automóvil,Moto/Ciclomotor","Dorrego Y Av. Wheelwright",2,1,0,0,1,0,0,,"Calle",,"ROSARIO","Rosario","Asfalto","No existe","II","Dentro","Urbana","Ninguna","No existe","Intersección","Bueno","Buena","Diurna","Buen Tiempo","Lateral","S/D","Colisión","S/D","Faltante","Ninguna","Sin restricción"
2014,8722,09/10/2014,"Jueves",0,17:30:00,,"0.0",2,"Bicicleta,Automóvil","Dorrego Y Cordoba",2,1,0,0,1,0,0,,"Calle",,"ROSARIO","Rosario","Asfalto","S/D","II","Dentro","Urbana","Ninguna","No existe","Intersección","Bueno","Buena","Diurna","Buen Tiempo","S/D","S/D","Atropello","S/D","Faltante","Cordón divisorio","Sin restricción"
2014,8723,22/10/2014,"Miercoles",0,23:50:00,,"0.0",2,"Automóvil,Moto/Ciclomotor","Paraguay Y San Juan",2,1,0,0,1,0,0,,"Calle",,"ROSARIO","Rosario","Asfalto","No existe","II","Dentro","Urbana","Semáforo","Funciona","Intersección","Bueno","Buena","Nocturna","Buen Tiempo","Lateral","S/D","Colisión","S/D","Vertical","Cordón divisorio","Sin restricción"
2014,8724,01/09/2014,"Lunes",0,15:35:00,,"0.0",2,"Peatón,Automóvil","Pje. Lord Kelvin 1611",2,1,0,0,1,0,0,,"Calle",,"ROSARIO","Rosario","Asfalto","No existe","II","Dentro","Urbana","Ninguna","No existe","Recta","Bueno","Buena","Diurna","Buen Tiempo","Otro","S/D","Atropello","Ninguna","Faltante","S/D","Sin restricción"
2014,8725,02/09/2014,"Martes",0,14:00:00,,"0.0",2,"Automóvil,Automóvil","Saavedra Y Pje. Gral.Savio",2,1,0,0,1,0,0,,"Calle",,"ROSARIO","Rosario","Asfalto","No existe","II","Dentro","Urbana","Ninguna","No existe","Intersección","Bueno","Buena","Diurna","Buen Tiempo","De alcance","S/D","Colisión","Ninguna","Faltante","S/D","Sin restricción"
2014,8726,24/10/2014,"Viernes",0,16:30:00,,"0.0",2,"Automóvil,Automóvil","Santa Fe Y Balcarce",3,3,0,0,0,0,0,,"Calle",,"ROSARIO","Rosario","Asfalto","No existe","II","Dentro","Urbana","Semáforo","Funciona","Intersección","Bueno","Buena","Diurna","Buen Tiempo","Lateral","S/D","Colisión","S/D","Vertical","Cordón divisorio","Sin restricción"
2014,8727,17/10/2014,"Viernes",0,19:30:00,,"0.0",2,"Moto/Ciclomotor,Automóvil","E.Zeballos Y Balcarce",3,2,0,0,1,0,0,,"Calle",,"ROSARIO","Rosario","Asfalto","S/D","II","Dentro","Urbana","Ninguna","No existe","Intersección","Bueno","Buena","Nocturna","Buen Tiempo","De alcance","S/D","Colisión","S/D","Faltante","Cordón divisorio","Sin restricción"
2014,8728,02/09/2014,"Martes",0,07:40:00,,"0.0",2,"Moto/Ciclomotor,Transporte de Pasajeros Larga Distancia (Piso  y  1/2)","Bv. Segui Y Sarmiento",2,0,1,0,1,0,0,,"Avenida",,"ROSARIO","Rosario","Asfalto","S/D","II","Dentro","Urbana","Ninguna","S/D","Intersección","Bueno","S/D","Amanecer,Con luz artificial","Buen Tiempo","De alcance","S/D","Colisión","Ninguna","Faltante","Cordón divisorio","Sin restricción"
2014,8729,27/10/2014,"Lunes",0,18:27:00,,"0.0",2,"Automóvil,Moto/Ciclomotor","3 De Febrero Y Santiago",3,2,0,0,1,0,0,,"Calle",,"ROSARIO","Rosario","Asfalto","S/D","II","Dentro","Urbana","Ninguna","No existe","Intersección","Bueno","Buena","Diurna","Buen Tiempo","Frontal","S/D","Colisión","S/D","Faltante","Cordón divisorio","Sin restricción"
2014,8730,24/10/2014,"Viernes",0,02:15:00,,"0.0",2,"Automóvil,Moto/Ciclomotor","Bv. Oroño Y Cordoba",2,1,0,0,1,0,0,,"Calle",,"ROSARIO","Rosario","Asfalto","No existe","II","Dentro","Urbana","Semáforo","Funciona","Intersección","Bueno","Buena","Nocturna","Buen Tiempo","Lateral","S/D","Colisión","S/D","Vertical","Cordón divisorio","Sin restricción"
2014,8731,05/10/2014,"Domingo",0,03:00:00,,"0.0",2,"Moto/Ciclomotor,Automóvil","Av San Martin Y Av 9 de Julio",3,0,1,0,1,0,1,,"S/D",,"PEREZ","Rosario","S/D","No existe","II","Dentro","Urbana","Ninguna","No existe","Intersección","Otro","Buena","Amanecer","Otro","Lateral","S/D","Colisión","Agua","Faltante","Ninguna","Sin restricción"
2014,8732,20/10/2014,"Lunes",0,21:10:00,,"0.0",2,"Taxi/Remis,Taxi/Remis","Dorrego Y E.Zeballos",6,3,0,0,3,0,0,,"Calle",,"ROSARIO","Rosario","Asfalto","S/D","II","Dentro","Urbana","Ninguna","No existe","Intersección","Bueno","Buena","Nocturna","Buen Tiempo","Lateral","S/D","Colisión","S/D","Faltante","Cordón divisorio","Sin restricción"
2014,8733,03/09/2014,"Miercoles",0,13:15:00,,"0.0",2,"Moto/Ciclomotor,Automóvil","Sarmiento Y Reg.11 de Infanteria",2,1,0,0,1,0,0,,"Calle",,"ROSARIO","Rosario","Asfalto","No existe","II","Dentro","Urbana","Ninguna","No existe","Intersección","Bueno","Buena","Diurna","Buen Tiempo","De alcance","S/D","Colisión","Ninguna","Faltante","S/D","Sin restricción"
2014,8734,21/10/2014,"Martes",0,16:30:00,,"0.0",2,"Automóvil,Bicicleta","9 De Julio Y Sarmiento",2,1,0,0,1,0,0,,"Calle",,"ROSARIO","Rosario","Asfalto","S/D","II","Dentro","Urbana","Ninguna","No existe","Intersección","Bueno","Buena","Diurna","Buen Tiempo","Lateral","S/D","Colisión","S/D","Faltante","Cordón divisorio","Sin restricción"
2014,8735,03/09/2014,"Miercoles",0,23:00:00,,"0.0",1,"Moto/Ciclomotor","San Martin Y Lamadrid",1,1,0,0,0,0,0,,"Avenida",,"ROSARIO","Rosario","Asfalto","No existe","II","Dentro","Urbana","Semáforo","Funciona","Intersección","Bueno","Buena","Nocturna,Con luz artificial","Buen Tiempo","S/D","S/D","Caída ocupante","Ninguna","Horizontal","S/D","Sin restricción"
2014,8736,18/10/2014,"Sabado",0,10:00:00,,"0.0",2,"Moto/Ciclomotor,Automóvil","3 De Febrero Y Santiago",3,2,0,0,1,0,0,,"Calle",,"ROSARIO","Rosario","Asfalto","S/D","II","Dentro","Urbana","Ninguna","No existe","Intersección","Bueno","Buena","Diurna","Buen Tiempo","De alcance","S/D","Colisión","S/D","Faltante","Cordón divisorio","Sin restricción"
2014,8737,25/10/2014,"Sabado",0,21:40:00,,"0.0",2,"Bicicleta,Pickup/Utilitario","El Jilguero 300",3,2,0,0,0,0,1,,"Calle",,"PEREZ","Rosario","Asfalto","No existe","II","Dentro","Urbana","Ninguna","No existe","Recta","Bueno","Buena","Nocturna","Buen Tiempo","S/D","S/D","Atropello","S/D","Faltante","Ninguna","Sin restricción"
2014,8738,25/10/2014,"Sabado",0,11:05:00,,"0.0",2,"Moto/Ciclomotor,Automóvil","33 Cristo Rey Y Guemes",3,1,0,0,2,0,0,,"Calle",,"SOLDINI","Rosario","Ripio","No existe","II","Dentro","Urbana","S/D","No existe","Recta","Bueno","Buena","Diurna","Buen Tiempo","Frontal","S/D","Colisión","S/D","S/D","Ninguna","Sin restricción"
2014,8739,22/10/2014,"Miercoles",0,20:30:00,,"0.0",2,"Moto/Ciclomotor,Automóvil","33 Cristo Rey Y San Martin",3,1,0,0,2,0,0,,"Calle",,"SOLDINI","Rosario","Asfalto","No existe","II","S/D","Urbana","Ninguna","S/D","Intersección","Bueno","Buena","Nocturna,Con luz artificial","Buen Tiempo","Lateral","S/D","Colisión","S/D","S/D","Ninguna","Sin restricción"
2014,8740,25/10/2014,"Sabado",0,17:45:00,,"0.0",2,"Moto/Ciclomotor,Automóvil","Mitre Y San Luis",3,1,0,0,2,0,0,,"Calle",,"ROSARIO","Rosario","Asfalto","S/D","II","Dentro","Urbana","Ninguna","No existe","Intersección","Bueno","Buena","Diurna","Buen Tiempo","Frontal","S/D","Colisión","S/D","Faltante","Cordón divisorio","Sin restricción"
2014,8741,06/10/2014,"Lunes",0,16:30:00,,"0.0",2,"Pickup/Utilitario,Moto/Ciclomotor","Bv. Avellaneda Y San Juan",3,2,0,0,1,0,0,,"Avenida",,"ROSARIO","Rosario","Asfalto","S/D","II","Dentro","Urbana","S/D","S/D","S/D","Bueno","Buena","Diurna","Buen Tiempo","S/D","S/D","Colisión","S/D","S/D","S/D","S/D"
2014,8742,29/10/2014,"Miercoles",0,18:10:00,"Ruta Nacional 33","0.0",3,"Camión,Camión,Camión"," ",3,1,0,0,2,0,0,,"Ruta",33,"ZAVALLA","Rosario","Asfalto","No existe","II","Dentro","Rural","Ninguna","No existe","Recta","Bueno","Buena","Diurna","Buen Tiempo","Lateral","S/D","Colisión","S/D","Vertical","S/D","Sin restricción"
2014,8743,25/10/2014,"Sabado",0,18:05:00,,"0.0",2,"Moto/Ciclomotor,Bicicleta","Villarino Bv Y Sarmiento",4,3,0,0,1,0,0,,"Calle",,"ZAVALLA","Rosario","Hormigón","No existe","II","Dentro","Urbana","Ninguna","No existe","Recta","Bueno","Buena","Diurna","Buen Tiempo","S/D","S/D","Atropello","S/D","S/D","Ninguna","Sin restricción"
2014,8744,14/10/2014,"Martes",0,18:55:00,,"0.0",2,"Automóvil,Automóvil","San Luis Y Vera Mujica",4,2,0,0,2,0,0,,"Calle",,"ROSARIO","Rosario","Asfalto","S/D","II","Dentro","Urbana","S/D","S/D","Intersección","S/D","S/D","Atardecer","S/D","Lateral","S/D","Colisión","S/D","S/D","S/D","S/D"
2014,8745,05/10/2014,"Domingo",0,,,"0.0",2,"Moto/Ciclomotor,Taxi/Remis","Av. Eva Peron Y Gutenberg",2,1,0,0,1,0,0,,"Calle",,"ROSARIO","Rosario","Asfalto","S/D","II","Dentro","Urbana","S/D","S/D","S/D","S/D","S/D","S/D","S/D","S/D","S/D","Colisión","S/D","S/D","S/D","S/D"
2014,8746,19/10/2014,"Domingo",0,01:00:00,,"0.0",2,"Automóvil,Moto/Ciclomotor","Sarmiento Y Rioja",3,2,0,0,1,0,0,,"Calle",,"ROSARIO","Rosario","Asfalto","S/D","II","Dentro","Urbana","Ninguna","No existe","Intersección","Bueno","Buena","Nocturna","Buen Tiempo","Lateral","S/D","Colisión","S/D","Faltante","S/D","Sin restricción"
2014,8747,14/10/2014,"Martes",0,21:00:00,,"0.0",2,"Peatón,Moto/Ciclomotor","Av. Pellegrini Y Entre Rios",2,1,0,0,1,0,0,,"Avenida",,"ROSARIO","Rosario","Asfalto","S/D","II","Dentro","Urbana","Semáforo","Funciona","Intersección","Bueno","Buena","Nocturna","Buen Tiempo","S/D","S/D","Atropello","S/D","Vertical","Cordón divisorio","Sin restricción"
2014,8748,13/10/2014,"Lunes",0,21:00:00,,"0.0",2,"Automóvil,Automóvil","Bv. Avellaneda Y Cordoba",4,1,0,0,3,0,0,,"Avenida",,"ROSARIO","Rosario","Asfalto","S/D","II","Dentro","Urbana","Semáforo","S/D","S/D","S/D","S/D","Nocturna","S/D","S/D","S/D","Colisión","S/D","S/D","S/D","S/D"
2014,8749,14/10/2014,"Martes",0,07:45:00,,"0.0",2,"Automóvil,Bicicleta","3 De Febrero Y España",2,1,0,0,1,0,0,,"Calle",,"ROSARIO","Rosario","Asfalto","S/D","II","Dentro","Urbana","Semáforo","Funciona","Intersección","Bueno","Buena","Diurna","Buen Tiempo","S/D","S/D","Atropello","S/D","Vertical","Cordón divisorio","Sin restricción"
2014,8750,10/10/2014,"Viernes",0,18:15:00,,"0.0",2,"Automóvil,Moto/Ciclomotor","Pueyrredon Y 3 De Febrero",3,2,0,0,1,0,0,,"Calle",,"ROSARIO","Rosario","Asfalto","S/D","II","Dentro","Urbana","S/D","S/D","S/D","Bueno","Buena","Diurna","Buen Tiempo","S/D","S/D","Colisión","S/D","S/D","S/D","S/D"
2014,8751,07/10/2014,"Martes",0,16:30:00,,"0.0",2,"Automóvil,Automóvil","Bv. Oroño Y Montevideo",2,1,0,0,1,0,0,,"Avenida",,"ROSARIO","Rosario","Asfalto","S/D","II","Dentro","Urbana","Semáforo","Funciona","Intersección","Bueno","Buena","Diurna","Buen Tiempo","De alcance","S/D","Colisión","S/D","Vertical","Cordón divisorio","Sin restricción"
2014,8752,11/10/2014,"Sabado",0,01:30:00,,"0.0",2,"Automóvil,Moto/Ciclomotor","San Luis Y Sarmiento",2,1,0,0,1,0,0,,"Calle",,"ROSARIO","Rosario","Asfalto","S/D","II","Dentro","Urbana","Ninguna","No existe","Intersección","Bueno","Buena","Nocturna","Buen Tiempo","Frontal","S/D","Colisión","S/D","Faltante","Cordón divisorio","Sin restricción"
2014,8753,11/10/2014,"Sabado",0,11:45:00,,"0.0",2,"Peatón,Moto/Ciclomotor","Av. Pellegrini Y Mitre",2,1,0,0,1,0,0,,"Avenida",,"ROSARIO","Rosario","Asfalto","S/D","II","Dentro","Urbana","Semáforo","Funciona","Intersección","Bueno","Buena","Diurna","Buen Tiempo","S/D","S/D","Atropello","S/D","Vertical","Cordón divisorio","Sin restricción"
2014,8754,13/10/2014,"Lunes",0,,,"0.0",1,"Moto/Ciclomotor","Cafferata 1241",1,0,1,0,0,0,0,,"Calle",,"ROSARIO","Rosario","Asfalto","S/D","II","Dentro","Urbana","S/D","S/D","S/D","Bueno","S/D","S/D","S/D","Contra objeto fijo","S/D","Colisión","S/D","S/D","S/D","S/D"
2014,8755,10/10/2014,"Viernes",0,22:00:00,,"0.0",2,"Automóvil,Moto/Ciclomotor","Pueyrredon Y San Juan",2,1,0,0,1,0,0,,"Calle",,"ROSARIO","Rosario","Asfalto","S/D","II","Fuera","Urbana","S/D","S/D","S/D","S/D","S/D","Nocturna","S/D","S/D","S/D","Colisión","S/D","S/D","S/D","S/D"
2014,8756,11/10/2014,"Sabado",0,17:00:00,,"0.0",2,"Taxi/Remis,Automóvil","Sarmiento Y 9 De Julio",2,1,0,0,1,0,0,,"Calle",,"ROSARIO","Rosario","Asfalto","S/D","II","Dentro","Urbana","Ninguna","S/D","Intersección","Bueno","Buena","Diurna","Buen Tiempo","De alcance","S/D","Colisión","S/D","Faltante","Cordón divisorio","Sin restricción"
2014,8757,03/10/2014,"Viernes",0,10:30:00,,"0.0",2,"Moto/Ciclomotor,Taxi/Remis","España Y 3 De Febrero",2,1,0,0,1,0,0,,"Calle",,"ROSARIO","Rosario","Asfalto","S/D","II","Dentro","Urbana","Ninguna","Funciona","Intersección","Bueno","Buena","Diurna","Buen Tiempo","Lateral","S/D","Colisión","S/D","Vertical","Ninguna","Sin restricción"
2014,8758,05/10/2014,"Domingo",0,17:25:00,,"0.0",2,"Bicicleta,Peatón","Santa Fe Y España",3,2,0,0,1,0,0,,"S/D",,"ROSARIO","Rosario","Asfalto","S/D","II","S/D","Urbana","Semáforo","Funciona","Intersección","Bueno","Buena","Diurna","Buen Tiempo","S/D","S/D","Atropello","S/D","Vertical","Cordón divisorio","Sin restricción"
2014,8759,09/10/2014,"Jueves",0,11:00:00,,"0.0",2,"Taxi/Remis,Automóvil","Av. Frondizi A Y Nansen",3,1,0,0,2,0,0,,"Avenida",,"ROSARIO","Rosario","Asfalto","S/D","II","Dentro","Urbana","Ninguna","No existe","Intersección","Bueno","Buena","Diurna","Buen Tiempo","De alcance","S/D","Colisión","Otro","Faltante","Cordón divisorio","Sin restricción"
2014,8760,08/10/2014,"Miercoles",0,10:30:00,,"0.0",2,"Automóvil,Peatón","Santa Fe Y Alvear",2,1,0,0,1,0,0,,"Calle",,"ROSARIO","Rosario","Asfalto","S/D","II","Dentro","Urbana","Ninguna","No existe","Intersección","Bueno","Buena","Diurna","Buen Tiempo","S/D","S/D","Atropello","S/D","Faltante","Cordón divisorio","Sin restricción"
2014,8761,24/10/2014,"Viernes",0,08:45:00,,"0.0",2,"Automóvil,Moto/Ciclomotor","La Paz Y Necochea",2,0,0,1,1,0,0,,"Calle",,"ROSARIO","Rosario","Asfalto","No existe","II","Dentro","Urbana","Señal Pare","No existe","Intersección","Bueno","Buena","Diurna","Buen Tiempo","S/D","S/D","Colisión","Ninguna","Vertical","Ninguna","Sin restricción"
2014,8762,06/10/2014,"Lunes",0,10:50:00,,"0.0",2,"Bicicleta,Transporte de Pasajeros Urbano (> 8 asientos)","Santa Fe 1400",2,1,0,0,1,0,0,,"Calle",,"ROSARIO","Rosario","Asfalto","S/D","II","Dentro","Urbana","Semáforo","Funciona","Recta","Bueno","Buena","Diurna","Buen Tiempo","S/D","S/D","Atropello","S/D","Vertical","Ninguna","Sin restricción"
2014,8763,10/10/2014,"Viernes",0,15:00:00,,"0.0",2,"Pickup/Utilitario,Moto/Ciclomotor","San Juan Y Vera Mujica",2,1,0,0,1,0,0,,"Calle",,"ROSARIO","Rosario","Asfalto","S/D","II","Dentro","Urbana","S/D","S/D","S/D","S/D","S/D","Diurna","S/D","S/D","S/D","Colisión","S/D","S/D","S/D","S/D"
2014,8764,22/10/2014,"Miercoles",0,12:40:00,,"0.0",2,"Moto/Ciclomotor,Automóvil","Pasco Y L.N.Alem",3,2,0,0,1,0,0,,"Calle",,"ROSARIO","Rosario","Asfalto","No existe","II","Dentro","Urbana","Ninguna","No existe","Intersección","Bueno","Buena","Diurna","Buen Tiempo","S/D","S/D","Colisión","Ninguna","S/D","Ninguna","Sin restricción"
2014,8765,03/10/2014,"Viernes",0,08:00:00,,"0.0",2,"Moto/Ciclomotor,Automóvil","E.Zeballos Y Balcarce",3,2,0,0,1,0,0,,"Calle",,"ROSARIO","Rosario","Asfalto","S/D","II","Dentro","Urbana","Ninguna","No existe","Intersección","Bueno","Buena","Diurna","Buen Tiempo","Lateral","S/D","Colisión","S/D","Faltante","S/D","Sin restricción"
2014,8766,20/10/2014,"Lunes",0,14:40:00,,"0.0",2,"Bicicleta,Automóvil","Necochea Y Pasco",2,1,0,0,1,0,0,,"Calle",,"ROSARIO","Rosario","Asfalto","No existe","II","Dentro","Urbana","Ninguna","No existe","Intersección","Bueno","Buena","Diurna","Buen Tiempo","S/D","S/D","Atropello","Ninguna","S/D","Ninguna","Sin restricción"
2014,8767,25/10/2014,"Sabado",0,,,"0.0",2,"Automóvil,Transporte de Pasajeros Urbano (> 8 asientos)","Bv. Rondeau Y Av. Puccio",2,1,0,0,1,0,0,,"Avenida",,"ROSARIO","Rosario","Asfalto","No existe","II","Dentro","Urbana","Semáforo","Funciona","Intersección","Bueno","Buena","S/D","Buen Tiempo","Lateral","S/D","Colisión","S/D","Vertical","Cordón divisorio","Sin restricción"
2014,8768,12/10/2014,"Domingo",0,07:30:00,,"0.0",2,"Moto/Ciclomotor,Automóvil","Mariano Moreno Y Av. Pellegrini",4,1,0,0,3,0,0,,"Avenida",,"ROSARIO","Rosario","Asfalto","S/D","II","Dentro","Urbana","Semáforo","Funciona","Intersección","Bueno","Buena","Diurna","Buen Tiempo","Lateral","S/D","Colisión","S/D","Vertical","Cordón divisorio","Sin restricción"