"anio_acci","nro_acci","fecha","desc_dia","fecha_aprox","hora_aprox","desc_ruta","km","cant_participantes","desc_participante","calle_avenida_km","total","heridos_leves","heridos_graves","heridos_gravisimos","ilesos","fallecidos","sin_datos","posicion_XY","desc_tipo_via","desc_ruta_ori","desc_loc","desc_dpto","desc_tipo_calzada","desc_tipo_banquina","desc_unidad_regional","desc_lugar_calzada","desc_zona","desc_prioridad","desc_estado_semaforo","desc_lugar_via","desc_estado_via","desc_estado_visibilidad","desc_luminosidad","desc_estado_clima","desc_tipo_colision","desc_tipo_atropello","desc_tipo_hecho","desc_pres_calzada","desc_senializacion","desc_separacion_via","desc_restriccion"
2014,8769,04/10/2014,"Sabado",0,19:45:00,,"0.0",3,"Peatón,Peatón,Moto/Ciclomotor","J.J.Paso Y Tte.Agneta",3,2,0,0,1,0,0,,"Calle",,"ROSARIO","Rosario","Asfalto","Pavimento","II","Dentro","Urbana","S/D","Funciona","Intersección","Otro","Buena","Atardecer","S/D","S/D","S/D","Atropello","S/D","Horizontal","S/D","S/D"
2014,8770,10/10/2014,"Viernes",0,08:00:00,,"0.0",2,"Pickup/Utilitario,Pickup/Utilitario","Bv. 27 De Febrero Y Rioja",2,1,0,0,1,0,0,,"Avenida",,"ROSARIO","Rosario","Asfalto","S/D","II","Dentro","Urbana","S/D","S/D","S/D","S/D","S/D","Diurna","S/D","S/D","S/D","Colisión","S/D","S/D","S/D","S/D"
2014,8771,17/10/2014,"Viernes",0,08:50:00,,"0.0",2,"Automóvil,Moto/Ciclomotor","Bv. 27 De Febrero Y Colon",3,1,0,0,2,0,0,,"Calle",,"ROSARIO","Rosario","Asfalto","No existe","II","Dentro","Urbana","Ninguna","No existe","Intersección","Bueno","Buena","Diurna","Buen Tiempo","S/D","S/D","Colisión","Ninguna","S/D","Cordón divisorio","Sin restricción"
2014,8772,16/10/2014,"Jueves",0,10:00:00,,"0.0",2,"Peatón,Automóvil","Av. Pellegrini Y Mitre",2,1,0,0,1,0,0,,"Avenida",,"ROSARIO","Rosario","Asfalto","S/D","II","Dentro","Urbana","Semáforo","Funciona","Intersección","Bueno","Buena","Diurna","Buen Tiempo","S/D","S/D","Atropello","S/D","Vertical","Cordón divisorio","Sin restricción"
2014,8773,09/10/2014,"Jueves",0,22:30:00,,"0.0",2,"Moto/Ciclomotor,Moto/Ciclomotor","San Juan Y Vera Mujica",3,1,0,0,2,0,0,,"Calle",,"ROSARIO","Rosario","Asfalto","S/D","II","Dentro","Urbana","S/D","S/D","S/D","S/D","S/D","Nocturna","S/D","S/D","S/D","Colisión","S/D","S/D","S/D","S/D"
2014,8774,02/10/2014,"Jueves",0,15:00:00,,"0.0",2,"Moto/Ciclomotor,Otros"," ",3,2,0,0,0,0,1,,"Calle",,"SANTA FE","La Capital","Asfalto","No existe","I","S/D","Urbana","Ninguna","No existe","Intersección","Deteriorada","Buena","Diurna","Buen Tiempo","Frontal","S/D","Colisión","S/D","Faltante","Ninguna","Sin restricción"
2014,8775,11/10/2014,"Sabado",0,19:30:00,,"0.0",2,"Otros,Otros"," ",2,0,0,0,0,0,2,,"S/D",,"SANTA FE","La Capital","Asfalto","No existe","I","S/D","Urbana","Ninguna","No existe","Intersección","Con baches","Buena","Atardecer","Buen Tiempo","S/D","S/D","Colisión","S/D","Faltante","Ninguna","S/D"
2014,8776,13/10/2014,"Lunes",0,13:45:00,,"0.0",2,"Automóvil,Moto/Ciclomotor","1 de Mayo Y Ituzaingo",2,1,0,0,1,0,0,,"Calle",,"ROSARIO","Rosario","Asfalto","No existe","II","Dentro","Urbana","Ninguna","No existe","Intersección","Bueno","Buena","Diurna","Buen Tiempo","S/D","S/D","Colisión","Ninguna","S/D","Ninguna","Sin restricción"
2014,8777,20/10/2014,"Lunes",0,20:30:00,,"0.0",2,"Moto/Ciclomotor,Automóvil","Estrada Y Don Guanella",2,1,0,0,0,0,1,,"Calle",,"SANTA FE","La Capital","Asfalto","No existe","I","S/D","Urbana","S/D","No existe","Intersección","Deteriorada","Buena","Nocturna","Buen Tiempo","Lateral","S/D","Colisión","Ninguna","Faltante","Ninguna","Sin restricción"
2014,8778,08/10/2014,"Miercoles",0,18:30:00,,"0.0",2,"Automóvil,Bicicleta","España 1000",2,1,0,0,1,0,0,,"S/D",,"ROSARIO","Rosario","Asfalto","S/D","II","S/D","Urbana","Ninguna","No existe","Recta","Bueno","Buena","Diurna","Buen Tiempo","S/D","S/D","Atropello","S/D","Faltante","Cordón divisorio","Sin restricción"
2014,8779,12/10/2014,"Domingo",0,19:30:00,,"0.0",2,"Taxi/Remis,Moto/Ciclomotor","J.M.de Rosas Y Ocampo",3,2,0,0,1,0,0,,"Calle",,"ROSARIO","Rosario","Asfalto","No existe","II","Dentro","Urbana","Ninguna","No existe","Intersección","Bueno","Buena","Atardecer","Buen Tiempo","S/D","S/D","Colisión","Ninguna","S/D","Ninguna","Sin restricción"
2014,8780,06/10/2014,"Lunes",0,06:50:00,,"0.0",2,"Moto/Ciclomotor,Moto/Ciclomotor","Ricchieri Y Mendoza",4,4,0,0,0,0,0,,"Calle",,"ROSARIO","Rosario","Asfalto","S/D","II","Dentro","Urbana","S/D","S/D","S/D","S/D","S/D","Diurna","S/D","S/D","S/D","Colisión","S/D","S/D","S/D","S/D"
2014,8781,05/10/2014,"Domingo",0,19:10:00,,"0.0",2,"Automóvil,Moto/Ciclomotor","3 De Febrero 1400",3,2,0,0,1,0,0,,"Calle",,"ROSARIO","Rosario","Asfalto","S/D","II","Dentro","Urbana","Ninguna","No existe","Recta","Bueno","Buena","Atardecer","Buen Tiempo","S/D","S/D","Colisión","S/D","Faltante","Cordón divisorio","Sin restricción"
2014,8782,28/10/2014,"Martes",0,17:50:00,,"0.0",2,"Automóvil,Bicicleta","25 de Mayo Y Dr Borzone",2,1,0,0,1,0,0,,"Calle",,"PEREZ","Rosario","S/D","No existe","II","Dentro","Urbana","Ninguna","No existe","Intersección","Otro","Buena","Atardecer","Otro","S/D","S/D","Atropello","Ninguna","Faltante","Ninguna","Sin restricción"
2014,8783,12/10/2014,"Domingo",0,13:00:00,,"0.0",2,"Automóvil,Automóvil","Buenos Aires Y Ocampo",2,1,0,0,1,0,0,,"Calle",,"ROSARIO","Rosario","Asfalto","No existe","II","Dentro","Urbana","Ninguna","No existe","Intersección","Bueno","Buena","Diurna","Buen Tiempo","Otro","S/D","Colisión","Ninguna","S/D","Ninguna","Sin restricción"
2014,8784,04/10/2014,"Sabado",0,,,"0.0",2,"Taxi/Remis,Automóvil","San Nicolas Y Mendoza",3,1,0,0,0,0,2,,"Calle",,"ROSARIO","Rosario","Asfalto","S/D","II","Dentro","Urbana","S/D","S/D","S/D","S/D","S/D","S/D","S/D","S/D","S/D","S/D","S/D","S/D","S/D","S/D"
2014,8785,18/10/2014,"Sabado",0,15:30:00,,"0.0",2,"Pickup/Utilitario,Moto/Ciclomotor","Yapeyu Y Leandro Alem",2,1,0,0,1,0,0,,"Calle",,"PEREZ","Rosario","S/D","No existe","II","Dentro","Urbana","Ninguna","No existe","Intersección","Otro","Buena","Diurna","Otro","Lateral","S/D","Colisión","Otro","Faltante","Ninguna","Sin restricción"
2014,8786,14/11/2014,"Viernes",0,20:00:00,,"0.0",2,"Moto/Ciclomotor,Taxi/Remis","Urquiza Y Castellanos",2,1,0,0,1,0,0,,"Calle",,"ROSARIO","Rosario","Asfalto","No existe","II","Dentro","Urbana","Ninguna","No existe","Recta","S/D","Buena","Nocturna","Buen Tiempo","Lateral","S/D","Colisión","S/D","Faltante","Ninguna","Sin restricción"
2014,8787,29/10/2014,"Miercoles",0,12:00:00,,"0.0",2,"Automóvil,Peatón","Av. Pellegrini Y L.N.Alem",2,1,0,0,1,0,0,,"Calle",,"ROSARIO","Rosario","Asfalto","S/D","II","Dentro","Urbana","Semáforo","Funciona","Intersección","Bueno","Buena","Diurna","Buen Tiempo","Otro","S/D","Colisión","S/D","S/D","Cordón divisorio","S/D"
2014,8789,26/09/2014,"Viernes",0,20:20:00,"Ruta Nacional 33","0.0",2,"Moto/Ciclomotor,Automóvil","Ruta Nac 33 Y Dr Borzone",2,1,0,0,1,0,0,,"Ruta",33,"PEREZ","Rosario","S/D","No existe","II","Dentro","Urbana","Ninguna","No existe","Intersección","Otro","Buena","Nocturna","Otro","De alcance","S/D","Colisión","Otro","Faltante","Línea divisoria pintada","Sin restricción"
2014,8790,15/10/2014,"Miercoles",0,10:40:00,,"0.0",2,"Moto/Ciclomotor,Bicicleta","Mendoza Y Ecuador",2,2,0,0,0,0,0,,"Calle",,"ROSARIO","Rosario","Asfalto","No existe","II","Dentro","Urbana","Ninguna","No existe","Intersección","Bueno","Buena","Diurna","Buen Tiempo","S/D","S/D","Atropello","Otro","Horizontal","Ninguna","Sin restricción"
2014,8791,09/10/2014,"Jueves",0,14:20:00,,"0.0",2,"Automóvil,Moto/Ciclomotor","Buenos Aires Y Ituzaingo",5,1,0,0,4,0,0,,"Calle",,"ROSARIO","Rosario","Asfalto","No existe","II","Dentro","Urbana","Ninguna","No existe","Intersección","Bueno","Buena","Diurna","Buen Tiempo","S/D","S/D","Colisión","Ninguna","S/D","Ninguna","Sin restricción"
2014,8792,03/10/2014,"Viernes",0,09:15:00,,"0.0",2,"Automóvil,Moto/Ciclomotor","San Luis Y Rodriguez",2,1,0,0,1,0,0,,"Calle",,"ROSARIO","Rosario","Asfalto","S/D","II","Dentro","Urbana","S/D","S/D","S/D","S/D","S/D","Diurna","S/D","S/D","S/D","Colisión","S/D","S/D","S/D","S/D"
2014,8793,12/11/2014,"Miercoles",0,07:40:00,,"0.0",2,"Moto/Ciclomotor,Automóvil","Tucuman Y Crespo",3,2,0,0,1,0,0,,"Calle",,"ROSARIO","Rosario","Asfalto","No existe","II","Dentro","Urbana","Ninguna","No existe","Recta","S/D","Buena","Diurna","Buen Tiempo","Lateral","S/D","Colisión","S/D","Faltante","Ninguna","Sin restricción"
2014,8794,11/11/2014,"Martes",0,14:05:00,,"0.0",2,"Automóvil,Peatón","Lavalle Y Urquiza",2,1,0,0,1,0,0,,"Calle",,"ROSARIO","Rosario","Asfalto","No existe","II","Dentro","Urbana","Ninguna","No existe","Recta","S/D","Buena","Diurna","Buen Tiempo","S/D","S/D","Atropello","S/D","Faltante","Ninguna","Sin restricción"
2014,8795,02/10/2014,"Jueves",0,19:35:00,,"0.0",2,"Automóvil,Moto/Ciclomotor","E.Zeballos Y Ricchieri",2,1,0,0,1,0,0,,"Calle",,"ROSARIO","Rosario","Asfalto","S/D","II","Dentro","Urbana","S/D","S/D","S/D","S/D","S/D","Atardecer","S/D","S/D","S/D","Colisión","S/D","S/D","S/D","S/D"
2014,8796,08/11/2014,"Sabado",0,06:20:00,,"0.0",2,"Moto/Ciclomotor,Taxi/Remis","San Lorenzo Y San Nicolas",2,1,0,0,1,0,0,,"Calle",,"ROSARIO","Rosario","S/D","No existe","II","Dentro","Urbana","Ninguna","No existe","Recta","S/D","S/D","Diurna","Buen Tiempo","Lateral","S/D","Colisión","S/D","Faltante","S/D","Sin restricción"
2014,8797,03/10/2014,"Viernes",0,08:30:00,,"0.0",2,"Automóvil,Automóvil","La Paz Y J.M.de Rosas",2,1,0,0,1,0,0,,"Calle",,"ROSARIO","Rosario","Asfalto","No existe","II","Dentro","Urbana","Ninguna","No existe","Intersección","Bueno","Buena","Diurna","Buen Tiempo","Otro","S/D","Colisión","Ninguna","S/D","Ninguna","Sin restricción"
2014,8798,18/10/2014,"Sabado",0,19:05:00,,"0.0",2,"Taxi/Remis,Moto/Ciclomotor","La Paz Y Fraga",3,2,0,0,1,0,0,,"Calle",,"ROSARIO","Rosario","Asfalto","No existe","II","Dentro","Urbana","Ninguna","No existe","Intersección","Bueno","Buena","Diurna","Lluvia","Lateral","S/D","Colisión","Ninguna","Horizontal","Ninguna","Sin restricción"
2014,8799,01/10/2014,"Miercoles",0,17:40:00,,"0.0",2,"Automóvil,Automóvil","Av. Pellegrini Y Carriego",2,1,0,0,1,0,0,,"Avenida",,"ROSARIO","Rosario","Asfalto","S/D","II","Dentro","Urbana","S/D","S/D","S/D","S/D","S/D","Diurna","S/D","S/D","S/D","Colisión","S/D","S/D","S/D","S/D"
2014,8800,25/10/2014,"Sabado",0,19:00:00,,"0.0",2,"Automóvil,Moto/Ciclomotor","Furlong Y Mendoza",3,1,1,0,0,0,1,,"Calle",,"ROSARIO","Rosario","Asfalto","Pavimento","II","S/D","Urbana","Ninguna","No existe","S/D","Bueno","Buena","Atardecer","Buen Tiempo","Lateral","S/D","Colisión","Ninguna","Faltante","S/D","Sin restricción"
2014,8801,05/10/2014,"Domingo",0,20:31:00,,"0.0",2,"Moto/Ciclomotor,Automóvil","Benegas Y J.Colombres",2,1,0,0,1,0,0,,"Calle",,"ROSARIO","Rosario","Asfalto","S/D","II","S/D","Urbana","S/D","S/D","Intersección","Bueno","S/D","Nocturna","S/D","S/D","S/D","S/D","S/D","S/D","S/D","S/D"
2014,8802,08/10/2014,"Miercoles",0,17:30:00,,"0.0",2,"Automóvil,Automóvil","Sanchez de Loria Y Morrison",4,1,0,0,3,0,0,,"Calle",,"ROSARIO","Rosario","Asfalto","Pavimento","II","Dentro","Urbana","Otra Señal","No existe","Intersección","Bueno","Buena","Diurna","Buen Tiempo","Otro","S/D","Colisión","Ninguna","Faltante","Ninguna","Sin restricción"
2014,8803,01/10/2014,"Miercoles",0,09:40:00,,"0.0",2,"Automóvil,Moto/Ciclomotor","9 De Julio Y Cafferata",2,1,0,0,1,0,0,,"Calle",,"ROSARIO","Rosario","Asfalto","S/D","II","Dentro","Urbana","S/D","S/D","S/D","S/D","S/D","Diurna","S/D","S/D","S/D","Colisión","S/D","S/D","S/D","S/D"
2014,8804,01/10/2014,"Miercoles",0,08:30:00,,"0.0",2,"Pickup/Utilitario,Moto/Ciclomotor","Av. Pellegrini Y Alsina",3,2,0,0,1,0,0,,"Avenida",,"ROSARIO","Rosario","Asfalto","S/D","II","Dentro","Urbana","S/D","S/D","S/D","S/D","S/D","Diurna","S/D","S/D","S/D","Colisión","S/D","S/D","S/D","S/D"
2014,8805,02/05/2014,"Viernes",0,,"Ruta Nacional 34","4.0",1,"Moto/Ciclomotor"," ",1,0,0,0,0,1,0,"-32.872568, -60.754796","Ruta",34,"IBARLUCEA","Rosario","Asfalto","Natural","II","Dentro","Urbana","S/D","No existe","Recta","Bueno","S/D","S/D","S/D","S/D","S/D","Caída ocupante","S/D","S/D","Línea divisoria pintada","S/D"
2014,8806,21/10/2014,"Martes",0,12:45:00,,"0.0",2,"Peatón,Automóvil","Urquiza Y Entre Rios",2,1,0,0,1,0,0,,"Calle",,"ROSARIO","Rosario","Asfalto","No existe","II","Dentro","Urbana","Ninguna","S/D","S/D","Bueno","Buena","Diurna","Buen Tiempo","S/D","S/D","Atropello","S/D","Faltante","Ninguna","Sin restricción"
2014,8807,07/11/2014,"Viernes",0,10:00:00,,"0.0",2,"Moto/Ciclomotor,Automóvil","Av. Ovidio Lagos Y Catamarca",2,1,0,0,1,0,0,,"Avenida",,"ROSARIO","Rosario","Asfalto","No existe","II","Dentro","Urbana","Semáforo","Funciona","Recta","S/D","Buena","Diurna","Buen Tiempo","Lateral","S/D","Colisión","S/D","Vertical","Ninguna","Sin restricción"
2014,8808,14/10/2014,"Martes",0,13:00:00,,"0.0",2,"Moto/Ciclomotor,Automóvil","Minetti Y Estrada",2,1,0,0,1,0,0,,"Calle",,"FUNES","Rosario","Tierra","Natural","II","S/D","Urbana","Ninguna","No existe","Intersección","Bueno","Buena","Diurna","Buen Tiempo","Lateral","S/D","Colisión","S/D","Faltante","Cordón divisorio","Sin restricción"
2014,8809,15/10/2014,"Miercoles",0,09:30:00,,"0.0",2,"Automóvil,Moto/Ciclomotor","Av Fuerza Aerea ",2,0,1,0,1,0,0,,"Avenida",,"FUNES","Rosario","Asfalto","Natural","II","S/D","Urbana","Ninguna","No existe","Rotonda","Bueno","Buena","Diurna","Buen Tiempo","Lateral","S/D","Colisión","S/D","Faltante","Cordón divisorio","Sin restricción"
2014,8810,02/05/2014,"Viernes",0,,"Ruta Nacional 8","0.0",2,"Camión,Otros","RN 8 Y Jauretche",2,0,0,0,0,1,1,"-33.726632, -61.996477","Ruta",8,"VENADO TUERTO","General López","Asfalto","Natural","VIII","Dentro","Urbana","S/D","No existe","Recta","Bueno","S/D","S/D","S/D","S/D","S/D","Colisión","S/D","Horizontal,Vertical","S/D","S/D"
2014,8811,02/11/2014,"Domingo",0,04:45:00,,"0.0",2,"Automóvil,Automóvil","Guemes Y Rodriguez",2,1,0,0,1,0,0,,"Calle",,"ROSARIO","Rosario","Asfalto","No existe","II","Dentro","Urbana","Ninguna","No existe","Recta","S/D","Buena","Nocturna","Buen Tiempo","Lateral","S/D","Colisión","S/D","Faltante","Ninguna","Sin restricción"
2014,8813,03/05/2014,"Sabado",0,12:30:00,"Autopista Provincial Brigadier E.López","86.0",1,"Pickup/Utilitario"," ",1,1,0,0,0,0,0,,"Autopista","Brigadier E.López","SAN FABIÁN","San Jerónimo","S/D","S/D","XV","Fuera","Rural","S/D","S/D","Recta","S/D","S/D","Diurna","S/D","S/D","S/D","Despiste","S/D","S/D","S/D","S/D"
2014,8814,04/05/2014,"Domingo",0,06:00:00,"Ruta Nacional 33","629.0",2,"Automóvil,Pickup/Utilitario","Ruta Nacional 33 Y Ruta Nac 8",2,0,0,0,0,0,2,,"Ruta",33,"VENADO TUERTO","General López","S/D","S/D","VIII","Dentro","Urbana","S/D","S/D","Intersección","S/D","S/D","Amanecer","S/D","S/D","S/D","Colisión","S/D","S/D","S/D","S/D"
2014,8815,04/05/2014,"Domingo",0,13:26:00,"Autopista Provincial Brigadier E.López","142.0",1,"Automóvil"," ",1,1,0,0,0,0,0,,"Autopista","Brigadier E.López","SAUCE VIEJO","La Capital","S/D","S/D","I","Dentro","Rural","S/D","S/D","Recta","S/D","S/D","Diurna","S/D","S/D","S/D","Vuelco","S/D","S/D","S/D","S/D"
2014,8816,04/05/2014,"Domingo",0,18:35:00,"Ruta Provincial 5","0.0",1,"Moto/Ciclomotor","ALTURA HOSPITAL PROTOMEDICO ",2,2,0,0,0,0,0,,"Ruta",5,"SANTA FE","La Capital","S/D","S/D","I","Dentro","Urbana","S/D","S/D","Recta","S/D","S/D","Atardecer","S/D","S/D","S/D","Otro","S/D","S/D","S/D","S/D"
2014,8818,09/10/2014,"Jueves",0,17:00:00,,"0.0",2,"Bicicleta,Moto/Ciclomotor","Mendoza Y Av. Provincias Unidas",2,1,0,0,1,0,0,,"Calle",,"ROSARIO","Rosario","Asfalto","No existe","II","Dentro","Urbana","Semáforo","Funciona","Intersección","Bueno","Buena","Diurna","Lluvia","Lateral","S/D","Atropello","S/D","Vertical","Ninguna","Sin restricción"
2014,8819,25/10/2014,"Sabado",0,21:30:00,,"0.0",2,"Moto/Ciclomotor,Pickup/Utilitario","Av Gral San Martin 1800",2,1,0,0,1,0,0,,"Avenida",,"VILLA GOBERNADOR GÁLVEZ","Rosario","Asfalto","No existe","II","Dentro","Urbana","Ninguna","No existe","Recta","Bueno","Buena","Nocturna","Buen Tiempo","Lateral","S/D","Colisión","Otro","Faltante","Ninguna","Sin restricción"
2014,8820,21/10/2014,"Martes",0,09:00:00,,"0.0",2,"Moto/Ciclomotor,Automóvil","Av Gral San Martin Y Chubut",3,2,0,0,1,0,0,,"Avenida",,"VILLA GOBERNADOR GÁLVEZ","Rosario","Asfalto","No existe","II","Dentro","Urbana","Ninguna","No funciona","Recta","Bueno","Buena","Diurna","Buen Tiempo","Lateral","S/D","Colisión","Otro","Faltante","Ninguna","Sin restricción"
2014,8821,22/10/2014,"Miercoles",0,10:05:00,,"0.0",2,"Automóvil,Automóvil","Mr.Ross Y Paraguay",6,6,0,0,0,0,0,,"Calle",,"ROSARIO","Rosario","Asfalto","No existe","II","Dentro","Urbana","Ninguna","No existe","Intersección","Bueno","Buena","Diurna","Buen Tiempo","De alcance","S/D","Colisión","S/D","Faltante","Ninguna","Sin restricción"
2014,8822,21/10/2014,"Martes",0,08:15:00,,"0.0",2,"Moto/Ciclomotor,Automóvil","Bv San diego Y Rivadavia",2,1,0,0,1,0,0,,"Calle",,"VILLA GOBERNADOR GÁLVEZ","Rosario","Asfalto","No existe","II","Dentro","Urbana","Ninguna","No existe","Recta","Bueno","Buena","Diurna","Buen Tiempo","Lateral","S/D","Colisión","Otro","Faltante","Ninguna","Sin restricción"
2014,8823,24/10/2014,"Viernes",0,18:40:00,,"0.0",2,"Automóvil,Moto/Ciclomotor","Aaron Castellanos Y W Maradona",4,3,0,0,1,0,0,,"Calle",,"ESPERANZA","Las Colonias","Asfalto","No existe","XI","S/D","Urbana","Ninguna","No existe","Intersección","Bueno","Buena","Atardecer","Buen Tiempo","Frontal","S/D","Colisión","S/D","Horizontal","Ninguna","Sin restricción"
2014,8824,11/11/2014,"Martes",0,16:40:00,,"0.0",2,"Moto/Ciclomotor,Peatón","Barra Y La Republica",2,0,0,0,1,0,1,,"Calle",,"ROSARIO","Rosario","Asfalto","Pavimento","II","Dentro","Urbana","Ninguna","Intermitente","Recta","Bueno","Buena","Atardecer","S/D","S/D","S/D","Atropello","S/D","Faltante","Ninguna","Sin restricción"
2014,8825,14/10/2014,"Martes",0,07:45:00,,"0.0",2,"Moto/Ciclomotor,Automóvil","Av Gral San Martin Y J F Kennedy",2,1,0,0,1,0,0,,"Avenida",,"VILLA GOBERNADOR GÁLVEZ","Rosario","Asfalto","No existe","II","Dentro","Urbana","Ninguna","No existe","Recta","Bueno","Buena","Diurna","Buen Tiempo","Lateral","S/D","Colisión","Otro","Faltante","Ninguna","Sin restricción"
2014,8826,08/10/2014,"Miercoles",0,00:15:00,"Ruta Secundaria 28-s","0.0",1,"Automóvil"," ",1,1,0,0,0,0,0,,"Ruta","28-s","MONTES DE OCA","Belgrano","Asfalto","Natural","III","Fuera","Rural","Ninguna","No existe","Recta","Bueno","Buena","Nocturna","Buen Tiempo","S/D","S/D","Vuelco","Ninguna","Faltante","Línea divisoria pintada","Sin restricción"
2014,8827,11/11/2014,"Martes",0,17:15:00,,"0.0",2,"Automóvil,Moto/Ciclomotor","J.J.Paso Y Bolivia",2,1,0,0,1,0,0,,"Calle",,"ROSARIO","Rosario","Asfalto","S/D","II","Dentro","Urbana","S/D","S/D","Recta","S/D","S/D","S/D","S/D","Frontal","S/D","Colisión","S/D","Faltante","S/D","S/D"
2014,8828,12/10/2014,"Domingo",0,17:50:00,,"0.0",2,"Automóvil,Automóvil","Av Gral San Martin Y Uruguay",3,2,0,0,1,0,0,,"Avenida",,"VILLA GOBERNADOR GÁLVEZ","Rosario","Asfalto","No existe","II","Dentro","Urbana","Ninguna","No existe","Recta","Bueno","Buena","Diurna","Buen Tiempo","Lateral","S/D","Colisión","Otro","Faltante","Ninguna","Sin restricción"
2014,8829,30/10/2014,"Jueves",0,18:25:00,,"0.0",2,"Automóvil,Moto/Ciclomotor","Simon de Iriondo Y Colon",2,1,0,0,1,0,0,,"Calle",,"ESPERANZA","Las Colonias","Asfalto","No existe","XI","S/D","Urbana","Ninguna","No existe","Intersección","Bueno","Buena","Atardecer","Buen Tiempo","Frontal","S/D","Colisión","S/D","Horizontal","Ninguna","Sin restricción"
2014,8830,07/10/2014,"Martes",0,22:40:00,,"0.0",2,"Moto/Ciclomotor,Moto/Ciclomotor","Ituzaingo Y Tucuman",3,2,1,0,0,0,0,,"Calle",,"LAS ROSAS","Belgrano","Ripio","No existe","III","Dentro","Urbana","Ninguna","No existe","Intersección","Con baches","S/D","Nocturna","Buen Tiempo","Lateral","S/D","Colisión","Ninguna","Faltante","Cordón divisorio","Sin restricción"
2014,8831,07/11/2014,"Viernes",0,10:00:00,,"0.0",2,"Moto/Ciclomotor,Automóvil","Av. Luis Carballo Y Mar del Plata",2,1,0,0,1,0,0,,"S/D",,"ROSARIO","Rosario","S/D","S/D","II","S/D","Urbana","S/D","S/D","Intersección","S/D","S/D","Diurna","S/D","S/D","S/D","Colisión","S/D","S/D","S/D","S/D"
2014,8832,12/11/2014,"Miercoles",0,19:10:00,,"0.0",2,"Pickup/Utilitario,Moto/Ciclomotor","Av. Genova Y Ottone Bis",2,0,1,0,0,0,1,,"Calle",,"ROSARIO","Rosario","S/D","Pavimento","II","Dentro","Urbana","Ninguna","S/D","Recta","S/D","Buena","Nocturna,Con luz artificial","S/D","S/D","S/D","Colisión","S/D","Faltante","Ninguna","Sin restricción"
2014,8833,11/10/2014,"Sabado",0,22:00:00,,"0.0",2,"Automóvil,Automóvil","Eva Peron Y Iglesias",4,1,0,0,3,0,0,,"Calle",,"VILLA GOBERNADOR GÁLVEZ","Rosario","Asfalto","No existe","II","Dentro","Urbana","Ninguna","No existe","Recta","Con baches","Reducida","Nocturna","Buen Tiempo","Lateral","S/D","Colisión","Otro","Faltante","Ninguna","Sin restricción"
2014,8834,12/11/2014,"Miercoles",0,10:00:00,,"0.0",2,"Automóvil,Automóvil","Alberdi Y Velez Sarsfield",2,1,0,0,1,0,0,,"Avenida",,"ROSARIO","Rosario","S/D","S/D","II","Dentro","Urbana","S/D","S/D","Intersección","S/D","S/D","Diurna","S/D","S/D","S/D","Colisión","S/D","S/D","S/D","S/D"
2014,8835,05/11/2014,"Miercoles",0,17:00:00,,"0.0",2,"Automóvil,Automóvil","Casilda Y Pje. Nueva York Bis",2,1,0,0,1,0,0,,"Calle",,"ROSARIO","Rosario","S/D","S/D","II","S/D","Urbana","S/D","S/D","Intersección","S/D","S/D","Diurna","S/D","S/D","S/D","Colisión","S/D","S/D","S/D","S/D"
2014,8836,07/10/2014,"Martes",0,10:00:00,,"0.0",2,"Moto/Ciclomotor,Pickup/Utilitario","Cordoba Y Marcelo T de Alvear",2,1,0,0,1,0,0,,"Calle",,"MONTES DE OCA","Belgrano","Asfalto","No existe","III","Dentro","Urbana","Ninguna","No existe","Intersección","Bueno","Buena","Diurna","Buen Tiempo","Lateral","S/D","Colisión","Ninguna","Faltante","Ninguna","Sin restricción"
2014,8837,04/11/2014,"Martes",0,08:20:00,,"0.0",2,"Moto/Ciclomotor,Automóvil","Junin Y Bahia Blanca Bis",3,1,0,0,2,0,0,,"Calle",,"ROSARIO","Rosario","Asfalto","S/D","II","S/D","Urbana","S/D","S/D","Intersección","S/D","S/D","Diurna","S/D","S/D","S/D","Colisión","S/D","S/D","S/D","S/D"
2014,8838,11/10/2014,"Sabado",0,21:30:00,,"0.0",2,"Moto/Ciclomotor,Automóvil","J M Estrada Y chile",3,2,0,0,1,0,0,,"Avenida",,"VILLA GOBERNADOR GÁLVEZ","Rosario","Asfalto","No existe","II","Dentro","Urbana","Ninguna","No existe","Recta","Con baches","Reducida","Nocturna","Buen Tiempo","Lateral","S/D","Colisión","Otro","Faltante","Ninguna","Sin restricción"
2014,8839,02/11/2014,"Domingo",0,06:45:00,,"0.0",2,"Moto/Ciclomotor,Automóvil","Albert Sabin Y Velez Sarsfield",2,1,0,0,1,0,0,,"Avenida",,"ROSARIO","Rosario","Asfalto","S/D","II","S/D","Urbana","S/D","S/D","Recta","S/D","S/D","Diurna","Buen Tiempo","S/D","S/D","Colisión","S/D","S/D","S/D","S/D"
2014,8840,03/10/2014,"Viernes",0,06:50:00,"Ruta Provincial 70","0.0",2,"Automóvil,Moto/Ciclomotor","Pujol Bis Gdor ",2,0,1,0,1,0,0,,"Ruta",70,"ESPERANZA","Las Colonias","Asfalto","No existe","XI","Dentro","Urbana","Ninguna","No existe","Recta","Bueno","Buena","Diurna","Buen Tiempo","De alcance","S/D","Colisión","S/D","Faltante","Ninguna","Sin restricción"