"anio_acci","nro_acci","fecha","desc_dia","fecha_aprox","hora_aprox","desc_ruta","km","cant_participantes","desc_participante","calle_avenida_km","total","heridos_leves","heridos_graves","heridos_gravisimos","ilesos","fallecidos","sin_datos","posicion_XY","desc_tipo_via","desc_ruta_ori","desc_loc","desc_dpto","desc_tipo_calzada","desc_tipo_banquina","desc_unidad_regional","desc_lugar_calzada","desc_zona","desc_prioridad","desc_estado_semaforo","desc_lugar_via","desc_estado_via","desc_estado_visibilidad","desc_luminosidad","desc_estado_clima","desc_tipo_colision","desc_tipo_atropello","desc_tipo_hecho","desc_pres_calzada","desc_senializacion","desc_separacion_via","desc_restriccion"
2014,8841,14/10/2014,"Martes",0,17:40:00,,"0.0",2,"Pickup/Utilitario,Moto/Ciclomotor","J.J.Paso 6000",2,1,0,0,1,0,0,,"Calle",,"ROSARIO","Rosario","Asfalto","Natural","II","Dentro","Urbana","S/D","S/D","Intersección","Bueno","S/D","Diurna","S/D","S/D","S/D","Colisión","S/D","S/D","S/D","S/D"
2014,8842,04/11/2014,"Martes",0,12:00:00,,"0.0",2,"Automóvil,Otros","Av. Luis Carballo Y Bv. Avellaneda",3,1,0,0,2,0,0,,"Avenida",,"ROSARIO","Rosario","Asfalto","S/D","II","S/D","Urbana","S/D","S/D","Intersección","S/D","S/D","Diurna","S/D","S/D","S/D","Colisión","S/D","S/D","S/D","S/D"
2014,8843,21/10/2014,"Martes",0,22:00:00,,"0.0",2,"Automóvil,Moto/Ciclomotor","Sarmiento Y San Martin",3,2,0,0,1,0,0,,"Calle",,"LAS ROSAS","Belgrano","Asfalto","No existe","III","Dentro","Urbana","Ninguna","No existe","Intersección","Bueno","Buena","Nocturna","Buen Tiempo","Lateral","S/D","Colisión","Ninguna","Vertical","Ninguna","Sin restricción"
2014,8844,03/10/2014,"Viernes",0,13:40:00,,"0.0",2,"Automóvil,Moto/Ciclomotor","Paso de los Andes Y Lavalle",2,1,0,0,1,0,0,,"Calle",,"LAS ROSAS","Belgrano","Asfalto","S/D","III","Dentro","Urbana","Ninguna","No existe","Intersección","Bueno","Buena","Diurna","Buen Tiempo","Lateral","S/D","Colisión","Ninguna","S/D","Ninguna","Sin restricción"
2014,8845,15/10/2014,"Miercoles",0,09:00:00,,"0.0",2,"Moto/Ciclomotor,Moto/Ciclomotor","Gobernador Pujol Y Laprida",2,1,1,0,0,0,0,,"Calle",,"ESPERANZA","Las Colonias","Asfalto","Pavimento","XI","Dentro","Urbana","Ninguna","No existe","Intersección","Bueno","Buena","Diurna","Buen Tiempo","Lateral,Múltiple","S/D","Colisión","S/D","S/D","Línea divisoria pintada","Sin restricción"
2014,8846,04/11/2014,"Martes",0,08:10:00,,"0.0",2,"Moto/Ciclomotor,Automóvil","Albert Sabin Y Alberdi",3,1,0,0,2,0,0,,"Avenida",,"ROSARIO","Rosario","S/D","S/D","II","S/D","Urbana","S/D","S/D","Intersección","S/D","S/D","Diurna","S/D","S/D","S/D","Colisión","S/D","S/D","S/D","S/D"
2014,8847,03/10/2014,"Viernes",0,19:50:00,"Ruta Provincial 6","999.9",2,"Moto/Ciclomotor,Camión"," ",2,0,1,0,1,0,0,,"Ruta",6,"ESPERANZA","Las Colonias","Asfalto","Natural","XI","Dentro","Urbana","Ninguna","No existe","Curva","Bueno","Buena","Nocturna","Buen Tiempo","Lateral","S/D","Colisión","S/D","Horizontal,Vertical","Línea divisoria pintada","Sin restricción"
2014,8848,10/10/2014,"Viernes",0,22:10:00,,"0.0",2,"Moto/Ciclomotor,Automóvil","Bv San diego Y Andreu",3,2,0,0,1,0,0,,"Calle",,"VILLA GOBERNADOR GÁLVEZ","Rosario","Asfalto","No existe","II","Dentro","Urbana","Ninguna","No existe","Recta","Bueno","Buena","Nocturna","Buen Tiempo","Lateral","S/D","Colisión","Otro","Faltante","Ninguna","Sin restricción"
2014,8849,03/11/2014,"Lunes",0,10:30:00,,"0.0",2,"Moto/Ciclomotor,Peatón","J.B.Justo 2200",2,1,0,0,1,0,0,,"Calle",,"ROSARIO","Rosario","Asfalto","Pavimento","II","Dentro","Urbana","Ninguna","No existe","Recta","Bueno","Buena","Diurna","Buen Tiempo","S/D","S/D","Atropello","S/D","Faltante","Ninguna","Accidente Previo"
2014,8850,03/10/2014,"Viernes",0,08:35:00,,"0.0",2,"Pickup/Utilitario,Bicicleta","Gregorio Donnet Y Mariano Moreno",2,1,0,0,1,0,0,,"Calle",,"ESPERANZA","Las Colonias","Asfalto","Pavimento","XI","Dentro","Urbana","Ninguna","No existe","Intersección","S/D","Buena","Diurna","Buen Tiempo","S/D","S/D","Atropello","S/D","S/D","Línea divisoria pintada","Sin restricción"
2014,8851,18/10/2014,"Sabado",0,12:50:00,,"0.0",2,"Otros,Bicicleta","General Manuel Belgrano 2300",2,1,0,0,0,0,1,,"Calle",,"ESPERANZA","Las Colonias","Asfalto","Pavimento","XI","Dentro","Urbana","Ninguna","No existe","Recta","Bueno","Buena","Diurna","Buen Tiempo","S/D","S/D","Atropello","S/D","S/D","Línea divisoria pintada","Sin restricción"
2014,8852,07/10/2014,"Martes",0,19:00:00,,"0.0",2,"Moto/Ciclomotor,Automóvil","12 de Octubre Y Bv San diego",2,1,0,0,1,0,0,,"Avenida",,"VILLA GOBERNADOR GÁLVEZ","Rosario","Asfalto","No existe","II","Dentro","Urbana","Ninguna","No existe","Recta","Otro","Buena","Diurna","Buen Tiempo","Lateral","S/D","Colisión","Otro","Faltante","Ninguna","Sin restricción"
2014,8853,24/10/2014,"Viernes",0,15:35:00,,"0.0",2,"Automóvil,Bicicleta","San Martin Y Gregorio Donnet",3,1,0,0,2,0,0,,"Calle",,"ESPERANZA","Las Colonias","Asfalto","Pavimento","XI","Dentro","Urbana","Ninguna","No existe","Intersección","Bueno","Buena","Diurna","Buen Tiempo","S/D","S/D","Atropello","S/D","S/D","Línea divisoria pintada","Sin restricción"
2014,8854,15/10/2014,"Miercoles",0,19:45:00,,"0.0",2,"Bicicleta,Automóvil","Catamarca Y Bernardo Houssay",2,1,0,0,1,0,0,,"Calle",,"FUNES","Rosario","Asfalto,Tierra","Natural","II","S/D","Urbana","Ninguna","No existe","Intersección","Bueno","Buena","Atardecer","Buen Tiempo","S/D","S/D","Atropello","S/D","Faltante","Ninguna","Sin restricción"
2014,8855,07/10/2014,"Martes",0,17:50:00,,"0.0",2,"Pickup/Utilitario,Moto/Ciclomotor","Sarmiento Y 25 de Mayo",2,1,0,0,1,0,0,,"Calle",,"SAN CARLOS CENTRO","Las Colonias","Asfalto","Pavimento","XI","S/D","Urbana","Ninguna","No existe","Intersección","Bueno","Buena","Diurna","Buen Tiempo","Lateral","S/D","Colisión","S/D","Vertical","Línea divisoria pintada","Sin restricción"
2014,8856,03/10/2014,"Viernes",0,21:15:00,,"0.0",2,"Moto/Ciclomotor,Automóvil","R P A Janssen 2400",2,1,0,0,1,0,0,,"Calle",,"ESPERANZA","Las Colonias","Asfalto","No existe","XI","Dentro","Urbana","Ninguna","No existe","Intersección","Bueno","Buena","Nocturna","Buen Tiempo","Lateral","S/D","Colisión","S/D","Horizontal,Vertical","Línea divisoria pintada","Sin restricción"
2014,8860,06/10/2014,"Lunes",0,13:10:00,,"0.0",2,"Moto/Ciclomotor,Automóvil","Av Juan Domingo Peron 1800",2,1,0,0,1,0,0,,"Avenida",,"VILLA GOBERNADOR GÁLVEZ","Rosario","Asfalto","No existe","II","Dentro","Urbana","Ninguna","No existe","Recta","Bueno","Buena","Diurna","Buen Tiempo","Lateral","S/D","Colisión","Otro","Faltante","Ninguna","Sin restricción"
2014,8861,12/11/2014,"Miercoles",0,14:40:00,,"0.0",2,"Moto/Ciclomotor,Automóvil","Francisco De Miranda Y Dr.D.Peña",3,2,0,0,1,0,0,,"Calle",,"ROSARIO","Rosario","Asfalto","No existe","II","Dentro","Urbana","Ninguna","No existe","Intersección","Bueno","Buena","Diurna","Buen Tiempo","Lateral","S/D","Colisión","S/D","Faltante","Ninguna","Sin restricción"
2014,8862,04/10/2014,"Sabado",0,15:00:00,,"0.0",2,"Automóvil,Automóvil","Av Gral San Martin 2300",3,1,0,0,2,0,0,,"Avenida",,"VILLA GOBERNADOR GÁLVEZ","Rosario","Asfalto","No existe","II","Dentro","Urbana","Ninguna","No existe","Recta","Bueno","Buena","Diurna","Buen Tiempo","Frontal","S/D","Colisión","Otro","Faltante","Ninguna","Sin restricción"
2014,8863,12/11/2014,"Miercoles",0,14:10:00,,"0.0",2,"Moto/Ciclomotor,Pickup/Utilitario","Av. Irigoyen Y Zelaya",3,2,0,0,1,0,0,,"Calle",,"ROSARIO","Rosario","Asfalto","No existe","II","Dentro","Urbana","Ninguna","No existe","Intersección","Bueno","Buena","Diurna","Buen Tiempo","Lateral","S/D","Colisión","S/D","Vertical","Ninguna","Sin restricción"
2014,8864,02/10/2014,"Jueves",0,23:00:00,,"0.0",2,"Moto/Ciclomotor,Automóvil","Av Juan Domingo Peron Y Fornieles",2,1,0,0,1,0,0,,"S/D",,"VILLA GOBERNADOR GÁLVEZ","Rosario","Asfalto","No existe","II","S/D","S/D","Ninguna","No existe","Recta","Bueno","Buena","Nocturna","Buen Tiempo","Lateral","S/D","Colisión","Otro","Faltante","Ninguna","Sin restricción"
2014,8865,07/10/2014,"Martes",0,19:45:00,"Ruta Provincial 21","0.0",2,"Moto/Ciclomotor,Automóvil"," ",3,2,0,0,1,0,0,,"Ruta",21,"PUEBLO ESTHER","Rosario","Asfalto","Pavimento","II","S/D","Urbana","Ninguna","No existe","Intersección","Bueno","Buena","Con luz artificial","Buen Tiempo","De alcance","S/D","Colisión","Ninguna","Faltante","Línea divisoria pintada","Sin restricción"
2014,8866,12/11/2014,"Miercoles",0,14:15:00,,"0.0",2,"Moto/Ciclomotor,Automóvil","Av. Sorrento ",2,1,0,0,1,0,0,,"Calle",,"ROSARIO","Rosario","Asfalto","No existe","II","Dentro","Urbana","Ninguna","No existe","Recta","Bueno","Buena","Diurna","Buen Tiempo","Lateral","S/D","Colisión","S/D","Faltante","Línea divisoria pintada","Sin restricción"
2014,8867,06/10/2014,"Lunes",1,,,"0.0",2,"Automóvil,Automóvil","Gral Jose de San Martin Y Libertad",2,1,0,0,1,0,0,,"Calle",,"ARROYO SECO","Rosario","Asfalto","No existe","II","Dentro","Urbana","Semáforo","Funciona","Intersección","Bueno","Buena","Diurna","S/D","S/D","S/D","Colisión","S/D","S/D","S/D","Sin restricción"
2014,8868,30/10/2014,"Jueves",0,18:00:00,,"0.0",2,"Bicicleta,Automóvil","Pje. Reclus Y Agustin Alvarez",2,1,0,0,1,0,0,,"Calle",,"ROSARIO","Rosario","Asfalto","No existe","II","Dentro","Urbana","Ninguna","No existe","Intersección","Bueno","Buena","Diurna","Buen Tiempo","Lateral","S/D","Atropello","S/D","Faltante","Ninguna","Sin restricción"
2014,8869,06/11/2014,"Jueves",0,07:20:00,,"0.0",2,"Automóvil,Automóvil","J.J.Paso Y Ferreyra",2,2,0,0,0,0,0,,"Calle",,"ROSARIO","Rosario","Asfalto","S/D","II","Dentro","Urbana","Ninguna","S/D","Intersección","Bueno","S/D","Diurna","Buen Tiempo","Lateral","S/D","Colisión","S/D","Faltante","Cordón divisorio","Sin restricción"
2014,8870,06/10/2014,"Lunes",0,18:15:00,,"0.0",2,"Automóvil,Moto/Ciclomotor","Libertad Y Bernardino Rivadavia",3,2,0,0,1,0,0,,"Calle",,"ARROYO SECO","Rosario","S/D","S/D","II","S/D","Urbana","Ninguna","S/D","Intersección","S/D","S/D","Diurna","Buen Tiempo","S/D","S/D","Colisión","S/D","S/D","Línea divisoria pintada","Sin restricción"
2014,8874,07/05/2014,"Miercoles",0,20:00:00,"Ruta Nacional 9","338.0",2,"Automóvil,Automóvil"," ",2,2,0,0,0,0,0,,"Ruta",9,"SAN JERÓNIMO SUR","San Lorenzo","S/D","S/D","XII","Dentro","Urbana","S/D","S/D","Recta","S/D","S/D","Nocturna","S/D","S/D","S/D","Colisión","S/D","S/D","S/D","S/D"
2014,8878,04/05/2014,"Domingo",0,,"Autopista Provincial Brigadier E.López","11.0",1,"Pickup/Utilitario"," ",1,0,0,0,0,1,0,"-32.791737, -60.743487","Autopista","Brigadier E.López","FRAY LUIS BELTRÁN","San Lorenzo","Asfalto","Pavimento","XVII","S/D","Rural","Ninguna","No existe","Recta","Bueno","S/D","S/D","S/D","S/D","S/D","Vuelco","S/D","Horizontal,Vertical","Vegetación","Sin restricción"
2014,8879,11/05/2014,"Domingo",0,,"Ruta Nacional 168","8.0",2,"Automóvil,Pickup/Utilitario"," ",2,1,0,0,1,0,0,,"Ruta",168,"SANTA FE","La Capital","S/D","S/D","I","Dentro","Urbana","S/D","S/D","Cruce","S/D","S/D","S/D","S/D","Contra objeto fijo","S/D","Colisión","S/D","S/D","S/D","Accidente Previo"
2014,8880,05/05/2014,"Lunes",0,,,"0.0",1,"Otros"," ",1,0,0,0,0,1,0,"-31.606887, -60.715026","S/D",,"SANTA FE","La Capital","S/D","S/D","I","S/D","Urbana","S/D","S/D","S/D","S/D","S/D","S/D","S/D","S/D","S/D","S/D","S/D","S/D","S/D","S/D"
2014,8881,10/05/2014,"Sabado",0,,"Ruta Nacional 33","767.0",1,"Automóvil"," ",1,0,0,0,0,1,0,"-33.018350, -60.913046","Ruta",33,"ZAVALLA","Rosario","Asfalto","Natural","II","S/D","Rural","Ninguna","No existe","Recta","Bueno","S/D","S/D","S/D","S/D","S/D","S/D","S/D","S/D","Línea divisoria pintada","S/D"
2014,8882,13/05/2014,"Martes",0,,,"0.0",1,"Otros"," ",1,0,0,0,0,1,0,"-33.047998, -61.164948","S/D",,"CASILDA","Caseros","S/D","S/D","IV","S/D","Urbana","S/D","S/D","S/D","S/D","S/D","S/D","S/D","S/D","S/D","S/D","S/D","S/D","S/D","S/D"
2014,8884,01/10/2014,"Miercoles",0,18:00:00,,"0.0",2,"Bicicleta,Moto/Ciclomotor","Rosario Y Av la Plata",2,1,0,0,1,0,0,,"S/D",,"VILLA GOBERNADOR GÁLVEZ","Rosario","Asfalto","Pavimento","II","S/D","S/D","Ninguna","No existe","Intersección","Deteriorada","Buena","Atardecer","Buen Tiempo","S/D","S/D","Atropello","Ninguna","Faltante","Ninguna","Sin restricción"
2014,8885,04/10/2014,"Sabado",0,21:00:00,"Ruta Provincial 6","0.0",1,"Moto/Ciclomotor","A Aufranc 000",1,1,0,0,0,0,0,,"Ruta",6,"ESPERANZA","Las Colonias","Asfalto","Natural","XI","Dentro","Urbana","Ninguna","No existe","Intersección","Bueno","Buena","Nocturna,Con luz artificial","Buen Tiempo","S/D","S/D","Caída ocupante","S/D","Vertical","Cordón divisorio","Sin restricción"
2014,8886,15/05/2014,"Jueves",0,15:00:00,"Ruta Nacional 33","705.0",2,"Automóvil,Camión"," ",3,1,0,0,0,2,0,"-33.300349, -61.404847","Ruta",33,"CHABAS","Caseros","Asfalto","Natural","IV","Dentro","Rural","Ninguna","No existe","Recta","Bueno","Buena","Diurna","Buen Tiempo","Frontal","S/D","Colisión","Ninguna","Horizontal,Vertical","Línea divisoria pintada","Sin restricción"
2014,8887,08/10/2014,"Miercoles",0,12:00:00,"Ruta Provincial 70","999.9",2,"Moto/Ciclomotor,Otros","Ruta provincial 70 Y General Manuel Belgrano",4,1,0,0,3,0,0,,"Ruta",70,"ESPERANZA","Las Colonias","Asfalto","No existe","XI","S/D","Urbana","Ninguna","No existe","Intersección","Bueno","Buena","Diurna","Buen Tiempo","Frontal","S/D","Colisión","S/D","Faltante","Ninguna","Sin restricción"
2014,8888,08/10/2014,"Miercoles",0,,,"0.0",2,"Moto/Ciclomotor,Automóvil","Av Filipini Y Lavalle",3,1,0,0,1,0,1,,"S/D",,"VILLA GOBERNADOR GÁLVEZ","Rosario","Asfalto","No existe","II","S/D","Urbana","Ninguna","No existe","Recta","Bueno","Buena","Diurna","Buen Tiempo","Otro","S/D","Colisión","Ninguna","Faltante","Ninguna","Sin restricción"
2014,8889,08/10/2014,"Miercoles",0,21:20:00,,"0.0",2,"Automóvil,Moto/Ciclomotor","Cullen Y Libertad",2,1,1,0,0,0,0,,"Calle",,"ESPERANZA","Las Colonias","Asfalto","No existe","XI","Dentro","Urbana","S/D","No existe","Intersección","Bueno","Buena","Nocturna","Buen Tiempo","S/D","S/D","Colisión","S/D","Faltante","Ninguna","Sin restricción"
2014,8890,04/10/2014,"Sabado",0,22:10:00,,"0.0",2,"Automóvil,Moto/Ciclomotor","Soldado Aguirre Y Bomberos Voluntarios",2,0,0,0,0,0,2,,"Calle",,"VILLA GOBERNADOR GÁLVEZ","Rosario","Asfalto","No existe","II","S/D","Urbana","Ninguna","No existe","Intersección","Bueno","Buena","Nocturna,Con luz artificial","Buen Tiempo","Otro","S/D","Colisión","Ninguna","Faltante","Ninguna","Sin restricción"
2014,8891,03/10/2014,"Viernes",0,18:00:00,,"0.0",2,"Automóvil,Automóvil","Soldado Aguirre Y Av Caferata",3,0,0,0,0,0,3,,"Calle",,"VILLA GOBERNADOR GÁLVEZ","Rosario","Asfalto","No existe","II","S/D","Urbana","Ninguna","No existe","Intersección","Con baches","Buena","Diurna","Buen Tiempo","Otro","S/D","Colisión","Ninguna","Faltante","Cordón divisorio","Sin restricción"
2014,8892,20/05/2014,"Martes",0,13:30:00,"Ruta Provincial 70","51.5",2,"Pickup/Utilitario,Automóvil"," ",3,2,0,0,0,1,0,"-31.245312, -61.210796","Ruta",70,"NUEVO TORINO","Las Colonias","S/D","S/D","XI","S/D","S/D","S/D","S/D","S/D","S/D","S/D","S/D","S/D","Frontal","S/D","Colisión","S/D","S/D","S/D","S/D"
2014,8893,09/10/2014,"Jueves",0,20:00:00,,"0.0",2,"Automóvil,Moto/Ciclomotor","Balcarce Y Bomberos Voluntarios",4,0,0,0,3,0,1,,"Calle",,"VILLA GOBERNADOR GÁLVEZ","Rosario","Asfalto","No existe","II","S/D","Urbana","Ninguna","No existe","Intersección","Bueno","Buena","Nocturna,Con luz artificial","Buen Tiempo","Otro","S/D","Colisión","Ninguna","Faltante","Ninguna","Sin restricción"
2014,8894,08/10/2014,"Miercoles",0,23:06:00,"Ruta Provincial 6","0.0",2,"Automóvil,Moto/Ciclomotor","Ruta provincial 70 ",3,1,0,0,2,0,0,,"Ruta",6,"ESPERANZA","Las Colonias","Asfalto","No existe","XI","Dentro","Urbana","S/D","No existe","Intersección","Bueno","Buena","Nocturna","Buen Tiempo","Lateral","S/D","Colisión","S/D","Horizontal,Vertical","Ninguna","S/D"
2014,8895,20/05/2014,"Martes",0,,,"0.0",1,"Otros"," ",1,0,0,0,0,1,0,"-32.962341, -60.637165","S/D",,"ROSARIO","Rosario","S/D","S/D","II","S/D","Urbana","S/D","S/D","S/D","S/D","S/D","S/D","S/D","S/D","S/D","S/D","S/D","S/D","S/D","S/D"
2014,8896,11/10/2014,"Sabado",0,13:45:00,,"0.0",2,"Moto/Ciclomotor,Automóvil","Soldado Aguirre Y San Nicolas",2,1,0,0,1,0,0,,"Calle",,"VILLA GOBERNADOR GÁLVEZ","Rosario","Asfalto","No existe","II","S/D","Urbana","Ninguna","No existe","Recta","Bueno","Buena","Diurna","Buen Tiempo","Otro","S/D","Colisión","Ninguna","Faltante","Ninguna","Sin restricción"
2014,8897,11/10/2014,"Sabado",0,19:50:00,,"0.0",2,"Automóvil,Moto/Ciclomotor","Av Filipini Y Balcarce",3,2,0,0,0,0,1,,"Calle",,"VILLA GOBERNADOR GÁLVEZ","Rosario","Asfalto","Ripio","II","S/D","Urbana","Ninguna","No existe","Intersección","Bueno","Buena","Nocturna,Con luz artificial","Buen Tiempo","Otro","S/D","Colisión","Ninguna","Faltante","Ninguna","Sin restricción"
2014,8898,13/10/2014,"Lunes",0,19:30:00,,"0.0",2,"Automóvil,Moto/Ciclomotor","Aaron Castellanos Y Gobernador Pujol",4,3,0,0,1,0,0,,"Calle",,"ESPERANZA","Las Colonias","Asfalto","No existe","XI","Dentro","Urbana","Ninguna","No existe","Intersección","Bueno","Buena","Nocturna,Con luz artificial","Buen Tiempo","Lateral","S/D","Colisión","S/D","Vertical","Ninguna","Sin restricción"
2014,8899,10/10/2014,"Viernes",0,07:30:00,,"0.0",2,"Bicicleta,Automóvil","Alberdi Y Belgrano",2,1,0,0,1,0,0,,"Calle",,"VILLA GOBERNADOR GÁLVEZ","Rosario","Asfalto","No existe","II","S/D","Urbana","Ninguna","No existe","Intersección","Bueno","Buena","Diurna","Buen Tiempo","S/D","S/D","Atropello","Ninguna","Faltante","Ninguna","Sin restricción"
2014,8900,15/10/2014,"Miercoles",0,,,"0.0",2,"Otros,Transporte de Pasajeros Larga Distancia (> 8 asientos)","Bv San diego Y P Opicci",3,1,0,0,1,0,1,,"Avenida",,"VILLA GOBERNADOR GÁLVEZ","Rosario","Asfalto","No existe","II","S/D","Urbana","Ninguna","No existe","Recta","Bueno","Buena","S/D","Buen Tiempo","Otro","S/D","Otro","Ninguna","Faltante","Ninguna","Sin restricción"
2014,8901,02/10/2014,"Jueves",0,13:53:00,,"0.0",2,"Moto/Ciclomotor,Automóvil","Cordoba Y Av Juan Domingo Peron",2,1,0,0,1,0,0,,"Avenida",,"VILLA GOBERNADOR GÁLVEZ","Rosario","Asfalto","No existe","II","S/D","S/D","Ninguna","No existe","Recta","Bueno","Buena","Diurna","Buen Tiempo","De alcance","S/D","Colisión","S/D","Faltante","Ninguna","Sin restricción"
2014,8902,22/05/2014,"Jueves",0,,,"0.0",1,"Otros"," ",1,0,0,0,0,1,0,"-32.751520, -60.736728","S/D",,"SAN LORENZO","San Lorenzo","S/D","S/D","XVII","S/D","S/D","S/D","S/D","S/D","S/D","S/D","S/D","S/D","S/D","S/D","S/D","S/D","S/D","S/D","S/D"
2014,8903,18/10/2014,"Sabado",0,18:00:00,,"0.0",2,"Moto/Ciclomotor,Moto/Ciclomotor","Emilio Zola Y Pasteur",2,1,0,0,0,0,1,,"S/D",,"VILLA GOBERNADOR GÁLVEZ","Rosario","Asfalto","No existe","II","S/D","Urbana","Ninguna","No existe","Intersección","Bueno","Buena","Diurna","Buen Tiempo","Otro","S/D","Colisión","Ninguna","Faltante","Ninguna","Sin restricción"
2014,8904,08/10/2014,"Miercoles",0,10:30:00,,"0.0",2,"Pickup/Utilitario,Bicicleta","Bv Kenmis Y Espa±a",2,1,0,0,1,0,0,,"Calle",,"LAS ROSAS","Belgrano","Hormigón","S/D","III","Dentro","Urbana","Paso Peatonal","No existe","Recta","Bueno","Buena","Diurna","Buen Tiempo","S/D","S/D","Atropello","Ninguna","Horizontal","Cordón divisorio","Accidente Previo"
2014,8905,16/10/2014,"Jueves",0,14:50:00,,"0.0",2,"Automóvil,Moto/Ciclomotor","Rafaela Y Gregorio Donnet",4,1,0,0,3,0,0,,"Calle",,"ESPERANZA","Las Colonias","Ripio","No existe","XI","Dentro","Urbana","Ninguna","No existe","Intersección","Bueno","Buena","Diurna","Buen Tiempo","Lateral","S/D","Colisión","S/D","Faltante","Ninguna","Sin restricción"
2014,8906,03/10/2014,"Viernes",0,20:40:00,,"0.0",2,"Bicicleta,Automóvil","Corrientes Y Cervantes",2,1,0,0,1,0,0,,"S/D",,"VILLA GOBERNADOR GÁLVEZ","Rosario","Asfalto","No existe","II","S/D","Urbana","Ninguna","No existe","Recta","Bueno","Reducida","Nocturna","Buen Tiempo","S/D","S/D","Atropello","S/D","Faltante","Ninguna","Sin restricción"
2014,8907,28/10/2014,"Martes",0,18:30:00,,"0.0",2,"Automóvil,Automóvil","Av. Circunvalacion Y Av. Jorge Newbery",3,3,0,0,0,0,0,,"Avenida",,"ROSARIO","Rosario","S/D","S/D","II","Dentro","Urbana","S/D","S/D","Intersección","S/D","S/D","Diurna","S/D","Lateral","S/D","Colisión","S/D","S/D","S/D","S/D"
2014,8908,17/10/2014,"Viernes",0,,,"0.0",2,"Moto/Ciclomotor,Automóvil","Bomberos Voluntarios Y Pje 2",2,1,0,0,0,0,1,,"S/D",,"VILLA GOBERNADOR GÁLVEZ","Rosario","Asfalto","No existe","II","S/D","Urbana","Ninguna","No existe","Recta","Bueno","Buena","S/D","Buen Tiempo","Otro","S/D","Colisión","Ninguna","Faltante","Ninguna","Sin restricción"
2014,8909,21/09/2014,"Domingo",0,03:45:00,,"0.0",1,"Moto/Ciclomotor","Av. Arijon Y Av. Bermudez",1,0,0,0,0,1,0,"-33.002833333333,-60.642555555556","Avenida",,"ROSARIO","Rosario","Asfalto","Pavimento","II","S/D","Urbana","Ninguna","No existe","Recta","Bueno","Reducida","Nocturna","Buen Tiempo","Contra objeto fijo","S/D","Colisión","Ninguna","Horizontal","Cordón divisorio","Sin restricción"
2014,8910,02/10/2014,"Jueves",0,08:30:00,,"0.0",2,"Automóvil,Automóvil","Ing Mosconi Y Avellaneda",2,1,0,0,1,0,0,,"S/D",,"VILLA GOBERNADOR GÁLVEZ","Rosario","Asfalto","No existe","II","S/D","Urbana","Ninguna","No existe","Recta","Bueno","Buena","Diurna","Buen Tiempo","Otro","S/D","Colisión","Ninguna","Faltante","Ninguna","Sin restricción"
2014,8911,18/10/2014,"Sabado",0,12:10:00,,"0.0",2,"Moto/Ciclomotor,Moto/Ciclomotor","Avenida 21 Y Calle 30",2,1,0,0,1,0,0,,"Avenida",,"LAS PAREJAS","Belgrano","Hormigón","Natural","III","Dentro","Urbana","Ninguna","No existe","Intersección","Bueno","Buena","Diurna","Buen Tiempo","Lateral","S/D","Colisión","Ninguna","Faltante","Ninguna","Sin restricción"
2014,8912,12/09/2014,"Viernes",0,16:30:00,,"0.0",2,"Automóvil,Peatón","Av. Arijon Y San Martin",2,1,0,0,1,0,0,,"Avenida",,"ROSARIO","Rosario","Asfalto","Pavimento","II","Dentro","Urbana","Semáforo","Funciona","Recta","Bueno","Buena","Diurna","Buen Tiempo","S/D","S/D","Atropello","Ninguna","Vertical","Cordón divisorio","Sin restricción"
2014,8913,25/10/2014,"Sabado",0,,,"0.0",2,"Bicicleta,Moto/Ciclomotor","J.B.Justo Y Av. Circunvalacion",2,2,0,0,0,0,0,,"Avenida",,"ROSARIO","Rosario","S/D","S/D","II","Dentro","Urbana","S/D","S/D","Intersección","S/D","S/D","S/D","S/D","S/D","S/D","Atropello","S/D","S/D","S/D","S/D"
2014,8914,20/10/2014,"Lunes",0,02:45:00,,"0.0",2,"Automóvil,Moto/Ciclomotor"," ",2,0,1,0,1,0,0,,"Calle",,"ALVEAR","Rosario","Asfalto","Natural","II","Dentro","Rural","Ninguna","No existe","Recta","Bueno","S/D","Nocturna","Buen Tiempo","Lateral","S/D","Colisión","Otro","Vertical","Ninguna","Sin restricción"
2014,8915,01/09/2014,"Lunes",0,07:45:00,,"0.0",2,"Pickup/Utilitario,Moto/Ciclomotor","Cabildo Y Buenos Aires",2,1,0,0,1,0,0,,"Calle",,"ROSARIO","Rosario","Asfalto","Pavimento","II","Dentro","Urbana","Ninguna","No existe","Intersección","Bueno","Buena","Diurna","Otro","Otro","S/D","Colisión","Ninguna","Horizontal","Cordón divisorio","Sin restricción"
2014,8916,19/10/2014,"Domingo",0,21:10:00,"Ruta Nacional 9","10.0",2,"Automóvil,Automóvil"," ",7,6,0,0,1,0,0,,"Ruta",9,"FUNES","Rosario","Asfalto","Pavimento","II","Dentro","Urbana","Ninguna","No existe","Recta","Bueno","Buena","Nocturna,Con luz artificial","Buen Tiempo","De alcance","S/D","Colisión","S/D","S/D","Línea divisoria pintada","Sin restricción"