"anio_acci","nro_acci","fecha","desc_dia","fecha_aprox","hora_aprox","desc_ruta","km","cant_participantes","desc_participante","calle_avenida_km","total","heridos_leves","heridos_graves","heridos_gravisimos","ilesos","fallecidos","sin_datos","posicion_XY","desc_tipo_via","desc_ruta_ori","desc_loc","desc_dpto","desc_tipo_calzada","desc_tipo_banquina","desc_unidad_regional","desc_lugar_calzada","desc_zona","desc_prioridad","desc_estado_semaforo","desc_lugar_via","desc_estado_via","desc_estado_visibilidad","desc_luminosidad","desc_estado_clima","desc_tipo_colision","desc_tipo_atropello","desc_tipo_hecho","desc_pres_calzada","desc_senializacion","desc_separacion_via","desc_restriccion"
2014,8917,30/08/2014,"Sabado",0,12:00:00,,"0.0",2,"Moto/Ciclomotor,Automóvil","Paraguay Y H. Brandoni",2,1,0,0,1,0,0,,"Calle",,"ROSARIO","Rosario","Asfalto","Pavimento","II","Dentro","Urbana","Ninguna","No existe","Recta","Bueno","Buena","Diurna","Otro","Otro","S/D","Colisión","Ninguna","Horizontal","Cordón divisorio","Sin restricción"
2014,8918,15/10/2014,"Miercoles",0,07:45:00,,"0.0",2,"Bicicleta,Automóvil","Avenida 13 Y Calle 12",2,1,0,0,1,0,0,,"Avenida",,"LAS PAREJAS","Belgrano","Hormigón","S/D","III","Dentro","Urbana","Ninguna","No existe","Intersección","Bueno","Buena","Amanecer","Buen Tiempo","S/D","S/D","Atropello","Ninguna","Faltante","Ninguna","Sin restricción"
2014,8920,31/05/2014,"Sabado",0,,,"0.0",1,"Otros"," ",1,0,0,0,0,1,0,"-33.183718, -60.722227","S/D",,"CORONEL DOMINGUEZ","Rosario","S/D","S/D","II","S/D","S/D","S/D","S/D","S/D","S/D","S/D","S/D","S/D","S/D","S/D","S/D","S/D","S/D","S/D","S/D"
2014,8921,31/10/2014,"Viernes",0,,,"0.0",2,"Pickup/Utilitario,Peatón","Nicaragua Y J.J.Paso",2,1,0,0,1,0,0,,"Calle",,"ROSARIO","Rosario","Asfalto","Pavimento","II","Dentro","Urbana","Ninguna","S/D","Recta","Bueno","S/D","S/D","Buen Tiempo","S/D","S/D","Atropello","Otro","Horizontal","Ninguna","Sin restricción"
2014,8922,11/09/2014,"Jueves",0,17:50:00,,"0.0",2,"Automóvil,Moto/Ciclomotor","San Martin Y Leon",3,2,0,0,1,0,0,,"Avenida",,"ROSARIO","Rosario","Asfalto","Pavimento","II","Dentro","Urbana","Ninguna","No existe","Intersección","Bueno","Buena","Atardecer","Otro","Otro","S/D","Colisión","Ninguna","Horizontal","Cordón divisorio","Sin restricción"
2014,8923,14/10/2014,"Martes",0,14:40:00,,"0.0",2,"Automóvil,Automóvil","J.J.Paso Y Chumbicha",5,4,0,0,1,0,0,,"Calle",,"ROSARIO","Rosario","Asfalto","S/D","II","Dentro","Urbana","S/D","No existe","Intersección","Bueno","S/D","Diurna","S/D","Lateral","S/D","Colisión","S/D","S/D","S/D","S/D"
2014,8924,02/06/2014,"Lunes",0,,,"0.0",1,"Otros"," ",1,0,0,0,0,1,0,"-32.964640, -60.704572","S/D",,"ROSARIO","Rosario","S/D","S/D","II","S/D","Urbana","S/D","S/D","S/D","S/D","S/D","Diurna","S/D","S/D","S/D","S/D","S/D","S/D","S/D","S/D"
2014,8925,16/10/2014,"Jueves",0,12:30:00,,"0.0",2,"Automóvil,Moto/Ciclomotor","Avenida 13 1520",2,1,0,0,1,0,0,,"Avenida",,"LAS PAREJAS","Belgrano","Hormigón","Natural","III","Dentro","Urbana","Ninguna","No existe","Recta","Bueno","Buena","Diurna","Buen Tiempo","Lateral","S/D","Colisión","Ninguna","Faltante","Ninguna","Sin restricción"
2014,8926,19/09/2014,"Viernes",0,23:30:00,,"0.0",2,"Moto/Ciclomotor,Peatón","Sadi Carnot 6500",2,1,0,0,1,0,0,,"Calle",,"ROSARIO","Rosario","Asfalto","Pavimento","II","S/D","Urbana","Ninguna","No existe","Recta","Bueno","Reducida","Nocturna","Otro","S/D","S/D","Atropello","S/D","Horizontal","Cordón divisorio","Sin restricción"
2014,8927,20/10/2014,"Lunes",0,18:30:00,"Ruta Provincial 70","0.0",2,"Automóvil,Moto/Ciclomotor","Ruta provincial 70 Y Rafaela",3,2,0,0,1,0,0,,"Ruta",70,"ESPERANZA","Las Colonias","Asfalto,Ripio","S/D","XI","Dentro","Urbana","Ninguna","No existe","Intersección","Bueno","Buena","Diurna","Buen Tiempo","Lateral","S/D","Colisión","S/D","Faltante","Ninguna","Sin restricción"
2014,8928,15/09/2014,"Lunes",0,17:30:00,,"0.0",2,"Otros,Peatón","Bv. Segui Y Av. Ovidio Lagos",2,1,0,0,0,0,1,,"Avenida",,"ROSARIO","Rosario","Asfalto","Pavimento","II","S/D","Urbana","Ninguna","Funciona","Intersección","Bueno","Buena","Diurna","Buen Tiempo","S/D","S/D","Atropello","Ninguna","Vertical","Ninguna","Sin restricción"
2014,8929,10/10/2014,"Viernes",0,15:50:00,"Autopista Nacional Gral. Juan Jose Valle","274.0",2,"Automóvil,Pickup/Utilitario"," ",5,2,0,0,3,0,0,,"Autopista","Gral. Juan Jose Valle","GENERAL LAGOS","Rosario","Asfalto","Natural","II","Dentro","Rural","Ninguna","No existe","Recta","Bueno","Buena","Diurna","Buen Tiempo","De alcance","S/D","Colisión","S/D","Horizontal","Vegetación","Sin restricción"
2014,8930,07/10/2014,"Martes",0,13:50:00,,"0.0",2,"Otros,Tracción animal / Carro","Andreu Y Corrientes",2,1,0,0,1,0,0,,"Calle",,"VILLA GOBERNADOR GÁLVEZ","Rosario","Asfalto","No existe","II","S/D","Urbana","Ninguna","No existe","Recta","S/D","Buena","Diurna","Buen Tiempo","De alcance","S/D","Colisión","Otro","Faltante","Ninguna","Sin restricción"
2014,8931,08/06/2014,"Domingo",0,,"Ruta Nacional 11","421.0",2,"Bicicleta,Otros","Av L de la Torre-Ruta Nac 11 Y Consejal Horacio Gagliano",2,0,0,0,0,1,1,"-31.984805555556,-60.929166666667","Ruta",11,"CORONDA","San Jerónimo","Asfalto","Natural","XV","Dentro","Urbana","Señal Pare","No existe","Intersección","Bueno","S/D","S/D","S/D","S/D","S/D","Atropello","S/D","S/D","Línea divisoria pintada","S/D"
2014,8932,12/09/2014,"Viernes",0,,,"0.0",2,"Otros,Moto/Ciclomotor","Av. Ovidio Lagos Y Gaboto",2,1,0,0,0,0,1,,"Avenida",,"ROSARIO","Rosario","Asfalto","Pavimento","II","S/D","Urbana","Ninguna","No existe","Intersección","Bueno","Buena","Diurna","Buen Tiempo","Lateral","S/D","Colisión","Ninguna","Faltante","Ninguna","Sin restricción"
2014,8933,21/10/2014,"Martes",0,08:45:00,,"0.0",2,"Pickup/Utilitario,Moto/Ciclomotor","General Paz Y 9 de Julio",3,2,0,0,1,0,0,,"Calle",,"ESPERANZA","Las Colonias","Asfalto","No existe","XI","Dentro","Urbana","Ninguna","No existe","Intersección","Bueno","Buena","Diurna","Buen Tiempo","Frontal","S/D","Colisión","S/D","Horizontal,Vertical","Ninguna","Sin restricción"
2014,8934,24/10/2014,"Viernes",0,20:30:00,,"0.0",2,"Bicicleta,Otros","Calle 25 Y Avenida 18",2,0,1,0,0,0,1,,"Avenida",,"LAS PAREJAS","Belgrano","Asfalto","Pavimento","III","Dentro","Urbana","Ninguna","No existe","Cruce","Bueno","Reducida","Nocturna","Buen Tiempo","S/D","S/D","Atropello","Ninguna","Faltante","Cordón divisorio","Sin restricción"
2014,8935,10/10/2014,"Viernes",0,15:50:00,,"0.0",1,"Automóvil","Av Juan Domingo Peron 1300",2,1,0,0,1,0,0,,"S/D",,"VILLA GOBERNADOR GÁLVEZ","Rosario","Asfalto","No existe","II","S/D","Urbana","Ninguna","No existe","Recta","Bueno","Buena","Diurna","Buen Tiempo","S/D","S/D","Vuelco","S/D","Faltante","Ninguna","Sin restricción"
2014,8936,12/09/2014,"Viernes",0,12:00:00,,"0.0",2,"Moto/Ciclomotor,Otros","Av. Francia Y Estado de Israel",2,1,0,0,0,0,1,,"Avenida",,"ROSARIO","Rosario","Asfalto","No existe","II","Dentro","Urbana","Ninguna","No existe","Intersección","Bueno","Buena","Diurna","Buen Tiempo","Lateral","S/D","Colisión","Otro","Faltante","Ninguna","Sin restricción"
2014,8937,24/10/2014,"Viernes",0,22:45:00,,"0.0",1,"Moto/Ciclomotor","Calle 30 Y Avenida 17",3,3,0,0,0,0,0,,"Avenida",,"LAS PAREJAS","Belgrano","Ripio","Pavimento","III","Dentro","Urbana","Ninguna","No existe","Intersección","Bueno","Buena","Nocturna","Buen Tiempo","Lateral","S/D","Colisión","Ninguna","Faltante","Cordón divisorio","Sin restricción"
2014,8938,22/10/2014,"Miercoles",0,10:30:00,,"0.0",2,"Camión,Moto/Ciclomotor","Nicolas Schneider Y Marcos Avellaneda",2,1,0,0,1,0,0,,"Calle",,"ESPERANZA","Las Colonias","Asfalto","No existe","XI","Dentro","Urbana","Ninguna","No existe","Intersección","Bueno","Buena","Diurna","Buen Tiempo","Lateral","S/D","Colisión","S/D","Vertical","Ninguna","Sin restricción"
2014,8939,19/09/2014,"Viernes",0,13:15:00,,"0.0",2,"Moto/Ciclomotor,Automóvil","Av. Arijon 2200",2,1,0,0,1,0,0,,"Avenida",,"ROSARIO","Rosario","Asfalto","No existe","II","Dentro","Urbana","Semáforo","Funciona","Intersección","Bueno","Buena","S/D","Buen Tiempo","Lateral","S/D","Colisión","S/D","Vertical","Cordón divisorio","Sin restricción"
2014,8940,09/09/2014,"Martes",0,20:15:00,,"0.0",2,"Otros,Moto/Ciclomotor","Bv. Avellaneda Y Gaboto",2,1,0,0,0,0,1,,"Avenida",,"ROSARIO","Rosario","Asfalto","No existe","II","S/D","Urbana","Ninguna","No existe","Intersección","Bueno","Buena","Nocturna","Buen Tiempo","Otro","S/D","Colisión","Ninguna","Faltante","Ninguna","Sin restricción"
2014,8941,23/10/2014,"Jueves",0,23:50:00,,"0.0",2,"Moto/Ciclomotor,Pickup/Utilitario","I A Edison Y 17 de Octubre",2,1,0,0,1,0,0,,"Calle",,"VILLA GOBERNADOR GÁLVEZ","Rosario","Asfalto","No existe","II","S/D","Urbana","Ninguna","No existe","Recta","Bueno","Reducida","Nocturna","Buen Tiempo","De alcance","S/D","Colisión","S/D","Faltante","Ninguna","Sin restricción"
2014,8942,07/09/2014,"Domingo",0,20:15:00,,"0.0",2,"Otros,Moto/Ciclomotor","Av. Francia 4700",3,2,0,0,0,0,1,,"Avenida",,"ROSARIO","Rosario","Asfalto","No existe","II","Dentro","Urbana","Ninguna","No existe","Recta","Bueno","Buena","Nocturna","Buen Tiempo","Lateral","S/D","Colisión","Ninguna","Faltante","Ninguna","Sin restricción"
2014,8943,15/09/2014,"Lunes",0,19:30:00,,"0.0",2,"Peatón,Moto/Ciclomotor","Av. Arijon Y Balcarce",2,1,0,0,1,0,0,,"Avenida",,"ROSARIO","Rosario","Asfalto","No existe","II","Dentro","Urbana","Ninguna","No existe","Intersección","Bueno","Buena","Atardecer","Buen Tiempo","S/D","S/D","Atropello","S/D","Faltante","Cordón divisorio","Sin restricción"
2014,8944,10/06/2014,"Martes",0,,,"0.0",1,"Otros"," ",1,0,0,0,0,1,0,"-32.929635, -60.684659","S/D",,"ROSARIO","Rosario","S/D","S/D","II","S/D","Urbana","S/D","S/D","S/D","S/D","S/D","S/D","S/D","S/D","S/D","S/D","S/D","S/D","S/D","S/D"
2014,8945,04/09/2014,"Jueves",0,18:45:00,,"0.0",3,"Peatón,Peatón,Automóvil","Sanchez de Bustamante 2400",3,2,0,0,1,0,0,,"Calle",,"ROSARIO","Rosario","Asfalto","S/D","II","Dentro","Urbana","Ninguna","No existe","Intersección","Bueno","Buena","Atardecer","Buen Tiempo","S/D","S/D","Atropello","S/D","Faltante","Ninguna","Sin restricción"
2014,8946,10/06/2014,"Martes",0,,,"0.0",1,"Otros"," ",1,0,0,0,0,1,0,"-32.367096, -61.349847","S/D",,"SAN GENARO","San Jerónimo","S/D","S/D","XV","S/D","Urbana","S/D","S/D","S/D","S/D","S/D","S/D","S/D","S/D","S/D","S/D","S/D","S/D","S/D","S/D"
2014,8947,01/09/2014,"Lunes",0,16:00:00,,"0.0",2,"Moto/Ciclomotor,Automóvil","Dorrego Y Piedras",2,1,0,0,1,0,0,,"Calle",,"ROSARIO","Rosario","Asfalto","S/D","II","S/D","Urbana","Ninguna","No existe","Intersección","Bueno","Buena","Atardecer","Buen Tiempo","Lateral","S/D","Colisión","S/D","Faltante","Ninguna","Sin restricción"
2014,8948,12/09/2014,"Viernes",0,08:00:00,,"0.0",2,"Moto/Ciclomotor,Taxi/Remis","Olegario V.Andrade Y Callao",2,1,0,0,1,0,0,,"Calle",,"ROSARIO","Rosario","Asfalto","No existe","II","Dentro","Urbana","Ninguna","No existe","Intersección","Bueno","Buena","Diurna","Buen Tiempo","Lateral","S/D","Colisión","S/D","Faltante","Cordón divisorio","Sin restricción"
2014,8949,05/09/2014,"Viernes",0,19:30:00,,"0.0",2,"Moto/Ciclomotor,Automóvil","Av. Arijon Y Cereseto",3,1,1,0,1,0,0,,"Avenida",,"ROSARIO","Rosario","Asfalto","No existe","II","Dentro","Urbana","Semáforo","Funciona","Intersección","Bueno","Buena","Atardecer","Buen Tiempo","Lateral","S/D","Colisión","S/D","Vertical","Línea divisoria pintada","Sin restricción"
2014,8950,12/06/2014,"Jueves",0,,,"0.0",1,"Otros"," ",1,0,0,0,0,1,0,"-31.624190, -60.710236","S/D",,"SANTA FE","La Capital","S/D","S/D","I","S/D","Urbana","S/D","S/D","S/D","S/D","S/D","S/D","S/D","S/D","S/D","S/D","S/D","S/D","S/D","S/D"
2014,8951,12/09/2014,"Viernes",0,13:00:00,,"0.0",2,"Automóvil,Automóvil","Pje. Casaccia Y Hilarion de la Quintana",2,1,0,0,1,0,0,,"Calle",,"ROSARIO","Rosario","Asfalto","No existe","II","Dentro","Urbana","Ninguna","No existe","Intersección","S/D","Buena","Diurna","Buen Tiempo","Lateral","S/D","Colisión","S/D","Faltante","Cordón divisorio","Sin restricción"
2014,8952,24/10/2014,"Viernes",0,14:30:00,,"0.0",2,"Automóvil,Moto/Ciclomotor","Avenida 18 Y Calle 22",2,1,0,0,1,0,0,,"Avenida",,"LAS PAREJAS","Belgrano","Asfalto","Pavimento","III","Dentro","Urbana","Ninguna","No existe","Rotonda","Bueno","Buena","Diurna","Buen Tiempo","Lateral","S/D","Colisión","Ninguna","Faltante","Cordón divisorio","Sin restricción"
2014,8953,04/09/2014,"Jueves",0,08:00:00,,"0.0",2,"Moto/Ciclomotor,Automóvil","Callao Y Anchorena",2,1,0,0,1,0,0,,"Calle",,"ROSARIO","Rosario","Asfalto","No existe","II","S/D","Urbana","Ninguna","No existe","Intersección","Bueno","Buena","Diurna","Buen Tiempo","Lateral","S/D","Colisión","S/D","Faltante","Cordón divisorio","Sin restricción"
2014,8954,23/10/2014,"Jueves",0,21:25:00,,"0.0",2,"Automóvil,Automóvil","Cullen 1100",2,1,0,0,1,0,0,,"Calle",,"ESPERANZA","Las Colonias","Asfalto","No existe","XI","Dentro","Urbana","Ninguna","No existe","Recta","Bueno","Buena","Nocturna","Buen Tiempo","S/D","S/D","Colisión","S/D","Horizontal","Ninguna","Sin restricción"
2014,8955,15/06/2014,"Domingo",0,20:00:00,"Ruta Nacional 34","5.0",2,"Bicicleta,Automóvil"," ",2,0,0,0,0,1,1,"-31.624190, -60.710236","Ruta",34,"IBARLUCEA","Rosario","Asfalto","Natural","XVII","S/D","Urbana","S/D","No existe","Recta","Bueno","S/D","S/D","S/D","S/D","S/D","Atropello","S/D","Horizontal,Vertical","Línea divisoria pintada","S/D"
2014,8956,14/10/2014,"Martes",0,19:30:00,,"0.0",2,"Automóvil,Automóvil","Gral Jose de San Martin Y Hipolito Irigoyen",2,1,0,0,1,0,0,,"Calle",,"ARROYO SECO","Rosario","Asfalto","No existe","II","Dentro","Urbana","Ninguna","No existe","Intersección","Bueno","Buena","Diurna","Buen Tiempo","S/D","S/D","Colisión","S/D","S/D","Ninguna","Sin restricción"
2014,8957,02/09/2014,"Martes",0,18:15:00,,"0.0",2,"Bicicleta,Moto/Ciclomotor","España Y Piedras",2,1,0,0,1,0,0,,"Calle",,"ROSARIO","Rosario","Asfalto","No existe","II","Dentro","Urbana","Ninguna","No existe","Intersección","Bueno","Buena","Atardecer","Buen Tiempo","S/D","S/D","Atropello","S/D","Faltante","Cordón divisorio","Sin restricción"
2014,8958,11/10/2014,"Sabado",0,21:04:00,,"0.0",2,"Bicicleta,Automóvil","Santa Fe 7600",2,1,0,0,1,0,0,,"Calle",,"ROSARIO","Rosario","Asfalto","Pavimento","II","Dentro","Urbana","Ninguna","No existe","Recta","Bueno","Buena","Nocturna","Buen Tiempo","S/D","S/D","Atropello","Ninguna","Faltante","S/D","Sin restricción"
2014,8959,14/09/2014,"Domingo",0,02:50:00,,"0.0",2,"Moto/Ciclomotor,Automóvil","Padre R. Giaccone Y Mariano Moreno",2,0,1,0,1,0,0,,"Calle",,"ROSARIO","Rosario","Asfalto","No existe","II","Dentro","Urbana","Ninguna","No existe","Intersección","Resbaladiza","Buena","Nocturna","Lluvia","Lateral","S/D","Colisión","Agua","S/D","Cordón divisorio","Sin restricción"
2014,8960,13/10/2014,"Lunes",0,21:20:00,,"0.0",2,"Automóvil,Moto/Ciclomotor","Chubut 7500",2,1,0,0,1,0,0,,"Calle",,"ROSARIO","Rosario","Asfalto","Natural","II","Dentro","Urbana","Ninguna","No existe","S/D","Bueno","Buena","Nocturna","Buen Tiempo","S/D","S/D","Colisión","Ninguna","Faltante","S/D","Sin restricción"
2014,8961,14/09/2014,"Domingo",0,07:20:00,,"0.0",2,"Automóvil,Automóvil","J.M.Gutierrez Y Rodriguez",2,1,0,0,1,0,0,,"Calle",,"ROSARIO","Rosario","Asfalto","No existe","II","Dentro","Urbana","Ninguna","No existe","Intersección","Bueno","Buena","Amanecer","Buen Tiempo","Lateral","S/D","Colisión","S/D","Faltante","Cordón divisorio","Sin restricción"
2014,8962,30/10/2014,"Jueves",0,14:00:00,,"0.0",2,"Moto/Ciclomotor,Otros","Av Juan Domingo Peron Y Bv San diego",2,1,0,0,1,0,0,,"S/D",,"VILLA GOBERNADOR GÁLVEZ","Rosario","Asfalto","No existe","II","S/D","Urbana","Ninguna","No existe","Recta","Bueno","Buena","Diurna","Buen Tiempo","De alcance","S/D","Colisión","S/D","Faltante","Ninguna","Sin restricción"
2014,8963,23/10/2014,"Jueves",0,19:00:00,,"0.0",2,"Automóvil,Camión","Mendoza Y Angel Carranza",2,1,0,0,1,0,0,,"Calle",,"ROSARIO","Rosario","Asfalto","Natural","II","Dentro","Urbana","Ninguna","No existe","S/D","Bueno","Buena","Atardecer","Buen Tiempo","Lateral","S/D","Colisión","S/D","Faltante","S/D","Sin restricción"
2014,8964,23/10/2014,"Jueves",0,00:15:00,,"0.0",2,"Otros,Otros","G Lopez Y 17 de Octubre",2,1,0,0,1,0,0,,"Calle",,"VILLA GOBERNADOR GÁLVEZ","Rosario","Asfalto","No existe","II","S/D","Urbana","Ninguna","No existe","Recta","Bueno","Reducida","Nocturna","Buen Tiempo","De alcance","S/D","Colisión","S/D","Faltante","Ninguna","Sin restricción"
2014,8965,24/10/2014,"Viernes",0,15:20:00,,"0.0",2,"Automóvil,Ambulancia","Brasil Y Mitre",4,3,0,0,1,0,0,,"Calle",,"ROSARIO","Rosario","Asfalto","Natural","II","Dentro","Urbana","Ninguna","No existe","S/D","Bueno","Buena","Diurna","Buen Tiempo","Lateral","S/D","Colisión","Ninguna","Faltante","S/D","Sin restricción"
2014,8966,21/10/2014,"Martes",0,14:45:00,,"0.0",2,"Automóvil,Automóvil","PEDRO ROLANDO  S/D",2,1,0,0,1,0,0,,"Calle",,"LAS PAREJAS","Belgrano","Asfalto","S/D","III","Dentro","Urbana","Ninguna","No existe","Recta","Bueno","Buena","Diurna","Buen Tiempo","De alcance","S/D","Colisión","Ninguna","Faltante","Ninguna","Sin restricción"
2014,8967,03/10/2014,"Viernes",0,08:35:00,"Autopista Nacional Rosario -Cordoba","386.0",2,"Camión,Camión"," ",2,1,0,0,1,0,0,,"Autopista","Rosario -Cordoba","ARMSTRONG","Belgrano","Hormigón","Natural","III","S/D","Rural","Ninguna","No existe","Recta","Bueno","Buena","Nocturna","Buen Tiempo","De alcance","S/D","Colisión","Ninguna","S/D","Ninguna","Sin restricción"
2014,8968,03/10/2014,"Viernes",0,06:35:00,"Autopista Nacional Rosario -Cordoba","386.0",2,"Camión,Camión"," ",2,1,0,0,1,0,0,,"Autopista","Rosario -Cordoba","ARMSTRONG","Belgrano","Asfalto","S/D","III","S/D","Rural","Ninguna","No existe","Recta","Bueno","Buena","Diurna","Buen Tiempo","De alcance","S/D","Colisión","Ninguna","S/D","Ninguna","Sin restricción"
2014,8969,12/10/2014,"Domingo",0,21:15:00,"Autopista Nacional Rosario -Cordoba","379.0",2,"Camión,Camión"," ",2,1,0,0,1,0,0,,"Autopista","Rosario -Cordoba","ARMSTRONG","Belgrano","Hormigón","S/D","III","S/D","Rural","Ninguna","No existe","Recta","Bueno","Buena","Nocturna","Buen Tiempo","De alcance","S/D","Colisión","Ninguna","S/D","Ninguna","Sin restricción"
2014,8970,28/10/2014,"Martes",0,11:50:00,,"0.0",2,"Automóvil,Moto/Ciclomotor","Bv Bell Ville Y Dr Ricardo Fischer",2,1,0,0,1,0,0,,"Calle",,"ARMSTRONG","Belgrano","Asfalto","S/D","III","Dentro","Urbana","Ninguna","No existe","Intersección","Bueno","Buena","Diurna","Buen Tiempo","Lateral","S/D","Colisión","Ninguna","S/D","Ninguna","Sin restricción"
2014,8971,05/09/2014,"Viernes",0,14:10:00,,"0.0",2,"Moto/Ciclomotor,Automóvil","Santiago Y Olegario V.Andrade",2,1,0,0,1,0,0,,"Calle",,"ROSARIO","Rosario","Asfalto","No existe","II","Dentro","Urbana","Ninguna","No existe","Intersección","Bueno","Buena","Diurna","Buen Tiempo","Lateral","S/D","Colisión","S/D","S/D","S/D","Sin restricción"
2014,8972,08/09/2014,"Lunes",0,21:30:00,,"0.0",2,"Moto/Ciclomotor,Automóvil","Av. Battle y Ordoñez Y Mariano Moreno",3,1,0,0,2,0,0,,"Avenida",,"ROSARIO","Rosario","Asfalto","No existe","II","Dentro","Urbana","Semáforo","Funciona","Intersección","Bueno","Buena","Nocturna","Buen Tiempo","Lateral","S/D","Colisión","S/D","Vertical","Cordón divisorio","Sin restricción"
2014,8973,11/05/2014,"Domingo",0,12:50:00,"Ruta Nacional A007","0.0",1,"Automóvil","ALTURA BOMBA N&#186; 2 ",1,0,0,0,0,0,1,,"Ruta","A007","SANTA FE","La Capital","S/D","S/D","I","Dentro","Urbana","S/D","S/D","Recta","S/D","S/D","Diurna","S/D","Contra objeto fijo","S/D","Colisión,Despiste","S/D","S/D","S/D","S/D"
2014,8979,16/10/2014,"Jueves",0,21:00:00,,"0.0",2,"Moto/Ciclomotor,Automóvil","Rivarola ",3,2,0,0,1,0,0,,"Calle",,"VILLA CONSTITUCIÓN","Constitución","Asfalto","S/D","VI","Dentro","Urbana","S/D","S/D","Recta","S/D","Buena","Nocturna","Buen Tiempo","Lateral","S/D","Colisión","S/D","S/D","S/D","S/D"
2014,8980,31/10/2014,"Viernes",0,21:00:00,,"0.0",2,"Moto/Ciclomotor,Automóvil","Av Luis Fanti Y Jose Marti",2,0,1,0,1,0,0,,"Avenida",,"RAFAELA","Castellanos","Asfalto","No existe","V","Dentro","Urbana","S/D","No existe","Intersección","Bueno","Reducida","Nocturna","Buen Tiempo","Frontal","S/D","Colisión","S/D","S/D","S/D","S/D"
2014,8981,04/10/2014,"Sabado",0,22:35:00,,"0.0",1,"Moto/Ciclomotor","Bv Velez Sarsfield Y Roca",1,1,0,0,0,0,0,,"Avenida",,"EMPALME VILLA CONSTITUCIÓN","Constitución","Asfalto","Pavimento","VI","Dentro","Urbana","Ninguna","Funciona","Curva","Bueno","Buena","Nocturna,Con luz artificial","Buen Tiempo","S/D","S/D","Caída ocupante","Ninguna","Horizontal,Vertical","Línea divisoria pintada","Sin restricción"
2014,8982,02/10/2014,"Jueves",0,19:15:00,,"0.0",2,"Bicicleta,Automóvil","Calle 15-Patricio Diez Y Calle 32 - Amenabar",3,1,0,0,2,0,0,,"Calle",,"RECONQUISTA","General Obligado","Asfalto","No existe","IX","S/D","Urbana","Ninguna","No existe","Intersección","Bueno","Buena","Atardecer,Con luz artificial","Buen Tiempo","S/D","S/D","Atropello","S/D","Vertical","Cordón divisorio","Sin restricción"
2014,8983,30/10/2014,"Jueves",0,17:05:00,,"0.0",2,"Moto/Ciclomotor,Automóvil","Independencia Y Santa Cruz",2,1,0,0,1,0,0,,"Calle",,"VILLA CONSTITUCIÓN","Constitución","Asfalto","S/D","VI","Dentro","Urbana","S/D","S/D","Intersección","Bueno","Buena","Diurna","S/D","Lateral","S/D","Colisión","S/D","S/D","S/D","S/D"
2014,8984,07/10/2014,"Martes",0,16:55:00,,"0.0",2,"Peatón,Moto/Ciclomotor","Bv Santa Fe 443",2,0,1,0,1,0,0,,"Avenida",,"RAFAELA","Castellanos","S/D","No existe","V","S/D","Urbana","S/D","No existe","Recta","Bueno","Buena","Diurna","S/D","S/D","S/D","Atropello","S/D","S/D","S/D","S/D"
2014,8985,27/10/2014,"Lunes",0,17:50:00,,"0.0",2,"Pickup/Utilitario,Moto/Ciclomotor","12 de Octubre Y Rio Negro",3,2,0,0,1,0,0,,"Calle",,"VILLA CONSTITUCIÓN","Constitución","Asfalto","S/D","VI","Dentro","Urbana","S/D","S/D","Intersección","Bueno","S/D","Diurna","Buen Tiempo","Lateral","S/D","Colisión","S/D","S/D","S/D","S/D"
2014,8986,17/10/2014,"Viernes",0,,,"0.0",2,"Bicicleta,Automóvil","Simon Bolivar Y Presidente Peron",3,2,0,0,1,0,0,,"Calle",,"VILLA CONSTITUCIÓN","Constitución","Asfalto","Pavimento","VI","Dentro","Urbana","S/D","No existe","Intersección","Bueno","Buena","Diurna","Buen Tiempo","S/D","S/D","Atropello","S/D","Faltante","Ninguna","Sin restricción"
2014,8987,02/10/2014,"Jueves",0,16:00:00,,"0.0",2,"Moto/Ciclomotor,Automóvil","Calle 22- 25 de Mayo 957",2,1,0,0,1,0,0,,"Calle",,"RECONQUISTA","General Obligado","Asfalto","Pavimento","IX","Dentro","Urbana","Ninguna","No existe","Recta","Bueno","Buena","Diurna","Buen Tiempo","Lateral","S/D","Colisión","S/D","Faltante","Cordón divisorio","Sin restricción"
2014,8988,04/10/2014,"Sabado",0,10:30:00,,"0.0",2,"Moto/Ciclomotor,Automóvil","Lamadrid Y Maipu",2,1,0,0,1,0,0,,"Calle",,"RAFAELA","Castellanos","Asfalto","S/D","V","S/D","Urbana","S/D","S/D","Intersección","Bueno","Buena","Diurna","S/D","S/D","S/D","Colisión","S/D","S/D","S/D","S/D"
2014,8989,18/10/2014,"Sabado",0,21:50:00,"Ruta Provincial 21","0.0",2,"Moto/Ciclomotor,Automóvil"," ",2,1,0,0,1,0,0,,"Ruta",21,"VILLA CONSTITUCIÓN","Constitución","Asfalto","S/D","VI","Dentro","Urbana","S/D","S/D","Recta","Bueno","Buena","Nocturna","Buen Tiempo","Lateral","S/D","Colisión","S/D","S/D","S/D","S/D"