"anio_acci","nro_acci","fecha","desc_dia","fecha_aprox","hora_aprox","desc_ruta","km","cant_participantes","desc_participante","calle_avenida_km","total","heridos_leves","heridos_graves","heridos_gravisimos","ilesos","fallecidos","sin_datos","posicion_XY","desc_tipo_via","desc_ruta_ori","desc_loc","desc_dpto","desc_tipo_calzada","desc_tipo_banquina","desc_unidad_regional","desc_lugar_calzada","desc_zona","desc_prioridad","desc_estado_semaforo","desc_lugar_via","desc_estado_via","desc_estado_visibilidad","desc_luminosidad","desc_estado_clima","desc_tipo_colision","desc_tipo_atropello","desc_tipo_hecho","desc_pres_calzada","desc_senializacion","desc_separacion_via","desc_restriccion"
2014,8990,14/10/2014,"Martes",0,22:55:00,,"0.0",2,"Moto/Ciclomotor,Moto/Ciclomotor","San Martin Y Tierra del Fuego",2,2,0,0,0,0,0,,"Calle",,"VILLA CONSTITUCIÓN","Constitución","Asfalto","S/D","VI","S/D","Urbana","S/D","S/D","Intersección","Bueno","Buena","Nocturna","Buen Tiempo","Frontal","S/D","Colisión","S/D","S/D","S/D","S/D"
2014,8991,17/10/2014,"Viernes",0,21:50:00,,"0.0",2,"Automóvil,Moto/Ciclomotor","Mosconi Y Moreno",2,1,0,0,1,0,0,,"Calle",,"VILLA CONSTITUCIÓN","Constitución","Asfalto","S/D","VI","Dentro","Urbana","S/D","S/D","Intersección","Bueno","Buena","Nocturna","Buen Tiempo","Lateral","S/D","Colisión","S/D","S/D","S/D","S/D"
2014,8992,05/10/2014,"Domingo",0,08:15:00,"Ruta Provincial 13","108.0",1,"Automóvil","Ruta Provincial Nro 13 108",1,0,1,0,0,0,0,,"Ruta",13,"MARIA JUANA","Castellanos","Asfalto","S/D","V","S/D","Rural","S/D","S/D","Recta","S/D","Reducida","Diurna","S/D","S/D","S/D","Despiste","S/D","S/D","S/D","S/D"
2014,8993,08/10/2014,"Miercoles",0,12:15:00,"Ruta Nacional 11","788.0",2,"Moto/Ciclomotor,Automóvil"," ",3,0,1,0,2,0,0,,"Ruta",11,"RECONQUISTA","General Obligado","Hormigón","Pavimento","IX","Dentro","Urbana","Ninguna","No existe","Recta","Bueno","Buena","Diurna","Buen Tiempo","Otro","S/D","Colisión","S/D","Faltante","Cordón divisorio","Sin restricción"
2014,8994,10/10/2014,"Viernes",0,22:30:00,,"0.0",2,"Moto/Ciclomotor,Automóvil","Oroño Y D Izarra",4,4,0,0,0,0,0,,"Calle",,"VILLA CONSTITUCIÓN","Constitución","Asfalto","S/D","VI","Dentro","Urbana","S/D","S/D","Intersección","S/D","Buena","Nocturna","Buen Tiempo","Frontal","S/D","Colisión","S/D","S/D","S/D","S/D"
2014,8995,10/10/2014,"Viernes",0,,,"0.0",2,"Moto/Ciclomotor,Automóvil","SAAVEDRA Y CHAPUY",2,1,0,0,1,0,0,,"Calle",,"VILLA CONSTITUCIÓN","Constitución","Asfalto","S/D","VI","Dentro","Urbana","Semáforo","Funciona","Intersección","Bueno","S/D","S/D","Buen Tiempo","Lateral","S/D","Colisión","Ninguna","Vertical","Ninguna","Sin restricción"
2014,8996,03/10/2014,"Viernes",0,19:10:00,,"0.0",1,"Moto/Ciclomotor","Eloy Gaitan Y E Poggi",1,0,1,0,0,0,0,,"Calle",,"RAFAELA","Castellanos","Asfalto","S/D","V","S/D","Urbana","S/D","S/D","Intersección","Bueno","Buena","Nocturna","S/D","Atropello animal","S/D","Colisión","S/D","S/D","S/D","S/D"
2014,8997,17/10/2014,"Viernes",0,,,"0.0",2,"Automóvil,Moto/Ciclomotor"," ",2,1,0,0,1,0,0,,"Calle",,"VILLA CONSTITUCIÓN","Constitución","S/D","S/D","VI","Dentro","Urbana","S/D","S/D","S/D","S/D","Buena","Diurna","Buen Tiempo","Frontal","S/D","Colisión","S/D","S/D","S/D","S/D"
2014,8998,31/10/2014,"Viernes",0,14:00:00,"Ruta Nacional 34","0.0",2,"Automóvil,Camión","Ruta Nac 34 Gral Guemes Y Velez Sarfield",3,2,0,0,1,0,0,,"Ruta",34,"RAFAELA","Castellanos","Hormigón","S/D","V","Dentro","Urbana","S/D","Funciona","Intersección","S/D","S/D","Diurna","Lluvia","S/D","S/D","Colisión","Agua","S/D","S/D","S/D"
2014,8999,03/10/2014,"Viernes",0,10:30:00,,"0.0",2,"Moto/Ciclomotor,Automóvil","3 de Febrero Y Av Doctor E Salva",2,2,0,0,0,0,0,,"Avenida",,"RAFAELA","Castellanos","Asfalto","No existe","V","S/D","Urbana","S/D","No existe","Intersección","Resbaladiza","Reducida","Diurna","Lluvia","Frontal","S/D","Colisión","Agua","S/D","S/D","S/D"
2014,9000,08/10/2014,"Miercoles",0,,,"0.0",2,"Moto/Ciclomotor,Automóvil","Presidente Peron Y Simon Bolivar",2,1,0,0,1,0,0,,"Calle",,"VILLA CONSTITUCIÓN","Constitución","Asfalto","Pavimento","VI","Dentro","Urbana","Ninguna","No existe","Intersección","Bueno","Buena","Diurna","Buen Tiempo","Lateral","S/D","Colisión","Ninguna","Faltante","Ninguna","Sin restricción"
2014,9001,15/10/2014,"Miercoles",0,,,"0.0",2,"Bicicleta,Pickup/Utilitario","Sarmiento Y Cordoba",3,2,0,0,1,0,0,,"Calle",,"VILLA CONSTITUCIÓN","Constitución","Hormigón","Pavimento","VI","Dentro","Urbana","Ninguna","No existe","Intersección","Bueno","Buena","Diurna","Buen Tiempo","Frontal","S/D","Atropello","S/D","Faltante","Ninguna","Sin restricción"
2014,9002,11/10/2014,"Sabado",0,04:40:00,,"0.0",2,"Automóvil,Automóvil","Calle 16 Gral Obligado Y Calle 31-Newbery",3,3,0,0,0,0,0,,"Calle",,"RECONQUISTA","General Obligado","Asfalto","Pavimento","IX","Dentro","Urbana","Ninguna","No existe","Intersección","Bueno","Buena","Nocturna,Con luz artificial","Buen Tiempo","Lateral","S/D","Colisión","S/D","Horizontal","Cordón divisorio","Sin restricción"
2014,9003,27/10/2014,"Lunes",0,,,"0.0",2,"Bicicleta,Automóvil","Avelleneda Y Islas Malvinas",2,1,0,0,1,0,0,,"Calle",,"VILLA CONSTITUCIÓN","Constitución","Asfalto","Pavimento","VI","Dentro","Urbana","Ninguna","No existe","Intersección","Bueno","Buena","Diurna","Buen Tiempo","S/D","S/D","Atropello","Ninguna","Faltante","Ninguna","Sin restricción"
2014,9004,02/10/2014,"Jueves",0,08:30:00,,"0.0",2,"Moto/Ciclomotor,Automóvil","Bv Santa Fe Y Estanislao Zeballos",2,1,0,0,1,0,0,,"Avenida",,"RAFAELA","Castellanos","S/D","No existe","V","S/D","Urbana","S/D","No existe","Intersección","Bueno","Buena","Diurna","Buen Tiempo","Frontal","S/D","Colisión","S/D","S/D","S/D","S/D"
2014,9005,15/10/2014,"Miercoles",0,,,"0.0",2,"Moto/Ciclomotor,Pickup/Utilitario","Sarmiento Y Salta",2,1,0,0,1,0,0,,"Calle",,"VILLA CONSTITUCIÓN","Constitución","Asfalto","Pavimento","VI","Dentro","Urbana","Ninguna","No existe","Intersección","S/D","Buena","Diurna","Buen Tiempo","Lateral","S/D","Colisión","S/D","S/D","Ninguna","Sin restricción"
2014,9006,24/10/2014,"Viernes",0,11:05:00,,"0.0",2,"Bicicleta,Automóvil","Calle 15-Patricio Diez Y Calle 30-Lucas Funes",2,0,1,0,1,0,0,,"Calle",,"RECONQUISTA","General Obligado","Asfalto","Natural","IX","Dentro","Urbana","Ninguna","No existe","Intersección","Bueno","Buena","Diurna","Buen Tiempo","S/D","S/D","Atropello","S/D","Horizontal","Cordón divisorio","Sin restricción"
2014,9007,17/10/2014,"Viernes",0,,,"0.0",2,"Moto/Ciclomotor,Automóvil","Saavedra Y Presidente Peron",2,1,0,0,1,0,0,,"Calle",,"VILLA CONSTITUCIÓN","Constitución","Hormigón","Pavimento","VI","Dentro","Urbana","Semáforo","Funciona","Intersección","Bueno","Buena","Diurna","Buen Tiempo","Lateral","S/D","Colisión","S/D","Horizontal","Ninguna","Sin restricción"
2014,9008,01/10/2014,"Miercoles",0,18:00:00,,"0.0",2,"Moto/Ciclomotor,Vehículo Oficial","Av Gral Bartolome Mitre Y Victor Manuel",2,2,0,0,0,0,0,,"Avenida",,"RAFAELA","Castellanos","S/D","No existe","V","S/D","Urbana","S/D","No existe","Intersección","Bueno","Buena","Diurna","Buen Tiempo","Frontal","S/D","Colisión","S/D","S/D","S/D","S/D"
2014,9009,27/10/2014,"Lunes",0,,,"0.0",2,"Moto/Ciclomotor,Automóvil","Saavedra Y Misiones",3,2,0,0,1,0,0,,"Avenida",,"VILLA CONSTITUCIÓN","Constitución","Asfalto","Pavimento","VI","S/D","Urbana","Ninguna","No existe","Intersección","Bueno","Buena","Diurna","Buen Tiempo","Lateral","S/D","Colisión","Ninguna","Faltante","Ninguna","Sin restricción"
2014,9010,25/10/2014,"Sabado",0,12:15:00,,"0.0",2,"Moto/Ciclomotor,Automóvil","Calle 26 - Bolivar Y Calle 23-Gral lopez",3,1,0,0,2,0,0,,"Calle",,"RECONQUISTA","General Obligado","Asfalto","No existe","IX","Dentro","Urbana","Ninguna","No existe","Intersección","Bueno","Buena","Diurna","Buen Tiempo","Lateral","S/D","Colisión","S/D","Horizontal","Cordón divisorio","Sin restricción"
2014,9011,01/10/2014,"Miercoles",0,20:40:00,,"0.0",2,"Moto/Ciclomotor,Automóvil","Av Italia Y M Champagnat",2,1,0,0,1,0,0,,"Avenida",,"RAFAELA","Castellanos","Asfalto","No existe","V","S/D","Urbana","S/D","No existe","Intersección","Bueno","Reducida","Nocturna","Buen Tiempo","Frontal","S/D","Colisión","S/D","S/D","S/D","S/D"
2014,9012,31/10/2014,"Viernes",0,08:00:00,,"0.0",1,"Moto/Ciclomotor","Antonio Podio 680",1,1,0,0,0,0,0,,"Avenida",,"RAFAELA","Castellanos","Hormigón","S/D","V","Dentro","Urbana","S/D","S/D","Recta","S/D","S/D","Diurna","S/D","Atropello animal","S/D","Colisión","S/D","S/D","S/D","S/D"
2014,9013,15/09/2014,"Lunes",0,18:30:00,,"0.0",2,"Moto/Ciclomotor,Automóvil"," ",2,0,1,0,1,0,0,,"Calle",,"SAN VICENTE.","Castellanos","S/D","S/D","V","S/D","Urbana","S/D","S/D","S/D","S/D","S/D","S/D","S/D","Frontal","S/D","Colisión","S/D","S/D","S/D","S/D"
2014,9014,07/10/2014,"Martes",0,19:20:00,,"0.0",2,"Moto/Ciclomotor,Otros","Manuel Dorrego Y Avelleneda",2,0,0,0,0,0,2,,"Avenida",,"VILLA CONSTITUCIÓN","Constitución","Asfalto","S/D","VI","Dentro","Urbana","S/D","S/D","Intersección","Bueno","S/D","Nocturna","Buen Tiempo","Frontal","S/D","Colisión","Ninguna","Vertical","Ninguna","Sin restricción"
2014,9015,10/10/2014,"Viernes",0,17:00:00,,"0.0",2,"Pickup/Utilitario,Bicicleta","Presidente Peron Y 12 de Octubre",2,1,0,0,1,0,0,,"Calle",,"VILLA CONSTITUCIÓN","Constitución","Hormigón","Pavimento","VI","Dentro","Urbana","Ninguna","No existe","Intersección","Bueno","Buena","Diurna","Buen Tiempo","Frontal","S/D","Atropello","S/D","Faltante","Ninguna","Sin restricción"
2014,9016,29/10/2014,"Miercoles",0,21:50:00,"Ruta Nacional 11","0.0",2,"Moto/Ciclomotor,Moto/Ciclomotor","Ruta Nacional 11 Y Calle 139",2,1,0,0,1,0,0,,"Ruta",11,"RECONQUISTA","General Obligado","Asfalto","Natural","IX","Dentro","Urbana","Ninguna","No existe","Recta","Bueno","Reducida","Con luz artificial","Buen Tiempo","Otro","S/D","Colisión","Otro","Faltante","Ninguna","Sin restricción"
2014,9017,29/10/2014,"Miercoles",0,15:30:00,,"0.0",2,"Moto/Ciclomotor,Moto/Ciclomotor","Domingo Silva Y C Bolliger",2,1,1,0,0,0,0,,"Calle",,"RAFAELA","Castellanos","Asfalto","S/D","V","S/D","Urbana","S/D","S/D","Intersección","Bueno","Buena","Diurna","S/D","S/D","S/D","Colisión","S/D","S/D","S/D","S/D"
2014,9018,14/10/2014,"Martes",0,,,"0.0",2,"Moto/Ciclomotor,Automóvil","Saavedra Y Misiones",2,1,0,0,1,0,0,,"Calle",,"VILLA CONSTITUCIÓN","Constitución","Asfalto","Pavimento","VI","Dentro","Urbana","Ninguna","No existe","Intersección","Bueno","Buena","Diurna","Buen Tiempo","Lateral","S/D","Colisión","Ninguna","Faltante","Ninguna","Sin restricción"
2014,9019,30/10/2014,"Jueves",0,12:00:00,,"0.0",2,"Moto/Ciclomotor,Camión","Bv G L Lhemann Y M Champagnat",2,1,0,0,1,0,0,,"Avenida",,"RAFAELA","Castellanos","Hormigón","S/D","V","Dentro","Urbana","S/D","S/D","Intersección","S/D","S/D","Diurna","S/D","S/D","S/D","Colisión","S/D","S/D","S/D","S/D"
2014,9020,13/10/2014,"Lunes",0,19:20:00,,"0.0",2,"Moto/Ciclomotor,Moto/Ciclomotor","Bv Santa Fe 3200",2,1,1,0,0,0,0,,"Calle",,"RAFAELA","Castellanos","Asfalto","S/D","V","Dentro","Urbana","S/D","S/D","Recta","S/D","S/D","S/D","S/D","S/D","S/D","Colisión","S/D","S/D","S/D","S/D"
2014,9021,20/10/2014,"Lunes",0,21:00:00,,"0.0",2,"Moto/Ciclomotor,Pickup/Utilitario","Roca Pte Y Calle 65-Canada",3,2,0,0,1,0,0,,"Calle",,"RECONQUISTA","General Obligado","S/D","No existe","IX","Dentro","Urbana","Ninguna","No existe","Intersección","Bueno","Reducida","Nocturna","Buen Tiempo","Otro","S/D","Colisión","Ninguna","Faltante","Ninguna","Sin restricción"
2014,9022,07/10/2014,"Martes",0,,,"0.0",2,"Moto/Ciclomotor,Otros","Manuel Dorrego Y Avelleneda",2,2,0,0,0,0,0,,"Calle",,"VILLA CONSTITUCIÓN","Constitución","Hormigón","Pavimento","VI","Dentro","Urbana","Ninguna","No existe","Intersección","Otro","Buena","Diurna","Buen Tiempo","Lateral","S/D","Colisión","Ninguna","Faltante","Ninguna","Sin restricción"
2014,9023,04/10/2014,"Sabado",0,18:45:00,,"0.0",2,"Automóvil,Moto/Ciclomotor","CAMINO VIEJO ""HEROES DE MALVINAS"" ",2,1,0,0,1,0,0,,"Calle",,"RECONQUISTA","General Obligado","Hormigón","Natural","IX","Dentro","Urbana","Ninguna","No existe","Recta","Otro","Buena","Nocturna","Buen Tiempo","De alcance","S/D","Colisión","S/D","Faltante","Ninguna","Sin restricción"
2014,9024,12/10/2014,"Domingo",0,01:00:00,,"0.0",2,"Moto/Ciclomotor,Automóvil","E Zeballos Y 1ro de Mayo",2,0,1,0,1,0,0,,"Calle",,"SUNCHALES","Castellanos","S/D","S/D","V","Dentro","Urbana","S/D","S/D","Intersección","S/D","S/D","Nocturna","S/D","Lateral","S/D","Colisión","S/D","S/D","S/D","S/D"
2014,9025,03/11/2014,"Lunes",0,08:30:00,,"0.0",2,"Automóvil,Moto/Ciclomotor","Calle 17-Bartolome Mitre Y Calle 15-Patricio Diez",2,1,0,0,1,0,0,,"Calle",,"RECONQUISTA","General Obligado","Asfalto","No existe","IX","S/D","Urbana","Ninguna","No existe","Intersección","Bueno","Buena","Diurna","Buen Tiempo","Lateral","S/D","Colisión","S/D","Horizontal","Ninguna","Sin restricción"
2014,9026,07/10/2014,"Martes",0,,,"0.0",2,"Moto/Ciclomotor,Automóvil","MORENO Y CHAPUY",2,1,0,0,1,0,0,,"Calle",,"VILLA CONSTITUCIÓN","Constitución","Asfalto","Pavimento","VI","Dentro","Urbana","Ninguna","No existe","Intersección","Bueno","Buena","Diurna","Buen Tiempo","Lateral","S/D","Colisión","Ninguna","Faltante","Ninguna","Sin restricción"
2014,9027,30/10/2014,"Jueves",0,,,"0.0",2,"Automóvil,Moto/Ciclomotor","Sarmiento Y Hipolito Irigoyen",2,1,0,0,0,0,1,,"Calle",,"VILLA CONSTITUCIÓN","Constitución","Hormigón","Pavimento","VI","Dentro","Urbana","Ninguna","No existe","Intersección","Bueno","Buena","Diurna","Buen Tiempo","Lateral","S/D","Colisión","Ninguna","Faltante","Ninguna","Sin restricción"
2014,9028,04/10/2014,"Sabado",0,16:00:00,,"0.0",2,"Moto/Ciclomotor,Automóvil","Calle 7-Sarmiento Y Calle 26 - Bolivar",2,1,0,0,1,0,0,,"Calle",,"RECONQUISTA","General Obligado","Asfalto","No existe","IX","S/D","S/D","Ninguna","No existe","Intersección","Bueno","Buena","Atardecer","Buen Tiempo","De alcance","S/D","Colisión","Otro","Faltante","Ninguna","Sin restricción"
2014,9029,29/10/2014,"Miercoles",0,17:45:00,,"0.0",2,"Moto/Ciclomotor,Peatón","Francia 980",3,2,0,0,1,0,0,,"Calle",,"RAFAELA","Castellanos","Asfalto","S/D","V","S/D","Urbana","S/D","S/D","Recta","Bueno","Buena","Diurna","S/D","S/D","S/D","Atropello","S/D","S/D","S/D","S/D"
2014,9030,06/10/2014,"Lunes",0,,,"0.0",1,"Moto/Ciclomotor","Independencia Y French",1,1,0,0,0,0,0,,"Calle",,"VILLA CONSTITUCIÓN","Constitución","Asfalto","S/D","VI","Dentro","Urbana","S/D","S/D","Intersección","Bueno","S/D","Diurna","S/D","S/D","S/D","Colisión","Ninguna","S/D","Ninguna","Sin restricción"
2014,9031,24/10/2014,"Viernes",0,22:10:00,"Ruta Nacional 11","0.0",2,"Automóvil,Moto/Ciclomotor","Calle 17-Bartolome Mitre Y Ruta Nacional 11",2,1,0,0,1,0,0,,"Ruta",11,"RECONQUISTA","General Obligado","Asfalto","No existe","IX","Dentro","Urbana","Ninguna","No existe","Intersección","Bueno","Buena","Nocturna","Buen Tiempo","Frontal","S/D","Colisión","S/D","Horizontal","Ninguna","S/D"
2014,9032,29/10/2014,"Miercoles",0,,,"0.0",2,"Moto/Ciclomotor,Automóvil","Rivadavia Y Hipolito Irigoyen",2,1,0,0,1,0,0,,"Calle",,"VILLA CONSTITUCIÓN","Constitución","Hormigón","Pavimento","VI","Dentro","Urbana","Ninguna","S/D","Intersección","Bueno","Buena","Diurna","Buen Tiempo","Frontal","S/D","Colisión","Ninguna","Faltante","Ninguna","Sin restricción"
2014,9033,27/10/2014,"Lunes",0,,,"0.0",1,"Moto/Ciclomotor","Saavedra Y Santiago del Estero",1,1,0,0,0,0,0,,"Calle",,"VILLA CONSTITUCIÓN","Constitución","Asfalto","No existe","VI","Dentro","Urbana","Ninguna","S/D","Recta","Bueno","S/D","S/D","Buen Tiempo","S/D","S/D","Despiste","Ninguna","S/D","Ninguna","S/D"
2014,9034,30/10/2014,"Jueves",0,08:30:00,,"0.0",2,"Peatón,Automóvil","Simon Bolivar Y 25 de Mayo",2,1,0,0,1,0,0,,"Calle",,"RAFAELA","Castellanos","S/D","S/D","V","Dentro","Urbana","S/D","S/D","Intersección","S/D","S/D","Diurna","S/D","S/D","S/D","Atropello","S/D","S/D","S/D","S/D"
2014,9036,07/10/2014,"Martes",0,,,"0.0",2,"Moto/Ciclomotor,Pickup/Utilitario","Av Aristobulo del Valle Y P Harrys",2,1,0,0,1,0,0,,"Calle",,"RAFAELA","Castellanos","Asfalto","No existe","V","Dentro","Urbana","S/D","No existe","Intersección","Bueno","S/D","S/D","Buen Tiempo","Frontal","S/D","Colisión","S/D","S/D","S/D","S/D"
2014,9037,09/10/2014,"Jueves",0,11:15:00,,"0.0",2,"Moto/Ciclomotor,Pickup/Utilitario","Italia Y 9 de Julio",2,1,0,0,1,0,0,,"Avenida",,"EMPALME VILLA CONSTITUCIÓN","Constitución","Hormigón","Pavimento","VI","Dentro","Urbana","Ninguna","No existe","Intersección","Con baches","Buena","Diurna","Buen Tiempo","Lateral","S/D","Colisión","Ninguna","Horizontal","Ninguna","Sin restricción"
2014,9038,29/10/2014,"Miercoles",0,12:30:00,,"0.0",2,"Moto/Ciclomotor,Pickup/Utilitario","Lavalle Y Ramon y Cajal",2,0,1,0,1,0,0,,"Calle",,"RAFAELA","Castellanos","Asfalto","S/D","V","S/D","Urbana","S/D","S/D","Intersección","Bueno","Buena","Diurna","S/D","S/D","S/D","Colisión","S/D","S/D","S/D","S/D"
2014,9039,25/10/2014,"Sabado",0,12:00:00,,"0.0",2,"Moto/Ciclomotor,Automóvil","Gobernador Crespo Y America",3,1,1,0,1,0,0,,"Calle",,"RAFAELA","Castellanos","Hormigón","S/D","V","Dentro","Urbana","S/D","S/D","Intersección","S/D","S/D","Diurna","S/D","S/D","S/D","Colisión","S/D","S/D","S/D","S/D"
2014,9040,29/10/2014,"Miercoles",0,22:00:00,,"0.0",1,"Moto/Ciclomotor","B n Donato Y Brasil",1,1,0,0,0,0,0,,"Calle",,"SUNCHALES","Castellanos","Asfalto","S/D","V","S/D","Urbana","S/D","S/D","Intersección","S/D","Buena","Nocturna,Con luz artificial","S/D","S/D","S/D","Despiste","S/D","S/D","S/D","S/D"
2014,9041,19/10/2014,"Domingo",0,23:55:00,"Ruta Provincial 1","0.0",1,"Moto/Ciclomotor"," ",1,1,0,0,0,0,0,,"Ruta",1,"CAMPO DEL MEDIO","Garay","Asfalto","Natural","VII","Dentro","Rural","Ninguna","No existe","Curva","Bueno","Reducida","Nocturna","Buen Tiempo","S/D","S/D","Caída ocupante","Otro","Faltante","Línea divisoria pintada","Sin restricción"
2014,9042,11/10/2014,"Sabado",0,12:00:00,,"0.0",2,"Moto/Ciclomotor,Pickup/Utilitario","Luis Maggi Y 25 de Mayo",2,0,1,0,1,0,0,,"Calle",,"RAFAELA","Castellanos","Asfalto","No existe","V","Dentro","Urbana","S/D","No existe","Intersección","Bueno","Buena","Diurna","Buen Tiempo","Frontal","S/D","Colisión","S/D","S/D","S/D","S/D"
2014,9043,08/10/2014,"Miercoles",0,10:15:00,,"0.0",2,"Pickup/Utilitario,Moto/Ciclomotor","P P Sellares Y Humberto Primero",2,0,1,0,1,0,0,,"Calle",,"HELVECIA","Garay","Asfalto","Pavimento","VII","Dentro","Urbana","Ninguna","No existe","Intersección","Bueno","Buena","Diurna","Buen Tiempo","S/D","S/D","Colisión","S/D","Faltante","Ninguna","Sin restricción"
2014,9044,31/10/2014,"Viernes",0,06:20:00,"Ruta Provincial 1","82.0",2,"Transporte de Pasajeros Larga Distancia (> 8 asientos),Automóvil"," ",3,2,0,0,1,0,0,,"Ruta",1,"CAMPO DEL MEDIO","Garay","Asfalto","Natural","VII","Dentro","Rural","Ninguna","No existe","Recta","Resbaladiza","Reducida","Amanecer","Lluvia","Otro","S/D","Colisión","Agua","Faltante","Línea divisoria pintada","Sin restricción"
2014,9045,07/10/2014,"Martes",0,09:00:00,,"0.0",1,"Moto/Ciclomotor","Suipacha Av Y Juan B Justo",2,1,1,0,0,0,0,,"Calle",,"RAFAELA","Castellanos","Hormigón","S/D","V","Dentro","Urbana","S/D","S/D","Intersección","S/D","S/D","Diurna","S/D","S/D","S/D","Despiste","S/D","S/D","S/D","S/D"
2014,9046,19/10/2014,"Domingo",0,19:10:00,,"0.0",2,"Automóvil,Moto/Ciclomotor","Juan de Garay Y Pedro Leal",4,1,0,0,0,0,3,,"Calle",,"CAYASTA","Garay","Tierra","Natural","VII","Fuera","Urbana","Ninguna","No existe","Otro","Otro","Reducida","Nocturna","Buen Tiempo","Frontal","S/D","Colisión","Otro","Faltante","Ninguna","Sin restricción"
2014,9047,07/10/2014,"Martes",0,08:50:00,,"0.0",2,"Moto/Ciclomotor,Taxi/Remis","Bv Santa Fe Y Av Italia",2,1,0,0,1,0,0,,"Calle",,"RAFAELA","Castellanos","Hormigón","S/D","V","Dentro","Urbana","S/D","S/D","Intersección","S/D","S/D","Diurna","S/D","Lateral","S/D","Colisión","S/D","S/D","S/D","S/D"
2014,9048,28/10/2014,"Martes",0,17:00:00,,"0.0",2,"Moto/Ciclomotor,Camión","A Borlenghi Y Gdor Galvez",2,1,0,0,1,0,0,,"Calle",,"SUNCHALES","Castellanos","Asfalto","S/D","V","S/D","Urbana","S/D","S/D","Intersección","Bueno","Buena","Diurna","S/D","S/D","S/D","Colisión","S/D","S/D","S/D","S/D"
2014,9049,25/10/2014,"Sabado",0,01:00:00,,"0.0",2,"Moto/Ciclomotor,Automóvil","Bv Pte Roca Y Monteaguado",3,2,0,0,1,0,0,,"Calle",,"RAFAELA","Castellanos","Hormigón","S/D","V","Dentro","Urbana","S/D","S/D","Intersección","S/D","S/D","Nocturna","S/D","S/D","S/D","Colisión","S/D","S/D","S/D","S/D"
2014,9050,23/10/2014,"Jueves",0,08:50:00,,"0.0",2,"Automóvil,Automóvil","Senador Dr Armando Antille Y Fray Antonio Rossi",3,3,0,0,0,0,0,,"Calle",,"HELVECIA","Garay","Tierra","Natural","VII","Dentro","Urbana","S/D","No existe","Intersección","Bueno","Buena","Diurna","Buen Tiempo","S/D","S/D","Colisión","S/D","Faltante","Ninguna","Sin restricción"
2014,9051,25/10/2014,"Sabado",0,,,"0.0",2,"Moto/Ciclomotor,Automóvil","Simon Bolivar Y Berutti",3,2,0,0,1,0,0,,"Calle",,"VILLA CONSTITUCIÓN","Constitución","Asfalto","S/D","VI","S/D","Urbana","S/D","S/D","Intersección","Bueno","S/D","S/D","Buen Tiempo","Frontal","S/D","Colisión","Ninguna","Faltante","S/D","Sin restricción"
2014,9052,20/10/2014,"Lunes",0,07:50:00,,"0.0",2,"Pickup/Utilitario,Automóvil","Corrientes Y Gobernador Jose B Iturraspe",2,1,0,0,1,0,0,,"Calle",,"HELVECIA","Garay","Tierra","Natural","VII","Dentro","Urbana","Ninguna","No existe","Intersección","Bueno","Buena","Diurna","Buen Tiempo","S/D","S/D","Colisión","S/D","S/D","Ninguna","Sin restricción"
2014,9053,24/10/2014,"Viernes",0,21:15:00,,"0.0",2,"Moto/Ciclomotor,Pickup/Utilitario","A Rossi 850",2,1,0,0,1,0,0,,"Calle",,"SANTA ROSA DE CALCHINES","Garay","Asfalto","Pavimento","VII","S/D","Urbana","Ninguna","No existe","Recta","Bueno","Buena","Nocturna","Buen Tiempo","Lateral","S/D","Colisión","S/D","Faltante","Ninguna","Sin restricción"
2014,9054,22/10/2014,"Miercoles",0,20:45:00,,"0.0",2,"Automóvil,Automóvil","Calle 51-Rio Negro Y Calle 26 - Bolivar",2,1,0,0,1,0,0,,"Calle",,"RECONQUISTA","General Obligado","S/D","No existe","IX","Dentro","Urbana","S/D","No existe","Intersección","Bueno","Buena","Nocturna","Otro","Lateral","S/D","Colisión","Otro","Faltante","Ninguna","Sin restricción"
2014,9055,24/10/2014,"Viernes",0,13:55:00,,"0.0",2,"Moto/Ciclomotor,Moto/Ciclomotor","A Rossi Y 9 de Julio",2,2,0,0,0,0,0,,"Calle",,"SANTA ROSA DE CALCHINES","Garay","Tierra","Natural","VII","Dentro","Urbana","Ninguna","No existe","Intersección","Bueno","Buena","Diurna","Buen Tiempo","Lateral","S/D","Colisión","S/D","Faltante","Ninguna","Sin restricción"
2014,9056,21/10/2014,"Martes",0,13:30:00,,"0.0",2,"Moto/Ciclomotor,Pickup/Utilitario","Calle 22- 25 de Mayo Y Calle 103",2,1,0,0,1,0,0,,"Calle",,"RECONQUISTA","General Obligado","Tierra","Natural","IX","Dentro","Urbana","Ninguna","No existe","Intersección","Otro","Buena","Diurna","Buen Tiempo","Lateral","S/D","Colisión","Otro","Faltante","Ninguna","Sin restricción"
2014,9057,04/10/2014,"Sabado",0,12:30:00,,"0.0",2,"Bicicleta,Automóvil","Calle 20 9 de Julio ",2,0,1,0,1,0,0,,"Calle",,"RECONQUISTA","General Obligado","Asfalto","No existe","IX","Dentro","Urbana","Ninguna","No existe","Recta","Bueno","Buena","Diurna","Otro","S/D","S/D","Atropello","Otro","Faltante","Ninguna","Sin restricción"
2014,9058,20/10/2014,"Lunes",0,12:30:00,,"0.0",2,"Moto/Ciclomotor,Automóvil","Alvear Y A Alvarez",2,1,0,0,1,0,0,,"Calle",,"RAFAELA","Castellanos","S/D","S/D","V","Dentro","Urbana","S/D","S/D","Intersección","S/D","S/D","Diurna","S/D","S/D","S/D","Colisión","S/D","S/D","S/D","S/D"