"anio_acci","nro_acci","fecha","desc_dia","fecha_aprox","hora_aprox","desc_ruta","km","cant_participantes","desc_participante","calle_avenida_km","total","heridos_leves","heridos_graves","heridos_gravisimos","ilesos","fallecidos","sin_datos","posicion_XY","desc_tipo_via","desc_ruta_ori","desc_loc","desc_dpto","desc_tipo_calzada","desc_tipo_banquina","desc_unidad_regional","desc_lugar_calzada","desc_zona","desc_prioridad","desc_estado_semaforo","desc_lugar_via","desc_estado_via","desc_estado_visibilidad","desc_luminosidad","desc_estado_clima","desc_tipo_colision","desc_tipo_atropello","desc_tipo_hecho","desc_pres_calzada","desc_senializacion","desc_separacion_via","desc_restriccion"
2014,9059,24/10/2014,"Viernes",0,12:00:00,,"0.0",2,"Moto/Ciclomotor,Automóvil","Joaquin V Gonzalez Y Gabriel Maggi",2,0,1,0,1,0,0,,"Calle",,"RAFAELA","Castellanos","Ripio","S/D","V","Dentro","Urbana","S/D","S/D","Intersección","S/D","S/D","Diurna","S/D","S/D","S/D","Colisión","S/D","S/D","S/D","S/D"
2014,9060,31/10/2014,"Viernes",0,21:00:00,,"0.0",2,"Moto/Ciclomotor,Automóvil","Av Irigoyen Y Crespo",3,1,1,0,1,0,0,,"Avenida",,"SUNCHALES","Castellanos","S/D","S/D","V","Dentro","Urbana","S/D","S/D","Intersección","S/D","S/D","Nocturna","S/D","S/D","S/D","Colisión","S/D","S/D","S/D","S/D"
2014,9061,06/10/2014,"Lunes",0,21:30:00,,"0.0",2,"Moto/Ciclomotor,Moto/Ciclomotor","Antonio Podio Y Falucho",3,3,0,0,0,0,0,,"Calle",,"RAFAELA","Castellanos","S/D","S/D","V","Dentro","Urbana","S/D","S/D","Intersección","S/D","S/D","Nocturna","S/D","S/D","S/D","Atropello","S/D","S/D","S/D","S/D"
2014,9062,22/10/2014,"Miercoles",0,20:30:00,,"0.0",1,"Moto/Ciclomotor","CATAMARCA Y ALBERDI",1,0,1,0,0,0,0,,"Calle",,"SAN VICENTE.","Castellanos","S/D","S/D","V","Dentro","Urbana","S/D","S/D","Intersección","S/D","S/D","Nocturna","S/D","S/D","S/D","Despiste","S/D","S/D","S/D","S/D"
2014,9063,17/10/2014,"Viernes",0,09:00:00,,"0.0",1,"Moto/Ciclomotor","Bv Santa Fe Y Sargento Cabral",2,2,0,0,0,0,0,,"Avenida",,"RAFAELA","Castellanos","Asfalto","S/D","V","Dentro","Urbana","S/D","S/D","Intersección","Bueno","Buena","Diurna","S/D","S/D","S/D","Caída ocupante","S/D","S/D","S/D","S/D"
2014,9064,06/10/2014,"Lunes",0,12:00:00,,"0.0",2,"Moto/Ciclomotor,Automóvil","A Alvarez 456",3,2,0,0,1,0,0,,"Calle",,"RAFAELA","Castellanos","Hormigón","S/D","V","Dentro","Urbana","S/D","S/D","Recta","S/D","S/D","Diurna","S/D","Lateral","S/D","Colisión","S/D","S/D","S/D","S/D"
2014,9065,17/10/2014,"Viernes",0,08:00:00,,"0.0",2,"Moto/Ciclomotor,Automóvil","Bv Pte Roca Y A Lincoln",2,1,0,0,1,0,0,,"Avenida",,"RAFAELA","Castellanos","Asfalto","S/D","V","Dentro","Urbana","S/D","S/D","Intersección","Bueno","Buena","Diurna","S/D","S/D","S/D","Colisión","S/D","S/D","S/D","S/D"
2014,9066,06/10/2014,"Lunes",0,19:00:00,,"0.0",2,"Moto/Ciclomotor,Moto/Ciclomotor","Av Italia Y Bv Jaime Ferre",3,3,0,0,0,0,0,,"Calle",,"RAFAELA","Castellanos","Hormigón","S/D","V","Dentro","Urbana","S/D","S/D","Intersección","S/D","S/D","Diurna","S/D","Lateral","S/D","Colisión","S/D","S/D","S/D","S/D"
2014,9067,06/10/2014,"Lunes",0,10:00:00,,"0.0",2,"Moto/Ciclomotor,Automóvil","Arenales Y Bv Pte Roca",2,1,0,0,1,0,0,,"Calle",,"RAFAELA","Castellanos","S/D","S/D","V","Dentro","Urbana","S/D","S/D","Intersección","S/D","S/D","Diurna","S/D","Lateral","S/D","Colisión","S/D","S/D","S/D","S/D"
2014,9068,17/10/2014,"Viernes",0,19:20:00,,"0.0",2,"Bicicleta,Automóvil","Velez Sarfield ",2,1,0,0,1,0,0,,"Calle",,"RAFAELA","Castellanos","Asfalto","S/D","V","Dentro","Urbana","S/D","S/D","Recta","Bueno","Buena","Nocturna,Con luz artificial","S/D","S/D","S/D","Atropello","S/D","S/D","S/D","S/D"
2014,9069,26/10/2014,"Domingo",0,,,"0.0",2,"Moto/Ciclomotor,Automóvil","GUILLERMO BROWN Y EVA PERON",3,1,0,0,2,0,0,,"Calle",,"VILLA CONSTITUCIÓN","Constitución","Asfalto","Pavimento","VI","Dentro","Urbana","Ninguna","No existe","Intersección","Bueno","Buena","Diurna","Buen Tiempo","Lateral","S/D","Colisión","Ninguna","Faltante","Ninguna","Sin restricción"
2014,9070,17/10/2014,"Viernes",0,21:15:00,,"0.0",1,"Moto/Ciclomotor","C Bolliger Y Bv Jaime Ferre",1,0,1,0,0,0,0,,"Calle",,"RAFAELA","Castellanos","Asfalto","S/D","V","S/D","Urbana","S/D","S/D","Intersección","S/D","Buena","Nocturna,Con luz artificial","S/D","Atropello animal","S/D","Colisión","S/D","S/D","S/D","S/D"
2014,9071,18/10/2014,"Sabado",0,,,"0.0",1,"Moto/Ciclomotor","Avelleneda 1456",1,1,0,0,0,0,0,,"Calle",,"VILLA CONSTITUCIÓN","Constitución","Asfalto","Pavimento","VI","Dentro","Urbana","Ninguna","No existe","Recta","Bueno","Buena","Diurna","Buen Tiempo","Contra objeto fijo","S/D","Colisión","Ninguna","Faltante","Ninguna","Sin restricción"
2014,9072,22/10/2014,"Miercoles",0,,,"0.0",2,"Peatón,Bicicleta","Simon Bolivar Y Juan Jose de Urquiza",2,1,0,0,1,0,0,,"Calle",,"VILLA CONSTITUCIÓN","Constitución","S/D","Pavimento","VI","Dentro","Urbana","Ninguna","No existe","Recta","Otro","Buena","Diurna","Buen Tiempo","S/D","S/D","Atropello","Ninguna","Faltante","Ninguna","Sin restricción"
2014,9073,17/10/2014,"Viernes",0,15:20:00,,"0.0",2,"Moto/Ciclomotor,Camión","Luis Maggi Y Ayacucho",2,1,0,0,1,0,0,,"Avenida",,"RAFAELA","Castellanos","Asfalto","S/D","V","Dentro","Urbana","S/D","S/D","Intersección","Bueno","Buena","Diurna","S/D","S/D","S/D","Colisión","S/D","S/D","S/D","S/D"
2014,9074,02/10/2014,"Jueves",0,20:15:00,"Ruta Provincial 21","999.9",1,"Moto/Ciclomotor"," ",1,0,1,0,0,0,0,,"Ruta",21,"VILLA CONSTITUCIÓN","Constitución","Asfalto","Natural","VI","Dentro","Urbana","Ninguna","No existe","Recta","Bueno","Buena","Atardecer,Con luz artificial","Buen Tiempo","S/D","S/D","Caída ocupante","Ninguna","Horizontal,Vertical","Línea divisoria pintada","Sin restricción"
2014,9075,23/10/2014,"Jueves",0,01:45:00,,"0.0",2,"Pickup/Utilitario,Moto/Ciclomotor","San Martin Y 9 de Julio",2,1,0,0,1,0,0,,"Avenida",,"VILLA CONSTITUCIÓN","Constitución","Hormigón","Pavimento","VI","Dentro","Urbana","Ninguna","No existe","Intersección","Con baches","Buena","Nocturna,Con luz artificial","Buen Tiempo","Lateral","S/D","Colisión","Ninguna","Horizontal","Ninguna","Sin restricción"
2014,9076,10/10/2014,"Viernes",0,10:40:00,,"0.0",2,"Moto/Ciclomotor,Otros","Calle 29-Alte Brown ",2,1,0,0,1,0,0,,"Calle",,"RECONQUISTA","General Obligado","Asfalto","Pavimento","IX","Dentro","Urbana","Ninguna","No existe","Recta","Bueno","Buena","Diurna","Buen Tiempo","Frontal","S/D","Colisión","S/D","S/D","Cordón divisorio","Sin restricción"
2014,9077,25/09/2014,"Jueves",0,12:45:00,,"0.0",2,"Moto/Ciclomotor,Moto/Ciclomotor"," ",2,0,1,0,1,0,0,,"Calle",,"ARROYO SECO","Rosario","Asfalto","No existe","II","S/D","Urbana","Ninguna","No existe","Intersección","Bueno","Buena","Diurna","Buen Tiempo","S/D","S/D","Colisión","S/D","S/D","S/D","Sin restricción"
2014,9078,22/10/2014,"Miercoles",0,07:00:00,,"0.0",2,"Automóvil,Bicicleta","TUCUMAN Y BV SANTA FE",2,0,1,0,1,0,0,,"Avenida",,"HUMBERTO 1°","Castellanos","Asfalto","S/D","V","S/D","Urbana","S/D","S/D","Intersección","Bueno","Buena","Diurna","S/D","S/D","S/D","Atropello","S/D","S/D","S/D","S/D"
2014,9079,25/10/2014,"Sabado",0,19:01:00,,"0.0",2,"Automóvil,Peatón","Calderon 8900",2,1,0,0,0,0,1,,"Calle",,"ROSARIO","Rosario","Asfalto","No existe","II","S/D","Urbana","Ninguna","No existe","S/D","Bueno","Buena","Atardecer","Buen Tiempo","S/D","S/D","Atropello","Ninguna","Faltante","S/D","Sin restricción"
2014,9080,30/09/2014,"Martes",1,,,"260.0",2,"Camión,Camión"," ",2,1,0,0,1,0,0,,"S/D",,"FIGHIERA","Rosario","Asfalto","S/D","II","S/D","Urbana","S/D","S/D","Recta","Bueno","S/D","S/D","S/D","S/D","S/D","S/D","S/D","S/D","S/D","S/D"
2014,9081,07/06/2014,"Sabado",0,17:00:00,,"0.0",2,"Bicicleta,Camión","Av Italia Y Av Brasil",2,1,0,0,1,0,0,,"Avenida",,"RAFAELA","Castellanos","Asfalto","S/D","V","S/D","Urbana","S/D","S/D","Intersección","Bueno","Buena","Diurna","S/D","S/D","S/D","Atropello","S/D","S/D","S/D","S/D"
2014,9082,24/10/2014,"Viernes",0,22:30:00,,"0.0",2,"Camión,Moto/Ciclomotor"," ",2,0,0,0,1,0,1,,"Calle",,"RECONQUISTA","General Obligado","Asfalto","Pavimento","IX","Dentro","Urbana","Semáforo","Funciona","Recta","Bueno","Buena","Nocturna","Buen Tiempo","Frontal","S/D","Colisión","S/D","S/D","Cordón divisorio","Sin restricción"
2014,9083,14/10/2014,"Martes",0,07:35:00,,"0.0",2,"Automóvil,Moto/Ciclomotor","Calle 30-Lucas Funes Y Calle 19-Habegger",2,1,0,0,1,0,0,,"Calle",,"RECONQUISTA","General Obligado","Asfalto","S/D","IX","Dentro","Urbana","Ninguna","S/D","Intersección","Bueno","Buena","Diurna","Buen Tiempo","Frontal","S/D","Colisión","S/D","S/D","S/D","S/D"
2014,9084,30/10/2014,"Jueves",0,20:20:00,"Ruta Secundaria 28-s","0.0",2,"Camión,Transporte de Pasajeros Urbano (> 8 asientos)"," ",13,4,2,0,7,0,0,,"Ruta","28-s","MONTES DE OCA","Belgrano","Asfalto","Natural","III","Dentro","Rural","Ninguna","No existe","Recta","Bueno","Buena","Nocturna","Buen Tiempo","Lateral","S/D","Colisión","Ninguna","Faltante","Línea divisoria pintada","Sin restricción"
2014,9085,29/10/2014,"Miercoles",0,19:30:00,,"0.0",2,"Moto/Ciclomotor,Automóvil","S/D ",2,0,1,0,0,0,1,,"Calle",,"RECONQUISTA","General Obligado","Asfalto","No existe","IX","Dentro","Urbana","Ninguna","No existe","Intersección","Bueno","Buena","Diurna","Buen Tiempo","Frontal","S/D","Colisión","S/D","Faltante","Ninguna","Sin restricción"
2014,9086,16/10/2014,"Jueves",0,11:50:00,,"0.0",2,"Moto/Ciclomotor,Pickup/Utilitario","Chiarella 1000",2,0,1,0,1,0,0,,"Calle",,"RAFAELA","Castellanos","Asfalto","S/D","V","S/D","Urbana","S/D","S/D","Recta","Bueno","Buena","Diurna","S/D","S/D","S/D","Colisión","S/D","S/D","S/D","S/D"
2014,9087,09/10/2014,"Jueves",0,11:00:00,"Ruta Nacional 34","261.0",2,"Camión,Camión"," ",3,2,0,0,1,0,0,,"Ruta",34,"SUNCHALES","Castellanos","Hormigón","Natural","V","Dentro","Rural","S/D","S/D","Recta","S/D","Buena","Diurna","Viento Fuerte","Frontal","S/D","Colisión","S/D","S/D","S/D","S/D"
2014,9088,10/11/2014,"Lunes",0,13:40:00,,"0.0",2,"Automóvil,Moto/Ciclomotor","San Telmo 1800",3,1,0,0,0,0,2,,"Calle",,"ROSARIO","Rosario","Asfalto","No existe","II","S/D","Urbana","Ninguna","S/D","Recta","Bueno","S/D","Diurna","Buen Tiempo","Otro","S/D","Colisión","Otro","Faltante","Ninguna","Sin restricción"
2014,9089,03/10/2014,"Viernes",0,22:55:00,,"0.0",2,"Moto/Ciclomotor,Pickup/Utilitario","Ramon y Cajal Y Bv G L Lhemann",2,1,0,0,1,0,0,,"Avenida",,"RAFAELA","Castellanos","Asfalto","S/D","V","S/D","Urbana","S/D","S/D","Intersección","Bueno","Buena","Nocturna,Con luz artificial","S/D","S/D","S/D","Colisión","S/D","S/D","S/D","S/D"
2014,9090,08/10/2014,"Miercoles",0,04:00:00,,"0.0",2,"Bicicleta,Moto/Ciclomotor","España Y Ramon y Cajal",3,1,0,0,2,0,0,,"Calle",,"RAFAELA","Castellanos","Asfalto","No existe","V","Dentro","Urbana","S/D","No existe","Intersección","S/D","Reducida","Nocturna","Buen Tiempo","Frontal","S/D","Atropello","S/D","S/D","S/D","S/D"
2014,9091,19/10/2014,"Domingo",0,12:10:00,"Ruta Nacional 11","0.0",2,"Moto/Ciclomotor,Moto/Ciclomotor","Primera Junta ",2,1,1,0,0,0,0,,"Ruta",11,"FLORENCIA","General Obligado","Asfalto","Ripio","IX","Dentro","Urbana","Ninguna","No existe","Recta","Resbaladiza","Buena","Diurna","Lluvia","Lateral","S/D","Colisión","Agua","S/D","Línea divisoria pintada","Sin restricción"
2014,9093,08/10/2014,"Miercoles",0,02:00:00,,"0.0",2,"Moto/Ciclomotor,Transporte de Pasajeros Urbano (> 8 asientos)","Av Italia Y M Champagnat",2,1,0,0,1,0,0,,"Calle",,"RAFAELA","Castellanos","Asfalto","No existe","V","Dentro","Urbana","S/D","No existe","Intersección","Bueno","Reducida","Nocturna","Buen Tiempo","Frontal","S/D","Colisión","S/D","S/D","S/D","S/D"
2014,9094,04/10/2014,"Sabado",0,20:30:00,,"0.0",2,"Moto/Ciclomotor,Moto/Ciclomotor","Islas Malvinas s/n",3,2,1,0,0,0,0,,"Calle",,"FLORENCIA","General Obligado","Tierra","No existe","IX","Dentro","Rural","Ninguna","No existe","Recta","Bueno","Reducida polvo","Nocturna","Buen Tiempo","Frontal","S/D","Colisión","Otro","Faltante","Ninguna","Sin restricción"
2014,9095,16/10/2014,"Jueves",0,18:15:00,,"0.0",2,"Bicicleta,Automóvil","Bv Santa Fe Y Lavalle",2,1,0,0,1,0,0,,"Avenida",,"RAFAELA","Castellanos","Asfalto","S/D","V","S/D","Urbana","S/D","S/D","Intersección","Bueno","Buena","Atardecer","S/D","S/D","S/D","Atropello","S/D","S/D","S/D","S/D"
2014,9096,03/11/2014,"Lunes",0,07:00:00,"Autopista Provincial Brigadier E.López","1.0",1,"Pickup/Utilitario"," ",3,3,0,0,0,0,0,,"Autopista","Brigadier E.López","ROSARIO","Rosario","Asfalto","Natural","II","S/D","Urbana","Marca Vial","S/D","Recta","S/D","Reducida","Diurna","Lluvia","S/D","S/D","Vuelco","S/D","S/D","Guardarrail","Sin restricción"
2014,9097,18/10/2014,"Sabado",0,21:10:00,"Ruta Nacional 11","0.0",2,"Moto/Ciclomotor,Ambulancia","Calle 47-Islas Malvinas ",3,2,0,0,1,0,0,,"Ruta",11,"RECONQUISTA","General Obligado","Asfalto","Natural","IX","Dentro","Urbana","Ninguna","No existe","Recta","Bueno","Buena","Nocturna","S/D","S/D","S/D","Colisión","S/D","Vertical","Línea divisoria pintada","Sin restricción"
2014,9098,04/10/2014,"Sabado",0,19:00:00,,"0.0",2,"Automóvil,Moto/Ciclomotor","Garzon Y Urquiza",2,1,0,0,1,0,0,,"Calle",,"ROSARIO","Rosario","Asfalto","No existe","II","S/D","Urbana","S/D","No existe","Intersección","S/D","S/D","Nocturna","S/D","Lateral","S/D","Colisión","S/D","Faltante","Ninguna","Sin restricción"
2014,9099,12/11/2014,"Miercoles",0,15:20:00,,"0.0",2,"Moto/Ciclomotor,Automóvil","Av. Irigoyen Y Los Cocos",2,1,0,0,1,0,0,,"Calle",,"ROSARIO","Rosario","Asfalto","No existe","II","S/D","Urbana","S/D","S/D","Recta","S/D","Buena","Diurna","Buen Tiempo","S/D","S/D","Colisión","S/D","S/D","Ninguna","S/D"
2014,9100,08/10/2014,"Miercoles",0,18:20:00,,"0.0",2,"Automóvil,Moto/Ciclomotor","Av. Casiano Casas 1900",4,1,0,0,3,0,0,,"Avenida",,"ROSARIO","Rosario","Asfalto","No existe","II","S/D","Urbana","Ninguna","No existe","Intersección","Bueno","Buena","Diurna","Buen Tiempo","Lateral","S/D","Colisión","Otro","Faltante","Ninguna","Sin restricción"
2014,9101,10/10/2014,"Viernes",0,13:50:00,,"0.0",2,"Automóvil,Pickup/Utilitario","Magallanes Y Junin",2,1,0,0,1,0,0,,"Calle",,"ROSARIO","Rosario","S/D","No existe","II","Dentro","Urbana","Ninguna","No existe","Intersección","S/D","S/D","Diurna","S/D","Lateral","S/D","Colisión","Otro","Faltante","Ninguna","Sin restricción"
2014,9102,18/10/2014,"Sabado",0,05:00:00,,"0.0",2,"Moto/Ciclomotor,Automóvil","CAlle 37-Bvard. lovato ",2,1,0,0,1,0,0,,"Calle",,"RECONQUISTA","General Obligado","Asfalto","No existe","IX","Dentro","Urbana","Semáforo","Funciona","Intersección","Bueno","Buena","Amanecer","S/D","Lateral","S/D","Colisión","S/D","Vertical","Línea divisoria pintada","Sin restricción"
2014,9103,15/10/2014,"Miercoles",0,17:30:00,,"0.0",2,"Moto/Ciclomotor,Automóvil","Velez Sarsfield Y Camilo Aldao",2,1,0,0,1,0,0,,"Calle",,"ROSARIO","Rosario","Asfalto","No existe","II","Dentro","Urbana","Ninguna","No existe","Intersección","S/D","S/D","Diurna","S/D","Lateral","S/D","Colisión","S/D","Faltante","Ninguna","Sin restricción"
2014,9104,02/10/2014,"Jueves",0,11:10:00,,"0.0",2,"Moto/Ciclomotor,Automóvil","PRIMERA JUNTA Y 2 DE ABRIL",2,1,0,0,1,0,0,,"Calle",,"FLORENCIA","General Obligado","Asfalto","No existe","IX","Dentro","Urbana","Ninguna","No existe","Intersección","Bueno","Buena","Diurna","Buen Tiempo","Lateral","S/D","Colisión","S/D","Vertical","Cordón divisorio","Sin restricción"
2014,9105,21/10/2014,"Martes",0,08:15:00,,"0.0",2,"Moto/Ciclomotor,Pickup/Utilitario","Junin Y Pje. Colibri Bis",3,2,0,0,1,0,0,,"Calle",,"ROSARIO","Rosario","S/D","No existe","II","S/D","Urbana","Ninguna","No existe","Intersección","S/D","S/D","Diurna","S/D","Lateral","S/D","Colisión","S/D","S/D","Ninguna","Sin restricción"
2014,9106,15/10/2014,"Miercoles",0,15:00:00,,"0.0",2,"Moto/Ciclomotor,Pickup/Utilitario","Calle 18 - Gral Belgrano Y Calle 63-Gral Urquiza",2,1,0,0,1,0,0,,"Calle",,"RECONQUISTA","General Obligado","Tierra","Natural","IX","Dentro","Urbana","Ninguna","No existe","Intersección","Deteriorada","Buena","Diurna","Buen Tiempo","S/D","S/D","Colisión","S/D","Faltante","Ninguna","Sin restricción"
2014,9107,25/10/2014,"Sabado",0,18:45:00,,"0.0",2,"Automóvil,Moto/Ciclomotor","Molina Y Baigorria",2,2,0,0,0,0,0,,"Calle",,"ROSARIO","Rosario","Asfalto","No existe","II","Dentro","Urbana","Ninguna","No existe","Intersección","Bueno","Buena","Diurna","Buen Tiempo","Lateral","S/D","Colisión","Otro","Faltante","Ninguna","Sin restricción"
2014,9108,22/10/2014,"Miercoles",0,20:14:00,,"0.0",2,"Moto/Ciclomotor,Moto/Ciclomotor","BERNARDIN Y BOTTELLI",2,2,0,0,0,0,0,,"Calle",,"SAN VICENTE.","Castellanos","Asfalto","S/D","V","S/D","Urbana","S/D","S/D","Intersección","S/D","Buena","Nocturna,Con luz artificial","S/D","S/D","S/D","Colisión","S/D","S/D","S/D","S/D"
2014,9109,04/10/2014,"Sabado",0,22:05:00,,"0.0",2,"Moto/Ciclomotor,Automóvil"," ",2,1,0,0,1,0,0,,"Calle",,"RECONQUISTA","General Obligado","Asfalto","Pavimento","IX","Dentro","Urbana","Ninguna","No existe","Intersección","Bueno","Buena","Nocturna,Con luz artificial","Buen Tiempo","Lateral","S/D","Colisión","S/D","Vertical","Cordón divisorio","Sin restricción"
2014,9110,28/07/2014,"Lunes",0,21:50:00,,"0.0",2,"Moto/Ciclomotor,Moto/Ciclomotor","Calle 4-Fray Antonio Rossi ",4,3,1,0,0,0,0,,"Calle",,"RECONQUISTA","General Obligado","Asfalto","Natural","IX","Dentro","Urbana","Ninguna","No existe","Recta","Bueno","Reducida","Nocturna","S/D","Frontal","S/D","Colisión","S/D","Faltante","Ninguna","Sin restricción"
2014,9111,17/10/2014,"Viernes",0,12:30:00,,"0.0",2,"Automóvil,Moto/Ciclomotor","Sarmiento Y E Zeballos",2,1,0,0,1,0,0,,"Avenida",,"SUNCHALES","Castellanos","Asfalto","S/D","V","S/D","Urbana","S/D","S/D","Intersección","Bueno","Buena","Diurna","S/D","S/D","S/D","Colisión","S/D","S/D","S/D","S/D"
2014,9112,09/10/2014,"Jueves",0,19:45:00,,"0.0",2,"Pickup/Utilitario,Moto/Ciclomotor","San Martin Y Saenz Peña",3,0,2,0,1,0,0,,"S/D",,"FIGHIERA","Rosario","Asfalto","No existe","II","S/D","Urbana","Ninguna","No existe","Recta","Bueno","Buena","Diurna","Buen Tiempo","Frontal","S/D","Colisión","Ninguna","Faltante","Ninguna","Sin restricción"
2014,9113,05/10/2014,"Domingo",0,06:05:00,,"0.0",1,"Automóvil"," ",2,1,0,0,1,0,0,,"Calle",,"RECONQUISTA","General Obligado","Asfalto","Pavimento","IX","Dentro","Urbana","Ninguna","No existe","Recta","Bueno","Buena","Nocturna,Con luz artificial","Buen Tiempo","S/D","S/D","Vuelco,Despiste","S/D","Vertical","Cordón divisorio","Sin restricción"
2014,9114,17/10/2014,"Viernes",0,16:40:00,,"0.0",2,"Moto/Ciclomotor,Moto/Ciclomotor","Calle 3 Y Calle 58",2,2,0,0,0,0,0,,"Calle",,"FRONTERA","Castellanos","Asfalto","S/D","V","S/D","Urbana","S/D","S/D","Intersección","S/D","Buena","Diurna","S/D","S/D","S/D","Colisión","S/D","S/D","S/D","S/D"
2014,9115,20/10/2014,"Lunes",0,19:00:00,,"0.0",2,"Automóvil,Moto/Ciclomotor","Medrano Y Herrera",2,1,0,0,1,0,0,,"Calle",,"ROSARIO","Rosario","Asfalto","No existe","II","S/D","Urbana","Ninguna","No existe","Intersección","Bueno","S/D","Diurna","Buen Tiempo","Lateral","S/D","Colisión","Otro","Faltante","Ninguna","Sin restricción"
2014,9116,29/10/2014,"Miercoles",0,08:05:00,,"0.0",2,"Moto/Ciclomotor,Moto/Ciclomotor"," ",2,2,0,0,0,0,0,,"Calle",,"RECONQUISTA","General Obligado","Asfalto","Natural","IX","Dentro","Urbana","Ninguna","No existe","Intersección","Bueno","Buena","Diurna","Buen Tiempo","Lateral","S/D","Colisión","S/D","Vertical","S/D","Sin restricción"
2014,9117,16/10/2014,"Jueves",0,22:00:00,"Ruta Nacional 34","172.0",2,"Automóvil,Camión"," ",2,1,0,0,1,0,0,,"Ruta",34,"SAN VICENTE.","Castellanos","Asfalto","S/D","V","S/D","Rural","S/D","S/D","Recta","Bueno","Buena","Nocturna,Con luz artificial","S/D","S/D","S/D","Colisión","S/D","S/D","S/D","S/D"
2014,9118,17/09/2014,"Miercoles",0,19:00:00,,"0.0",2,"Automóvil,Moto/Ciclomotor","Gral Manuel Belgrano Y Bgdier gral Estanislao Lopez",3,0,1,0,1,0,1,,"Calle",,"ARROYO SECO","Rosario","Asfalto","No existe","II","Dentro","Urbana","Ninguna","No existe","Intersección","Bueno","Buena","Nocturna","Buen Tiempo","Otro","S/D","Colisión","Otro","Faltante","Ninguna","Sin restricción"
2014,9119,16/10/2014,"Jueves",0,02:00:00,,"0.0",2,"Moto/Ciclomotor,Automóvil","CALLE 94 Y CALLE 1",2,1,0,0,1,0,0,,"Calle",,"FRONTERA","Castellanos","Asfalto","S/D","V","S/D","Urbana","S/D","S/D","Intersección","S/D","Buena","Nocturna,Con luz artificial","S/D","S/D","S/D","Colisión","S/D","S/D","S/D","S/D"
2014,9120,11/09/2014,"Jueves",0,05:40:00,,"0.0",2,"Moto/Ciclomotor,Automóvil","Av. Ovidio Lagos Y Camino Nuevo Soldini",2,1,0,0,1,0,0,,"Calle",,"ROSARIO","Rosario","Asfalto","S/D","II","Dentro","Urbana","Semáforo","Funciona","Recta","Con baches","Buena","Amanecer","Buen Tiempo","Lateral","S/D","Colisión","S/D","Horizontal","Cordón divisorio","Sin restricción"
2014,9121,25/10/2014,"Sabado",0,21:00:00,,"0.0",2,"Peatón,Moto/Ciclomotor","Dean Funes Y Fco Ramirez",3,1,1,1,0,0,0,,"Calle",,"RAFAELA","Castellanos","Ripio","S/D","V","S/D","Urbana","S/D","No existe","Intersección","S/D","Reducida","Nocturna","Buen Tiempo","S/D","S/D","Atropello","S/D","S/D","S/D","S/D"
2014,9122,15/10/2014,"Miercoles",0,09:30:00,,"0.0",2,"Moto/Ciclomotor,Automóvil","Roca Pte Y CAlle 37-Bvard. lovato",2,1,0,0,1,0,0,,"Calle",,"RECONQUISTA","General Obligado","Asfalto","Natural","IX","Dentro","Urbana","Ninguna","No existe","Intersección","Bueno","Buena","Diurna","Buen Tiempo","S/D","S/D","Colisión","S/D","Faltante","Cordón divisorio","Sin restricción"
2014,9123,13/10/2014,"Lunes",0,18:40:00,"Autopista Provincial Brigadier E.López","0.0",1,"Moto/Ciclomotor"," ",1,1,0,0,0,0,0,,"Autopista","Brigadier E.López","ROSARIO","Rosario","Asfalto","Natural","II","Dentro","Urbana","Marca Vial","No existe","Intersección","Bueno","Buena","Atardecer","Buen Tiempo","S/D","S/D","Caída ocupante","Ninguna","Horizontal","Guardarrail","Sin restricción"
2014,9124,26/10/2014,"Domingo",0,20:30:00,"Ruta Provincial 13","0.0",2,"Automóvil,Camión","Sarmiento Y Ruta Prov 13",2,1,0,0,1,0,0,,"Ruta",13,"ATALIVA","Castellanos","Asfalto","S/D","V","S/D","Urbana","S/D","S/D","Cruce","S/D","Reducida","Nocturna","Buen Tiempo","Frontal","S/D","Colisión","S/D","S/D","S/D","S/D"
2014,9125,03/09/2014,"Miercoles",0,05:50:00,,"0.0",2,"Moto/Ciclomotor,Automóvil","Av. Ovidio Lagos Y Av. Circunvalacion",2,1,0,0,1,0,0,,"Avenida",,"ROSARIO","Rosario","Asfalto","S/D","II","Dentro","Urbana","Semáforo","Funciona","Recta","Deteriorada","Buena","Amanecer","Buen Tiempo","Lateral","S/D","Colisión","S/D","Horizontal","Barrera de hormigón","Sin restricción"
2014,9126,14/10/2014,"Martes",0,20:35:00,,"784.0",2,"Bicicleta,Moto/Ciclomotor"," ",2,2,0,0,0,0,0,,"Calle",,"RECONQUISTA","General Obligado","Asfalto","Natural","IX","Dentro","Urbana","Otra Señal","No existe","Recta","Bueno","Reducida","Nocturna,Con luz artificial","Buen Tiempo","S/D","S/D","Atropello","S/D","Faltante","Línea divisoria pintada","Sin restricción"
2014,9127,03/09/2014,"Miercoles",0,13:30:00,,"0.0",2,"Automóvil,Camión","Av. Ovidio Lagos Y Av. Battle y Ordoñez",3,1,0,0,2,0,0,,"Avenida",,"ROSARIO","Rosario","Asfalto","S/D","II","Dentro","Urbana","Semáforo","Funciona","Recta","Con baches","Buena","Diurna","S/D","Otro","S/D","Colisión","S/D","Horizontal","Cordón divisorio","Sin restricción"