"anio_acci","nro_acci","fecha","desc_dia","fecha_aprox","hora_aprox","desc_ruta","km","cant_participantes","desc_participante","calle_avenida_km","total","heridos_leves","heridos_graves","heridos_gravisimos","ilesos","fallecidos","sin_datos","posicion_XY","desc_tipo_via","desc_ruta_ori","desc_loc","desc_dpto","desc_tipo_calzada","desc_tipo_banquina","desc_unidad_regional","desc_lugar_calzada","desc_zona","desc_prioridad","desc_estado_semaforo","desc_lugar_via","desc_estado_via","desc_estado_visibilidad","desc_luminosidad","desc_estado_clima","desc_tipo_colision","desc_tipo_atropello","desc_tipo_hecho","desc_pres_calzada","desc_senializacion","desc_separacion_via","desc_restriccion"
2014,9128,19/10/2014,"Domingo",0,20:00:00,,"0.0",2,"Automóvil,Moto/Ciclomotor","Bufano Y Homero Manzi",3,2,0,0,1,0,0,,"Calle",,"ROSARIO","Rosario","Asfalto","No existe","II","S/D","Urbana","Ninguna","No existe","Intersección","S/D","Buena","Nocturna","Buen Tiempo","De alcance,Lateral","S/D","Colisión","Otro","S/D","Ninguna","Sin restricción"
2014,9129,25/10/2014,"Sabado",0,21:00:00,,"0.0",2,"Moto/Ciclomotor,Otros","CALLE 70 Y CALLE 03",2,0,1,0,0,0,1,,"Calle",,"FRONTERA","Castellanos","S/D","S/D","V","S/D","Urbana","S/D","S/D","Intersección","S/D","S/D","Nocturna","Buen Tiempo","Frontal","S/D","Colisión","S/D","S/D","S/D","S/D"
2014,9130,25/09/2014,"Jueves",0,06:20:00,,"0.0",2,"Moto/Ciclomotor,Automóvil","Av. Ovidio Lagos Y Av. Battle y Ordoñez",2,1,0,0,1,0,0,,"Avenida",,"ROSARIO","Rosario","Asfalto","S/D","II","Dentro","Urbana","Semáforo","Funciona","Recta","Con baches","Buena","Amanecer","Buen Tiempo","Lateral","S/D","Colisión","S/D","Vertical","Cordón divisorio","Sin restricción"
2014,9131,14/10/2014,"Martes",0,16:30:00,,"0.0",2,"Bicicleta,Moto/Ciclomotor","Calle 4-Fray Antonio Rossi Y CAlle 37-Bvard. lovato",2,0,1,0,1,0,0,,"Calle",,"RECONQUISTA","General Obligado","Asfalto","Natural","IX","Dentro","Urbana","Ninguna","No existe","Intersección","Bueno","Buena","Diurna","Buen Tiempo","Frontal","S/D","Atropello","S/D","Faltante","Ninguna","Sin restricción"
2014,9132,25/10/2014,"Sabado",0,11:45:00,,"0.0",2,"Moto/Ciclomotor,Moto/Ciclomotor","Av Irigoyen Y Brasil",2,1,0,0,0,0,1,,"Calle",,"SUNCHALES","Castellanos","S/D","S/D","V","S/D","Urbana","Semáforo","Funciona","Intersección","S/D","Buena","Diurna","Buen Tiempo","Lateral","S/D","Colisión","S/D","S/D","S/D","S/D"
2014,9133,23/10/2014,"Jueves",0,16:35:00,,"0.0",2,"Automóvil,Moto/Ciclomotor","Cullen Y Ugarte",3,2,0,0,1,0,0,,"Calle",,"ROSARIO","Rosario","Asfalto","S/D","II","S/D","Urbana","S/D","S/D","Recta","Bueno","S/D","Diurna","Buen Tiempo","S/D","S/D","Colisión","S/D","S/D","S/D","S/D"
2014,9134,09/10/2014,"Jueves",0,11:30:00,,"0.0",2,"Moto/Ciclomotor,Moto/Ciclomotor","Roca Pte 2663",2,1,1,0,0,0,0,,"Calle",,"RECONQUISTA","General Obligado","Asfalto","No existe","IX","Dentro","Urbana","Ninguna","No existe","Recta","Bueno","Buena","Diurna","Buen Tiempo","Frontal","S/D","Colisión","S/D","Faltante","Ninguna","Sin restricción"
2014,9135,01/10/2014,"Miercoles",0,08:30:00,,"0.0",2,"Automóvil,Moto/Ciclomotor"," ",2,1,0,0,1,0,0,,"Calle",,"RECONQUISTA","General Obligado","Asfalto","Pavimento","IX","Dentro","Urbana","Ninguna","No existe","Intersección","Bueno","Buena","Diurna","Buen Tiempo","Lateral","S/D","Colisión","S/D","Vertical","Cordón divisorio","Sin restricción"
2014,9136,13/10/2014,"Lunes",0,21:10:00,,"0.0",2,"Moto/Ciclomotor,Automóvil"," ",3,2,0,0,1,0,0,,"Calle",,"RECONQUISTA","General Obligado","Asfalto","Pavimento","IX","Dentro","Urbana","Ninguna","No existe","Recta","Bueno","Buena","Nocturna,Con luz artificial","Buen Tiempo","Lateral","S/D","Colisión","Ninguna","Vertical","Cordón divisorio","Sin restricción"
2014,9137,07/10/2014,"Martes",0,13:50:00,,"0.0",2,"Pickup/Utilitario,Moto/Ciclomotor","Calle 57-Prof Roberto Roveda ",4,3,0,0,1,0,0,,"Calle",,"RECONQUISTA","General Obligado","S/D","No existe","IX","Dentro","Urbana","S/D","S/D","Intersección","S/D","Buena","Diurna","S/D","S/D","S/D","Colisión","S/D","Faltante","S/D","Sin restricción"
2014,9138,06/10/2014,"Lunes",0,18:00:00,,"0.0",2,"Automóvil,Bicicleta"," ",2,1,0,0,1,0,0,,"Calle",,"RECONQUISTA","General Obligado","Asfalto","S/D","IX","Dentro","Urbana","Ninguna","S/D","Intersección","Bueno","S/D","Diurna","Buen Tiempo","S/D","S/D","Atropello","S/D","Horizontal","Ninguna","Sin restricción"
2014,9139,02/10/2014,"Jueves",0,18:50:00,,"0.0",2,"Moto/Ciclomotor,Automóvil","Calle 4-Fray Antonio Rossi Y Calle 69 Ilia Arturo",3,2,0,0,1,0,0,,"Calle",,"RECONQUISTA","General Obligado","Asfalto","Natural","IX","Dentro","Urbana","S/D","No existe","Intersección","Bueno","Buena","Atardecer","S/D","Lateral","S/D","Colisión","S/D","Faltante","Ninguna","Sin restricción"
2014,9140,07/10/2014,"Martes",0,18:00:00,,"0.0",2,"Moto/Ciclomotor,Pickup/Utilitario","Av. Circunvalacion Y Baigorria",2,0,1,0,1,0,0,,"S/D",,"ROSARIO","Rosario","Asfalto","Natural","II","Dentro","S/D","Otra Señal","No existe","Recta","Otro","Buena","Diurna","Buen Tiempo","Frontal","S/D","Colisión","Ninguna","S/D","Guardarrail","Obra en Construcción"
2014,9141,23/10/2014,"Jueves",0,10:50:00,,"0.0",2,"Pickup/Utilitario,Moto/Ciclomotor"," ",2,1,0,0,1,0,0,,"Calle",,"RECONQUISTA","General Obligado","Asfalto","Pavimento","IX","Dentro","Urbana","Ninguna","No existe","Intersección","Bueno","Buena","Diurna","Buen Tiempo","Lateral","S/D","Colisión","Ninguna","Vertical","Cordón divisorio","Sin restricción"
2014,9142,01/10/2014,"Miercoles",0,13:00:00,,"0.0",2,"Automóvil,Automóvil","Nicolas Laguna Y Grandoli",2,1,0,0,1,0,0,,"Calle",,"ROSARIO","Rosario","Asfalto","Natural","II","Fuera","Urbana","Ninguna","No existe","Intersección","Con baches","Buena","Diurna","Buen Tiempo","Lateral","S/D","Colisión","S/D","Faltante","Ninguna","Sin restricción"
2014,9143,14/10/2014,"Martes",0,,,"0.0",2,"Otros,Peatón"," ",2,1,0,0,1,0,0,,"Calle",,"RECONQUISTA","General Obligado","Tierra","S/D","IX","Dentro","Urbana","S/D","S/D","Recta","Bueno","S/D","Diurna","Buen Tiempo","S/D","S/D","Atropello","S/D","S/D","S/D","S/D"
2014,9144,20/10/2014,"Lunes",0,22:20:00,,"0.0",1,"Moto/Ciclomotor","Comisario Valentin Kaiser Y Hermana Fortunata",1,1,0,0,0,0,0,,"Calle",,"RAFAELA","Castellanos","S/D","S/D","V","S/D","Urbana","S/D","S/D","Intersección","S/D","Reducida","Nocturna","Buen Tiempo","Atropello animal","S/D","Colisión","S/D","S/D","S/D","S/D"
2014,9145,20/10/2014,"Lunes",0,18:00:00,,"0.0",2,"Moto/Ciclomotor,Automóvil","Lainez Y Carlos Pellegrini",3,1,0,0,2,0,0,,"Calle",,"SUNCHALES","Castellanos","S/D","S/D","V","S/D","Urbana","S/D","S/D","Intersección","S/D","Buena","Diurna","Buen Tiempo","Frontal","S/D","Colisión","S/D","S/D","S/D","S/D"
2014,9146,02/10/2014,"Jueves",0,14:30:00,,"0.0",2,"Moto/Ciclomotor,Automóvil","Calle 47-Islas Malvinas 1977",2,1,0,0,1,0,0,,"Calle",,"RECONQUISTA","General Obligado","Asfalto","Pavimento","IX","Dentro","Urbana","Ninguna","No existe","Recta","Bueno","Buena","Diurna","Buen Tiempo","S/D","S/D","Colisión","S/D","Faltante","Ninguna","Sin restricción"
2014,9147,06/10/2014,"Lunes",0,,,"0.0",2,"Moto/Ciclomotor,Peatón","Calle 16 Gral Obligado Y Calle 19-Habegger",2,1,0,0,1,0,0,,"Calle",,"RECONQUISTA","General Obligado","S/D","S/D","IX","Dentro","Urbana","S/D","S/D","Recta","S/D","S/D","S/D","S/D","S/D","S/D","Atropello","S/D","S/D","S/D","S/D"
2014,9148,14/10/2014,"Martes",0,15:30:00,,"0.0",2,"Automóvil,Bicicleta","Calle 12 San Martin Y Calle 13-Iturraspe",2,1,0,0,1,0,0,,"S/D",,"RECONQUISTA","General Obligado","Asfalto","S/D","IX","S/D","S/D","S/D","S/D","Intersección","Bueno","S/D","Diurna","Buen Tiempo","S/D","S/D","Atropello","S/D","S/D","Ninguna","S/D"
2014,9149,20/10/2014,"Lunes",0,10:00:00,,"0.0",2,"Moto/Ciclomotor,Automóvil","Bv Santa Fe Y Pueyrredon",2,0,1,0,1,0,0,,"Avenida",,"RAFAELA","Castellanos","Asfalto","No existe","V","S/D","Urbana","Paso Peatonal","No existe","Intersección","Bueno","Buena","Diurna","Buen Tiempo","Frontal","S/D","Colisión","Ninguna","Horizontal,Vertical","S/D","Sin restricción"
2014,9150,05/10/2014,"Domingo",0,23:15:00,,"0.0",2,"Moto/Ciclomotor,Pickup/Utilitario"," ",2,1,0,0,1,0,0,,"Calle",,"RECONQUISTA","General Obligado","Asfalto","Pavimento","IX","Dentro","Urbana","Ninguna","No existe","Intersección","Bueno","Buena","Nocturna,Con luz artificial","Buen Tiempo","Lateral","S/D","Colisión","Ninguna","Vertical","Cordón divisorio","Sin restricción"
2014,9151,07/10/2014,"Martes",0,19:10:00,,"0.0",2,"Automóvil,Bicicleta","BV IRIGOYEN Y MITRE",2,1,0,0,0,0,1,,"S/D",,"RECONQUISTA","General Obligado","Asfalto","S/D","IX","S/D","Urbana","Ninguna","No existe","Recta","Bueno","S/D","Diurna","Buen Tiempo","S/D","S/D","Atropello","S/D","S/D","Cordón divisorio","Sin restricción"
2014,9152,19/10/2014,"Domingo",0,18:00:00,"Ruta Nacional 19","0.0",2,"Moto/Ciclomotor,Automóvil","RUTA NACIONAL 19 Y RUTA PROVINCIAL 13",2,0,1,0,1,0,0,,"Ruta",19,"ESTACIÓN CLUCELLAS","Castellanos","Hormigón","S/D","V","S/D","Rural","S/D","S/D","Cruce","S/D","Buena","Diurna","Buen Tiempo","Frontal","S/D","Colisión","S/D","S/D","S/D","S/D"
2014,9153,28/10/2014,"Martes",0,10:05:00,,"0.0",2,"Moto/Ciclomotor,Automóvil","Avenida San Martin Y Belgrano",2,1,0,0,1,0,0,,"Calle",,"VILLA OCAMPO","General Obligado","Asfalto","Natural","IX","Dentro","Urbana","Ninguna","No existe","Intersección","Bueno","Buena","Diurna","Buen Tiempo","S/D","S/D","S/D","S/D","Faltante","Línea divisoria pintada","Sin restricción"
2014,9154,20/10/2014,"Lunes",0,17:40:00,,"0.0",2,"Automóvil,Automóvil","Italia Y Corrientes",3,1,0,0,2,0,0,,"Avenida",,"EMPALME VILLA CONSTITUCIÓN","Constitución","Hormigón","Pavimento","VI","Dentro","Urbana","Ninguna","No existe","Intersección","Con baches","Buena","Diurna","Buen Tiempo","Lateral","S/D","Colisión","Ninguna","Horizontal","Ninguna","Sin restricción"
2014,9155,14/10/2014,"Martes",0,20:10:00,,"0.0",2,"Moto/Ciclomotor,Moto/Ciclomotor","Boulevard Ovidio Lagos Y Boulevard Lisandro de la Torre",2,1,0,0,1,0,0,,"Avenida",,"CASILDA","Caseros","Asfalto","Pavimento","IV","Dentro","Urbana","S/D","No existe","Intersección","Bueno","Buena","Nocturna","S/D","S/D","S/D","S/D","Ninguna","S/D","S/D","S/D"
2014,9156,14/10/2014,"Martes",0,01:30:00,,"0.0",2,"Bicicleta,Pickup/Utilitario","Mariano Moreno Y 25 de Mayo",2,1,0,0,1,0,0,,"Calle",,"RAFAELA","Castellanos","S/D","No existe","V","Dentro","Urbana","S/D","No existe","Intersección","Bueno","Buena","Nocturna,Con luz artificial","Buen Tiempo","Frontal","S/D","Atropello","S/D","S/D","S/D","S/D"
2014,9157,14/10/2014,"Martes",0,14:00:00,,"0.0",2,"Moto/Ciclomotor,Pickup/Utilitario","Rivadavia Y J G Artigas",2,1,0,0,1,0,0,,"Calle",,"RAFAELA","Castellanos","Asfalto","No existe","V","Dentro","Urbana","S/D","No existe","Intersección","Bueno","Buena","Diurna","Buen Tiempo","Frontal","S/D","Colisión","S/D","S/D","S/D","S/D"
2014,9158,10/10/2014,"Viernes",0,19:25:00,,"0.0",2,"Automóvil,Peatón","Boulevard Villada Y San Lorenzo",2,1,0,0,1,0,0,,"Avenida",,"CASILDA","Caseros","Asfalto","S/D","IV","Dentro","Urbana","Ninguna","No existe","Recta","Bueno","Buena","Atardecer","Buen Tiempo","S/D","S/D","Atropello","Ninguna","Faltante","Barrera de hormigón","Sin restricción"
2014,9159,27/10/2014,"Lunes",0,03:40:00,"Ruta Provincial 21","0.0",2,"Automóvil,Automóvil","RTA. PROV. 21 Y CATAMARCA",3,2,0,0,1,0,0,,"Ruta",21,"EMPALME VILLA CONSTITUCIÓN","Constitución","Asfalto","Natural","VI","Dentro","Urbana","Ninguna","No existe","Recta","Bueno","Buena","Nocturna,Con luz artificial","Buen Tiempo","Otro","S/D","Colisión","Ninguna","Horizontal,Vertical","Línea divisoria pintada","Sin restricción"
2014,9160,12/10/2014,"Domingo",0,13:30:00,,"0.0",2,"Bicicleta,Moto/Ciclomotor","ITALIA Y JUJUY",4,2,0,0,2,0,0,,"Calle",,"SAN GENARO","San Jerónimo","Asfalto","No existe","XV","Dentro","Urbana","Ninguna","No existe","Intersección","Bueno","Buena","Diurna","Buen Tiempo","S/D","S/D","Atropello","S/D","Faltante","Ninguna","Sin restricción"
2014,9161,11/10/2014,"Sabado",0,02:15:00,,"0.0",2,"Automóvil,Automóvil","Boulevard Ovidio Lagos Y Boulevard Lisandro de la Torre",2,1,0,0,1,0,0,,"Avenida",,"CASILDA","Caseros","Asfalto","Pavimento","IV","Dentro","Urbana","Ninguna","No existe","Intersección","Bueno","Buena","Nocturna","Buen Tiempo","Lateral","S/D","Colisión","Ninguna","S/D","Ninguna","Sin restricción"
2014,9162,18/08/2014,"Lunes",0,16:40:00,,"0.0",2,"Automóvil,Automóvil","Boulevard Lisandro de la Torre Y Maipu",3,1,0,0,2,0,0,,"Avenida",,"CASILDA","Caseros","Asfalto","No existe","IV","S/D","Urbana","Ninguna","No existe","Intersección","Bueno","Buena","Diurna","Buen Tiempo","Otro","S/D","Colisión","Ninguna","Vertical","Cordón divisorio","S/D"
2014,9163,14/10/2014,"Martes",0,08:30:00,,"0.0",2,"Moto/Ciclomotor,Automóvil","Caseros Y Av Roque Saenz Pe±a",2,0,1,0,0,0,1,,"Calle",,"RAFAELA","Castellanos","Asfalto","No existe","V","Dentro","Urbana","S/D","No existe","Intersección","S/D","Buena","Diurna","Buen Tiempo","Frontal","S/D","Colisión","S/D","S/D","S/D","S/D"
2014,9164,13/10/2014,"Lunes",0,08:00:00,,"0.0",2,"Peatón,Automóvil","Moreno 1630",2,0,1,0,1,0,0,,"Calle",,"VILLA OCAMPO","General Obligado","Asfalto","Pavimento","IX","Fuera","Urbana","Ninguna","No existe","Recta","Bueno","Buena","Diurna","Buen Tiempo","De alcance","S/D","Atropello","Otro","Faltante","Ninguna","Sin restricción"
2014,9165,08/10/2014,"Miercoles",0,18:00:00,,"0.0",2,"Moto/Ciclomotor,Camión","Boulevard Ovidio Lagos Y  General Martin Miguel de Guem",3,1,0,0,2,0,0,,"Avenida",,"CASILDA","Caseros","Hormigón","No existe","IV","Dentro","Urbana","Ninguna","No existe","Intersección","Bueno","Buena","Diurna","Buen Tiempo","Lateral","S/D","Colisión","Ninguna","Faltante","Ninguna","Sin restricción"
2014,9166,10/10/2014,"Viernes",0,21:15:00,,"0.0",2,"Moto/Ciclomotor,Automóvil","Boulevard Argentino Y Dante Alighieri",3,1,0,0,2,0,0,,"Calle",,"CASILDA","Caseros","Asfalto","No existe","IV","Dentro","Urbana","Ninguna","No existe","Recta","Bueno","Buena","Nocturna","Buen Tiempo","Lateral","S/D","Colisión","Ninguna","Faltante","Ninguna","Sin restricción"
2014,9167,24/09/2014,"Miercoles",0,02:30:00,,"0.0",2,"Moto/Ciclomotor,Pickup/Utilitario","CORDOBA Y 19 DE SEPTIEMBRE",3,2,0,0,1,0,0,,"Calle",,"SAN GENARO","San Jerónimo","Asfalto","S/D","XV","S/D","Urbana","Ninguna","No existe","Intersección","Bueno","Buena","Nocturna,Con luz artificial","Buen Tiempo","Otro","S/D","Colisión","Ninguna","Faltante","S/D","Sin restricción"
2014,9168,05/10/2014,"Domingo",0,15:00:00,,"0.0",2,"Pickup/Utilitario,Moto/Ciclomotor","San Martin Y Castellanos",2,1,0,0,1,0,0,,"Calle",,"SAN JOSÉ DE LA ESQUINA","Caseros","Asfalto","No existe","IV","Dentro","Urbana","Señal Pare","No existe","Intersección","Bueno","Buena","Diurna","Buen Tiempo","Contra objeto fijo","S/D","Colisión","Ninguna","Horizontal,Vertical","Cordón divisorio","Sin restricción"
2014,9169,14/10/2014,"Martes",0,21:00:00,,"0.0",2,"Moto/Ciclomotor,Camión","Calle 5 ",2,1,0,0,1,0,0,,"Calle",,"RAFAELA","Castellanos","S/D","S/D","V","Dentro","Urbana","S/D","S/D","Intersección","S/D","S/D","Nocturna","Buen Tiempo","Frontal","S/D","Colisión","S/D","S/D","S/D","S/D"
2014,9170,12/10/2014,"Domingo",0,17:40:00,,"0.0",2,"Automóvil,Moto/Ciclomotor","Brigadier Estanialao Lopez Y 2 de Abril",2,1,0,0,1,0,0,,"Calle",,"VILLA OCAMPO","General Obligado","Tierra","Natural","IX","Fuera","Urbana","Ninguna","No existe","Intersección","Con baches","Buena","Diurna","Buen Tiempo","Lateral","S/D","Caída ocupante","Otro","Faltante","Ninguna","Sin restricción"
2014,9171,14/10/2014,"Martes",0,19:40:00,,"0.0",2,"Automóvil,Moto/Ciclomotor","Ayacucho Y  General Martin Miguel de Guem",2,0,1,0,1,0,0,,"Calle",,"CASILDA","Caseros","Asfalto","No existe","IV","Dentro","Urbana","Ninguna","No existe","Intersección","Bueno","Buena","Nocturna","Buen Tiempo","Lateral","S/D","Colisión","Ninguna","Faltante","Ninguna","Sin restricción"
2014,9172,20/10/2014,"Lunes",0,11:20:00,,"0.0",2,"Moto/Ciclomotor,Automóvil","Esquiu Y Avenida San Martin",2,1,0,0,1,0,0,,"Avenida",,"VILLA OCAMPO","General Obligado","Asfalto","Pavimento","IX","Fuera","Urbana","Ninguna","No existe","Intersección","Bueno","Buena","Diurna","Buen Tiempo","Lateral","S/D","Colisión","Otro","Faltante","Vegetación","Sin restricción"
2014,9173,17/10/2014,"Viernes",0,16:00:00,"Autopista Provincial Brigadier E.López","90.0",2,"Automóvil,Camión"," ",2,1,0,0,0,0,1,,"Autopista","Brigadier E.López","SAN FABIÁN","San Jerónimo","Asfalto","Ripio","XV","Dentro","Rural","Marca Vial","No existe","Recta","Bueno","Buena","Diurna","Buen Tiempo","Frontal","S/D","Colisión","S/D","S/D","Cordón divisorio","Sin restricción"
2014,9174,13/10/2014,"Lunes",0,21:40:00,,"0.0",2,"Peatón,Moto/Ciclomotor","R Casabella Y Chacabuco",2,1,0,0,1,0,0,,"Calle",,"RAFAELA","Castellanos","Asfalto","No existe","V","Dentro","Urbana","S/D","No existe","Intersección","Bueno","Reducida","Nocturna,Con luz artificial","Buen Tiempo","S/D","S/D","Atropello","S/D","S/D","S/D","S/D"
2014,9175,29/09/2014,"Lunes",0,13:40:00,,"0.0",2,"Moto/Ciclomotor,Automóvil","Boulevard 9 de julio Y Brigadier General Estanislao L",3,2,0,0,1,0,0,,"Calle",,"CASILDA","Caseros","Asfalto","No existe","IV","Dentro","Urbana","Ninguna","S/D","Intersección","Bueno","Buena","Diurna","Buen Tiempo","Lateral","S/D","Colisión","Ninguna","Faltante","Ninguna","Sin restricción"
2014,9176,13/10/2014,"Lunes",0,17:00:00,,"0.0",2,"Moto/Ciclomotor,Automóvil","Diaz Velez Y  General Martin Miguel de Guem",2,0,1,0,1,0,0,,"Calle",,"CASILDA","Caseros","Ripio","Natural","IV","S/D","Urbana","Ninguna","No existe","Intersección","Deteriorada","Buena","Diurna","Buen Tiempo","Lateral","S/D","Colisión","Ninguna","Faltante","Ninguna","Sin restricción"
2014,9177,30/10/2014,"Jueves",0,19:50:00,"Ruta Secundaria 80-s","0.0",1,"Automóvil"," ",1,1,0,0,0,0,0,,"Ruta","80-s","GÁLVEZ","San Jerónimo","Tierra","Natural","XV","Dentro","Rural","Ninguna","No existe","Recta","Ahuellamiento","Reducida","Nocturna","Buen Tiempo","Otro","S/D","Vuelco","S/D","S/D","Ninguna","Sin restricción"
2014,9178,18/10/2014,"Sabado",0,01:15:00,"Ruta Nacional 11","401.0",1,"Automóvil"," ",1,1,0,0,0,0,0,,"Ruta",11,"SAN FABIÁN","San Jerónimo","Asfalto","Natural","XV","Fuera","Urbana","Marca Vial","No existe","Recta","Bueno","Reducida","Nocturna","Buen Tiempo","Contra objeto fijo","S/D","Colisión","S/D","S/D","Línea divisoria pintada","Sin restricción"
2014,9179,02/10/2014,"Jueves",0,22:10:00,,"0.0",2,"Automóvil,Bicicleta","Pte peron Y Moreno",2,1,0,0,1,0,0,,"Calle",,"GÁLVEZ","San Jerónimo","Asfalto","No existe","XV","Dentro","Urbana","Ninguna","No existe","Intersección","Bueno","Reducida","Nocturna,Con luz artificial","Buen Tiempo","S/D","S/D","Atropello","Otro","Vertical","Ninguna","Sin restricción"
2014,9180,02/10/2014,"Jueves",0,12:00:00,,"0.0",2,"Moto/Ciclomotor,Transporte de Pasajeros (H/ 8 asientos)","San Juan Y Almte Brown",3,0,1,0,2,0,0,,"Calle",,"ROLDÁN","San Lorenzo","Hormigón","No existe","XVII","Dentro","Urbana","Ninguna","No existe","Intersección","Bueno","Buena","Diurna","Buen Tiempo","Lateral","S/D","Colisión","S/D","Vertical","Ninguna","Sin restricción"
2014,9181,10/10/2014,"Viernes",0,12:30:00,,"0.0",2,"Bicicleta,Moto/Ciclomotor","Presidente Domingo Faustino Sa Y San Juan",2,2,0,0,0,0,0,,"Calle",,"CASILDA","Caseros","Hormigón","No existe","IV","Dentro","Urbana","Ninguna","No existe","Intersección","Bueno","Buena","Diurna","Buen Tiempo","S/D","S/D","Atropello","Ninguna","Vertical","Ninguna","Sin restricción"
2014,9182,11/10/2014,"Sabado",0,12:00:00,,"0.0",2,"Moto/Ciclomotor,Automóvil","Sgo de Liniers Y J B Alberdi",2,1,0,0,1,0,0,,"Calle",,"GÁLVEZ","San Jerónimo","Asfalto","No existe","XV","Dentro","Urbana","Ninguna","No existe","Intersección","Bueno","Buena","Diurna","Buen Tiempo","Frontal","S/D","Colisión","S/D","S/D","Ninguna","Sin restricción"
2014,9183,18/10/2014,"Sabado",0,00:05:00,,"0.0",1,"Automóvil"," ",1,1,0,0,0,0,0,,"Avenida",,"AMENABAR","General López","Tierra","No existe","VIII","Dentro","Urbana","Ninguna","No existe","Recta","Bueno","Buena","Nocturna","Buen Tiempo","S/D","S/D","Vuelco","S/D","Faltante","Vegetación","Sin restricción"
2014,9184,09/10/2014,"Jueves",0,12:00:00,,"0.0",2,"Moto/Ciclomotor,Automóvil","Belgrano Y Lopez y Planes",3,2,0,0,1,0,0,,"Calle",,"CORONDA","San Jerónimo","Tierra","Natural","XV","S/D","Urbana","Ninguna","No existe","Intersección","Bueno","Buena","Diurna","Buen Tiempo","Frontal","S/D","Colisión","S/D","S/D","Ninguna","Sin restricción"
2014,9185,27/10/2014,"Lunes",0,01:00:00,,"112.0",2,"Pickup/Utilitario,Peatón","Ruta Prov 90 112",4,3,0,0,1,0,0,,"Camino Rural",,"MELINCUÉ","General López","Arena","Natural","VIII","Fuera","Rural","Ninguna","No existe","Recta","Bueno","Reducida","Nocturna","Buen Tiempo","S/D","S/D","Atropello","Ninguna","Faltante","Ninguna","Sin restricción"
2014,9186,26/10/2014,"Domingo",0,19:00:00,,"0.0",2,"Moto/Ciclomotor,Moto/Ciclomotor","Iguazu Y Moreau de Justo",4,3,0,0,1,0,0,,"Calle",,"PUERTO SAN MARTÍN","San Lorenzo","Asfalto","No existe","XVII","Dentro","Urbana","Ninguna","No existe","S/D","Bueno","Buena","Atardecer","Buen Tiempo","Lateral","S/D","Colisión","Ninguna","Horizontal","Ninguna","Sin restricción"
2014,9187,10/10/2014,"Viernes",0,10:55:00,,"0.0",2,"Peatón,Automóvil","Dorrego 300",4,2,0,0,2,0,0,,"Calle",,"GÁLVEZ","San Jerónimo","Asfalto","No existe","XV","Dentro","Urbana","Ninguna","Funciona","S/D","Bueno","Buena","Diurna","Buen Tiempo","S/D","S/D","Atropello","Otro","Vertical","Ninguna","Sin restricción"
2014,9188,18/10/2014,"Sabado",0,19:55:00,,"0.0",2,"Automóvil,Moto/Ciclomotor","Cnel Rodriguez 1400",3,1,0,0,2,0,0,,"Calle",,"CORONDA","San Jerónimo","Asfalto","No existe","XV","S/D","Urbana","Ninguna","No existe","Recta","Bueno","S/D","Nocturna","Buen Tiempo","S/D","S/D","Colisión","S/D","S/D","Ninguna","Sin restricción"
2014,9189,02/10/2014,"Jueves",0,14:45:00,,"0.0",2,"Automóvil,Moto/Ciclomotor","Bv Pellegrini Y Fleming",3,2,0,0,1,0,0,,"Calle",,"ROLDÁN","San Lorenzo","Hormigón","No existe","XVII","Dentro","Urbana","Ninguna","No existe","Recta","Bueno","Buena","Diurna","Buen Tiempo","Otro","S/D","Colisión","S/D","Vertical","Ninguna","Sin restricción"
2014,9190,05/10/2014,"Domingo",0,12:30:00,,"0.0",2,"Automóvil,Moto/Ciclomotor","Quintana Y Alberto Tolosa",2,0,1,0,1,0,0,,"Calle",,"AMENABAR","General López","Asfalto","No existe","VIII","Dentro","Urbana","Ninguna","No existe","Intersección","Bueno","Buena","Diurna","Buen Tiempo","Lateral","S/D","Colisión","S/D","S/D","Ninguna","S/D"
2014,9191,08/10/2014,"Miercoles",0,18:45:00,,"0.0",2,"Automóvil,Moto/Ciclomotor","NAPOLES Y ESTRADA",2,1,0,0,1,0,0,,"Calle",,"SAN JERÓNIMO SUR","San Lorenzo","Asfalto","S/D","XVII","Dentro","Urbana","Paso Peatonal","No existe","Intersección","Bueno","Buena","Diurna","Buen Tiempo","Lateral","S/D","Colisión","S/D","Faltante","Ninguna","Sin restricción"
2014,9192,30/10/2014,"Jueves",0,12:20:00,,"0.0",2,"Bicicleta,Pickup/Utilitario","Jujuy Y 9 de Julio",2,1,0,0,1,0,0,,"Calle",,"PUERTO SAN MARTÍN","San Lorenzo","Asfalto","No existe","XVII","Dentro","Urbana","Ninguna","No existe","Intersección","Bueno","Buena","Diurna","Buen Tiempo","S/D","S/D","Atropello","Ninguna","Horizontal","Ninguna","Sin restricción"
2014,9193,22/10/2014,"Miercoles",0,18:20:00,,"0.0",2,"Moto/Ciclomotor,Automóvil","Sarmiento Y Belgrano",2,0,1,0,1,0,0,,"Calle",,"GÁLVEZ","San Jerónimo","Asfalto","No existe","XV","Dentro","Urbana","Ninguna","No existe","Intersección","Bueno","Buena","Diurna","Buen Tiempo","Lateral","S/D","Colisión","Otro","S/D","Ninguna","Sin restricción"