"anio_acci","nro_acci","fecha","desc_dia","fecha_aprox","hora_aprox","desc_ruta","km","cant_participantes","desc_participante","calle_avenida_km","total","heridos_leves","heridos_graves","heridos_gravisimos","ilesos","fallecidos","sin_datos","posicion_XY","desc_tipo_via","desc_ruta_ori","desc_loc","desc_dpto","desc_tipo_calzada","desc_tipo_banquina","desc_unidad_regional","desc_lugar_calzada","desc_zona","desc_prioridad","desc_estado_semaforo","desc_lugar_via","desc_estado_via","desc_estado_visibilidad","desc_luminosidad","desc_estado_clima","desc_tipo_colision","desc_tipo_atropello","desc_tipo_hecho","desc_pres_calzada","desc_senializacion","desc_separacion_via","desc_restriccion"
2014,9194,05/10/2014,"Domingo",0,06:45:00,"Ruta Nacional 9","326.0",2,"Automóvil,Camión"," ",2,1,0,0,1,0,0,,"Ruta",9,"ROLDÁN","San Lorenzo","Asfalto","Natural","XVII","Dentro","Urbana","Policía de tránsito","No funciona","Intersección","Ahuellamiento","Buena","Amanecer","Buen Tiempo","Lateral","S/D","Colisión","S/D","Vertical","Ninguna","Sin restricción"
2014,9195,12/09/2014,"Viernes",0,08:40:00,,"0.0",2,"Moto/Ciclomotor,Automóvil","San Juan 270",2,1,0,0,1,0,0,,"Calle",,"RUFINO","General López","Asfalto","S/D","VIII","Dentro","Urbana","S/D","No existe","Recta","S/D","S/D","Diurna","Buen Tiempo","De alcance","S/D","Colisión","S/D","S/D","Ninguna","S/D"
2014,9196,06/10/2014,"Lunes",0,09:00:00,,"0.0",2,"Automóvil,Moto/Ciclomotor","P Fournier Y J B Alberdi",3,2,0,0,1,0,0,,"Calle",,"SAN LORENZO","San Lorenzo","S/D","S/D","XVII","Dentro","Urbana","S/D","S/D","Intersección","S/D","S/D","Diurna","S/D","S/D","S/D","Colisión","S/D","S/D","S/D","S/D"
2014,9197,06/10/2014,"Lunes",0,09:00:00,"Ruta Nacional 9","327.0",2,"Automóvil,Pickup/Utilitario","Ruta Nacional 9 Y Urquiza",3,2,0,0,1,0,0,,"Ruta",9,"ROLDÁN","San Lorenzo","Asfalto","Natural","XVII","S/D","Urbana","Semáforo","Funciona","Recta","Bueno","Buena","Diurna","Buen Tiempo","Otro","S/D","Colisión","S/D","Vertical","Ninguna","Sin restricción"
2014,9198,05/10/2014,"Domingo",0,06:30:00,"Ruta Nacional 11","0.0",2,"Automóvil,Automóvil","San Lorenzo Y F S M de Oro",2,1,0,0,1,0,0,,"Ruta",11,"FRAY LUIS BELTRÁN","San Lorenzo","Asfalto","Ripio","XVII","Dentro","Urbana","Ninguna","Funciona","Intersección","Bueno","Buena","Amanecer","Buen Tiempo","Lateral","S/D","Colisión","S/D","Vertical","Ninguna","Sin restricción"
2014,9199,12/09/2014,"Viernes",0,20:15:00,,"0.0",2,"Moto/Ciclomotor,Automóvil","Garay Y Catamarca",2,1,0,0,1,0,0,,"Calle",,"RUFINO","General López","Asfalto","S/D","VIII","Dentro","Urbana","S/D","No existe","Intersección","Deteriorada","S/D","Atardecer","S/D","Lateral","S/D","Colisión","S/D","S/D","Ninguna","S/D"
2014,9200,21/10/2014,"Martes",0,22:00:00,,"0.0",2,"Moto/Ciclomotor,Bicicleta","Alemania Y General Lopez",2,2,0,0,0,0,0,,"Calle",,"SAN LORENZO","San Lorenzo","S/D","S/D","XVII","Dentro","Urbana","S/D","S/D","Intersección","S/D","S/D","Nocturna","S/D","S/D","S/D","Atropello","S/D","S/D","S/D","S/D"
2014,9201,15/10/2014,"Miercoles",0,09:15:00,"Ruta Nacional A012","43.5",2,"Automóvil,Pickup/Utilitario","Acceso 012 Y Galvez",2,1,0,0,1,0,0,,"Ruta","A012","ROLDÁN","San Lorenzo","Asfalto","Natural","XVII","Dentro","Urbana","Ninguna","No existe","Recta","Bueno","Buena","Diurna","Buen Tiempo","Lateral","S/D","Colisión","S/D","Faltante","Ninguna","Sin restricción"
2014,9202,12/10/2014,"Domingo",0,19:30:00,,"0.0",2,"Automóvil,Moto/Ciclomotor","Sargento Cabral Y Avda del Combate",3,2,0,0,1,0,0,,"Calle",,"SAN LORENZO","San Lorenzo","S/D","S/D","XVII","S/D","Urbana","S/D","S/D","S/D","S/D","S/D","Atardecer","S/D","S/D","S/D","S/D","S/D","S/D","S/D","S/D"
2014,9203,12/09/2014,"Viernes",0,20:40:00,,"0.0",2,"Moto/Ciclomotor,Automóvil","Pte Juan Domingo Peron Y Rosa Boussy",2,1,0,0,1,0,0,,"Calle",,"RUFINO","General López","Asfalto","S/D","VIII","Dentro","Urbana","S/D","No existe","Intersección","Deteriorada","S/D","Nocturna,Con luz artificial","S/D","Lateral","S/D","Colisión","S/D","S/D","S/D","S/D"
2014,9204,10/10/2014,"Viernes",0,11:25:00,"Ruta Nacional 11","0.0",2,"Automóvil,Moto/Ciclomotor","RTA. N&#186;11 Y CDA. ANSELMO MACIEL",2,1,0,0,1,0,0,,"Ruta",11,"CORONDA","San Jerónimo","S/D","S/D","XV","Dentro","Urbana","Ninguna","No existe","Recta","Bueno","Buena","Diurna","Buen Tiempo","Lateral","S/D","Colisión","Ninguna","Faltante","Ninguna","Sin restricción"
2014,9205,23/10/2014,"Jueves",0,14:15:00,,"0.0",2,"Automóvil,Moto/Ciclomotor","General Lopez 3214",2,1,0,0,1,0,0,,"Calle",,"SAN LORENZO","San Lorenzo","S/D","S/D","XVII","Dentro","Urbana","S/D","S/D","Recta","Bueno","S/D","Diurna","S/D","S/D","S/D","Colisión","S/D","S/D","S/D","S/D"
2014,9206,11/10/2014,"Sabado",0,03:20:00,"Ruta Nacional 11","0.0",2,"Moto/Ciclomotor,Moto/Ciclomotor","San Lorenzo Y Santa Fe",2,1,0,0,1,0,0,,"Ruta",11,"FRAY LUIS BELTRÁN","San Lorenzo","Asfalto","Pavimento","XVII","Dentro","Urbana","Ninguna","S/D","Recta","Bueno","S/D","Nocturna","Buen Tiempo","Lateral","S/D","Colisión","Ninguna","Vertical","Ninguna","Sin restricción"
2014,9207,13/10/2014,"Lunes",0,23:05:00,,"0.0",1,"Moto/Ciclomotor","Lopez y Planes Y Alberdi",1,1,0,0,0,0,0,,"Calle",,"CORONDA","San Jerónimo","S/D","S/D","XV","S/D","Urbana","S/D","No existe","Intersección","Bueno","Buena","Nocturna,Con luz artificial","S/D","S/D","S/D","Caída ocupante","Ninguna","Faltante","S/D","Sin restricción"
2014,9208,17/10/2014,"Viernes",0,22:30:00,"Ruta Nacional 9","0.0",2,"Automóvil,Moto/Ciclomotor","Ruta Nacional 9 Y Avenida Alberdi",2,2,0,0,0,0,0,,"Ruta",9,"ROLDÁN","San Lorenzo","Asfalto","Natural","XVII","Dentro","Urbana","Ninguna","No existe","Intersección","Bueno","Reducida","Nocturna","Buen Tiempo","Lateral","S/D","Colisión","S/D","Vertical","Ninguna","S/D"
2014,9209,11/10/2014,"Sabado",0,06:00:00,"Ruta Nacional 11","0.0",2,"Automóvil,Moto/Ciclomotor","Av San Martin Y Catamarca",4,2,0,0,2,0,0,,"Ruta",11,"SAN LORENZO","San Lorenzo","S/D","S/D","XVII","S/D","Urbana","S/D","S/D","S/D","S/D","S/D","Diurna","S/D","S/D","S/D","S/D","S/D","S/D","S/D","S/D"
2014,9210,03/10/2014,"Viernes",0,09:00:00,,"0.0",1,"Moto/Ciclomotor","Cordoba 400",1,1,0,0,0,0,0,,"Calle",,"PUERTO SAN MARTÍN","San Lorenzo","Asfalto","No existe","XVII","Dentro","Urbana","S/D","No existe","Recta","Bueno","Buena","Diurna","Buen Tiempo","S/D","S/D","Caída ocupante","S/D","Horizontal","S/D","Desvío Provisorio"
2014,9211,01/10/2014,"Miercoles",0,06:00:00,"Ruta Nacional 11","0.0",2,"Otros,Otros","Yapeyu ",2,1,0,0,1,0,0,,"Ruta",11,"PUERTO SAN MARTÍN","San Lorenzo","Asfalto","Natural","XVII","Dentro","Urbana","Ninguna","No existe","Intersección","Bueno","Buena","Amanecer","Buen Tiempo","Lateral","S/D","Colisión","S/D","Horizontal","S/D","Sin restricción"
2014,9212,01/10/2014,"Miercoles",0,06:00:00,"Ruta Nacional 11","0.0",2,"Moto/Ciclomotor,Camión","Yapeyu ",2,1,0,0,1,0,0,,"Ruta",11,"PUERTO SAN MARTÍN","San Lorenzo","Asfalto","Natural","XVII","Dentro","Urbana","Ninguna","No existe","Intersección","Bueno","Buena","Amanecer","Buen Tiempo","Lateral","S/D","Colisión","S/D","Horizontal","S/D","Sin restricción"
2014,9213,04/10/2014,"Sabado",0,18:35:00,,"0.0",2,"Moto/Ciclomotor,Otros","Guemes Y Jose de San Martin",2,1,0,0,0,0,1,,"Calle",,"CORONDA","San Jerónimo","Asfalto","No existe","XV","Dentro","Urbana","Ninguna","Funciona","Recta","Bueno","Buena","Diurna","Buen Tiempo","Lateral","S/D","Colisión","Otro","Faltante","Ninguna","Sin restricción"
2014,9214,12/10/2014,"Domingo",0,03:40:00,"Ruta Nacional 11","0.0",2,"Automóvil,Moto/Ciclomotor","San Lorenzo Y Estrada",2,1,0,0,1,0,0,,"Ruta",11,"FRAY LUIS BELTRÁN","San Lorenzo","Asfalto","Ripio","XVII","Dentro","Urbana","Ninguna","No existe","Cruce","Bueno","Reducida","Nocturna","Niebla","Lateral","S/D","Colisión","Ninguna","Faltante","Ninguna","Sin restricción"
2014,9215,13/10/2014,"Lunes",0,19:50:00,,"0.0",2,"Pickup/Utilitario,Bicicleta","Dorrego Y Catamarca",2,1,0,0,1,0,0,,"S/D",,"SAN LORENZO","San Lorenzo","S/D","S/D","XVII","S/D","S/D","S/D","S/D","S/D","S/D","S/D","Nocturna","S/D","S/D","S/D","S/D","S/D","S/D","S/D","S/D"
2014,9216,25/10/2014,"Sabado",0,20:30:00,"Ruta Nacional 33","754.0",1,"Moto/Ciclomotor"," ",2,2,0,0,0,0,0,,"Ruta",33,"PUJATO","San Lorenzo","Ripio","Natural","XVII","Fuera","Rural","Ninguna","No existe","Recta","Bueno","Buena","Nocturna","Buen Tiempo","Otro","S/D","Despiste","Otro","Faltante","Vegetación","Sin restricción"
2014,9217,23/10/2014,"Jueves",0,18:00:00,,"0.0",2,"Moto/Ciclomotor,Automóvil","Cordoba Y Reconquista",2,1,0,0,1,0,0,,"Calle",,"PUERTO SAN MARTÍN","San Lorenzo","Asfalto","No existe","XVII","Dentro","Urbana","Ninguna","No existe","Intersección","Bueno","Buena","Diurna","Buen Tiempo","Lateral","S/D","Colisión","Ninguna","Horizontal","Ninguna","Sin restricción"
2014,9218,20/10/2014,"Lunes",0,15:50:00,"Ruta Nacional 11","0.0",2,"Automóvil,Moto/Ciclomotor","San Lorenzo Y Teniente Agneta",2,1,0,0,1,0,0,,"Ruta",11,"FRAY LUIS BELTRÁN","San Lorenzo","Asfalto","Ripio","XVII","S/D","Urbana","Semáforo","Funciona","Intersección","Bueno","Buena","Diurna","Buen Tiempo","Lateral","S/D","Colisión","S/D","Vertical","Ninguna","Sin restricción"
2014,9219,24/10/2014,"Viernes",0,20:45:00,,"0.0",2,"Automóvil,Moto/Ciclomotor","Cordoba Y L N Alem",2,1,0,0,1,0,0,,"Avenida",,"PUERTO SAN MARTÍN","San Lorenzo","Asfalto","No existe","XVII","Dentro","Urbana","Ninguna","No existe","Intersección","Bueno","Buena","Nocturna","Buen Tiempo","Frontal","S/D","Colisión","Ninguna","Horizontal","Ninguna","Sin restricción"
2014,9221,13/10/2014,"Lunes",0,17:15:00,,"0.0",2,"Automóvil,Automóvil"," ",4,4,0,0,0,0,0,,"S/D",,"CAPITÁN BERMÚDEZ","San Lorenzo","Asfalto","S/D","XVII","S/D","S/D","S/D","S/D","S/D","Bueno","S/D","Diurna","Buen Tiempo","S/D","S/D","Colisión","S/D","S/D","S/D","S/D"
2014,9222,10/10/2014,"Viernes",0,01:45:00,,"0.0",2,"Automóvil,Moto/Ciclomotor"," ",2,1,0,0,1,0,0,,"S/D",,"SAN LORENZO","San Lorenzo","S/D","S/D","XVII","S/D","S/D","S/D","S/D","S/D","S/D","S/D","Nocturna","S/D","S/D","S/D","S/D","S/D","S/D","S/D","S/D"
2014,9223,21/10/2014,"Martes",0,19:30:00,,"0.0",1,"Automóvil"," ",1,1,0,0,0,0,0,,"S/D",,"RICARDONE","San Lorenzo","Tierra","S/D","XVII","Dentro","Rural","S/D","S/D","Recta","Con baches","S/D","Atardecer","Buen Tiempo","S/D","S/D","Vuelco","S/D","S/D","S/D","S/D"
2014,9224,15/10/2014,"Miercoles",0,08:15:00,,"0.0",2,"Moto/Ciclomotor,Automóvil","Guayaquil Y Mitre",2,1,0,0,1,0,0,,"S/D",,"FRAY LUIS BELTRÁN","San Lorenzo","Asfalto","No existe","XVII","Dentro","Urbana","S/D","S/D","Intersección","Bueno","Buena","Diurna","Buen Tiempo","Frontal","S/D","Colisión","S/D","Faltante","Ninguna","Sin restricción"
2014,9225,02/10/2014,"Jueves",0,22:10:00,,"0.0",2,"Moto/Ciclomotor,Bicicleta","Av San Lorenzo Y Salta",2,1,0,0,1,0,0,,"Avenida",,"CAPITÁN BERMÚDEZ","San Lorenzo","Asfalto","Ripio","XVII","Dentro","S/D","Ninguna","No existe","Intersección","Bueno","Buena","Nocturna","Buen Tiempo","S/D","S/D","Atropello","Otro","S/D","S/D","Sin restricción"
2014,9226,07/10/2014,"Martes",0,10:00:00,,"0.0",2,"Moto/Ciclomotor,Automóvil","BOLIVIA Y SILVERIO CORDOBA",2,1,0,0,1,0,0,,"S/D",,"SAN LORENZO","San Lorenzo","S/D","S/D","XVII","S/D","S/D","S/D","S/D","S/D","S/D","S/D","Diurna","S/D","S/D","S/D","S/D","S/D","S/D","S/D","S/D"
2014,9228,09/10/2014,"Jueves",0,19:00:00,,"0.0",2,"Automóvil,Moto/Ciclomotor","Av San Lorenzo Y Pte Peron",2,0,0,0,0,0,2,,"Avenida",,"CAPITÁN BERMÚDEZ","San Lorenzo","Asfalto","Ripio","XVII","Dentro","Urbana","Paso Peatonal","No existe","Intersección","Bueno","Buena","Atardecer","Buen Tiempo","Frontal","S/D","Colisión","Otro","S/D","Línea divisoria pintada","Sin restricción"
2014,9229,18/10/2014,"Sabado",0,08:30:00,,"0.0",2,"Moto/Ciclomotor,Pickup/Utilitario","Rivadavia Y Dr. Pedro Rodriguez",2,1,0,0,1,0,0,,"S/D",,"SAN LORENZO","San Lorenzo","S/D","S/D","XVII","S/D","S/D","S/D","S/D","S/D","S/D","S/D","Diurna","S/D","S/D","S/D","S/D","S/D","S/D","S/D","S/D"
2014,9230,19/10/2014,"Domingo",0,16:30:00,"Ruta Nacional 9","355.0",2,"Moto/Ciclomotor,Automóvil","Ruta Nac 9 Y Av Argentina",3,1,1,0,1,0,0,,"Ruta",9,"CARCARAÑÁ","San Lorenzo","Asfalto","S/D","XVII","Dentro","Urbana","S/D","No existe","Recta","Bueno","S/D","Diurna","Buen Tiempo","S/D","S/D","Colisión","Ninguna","S/D","Línea divisoria pintada","S/D"
2014,9231,29/11/2014,"Sabado",0,15:30:00,"Ruta Nacional 9","0.0",2,"Pickup/Utilitario,Camión","Ruta Nac 9 Y Mendoza",3,1,0,0,2,0,0,,"Ruta",9,"CARCARAÑÁ","San Lorenzo","Asfalto","Natural","XVII","Dentro","Urbana","S/D","S/D","Recta","Resbaladiza","Buena","Diurna","Lluvia","S/D","S/D","Colisión","Agua","S/D","Línea divisoria pintada","S/D"
2014,9232,17/09/2014,"Miercoles",0,12:00:00,,"0.0",2,"Bicicleta,Moto/Ciclomotor","Colon Y Moreno",2,1,0,0,1,0,0,,"Calle",,"RUFINO","General López","Asfalto","S/D","VIII","Dentro","Urbana","S/D","No existe","Intersección","Bueno","S/D","Diurna","Buen Tiempo","S/D","S/D","Atropello","S/D","S/D","Ninguna","S/D"
2014,9233,06/10/2014,"Lunes",0,11:45:00,,"0.0",2,"Automóvil,Pickup/Utilitario","C Pelegrini Y Jose Marquez",3,3,0,0,0,0,0,,"S/D",,"SAN LORENZO","San Lorenzo","S/D","S/D","XVII","S/D","S/D","S/D","S/D","S/D","S/D","S/D","Diurna","S/D","S/D","S/D","S/D","S/D","S/D","S/D","S/D"
2014,9234,20/09/2014,"Sabado",0,22:15:00,,"0.0",2,"Moto/Ciclomotor,Automóvil","Manuel Roca Y B Ferreyra",2,1,0,0,1,0,0,,"Calle",,"RUFINO","General López","Asfalto","S/D","VIII","Dentro","Urbana","S/D","No existe","Intersección","Bueno","S/D","Nocturna,Con luz artificial","S/D","Lateral","S/D","Colisión","S/D","S/D","Ninguna","S/D"
2014,9235,20/09/2014,"Sabado",0,18:30:00,,"0.0",2,"Moto/Ciclomotor,Automóvil","H Irigoyen Y Bv San Martin",2,1,0,0,1,0,0,,"Avenida",,"RUFINO","General López","Asfalto","S/D","VIII","Dentro","Urbana","S/D","No existe","Intersección","Deteriorada","S/D","Diurna","S/D","Lateral","S/D","Colisión","S/D","S/D","Ninguna","S/D"
2014,9236,27/10/2014,"Lunes",0,05:53:00,"Autopista Provincial Brigadier E.López","16.0",1,"Automóvil","AP01 km 16 asc. ",1,0,1,0,0,0,0,"-32.749006, -60.759067","Autopista","Brigadier E.López","SAN LORENZO","San Lorenzo","Asfalto","Pavimento","XVII","Dentro","Urbana","Ninguna","No existe","Recta","Bueno","Buena","Amanecer,Con luz artificial","Buen Tiempo","S/D","S/D","Vuelco","S/D","Horizontal,Vertical","Guardarrail,Vegetación","Sin restricción"
2014,9237,20/09/2014,"Sabado",0,21:00:00,,"0.0",2,"Moto/Ciclomotor,Automóvil","Balcarce 260",2,1,0,0,1,0,0,,"Calle",,"RUFINO","General López","S/D","S/D","VIII","Dentro","Urbana","S/D","No existe","Recta","S/D","S/D","Nocturna,Con luz artificial","S/D","Lateral","S/D","Colisión","S/D","S/D","Ninguna","S/D"
2014,9238,03/09/2014,"Miercoles",0,08:45:00,,"0.0",2,"Bicicleta,Automóvil","Azcuenaga Y Av Cobos",2,1,0,0,1,0,0,,"Avenida",,"RUFINO","General López","Asfalto","S/D","VIII","Dentro","Urbana","S/D","No existe","Intersección","Deteriorada","S/D","Diurna","S/D","S/D","S/D","Atropello","S/D","S/D","S/D","S/D"
2014,9239,30/09/2014,"Martes",0,18:20:00,,"0.0",2,"Moto/Ciclomotor,Camión","Gral Lopez Y B Bianco",3,2,0,0,1,0,0,,"Calle",,"RUFINO","General López","Ripio","S/D","VIII","Dentro","Urbana","S/D","No existe","Intersección","S/D","S/D","Atardecer","Buen Tiempo","Lateral","S/D","Colisión","S/D","S/D","Ninguna","S/D"
2014,9240,05/10/2014,"Domingo",0,07:15:00,,"0.0",2,"Automóvil,Moto/Ciclomotor","Av San Martin Y Belgrano",4,3,0,0,1,0,0,,"S/D",,"SAN LORENZO","San Lorenzo","S/D","S/D","XVII","S/D","S/D","S/D","S/D","S/D","S/D","S/D","Diurna","S/D","S/D","S/D","S/D","S/D","S/D","S/D","S/D"
2014,9241,05/09/2014,"Viernes",0,19:30:00,,"0.0",1,"Moto/Ciclomotor","Bv Pte Peron Y Fray Luis Beltran",2,0,1,0,1,0,0,,"Avenida",,"SAN JORGE","San Martín","Asfalto","S/D","XVIII","Dentro","Urbana","Ninguna","No existe","Intersección","Bueno","Buena","Atardecer","Buen Tiempo","Lateral","S/D","Colisión","Ninguna","S/D","S/D","Sin restricción"
2014,9242,28/10/2014,"Martes",0,07:37:00,,"0.0",1,"Moto/Ciclomotor","Congreso 1600",1,1,0,0,0,0,0,,"S/D",,"SAN LORENZO","San Lorenzo","S/D","S/D","XVII","S/D","S/D","S/D","S/D","S/D","S/D","S/D","Diurna","S/D","Atropello animal","S/D","Colisión","S/D","S/D","S/D","S/D"
2014,9243,13/10/2014,"Lunes",0,09:10:00,,"0.0",2,"Pickup/Utilitario,Moto/Ciclomotor","Primera Junta Y Balcarce",2,1,0,0,1,0,0,,"Calle",,"GÁLVEZ","San Jerónimo","Asfalto","No existe","XV","Dentro","Urbana","Ninguna","No existe","Intersección","Bueno","Buena","Diurna","Buen Tiempo","Lateral","S/D","Colisión","Otro","Vertical","Ninguna","Sin restricción"
2014,9244,14/09/2014,"Domingo",0,13:05:00,,"0.0",2,"Moto/Ciclomotor,Moto/Ciclomotor","Bv Lisandro de la Torre Y Sargento Cabral",2,2,0,0,0,0,0,,"Avenida",,"SAN JORGE","San Martín","Asfalto","S/D","XVIII","Dentro","Urbana","Ninguna","No existe","Intersección","Bueno","Buena","Diurna","Lluvia","Lateral","S/D","Colisión","Ninguna","Faltante","S/D","Sin restricción"
2014,9245,11/10/2014,"Sabado",0,17:45:00,,"0.0",2,"Moto/Ciclomotor,Pickup/Utilitario","Gral Belgrano Y Av Julian Bustinza",4,1,0,0,3,0,0,,"Avenida",,"PIAMONTE","San Martín","Asfalto","No existe","XVIII","Dentro","Urbana","Ninguna","No existe","Intersección","Bueno","Buena","Atardecer","Buen Tiempo","Lateral","S/D","Colisión","Ninguna","Faltante","Ninguna","Sin restricción"
2014,9246,30/10/2014,"Jueves",0,20:05:00,"Ruta Nacional 11","0.0",2,"Automóvil,Automóvil","BV OROÑO Y BOLIVIA ",3,1,0,0,2,0,0,,"Ruta",11,"SAN LORENZO","San Lorenzo","S/D","S/D","XVII","S/D","S/D","S/D","S/D","S/D","S/D","S/D","S/D","S/D","S/D","S/D","S/D","S/D","S/D","S/D","S/D"
2014,9247,04/10/2014,"Sabado",0,12:45:00,,"0.0",2,"Moto/Ciclomotor,Automóvil","Urquiza Y Av Carlos A Poucel",2,1,0,0,1,0,0,,"S/D",,"SAN LORENZO","San Lorenzo","S/D","S/D","XVII","S/D","S/D","S/D","S/D","S/D","S/D","S/D","Diurna","S/D","S/D","S/D","S/D","S/D","S/D","S/D","S/D"
2014,9248,01/10/2014,"Miercoles",0,17:25:00,,"0.0",2,"Automóvil,Moto/Ciclomotor","Mario Rodriguez Y Urquiza",3,3,0,0,0,0,0,,"Avenida",,"SAN LORENZO","San Lorenzo","S/D","S/D","XVII","S/D","Urbana","S/D","S/D","S/D","S/D","S/D","Diurna","S/D","S/D","S/D","S/D","S/D","S/D","S/D","S/D"
2014,9249,03/10/2014,"Viernes",0,20:45:00,,"0.0",2,"Moto/Ciclomotor,Automóvil","Sgto Cabral Y Garay",2,1,0,0,1,0,0,,"Calle",,"PUERTO SAN MARTÍN","San Lorenzo","Asfalto","No existe","XVII","Dentro","Urbana","Ninguna","No existe","Intersección","Bueno","Buena","Nocturna","Buen Tiempo","De alcance","S/D","Colisión","S/D","Horizontal","Ninguna","Sin restricción"
2014,9250,19/10/2014,"Domingo",0,03:30:00,,"0.0",2,"Moto/Ciclomotor,Automóvil","Cordoba Y Av San Martin",3,1,0,0,2,0,0,,"Calle",,"PUERTO SAN MARTÍN","San Lorenzo","Asfalto","No existe","XVII","Dentro","Urbana","Ninguna","No existe","Intersección","Bueno","Buena","Nocturna","Buen Tiempo","Lateral","S/D","Colisión","S/D","Horizontal","Ninguna","Sin restricción"
2014,9251,21/10/2014,"Martes",0,17:30:00,,"0.0",1,"Automóvil","Cordoba 200",2,1,0,0,1,0,0,,"Calle",,"PUERTO SAN MARTÍN","San Lorenzo","Asfalto","S/D","XVII","Dentro","Urbana","Ninguna","No existe","Recta","Bueno","Buena","Diurna","Buen Tiempo","Contra objeto fijo","S/D","Colisión","S/D","Horizontal","Ninguna","Sin restricción"
2014,9252,12/10/2014,"Domingo",0,19:00:00,,"0.0",2,"Moto/Ciclomotor,Moto/Ciclomotor","Gomez Y Av Belgrano",4,4,0,0,0,0,0,,"Calle",,"GABOTO","San Jerónimo","Tierra","Natural","XV","Dentro","Urbana","Ninguna","No existe","Intersección","Bueno","Buena","Atardecer","Buen Tiempo","Frontal,Lateral","S/D","Colisión","S/D","Faltante","Ninguna","Sin restricción"
2014,9253,25/10/2014,"Sabado",0,10:30:00,"Ruta Nacional A012","61.0",1,"Automóvil","Ruta Nacional A012 ",1,1,0,0,0,0,0,,"Ruta","A012","RICARDONE","San Lorenzo","Asfalto","S/D","XVII","Dentro","S/D","S/D","S/D","Recta","Bueno","S/D","Diurna","Buen Tiempo","S/D","S/D","Colisión","S/D","S/D","S/D","S/D"
2014,9254,01/10/2014,"Miercoles",0,11:30:00,,"0.0",2,"Moto/Ciclomotor,Pickup/Utilitario","Urquiza Y Fray T Luque",2,1,0,0,1,0,0,,"Calle",,"SAN LORENZO","San Lorenzo","S/D","S/D","XVII","Dentro","Urbana","S/D","S/D","S/D","S/D","S/D","Diurna","S/D","S/D","S/D","Colisión","S/D","S/D","S/D","S/D"
2014,9255,14/10/2014,"Martes",0,12:20:00,,"0.0",2,"Automóvil,Moto/Ciclomotor"," ",2,1,0,0,1,0,0,,"Calle",,"GÁLVEZ","San Jerónimo","Asfalto,Tierra","No existe","XV","Dentro","Urbana","Ninguna","No existe","Intersección","Bueno","Buena","Diurna","Buen Tiempo","Frontal","S/D","Colisión","S/D","S/D","Ninguna","Sin restricción"
2014,9256,16/10/2014,"Jueves",0,20:05:00,"Ruta Nacional 11","435.0",2,"Moto/Ciclomotor,Moto/Ciclomotor"," ",3,3,0,0,0,0,0,,"Ruta",11,"DESVÍO ARIJÓN","San Jerónimo","Asfalto","Natural","XV","Dentro","Rural","Ninguna","No existe","Recta","Otro","Reducida","Nocturna","Buen Tiempo","S/D","S/D","Caída ocupante","S/D","Faltante","Línea divisoria pintada","Sin restricción"
2014,9257,01/06/2014,"Domingo",0,19:00:00,"Ruta Nacional A007","0.0",1,"Automóvil"," ",3,3,0,0,0,0,0,,"Ruta","A007","SANTA FE","La Capital","Hormigón","S/D","I","Dentro","Urbana","S/D","S/D","S/D","S/D","S/D","Atardecer","S/D","Contra objeto fijo","S/D","Colisión","S/D","S/D","S/D","S/D"
2014,9258,01/06/2014,"Domingo",0,20:30:00,"Ruta Nacional 11","784.0",1,"Moto/Ciclomotor"," ",2,1,0,0,1,0,0,,"Ruta",11,"RECONQUISTA","General Obligado","Hormigón","Natural","IX","S/D","S/D","S/D","S/D","S/D","S/D","S/D","Nocturna","S/D","S/D","S/D","S/D","S/D","S/D","S/D","S/D"
2014,9259,05/12/2014,"Viernes",0,20:40:00,,"0.0",1,,"Av. Pellegrini Y Dorrego",2,2,0,0,0,0,0,,"Avenida",,"ROSARIO","Rosario","Asfalto","Pavimento","II","Dentro","Urbana","Semáforo","Funciona","Intersección","Bueno","Buena","Atardecer","Buen Tiempo","S/D","S/D","Atropello","S/D","Vertical","Barrera de hormigón","S/D"
2014,9260,05/12/2014,"Viernes",0,20:40:00,,"0.0",2,"Moto/Ciclomotor,Bicicleta","Av. Pellegrini Y Dorrego",2,2,0,0,0,0,0,,"Avenida",,"ROSARIO","Rosario","Asfalto","Pavimento","II","Dentro","Urbana","Semáforo","Funciona","Intersección","Bueno","Buena","Atardecer","Buen Tiempo","S/D","S/D","Atropello","S/D","Vertical","Barrera de hormigón","S/D"
2014,9261,26/12/2014,"Viernes",0,18:00:00,,"0.0",2,"Pickup/Utilitario,Transporte de Pasajeros Urbano (> 8 asientos)","San Martin 3900",2,1,0,0,1,0,0,,"Calle",,"ROSARIO","Rosario","Asfalto","S/D","II","S/D","Urbana","S/D","S/D","Recta","Bueno","Buena","Diurna","Buen Tiempo","De alcance","S/D","Colisión","Ninguna","Faltante","S/D","Sin restricción"
2014,9262,26/12/2014,"Viernes",0,11:30:00,,"0.0",2,"Moto/Ciclomotor,Taxi/Remis","Bv. Segui ",2,1,0,0,1,0,0,,"Avenida",,"ROSARIO","Rosario","Asfalto","No existe","II","Dentro","Urbana","Semáforo","Funciona","Intersección","Bueno","Buena","Diurna","Buen Tiempo","De alcance","S/D","Colisión","Ninguna","Horizontal","S/D","Sin restricción"
2014,9263,06/12/2014,"Sabado",0,18:00:00,,"0.0",2,"Automóvil,Automóvil","Dorrego Y Pasco",6,6,0,0,0,0,0,,"Calle",,"ROSARIO","Rosario","Asfalto","Pavimento","II","Dentro","Urbana","Señal Ceda el Paso","No existe","Recta","Bueno","Buena","Diurna","Buen Tiempo","De alcance","S/D","Colisión","S/D","Vertical","Ninguna","S/D"