"anio_acci","nro_acci","fecha","desc_dia","fecha_aprox","hora_aprox","desc_ruta","km","cant_participantes","desc_participante","calle_avenida_km","total","heridos_leves","heridos_graves","heridos_gravisimos","ilesos","fallecidos","sin_datos","posicion_XY","desc_tipo_via","desc_ruta_ori","desc_loc","desc_dpto","desc_tipo_calzada","desc_tipo_banquina","desc_unidad_regional","desc_lugar_calzada","desc_zona","desc_prioridad","desc_estado_semaforo","desc_lugar_via","desc_estado_via","desc_estado_visibilidad","desc_luminosidad","desc_estado_clima","desc_tipo_colision","desc_tipo_atropello","desc_tipo_hecho","desc_pres_calzada","desc_senializacion","desc_separacion_via","desc_restriccion"
2014,9264,26/12/2014,"Viernes",0,10:00:00,,"0.0",2,"Taxi/Remis,Automóvil","Bv. Oroño Y Bv. Segui",2,1,0,0,1,0,0,,"Avenida",,"ROSARIO","Rosario","Asfalto","S/D","II","Dentro","Urbana","Semáforo","S/D","Intersección","Bueno","S/D","Diurna","Buen Tiempo","De alcance","S/D","Colisión","Ninguna","Horizontal","S/D","Sin restricción"
2014,9265,01/12/2014,"Lunes",0,08:00:00,,"0.0",2,"Automóvil,Automóvil","Av. Pellegrini Y Bv. Oroño",3,1,0,0,2,0,0,,"Avenida",,"ROSARIO","Rosario","Asfalto","Pavimento","II","Dentro","Urbana","Semáforo","Funciona","S/D","Bueno","Buena","Diurna","Buen Tiempo","De alcance","S/D","Colisión","S/D","Vertical","Barrera de hormigón","S/D"
2014,9266,23/12/2014,"Martes",0,20:00:00,,"0.0",2,"Moto/Ciclomotor,Automóvil","San Martin Y Reg.11 de Infanteria",3,2,0,0,1,0,0,,"Avenida",,"ROSARIO","Rosario","Asfalto","No existe","II","Dentro","Urbana","Semáforo","Funciona","Intersección","Bueno","Buena","Nocturna,Con luz artificial","Buen Tiempo","De alcance","S/D","Colisión","S/D","Horizontal","S/D","Sin restricción"
2014,9267,20/12/2014,"Sabado",0,04:15:00,,"0.0",2,"Moto/Ciclomotor,Automóvil","J.M.de Rosas Y Gaboto",2,1,0,0,1,0,0,,"Calle",,"ROSARIO","Rosario","Asfalto","No existe","II","Dentro","Urbana","Marca Vial","No existe","Intersección","Resbaladiza","Buena","Nocturna,Con luz artificial","Lluvia","Lateral","S/D","Colisión","Agua","Vertical","Línea divisoria pintada","Sin restricción"
2014,9268,05/12/2014,"Viernes",0,09:30:00,,"0.0",2,"Pickup/Utilitario,Automóvil","Av. Corrientes Y Virasoro",4,2,0,0,2,0,0,,"Calle",,"ROSARIO","Rosario","Asfalto","Pavimento","II","Dentro","Urbana","Señal Pare","No existe","Recta","Bueno","Buena","Diurna","Buen Tiempo","De alcance","S/D","Colisión","S/D","Vertical","S/D","S/D"
2014,9269,23/12/2014,"Martes",0,17:30:00,,"0.0",2,"Moto/Ciclomotor,Pickup/Utilitario","Av. Uriburu Y Callao",3,2,0,0,1,0,0,,"Avenida",,"ROSARIO","Rosario","Asfalto","S/D","II","Dentro","Urbana","Ninguna","No existe","Intersección","Bueno","Buena","Diurna","Buen Tiempo","De alcance","S/D","Colisión","Ninguna","Faltante","S/D","Sin restricción"
2014,9270,17/12/2014,"Miercoles",0,15:25:00,,"0.0",2,"Automóvil,Automóvil","1 de Mayo Y Pte.Quintana",2,1,0,0,1,0,0,,"Calle",,"ROSARIO","Rosario","Asfalto","No existe","II","Dentro","Urbana","Marca Vial","No existe","Intersección","Bueno","Buena","Diurna","Buen Tiempo","Lateral","S/D","Colisión","Ninguna","Vertical","Línea divisoria pintada","Sin restricción"
2014,9271,07/11/2014,"Viernes",0,21:05:00,,"0.0",1,"Moto/Ciclomotor","Av Pte Peron 4224",2,0,1,0,0,1,0,"-31.625583333333,-60.718777777778","Avenida",,"SANTA FE","La Capital","Hormigón","No existe","I","Fuera","Urbana","Ninguna","No existe","Recta","Bueno","Buena","Nocturna,Con luz artificial","Buen Tiempo","Contra objeto fijo","S/D","Caída ocupante,Colisión","S/D","S/D","Cordón divisorio","S/D"
2014,9272,13/12/2014,"Sabado",0,17:20:00,,"0.0",2,"Moto/Ciclomotor,Automóvil","Buenos Aires Y Bv. Segui",2,1,0,0,1,0,0,,"Calle",,"ROSARIO","Rosario","Asfalto","No existe","II","Dentro","Urbana","Marca Vial","No existe","Intersección","Bueno","Buena","Diurna","Buen Tiempo","Lateral","S/D","Colisión","Ninguna","Vertical","Cordón divisorio,Línea divisoria pintada","Sin restricción"
2014,9273,23/12/2014,"Martes",0,10:30:00,,"0.0",2,"Moto/Ciclomotor,Automóvil","Balcarce Y Bv. Segui",3,2,0,0,1,0,0,,"Avenida",,"ROSARIO","Rosario","Asfalto","No existe","II","Dentro","Urbana","Ninguna","No existe","Intersección","Bueno","Buena","Diurna","Buen Tiempo","De alcance","S/D","Colisión","Ninguna","Faltante","S/D","Sin restricción"
2014,9274,11/12/2014,"Jueves",0,11:50:00,,"0.0",3,"Automóvil,Pickup/Utilitario,Automóvil","Necochea Y Gaboto",3,3,0,0,0,0,0,,"Calle",,"ROSARIO","Rosario","Asfalto","No existe","II","Dentro","Urbana","Marca Vial","No existe","Intersección","Bueno","Buena","Diurna","Buen Tiempo","Lateral","S/D","Colisión","Ninguna","Vertical","Línea divisoria pintada","Sin restricción"
2014,9275,08/12/2014,"Lunes",0,05:30:00,,"0.0",2,"Taxi/Remis,Automóvil","Av. Pellegrini Y Dorrego",3,1,0,0,2,0,0,,"Avenida",,"ROSARIO","Rosario","Asfalto","Pavimento","II","Dentro","Urbana","Semáforo","Funciona","Recta","Bueno","Buena","Amanecer","Buen Tiempo","De alcance","S/D","Colisión","Ninguna","Vertical","Cordón divisorio","S/D"
2014,9276,22/12/2014,"Lunes",0,20:15:00,,"0.0",2,"Peatón,Automóvil","San Martin Y Mr.Ross",2,1,0,0,1,0,0,,"Avenida",,"ROSARIO","Rosario","Asfalto","No existe","II","Dentro","Urbana","Ninguna","No existe","Recta","Bueno","Buena","Diurna","Buen Tiempo","S/D","S/D","Atropello","Ninguna","Faltante","S/D","Sin restricción"
2014,9277,08/12/2014,"Lunes",0,09:15:00,,"0.0",2,"Moto/Ciclomotor,Taxi/Remis","Callao Y Galvez",2,1,0,0,1,0,0,,"Calle",,"ROSARIO","Rosario","Asfalto","S/D","II","Dentro","Urbana","Ninguna","No existe","Recta","Bueno","Buena","Diurna","Buen Tiempo","De alcance","S/D","Colisión","S/D","Vertical","S/D","Sin restricción"
2014,9278,19/12/2014,"Viernes",0,18:30:00,,"0.0",2,"Automóvil,Automóvil","Balcarce 3300",2,2,0,0,0,0,0,,"Calle",,"ROSARIO","Rosario","Asfalto","No existe","II","Dentro","Urbana","Ninguna","No existe","Intersección","Bueno","Buena","Diurna","Buen Tiempo","De alcance","S/D","Colisión","Ninguna","Faltante","S/D","Sin restricción"
2014,9279,17/12/2014,"Miercoles",0,16:30:00,,"0.0",2,"Automóvil,Automóvil","Av. Corrientes Y Pte.Quintana",2,1,0,0,1,0,0,,"Calle",,"ROSARIO","Rosario","Asfalto","No existe","II","Dentro","Urbana","Ninguna","No existe","Intersección","Bueno","Buena","Diurna","Buen Tiempo","De alcance","S/D","Colisión","Ninguna","Faltante","S/D","Sin restricción"
2014,9280,10/12/2014,"Miercoles",0,14:00:00,,"0.0",2,"Automóvil,Pickup/Utilitario","Cochabamba Y Pte.Roca",2,1,0,0,1,0,0,,"Calle",,"ROSARIO","Rosario","Asfalto","S/D","II","S/D","Urbana","Ninguna","No existe","Recta","Bueno","Buena","Diurna","Buen Tiempo","De alcance","S/D","Colisión","S/D","Vertical","S/D","Sin restricción"
2014,9282,11/12/2014,"Jueves",0,12:13:00,,"0.0",2,"Moto/Ciclomotor,Otros","Av. Pellegrini Y Bv. Oroño",2,1,0,0,1,0,0,,"Avenida",,"ROSARIO","Rosario","Asfalto","S/D","II","Dentro","Urbana","Semáforo","Funciona","Recta","Bueno","Buena","Diurna","Buen Tiempo","De alcance","S/D","Colisión","S/D","Vertical","S/D","S/D"
2014,9283,11/12/2014,"Jueves",0,10:30:00,,"0.0",2,"Peatón,Automóvil","J.M.de Rosas Y Dean Funes",2,1,0,0,1,0,0,,"Calle",,"ROSARIO","Rosario","Asfalto","No existe","II","Dentro","Urbana","Marca Vial","No existe","Intersección","Bueno","Buena","Diurna","Buen Tiempo","S/D","S/D","Atropello","Ninguna","Vertical","Línea divisoria pintada","Sin restricción"
2014,9284,18/12/2014,"Jueves",0,18:00:00,,"0.0",2,"Moto/Ciclomotor,Automóvil","Bv. 27 De Febrero Y Av. Circunvalacion",2,1,0,0,1,0,0,,"Avenida",,"ROSARIO","Rosario","Asfalto","No existe","II","Dentro","Urbana","S/D","No existe","Cruce","Bueno","S/D","Atardecer","S/D","Lateral","S/D","Colisión","S/D","S/D","S/D","S/D"
2014,9285,11/12/2014,"Jueves",0,09:00:00,,"0.0",2,"Taxi/Remis,Moto/Ciclomotor","La Paz Y Ricchieri",2,1,0,0,1,0,0,,"Calle",,"ROSARIO","Rosario","Asfalto","S/D","II","Dentro","Urbana","Señal Pare","No existe","Recta","Bueno","Buena","Diurna","Buen Tiempo","De alcance","S/D","Colisión","S/D","Vertical","S/D","Sin restricción"
2014,9286,01/10/2014,"Miercoles",0,21:40:00,,"0.0",1,"Moto/Ciclomotor"," ",1,1,0,0,0,0,0,,"S/D",,"SAN LORENZO","San Lorenzo","S/D","S/D","XVII","Dentro","Urbana","S/D","S/D","S/D","S/D","S/D","Nocturna","S/D","S/D","S/D","Despiste","S/D","S/D","S/D","S/D"
2014,9287,08/11/2014,"Sabado",0,17:00:00,,"0.0",2,"Moto/Ciclomotor,Vehículo Oficial","Castellanos Y Ocampo",4,1,1,0,1,1,0,"-32.959833333333,-60.680111111111","Calle",,"ROSARIO","Rosario","Asfalto","No existe","II","Dentro","Urbana","S/D","No existe","Intersección","Bueno","Buena","Diurna","Buen Tiempo","S/D","S/D","Colisión","S/D","S/D","Ninguna","S/D"
2014,9288,12/12/2014,"Viernes",0,19:50:00,,"0.0",2,"Moto/Ciclomotor,Automóvil","España Y Lamadrid",2,1,0,0,1,0,0,,"Calle",,"ROSARIO","Rosario","Asfalto","No existe","II","Dentro","Urbana","Ninguna","No existe","Intersección","Bueno","Buena","Diurna","Buen Tiempo","De alcance","S/D","Colisión","Ninguna","Faltante","S/D","Sin restricción"
2014,9289,22/12/2014,"Lunes",0,10:20:00,,"0.0",2,"Taxi/Remis,Moto/Ciclomotor","España Y Cochabamba",2,1,0,0,1,0,0,,"Calle",,"ROSARIO","Rosario","Asfalto","S/D","II","Dentro","Urbana","Señal Pare","No existe","Recta","Bueno","Buena","Diurna","Buen Tiempo","De alcance","S/D","Colisión","S/D","Vertical","S/D","S/D"
2014,9290,11/12/2014,"Jueves",0,11:12:00,,"0.0",2,"Automóvil,Automóvil","Paraguay Y Pje. Mozart",3,2,0,0,1,0,0,,"Calle",,"ROSARIO","Rosario","Asfalto","No existe","II","Dentro","Urbana","Ninguna","No existe","Intersección","Bueno","Buena","Diurna","Buen Tiempo","De alcance","S/D","Colisión","Ninguna","Faltante","Ninguna","Sin restricción"
2014,9291,08/10/2014,"Miercoles",0,04:20:00,,"0.0",1,"Automóvil","AV. SAN LORENZO Y MARTIN COPPA",1,1,0,0,0,0,0,,"Avenida",,"CAPITÁN BERMÚDEZ","San Lorenzo","Asfalto","Ripio","XVII","Dentro","Urbana","S/D","No existe","Recta","Bueno","S/D","Nocturna","Buen Tiempo","S/D","S/D","Vuelco","Ninguna","S/D","Línea divisoria pintada","Sin restricción"
2014,9292,29/12/2014,"Lunes",0,17:00:00,,"0.0",2,"Pickup/Utilitario,Moto/Ciclomotor","Cochabamba 1000",2,1,0,0,1,0,0,,"Calle",,"ROSARIO","Rosario","Asfalto","S/D","II","Dentro","Urbana","Señal Pare","No existe","Recta","Bueno","Buena","Atardecer","Buen Tiempo","De alcance","S/D","Colisión","S/D","Vertical","S/D","S/D"
2014,9293,08/12/2014,"Lunes",0,18:30:00,,"0.0",2,"Moto/Ciclomotor,Automóvil","Paraguay Y Amenabar",2,1,0,0,1,0,0,,"Calle",,"ROSARIO","Rosario","Asfalto","No existe","II","Dentro","Urbana","Ninguna","No existe","Intersección","Bueno","Buena","Diurna","Buen Tiempo","De alcance","S/D","Colisión","Ninguna","Faltante","Ninguna","Sin restricción"
2014,9294,04/12/2014,"Jueves",0,17:45:00,,"0.0",2,"Bicicleta,Pickup/Utilitario","24 De Setiembre Y Colon",2,1,0,0,1,0,0,,"Calle",,"ROSARIO","Rosario","Asfalto","No existe","II","Dentro","Urbana","Marca Vial","No existe","Intersección","Bueno","Buena","Atardecer","Buen Tiempo","S/D","S/D","Atropello","Ninguna","Vertical","Línea divisoria pintada","Sin restricción"
2014,9295,07/12/2014,"Domingo",0,12:30:00,,"0.0",2,"Moto/Ciclomotor,Automóvil","España Y Pje. Rep.de Armenia",3,2,0,0,1,0,0,,"Calle",,"ROSARIO","Rosario","Asfalto","No existe","II","Dentro","Urbana","Ninguna","No existe","Recta","Bueno","Buena","Diurna","Buen Tiempo","De alcance","S/D","Colisión","Ninguna","Faltante","Ninguna","Sin restricción"
2014,9296,23/12/2014,"Martes",0,18:50:00,,"0.0",2,"Automóvil,Moto/Ciclomotor","Mitre Y Cerrito",2,1,0,0,1,0,0,,"Calle",,"ROSARIO","Rosario","Asfalto","S/D","II","Dentro","Urbana","Señal Ceda el Paso","No existe","Intersección","S/D","Buena","Atardecer","Buen Tiempo","De alcance","S/D","Colisión","S/D","Vertical","S/D","S/D"
2014,9297,02/12/2014,"Martes",0,17:00:00,,"0.0",2,"Peatón,Automóvil","Ayacucho Y 24 De Setiembre",2,1,0,0,1,0,0,,"Calle",,"ROSARIO","Rosario","Asfalto","S/D","II","Dentro","Urbana","Marca Vial","S/D","Intersección","Bueno","S/D","Diurna","Buen Tiempo","S/D","S/D","Atropello","Ninguna","Vertical","Línea divisoria pintada","Sin restricción"
2014,9298,04/12/2014,"Jueves",0,05:55:00,,"0.0",2,"Taxi/Remis,Moto/Ciclomotor","Bv. 27 De Febrero Y Maipu",2,0,0,1,1,0,0,,"Avenida",,"ROSARIO","Rosario","Asfalto","No existe","II","Dentro","Urbana","S/D","Funciona","Intersección","Bueno","S/D","Nocturna","S/D","Lateral","S/D","Colisión","S/D","S/D","S/D","S/D"
2014,9299,12/12/2014,"Viernes",0,06:30:00,,"0.0",2,"Moto/Ciclomotor,Automóvil","Av. Pellegrini Y Av. Ovidio Lagos",2,1,0,0,1,0,0,,"Avenida",,"ROSARIO","Rosario","Asfalto","No existe","II","Dentro","Urbana","Semáforo","Funciona","Recta","Bueno","Buena","Diurna","Buen Tiempo","De alcance","S/D","Colisión","S/D","Vertical","S/D","S/D"
2014,9300,08/11/2014,"Sabado",0,,"Ruta Nacional 11","0.0",2,"Peatón,Otros","Av San Martin Y Moreno",2,0,0,0,0,1,1,"-32.752416666667,-60.734222222222","Ruta",11,"SAN LORENZO","San Lorenzo","Hormigón","No existe","XVII","Dentro","Urbana","S/D","S/D","Intersección","Bueno","S/D","S/D","S/D","S/D","S/D","Atropello","S/D","S/D","Cordón divisorio","S/D"
2014,9301,19/12/2014,"Viernes",0,14:00:00,,"0.0",2,"Moto/Ciclomotor,Automóvil","Cucha Cucha Y Esteban de Luca",3,2,0,0,1,0,0,,"Calle",,"ROSARIO","Rosario","Asfalto","No existe","II","Dentro","Urbana","Ninguna","No existe","Intersección","S/D","Buena","Diurna","S/D","Lateral","S/D","Colisión","Ninguna","S/D","Ninguna","Sin restricción"
2014,9302,05/12/2014,"Viernes",0,16:20:00,,"0.0",2,"Automóvil,Moto/Ciclomotor","Av. Uriburu Y Vuelta De Obligado",2,1,0,0,1,0,0,,"Calle",,"ROSARIO","Rosario","Asfalto","S/D","II","Dentro","Urbana","Semáforo","Funciona","Intersección","Bueno","Buena","Diurna","Buen Tiempo","De alcance","S/D","Colisión","Ninguna","Horizontal","S/D","Sin restricción"
2014,9303,11/12/2014,"Jueves",0,10:00:00,,"0.0",2,"Automóvil,Moto/Ciclomotor","Sarmiento Y Pasco",3,2,0,0,1,0,0,,"Calle",,"ROSARIO","Rosario","Asfalto","No existe","II","Dentro","Urbana","Señal Pare","No existe","Recta","S/D","Buena","Diurna","Buen Tiempo","De alcance","S/D","Colisión","S/D","Vertical","S/D","Sin restricción"
2014,9304,10/11/2014,"Lunes",0,11:30:00,"Ruta Nacional 11","0.0",2,"Moto/Ciclomotor,Camión","Av Lopez y Planes Y Pedro Centeno",2,0,0,0,1,1,0,"-31.624972222222,-60.7135","Ruta",11,"SANTA FE","La Capital","Asfalto","No existe","I","Dentro","Urbana","S/D","S/D","Intersección","Bueno","Buena","Diurna","Buen Tiempo","S/D","S/D","Colisión","S/D","S/D","Cordón divisorio","S/D"
2014,9305,10/12/2014,"Miercoles",0,17:30:00,,"0.0",2,"Moto/Ciclomotor,Moto/Ciclomotor","Grandoli Y Sanchez de Thompson",2,2,0,0,0,0,0,,"Calle",,"ROSARIO","Rosario","Asfalto","No existe","II","Dentro","Urbana","Ninguna","No existe","Intersección","S/D","Buena","Diurna","S/D","Lateral","S/D","Colisión","S/D","S/D","Ninguna","Sin restricción"
2014,9306,09/12/2014,"Martes",0,15:50:00,,"0.0",4,"Automóvil,Automóvil,Automóvil,Automóvil","Av. Pellegrini Y Bv. Oroño",4,1,0,0,3,0,0,,"Avenida",,"ROSARIO","Rosario","Asfalto","S/D","II","Dentro","Urbana","Semáforo","Funciona","Recta","Bueno","Buena","Diurna","Buen Tiempo","Múltiple","S/D","Colisión","S/D","Vertical","S/D","S/D"
2014,9307,04/12/2014,"Jueves",0,18:30:00,,"0.0",2,"Moto/Ciclomotor,Ambulancia","Av. Castro Barros Y Reg.11 de Infanteria",2,1,0,0,1,0,0,,"Calle",,"ROSARIO","Rosario","Asfalto","No existe","II","Dentro","Urbana","Ninguna","No existe","Intersección","S/D","Buena","Diurna","Buen Tiempo","Lateral","S/D","Colisión","S/D","S/D","Ninguna","Sin restricción"
2014,9308,01/12/2014,"Lunes",0,09:30:00,,"0.0",2,"Automóvil,Automóvil","Buenos Aires Y Lamadrid",2,2,0,0,0,0,0,,"Calle",,"ROSARIO","Rosario","Asfalto","No existe","II","Dentro","Urbana","Ninguna","No existe","Intersección","Bueno","Buena","Diurna","S/D","Lateral","S/D","Colisión","S/D","S/D","Ninguna","Sin restricción"
2014,9309,13/11/2014,"Jueves",0,20:20:00,"Ruta Provincial 26","0.0",2,"Moto/Ciclomotor,Tractor","RP 26 en la salida hacia Fuentes ",2,0,0,0,1,1,0,"-33.059832, -61.152545","Ruta",26,"CASILDA","Caseros","Asfalto","S/D","IV","Dentro","S/D","S/D","No existe","Recta","Bueno","Reducida","Nocturna","Buen Tiempo","De alcance","S/D","Colisión","S/D","S/D","Línea divisoria pintada","S/D"
2014,9310,03/11/2014,"Lunes",0,09:00:00,,"0.0",2,"Moto/Ciclomotor,Automóvil","Laprida Y Reg.11 de Infanteria",2,1,0,0,1,0,0,,"Calle",,"ROSARIO","Rosario","Asfalto","No existe","II","Dentro","Urbana","Ninguna","No existe","Intersección","Bueno","Buena","Diurna","S/D","Lateral","S/D","Colisión","S/D","S/D","Ninguna","Sin restricción"
2014,9311,09/12/2014,"Martes",0,18:00:00,,"0.0",2,"Automóvil,Automóvil","Ituzaingo Y Laprida",2,1,0,0,1,0,0,,"Calle",,"ROSARIO","Rosario","Asfalto","No existe","II","Dentro","Urbana","S/D","No existe","Intersección","Bueno","S/D","Diurna","S/D","Lateral","S/D","Colisión","S/D","S/D","S/D","S/D"
2014,9312,11/12/2014,"Jueves",0,00:30:00,,"0.0",2,"Moto/Ciclomotor,Moto/Ciclomotor","Bv. 27 De Febrero Y Colon",2,1,0,0,1,0,0,,"Avenida",,"ROSARIO","Rosario","S/D","S/D","II","Dentro","Urbana","S/D","S/D","Intersección","S/D","S/D","Nocturna","S/D","Lateral","S/D","Colisión","S/D","S/D","S/D","S/D"
2014,9313,19/12/2014,"Viernes",0,19:25:00,,"0.0",3,"Automóvil,Automóvil,Automóvil","Av. Pellegrini Y Callao",4,2,0,0,2,0,0,,"Avenida",,"ROSARIO","Rosario","Asfalto","S/D","II","Dentro","Urbana","Semáforo","Funciona","Recta","Bueno","Buena","Atardecer","Buen Tiempo","De alcance","S/D","Colisión","S/D","Vertical","S/D","S/D"
2014,9314,13/12/2014,"Sabado",0,12:40:00,,"0.0",2,"Moto/Ciclomotor,Automóvil","La Paz Y Necochea",4,0,0,1,3,0,0,,"Calle",,"ROSARIO","Rosario","Asfalto","No existe","II","Dentro","Urbana","S/D","S/D","Intersección","Bueno","S/D","Diurna","S/D","Lateral","S/D","Colisión","S/D","S/D","Ninguna","S/D"
2014,9315,21/12/2014,"Domingo",0,09:30:00,,"0.0",2,"Automóvil,Moto/Ciclomotor","Rueda Y Pueyrredon",3,2,0,0,1,0,0,,"Calle",,"ROSARIO","Rosario","Asfalto","S/D","II","Dentro","Urbana","S/D","No existe","Recta","Bueno","Buena","Diurna","Buen Tiempo","De alcance","S/D","Colisión","S/D","Vertical","S/D","S/D"
2014,9316,14/12/2014,"Domingo",0,19:00:00,,"0.0",2,"Automóvil,Pickup/Utilitario","Bv. 27 De Febrero Y Necochea",2,1,0,0,1,0,0,,"Avenida",,"ROSARIO","Rosario","Asfalto","S/D","II","Dentro","Urbana","S/D","S/D","Intersección","Bueno","S/D","Nocturna","S/D","Lateral","S/D","Colisión","S/D","S/D","S/D","S/D"
2014,9317,09/12/2014,"Martes",0,15:30:00,,"0.0",2,"Automóvil,Moto/Ciclomotor","Hilarion de la Quintana Y Necochea",3,1,1,0,1,0,0,,"Calle",,"ROSARIO","Rosario","Asfalto","No existe","II","Dentro","Urbana","Ninguna","No existe","Cruce","Bueno","Buena","Diurna","Buen Tiempo","Lateral","S/D","Colisión","Otro","Faltante","Ninguna","Sin restricción"
2014,9318,22/12/2014,"Lunes",0,07:00:00,,"0.0",2,"Moto/Ciclomotor,Automóvil","Bv. 27 De Febrero Y Ayacucho",2,1,0,0,1,0,0,,"Avenida",,"ROSARIO","Rosario","Asfalto","Pavimento","II","Dentro","Urbana","S/D","S/D","Intersección","Bueno","S/D","S/D","S/D","Lateral","S/D","Colisión","S/D","S/D","Cordón divisorio","S/D"
2014,9319,25/12/2014,"Jueves",0,17:30:00,,"0.0",2,"Automóvil,Automóvil","Buenos Aires Y Dr.Rivas",2,1,0,0,1,0,0,,"Calle",,"ROSARIO","Rosario","Asfalto","No existe","II","Dentro","Urbana","Marca Vial","No existe","Intersección","Bueno","Buena","Atardecer","Buen Tiempo","Lateral","S/D","Colisión","Ninguna","Vertical","Línea divisoria pintada","Sin restricción"
2014,9320,23/12/2014,"Martes",0,09:30:00,,"0.0",2,"Moto/Ciclomotor,Automóvil","Buenos Aires Y Centeno",2,2,0,0,0,0,0,,"Calle",,"ROSARIO","Rosario","Asfalto","No existe","II","Dentro","Urbana","Marca Vial","No existe","Intersección","Bueno","Buena","Diurna","Buen Tiempo","Lateral","S/D","Colisión","Ninguna","Vertical","Línea divisoria pintada","Sin restricción"
2014,9321,30/12/2014,"Martes",0,20:00:00,,"0.0",2,"Moto/Ciclomotor,Moto/Ciclomotor","Mitre Y Virasoro",3,3,0,0,0,0,0,,"Calle",,"ROSARIO","Rosario","Asfalto","S/D","II","Dentro","Urbana","S/D","No existe","Recta","S/D","Buena","Atardecer","Buen Tiempo","De alcance","S/D","Colisión","S/D","Vertical","S/D","S/D"
2014,9322,05/12/2014,"Viernes",0,18:00:00,,"0.0",2,"Transporte de Pasajeros Urbano (> 8 asientos),Automóvil","Av. Pellegrini Y Bv. Oroño",5,4,0,0,1,0,0,,"Avenida",,"ROSARIO","Rosario","Asfalto","S/D","II","Dentro","Urbana","Semáforo","Funciona","Recta","Bueno","Buena","Atardecer","Buen Tiempo","De alcance","S/D","Colisión","S/D","Vertical","S/D","S/D"
2014,9323,15/12/2014,"Lunes",0,18:00:00,,"0.0",2,"Moto/Ciclomotor,Automóvil","Bv. Segui Y Laprida",2,1,0,0,1,0,0,,"Calle",,"ROSARIO","Rosario","Asfalto","No existe","II","Dentro","Urbana","Marca Vial","No existe","Intersección","Bueno","Buena","Atardecer","Buen Tiempo","Lateral","S/D","Colisión","Ninguna","Vertical","Línea divisoria pintada","Sin restricción"
2014,9324,24/12/2014,"Miercoles",0,09:40:00,,"0.0",2,"Bicicleta,Automóvil","Ayacucho Y Benito Juarez",2,1,0,0,1,0,0,,"Calle",,"ROSARIO","Rosario","Asfalto","No existe","II","Dentro","Urbana","Ninguna","No existe","Intersección","Bueno","Buena","Diurna","S/D","S/D","S/D","Atropello","S/D","S/D","Línea divisoria pintada","Sin restricción"
2014,9325,09/12/2014,"Martes",0,12:10:00,,"0.0",2,"Moto/Ciclomotor,Automóvil","Navarro Y Ambrosetti",2,1,0,0,1,0,0,,"Calle",,"ROSARIO","Rosario","Asfalto","S/D","II","Dentro","Urbana","S/D","S/D","Intersección","Bueno","S/D","Diurna","Buen Tiempo","Lateral","S/D","Colisión","S/D","S/D","S/D","S/D"
2014,9326,10/12/2014,"Miercoles",0,11:30:00,,"0.0",2,"Taxi/Remis,Moto/Ciclomotor","L.N.Alem Y Pte.Quintana",2,1,0,0,1,0,0,,"Calle",,"ROSARIO","Rosario","Asfalto","No existe","II","Dentro","Urbana","Ninguna","No existe","Cruce","Bueno","Buena","Diurna","Buen Tiempo","Lateral","S/D","Colisión","Ninguna","Faltante","Ninguna","Sin restricción"
2014,9327,07/12/2014,"Domingo",0,21:50:00,,"0.0",2,"Automóvil,Pickup/Utilitario","Av. Eva Peron 6900",3,1,0,0,2,0,0,,"Avenida",,"ROSARIO","Rosario","Asfalto","S/D","II","Dentro","Urbana","S/D","S/D","Intersección","Bueno","S/D","Nocturna","S/D","Lateral","S/D","Colisión","S/D","S/D","S/D","S/D"
2014,9328,08/12/2014,"Lunes",0,,,"0.0",2,"Automóvil,Moto/Ciclomotor","Av. Provincias Unidas A Y Gorriti",2,1,0,0,1,0,0,,"Avenida",,"ROSARIO","Rosario","Asfalto","S/D","II","Dentro","Urbana","S/D","S/D","Recta","Bueno","S/D","S/D","S/D","Lateral","S/D","Colisión","S/D","S/D","S/D","S/D"
2014,9329,09/12/2014,"Martes",0,02:00:00,,"0.0",2,"Automóvil,Moto/Ciclomotor","Donado Y Bv. Argentino",2,1,0,0,1,0,0,,"Avenida",,"ROSARIO","Rosario","Asfalto","S/D","II","Dentro","Urbana","S/D","S/D","Intersección","Bueno","S/D","Nocturna","S/D","Lateral","S/D","Colisión","S/D","S/D","S/D","S/D"
2014,9330,18/12/2014,"Jueves",0,17:15:00,,"0.0",2,"Bicicleta,Automóvil","Sarratea Bis Y Bv. Argentino",2,1,0,0,1,0,0,,"Avenida",,"ROSARIO","Rosario","Asfalto","S/D","II","Dentro","Urbana","S/D","S/D","Intersección","Bueno","S/D","Diurna","S/D","S/D","S/D","Atropello","S/D","S/D","S/D","S/D"
2014,9331,05/06/2014,"Jueves",0,17:30:00,"Ruta Nacional 19","112.0",2,"Camión,Pickup/Utilitario"," ",2,0,0,0,0,0,2,,"Ruta",19,"JOSEFINA","Castellanos","Hormigón","S/D","V","S/D","S/D","S/D","S/D","S/D","S/D","S/D","Atardecer","S/D","S/D","S/D","Colisión","S/D","S/D","S/D","S/D"
2014,9338,12/06/2014,"Jueves",0,11:50:00,"Ruta Nacional A008","9.0",1,"Automóvil","Av. Circunvalacion ",1,1,0,0,0,0,0,,"Ruta","A008","ROSARIO","Rosario","Hormigón","S/D","II","Fuera","S/D","S/D","S/D","S/D","S/D","S/D","Diurna","S/D","Contra objeto fijo","S/D","Colisión","S/D","S/D","Barrera de alto impacto","S/D"