"anio_acci","nro_acci","fecha","desc_dia","fecha_aprox","hora_aprox","desc_ruta","km","cant_participantes","desc_participante","calle_avenida_km","total","heridos_leves","heridos_graves","heridos_gravisimos","ilesos","fallecidos","sin_datos","posicion_XY","desc_tipo_via","desc_ruta_ori","desc_loc","desc_dpto","desc_tipo_calzada","desc_tipo_banquina","desc_unidad_regional","desc_lugar_calzada","desc_zona","desc_prioridad","desc_estado_semaforo","desc_lugar_via","desc_estado_via","desc_estado_visibilidad","desc_luminosidad","desc_estado_clima","desc_tipo_colision","desc_tipo_atropello","desc_tipo_hecho","desc_pres_calzada","desc_senializacion","desc_separacion_via","desc_restriccion"
2014,9339,17/11/2014,"Lunes",0,18:00:00,"Ruta Nacional 168","0.0",2,"Moto/Ciclomotor,Camión","Puente Oroño, lado E ",4,1,1,0,1,1,0,"-31.641069, -60.679433","Ruta",168,"SANTA FE","La Capital","Asfalto","No existe","I","Dentro","Urbana","S/D","No existe","Puente","Deteriorada","Buena","Diurna","Buen Tiempo","S/D","S/D","Colisión","S/D","Vertical","Cordón divisorio","S/D"
2014,9340,12/06/2014,"Jueves",0,20:30:00,"Ruta Nacional A012","53.0",2,"Camión,Camión"," ",2,0,0,0,0,0,2,,"Ruta","A012","IBARLUCEA","Rosario","Hormigón","Natural","II","Dentro","S/D","S/D","S/D","S/D","S/D","S/D","Nocturna","S/D","S/D","S/D","Colisión","S/D","S/D","S/D","S/D"
2014,9341,23/11/2014,"Domingo",0,20:30:00,,"0.0",1,"Moto/Ciclomotor","Av Peñaloza 7400",1,0,0,0,0,1,0,"-31.595805555556,-60.712277777778","Avenida",,"SANTA FE","La Capital","Asfalto","No existe","I","Fuera","Urbana","S/D","No existe","Recta","Bueno","Buena","Atardecer,Con luz artificial","S/D","Contra objeto fijo","S/D","Colisión","S/D","Horizontal,Vertical","Cordón divisorio","S/D"
2014,9342,23/12/2014,"Martes",0,14:00:00,,"0.0",2,"Pickup/Utilitario,Bicicleta","Guatemala Y Urquiza",2,1,0,0,1,0,0,,"Calle",,"ROSARIO","Rosario","Asfalto","No existe","II","Dentro","Urbana","Marca Vial","No existe","Intersección","Bueno","Buena","Diurna","Buen Tiempo","S/D","S/D","Atropello","Ninguna","Faltante","Cordón divisorio","Sin restricción"
2014,9343,15/12/2014,"Lunes",0,18:15:00,"Ruta Nacional 9","0.0",2,"Automóvil,Moto/Ciclomotor"," ",2,1,0,0,1,0,0,,"Ruta",9,"FUNES","Rosario","Asfalto","S/D","II","S/D","Urbana","S/D","Funciona","Intersección","S/D","S/D","Diurna","S/D","Otro","S/D","Colisión","S/D","S/D","S/D","S/D"
2014,9344,13/06/2014,"Viernes",0,16:00:00,,"0.0",2,"Bicicleta,Camión","Teniente Loza ",3,2,0,0,1,0,0,"-31.565846988135,-60.738617361028","Calle",,"SANTA FE","La Capital","Hormigón","S/D","I","Dentro","S/D","S/D","S/D","S/D","S/D","S/D","Diurna","S/D","S/D","S/D","Atropello","S/D","S/D","S/D","S/D"
2014,9345,29/12/2014,"Lunes",0,14:40:00,,"0.0",2,"Automóvil,Automóvil","Nicaragua Y Casilda",4,3,0,0,1,0,0,,"Calle",,"ROSARIO","Rosario","Asfalto","S/D","II","S/D","Urbana","S/D","S/D","Intersección","Bueno","S/D","S/D","S/D","S/D","S/D","S/D","S/D","S/D","S/D","S/D"
2014,9346,23/12/2014,"Martes",0,10:40:00,,"0.0",2,"Moto/Ciclomotor,Moto/Ciclomotor","Av. Pellegrini Y F.More",2,1,0,0,1,0,0,,"Avenida",,"ROSARIO","Rosario","Asfalto","No existe","II","Dentro","Urbana","Semáforo","Funciona","Intersección","Bueno","Buena","Diurna","Buen Tiempo","Lateral","S/D","Colisión","Ninguna","Faltante","Cordón divisorio","Sin restricción"
2014,9347,16/12/2014,"Martes",0,10:10:00,,"0.0",2,"Moto/Ciclomotor,Automóvil","Gustavo Cochet 900",2,1,0,0,1,0,0,,"Calle",,"ROSARIO","Rosario","Asfalto","No existe","II","S/D","Urbana","Ninguna","No existe","S/D","Bueno","Buena","Diurna","Buen Tiempo","Lateral","S/D","Colisión","Ninguna","Faltante","S/D","Sin restricción"
2014,9348,28/12/2014,"Domingo",0,17:00:00,,"0.0",2,"Automóvil,Automóvil","Santa Fe Y Solis",2,1,0,0,1,0,0,,"Calle",,"ROSARIO","Rosario","Asfalto","No existe","II","S/D","Urbana","Marca Vial","No existe","Intersección","Bueno","Buena","Diurna","Buen Tiempo","Lateral","S/D","Colisión","Ninguna","Faltante","Cordón divisorio","Sin restricción"
2014,9349,24/12/2014,"Miercoles",0,01:10:00,,"0.0",2,"Moto/Ciclomotor,Automóvil","Calle 1707 Y Pje. 1754",2,0,0,0,1,0,1,,"Calle",,"ROSARIO","Rosario","Asfalto","No existe","II","Fuera","Urbana","Ninguna","No existe","S/D","Bueno","Buena","Diurna","Buen Tiempo","Lateral","S/D","Colisión","Ninguna","Faltante","S/D","Sin restricción"
2014,9350,08/12/2014,"Lunes",0,17:00:00,,"0.0",2,"Moto/Ciclomotor,Automóvil","Velez Sarsfield Y Av. Provincias Unidas",4,3,0,0,1,0,0,,"Avenida",,"ROSARIO","Rosario","Asfalto","S/D","II","S/D","Urbana","S/D","S/D","Intersección","Bueno","S/D","S/D","S/D","S/D","S/D","S/D","S/D","S/D","S/D","S/D"
2014,9351,28/12/2014,"Domingo",0,14:00:00,,"0.0",2,"Automóvil,Moto/Ciclomotor","La Paz Y Roullon",2,1,0,0,1,0,0,,"S/D",,"ROSARIO","Rosario","Asfalto","No existe","II","S/D","Urbana","Marca Vial","No existe","Intersección","Bueno","Buena","Diurna","Buen Tiempo","Lateral","S/D","Colisión","Ninguna","Faltante","Cordón divisorio","Sin restricción"
2014,9352,27/12/2014,"Sabado",0,,,"0.0",2,"Automóvil,Moto/Ciclomotor","Pje. Boedo 2100",2,1,0,0,1,0,0,,"Calle",,"ROSARIO","Rosario","Asfalto","No existe","II","S/D","Urbana","Ninguna","S/D","Intersección","Bueno","Buena","Nocturna","Buen Tiempo","Frontal","S/D","Colisión","Otro","S/D","Ninguna","Sin restricción"
2014,9353,12/12/2014,"Viernes",0,17:50:00,,"0.0",2,"Peatón,Moto/Ciclomotor","Olmos Bis Y J.B.Justo",2,0,0,0,1,0,1,,"Calle",,"ROSARIO","Rosario","S/D","S/D","II","S/D","Urbana","S/D","S/D","Recta","S/D","S/D","Diurna","S/D","S/D","S/D","Atropello","S/D","S/D","S/D","S/D"
2014,9354,14/12/2014,"Domingo",0,06:15:00,,"0.0",2,"Moto/Ciclomotor,Automóvil","Mendoza 7800",2,1,0,0,1,0,0,,"Calle",,"ROSARIO","Rosario","Asfalto","Pavimento","II","Fuera","Urbana","Ninguna","No existe","S/D","Bueno","Buena","Diurna","Buen Tiempo","Lateral","S/D","Colisión","Ninguna","Faltante","S/D","Sin restricción"
2014,9355,22/12/2014,"Lunes",0,20:45:00,,"0.0",2,"Automóvil,Automóvil","Mendoza Y Guatemala",3,1,0,0,2,0,0,,"Calle",,"ROSARIO","Rosario","Asfalto","No existe","II","Dentro","Urbana","Semáforo","Funciona","Intersección","Bueno","Buena","Nocturna,Con luz artificial","Buen Tiempo","Lateral","S/D","Colisión","Ninguna","Faltante","Cordón divisorio","Sin restricción"
2014,9356,22/12/2014,"Lunes",0,07:50:00,,"0.0",2,"Automóvil,Transporte de Pasajeros Urbano (> 8 asientos)","Mendoza Y Cullen",3,1,0,0,2,0,0,,"Avenida",,"ROSARIO","Rosario","Asfalto","No existe","II","Dentro","Urbana","Semáforo","Funciona","Intersección","Bueno","Buena","Diurna","Buen Tiempo","Lateral","S/D","Colisión","Ninguna","Faltante","Cordón divisorio","Sin restricción"
2014,9357,09/12/2014,"Martes",0,12:35:00,,"0.0",2,"Automóvil,Taxi/Remis","Dean Funes Y Colon",3,1,0,0,2,0,0,,"S/D",,"ROSARIO","Rosario","Asfalto","No existe","II","S/D","S/D","Señal Pare","No existe","Cruce","Bueno","Buena","Diurna","Buen Tiempo","Lateral","S/D","Colisión","Ninguna","Vertical","Ninguna","Sin restricción"
2014,9358,10/12/2014,"Miercoles",0,03:25:00,,"0.0",2,"Camión,Moto/Ciclomotor","Bv. Wilde 700",2,1,0,0,1,0,0,,"Calle",,"ROSARIO","Rosario","Asfalto","No existe","II","S/D","Urbana","Ninguna","No existe","S/D","Bueno","Buena","Nocturna","Buen Tiempo","Lateral","S/D","Colisión","Ninguna","Faltante","S/D","Sin restricción"
2014,9359,30/12/2014,"Martes",0,18:00:00,,"0.0",2,"Peatón,Moto/Ciclomotor","Mendoza Y Larrea",3,1,0,0,2,0,0,,"Avenida",,"ROSARIO","Rosario","Asfalto","No existe","II","Dentro","Urbana","Semáforo","Funciona","Intersección","Bueno","Buena","Diurna","Buen Tiempo","S/D","S/D","Atropello","Ninguna","Faltante","Cordón divisorio","Sin restricción"
2014,9360,19/12/2014,"Viernes",0,21:00:00,,"0.0",2,"Automóvil,Bicicleta","La Paz Y Garzon",2,1,0,0,1,0,0,,"Calle",,"ROSARIO","Rosario","Asfalto","No existe","II","Dentro","Urbana","Marca Vial","No existe","Intersección","Bueno","Buena","Nocturna,Con luz artificial","Buen Tiempo","Lateral","S/D","Colisión","Ninguna","Faltante","Cordón divisorio","Sin restricción"
2014,9361,06/12/2014,"Sabado",0,21:15:00,"Autovía Nacional Gral. Juan Jose Valle","267.0",2,"Automóvil,Automóvil"," ",8,0,2,0,6,0,0,,"Autovía","Gral. Juan Jose Valle","ARROYO SECO","Rosario","Asfalto","Natural","II","Fuera","Urbana","Ninguna","No existe","Recta","Bueno","Buena","Nocturna","Buen Tiempo","Otro","S/D","Colisión","S/D","Vertical","Vegetación","Sin restricción"
2014,9362,24/11/2014,"Lunes",0,05:30:00,"Autovía Nacional 168","487.0",1,"Moto/Ciclomotor"," ",1,0,0,0,0,1,0,"-31.680537, -60.559313","Autovía",168,"COLASTINE","La Capital","Asfalto","Natural","I","Dentro","Urbana","Marca Vial","No existe","Recta","Bueno","Reducida","Amanecer","Buen Tiempo","S/D","S/D","Caída ocupante","S/D","Horizontal,Vertical","Guardarrail,Vegetación","S/D"
2014,9363,27/12/2014,"Sabado",0,10:00:00,,"0.0",2,"Automóvil,Automóvil","San Martin Y Uruguay",6,5,0,0,1,0,0,,"Avenida",,"ROSARIO","Rosario","Asfalto","No existe","II","Dentro","Urbana","Semáforo","Funciona","Cruce","Bueno","Buena","Diurna","Buen Tiempo","De alcance","S/D","Colisión","Ninguna","Vertical","Línea divisoria pintada","Sin restricción"
2014,9364,21/12/2014,"Domingo",0,09:30:00,"Ruta Nacional 9","0.0",2,"Pickup/Utilitario,Automóvil","Ruta Nacional 9 Y Las Heras",2,1,1,0,0,0,0,,"Ruta",9,"FUNES","Rosario","Asfalto","S/D","II","S/D","Urbana","S/D","S/D","Intersección","Bueno","S/D","Diurna","S/D","S/D","S/D","S/D","S/D","S/D","S/D","S/D"
2014,9365,07/12/2014,"Domingo",0,11:30:00,,"0.0",2,"Automóvil,Moto/Ciclomotor","Rivarola 8000",2,1,0,0,1,0,0,,"S/D",,"ROSARIO","Rosario","Asfalto","Pavimento","II","S/D","Urbana","Marca Vial","No existe","Intersección","Con baches","Buena","Diurna","Buen Tiempo","Lateral","S/D","Colisión","S/D","S/D","S/D","Sin restricción"
2014,9366,01/12/2014,"Lunes",0,10:00:00,,"0.0",2,"Vehículo Oficial,Pickup/Utilitario","Av. De Las Palmeras Y Av. Uriburu",2,2,0,0,0,0,0,,"Avenida",,"ROSARIO","Rosario","Asfalto,Hormigón","Pavimento","II","S/D","Urbana","Ninguna","No existe","Intersección","S/D","Buena","Diurna","Buen Tiempo","Lateral","S/D","Colisión","S/D","S/D","S/D","Sin restricción"
2014,9367,29/11/2014,"Sabado",0,10:00:00,"Ruta Nacional 11","333.0",2,"Bicicleta,Camión","RN11 y RP10 ",2,0,0,0,1,1,0,"-32.717833, -60.753543","Ruta",11,"SAN LORENZO","San Lorenzo","Asfalto","Natural","XVII","Dentro","Urbana","S/D","No existe","Distribuidor","Con baches,Ahuellamiento","Buena","Diurna","Buen Tiempo","S/D","S/D","Atropello","S/D","Vertical","Cordón divisorio,Vegetación,Línea divisoria pintada","S/D"
2014,9368,09/12/2014,"Martes",0,08:50:00,,"0.0",2,"Automóvil,Automóvil","C.Larralde Y Irurtia",2,1,0,0,1,0,0,,"Calle",,"ROSARIO","Rosario","Asfalto","No existe","I","S/D","Urbana","Ninguna","No existe","Intersección","Con baches","Buena","Diurna","Buen Tiempo","Lateral","S/D","Colisión","S/D","S/D","S/D","Sin restricción"
2014,9369,20/12/2014,"Sabado",0,20:00:00,,"0.0",2,"Moto/Ciclomotor,Automóvil","Av. Eva Peron Y Cullen",2,1,0,0,1,0,0,,"Avenida",,"ROSARIO","Rosario","Asfalto","No existe","II","Dentro","Urbana","Semáforo","Funciona","Intersección","Bueno","Buena","Nocturna,Con luz artificial","Buen Tiempo","Lateral","S/D","Colisión","Ninguna","Faltante","Cordón divisorio","Sin restricción"
2014,9370,29/12/2014,"Lunes",0,13:30:00,,"0.0",2,"Automóvil,Moto/Ciclomotor","Urquiza Y Solis",3,1,0,0,2,0,0,,"Calle",,"ROSARIO","Rosario","S/D","S/D","II","Dentro","Urbana","S/D","S/D","Intersección","S/D","S/D","S/D","S/D","Lateral","S/D","Colisión","S/D","Faltante","S/D","Sin restricción"
2014,9371,11/12/2014,"Jueves",0,09:00:00,,"0.0",2,"Automóvil,Moto/Ciclomotor","Rivarola Y Benitez",2,1,0,0,1,0,0,,"S/D",,"ROSARIO","Rosario","Asfalto","Pavimento","II","S/D","Urbana","Ninguna","No existe","Intersección","Con baches","Buena","Diurna","Buen Tiempo","De alcance","S/D","Colisión","S/D","S/D","S/D","Sin restricción"
2014,9372,02/12/2014,"Martes",0,11:00:00,,"0.0",2,"Moto/Ciclomotor,Moto/Ciclomotor","Rivarola Y Pje. 1726",2,1,0,0,1,0,0,,"Calle",,"ROSARIO","Rosario","Asfalto","Pavimento","II","S/D","Urbana","Ninguna","No existe","Intersección","Con baches","Buena","Diurna","Buen Tiempo","Lateral","S/D","Colisión","S/D","S/D","S/D","Sin restricción"
2014,9373,05/01/2014,"Domingo",0,18:45:00,,"0.0",2,"Automóvil,Automóvil","Ecuador Y Derqui",3,1,0,0,2,0,0,,"Calle",,"ROSARIO","Rosario","Asfalto","No existe","II","Dentro","Urbana","Marca Vial","No existe","Intersección","Bueno","Buena","Diurna","Buen Tiempo","Lateral","S/D","Colisión","Ninguna","Faltante","Cordón divisorio","Sin restricción"
2014,9374,06/12/2014,"Sabado",0,20:00:00,,"0.0",2,"Automóvil,Moto/Ciclomotor","Av. Provincias Unidas Y Rueda",2,2,0,0,0,0,0,,"Calle",,"ROSARIO","Rosario","Asfalto,Hormigón","No existe","II","S/D","Urbana","Marca Vial","S/D","Intersección","Con baches","Buena","Nocturna","Buen Tiempo","Lateral","S/D","Colisión","S/D","S/D","S/D","Sin restricción"
2014,9375,26/12/2014,"Viernes",0,21:15:00,,"0.0",1,"Moto/Ciclomotor","Junin Y Larrea",1,1,0,0,0,0,0,,"Calle",,"ROSARIO","Rosario","S/D","No existe","II","Dentro","Urbana","S/D","No existe","Recta","S/D","S/D","Nocturna","S/D","S/D","S/D","Caída ocupante","S/D","Faltante","Ninguna","Sin restricción"
2014,9376,07/12/2014,"Domingo",0,06:10:00,,"0.0",2,"Taxi/Remis,Moto/Ciclomotor","Av San Martin Y Guido Spano",2,0,1,0,1,0,0,,"Avenida",,"FRAY LUIS BELTRÁN","San Lorenzo","Asfalto","Ripio","XVII","Dentro","Urbana","Semáforo","Funciona","Intersección","Bueno","Buena","Diurna","Buen Tiempo","Frontal","S/D","Colisión","S/D","Horizontal","Ninguna","Sin restricción"
2014,9377,10/12/2014,"Miercoles",0,15:00:00,,"0.0",2,"Automóvil,Moto/Ciclomotor","Bv. 27 De Febrero Y Dr.G.Colombres",2,1,0,0,1,0,0,,"Avenida",,"ROSARIO","Rosario","Asfalto","Pavimento","II","S/D","Urbana","S/D","No existe","Intersección","Con baches","Buena","Diurna","Buen Tiempo","S/D","S/D","S/D","S/D","S/D","S/D","S/D"
2014,9378,08/12/2014,"Lunes",0,19:30:00,,"0.0",2,"Automóvil,Automóvil","Av San Martin Y Santa Fe",2,1,0,0,1,0,0,,"S/D",,"FRAY LUIS BELTRÁN","San Lorenzo","Asfalto","Pavimento","XVII","S/D","Urbana","Semáforo","Funciona","Recta","Bueno","Buena","Diurna","S/D","Frontal","S/D","Colisión","S/D","Horizontal","Ninguna","Sin restricción"
2014,9379,20/12/2014,"Sabado",0,09:00:00,,"0.0",2,"Moto/Ciclomotor,Moto/Ciclomotor","Av. Provincias Unidas Y Bv. Segui",2,2,0,0,0,0,0,,"S/D",,"ROSARIO","Rosario","Asfalto","Pavimento","II","S/D","Urbana","Semáforo","Funciona","Intersección","Resbaladiza","Buena","Diurna","Buen Tiempo","Lateral","S/D","Colisión","S/D","S/D","S/D","Sin restricción"
2014,9380,23/12/2014,"Martes",0,11:00:00,,"0.0",2,"Automóvil,Moto/Ciclomotor","Campbell Y Gorriti",2,1,0,0,1,0,0,,"Calle",,"ROSARIO","Rosario","S/D","No existe","II","Dentro","Urbana","Ninguna","No existe","Intersección","S/D","Buena","Diurna","S/D","Lateral","S/D","Colisión","S/D","Faltante","Ninguna","Sin restricción"
2014,9381,22/12/2014,"Lunes",0,12:45:00,,"260.0",2,"Moto/Ciclomotor,Automóvil","Ludueña Y Gambartes",2,1,0,0,1,0,0,,"Calle",,"ROSARIO","Rosario","Asfalto","No existe","II","Dentro","Rural","Ninguna","No existe","Recta","Bueno","Buena","Diurna","Buen Tiempo","S/D","S/D","Colisión","Ninguna","Faltante","Ninguna","Sin restricción"
2014,9382,15/12/2014,"Lunes",0,10:00:00,,"0.0",2,"Moto/Ciclomotor,Automóvil","Fraga Y Chubut",2,1,0,0,1,0,0,,"Calle",,"ROSARIO","Rosario","Asfalto","No existe","II","Dentro","Urbana","Marca Vial","No existe","Intersección","Bueno","Buena","Diurna","S/D","Lateral","S/D","Colisión","Ninguna","Faltante","Cordón divisorio","Sin restricción"
2014,9383,22/12/2014,"Lunes",0,,,"0.0",2,"Moto/Ciclomotor,Camión","Av. Circunvalacion Y Baigorria",2,1,0,0,1,0,0,,"Calle",,"ROSARIO","Rosario","S/D","No existe","II","S/D","Urbana","Ninguna","No existe","Recta","Bueno","Buena","Diurna","Buen Tiempo","Otro","S/D","Colisión","Otro","Faltante","Ninguna","Sin restricción"
2014,9384,14/12/2014,"Domingo",0,16:40:00,,"0.0",2,"Pickup/Utilitario,Cuatriciclo","Av San Martin Y Dorrego",2,1,0,0,1,0,0,,"Avenida",,"FRAY LUIS BELTRÁN","San Lorenzo","Asfalto","Ripio","XVII","Dentro","Urbana","Ninguna","No existe","Intersección","Bueno","Buena","Diurna","Buen Tiempo","Lateral","S/D","Colisión","S/D","Horizontal","Ninguna","Sin restricción"
2014,9385,26/12/2014,"Viernes",0,21:00:00,,"0.0",2,"Automóvil,Moto/Ciclomotor","Garay Y Av. Provincias Unidas",2,1,0,0,1,0,0,,"Avenida",,"ROSARIO","Rosario","Asfalto","Pavimento","II","S/D","Urbana","Ninguna","No existe","Intersección","Con baches","Buena","Nocturna","Buen Tiempo","Lateral","S/D","Colisión","S/D","S/D","S/D","Sin restricción"
2014,9386,19/12/2014,"Viernes",0,07:15:00,,"0.0",2,"Moto/Ciclomotor,Automóvil","Av. Pellegrini ",2,1,0,0,1,0,0,,"Avenida",,"ROSARIO","Rosario","Asfalto","No existe","II","Dentro","Urbana","Semáforo","Funciona","Recta","Bueno","Buena","Diurna","Buen Tiempo","Lateral","S/D","Colisión","Otro","Faltante","Cordón divisorio","Sin restricción"
2014,9387,19/12/2014,"Viernes",0,00:40:00,,"0.0",2,"Pickup/Utilitario,Moto/Ciclomotor","Av San Martin Y General Richieri",2,0,1,0,1,0,0,,"Avenida",,"FRAY LUIS BELTRÁN","San Lorenzo","Asfalto","Ripio","XVII","Dentro","Urbana","Semáforo","Funciona","Recta","Bueno","Buena","Nocturna","Buen Tiempo","Frontal","S/D","Colisión","S/D","Horizontal","Ninguna","Sin restricción"
2014,9388,16/12/2014,"Martes",0,20:40:00,,"0.0",2,"Automóvil,Moto/Ciclomotor","Humberto I Y Carriego",2,1,0,0,1,0,0,,"Calle",,"ROSARIO","Rosario","Asfalto","No existe","II","S/D","Urbana","Ninguna","No existe","Intersección","S/D","S/D","Nocturna","S/D","S/D","S/D","Colisión","S/D","Faltante","Ninguna","Sin restricción"
2014,9389,27/12/2014,"Sabado",0,17:00:00,,"0.0",2,"Moto/Ciclomotor,Peatón","AV PTE PERON Y ESTADOS UNIDOS",2,1,0,0,1,0,0,,"Avenida",,"ROSARIO","Rosario","Asfalto","Pavimento","II","S/D","Urbana","Semáforo","Funciona","Intersección","Con baches","Buena","Diurna","Lluvia","S/D","S/D","Atropello","S/D","S/D","S/D","Sin restricción"
2014,9390,27/12/2014,"Sabado",0,,,"0.0",2,"Automóvil,Moto/Ciclomotor","Bv. J.Granel 2800",2,1,0,0,1,0,0,,"Avenida",,"ROSARIO","Rosario","Asfalto","No existe","II","S/D","Urbana","Ninguna","No existe","Recta","Bueno","Buena","Diurna","Buen Tiempo","Otro","S/D","Colisión","Ninguna","Faltante","Ninguna","Sin restricción"
2014,9391,06/12/2014,"Sabado",0,06:00:00,,"0.0",1,"Moto/Ciclomotor","Rivadavia Y Pte Roca",1,0,0,0,0,1,0,"-33.244398, -60.837904","Calle",,"ACEBAL","Rosario","Hormigón","No existe","II","Dentro","Urbana","Ninguna","No existe","Intersección","Bueno","Reducida","Amanecer","Buen Tiempo","Contra objeto fijo","S/D","Colisión,Despiste","S/D","S/D","Ninguna","S/D"
2014,9392,28/12/2014,"Domingo",0,03:30:00,,"0.0",2,"Automóvil,Moto/Ciclomotor","Av San Martin Y Maestra Barragan - Ex Bs.As.",2,1,0,0,1,0,0,,"S/D",,"FRAY LUIS BELTRÁN","San Lorenzo","Asfalto","Ripio","XVII","S/D","Urbana","Ninguna","No existe","Intersección","Bueno","Buena","Nocturna","S/D","Lateral","S/D","Colisión","S/D","Horizontal","Ninguna","S/D"
2014,9393,12/12/2014,"Viernes",0,17:20:00,,"0.0",2,"Moto/Ciclomotor,Moto/Ciclomotor","Garzon Y Gorriti",2,1,0,0,1,0,0,,"Calle",,"ROSARIO","Rosario","S/D","No existe","II","S/D","Urbana","Ninguna","No existe","Intersección","S/D","S/D","Diurna","S/D","S/D","S/D","Colisión","S/D","S/D","Ninguna","Sin restricción"
2014,9394,24/12/2014,"Miercoles",0,07:00:00,"Ruta Nacional 9","0.0",2,"Camión,Automóvil","Ruta Nac 9 Y Malvinas Argentinas",2,0,1,0,1,0,0,,"Ruta",9,"CARCARAÑÁ","San Lorenzo","Asfalto","Ripio","XVII","Dentro","Urbana","Ninguna","No existe","Recta","Bueno","Buena","Diurna","Buen Tiempo","Frontal","S/D","Colisión","Ninguna","S/D","Línea divisoria pintada","Sin restricción"
2014,9395,06/12/2014,"Sabado",0,22:05:00,,"0.0",2,"Moto/Ciclomotor,Automóvil","Cordoba Y 25 de Mayo",3,2,0,0,1,0,0,,"Avenida",,"PUERTO SAN MARTÍN","San Lorenzo","Asfalto","No existe","XVII","Dentro","Urbana","Ninguna","No existe","Intersección","Bueno","Buena","Nocturna","Buen Tiempo","De alcance","S/D","Colisión","Ninguna","Horizontal","Ninguna","Sin restricción"
2014,9396,22/12/2014,"Lunes",0,20:50:00,,"0.0",2,"Moto/Ciclomotor,Automóvil","Sarmiento Y Laprida",2,1,0,0,1,0,0,,"Calle",,"CARCARAÑÁ","San Lorenzo","Hormigón","No existe","XVII","Dentro","Urbana","Ninguna","No existe","Recta","Bueno","Buena","Nocturna","Buen Tiempo","Lateral","S/D","Colisión","Ninguna","S/D","Ninguna","Sin restricción"
2014,9397,07/12/2014,"Domingo",0,16:00:00,,"0.0",2,"Pickup/Utilitario,Moto/Ciclomotor","Roullon Y F.M.Esquiu",3,2,0,0,1,0,0,,"Calle",,"ROSARIO","Rosario","S/D","No existe","II","S/D","Urbana","Ninguna","No existe","Intersección","S/D","S/D","Diurna","S/D","S/D","S/D","Colisión","S/D","S/D","Ninguna","Sin restricción"
2014,9398,13/12/2014,"Sabado",0,19:50:00,,"0.0",2,"Moto/Ciclomotor,Moto/Ciclomotor","Chacabuco Y Uruguay",2,1,0,0,1,0,0,,"Calle",,"CARCARAÑÁ","San Lorenzo","Ripio","S/D","XVII","Dentro","Urbana","Ninguna","No existe","Intersección","Con baches","Buena","Diurna","Buen Tiempo","Lateral","S/D","Colisión","Ninguna","S/D","Ninguna","Sin restricción"
2014,9399,13/12/2014,"Sabado",0,12:25:00,,"0.0",2,"Moto/Ciclomotor,Automóvil","San Martin Y Suiza",3,2,0,0,1,0,0,,"S/D",,"ROSARIO","Rosario","Asfalto","S/D","XVII","S/D","Urbana","S/D","S/D","Recta","Bueno","S/D","Diurna","S/D","S/D","S/D","S/D","S/D","S/D","S/D","S/D"
2014,9400,19/12/2014,"Viernes",0,22:10:00,"Ruta Nacional 11","0.0",2,"Automóvil,Moto/Ciclomotor","Av San Lorenzo Y Las Heras",2,1,0,0,1,0,0,,"Ruta",11,"CAPITÁN BERMÚDEZ","San Lorenzo","Asfalto","Pavimento","XVII","Dentro","Urbana","S/D","S/D","Intersección","Deteriorada","Buena","Nocturna","Buen Tiempo","Frontal","S/D","Colisión","S/D","Faltante","Ninguna","S/D"
2014,9401,07/12/2014,"Domingo",0,21:45:00,,"0.0",2,"Automóvil,Automóvil","Rep.Dominicana Y Humberto I",2,1,0,0,1,0,0,,"Calle",,"ROSARIO","Rosario","S/D","No existe","II","S/D","Urbana","Ninguna","No existe","Intersección","S/D","S/D","Nocturna","S/D","S/D","S/D","S/D","S/D","Faltante","Ninguna","Sin restricción"
2014,9402,08/12/2014,"Lunes",0,19:35:00,,"0.0",2,"Moto/Ciclomotor,Moto/Ciclomotor","Belgrano Y Cordoba",2,1,0,0,1,0,0,,"Calle",,"PUERTO SAN MARTÍN","San Lorenzo","Asfalto","No existe","XVII","Dentro","Urbana","Ninguna","No existe","Intersección","Bueno","Buena","Atardecer","Buen Tiempo","Lateral","S/D","Colisión","Ninguna","Horizontal","Ninguna","Sin restricción"
2014,9403,07/12/2014,"Domingo",0,,"Ruta Provincial 94","0.0",2,"Peatón,Automóvil"," ",2,0,0,0,1,1,0,"-33.891584, -61.704430","Ruta",94,"SANTA ISABEL","General López","Asfalto","Natural","VIII","Dentro","Rural","S/D","No existe","Recta","Bueno","Buena","Diurna","Buen Tiempo","Frontal","S/D","Atropello","S/D","S/D","Línea divisoria pintada","S/D"
2014,9404,26/12/2014,"Viernes",0,13:30:00,,"0.0",2,"Moto/Ciclomotor,Pickup/Utilitario","M Diaz Velez ",3,2,0,0,1,0,0,,"Calle",,"SAN LORENZO","San Lorenzo","S/D","S/D","XVII","S/D","Urbana","S/D","S/D","Recta","S/D","S/D","Diurna","S/D","S/D","S/D","S/D","S/D","S/D","S/D","S/D"
2014,9405,15/12/2014,"Lunes",0,,"Ruta Nacional 11","0.0",2,"Moto/Ciclomotor,Automóvil","Avda Francia Y Av San Lorenzo",2,1,0,0,1,0,0,,"Ruta",11,"CAPITÁN BERMÚDEZ","San Lorenzo","Asfalto","Pavimento","XVII","Dentro","Urbana","S/D","S/D","Intersección","Bueno","Buena","Nocturna","Buen Tiempo","Frontal","S/D","Colisión","S/D","S/D","S/D","S/D"