"anio_acci","nro_acci","fecha","desc_dia","fecha_aprox","hora_aprox","desc_ruta","km","cant_participantes","desc_participante","calle_avenida_km","total","heridos_leves","heridos_graves","heridos_gravisimos","ilesos","fallecidos","sin_datos","posicion_XY","desc_tipo_via","desc_ruta_ori","desc_loc","desc_dpto","desc_tipo_calzada","desc_tipo_banquina","desc_unidad_regional","desc_lugar_calzada","desc_zona","desc_prioridad","desc_estado_semaforo","desc_lugar_via","desc_estado_via","desc_estado_visibilidad","desc_luminosidad","desc_estado_clima","desc_tipo_colision","desc_tipo_atropello","desc_tipo_hecho","desc_pres_calzada","desc_senializacion","desc_separacion_via","desc_restriccion"
2014,9406,10/12/2014,"Miercoles",0,09:00:00,,"0.0",2,"Moto/Ciclomotor,Moto/Ciclomotor","Reconquista Y Sarmiento",3,1,2,0,0,0,0,,"Calle",,"PUERTO SAN MARTÍN","San Lorenzo","Asfalto","No existe","XVII","Dentro","Urbana","Ninguna","No existe","Intersección","Bueno","Buena","Diurna","Buen Tiempo","Lateral","S/D","Colisión","Ninguna","Horizontal","Ninguna","Sin restricción"
2014,9407,09/12/2014,"Martes",0,15:30:00,,"0.0",2,"Automóvil,Moto/Ciclomotor","Av. Eva Peron Y Pje. J.Kay",2,1,0,0,1,0,0,,"Avenida",,"ROSARIO","Rosario","Asfalto","S/D","II","S/D","Urbana","S/D","S/D","Intersección","Bueno","S/D","S/D","S/D","S/D","S/D","S/D","S/D","S/D","S/D","S/D"
2014,9408,12/12/2014,"Viernes",0,08:45:00,,"0.0",2,"Moto/Ciclomotor,Automóvil","Av San Martin Y Jujuy",3,2,0,0,1,0,0,,"Calle",,"PUERTO SAN MARTÍN","San Lorenzo","Asfalto","No existe","XVII","Dentro","Urbana","Ninguna","No existe","Intersección","Bueno","Buena","Diurna","Buen Tiempo","De alcance","S/D","Colisión","Ninguna","Horizontal","Ninguna","Sin restricción"
2014,9409,30/12/2014,"Martes",0,11:40:00,,"0.0",2,"Moto/Ciclomotor,Automóvil","Av. Pellegrini Y Fraga",3,1,0,0,2,0,0,,"Avenida",,"ROSARIO","Rosario","Asfalto","No existe","II","Dentro","Urbana","Marca Vial","No existe","Intersección","Bueno","Buena","Diurna","Buen Tiempo","Lateral","S/D","Colisión","Ninguna","Faltante","Cordón divisorio","Sin restricción"
2014,9410,29/12/2014,"Lunes",0,16:40:00,,"0.0",2,"Moto/Ciclomotor,Automóvil","M Diaz Velez Y Pje A",4,2,0,0,2,0,0,,"Calle",,"SAN LORENZO","San Lorenzo","S/D","S/D","XVII","S/D","Urbana","S/D","S/D","S/D","S/D","S/D","S/D","S/D","S/D","S/D","S/D","S/D","S/D","S/D","S/D"
2014,9411,12/12/2014,"Viernes",0,19:20:00,,"0.0",2,"Moto/Ciclomotor,Automóvil","Buenos Aires Y Junin",2,1,0,0,1,0,0,,"Calle",,"PUERTO SAN MARTÍN","San Lorenzo","Asfalto","No existe","XVII","Dentro","Urbana","S/D","No existe","Intersección","Bueno","S/D","Atardecer","S/D","S/D","S/D","Colisión","Ninguna","S/D","S/D","S/D"
2014,9412,05/12/2014,"Viernes",0,20:10:00,,"0.0",2,"Automóvil,Moto/Ciclomotor","Ledesma Y Peru",3,2,0,0,1,0,0,,"Calle",,"SAN LORENZO","San Lorenzo","Asfalto","S/D","XVII","S/D","Urbana","S/D","S/D","Intersección","Bueno","S/D","Nocturna","S/D","S/D","S/D","S/D","S/D","S/D","S/D","S/D"
2014,9413,13/12/2014,"Sabado",0,11:20:00,"Ruta Nacional 11","0.0",2,"Moto/Ciclomotor,Pickup/Utilitario","RTA. NAC.11  Y CORDOBA",2,1,0,0,1,0,0,,"Ruta",11,"PUERTO SAN MARTÍN","San Lorenzo","Asfalto","Natural","XVII","Dentro","Urbana","Ninguna","No existe","Intersección","Bueno","Buena","Diurna","Buen Tiempo","Lateral","S/D","Colisión","Ninguna","Horizontal","Ninguna","Sin restricción"
2014,9414,08/12/2014,"Lunes",0,06:30:00,"Ruta Nacional 34","276.0",2,"Automóvil,Transporte de Pasajeros Larga Distancia (> 8 asientos)"," ",46,2,0,0,43,1,0,"-30.799244, -61.610266","Ruta",34,"TACURAL","Castellanos","Asfalto","Natural","V","Dentro","Rural","Ninguna","No existe","Recta","Bueno","Buena","Amanecer","Buen Tiempo","Frontal","S/D","Colisión","Ninguna","Horizontal","Línea divisoria pintada","Sin restricción"
2014,9415,29/12/2014,"Lunes",0,,,"0.0",2,"Automóvil,Moto/Ciclomotor","Irigoyen Y Salta",2,1,0,0,1,0,0,,"S/D",,"SAN LORENZO","San Lorenzo","S/D","S/D","XVII","S/D","S/D","S/D","S/D","S/D","S/D","S/D","S/D","S/D","S/D","S/D","S/D","S/D","S/D","S/D","S/D"
2014,9416,15/12/2014,"Lunes",0,18:00:00,,"0.0",2,"Moto/Ciclomotor,Moto/Ciclomotor","Belgrano Y Moreno",4,2,0,0,2,0,0,,"Calle",,"PUERTO SAN MARTÍN","San Lorenzo","Asfalto","No existe","XVII","Dentro","Urbana","Ninguna","No existe","Intersección","Bueno","Buena","Diurna","Buen Tiempo","De alcance","S/D","Colisión","Ninguna","Horizontal","Ninguna","Sin restricción"
2014,9417,30/12/2014,"Martes",0,21:00:00,,"0.0",2,"Taxi/Remis,Moto/Ciclomotor","B de Astrada Y La Rioja",2,0,0,0,1,0,1,,"S/D",,"SAN LORENZO","San Lorenzo","S/D","S/D","XVII","S/D","S/D","S/D","S/D","S/D","S/D","S/D","Nocturna","S/D","S/D","S/D","S/D","S/D","S/D","S/D","S/D"
2014,9418,17/12/2014,"Miercoles",0,13:45:00,"Ruta Nacional 11","334.0",2,"Pickup/Utilitario,Camión"," ",2,1,0,0,1,0,0,,"Ruta",11,"PUERTO SAN MARTÍN","San Lorenzo","Asfalto","Natural","XVII","Dentro","Urbana","Ninguna","No existe","Recta","Deteriorada","Buena","Diurna","Buen Tiempo","Lateral","S/D","Colisión","Ninguna","Horizontal","Ninguna","Sin restricción"
2014,9419,02/12/2014,"Martes",0,19:40:00,,"0.0",2,"Moto/Ciclomotor,Automóvil","Santa Cruz Y Zeballos",2,0,0,0,1,0,1,,"S/D",,"SAN LORENZO","San Lorenzo","S/D","S/D","XVII","S/D","S/D","S/D","S/D","S/D","S/D","S/D","Atardecer","S/D","S/D","S/D","S/D","S/D","S/D","S/D","S/D"
2014,9420,10/12/2014,"Miercoles",0,20:20:00,"Ruta Nacional 11","0.0",2,"Moto/Ciclomotor,Automóvil","Av San Lorenzo 800",2,1,0,0,1,0,0,,"Ruta",11,"CAPITÁN BERMÚDEZ","San Lorenzo","Asfalto","Pavimento","XVII","Dentro","Urbana","Semáforo","Funciona","Recta","Bueno","Buena","Nocturna","Buen Tiempo","Frontal","S/D","Colisión","S/D","S/D","S/D","S/D"
2014,9421,11/12/2014,"Jueves",0,07:20:00,"Ruta Provincial 20","60.0",1,"Automóvil","RP20 3mil mts al N ",1,0,0,0,0,1,0,"-32.239438, -61.892633","Ruta",20,"MARÍA SUSANA","San Martín","Asfalto","Natural","XVIII","Fuera","Rural","Ninguna","No existe","Recta","Bueno","Buena","Diurna","Buen Tiempo","S/D","S/D","Vuelco,Despiste","S/D","Vertical","Línea divisoria pintada","Sin restricción"
2014,9422,10/12/2014,"Miercoles",0,07:10:00,,"0.0",2,"Bicicleta,Automóvil","Pte Peron 200",2,1,0,0,1,0,0,,"Calle",,"CAPITÁN BERMÚDEZ","San Lorenzo","Asfalto","No existe","XVII","Dentro","Urbana","Ninguna","No existe","Intersección","Bueno","Buena","Diurna","Buen Tiempo","S/D","S/D","Atropello","Otro","S/D","Ninguna","S/D"
2014,9423,12/12/2014,"Viernes",0,18:50:00,"Ruta Nacional 11","0.0",2,"Moto/Ciclomotor,Automóvil","Av San Lorenzo Y Santa fe",2,1,0,0,1,0,0,,"Ruta",11,"CAPITÁN BERMÚDEZ","San Lorenzo","Asfalto","S/D","XVII","Dentro","Urbana","S/D","S/D","Intersección","Bueno","Buena","Atardecer","Buen Tiempo","Frontal","S/D","Colisión","S/D","S/D","S/D","S/D"
2014,9424,04/12/2014,"Jueves",0,11:20:00,,"0.0",2,"Moto/Ciclomotor,Moto/Ciclomotor","Plumerillo Y Pasteur",2,2,0,0,0,0,0,,"Calle",,"CAPITÁN BERMÚDEZ","San Lorenzo","Asfalto","S/D","XVII","Dentro","Urbana","Paso Peatonal","S/D","Intersección","Bueno","S/D","Diurna","Buen Tiempo","Frontal","S/D","Colisión","S/D","S/D","S/D","Sin restricción"
2014,9425,09/12/2014,"Martes",0,10:30:00,,"0.0",2,"Moto/Ciclomotor,Camión","General Lopez Y Artigas",2,1,0,0,1,0,0,,"S/D",,"SAN LORENZO","San Lorenzo","S/D","S/D","XVII","S/D","S/D","S/D","S/D","S/D","S/D","S/D","S/D","S/D","S/D","S/D","S/D","S/D","S/D","S/D","S/D"
2014,9426,29/12/2014,"Lunes",0,14:00:00,"Ruta Nacional 11","0.0",2,"Moto/Ciclomotor,Automóvil","Av San Lorenzo 1700",2,1,0,0,1,0,0,,"Ruta",11,"CAPITÁN BERMÚDEZ","San Lorenzo","Asfalto","Pavimento","XVII","Dentro","Urbana","Ninguna","S/D","Intersección","Bueno","Buena","Atardecer","Buen Tiempo","Frontal","S/D","Colisión","S/D","S/D","S/D","S/D"
2014,9427,03/12/2014,"Miercoles",0,20:02:00,,"0.0",2,"Pickup/Utilitario,Moto/Ciclomotor","Dorrego Y San Luis",2,1,0,0,1,0,0,,"S/D",,"SAN LORENZO","San Lorenzo","S/D","S/D","XVII","S/D","S/D","S/D","S/D","S/D","S/D","S/D","S/D","S/D","S/D","S/D","S/D","S/D","S/D","S/D","S/D"
2014,9428,21/12/2014,"Domingo",0,11:30:00,,"0.0",2,"Automóvil,Automóvil","Cordoba Y 13 de Diciembre",2,1,0,0,1,0,0,,"Avenida",,"PUERTO SAN MARTÍN","San Lorenzo","Asfalto","No existe","XVII","Dentro","Urbana","Ninguna","No existe","Intersección","Bueno","Buena","Diurna","Buen Tiempo","Lateral","S/D","Colisión","Ninguna","Horizontal","Ninguna","Sin restricción"
2014,9429,24/12/2014,"Miercoles",0,18:45:00,,"0.0",1,"Moto/Ciclomotor","Cordoba Y Pte Hipolito Irigoyen",2,1,0,0,1,0,0,,"Avenida",,"PUERTO SAN MARTÍN","San Lorenzo","Asfalto","No existe","XVII","Dentro","Urbana","Ninguna","No existe","Intersección","Bueno","Buena","Diurna","Buen Tiempo","S/D","S/D","Caída ocupante","Ninguna","Horizontal","Ninguna","Sin restricción"
2014,9431,06/12/2014,"Sabado",0,09:30:00,,"0.0",2,"Moto/Ciclomotor,Transporte de Pasajeros Urbano (> 8 asientos)","Av San Martin Y General Richieri",2,1,0,0,1,0,0,,"Avenida",,"FRAY LUIS BELTRÁN","San Lorenzo","Asfalto","S/D","XVII","Dentro","Urbana","Ninguna","S/D","Intersección","Bueno","S/D","Diurna","Buen Tiempo","Lateral","S/D","Colisión","S/D","Horizontal","Ninguna","Sin restricción"
2014,9433,06/12/2014,"Sabado",0,20:45:00,"Ruta Nacional 11","0.0",2,"Bicicleta,Camión","Ruta Nac 11 Y Maipu",2,1,0,0,1,0,0,,"Ruta",11,"SAN LORENZO","San Lorenzo","Asfalto","Natural","XVII","Dentro","Urbana","Ninguna","No existe","Intersección","Deteriorada","Buena","Nocturna","Buen Tiempo","S/D","S/D","Atropello","Ninguna","Horizontal","Ninguna","Sin restricción"
2014,9434,06/12/2014,"Sabado",0,16:00:00,"Autopista Provincial Brigadier E.López","11.5",2,"Moto/Ciclomotor,Automóvil"," ",2,1,0,0,1,0,0,,"Autopista","Brigadier E.López","FRAY LUIS BELTRÁN","San Lorenzo","Asfalto","Pavimento","XVII","Dentro","Rural","Ninguna","No existe","Recta","Bueno","Buena","Diurna","Buen Tiempo","Lateral","S/D","Colisión","S/D","S/D","Ninguna","S/D"
2014,9435,27/12/2014,"Sabado",0,12:00:00,,"0.0",2,"Moto/Ciclomotor,Automóvil","Colon 500",2,1,0,0,1,0,0,,"Calle",,"SAN LORENZO","San Lorenzo","S/D","S/D","XVII","S/D","Urbana","S/D","S/D","S/D","S/D","S/D","Diurna","S/D","S/D","S/D","Colisión","S/D","S/D","S/D","S/D"
2014,9436,21/12/2014,"Domingo",0,21:30:00,"Ruta Nacional Rosario -Cordoba","313.0",2,"Taxi/Remis,Camión"," ",2,1,0,0,1,0,0,,"Ruta","Rosario -Cordoba","ROLDÁN","San Lorenzo","Asfalto","Natural","XVII","S/D","Rural","Ninguna","No existe","Recta","Bueno","Reducida","Nocturna","Buen Tiempo","Otro","S/D","Colisión","S/D","Vertical","S/D","S/D"
2014,9437,11/12/2014,"Jueves",0,10:00:00,,"0.0",2,"Moto/Ciclomotor,Automóvil","Bv Pellegrini Y Fray Luis Beltran",3,1,1,0,1,0,0,,"Calle",,"ROLDÁN","San Lorenzo","Hormigón","No existe","XVII","S/D","Urbana","Ninguna","No existe","Intersección","Bueno","Buena","Diurna","Buen Tiempo","Lateral","S/D","Colisión","S/D","Vertical","Ninguna","Sin restricción"
2014,9438,11/12/2014,"Jueves",0,18:05:00,,"0.0",1,"Moto/Ciclomotor","A.Illia y Garita 1 ",2,1,0,0,0,1,0,"-32.929169, -60.812395","Calle",,"FUNES","Rosario","Asfalto","Natural","II","Dentro","Urbana","Ninguna","No existe","Intersección","Resbaladiza","Buena","Diurna","Buen Tiempo","S/D","S/D","Caída ocupante","S/D","S/D","Ninguna","S/D"
2014,9439,06/12/2014,"Sabado",0,10:10:00,,"0.0",2,"Moto/Ciclomotor,Bicicleta","Independencia Y Maciel",2,1,0,0,1,0,0,,"Calle",,"ROLDÁN","San Lorenzo","Hormigón","No existe","XVII","Dentro","Urbana","Ninguna","No existe","Intersección","Bueno","Buena","Diurna","Buen Tiempo","S/D","S/D","Atropello","S/D","Vertical","Ninguna","Sin restricción"
2014,9440,29/12/2014,"Lunes",0,05:15:00,"Autopista Nacional Rosario -Cordoba","324.0",1,"Automóvil"," ",2,1,0,0,1,0,0,,"Autopista","Rosario -Cordoba","SAN JERÓNIMO SUR","San Lorenzo","Hormigón","Pavimento","XVII","Dentro","Rural","Ninguna","No existe","Recta","Con baches","Buena","Amanecer","Buen Tiempo","S/D","S/D","Despiste","S/D","Faltante","Línea divisoria pintada","Sin restricción"
2014,9441,26/12/2014,"Viernes",0,06:30:00,"Autopista Nacional Rosario -Cordoba","323.0",1,"Automóvil"," ",4,2,0,0,2,0,0,,"Autopista","Rosario -Cordoba","SAN JERÓNIMO SUR","San Lorenzo","Hormigón","Pavimento","XVII","Dentro","Rural","Ninguna","No existe","Recta","Con baches","Buena","Amanecer","Buen Tiempo","Contra objeto fijo","S/D","Colisión","S/D","Faltante","Línea divisoria pintada","Sin restricción"
2014,9444,15/06/2014,"Domingo",0,19:00:00,"Ruta Provincial 39","159.0",1,"Automóvil"," ",5,3,0,0,2,0,0,,"Ruta",39,"COLONIA SAN JOSÉ","San Javier","S/D","Natural","XIV","Fuera","S/D","S/D","S/D","S/D","S/D","S/D","Atardecer","S/D","S/D","S/D","Despiste","S/D","S/D","S/D","S/D"
2014,9445,06/12/2014,"Sabado",0,23:40:00,,"0.0",2,"Moto/Ciclomotor,Automóvil","Moreno Y 9 de Julio",3,2,0,0,1,0,0,,"Calle",,"VERA","Vera","Asfalto","No existe","XIX","Dentro","Urbana","Ninguna","No existe","Intersección","Con baches","Reducida","Nocturna,Con luz artificial","Buen Tiempo","Lateral","S/D","Colisión","S/D","Faltante","Ninguna","Sin restricción"
2014,9446,29/12/2014,"Lunes",0,10:40:00,,"0.0",2,"Pickup/Utilitario,Moto/Ciclomotor","Calle 24 - Olessio Y Calle 21-Gdor. iriondo",3,1,0,0,2,0,0,,"Calle",,"RECONQUISTA","General Obligado","Asfalto","No existe","IX","Dentro","Urbana","Ninguna","No existe","Intersección","Bueno","Buena","Diurna","Buen Tiempo","Lateral","S/D","Colisión","Otro","Vertical","Cordón divisorio","Sin restricción"
2014,9447,01/11/2014,"Sabado",0,11:40:00,"Ruta Provincial 70","0.0",2,"Moto/Ciclomotor,Automóvil","RTA.70  Y SCHNEIDER",5,1,0,0,4,0,0,,"Ruta",70,"ESPERANZA","Las Colonias","Asfalto","No existe","XI","Dentro","Urbana","Ninguna","Funciona","Intersección","Bueno","Buena","Diurna","Buen Tiempo","De alcance","S/D","Colisión","Ninguna","Horizontal","Ninguna","Sin restricción"
2014,9448,15/12/2014,"Lunes",0,12:50:00,,"0.0",2,"Automóvil,Moto/Ciclomotor","A Belotti 2500",2,1,0,0,1,0,0,,"Calle",,"SAN JUSTO","San Justo","Tierra","No existe","XVI","Dentro","Urbana","Ninguna","No existe","Recta","Deteriorada","Reducida polvo","Diurna","Viento Fuerte","Frontal","S/D","Colisión","S/D","Faltante","Ninguna","Sin restricción"
2014,9449,25/12/2014,"Jueves",0,02:15:00,,"0.0",2,"Automóvil,Moto/Ciclomotor","Calle 30-Lucas Funes Y Calle 3-Almafuerte",2,0,1,0,1,0,0,,"Calle",,"RECONQUISTA","General Obligado","Tierra","Natural","IX","Dentro","Urbana","Ninguna","No existe","Intersección","Otro","Reducida","Nocturna","Buen Tiempo","Lateral","S/D","Colisión","Otro","Vertical","Cordón divisorio","Sin restricción"
2014,9450,19/12/2014,"Viernes",0,15:00:00,,"0.0",2,"Automóvil,Moto/Ciclomotor","R P A Janssen 2700",3,2,0,0,1,0,0,,"Calle",,"ESPERANZA","Las Colonias","Asfalto","Pavimento","XI","Dentro","Urbana","Ninguna","No existe","Recta","Bueno","Buena","Diurna","Buen Tiempo","Lateral","S/D","Colisión","Ninguna","Horizontal","Línea divisoria pintada","Sin restricción"
2014,9451,07/12/2014,"Domingo",0,01:30:00,,"0.0",2,"Moto/Ciclomotor,Moto/Ciclomotor"," ",3,3,0,0,0,0,0,,"Calle",,"VERA","Vera","Tierra","Natural","XIX","Dentro","Urbana","Ninguna","No existe","Intersección","Ahuellamiento","Reducida polvo","Nocturna","Lluvia","Lateral","S/D","Colisión","Material Suelto","Faltante","Ninguna","Sin restricción"
2014,9452,24/11/2014,"Lunes",0,05:15:00,,"0.0",2,"Automóvil,Moto/Ciclomotor","1 de Mayo 250",4,2,0,0,2,0,0,,"Calle",,"VIDELA","San Justo","Ripio","Natural","XVI","S/D","Urbana","Ninguna","No existe","Recta","Bueno","Buena","Diurna","Buen Tiempo","Lateral","S/D","Colisión","Ninguna","Faltante","Ninguna","Sin restricción"
2014,9453,08/12/2014,"Lunes",0,10:35:00,,"0.0",2,"Bicicleta,Moto/Ciclomotor"," ",3,2,0,0,1,0,0,,"Calle",,"RECONQUISTA","General Obligado","Tierra","No existe","IX","Dentro","Urbana","Ninguna","No existe","Intersección","Bueno","Buena","Diurna","Buen Tiempo","S/D","S/D","Atropello","Otro","Faltante","Cordón divisorio,Vegetación","Sin restricción"
2014,9454,03/11/2014,"Lunes",0,13:45:00,,"0.0",2,"Pickup/Utilitario,Moto/Ciclomotor"," ",2,1,0,0,1,0,0,,"Calle",,"ESPERANZA","Las Colonias","Asfalto","No existe","XI","Dentro","Urbana","Ninguna","No existe","Intersección","Bueno","Buena","Diurna","Buen Tiempo","Lateral","S/D","Colisión","Ninguna","Vertical","Ninguna","Sin restricción"
2014,9455,07/12/2014,"Domingo",0,03:30:00,,"0.0",2,"Moto/Ciclomotor,Moto/Ciclomotor","Mitre B Y 9 de Julio",2,2,0,0,0,0,0,,"Calle",,"VERA","Vera","Asfalto","Pavimento","XIX","Dentro","Urbana","Ninguna","No existe","Intersección","Bueno","Reducida polvo","Nocturna,Con luz artificial","Buen Tiempo","Lateral","S/D","Colisión","S/D","Faltante","Ninguna","Sin restricción"
2014,9456,11/12/2014,"Jueves",0,21:40:00,,"450.0",2,"Peatón,Moto/Ciclomotor"," ",2,1,0,0,0,0,1,,"S/D",,"VILLA OCAMPO","General Obligado","Asfalto","Natural","IX","S/D","Urbana","Señal Pare","No existe","Recta","Bueno","Buena","Nocturna","Buen Tiempo","S/D","S/D","Atropello","Otro","Vertical","S/D","Sin restricción"
2014,9457,11/12/2014,"Jueves",0,17:35:00,,"0.0",2,"Moto/Ciclomotor,Automóvil","Bv San Martin Y Rivadavia",2,1,0,0,1,0,0,,"Avenida",,"BARRANCAS","San Jerónimo","Asfalto","No existe","XV","Dentro","Urbana","Ninguna","No existe","Intersección","Bueno","Buena","Atardecer","Buen Tiempo","Lateral","S/D","Colisión","Ninguna","Faltante","Ninguna","Sin restricción"
2014,9458,13/12/2014,"Sabado",0,19:00:00,,"0.0",2,"Automóvil,Moto/Ciclomotor","Aaron Castellanos 800",4,1,0,0,3,0,0,,"Calle",,"ESPERANZA","Las Colonias","Asfalto","Pavimento","XI","Dentro","Urbana","Ninguna","No existe","Intersección","Bueno","Buena","Atardecer","Buen Tiempo","Lateral","S/D","Colisión","Ninguna","Horizontal","Línea divisoria pintada","Sin restricción"
2014,9459,05/11/2014,"Miercoles",0,16:35:00,,"0.0",2,"Moto/Ciclomotor,Automóvil","Simon de Iriondo 3800",2,1,0,0,1,0,0,,"Calle",,"ESPERANZA","Las Colonias","Asfalto","Pavimento","XI","Dentro","Urbana","Ninguna","No existe","Intersección","Bueno","Buena","Diurna","Buen Tiempo","Lateral","S/D","Colisión","Ninguna","Horizontal","Ninguna","Sin restricción"
2014,9460,20/12/2014,"Sabado",0,09:30:00,"Ruta Nacional 11","634.3",2,"Automóvil,Automóvil"," ",4,3,1,0,0,0,0,,"Ruta",11,"LA CRIOLLA","San Justo","Asfalto","Natural","XVI","Dentro","S/D","S/D","No existe","Curva","Bueno","Buena","Diurna","Buen Tiempo","Frontal","S/D","Colisión","Ninguna","Vertical","Línea divisoria pintada","Sin restricción"
2014,9461,02/12/2014,"Martes",0,14:30:00,,"0.0",2,"Automóvil,Moto/Ciclomotor","Calle 21 Y CAlle 14",2,0,1,0,1,0,0,,"Calle",,"AVELLANEDA","General Obligado","Asfalto","No existe","IX","Dentro","Urbana","Ninguna","No existe","Intersección","Bueno","Buena","Diurna","Buen Tiempo","Lateral","S/D","Colisión","Ninguna","Faltante","Ninguna","S/D"
2014,9462,09/12/2014,"Martes",0,15:30:00,,"0.0",2,"Pickup/Utilitario,Moto/Ciclomotor","Av Arronga Y Salta",4,0,1,0,3,0,0,,"Calle",,"VERA","Vera","Ripio","No existe","XIX","Dentro","Urbana","Ninguna","No existe","Intersección","Con baches","Buena","Diurna","Buen Tiempo","Lateral","S/D","Colisión","Material Suelto","Faltante","Ninguna","Sin restricción"
2014,9463,13/12/2014,"Sabado",0,12:40:00,,"0.0",2,"Moto/Ciclomotor,Camión","25 de Mayo Y Juan de Garay",2,1,0,0,1,0,0,,"Calle",,"VILLA OCAMPO","General Obligado","Asfalto","Pavimento","IX","Dentro","Urbana","Ninguna","No existe","Intersección","Bueno","Buena","Diurna","Buen Tiempo","S/D","S/D","Caída ocupante","Otro","Faltante","Ninguna","Sin restricción"
2014,9464,14/12/2014,"Domingo",0,09:30:00,"Ruta Nacional 11","0.0",2,"Automóvil,Automóvil"," ",2,1,0,0,1,0,0,,"Ruta",11,"RECONQUISTA","General Obligado","Asfalto","S/D","IX","Dentro","Urbana","Semáforo","Funciona","Recta","Bueno","S/D","Diurna","Buen Tiempo","Lateral","S/D","Colisión","Otro","Vertical","Cordón divisorio","Sin restricción"
2014,9465,13/12/2014,"Sabado",0,18:00:00,"Ruta Nacional 11","863.0",2,"Moto/Ciclomotor,Pickup/Utilitario"," ",3,2,0,0,1,0,0,,"Ruta",11,"VILLA OCAMPO","General Obligado","Asfalto","Natural","IX","Fuera","Urbana","Marca Vial","No existe","Recta","Bueno","Buena","Diurna","Buen Tiempo","S/D","S/D","Caída ocupante","Otro","Faltante","Cordón divisorio","Sin restricción"
2014,9466,17/12/2014,"Miercoles",0,16:20:00,,"0.0",2,"Camión,Moto/Ciclomotor","Jose B Garcia Y Mariano Moreno",2,1,0,0,1,0,0,,"Calle",,"ESPERANZA","Las Colonias","Asfalto","Pavimento","XI","Dentro","Urbana","Ninguna","No existe","Intersección","Bueno","Buena","Diurna","Buen Tiempo","Lateral","S/D","Colisión","Ninguna","S/D","Línea divisoria pintada","Sin restricción"
2014,9467,10/12/2014,"Miercoles",0,11:30:00,,"0.0",1,"Moto/Ciclomotor","Chacabuco Y Fray Luis Beltran",1,0,1,0,0,0,0,,"Calle",,"GÁLVEZ","San Jerónimo","Tierra","S/D","XV","Fuera","Urbana","Ninguna","No existe","Intersección","Otro","Buena","Diurna","Buen Tiempo","S/D","S/D","Caída ocupante","Agua","S/D","Ninguna","Sin restricción"
2014,9468,19/12/2014,"Viernes",0,09:30:00,"Ruta Nacional 11","736.0",2,"Camión,Automóvil"," ",3,2,0,0,1,0,0,,"Ruta",11,"VERA","Vera","Asfalto","Natural","XIX","S/D","Rural","Ninguna","No existe","Recta","Con baches","Reducida","Diurna","Lluvia","Lateral","S/D","Colisión","Agua","Faltante","Línea divisoria pintada","Sin restricción"
2014,9469,06/11/2014,"Jueves",0,07:00:00,,"0.0",2,"Moto/Ciclomotor,Automóvil","1 de Mayo Y 9 de Julio",4,2,0,0,2,0,0,,"Calle",,"ESPERANZA","Las Colonias","Asfalto","No existe","XI","Dentro","Urbana","Ninguna","No existe","Intersección","Bueno","Buena","Diurna","Buen Tiempo","Frontal","S/D","Colisión","Ninguna","Horizontal,Vertical","Ninguna","Sin restricción"
2014,9470,14/12/2014,"Domingo",0,19:45:00,,"0.0",1,"Moto/Ciclomotor","C.rural4km al E y 1km alN ",2,0,1,0,0,1,0,"-28.478063, -59.318781","Camino Rural",,"VILLA OCAMPO","General Obligado","Tierra","Natural","IX","Fuera","Rural","Ninguna","No existe","Puente","Deteriorada","Reducida","Atardecer","Viento Fuerte","S/D","S/D","Caída ocupante,Despeñamiento,Despiste","Material Suelto","Faltante","Ninguna","Sin restricción"
2014,9471,13/12/2014,"Sabado",0,09:00:00,,"0.0",2,"Otros,Moto/Ciclomotor","España Y Falucho",2,0,0,0,0,0,2,,"Calle",,"GÁLVEZ","San Jerónimo","Asfalto","S/D","XV","Dentro","Urbana","Ninguna","No existe","Intersección","Bueno","Buena","Diurna","Buen Tiempo","S/D","S/D","Colisión","S/D","S/D","S/D","Sin restricción"
2014,9472,23/12/2014,"Martes",0,,,"0.0",2,"Moto/Ciclomotor,Pickup/Utilitario","M M T de Hoenfels Y G Lehmann",2,1,0,0,1,0,0,,"Calle",,"ESPERANZA","Las Colonias","Asfalto","No existe","XI","S/D","Urbana","Ninguna","No existe","Intersección","Bueno","Buena","Nocturna","Buen Tiempo","Frontal","S/D","Colisión","Ninguna","Horizontal","Ninguna","Sin restricción"
2014,9473,28/12/2014,"Domingo",0,12:55:00,,"0.0",2,"Moto/Ciclomotor,Automóvil","Bv Sarmiento Y Bartolome Mitre",2,0,1,0,1,0,0,,"Calle",,"VILLA OCAMPO","General Obligado","Asfalto","Natural","IX","Fuera","Urbana","Semáforo","Funciona","Intersección","Resbaladiza","Buena","Diurna","Buen Tiempo","S/D","S/D","Caída ocupante","Material Suelto","Vertical","Vegetación","Sin restricción"
2014,9474,24/12/2014,"Miercoles",0,20:40:00,,"0.0",2,"Automóvil,Moto/Ciclomotor","Moreno Y L de la Torre",2,1,0,0,1,0,0,,"Calle",,"VERA","Vera","Asfalto","No existe","XIX","Dentro","Urbana","Ninguna","No existe","Intersección","Con baches","Buena","Nocturna,Con luz artificial","Buen Tiempo","Lateral","S/D","Colisión","S/D","S/D","Ninguna","Sin restricción"