"anio_acci","nro_acci","fecha","desc_dia","fecha_aprox","hora_aprox","desc_ruta","km","cant_participantes","desc_participante","calle_avenida_km","total","heridos_leves","heridos_graves","heridos_gravisimos","ilesos","fallecidos","sin_datos","posicion_XY","desc_tipo_via","desc_ruta_ori","desc_loc","desc_dpto","desc_tipo_calzada","desc_tipo_banquina","desc_unidad_regional","desc_lugar_calzada","desc_zona","desc_prioridad","desc_estado_semaforo","desc_lugar_via","desc_estado_via","desc_estado_visibilidad","desc_luminosidad","desc_estado_clima","desc_tipo_colision","desc_tipo_atropello","desc_tipo_hecho","desc_pres_calzada","desc_senializacion","desc_separacion_via","desc_restriccion"
2014,9475,20/12/2014,"Sabado",0,,,"0.0",2,"Moto/Ciclomotor,Automóvil","Guemes Y Pujol Bis Gdor",2,1,0,0,1,0,0,,"Calle",,"ESPERANZA","Las Colonias","Asfalto","No existe","XI","S/D","Urbana","Ninguna","No existe","Intersección","Bueno","Buena","Nocturna","Buen Tiempo","Frontal","S/D","Colisión","Ninguna","Vertical","Ninguna","Sin restricción"
2014,9476,22/12/2014,"Lunes",0,10:20:00,,"0.0",2,"Pickup/Utilitario,Bicicleta","Gro Baigorria Y Bme Mitre",2,1,0,0,1,0,0,,"Calle",,"GÁLVEZ","San Jerónimo","Asfalto","Natural","XV","Dentro","Urbana","Ninguna","No existe","Intersección","Bueno","Buena","Diurna","Buen Tiempo","S/D","S/D","Atropello","S/D","S/D","S/D","Sin restricción"
2014,9477,10/11/2014,"Lunes",0,08:10:00,,"0.0",2,"Automóvil,Bicicleta","Aaron Castellanos Y Nicolas Schneider",2,1,0,0,1,0,0,,"Calle",,"ESPERANZA","Las Colonias","Asfalto","No existe","XI","S/D","Urbana","Ninguna","No existe","Intersección","Bueno","Buena","Diurna","Buen Tiempo","S/D","S/D","Atropello","Ninguna","Faltante","Ninguna","Sin restricción"
2014,9478,23/12/2014,"Martes",0,09:10:00,"Ruta Nacional 11","878.0",2,"Moto/Ciclomotor,Pickup/Utilitario","Ruta Nacional 11 Y 25 de Mayo",3,2,0,0,1,0,0,,"Ruta",11,"VILLA OCAMPO","General Obligado","Hormigón","Pavimento","IX","Fuera","Urbana","Ninguna","No existe","Intersección","Bueno","Buena","Diurna","Buen Tiempo","Lateral","S/D","Caída ocupante","Otro","Vertical","Cordón divisorio","Sin restricción"
2014,9479,10/12/2014,"Miercoles",0,12:30:00,,"0.0",2,"Bicicleta,Automóvil","Belgrano Y Dorrego",2,1,0,0,1,0,0,,"Calle",,"GÁLVEZ","San Jerónimo","Asfalto","S/D","XV","Dentro","Urbana","Ninguna","No existe","Intersección","Bueno","Buena","Diurna","Buen Tiempo","S/D","S/D","Atropello","S/D","S/D","Ninguna","Sin restricción"
2014,9480,31/12/2014,"Miercoles",0,11:05:00,,"0.0",2,"Bicicleta,Automóvil","Av Gral San Martin Y Independencia",2,1,0,0,1,0,0,,"Avenida",,"GOBERNADOR CRESPO","San Justo","Asfalto","Pavimento","XVI","S/D","Urbana","Ninguna","No existe","Intersección","Bueno","Buena","Diurna","Buen Tiempo","S/D","S/D","Atropello","Ninguna","Faltante","Cordón divisorio","Sin restricción"
2014,9481,16/12/2014,"Martes",0,05:45:00,,"0.0",2,"Pickup/Utilitario,Moto/Ciclomotor","Rivadavia Y A Aufranc",2,0,1,0,1,0,0,,"Avenida",,"ESPERANZA","Las Colonias","Asfalto","Pavimento","XI","Dentro","Urbana","Semáforo","Funciona","Intersección","Bueno,Resbaladiza","Reducida","Amanecer,Con luz artificial","Lluvia","Lateral","S/D","Colisión","Agua","Vertical","Línea divisoria pintada","Sin restricción"
2014,9482,20/12/2014,"Sabado",0,12:00:00,,"0.0",2,"Moto/Ciclomotor,Automóvil","Bv Sarmiento Y General Guemes",3,1,0,0,2,0,0,,"Calle",,"VILLA OCAMPO","General Obligado","Asfalto","Natural","IX","S/D","Urbana","Marca Vial","No existe","Intersección","Bueno","Buena","Diurna","Buen Tiempo","Lateral","S/D","Caída ocupante","Otro","Vertical","Vegetación","Sin restricción"
2014,9483,10/11/2014,"Lunes",0,19:00:00,,"0.0",2,"Bicicleta,Automóvil","San Martin Y Las Heras",2,1,0,0,1,0,0,,"Calle",,"ESPERANZA","Las Colonias","Asfalto","No existe","XI","Dentro","Urbana","Ninguna","No existe","Intersección","Bueno","Buena","Diurna","Buen Tiempo","S/D","S/D","Atropello","Ninguna","Horizontal","Ninguna","Sin restricción"
2014,9484,04/12/2014,"Jueves",0,09:35:00,"Ruta Nacional 34","156.0",1,"Automóvil"," ",2,1,1,0,0,0,0,,"Ruta",34,"SAN MARTIN DE LAS ESCOBAS","San Martín","Asfalto","No existe","XVIII","S/D","Rural","Ninguna","No existe","Curva","Bueno","Buena","Diurna","Buen Tiempo","S/D","S/D","Vuelco","Ninguna","Vertical","Línea divisoria pintada","Sin restricción"
2014,9485,03/12/2014,"Miercoles",0,18:10:00,,"0.0",2,"Moto/Ciclomotor,Moto/Ciclomotor","Estanislao Zeballos 1500",2,2,0,0,0,0,0,,"Calle",,"ESPERANZA","Las Colonias","Asfalto","No existe","XI","Dentro","Urbana","Ninguna","No existe","Intersección","Bueno","Buena","Diurna","Buen Tiempo","Lateral","S/D","Colisión","Ninguna","Vertical","Ninguna","Sin restricción"
2014,9486,24/12/2014,"Miercoles",0,20:50:00,,"0.0",2,"Pickup/Utilitario,Moto/Ciclomotor","Belgrano Y Espa±a",3,2,0,0,1,0,0,,"Calle",,"VERA","Vera","Asfalto","No existe","XIX","Dentro","Urbana","Ninguna","No existe","Intersección","Bueno","Buena","Nocturna","Buen Tiempo","Lateral","S/D","Colisión","Otro","Faltante","Ninguna","Sin restricción"
2014,9487,25/12/2014,"Jueves",0,06:20:00,"Ruta Nacional 11","619.5",1,"Moto/Ciclomotor"," ",2,2,0,0,0,0,0,,"Ruta",11,"GOBERNADOR CRESPO","San Justo","Asfalto","Natural","XVI","S/D","Rural","Ninguna","No existe","Curva","Bueno","Buena","Diurna","Buen Tiempo","S/D","S/D","Caída ocupante","Ninguna","Faltante","Línea divisoria pintada","Sin restricción"
2014,9488,21/12/2014,"Domingo",0,19:20:00,,"0.0",2,"Transporte de Pasajeros Larga Distancia (> 8 asientos),Moto/Ciclomotor","9 de julio Y Sarmiento",2,1,0,0,1,0,0,,"Calle",,"MALABRIGO","General Obligado","Asfalto","Pavimento","IX","Dentro","Urbana","Ninguna","No existe","Intersección","Bueno","Buena","Diurna","Buen Tiempo","Frontal,Lateral","S/D","Colisión","Ninguna","Horizontal","Cordón divisorio","Sin restricción"
2014,9489,11/12/2014,"Jueves",0,03:15:00,"Ruta Nacional 11","793.1",2,"Camión,Camión","Ruta Nacional 11 Y Calle 309",3,1,0,0,2,0,0,,"Ruta",11,"AVELLANEDA","General Obligado","Asfalto","Natural","IX","Dentro","Urbana","Semáforo","Funciona","Recta","Ahuellamiento","Buena","Nocturna","Buen Tiempo","Otro","S/D","Colisión","Ninguna","Vertical","Línea divisoria pintada","Sin restricción"
2014,9490,10/11/2014,"Lunes",0,21:45:00,"Ruta Nacional 11","999.9",2,"Automóvil,Bicicleta"," ",3,1,0,0,2,0,0,,"Ruta",11,"SAN JUSTO","San Justo","Asfalto","Pavimento","XVI","Dentro","Urbana","S/D","S/D","Recta","Bueno","Buena","Nocturna","Buen Tiempo","S/D","S/D","Atropello","S/D","S/D","Línea divisoria pintada","Sin restricción"
2014,9491,03/12/2014,"Miercoles",0,22:10:00,,"0.0",2,"Automóvil,Bicicleta","A Aufranc Y Almirante Brown",2,0,1,0,1,0,0,,"Avenida",,"ESPERANZA","Las Colonias","Asfalto","Pavimento","XI","Dentro","Urbana","Ninguna","No existe","Intersección","Bueno","Buena","Nocturna,Con luz artificial","Buen Tiempo","S/D","S/D","Atropello","Ninguna","Vertical","Línea divisoria pintada","Sin restricción"
2014,9492,11/11/2014,"Martes",0,11:50:00,,"0.0",2,"Bicicleta,Automóvil","General Manuel Belgrano Y 3 de Febrero",2,1,0,0,1,0,0,,"Calle",,"ESPERANZA","Las Colonias","Asfalto","No existe","XI","Dentro","Urbana","Ninguna","No existe","Intersección","Bueno","Buena","Diurna","Buen Tiempo","S/D","S/D","Atropello","Ninguna","Horizontal,Vertical","Ninguna","Sin restricción"
2014,9493,04/11/2014,"Martes",0,10:50:00,,"0.0",1,"Moto/Ciclomotor","Calle 35-Espa±a Y Calle 30-Lucas Funes",1,1,0,0,0,0,0,,"Calle",,"RECONQUISTA","General Obligado","S/D","No existe","IX","Dentro","Urbana","Ninguna","No existe","Paso a Nivel FFCC","Ahuellamiento","Buena","Diurna","Otro","S/D","S/D","S/D","Otro","Faltante","Ninguna","Sin restricción"
2014,9494,28/11/2014,"Viernes",0,12:40:00,,"0.0",2,"Pickup/Utilitario,Moto/Ciclomotor","Av Iriondo Y 9 de Julio",2,1,0,0,1,0,0,,"Avenida",,"SAN JUSTO","San Justo","Asfalto","No existe","XVI","Dentro","Urbana","Ninguna","Funciona","Intersección","Bueno","Buena","Diurna","Buen Tiempo","Frontal","S/D","Colisión","Ninguna","Faltante","Cordón divisorio","Sin restricción"
2014,9495,15/12/2014,"Lunes",0,08:40:00,,"0.0",2,"Moto/Ciclomotor,Moto/Ciclomotor","Corrientes 801",3,3,0,0,0,0,0,,"Calle",,"MALABRIGO","General Obligado","Asfalto","Pavimento","IX","S/D","Urbana","Ninguna","No existe","Recta","Bueno","Buena","Diurna","Buen Tiempo","Frontal","S/D","Colisión","Ninguna","Horizontal","Ninguna","S/D"
2014,9496,06/12/2014,"Sabado",0,18:15:00,,"0.0",2,"Automóvil,Moto/Ciclomotor","Aristobulo del Valle Y Saavedra",3,1,0,0,2,0,0,,"Calle",,"ESPERANZA","Las Colonias","Tierra,Ripio","No existe","XI","Dentro","Urbana","Ninguna","No existe","Intersección","Bueno","Buena","Atardecer","Buen Tiempo","Lateral","S/D","Colisión","Ninguna","Vertical","Vegetación","Sin restricción"
2014,9497,13/12/2014,"Sabado",0,14:00:00,,"0.0",2,"Moto/Ciclomotor,Otros","Reg 12 de Infanteria Y Gdor Freyre",3,2,0,0,1,0,0,,"Calle",,"SANTA FE","La Capital","Asfalto,Tierra","No existe","I","Dentro","Urbana","S/D","No existe","Intersección","Con baches,Deteriorada","Buena","Diurna","Buen Tiempo","Lateral","S/D","Colisión","S/D","S/D","S/D","S/D"
2014,9498,18/12/2014,"Jueves",0,19:05:00,,"0.0",2,"Automóvil,Moto/Ciclomotor","Calle 27-Gdor Freyre Y Calle 26 - Bolivar",2,1,0,0,1,0,0,,"Calle",,"RECONQUISTA","General Obligado","Asfalto","No existe","IX","Dentro","Urbana","Ninguna","No existe","Recta","Bueno","Buena","Atardecer","Buen Tiempo","De alcance","S/D","Colisión","Ninguna","Faltante","Ninguna","Sin restricción"
2014,9499,17/12/2014,"Miercoles",0,18:20:00,,"0.0",1,"Moto/Ciclomotor","Calle 21 Y Calle 16",1,1,0,0,0,0,0,,"Calle",,"AVELLANEDA","General Obligado","Asfalto,Hormigón","No existe","IX","Dentro","Urbana","Ninguna","No existe","Recta","Deteriorada","Buena","Diurna","Buen Tiempo","Otro","S/D","Colisión","Ninguna","Faltante","Ninguna","S/D"
2014,9500,09/12/2014,"Martes",0,21:40:00,,"0.0",2,"Pickup/Utilitario,Moto/Ciclomotor","Almirante Brown Y Lopez y Planes",3,2,0,0,1,0,0,,"Calle",,"ESPERANZA","Las Colonias","Asfalto","No existe","XI","Dentro","Urbana","Ninguna","No existe","Intersección","Bueno","Buena","Nocturna,Con luz artificial","Buen Tiempo","Lateral","S/D","Colisión","Ninguna","Vertical","Cordón divisorio","Sin restricción"
2014,9501,05/11/2014,"Miercoles",0,20:00:00,,"0.0",2,"Moto/Ciclomotor,Automóvil","Entre Rios Y 25 de Mayo",2,1,0,0,0,0,1,,"Calle",,"FLORENCIA","General Obligado","Tierra","No existe","IX","S/D","Urbana","Ninguna","No existe","Recta","Bueno","Reducida polvo","Nocturna","Buen Tiempo","S/D","S/D","Atropello","Ninguna","Faltante","Ninguna","S/D"
2014,9502,29/10/2014,"Miercoles",0,17:00:00,,"0.0",2,"Moto/Ciclomotor,Automóvil","Estanislao Lopez Y Moreno",2,0,0,0,0,0,2,,"Calle",,"FLORENCIA","General Obligado","Asfalto","Pavimento","IX","Dentro","Urbana","Ninguna","No existe","Recta","Bueno","Buena","Atardecer","Otro","S/D","S/D","Atropello","Ninguna","S/D","Ninguna","S/D"
2014,9503,07/12/2014,"Domingo",0,06:15:00,,"0.0",2,"Moto/Ciclomotor,Moto/Ciclomotor","Av 18 de Junio Y Moreno",3,3,0,0,0,0,0,,"Avenida",,"MALABRIGO","General Obligado","Asfalto","Pavimento","IX","Dentro","Urbana","S/D","No existe","Intersección","Bueno","Buena","Diurna","Buen Tiempo","Frontal,Lateral","S/D","Colisión","Ninguna","Horizontal","Ninguna","S/D"
2014,9504,02/12/2014,"Martes",0,09:20:00,,"0.0",2,"Moto/Ciclomotor,Automóvil","Calle 21-Gdor. iriondo Y Calle 20-9 de Julio",2,1,0,0,1,0,0,,"Calle",,"RECONQUISTA","General Obligado","Asfalto","Pavimento","IX","Dentro","Urbana","Ninguna","No existe","Recta","Bueno","Buena","Diurna","Buen Tiempo","De alcance","S/D","Colisión","Ninguna","Faltante","Ninguna","Sin restricción"
2014,9505,22/12/2014,"Lunes",0,19:07:00,"Ruta Nacional 11","790.6",2,"Automóvil,Moto/Ciclomotor","Ruta Nacional 11 790.6",2,1,0,0,1,0,0,,"Ruta",11,"AVELLANEDA","General Obligado","Asfalto","No existe","IX","Dentro","Urbana","Ninguna","No existe","Recta","Bueno","Buena","Diurna","Buen Tiempo","De alcance","S/D","Colisión","Ninguna","Faltante","Cordón divisorio","Sin restricción"
2014,9506,15/12/2014,"Lunes",0,10:00:00,,"0.0",2,"Automóvil,Taxi/Remis","Av A del Valle Y Alfonsina Storni",3,1,0,0,2,0,0,,"Avenida",,"SANTA FE","La Capital","Asfalto","Natural","I","Dentro","Urbana","S/D","No existe","Intersección","Bueno","Buena","Diurna","Buen Tiempo","Lateral","S/D","Colisión","S/D","Faltante","S/D","S/D"
2014,9507,08/11/2014,"Sabado",0,08:10:00,,"0.0",1,"Automóvil","Reconquista 3238",3,2,0,0,1,0,0,,"Calle",,"SAN JUSTO","San Justo","Tierra","No existe","XVI","Dentro","Urbana","Ninguna","No existe","Recta","Ahuellamiento","Buena","Diurna","Buen Tiempo","Contra objeto fijo","S/D","Colisión","S/D","Faltante","Vegetación","Sin restricción"
2014,9508,30/10/2014,"Jueves",0,08:30:00,"Ruta Nacional 11","0.0",2,"Moto/Ciclomotor,Moto/Ciclomotor","Ruta Nac 11 Y Saavedra",3,1,0,0,0,0,2,,"Ruta",11,"FLORENCIA","General Obligado","Asfalto","Pavimento","IX","Dentro","Urbana","Ninguna","No existe","Recta","Bueno","Buena","Amanecer","Buen Tiempo","Frontal","S/D","Colisión","Ninguna","S/D","Ninguna","S/D"
2014,9509,12/11/2014,"Miercoles",0,03:00:00,,"0.0",2,"Moto/Ciclomotor,Pickup/Utilitario"," ",3,0,1,0,2,0,0,,"Calle",,"ESPERANZA","Las Colonias","Asfalto","Pavimento","XI","Dentro","Urbana","Ninguna","No existe","Intersección","Bueno","Buena","Nocturna","Buen Tiempo","S/D","S/D","Colisión","Ninguna","S/D","Línea divisoria pintada","Sin restricción"
2014,9510,21/11/2014,"Viernes",0,05:50:00,"Ruta Secundaria 32-s","0.0",1,"Automóvil"," ",1,1,0,0,0,0,0,,"Ruta","32-s","VILLA ANA","General Obligado","Tierra","Natural","IX","S/D","Rural","Ninguna","No existe","Curva","Resbaladiza","Buena","Amanecer","Otro","S/D","S/D","Vuelco","Ninguna","Faltante","Ninguna","Sin restricción"
2014,9511,22/12/2014,"Lunes",0,21:39:00,,"0.0",2,"Automóvil,Moto/Ciclomotor","Calle 9 1244",3,0,1,0,2,0,0,,"Calle",,"AVELLANEDA","General Obligado","Asfalto","No existe","IX","Dentro","Urbana","Ninguna","No existe","Recta","Bueno","Buena","Nocturna","Buen Tiempo","Lateral","S/D","Colisión","Ninguna","S/D","Ninguna","Sin restricción"
2014,9512,08/12/2014,"Lunes",0,18:00:00,,"0.0",2,"Moto/Ciclomotor,Automóvil","Calle 31-Newbery Y Calle 12 San Martin",3,2,0,0,1,0,0,,"Calle",,"RECONQUISTA","General Obligado","Asfalto","No existe","IX","Dentro","Urbana","Ninguna","No existe","Intersección","Bueno","Buena","Atardecer","Buen Tiempo","De alcance","S/D","Colisión","Ninguna","Faltante","Ninguna","Sin restricción"
2014,9513,23/12/2014,"Martes",0,21:30:00,"Ruta Nacional 11","798.0",2,"Moto/Ciclomotor,Bicicleta","Ruta Nacional 11 798",3,1,1,0,1,0,0,,"Ruta",11,"AVELLANEDA","General Obligado","Hormigón","Natural","IX","Dentro","Urbana","Ninguna","No existe","Recta","Bueno","Reducida","Nocturna","Buen Tiempo","S/D","S/D","Atropello","Ninguna","S/D","Línea divisoria pintada","Sin restricción"
2014,9514,12/11/2014,"Miercoles",0,16:45:00,,"0.0",2,"Moto/Ciclomotor,Automóvil"," ",2,1,0,0,1,0,0,,"Calle",,"ESPERANZA","Las Colonias","Asfalto","Pavimento","XI","Dentro","Urbana","Ninguna","No existe","Intersección","Bueno","Buena","Diurna","Buen Tiempo","S/D","S/D","Colisión","Ninguna","S/D","Línea divisoria pintada","Sin restricción"
2014,9515,27/12/2014,"Sabado",0,07:15:00,"Ruta Nacional 11","750.8",1,"Camión"," ",1,1,0,0,0,0,0,,"Ruta",11,"MALABRIGO","General Obligado","Asfalto","Natural","IX","Dentro","Rural","Ninguna","No existe","Recta","Bueno","Buena","Diurna","Lluvia","Lateral","S/D","Vuelco","Ninguna","Horizontal","Línea divisoria pintada","Sin restricción"
2014,9516,15/12/2014,"Lunes",0,14:00:00,"Ruta Provincial 14","148.0",2,"Bicicleta,Pickup/Utilitario"," ",2,0,0,0,1,1,0,"-33.894248, -61.825619","Ruta",14,"SANTA ISABEL","General López","Asfalto","Natural","VIII","Dentro","Rural","S/D","No existe","Recta","Bueno","Buena","Diurna","Buen Tiempo","Frontal","S/D","Atropello","S/D","S/D","S/D","S/D"
2014,9517,20/12/2014,"Sabado",0,07:35:00,"Autopista Provincial Brigadier E.López","72.0",1,"Camión"," ",2,2,0,0,0,0,0,,"Autopista","Brigadier E.López","BARRANCAS","San Jerónimo","Asfalto","Natural","XV","S/D","Rural","Ninguna","No existe","Recta","Resbaladiza","Reducida","Diurna","Lluvia","S/D","S/D","Vuelco","Agua","Horizontal","Ninguna","S/D"
2014,9518,15/11/2014,"Sabado",0,14:45:00,,"0.0",2,"Automóvil,Moto/Ciclomotor","General Manuel Belgrano Y Aristobulo del Valle",6,2,0,0,4,0,0,,"Calle",,"ESPERANZA","Las Colonias","Asfalto","No existe","XI","Dentro","Urbana","Ninguna","No existe","Intersección","Bueno","Buena","Diurna","Buen Tiempo","Lateral","S/D","Colisión","S/D","Vertical","Ninguna","Sin restricción"
2014,9519,18/12/2014,"Jueves",0,18:00:00,,"0.0",2,"Camión,Moto/Ciclomotor","1ro de Mayo Y Azcuenaga",2,1,0,0,1,0,0,,"Calle",,"SANTA FE","La Capital","Asfalto,Tierra","Natural","I","Dentro","Urbana","S/D","No existe","Intersección","Con baches","Buena","Diurna","Buen Tiempo","Lateral","S/D","Colisión","S/D","S/D","S/D","S/D"
2014,9520,18/12/2014,"Jueves",0,21:45:00,,"0.0",2,"Automóvil,Moto/Ciclomotor","R P A Janssen Y Gregorio Donnet",3,0,1,0,2,0,0,,"Calle",,"ESPERANZA","Las Colonias","Asfalto","No existe","XI","Dentro","Urbana","Ninguna","No existe","Recta","Bueno","Buena","Nocturna,Con luz artificial","Buen Tiempo","De alcance","S/D","Colisión","Ninguna","Vertical","Cordón divisorio","Sin restricción"
2014,9521,05/12/2014,"Viernes",0,08:30:00,,"0.0",2,"Bicicleta,Automóvil","Calle 38-Corrientes Y Calle 11-Alvear",2,1,0,0,1,0,0,,"Calle",,"RECONQUISTA","General Obligado","Asfalto","No existe","IX","Dentro","Urbana","Ninguna","No existe","Intersección","Bueno","Buena","Diurna","Buen Tiempo","S/D","S/D","Atropello","Ninguna","Faltante","Cordón divisorio","Sin restricción"
2014,9522,24/12/2014,"Miercoles",0,09:15:00,,"0.0",2,"Pickup/Utilitario,Moto/Ciclomotor","Calle 2 Y Calle 7",3,2,0,0,1,0,0,,"Calle",,"AVELLANEDA","General Obligado","Asfalto","No existe","IX","Dentro","Urbana","Ninguna","No existe","Intersección","Bueno","Buena","Diurna","Buen Tiempo","Lateral","S/D","Colisión","Ninguna","Faltante","Cordón divisorio","Sin restricción"
2014,9523,21/12/2014,"Domingo",0,09:00:00,,"0.0",2,"Automóvil,Moto/Ciclomotor","Facundo Quiroga Y Gorriti",3,1,0,0,2,0,0,,"Calle",,"SANTA FE","La Capital","Asfalto","Pavimento","I","Dentro","Urbana","S/D","Funciona","Intersección","S/D","Buena","Diurna","Buen Tiempo","Lateral","S/D","Colisión","S/D","S/D","S/D","Sin restricción"
2014,9524,30/12/2014,"Martes",0,18:15:00,,"0.0",2,"Automóvil,Peatón","General Manuel Belgrano Y Castelli",3,1,0,0,2,0,0,,"Calle",,"ESPERANZA","Las Colonias","Asfalto","No existe","XI","Dentro","Urbana","Policía de tránsito","No existe","Intersección","Bueno","Buena","Diurna","Buen Tiempo","S/D","S/D","Atropello","Ninguna","Vertical","Cordón divisorio","Sin restricción"
2014,9525,19/12/2014,"Viernes",0,01:50:00,,"0.0",1,"Moto/Ciclomotor","San Martin 444",1,0,0,0,0,1,0,"-32.044695, -61.786440","Calle",,"CARLOS PELLEGRINI","San Martín","Hormigón","No existe","XVIII","Dentro","Urbana","Ninguna","No existe","Recta","Bueno","Buena","Nocturna,Con luz artificial","Buen Tiempo","S/D","S/D","Caída ocupante","S/D","Horizontal,Vertical","Ninguna","Sin restricción"
2014,9526,22/09/2014,"Lunes",0,23:45:00,,"0.0",1,"Moto/Ciclomotor","Independencia 3200",1,0,1,0,0,0,0,,"Calle",,"SAN JUSTO","San Justo","Asfalto","No existe","XVI","Dentro","Urbana","Ninguna","No existe","Recta","Bueno","Reducida","Nocturna,Con luz artificial","Buen Tiempo","Atropello animal","S/D","Colisión","Ninguna","Faltante","Cordón divisorio","Sin restricción"
2014,9527,27/11/2014,"Jueves",0,12:35:00,,"0.0",3,"Automóvil,Moto/Ciclomotor,Pickup/Utilitario","Belgrano Manuel 400",4,1,0,0,3,0,0,,"Calle",,"SAN CARLOS CENTRO","Las Colonias","Hormigón","S/D","XI","Dentro","Urbana","Ninguna","S/D","Recta","Bueno","Buena","Diurna","Buen Tiempo","Múltiple","S/D","Colisión","Ninguna","S/D","Ninguna","Sin restricción"
2014,9529,01/11/2014,"Sabado",0,14:30:00,,"0.0",1,"Bicicleta","Reconquista Y 9 de Julio",1,1,0,0,0,0,0,,"Calle",,"SAN JUSTO","San Justo","Tierra","No existe","XVI","Dentro","Urbana","S/D","No existe","Recta","Ahuellamiento","Buena","Diurna","Buen Tiempo","Atropello animal","S/D","Colisión","S/D","Faltante","Vegetación","Sin restricción"
2014,9530,20/11/2014,"Jueves",0,09:30:00,,"0.0",1,"Moto/Ciclomotor","General Manuel Belgrano Y 12 de Octubre",1,1,0,0,0,0,0,,"Calle",,"ESPERANZA","Las Colonias","Asfalto","No existe","XI","Dentro","Urbana","Ninguna","No existe","Recta","Bueno","Buena","Atardecer","Buen Tiempo","Atropello animal","S/D","Colisión","Ninguna","Horizontal,Vertical","Ninguna","Sin restricción"
2014,9531,31/10/2014,"Viernes",0,19:00:00,,"0.0",2,"Moto/Ciclomotor,Peatón","Fco Angeloni Y Bv C Pellegrini",2,1,0,0,1,0,0,,"Calle",,"SAN JUSTO","San Justo","Asfalto","No existe","XVI","Dentro","Urbana","S/D","No existe","Intersección","Bueno","Buena","Atardecer","Buen Tiempo","S/D","S/D","Atropello","S/D","S/D","Cordón divisorio","Sin restricción"
2014,9532,27/12/2014,"Sabado",0,10:15:00,,"0.0",3,"Automóvil,Bicicleta,Bicicleta","25 de Mayo Y General Paz",3,2,0,0,1,0,0,,"Calle",,"ESPERANZA","Las Colonias","Asfalto","No existe","XI","Dentro","Urbana","Ninguna","No existe","Intersección","Bueno","Buena","Diurna","Buen Tiempo","S/D","S/D","Atropello","Ninguna","Vertical","Cordón divisorio","Sin restricción"
2014,9533,24/12/2014,"Miercoles",0,18:00:00,,"0.0",2,"Moto/Ciclomotor,Pickup/Utilitario","Av A del Valle Y Callejon Funes",2,1,0,0,1,0,0,,"Calle",,"SANTA FE","La Capital","Asfalto","S/D","I","Dentro","Urbana","S/D","No existe","Intersección","Bueno","Buena","Atardecer","Buen Tiempo","Lateral","S/D","Colisión","S/D","Faltante","S/D","S/D"
2014,9534,30/10/2014,"Jueves",0,11:20:00,,"0.0",2,"Automóvil,Bicicleta","Av Iriondo Y 9 de Julio",2,1,0,0,1,0,0,,"Avenida",,"SAN JUSTO","San Justo","Asfalto","No existe","XVI","Dentro","Urbana","Ninguna","No existe","Recta","Bueno","Buena","Diurna","Buen Tiempo","S/D","S/D","Atropello","S/D","S/D","Cordón divisorio","Sin restricción"
2014,9535,23/12/2014,"Martes",0,20:10:00,,"0.0",2,"Moto/Ciclomotor,Automóvil","Moreno 1482",3,1,0,0,2,0,0,,"Calle",,"MALABRIGO","General Obligado","Asfalto","Pavimento","IX","Dentro","Urbana","Otra Señal","No existe","Recta","Bueno","Buena","Nocturna","Buen Tiempo","Otro","S/D","Colisión","S/D","Horizontal","Ninguna","Sin restricción"
2014,9536,20/11/2014,"Jueves",0,18:30:00,,"0.0",2,"Moto/Ciclomotor,Pickup/Utilitario","Nicolas Schneider Y Marcos Avellaneda",3,1,1,0,1,0,0,,"Calle",,"ESPERANZA","Las Colonias","Asfalto","Pavimento","XI","Dentro","Urbana","Ninguna","No existe","Intersección","Bueno","Buena","Atardecer","Buen Tiempo","Otro","S/D","Colisión","Ninguna","S/D","Línea divisoria pintada","Sin restricción"
2014,9537,31/12/2014,"Miercoles",0,18:55:00,,"0.0",2,"Moto/Ciclomotor,Automóvil","Calle 26-Bolivar Y Calle 23-Gral lopez",3,1,0,0,2,0,0,,"Calle",,"RECONQUISTA","General Obligado","Asfalto","No existe","IX","Dentro","Urbana","Ninguna","No existe","Intersección","Bueno","Buena","Atardecer","Buen Tiempo","Lateral","S/D","Colisión","Ninguna","Faltante","Cordón divisorio","Sin restricción"
2014,9538,20/12/2014,"Sabado",0,20:25:00,"Ruta Provincial 65","42.5",2,"Automóvil,Bicicleta","Ruta Prov 65 ",3,0,1,0,2,0,0,,"Ruta",65,"SAN GENARO","San Jerónimo","Asfalto","Pavimento","XV","Dentro","Urbana","Ninguna","No existe","Recta","Bueno","Buena","Nocturna","Buen Tiempo","S/D","S/D","Atropello","Ninguna","Vertical","Línea divisoria pintada","Sin restricción"