"anio_acci","nro_acci","fecha","desc_dia","fecha_aprox","hora_aprox","desc_ruta","km","cant_participantes","desc_participante","calle_avenida_km","total","heridos_leves","heridos_graves","heridos_gravisimos","ilesos","fallecidos","sin_datos","posicion_XY","desc_tipo_via","desc_ruta_ori","desc_loc","desc_dpto","desc_tipo_calzada","desc_tipo_banquina","desc_unidad_regional","desc_lugar_calzada","desc_zona","desc_prioridad","desc_estado_semaforo","desc_lugar_via","desc_estado_via","desc_estado_visibilidad","desc_luminosidad","desc_estado_clima","desc_tipo_colision","desc_tipo_atropello","desc_tipo_hecho","desc_pres_calzada","desc_senializacion","desc_separacion_via","desc_restriccion"
2014,9539,26/10/2014,"Domingo",0,23:35:00,,"0.0",2,"Automóvil,Moto/Ciclomotor","Cno San Roque Y L N Alem",2,1,0,0,1,0,0,,"Calle",,"SAN JUSTO","San Justo","Asfalto","No existe","XVI","Dentro","Urbana","S/D","No existe","Intersección","Bueno","Buena","Nocturna,Con luz artificial","Buen Tiempo","De alcance","S/D","Colisión","S/D","Faltante","Cordón divisorio","Sin restricción"
2014,9540,20/09/2014,"Sabado",0,20:15:00,,"0.0",2,"Moto/Ciclomotor,Peatón","Bv C Pellegrini Y L N Alem",2,2,0,0,0,0,0,,"Avenida",,"SAN JUSTO","San Justo","Asfalto","No existe","XVI","Dentro","Urbana","Ninguna","No existe","Intersección","Bueno","Reducida","Con luz artificial","Buen Tiempo","S/D","S/D","Atropello","Ninguna","Faltante","Ninguna","S/D"
2014,9541,08/12/2014,"Lunes",0,06:00:00,,"0.0",2,"Moto/Ciclomotor,Moto/Ciclomotor","Bv San Martin Y Chacabuco",2,1,0,0,1,0,0,,"Calle",,"BARRANCAS","San Jerónimo","Asfalto","Pavimento","XV","Dentro","Urbana","Ninguna","No existe","Intersección","Resbaladiza","Reducida","Diurna","Lluvia","S/D","S/D","Colisión","Agua","S/D","Ninguna","S/D"
2014,9542,29/12/2014,"Lunes",0,22:50:00,,"0.0",2,"Peatón,Moto/Ciclomotor","Av A del Valle Y Gorriti",2,0,1,0,1,0,0,"-31.590527777778,-60.692277777778","Avenida",,"SANTA FE","La Capital","Asfalto","Pavimento","I","Dentro","Urbana","S/D","Funciona","Intersección","Bueno","Buena","Nocturna,Con luz artificial","Buen Tiempo","S/D","S/D","Atropello","S/D","S/D","S/D","S/D"
2014,9543,25/12/2014,"Jueves",0,12:05:00,,"0.0",1,"Moto/Ciclomotor","Calle 22 162",2,1,1,0,0,0,0,,"Calle",,"AVELLANEDA","General Obligado","Tierra,Arena","Natural","IX","Dentro","Urbana","Ninguna","No existe","Recta","Otro","Buena","Diurna","Buen Tiempo","Otro","S/D","Despiste","Otro","Faltante","Ninguna","Sin restricción"
2014,9544,23/10/2014,"Jueves",0,12:30:00,,"0.0",1,"Bicicleta","LUDOVICO ALASSIA 2489",1,1,0,0,0,0,0,,"Calle",,"SAN JUSTO","San Justo","Tierra","Natural","XVI","Dentro","Urbana","Ninguna","No existe","Recta","Bueno","Buena","Diurna","Buen Tiempo","Atropello animal","S/D","Colisión","Ninguna","S/D","Vegetación","Sin restricción"
2014,9545,21/11/2014,"Viernes",0,18:05:00,,"0.0",2,"Pickup/Utilitario,Moto/Ciclomotor","Rivadavia Y 3 de Febrero",2,1,0,0,1,0,0,,"Calle",,"ESPERANZA","Las Colonias","Asfalto","No existe","XI","Dentro","Urbana","Ninguna","No existe","Intersección","Bueno","Buena","Diurna","Buen Tiempo","Lateral","S/D","Colisión","Ninguna","Horizontal","Cordón divisorio","Sin restricción"
2014,9546,07/12/2014,"Domingo",0,06:35:00,"Ruta Provincial 94","0.0",1,"Automóvil"," ",4,4,0,0,0,0,0,,"Ruta",94,"TEODELINA","General López","Asfalto","Natural","VIII","Dentro","Rural","Ninguna","No existe","Curva","Resbaladiza","Reducida","Diurna","Lluvia","S/D","S/D","Vuelco","Agua","Faltante","Ninguna","Sin restricción"
2014,9547,05/11/2014,"Miercoles",0,19:26:00,,"0.0",2,"Moto/Ciclomotor,Pickup/Utilitario","Calle 15 Y Calle 16",2,1,0,0,1,0,0,,"Calle",,"AVELLANEDA","General Obligado","Asfalto","S/D","IX","S/D","S/D","Ninguna","No existe","Intersección","Bueno","Buena","Atardecer","Buen Tiempo","De alcance","S/D","Colisión","Ninguna","Vertical","Ninguna","Sin restricción"
2014,9548,06/11/2014,"Jueves",0,17:20:00,,"0.0",2,"Moto/Ciclomotor,Automóvil","Calle 1 Y Calle 20",5,3,0,0,2,0,0,,"Calle",,"AVELLANEDA","General Obligado","Asfalto","No existe","IX","Dentro","Urbana","Ninguna","No existe","Intersección","Bueno","Buena","Diurna","Buen Tiempo","Frontal","S/D","Colisión","S/D","Faltante","Ninguna","Sin restricción"
2014,9549,22/11/2014,"Sabado",0,,,"0.0",2,"Moto/Ciclomotor,Moto/Ciclomotor","General Manuel Belgrano Y Cesar M Pittier",4,4,0,0,0,0,0,,"Calle",,"ESPERANZA","Las Colonias","Asfalto","No existe","XI","Dentro","Urbana","Ninguna","No existe","Intersección","Bueno","Buena","Nocturna","Buen Tiempo","De alcance","S/D","Colisión","Ninguna","Horizontal","Ninguna","Sin restricción"
2014,9550,24/11/2014,"Lunes",0,23:05:00,,"0.0",2,"Automóvil,Moto/Ciclomotor","G Lehmann Y San Martin",2,1,0,0,1,0,0,,"Calle",,"ESPERANZA","Las Colonias","Asfalto","No existe","XI","Dentro","Urbana","Ninguna","No existe","Intersección","Bueno","Buena","Nocturna,Con luz artificial","Buen Tiempo","Frontal","S/D","Colisión","Ninguna","Horizontal","Cordón divisorio","Sin restricción"
2014,9551,18/09/2014,"Jueves",0,18:30:00,,"0.0",2,"Bicicleta,Automóvil","Mantovani J ",2,0,1,0,1,0,0,,"Calle",,"SAN JUSTO","San Justo","Asfalto","No existe","XVI","Dentro","Urbana","Ninguna","No existe","Recta","Bueno","Buena","Atardecer","Buen Tiempo","S/D","S/D","Atropello","Ninguna","Faltante","Cordón divisorio","Sin restricción"
2014,9552,05/12/2014,"Viernes",0,15:00:00,,"0.0",2,"Moto/Ciclomotor,Automóvil","Calle 26 - Bolivar Y Calle 49",2,1,0,0,1,0,0,,"S/D",,"RECONQUISTA","General Obligado","Asfalto","Natural","IX","S/D","S/D","Otra Señal","No existe","Intersección","Bueno","Buena","Diurna","Buen Tiempo","Otro","S/D","Colisión","Ninguna","Faltante","Línea divisoria pintada","Sin restricción"
2014,9553,14/09/2014,"Domingo",0,06:40:00,,"0.0",2,"Automóvil,Automóvil","R E De San Martin Y Av Iriondo",3,1,0,0,2,0,0,,"Avenida",,"SAN JUSTO","San Justo","Asfalto","No existe","XVI","S/D","Urbana","Ninguna","No existe","Intersección","Otro","Buena","Amanecer","Buen Tiempo","Lateral","S/D","Colisión","Ninguna","Faltante","Ninguna","Sin restricción"
2014,9554,23/09/2014,"Martes",0,12:10:00,,"0.0",2,"Moto/Ciclomotor,Peatón","Gral Urquiza 2383",2,2,0,0,0,0,0,,"Calle",,"SAN JUSTO","San Justo","Asfalto","No existe","XVI","Dentro","Urbana","Ninguna","No existe","Recta","Bueno","Buena","Diurna","Buen Tiempo","S/D","S/D","Atropello","Ninguna","Faltante","Cordón divisorio","Sin restricción"
2014,9555,24/11/2014,"Lunes",0,18:00:00,,"0.0",2,"Pickup/Utilitario,Moto/Ciclomotor","Bartolome Mitre Y Soler",2,1,0,0,1,0,0,,"Calle",,"ESPERANZA","Las Colonias","Asfalto","No existe","XI","Dentro","Urbana","Ninguna","No existe","Intersección","Resbaladiza","Reducida","Diurna","Lluvia","De alcance","S/D","Colisión","Agua","Vertical","Ninguna","Sin restricción"
2014,9556,27/08/2014,"Miercoles",0,18:30:00,,"0.0",2,"Bicicleta,Moto/Ciclomotor","Av Iriondo ",2,0,1,0,1,0,0,,"Avenida",,"SAN JUSTO","San Justo","Asfalto","No existe","XVI","Dentro","Urbana","Ninguna","No existe","Recta","Bueno","Buena","Atardecer","Buen Tiempo","S/D","S/D","Atropello","Ninguna","S/D","Cordón divisorio","Sin restricción"
2014,9557,05/12/2014,"Viernes",0,22:40:00,"Ruta Secundaria 40-s","0.0",2,"Bicicleta,Moto/Ciclomotor"," ",3,2,1,0,0,0,0,,"Ruta","40-s","RECONQUISTA","General Obligado","Asfalto","Natural","IX","Dentro","Urbana","Ninguna","No existe","Otro","Bueno","Reducida","Nocturna","Otro","S/D","S/D","Atropello","Otro","Faltante","Cordón divisorio","Sin restricción"
2014,9559,03/12/2014,"Miercoles",0,09:40:00,,"0.0",2,"Bicicleta,Automóvil","Calle 22- 25 de Mayo Y Calle 21-Gdor. iriondo",2,1,0,0,1,0,0,,"Calle",,"RECONQUISTA","General Obligado","Asfalto","No existe","IX","Dentro","Urbana","Ninguna","No existe","Recta","Bueno","Buena","Diurna","Buen Tiempo","S/D","S/D","Atropello","Ninguna","Horizontal","Ninguna","Sin restricción"
2014,9560,29/12/2014,"Lunes",0,11:50:00,"Ruta Nacional 33","644.0",1,"Automóvil"," ",1,0,1,0,0,0,0,,"Ruta",33,"MURPHY","General López","Asfalto","Natural","VIII","Fuera","Rural","Ninguna","No existe","Recta","Bueno","Buena","Diurna","Buen Tiempo","S/D","S/D","Vuelco","S/D","Horizontal,Vertical","Línea divisoria pintada","Sin restricción"
2014,9561,28/12/2014,"Domingo",0,13:00:00,"Ruta Nacional 11","791.0",2,"Automóvil,Bicicleta","Ruta Nacional 11 791",3,1,1,0,1,0,0,,"Ruta",11,"AVELLANEDA","General Obligado","Asfalto","No existe","IX","Dentro","Urbana","Ninguna","No existe","Recta","Bueno","Buena","Diurna","Buen Tiempo","S/D","S/D","Atropello","S/D","Faltante","Cordón divisorio","Sin restricción"
2014,9562,07/12/2014,"Domingo",0,07:55:00,,"0.0",1,"Automóvil","G Lehmann 1300",2,2,0,0,0,0,0,,"Calle",,"ESPERANZA","Las Colonias","Asfalto","Pavimento","XI","Fuera","Urbana","Ninguna","No existe","Recta","Bueno","Buena","Diurna","Buen Tiempo","Contra objeto fijo","S/D","Colisión","Ninguna","Vertical","Línea divisoria pintada","Sin restricción"
2014,9563,09/12/2014,"Martes",0,14:00:00,,"0.0",2,"Automóvil,Pickup/Utilitario","Roca Pte Y Calle 53-Chubut",3,2,0,0,1,0,0,,"Calle",,"RECONQUISTA","General Obligado","S/D","Natural","IX","Dentro","Urbana","Ninguna","No existe","Intersección","Bueno","Buena","Diurna","Buen Tiempo","Otro","S/D","Colisión","Ninguna","Faltante","Ninguna","Sin restricción"
2014,9564,07/09/2014,"Domingo",0,07:40:00,,"0.0",2,"Automóvil,Automóvil","9 de Julio Y Combate de San Lorenzo",4,1,0,0,3,0,0,,"Calle",,"GOBERNADOR CRESPO","San Justo","Asfalto","No existe","XVI","S/D","Urbana","Ninguna","No existe","Intersección","Bueno","Buena","Diurna","Buen Tiempo","Frontal","S/D","Colisión","S/D","Faltante","Ninguna","Sin restricción"
2014,9565,03/12/2014,"Miercoles",0,09:30:00,,"0.0",2,"Automóvil,Moto/Ciclomotor","Calle 20-9 de Julio Y Calle 21-Gdor. iriondo",2,1,0,0,1,0,0,,"Calle",,"RECONQUISTA","General Obligado","Hormigón","No existe","IX","Dentro","Urbana","Ninguna","No existe","Intersección","Bueno","Buena","Diurna","Buen Tiempo","S/D","S/D","Colisión","Ninguna","Vertical","Ninguna","Sin restricción"
2014,9566,13/12/2014,"Sabado",0,09:50:00,,"0.0",2,"Camión,Bicicleta","Calle 47-Islas Malvinas Y Calle 44-27 de Abril",2,1,0,0,1,0,0,,"Calle",,"RECONQUISTA","General Obligado","Asfalto","Natural","II","Dentro","Urbana","Semáforo","Funciona","Intersección","S/D","Buena","Diurna","Buen Tiempo","S/D","S/D","Atropello","Otro","Faltante","Ninguna","Sin restricción"
2014,9567,30/12/2014,"Martes",0,02:55:00,,"0.0",2,"Moto/Ciclomotor,Automóvil","Calle 11 817",2,1,0,0,1,0,0,,"Calle",,"AVELLANEDA","General Obligado","Asfalto","No existe","IX","Dentro","Urbana","Ninguna","Intermitente","Recta","S/D","Reducida","Nocturna","Lluvia","Contra objeto fijo","S/D","Colisión","Agua","Faltante","Ninguna","Sin restricción"
2014,9568,26/09/2014,"Viernes",0,09:30:00,,"0.0",2,"Automóvil,Bicicleta","Mariano Moreno Y Zeballos",2,1,0,0,1,0,0,,"Calle",,"GOBERNADOR CRESPO","San Justo","Asfalto","S/D","XVI","Dentro","Urbana","Ninguna","No existe","Intersección","Bueno","Buena","Atardecer","Buen Tiempo","S/D","S/D","Atropello","S/D","Faltante","Ninguna","Sin restricción"
2014,9569,25/11/2014,"Martes",0,19:15:00,,"0.0",2,"Automóvil,Moto/Ciclomotor","F Soutomayor Y Simon de Iriondo",2,1,0,0,1,0,0,,"Calle",,"ESPERANZA","Las Colonias","Asfalto","No existe","XI","Dentro","Urbana","Ninguna","No existe","Recta","Bueno","Buena","Diurna","Buen Tiempo","S/D","S/D","Colisión","Ninguna","Horizontal","Ninguna","Sin restricción"
2014,9570,09/12/2014,"Martes",0,13:00:00,,"0.0",2,"Automóvil,Moto/Ciclomotor","Calle 18-Belgrano Y Calle 23-Gral lopez",3,2,0,0,1,0,0,,"Calle",,"RECONQUISTA","General Obligado","Hormigón","No existe","IX","S/D","Urbana","Ninguna","No existe","Intersección","Bueno","Buena","Diurna","Buen Tiempo","S/D","S/D","Colisión","Ninguna","Horizontal","Ninguna","Sin restricción"
2014,9571,07/09/2014,"Domingo",0,17:00:00,,"0.0",2,"Automóvil,Automóvil","Av Gral San Martin Y Gral Belgrano",3,0,1,0,2,0,0,,"Avenida",,"GOBERNADOR CRESPO","San Justo","Asfalto","No existe","XVI","S/D","Urbana","Ninguna","No existe","Intersección","Bueno","Buena","Diurna","Buen Tiempo","Frontal","S/D","Colisión","S/D","Faltante","Ninguna","Sin restricción"
2014,9572,12/12/2014,"Viernes",0,13:45:00,,"0.0",2,"Moto/Ciclomotor,Moto/Ciclomotor","Calle 12 San Martin 2900",2,1,0,0,1,0,0,,"Calle",,"RECONQUISTA","General Obligado","Asfalto","Natural","II","Dentro","Urbana","Ninguna","No existe","Recta","Bueno","Buena","Diurna","Buen Tiempo","Otro","S/D","Colisión","Ninguna","Faltante","Ninguna","Sin restricción"
2014,9573,29/09/2014,"Lunes",0,18:50:00,,"0.0",2,"Automóvil,Moto/Ciclomotor","Fco Angeloni Y R E De San Martin",2,1,0,0,1,0,0,,"Calle",,"SAN JUSTO","San Justo","Asfalto","No existe","XVI","Dentro","Urbana","Ninguna","No existe","Intersección","Bueno","Buena","Diurna","Buen Tiempo","De alcance","S/D","Colisión","Ninguna","Faltante","Ninguna","Sin restricción"
2014,9574,29/12/2014,"Lunes",0,18:15:00,,"0.0",2,"Moto/Ciclomotor,Automóvil","Calle 26 Y Pasaje 9",2,0,1,0,1,0,0,,"Calle",,"AVELLANEDA","General Obligado","Hormigón","No existe","IX","Dentro","Urbana","Ninguna","No existe","Intersección","Bueno","Buena","Atardecer","Buen Tiempo","Lateral","S/D","Colisión","Otro","Faltante","Ninguna","Sin restricción"
2014,9575,27/11/2014,"Jueves",0,13:20:00,,"0.0",2,"Moto/Ciclomotor,Moto/Ciclomotor","Calle 94 Hno Lino Terford Y Juan Jose Paso",3,2,0,0,1,0,0,,"Calle",,"ESPERANZA","Las Colonias","Asfalto","No existe","XI","Dentro","Urbana","Ninguna","No existe","Intersección","Bueno","Buena","Diurna","Buen Tiempo","Lateral","S/D","Colisión","S/D","Vertical","Ninguna","Sin restricción"
2014,9576,28/09/2014,"Domingo",0,07:00:00,"Ruta Nacional 11","0.0",2,"Moto/Ciclomotor,Moto/Ciclomotor","Ruta Nacional 11 Y Independencia",2,2,0,0,0,0,0,,"Ruta",11,"SAN JUSTO","San Justo","Asfalto","Pavimento","XVI","Dentro","Urbana","Ninguna","No existe","Intersección","Bueno","Buena","Amanecer","Buen Tiempo","Frontal","S/D","Colisión","Ninguna","Horizontal","Cordón divisorio","Sin restricción"
2014,9577,03/09/2014,"Miercoles",0,18:35:00,,"0.0",2,"Moto/Ciclomotor,Pickup/Utilitario","Av Iriondo Y E Lopez",2,1,0,0,1,0,0,,"Calle",,"SAN JUSTO","San Justo","Asfalto","No existe","XVI","Dentro","Urbana","Ninguna","No existe","Intersección","Bueno","Buena","Atardecer","Buen Tiempo","De alcance","S/D","Colisión","Ninguna","Faltante","Cordón divisorio","Sin restricción"
2014,9578,05/12/2014,"Viernes",0,18:00:00,,"0.0",2,"Bicicleta,Automóvil","Calle 25-Rivadavia Y Calle 28-San lorenzo",3,0,0,0,0,0,3,,"S/D",,"RECONQUISTA","General Obligado","S/D","S/D","IX","S/D","S/D","S/D","S/D","Intersección","S/D","S/D","Diurna","S/D","S/D","S/D","Atropello","S/D","S/D","S/D","S/D"
2014,9579,01/12/2014,"Lunes",0,23:00:00,,"0.0",2,"Moto/Ciclomotor,Moto/Ciclomotor","General Manuel Belgrano Y Pueyrredon",3,3,0,0,0,0,0,,"S/D",,"ESPERANZA","Las Colonias","Asfalto","No existe","XI","S/D","Urbana","Ninguna","No existe","Intersección","Bueno","Buena","Nocturna","Buen Tiempo","Frontal,Lateral","S/D","Colisión","Ninguna","Faltante","Ninguna","Sin restricción"
2014,9580,16/12/2014,"Martes",0,12:00:00,,"0.0",2,"Automóvil,Moto/Ciclomotor","Pueyrredon Y Almirante Brown",3,1,1,0,1,0,0,,"Calle",,"ESPERANZA","Las Colonias","Asfalto","No existe","XI","Dentro","Urbana","Ninguna","No existe","Intersección","Bueno","Buena","Diurna","Buen Tiempo","Frontal,Lateral","S/D","Colisión","Ninguna","Faltante","Ninguna","Sin restricción"
2014,9581,07/10/2014,"Martes",0,11:15:00,,"0.0",2,"Moto/Ciclomotor,Automóvil","Independencia Y Av Iriondo",2,1,0,0,1,0,0,,"Calle",,"SAN JUSTO","San Justo","Asfalto","No existe","XVI","Dentro","Urbana","Ninguna","No existe","Intersección","Bueno","Buena","Diurna","Buen Tiempo","De alcance","S/D","Colisión","Ninguna","Faltante","Cordón divisorio","Sin restricción"
2014,9582,25/10/2014,"Sabado",0,11:30:00,,"0.0",3,"Automóvil,Automóvil,Moto/Ciclomotor","Av Iriondo Y B de Tucuman",3,1,0,0,2,0,0,,"Avenida",,"SAN JUSTO","San Justo","Asfalto","S/D","XVI","S/D","Urbana","Semáforo","Funciona","Recta","Bueno","Buena","Atardecer","Buen Tiempo","Múltiple","S/D","Colisión","Ninguna","S/D","Cordón divisorio","Sin restricción"
2014,9583,16/10/2014,"Jueves",0,15:00:00,,"0.0",2,"Moto/Ciclomotor,Automóvil","Bv R S Pe±a Y Italia",2,1,0,0,1,0,0,,"Calle",,"SAN JUSTO","San Justo","Asfalto","No existe","XVI","Dentro","Urbana","Ninguna","No existe","Intersección","Bueno","Buena","Diurna","Buen Tiempo","De alcance","S/D","Colisión","S/D","S/D","Barrera de hormigón","Sin restricción"
2014,9584,02/12/2014,"Martes",0,22:50:00,,"0.0",2,"Automóvil,Moto/Ciclomotor"," ",2,1,0,0,0,0,1,,"Calle",,"RECONQUISTA","General Obligado","Asfalto","No existe","IX","Dentro","Urbana","Ninguna","No existe","Intersección","Bueno","Buena","Diurna","Buen Tiempo","Otro","S/D","Otro","Ninguna","Faltante","Cordón divisorio","Sin restricción"
2014,9585,14/10/2014,"Martes",0,07:45:00,,"0.0",2,"Automóvil,Bicicleta","Bv C Pellegrini Y L N Alem",3,2,0,0,1,0,0,,"Calle",,"SAN JUSTO","San Justo","Asfalto","No existe","XVI","Dentro","Urbana","Ninguna","No existe","Intersección","Bueno","Buena","Amanecer","Buen Tiempo","S/D","S/D","Atropello","Ninguna","Faltante","Barrera de hormigón","Sin restricción"
2014,9586,10/12/2014,"Miercoles",0,16:00:00,,"0.0",2,"Moto/Ciclomotor,Pickup/Utilitario"," ",2,1,0,0,0,0,1,,"Calle",,"RECONQUISTA","General Obligado","Asfalto","No existe","IX","Dentro","Urbana","Ninguna","No existe","Intersección","Bueno","Buena","Diurna","Buen Tiempo","Otro","S/D","Colisión","Ninguna","Faltante","Ninguna","Sin restricción"
2014,9587,06/12/2014,"Sabado",0,08:20:00,,"0.0",2,"Moto/Ciclomotor,Automóvil"," ",3,2,0,0,0,0,1,,"Calle",,"RECONQUISTA","General Obligado","Asfalto","No existe","IX","Dentro","Urbana","Ninguna","No existe","Recta","Bueno","Buena","Diurna","Buen Tiempo","Frontal","S/D","Colisión","S/D","S/D","Cordón divisorio","Sin restricción"
2014,9588,16/06/2014,"Lunes",0,12:30:00,,"0.0",2,"Peatón,Automóvil","Av Ignacio Crespo 870",2,1,0,0,1,0,0,"-31.510259880697,-60.730364504212","Avenida",,"RECREO","La Capital","S/D","S/D","I","S/D","S/D","S/D","S/D","S/D","S/D","S/D","Diurna","S/D","S/D","S/D","Atropello","S/D","S/D","S/D","S/D"
2014,9590,19/06/2014,"Jueves",0,15:30:00,"Ruta Provincial 21","23.0",2,"Automóvil,Camión"," ",3,1,0,0,2,0,0,,"Ruta",21,"VILLA CONSTITUCIÓN","Constitución","Hormigón","S/D","VI","Dentro","S/D","S/D","S/D","S/D","S/D","S/D","Diurna","S/D","S/D","S/D","Colisión","S/D","S/D","S/D","S/D"
2014,9591,22/06/2014,"Domingo",0,15:00:00,,"0.0",2,"Moto/Ciclomotor,Moto/Ciclomotor"," ",2,1,0,0,1,0,0,,"Calle",,"SANTA FE","La Capital","S/D","S/D","I","Dentro","Urbana","S/D","S/D","Intersección","S/D","S/D","Diurna","S/D","Lateral","S/D","Colisión","S/D","S/D","S/D","S/D"
2014,9592,17/12/2014,"Miercoles",0,19:45:00,,"0.0",2,"Moto/Ciclomotor,Automóvil","Bv San Martin Y Rivadavia",2,1,0,0,1,0,0,,"Avenida",,"BARRANCAS","San Jerónimo","Asfalto","No existe","XV","Dentro","Urbana","Ninguna","No existe","Intersección","Bueno","Buena","Atardecer","Buen Tiempo","Lateral","S/D","Colisión","Ninguna","Faltante","Cordón divisorio","Sin restricción"
2014,9593,10/12/2014,"Miercoles",0,00:30:00,,"0.0",1,"Moto/Ciclomotor","JUAN D. PERON  S/N",2,2,0,0,0,0,0,,"Calle",,"GARABATO","Vera","Tierra","Natural","XIX","Dentro","Urbana","Ninguna","No existe","Recta","S/D","Buena","Nocturna","Buen Tiempo","Otro","S/D","Caída ocupante","S/D","Faltante","Ninguna","Sin restricción"
2014,9594,15/11/2014,"Sabado",0,21:15:00,,"0.0",1,"Moto/Ciclomotor"," ",1,1,0,0,0,0,0,,"Camino Rural",,"ANGÉLICA","Castellanos","Ripio","Natural","V","S/D","Rural","Ninguna","No existe","Recta","Deteriorada","Buena","Nocturna","Buen Tiempo","S/D","S/D","Caída ocupante","Material Suelto","Faltante","Ninguna","Sin restricción"
2014,9595,01/11/2014,"Sabado",0,11:50:00,,"0.0",2,"Moto/Ciclomotor,Automóvil","Gral Lopez Y M Moreno",3,0,2,0,1,0,0,,"Calle",,"MARIA JUANA","Castellanos","S/D","S/D","V","Dentro","Urbana","S/D","S/D","Intersección","S/D","Buena","Diurna","S/D","Frontal","S/D","Colisión","S/D","S/D","S/D","S/D"
2014,9596,23/11/2014,"Domingo",0,12:20:00,,"0.0",3,"Automóvil,Automóvil,Moto/Ciclomotor","Falucho Y Scalabrini Ortiz",9,1,0,0,8,0,0,,"Calle",,"RAFAELA","Castellanos","Asfalto","No existe","V","S/D","Urbana","Ninguna","No existe","Intersección","Bueno","Buena","Diurna","Buen Tiempo","Múltiple","S/D","Colisión","Ninguna","Faltante","Ninguna","Sin restricción"
2014,9597,21/12/2014,"Domingo",0,05:55:00,,"0.0",2,"Moto/Ciclomotor,Automóvil","Dr Guena L G ",2,1,0,0,1,0,0,,"Calle",,"BARRANCAS","San Jerónimo","Tierra","No existe","XV","Dentro","Urbana","Ninguna","No existe","Intersección","Deteriorada","Buena","Amanecer","Otro","Lateral","S/D","Colisión","Ninguna","Faltante","Ninguna","Sin restricción"
2014,9598,19/11/2014,"Miercoles",0,17:55:00,,"0.0",1,"Moto/Ciclomotor","Gral Guemes 1219",1,1,0,0,0,0,0,,"Calle",,"MALABRIGO","General Obligado","Ripio","S/D","IX","Dentro","Urbana","Ninguna","No existe","Recta","Deteriorada","Buena","Diurna","Buen Tiempo","Atropello animal","S/D","Colisión","Ninguna","S/D","Ninguna","Sin restricción"
2014,9599,20/12/2014,"Sabado",0,06:50:00,,"0.0",2,"Automóvil,Moto/Ciclomotor","Av Paganini Y 9 de Julio",4,1,0,0,3,0,0,,"Avenida",,"BARRANCAS","San Jerónimo","Asfalto","Pavimento","XIV","S/D","Urbana","Ninguna","No existe","Intersección","Resbaladiza","Reducida","Diurna","Lluvia","Lateral","S/D","Colisión","Agua","S/D","Ninguna","S/D"
2014,9600,04/11/2014,"Martes",0,11:40:00,,"0.0",2,"Moto/Ciclomotor,Pickup/Utilitario","Calle 9-Mariano Moreno Y Calle 30-Lucas Funes",2,1,0,0,1,0,0,,"Calle",,"RECONQUISTA","General Obligado","Asfalto","No existe","IX","S/D","Urbana","Ninguna","No existe","Intersección","Bueno","Buena","Diurna","Buen Tiempo","Lateral","S/D","Colisión","Ninguna","Faltante","Ninguna","Sin restricción"
2014,9601,11/11/2014,"Martes",0,12:00:00,,"0.0",2,"Moto/Ciclomotor,Taxi/Remis","12 de Octubre Y Maestro Cossettini",2,1,0,0,1,0,0,,"Calle",,"RAFAELA","Castellanos","Hormigón","S/D","V","Dentro","Urbana","S/D","S/D","Intersección","S/D","S/D","Diurna","S/D","Lateral","S/D","Colisión","S/D","S/D","S/D","S/D"
2014,9602,22/10/2014,"Miercoles",0,09:30:00,,"0.0",2,"Otros,Peatón","N Figueredo ",2,1,0,0,1,0,0,,"Calle",,"SAN JUSTO","San Justo","Asfalto","No existe","XVI","Dentro","Urbana","Otra Señal","Funciona","S/D","Con baches","Buena","Diurna","Buen Tiempo","S/D","S/D","Atropello","S/D","S/D","Cordón divisorio","Desvío Provisorio"
2014,9603,13/12/2014,"Sabado",0,11:05:00,,"0.0",2,"Automóvil,Moto/Ciclomotor","Calle 18-Belgrano Y Calle 15-Patricio Diez",3,2,0,0,1,0,0,,"Calle",,"RECONQUISTA","General Obligado","Asfalto","No existe","IX","Dentro","Urbana","Semáforo","Funciona","Intersección","Bueno","Buena","Diurna","Buen Tiempo","Lateral","S/D","Colisión","Otro","Vertical","Cordón divisorio","Sin restricción"
2014,9604,11/11/2014,"Martes",0,20:40:00,"Ruta Nacional 34","0.0",1,"Moto/Ciclomotor","Av Luis Fanti Y Ruta Nac 34 Gral Guemes",1,1,0,0,0,0,0,,"Ruta",34,"RAFAELA","Castellanos","Hormigón","S/D","V","Dentro","Urbana","S/D","S/D","Intersección","S/D","S/D","Diurna","S/D","S/D","S/D","Vuelco","S/D","S/D","S/D","S/D"