"anio_acci","nro_acci","fecha","desc_dia","fecha_aprox","hora_aprox","desc_ruta","km","cant_participantes","desc_participante","calle_avenida_km","total","heridos_leves","heridos_graves","heridos_gravisimos","ilesos","fallecidos","sin_datos","posicion_XY","desc_tipo_via","desc_ruta_ori","desc_loc","desc_dpto","desc_tipo_calzada","desc_tipo_banquina","desc_unidad_regional","desc_lugar_calzada","desc_zona","desc_prioridad","desc_estado_semaforo","desc_lugar_via","desc_estado_via","desc_estado_visibilidad","desc_luminosidad","desc_estado_clima","desc_tipo_colision","desc_tipo_atropello","desc_tipo_hecho","desc_pres_calzada","desc_senializacion","desc_separacion_via","desc_restriccion"
2014,9605,24/11/2014,"Lunes",0,13:40:00,,"0.0",2,"Automóvil,Moto/Ciclomotor","Carlos Pellegrini Y Arenales",5,0,1,0,4,0,0,,"Calle",,"RAFAELA","Castellanos","Hormigón","No existe","V","Dentro","Urbana","Ninguna","No existe","Intersección","Bueno","Buena","Diurna","Buen Tiempo","Lateral","S/D","Colisión","Ninguna","Faltante","Cordón divisorio","Accidente Previo"
2014,9606,01/11/2014,"Sabado",0,15:15:00,,"0.0",2,"Moto/Ciclomotor,Automóvil","F Lorenzatti Y A Alvarez",2,0,1,0,1,0,0,,"Calle",,"RAFAELA","Castellanos","Asfalto","S/D","V","Dentro","Urbana","S/D","S/D","Intersección","Resbaladiza","Reducida","Diurna","Lluvia","Lateral","S/D","Colisión","Agua","S/D","S/D","S/D"
2014,9607,22/11/2014,"Sabado",0,08:30:00,"Ruta Provincial 1","48.0",1,"Automóvil","Ruta Provic 1 Y P Silva",3,3,0,0,0,0,0,,"Ruta",1,"SANTA ROSA DE CALCHINES","Garay","Asfalto","Natural","VII","S/D","Rural","Ninguna","No existe","Recta","Bueno","Buena","Diurna","Buen Tiempo","S/D","S/D","Vuelco","Ninguna","Vertical","Vegetación","Sin restricción"
2014,9608,15/11/2014,"Sabado",0,18:05:00,,"0.0",1,"Tractor","Av Gral Lopez ",2,1,0,0,1,0,0,,"Avenida",,"MALABRIGO","General Obligado","Tierra","Natural","IX","Dentro","Urbana","Ninguna","No existe","Recta","Bueno","Buena","Diurna","Buen Tiempo","S/D","S/D","Vuelco","Ninguna","S/D","Ninguna","Sin restricción"
2014,9609,29/12/2014,"Lunes",0,08:25:00,,"0.0",2,"Moto/Ciclomotor,Automóvil","Calle 29-Alte Brown 557",2,1,0,0,1,0,0,,"Calle",,"RECONQUISTA","General Obligado","Asfalto","Pavimento","IX","S/D","Urbana","Ninguna","No existe","Recta","Bueno","Buena","Diurna","Buen Tiempo","Lateral","S/D","Colisión","Ninguna","Vertical","Cordón divisorio","Sin restricción"
2014,9610,24/10/2014,"Viernes",0,19:35:00,,"0.0",2,"Automóvil,Automóvil","Cno San Roque ",2,2,0,0,0,0,0,,"Calle",,"SAN JUSTO","San Justo","Asfalto","Pavimento","XVI","Dentro","Urbana","Ninguna","No existe","Recta","Bueno","Reducida","Nocturna,Con luz artificial","Buen Tiempo","De alcance","S/D","Colisión","S/D","Vertical","Cordón divisorio","Sin restricción"
2014,9611,07/11/2014,"Viernes",0,12:15:00,,"0.0",2,"Moto/Ciclomotor,Automóvil","Colon Y Av Luis Fanti",2,1,0,0,1,0,0,,"Avenida",,"RAFAELA","Castellanos","Asfalto","No existe","V","Dentro","Urbana","S/D","No existe","Intersección","Bueno","Buena","Diurna","Buen Tiempo","Frontal","S/D","Colisión","Ninguna","S/D","S/D","S/D"
2014,9612,27/11/2014,"Jueves",0,16:20:00,,"0.0",2,"Moto/Ciclomotor,Automóvil","Paganini 671",4,3,0,0,1,0,0,,"Calle",,"GABOTO","San Jerónimo","Ripio","No existe","XV","Dentro","Urbana","Ninguna","No existe","Recta","Bueno","Buena","Diurna","Buen Tiempo","Lateral","S/D","Colisión","Material Suelto","Faltante","Ninguna","Sin restricción"
2014,9613,11/11/2014,"Martes",0,20:30:00,,"0.0",2,"Moto/Ciclomotor,Moto/Ciclomotor","Bv Jaime Ferre Y C Bolliger",3,3,0,0,0,0,0,,"Calle",,"RAFAELA","Castellanos","Hormigón","S/D","V","Dentro","Urbana","S/D","S/D","Intersección","S/D","S/D","Nocturna","S/D","Lateral","S/D","Colisión","S/D","S/D","S/D","S/D"
2014,9614,25/11/2014,"Martes",0,12:00:00,,"0.0",2,"Pickup/Utilitario,Moto/Ciclomotor","Av Luis Fanti Y Francisco Peretti",2,1,0,0,1,0,0,,"Avenida",,"RAFAELA","Castellanos","Asfalto","Natural","V","S/D","Urbana","Ninguna","No existe","Intersección","Bueno","Buena","Diurna","Buen Tiempo","Múltiple","S/D","Colisión","Ninguna","Horizontal","Ninguna","Sin restricción"
2014,9615,08/11/2014,"Sabado",0,08:30:00,"Ruta Nacional 33","699.0",1,"Moto/Ciclomotor","Boulevard del Angel - Ruta Nac ",1,1,0,0,0,0,0,,"Ruta",33,"VILLADA","Caseros","Asfalto","Pavimento","IV","Dentro","Urbana","Otra Señal","No existe","Recta","Bueno","Buena","Diurna","Buen Tiempo","Frontal","S/D","Despiste","S/D","Faltante","Ninguna","Sin restricción"
2014,9616,05/11/2014,"Miercoles",0,19:50:00,,"0.0",2,"Bicicleta,Automóvil","Calle 26 - Bolivar Y Calle 13-Iturraspe",2,1,0,0,1,0,0,,"Calle",,"RECONQUISTA","General Obligado","Asfalto","No existe","IX","Dentro","Urbana","Ninguna","No existe","Intersección","Bueno","Buena","Nocturna","Buen Tiempo","S/D","S/D","Atropello","S/D","Horizontal","Ninguna","Sin restricción"
2014,9617,16/11/2014,"Domingo",0,07:30:00,"Ruta Provincial 13","0.0",1,"Automóvil","Ruta Provincial 13 ",1,0,1,0,0,0,0,,"Ruta",13,"VIRGINIA","Castellanos","Hormigón","S/D","V","S/D","Rural","S/D","S/D","Recta","S/D","Buena","Diurna","Buen Tiempo","S/D","S/D","Vuelco","S/D","S/D","S/D","S/D"
2014,9618,03/11/2014,"Lunes",0,19:35:00,,"0.0",2,"Moto/Ciclomotor,Automóvil","Calle 47-Islas Malvinas Y Calle 20 9 de Julio",2,1,0,0,1,0,0,,"Calle",,"RECONQUISTA","General Obligado","Asfalto","Natural","IX","Dentro","Urbana","Ninguna","No existe","Intersección","Bueno","Buena","Atardecer","Buen Tiempo","Lateral","S/D","Colisión","Otro","Faltante","Ninguna","Sin restricción"
2014,9619,26/09/2014,"Viernes",0,13:05:00,,"0.0",2,"Moto/Ciclomotor,Pickup/Utilitario","L N Alem Y Italia",3,2,0,0,1,0,0,,"Calle",,"SAN JUSTO","San Justo","Asfalto","No existe","XVI","Dentro","Urbana","Ninguna","No existe","Intersección","Bueno","Reducida","Diurna","Buen Tiempo","De alcance","S/D","Colisión","S/D","Faltante","Cordón divisorio","Sin restricción"
2014,9620,15/11/2014,"Sabado",0,21:00:00,"Ruta Nacional 19","70.0",1,"Moto/Ciclomotor"," ",1,1,0,0,0,0,0,,"Ruta",19,"ANGÉLICA","Castellanos","S/D","S/D","V","S/D","Rural","S/D","S/D","S/D","S/D","S/D","Nocturna,Con luz artificial","Buen Tiempo","S/D","S/D","Caída ocupante","S/D","S/D","S/D","S/D"
2014,9621,07/11/2014,"Viernes",0,21:10:00,,"0.0",2,"Moto/Ciclomotor,Pickup/Utilitario","Bv H Irigoyen Y Las Heras",3,0,1,0,2,0,0,,"Avenida",,"RAFAELA","Castellanos","S/D","No existe","V","S/D","Urbana","S/D","No existe","Intersección","Deteriorada","Buena","Nocturna,Con luz artificial","Buen Tiempo","Frontal","S/D","Colisión","S/D","S/D","S/D","S/D"
2014,9622,07/11/2014,"Viernes",0,16:00:00,"Ruta Provincial 1","38.0",2,"Pickup/Utilitario,Pickup/Utilitario","Ruta Provic 1 ",2,1,0,0,1,0,0,,"Ruta",1,"SANTA ROSA DE CALCHINES","Garay","Asfalto","Natural","VII","Dentro","Urbana","Ninguna","No existe","Recta","Bueno","Buena","Diurna","Buen Tiempo","Lateral","S/D","Colisión","Ninguna","Faltante","Ninguna","Sin restricción"
2014,9623,15/11/2014,"Sabado",0,14:00:00,,"0.0",2,"Moto/Ciclomotor,Automóvil","Falucho Y R Casabella",2,1,0,0,1,0,0,,"Calle",,"RAFAELA","Castellanos","Asfalto","No existe","V","S/D","S/D","S/D","No existe","Intersección","Bueno","Buena","Diurna","Buen Tiempo","Frontal","S/D","Colisión","S/D","S/D","S/D","S/D"
2014,9624,23/11/2014,"Domingo",0,16:00:00,,"0.0",1,"Moto/Ciclomotor"," ",1,1,0,0,0,0,0,,"Calle",,"RAFAELA","Castellanos","Asfalto","No existe","V","S/D","Urbana","Ninguna","No existe","Intersección","Bueno","Buena","Diurna","Buen Tiempo","S/D","S/D","Caída ocupante","Ninguna","Horizontal","S/D","S/D"
2014,9625,13/11/2014,"Jueves",0,14:00:00,,"0.0",2,"Moto/Ciclomotor,Automóvil","Calle 18-Belgrano Y Calle 9-Mariano Moreno",2,1,0,0,1,0,0,,"Calle",,"RECONQUISTA","General Obligado","Hormigón","No existe","IX","Dentro","Urbana","Ninguna","No existe","Intersección","Bueno","Buena","Diurna","Buen Tiempo","Frontal","S/D","Colisión","S/D","Horizontal","Ninguna","Sin restricción"
2014,9626,13/11/2014,"Jueves",0,12:45:00,"Ruta Nacional 9","0.0",2,"Moto/Ciclomotor,Automóvil","Ruta A-009 Y Calle 57-Prof Roberto Roveda",4,3,0,0,1,0,0,,"Ruta",9,"RECONQUISTA","General Obligado","Asfalto","No existe","IX","Dentro","Urbana","Ninguna","Funciona","Intersección","Bueno","Buena","Diurna","Buen Tiempo","Lateral","S/D","Colisión","Ninguna","Vertical","Línea divisoria pintada","Sin restricción"
2014,9627,01/11/2014,"Sabado",0,11:30:00,,"0.0",2,"Automóvil,Moto/Ciclomotor","Castellanos Y Mitre",3,2,0,0,1,0,0,,"Calle",,"SAN JOSÉ DE LA ESQUINA","Caseros","Asfalto","No existe","IV","Dentro","Urbana","Ninguna","No existe","Intersección","Bueno","Buena","Diurna","Buen Tiempo","Lateral","S/D","Colisión","Ninguna","Horizontal,Vertical","Ninguna","Sin restricción"
2014,9628,15/11/2014,"Sabado",0,19:00:00,,"0.0",2,"Moto/Ciclomotor,Automóvil","Av Gral Bartolome Mitre Y General Paz",2,1,0,0,1,0,0,,"Avenida",,"RAFAELA","Castellanos","S/D","No existe","V","S/D","Urbana","S/D","No existe","Intersección","Bueno","Buena","Diurna","Buen Tiempo","Frontal","S/D","Colisión","S/D","S/D","S/D","S/D"
2014,9629,19/10/2014,"Domingo",0,04:45:00,,"582.0",1,"Automóvil"," ",2,1,0,0,1,0,0,,"Calle",,"RAMAYÓN","San Justo","Asfalto","Pavimento","XVI","Dentro","Urbana","Ninguna","No existe","Intersección","Bueno","Buena","Nocturna,Con luz artificial","Buen Tiempo","Contra objeto fijo","S/D","Colisión","S/D","Faltante","Ninguna","Sin restricción"
2014,9630,03/12/2014,"Miercoles",0,19:45:00,,"0.0",2,"Moto/Ciclomotor,Automóvil","Calle 25-Rivadavia Y Roca Pte",3,1,1,0,1,0,0,,"Calle",,"RECONQUISTA","General Obligado","Asfalto","Pavimento","IX","S/D","Urbana","Ninguna","No existe","Intersección","Bueno","Buena","Atardecer","Buen Tiempo","Lateral","S/D","Colisión","Ninguna","Vertical","Cordón divisorio","Sin restricción"
2014,9631,24/11/2014,"Lunes",0,16:30:00,"Ruta Provincial 1","75.0",1,"Pickup/Utilitario"," ",3,3,0,0,0,0,0,,"Ruta",1,"CAMPO DEL MEDIO","Garay","Asfalto","Natural","VII","Fuera","Rural","Ninguna","No existe","Recta","Bueno","Reducida","Diurna","Lluvia","S/D","S/D","Vuelco","Otro","Faltante","Línea divisoria pintada","Sin restricción"
2014,9632,15/11/2014,"Sabado",0,20:55:00,,"0.0",2,"Moto/Ciclomotor,Moto/Ciclomotor","500 Millas Argentinas Y Luis Maggi",2,2,0,0,0,0,0,,"Calle",,"RAFAELA","Castellanos","Asfalto","S/D","V","S/D","Urbana","S/D","No existe","Intersección","S/D","S/D","Nocturna,Con luz artificial","Buen Tiempo","Frontal","S/D","Colisión","S/D","S/D","S/D","S/D"
2014,9633,11/12/2014,"Jueves",0,09:30:00,"Ruta Secundaria 253-s","0.0",2,"Moto/Ciclomotor,Otros"," ",2,1,0,0,1,0,0,,"Ruta","253-s","HELVECIA","Garay","Tierra","Natural","VII","Dentro","Rural","Ninguna","No existe","Recta","Bueno","Buena","Diurna","Buen Tiempo","De alcance","S/D","Colisión","Ninguna","Faltante","Ninguna","Sin restricción"
2014,9634,05/11/2014,"Miercoles",0,22:00:00,,"575.5",2,"Pickup/Utilitario,Pickup/Utilitario"," ",2,1,0,0,1,0,0,,"Calle",,"RAMAYÓN","San Justo","Asfalto","Natural","XVI","Dentro","Urbana","Ninguna","No existe","Recta","Bueno","Reducida","Nocturna","Buen Tiempo","S/D","S/D","Colisión","S/D","Faltante","Ninguna","Sin restricción"
2014,9635,22/12/2014,"Lunes",0,18:30:00,,"0.0",2,"Moto/Ciclomotor,Automóvil"," ",3,1,1,0,1,0,0,,"Calle",,"RECONQUISTA","General Obligado","Asfalto","No existe","IX","Dentro","Urbana","Ninguna","No existe","Intersección","Bueno","Buena","Diurna","Buen Tiempo","Frontal","S/D","Colisión","Ninguna","Faltante","Cordón divisorio","Sin restricción"
2014,9636,17/11/2014,"Lunes",0,22:45:00,,"0.0",3,"Moto/Ciclomotor,Moto/Ciclomotor,Automóvil","San Martin 236",3,1,0,0,2,0,0,,"Calle",,"MARIA JUANA","Castellanos","S/D","S/D","V","S/D","Urbana","S/D","S/D","S/D","S/D","S/D","Nocturna,Con luz artificial","Buen Tiempo","Múltiple","S/D","Colisión","S/D","S/D","S/D","S/D"
2014,9637,08/11/2014,"Sabado",0,04:20:00,,"0.0",2,"Moto/Ciclomotor,Moto/Ciclomotor","Pueyrredon Y Ramon y Cajal",2,1,1,0,0,0,0,,"Calle",,"RAFAELA","Castellanos","Asfalto","No existe","V","S/D","Urbana","S/D","No existe","Intersección","Bueno","Buena","Nocturna,Con luz artificial","Buen Tiempo","Frontal","S/D","Colisión","S/D","S/D","S/D","S/D"
2014,9638,15/11/2014,"Sabado",0,14:00:00,"Ruta Nacional 11","0.0",2,"Moto/Ciclomotor,Moto/Ciclomotor","BV PERON ",2,1,1,0,0,0,0,,"Ruta",11,"RECONQUISTA","General Obligado","Asfalto","Natural","IX","Dentro","Urbana","Ninguna","Funciona","Intersección","Bueno","Buena","Diurna","Buen Tiempo","Lateral","S/D","Colisión","Otro","Horizontal","Línea divisoria pintada","Sin restricción"
2014,9639,18/11/2014,"Martes",0,07:30:00,,"0.0",2,"Moto/Ciclomotor,Automóvil","Bv H Irigoyen 1500",2,1,0,0,1,0,0,,"Avenida",,"RAFAELA","Castellanos","Asfalto","No existe","V","S/D","Urbana","S/D","S/D","Recta","Bueno","Buena","Diurna","Buen Tiempo","Lateral","S/D","Colisión","S/D","S/D","S/D","S/D"
2014,9640,13/12/2014,"Sabado",0,19:00:00,,"0.0",2,"Automóvil,Moto/Ciclomotor","Dr Romang Y 9 de Julio",2,1,0,0,1,0,0,,"Calle",,"HELVECIA","Garay","Asfalto","No existe","VII","S/D","Urbana","Ninguna","No existe","Intersección","Bueno","Buena","Atardecer","Buen Tiempo","Frontal","S/D","Colisión","Ninguna","Faltante","Ninguna","Sin restricción"
2014,9641,25/11/2014,"Martes",0,22:40:00,,"0.0",2,"Moto/Ciclomotor,Moto/Ciclomotor","Bv Santa Fe Y Cordoba",3,2,0,0,1,0,0,,"Calle",,"RAFAELA","Castellanos","Hormigón","No existe","V","S/D","Urbana","Ninguna","No existe","Intersección","Bueno","Buena","Nocturna","Buen Tiempo","Lateral","S/D","Colisión","Ninguna","Faltante","Ninguna","Sin restricción"
2014,9642,20/11/2014,"Jueves",0,07:50:00,,"0.0",2,"Moto/Ciclomotor,Automóvil","Calle 26-Bolivar Y Calle 13-Iturraspe",2,1,0,0,1,0,0,,"Calle",,"RECONQUISTA","General Obligado","Asfalto","Pavimento","IX","Dentro","Urbana","Ninguna","No existe","Recta","Bueno","Buena","Amanecer","Buen Tiempo","Lateral","S/D","Colisión","Ninguna","Faltante","Ninguna","Sin restricción"
2014,9643,29/11/2014,"Sabado",0,10:00:00,,"0.0",2,"Automóvil,Moto/Ciclomotor","Av Los Colonizadores Y General Manuel Belgrano",2,1,0,0,1,0,0,,"Avenida",,"ESPERANZA","Las Colonias","Asfalto","No existe","XI","Dentro","Urbana","Ninguna","No existe","Intersección","Bueno","Buena","Diurna","Buen Tiempo","Lateral","S/D","Colisión","S/D","Horizontal,Vertical","Cordón divisorio","Sin restricción"
2014,9644,18/11/2014,"Martes",0,10:00:00,,"0.0",2,"Moto/Ciclomotor,Automóvil","Bv Santa Fe Y Dorrego",2,1,0,0,0,0,1,,"Avenida",,"RAFAELA","Castellanos","Asfalto","No existe","V","S/D","Urbana","S/D","Funciona","Intersección","S/D","Buena","Diurna","Buen Tiempo","Lateral","S/D","Colisión","S/D","S/D","S/D","S/D"
2014,9645,09/12/2014,"Martes",0,21:00:00,,"0.0",1,"Moto/Ciclomotor","Felipe II ",1,0,1,0,0,0,0,,"Calle",,"CAYASTA","Garay","Tierra","No existe","VII","Dentro","Urbana","Ninguna","No existe","S/D","Ahuellamiento","Reducida","Nocturna","Buen Tiempo","Atropello animal","S/D","Colisión","S/D","S/D","Ninguna","Sin restricción"
2014,9646,04/11/2014,"Martes",0,16:00:00,,"0.0",2,"Automóvil,Moto/Ciclomotor","Bonini ",2,1,0,0,1,0,0,,"S/D",,"ESTACIÓN CLUCELLAS","Castellanos","Asfalto","Pavimento","V","Dentro","Urbana","Ninguna","No existe","Intersección","Bueno","Buena","Diurna","Buen Tiempo","S/D","S/D","Colisión","Ninguna","Vertical","Ninguna","Sin restricción"
2014,9647,26/11/2014,"Miercoles",0,14:30:00,"Ruta Provincial 92","0.0",3,"Automóvil,Camión,Camión"," ",4,2,0,0,2,0,0,,"Ruta",92,"LOS NOGALES","Caseros","Asfalto","Natural","IV","Dentro","Rural","Ninguna","No existe","Curva","Bueno","Buena","Diurna","Buen Tiempo","Frontal","S/D","Colisión","Ninguna","Vertical","Línea divisoria pintada","Sin restricción"
2014,9648,26/11/2014,"Miercoles",0,11:45:00,,"0.0",1,"Automóvil"," ",1,1,0,0,0,0,0,,"Calle",,"RAFAELA","Castellanos","Asfalto","No existe","V","S/D","Urbana","Ninguna","No existe","Intersección","Bueno","Buena","Diurna","Buen Tiempo","S/D","S/D","S/D","Ninguna","Faltante","Ninguna","Sin restricción"
2014,9649,20/11/2014,"Jueves",0,19:30:00,,"0.0",2,"Moto/Ciclomotor,Automóvil","Bv H Irigoyen Y Gral Juan Pablo Lopez",3,1,0,0,2,0,0,,"Calle",,"RAFAELA","Castellanos","Asfalto","No existe","V","S/D","Urbana","Ninguna","No existe","Intersección","Bueno","Buena","Atardecer","Buen Tiempo","Lateral","S/D","Colisión","Ninguna","S/D","S/D","Sin restricción"
2014,9650,09/11/2014,"Domingo",0,06:15:00,,"0.0",2,"Moto/Ciclomotor,Automóvil","J Abele Y S A Rodriguez",3,1,1,0,0,0,1,,"Calle",,"RAFAELA","Castellanos","Asfalto,Ripio","No existe","V","S/D","Urbana","S/D","No existe","Intersección","Bueno","Buena","Amanecer","Buen Tiempo","Frontal","S/D","Colisión","Ninguna","S/D","S/D","S/D"
2014,9651,16/11/2014,"Domingo",0,02:00:00,,"0.0",1,"Moto/Ciclomotor","Calle 47-Islas Malvinas ",1,1,0,0,0,0,0,,"Calle",,"RECONQUISTA","General Obligado","Asfalto","Natural","IX","Dentro","Urbana","Ninguna","No existe","Intersección","Bueno","Reducida","Nocturna","Otro","S/D","S/D","Otro","Otro","Faltante","Ninguna","Sin restricción"
2014,9652,14/11/2014,"Viernes",0,06:35:00,,"0.0",2,"Automóvil,Moto/Ciclomotor"," ",2,1,0,0,1,0,0,,"Calle",,"AVELLANEDA","General Obligado","Asfalto","No existe","IX","Dentro","Urbana","Semáforo","Funciona","Intersección","Bueno","Buena","Amanecer","Buen Tiempo","Lateral","S/D","Colisión","S/D","Vertical","Cordón divisorio","Sin restricción"
2014,9653,12/11/2014,"Miercoles",0,19:50:00,,"0.0",2,"Peatón,Moto/Ciclomotor","Calle 6-Ituzaingo Y Calle 7-Sarmiento",2,1,1,0,0,0,0,,"Calle",,"RECONQUISTA","General Obligado","Asfalto","Pavimento","IX","Dentro","Urbana","Ninguna","No existe","Recta","Bueno","Reducida","Atardecer","Buen Tiempo","S/D","S/D","Atropello","Ninguna","Faltante","Cordón divisorio","Sin restricción"
2014,9654,17/11/2014,"Lunes",0,08:30:00,,"0.0",2,"Automóvil,Moto/Ciclomotor","Calle 10-Ludue±a Y CAlle 37-Bvard. lovato",3,2,0,0,1,0,0,,"Calle",,"RECONQUISTA","General Obligado","Asfalto","No existe","IX","Dentro","Urbana","Ninguna","No existe","Intersección","Bueno","Buena","Diurna","Buen Tiempo","Lateral","S/D","Colisión","Ninguna","Faltante","Cordón divisorio","Sin restricción"
2014,9655,30/11/2014,"Domingo",0,06:00:00,,"0.0",2,"Moto/Ciclomotor,Pickup/Utilitario","Bartolome Mitre Y Cullen",2,1,0,0,1,0,0,,"Calle",,"ESPERANZA","Las Colonias","Asfalto","No existe","XI","Dentro","Urbana","Ninguna","No existe","Intersección","Bueno","Buena","Diurna","Buen Tiempo","Frontal","S/D","Colisión","Agua","Horizontal,Vertical","Ninguna","Sin restricción"
2014,9656,16/12/2014,"Martes",0,09:20:00,"Ruta Provincial 1","0.0",1,"Automóvil"," ",1,1,0,0,0,0,0,,"Ruta",1,"HELVECIA","Garay","Asfalto","Natural","VII","Dentro","S/D","Ninguna","No existe","Recta","Bueno","Buena","Diurna","Buen Tiempo","S/D","S/D","Despiste","Ninguna","Faltante","Ninguna","Sin restricción"
2014,9657,29/11/2014,"Sabado",0,23:55:00,,"0.0",2,"Automóvil,Pickup/Utilitario","Las Heras Y Neuquen",3,0,0,0,0,0,3,,"Calle",,"VILLA CONSTITUCIÓN","Constitución","Asfalto","No existe","VI","Dentro","Urbana","S/D","No existe","Recta","Resbaladiza","Reducida","Nocturna","Lluvia","Contra objeto fijo","S/D","Colisión","Agua","S/D","S/D","S/D"
2014,9658,18/11/2014,"Martes",0,12:57:00,,"0.0",2,"Automóvil,Moto/Ciclomotor"," ",2,1,0,0,1,0,0,,"Calle",,"AVELLANEDA","General Obligado","Asfalto","No existe","IX","Dentro","Urbana","Ninguna","No existe","Recta","Bueno","Buena","Diurna","Lluvia","De alcance","S/D","Colisión","S/D","Faltante","Guardarrail","Sin restricción"
2014,9659,20/12/2014,"Sabado",0,11:00:00,,"0.0",2,"Automóvil,Moto/Ciclomotor","Conquista del desierto Y Buenos Aires",3,2,0,0,1,0,0,,"Calle",,"HELVECIA","Garay","Tierra","Natural","VII","Dentro","Urbana","Ninguna","No existe","Intersección","Deteriorada","Reducida","Diurna","Granizo","Frontal","S/D","Colisión","Ninguna","Faltante","Ninguna","Sin restricción"
2014,9660,20/11/2014,"Jueves",0,09:30:00,,"0.0",2,"Bicicleta,Moto/Ciclomotor","Estanislao del Campo Y Mejico",2,1,1,0,0,0,0,,"Calle",,"RAFAELA","Castellanos","Asfalto","No existe","V","Dentro","Urbana","S/D","No existe","Recta","Bueno","Buena","Diurna","Buen Tiempo","S/D","S/D","Atropello","Ninguna","S/D","S/D","Sin restricción"
2014,9661,23/11/2014,"Domingo",0,06:00:00,,"0.0",2,"Automóvil,Automóvil","Calle 18-Belgrano Y Calle 23-Gral lopez",2,1,0,0,1,0,0,,"Calle",,"RECONQUISTA","General Obligado","Asfalto","S/D","IX","S/D","Urbana","S/D","No existe","Intersección","Bueno","Buena","Amanecer","Buen Tiempo","S/D","S/D","Colisión","S/D","S/D","S/D","S/D"
2014,9662,18/11/2014,"Martes",0,17:50:00,,"0.0",3,"Peatón,Pickup/Utilitario,Pickup/Utilitario"," ",3,2,0,0,0,0,1,,"Avenida",,"RECONQUISTA","General Obligado","Asfalto","Ripio","I","Dentro","Urbana","Ninguna","Funciona","Recta","Bueno","Buena","Diurna","Buen Tiempo","S/D","S/D","Atropello","Otro","Vertical","Ninguna","Sin restricción"
2014,9663,30/11/2014,"Domingo",0,11:40:00,,"0.0",2,"Pickup/Utilitario,Moto/Ciclomotor","Aaron Castellanos Y R P A Janssen",3,1,0,0,2,0,0,,"Calle",,"ESPERANZA","Las Colonias","Asfalto","No existe","XI","Dentro","Urbana","Ninguna","No existe","Intersección","Resbaladiza","Buena","Diurna","Lluvia","Lateral","S/D","Colisión","Agua","Horizontal","Cordón divisorio","Sin restricción"
2014,9664,25/11/2014,"Martes",1,11:30:00,,"0.0",1,"Moto/Ciclomotor","Ciudad de Esperanza Y Florentino Ameghino",1,0,1,0,0,0,0,,"Calle",,"RAFAELA","Castellanos","Asfalto","No existe","V","Dentro","Urbana","Ninguna","No existe","Intersección","Bueno","Buena","Diurna","Buen Tiempo","S/D","S/D","S/D","Ninguna","Faltante","Ninguna","Sin restricción"
2014,9665,22/11/2014,"Sabado",0,,,"0.0",2,"Moto/Ciclomotor,Moto/Ciclomotor","Ayacucho Y Av Doctor E Salva",2,1,1,0,0,0,0,,"Calle",,"RAFAELA","Castellanos","Asfalto","S/D","V","S/D","Urbana","S/D","Funciona","Recta","Bueno","Buena","Nocturna","Buen Tiempo","Frontal","S/D","Colisión","Ninguna","S/D","Cordón divisorio","S/D"
2014,9666,20/11/2014,"Jueves",0,19:40:00,,"0.0",2,"Moto/Ciclomotor,Bicicleta","Aconcagua 200",2,2,0,0,0,0,0,,"Calle",,"RAFAELA","Castellanos","Hormigón","No existe","V","S/D","Urbana","Ninguna","No existe","Recta","Bueno","Buena","Nocturna","Buen Tiempo","S/D","S/D","Atropello","Ninguna","Faltante","Ninguna","Sin restricción"
2014,9667,27/11/2014,"Jueves",0,20:30:00,,"0.0",2,"Moto/Ciclomotor,Otros","Avenida 18 Y Calle 25",2,1,0,0,1,0,0,,"Calle",,"LAS PAREJAS","Belgrano","Hormigón","Natural","III","Dentro","Urbana","Otra Señal","No existe","Intersección","Bueno","Buena","Diurna","Buen Tiempo","Otro","S/D","Caída ocupante","Ninguna","Vertical","Ninguna","Sin restricción"
2014,9669,20/11/2014,"Jueves",0,18:00:00,"Ruta Nacional 11","0.0",2,"Pickup/Utilitario,Moto/Ciclomotor","Calle 7 ",2,0,1,0,1,0,0,,"Ruta",11,"AVELLANEDA","General Obligado","Asfalto","No existe","IX","Dentro","Urbana","Paso Peatonal","No existe","Cruce","Bueno","Buena","Nocturna","Buen Tiempo","Lateral","S/D","Colisión","S/D","Vertical","Cordón divisorio","Sin restricción"
2014,9671,24/11/2014,"Lunes",0,,,"0.0",3,"Automóvil,Bicicleta,Bicicleta","Roca Pte Y CAlle 37-Bvard. lovato",3,2,0,0,1,0,0,,"Avenida",,"RECONQUISTA","General Obligado","Asfalto","Pavimento","IX","Dentro","Urbana","Ninguna","No existe","Intersección","Bueno","Reducida","Nocturna","Otro","S/D","S/D","Atropello","Ninguna","Faltante","Cordón divisorio","Sin restricción"