"anio_acci","nro_acci","fecha","desc_dia","fecha_aprox","hora_aprox","desc_ruta","km","cant_participantes","desc_participante","calle_avenida_km","total","heridos_leves","heridos_graves","heridos_gravisimos","ilesos","fallecidos","sin_datos","posicion_XY","desc_tipo_via","desc_ruta_ori","desc_loc","desc_dpto","desc_tipo_calzada","desc_tipo_banquina","desc_unidad_regional","desc_lugar_calzada","desc_zona","desc_prioridad","desc_estado_semaforo","desc_lugar_via","desc_estado_via","desc_estado_visibilidad","desc_luminosidad","desc_estado_clima","desc_tipo_colision","desc_tipo_atropello","desc_tipo_hecho","desc_pres_calzada","desc_senializacion","desc_separacion_via","desc_restriccion"
2014,9672,24/11/2014,"Lunes",0,13:40:00,,"0.0",2,"Moto/Ciclomotor,Automóvil","Carlos Pellegrini Y Arenales",5,0,1,0,4,0,0,,"Calle",,"RAFAELA","Castellanos","Hormigón","Pavimento","V","Dentro","Urbana","Ninguna","No existe","Intersección","Bueno","Buena","Diurna","Buen Tiempo","Frontal","S/D","Colisión","Ninguna","Vertical","Ninguna","Sin restricción"
2014,9673,27/10/2014,"Lunes",0,13:30:00,,"0.0",2,"Automóvil,Moto/Ciclomotor","Mariano Moreno Y Aristobulo del Valle",2,1,0,0,1,0,0,,"Calle",,"ESPERANZA","Las Colonias","Asfalto","Pavimento","XI","Dentro","Urbana","Ninguna","No existe","Intersección","Bueno","Buena","Diurna","Buen Tiempo","Lateral","S/D","Colisión","Ninguna","S/D","Línea divisoria pintada","Sin restricción"
2014,9674,03/11/2014,"Lunes",0,12:45:00,,"0.0",2,"Moto/Ciclomotor,Automóvil","Rivarola Y Dr Silvestre Begnis",2,0,0,0,0,0,2,,"S/D",,"VILLA CONSTITUCIÓN","Constitución","S/D","S/D","VI","S/D","S/D","S/D","S/D","S/D","S/D","S/D","S/D","S/D","S/D","S/D","S/D","S/D","S/D","S/D","S/D"
2014,9675,16/11/2014,"Domingo",0,18:45:00,,"0.0",2,"Automóvil,Bicicleta"," ",2,1,0,0,1,0,0,,"Calle",,"RECONQUISTA","General Obligado","Tierra","No existe","IX","Dentro","Urbana","Ninguna","No existe","Intersección","Bueno","Buena","Diurna","Buen Tiempo","S/D","S/D","Atropello","Otro","Vertical","Ninguna","Sin restricción"
2014,9676,06/11/2014,"Jueves",0,12:30:00,,"0.0",2,"Automóvil,Moto/Ciclomotor","Mariano Moreno Y General San Martin",2,1,0,0,1,0,0,,"Calle",,"BOUQUET","Belgrano","Hormigón","S/D","III","Dentro","Urbana","Señal Pare","No existe","Recta","Bueno","Buena,Reducida p/ objetos","Diurna","Buen Tiempo","Frontal","S/D","Colisión","Ninguna","Horizontal","Ninguna","Sin restricción"
2014,9677,20/11/2014,"Jueves",0,21:16:00,,"0.0",2,"Moto/Ciclomotor,Pickup/Utilitario","Calle 20 Y Calle 7",3,2,0,0,1,0,0,,"Calle",,"AVELLANEDA","General Obligado","Hormigón","No existe","IX","Dentro","Urbana","Ninguna","No existe","Recta","Bueno","Buena","Diurna","Buen Tiempo","Lateral","S/D","Colisión","S/D","Faltante","Ninguna","S/D"
2014,9678,26/11/2014,"Miercoles",0,06:30:00,,"0.0",2,"Automóvil,Moto/Ciclomotor","Las Heras Y Saavedra",2,1,0,0,1,0,0,,"S/D",,"RAFAELA","Castellanos","Hormigón","No existe","V","S/D","Urbana","Ninguna","No existe","Intersección","Bueno","Buena","Diurna","Buen Tiempo","Lateral","S/D","Colisión","Ninguna","Faltante","Ninguna","Sin restricción"
2014,9679,25/11/2014,"Martes",0,14:55:00,,"0.0",2,"Camión,Automóvil","AV. MAQ ARGENTINA Y RECONQUISTA",2,1,0,0,1,0,0,,"Avenida",,"SANTA FE","La Capital","Asfalto","S/D","I","S/D","Urbana","Ninguna","S/D","Curva","Bueno","S/D","Diurna","Buen Tiempo","S/D","S/D","Colisión","S/D","S/D","Vegetación","Sin restricción"
2014,9680,24/11/2014,"Lunes",0,15:40:00,,"0.0",2,"Moto/Ciclomotor,Moto/Ciclomotor","Mosconi Y Independencia",2,1,1,0,0,0,0,,"Calle",,"VILLA CONSTITUCIÓN","Constitución","Asfalto","S/D","VI","Dentro","Urbana","S/D","S/D","S/D","Bueno","Buena","Diurna","Buen Tiempo","Frontal","S/D","Colisión","S/D","S/D","S/D","S/D"
2014,9682,03/11/2014,"Lunes",0,09:20:00,,"0.0",2,"Automóvil,Moto/Ciclomotor","Calle 15-Patricio Diez Y Calle 30-Lucas Funes",3,2,0,0,1,0,0,,"Calle",,"RECONQUISTA","General Obligado","Asfalto","S/D","IX","S/D","Urbana","Ninguna","No existe","Intersección","Resbaladiza","Buena","Diurna","Lluvia","Frontal","S/D","Colisión","Agua","Faltante","Cordón divisorio","Sin restricción"
2014,9683,11/11/2014,"Martes",0,17:40:00,,"0.0",2,"Automóvil,Moto/Ciclomotor","Calle 25-Rivadavia ",2,1,0,0,1,0,0,,"Calle",,"RECONQUISTA","General Obligado","Asfalto","No existe","IX","Dentro","Urbana","Ninguna","No existe","Recta","Bueno","Buena","Atardecer","Buen Tiempo","Lateral","S/D","Colisión","S/D","Faltante","Cordón divisorio","Sin restricción"
2014,9684,25/10/2014,"Sabado",0,01:15:00,,"0.0",2,"Automóvil,Moto/Ciclomotor","Guemes Y Domingo Faustino Sarmiento",3,1,0,0,2,0,0,,"Calle",,"ESPERANZA","Las Colonias","Asfalto","Pavimento","XI","S/D","Urbana","Ninguna","No existe","Intersección","Bueno","Buena","Nocturna","Buen Tiempo","Múltiple","S/D","Colisión","S/D","S/D","Línea divisoria pintada","Sin restricción"
2014,9686,24/10/2014,"Viernes",0,17:30:00,,"0.0",2,"Automóvil,Moto/Ciclomotor","Calle 19 Y Calle 24",3,1,1,0,1,0,0,,"Calle",,"AVELLANEDA","General Obligado","Asfalto","No existe","IX","Dentro","Urbana","Ninguna","S/D","Intersección","Bueno","Buena","Diurna","Buen Tiempo","S/D","S/D","Colisión","S/D","Faltante","Ninguna","Sin restricción"
2014,9687,25/11/2014,"Martes",0,20:05:00,,"0.0",2,"Moto/Ciclomotor,Pickup/Utilitario","Calle 43 Y Calle 20 9 de Julio",2,1,0,0,1,0,0,,"Calle",,"RECONQUISTA","General Obligado","Asfalto","Natural","IX","Dentro","Urbana","Ninguna","No existe","Intersección","Bueno","Reducida","Nocturna,Con luz artificial","Otro","Lateral","S/D","Colisión","Ninguna","Faltante","Ninguna","Sin restricción"
2014,9688,17/11/2014,"Lunes",0,11:20:00,,"0.0",2,"Pickup/Utilitario,Otros"," ",3,2,0,0,1,0,0,,"Camino Rural",,"BOUQUET","Belgrano","Tierra","Natural","III","Dentro","Rural","Ninguna","No existe","Recta","Otro","Reducida polvo","Diurna","Viento Fuerte","Frontal","S/D","Colisión","Material Suelto","Faltante","Ninguna","Sin restricción"
2014,9689,18/11/2014,"Martes",0,08:00:00,,"0.0",2,"Moto/Ciclomotor,Automóvil","Comodoro Rivadavia Y Manuel Dorrego",3,2,0,0,0,0,1,,"Calle",,"VILLA CONSTITUCIÓN","Constitución","Asfalto","S/D","VI","S/D","Urbana","S/D","S/D","Intersección","Bueno","Buena","Diurna","Buen Tiempo","Frontal","S/D","Colisión","S/D","S/D","S/D","S/D"
2014,9690,29/11/2014,"Sabado",0,12:50:00,,"0.0",2,"Bicicleta,Automóvil","French Y Sarmiento",2,1,0,0,1,0,0,"-31.594833333333,-60.680777777778","Calle",,"SANTA FE","La Capital","Asfalto","No existe","I","Dentro","Urbana","Ninguna","No existe","Intersección","Con baches","Buena","Diurna","Buen Tiempo","S/D","S/D","Atropello","Ninguna","Faltante","Ninguna","Sin restricción"
2014,9691,23/11/2014,"Domingo",0,06:30:00,,"0.0",1,"Bicicleta","FREYRE Y IRIGOYEN",1,1,0,0,0,0,0,,"Avenida",,"RECONQUISTA","General Obligado","Asfalto","Pavimento","IX","S/D","Urbana","Ninguna","No existe","Intersección","Bueno","Buena","Diurna","Buen Tiempo","S/D","S/D","Caída ocupante","S/D","Faltante","Cordón divisorio","Sin restricción"
2014,9692,26/11/2014,"Miercoles",0,16:45:00,,"0.0",2,"Moto/Ciclomotor,Automóvil","Calle 12 Y Calle 3",3,2,0,0,1,0,0,,"Calle",,"AVELLANEDA","General Obligado","Hormigón","No existe","IX","Dentro","Urbana","Ninguna","No existe","Intersección","Bueno","Buena","Diurna","Buen Tiempo","Lateral","S/D","Colisión","S/D","S/D","S/D","S/D"
2014,9693,24/10/2014,"Viernes",0,15:35:00,,"0.0",2,"Bicicleta,Automóvil","San Martin Y Gregorio Donnet",3,1,0,0,2,0,0,,"Calle",,"ESPERANZA","Las Colonias","Asfalto","Pavimento","XI","Dentro","Urbana","Ninguna","No existe","Intersección","Bueno","Buena","Diurna","Buen Tiempo","S/D","S/D","Atropello","S/D","S/D","Línea divisoria pintada","Sin restricción"
2014,9694,12/11/2014,"Miercoles",0,18:00:00,,"0.0",2,"Bicicleta,Camión","Calle 44-27 de Abril Y Pasaje 21-23- Mexico",2,0,1,0,1,0,0,,"Calle",,"RECONQUISTA","General Obligado","Hormigón","Ripio","IX","Dentro","Urbana","Otra Señal","Intermitente","Recta","Bueno","Buena","Diurna","Buen Tiempo","S/D","S/D","Aplastamiento","Otro","Horizontal,Vertical","Ninguna","Sin restricción"
2014,9695,07/11/2014,"Viernes",0,12:25:00,,"0.0",2,"Moto/Ciclomotor,Automóvil","Italia Y Moreno",3,1,0,0,0,0,2,,"Calle",,"VILLA CONSTITUCIÓN","Constitución","Asfalto","S/D","VI","Dentro","Urbana","S/D","S/D","Rotonda","Bueno","Buena","Diurna","Buen Tiempo","Frontal","S/D","Colisión","S/D","S/D","S/D","S/D"
2014,9696,24/11/2014,"Lunes",0,18:30:00,,"0.0",2,"Moto/Ciclomotor,Automóvil","Pasaje 48-50 Y Calle 41-Santa Fe",2,0,1,0,1,0,0,,"Calle",,"RECONQUISTA","General Obligado","Tierra","Natural","IX","Dentro","Urbana","Ninguna","No existe","Intersección","S/D","Reducida","Atardecer","Otro","Lateral","S/D","Colisión","Ninguna","Faltante","Ninguna","Sin restricción"
2014,9697,01/11/2014,"Sabado",0,12:15:00,,"0.0",2,"Moto/Ciclomotor,Moto/Ciclomotor"," ",2,1,0,0,1,0,0,,"Calle",,"SANTA FE","La Capital","Ripio","No existe","I","Dentro","Urbana","Otra Señal","No existe","Intersección","Con baches","Buena","Diurna","Buen Tiempo","Lateral","S/D","Colisión","S/D","Vertical","Ninguna","Sin restricción"
2014,9698,30/11/2014,"Domingo",0,03:30:00,"Ruta Nacional 11","891.0",2,"Moto/Ciclomotor,Pickup/Utilitario"," ",3,1,2,0,0,0,0,,"Ruta",11,"LAS TOSCAS","General Obligado","Tierra","Ripio","IX","S/D","Urbana","Ninguna","S/D","Cruce","Bueno","Buena","Nocturna,Con luz artificial","Buen Tiempo","S/D","S/D","Colisión","S/D","S/D","S/D","S/D"
2014,9699,12/12/2014,"Viernes",0,07:55:00,,"0.0",1,"Moto/Ciclomotor","T Lubary 800",1,1,0,0,0,0,0,,"Calle",,"SAN CARLOS CENTRO","Las Colonias","Hormigón","S/D","XI","Dentro","Urbana","Ninguna","S/D","Recta","Bueno","Buena","Diurna","Otro","Atropello animal","S/D","Atropello","Ninguna","S/D","Ninguna","Sin restricción"
2014,9700,30/11/2014,"Domingo",0,11:50:00,,"0.0",2,"Bicicleta,Automóvil","Calle 12 San Martin Y Calle 21-Gdor. iriondo",2,1,0,0,1,0,0,,"Calle",,"RECONQUISTA","General Obligado","Asfalto","No existe","IX","S/D","Urbana","Ninguna","No existe","Recta","Bueno","Buena","Diurna","Buen Tiempo","S/D","S/D","Caída ocupante","Ninguna","Faltante","Ninguna","Sin restricción"
2014,9701,26/11/2014,"Miercoles",0,22:00:00,,"0.0",2,"Automóvil,Moto/Ciclomotor","Saavedra Y Mendoza",2,1,0,0,1,0,0,,"Calle",,"VILLA CONSTITUCIÓN","Constitución","Asfalto","Pavimento","VI","Dentro","Urbana","Ninguna","No existe","Intersección","S/D","Buena","Diurna","Buen Tiempo","Lateral","S/D","Colisión","S/D","S/D","Ninguna","Sin restricción"
2014,9702,18/11/2014,"Martes",0,01:30:00,"Ruta Provincial 31","12.0",1,"Camión"," ",1,1,0,0,0,0,0,,"Ruta",31,"LAS ROSAS","Belgrano","Asfalto","Natural","III","Dentro","Rural","Ninguna","No existe","Recta","Bueno","Reducida","Nocturna","Buen Tiempo","Otro","S/D","Vuelco","Ninguna","S/D","Línea divisoria pintada","Sin restricción"
2014,9703,16/11/2014,"Domingo",0,17:45:00,"Ruta Nacional 11","893.0",2,"Pickup/Utilitario,Automóvil"," ",4,3,0,0,1,0,0,,"Ruta",11,"LAS TOSCAS","General Obligado","Asfalto","Natural","IX","Dentro","Rural","Marca Vial","No existe","Recta","Bueno","Buena","Atardecer","Buen Tiempo","Lateral","S/D","Colisión,Despiste","S/D","Vertical","Ninguna","Sin restricción"
2014,9704,26/11/2014,"Miercoles",0,,,"0.0",2,"Moto/Ciclomotor,Pickup/Utilitario","San Luis Y Gral Lopez",2,1,0,0,1,0,0,,"Calle",,"VILLA CONSTITUCIÓN","Constitución","Asfalto","Pavimento","VI","Dentro","Urbana","Ninguna","No existe","Intersección","Otro","Buena","Diurna","Buen Tiempo","Lateral","S/D","Colisión","Ninguna","Faltante","Ninguna","Sin restricción"
2014,9705,02/11/2014,"Domingo",0,18:20:00,,"0.0",2,"Automóvil,Automóvil","Teniente Loza Y Av Blas Parera",2,1,0,0,1,0,0,,"Avenida",,"SANTA FE","La Capital","Hormigón","No existe","I","Dentro","Urbana","Semáforo","Funciona","Intersección","Bueno","Buena","Diurna","Buen Tiempo","Lateral","S/D","Colisión","S/D","Vertical","Ninguna","Sin restricción"
2014,9706,01/11/2014,"Sabado",0,12:15:00,,"0.0",2,"Moto/Ciclomotor,Automóvil","Calle 26 - Bolivar Y Calle 27-Gdor Freyre",2,0,1,0,1,0,0,,"Calle",,"RECONQUISTA","General Obligado","Asfalto","No existe","IX","Dentro","Urbana","Ninguna","No existe","Intersección","Bueno","Buena","Atardecer","Buen Tiempo","De alcance","S/D","Colisión","Otro","Faltante","Ninguna","Sin restricción"
2014,9707,03/11/2014,"Lunes",0,06:15:00,,"0.0",2,"Bicicleta,Automóvil","Teniente Loza Y Av Blas Parera",2,1,0,0,1,0,0,"-31.567722222222,-60.730194444444","Avenida",,"SANTA FE","La Capital","Hormigón","No existe","I","Dentro","Urbana","Semáforo","Funciona","Intersección","Bueno","Buena","Amanecer","Buen Tiempo","S/D","S/D","Atropello","S/D","Vertical","Ninguna","Sin restricción"
2014,9708,25/11/2014,"Martes",0,,,"0.0",2,"Moto/Ciclomotor,Pickup/Utilitario","Sarmiento Y Catamarca",2,1,0,0,1,0,0,,"Calle",,"VILLA CONSTITUCIÓN","Constitución","Asfalto","Pavimento","VI","Dentro","Urbana","Ninguna","No existe","Intersección","Bueno","Buena","Diurna","Buen Tiempo","Frontal","S/D","Colisión","Ninguna","Faltante","Ninguna","Sin restricción"
2014,9709,08/11/2014,"Sabado",0,11:00:00,"Ruta Nacional A007","0.0",2,"Camión,Automóvil","Terraplen Oeste Y Teniente Loza",5,4,0,0,1,0,0,,"Ruta","A007","SANTA FE","La Capital","Hormigón","Natural","I","Dentro","Urbana","Otra Señal","No existe","Intersección","Bueno","Buena","Diurna","Buen Tiempo","Lateral","S/D","Colisión","S/D","S/D","Guardarrail","Sin restricción"
2014,9710,18/11/2014,"Martes",0,22:00:00,"Ruta Provincial 13","0.0",1,"Automóvil"," ",3,1,1,0,1,0,0,,"Ruta",13,"LAS ROSAS","Belgrano","Asfalto","Natural","III","Fuera","Rural","Ninguna","No existe","Recta","Bueno","Buena","Nocturna","Buen Tiempo","S/D","S/D","Despiste","Ninguna","Faltante","Línea divisoria pintada","Sin restricción"
2014,9711,26/11/2014,"Miercoles",0,17:28:00,"Ruta Nacional 11","793.0",3,"Camión,Automóvil,Moto/Ciclomotor"," ",4,1,0,0,3,0,0,,"Ruta",11,"AVELLANEDA","General Obligado","Asfalto","Natural","IX","Dentro","Urbana","Ninguna","No existe","Recta","Bueno","Buena","Diurna","Buen Tiempo","Múltiple","S/D","Colisión","S/D","Vertical","Ninguna","Sin restricción"
2014,9712,08/11/2014,"Sabado",0,11:00:00,,"0.0",2,"Moto/Ciclomotor,Automóvil","Teniente Loza Y Reinares",2,1,0,0,1,0,0,,"Avenida",,"SANTA FE","La Capital","Hormigón","Natural","I","Dentro","Urbana","Otra Señal","No existe","Intersección","Bueno","Buena","Diurna","Buen Tiempo","Lateral","S/D","Colisión","S/D","Vertical","Ninguna","Sin restricción"
2014,9713,25/11/2014,"Martes",0,,,"0.0",2,"Moto/Ciclomotor,Automóvil","Salta Y Sarmiento",2,1,0,0,1,0,0,,"Calle",,"VILLA CONSTITUCIÓN","Constitución","Asfalto","No existe","VI","Dentro","Urbana","Ninguna","No existe","Intersección","Bueno","Buena","Diurna","Buen Tiempo","Frontal","S/D","Colisión","Ninguna","Faltante","Ninguna","Sin restricción"
2014,9714,21/11/2014,"Viernes",0,12:30:00,,"0.0",2,"Automóvil,Moto/Ciclomotor","Hipolito Irigoyen Y Belgrano",3,2,0,0,1,0,0,,"Calle",,"VILLA CONSTITUCIÓN","Constitución","Asfalto","Pavimento","VI","Dentro","Urbana","Ninguna","No existe","Intersección","Otro","Buena","Diurna","Buen Tiempo","Lateral","S/D","Colisión","Ninguna","Faltante","Ninguna","Sin restricción"
2014,9715,25/11/2014,"Martes",0,18:45:00,"Ruta Nacional 178","0.0",2,"Pickup/Utilitario,Moto/Ciclomotor","Ruta Nac 178 ",2,2,0,0,0,0,0,,"Ruta",178,"LAS ROSAS","Belgrano","Asfalto","Natural","III","Dentro","Urbana","S/D","No existe","Recta","Con baches","Buena","Diurna","Buen Tiempo","Lateral","S/D","Colisión","Ninguna","Horizontal","Línea divisoria pintada","S/D"
2014,9716,29/11/2014,"Sabado",0,18:00:00,,"0.0",2,"Moto/Ciclomotor,Moto/Ciclomotor","Calle 57-Prof Roberto Roveda Y Calle 44-27 de Abril",2,1,0,0,1,0,0,,"Calle",,"RECONQUISTA","General Obligado","Asfalto,Ripio","Natural","IX","Dentro","Urbana","Ninguna","No existe","Intersección","S/D","Reducida","Atardecer","Lluvia","Lateral","S/D","Colisión","S/D","Faltante","Ninguna","Sin restricción"
2014,9717,24/11/2014,"Lunes",0,,"Ruta Nacional 177","0.0",2,"Moto/Ciclomotor,Automóvil","Moreno ",2,1,0,0,1,0,0,,"Ruta",177,"VILLA CONSTITUCIÓN","Constitución","Asfalto","Pavimento","VI","Dentro","S/D","S/D","No existe","Intersección","Otro","Buena","Diurna","Buen Tiempo","Frontal","S/D","Colisión","Ninguna","Faltante","Ninguna","Sin restricción"
2014,9718,13/11/2014,"Jueves",0,11:40:00,"Ruta Nacional 11","0.0",2,"Camión,Moto/Ciclomotor","Ruta Nacional 11 Y Calle 31",2,0,1,0,1,0,0,,"Ruta",11,"LAS TOSCAS","General Obligado","Tierra","Natural","IX","S/D","Urbana","Ninguna","No existe","Intersección","Deteriorada","Buena","Diurna,Con luz artificial","Buen Tiempo","Lateral","S/D","Colisión,Atropello","S/D","Faltante","Ninguna","S/D"
2014,9719,25/11/2014,"Martes",0,17:30:00,"Ruta Nacional 178","0.0",2,"Moto/Ciclomotor,Pickup/Utilitario","Ruta Nac 178 Y Italia",2,1,0,0,1,0,0,,"Ruta",178,"LAS ROSAS","Belgrano","Asfalto","Pavimento","III","Dentro","Urbana","Ninguna","No existe","Intersección","Bueno","Buena","Diurna","Buen Tiempo","Frontal","S/D","Colisión","Ninguna","S/D","Ninguna","Sin restricción"
2014,9720,23/11/2014,"Domingo",0,,,"0.0",2,"Moto/Ciclomotor,Pickup/Utilitario","Belgrano Y Mendoza",2,1,0,0,1,0,0,,"Calle",,"VILLA CONSTITUCIÓN","Constitución","Asfalto","Pavimento","VI","Dentro","Urbana","Ninguna","No existe","Intersección","Otro","Buena","Diurna","Buen Tiempo","Frontal","S/D","Colisión","Ninguna","Faltante","Ninguna","Sin restricción"
2014,9721,01/11/2014,"Sabado",0,22:30:00,"Ruta Nacional 178","0.0",1,"Pickup/Utilitario","Av A y L Dickinson ruta 178 ",4,3,0,0,1,0,0,,"Ruta",178,"LAS ROSAS","Belgrano","Asfalto","Natural","III","Fuera","Urbana","Ninguna","No existe","Recta","Bueno","Reducida","Nocturna","Lluvia","S/D","S/D","Despiste","Agua","Faltante","Línea divisoria pintada","Sin restricción"
2014,9722,11/11/2014,"Martes",0,17:00:00,,"0.0",2,"Moto/Ciclomotor,Camión","Ruta Nacional 11 Y Calle proyectada",2,1,0,0,1,0,0,,"Calle",,"LAS TOSCAS","General Obligado","Asfalto","Ripio","IX","Fuera","Urbana","Ninguna","No existe","Intersección","Bueno","Buena","Diurna","Buen Tiempo","Otro","S/D","Despiste","S/D","S/D","Guardarrail","Sin restricción"
2014,9723,06/11/2014,"Jueves",0,,,"0.0",2,"Peatón,Automóvil","SAN LUIS Y EJERCITO DE LOS ANDES",2,1,0,0,1,0,0,,"Calle",,"VILLA CONSTITUCIÓN","Constitución","Hormigón","Pavimento","VI","Dentro","Urbana","Ninguna","No existe","Intersección","Bueno","Buena","Diurna","Buen Tiempo","S/D","S/D","Atropello","Ninguna","Faltante","Ninguna","Sin restricción"
2014,9724,21/11/2014,"Viernes",0,23:20:00,,"0.0",2,"Moto/Ciclomotor,Automóvil","Calle 14 Y Avenida 17",6,0,1,0,4,1,0,"-32.680184,-61.523244","Avenida",,"LAS PAREJAS","Belgrano","Hormigón","Natural","III","Dentro","Urbana","Otra Señal","No existe","Intersección","Bueno","Buena","Nocturna,Con luz artificial","Lluvia","Lateral","S/D","Colisión","Agua","Vertical","Cordón divisorio","Sin restricción"
2014,9725,09/11/2014,"Domingo",0,11:00:00,,"0.0",2,"Moto/Ciclomotor,Automóvil","Acevedo Y Gral Lopez",2,1,0,0,1,0,0,,"Calle",,"VILLA CONSTITUCIÓN","Constitución","Asfalto","Pavimento","VI","Dentro","Urbana","Ninguna","No existe","Intersección","Bueno","Buena","Diurna","Buen Tiempo","Lateral","S/D","Colisión","Ninguna","Faltante","Ninguna","Sin restricción"
2014,9726,27/11/2014,"Jueves",0,20:25:00,,"0.0",2,"Automóvil,Transporte de Pasajeros Urbano (> 8 asientos)","Av A del Valle Y Damianovich",3,2,0,0,1,0,0,,"Avenida",,"SANTA FE","La Capital","Asfalto","No existe","I","S/D","Urbana","Ninguna","No existe","Intersección","Bueno","Buena","Nocturna,Con luz artificial","Buen Tiempo","Lateral","S/D","Colisión","Ninguna","Horizontal,Vertical","Ninguna","Sin restricción"
2014,9727,12/11/2014,"Miercoles",0,08:15:00,,"0.0",2,"Automóvil,Moto/Ciclomotor","Avenida San Martin Y Moreno",2,1,0,0,1,0,0,,"Avenida",,"VILLA OCAMPO","General Obligado","Asfalto","Natural","IX","S/D","Urbana","Semáforo","Funciona","Intersección","Bueno","Buena","Diurna","Buen Tiempo","De alcance","S/D","Caída ocupante","Otro","Vertical","Vegetación","Sin restricción"
2014,9728,18/12/2014,"Jueves",0,07:50:00,,"0.0",2,"Moto/Ciclomotor,Moto/Ciclomotor","25 de Mayo Y 13 de Mayo",2,1,0,0,1,0,0,,"Calle",,"SAN CARLOS CENTRO","Las Colonias","Hormigón","S/D","XI","Dentro","Urbana","Ninguna","No existe","Intersección","Bueno","Buena","Diurna","Buen Tiempo","Lateral","S/D","Colisión","Ninguna","Vertical","Ninguna","Sin restricción"
2014,9729,28/11/2014,"Viernes",0,19:30:00,,"0.0",3,"Moto/Ciclomotor,Automóvil,Automóvil","Alvear Y Salvador del Carril",3,1,0,0,2,0,0,,"Calle",,"SANTA FE","La Capital","Asfalto","No existe","I","Dentro","Urbana","Semáforo","Funciona","Recta","Bueno","Buena","Diurna","Buen Tiempo","S/D","S/D","Colisión","S/D","S/D","Ninguna","Sin restricción"
2014,9730,12/11/2014,"Miercoles",0,22:00:00,,"0.0",2,"Moto/Ciclomotor,Automóvil","San Martin Y 25 de Mayo",2,0,1,0,1,0,0,,"Calle",,"RAFAELA","Castellanos","S/D","S/D","V","Dentro","Urbana","S/D","S/D","Intersección","S/D","S/D","Nocturna","Buen Tiempo","Frontal","S/D","Colisión","S/D","S/D","S/D","S/D"
2014,9731,28/11/2014,"Viernes",0,14:00:00,,"0.0",2,"Moto/Ciclomotor,Automóvil","Av Almte Brown 6300",2,1,0,0,1,0,0,,"Calle",,"SANTA FE","La Capital","Asfalto","S/D","I","Dentro","Urbana","Ninguna","S/D","Recta","Bueno","Buena","Diurna","Buen Tiempo","S/D","S/D","Colisión","S/D","Vertical","Cordón divisorio","Sin restricción"
2014,9732,07/11/2014,"Viernes",0,09:25:00,,"0.0",2,"Moto/Ciclomotor,Automóvil","Belgrano Y Presidente Peron",3,0,1,0,2,0,0,,"Avenida",,"VILLA CONSTITUCIÓN","Constitución","Asfalto","Pavimento","VI","Dentro","Urbana","Ninguna","No existe","Intersección","Bueno","Buena","Diurna","Buen Tiempo","Lateral","S/D","Colisión","Ninguna","Faltante","Ninguna","Sin restricción"
2014,9733,20/12/2014,"Sabado",0,08:30:00,"Ruta Provincial 20","0.0",1,"Pickup/Utilitario"," ",1,0,1,0,0,0,0,,"Ruta",20,"CARLOS PELLEGRINI","San Martín","Asfalto","Natural","XVIII","Fuera","Rural","Ninguna","No existe","Recta","Bueno","Reducida","Diurna","Viento Fuerte","S/D","S/D","Vuelco","Agua","Horizontal,Vertical","Línea divisoria pintada","Sin restricción"
2014,9734,02/12/2014,"Martes",0,,,"0.0",2,"Automóvil,Moto/Ciclomotor","San Martin Y Tucuman",2,1,0,0,1,0,0,,"Calle",,"CALCHAQUÍ","Vera","Asfalto","S/D","XIX","S/D","Urbana","S/D","S/D","Intersección","S/D","S/D","S/D","S/D","S/D","S/D","Colisión","S/D","S/D","S/D","S/D"
2014,9735,27/11/2014,"Jueves",0,11:50:00,,"0.0",2,"Bicicleta,Automóvil","Av A del Valle Y Gorriti",2,1,0,0,1,0,0,"-31.590527777778,-60.692277777778","Avenida",,"SANTA FE","La Capital","Asfalto","No existe","I","Dentro","Urbana","Semáforo","Funciona","Intersección","Bueno","Buena","Diurna","S/D","S/D","S/D","Atropello","S/D","Horizontal,Vertical","Ninguna","Sin restricción"
2014,9736,01/11/2014,"Sabado",0,,,"0.0",2,"Moto/Ciclomotor,Automóvil","Formosa Y Lisandro de la Torre",2,1,0,0,1,0,0,,"Calle",,"VILLA CONSTITUCIÓN","Constitución","Asfalto","Pavimento","VI","Dentro","Urbana","Ninguna","No existe","Intersección","Bueno","Buena","Diurna","Buen Tiempo","Lateral","S/D","Colisión","Ninguna","Faltante","Ninguna","Sin restricción"
2014,9737,29/11/2014,"Sabado",0,15:00:00,,"0.0",2,"Automóvil,Taxi/Remis","Guemes Y Quintana",3,2,0,0,1,0,0,,"Calle",,"SANTA FE","La Capital","Asfalto","No existe","I","Dentro","Urbana","Ninguna","No existe","Intersección","Bueno","Buena","Diurna","Buen Tiempo","Lateral","S/D","Colisión","Otro","S/D","Ninguna","Sin restricción"