"anio_acci","nro_acci","fecha","desc_dia","fecha_aprox","hora_aprox","desc_ruta","km","cant_participantes","desc_participante","calle_avenida_km","total","heridos_leves","heridos_graves","heridos_gravisimos","ilesos","fallecidos","sin_datos","posicion_XY","desc_tipo_via","desc_ruta_ori","desc_loc","desc_dpto","desc_tipo_calzada","desc_tipo_banquina","desc_unidad_regional","desc_lugar_calzada","desc_zona","desc_prioridad","desc_estado_semaforo","desc_lugar_via","desc_estado_via","desc_estado_visibilidad","desc_luminosidad","desc_estado_clima","desc_tipo_colision","desc_tipo_atropello","desc_tipo_hecho","desc_pres_calzada","desc_senializacion","desc_separacion_via","desc_restriccion"
2014,9738,06/12/2014,"Sabado",0,18:00:00,,"0.0",2,"Moto/Ciclomotor,Automóvil","9 de Julio Y Sgto Cabral",2,1,0,0,1,0,0,,"Calle",,"CALCHAQUÍ","Vera","Asfalto","S/D","XIX","S/D","Urbana","S/D","S/D","Intersección","S/D","S/D","Atardecer","S/D","Lateral","S/D","Colisión","S/D","S/D","S/D","S/D"
2014,9739,18/11/2014,"Martes",0,21:15:00,,"0.0",2,"Moto/Ciclomotor,Automóvil","BV H IRIGOYEN  Y R ACTIS",2,1,0,0,1,0,0,,"Calle",,"RAFAELA","Castellanos","Hormigón","No existe","V","Dentro","Urbana","Ninguna","No existe","Intersección","Bueno","Buena","Nocturna","Buen Tiempo","Lateral","S/D","Colisión","Ninguna","Faltante","Ninguna","Sin restricción"
2014,9740,25/11/2014,"Martes",0,18:30:00,,"0.0",2,"Moto/Ciclomotor,Automóvil","J Castelli Y Belgrano",3,2,0,0,1,0,0,,"Calle",,"SANTA FE","La Capital","Asfalto","S/D","I","Dentro","Urbana","Ninguna","No funciona","Intersección","Bueno","Buena","Diurna","Buen Tiempo","S/D","S/D","Colisión","S/D","S/D","Ninguna","Sin restricción"
2014,9741,18/11/2014,"Martes",0,23:00:00,,"0.0",2,"Moto/Ciclomotor,Moto/Ciclomotor","Callejon Roca Y Av A del Valle",2,1,0,0,1,0,0,,"Calle",,"SANTA FE","La Capital","Asfalto","No existe","I","Dentro","Urbana","Ninguna","No existe","Intersección","Bueno","Buena","Nocturna,Con luz artificial","Buen Tiempo","Frontal","S/D","Colisión","S/D","Horizontal,Vertical","Ninguna","Sin restricción"
2014,9742,29/11/2014,"Sabado",0,22:30:00,,"0.0",2,"Peatón,Moto/Ciclomotor","CAlle 37-Bvard. lovato 1500",2,0,1,0,1,0,0,,"Calle",,"RECONQUISTA","General Obligado","Asfalto","Pavimento","IX","Dentro","Urbana","Ninguna","No existe","Recta","Bueno","Reducida","Nocturna","Otro","S/D","S/D","Atropello","Ninguna","Faltante","Cordón divisorio","Sin restricción"
2014,9743,12/11/2014,"Miercoles",0,12:00:00,"Ruta Nacional 19","0.0",2,"Moto/Ciclomotor,Moto/Ciclomotor","Ruta Nac. 19 Y Calle 5",2,0,1,0,0,0,1,,"Ruta",19,"FRONTERA","Castellanos","S/D","S/D","V","Dentro","Urbana","S/D","S/D","Intersección","S/D","S/D","Diurna","S/D","Frontal","S/D","Colisión","S/D","S/D","S/D","S/D"
2014,9744,20/12/2014,"Sabado",0,,,"0.0",1,"Pickup/Utilitario"," ",7,2,3,0,2,0,0,,"Camino Rural",,"CALCHAQUÍ","Vera","Tierra","Natural","XVIII","S/D","Rural","S/D","No existe","S/D","S/D","S/D","S/D","S/D","S/D","S/D","Vuelco","S/D","S/D","S/D","S/D"
2014,9745,13/11/2014,"Jueves",0,21:45:00,,"0.0",2,"Moto/Ciclomotor,Moto/Ciclomotor","Av A del Valle 8400",2,1,0,0,1,0,0,,"Avenida",,"SANTA FE","La Capital","Asfalto","No existe","I","Dentro","Urbana","Semáforo","Funciona","Recta","Bueno","Buena","Nocturna,Con luz artificial","S/D","Lateral","S/D","Colisión","S/D","Horizontal,Vertical","Cordón divisorio","Sin restricción"
2014,9746,25/11/2014,"Martes",0,09:05:00,,"0.0",2,"Moto/Ciclomotor,Automóvil","Salvador del Carril Y Dorrego",2,1,0,0,1,0,0,,"Avenida",,"SANTA FE","La Capital","Asfalto","No existe","I","Dentro","Urbana","Ninguna","No existe","Intersección","Bueno","Buena","Diurna","Buen Tiempo","S/D","S/D","S/D","Otro","S/D","Ninguna","Sin restricción"
2014,9747,29/11/2014,"Sabado",0,21:15:00,,"0.0",2,"Moto/Ciclomotor,Automóvil","Calle 71-Nicaragua Y Calle 24 - Olessio",3,1,0,1,1,0,0,,"Calle",,"RECONQUISTA","General Obligado","S/D","Natural","IX","Dentro","Urbana","Ninguna","No existe","Intersección","Bueno","Reducida","Nocturna","S/D","Lateral","S/D","Colisión","S/D","Faltante","Ninguna","Sin restricción"
2014,9748,12/11/2014,"Miercoles",0,21:00:00,,"0.0",2,"Bicicleta,Pickup/Utilitario","Falucho Y Maestro Cossettini",2,0,1,0,1,0,0,,"Calle",,"RAFAELA","Castellanos","Asfalto","No existe","V","Dentro","Urbana","S/D","S/D","Intersección","Bueno","S/D","Nocturna","Buen Tiempo","S/D","S/D","Atropello","S/D","S/D","S/D","S/D"
2014,9749,22/12/2014,"Lunes",0,18:20:00,,"0.0",2,"Automóvil,Bicicleta","Roque Saenz Peña 1340",2,1,0,0,1,0,0,,"Calle",,"CALCHAQUÍ","Vera","S/D","S/D","XIX","S/D","Urbana","S/D","S/D","S/D","S/D","S/D","Atardecer","S/D","S/D","S/D","Atropello","S/D","S/D","S/D","S/D"
2014,9750,19/11/2014,"Miercoles",0,20:00:00,,"0.0",2,"Moto/Ciclomotor,Automóvil","Av Roque Saenz Pe±a Y Reconquista",2,0,1,0,1,0,0,,"Calle",,"RAFAELA","Castellanos","Hormigón","No existe","V","Dentro","Urbana","Ninguna","No existe","Intersección","Bueno","Buena","Nocturna,Con luz artificial","Buen Tiempo","Lateral","S/D","Colisión","Ninguna","S/D","S/D","Sin restricción"
2014,9751,20/11/2014,"Jueves",0,19:40:00,,"0.0",2,"Moto/Ciclomotor,Automóvil","Av Gral Paz Y Av Lopez y Planes",2,1,0,0,1,0,0,,"Avenida",,"SANTA FE","La Capital","Asfalto","No existe","I","Dentro","Urbana","Ninguna","No existe","Intersección","Bueno","Buena","Atardecer","Buen Tiempo","Frontal","S/D","Colisión","S/D","S/D","Cordón divisorio","Sin restricción"
2014,9752,13/11/2014,"Jueves",0,12:50:00,,"0.0",2,"Moto/Ciclomotor,Automóvil","Bv G L Lhemann Y Simon Bolivar",2,1,0,0,1,0,0,,"Calle",,"RAFAELA","Castellanos","S/D","No existe","V","S/D","Urbana","S/D","No existe","Intersección","S/D","Buena","Diurna","Buen Tiempo","Frontal","S/D","Colisión","S/D","S/D","S/D","S/D"
2014,9753,07/11/2014,"Viernes",0,08:00:00,,"0.0",2,"Moto/Ciclomotor,Automóvil","Avellaneda Y Huergo",2,1,0,0,1,0,0,,"Calle",,"SANTA FE","La Capital","Asfalto","No existe","I","Dentro","Urbana","Ninguna","No existe","Intersección","Con baches","S/D","Diurna","S/D","S/D","S/D","Colisión","S/D","S/D","Ninguna","Sin restricción"
2014,9754,29/11/2014,"Sabado",0,02:10:00,,"0.0",2,"Moto/Ciclomotor,Automóvil","Pedro de Vega Y Av Gral Paz",3,2,0,0,1,0,0,,"Avenida",,"SANTA FE","La Capital","Asfalto","No existe","I","Dentro","Urbana","Semáforo","Funciona","Intersección","Bueno","Buena","Nocturna,Con luz artificial","S/D","S/D","S/D","Colisión","S/D","S/D","S/D","Sin restricción"
2014,9755,17/11/2014,"Lunes",0,21:15:00,,"0.0",2,"Automóvil,Moto/Ciclomotor","Av Almte Brown Y Regis Martinez",2,1,0,0,1,0,0,,"Avenida",,"SANTA FE","La Capital","Asfalto","No existe","I","Dentro","Urbana","Otra Señal","No existe","Intersección","Bueno","Buena","Nocturna,Con luz artificial","Buen Tiempo","S/D","S/D","Colisión","S/D","Vertical","Cordón divisorio","Sin restricción"
2014,9756,22/11/2014,"Sabado",0,12:00:00,,"0.0",2,"Peatón,Automóvil","Martin Zapata Y Av Gral Paz",2,1,0,0,1,0,0,"-31.622416666667,-60.687416666667","Avenida",,"SANTA FE","La Capital","Asfalto","No existe","I","S/D","Urbana","Semáforo","Funciona","Recta","Bueno","Buena","Diurna","S/D","S/D","S/D","Atropello","S/D","S/D","Cordón divisorio","Sin restricción"
2014,9757,28/11/2014,"Viernes",0,13:00:00,,"0.0",2,"Moto/Ciclomotor,Automóvil"," ",2,1,0,0,1,0,0,,"Avenida",,"SANTA FE","La Capital","Asfalto","No existe","I","Dentro","Urbana","Ninguna","No existe","Intersección","S/D","Buena","Diurna","Buen Tiempo","Lateral","S/D","Colisión","S/D","S/D","Línea divisoria pintada","Sin restricción"
2014,9758,04/11/2014,"Martes",0,19:30:00,"Ruta Provincial 1","38.0",1,"Moto/Ciclomotor","Ruta Provic 1 38",1,1,0,0,0,0,0,,"Ruta",1,"SANTA ROSA DE CALCHINES","Garay","Asfalto","Natural","VII","Dentro","Rural","Ninguna","No existe","Recta","Bueno","Buena","Atardecer","Buen Tiempo","S/D","S/D","Caída ocupante","Ninguna","Faltante","Ninguna","Sin restricción"
2014,9759,03/11/2014,"Lunes",0,12:20:00,,"0.0",2,"Automóvil,Moto/Ciclomotor","Calle 21-Gdor. iriondo Y Calle 32 - Amenabar",2,1,0,0,1,0,0,,"Calle",,"RECONQUISTA","General Obligado","Asfalto","S/D","IX","S/D","Urbana","Ninguna","No existe","Intersección","Bueno","Buena","Diurna","Buen Tiempo","Frontal","S/D","Colisión","S/D","Faltante","Cordón divisorio","Sin restricción"
2014,9760,22/11/2014,"Sabado",0,19:15:00,,"0.0",2,"Moto/Ciclomotor,Automóvil","Laprida Y Salvador del Carril",4,3,0,0,1,0,0,,"Calle",,"SANTA FE","La Capital","Asfalto","No existe","I","Dentro","Urbana","Ninguna","No existe","Intersección","Bueno","Buena","Diurna","Buen Tiempo","Lateral","S/D","Colisión","S/D","S/D","Cordón divisorio","Sin restricción"
2014,9762,22/12/2014,"Lunes",0,23:45:00,,"0.0",1,"Moto/Ciclomotor","San Martin Y 9 de Julio",1,0,1,0,0,0,0,,"Calle",,"CALCHAQUÍ","Vera","Asfalto","S/D","XIX","S/D","Urbana","S/D","S/D","Intersección","S/D","Buena","Nocturna","S/D","Atropello animal","S/D","Colisión","S/D","S/D","Ninguna","S/D"
2014,9763,14/11/2014,"Viernes",0,15:30:00,,"0.0",2,"Moto/Ciclomotor,Automóvil","Av A del Valle Y Espora",2,1,0,0,1,0,0,,"S/D",,"SANTA FE","La Capital","Asfalto,Hormigón","No existe","I","S/D","S/D","Ninguna","No existe","Intersección","Con baches","Buena","Diurna","Buen Tiempo","Lateral","S/D","Colisión","Ninguna","Faltante","Ninguna","Sin restricción"
2014,9764,13/11/2014,"Jueves",0,18:35:00,,"0.0",2,"Bicicleta,Automóvil","Calle 19-Habegger Y Calle 28-San lorenzo",3,2,0,0,1,0,0,,"Calle",,"RECONQUISTA","General Obligado","Asfalto","No existe","IX","Dentro","Urbana","Ninguna","No existe","Intersección","Bueno","Buena","Atardecer,Con luz artificial","Buen Tiempo","S/D","S/D","Atropello","S/D","Vertical","Cordón divisorio","Sin restricción"
2014,9766,13/11/2014,"Jueves",0,19:30:00,,"0.0",2,"Bicicleta,Moto/Ciclomotor","Belgrano Y Tucuman",2,1,0,0,1,0,0,,"Calle",,"ATALIVA","Castellanos","S/D","S/D","V","Dentro","Urbana","S/D","S/D","Intersección","S/D","Buena","Diurna","Buen Tiempo","S/D","S/D","Atropello","S/D","S/D","S/D","S/D"
2014,9767,11/11/2014,"Martes",0,16:30:00,,"0.0",1,"Moto/Ciclomotor","DON ORIONE Y ECHEVERRIA",1,1,0,0,0,0,0,,"Calle",,"RAFAELA","Castellanos","S/D","S/D","V","S/D","Urbana","S/D","S/D","Rotonda","S/D","S/D","Diurna","S/D","Atropello animal","S/D","Colisión","S/D","S/D","S/D","S/D"
2014,9768,01/11/2014,"Sabado",0,,,"0.0",2,"Moto/Ciclomotor,Automóvil","Manuel Dorrego Y Lisandro de la Torre",2,1,0,0,1,0,0,,"Calle",,"VILLA CONSTITUCIÓN","Constitución","Asfalto","Pavimento","VI","Dentro","Urbana","Ninguna","No existe","Intersección","Bueno","Buena","Diurna","Buen Tiempo","Frontal","S/D","Colisión","Ninguna","Faltante","Ninguna","Sin restricción"
2014,9769,22/11/2014,"Sabado",0,18:00:00,,"0.0",2,"Moto/Ciclomotor,Moto/Ciclomotor","Las Heras Y Av Galicia",3,1,0,0,2,0,0,,"Calle",,"SANTA FE","La Capital","Asfalto","S/D","I","Dentro","Urbana","S/D","Funciona","Intersección","Bueno","Buena","Diurna","Buen Tiempo","Lateral","S/D","Colisión","S/D","S/D","Ninguna","S/D"
2014,9770,13/11/2014,"Jueves",0,20:00:00,,"0.0",2,"Peatón,Moto/Ciclomotor","Bv H Irigoyen Y J M Williner",2,1,0,0,1,0,0,,"Avenida",,"RAFAELA","Castellanos","Asfalto","S/D","V","S/D","Urbana","S/D","S/D","Intersección","Bueno","Buena","Atardecer,Con luz artificial","Buen Tiempo","S/D","S/D","Atropello","S/D","S/D","S/D","S/D"
2014,9771,14/11/2014,"Viernes",0,07:00:00,"Ruta Provincial 70","84.0",1,"Moto/Ciclomotor"," ",2,2,0,0,0,0,0,,"Ruta",70,"RAFAELA","Castellanos","Hormigón","Natural","V","S/D","Rural","S/D","S/D","Recta","Deteriorada","Buena","Diurna","Buen Tiempo","S/D","S/D","Caída ocupante","S/D","S/D","S/D","S/D"
2014,9772,16/11/2014,"Domingo",0,20:30:00,"Ruta Nacional 34","0.0",2,"Moto/Ciclomotor,Automóvil"," ",2,1,0,0,1,0,0,,"Ruta",34,"SUSANA","Castellanos","Hormigón","Natural","V","S/D","Rural","S/D","No existe","Cruce","S/D","S/D","Nocturna,Con luz artificial","Buen Tiempo","Frontal","S/D","Colisión","S/D","S/D","S/D","S/D"
2014,9773,15/11/2014,"Sabado",0,17:45:00,,"0.0",2,"Moto/Ciclomotor,Moto/Ciclomotor","Av A del Valle Y Lavaisse",3,1,0,0,2,0,0,,"Avenida",,"SANTA FE","La Capital","Hormigón","No existe","I","Dentro","Urbana","Semáforo","Funciona","Intersección","Bueno","Buena","Diurna","Buen Tiempo","Lateral","S/D","Caída ocupante,Colisión","Ninguna","Vertical","Ninguna","Sin restricción"
2014,9774,17/11/2014,"Lunes",0,04:15:00,,"0.0",2,"Moto/Ciclomotor,Moto/Ciclomotor","1ro de Mayo Y General Paz",2,1,0,0,1,0,0,,"Calle",,"RAFAELA","Castellanos","Asfalto","No existe","V","S/D","Urbana","S/D","No existe","Intersección","S/D","Buena","Nocturna,Con luz artificial","Buen Tiempo","Frontal","S/D","Colisión","S/D","S/D","S/D","S/D"
2014,9775,11/10/2014,"Sabado",0,06:00:00,"Ruta Provincial 20","57.0",1,"Automóvil","RP20, 500m al N del acceso ",2,1,0,0,0,1,0,"-32.252836, -61.896093","Ruta",20,"MARÍA SUSANA","San Martín","Asfalto","Natural","XVIII","Fuera","Rural","Ninguna","No existe","Recta","Bueno","Buena","Amanecer","Buen Tiempo","Contra objeto fijo,Lateral","S/D","Colisión,Despiste","S/D","S/D","Línea divisoria pintada","Sin restricción"
2014,9776,23/11/2014,"Domingo",0,12:30:00,"Ruta Provincial 1","77.0",1,"Pickup/Utilitario"," ",2,2,0,0,0,0,0,,"Ruta",1,"CAMPO DEL MEDIO","Garay","Asfalto","Natural","VII","Fuera","Rural","Ninguna","No existe","Curva","Bueno","Buena","Diurna","Buen Tiempo","S/D","S/D","Vuelco","S/D","Faltante","Línea divisoria pintada","Sin restricción"
2014,9777,28/11/2014,"Viernes",0,21:40:00,,"0.0",2,"Moto/Ciclomotor,Automóvil","Bv Galvez Y San Luis",3,2,0,0,1,0,0,,"Avenida",,"SANTA FE","La Capital","S/D","S/D","I","S/D","Urbana","S/D","Funciona","Intersección","S/D","Buena","Nocturna,Con luz artificial","S/D","Lateral","S/D","Colisión","S/D","Vertical","S/D","S/D"
2014,9778,16/11/2014,"Domingo",0,14:30:00,,"0.0",2,"Automóvil,Moto/Ciclomotor","Reg 12 de Infanteria Y Belgrano",2,1,0,0,1,0,0,,"Calle",,"SANTA FE","La Capital","S/D","S/D","I","S/D","Urbana","S/D","S/D","Intersección","S/D","S/D","Diurna","S/D","Lateral","S/D","Colisión","S/D","S/D","S/D","S/D"
2014,9779,29/11/2014,"Sabado",0,21:00:00,"Ruta Provincial 1","1.5",2,"Otros,Automóvil"," ",2,1,0,0,0,0,1,,"Ruta",1,"COLASTINE","La Capital","Asfalto","Natural","I","Dentro","Urbana","Ninguna","No existe","Recta","Bueno","Buena","Nocturna,Con luz artificial","Buen Tiempo","Lateral","S/D","Colisión","Material Suelto","S/D","Línea divisoria pintada","Obra en Construcción"
2014,9780,12/11/2014,"Miercoles",0,12:30:00,,"0.0",2,"Moto/Ciclomotor,Pickup/Utilitario","L Vernet Y Monseñor Zaspe",3,1,0,0,2,0,0,,"Calle",,"RAFAELA","Castellanos","Hormigón","S/D","V","Dentro","Urbana","S/D","S/D","Intersección","S/D","S/D","Diurna","S/D","Lateral","S/D","Colisión","S/D","S/D","S/D","S/D"
2014,9781,13/11/2014,"Jueves",0,22:00:00,,"0.0",2,"Automóvil,Moto/Ciclomotor","Mariano Candioti Y 7 de marzo",2,1,0,0,1,0,0,,"Avenida",,"SANTO TOMÉ","La Capital","Asfalto","No existe","I","Dentro","Urbana","Marca Vial","No existe","Intersección","Bueno","Buena","Nocturna,Con luz artificial","Buen Tiempo","Lateral","S/D","Colisión","S/D","S/D","Línea divisoria pintada","Sin restricción"
2014,9782,19/11/2014,"Miercoles",0,17:45:00,,"0.0",2,"Moto/Ciclomotor,Pickup/Utilitario","Hernandarias Y Belgrano",2,1,0,0,1,0,0,,"Calle",,"SANTA FE","La Capital","Asfalto","No existe","I","Dentro","Urbana","S/D","S/D","Intersección","Bueno","Buena","Diurna","S/D","Lateral","S/D","Colisión","S/D","S/D","S/D","S/D"
2014,9783,26/11/2014,"Miercoles",0,15:20:00,,"0.0",2,"Automóvil,Moto/Ciclomotor","Sarmiento Y Juan Del Campillo",2,1,0,0,1,0,0,,"Calle",,"SANTA FE","La Capital","Asfalto","S/D","I","S/D","Urbana","S/D","S/D","Intersección","Bueno","S/D","Diurna","S/D","Lateral","S/D","Colisión","S/D","S/D","S/D","S/D"
2014,9784,18/11/2014,"Martes",0,13:50:00,"Ruta Provincial 1","4.0",2,"Otros,Otros"," ",2,1,0,0,0,0,1,,"Ruta",1,"COLASTINE","La Capital","Asfalto","Natural","I","Dentro","Rural","Ninguna","No existe","Recta","Con baches","Buena","Diurna","Buen Tiempo","Lateral","S/D","Colisión","Material Suelto","Horizontal","Línea divisoria pintada","Obra en Construcción"
2014,9785,10/11/2014,"Lunes",0,13:00:00,,"0.0",2,"Pickup/Utilitario,Moto/Ciclomotor","Pje Koch Y Belgrano",2,1,0,0,1,0,0,,"Calle",,"SANTA FE","La Capital","Asfalto","S/D","I","S/D","Urbana","S/D","S/D","Intersección","Bueno","Buena","Atardecer","S/D","Lateral","S/D","Colisión","S/D","S/D","S/D","S/D"
2014,9786,11/10/2014,"Sabado",0,05:00:00,,"0.0",2,"Moto/Ciclomotor,Automóvil","Bv San Martin ",4,1,0,0,3,0,0,,"Calle",,"ZENÓN PEREYRA","Castellanos","Hormigón","S/D","V","Dentro","Urbana","S/D","S/D","Recta","S/D","S/D","Nocturna","S/D","Frontal","S/D","Colisión","S/D","S/D","S/D","S/D"
2014,9787,07/11/2014,"Viernes",0,12:25:00,,"0.0",2,"Moto/Ciclomotor,Pickup/Utilitario","Tacuari Y Cardenal Fasolino",2,1,0,0,1,0,0,,"S/D",,"SANTA FE","La Capital","Asfalto","S/D","I","S/D","Urbana","S/D","S/D","Intersección","Bueno","Buena","Diurna","S/D","Lateral","S/D","Colisión","S/D","S/D","S/D","S/D"
2014,9788,26/11/2014,"Miercoles",0,00:05:00,,"0.0",2,"Automóvil,Automóvil","Iturraspe Y Necochea",3,2,0,0,1,0,0,,"Calle",,"SANTA FE","La Capital","Asfalto","S/D","I","S/D","Urbana","S/D","S/D","Intersección","S/D","Buena","Nocturna,Con luz artificial","S/D","Lateral","S/D","Colisión","S/D","S/D","S/D","S/D"
2014,9789,14/11/2014,"Viernes",0,12:10:00,"Ruta Provincial 1","2.0",2,"Moto/Ciclomotor,Otros"," ",2,1,0,0,0,0,1,,"Ruta",1,"COLASTINE","La Capital","Asfalto","Natural","I","Dentro","Urbana","Ninguna","No existe","Recta","Con baches","Buena","Diurna","Buen Tiempo","Lateral","S/D","Colisión","Material Suelto","Horizontal","Línea divisoria pintada","Obra en Construcción"
2014,9790,11/11/2014,"Martes",0,13:00:00,,"0.0",2,"Moto/Ciclomotor,Pickup/Utilitario","M Oliber Y Av Luis Fanti",3,0,1,0,2,0,0,,"Avenida",,"RAFAELA","Castellanos","Asfalto","S/D","V","Dentro","Urbana","S/D","S/D","Intersección","S/D","S/D","Diurna","S/D","Lateral","S/D","Colisión","S/D","S/D","S/D","S/D"
2014,9791,16/11/2014,"Domingo",0,16:00:00,,"0.0",2,"Moto/Ciclomotor,Automóvil","Colon Y Velez Sarfield",3,2,0,0,1,0,0,,"Calle",,"RAFAELA","Castellanos","Asfalto","No existe","V","S/D","Urbana","S/D","No existe","Intersección","Bueno","Buena","Diurna","Buen Tiempo","Frontal","S/D","Colisión","S/D","S/D","S/D","S/D"
2014,9792,10/11/2014,"Lunes",0,18:00:00,,"0.0",2,"Moto/Ciclomotor,Automóvil","Av Almte Brown Y Javier de la Rosa",2,1,0,0,1,0,0,,"Calle",,"SANTA FE","La Capital","Asfalto","S/D","I","S/D","Urbana","S/D","S/D","Intersección","Bueno","S/D","Diurna","S/D","Lateral","S/D","Colisión","S/D","S/D","S/D","S/D"
2014,9793,08/11/2014,"Sabado",0,05:00:00,,"0.0",2,"Moto/Ciclomotor,Pickup/Utilitario","Lisandro de La Torre 2900",2,1,0,0,1,0,0,,"Calle",,"SANTO TOMÉ","La Capital","Ripio","S/D","I","Dentro","Urbana","Ninguna","S/D","Recta","Con baches","S/D","Amanecer","Buen Tiempo","S/D","S/D","Colisión","S/D","S/D","Ninguna","Sin restricción"
2014,9794,25/11/2014,"Martes",0,20:30:00,,"0.0",2,"Moto/Ciclomotor,Camión","Iturraspe Y Sarmiento",2,1,0,0,1,0,0,,"Calle",,"SANTA FE","La Capital","Asfalto","S/D","I","S/D","Urbana","S/D","S/D","Intersección","S/D","S/D","Nocturna","S/D","Lateral","S/D","Colisión","S/D","S/D","S/D","S/D"
2014,9795,11/11/2014,"Martes",0,12:00:00,,"0.0",2,"Moto/Ciclomotor,Automóvil","Bv Pte Roca Y J Galvez",4,1,0,0,3,0,0,,"Avenida",,"RAFAELA","Castellanos","Hormigón","S/D","V","Dentro","Urbana","S/D","S/D","Intersección","S/D","S/D","Diurna","S/D","Lateral","S/D","Colisión","S/D","S/D","S/D","S/D"
2014,9796,16/11/2014,"Domingo",0,22:20:00,,"0.0",2,"Moto/Ciclomotor,Automóvil","Av Aristobulo del Valle Y E Oliber",5,4,0,0,1,0,0,,"Avenida",,"RAFAELA","Castellanos","Asfalto","S/D","V","S/D","Urbana","S/D","S/D","Intersección","S/D","S/D","Nocturna,Con luz artificial","Buen Tiempo","Frontal","S/D","Colisión","S/D","S/D","S/D","S/D"
2014,9797,19/11/2014,"Miercoles",0,17:30:00,,"0.0",2,"Moto/Ciclomotor,Automóvil","Sarmiento Y Ricardo Aldao",4,3,0,0,1,0,0,,"Calle",,"SANTA FE","La Capital","Asfalto","No existe","I","Dentro","Urbana","Ninguna","S/D","Intersección","Bueno","S/D","Diurna","Buen Tiempo","Lateral","S/D","Colisión","S/D","S/D","Ninguna","Sin restricción"
2014,9798,01/11/2014,"Sabado",0,18:20:00,,"0.0",2,"Camión,Automóvil","Mariano Moreno Y Nicolas Avellaneda",2,1,0,0,1,0,0,,"Calle",,"SANTO TOMÉ","La Capital","Asfalto","No existe","I","Dentro","Urbana","Ninguna","No existe","Intersección","Bueno","Buena","Atardecer","Lluvia","Lateral","S/D","Colisión","Agua","S/D","Cordón divisorio","Sin restricción"
2014,9799,20/11/2014,"Jueves",0,11:30:00,,"0.0",2,"Moto/Ciclomotor,Automóvil","Las Heras Y Suipacha",2,1,0,0,1,0,0,,"Calle",,"SANTA FE","La Capital","Asfalto","No existe","I","S/D","Urbana","S/D","S/D","Intersección","Bueno","S/D","Diurna","Buen Tiempo","Lateral","S/D","Colisión","S/D","S/D","S/D","S/D"
2014,9800,08/11/2014,"Sabado",0,00:30:00,"Ruta Provincial 1","1.0",2,"Moto/Ciclomotor,Otros"," ",2,1,0,0,0,0,1,,"Ruta",1,"COLASTINE","La Capital","Tierra","S/D","I","Fuera","Urbana","Marca Vial","S/D","Recta","Con baches","S/D","Nocturna","Buen Tiempo","Lateral","S/D","Colisión","Material Suelto","Horizontal","Línea divisoria pintada","Desvío Provisorio"
2014,9801,27/11/2014,"Jueves",0,10:00:00,,"0.0",2,"Automóvil,Moto/Ciclomotor","3 de Febrero 3200",2,1,0,0,0,0,1,,"Calle",,"SANTA FE","La Capital","Asfalto","S/D","I","S/D","Urbana","S/D","S/D","Recta","S/D","S/D","Diurna","S/D","S/D","S/D","Colisión","S/D","S/D","S/D","S/D"
2014,9802,12/11/2014,"Miercoles",0,,,"0.0",2,"Moto/Ciclomotor,Automóvil","Belgrano Y Lisandro de la Torre",3,2,0,0,1,0,0,,"Calle",,"VILLA CONSTITUCIÓN","Constitución","Asfalto","Pavimento","VI","Dentro","Urbana","Ninguna","No existe","Intersección","Bueno","Buena","Diurna","Buen Tiempo","Frontal","S/D","Colisión","Ninguna","Faltante","Ninguna","Sin restricción"
2014,9803,26/11/2014,"Miercoles",0,20:00:00,,"0.0",2,"Automóvil,Moto/Ciclomotor","Javier de la Rosa Y Rivadavia",2,1,0,0,1,0,0,,"Calle",,"SANTA FE","La Capital","Asfalto","S/D","I","S/D","Urbana","S/D","S/D","Intersección","Bueno","Buena","Atardecer","S/D","Lateral","S/D","Colisión","S/D","S/D","S/D","S/D"
2014,9804,11/11/2014,"Martes",0,14:30:00,,"0.0",2,"Moto/Ciclomotor,Transporte Escolar","Pje Ingenieros Y J Castelli",3,1,0,0,2,0,0,,"Calle",,"SANTA FE","La Capital","Asfalto","No existe","I","Dentro","Urbana","Ninguna","No existe","Intersección","Bueno","Buena","Diurna","Buen Tiempo","Lateral","S/D","Colisión","S/D","Faltante","Ninguna","Sin restricción"
2014,9806,30/11/2014,"Domingo",0,20:30:00,,"0.0",2,"Moto/Ciclomotor,Automóvil","Juan de Garay Y Francia",3,1,0,0,0,0,2,,"S/D",,"SANTA FE","La Capital","Asfalto","S/D","I","S/D","Urbana","S/D","S/D","Intersección","S/D","S/D","Nocturna","S/D","S/D","S/D","Colisión","S/D","S/D","S/D","S/D"
2014,9807,20/11/2014,"Jueves",0,02:00:00,,"0.0",2,"Moto/Ciclomotor,Vehículo Oficial","Av Pte Peron Y Artigas",2,1,0,0,1,0,0,,"Avenida",,"SANTA FE","La Capital","Asfalto","Natural","I","Dentro","Urbana","Ninguna","S/D","Intersección","Bueno","Buena","Nocturna,Con luz artificial","S/D","Otro","S/D","Colisión","Otro","S/D","Ninguna","S/D"
2014,9808,17/11/2014,"Lunes",0,19:40:00,,"0.0",2,"Moto/Ciclomotor,Automóvil","Padre Genesio Y Candioti",3,2,0,0,1,0,0,,"Calle",,"SANTA FE","La Capital","Asfalto","S/D","I","S/D","Urbana","S/D","S/D","Intersección","Bueno","Buena","Atardecer","S/D","Lateral","S/D","Colisión","S/D","S/D","S/D","S/D"