"anio_acci","nro_acci","fecha","desc_dia","fecha_aprox","hora_aprox","desc_ruta","km","cant_participantes","desc_participante","calle_avenida_km","total","heridos_leves","heridos_graves","heridos_gravisimos","ilesos","fallecidos","sin_datos","posicion_XY","desc_tipo_via","desc_ruta_ori","desc_loc","desc_dpto","desc_tipo_calzada","desc_tipo_banquina","desc_unidad_regional","desc_lugar_calzada","desc_zona","desc_prioridad","desc_estado_semaforo","desc_lugar_via","desc_estado_via","desc_estado_visibilidad","desc_luminosidad","desc_estado_clima","desc_tipo_colision","desc_tipo_atropello","desc_tipo_hecho","desc_pres_calzada","desc_senializacion","desc_separacion_via","desc_restriccion"
2014,9809,03/11/2014,"Lunes",0,,,"0.0",2,"Moto/Ciclomotor,Automóvil","Presidente Peron Y Simon Bolivar",3,2,0,0,1,0,0,,"Avenida",,"VILLA CONSTITUCIÓN","Constitución","Asfalto","Pavimento","VI","Dentro","Urbana","Ninguna","No existe","Intersección","Bueno","Buena","Diurna","Buen Tiempo","Lateral","S/D","Colisión","Ninguna","Faltante","Ninguna","Sin restricción"
2014,9810,24/11/2014,"Lunes",0,00:10:00,,"0.0",1,"Moto/Ciclomotor","Republica de Siria Y Larrea",3,2,1,0,0,0,0,,"Calle",,"SANTA FE","La Capital","Asfalto","S/D","I","Dentro","Urbana","S/D","S/D","Intersección","Bueno","Buena","Nocturna,Con luz artificial","S/D","S/D","S/D","Caída ocupante","S/D","S/D","S/D","Sin restricción"
2014,9811,19/11/2014,"Miercoles",0,09:00:00,,"0.0",2,"Moto/Ciclomotor,Automóvil","Guemes Y Pje Calcena",2,1,0,0,1,0,0,,"Calle",,"SANTA FE","La Capital","Asfalto","No existe","I","Dentro","Urbana","S/D","No existe","Intersección","Bueno","Buena","Diurna","Buen Tiempo","S/D","S/D","Colisión","S/D","S/D","S/D","Sin restricción"
2014,9812,16/11/2014,"Domingo",0,14:40:00,,"0.0",2,"Bicicleta,Automóvil","Maipu Y Chacabuco",2,1,0,0,1,0,0,"-31.636694444444,-60.6885","Calle",,"SANTA FE","La Capital","Asfalto","S/D","I","S/D","Urbana","S/D","S/D","Intersección","Bueno","Buena","Diurna","S/D","S/D","S/D","Atropello","S/D","S/D","S/D","S/D"
2014,9813,07/11/2014,"Viernes",0,09:00:00,,"0.0",2,"Moto/Ciclomotor,Automóvil","Av Blas Parera Y Monseñor Rodriguez",3,1,0,0,2,0,0,,"Avenida",,"SANTA FE","La Capital","Asfalto","S/D","I","S/D","Urbana","Semáforo","Funciona","Recta","Bueno","Buena","Diurna","Buen Tiempo","De alcance","S/D","Colisión","S/D","S/D","S/D","S/D"
2014,9814,12/11/2014,"Miercoles",0,18:30:00,,"0.0",2,"Moto/Ciclomotor,Automóvil","Gorostiaga Y Av A del Valle",2,1,0,0,1,0,0,,"Avenida",,"SANTA FE","La Capital","Hormigón","No existe","I","Dentro","Urbana","Semáforo","Funciona","Recta","Bueno,Con baches","Buena","Diurna","Buen Tiempo","De alcance","S/D","Colisión","Ninguna","Vertical","Ninguna","Sin restricción"
2014,9815,17/11/2014,"Lunes",0,15:00:00,,"0.0",2,"Automóvil,Moto/Ciclomotor","Alsina Y Hernandarias",2,1,0,0,1,0,0,,"Calle",,"SANTA FE","La Capital","Asfalto","No existe","I","Dentro","Urbana","Ninguna","No existe","Intersección","Bueno","Buena","Diurna","Buen Tiempo","S/D","S/D","Colisión","S/D","S/D","Ninguna","Sin restricción"
2014,9816,20/11/2014,"Jueves",0,13:00:00,,"0.0",2,"Automóvil,Moto/Ciclomotor","Av Galicia Y Alberdi",3,2,0,0,1,0,0,,"Avenida",,"SANTA FE","La Capital","Asfalto","S/D","I","S/D","Urbana","S/D","S/D","Intersección","Bueno","Buena","Diurna","S/D","Lateral","S/D","Colisión","S/D","Horizontal","S/D","S/D"
2014,9817,12/11/2014,"Miercoles",0,,,"0.0",1,"Automóvil","1 DE MAYO Y DR D JORGE",2,0,1,0,1,0,0,,"Calle",,"SANTA ROSA DE CALCHINES","Garay","Tierra","No existe","VI","Dentro","Urbana","Ninguna","No existe","Recta","Bueno","Buena","Diurna","Buen Tiempo","Otro","S/D","Otro","Ninguna","Faltante","Ninguna","Sin restricción"
2014,9818,13/11/2014,"Jueves",0,23:00:00,,"0.0",2,"Moto/Ciclomotor,Automóvil","Salvador del Carril Y Belgrano",2,1,0,0,1,0,0,,"Avenida",,"SANTA FE","La Capital","Asfalto","No existe","I","Dentro","Urbana","Marca Vial","No existe","Intersección","Bueno","Buena","Nocturna,Con luz artificial","Buen Tiempo","Otro","S/D","Colisión","S/D","S/D","Línea divisoria pintada","Sin restricción"
2014,9819,29/11/2014,"Sabado",0,10:45:00,,"0.0",2,"Automóvil,Moto/Ciclomotor","Risso Y Belgrano",3,2,0,0,1,0,0,,"Calle",,"SANTA FE","La Capital","Asfalto","S/D","I","Dentro","Urbana","S/D","S/D","Intersección","Bueno","S/D","Diurna","S/D","Lateral","S/D","Colisión","S/D","S/D","S/D","S/D"
2014,9820,07/11/2014,"Viernes",0,16:45:00,,"0.0",2,"Moto/Ciclomotor,Automóvil","Azcuenaga Y Jose De San Martin",3,1,0,0,2,0,0,,"Calle",,"SANTO TOMÉ","La Capital","Asfalto","S/D","I","Dentro","Urbana","Ninguna","S/D","Intersección","Bueno","Buena","Atardecer","Buen Tiempo","Lateral","S/D","Colisión","S/D","Faltante","Cordón divisorio","Sin restricción"
2014,9821,28/10/2014,"Martes",0,16:30:00,,"0.0",2,"Moto/Ciclomotor,Moto/Ciclomotor","Santiago de Chile Y Moreno",2,1,0,0,0,0,1,,"Calle",,"SANTA FE","La Capital","Asfalto","S/D","I","S/D","Urbana","S/D","S/D","Intersección","S/D","S/D","S/D","S/D","S/D","S/D","Colisión","S/D","S/D","S/D","S/D"
2014,9822,12/11/2014,"Miercoles",0,18:30:00,,"0.0",2,"Automóvil,Moto/Ciclomotor","Laprida Y Pje Calcena",2,1,0,0,1,0,0,,"Calle",,"SANTA FE","La Capital","Asfalto","No existe","I","Dentro","Urbana","S/D","No existe","Intersección","Bueno","Buena","Diurna","Buen Tiempo","Frontal","S/D","Colisión","S/D","S/D","Ninguna","S/D"
2014,9823,19/11/2014,"Miercoles",0,13:30:00,,"0.0",2,"Moto/Ciclomotor,Automóvil","Av Luis Fanti Y Ruta Nac 34 Gral Guemes",3,1,0,0,2,0,0,,"Avenida",,"RAFAELA","Castellanos","Asfalto","S/D","V","Dentro","Urbana","Semáforo","S/D","Intersección","Bueno","S/D","Diurna","Niebla","Lateral","S/D","Colisión","Ninguna","Horizontal,Vertical","Cordón divisorio","S/D"
2014,9824,06/11/2014,"Jueves",0,17:30:00,,"0.0",2,"Automóvil,Moto/Ciclomotor","Sarmiento Y J J Paso",2,1,0,0,1,0,0,,"Calle",,"SANTA FE","La Capital","Asfalto","No existe","I","Dentro","Urbana","Ninguna","No existe","Intersección","Bueno","S/D","Diurna","Buen Tiempo","Lateral","S/D","Colisión","Ninguna","Faltante","Ninguna","Sin restricción"
2014,9825,19/12/2014,"Viernes",0,11:00:00,"Autopista Nacional Gral. Juan Jose Valle","280.0",2,"Automóvil,Pickup/Utilitario"," ",2,1,0,0,0,1,0,"-33.081812, -60.635160","Autopista","Gral. Juan Jose Valle","ALVEAR","Rosario","Asfalto","Natural","II","Dentro","Rural","Ninguna","No existe","Recta","Bueno","Buena","Diurna","Buen Tiempo","Lateral","S/D","Colisión","Ninguna","Horizontal,Vertical","Vegetación","Sin restricción"
2014,9826,27/11/2014,"Jueves",0,18:45:00,,"0.0",2,"Moto/Ciclomotor,Pickup/Utilitario","Beruti Y Edmundo Rosas",2,1,0,0,1,0,0,,"Calle",,"SANTA FE","La Capital","Asfalto","No existe","I","S/D","Urbana","Ninguna","No existe","Recta","Bueno","Buena","Atardecer","Buen Tiempo","De alcance","S/D","Colisión","Ninguna","Faltante","Ninguna","Sin restricción"
2014,9827,10/11/2014,"Lunes",0,23:45:00,,"0.0",2,"Pickup/Utilitario,Moto/Ciclomotor","Av Freyre Y Tucuman",3,2,0,0,1,0,0,,"Avenida",,"SANTA FE","La Capital","S/D","S/D","I","S/D","Urbana","S/D","S/D","S/D","S/D","S/D","Nocturna","S/D","S/D","S/D","Colisión","S/D","S/D","S/D","S/D"
2014,9828,10/11/2014,"Lunes",0,12:30:00,,"0.0",2,"Pickup/Utilitario,Peatón","Huergo Y Av Gral Paz",2,1,0,0,1,0,0,"-31.617416666667,-60.683916666667","S/D",,"SANTA FE","La Capital","Asfalto","No existe","I","S/D","S/D","Semáforo","Funciona","Intersección","Bueno","S/D","Diurna","Otro","S/D","S/D","Atropello","S/D","S/D","Cordón divisorio","Sin restricción"
2014,9829,28/09/2014,"Domingo",0,,,"0.0",1,"Automóvil"," ",3,3,0,0,0,0,0,,"Calle",,"SAN MARTIN DE LAS ESCOBAS","San Martín","Ripio","Natural","XVI","Dentro","Urbana","Ninguna","No existe","Intersección","Deteriorada","Buena","Amanecer","Lluvia","S/D","S/D","Vuelco","Otro","Faltante","Ninguna","Sin restricción"
2014,9830,16/11/2014,"Domingo",0,17:45:00,,"0.0",2,"Moto/Ciclomotor,Pickup/Utilitario","Moreno Y Buenos Aires",2,1,0,0,1,0,0,,"Calle",,"HUMBERTO 1°","Castellanos","S/D","S/D","V","S/D","Urbana","S/D","S/D","Intersección","S/D","Buena","Diurna","Buen Tiempo","Frontal","S/D","Colisión","S/D","S/D","S/D","S/D"
2014,9831,08/11/2014,"Sabado",0,16:50:00,,"0.0",2,"Automóvil,Moto/Ciclomotor","Piedras Y Padre Genesio",3,2,0,0,1,0,0,,"Calle",,"SANTA FE","La Capital","Asfalto","S/D","I","S/D","Urbana","S/D","S/D","Intersección","Bueno","Buena","Diurna","S/D","Lateral","S/D","Colisión","S/D","S/D","S/D","S/D"
2014,9832,08/11/2014,"Sabado",0,22:00:00,"Ruta Nacional 11","483.0",2,"Moto/Ciclomotor,Moto/Ciclomotor","Ruta Nacional 11 Y Av Mitre",3,1,0,0,1,0,1,,"Ruta",11,"RECREO","La Capital","S/D","S/D","I","S/D","Urbana","S/D","S/D","S/D","S/D","S/D","Nocturna","S/D","S/D","S/D","Colisión","S/D","S/D","S/D","S/D"
2014,9833,12/11/2014,"Miercoles",0,17:00:00,,"0.0",2,"Moto/Ciclomotor,Automóvil","Bv H Irigoyen Y Estanislao del Campo",2,1,0,0,1,0,0,,"Avenida",,"RAFAELA","Castellanos","Hormigón","S/D","V","Dentro","Urbana","S/D","S/D","Intersección","S/D","S/D","Diurna","S/D","Lateral","S/D","Colisión","S/D","S/D","S/D","S/D"
2014,9834,11/11/2014,"Martes",0,13:30:00,,"0.0",2,"Moto/Ciclomotor,Pickup/Utilitario","Av A del Valle Y Cordoba",2,1,0,0,1,0,0,,"Avenida",,"SANTA FE","La Capital","Asfalto","No existe","I","Dentro","Urbana","Ninguna","No existe","Intersección","Bueno","Buena","Diurna","Buen Tiempo","Lateral","S/D","Colisión","Ninguna","Faltante","Ninguna","Sin restricción"
2014,9835,29/11/2014,"Sabado",0,15:30:00,,"0.0",2,"Moto/Ciclomotor,Moto/Ciclomotor","Pavon Y Alberdi",2,2,0,0,0,0,0,,"Calle",,"SANTA FE","La Capital","Asfalto","S/D","I","Dentro","Urbana","S/D","S/D","Intersección","S/D","Buena","Diurna","S/D","Lateral","S/D","Colisión","S/D","S/D","S/D","S/D"
2014,9836,02/11/2014,"Domingo",0,10:45:00,,"0.0",2,"Automóvil,Automóvil","Calle 20 9 de Julio Y Calle 27-Gdor Freyre",4,1,0,0,3,0,0,,"Calle",,"RECONQUISTA","General Obligado","Asfalto","No existe","IX","S/D","Urbana","Ninguna","No existe","Intersección","Bueno","Buena","Diurna","Buen Tiempo","Lateral","S/D","Colisión","Ninguna","Faltante","Ninguna","Sin restricción"
2014,9837,18/11/2014,"Martes",0,11:40:00,,"0.0",2,"Moto/Ciclomotor,Taxi/Remis","J Castelli Y 4 de Enero",2,1,0,0,1,0,0,,"Calle",,"SANTA FE","La Capital","Hormigón","No existe","I","Dentro","Urbana","Ninguna","No existe","Intersección","Bueno","Buena","Diurna","Buen Tiempo","Lateral","S/D","Colisión","Ninguna","Faltante","Ninguna","Sin restricción"
2014,9838,25/11/2014,"Martes",0,17:00:00,,"0.0",2,"Moto/Ciclomotor,Transporte de Pasajeros Urbano (> 8 asientos)","Av Blas Parera Y Florencio Fernandez",3,2,0,0,1,0,0,,"Avenida",,"SANTA FE","La Capital","Asfalto","No existe","I","S/D","Urbana","Semáforo","Funciona","Recta","S/D","Buena","Diurna","Buen Tiempo","De alcance","S/D","Colisión","Ninguna","Faltante","Ninguna","Sin restricción"
2014,9839,11/11/2014,"Martes",0,17:00:00,,"0.0",2,"Moto/Ciclomotor,Pickup/Utilitario","Av Freyre Y La Rioja",2,1,0,0,1,0,0,,"Avenida",,"SANTA FE","La Capital","S/D","S/D","I","S/D","Urbana","S/D","S/D","S/D","S/D","S/D","Diurna","S/D","S/D","S/D","Colisión","S/D","S/D","S/D","S/D"
2014,9840,08/12/2014,"Lunes",0,01:50:00,,"873.0",2,"Pickup/Utilitario,Automóvil","Ruta Nacional 11 Y Avenida San Martin",7,2,0,0,4,0,1,,"S/D",,"VILLA OCAMPO","General Obligado","Asfalto","Natural","IX","Fuera","Urbana","Semáforo","Intermitente","Intersección","Bueno","Buena","Nocturna","Buen Tiempo","De alcance","S/D","Colisión","Otro","Horizontal","Cordón divisorio","Sin restricción"
2014,9841,02/11/2014,"Domingo",0,22:30:00,,"0.0",2,"Moto/Ciclomotor,Taxi/Remis","Espora Y Pje Lassaga",2,1,0,0,1,0,0,,"Calle",,"SANTA FE","La Capital","Asfalto","No existe","I","Dentro","Urbana","Ninguna","No existe","Intersección","Con baches","Buena","Nocturna,Con luz artificial","Buen Tiempo","Lateral","S/D","Colisión","Ninguna","Faltante","Ninguna","Sin restricción"
2014,9842,07/11/2014,"Viernes",0,17:45:00,,"0.0",2,"Moto/Ciclomotor,Automóvil","Av Freyre Y Primera Junta",3,2,0,0,1,0,0,,"Calle",,"SANTA FE","La Capital","S/D","S/D","I","Dentro","Urbana","S/D","S/D","S/D","S/D","S/D","Diurna","S/D","S/D","S/D","Colisión","S/D","S/D","S/D","S/D"
2014,9843,19/11/2014,"Miercoles",0,18:20:00,,"0.0",2,"Pickup/Utilitario,Moto/Ciclomotor","Presidente Bernardino Rivadavi Y Pasaje Almte Guillermo Brown",3,1,0,0,2,0,0,,"Calle",,"SANTO TOMÉ","La Capital","Asfalto","No existe","I","Dentro","Urbana","Ninguna","No existe","Intersección","Bueno","Buena","Atardecer","Buen Tiempo","Lateral","S/D","Colisión","S/D","S/D","Cordón divisorio","Sin restricción"
2014,9844,02/11/2014,"Domingo",0,,,"0.0",2,"Moto/Ciclomotor,Pickup/Utilitario","Mitre Y Belgrano",3,2,0,0,1,0,0,,"Calle",,"SANTA FE","La Capital","Asfalto","S/D","I","S/D","Urbana","S/D","S/D","Intersección","Deteriorada","S/D","S/D","S/D","S/D","S/D","S/D","Agua","Faltante","S/D","S/D"
2014,9845,18/11/2014,"Martes",0,12:15:00,,"0.0",2,"Automóvil,Automóvil","Estanislao Zeballos Y 9 de Julio",3,1,1,0,1,0,0,,"Calle",,"SANTA FE","La Capital","Hormigón","No existe","I","Dentro","Urbana","Ninguna","No existe","Intersección","Con baches","Buena","Diurna","Buen Tiempo","Lateral","S/D","Colisión","Ninguna","Faltante","Ninguna","Sin restricción"
2014,9846,04/11/2014,"Martes",0,08:30:00,,"0.0",2,"Moto/Ciclomotor,Taxi/Remis","Pedro Alejandro Vittori Y Pedro Centeno",2,1,0,0,1,0,0,,"Calle",,"SANTA FE","La Capital","Hormigón","No existe","I","Dentro","Urbana","Semáforo","Funciona","Intersección","Bueno","Buena","Diurna","Buen Tiempo","Lateral","S/D","Colisión","Ninguna","Vertical","Ninguna","Sin restricción"
2014,9847,02/11/2014,"Domingo",0,14:30:00,,"0.0",2,"Automóvil,Automóvil","Av Freyre Y Santiago del Estero",3,1,0,0,2,0,0,,"Calle",,"SANTA FE","La Capital","S/D","S/D","I","Dentro","Urbana","S/D","S/D","S/D","S/D","S/D","Diurna","S/D","S/D","S/D","Colisión","S/D","S/D","S/D","S/D"
2014,9848,07/11/2014,"Viernes",0,20:30:00,"Ruta Nacional 11","513.8",2,"Automóvil,Pickup/Utilitario"," ",3,1,0,0,2,0,0,,"Ruta",11,"LLAMBI CAMPBELL","La Capital","Asfalto","Natural","I","Dentro","Rural","Marca Vial","No existe","Recta","Bueno","Buena","Nocturna","Buen Tiempo","De alcance","S/D","Colisión","Ninguna","Horizontal","Línea divisoria pintada","Sin restricción"
2014,9849,22/11/2014,"Sabado",0,12:00:00,,"0.0",2,"Moto/Ciclomotor,Peatón","Mariano Moreno Y Necochea",2,1,0,0,1,0,0,"-31.659194444444,-60.764805555556","Calle",,"SANTO TOMÉ","La Capital","Asfalto","No existe","I","Dentro","Urbana","Ninguna","No existe","Intersección","Bueno","Buena","Diurna","Buen Tiempo","S/D","S/D","Atropello","S/D","Faltante","Cordón divisorio","Sin restricción"
2014,9850,14/11/2014,"Viernes",0,15:10:00,,"0.0",2,"Moto/Ciclomotor,Automóvil","Juan Del Campillo Y Sarmiento",3,2,0,0,1,0,0,,"Calle",,"SANTA FE","La Capital","Asfalto","S/D","I","S/D","Urbana","S/D","S/D","Intersección","Bueno","Buena","Diurna","S/D","Lateral","S/D","Colisión","S/D","S/D","S/D","S/D"
2014,9851,11/11/2014,"Martes",0,21:00:00,,"0.0",2,"Automóvil,Moto/Ciclomotor","Padre Genesio Y Rivadavia",4,3,0,0,1,0,0,,"Calle",,"SANTA FE","La Capital","Asfalto","S/D","I","Dentro","Urbana","S/D","S/D","Intersección","Bueno","Buena","Nocturna,Con luz artificial","S/D","Lateral","S/D","Colisión","S/D","S/D","S/D","S/D"
2014,9852,06/11/2014,"Jueves",0,17:10:00,,"0.0",2,"Moto/Ciclomotor,Pickup/Utilitario","Estanislao Zeballos Y San Martin",2,1,0,0,1,0,0,,"Calle",,"SANTA FE","La Capital","Asfalto","No existe","I","Dentro","Urbana","Ninguna","No existe","Intersección","Con baches","Buena","Diurna","Buen Tiempo","Lateral","S/D","Colisión","Ninguna","Faltante","Ninguna","Sin restricción"
2014,9853,25/11/2014,"Martes",0,,,"0.0",2,"Automóvil,Moto/Ciclomotor","7 de marzo Y J Macia",2,1,0,0,1,0,0,,"Avenida",,"SANTO TOMÉ","La Capital","Asfalto","No existe","I","Dentro","Urbana","Semáforo","Funciona","Intersección","Bueno","Buena","Atardecer","Buen Tiempo","Lateral","S/D","Colisión","S/D","Vertical","Cordón divisorio","Sin restricción"
2014,9854,10/11/2014,"Lunes",0,13:00:00,,"0.0",2,"Pickup/Utilitario,Automóvil","Lavaisse Y Av Gral Paz",2,1,0,0,1,0,0,,"Avenida",,"SANTA FE","La Capital","Asfalto","No existe","I","S/D","Urbana","Semáforo","Funciona","Intersección","Bueno","Buena","Diurna","Otro","S/D","S/D","Colisión","S/D","S/D","Ninguna","Sin restricción"
2014,9855,14/11/2014,"Viernes",0,12:20:00,,"0.0",2,"Automóvil,Automóvil","Las Heras Y Balcarce",3,1,0,0,2,0,0,,"Calle",,"SANTA FE","La Capital","S/D","S/D","I","S/D","Urbana","S/D","S/D","Intersección","S/D","S/D","Diurna","S/D","S/D","S/D","Colisión","S/D","S/D","S/D","S/D"
2014,9856,21/11/2014,"Viernes",0,02:00:00,,"0.0",2,"Pickup/Utilitario,Moto/Ciclomotor","3 de Febrero Y San Jose",2,1,0,0,0,0,1,,"Calle",,"SANTA FE","La Capital","Asfalto","S/D","I","S/D","Urbana","S/D","S/D","Intersección","Bueno","S/D","Nocturna","S/D","S/D","S/D","Colisión","S/D","S/D","S/D","S/D"
2014,9857,08/11/2014,"Sabado",0,11:00:00,,"0.0",2,"Moto/Ciclomotor,Pickup/Utilitario","Av A del Valle Y Espora",3,2,0,0,1,0,0,,"Avenida",,"SANTA FE","La Capital","Hormigón","No existe","I","Dentro","Urbana","Ninguna","No existe","Intersección","Bueno","Buena","Diurna","Buen Tiempo","Lateral","S/D","Colisión","Ninguna","Faltante","Ninguna","Sin restricción"
2014,9858,13/11/2014,"Jueves",0,20:15:00,,"0.0",2,"Automóvil,Automóvil","Bv Pellegrini Y Saavedra",2,1,0,0,1,0,0,,"Avenida",,"SANTA FE","La Capital","S/D","S/D","I","S/D","Urbana","S/D","S/D","S/D","S/D","S/D","Nocturna","S/D","S/D","S/D","S/D","S/D","S/D","S/D","S/D"
2014,9859,11/11/2014,"Martes",0,,,"0.0",2,"Bicicleta,Automóvil","Avenida Ejercito Argentino Y Buenos Aires",2,1,0,0,1,0,0,"-31.672444444444,-60.770916666667","Avenida",,"SANTO TOMÉ","La Capital","Asfalto","Pavimento","I","Dentro","Urbana","Semáforo","Funciona","Intersección","Bueno","Buena","Diurna","Buen Tiempo","S/D","S/D","Atropello","Ninguna","Vertical","Ninguna","Sin restricción"
2014,9860,24/11/2014,"Lunes",0,21:45:00,,"0.0",2,"Automóvil,Moto/Ciclomotor"," ",2,1,0,0,1,0,0,,"Calle",,"SAN JOSÉ DEL RINCÓN","La Capital","Tierra","No existe","I","S/D","S/D","S/D","No existe","Intersección","Bueno","Buena","Atardecer","Lluvia","S/D","S/D","Colisión","S/D","S/D","S/D","Sin restricción"
2014,9861,15/11/2014,"Sabado",0,20:15:00,,"0.0",2,"Moto/Ciclomotor,Pickup/Utilitario","Bv Pellegrini 3500",2,1,0,0,1,0,0,,"Avenida",,"SANTA FE","La Capital","S/D","S/D","I","S/D","Urbana","S/D","S/D","S/D","S/D","S/D","Nocturna","S/D","S/D","S/D","S/D","S/D","S/D","S/D","S/D"
2014,9862,09/11/2014,"Domingo",0,12:10:00,,"0.0",2,"Automóvil,Moto/Ciclomotor","Av Gral Paz Y Martin Zapata",2,1,0,0,1,0,0,,"Avenida",,"SANTA FE","La Capital","Asfalto","No existe","I","Dentro","Urbana","Semáforo","Funciona","Intersección","Bueno","S/D","Diurna","Buen Tiempo","Frontal","S/D","Colisión","S/D","S/D","Cordón divisorio","S/D"
2014,9863,19/12/2014,"Viernes",0,13:35:00,,"0.0",3,"Automóvil,Automóvil,Transporte de Pasajeros Urbano (> 8 asientos)","Mendoza Y Lavalle",3,0,0,0,2,1,0,"-32.944444444444,-60.679083333333","Calle",,"ROSARIO","Rosario","Asfalto","No existe","II","Dentro","Urbana","Ninguna","Funciona","Intersección","Bueno","Buena","Diurna","Buen Tiempo","Lateral,Múltiple","S/D","Colisión","Ninguna","Faltante","Ninguna","Sin restricción"
2014,9864,13/11/2014,"Jueves",0,17:00:00,,"0.0",2,"Moto/Ciclomotor,Automóvil","Av Leandro Alem Y Las Heras",2,1,0,0,1,0,0,,"Avenida",,"SANTA FE","La Capital","Hormigón","No existe","I","S/D","Urbana","S/D","Funciona","Intersección","Bueno","Buena","Diurna","Buen Tiempo","Lateral","S/D","Colisión","S/D","Horizontal,Vertical","Barrera de hormigón,Cordón divisorio","S/D"
2014,9865,30/11/2014,"Domingo",0,00:20:00,,"0.0",2,"Automóvil,Moto/Ciclomotor","Avenida Nuestra Señora del Luj Y Grl Brig Estanislao Lopez",2,1,0,0,1,0,0,,"Avenida",,"SANTO TOMÉ","La Capital","Asfalto","No existe","I","Dentro","Urbana","Semáforo","Intermitente","Intersección","Bueno","Reducida","Nocturna","Lluvia","Lateral","S/D","Colisión","Agua","Vertical","Ninguna","Sin restricción"
2014,9866,07/11/2014,"Viernes",0,21:00:00,,"0.0",2,"Bicicleta,Automóvil","4 de Enero Y La Rioja",2,1,0,0,1,0,0,"-31.644416666667,-60.711333333333","Calle",,"SANTA FE","La Capital","Asfalto","No existe","I","S/D","Urbana","Ninguna","No existe","Intersección","Bueno","Buena","Nocturna","Buen Tiempo","S/D","S/D","Atropello","S/D","Vertical","Ninguna","Sin restricción"
2014,9867,10/11/2014,"Lunes",0,15:00:00,,"0.0",2,"Moto/Ciclomotor,Automóvil","Av A del Valle Y Diagonal Aguirre",2,1,0,0,1,0,0,,"Avenida",,"SANTA FE","La Capital","Hormigón","No existe","I","Dentro","Urbana","Semáforo","Funciona","Intersección","Bueno","Buena","Diurna","Buen Tiempo","Lateral","S/D","Colisión","Ninguna","Vertical","Ninguna","Sin restricción"
2014,9868,17/11/2014,"Lunes",0,11:00:00,,"0.0",2,"Moto/Ciclomotor,Automóvil","Av Freyre Y Junin",2,1,0,0,1,0,0,,"Avenida",,"SANTA FE","La Capital","S/D","S/D","I","S/D","Urbana","S/D","S/D","S/D","S/D","S/D","Diurna","S/D","S/D","S/D","S/D","S/D","S/D","S/D","S/D"
2014,9869,16/11/2014,"Domingo",0,,,"0.0",2,"Automóvil,Moto/Ciclomotor","Av Gral Paz Y Salvador del Carril",4,3,0,0,1,0,0,,"Calle",,"SANTA FE","La Capital","Asfalto","No existe","I","Dentro","Urbana","Semáforo","Funciona","Intersección","Bueno","Buena","Nocturna","Buen Tiempo","Frontal","S/D","Colisión","S/D","S/D","Cordón divisorio","Sin restricción"
2014,9870,23/11/2014,"Domingo",0,,"Ruta Nacional 19","1.5",1,"Camión"," ",2,2,0,0,0,0,0,,"Ruta",19,"SANTO TOMÉ","La Capital","Asfalto","Pavimento","I","Dentro","Urbana","Ninguna","No existe","Recta","Bueno","S/D","S/D","Buen Tiempo","Lateral","S/D","Colisión","Ninguna","Faltante","Ninguna","Sin restricción"
2014,9871,10/11/2014,"Lunes",0,14:15:00,,"0.0",2,"Automóvil,Moto/Ciclomotor","Rivadavia Y Angel Cassanello",3,2,0,0,1,0,0,,"Calle",,"SANTA FE","La Capital","Asfalto","S/D","I","Dentro","Urbana","Ninguna","S/D","Intersección","Bueno","S/D","Diurna","Buen Tiempo","S/D","S/D","Colisión","S/D","S/D","Cordón divisorio","Sin restricción"
2014,9872,19/11/2014,"Miercoles",0,23:50:00,,"0.0",2,"Moto/Ciclomotor,Pickup/Utilitario","Av Freyre 3200",2,1,0,0,1,0,0,,"Calle",,"SANTA FE","La Capital","S/D","S/D","I","S/D","Urbana","S/D","S/D","S/D","S/D","S/D","Nocturna","S/D","S/D","S/D","S/D","S/D","S/D","S/D","S/D"
2014,9873,20/11/2014,"Jueves",0,20:50:00,,"0.0",2,"Pickup/Utilitario,Moto/Ciclomotor","Av Gral Lopez Y Saavedra",3,2,0,0,1,0,0,,"Avenida",,"SANTA FE","La Capital","Asfalto","S/D","I","S/D","Urbana","S/D","No existe","Intersección","Bueno","Buena","Con luz artificial","S/D","S/D","S/D","Colisión","Ninguna","S/D","S/D","S/D"
2014,9874,08/11/2014,"Sabado",0,20:40:00,,"0.0",2,"Moto/Ciclomotor,Automóvil","Sarmiento Y J P Lopez",2,1,0,0,1,0,0,,"Calle",,"SANTA FE","La Capital","Asfalto","No existe","I","Dentro","Urbana","Ninguna","No existe","Intersección","Bueno","Buena","Nocturna","Buen Tiempo","Lateral","S/D","Colisión","S/D","S/D","Ninguna","Sin restricción"
2014,9875,03/11/2014,"Lunes",0,09:50:00,,"0.0",2,"Automóvil,Automóvil","Domingo Silva Y Las Heras",2,1,0,0,1,0,0,,"Calle",,"SANTA FE","La Capital","Asfalto","No existe","I","S/D","Urbana","Ninguna","No existe","Intersección","Bueno","S/D","Diurna","Buen Tiempo","S/D","S/D","Colisión","Ninguna","S/D","Ninguna","Sin restricción"