"anio_acci","nro_acci","fecha","desc_dia","fecha_aprox","hora_aprox","desc_ruta","km","cant_participantes","desc_participante","calle_avenida_km","total","heridos_leves","heridos_graves","heridos_gravisimos","ilesos","fallecidos","sin_datos","posicion_XY","desc_tipo_via","desc_ruta_ori","desc_loc","desc_dpto","desc_tipo_calzada","desc_tipo_banquina","desc_unidad_regional","desc_lugar_calzada","desc_zona","desc_prioridad","desc_estado_semaforo","desc_lugar_via","desc_estado_via","desc_estado_visibilidad","desc_luminosidad","desc_estado_clima","desc_tipo_colision","desc_tipo_atropello","desc_tipo_hecho","desc_pres_calzada","desc_senializacion","desc_separacion_via","desc_restriccion"
2014,9876,09/11/2014,"Domingo",0,11:00:00,,"0.0",2,"Automóvil,Automóvil","Alberdi Y J Castelli",3,2,0,0,1,0,0,,"Calle",,"SANTA FE","La Capital","Asfalto","No existe","I","Dentro","Urbana","S/D","No existe","Intersección","Bueno","S/D","Diurna","S/D","Lateral","S/D","Colisión","S/D","S/D","Ninguna","Sin restricción"
2014,9877,01/11/2014,"Sabado",0,22:30:00,,"0.0",2,"Moto/Ciclomotor,Automóvil","Alberdi Y Pje Boedo",2,1,0,0,1,0,0,,"S/D",,"SANTA FE","La Capital","Asfalto","No existe","I","S/D","S/D","Ninguna","No existe","Intersección","Bueno","Buena","Nocturna","Buen Tiempo","Frontal","S/D","Colisión","S/D","S/D","Ninguna","Sin restricción"
2014,9878,20/11/2014,"Jueves",0,10:05:00,,"0.0",2,"Moto/Ciclomotor,Moto/Ciclomotor","Av Pte Peron Y Bv Pellegrini",3,2,0,0,1,0,0,,"Avenida",,"SANTA FE","La Capital","S/D","S/D","I","S/D","Urbana","S/D","S/D","S/D","S/D","S/D","Diurna","S/D","S/D","S/D","S/D","S/D","S/D","S/D","S/D"
2014,9879,10/11/2014,"Lunes",0,16:00:00,,"0.0",2,"Moto/Ciclomotor,Automóvil","Av A del Valle Y Fray Mamerto Esquiu",2,1,0,0,1,0,0,,"Avenida",,"SANTA FE","La Capital","Hormigón","No existe","I","Dentro","Urbana","Ninguna","No existe","Intersección","Bueno","Buena","Diurna","Buen Tiempo","Lateral","S/D","Colisión","Ninguna","Faltante","Ninguna","Sin restricción"
2014,9880,02/11/2014,"Domingo",0,19:25:00,,"0.0",1,"Automóvil","PUENTE ",2,1,0,0,1,0,0,,"Calle",,"SANTO TOMÉ","La Capital","Asfalto","No existe","I","Dentro","Urbana","Ninguna","No existe","Puente","Bueno","Buena","Nocturna","Lluvia","S/D","S/D","Vuelco","Agua","Faltante","Ninguna","Sin restricción"
2014,9881,16/11/2014,"Domingo",0,14:00:00,,"0.0",2,"Moto/Ciclomotor,Moto/Ciclomotor","Jose De San Martin Y Cordoba",2,2,0,0,0,0,0,,"Calle",,"SANTO TOMÉ","La Capital","Asfalto","No existe","I","Dentro","Urbana","Ninguna","No existe","Intersección","Bueno","Buena","Diurna","Buen Tiempo","Frontal","S/D","Colisión","Ninguna","S/D","Ninguna","Sin restricción"
2014,9882,20/11/2014,"Jueves",0,12:30:00,,"0.0",2,"Moto/Ciclomotor,Automóvil","Av Freyre Y Juan de Garay",2,1,0,0,1,0,0,,"Calle",,"SANTA FE","La Capital","Asfalto","S/D","I","S/D","Urbana","S/D","S/D","Intersección","S/D","S/D","Diurna","S/D","S/D","S/D","Colisión","S/D","S/D","S/D","S/D"
2014,9883,11/11/2014,"Martes",0,19:30:00,,"0.0",2,"Vehículo Oficial,Automóvil","Vera Y Dr Zavalla",3,2,0,0,1,0,0,,"Calle",,"SANTA FE","La Capital","S/D","S/D","I","S/D","Urbana","S/D","S/D","S/D","S/D","S/D","Diurna","S/D","S/D","S/D","S/D","S/D","S/D","S/D","S/D"
2014,9884,19/12/2014,"Viernes",0,18:00:00,"Ruta Nacional 11","828.0",2,"Moto/Ciclomotor,Camión"," ",2,1,0,0,0,1,0,"-28.834521, -59.495119","Ruta",11,"LAS GARZAS","General Obligado","Asfalto","Natural","IX","Dentro","Urbana","Ninguna","No existe","Cruce","Bueno","Buena","Diurna","Buen Tiempo","Lateral","S/D","Colisión","Ninguna","S/D","Línea divisoria pintada","Sin restricción"
2014,9885,15/11/2014,"Sabado",0,,,"0.0",2,"Automóvil,Moto/Ciclomotor","San Luis Y Avenida Nuestra Señora del Luj",2,1,0,0,1,0,0,,"Avenida",,"SANTO TOMÉ","La Capital","Asfalto","No existe","I","Dentro","Urbana","S/D","Funciona","Intersección","Bueno","Buena","Diurna","Buen Tiempo","Lateral","S/D","Colisión","S/D","S/D","Cordón divisorio","Sin restricción"
2014,9886,08/11/2014,"Sabado",0,21:30:00,,"0.0",2,"Moto/Ciclomotor,Pickup/Utilitario","Guemes Y Agustin Delgado",3,1,0,0,2,0,0,,"Calle",,"SANTA FE","La Capital","Asfalto","No existe","I","Dentro","Urbana","Ninguna","No existe","Intersección","Con baches","Buena","Nocturna","S/D","S/D","S/D","Colisión","S/D","S/D","S/D","Sin restricción"
2014,9887,05/11/2014,"Miercoles",0,19:30:00,,"0.0",2,"Bicicleta,Automóvil","Candido Pujato Y Lavaisse",2,1,0,0,1,0,0,"-31.615305555556,-60.684555555556","Calle",,"SANTA FE","La Capital","Asfalto","S/D","I","S/D","Urbana","S/D","S/D","Intersección","Bueno","Buena","Diurna","Buen Tiempo","S/D","S/D","Atropello","S/D","S/D","S/D","Sin restricción"
2014,9888,29/11/2014,"Sabado",0,22:10:00,"Ruta Provincial 2","14.5",2,"Automóvil,Bicicleta"," ",2,0,0,1,1,0,0," -31.431188011169, -60.674014091492","Ruta",2,"MONTE VERA","La Capital","Hormigón","Natural","I","Dentro","Rural","Ninguna","No existe","Recta","Resbaladiza","Buena","Nocturna,Con luz artificial","Lluvia","S/D","S/D","Atropello","Agua","S/D","Ninguna","Sin restricción"
2014,9889,23/11/2014,"Domingo",0,19:10:00,,"0.0",1,"Moto/Ciclomotor","Garay 700",1,1,0,0,0,0,0,,"Calle",,"NELSON","La Capital","Ripio","No existe","I","Dentro","Urbana","Ninguna","No existe","Recta","Bueno","S/D","Atardecer","Buen Tiempo","S/D","S/D","Caída ocupante","S/D","S/D","Ninguna","Sin restricción"
2014,9890,29/11/2014,"Sabado",0,22:10:00,,"0.0",2,"Peatón,Automóvil","AV LOS QUINTEROS 2500",2,1,0,0,1,0,0,,"Avenida",,"ANGEL GALLARDO","La Capital","Hormigón","Natural","I","Dentro","Rural","Ninguna","No existe","Recta","Bueno","Buena","Nocturna,Con luz artificial","Lluvia","S/D","S/D","Atropello","Agua","S/D","Ninguna","Sin restricción"
2014,9891,24/11/2014,"Lunes",0,14:00:00,,"0.0",2,"Automóvil,Moto/Ciclomotor","Busaniche Y Jose de San Martin",2,1,0,0,1,0,0,,"Calle",,"SAN JOSÉ DEL RINCÓN","La Capital","Asfalto","No existe","I","Dentro","Urbana","S/D","No existe","Intersección","Bueno","Buena","Diurna","Lluvia","Lateral","S/D","Colisión","Agua","S/D","S/D","Sin restricción"
2014,9892,30/11/2014,"Domingo",1,,,"0.0",2,"Peatón,Automóvil","Bv Pellegrini Y Av Pte Peron",2,1,0,0,1,0,0,"-31.632388888889,-60.717388888889","Avenida",,"SANTA FE","La Capital","S/D","S/D","I","S/D","Urbana","S/D","S/D","S/D","S/D","S/D","S/D","S/D","S/D","S/D","Atropello","S/D","S/D","S/D","S/D"
2014,9893,14/11/2014,"Viernes",0,21:50:00,,"0.0",2,"Moto/Ciclomotor,Pickup/Utilitario","Sarmiento 545",2,1,0,0,1,0,0,,"Calle",,"NELSON","La Capital","Ripio","No existe","I","Dentro","Urbana","Ninguna","No existe","Recta","Bueno","Buena","Nocturna","Buen Tiempo","Lateral","S/D","Colisión","Otro","Faltante","Ninguna","Sin restricción"
2014,9894,11/11/2014,"Martes",0,12:25:00,,"0.0",2,"Moto/Ciclomotor,Camión"," ",2,1,0,0,1,0,0,,"Camino Rural",,"MONTE VERA","La Capital","Tierra","No existe","I","Dentro","Rural","Ninguna","No existe","Intersección","Bueno","Buena","Diurna","Buen Tiempo","Lateral","S/D","Colisión","Ninguna","S/D","Ninguna","Sin restricción"
2014,9895,23/11/2014,"Domingo",0,02:30:00,"Ruta Nacional 11","0.0",2,"Automóvil,Automóvil","Ruta 11 Avenida Richieri Y 13 de diciembre",2,1,0,0,1,0,0,,"Ruta",11,"SANTO TOMÉ","La Capital","Asfalto","Natural","I","Dentro","Urbana","Ninguna","Intermitente","Intersección","Bueno","Buena","Nocturna","Buen Tiempo","Frontal","S/D","Colisión","S/D","Horizontal","Ninguna","Sin restricción"
2014,9896,10/11/2014,"Lunes",0,09:10:00,,"0.0",2,"Automóvil,Moto/Ciclomotor","Ruta pcial 2 Av San Martin 6100",3,2,0,0,1,0,0,,"Avenida",,"MONTE VERA","La Capital","Hormigón","S/D","I","Dentro","Urbana","Ninguna","S/D","Recta","Bueno","Buena","Diurna","Buen Tiempo","De alcance","S/D","Colisión","Ninguna","S/D","Ninguna","Sin restricción"
2014,9897,03/11/2014,"Lunes",0,16:50:00,,"0.0",2,"Moto/Ciclomotor,Automóvil","Francia Y Mariano Comas",2,1,0,0,1,0,0,,"Calle",,"SANTA FE","La Capital","S/D","S/D","I","S/D","Urbana","S/D","S/D","S/D","S/D","S/D","Diurna","S/D","S/D","S/D","S/D","S/D","S/D","S/D","S/D"
2014,9898,16/11/2014,"Domingo",0,23:30:00,,"0.0",2,"Taxi/Remis,Moto/Ciclomotor"," Frenguelli Y 1 de mayo",2,1,0,0,1,0,0,,"Calle",,"SANTO TOMÉ","La Capital","Ripio","No existe","I","Dentro","Urbana","Ninguna","No existe","Intersección","Bueno","Buena","Nocturna","Buen Tiempo","De alcance","S/D","Colisión","S/D","Faltante","Ninguna","Sin restricción"
2014,9899,10/11/2014,"Lunes",0,03:00:00,"Ruta Provincial 6","79.0",2,"Automóvil,Automóvil"," ",2,1,0,0,1,0,0,,"Ruta",6,"NELSON","La Capital","Asfalto","Natural","I","Dentro","Rural","Ninguna","No existe","Recta","Bueno","Buena","Nocturna","Buen Tiempo","Lateral","S/D","Colisión","Otro","Faltante","Línea divisoria pintada","Sin restricción"
2014,9900,01/11/2014,"Sabado",0,19:50:00,"Ruta Provincial 2","17.7",1,"Automóvil"," ",2,0,1,0,1,0,0,,"Ruta",2,"MONTE VERA","La Capital","Ripio","No existe","I","Fuera","S/D","Ninguna","No existe","Recta","Bueno","Buena","Atardecer","Buen Tiempo","S/D","S/D","Vuelco","S/D","S/D","Ninguna","Sin restricción"
2014,9901,15/11/2014,"Sabado",0,09:00:00,,"0.0",2,"Automóvil,Moto/Ciclomotor","Jose De San Martin Y 25 de mayo",2,1,0,0,1,0,0,,"Calle",,"SANTO TOMÉ","La Capital","Asfalto","No existe","I","Dentro","Urbana","S/D","Funciona","Recta","Bueno","Buena","Diurna","Buen Tiempo","Lateral","S/D","Colisión","S/D","S/D","Cordón divisorio","Sin restricción"
2014,9902,21/11/2014,"Viernes",0,10:30:00,,"0.0",2,"Camión,Moto/Ciclomotor","Av Facundo Zuviria Y Reg 12 de Infanteria",3,2,0,0,1,0,0,,"Avenida",,"SANTA FE","La Capital","Asfalto","Pavimento","I","Dentro","Urbana","S/D","No existe","Intersección","Bueno","Buena","Nocturna,Con luz artificial","Buen Tiempo","Lateral","S/D","Colisión","S/D","S/D","S/D","S/D"
2014,9903,04/11/2014,"Martes",0,15:20:00,,"0.0",2,"Moto/Ciclomotor,Automóvil","Francia Y Hipolito Yrigoyen",2,1,0,0,1,0,0,,"Calle",,"SANTA FE","La Capital","S/D","S/D","I","S/D","Urbana","S/D","S/D","S/D","S/D","S/D","Diurna","S/D","S/D","S/D","S/D","S/D","S/D","S/D","S/D"
2014,9904,05/11/2014,"Miercoles",0,00:30:00,,"0.0",2,"Automóvil,Moto/Ciclomotor","Chaco Y Dr E Puccio",2,1,0,0,1,0,0,,"Calle",,"MONTE VERA","La Capital","Ripio","No existe","I","Dentro","Urbana","Ninguna","No existe","Intersección","Bueno","Buena","Nocturna,Con luz artificial","Buen Tiempo","Lateral","S/D","Colisión","Ninguna","S/D","Ninguna","Sin restricción"
2014,9905,12/11/2014,"Miercoles",0,16:20:00,,"0.0",2,"Moto/Ciclomotor,Automóvil","Libertad Y Nicolas Avellaneda",3,1,1,0,1,0,0,,"Calle",,"SANTO TOMÉ","La Capital","Asfalto","No existe","I","Dentro","Urbana","S/D","No existe","Intersección","Bueno","Buena","Atardecer","Buen Tiempo","Lateral","S/D","Colisión","S/D","S/D","Cordón divisorio","Sin restricción"
2014,9906,07/11/2014,"Viernes",0,11:00:00,"Ruta Nacional 11","0.0",2,"Transporte de Pasajeros Urbano (> 8 asientos),Bicicleta","Ruta 11 Avenida Richieri Y Primera Junta",2,0,1,0,1,0,0,"-31.684416666667,-60.789333333333","Ruta",11,"SANTO TOMÉ","La Capital","Asfalto","Natural","I","Dentro","Urbana","Ninguna","No existe","Curva","Bueno","Buena","Diurna","Buen Tiempo","S/D","S/D","Atropello","S/D","S/D","Ninguna","Sin restricción"
2014,9907,08/11/2014,"Sabado",0,07:15:00,,"0.0",2,"Moto/Ciclomotor,Moto/Ciclomotor","Rio Negro Y Angel Gallardo",2,2,0,0,0,0,0,,"Calle",,"MONTE VERA","La Capital","Ripio","S/D","I","Dentro","Urbana","Ninguna","S/D","Intersección","Bueno","Buena","Amanecer","Buen Tiempo","Lateral","S/D","Colisión","Ninguna","S/D","Ninguna","Sin restricción"
2014,9908,19/11/2014,"Miercoles",0,12:30:00,,"0.0",2,"Moto/Ciclomotor,Automóvil","Francia Y Monseñor Zaspe",2,0,0,0,0,0,2,,"Calle",,"SANTA FE","La Capital","Asfalto","S/D","I","S/D","Urbana","S/D","S/D","Intersección","S/D","S/D","Diurna","S/D","S/D","S/D","Colisión","S/D","S/D","S/D","S/D"
2014,9909,18/11/2014,"Martes",0,08:30:00,,"0.0",2,"Moto/Ciclomotor,Moto/Ciclomotor","Risso Y Av Facundo Zuviria",2,2,0,0,0,0,0,,"Avenida",,"SANTA FE","La Capital","Asfalto","Pavimento","I","Dentro","Urbana","S/D","No existe","Intersección","Bueno","Buena","Diurna","Buen Tiempo","Lateral","S/D","Colisión","S/D","S/D","S/D","S/D"
2014,9910,04/11/2014,"Martes",0,18:00:00,,"0.0",2,"Automóvil,Moto/Ciclomotor","Belgrano Y Av Galicia",2,1,0,0,1,0,0,,"Avenida",,"SANTA FE","La Capital","S/D","S/D","I","S/D","Urbana","S/D","S/D","Intersección","S/D","S/D","Diurna","S/D","Lateral","S/D","Colisión","S/D","S/D","S/D","S/D"
2014,9911,18/11/2014,"Martes",0,06:30:00,,"0.0",2,"Moto/Ciclomotor,Automóvil","Pedro Alejandro Vittori Y Salvador del Carril",2,1,0,0,1,0,0,,"Calle",,"SANTA FE","La Capital","Hormigón","No existe","I","Dentro","Urbana","Semáforo","Funciona","Intersección","Bueno","Buena","Diurna","Buen Tiempo","Lateral","S/D","Colisión","Ninguna","Vertical","Ninguna","Sin restricción"
2014,9912,09/11/2014,"Domingo",0,21:30:00,,"0.0",2,"Automóvil,Moto/Ciclomotor","7 de marzo Y Azcuenaga",3,2,0,0,1,0,0,,"Calle",,"SANTO TOMÉ","La Capital","Asfalto","No existe","I","Dentro","Urbana","S/D","No existe","Curva","Bueno","Buena","Nocturna,Con luz artificial","Buen Tiempo","Lateral","S/D","Colisión","S/D","S/D","Cordón divisorio","Sin restricción"
2014,9913,20/11/2014,"Jueves",0,19:10:00,,"0.0",2,"Moto/Ciclomotor,Automóvil","Av Blas Parera Y De La Salle",2,1,0,0,1,0,0,,"Avenida",,"SANTA FE","La Capital","Asfalto","Natural","I","S/D","S/D","Ninguna","Funciona","Intersección","Bueno","Buena","Diurna","Buen Tiempo","Lateral","S/D","Colisión","S/D","Horizontal","S/D","Sin restricción"
2014,9914,11/11/2014,"Martes",0,13:20:00,,"0.0",2,"Moto/Ciclomotor,Pickup/Utilitario","Av Gral Paz Y Espora",2,1,0,0,1,0,0,,"Avenida",,"SANTA FE","La Capital","Asfalto","No existe","I","S/D","Urbana","S/D","S/D","Intersección","Bueno","S/D","Diurna","S/D","Lateral","S/D","Colisión","S/D","S/D","S/D","S/D"
2014,9915,20/11/2014,"Jueves",0,11:30:00,,"0.0",2,"Automóvil,Moto/Ciclomotor","Av A del Valle Y Javier de la Rosa",2,1,0,0,1,0,0,,"Avenida",,"SANTA FE","La Capital","Asfalto","Pavimento","I","Dentro","Urbana","S/D","Funciona","Intersección","S/D","Buena","Diurna","Buen Tiempo","Lateral","S/D","Colisión","S/D","Vertical","S/D","S/D"
2014,9916,18/11/2014,"Martes",0,22:00:00,,"0.0",2,"Moto/Ciclomotor,Automóvil","San Lorenzo Y Av Gral Lopez",3,0,0,0,0,0,3,,"Avenida",,"SANTA FE","La Capital","Asfalto","S/D","I","S/D","Urbana","S/D","S/D","Intersección","S/D","S/D","Nocturna","S/D","S/D","S/D","Colisión","S/D","S/D","S/D","S/D"
2014,9917,12/11/2014,"Miercoles",0,19:30:00,,"0.0",2,"Automóvil,Bicicleta","Av Facundo Zuviria Y Matheu",2,1,0,0,1,0,0,"-31.591833333333,-60.698694444444","Avenida",,"SANTA FE","La Capital","Asfalto","Pavimento","I","Dentro","Urbana","S/D","No existe","Recta","Bueno","Buena","Atardecer,Con luz artificial","Buen Tiempo","S/D","S/D","Atropello","S/D","Faltante","S/D","S/D"
2014,9918,04/11/2014,"Martes",0,22:00:00,,"0.0",2,"Moto/Ciclomotor,Automóvil","Javier de la Rosa Y Las Heras",2,1,0,0,1,0,0,,"Calle",,"SANTA FE","La Capital","S/D","No existe","I","S/D","Urbana","S/D","S/D","Intersección","S/D","S/D","Nocturna","S/D","Lateral","S/D","Colisión","S/D","S/D","S/D","S/D"
2014,9919,17/11/2014,"Lunes",0,20:30:00,,"0.0",2,"Automóvil,Moto/Ciclomotor","Corrientes Y Av Santa Fe",3,2,0,0,0,0,1,,"Calle",,"SANTA FE","La Capital","Asfalto","S/D","I","S/D","Urbana","S/D","S/D","Intersección","S/D","S/D","Nocturna","S/D","S/D","S/D","Colisión","S/D","S/D","S/D","S/D"
2014,9920,14/11/2014,"Viernes",0,12:05:00,,"0.0",2,"Camión,Moto/Ciclomotor","Av Blas Parera Y Teniente Loza",2,1,0,0,1,0,0,,"Avenida",,"SANTA FE","La Capital","Asfalto","No existe","I","Dentro","Urbana","Semáforo","Funciona","Recta","Bueno","Buena","Diurna","Buen Tiempo","De alcance","S/D","Colisión","S/D","Horizontal","Ninguna","Sin restricción"
2014,9921,04/12/2014,"Jueves",0,20:10:00,,"0.0",2,"Automóvil,Moto/Ciclomotor","Pavon Y Rivadavia",2,1,0,0,1,0,0,,"Calle",,"SANTA FE","La Capital","S/D","S/D","I","S/D","Urbana","S/D","S/D","Intersección","S/D","S/D","Nocturna","S/D","Lateral","S/D","Colisión","S/D","S/D","S/D","S/D"
2014,9922,19/11/2014,"Miercoles",0,12:50:00,,"0.0",2,"Moto/Ciclomotor,Automóvil","9 de Julio Y Vieytes",2,1,0,0,1,0,0,,"Calle",,"SANTA FE","La Capital","Asfalto","No existe","I","Dentro","Urbana","Ninguna","No existe","Intersección","Con baches","Buena","Diurna","Lluvia","Lateral","S/D","Colisión","Ninguna","Faltante","Ninguna","Sin restricción"
2014,9923,14/11/2014,"Viernes",0,09:25:00,,"0.0",2,"Bicicleta,Moto/Ciclomotor","Av Blas Parera Y Roldan",2,1,0,0,1,0,0,"-31.617973, -60.718312","Avenida",,"SANTA FE","La Capital","Asfalto","Natural","I","S/D","S/D","Ninguna","No existe","Recta","Bueno","Buena","Diurna","Buen Tiempo","S/D","S/D","Atropello","S/D","Horizontal","Línea divisoria pintada","Sin restricción"
2014,9924,08/11/2014,"Sabado",0,17:20:00,"Autopista Provincial Brigadier E.López","148.0",2,"Pickup/Utilitario,Moto/Ciclomotor"," ",2,1,0,0,1,0,0,,"Autopista","Brigadier E.López","SANTO TOMÉ","La Capital","Asfalto","Natural","I","Dentro","Urbana","Ninguna","No existe","Recta","Bueno","Buena","Diurna","Buen Tiempo","Lateral","S/D","Colisión","Ninguna","Faltante","Ninguna","Sin restricción"
2014,9925,07/11/2014,"Viernes",0,10:30:00,,"0.0",2,"Automóvil,Peatón","Guemes 7200",3,2,0,0,1,0,0,"-31.604861111111,-60.679194444444","Calle",,"SANTA FE","La Capital","Asfalto","S/D","I","Dentro","Urbana","S/D","S/D","Recta","Bueno","Buena","Diurna","S/D","S/D","S/D","Colisión","S/D","S/D","S/D","S/D"
2014,9926,13/11/2014,"Jueves",0,09:00:00,,"0.0",2,"Automóvil,Moto/Ciclomotor","Av Almte Brown Y Espora",3,2,0,0,1,0,0,,"Calle",,"SANTA FE","La Capital","S/D","S/D","I","Dentro","Urbana","S/D","S/D","Intersección","S/D","S/D","Diurna","S/D","Lateral","S/D","Colisión","S/D","S/D","S/D","S/D"
2014,9927,07/11/2014,"Viernes",0,20:00:00,,"0.0",2,"Moto/Ciclomotor,Moto/Ciclomotor","Pavon Y Belgrano",4,4,0,0,0,0,0,,"Calle",,"SANTA FE","La Capital","S/D","S/D","I","Dentro","Urbana","S/D","S/D","Intersección","S/D","S/D","Diurna","S/D","Lateral","S/D","Colisión","S/D","S/D","S/D","S/D"
2014,9928,29/10/2014,"Miercoles",0,08:00:00,,"0.0",2,"Bicicleta,Automóvil","Risso Y Belgrano",2,1,0,0,1,0,0,"-31.601916666667,-60.6885","Calle",,"SANTA FE","La Capital","Asfalto","S/D","I","S/D","Urbana","S/D","S/D","Intersección","Bueno","Buena","Diurna","S/D","S/D","S/D","Atropello","S/D","S/D","S/D","S/D"
2014,9929,11/11/2014,"Martes",0,09:30:00,,"0.0",2,"Automóvil,Automóvil","Risso 2600",2,1,0,0,1,0,0,,"Calle",,"SANTA FE","La Capital","Asfalto","No existe","I","Dentro","Urbana","S/D","No existe","Recta","Deteriorada","Buena","Diurna","Buen Tiempo","Lateral","S/D","Colisión","S/D","Faltante","S/D","S/D"
2014,9930,09/11/2014,"Domingo",0,20:20:00,,"0.0",2,"Peatón,Moto/Ciclomotor","Camino Pcial a Resistencia ",2,2,0,0,0,0,0,,"Camino Rural",,"LAGUNA PAIVA","La Capital","Tierra","No existe","I","S/D","Rural","Ninguna","No existe","Recta","Deteriorada,Ahuellamiento","Reducida polvo","Con luz artificial","Viento Fuerte","S/D","S/D","Atropello","Material Suelto","Faltante","Ninguna","Sin restricción"
2014,9931,17/11/2014,"Lunes",0,21:20:00,,"0.0",2,"Automóvil,Moto/Ciclomotor","Av Freyre Y Monseñor Zaspe",2,1,0,0,1,0,0,,"Avenida",,"SANTA FE","La Capital","Asfalto","S/D","I","S/D","Urbana","S/D","S/D","Intersección","S/D","S/D","Nocturna","S/D","S/D","S/D","Colisión","S/D","S/D","S/D","S/D"
2014,9932,04/11/2014,"Martes",0,17:00:00,,"0.0",2,"Peatón,Automóvil","Av Freyre 2100",2,1,0,0,1,0,0,"-31.64975,-60.719861111111","Avenida",,"SANTA FE","La Capital","S/D","S/D","I","S/D","Urbana","S/D","S/D","S/D","S/D","S/D","S/D","S/D","S/D","S/D","Atropello","S/D","S/D","S/D","S/D"
2014,9933,12/11/2014,"Miercoles",0,13:00:00,,"0.0",2,"Moto/Ciclomotor,Automóvil","Moreno Y Pje Alvear",4,2,0,0,2,0,0,,"Calle",,"LAGUNA PAIVA","La Capital","Tierra,Ripio","No existe","I","Dentro","Urbana","Ninguna","No existe","Intersección","Con baches,Deteriorada","Buena","Diurna","Buen Tiempo","De alcance","S/D","Colisión","Material Suelto","Faltante","Ninguna","Sin restricción"
2014,9934,11/11/2014,"Martes",0,11:00:00,,"0.0",2,"Automóvil,Moto/Ciclomotor","Av A del Valle Y Gorriti",2,1,0,0,1,0,0,,"Calle",,"SANTA FE","La Capital","Asfalto","Pavimento","I","Dentro","Urbana","S/D","Funciona","Intersección","Bueno","Buena","Diurna","Buen Tiempo","Lateral","S/D","Colisión","S/D","Vertical","S/D","S/D"
2014,9935,14/11/2014,"Viernes",0,16:30:00,,"0.0",2,"Automóvil,Moto/Ciclomotor","Av Cordoba Y H Irigoyen",3,0,1,0,2,0,0,,"Avenida",,"LAGUNA PAIVA","La Capital","Ripio","Natural","I","Dentro","Urbana","Ninguna","No existe","Intersección","Deteriorada","Buena","Diurna","Buen Tiempo","Lateral","S/D","Colisión","S/D","Faltante","S/D","Sin restricción"
2014,9936,12/11/2014,"Miercoles",0,08:00:00,,"0.0",2,"Automóvil,Moto/Ciclomotor"," ",2,1,0,0,1,0,0,,"Avenida",,"SANTO TOMÉ","La Capital","Asfalto","No existe","I","Dentro","Urbana","S/D","Funciona","Intersección","Bueno","Buena","Diurna","Buen Tiempo","Lateral","S/D","Colisión","S/D","S/D","Cordón divisorio","Sin restricción"
2014,9937,21/11/2014,"Viernes",0,23:30:00,,"0.0",2,"Moto/Ciclomotor,Automóvil","Lamadrid Y Tucuman",3,2,0,0,1,0,0,,"Calle",,"SANTA FE","La Capital","S/D","S/D","I","Dentro","Urbana","S/D","S/D","S/D","S/D","S/D","S/D","S/D","S/D","S/D","Colisión","S/D","S/D","S/D","S/D"
2014,9938,23/11/2014,"Domingo",0,15:40:00,,"0.0",2,"Moto/Ciclomotor,Automóvil","Av Freyre Y Bv Pellegrini",3,2,0,0,1,0,0,,"Calle",,"SANTA FE","La Capital","S/D","S/D","I","Dentro","Urbana","S/D","S/D","S/D","S/D","S/D","Diurna","S/D","S/D","S/D","Colisión","S/D","S/D","S/D","S/D"
2014,9939,28/11/2014,"Viernes",0,23:00:00,,"0.0",2,"Moto/Ciclomotor,Automóvil","Av Blas Parera Y De La Salle",2,1,0,0,0,0,1,,"Avenida",,"SANTA FE","La Capital","Asfalto","S/D","I","S/D","Urbana","S/D","Intermitente","Recta","Bueno","Reducida","Nocturna,Con luz artificial","Buen Tiempo","De alcance","S/D","Colisión","S/D","S/D","S/D","S/D"
2014,9940,21/11/2014,"Viernes",0,14:40:00,,"0.0",2,"Pickup/Utilitario,Bicicleta","ACCESO A ALTO VERDE ",3,3,0,0,0,0,0,"-31.645826020311,-60.680499951484","Calle",,"ALTO VERDE","La Capital","Asfalto","S/D","I","Dentro","Urbana","Ninguna","No existe","Cruce","Bueno","Buena","Diurna","Buen Tiempo","S/D","S/D","Atropello","S/D","Faltante","Ninguna","S/D"
2014,9941,25/10/2014,"Sabado",0,12:00:00,,"0.0",2,"Automóvil,Bicicleta","Buenos Aires Y Grl Brig Estanislao Lopez",2,1,0,0,1,0,0,"-31.670388888889,-60.770444444444","Calle",,"SANTO TOMÉ","La Capital","Asfalto","No existe","I","Dentro","Urbana","Ninguna","No existe","Intersección","Bueno","Buena","Diurna","Buen Tiempo","S/D","S/D","Atropello","S/D","S/D","Cordón divisorio","Sin restricción"
2014,9942,08/11/2014,"Sabado",0,09:00:00,,"0.0",2,"Peatón,Moto/Ciclomotor","Gorriti 3700",2,1,0,0,1,0,0,"-31.587722222222,-60.704611111111","Avenida",,"SANTA FE","La Capital","Asfalto","Pavimento","I","Dentro","Urbana","S/D","No existe","Recta","Bueno","Buena","Diurna","Buen Tiempo","S/D","S/D","Atropello","S/D","S/D","S/D","S/D"
2014,9943,15/11/2014,"Sabado",0,20:30:00,,"0.0",2,"Automóvil,Moto/Ciclomotor","Frutos Y General Manuel Belgrano",2,1,0,0,1,0,0,,"Calle",,"SANTO TOMÉ","La Capital","Asfalto","S/D","I","Dentro","Urbana","S/D","S/D","Intersección","S/D","Buena","Nocturna","Buen Tiempo","Lateral","S/D","Colisión","S/D","S/D","S/D","S/D"