"anio_acci","nro_acci","fecha","desc_dia","fecha_aprox","hora_aprox","desc_ruta","km","cant_participantes","desc_participante","calle_avenida_km","total","heridos_leves","heridos_graves","heridos_gravisimos","ilesos","fallecidos","sin_datos","posicion_XY","desc_tipo_via","desc_ruta_ori","desc_loc","desc_dpto","desc_tipo_calzada","desc_tipo_banquina","desc_unidad_regional","desc_lugar_calzada","desc_zona","desc_prioridad","desc_estado_semaforo","desc_lugar_via","desc_estado_via","desc_estado_visibilidad","desc_luminosidad","desc_estado_clima","desc_tipo_colision","desc_tipo_atropello","desc_tipo_hecho","desc_pres_calzada","desc_senializacion","desc_separacion_via","desc_restriccion"
2014,9944,08/11/2014,"Sabado",0,14:00:00,,"0.0",2,"Moto/Ciclomotor,Automóvil","French Y San Jose",2,0,0,0,0,0,2,,"Calle",,"SANTA FE","La Capital","Asfalto,Tierra","Natural","I","Dentro","Urbana","S/D","No existe","Intersección","Con baches,Deteriorada","Buena","Diurna","Buen Tiempo","Lateral","S/D","Colisión","S/D","Faltante","S/D","S/D"
2014,9945,21/11/2014,"Viernes",0,10:30:00,,"0.0",2,"Camión,Moto/Ciclomotor","Gorriti Y Av Peñaloza",2,1,0,0,1,0,0,,"Avenida",,"SANTA FE","La Capital","Asfalto","S/D","I","Dentro","Urbana","S/D","Funciona","Intersección","Bueno","S/D","Diurna","Buen Tiempo","Lateral","S/D","Colisión","S/D","S/D","S/D","S/D"
2014,9946,17/11/2014,"Lunes",0,22:45:00,,"0.0",2,"Moto/Ciclomotor,Peatón","Chacabuco Y Buenos Aires",2,2,0,0,0,0,0,,"Calle",,"LAGUNA PAIVA","La Capital","Asfalto","Pavimento","I","S/D","Urbana","Ninguna","No existe","Intersección","Bueno","Buena","Nocturna","Buen Tiempo","S/D","S/D","Atropello","S/D","Faltante","Ninguna","Sin restricción"
2014,9947,17/11/2014,"Lunes",0,07:00:00,"Ruta Provincial 2","999.9",1,"Moto/Ciclomotor","Pastor Barrios ",2,2,0,0,0,0,0,,"Ruta",2,"LAGUNA PAIVA","La Capital","Asfalto","Natural","I","Fuera","Urbana","Ninguna","S/D","Recta","Bueno","Buena","Diurna","Buen Tiempo","Contra objeto fijo","S/D","Caída ocupante","S/D","S/D","Línea divisoria pintada","Sin restricción"
2014,9948,23/06/2014,"Lunes",0,08:30:00,"Autopista Provincial Brigadier E.López","77.0",2,"Camión,Camión"," ",2,1,0,0,1,0,0,,"Autopista","Brigadier E.López","BARRANCAS","San Jerónimo","Hormigón","Natural","XV","Dentro","S/D","S/D","No existe","Recta","S/D","S/D","Diurna","S/D","De alcance","S/D","Colisión","S/D","S/D","S/D","S/D"
2014,9949,23/06/2014,"Lunes",0,19:05:00,"Ruta Nacional A012","8.0",1,"Automóvil"," ",1,0,0,0,0,0,1,,"Ruta","A012","PIÑERO","Rosario","Hormigón","Natural","II","Dentro","S/D","S/D","S/D","S/D","S/D","S/D","Atardecer","S/D","Atropello animal","S/D","Atropello","S/D","S/D","S/D","S/D"
2014,9950,29/06/2014,"Domingo",0,10:00:00,"Ruta Nacional A007","0.0",2,"Automóvil,Camión","A LA ALTURA DEL HIPODROMO ",2,0,0,0,0,0,2,,"Ruta","A007","SANTA FE","La Capital","Hormigón","Natural","I","Dentro","S/D","S/D","S/D","S/D","S/D","S/D","Diurna","S/D","S/D","S/D","Colisión","S/D","S/D","S/D","S/D"
2014,9951,05/11/2014,"Miercoles",0,01:00:00,,"0.0",2,"Moto/Ciclomotor,Taxi/Remis","Av Freyre Y Primera Junta",2,1,0,0,1,0,0,,"Calle",,"SANTA FE","La Capital","S/D","S/D","I","Dentro","Urbana","S/D","S/D","S/D","S/D","S/D","Nocturna","S/D","S/D","S/D","Colisión","S/D","S/D","S/D","S/D"
2014,9952,31/10/2014,"Viernes",0,21:15:00,,"0.0",2,"Bicicleta,Automóvil","Saavedra Y Av Gral Lopez",2,0,0,0,0,0,2,"-31.655472222222,-60.718805555556","Calle",,"SANTA FE","La Capital","Asfalto","S/D","I","S/D","Urbana","S/D","No existe","Intersección","Bueno","Buena","Nocturna,Con luz artificial","S/D","S/D","S/D","Atropello","Ninguna","S/D","Línea divisoria pintada","S/D"
2014,9953,07/11/2014,"Viernes",0,22:30:00,,"0.0",2,"Moto/Ciclomotor,Automóvil","Av Peñaloza Y Estanislao Zeballos",2,1,0,0,1,0,0,,"Avenida",,"SANTA FE","La Capital","Hormigón","Pavimento","I","S/D","Urbana","Ninguna","Intermitente","Intersección","Bueno","Buena","Nocturna,Con luz artificial","Buen Tiempo","Lateral","S/D","Colisión","S/D","Vertical","Cordón divisorio","Sin restricción"
2014,9954,07/11/2014,"Viernes",0,18:00:00,,"0.0",2,"Moto/Ciclomotor,Moto/Ciclomotor","Bme Mitre Y Rivadavia",2,0,1,0,1,0,0,,"Calle",,"GÁLVEZ","San Jerónimo","Asfalto","No existe","XV","Dentro","Urbana","Ninguna","No existe","Intersección","Bueno","Buena","Diurna","Buen Tiempo","Lateral","S/D","Colisión","S/D","Vertical","S/D","Sin restricción"
2014,9955,01/11/2014,"Sabado",0,03:00:00,,"0.0",2,"Moto/Ciclomotor,Taxi/Remis","Av Freyre Y Mendoza",2,1,0,0,1,0,0,,"Calle",,"SANTA FE","La Capital","S/D","S/D","I","Dentro","Urbana","S/D","S/D","S/D","S/D","S/D","S/D","S/D","S/D","S/D","S/D","S/D","S/D","S/D","S/D"
2014,9956,18/11/2014,"Martes",0,23:10:00,,"0.0",2,"Moto/Ciclomotor,Automóvil","Av Peñaloza Y Estanislao Zeballos",2,1,0,0,1,0,0,,"Avenida",,"SANTA FE","La Capital","Hormigón","Pavimento","I","Dentro","Urbana","Ninguna","Intermitente","Intersección","Bueno","Buena","Con luz artificial","Buen Tiempo","Lateral","S/D","Colisión","S/D","Vertical","Cordón divisorio","Sin restricción"
2014,9957,01/11/2014,"Sabado",0,13:30:00,,"0.0",2,"Moto/Ciclomotor,Taxi/Remis","Salta Y San Jose",2,1,0,0,1,0,0,,"Calle",,"SANTA FE","La Capital","S/D","S/D","I","Dentro","Urbana","S/D","S/D","S/D","S/D","S/D","Diurna","S/D","S/D","S/D","S/D","S/D","S/D","S/D","S/D"
2014,9958,10/11/2014,"Lunes",0,19:40:00,,"0.0",2,"Moto/Ciclomotor,Automóvil","Bvard 20 de Junio Y Belgrano",3,1,0,0,2,0,0,,"Avenida",,"GÁLVEZ","San Jerónimo","Asfalto","No existe","XV","S/D","Urbana","Ninguna","No existe","Intersección","Bueno","Reducida","Nocturna","Lluvia","Lateral","S/D","Colisión","S/D","S/D","Ninguna","Sin restricción"
2014,9959,16/11/2014,"Domingo",0,22:50:00,,"0.0",2,"Moto/Ciclomotor,Moto/Ciclomotor","Ignacio Crespo Y French",2,1,0,0,1,0,0,,"Calle",,"SANTA FE","La Capital","Hormigón","Pavimento","I","Dentro","Urbana","Ninguna","No existe","Intersección","Deteriorada","Reducida","Con luz artificial","Buen Tiempo","Lateral","S/D","Colisión","S/D","Faltante","Ninguna","Sin restricción"
2014,9960,28/10/2014,"Martes",0,20:00:00,,"0.0",2,"Moto/Ciclomotor,Automóvil","Monseñor Zaspe Y Dr Zavalla",2,0,0,0,0,0,2,,"Avenida",,"SANTA FE","La Capital","Asfalto","S/D","I","S/D","Urbana","S/D","S/D","Intersección","S/D","S/D","Nocturna","S/D","S/D","S/D","Colisión","S/D","S/D","S/D","S/D"
2014,9961,19/11/2014,"Miercoles",0,18:45:00,,"0.0",1,"Moto/Ciclomotor","Bme Mitre 200",1,0,1,0,0,0,0,,"Calle",,"GÁLVEZ","San Jerónimo","Asfalto","No existe","XV","S/D","Urbana","S/D","No existe","Recta","Bueno","Buena","Diurna","Buen Tiempo","S/D","S/D","Caída ocupante","S/D","S/D","S/D","Sin restricción"
2014,9962,29/11/2014,"Sabado",0,17:05:00,,"0.0",2,"Automóvil,Moto/Ciclomotor","Cervera ",3,2,0,0,1,0,0,,"Calle",,"SANTA FE","La Capital","Tierra","No existe","I","Dentro","Urbana","Ninguna","No existe","Recta","Con baches","Buena","Diurna","Buen Tiempo","De alcance","S/D","Colisión","Material Suelto","Faltante","Ninguna","Sin restricción"
2014,9963,12/10/2014,"Domingo",0,03:45:00,,"0.0",2,"Automóvil,Moto/Ciclomotor","R de Escalada Y Gral Lopez",2,1,0,0,1,0,0,,"Calle",,"RUFINO","General López","Asfalto","S/D","VIII","Dentro","Urbana","S/D","Intermitente","Intersección","S/D","S/D","Nocturna","S/D","S/D","S/D","Colisión","S/D","S/D","S/D","S/D"
2014,9964,19/01/2014,"Domingo",0,14:00:00,,"0.0",3,"Automóvil,Automóvil,Transporte de Pasajeros Larga Distancia (> 8 asientos)","Av A del Valle Y Gutierrez",4,2,0,0,2,0,0,,"Avenida",,"SANTA FE","La Capital","Hormigón","No existe","I","Dentro","Urbana","Semáforo","Funciona","Intersección","Bueno","Buena","Diurna","Buen Tiempo","Múltiple","S/D","Colisión","Ninguna","Vertical","Ninguna","Sin restricción"
2014,9965,07/11/2014,"Viernes",0,14:20:00,,"0.0",2,"Moto/Ciclomotor,Automóvil","Av Blas Parera Y Reg 12 de Infanteria",2,1,0,0,1,0,0,,"Avenida",,"SANTA FE","La Capital","Hormigón","Pavimento","I","Dentro","Urbana","Ninguna","No existe","Intersección","Bueno","Buena","Diurna","Buen Tiempo","Lateral","S/D","Colisión","S/D","Vertical","Cordón divisorio","Sin restricción"
2014,9966,20/11/2014,"Jueves",0,18:00:00,,"0.0",1,"Moto/Ciclomotor","Bme Mitre Y Gro Baigorria",1,1,0,0,0,0,0,,"Calle",,"GÁLVEZ","San Jerónimo","Asfalto","No existe","XIV","Dentro","Urbana","Ninguna","No existe","Intersección","Bueno","Buena","Diurna","Buen Tiempo","S/D","S/D","Caída ocupante","S/D","S/D","Ninguna","Sin restricción"
2014,9967,22/10/2014,"Miercoles",0,18:00:00,,"0.0",2,"Automóvil,Moto/Ciclomotor","Ocampo 1800",2,1,0,0,1,0,0,,"Calle",,"CAÑADA DE GÓMEZ","Iriondo","Hormigón","No existe","X","S/D","Urbana","Ninguna","No existe","Recta","Bueno","Buena","Diurna","Buen Tiempo","Frontal","S/D","Colisión","Ninguna","Faltante","Ninguna","Sin restricción"
2014,9968,20/10/2014,"Lunes",0,19:45:00,,"0.0",2,"Moto/Ciclomotor,Peatón","E Carballeyra Y San Juan",2,1,0,0,1,0,0,,"Calle",,"RUFINO","General López","Asfalto","No existe","VIII","Dentro","Urbana","S/D","No existe","Intersección","Deteriorada","S/D","Atardecer","S/D","S/D","S/D","Atropello","S/D","S/D","S/D","S/D"
2014,9969,22/11/2014,"Sabado",0,10:10:00,,"0.0",2,"Moto/Ciclomotor,Pickup/Utilitario"," ",2,1,0,0,1,0,0,,"Calle",,"GÁLVEZ","San Jerónimo","Asfalto","S/D","XIV","S/D","Urbana","S/D","S/D","Intersección","Bueno","Buena","Diurna","Buen Tiempo","S/D","S/D","Colisión","S/D","S/D","S/D","Sin restricción"
2014,9970,20/11/2014,"Jueves",0,21:45:00,,"0.0",2,"Moto/Ciclomotor,Automóvil","Av A del Valle Y Estanislao Zeballos",2,1,0,0,1,0,0,,"Avenida",,"SANTA FE","La Capital","Hormigón","No existe","I","Dentro","Urbana","Semáforo","Funciona","Rotonda","Bueno","Buena","Nocturna,Con luz artificial","Buen Tiempo","Lateral","S/D","Colisión","Ninguna","Vertical","Ninguna","Sin restricción"
2014,9971,20/10/2014,"Lunes",0,14:55:00,,"0.0",2,"Automóvil,Moto/Ciclomotor","San Martin 900",3,2,0,0,1,0,0,,"Calle",,"CAÑADA DE GÓMEZ","Iriondo","Asfalto","S/D","X","S/D","Urbana","Ninguna","No existe","Recta","Bueno","Buena","Diurna","Buen Tiempo","Lateral","S/D","Colisión","Ninguna","Faltante","Ninguna","Sin restricción"
2014,9972,21/10/2014,"Martes",0,19:15:00,,"0.0",1,"Moto/Ciclomotor","9 de Julio Y italia",1,0,1,0,0,0,0,,"Calle",,"GOBERNADOR CRESPO","San Justo","Asfalto","Pavimento","XVI","S/D","Urbana","Ninguna","No existe","Recta","Bueno","Buena","Atardecer","Buen Tiempo","Atropello animal","S/D","Colisión","S/D","Horizontal","Ninguna","Sin restricción"
2014,9973,25/11/2014,"Martes",0,08:25:00,,"0.0",2,"Pickup/Utilitario,Moto/Ciclomotor","4 de Enero Y Angel Cassanello",2,1,0,0,1,0,0,,"Calle",,"SANTA FE","La Capital","Asfalto","S/D","I","Dentro","Urbana","Ninguna","No existe","Intersección","Bueno","Buena","Diurna","Buen Tiempo","Lateral","S/D","Colisión","Ninguna","Faltante","Ninguna","Sin restricción"
2014,9974,02/11/2014,"Domingo",0,03:15:00,,"0.0",2,"Automóvil,Taxi/Remis","Lamadrid Y Primera Junta",3,1,0,0,2,0,0,,"Calle",,"SANTA FE","La Capital","S/D","S/D","I","Dentro","Urbana","S/D","S/D","S/D","S/D","S/D","S/D","S/D","S/D","S/D","S/D","S/D","S/D","S/D","S/D"
2014,9975,29/10/2014,"Miercoles",0,08:10:00,,"0.0",2,"Pickup/Utilitario,Moto/Ciclomotor","9 de Julio Y Combate de San Lorenzo",3,1,0,0,2,0,0,,"Calle",,"GOBERNADOR CRESPO","San Justo","Asfalto","No existe","XVI","Dentro","Urbana","Ninguna","No existe","Intersección","Bueno","Buena","Diurna","Buen Tiempo","Lateral","S/D","Colisión","Ninguna","Faltante","Ninguna","Sin restricción"
2014,9976,30/10/2014,"Jueves",0,16:30:00,,"0.0",2,"Bicicleta,Automóvil","Garay Y Pte Juan Domingo Peron",2,1,0,0,1,0,0,,"Calle",,"RUFINO","General López","Asfalto","No existe","VIII","Dentro","Urbana","S/D","No existe","Intersección","Deteriorada","S/D","Diurna","S/D","S/D","S/D","Atropello","S/D","S/D","S/D","S/D"
2014,9977,21/10/2014,"Martes",0,13:35:00,,"0.0",2,"Automóvil,Moto/Ciclomotor","Lavalle Y San Martin",2,1,0,0,1,0,0,,"Calle",,"CAÑADA DE GÓMEZ","Iriondo","Asfalto","S/D","X","Dentro","Urbana","Ninguna","S/D","Intersección","Bueno","S/D","S/D","Buen Tiempo","Lateral","S/D","Colisión","Ninguna","Faltante","Ninguna","Sin restricción"
2014,9978,16/11/2014,"Domingo",0,17:10:00,,"0.0",2,"Moto/Ciclomotor,Automóvil","Boneo Y Aguado",2,1,0,0,1,0,0,,"Calle",,"SANTA FE","La Capital","Asfalto","Natural","I","Dentro","Urbana","Ninguna","No existe","Intersección","Deteriorada","Buena","Diurna","Buen Tiempo","Lateral","S/D","Colisión","S/D","S/D","Ninguna","Sin restricción"
2014,9979,05/11/2014,"Miercoles",0,23:00:00,,"0.0",2,"Moto/Ciclomotor,Automóvil","Av Peñaloza Y French",2,1,0,0,1,0,0,,"Avenida",,"SANTA FE","La Capital","Asfalto","Pavimento","I","Dentro","Urbana","Ninguna","S/D","Intersección","Bueno","Buena","Nocturna,Con luz artificial","Buen Tiempo","Lateral","S/D","Colisión","S/D","Faltante","Cordón divisorio","Sin restricción"
2014,9980,05/11/2014,"Miercoles",0,21:00:00,,"0.0",2,"Moto/Ciclomotor,Automóvil","Suipacha Y Saavedra",2,1,0,0,1,0,0,,"Calle",,"SANTA FE","La Capital","S/D","S/D","I","Dentro","Urbana","S/D","S/D","S/D","S/D","S/D","Nocturna","S/D","S/D","S/D","Colisión","S/D","S/D","S/D","S/D"
2014,9981,22/11/2014,"Sabado",0,16:55:00,,"0.0",2,"Moto/Ciclomotor,Otros","Hugo Wast Y Hermano Figueroa",2,1,0,0,1,0,0,,"Calle",,"SANTA FE","La Capital","Asfalto","No existe","I","S/D","Urbana","Ninguna","No existe","Intersección","Bueno","Buena","Diurna","Buen Tiempo","De alcance","S/D","Colisión","Ninguna","Faltante","Ninguna","Sin restricción"
2014,9982,12/11/2014,"Miercoles",0,21:00:00,,"0.0",2,"Moto/Ciclomotor,Moto/Ciclomotor","Av Blas Parera Y Vieytes",3,3,0,0,0,0,0,,"Avenida",,"SANTA FE","La Capital","Asfalto","Pavimento","I","Dentro","Urbana","Semáforo","Funciona","Intersección","Bueno","Buena","Nocturna,Con luz artificial","Buen Tiempo","Lateral","S/D","Colisión","S/D","Horizontal,Vertical","Cordón divisorio","Sin restricción"
2014,9983,26/11/2014,"Miercoles",0,14:30:00,,"0.0",2,"Moto/Ciclomotor,Pickup/Utilitario","San Jeronimo Y Luciano Torrent",2,1,0,0,1,0,0,,"Calle",,"SANTA FE","La Capital","Asfalto","S/D","I","Dentro","Urbana","Ninguna","No existe","Intersección","Bueno","Buena","Diurna","Buen Tiempo","Lateral","S/D","Colisión","Ninguna","Faltante","Ninguna","Sin restricción"
2014,9984,27/10/2014,"Lunes",0,04:45:00,,"0.0",1,"Moto/Ciclomotor","J S Sosa 213",1,1,0,0,0,0,0,,"Calle",,"RUFINO","General López","Asfalto","No existe","VIII","Dentro","Urbana","Ninguna","No existe","Recta","Bueno","Buena","Nocturna,Con luz artificial","Buen Tiempo","Contra objeto fijo","S/D","Colisión","S/D","S/D","Ninguna","S/D"
2014,9985,31/10/2014,"Viernes",0,10:30:00,"Ruta Nacional 9","375.0",2,"Moto/Ciclomotor,Camión"," ",2,0,1,0,1,0,0,,"Ruta",9,"CAÑADA DE GÓMEZ","Iriondo","Asfalto","Ripio","X","Dentro","Urbana","Ninguna","No existe","Recta","Bueno","Buena","Diurna","Buen Tiempo","S/D","S/D","Colisión","Ninguna","Faltante","Línea divisoria pintada","Sin restricción"
2014,9986,05/11/2014,"Miercoles",0,21:30:00,,"0.0",2,"Moto/Ciclomotor,Automóvil","Candido Pujato Y Francia",2,1,0,0,1,0,0,,"Calle",,"SANTA FE","La Capital","S/D","S/D","I","Dentro","Urbana","S/D","S/D","S/D","S/D","S/D","Nocturna","S/D","S/D","S/D","Colisión","S/D","S/D","S/D","S/D"
2014,9987,05/11/2014,"Miercoles",0,16:30:00,,"0.0",2,"Moto/Ciclomotor,Automóvil","Alberti Y Sebastian Gaboto",2,1,0,0,1,0,0,,"Calle",,"SANTA FE","La Capital","Asfalto","Natural","I","Dentro","Urbana","Ninguna","No existe","Intersección","Deteriorada","Buena","Diurna","Buen Tiempo","Lateral","S/D","Colisión","Material Suelto","Faltante","Ninguna","Sin restricción"
2014,9988,26/10/2014,"Domingo",0,12:20:00,"Ruta Nacional 33","549.2",1,"Automóvil"," ",1,1,0,0,0,0,0,,"Ruta",33,"RUFINO","General López","Hormigón","Natural","VIII","Dentro","Rural","Ninguna","No existe","Recta","Bueno","Buena","Diurna","Buen Tiempo","S/D","S/D","Despiste","S/D","S/D","Línea divisoria pintada","Sin restricción"
2014,9989,30/09/2014,"Martes",0,08:30:00,,"0.0",1,"Moto/Ciclomotor","Bv. Balcarce 800",1,1,0,0,0,0,0,,"Calle",,"CAÑADA DE GÓMEZ","Iriondo","Asfalto","No existe","X","Dentro","Urbana","Ninguna","No existe","Recta","Bueno","Buena","Diurna","Buen Tiempo","S/D","S/D","S/D","Otro","Faltante","Cordón divisorio","Sin restricción"
2014,9990,29/11/2014,"Sabado",0,14:00:00,,"0.0",2,"Moto/Ciclomotor,Pickup/Utilitario","Av Facundo Zuviria Y Luciano Torrent",2,1,0,0,1,0,0,,"Avenida",,"SANTA FE","La Capital","Asfalto","No existe","I","Dentro","Urbana","Semáforo","Funciona","Intersección","Bueno","Buena","Diurna","Buen Tiempo","Lateral","S/D","Colisión","Ninguna","Vertical","Ninguna","Sin restricción"
2014,9991,12/11/2014,"Miercoles",0,08:10:00,,"0.0",3,"Moto/Ciclomotor,Automóvil,Automóvil","Av Blas Parera Y Vieytes",3,1,0,0,2,0,0,,"Avenida",,"SANTA FE","La Capital","Hormigón","Pavimento","I","Dentro","Urbana","Semáforo","Funciona","Intersección","Bueno","Buena","Diurna","Buen Tiempo","Lateral,Múltiple","S/D","Colisión","S/D","Horizontal,Vertical","Cordón divisorio","Sin restricción"
2014,9992,27/09/2014,"Sabado",0,17:45:00,,"0.0",1,"Automóvil","Bv. Balcarce Y Sarmiento",2,1,0,0,1,0,0,,"Calle",,"CAÑADA DE GÓMEZ","Iriondo","Asfalto","No existe","X","Dentro","Urbana","Ninguna","No existe","Recta","Bueno","Buena","Diurna","Buen Tiempo","Lateral","S/D","Colisión","Ninguna","Faltante","Cordón divisorio","Sin restricción"
2014,9993,06/11/2014,"Jueves",0,17:00:00,,"0.0",2,"Moto/Ciclomotor,Automóvil","Av Freyre Y Obispo Gelabert",2,1,0,0,1,0,0,,"Calle",,"SANTA FE","La Capital","S/D","S/D","I","Dentro","Urbana","S/D","S/D","S/D","S/D","S/D","Diurna","S/D","S/D","S/D","Colisión","S/D","S/D","S/D","S/D"
2014,9994,05/11/2014,"Miercoles",0,14:00:00,,"0.0",2,"Moto/Ciclomotor,Automóvil","Azcuenaga Y Alsina",2,1,0,0,1,0,0,,"Calle",,"SANTA FE","La Capital","Hormigón","Pavimento","I","Dentro","Urbana","Ninguna","No existe","Intersección","Deteriorada","Buena","Diurna","Buen Tiempo","Lateral","S/D","Colisión","S/D","Faltante","Ninguna","Sin restricción"
2014,9995,24/10/2014,"Viernes",0,21:30:00,,"0.0",2,"Moto/Ciclomotor,Pickup/Utilitario","Las Heras 150",3,0,1,0,1,0,1,,"Calle",,"RUFINO","General López","Tierra","No existe","VIII","Dentro","Urbana","Ninguna","No existe","Recta","S/D","S/D","Nocturna,Con luz artificial","S/D","S/D","S/D","Colisión","S/D","S/D","Ninguna","S/D"
2014,9996,22/09/2014,"Lunes",0,17:35:00,"Ruta Nacional 9","0.0",2,"Moto/Ciclomotor,Automóvil","Av. Santa Fe Y Av L N Alem",2,1,0,0,1,0,0,,"Ruta",9,"CAÑADA DE GÓMEZ","Iriondo","Hormigón","Ripio","X","Dentro","Urbana","Ninguna","No existe","Recta","Con baches,Deteriorada,Ahuellamiento","Buena","Diurna","Buen Tiempo","Lateral","S/D","Colisión","S/D","Faltante","Ninguna","Sin restricción"
2014,9997,08/11/2014,"Sabado",0,14:30:00,,"0.0",1,"Moto/Ciclomotor","Francia Y J B Alberdi",2,2,0,0,0,0,0,,"Calle",,"SAN LORENZO","San Lorenzo","Hormigón","S/D","XVII","S/D","Urbana","S/D","S/D","Intersección","Bueno","S/D","Diurna","S/D","S/D","S/D","Caída ocupante","S/D","S/D","S/D","S/D"
2014,9998,29/10/2014,"Miercoles",0,12:30:00,,"0.0",2,"Automóvil,Moto/Ciclomotor","PASAJE EL GUSANO 34 KM ",3,0,1,0,2,0,0,,"S/D",,"ALEJANDRA","San Javier","Asfalto","Natural","XIV","S/D","S/D","Ninguna","No existe","Recta","Bueno","Buena","Diurna","Buen Tiempo","Lateral","S/D","Colisión","S/D","Vertical","Vegetación","Sin restricción"
2014,9999,10/11/2014,"Lunes",0,23:35:00,"Autopista Provincial Brigadier E.López","131.5",1,"Automóvil"," ",2,2,0,0,0,0,0,,"Autopista","Brigadier E.López","SAUCE VIEJO","La Capital","Asfalto","Natural","I","Fuera","Rural","Ninguna","No existe","Recta","Bueno","Buena","Nocturna,Con luz artificial","Buen Tiempo","S/D","S/D","Vuelco","S/D","Horizontal,Vertical","Guardarrail,Vegetación","Sin restricción"
2014,10000,05/11/2014,"Miercoles",0,05:30:00,,"0.0",1,"Transporte de Pasajeros Urbano (> 8 asientos)","Av Blas Parera Y J Castelli",2,1,0,0,1,0,0,,"Avenida",,"SANTA FE","La Capital","Hormigón","Pavimento","I","Dentro","Urbana","Ninguna","Funciona","Intersección","Bueno","Buena","Amanecer","Buen Tiempo","S/D","S/D","Caída ocupante","S/D","Horizontal,Vertical","Cordón divisorio","Sin restricción"
2014,10001,18/11/2014,"Martes",0,13:30:00,,"0.0",2,"Moto/Ciclomotor,Moto/Ciclomotor","Hermano Figueroa Y Callejon Mendez",2,1,0,0,1,0,0,,"Calle",,"SANTA FE","La Capital","S/D","No existe","I","S/D","Urbana","Ninguna","No existe","Intersección","Bueno","Buena","Diurna","Buen Tiempo","Lateral","S/D","Colisión","Ninguna","Faltante","Ninguna","Sin restricción"
2014,10002,17/09/2014,"Miercoles",0,16:45:00,,"0.0",1,"Moto/Ciclomotor","Sarmiento Y Almte. Brown",3,1,0,0,2,0,0,,"Calle",,"CAÑADA DE GÓMEZ","Iriondo","Asfalto","No existe","X","Dentro","Urbana","Ninguna","No existe","Recta","Con baches,Deteriorada","Buena","Diurna","Buen Tiempo","Lateral","S/D","Colisión","S/D","Faltante","Ninguna","Sin restricción"
2014,10003,15/10/2014,"Miercoles",0,12:25:00,"Ruta Nacional 33","0.0",2,"Bicicleta,Pickup/Utilitario"," ",2,0,1,0,1,0,0,,"Ruta",33,"RUFINO","General López","Hormigón","Natural","VIII","S/D","Rural","S/D","No existe","Recta","S/D","S/D","Diurna","S/D","S/D","S/D","Atropello","S/D","S/D","S/D","S/D"
2014,10004,07/11/2014,"Viernes",0,18:05:00,,"0.0",2,"Peatón,Moto/Ciclomotor","Las Margaritas Y Lamadrid",2,1,0,0,1,0,0,"-31.566277, -60.704667","Calle",,"SANTA FE","La Capital","S/D","S/D","I","Dentro","Urbana","S/D","S/D","S/D","S/D","S/D","Diurna","S/D","S/D","S/D","Atropello","S/D","S/D","S/D","S/D"
2014,10005,06/12/2014,"Sabado",0,18:20:00,"Ruta Secundaria 83-s","35.0",1,"Automóvil"," ",1,1,0,0,0,0,0,,"Ruta","83-s","LA GALLARETA","Vera","Tierra","No existe","XIX","Dentro","Rural","Ninguna","No existe","Recta","S/D","Buena","Diurna","Buen Tiempo","S/D","S/D","Vuelco","Ninguna","Faltante","Ninguna","Sin restricción"
2014,10006,14/11/2014,"Viernes",0,09:30:00,,"0.0",2,"Peatón,Transporte de Pasajeros Urbano (> 8 asientos)","Av San Martin Y Granadero Baigorria",2,1,0,0,1,0,0,,"Avenida",,"SAN LORENZO","San Lorenzo","Hormigón","S/D","XVII","S/D","Urbana","S/D","S/D","Intersección","Bueno","S/D","S/D","S/D","S/D","S/D","Atropello","S/D","S/D","S/D","S/D"
2014,10007,07/11/2014,"Viernes",0,12:30:00,,"0.0",2,"Moto/Ciclomotor,Moto/Ciclomotor","9 de Julio ",4,4,0,0,0,0,0,,"Calle",,"ALEJANDRA","San Javier","Tierra","No existe","XIV","Dentro","Urbana","Ninguna","No existe","Intersección","Bueno","Buena","Diurna","Buen Tiempo","Frontal","S/D","Colisión","S/D","Faltante","S/D","S/D"
2014,10008,04/11/2014,"Martes",0,15:55:00,,"0.0",2,"Moto/Ciclomotor,Moto/Ciclomotor","Av Blas Parera 7900",2,2,0,0,0,0,0,,"Avenida",,"SANTA FE","La Capital","Hormigón","Pavimento","I","S/D","Urbana","Ninguna","No existe","Recta","Bueno","Buena","Diurna","Buen Tiempo","Lateral","S/D","Colisión","S/D","Vertical","Cordón divisorio","Sin restricción"
2014,10009,25/09/2014,"Jueves",0,21:35:00,,"0.0",2,"Moto/Ciclomotor,Automóvil","España Y 7 de Octubre",3,0,1,0,2,0,0,,"Calle",,"CAÑADA DE GÓMEZ","Iriondo","Asfalto","No existe","X","Dentro","Urbana","S/D","No existe","Intersección","Bueno","Reducida","Nocturna","Buen Tiempo","S/D","S/D","Colisión","S/D","S/D","Ninguna","Sin restricción"
2014,10010,09/11/2014,"Domingo",0,21:00:00,,"0.0",2,"Pickup/Utilitario,Moto/Ciclomotor","13 de diciembre ",3,2,0,0,0,0,1,,"Calle",,"SANTO TOMÉ","La Capital","Ripio","No existe","I","Dentro","Urbana","Ninguna","No existe","Intersección","Bueno","Reducida","Nocturna","Buen Tiempo","Lateral","S/D","Colisión","S/D","Faltante","Ninguna","Sin restricción"