"anio_acci","nro_acci","fecha","desc_dia","fecha_aprox","hora_aprox","desc_ruta","km","cant_participantes","desc_participante","calle_avenida_km","total","heridos_leves","heridos_graves","heridos_gravisimos","ilesos","fallecidos","sin_datos","posicion_XY","desc_tipo_via","desc_ruta_ori","desc_loc","desc_dpto","desc_tipo_calzada","desc_tipo_banquina","desc_unidad_regional","desc_lugar_calzada","desc_zona","desc_prioridad","desc_estado_semaforo","desc_lugar_via","desc_estado_via","desc_estado_visibilidad","desc_luminosidad","desc_estado_clima","desc_tipo_colision","desc_tipo_atropello","desc_tipo_hecho","desc_pres_calzada","desc_senializacion","desc_separacion_via","desc_restriccion"
2014,10011,17/11/2014,"Lunes",0,20:35:00,,"0.0",2,"Moto/Ciclomotor,Moto/Ciclomotor","Diag Pedro de Mendoza Y Cafferata",2,1,0,0,1,0,0,,"Calle",,"SANTA FE","La Capital","Asfalto,Tierra","S/D","I","Dentro","Urbana","Ninguna","S/D","Intersección","Bueno","S/D","Nocturna","Buen Tiempo","Frontal","S/D","Colisión","Ninguna","Faltante","Ninguna","Sin restricción"
2014,10012,20/10/2014,"Lunes",0,19:30:00,"Ruta Provincial 3","71.0",1,"Automóvil"," ",1,0,1,0,0,0,0,,"Ruta",3,"DV.KM. 320","Vera","Asfalto","Natural","XIX","Fuera","Rural","Ninguna","No existe","Recta","S/D","Buena","Atardecer","Buen Tiempo","S/D","S/D","Vuelco","S/D","S/D","Vegetación","Sin restricción"
2014,10013,24/10/2014,"Viernes",0,01:30:00,,"0.0",2,"Moto/Ciclomotor,Otros","Santa Fe Y Espa±a",2,1,0,0,0,0,1,,"Calle",,"RUFINO","General López","Asfalto","No existe","VIII","S/D","Urbana","Ninguna","No existe","Intersección","Bueno","Buena","Nocturna,Con luz artificial","Buen Tiempo","S/D","S/D","Colisión","S/D","S/D","Ninguna","Sin restricción"
2014,10014,01/11/2014,"Sabado",0,19:20:00,,"0.0",2,"Moto/Ciclomotor,Automóvil","Castañaduy Y Vieytes",2,1,0,0,1,0,0,,"Calle",,"SANTA FE","La Capital","Asfalto","Natural","I","Dentro","Urbana","Ninguna","No existe","Intersección","Deteriorada","Reducida","Atardecer","Buen Tiempo","Lateral","S/D","Colisión","Agua","Faltante","Ninguna","Sin restricción"
2014,10015,16/09/2014,"Martes",0,11:25:00,,"0.0",2,"Automóvil,Bicicleta","Moreno Y A. Beltrame",2,1,0,0,1,0,0,,"Calle",,"CAÑADA DE GÓMEZ","Iriondo","Asfalto","No existe","X","Dentro","Urbana","Ninguna","No existe","Recta","Bueno","Buena","Diurna","Buen Tiempo","S/D","S/D","Atropello","Otro","Faltante","Ninguna","Sin restricción"
2014,10016,27/11/2014,"Jueves",0,14:00:00,,"0.0",2,"Automóvil,Moto/Ciclomotor","S/D ",2,1,0,0,1,0,0,,"Calle",,"SANTO TOMÉ","La Capital","Asfalto","S/D","I","Dentro","Urbana","S/D","No existe","Intersección","S/D","Buena","Diurna","Buen Tiempo","Frontal","S/D","Colisión","S/D","S/D","S/D","S/D"
2014,10017,01/11/2014,"Sabado",0,09:00:00,,"0.0",2,"Moto/Ciclomotor,Pickup/Utilitario","Gorriti Y Bernardo de Irigoyen",2,1,0,0,1,0,0,,"Avenida",,"SANTA FE","La Capital","Hormigón","Pavimento","I","Dentro","Urbana","Ninguna","No existe","Intersección","Bueno","Buena","Diurna","Buen Tiempo","Lateral","S/D","Colisión","S/D","Horizontal","Cordón divisorio","Sin restricción"
2014,10018,14/09/2014,"Domingo",0,07:35:00,,"0.0",1,"Automóvil","España Y Necochea",1,1,0,0,0,0,0,,"Calle",,"CAÑADA DE GÓMEZ","Iriondo","Asfalto","No existe","X","Dentro","Urbana","Ninguna","No existe","Recta","Bueno","Buena","Diurna","Buen Tiempo","Contra objeto fijo","S/D","Colisión","S/D","Faltante","Ninguna","Sin restricción"
2014,10019,17/11/2014,"Lunes",0,21:00:00,,"0.0",2,"Moto/Ciclomotor,Automóvil","Bv C Pellegrini Y Gdor Cabal",2,1,0,0,1,0,0,,"Avenida",,"SAN JUSTO","San Justo","Hormigón","No existe","XVI","Dentro","Urbana","Ninguna","No existe","Intersección","Bueno","Buena","Nocturna,Con luz artificial","Buen Tiempo","Frontal","S/D","Colisión","Ninguna","Vertical","Ninguna","Sin restricción"
2014,10020,09/11/2014,"Domingo",0,11:30:00,,"0.0",2,"Bicicleta,Automóvil","Mocovies Y B Giuliani",2,1,0,0,1,0,0,,"Avenida",,"GOBERNADOR CRESPO","San Justo","Asfalto","No existe","XVI","Dentro","Urbana","Ninguna","No existe","Intersección","Bueno","Buena","Diurna","Buen Tiempo","S/D","S/D","Atropello","Otro","Vertical","Vegetación","Sin restricción"
2014,10021,15/11/2014,"Sabado",0,07:40:00,"Ruta Provincial 1","9.0",2,"Automóvil,Pickup/Utilitario","Ruta Provincial 1 ",4,3,1,0,0,0,0,,"Ruta",1,"SAN JOSÉ DEL RINCÓN","La Capital","Asfalto","Natural","I","Fuera","Urbana","Ninguna","No existe","Recta","S/D","Buena","Diurna","Buen Tiempo","Frontal","S/D","Colisión","S/D","S/D","Línea divisoria pintada","Sin restricción"
2014,10022,12/11/2014,"Miercoles",0,20:00:00,,"0.0",2,"Automóvil,Moto/Ciclomotor","San Martin Y Santiago Cabral",4,2,0,0,2,0,0,,"Calle",,"SAN JAVIER","San Javier","Asfalto","Natural","XIV","Dentro","Urbana","Ninguna","No existe","Intersección","Bueno","Buena","Atardecer","Buen Tiempo","Lateral","S/D","Colisión","S/D","Vertical","Ninguna","Sin restricción"
2014,10023,06/11/2014,"Jueves",0,13:00:00,,"0.0",2,"Moto/Ciclomotor,Automóvil","Mitre Y Salta",2,1,0,0,1,0,0,,"Calle",,"OLIVEROS","Iriondo","Asfalto","S/D","X","Dentro","Urbana","Ninguna","No existe","Intersección","Bueno","Buena","Diurna","Buen Tiempo","S/D","S/D","Colisión","S/D","Faltante","S/D","Sin restricción"
2014,10024,03/11/2014,"Lunes",0,16:00:00,,"0.0",2,"Moto/Ciclomotor,Automóvil","Mariano Candioti Y Balcarce",3,3,0,0,0,0,0,,"Calle",,"SANTO TOMÉ","La Capital","Asfalto","S/D","I","Dentro","Urbana","S/D","S/D","Intersección","Bueno","Buena","Diurna","Buen Tiempo","Lateral","S/D","Colisión","S/D","S/D","S/D","S/D"
2014,10025,08/11/2014,"Sabado",0,12:05:00,,"0.0",2,"Automóvil,Moto/Ciclomotor","Sgto Cabral Y San Lorenzo",2,0,1,0,1,0,0,,"Calle",,"CALCHAQUÍ","Vera","Tierra","Natural","XIX","Dentro","Urbana","Ninguna","No existe","Intersección","Bueno","Buena","Diurna","Buen Tiempo","Lateral","S/D","Colisión","S/D","Faltante","Ninguna","Sin restricción"
2014,10026,15/09/2014,"Lunes",0,18:00:00,,"0.0",1,"Moto/Ciclomotor","Suipacha Y Derqui",2,1,0,0,1,0,0,,"Calle",,"CAÑADA DE GÓMEZ","Iriondo","Asfalto","S/D","X","Dentro","Urbana","Ninguna","S/D","Intersección","Bueno","S/D","Diurna","Buen Tiempo","Lateral","S/D","Colisión","Otro","Faltante","Ninguna","Sin restricción"
2014,10027,16/11/2014,"Domingo",0,22:00:00,,"0.0",1,"Moto/Ciclomotor","Simon De Iriondo Y Santa Fe",1,0,1,0,0,0,0,,"Calle",,"CALCHAQUÍ","Vera","Tierra","No existe","XIX","Dentro","Urbana","Ninguna","No existe","Intersección","Bueno","Reducida","Nocturna","Buen Tiempo","Contra objeto fijo","S/D","Colisión","S/D","Faltante","Ninguna","Sin restricción"
2014,10028,18/11/2014,"Martes",0,22:20:00,,"0.0",1,"Moto/Ciclomotor","Bv. Lopez 500",1,1,0,0,0,0,0,,"Calle",,"CAÑADA DE GÓMEZ","Iriondo","Asfalto","Pavimento","X","Dentro","Urbana","Ninguna","No existe","Recta","Deteriorada","Buena","Nocturna,Con luz artificial","Buen Tiempo","Atropello animal","S/D","Colisión","S/D","Faltante","Cordón divisorio","Sin restricción"
2014,10029,02/11/2014,"Domingo",0,05:10:00,"Ruta Nacional 11","0.0",2,"Automóvil,Camión"," ",2,0,0,0,0,0,2,,"Ruta",11,"CORONDA","San Jerónimo","Asfalto","Natural","XV","S/D","Rural","Ninguna","No existe","Recta","Bueno","Reducida","Amanecer","Lluvia","Frontal,Otro","S/D","Colisión","Otro","Faltante","Ninguna","Sin restricción"
2014,10030,28/11/2014,"Viernes",0,12:15:00,,"0.0",2,"Pickup/Utilitario,Moto/Ciclomotor","25 de Mayo Y Roque Saenz Peña",2,0,1,0,1,0,0,,"Calle",,"CALCHAQUÍ","Vera","Asfalto","No existe","XIX","Dentro","Urbana","Ninguna","No existe","Intersección","Bueno","Buena","Diurna","Buen Tiempo","Lateral","S/D","Colisión","S/D","Faltante","Ninguna","Sin restricción"
2014,10031,13/09/2014,"Sabado",0,00:05:00,,"0.0",2,"Automóvil,Moto/Ciclomotor","Pellegrini Y Almte. Brown",2,1,0,0,1,0,0,,"Calle",,"CAÑADA DE GÓMEZ","Iriondo","Asfalto","No existe","X","Dentro","Urbana","Ninguna","No existe","Intersección","Bueno","Buena","Nocturna","Buen Tiempo","Lateral","S/D","Colisión","Otro","Faltante","Ninguna","Sin restricción"
2014,10032,26/11/2014,"Miercoles",0,19:20:00,,"0.0",2,"Peatón,Pickup/Utilitario","Av Freyre Y Moreno",2,0,0,0,0,0,2,"-31.65275,-60.720722222222","Avenida",,"SANTA FE","La Capital","Asfalto","S/D","I","S/D","Urbana","S/D","S/D","Intersección","S/D","S/D","Atardecer","S/D","S/D","S/D","Atropello","S/D","S/D","S/D","S/D"
2014,10033,28/11/2014,"Viernes",0,17:50:00,,"0.0",1,"Moto/Ciclomotor","Ituzaingo ",1,0,1,0,0,0,0,,"Calle",,"CALCHAQUÍ","Vera","Tierra","No existe","XIX","Dentro","Urbana","Ninguna","No existe","Recta","Bueno","Buena","Atardecer","Buen Tiempo","Atropello animal","S/D","Colisión","S/D","Faltante","Ninguna","Sin restricción"
2014,10034,25/11/2014,"Martes",0,04:20:00,"Autopista Nacional Rosario -Cordoba","355.0",2,"Camión,Camión"," ",2,1,0,0,0,0,1,,"Autopista","Rosario -Cordoba","CAÑADA DE GÓMEZ","Iriondo","Asfalto","Pavimento","X","Dentro","Rural","Ninguna","No existe","Recta","Bueno","Buena","Nocturna","Buen Tiempo","De alcance","S/D","Colisión","S/D","Horizontal","Vegetación","Sin restricción"
2014,10035,13/11/2014,"Jueves",0,20:00:00,,"0.0",2,"Automóvil,Taxi/Remis"," Saavedra Miguel de Cervantes Y Vicente Lopez y Planes",2,1,0,0,1,0,0,,"Calle",,"SANTO TOMÉ","La Capital","Ripio","No existe","I","Dentro","Urbana","Ninguna","No existe","Intersección","Bueno","Buena","Nocturna","Buen Tiempo","Frontal","S/D","Colisión","S/D","Faltante","S/D","Sin restricción"
2014,10036,10/09/2014,"Miercoles",0,03:20:00,,"0.0",1,"Moto/Ciclomotor","Maipu Y Boulevard Centenario",1,1,0,0,0,0,0,,"Calle",,"CAÑADA DE GÓMEZ","Iriondo","Asfalto","S/D","X","Dentro","Urbana","Ninguna","No existe","Recta","Bueno","Buena","Nocturna,Con luz artificial","Buen Tiempo","S/D","S/D","Caída ocupante","S/D","Faltante","Ninguna","Sin restricción"
2014,10037,02/11/2014,"Domingo",0,06:30:00,,"0.0",2,"Automóvil,Moto/Ciclomotor","San Martin Y Santa Fe",3,1,1,0,1,0,0,,"Calle",,"SAN JAVIER","San Javier","Hormigón","S/D","XIV","S/D","Urbana","Ninguna","S/D","Intersección","Bueno","Buena","Amanecer","Lluvia","Lateral","S/D","Colisión","Agua","Vertical","Ninguna","Sin restricción"
2014,10038,10/11/2014,"Lunes",0,07:20:00,,"0.0",1,"Moto/Ciclomotor","Saenz Pe±a ",1,1,0,0,0,0,0,,"Calle",,"CORONDA","San Jerónimo","Tierra","No existe","XV","Dentro","Rural","Ninguna","S/D","Recta","Ahuellamiento","Reducida","Amanecer","Buen Tiempo","Atropello animal","S/D","Colisión","Otro","Faltante","Ninguna","Sin restricción"
2014,10039,17/11/2014,"Lunes",0,18:45:00,,"0.0",2,"Moto/Ciclomotor,Moto/Ciclomotor","Almonacid Y Av Blas Parera",2,2,0,0,0,0,0,,"Avenida",,"SANTA FE","La Capital","Asfalto","S/D","I","Dentro","Urbana","Ninguna","No existe","Recta","Bueno","Buena","Atardecer","Buen Tiempo","De alcance","S/D","Colisión","Ninguna","Faltante","Ninguna","Sin restricción"
2014,10040,03/11/2014,"Lunes",0,19:30:00,"Ruta Nacional 11","0.0",2,"Moto/Ciclomotor,Otros"," ",3,1,1,0,1,0,0,,"Ruta",11,"GOBERNADOR CRESPO","San Justo","Asfalto","Natural","XVI","Dentro","Urbana","Ninguna","No existe","Intersección","Bueno","Buena","Atardecer","Buen Tiempo","Lateral","S/D","Colisión","Ninguna","Horizontal","Cordón divisorio","Sin restricción"
2014,10041,10/11/2014,"Lunes",0,14:00:00,,"0.0",2,"Automóvil,Moto/Ciclomotor","Av Gral Lopez Y H Irigoyen",3,2,0,0,1,0,0,,"Avenida",,"SAN JAVIER","San Javier","Hormigón,Tierra","S/D","XIV","Dentro","Urbana","Ninguna","No existe","Intersección","Bueno","Buena","Diurna","Buen Tiempo","Lateral","S/D","Colisión","Otro","Horizontal","Ninguna","Sin restricción"
2014,10042,02/11/2014,"Domingo",0,14:30:00,,"0.0",2,"Automóvil,Moto/Ciclomotor","Almirante Brown Y Bvard España",2,1,0,0,1,0,0,,"Avenida",,"CERES","San Cristóbal","Asfalto","Pavimento","XIII","Dentro","Urbana","Ninguna","No existe","Intersección","Bueno","Buena","Diurna","Lluvia","Lateral","S/D","Colisión","Agua","Faltante","Ninguna","Sin restricción"
2014,10043,09/11/2014,"Domingo",0,20:45:00,,"0.0",1,"Moto/Ciclomotor","SAN LORENZO ",1,0,1,0,0,0,0,,"Calle",,"IRIGOYEN","San Jerónimo","Ripio","Natural","XV","Dentro","Urbana","Ninguna","No existe","Recta","Resbaladiza","Buena","Nocturna,Con luz artificial","Buen Tiempo","Otro","S/D","Despiste","Otro","Faltante","S/D","Sin restricción"
2014,10044,08/11/2014,"Sabado",0,23:30:00,,"0.0",2,"Automóvil,Peatón","Av L de la Torre-Ruta Nac 11 Y H Irigoyen",2,1,0,0,1,0,0,,"Calle",,"CORONDA","San Jerónimo","Asfalto","Ripio","XV","Dentro","Rural","Ninguna","S/D","Recta","Bueno","Reducida","Nocturna,Con luz artificial","Otro","S/D","S/D","Atropello","Otro","Faltante","Ninguna","Sin restricción"
2014,10045,08/10/2014,"Miercoles",0,08:30:00,"Ruta Nacional 11","0.0",2,"Moto/Ciclomotor,Automóvil","Ruta Nacional 11 Y Ejercito Argentino",2,1,0,0,1,0,0,,"Ruta",11,"CALCHAQUÍ","Vera","Asfalto,Tierra","Natural","XIX","Dentro","Urbana","Ninguna","No existe","Intersección","Bueno","Buena","Diurna","Buen Tiempo","S/D","S/D","Colisión","S/D","Faltante","Ninguna","Sin restricción"
2014,10046,17/11/2014,"Lunes",0,,"Ruta Nacional 34","85.0",2,"Moto/Ciclomotor,Camión"," ",2,1,0,0,1,0,0,,"Ruta",34,"SAN GENARO","San Jerónimo","Asfalto","Natural","XV","Dentro","Rural","Ninguna","No existe","Intersección","Bueno","Buena","Diurna","Buen Tiempo","Lateral","S/D","Colisión","Ninguna","Vertical","Cordón divisorio","Sin restricción"
2014,10047,25/11/2014,"Martes",0,22:00:00,,"0.0",2,"Moto/Ciclomotor,Automóvil","Corrientes ",3,0,0,0,0,0,3,,"S/D",,"SANTA FE","La Capital","Asfalto","S/D","I","S/D","S/D","S/D","S/D","Intersección","S/D","S/D","S/D","S/D","S/D","S/D","Colisión","S/D","S/D","S/D","S/D"
2014,10048,24/11/2014,"Lunes",0,20:10:00,,"0.0",2,"Moto/Ciclomotor,Pickup/Utilitario","Carlos Avale Y Mitre",3,1,0,0,2,0,0,,"Calle",,"SAN GENARO","San Jerónimo","Asfalto","Pavimento","XV","S/D","Urbana","Ninguna","No existe","Intersección","Bueno","Buena","Atardecer","Buen Tiempo","Lateral","S/D","Colisión","Ninguna","S/D","Ninguna","Sin restricción"
2014,10049,14/10/2014,"Martes",0,20:00:00,,"0.0",1,"Moto/Ciclomotor","Mitre ",1,1,0,0,0,0,0,,"Calle",,"CALCHAQUÍ","Vera","Tierra","Natural","XIX","Dentro","Urbana","Ninguna","No existe","Recta","Bueno","Buena","Nocturna","Buen Tiempo","Atropello animal","S/D","Colisión","S/D","Faltante","Ninguna","Sin restricción"
2014,10050,09/11/2014,"Domingo",0,01:00:00,,"0.0",2,"Bicicleta,Moto/Ciclomotor"," ",2,1,0,0,1,0,0,,"Calle",,"SAN GUILLERMO","San Cristóbal","Tierra","S/D","XIII","Dentro","Urbana","S/D","S/D","Recta","Bueno","Reducida p/ objetos","Nocturna","Buen Tiempo","Lateral","S/D","Colisión","S/D","S/D","Vegetación","S/D"
2014,10051,04/11/2014,"Martes",0,19:30:00,,"0.0",2,"Moto/Ciclomotor,Automóvil","Juan Bautista Alberdi 1600",3,2,0,0,1,0,0,,"Calle",,"SANTO TOMÉ","La Capital","Asfalto","No existe","I","Dentro","Urbana","Ninguna","No existe","Recta","Bueno","Buena","Diurna","Buen Tiempo","Lateral","S/D","Colisión","S/D","Faltante","Línea divisoria pintada","Sin restricción"
2014,10052,16/10/2014,"Jueves",0,,,"0.0",2,"Moto/Ciclomotor,Automóvil","San Lorenzo Y Sarmiento",3,2,0,0,1,0,0,,"Calle",,"CALCHAQUÍ","Vera","Tierra","No existe","XIX","Dentro","Urbana","Ninguna","No existe","Intersección","Bueno","Buena","S/D","Buen Tiempo","S/D","S/D","Colisión","S/D","Faltante","Ninguna","Sin restricción"
2014,10053,15/11/2014,"Sabado",0,21:00:00,"Ruta Nacional 34","370.8",2,"Automóvil,Automóvil"," ",4,2,0,0,2,0,0,,"Ruta",34,"HERSILIA","San Cristóbal","Asfalto","Natural","XIII","Dentro","Urbana","Otra Señal","No existe","Curva","Bueno","Buena","Nocturna","Buen Tiempo","Frontal","S/D","Colisión","S/D","Vertical","Línea divisoria pintada","Sin restricción"
2014,10054,16/11/2014,"Domingo",0,13:00:00,,"0.0",2,"Automóvil,Bicicleta","Callejon Mendez 5600",2,1,0,0,1,0,0,"-31.577416666667,-60.727027777778","Calle",,"SANTA FE","La Capital","Asfalto","No existe","I","Dentro","Urbana","Ninguna","No existe","Recta","Bueno","Buena","Diurna","Buen Tiempo","S/D","S/D","Atropello","Ninguna","Faltante","Ninguna","Sin restricción"
2014,10055,30/05/2014,"Viernes",0,19:20:00,,"0.0",2,"Moto/Ciclomotor,Automóvil"," ",2,0,1,0,1,0,0,,"S/D",,"SAN GENARO","San Jerónimo","Asfalto","Natural","XV","Dentro","Urbana","Ninguna","No existe","Recta","Bueno","Buena","Nocturna,Con luz artificial","Buen Tiempo","Lateral","S/D","Colisión","Ninguna","Faltante","Línea divisoria pintada","Sin restricción"
2014,10056,21/11/2014,"Viernes",0,08:30:00,,"0.0",2,"Moto/Ciclomotor,Bicicleta","Uruguay Y Dr Zavalla",2,1,0,0,0,0,1,"-31.659111111111,-60.724","Calle",,"SANTA FE","La Capital","Asfalto","S/D","I","S/D","Urbana","S/D","S/D","Intersección","S/D","S/D","Diurna","S/D","S/D","S/D","Atropello","S/D","S/D","S/D","S/D"
2014,10057,20/11/2014,"Jueves",0,20:00:00,,"0.0",2,"Automóvil,Moto/Ciclomotor","San Lorenzo Y Alberti",3,1,1,0,1,0,0,,"Calle",,"SAN CRISTÓBAL","San Cristóbal","Asfalto","No existe","XIII","Dentro","Urbana","Ninguna","No existe","Recta","Bueno","Buena","Nocturna","Buen Tiempo","Lateral","S/D","Colisión","Ninguna","Faltante","Ninguna","Sin restricción"
2014,10058,08/11/2014,"Sabado",0,09:50:00,,"0.0",2,"Moto/Ciclomotor,Otros","19 DE SEPTIEMBRE Y CORRIENTES",2,1,0,0,1,0,0,,"Calle",,"SAN GENARO","San Jerónimo","Asfalto","No existe","XV","Dentro","Urbana","Ninguna","No existe","Intersección","Bueno","Buena","Diurna","Buen Tiempo","Lateral","S/D","Colisión","Ninguna","Vertical","Ninguna","Sin restricción"
2014,10059,27/11/2014,"Jueves",0,23:00:00,,"0.0",2,"Automóvil,Moto/Ciclomotor","Av Blas Parera Y Estanislao Zeballos",2,1,0,0,1,0,0,,"Avenida",,"SANTA FE","La Capital","Hormigón","Pavimento","I","Dentro","Urbana","Ninguna","Intermitente","Intersección","Bueno","Buena","Nocturna,Con luz artificial","Buen Tiempo","Lateral","S/D","Colisión","S/D","Horizontal,Vertical","Cordón divisorio","Sin restricción"
2014,10060,10/11/2014,"Lunes",0,13:45:00,,"0.0",2,"Bicicleta,Automóvil","General Manuel Belgrano Y Balcarce",2,1,0,0,1,0,0,"-31.677666666667,-60.763361111111","Calle",,"SANTO TOMÉ","La Capital","Asfalto","No existe","I","Dentro","Urbana","Ninguna","No existe","Intersección","Bueno","Buena","Diurna","Buen Tiempo","Frontal","S/D","Atropello","S/D","Faltante","Línea divisoria pintada","Sin restricción"
2014,10061,17/11/2014,"Lunes",0,14:15:00,,"0.0",2,"Automóvil,Moto/Ciclomotor","Av Freyre 1700",2,1,0,0,0,0,1,,"Avenida",,"SANTA FE","La Capital","Asfalto","S/D","I","S/D","Urbana","S/D","S/D","Recta","S/D","S/D","Diurna","S/D","S/D","S/D","Colisión","S/D","S/D","S/D","S/D"
2014,10062,04/11/2014,"Martes",0,17:36:00,,"0.0",2,"Automóvil,Moto/Ciclomotor","FRAY MAMERTO ESQUIU Y FRAY BERNARDO",2,1,0,0,1,0,0,,"Calle",,"SAN MARTÍN NORTE","San Justo","Ripio","Ripio","XV","S/D","Urbana","Ninguna","No existe","Intersección","S/D","Buena","Diurna","Buen Tiempo","Lateral","S/D","Colisión","Ninguna","S/D","Ninguna","Sin restricción"
2014,10063,12/11/2014,"Miercoles",0,06:55:00,"Ruta Nacional 11","433.0",1,"Moto/Ciclomotor","RTA. NAC.11 K-433/800 ",1,1,0,0,0,0,0,,"Ruta",11,"DESVÍO ARIJÓN","San Jerónimo","Asfalto","Natural","XV","Dentro","Urbana","Ninguna","No existe","Recta","Bueno","Reducida","Amanecer","Buen Tiempo","Atropello animal","S/D","Atropello","Otro","Horizontal","S/D","Sin restricción"
2014,10064,27/11/2014,"Jueves",0,05:00:00,,"0.0",2,"Moto/Ciclomotor,Pickup/Utilitario","Lamadrid Y J Castelli",2,1,0,0,1,0,0,,"Calle",,"SANTA FE","La Capital","Hormigón","Pavimento","I","Dentro","Urbana","Ninguna","No existe","Intersección","Bueno","Buena","Nocturna","Buen Tiempo","Lateral","S/D","Colisión","S/D","Faltante","Ninguna","Sin restricción"
2014,10065,22/11/2014,"Sabado",0,12:35:00,,"0.0",1,"Automóvil","RUTA ",2,0,2,0,0,0,0,,"S/D",,"CAPIVARA","San Cristóbal","Asfalto","No existe","XIII","Dentro","Urbana","Ninguna","No existe","Recta","Bueno","Buena","Diurna","Buen Tiempo","S/D","S/D","Vuelco","S/D","Faltante","Ninguna","Sin restricción"
2014,10066,16/11/2014,"Domingo",0,05:30:00,,"0.0",2,"Moto/Ciclomotor,Otros","Av Urquiza Y Moreno",2,1,0,0,0,0,1,,"Avenida",,"SANTA FE","La Capital","Asfalto","S/D","I","S/D","Urbana","S/D","S/D","Recta","S/D","S/D","Amanecer","S/D","S/D","S/D","Colisión","S/D","S/D","S/D","S/D"
2014,10067,22/11/2014,"Sabado",0,07:25:00,"Ruta Provincial 65","15.0",2,"Bicicleta,Automóvil"," ",2,1,0,0,1,0,0,,"Ruta",65,"ESTACIÓN DÍAZ","San Jerónimo","Asfalto","Natural","XV","S/D","S/D","S/D","S/D","Recta","Bueno","Buena","Diurna","Buen Tiempo","S/D","S/D","Atropello","S/D","S/D","S/D","S/D"
2014,10068,01/11/2014,"Sabado",0,12:30:00,,"0.0",2,"Moto/Ciclomotor,Automóvil","Piedras Y Gral Alvear",2,1,0,0,1,0,0,,"Calle",,"SAN CRISTÓBAL","San Cristóbal","Ripio","Ripio","XIII","Dentro","Urbana","Ninguna","No existe","Intersección","Bueno","Buena","Diurna","Buen Tiempo","Lateral","S/D","Colisión","S/D","Faltante","Ninguna","Sin restricción"
2014,10069,29/10/2014,"Miercoles",0,10:00:00,,"0.0",2,"Automóvil,Peatón","San lorenzo 1100",2,1,0,0,1,0,0,,"Calle",,"TOTORAS","Iriondo","Asfalto","No existe","X","Dentro","Urbana","Ninguna","No existe","Recta","Bueno","Buena","Diurna","Buen Tiempo","S/D","S/D","Atropello,Despiste","Ninguna","Vertical","Ninguna","Sin restricción"
2014,10070,20/11/2014,"Jueves",0,11:00:00,,"0.0",2,"Peatón,Automóvil","Av Blas Parera Y Gorostiaga",2,0,1,0,1,0,0,,"Avenida",,"SANTA FE","La Capital","Hormigón","Pavimento","I","Dentro","Urbana","Ninguna","No existe","Intersección","Bueno","Buena","Diurna","Buen Tiempo","S/D","S/D","Atropello","S/D","Horizontal,Vertical","Cordón divisorio","Sin restricción"
2014,10071,24/11/2014,"Lunes",0,15:30:00,,"0.0",2,"Moto/Ciclomotor,Camión","Estanislao Lopez ",2,1,0,0,1,0,0,,"Calle",,"VERA","Vera","Ripio","No existe","XIX","Dentro","Urbana","Ninguna","No existe","Recta","Bueno","S/D","Diurna","Buen Tiempo","Lateral","S/D","Colisión","S/D","S/D","Ninguna","S/D"
2014,10072,11/11/2014,"Martes",0,11:15:00,,"0.0",2,"Automóvil,Moto/Ciclomotor","JUJUY Y CHACABUCO",2,0,1,0,1,0,0,,"Calle",,"SAN GENARO","San Jerónimo","Asfalto","No existe","XV","Dentro","Urbana","Ninguna","No existe","Intersección","Bueno","Buena","Diurna","Buen Tiempo","Frontal","S/D","Colisión","Ninguna","Faltante","Ninguna","Sin restricción"
2014,10073,13/11/2014,"Jueves",0,20:30:00,,"0.0",2,"Bicicleta,Moto/Ciclomotor","San Jose Y Amenabar",2,1,0,0,0,0,1,,"Calle",,"SANTA FE","La Capital","S/D","S/D","I","S/D","Urbana","S/D","S/D","Intersección","S/D","S/D","Nocturna","S/D","S/D","S/D","Atropello","S/D","S/D","S/D","S/D"
2014,10074,22/11/2014,"Sabado",0,01:40:00,,"0.0",2,"Moto/Ciclomotor,Automóvil","Gral San Martin ",2,1,0,0,1,0,0,,"Calle",,"SAN GUILLERMO","San Cristóbal","Asfalto","S/D","XIII","Dentro","Urbana","S/D","S/D","Recta","Bueno","Buena","Nocturna","Buen Tiempo","De alcance","S/D","Colisión","S/D","S/D","S/D","S/D"
2014,10075,19/11/2014,"Miercoles",0,,,"0.0",2,"Moto/Ciclomotor,Moto/Ciclomotor","Corrientes Y Santa Fe",2,1,0,0,1,0,0,,"Calle",,"VERA","Vera","Tierra","No existe","XIX","Dentro","Urbana","Ninguna","No existe","Intersección","Bueno","S/D","Nocturna","Buen Tiempo","Lateral","S/D","Colisión","S/D","S/D","Ninguna","S/D"
2014,10076,06/11/2014,"Jueves",0,09:55:00,,"0.0",2,"Moto/Ciclomotor,Automóvil","Benavidez Y Bv San Martin",2,1,0,0,1,0,0,,"Calle",,"BARRANCAS","San Jerónimo","Asfalto","No existe","XV","S/D","Urbana","Ninguna","No existe","Intersección","Bueno","Buena","Diurna","Buen Tiempo","De alcance","S/D","Colisión","Ninguna","Faltante","Ninguna","Sin restricción"