"anio_acci","nro_acci","fecha","desc_dia","fecha_aprox","hora_aprox","desc_ruta","km","cant_participantes","desc_participante","calle_avenida_km","total","heridos_leves","heridos_graves","heridos_gravisimos","ilesos","fallecidos","sin_datos","posicion_XY","desc_tipo_via","desc_ruta_ori","desc_loc","desc_dpto","desc_tipo_calzada","desc_tipo_banquina","desc_unidad_regional","desc_lugar_calzada","desc_zona","desc_prioridad","desc_estado_semaforo","desc_lugar_via","desc_estado_via","desc_estado_visibilidad","desc_luminosidad","desc_estado_clima","desc_tipo_colision","desc_tipo_atropello","desc_tipo_hecho","desc_pres_calzada","desc_senializacion","desc_separacion_via","desc_restriccion"
2014,10077,19/11/2014,"Miercoles",0,22:20:00,,"0.0",2,"Moto/Ciclomotor,Automóvil","Av Blas Parera Y French",2,1,0,0,1,0,0,,"Avenida",,"SANTA FE","La Capital","Hormigón","Pavimento","I","Dentro","Urbana","Ninguna","Intermitente","Intersección","Bueno","Buena","Nocturna,Con luz artificial","Buen Tiempo","Lateral","S/D","Colisión","S/D","Horizontal,Vertical","Cordón divisorio","Sin restricción"
2014,10078,08/11/2014,"Sabado",0,11:00:00,,"0.0",2,"Moto/Ciclomotor,Automóvil","Garay Y Jose de San Martin",2,1,0,0,0,0,1,,"Calle",,"CORONDA","San Jerónimo","Hormigón","No existe","XV","Dentro","Urbana","Ninguna","No existe","Recta","Bueno","Buena","Diurna","Buen Tiempo","Frontal,Lateral","S/D","Colisión","Otro","Faltante","Ninguna","Sin restricción"
2014,10079,13/11/2014,"Jueves",0,05:20:00,,"0.0",2,"Camión,Ambulancia"," ",2,0,1,0,1,0,0,,"S/D",,"LUIS PALACIOS","San Lorenzo","Asfalto","Natural","XVII","Dentro","Rural","Marca Vial","No existe","Recta","Bueno","Buena","Amanecer","Buen Tiempo","De alcance","S/D","Colisión","Ninguna","Horizontal","Línea divisoria pintada","Sin restricción"
2014,10080,21/11/2014,"Viernes",0,15:00:00,,"0.0",1,"Moto/Ciclomotor","Pellegrini 31",2,0,2,0,0,0,0,,"Calle",,"VILLA ELOÍSA","Iriondo","Ripio","Ripio","X","Dentro","Urbana","Ninguna","No existe","Recta","Resbaladiza","Buena","Diurna","Buen Tiempo","Atropello animal","S/D","Colisión,Vuelco","Material Suelto","Vertical","Ninguna","Sin restricción"
2014,10081,14/11/2014,"Viernes",0,,,"0.0",2,"Automóvil,Moto/Ciclomotor","Leiva M Y Estanislao Lopez",2,1,0,0,1,0,0,,"Calle",,"VERA","Vera","Tierra","S/D","XIX","S/D","Urbana","Ninguna","S/D","Intersección","Con baches","Buena","Diurna","Buen Tiempo","De alcance","S/D","Colisión","S/D","S/D","Vegetación","S/D"
2014,10082,23/11/2014,"Domingo",0,22:00:00,"Ruta Nacional 34","306.0",1,"Moto/Ciclomotor"," ",1,1,0,0,0,0,0,,"Ruta",34,"MONIGOTES","San Cristóbal","Tierra","Natural","XIII","S/D","Rural","Ninguna","S/D","Intersección","Bueno","Buena","Nocturna","Buen Tiempo","S/D","S/D","Caída ocupante","S/D","Faltante","Vegetación","Sin restricción"
2014,10083,23/11/2014,"Domingo",0,05:50:00,,"0.0",1,"Moto/Ciclomotor","Carlos Altamirano 80",2,0,1,0,1,0,0,,"Calle",,"CERES","San Cristóbal","Arena","No existe","XIII","Dentro","Urbana","Ninguna","No existe","Recta","Bueno","Buena","Amanecer","Buen Tiempo","S/D","S/D","Caída ocupante","S/D","Faltante","Barrera de hormigón","Sin restricción"
2014,10084,12/11/2014,"Miercoles",0,12:00:00,,"0.0",2,"Camión,Moto/Ciclomotor","Bv T Madrejon ",2,1,0,0,1,0,0,,"Avenida",,"SAN JAVIER","San Javier","Hormigón","No existe","XVI","Dentro","Urbana","Ninguna","No existe","Recta","Bueno","Buena","Diurna","Buen Tiempo","Lateral","S/D","Colisión","Ninguna","Faltante","Cordón divisorio","Sin restricción"
2014,10085,14/10/2014,"Martes",0,13:30:00,,"0.0",2,"Automóvil,Moto/Ciclomotor","Av Paganini Y Oroño",3,2,0,0,1,0,0,,"Avenida",,"BARRANCAS","San Jerónimo","Asfalto","Pavimento","XV","S/D","Urbana","S/D","No existe","Intersección","Bueno","Buena","Diurna","Buen Tiempo","Lateral","S/D","Colisión","Otro","S/D","Ninguna","S/D"
2014,10086,30/10/2014,"Jueves",0,19:10:00,,"0.0",2,"Moto/Ciclomotor,Bicicleta","Avda Maipu Y Mitre",3,3,0,0,0,0,0,,"Avenida",,"TOTORAS","Iriondo","Asfalto","No existe","X","S/D","Urbana","Ninguna","No existe","Intersección","Bueno","Buena","Diurna","Buen Tiempo","S/D","S/D","Atropello","Ninguna","Vertical","Cordón divisorio","Sin restricción"
2014,10087,19/11/2014,"Miercoles",0,13:20:00,,"0.0",2,"Automóvil,Pickup/Utilitario","Av Blas Parera Y Millan Medina",2,1,0,0,1,0,0,,"Avenida",,"SANTA FE","La Capital","Hormigón","Pavimento","I","Dentro","Urbana","Semáforo","Funciona","Intersección","Bueno","Buena","Diurna","Buen Tiempo","De alcance","S/D","Colisión","Agua","Horizontal,Vertical","Cordón divisorio","Sin restricción"
2014,10088,19/11/2014,"Miercoles",0,07:00:00,,"0.0",2,"Automóvil,Otros","Europa 7800",2,1,0,0,1,0,0,,"Calle",,"SANTA FE","La Capital","Tierra","Natural","I","Dentro","Urbana","Ninguna","No existe","Recta","Deteriorada,Ahuellamiento","Buena","Diurna","Buen Tiempo","Lateral","S/D","Colisión","S/D","Faltante","Ninguna","Sin restricción"
2014,10089,04/11/2014,"Martes",0,05:20:00,,"0.0",2,"Pickup/Utilitario,Camión"," ",3,0,2,0,1,0,0,,"S/D",,"LUIS PALACIOS","San Lorenzo","Asfalto","Natural","XVII","Dentro","Rural","Marca Vial","No existe","Recta","Bueno","Buena","Amanecer","Buen Tiempo","De alcance","S/D","Colisión","Ninguna","Horizontal","Línea divisoria pintada","Sin restricción"
2014,10090,25/11/2014,"Martes",0,20:45:00,,"0.0",2,"Pickup/Utilitario,Bicicleta","Avenida Chacabuco Y Almirante Brown",2,0,1,0,1,0,0,,"Avenida",,"CERES","San Cristóbal","Hormigón","No existe","XIII","Dentro","Urbana","Ninguna","No existe","Intersección","Bueno","Reducida","Nocturna,Con luz artificial","Buen Tiempo","S/D","S/D","Atropello","Ninguna","Faltante","Vegetación","Sin restricción"
2014,10091,11/11/2014,"Martes",0,17:00:00,,"0.0",2,"Automóvil,Moto/Ciclomotor","Av Freyre Y Jujuy",2,0,0,0,0,0,2,,"Calle",,"SANTA FE","La Capital","Asfalto","S/D","I","S/D","Urbana","S/D","S/D","Intersección","S/D","S/D","S/D","S/D","S/D","S/D","Colisión","S/D","S/D","S/D","S/D"
2014,10092,07/11/2014,"Viernes",0,20:10:00,"Autopista Nacional Rosario -Cordoba","325.5",1,"Automóvil"," ",4,4,0,0,0,0,0,,"Autopista","Rosario -Cordoba","SAN JERÓNIMO SUR","San Lorenzo","Asfalto","Natural","XVII","Fuera","Rural","Ninguna","No existe","Recta","Bueno","Buena","Nocturna,Con luz artificial","Buen Tiempo","S/D","S/D","Vuelco","S/D","Horizontal,Vertical","Vegetación","Sin restricción"
2014,10093,11/11/2014,"Martes",0,08:05:00,,"0.0",2,"Automóvil,Moto/Ciclomotor","Colon Y San Martin",2,1,0,0,1,0,0,,"Calle",,"VERA","Vera","Asfalto","Pavimento","XIX","S/D","Urbana","Ninguna","No existe","Intersección","Bueno","Buena","Diurna","Lluvia","Lateral","S/D","Colisión","S/D","Faltante","Ninguna","Sin restricción"
2014,10094,07/11/2014,"Viernes",0,09:15:00,,"0.0",2,"Pickup/Utilitario,Moto/Ciclomotor","Juan de Garay ",2,1,0,0,1,0,0,,"Calle",,"SAN JAVIER","San Javier","Ripio","Natural","XIV","Dentro","Urbana","Ninguna","No existe","Recta","Resbaladiza","Reducida polvo","Diurna","Buen Tiempo","De alcance","S/D","Colisión","S/D","Faltante","Ninguna","Sin restricción"
2014,10095,26/11/2014,"Miercoles",0,22:00:00,,"0.0",2,"Moto/Ciclomotor,Moto/Ciclomotor"," ",3,0,3,0,0,0,0,,"Camino Rural",,"LA LUCILA","San Cristóbal","Tierra","No existe","XIII","Dentro","Rural","Ninguna","No existe","Recta","Bueno","Buena","Nocturna","Buen Tiempo","Frontal","S/D","Colisión","S/D","Faltante","Ninguna","Sin restricción"
2014,10096,10/11/2014,"Lunes",0,18:15:00,,"0.0",2,"Moto/Ciclomotor,Automóvil","Hernandarias Y Chaco",2,1,0,0,1,0,0,,"Calle",,"SANTA FE","La Capital","Asfalto","S/D","I","Dentro","Urbana","Ninguna","S/D","Intersección","Bueno","Buena","Atardecer","Lluvia","Frontal","S/D","Colisión","Agua","S/D","Línea divisoria pintada","Sin restricción"
2014,10097,14/11/2014,"Viernes",0,08:00:00,,"0.0",1,"Automóvil"," ",4,2,2,0,0,0,0,,"Camino Rural",,"LA PENCA Y CARAGUATAY","San Justo","Ripio","Natural","XVI","Dentro","Rural","Ninguna","No existe","Recta","Bueno","Buena","Diurna","Buen Tiempo","Otro","S/D","Vuelco","Ninguna","Faltante","Ninguna","Sin restricción"
2014,10098,04/11/2014,"Martes",0,22:30:00,,"0.0",2,"Automóvil,Moto/Ciclomotor","Gral San Martin Y Salk",2,1,0,0,1,0,0,,"Calle",,"SAN GUILLERMO","San Cristóbal","Asfalto","S/D","XIII","Dentro","Urbana","Ninguna","No existe","Intersección","Bueno","Buena","Nocturna,Con luz artificial","Buen Tiempo","Lateral","S/D","Colisión","S/D","Faltante","Ninguna","Sin restricción"
2014,10099,07/11/2014,"Viernes",0,16:30:00,,"0.0",2,"Moto/Ciclomotor,Pickup/Utilitario","CAMINO RURAL ",3,1,0,0,2,0,0,,"Calle",,"PORTUGALETE","San Cristóbal","Tierra","No existe","XIII","Dentro","Rural","Ninguna","No existe","Intersección","Bueno","Buena","Diurna","Buen Tiempo","Lateral","S/D","Colisión","S/D","Faltante","Ninguna","S/D"
2014,10100,06/11/2014,"Jueves",0,,,"0.0",2,"Automóvil,Moto/Ciclomotor","Moreno Y Alvear",2,1,0,0,1,0,0,,"Calle",,"VERA","Vera","Asfalto","S/D","XIX","Dentro","Urbana","Ninguna","No existe","Intersección","S/D","S/D","Diurna","Buen Tiempo","Lateral","S/D","Colisión","S/D","S/D","S/D","Sin restricción"
2014,10101,07/09/2014,"Domingo",0,16:50:00,,"0.0",2,"Bicicleta,Moto/Ciclomotor","A. Capdevila Y Maipu",2,2,0,0,0,0,0,,"Calle",,"CAÑADA DE GÓMEZ","Iriondo","Tierra","Natural","X","Dentro","Urbana","Ninguna","No existe","Recta","Deteriorada,Ahuellamiento","Buena","Diurna","Buen Tiempo","S/D","S/D","Atropello","S/D","Faltante","Ninguna","Sin restricción"
2014,10102,11/10/2014,"Sabado",0,06:55:00,,"0.0",1,"Automóvil","Av Paganini Y Urquiza",1,1,0,0,0,0,0,,"Calle",,"BARRANCAS","San Jerónimo","Asfalto","Pavimento","XV","S/D","Urbana","Ninguna","No existe","Intersección","Bueno","Buena","Diurna","Buen Tiempo","Contra objeto fijo","S/D","Colisión","S/D","S/D","Ninguna","S/D"
2014,10103,07/11/2014,"Viernes",0,,,"0.0",2,"Automóvil,Moto/Ciclomotor","San Martin Y E Aleman",3,2,0,0,1,0,0,,"Calle",,"VERA","Vera","Asfalto","Pavimento","XIX","S/D","Urbana","Ninguna","No existe","Intersección","Bueno","Buena","Nocturna","Buen Tiempo","Lateral","S/D","Colisión","S/D","S/D","S/D","Sin restricción"
2014,10104,11/11/2014,"Martes",0,13:00:00,,"0.0",2,"Moto/Ciclomotor,Pickup/Utilitario","Av Freyre Y Moreno",2,0,0,0,0,0,2,,"Calle",,"SANTA FE","La Capital","S/D","S/D","I","S/D","Urbana","S/D","S/D","S/D","S/D","S/D","S/D","S/D","S/D","S/D","Colisión","S/D","S/D","S/D","S/D"
2014,10105,05/10/2014,"Domingo",0,08:45:00,"Ruta Nacional 11","0.0",1,"Automóvil","RTA NAC.11 ZONA RURAL ",1,1,0,0,0,0,0,,"Ruta",11,"BARRANCAS","San Jerónimo","Asfalto","Natural","XV","S/D","Rural","Ninguna","S/D","Recta","Bueno","Reducida","Diurna","Lluvia","Contra objeto fijo","S/D","Colisión","Agua","S/D","Ninguna","S/D"
2014,10106,20/11/2014,"Jueves",0,17:00:00,,"0.0",2,"Automóvil,Moto/Ciclomotor","Balcarce Y J Macia",2,0,1,0,1,0,0,,"Calle",,"SANTO TOMÉ","La Capital","S/D","S/D","I","Dentro","Urbana","Ninguna","S/D","Intersección","S/D","Buena","Diurna","Buen Tiempo","Frontal","S/D","Colisión","S/D","S/D","S/D","Sin restricción"
2014,10107,24/11/2014,"Lunes",0,,,"0.0",2,"Moto/Ciclomotor,Moto/Ciclomotor","9 de Julio Y Mitre B",3,2,0,0,1,0,0,,"Calle",,"VERA","Vera","Asfalto","No existe","XIX","Dentro","Urbana","Ninguna","No existe","Intersección","Bueno","Buena","Diurna","Buen Tiempo","Lateral","S/D","Colisión","S/D","Faltante","Ninguna","Sin restricción"
2014,10108,29/11/2014,"Sabado",0,12:00:00,,"0.0",2,"Automóvil,Moto/Ciclomotor","Dorrego Y Diag. Berardo",2,1,0,0,1,0,0,,"S/D",,"SAN LORENZO","San Lorenzo","Hormigón","S/D","XVII","S/D","S/D","S/D","S/D","Intersección","Bueno","S/D","Diurna","S/D","S/D","S/D","S/D","S/D","S/D","S/D","S/D"
2014,10109,08/11/2014,"Sabado",0,,,"0.0",1,"Moto/Ciclomotor","Avenida de Mayo Y Avenida Chacabuco",1,1,0,0,0,0,0,,"Avenida",,"CERES","San Cristóbal","Hormigón","No existe","XIII","Dentro","Urbana","Ninguna","No existe","Intersección","Bueno","Buena","Diurna","Buen Tiempo","Frontal","S/D","Colisión","Otro","Faltante","Cordón divisorio","Sin restricción"
2014,10110,06/11/2014,"Jueves",0,22:00:00,,"0.0",2,"Automóvil,Bicicleta","Av Freyre Y Av Gral Lopez",2,0,0,0,0,0,2,,"Avenida",,"SANTA FE","La Capital","Asfalto","S/D","I","S/D","Urbana","S/D","S/D","Intersección","S/D","S/D","S/D","S/D","S/D","S/D","Atropello","S/D","S/D","S/D","S/D"
2014,10111,16/10/2014,"Jueves",0,13:20:00,,"0.0",2,"Automóvil,Automóvil","Manuel Belgrano Y Arenales",2,2,0,0,0,0,0,,"Calle",,"TOTORAS","Iriondo","Asfalto","No existe","X","Dentro","Urbana","Ninguna","No existe","Intersección","Bueno","Buena","Diurna","Buen Tiempo","Frontal,Lateral","S/D","Colisión","Ninguna","Faltante","Ninguna","Sin restricción"
2014,10112,07/09/2014,"Domingo",0,06:10:00,,"0.0",2,"Moto/Ciclomotor,Pickup/Utilitario","Mitre Y Almte. Brown",2,1,0,0,0,0,1,,"Calle",,"CAÑADA DE GÓMEZ","Iriondo","Asfalto","No existe","X","Dentro","Urbana","Ninguna","No existe","Intersección","Bueno","Buena","Nocturna","Buen Tiempo","Lateral","S/D","Colisión","Agua","Faltante","Ninguna","Sin restricción"
2014,10113,26/11/2014,"Miercoles",0,07:45:00,,"0.0",2,"Automóvil,Moto/Ciclomotor","Belgrano Y Espa±a",2,1,0,0,1,0,0,,"Calle",,"VERA","Vera","Asfalto","S/D","XIX","S/D","Urbana","Ninguna","No existe","Intersección","Bueno","Buena","Diurna","Buen Tiempo","Lateral","S/D","Colisión","S/D","S/D","Ninguna","S/D"
2014,10114,08/11/2014,"Sabado",0,20:00:00,,"0.0",2,"Automóvil,Moto/Ciclomotor","Centenario Y Hernandarias",2,1,0,0,1,0,0,,"Calle",,"SANTO TOMÉ","La Capital","Asfalto","Pavimento","I","Dentro","Urbana","Ninguna","No existe","Intersección","Bueno","Buena","Diurna","Buen Tiempo","Lateral","S/D","Colisión","S/D","Faltante","S/D","Sin restricción"
2014,10115,04/11/2014,"Martes",0,19:15:00,,"0.0",2,"Moto/Ciclomotor,Automóvil","Irigoyen Y Silverio Cordoba",2,1,0,0,1,0,0,,"Calle",,"SAN LORENZO","San Lorenzo","Hormigón","S/D","XVII","S/D","Urbana","S/D","S/D","Intersección","Bueno","S/D","Diurna","S/D","S/D","S/D","S/D","S/D","S/D","S/D","S/D"
2014,10116,27/11/2014,"Jueves",0,07:45:00,,"0.0",2,"Pickup/Utilitario,Automóvil"," ",3,2,0,0,1,0,0,,"Camino Rural",,"COLONIA ANA","San Cristóbal","Arena","No existe","XIII","Dentro","Rural","Ninguna","No existe","Intersección","Ahuellamiento","Buena","Diurna","Buen Tiempo","Lateral","S/D","Colisión","S/D","Faltante","Ninguna","Sin restricción"
2014,10117,06/09/2014,"Sabado",0,06:20:00,"Ruta Nacional 9","0.0",2,"Moto/Ciclomotor,Otros","RUTA NACIONAL N&#186; 9 Y RUTA PROVINCIAL N&#186; 91",3,2,0,0,0,0,1,,"Ruta",9,"CAÑADA DE GÓMEZ","Iriondo","Hormigón","Natural","X","Dentro","Rural","Señal Ceda el Paso","No existe","Intersección","Deteriorada","Reducida","Amanecer","Buen Tiempo","Lateral","S/D","Colisión","S/D","Vertical","Cordón divisorio","Sin restricción"
2014,10118,05/11/2014,"Miercoles",0,20:10:00,,"0.0",2,"Automóvil,Moto/Ciclomotor","Av San Martin Y Falucho",2,1,0,0,1,0,0,,"Avenida",,"SAN LORENZO","San Lorenzo","Asfalto","S/D","XVII","S/D","Urbana","S/D","S/D","Intersección","Bueno","S/D","Nocturna","S/D","S/D","S/D","S/D","S/D","S/D","S/D","S/D"
2014,10119,08/11/2014,"Sabado",0,10:00:00,,"0.0",2,"Moto/Ciclomotor,Automóvil","Cordoba Y Bv San Martin",2,1,0,0,1,0,0,,"Avenida",,"PUERTO SAN MARTÍN","San Lorenzo","Asfalto","No existe","XVII","Dentro","Urbana","Ninguna","S/D","Intersección","Bueno","Buena","Diurna","Buen Tiempo","Lateral","S/D","Colisión","Ninguna","Horizontal","Ninguna","Sin restricción"
2014,10120,04/09/2014,"Jueves",0,11:40:00,,"0.0",2,"Moto/Ciclomotor,Pickup/Utilitario","Bv Centenario B Y Mitre",2,1,0,0,1,0,0,,"Calle",,"CAÑADA DE GÓMEZ","Iriondo","Asfalto","No existe","X","Dentro","Urbana","Semáforo","Funciona","Recta","Deteriorada","Buena","Diurna","Lluvia","Lateral","S/D","Colisión","Agua","Faltante","Ninguna","Sin restricción"
2014,10121,09/11/2014,"Domingo",0,,,"0.0",2,"Moto/Ciclomotor,Peatón","C Ramseyer 800",2,2,0,0,0,0,0,,"Calle",,"ROMANG","San Javier","Asfalto","Pavimento","XIV","Dentro","Urbana","Marca Vial","S/D","Recta","Bueno","Buena","Diurna","Buen Tiempo","Otro","S/D","Atropello","S/D","Horizontal","S/D","Sin restricción"
2014,10122,11/11/2014,"Martes",0,21:00:00,,"0.0",2,"Automóvil,Moto/Ciclomotor","Reconquista Y Sarmiento",2,1,0,0,1,0,0,,"Calle",,"PUERTO SAN MARTÍN","San Lorenzo","Asfalto","No existe","XVII","Dentro","Urbana","Ninguna","No existe","Intersección","Bueno","Buena","Nocturna","Buen Tiempo","Lateral","S/D","Colisión","S/D","Horizontal","Ninguna","Sin restricción"
2014,10123,01/09/2014,"Lunes",0,16:35:00,,"0.0",2,"Moto/Ciclomotor,Pickup/Utilitario","Ocampo Y Buenos Aires",2,1,0,0,1,0,0,,"Calle",,"CAÑADA DE GÓMEZ","Iriondo","Ripio","Ripio","X","Dentro","Urbana","Ninguna","No existe","Intersección","Con baches","Buena","Diurna","Buen Tiempo","Lateral","S/D","Colisión","S/D","Faltante","Ninguna","Sin restricción"
2014,10124,13/10/2014,"Lunes",0,15:30:00,"Ruta Nacional 34","50.0",1,"Automóvil"," ",1,1,0,0,0,0,0,,"Ruta",34,"TOTORAS","Iriondo","Hormigón","Natural","X","S/D","S/D","Ninguna","No existe","Recta","Bueno","Buena","Diurna","Buen Tiempo","S/D","S/D","Vuelco,Despiste","Ninguna","Vertical","Línea divisoria pintada","S/D"
2014,10125,18/11/2014,"Martes",0,19:00:00,,"0.0",2,"Bicicleta,Moto/Ciclomotor"," ",2,1,0,0,0,0,1,,"Calle",,"PUERTO SAN MARTÍN","San Lorenzo","Asfalto","No existe","XVII","Dentro","Urbana","Ninguna","No existe","Recta","Bueno","Buena","Nocturna","Buen Tiempo","S/D","S/D","Atropello","Ninguna","Horizontal","Ninguna","Sin restricción"
2014,10126,23/11/2014,"Domingo",0,17:00:00,,"0.0",2,"Automóvil,Moto/Ciclomotor","Juan Bautista Alberdi Y Falucho",4,1,1,0,2,0,0,,"Calle",,"SANTO TOMÉ","La Capital","Asfalto","Pavimento","I","Dentro","Urbana","Ninguna","No existe","Intersección","Bueno","Buena","Diurna","Buen Tiempo","S/D","S/D","Colisión","S/D","Faltante","S/D","Sin restricción"
2014,10127,29/11/2014,"Sabado",0,21:20:00,,"0.0",2,"Moto/Ciclomotor,Moto/Ciclomotor","Cordoba Y 25 de Mayo",3,1,0,0,1,0,1,,"Calle",,"PUERTO SAN MARTÍN","San Lorenzo","Asfalto","No existe","XVII","Dentro","Urbana","Ninguna","No existe","Intersección","Bueno","Buena","Nocturna","Buen Tiempo","Lateral","S/D","Colisión","Ninguna","Horizontal","Ninguna","Sin restricción"
2014,10128,07/11/2014,"Viernes",0,08:10:00,,"0.0",2,"Automóvil,Moto/Ciclomotor","Gdor Freyre Y 3 de Febrero",2,1,0,0,0,0,1,,"Calle",,"SANTA FE","La Capital","Asfalto","S/D","I","S/D","Urbana","S/D","S/D","Intersección","S/D","S/D","S/D","S/D","S/D","S/D","Colisión","S/D","S/D","S/D","S/D"
2014,10129,29/11/2014,"Sabado",0,00:30:00,,"0.0",2,"Moto/Ciclomotor,Moto/Ciclomotor","25 de Mayo Y L de la Torre",2,2,0,0,0,0,0,,"Calle",,"ROMANG","San Javier","Tierra","Natural","XIV","Dentro","Urbana","Ninguna","S/D","Intersección","Bueno","Reducida","Nocturna","Buen Tiempo","Lateral","S/D","Colisión","Ninguna","Faltante","Ninguna","S/D"
2014,10130,27/11/2014,"Jueves",0,12:15:00,,"0.0",2,"Pickup/Utilitario,Moto/Ciclomotor","Caseros Y Alberdi",2,1,0,0,1,0,0,,"Calle",,"SAN CRISTÓBAL","San Cristóbal","Asfalto","No existe","XIII","Dentro","S/D","Ninguna","No existe","Intersección","Bueno","Buena","Diurna","Buen Tiempo","Lateral","S/D","Colisión","S/D","Faltante","Ninguna","Sin restricción"
2014,10131,16/11/2014,"Domingo",0,13:50:00,,"0.0",2,"Moto/Ciclomotor,Automóvil","ROVERANO  Y 1 DE MAYO",2,2,0,0,0,0,0,,"Calle",,"SAUCE VIEJO","La Capital","Ripio","S/D","I","Dentro","Urbana","S/D","S/D","Intersección","Bueno","S/D","Diurna","S/D","S/D","S/D","S/D","S/D","S/D","S/D","S/D"
2014,10132,28/11/2014,"Viernes",0,18:35:00,,"0.0",2,"Automóvil,Moto/Ciclomotor","9 de Julio Y Maipu",3,2,0,0,1,0,0,,"Calle",,"SAN CRISTÓBAL","San Cristóbal","Asfalto","Pavimento","XIII","Dentro","Urbana","Ninguna","No existe","Intersección","Bueno","Buena","Diurna","Buen Tiempo","Lateral","S/D","Colisión","S/D","Faltante","Ninguna","Sin restricción"
2014,10133,02/11/2014,"Domingo",0,11:15:00,,"0.0",2,"Automóvil,Moto/Ciclomotor","Rivadavia Y Urquiza",2,1,0,0,1,0,0,,"Calle",,"ROMANG","San Javier","Tierra","No existe","XIV","Dentro","Urbana","Ninguna","No existe","Intersección","Otro","Buena","Diurna","Buen Tiempo","Lateral","S/D","Colisión","Ninguna","Faltante","Ninguna","Sin restricción"
2014,10134,28/11/2014,"Viernes",0,20:50:00,,"0.0",2,"Automóvil,Moto/Ciclomotor","Av. de los Trabaj. Ferroviario 400",2,1,0,0,1,0,0,,"Avenida",,"SAN CRISTÓBAL","San Cristóbal","Asfalto","Pavimento","XIII","S/D","Urbana","Ninguna","No existe","Recta","Bueno","Buena","Atardecer","Buen Tiempo","Lateral","S/D","Colisión","S/D","Faltante","Ninguna","Sin restricción"
2014,10135,23/11/2014,"Domingo",0,13:20:00,,"0.0",2,"Pickup/Utilitario,Automóvil","URQUIZA Y TITO ESPONTON",3,1,0,0,2,0,0,,"Calle",,"ROMANG","San Javier","Tierra","No existe","XIV","Dentro","Urbana","Ninguna","No existe","Intersección","Bueno","Buena","Diurna","Buen Tiempo","Lateral","S/D","Colisión","Ninguna","S/D","Ninguna","Sin restricción"
2014,10136,29/11/2014,"Sabado",0,17:10:00,,"0.0",1,"Moto/Ciclomotor","Av. de los Trabaj. Ferroviario Y Hipolito Irigoyen",1,1,0,0,0,0,0,,"Avenida",,"SAN CRISTÓBAL","San Cristóbal","Asfalto","No existe","XIII","Dentro","Urbana","Ninguna","No existe","Curva","Bueno","Buena","Diurna","Buen Tiempo","S/D","S/D","Caída ocupante","Ninguna","Faltante","Ninguna","S/D"
2014,10138,18/11/2014,"Martes",0,09:45:00,"Ruta Nacional 11","484.0",2,"Moto/Ciclomotor,Automóvil","Ruta Nacional 11 Y Santa Fe",2,1,0,0,1,0,0,,"Ruta",11,"RECREO","La Capital","S/D","S/D","I","S/D","Urbana","S/D","S/D","S/D","S/D","S/D","S/D","S/D","S/D","S/D","S/D","S/D","S/D","S/D","S/D"
2014,10139,01/11/2014,"Sabado",0,12:10:00,"Ruta Nacional 11","0.0",2,"Moto/Ciclomotor,Moto/Ciclomotor"," ",2,1,0,0,1,0,0,,"Ruta",11,"SAUCE VIEJO","La Capital","Asfalto","S/D","I","Dentro","Urbana","S/D","No existe","Recta","Bueno","S/D","Diurna","S/D","S/D","S/D","S/D","S/D","S/D","S/D","S/D"
2014,10140,16/11/2014,"Domingo",0,20:00:00,"Ruta Nacional 11","0.0",2,"Moto/Ciclomotor,Automóvil"," ",2,1,0,0,1,0,0,,"Ruta",11,"SANTO TOMÉ","La Capital","Asfalto","S/D","I","S/D","Urbana","S/D","S/D","Puente","S/D","S/D","S/D","S/D","S/D","S/D","Colisión","S/D","S/D","S/D","S/D"
2014,10141,19/12/2014,"Viernes",0,04:15:00,"Ruta Nacional 95","813.5",2,"Camión,Camión"," ",2,0,1,0,0,1,0,"-28.937782, -61.581019","Ruta",95,"POZO BORRADO","9 de Julio","Asfalto","Natural","XII","Dentro","Rural","Ninguna","No existe","Recta","Bueno","Buena","Nocturna","Buen Tiempo","Frontal","S/D","Colisión","Ninguna","Faltante","Línea divisoria pintada","Sin restricción"
2014,10142,08/11/2014,"Sabado",0,09:55:00,"Ruta Provincial 13","0.0",2,"Camión,Automóvil"," ",2,0,1,0,1,0,0,,"Ruta",13,"LOS CARDOS","San Martín","Asfalto","Natural","XVIII","S/D","Rural","Marca Vial","S/D","Recta","Bueno","Buena","Diurna","Buen Tiempo","Lateral","S/D","Colisión","S/D","S/D","Línea divisoria pintada","Sin restricción"
2014,10143,20/12/2014,"Sabado",0,15:30:00,"Autopista Provincial Brigadier E.López","87.2",1,"Automóvil","AP 01 km 87,2 asc. ",3,1,0,0,0,2,0,"-32.153318, -60.995843","Autopista","Brigadier E.López","SAN FABIÁN","San Jerónimo","Asfalto","Pavimento","XV","Fuera","Rural","S/D","No existe","Recta","Con baches","Buena","Diurna","Buen Tiempo","S/D","S/D","Vuelco,Despiste","Ninguna","Horizontal","Vegetación","Sin restricción"