"anio_acci","nro_acci","fecha","desc_dia","fecha_aprox","hora_aprox","desc_ruta","km","cant_participantes","desc_participante","calle_avenida_km","total","heridos_leves","heridos_graves","heridos_gravisimos","ilesos","fallecidos","sin_datos","posicion_XY","desc_tipo_via","desc_ruta_ori","desc_loc","desc_dpto","desc_tipo_calzada","desc_tipo_banquina","desc_unidad_regional","desc_lugar_calzada","desc_zona","desc_prioridad","desc_estado_semaforo","desc_lugar_via","desc_estado_via","desc_estado_visibilidad","desc_luminosidad","desc_estado_clima","desc_tipo_colision","desc_tipo_atropello","desc_tipo_hecho","desc_pres_calzada","desc_senializacion","desc_separacion_via","desc_restriccion"
2014,10281,05/12/2014,"Viernes",0,07:30:00,,"0.0",2,"Moto/Ciclomotor,Pickup/Utilitario"," ",2,1,0,0,1,0,0,,"Avenida",,"CAÑADA DE GÓMEZ","Iriondo","Asfalto","No existe","X","S/D","Urbana","Ninguna","No existe","Intersección","Bueno","Buena","Diurna","Buen Tiempo","Lateral","S/D","Colisión","Ninguna","Faltante","Cordón divisorio","Sin restricción"
2014,10282,27/12/2014,"Sabado",0,11:05:00,,"0.0",1,"Moto/Ciclomotor","Nicasio Oroño 2100",3,3,0,0,0,0,0,,"Calle",,"SAN JAVIER","San Javier","Hormigón","S/D","XIV","Dentro","Urbana","Ninguna","No existe","Recta","Bueno","Buena","Diurna","Buen Tiempo","Atropello animal","S/D","Colisión","Ninguna","Faltante","Ninguna","Sin restricción"
2014,10283,30/12/2014,"Martes",0,21:15:00,,"0.0",2,"Moto/Ciclomotor,Moto/Ciclomotor","S Caballero Y Dr T Romang",4,4,0,0,0,0,0,,"Calle",,"ROMANG","San Javier","Tierra","No existe","XIV","Dentro","Urbana","Ninguna","No existe","Intersección","S/D","Reducida","Nocturna","Buen Tiempo","Lateral","S/D","Colisión","S/D","Faltante","Ninguna","Sin restricción"
2014,10284,15/12/2014,"Lunes",0,18:15:00,,"0.0",2,"Pickup/Utilitario,Moto/Ciclomotor","Belgrano Y Urquiza",2,1,0,0,1,0,0,,"Calle",,"CAÑADA ROSQUÍN","San Martín","Asfalto","Natural","XVIII","Dentro","Urbana","Ninguna","No existe","Cruce","Bueno","Buena","Diurna","Buen Tiempo","Lateral","S/D","Colisión","S/D","Vertical","Ninguna","S/D"
2014,10285,05/10/2014,"Domingo",0,08:45:00,"Ruta Nacional 11","394.0",1,"Automóvil"," ",1,0,1,0,0,0,0,,"Ruta",11,"BARRANCAS","San Jerónimo","Asfalto","Natural","XV","Dentro","Urbana","S/D","No existe","Recta","Bueno","Buena","Diurna","Lluvia","Contra objeto fijo","S/D","Colisión","S/D","S/D","S/D","S/D"
2014,10286,05/01/2014,"Domingo",0,,,"0.0",2,"Camión,Moto/Ciclomotor","Av Brasil Y Santa Rosa",3,1,0,0,2,0,0,,"Calle",,"RAFAELA","Castellanos","Hormigón","No existe","V","Dentro","Urbana","Ninguna","No existe","Intersección","Bueno","Buena","Diurna","Buen Tiempo","Lateral","S/D","Colisión","Ninguna","Faltante","Ninguna","Sin restricción"
2014,10287,15/12/2014,"Lunes",0,,,"0.0",2,"Moto/Ciclomotor,Automóvil"," ",3,2,0,0,1,0,0,,"Calle",,"VILLA CONSTITUCIÓN","Constitución","Hormigón","S/D","VI","Dentro","Urbana","Ninguna","S/D","Intersección","Bueno","S/D","S/D","Buen Tiempo","Lateral","S/D","Colisión","S/D","Faltante","Ninguna","Sin restricción"
2014,10288,14/12/2014,"Domingo",0,17:50:00,,"0.0",2,"Moto/Ciclomotor,Moto/Ciclomotor","Vuelta de Obligado Y Las Rosas",4,1,0,0,3,0,0,,"Calle",,"RAFAELA","Castellanos","Asfalto","Natural","V","Dentro","Urbana","Ninguna","No existe","Intersección","Bueno","Buena","Diurna","Buen Tiempo","Lateral","S/D","Colisión","Ninguna","Faltante","Ninguna","Sin restricción"
2014,10289,25/12/2014,"Jueves",0,15:00:00,,"0.0",2,"Automóvil,Moto/Ciclomotor","Santa Fe Y Moreno",5,1,0,0,4,0,0,,"Calle",,"CAÑADA ROSQUÍN","San Martín","Asfalto","Pavimento","XVIII","S/D","Urbana","Ninguna","No existe","Intersección","Bueno","Buena","Diurna","Buen Tiempo","Lateral","S/D","Colisión","S/D","Vertical","Ninguna","Sin restricción"
2014,10290,01/11/2014,"Sabado",0,23:30:00,,"0.0",2,"Peatón,Taxi/Remis","J.M.de Rosas Y Av. Pellegrini",2,1,0,0,1,0,0,,"Avenida",,"ROSARIO","Rosario","Asfalto","S/D","II","Dentro","Urbana","Semáforo","Funciona","Intersección","Bueno","Buena","Nocturna","Buen Tiempo","S/D","S/D","Atropello","S/D","S/D","Cordón divisorio","S/D"
2014,10291,06/12/2014,"Sabado",0,01:20:00,,"0.0",2,"Moto/Ciclomotor,Moto/Ciclomotor","Antonio Podio 1700",3,2,0,0,1,0,0,,"Avenida",,"RAFAELA","Castellanos","Asfalto","No existe","V","S/D","Urbana","Ninguna","No existe","Intersección","Bueno","Buena","Nocturna","Buen Tiempo","Lateral","S/D","Colisión","Ninguna","Faltante","Ninguna","Sin restricción"
2014,10292,26/12/2014,"Viernes",0,21:16:00,,"0.0",2,"Pickup/Utilitario,Moto/Ciclomotor"," ",3,1,1,0,1,0,0,,"Calle",,"TOSTADO","9 de Julio","Asfalto","Pavimento","XII","Dentro","Urbana","Ninguna","No existe","Intersección","S/D","Reducida polvo","Nocturna","Viento Fuerte","Lateral","S/D","Colisión","Ninguna","Faltante","Ninguna","Sin restricción"
2014,10293,10/11/2014,"Lunes",0,11:00:00,,"0.0",2,"Automóvil,Moto/Ciclomotor","Rivarola Y C.Larralde",2,1,0,0,1,0,0,,"Calle",,"ROSARIO","Rosario","Asfalto","No existe","II","Dentro","Urbana","Ninguna","No existe","Intersección","Bueno","Buena","Diurna","Buen Tiempo","S/D","S/D","Colisión","S/D","Faltante","S/D","S/D"
2014,10294,15/12/2014,"Lunes",0,,,"0.0",2,"Moto/Ciclomotor,Moto/Ciclomotor","Libertad Y Saavedra",2,1,0,0,1,0,0,,"Calle",,"VILLA CONSTITUCIÓN","Constitución","Hormigón","Pavimento","VI","Dentro","Urbana","Ninguna","No existe","Intersección","Bueno","Buena","Diurna","Buen Tiempo","Frontal","S/D","Colisión","S/D","Faltante","Ninguna","Sin restricción"
2014,10295,22/11/2014,"Sabado",0,21:30:00,,"0.0",2,"Moto/Ciclomotor,Automóvil","Av. Arijon Y Bv. Oroño",2,1,0,0,1,0,0,,"Avenida",,"ROSARIO","Rosario","Asfalto","No existe","II","Dentro","Urbana","Semáforo","Funciona","Intersección","Bueno","Buena","Nocturna","Buen Tiempo","Frontal","S/D","Colisión","S/D","Vertical","Línea divisoria pintada","Sin restricción"
2014,10296,08/12/2014,"Lunes",0,21:30:00,,"0.0",2,"Moto/Ciclomotor,Automóvil","SARMIENTO  Y HIPOLITO YRIGOYEN",2,1,0,0,1,0,0,,"Calle",,"LANDETA","San Martín","Asfalto","No existe","XVIII","Dentro","Urbana","Ninguna","No existe","Intersección","Bueno","Buena","Nocturna","Buen Tiempo","Lateral","S/D","Colisión","Ninguna","Faltante","Ninguna","Sin restricción"
2014,10297,05/12/2014,"Viernes",0,15:00:00,,"0.0",2,"Moto/Ciclomotor,Automóvil","J Operto Y F Lorenzatti",3,1,0,0,0,0,2,,"Calle",,"RAFAELA","Castellanos","Asfalto","No existe","V","S/D","Urbana","Ninguna","No existe","Intersección","Bueno","Buena","Diurna","Buen Tiempo","Lateral","S/D","Colisión","Ninguna","S/D","S/D","Accidente Previo"
2014,10298,26/12/2014,"Viernes",0,00:30:00,"Ruta Nacional 11","355.6",2,"Automóvil,Automóvil"," ",4,3,0,0,1,0,0,,"Ruta",11,"OLIVEROS","Iriondo","Asfalto","S/D","X","Dentro","Rural","S/D","No existe","Recta","Bueno","Buena","Nocturna","Buen Tiempo","Frontal","S/D","Colisión","Otro","S/D","Ninguna","Sin restricción"
2014,10299,01/10/2014,"Miercoles",0,08:30:00,,"0.0",2,"Moto/Ciclomotor,Camión","Rafael Arrieta Y Buenos Aires",2,1,0,0,1,0,0,,"Calle",,"ROSARIO","Rosario","Asfalto","No existe","II","Dentro","Urbana","Ninguna","No existe","Intersección","Bueno","Buena","Diurna","Otro","S/D","S/D","Colisión","Ninguna","Horizontal","Cordón divisorio","Sin restricción"
2014,10301,03/12/2014,"Miercoles",0,22:20:00,,"0.0",2,"Moto/Ciclomotor,Moto/Ciclomotor","Ciudad de Esperanza Y Av Brasil",3,1,0,0,2,0,0,,"Calle",,"RAFAELA","Castellanos","Asfalto","No existe","V","S/D","Urbana","Paso Peatonal","No existe","Intersección","Bueno","Buena","Atardecer","Buen Tiempo","Lateral","S/D","Colisión","Ninguna","Faltante","Línea divisoria pintada","Sin restricción"
2014,10302,01/12/2014,"Lunes",0,11:00:00,,"0.0",2,"Pickup/Utilitario,Moto/Ciclomotor","Rivadavia 1000",2,1,0,0,1,0,0,,"S/D",,"CAÑADA DE GÓMEZ","Iriondo","Hormigón","S/D","X","S/D","Urbana","Ninguna","S/D","Recta","Bueno","S/D","Diurna","Buen Tiempo","Lateral","S/D","Colisión","Ninguna","Vertical","Ninguna","Sin restricción"
2014,10303,24/11/2014,"Lunes",0,01:40:00,,"882.0",1,"Moto/Ciclomotor"," ",1,1,0,0,0,0,0,,"Calle",,"SANTA MARGARITA","9 de Julio","Asfalto","Natural","XII","Dentro","Urbana","Marca Vial","No existe","Recta","Bueno","Buena","Nocturna","Buen Tiempo","Atropello animal","S/D","Colisión","S/D","S/D","Línea divisoria pintada","Sin restricción"
2014,10304,14/12/2014,"Domingo",0,,,"0.0",2,"Moto/Ciclomotor,Automóvil","Juan Jose de Urquiza Y San Juan",2,1,0,0,1,0,0,,"Calle",,"VILLA CONSTITUCIÓN","Constitución","Hormigón","Pavimento","VI","Dentro","Urbana","Ninguna","No existe","Intersección","Bueno","Buena","Diurna","Buen Tiempo","Lateral","S/D","Colisión","S/D","Faltante","Ninguna","Sin restricción"
2014,10305,20/11/2014,"Jueves",0,13:45:00,,"0.0",2,"Moto/Ciclomotor,Pickup/Utilitario","Pje. Suriguez y Acha Y Cazadores",2,1,0,0,1,0,0,,"Calle",,"ROSARIO","Rosario","Asfalto","No existe","II","Dentro","Urbana","Ninguna","No existe","Intersección","Bueno","Buena","Diurna","Buen Tiempo","Lateral","S/D","Colisión","S/D","Faltante","Cordón divisorio","Sin restricción"
2014,10306,29/10/2014,"Miercoles",0,,,"0.0",1,"Automóvil"," ",1,1,0,0,0,0,0,,"Calle",,"SANTA MARGARITA","9 de Julio","Tierra","S/D","XII","Dentro","Urbana","S/D","S/D","Recta","Con baches","Buena","Nocturna","Lluvia","Frontal","S/D","Colisión","S/D","S/D","Ninguna","S/D"
2014,10308,12/12/2014,"Viernes",0,,,"0.0",2,"Moto/Ciclomotor,Automóvil","Martin Miguel de Guemes Y Libertad",2,1,0,0,1,0,0,,"Calle",,"VILLA CONSTITUCIÓN","Constitución","Hormigón","Pavimento","VI","Dentro","Urbana","Ninguna","No existe","Intersección","Bueno","Buena","Diurna","Buen Tiempo","Frontal","S/D","Colisión","S/D","Faltante","Ninguna","Sin restricción"
2014,10309,23/12/2014,"Martes",0,,,"0.0",2,"Moto/Ciclomotor,Pickup/Utilitario","Independencia Y Santa Fe",2,1,0,0,1,0,0,,"Calle",,"VILLA CONSTITUCIÓN","Constitución","Hormigón","Pavimento","VI","Dentro","Urbana","Ninguna","No existe","Intersección","Bueno","Buena","Diurna","Buen Tiempo","Frontal","S/D","Colisión","Ninguna","Faltante","Ninguna","Sin restricción"
2014,10310,12/11/2014,"Miercoles",0,13:00:00,,"0.0",2,"Automóvil,Tractor","San Martin ",4,3,0,0,1,0,0,,"Calle",,"SANTA FE","La Capital","Tierra","No existe","I","Dentro","Urbana","Ninguna","No existe","Recta","Bueno","Buena","Diurna","Buen Tiempo","De alcance","S/D","Colisión","Ninguna","Faltante","Ninguna","Sin restricción"
2014,10311,11/10/2014,"Sabado",0,11:00:00,,"0.0",2,"Moto/Ciclomotor,Automóvil","San Martin Y Pje. Dalia",2,1,0,0,0,0,1,,"Calle",,"ROSARIO","Rosario","Asfalto","No existe","II","Dentro","Urbana","Ninguna","No existe","Intersección","Bueno","Buena","Diurna","Otro","S/D","S/D","Colisión","Ninguna","Horizontal","Cordón divisorio","Sin restricción"
2014,10312,13/11/2014,"Jueves",0,10:30:00,,"0.0",2,"Moto/Ciclomotor,Camión","24 De Setiembre 3600",2,1,0,0,1,0,0,,"Calle",,"ROSARIO","Rosario","Asfalto","No existe","II","Dentro","Urbana","Ninguna","No existe","Intersección","Bueno","Buena","Diurna","Buen Tiempo","Frontal","S/D","Colisión","Ninguna","Vertical","Ninguna","Sin restricción"
2014,10313,23/12/2014,"Martes",0,,,"0.0",2,"Moto/Ciclomotor,Automóvil","Belgrano Y Formosa",3,2,0,0,1,0,0,,"Calle",,"VILLA CONSTITUCIÓN","Constitución","Hormigón","Pavimento","VI","Dentro","Urbana","Ninguna","No existe","Intersección","Bueno","Buena","Diurna","Buen Tiempo","Lateral","S/D","Colisión","Ninguna","Faltante","Ninguna","Sin restricción"
2014,10314,10/12/2014,"Miercoles",0,,,"0.0",2,"Moto/Ciclomotor,Automóvil","Av. del Trabajo Y Sarmiento",2,1,0,0,1,0,0,,"Calle",,"VILLA CONSTITUCIÓN","Constitución","Hormigón","Pavimento","VI","Dentro","Urbana","Ninguna","No existe","Intersección","Bueno","Buena","Diurna","Buen Tiempo","Frontal","S/D","Colisión","S/D","Faltante","Ninguna","Sin restricción"
2014,10315,04/12/2014,"Jueves",0,22:25:00,,"0.0",1,"Moto/Ciclomotor","La Plata 1600",1,1,0,0,0,0,0,,"Calle",,"CAÑADA DE GÓMEZ","Iriondo","Tierra","S/D","X","S/D","Rural","Ninguna","S/D","Recta","Deteriorada","Reducida","Nocturna","Buen Tiempo","Atropello animal","S/D","Atropello","Ninguna","Faltante","Ninguna","Sin restricción"
2014,10317,23/12/2014,"Martes",0,,,"0.0",2,"Automóvil,Bicicleta","Almafuerte 1269",2,1,0,0,1,0,0,,"Calle",,"VILLA CONSTITUCIÓN","Constitución","Hormigón","Pavimento","VI","Dentro","Urbana","Ninguna","No existe","Recta","Bueno","Buena","Diurna","Buen Tiempo","S/D","S/D","Atropello","Ninguna","Faltante","Ninguna","Sin restricción"
2014,10318,11/10/2014,"Sabado",0,21:10:00,,"0.0",2,"Moto/Ciclomotor,Automóvil","San Martin Y Patricios",2,0,1,0,1,0,0,,"Calle",,"ROSARIO","Rosario","Asfalto","No existe","II","Dentro","Urbana","Ninguna","No existe","Recta","Bueno","Buena","Nocturna","Otro","S/D","S/D","Colisión","Otro","Horizontal","Cordón divisorio","Sin restricción"
2014,10319,10/12/2014,"Miercoles",0,,,"0.0",2,"Moto/Ciclomotor,Bicicleta","Libertad Y Saavedra",2,1,0,0,1,0,0,,"Calle",,"VILLA CONSTITUCIÓN","Constitución","Hormigón","Pavimento","VI","Dentro","Urbana","Ninguna","No existe","Intersección","Bueno","Buena","Diurna","Buen Tiempo","Frontal","S/D","Atropello","S/D","Faltante","Ninguna","Sin restricción"
2014,10320,10/12/2014,"Miercoles",0,12:10:00,,"0.0",2,"Camión,Moto/Ciclomotor","Bv Centenario B Y Mitre",3,2,0,0,1,0,0,,"Calle",,"CAÑADA DE GÓMEZ","Iriondo","Hormigón","S/D","X","Dentro","Urbana","Semáforo","Funciona","Intersección","Bueno","Buena","Diurna","Buen Tiempo","Lateral","S/D","Colisión","S/D","Vertical","Ninguna","Sin restricción"
2014,10321,05/11/2014,"Miercoles",0,12:00:00,,"0.0",2,"Moto/Ciclomotor,Automóvil","Av. Pte.Peron 7100",2,1,0,0,1,0,0,,"Calle",,"ROSARIO","Rosario","Asfalto","No existe","II","Dentro","Urbana","S/D","No existe","Intersección","Bueno","Buena","Diurna","Buen Tiempo","Lateral","S/D","Colisión","S/D","Faltante","S/D","S/D"
2014,10322,15/11/2014,"Sabado",0,16:40:00,,"0.0",2,"Moto/Ciclomotor,Automóvil","Bv. Segui 3800",3,2,0,0,1,0,0,,"Avenida",,"ROSARIO","Rosario","Asfalto","No existe","II","Dentro","Urbana","Semáforo","Funciona","Intersección","Bueno","Buena","Diurna","Buen Tiempo","Frontal","S/D","Colisión","Ninguna","Vertical","Cordón divisorio","Sin restricción"
2014,10323,17/11/2014,"Lunes",0,,,"0.0",2,"Automóvil,Moto/Ciclomotor","Suipacha Y 9 De Julio",2,1,0,0,1,0,0,,"Calle",,"ROSARIO","Rosario","Asfalto","S/D","II","Dentro","Urbana","S/D","S/D","Intersección","S/D","S/D","S/D","S/D","S/D","S/D","Colisión","S/D","S/D","S/D","S/D"
2014,10324,23/12/2014,"Martes",0,,,"0.0",2,"Moto/Ciclomotor,Automóvil","Acevedo Y Moreno",3,2,0,0,1,0,0,,"Calle",,"VILLA CONSTITUCIÓN","Constitución","Asfalto","Pavimento","VI","Dentro","Urbana","Ninguna","No existe","Intersección","Bueno","Buena","Diurna","Buen Tiempo","Lateral","S/D","Colisión","Ninguna","Faltante","Ninguna","Sin restricción"
2014,10325,23/12/2014,"Martes",0,16:55:00,,"0.0",2,"Automóvil,Moto/Ciclomotor","Bv G L Lhemann Y Almafuerte",2,1,0,0,1,0,0,,"Calle",,"RAFAELA","Castellanos","S/D","No existe","V","Dentro","Urbana","Semáforo","Funciona","Intersección","Bueno","Buena","Atardecer","Buen Tiempo","Lateral","S/D","Colisión","Ninguna","Horizontal","Cordón divisorio","Accidente Previo"
2014,10326,05/11/2014,"Miercoles",0,08:30:00,,"0.0",2,"Pickup/Utilitario,Moto/Ciclomotor","Av. Pte.Peron 7700",2,1,0,0,1,0,0,,"Avenida",,"ROSARIO","Rosario","Asfalto","Pavimento","II","Dentro","Urbana","S/D","S/D","Recta","S/D","Buena","Diurna","Buen Tiempo","S/D","S/D","Colisión","S/D","S/D","S/D","Sin restricción"
2014,10327,09/12/2014,"Martes",0,,,"0.0",2,"Automóvil,Moto/Ciclomotor","Mitre Y Necochea",3,2,0,0,1,0,0,,"Calle",,"CAÑADA DE GÓMEZ","Iriondo","Asfalto","No existe","X","Dentro","Urbana","Ninguna","No existe","Intersección","Bueno","Buena","Nocturna","Otro","Otro","S/D","Colisión","Ninguna","Faltante","Ninguna","Sin restricción"
2014,10328,21/10/2014,"Martes",0,18:40:00,,"0.0",2,"Moto/Ciclomotor,Automóvil","Av. Arijon Y Cereseto",2,1,0,0,1,0,0,,"S/D",,"ROSARIO","Rosario","Asfalto","No existe","II","Dentro","Urbana","Semáforo","Funciona","Intersección","Bueno","Buena","Atardecer","Buen Tiempo","Lateral","S/D","Colisión","S/D","Vertical","Cordón divisorio","Sin restricción"
2014,10329,23/12/2014,"Martes",0,,,"0.0",2,"Moto/Ciclomotor,Automóvil","Almafuerte Y Saavedra",2,1,0,0,1,0,0,,"Calle",,"VILLA CONSTITUCIÓN","Constitución","Hormigón","Pavimento","VI","Dentro","Urbana","Ninguna","No existe","Intersección","Bueno","Buena","Diurna","Buen Tiempo","Frontal","S/D","Colisión","Ninguna","Faltante","Ninguna","Sin restricción"
2014,10330,05/11/2014,"Miercoles",0,19:45:00,,"0.0",2,"Peatón,Automóvil","E.Zeballos Y L.N.Alem",2,1,0,0,1,0,0,,"Calle",,"ROSARIO","Rosario","Asfalto","S/D","II","Dentro","Urbana","S/D","S/D","Intersección","Bueno","Buena","Diurna","S/D","S/D","S/D","Atropello","S/D","S/D","Cordón divisorio","S/D"
2014,10331,17/11/2014,"Lunes",0,19:00:00,,"0.0",2,"Automóvil,Moto/Ciclomotor","Av. Pte.Peron 6900",2,1,0,0,1,0,0,,"Calle",,"ROSARIO","Rosario","Asfalto","No existe","II","S/D","Urbana","Marca Vial","No existe","Recta","Bueno","S/D","Diurna","Buen Tiempo","De alcance","S/D","Colisión","S/D","S/D","S/D","Sin restricción"
2014,10332,24/12/2014,"Miercoles",0,13:40:00,,"0.0",2,"Moto/Ciclomotor,Automóvil","Arenales Y Almafuerte",2,1,0,0,1,0,0,,"Calle",,"RAFAELA","Castellanos","Asfalto","No existe","V","S/D","Urbana","Ninguna","No existe","Intersección","Bueno","Buena","Diurna","Buen Tiempo","Otro","S/D","Colisión","Ninguna","S/D","Ninguna","Sin restricción"
2014,10333,01/10/2014,"Miercoles",0,17:00:00,,"0.0",1,"Automóvil","Flamarion 5800",2,1,0,0,1,0,0,,"Calle",,"ROSARIO","Rosario","Asfalto","No existe","II","Dentro","Urbana","Ninguna","No existe","Curva","Deteriorada","Buena","Diurna","Buen Tiempo","Contra objeto fijo","S/D","Vuelco","Ninguna","Horizontal","Ninguna","Sin restricción"
2014,10334,29/12/2014,"Lunes",0,,,"0.0",2,"Moto/Ciclomotor,Moto/Ciclomotor","Gral Lopez Y Catamarca",2,1,0,0,1,0,0,,"Calle",,"VILLA CONSTITUCIÓN","Constitución","Asfalto","Pavimento","VI","Dentro","Urbana","Ninguna","No existe","Intersección","Bueno","Reducida","Diurna","Buen Tiempo","Lateral","S/D","Colisión","Ninguna","Faltante","Ninguna","Sin restricción"
2014,10335,15/11/2014,"Sabado",0,17:10:00,,"0.0",2,"Moto/Ciclomotor,Pickup/Utilitario","Lavalle 4000",2,1,0,0,1,0,0,,"Calle",,"ROSARIO","Rosario","Asfalto","No existe","II","Dentro","Urbana","Ninguna","No existe","Intersección","Bueno","Buena","Diurna","Buen Tiempo","Frontal","S/D","Colisión","Ninguna","Vertical","Ninguna","Sin restricción"
2014,10336,24/12/2014,"Miercoles",0,08:30:00,,"0.0",2,"Moto/Ciclomotor,Automóvil","Comodoro Rivadavia Y San Martin",2,1,0,0,1,0,0,,"Calle",,"VILLA CONSTITUCIÓN","Constitución","Asfalto","S/D","VI","S/D","Urbana","S/D","S/D","Intersección","Bueno","S/D","Diurna","Buen Tiempo","Frontal","S/D","Colisión","S/D","S/D","S/D","S/D"
2014,10337,10/11/2014,"Lunes",0,17:10:00,,"0.0",2,"Pickup/Utilitario,Moto/Ciclomotor","L.N.Alem Y 3 De Febrero",3,2,0,0,1,0,0,,"Calle",,"ROSARIO","Rosario","S/D","S/D","II","Dentro","Urbana","S/D","S/D","S/D","S/D","S/D","Diurna","S/D","S/D","S/D","S/D","S/D","S/D","S/D","S/D"
2014,10338,18/12/2014,"Jueves",0,,,"0.0",2,"Moto/Ciclomotor,Automóvil","Independencia Y Santiago del Estero",3,2,0,0,1,0,0,,"Calle",,"VILLA CONSTITUCIÓN","Constitución","Hormigón","Pavimento","VI","Dentro","Urbana","Ninguna","No existe","Intersección","Bueno","Buena","Diurna","Buen Tiempo","Lateral","S/D","Colisión","Ninguna","Faltante","Ninguna","Sin restricción"
2014,10339,22/10/2014,"Miercoles",0,17:30:00,,"0.0",2,"Bicicleta,Automóvil","San Martin 6300",2,1,0,0,1,0,0,,"Avenida",,"ROSARIO","Rosario","Asfalto","No existe","II","Dentro","Urbana","Ninguna","No existe","Recta","Con baches","Buena","Diurna","Otro","Otro","S/D","Atropello","Ninguna","Horizontal","Cordón divisorio","Sin restricción"
2014,10340,12/11/2014,"Miercoles",0,20:30:00,,"0.0",2,"Automóvil,Moto/Ciclomotor","Av. De Las Palmeras Y Bv. Segui",2,2,0,0,0,0,0,,"Calle",,"ROSARIO","Rosario","Asfalto","No existe","II","Dentro","Urbana","S/D","No existe","Intersección","Bueno","Buena","Nocturna","Buen Tiempo","Lateral","S/D","Colisión","S/D","S/D","S/D","S/D"
2014,10341,18/12/2014,"Jueves",0,17:15:00,,"0.0",2,"Moto/Ciclomotor,Automóvil","Bv Pte Roca Y Hermana Fortunata",4,1,0,0,3,0,0,,"Calle",,"RAFAELA","Castellanos","Asfalto","No existe","V","S/D","Urbana","Ninguna","No existe","Curva","Bueno","Buena","Diurna","Buen Tiempo","Lateral","S/D","Colisión","Ninguna","Horizontal","Cordón divisorio","Sin restricción"
2014,10342,18/11/2014,"Martes",0,23:10:00,,"0.0",2,"Peatón,Pickup/Utilitario","Lamadrid Y Bv. Oroño",2,1,0,0,1,0,0,,"Calle",,"ROSARIO","Rosario","Asfalto","S/D","II","Dentro","Urbana","Semáforo","S/D","Intersección","Bueno","Buena","Nocturna","Buen Tiempo","S/D","S/D","Atropello","S/D","Vertical","Cordón divisorio","Sin restricción"
2014,10343,16/12/2014,"Martes",0,,"Ruta Provincial 21","0.0",2,"Automóvil,Automóvil"," ",3,0,1,0,1,1,0,"-33.236417, -60.355612","Ruta",21,"VILLA CONSTITUCIÓN","Constitución","Hormigón","Pavimento","VI","Dentro","Urbana","Ninguna","No existe","Recta","Bueno","Buena","Diurna","Buen Tiempo","Lateral","S/D","Colisión","Ninguna","Faltante","Ninguna","Sin restricción"
2014,10344,22/10/2014,"Miercoles",0,10:40:00,,"0.0",2,"Bicicleta,Automóvil","Pje. Villegas Y Padre R. Giaccone",2,1,0,0,1,0,0,,"Calle",,"ROSARIO","Rosario","Asfalto","No existe","II","Dentro","Urbana","Ninguna","No existe","Intersección","Bueno","Buena","Diurna","Otro","Otro","S/D","Atropello","Ninguna","Horizontal","Ninguna","Sin restricción"
2014,10345,23/12/2014,"Martes",0,19:35:00,,"0.0",2,"Automóvil,Moto/Ciclomotor","San Martin Y Jorge Newbery",2,1,0,0,1,0,0,,"Calle",,"VILLA CONSTITUCIÓN","Constitución","Asfalto","S/D","VI","S/D","Urbana","S/D","S/D","Intersección","Bueno","Buena","Atardecer","Buen Tiempo","Frontal","S/D","Colisión","S/D","S/D","S/D","S/D"
2014,10346,04/11/2014,"Martes",0,18:50:00,,"0.0",2,"Moto/Ciclomotor,Pickup/Utilitario","Ombu Y Callao",2,1,0,0,1,0,0,,"Calle",,"ROSARIO","Rosario","Asfalto","No existe","II","Dentro","Urbana","Ninguna","No existe","Intersección","Bueno","Buena","Atardecer","Buen Tiempo","Lateral","S/D","Colisión","S/D","Faltante","Cordón divisorio","Sin restricción"
2014,10347,16/12/2014,"Martes",0,,"Ruta Provincial 21","0.0",2,"Moto/Ciclomotor,Automóvil"," ",2,1,0,0,1,0,0,,"Ruta",21,"VILLA CONSTITUCIÓN","Constitución","Asfalto","Pavimento","VI","Dentro","Urbana","Ninguna","No existe","Intersección","Bueno","Buena","Diurna","Buen Tiempo","Frontal","S/D","Colisión","Ninguna","Faltante","Ninguna","Sin restricción"
2014,10348,15/10/2014,"Miercoles",0,09:00:00,,"0.0",2,"Moto/Ciclomotor,Automóvil","San Martin Y Lainez",2,1,0,0,1,0,0,,"Avenida",,"ROSARIO","Rosario","Asfalto","No existe","II","Dentro","Urbana","Ninguna","No existe","Intersección","Bueno","Buena","Diurna","Otro","Otro","S/D","Colisión","Ninguna","Horizontal","Cordón divisorio","Sin restricción"
2014,10349,18/11/2014,"Martes",0,21:00:00,,"0.0",2,"Pickup/Utilitario,Moto/Ciclomotor","Av. Circunvalacion Y Av. Uriburu",2,2,0,0,0,0,0,,"Calle",,"ROSARIO","Rosario","Asfalto","No existe","II","Dentro","Urbana","Marca Vial","No existe","Recta","Bueno","S/D","Nocturna","Buen Tiempo","De alcance","S/D","Colisión","S/D","Faltante","S/D","S/D"