"anio_acci","nro_acci","fecha","desc_dia","fecha_aprox","hora_aprox","desc_ruta","km","cant_participantes","desc_participante","calle_avenida_km","total","heridos_leves","heridos_graves","heridos_gravisimos","ilesos","fallecidos","sin_datos","posicion_XY","desc_tipo_via","desc_ruta_ori","desc_loc","desc_dpto","desc_tipo_calzada","desc_tipo_banquina","desc_unidad_regional","desc_lugar_calzada","desc_zona","desc_prioridad","desc_estado_semaforo","desc_lugar_via","desc_estado_via","desc_estado_visibilidad","desc_luminosidad","desc_estado_clima","desc_tipo_colision","desc_tipo_atropello","desc_tipo_hecho","desc_pres_calzada","desc_senializacion","desc_separacion_via","desc_restriccion"
2014,10350,13/12/2014,"Sabado",0,22:00:00,,"0.0",2,"Bicicleta,Automóvil","Simon Bolivar Y Santa Cruz",2,1,0,0,1,0,0,,"Calle",,"VILLA CONSTITUCIÓN","Constitución","Asfalto","S/D","VI","Dentro","Urbana","S/D","S/D","Intersección","Bueno","Buena","Nocturna,Con luz artificial","Buen Tiempo","S/D","S/D","Atropello","S/D","S/D","S/D","S/D"
2014,10351,13/11/2014,"Jueves",0,08:20:00,,"0.0",2,"Taxi/Remis,Otros","Av. Corrientes 1500",3,1,0,0,2,0,0,,"Avenida",,"ROSARIO","Rosario","Asfalto","S/D","II","Dentro","Urbana","Ninguna","No existe","Recta","Bueno","Buena","Diurna","Buen Tiempo","De alcance","S/D","Colisión","S/D","Faltante","Cordón divisorio","Sin restricción"
2014,10352,14/11/2014,"Viernes",0,10:20:00,,"0.0",2,"Peatón,Automóvil","9 De Julio Y San Martin",2,1,0,0,1,0,0,,"Calle",,"ROSARIO","Rosario","Asfalto","S/D","II","Dentro","Urbana","S/D","S/D","Intersección","Bueno","Buena","Diurna","S/D","S/D","S/D","Atropello","S/D","S/D","Cordón divisorio","S/D"
2014,10353,04/12/2014,"Jueves",0,,,"0.0",2,"Moto/Ciclomotor,Automóvil"," ",2,1,0,0,1,0,0,,"Calle",,"VILLA CONSTITUCIÓN","Constitución","Hormigón","Pavimento","VI","Dentro","Urbana","Ninguna","No existe","Intersección","Bueno","Buena","Diurna","Buen Tiempo","Frontal","S/D","Colisión","S/D","Faltante","Ninguna","Sin restricción"
2014,10354,14/11/2014,"Viernes",0,12:45:00,,"0.0",2,"Automóvil,Automóvil","Dorrego Y Av. Pellegrini",3,1,0,0,2,0,0,,"Avenida",,"ROSARIO","Rosario","Asfalto","S/D","II","Dentro","Urbana","Semáforo","Funciona","Intersección","Bueno","Buena","Diurna","Buen Tiempo","Lateral","S/D","Colisión","S/D","Vertical","Cordón divisorio","Sin restricción"
2014,10355,13/10/2014,"Lunes",0,06:00:00,,"0.0",2,"Moto/Ciclomotor,Automóvil","San Martin 7200",3,2,0,0,0,0,1,,"Avenida",,"ROSARIO","Rosario","Asfalto","No existe","II","Dentro","Urbana","Ninguna","No existe","Recta","Bueno","Buena","Amanecer","Otro","Otro","S/D","Colisión","Ninguna","Horizontal","Ninguna","Sin restricción"
2014,10356,25/12/2014,"Jueves",0,18:30:00,"Ruta Provincial 21","0.0",2,"Automóvil,Moto/Ciclomotor"," ",2,0,1,0,1,0,0,,"Ruta",21,"VILLA CONSTITUCIÓN","Constitución","Asfalto","S/D","VI","S/D","Urbana","S/D","S/D","Recta","Bueno","S/D","Atardecer","Buen Tiempo","Frontal","S/D","Colisión","S/D","S/D","S/D","S/D"
2014,10357,10/10/2014,"Viernes",0,22:35:00,,"0.0",2,"Moto/Ciclomotor,Automóvil","Av. Battle y Ordoñez Y Mariano Moreno",2,1,0,0,1,0,0,,"Calle",,"ROSARIO","Rosario","Asfalto","No existe","II","Dentro","Urbana","Semáforo","Funciona","Intersección","Bueno","Buena","Nocturna,Con luz artificial","Buen Tiempo","Lateral","S/D","Colisión","S/D","Vertical","Cordón divisorio","Sin restricción"
2014,10358,25/12/2014,"Jueves",0,18:45:00,,"0.0",2,"Automóvil,Moto/Ciclomotor","Maipu Y P Avanthay",2,1,0,0,1,0,0,,"Calle",,"RAFAELA","Castellanos","Asfalto","No existe","V","S/D","Urbana","S/D","No existe","Intersección","Bueno","Buena","Diurna","S/D","S/D","S/D","Colisión","Ninguna","S/D","S/D","S/D"
2014,10359,22/11/2014,"Sabado",0,23:40:00,,"0.0",2,"Moto/Ciclomotor,Automóvil","Dr.Rivas 3100",3,1,0,0,2,0,0,,"Calle",,"ROSARIO","Rosario","Asfalto","No existe","II","Dentro","Urbana","Ninguna","No existe","Intersección","Bueno","Buena","Diurna","Buen Tiempo","Frontal","S/D","Colisión","Ninguna","Vertical","Ninguna","Sin restricción"
2014,10360,10/11/2014,"Lunes",0,19:20:00,,"0.0",2,"Moto/Ciclomotor,Moto/Ciclomotor","Av. Francia Y Av. Arijon",2,1,0,0,1,0,0,,"Avenida",,"ROSARIO","Rosario","Asfalto","Pavimento","II","Dentro","Urbana","Semáforo","Funciona","Intersección","Bueno","Buena","Atardecer","Buen Tiempo","De alcance","S/D","Colisión","S/D","Vertical","Ninguna","Sin restricción"
2014,10361,17/11/2014,"Lunes",0,14:50:00,,"0.0",2,"Automóvil,Moto/Ciclomotor","Bv. Oroño 1359",2,1,0,0,1,0,0,,"Avenida",,"ROSARIO","Rosario","Asfalto","S/D","II","Dentro","Urbana","Ninguna","No existe","Recta","Bueno","Buena","Diurna","Buen Tiempo","Lateral","S/D","Colisión","S/D","Faltante","Cordón divisorio","Sin restricción"
2014,10362,25/12/2014,"Jueves",0,02:30:00,,"0.0",2,"Moto/Ciclomotor,Automóvil","Manuel Dorrego Y Italia",3,1,0,0,2,0,0,,"Calle",,"VILLA CONSTITUCIÓN","Constitución","Asfalto","S/D","VI","S/D","Urbana","S/D","S/D","Intersección","Bueno","Buena","Nocturna,Con luz artificial","Buen Tiempo","Frontal","S/D","Colisión","S/D","S/D","S/D","S/D"
2014,10363,10/10/2014,"Viernes",0,15:30:00,,"0.0",2,"Moto/Ciclomotor,Pickup/Utilitario","Bv. Oroño Y Ombu",2,0,1,0,1,0,0,,"Calle",,"ROSARIO","Rosario","Asfalto","No existe","II","S/D","Urbana","Semáforo","Funciona","Intersección","Bueno","Buena","Diurna","Buen Tiempo","Lateral","S/D","Colisión","S/D","Vertical","Cordón divisorio","Sin restricción"
2014,10364,18/11/2014,"Martes",0,16:00:00,,"0.0",2,"Moto/Ciclomotor,Pickup/Utilitario","Rivarola 7200",2,1,0,0,1,0,0,,"Calle",,"ROSARIO","Rosario","Asfalto","No existe","II","Dentro","Urbana","S/D","No existe","Intersección","S/D","S/D","Diurna","Lluvia","Lateral","S/D","Colisión","S/D","S/D","S/D","S/D"
2014,10365,14/11/2014,"Viernes",0,14:15:00,,"0.0",2,"Automóvil,Automóvil","Pueyrredon Y E.Zeballos",2,2,0,0,0,0,0,,"Calle",,"ROSARIO","Rosario","Asfalto","S/D","II","Dentro","Urbana","S/D","S/D","Intersección","S/D","S/D","Diurna","S/D","S/D","S/D","Colisión","S/D","S/D","S/D","S/D"
2014,10366,23/12/2014,"Martes",0,19:30:00,,"0.0",2,"Moto/Ciclomotor,Moto/Ciclomotor","Bv Pte Roca Y Ituzaingo",2,2,0,0,0,0,0,,"Calle",,"RAFAELA","Castellanos","Asfalto","No existe","V","S/D","Urbana","Señal Pare","No existe","Recta","Bueno","Buena","Atardecer","Buen Tiempo","Lateral","S/D","Colisión","Ninguna","Horizontal","Cordón divisorio","Accidente Previo"
2014,10367,17/11/2014,"Lunes",0,22:30:00,,"0.0",2,"Automóvil,Moto/Ciclomotor","San Juan Y Dorrego",3,1,0,0,2,0,0,,"Calle",,"ROSARIO","Rosario","Asfalto","S/D","II","Dentro","Urbana","Ninguna","No existe","Intersección","Bueno","Buena","Nocturna","Buen Tiempo","Lateral","S/D","Colisión","S/D","Faltante","Cordón divisorio","Sin restricción"
2014,10368,18/11/2014,"Martes",0,10:00:00,,"0.0",2,"Automóvil,Transporte de Pasajeros Urbano (> 8 asientos)","Av. Pellegrini 400",2,1,0,0,1,0,0,,"Avenida",,"ROSARIO","Rosario","Asfalto","S/D","II","Dentro","Urbana","Semáforo","Funciona","Recta","Bueno","Buena","Diurna","S/D","Lateral","S/D","Colisión","S/D","Horizontal","Cordón divisorio","S/D"
2014,10369,01/12/2014,"Lunes",0,,,"0.0",2,"Moto/Ciclomotor,Automóvil","Moreno Y Chubut",2,1,0,0,1,0,0,,"Calle",,"VILLA CONSTITUCIÓN","Constitución","Asfalto","Pavimento","VI","Dentro","Urbana","Ninguna","No existe","Intersección","S/D","Buena","Diurna","Buen Tiempo","Frontal","S/D","Colisión","S/D","Faltante","Ninguna","Sin restricción"
2014,10370,15/11/2014,"Sabado",0,18:00:00,,"0.0",2,"Moto/Ciclomotor,Moto/Ciclomotor","Alsina 3400",2,1,0,0,1,0,0,,"Calle",,"ROSARIO","Rosario","Asfalto","No existe","II","Dentro","Urbana","Ninguna","No existe","Intersección","Bueno","Buena","Diurna","Buen Tiempo","Frontal","S/D","Colisión","Ninguna","Vertical","Ninguna","Sin restricción"
2014,10371,03/11/2014,"Lunes",0,09:16:00,,"0.0",2,"Moto/Ciclomotor,Automóvil","Av. Arijon Y Balcarce",2,1,0,0,1,0,0,,"Calle",,"ROSARIO","Rosario","Asfalto","No existe","II","Dentro","Urbana","Ninguna","No existe","Intersección","Bueno","Buena","Diurna","Buen Tiempo","Lateral","S/D","Colisión","S/D","Faltante","Línea divisoria pintada","Sin restricción"
2014,10372,19/11/2014,"Miercoles",0,16:00:00,,"0.0",2,"Automóvil,Moto/Ciclomotor","Rivarola 7200",2,2,0,0,0,0,0,,"Calle",,"ROSARIO","Rosario","Asfalto","No existe","II","Dentro","Urbana","Marca Vial","No existe","Intersección","Bueno","Buena","Diurna","Buen Tiempo","Lateral","S/D","Colisión","S/D","S/D","S/D","S/D"
2014,10373,05/10/2014,"Domingo",0,05:50:00,,"0.0",2,"Moto/Ciclomotor,Automóvil","Bv. Oroño Y Av. Arijon",2,1,0,0,1,0,0,,"Avenida",,"ROSARIO","Rosario","Asfalto","No existe","II","S/D","Urbana","Semáforo","Funciona","Intersección","Bueno","S/D","Amanecer","Buen Tiempo","Lateral","S/D","Colisión","S/D","S/D","Cordón divisorio","S/D"
2014,10374,10/11/2014,"Lunes",0,04:30:00,,"0.0",2,"Automóvil,Automóvil","Av. Pellegrini Y J.M.de Rosas",2,1,0,0,1,0,0,,"Avenida",,"ROSARIO","Rosario","Asfalto","S/D","II","Dentro","Urbana","Semáforo","Funciona","Recta","Bueno","Buena","Nocturna","Buen Tiempo","Lateral","S/D","Colisión","S/D","S/D","Cordón divisorio","S/D"
2014,10375,12/11/2014,"Miercoles",0,20:45:00,,"0.0",3,"Peatón,Moto/Ciclomotor,Automóvil","Iriondo 3900",3,2,0,0,1,0,0,,"Calle",,"ROSARIO","Rosario","Asfalto","No existe","II","Dentro","Urbana","Ninguna","No existe","Intersección","Bueno","Buena","Diurna","Buen Tiempo","S/D","S/D","Atropello","Ninguna","Vertical","Ninguna","Sin restricción"
2014,10376,27/11/2014,"Jueves",0,12:00:00,,"0.0",2,"Taxi/Remis,Moto/Ciclomotor","Av. Pte.Peron 8100",2,1,0,0,1,0,0,,"Avenida",,"ROSARIO","Rosario","Asfalto","S/D","II","Dentro","Urbana","S/D","No existe","Recta","Bueno","Buena","Diurna","Buen Tiempo","Lateral","S/D","Colisión","S/D","S/D","S/D","S/D"
2014,10377,17/11/2014,"Lunes",0,13:00:00,,"0.0",2,"Peatón,Moto/Ciclomotor","Pje. Medici 5800",2,1,0,0,1,0,0,,"S/D",,"ROSARIO","Rosario","Tierra","Natural","II","S/D","Urbana","Ninguna","No existe","Recta","Bueno","Buena","Diurna","Buen Tiempo","S/D","S/D","Atropello","S/D","Faltante","Ninguna","Sin restricción"
2014,10378,07/12/2014,"Domingo",0,14:00:00,"Ruta Nacional 178","49.0",1,"Automóvil"," ",1,1,0,0,0,0,0,,"Ruta",178,"JUNCAL","Constitución","Asfalto","No existe","VI","Dentro","Rural","Marca Vial","No existe","S/D","Bueno","Buena","Diurna","Buen Tiempo","Contra objeto fijo","S/D","Colisión","S/D","Horizontal,Vertical","Cordón divisorio","Sin restricción"
2014,10379,17/11/2014,"Lunes",0,09:40:00,,"0.0",2,"Taxi/Remis,Pickup/Utilitario","San Nicolas Y 3 De Febrero",2,1,0,0,1,0,0,,"Calle",,"ROSARIO","Rosario","Asfalto","S/D","II","Dentro","Urbana","S/D","S/D","Intersección","S/D","S/D","Diurna","S/D","S/D","S/D","Colisión","S/D","S/D","S/D","S/D"
2014,10380,18/11/2014,"Martes",0,23:30:00,,"0.0",2,"Peatón,Camión","San Juan De Luz Y Copacabana",2,1,0,0,1,0,0,,"Calle",,"ROSARIO","Rosario","Asfalto","Natural","II","Dentro","Urbana","Ninguna","Intermitente","Intersección","Bueno","Buena","Nocturna","Buen Tiempo","S/D","S/D","Atropello","S/D","Faltante","Ninguna","Sin restricción"
2014,10381,08/09/2014,"Lunes",0,11:40:00,,"0.0",2,"Pickup/Utilitario,Bicicleta","25 de Mayo Y Belgrano",2,1,0,0,1,0,0,,"Calle",,"CORREA","Iriondo","Asfalto","Pavimento","X","Dentro","Urbana","Ninguna","No existe","Recta","Bueno","Buena","Diurna","Buen Tiempo","S/D","S/D","Atropello","S/D","Horizontal","Línea divisoria pintada","Sin restricción"
2014,10382,17/10/2014,"Viernes",0,23:30:00,,"0.0",2,"Vehículo Oficial,Automóvil","Av. Arijon Y Rodriguez",2,1,0,0,1,0,0,,"Avenida",,"ROSARIO","Rosario","Asfalto","No existe","II","Dentro","Urbana","Semáforo","Funciona","Intersección","Bueno","Buena","Nocturna","Buen Tiempo","Lateral","S/D","Colisión","S/D","Vertical","Cordón divisorio","Sin restricción"
2014,10383,29/11/2014,"Sabado",0,10:00:00,,"0.0",2,"Moto/Ciclomotor,Automóvil","Rivarola Y Ferrarotti",2,1,0,0,1,0,0,,"Calle",,"ROSARIO","Rosario","Asfalto","No existe","II","Dentro","Urbana","Ninguna","No existe","Intersección","Bueno","S/D","Diurna","Buen Tiempo","Lateral","S/D","Colisión","S/D","S/D","S/D","S/D"
2014,10384,14/10/2014,"Martes",0,08:20:00,,"0.0",2,"Moto/Ciclomotor,Pickup/Utilitario","Italia Y Cazadores",3,2,0,0,1,0,0,,"Calle",,"ROSARIO","Rosario","Asfalto","No existe","II","Dentro","Urbana","Ninguna","No existe","Intersección","Bueno","Buena","Diurna","Buen Tiempo","Lateral","S/D","Colisión","S/D","Faltante","Cordón divisorio","Sin restricción"
2014,10385,19/11/2014,"Miercoles",0,11:50:00,,"0.0",2,"Moto/Ciclomotor,Automóvil","Dean Funes 4100",4,2,0,0,2,0,0,,"Calle",,"ROSARIO","Rosario","Asfalto","No existe","II","Dentro","Urbana","Ninguna","No existe","Intersección","Bueno","Buena","Diurna","Buen Tiempo","Frontal","S/D","Colisión","Ninguna","Vertical","Ninguna","Sin restricción"
2014,10386,06/12/2014,"Sabado",0,20:30:00,"Ruta Nacional 178","174.0",2,"Pickup/Utilitario,Moto/Ciclomotor"," ",2,1,1,0,0,0,0,,"Ruta",178,"LAS PAREJAS","Belgrano","Asfalto","Natural","III","Dentro","Rural","Ninguna","No existe","Recta","Bueno","Buena","Atardecer","Buen Tiempo","Lateral","S/D","Colisión","S/D","S/D","S/D","Sin restricción"
2014,10387,20/11/2014,"Jueves",0,12:15:00,,"0.0",2,"Automóvil,Moto/Ciclomotor","Montevideo Y Italia",3,2,0,0,1,0,0,,"Calle",,"ROSARIO","Rosario","Asfalto","S/D","II","Dentro","Urbana","Ninguna","No existe","Intersección","Bueno","Buena","Diurna","Buen Tiempo","De alcance","S/D","Colisión","S/D","Faltante","Cordón divisorio","Sin restricción"
2014,10388,02/11/2014,"Domingo",0,16:45:00,,"0.0",2,"Taxi/Remis,Bicicleta","Cordoba Y Bv. Oroño",2,1,0,0,1,0,0,,"Avenida",,"ROSARIO","Rosario","Asfalto","S/D","II","S/D","Urbana","Semáforo","Funciona","Intersección","Bueno","Buena","Diurna","Buen Tiempo","S/D","S/D","Atropello","S/D","Vertical","Cordón divisorio","Sin restricción"
2014,10389,20/09/2014,"Sabado",0,13:30:00,,"0.0",2,"Automóvil,Moto/Ciclomotor","J A Roca Y Sargento Cabral",3,2,0,0,1,0,0,,"Calle",,"CORREA","Iriondo","Ripio","Natural","X","Dentro","Urbana","Ninguna","No existe","Intersección","Deteriorada","Buena","Diurna","Buen Tiempo","Lateral","S/D","Colisión","S/D","Faltante","Ninguna","Sin restricción"
2014,10390,20/11/2014,"Jueves",0,18:00:00,,"0.0",2,"Moto/Ciclomotor,Automóvil","Av. Pellegrini Y Barra",2,1,0,0,1,0,0,,"Calle",,"ROSARIO","Rosario","Asfalto","No existe","II","Dentro","Urbana","Ninguna","No existe","Intersección","Bueno","Buena","Diurna","Buen Tiempo","Lateral","S/D","Colisión","Ninguna","Horizontal","Ninguna","Sin restricción"
2014,10391,17/11/2014,"Lunes",0,04:25:00,,"0.0",3,"Transporte de Pasajeros Urbano (> 8 asientos),Moto/Ciclomotor,Moto/Ciclomotor","España Y Mendoza",4,2,1,0,1,0,0,,"Calle",,"ROSARIO","Rosario","Asfalto","S/D","II","Dentro","Urbana","Semáforo","Funciona","Intersección","Bueno","Buena","Nocturna","Buen Tiempo","Múltiple","S/D","Colisión","S/D","Vertical","Cordón divisorio","Sin restricción"
2014,10392,11/11/2014,"Martes",0,12:30:00,,"0.0",3,"Automóvil,Automóvil,Transporte Escolar","Bv. Avellaneda 4000",3,3,0,0,0,0,0,,"Avenida",,"ROSARIO","Rosario","Asfalto","No existe","II","Dentro","Urbana","Semáforo","Funciona","Intersección","Bueno","Buena","Diurna","Buen Tiempo","Múltiple","S/D","Colisión","Ninguna","Vertical","Cordón divisorio","Sin restricción"
2014,10393,16/10/2014,"Jueves",0,11:30:00,,"0.0",2,"Automóvil,Automóvil","Av. Ntra.Sra.del Rosario Y Bv. Oroño",4,3,0,0,1,0,0,,"Avenida",,"ROSARIO","Rosario","Asfalto","No existe","II","Dentro","Urbana","Semáforo","Funciona","Intersección","Bueno","Buena","Diurna","Buen Tiempo","Lateral","S/D","Colisión","S/D","Vertical","Cordón divisorio","Sin restricción"
2014,10394,18/10/2014,"Sabado",0,20:30:00,,"0.0",2,"Moto/Ciclomotor,Taxi/Remis","Lamadrid Y Balcarce",2,1,0,0,1,0,0,,"Calle",,"ROSARIO","Rosario","Asfalto","No existe","II","Dentro","Urbana","Ninguna","No existe","Intersección","Bueno","Buena","Diurna","Buen Tiempo","Lateral","S/D","Colisión","S/D","S/D","Cordón divisorio","Sin restricción"
2014,10395,09/12/2014,"Martes",0,19:50:00,,"0.0",2,"Automóvil,Automóvil","Antonio Podio Y Juan Larrea",3,1,0,0,0,0,2,,"Avenida",,"RAFAELA","Castellanos","Asfalto","Natural","V","Dentro","Urbana","Otra Señal","No existe","Intersección","Bueno","Buena","Atardecer","Buen Tiempo","Lateral","S/D","Colisión","Ninguna","Faltante","Línea divisoria pintada","Sin restricción"
2014,10396,20/12/2014,"Sabado",0,07:00:00,"Ruta Nacional 178","0.0",1,"Automóvil","FRENTE AL PARAJE LA CALIFORNIA ",3,2,0,0,1,0,0,,"Ruta",178,"LAS ROSAS","Belgrano","Hormigón","Natural","III","Dentro","Rural","Ninguna","No existe","Recta","Bueno","Buena","Diurna","Buen Tiempo","Contra objeto fijo","S/D","Colisión","S/D","Faltante","Ninguna","Sin restricción"
2014,10397,09/12/2014,"Martes",0,11:40:00,,"0.0",2,"Automóvil,Moto/Ciclomotor","9 de Julio Y italia",2,1,0,0,1,0,0,,"Calle",,"GOBERNADOR CRESPO","San Justo","Asfalto","Pavimento","XVI","Dentro","Urbana","Ninguna","No existe","Intersección","Bueno","Buena","Diurna","Buen Tiempo","Lateral","S/D","Colisión","Ninguna","Faltante","Ninguna","Sin restricción"
2014,10398,15/11/2014,"Sabado",0,07:00:00,,"0.0",2,"Automóvil,Automóvil","San Juan Y Vera Mujica",3,3,0,0,0,0,0,,"Calle",,"ROSARIO","Rosario","Asfalto","No existe","II","Dentro","Urbana","S/D","S/D","Intersección","S/D","S/D","Amanecer","S/D","S/D","S/D","Colisión","S/D","S/D","Ninguna","S/D"
2014,10399,14/11/2014,"Viernes",0,23:00:00,,"0.0",2,"Automóvil,Moto/Ciclomotor","Viamonte Y Av. Provincias Unidas",3,2,0,0,1,0,0,,"Calle",,"ROSARIO","Rosario","Asfalto","No existe","II","Dentro","Urbana","Ninguna","No existe","Intersección","Bueno","Buena","Nocturna,Con luz artificial","Buen Tiempo","Lateral","S/D","Colisión","Ninguna","Horizontal","Ninguna","Sin restricción"
2014,10400,08/11/2014,"Sabado",0,09:00:00,,"0.0",2,"Moto/Ciclomotor,Pickup/Utilitario","Bv. Avellaneda 4100",2,1,0,0,1,0,0,,"Avenida",,"ROSARIO","Rosario","Asfalto","No existe","II","Dentro","Urbana","Ninguna","No existe","Intersección","Bueno","Buena","Diurna","Buen Tiempo","Frontal","S/D","Colisión","Ninguna","Vertical","Cordón divisorio","Sin restricción"
2014,10401,26/11/2014,"Miercoles",0,22:00:00,,"0.0",2,"Moto/Ciclomotor,Pickup/Utilitario","Muñoz Y Laprida",2,1,0,0,1,0,0,,"Calle",,"ROSARIO","Rosario","Asfalto","Pavimento","II","Dentro","Urbana","Ninguna","No existe","Intersección","Bueno","Buena","Nocturna","Buen Tiempo","Otro","S/D","Colisión","Ninguna","Horizontal","Cordón divisorio","Sin restricción"
2014,10402,23/12/2014,"Martes",0,,,"0.0",2,"Moto/Ciclomotor,Automóvil","Suipacha Av Y Gral Juan Pablo Lopez",4,1,0,0,3,0,0,,"Avenida",,"RAFAELA","Castellanos","Ripio","No existe","V","Dentro","Urbana","Ninguna","No existe","Intersección","Bueno","Reducida","Nocturna","Buen Tiempo","Lateral","S/D","Colisión","Ninguna","Horizontal","Cordón divisorio","Sin restricción"
2014,10403,14/11/2014,"Viernes",0,,,"0.0",2,"Peatón,Automóvil","San Juan Y Cafferata",2,1,0,0,1,0,0,,"Calle",,"ROSARIO","Rosario","Asfalto","S/D","II","Dentro","Urbana","S/D","S/D","Intersección","S/D","S/D","S/D","S/D","S/D","S/D","Atropello","S/D","S/D","S/D","S/D"
2014,10404,24/11/2014,"Lunes",0,19:30:00,,"0.0",2,"Bicicleta,Automóvil","Ecuador B 1162",2,1,0,0,1,0,0,,"Calle",,"ROSARIO","Rosario","Asfalto","No existe","II","Dentro","Urbana","Ninguna","No existe","Recta","Bueno","Buena","Diurna","Buen Tiempo","S/D","S/D","Atropello","Ninguna","Horizontal","Ninguna","Sin restricción"
2014,10405,29/11/2014,"Sabado",0,,"Ruta Nacional 34","52.5",2,"Automóvil,Camión"," ",5,3,1,0,1,0,0,,"Ruta",34,"TOTORAS","Iriondo","Asfalto","Natural","X","S/D","Rural","Ninguna","No existe","Puente","Bueno","Reducida","Nocturna","Lluvia","Lateral","S/D","Colisión","Agua","S/D","Línea divisoria pintada","Sin restricción"
2014,10406,03/12/2014,"Miercoles",0,11:00:00,"Ruta Nacional 178","0.0",1,"Automóvil","A LA ALTURA DE ACOPIO DADONE ",1,1,0,0,0,0,0,,"Ruta",178,"LAS ROSAS","Belgrano","Asfalto","Natural","III","Fuera","Urbana","Ninguna","No existe","Cruce","Bueno","Buena","Diurna","Buen Tiempo","S/D","S/D","Despiste","S/D","Faltante","Ninguna","Sin restricción"
2014,10407,12/10/2014,"Domingo",0,12:00:00,,"0.0",2,"Peatón,Automóvil","Bv. Segui Y San Nicolas",2,1,0,0,1,0,0,,"Avenida",,"ROSARIO","Rosario","Asfalto","No existe","II","Dentro","Urbana","Ninguna","No existe","Intersección","Bueno","Buena","Diurna","Buen Tiempo","S/D","S/D","Atropello","Ninguna","Faltante","Cordón divisorio","Sin restricción"
2014,10408,13/11/2014,"Jueves",0,23:45:00,,"0.0",2,"Taxi/Remis,Peatón","Sucre Y 3 De Febrero",2,1,0,0,1,0,0,,"Calle",,"ROSARIO","Rosario","Asfalto","S/D","II","Dentro","Urbana","S/D","S/D","Intersección","S/D","S/D","Nocturna","S/D","S/D","S/D","Atropello","S/D","S/D","S/D","S/D"
2014,10409,04/11/2014,"Martes",0,15:00:00,,"0.0",2,"Pickup/Utilitario,Moto/Ciclomotor","San Martin Y Rui Barbosa",3,1,0,0,2,0,0,,"Calle",,"ROSARIO","Rosario","Asfalto","Pavimento","II","Dentro","Urbana","Ninguna","No existe","Intersección","Bueno","Buena","Diurna","Buen Tiempo","Otro","S/D","Colisión","Ninguna","Horizontal","Cordón divisorio","Sin restricción"
2014,10410,15/11/2014,"Sabado",0,12:00:00,,"0.0",2,"Bicicleta,Automóvil","Alsina Y Montevideo",2,2,0,0,0,0,0,,"Calle",,"ROSARIO","Rosario","Asfalto","No existe","II","Dentro","Urbana","S/D","S/D","S/D","S/D","S/D","Diurna","S/D","S/D","S/D","Atropello","S/D","S/D","S/D","S/D"
2014,10411,16/12/2014,"Martes",0,14:50:00,,"0.0",2,"Moto/Ciclomotor,Automóvil","ITURRASPE Y PJE IGUALDAD",3,1,1,0,1,0,0,,"Calle",,"RAFAELA","Castellanos","Hormigón","No existe","V","Dentro","Urbana","Ninguna","No existe","Intersección","Bueno","Buena","Diurna","Buen Tiempo","Lateral","S/D","Colisión","Ninguna","Vertical","Ninguna","Sin restricción"
2014,10412,21/11/2014,"Viernes",0,07:30:00,,"0.0",2,"Automóvil,Automóvil","Cordoba Y Mariano Moreno",2,1,0,0,1,0,0,,"Calle",,"ROSARIO","Rosario","Asfalto","S/D","II","Dentro","Urbana","Ninguna","No existe","Intersección","Bueno","Buena","Diurna","Buen Tiempo","Lateral","S/D","Colisión","S/D","Faltante","Cordón divisorio","Sin restricción"
2014,10413,07/11/2014,"Viernes",0,09:20:00,,"0.0",2,"Automóvil,Moto/Ciclomotor","9 De Julio Y Dorrego",3,2,0,0,1,0,0,,"Calle",,"ROSARIO","Rosario","Asfalto","S/D","II","S/D","Urbana","Ninguna","No funciona","Intersección","Bueno","Buena","Diurna","Buen Tiempo","Lateral","S/D","Colisión","S/D","Faltante","Cordón divisorio","Sin restricción"
2014,10414,23/11/2014,"Domingo",0,20:30:00,,"0.0",1,"Moto/Ciclomotor","Av. Provincias Unidas Y Marcos Paz",2,1,1,0,0,0,0,,"Calle",,"ROSARIO","Rosario","Asfalto","No existe","II","Dentro","Urbana","Ninguna","Funciona","Intersección","Bueno","Buena","Nocturna,Con luz artificial","Buen Tiempo","S/D","S/D","Caída ocupante","Ninguna","Vertical","Ninguna","Sin restricción"
2014,10415,05/12/2014,"Viernes",0,15:45:00,,"0.0",2,"Moto/Ciclomotor,Automóvil","San Lorenzo Y Cerrito",2,0,1,0,1,0,0,,"Calle",,"LAS ROSAS","Belgrano","Asfalto","No existe","III","Dentro","Urbana","Ninguna","No existe","Recta","Deteriorada","Buena","Diurna","Buen Tiempo","Frontal","S/D","Colisión","Material Suelto","S/D","Cordón divisorio","Sin restricción"
2014,10416,23/11/2014,"Domingo",0,05:30:00,"Autopista Provincial Brigadier E.López","14.0",2,"Automóvil,Moto/Ciclomotor","ACCESO NORTE 0",4,3,0,0,1,0,0,,"Autopista","Brigadier E.López","SAN LORENZO","San Lorenzo","S/D","Natural","XVII","Dentro","Rural","S/D","S/D","S/D","S/D","S/D","Nocturna","S/D","Lateral","S/D","Colisión","S/D","Horizontal","S/D","S/D"