"anio_acci","nro_acci","fecha","desc_dia","fecha_aprox","hora_aprox","desc_ruta","km","cant_participantes","desc_participante","calle_avenida_km","total","heridos_leves","heridos_graves","heridos_gravisimos","ilesos","fallecidos","sin_datos","posicion_XY","desc_tipo_via","desc_ruta_ori","desc_loc","desc_dpto","desc_tipo_calzada","desc_tipo_banquina","desc_unidad_regional","desc_lugar_calzada","desc_zona","desc_prioridad","desc_estado_semaforo","desc_lugar_via","desc_estado_via","desc_estado_visibilidad","desc_luminosidad","desc_estado_clima","desc_tipo_colision","desc_tipo_atropello","desc_tipo_hecho","desc_pres_calzada","desc_senializacion","desc_separacion_via","desc_restriccion"
2014,10484,24/11/2014,"Lunes",0,07:00:00,,"0.0",2,"Otros,Moto/Ciclomotor","Chubut Y Alberdi",2,1,0,0,0,0,1,,"Calle",,"VILLA GOBERNADOR GÁLVEZ","Rosario","Asfalto","No existe","II","Dentro","Urbana","Ninguna","No existe","Recta","Bueno","Buena","Diurna","Buen Tiempo","S/D","S/D","Colisión","S/D","Faltante","Ninguna","Sin restricción"
2014,10485,23/11/2014,"Domingo",0,09:30:00,,"0.0",2,"Moto/Ciclomotor,Automóvil","Av. Pellegrini Y Bv. Oroño",2,1,0,0,1,0,0,,"Avenida",,"ROSARIO","Rosario","Asfalto","S/D","II","Dentro","Urbana","Semáforo","Funciona","S/D","Bueno","Buena","Diurna","Buen Tiempo","De alcance","S/D","Colisión","S/D","Vertical","Cordón divisorio","S/D"
2014,10486,18/10/2014,"Sabado",0,12:30:00,,"0.0",2,"Automóvil,Moto/Ciclomotor","J.J.Paso 7800",3,2,0,0,1,0,0,,"Calle",,"ROSARIO","Rosario","Asfalto","No existe","II","S/D","Urbana","S/D","S/D","Recta","Bueno","S/D","Diurna","S/D","S/D","S/D","Colisión","S/D","S/D","S/D","S/D"
2014,10487,26/09/2014,"Viernes",0,08:00:00,,"0.0",2,"Automóvil,Automóvil","Av Gral San Martin Y Esperanza",4,3,0,0,1,0,0,,"Calle",,"VILLA GOBERNADOR GÁLVEZ","Rosario","Asfalto","No existe","II","Dentro","Urbana","Ninguna","No existe","Recta","Bueno","Buena","Diurna","Buen Tiempo","S/D","S/D","S/D","S/D","Faltante","Ninguna","Sin restricción"
2014,10488,18/10/2014,"Sabado",0,23:00:00,,"0.0",2,"Pickup/Utilitario,Bicicleta","Tarragona Y Bv. Argentino",2,1,0,0,1,0,0,,"Calle",,"ROSARIO","Rosario","Asfalto","S/D","II","S/D","Urbana","S/D","S/D","Intersección","Bueno","S/D","S/D","S/D","S/D","S/D","Colisión","S/D","S/D","S/D","S/D"
2014,10489,08/11/2014,"Sabado",0,16:00:00,,"0.0",2,"Otros,Moto/Ciclomotor","Emilio Zola Y Pasteur",3,2,0,0,0,0,1,,"Calle",,"VILLA GOBERNADOR GÁLVEZ","Rosario","Asfalto","No existe","II","Dentro","Urbana","Ninguna","No existe","Recta","Bueno","Buena","Diurna","Buen Tiempo","S/D","S/D","Colisión","S/D","Faltante","Ninguna","Sin restricción"
2014,10490,14/12/2014,"Domingo",0,23:00:00,,"0.0",2,"Moto/Ciclomotor,Automóvil","Av Juan Domingo Peron Y Laprida",3,2,0,0,1,0,0,,"Calle",,"VILLA GOBERNADOR GÁLVEZ","Rosario","Asfalto","No existe","II","Dentro","Urbana","Ninguna","No existe","Recta","Bueno","Buena","Nocturna,Con luz artificial","Buen Tiempo","Lateral","S/D","Colisión","Otro","Faltante","Ninguna","Sin restricción"
2014,10491,09/11/2014,"Domingo",0,06:15:00,,"0.0",2,"Moto/Ciclomotor,Pickup/Utilitario","Cordoba Y Tucuman",2,1,0,0,1,0,0,,"Calle",,"GENERAL LAGOS","Rosario","Asfalto","No existe","II","Dentro","Urbana","Ninguna","No existe","Intersección","Bueno","Buena","Diurna","Buen Tiempo","De alcance","S/D","Colisión","S/D","Faltante","Ninguna","Sin restricción"
2014,10492,06/11/2014,"Jueves",0,20:30:00,,"0.0",2,"Automóvil,Automóvil","Sarmiento Y Anchorena",2,1,0,0,1,0,0,,"Calle",,"ROSARIO","Rosario","Asfalto","No existe","II","Dentro","Urbana","Ninguna","No existe","Intersección","Bueno","Buena","Con luz artificial","Buen Tiempo","Lateral","S/D","Colisión","Ninguna","Faltante","Ninguna","Sin restricción"
2014,10493,18/11/2014,"Martes",0,07:55:00,,"0.0",2,"Automóvil,Automóvil","Tucuman 2500",3,1,0,0,2,0,0,,"Calle",,"ROSARIO","Rosario","Asfalto","No existe","II","S/D","Urbana","Ninguna","No existe","Recta","Bueno","Buena","Diurna","Buen Tiempo","Otro","S/D","Colisión","Otro","Faltante","Ninguna","Sin restricción"
2014,10494,01/11/2014,"Sabado",0,21:10:00,,"0.0",2,"Automóvil,Moto/Ciclomotor","Av Filipini Y Lavalle",3,2,0,0,1,0,0,,"Calle",,"VILLA GOBERNADOR GÁLVEZ","Rosario","Asfalto","No existe","II","Dentro","Urbana","Ninguna","No existe","Recta","Bueno","Buena","Nocturna,Con luz artificial","Buen Tiempo","Otro","S/D","Otro","Ninguna","Faltante","Ninguna","Sin restricción"
2014,10495,26/11/2014,"Miercoles",0,17:30:00,,"0.0",2,"Moto/Ciclomotor,Automóvil","Pueyrredon Y Galvez",2,1,0,0,1,0,0,,"Calle",,"ROSARIO","Rosario","Asfalto","S/D","II","Dentro","Urbana","S/D","No existe","S/D","Bueno","Buena","Diurna","Buen Tiempo","De alcance","S/D","Colisión","S/D","Vertical","S/D","S/D"
2014,10496,22/12/2014,"Lunes",0,17:20:00,,"0.0",2,"Automóvil,Moto/Ciclomotor","Servando Bayo Y E.Zeballos",2,1,0,0,1,0,0,,"Calle",,"ROSARIO","Rosario","Asfalto","No existe","II","S/D","Urbana","Ninguna","No existe","Intersección","Bueno","Buena","Diurna","Buen Tiempo","Lateral","S/D","Colisión","Ninguna","Faltante","S/D","Sin restricción"
2014,10497,27/11/2014,"Jueves",0,08:15:00,,"0.0",2,"Automóvil,Moto/Ciclomotor","Albert Sabin Y Velez Sarsfield",2,1,0,0,1,0,0,,"Avenida",,"ROSARIO","Rosario","S/D","S/D","II","S/D","Urbana","S/D","S/D","Intersección","S/D","S/D","S/D","S/D","S/D","S/D","S/D","S/D","S/D","S/D","S/D"
2014,10498,01/12/2014,"Lunes",0,22:40:00,,"0.0",3,"Automóvil,Automóvil,Pickup/Utilitario","Bv. Rondeau 2700",3,1,0,0,2,0,0,,"Avenida",,"ROSARIO","Rosario","Asfalto","No existe","II","Dentro","Urbana","Semáforo","Funciona","Recta","Bueno","Buena","Nocturna","Buen Tiempo","De alcance,Múltiple","S/D","Colisión","Ninguna","Vertical","Vegetación","Sin restricción"
2014,10499,27/10/2014,"Lunes",0,15:30:00,,"0.0",2,"Moto/Ciclomotor,Automóvil","Friuli Y Av. Eva Peron",2,1,0,0,1,0,0,,"Avenida",,"ROSARIO","Rosario","Asfalto","No existe","II","S/D","Urbana","S/D","S/D","Recta","Bueno","S/D","Diurna","S/D","S/D","S/D","Colisión","S/D","S/D","S/D","S/D"
2014,10500,14/12/2014,"Domingo",0,21:00:00,,"0.0",2,"Moto/Ciclomotor,Automóvil","Av Juan Domingo Peron Y Laprida",2,1,0,0,1,0,0,,"Calle",,"VILLA GOBERNADOR GÁLVEZ","Rosario","Asfalto","No existe","II","Dentro","Urbana","Ninguna","No existe","Recta","Bueno","Buena","Nocturna,Con luz artificial","Buen Tiempo","Lateral","S/D","Colisión","Otro","Faltante","Ninguna","Sin restricción"
2014,10501,05/11/2014,"Miercoles",0,13:45:00,,"0.0",2,"Pickup/Utilitario,Automóvil","Sarmiento Y Dr.Rivas",3,1,0,0,2,0,0,,"Calle",,"ROSARIO","Rosario","Asfalto","No existe","II","Dentro","Urbana","Ninguna","No existe","Recta","Bueno","Buena","Diurna","Buen Tiempo","Lateral","S/D","Colisión","Ninguna","Faltante","Ninguna","Sin restricción"
2014,10502,22/11/2014,"Sabado",0,10:05:00,,"0.0",2,"Automóvil,Bicicleta","R fournier Y Juan B Justo",2,1,0,0,1,0,0,,"Calle",,"VILLA GOBERNADOR GÁLVEZ","Rosario","Asfalto","No existe","II","Dentro","Urbana","Ninguna","No existe","Recta","Bueno","Buena","Diurna","S/D","S/D","S/D","Atropello","S/D","Faltante","Ninguna","Sin restricción"
2014,10503,28/01/2014,"Martes",0,13:50:00,,"0.0",2,"Automóvil,Moto/Ciclomotor","Humberto I Y Iguazu",2,1,0,0,1,0,0,,"Calle",,"ROSARIO","Rosario","S/D","S/D","II","S/D","Urbana","S/D","S/D","Intersección","S/D","S/D","Diurna","S/D","S/D","S/D","S/D","S/D","S/D","S/D","S/D"
2014,10504,28/10/2014,"Martes",0,11:00:00,,"0.0",2,"Taxi/Remis,Automóvil","Av. Provincias Unidas Y Velez Sarsfield",2,1,0,0,1,0,0,,"Avenida",,"ROSARIO","Rosario","Asfalto","No existe","II","S/D","Urbana","S/D","S/D","Intersección","Bueno","S/D","Diurna","S/D","S/D","S/D","Colisión","S/D","S/D","S/D","S/D"
2014,10505,16/12/2014,"Martes",0,12:50:00,,"0.0",2,"Moto/Ciclomotor,Automóvil","San Lorenzo ",2,1,0,0,1,0,0,,"Calle",,"ROSARIO","Rosario","Asfalto","No existe","II","Dentro","Urbana","Semáforo","Funciona","Recta","Otro","Buena","Diurna","Buen Tiempo","De alcance","S/D","Colisión","S/D","Vertical","Ninguna","Sin restricción"
2014,10506,30/10/2014,"Jueves",0,11:30:00,,"0.0",2,"Bicicleta,Automóvil","French Y Mejico",2,1,0,0,1,0,0,,"Calle",,"ROSARIO","Rosario","Asfalto","No existe","II","S/D","Urbana","S/D","S/D","Intersección","Bueno","S/D","Diurna","S/D","S/D","S/D","Atropello","S/D","S/D","S/D","S/D"
2014,10507,14/12/2014,"Domingo",0,18:00:00,,"0.0",1,"Automóvil","Av Gral San Martin Y Camino Guereño",1,1,0,0,0,0,0,,"Avenida",,"VILLA GOBERNADOR GÁLVEZ","Rosario","Asfalto","No existe","II","Dentro","Urbana","Ninguna","No existe","Recta","Bueno","Buena","Diurna","Buen Tiempo","Contra objeto fijo","S/D","Atropello","Otro","Faltante","Ninguna","Sin restricción"
2014,10508,28/11/2014,"Viernes",0,07:45:00,,"0.0",2,"Automóvil,Moto/Ciclomotor","Junin Y Diaz Velez",2,1,0,0,1,0,0,,"Calle",,"ROSARIO","Rosario","S/D","S/D","II","S/D","Urbana","S/D","S/D","Intersección","S/D","S/D","Diurna","S/D","S/D","S/D","S/D","S/D","S/D","S/D","S/D"
2014,10509,19/11/2014,"Miercoles",0,16:30:00,,"0.0",2,"Moto/Ciclomotor,Automóvil","San Lorenzo Y Alsina",2,1,0,0,1,0,0,,"Calle",,"ROSARIO","Rosario","Asfalto","No existe","II","S/D","Urbana","Ninguna","No existe","Recta","Bueno","Buena","Diurna","Buen Tiempo","Otro","S/D","Colisión","Otro","Faltante","Ninguna","Sin restricción"
2014,10510,23/12/2014,"Martes",0,20:50:00,,"0.0",2,"Automóvil,Moto/Ciclomotor","Bv. Avellaneda ",2,1,0,0,1,0,0,,"Calle",,"ROSARIO","Rosario","S/D","No existe","II","Dentro","Urbana","Ninguna","No existe","Recta","S/D","Buena","Nocturna","Buen Tiempo","De alcance","S/D","Colisión","S/D","Faltante","Ninguna","Sin restricción"
2014,10511,04/11/2014,"Martes",0,08:30:00,,"0.0",2,"Automóvil,Moto/Ciclomotor","Garay Y Av. Corrientes",2,1,0,0,1,0,0,,"Calle",,"ROSARIO","Rosario","Asfalto","No existe","II","Dentro","Urbana","Ninguna","No existe","Intersección","Bueno","Buena","Diurna","Buen Tiempo","Otro","S/D","Colisión","Ninguna","Faltante","Ninguna","Sin restricción"
2014,10512,03/11/2014,"Lunes",0,15:30:00,"Ruta Provincial 21","0.0",2,"Moto/Ciclomotor,Pickup/Utilitario","Av Gral San Martin Y Av de Circunvalacion",2,1,0,0,1,0,0,,"Ruta",21,"VILLA GOBERNADOR GÁLVEZ","Rosario","Asfalto","No existe","II","Dentro","Urbana","Ninguna","No existe","Recta","Bueno","Buena","Diurna","Buen Tiempo","Lateral","S/D","Colisión","Otro","Faltante","Ninguna","Sin restricción"
2014,10513,27/11/2014,"Jueves",0,12:00:00,,"0.0",2,"Moto/Ciclomotor,Automóvil","San Martin Y Pte.Quintana",2,1,0,0,1,0,0,,"Avenida",,"ROSARIO","Rosario","Asfalto","No existe","II","Dentro","Urbana","Ninguna","No existe","Recta","Bueno","Buena","Diurna","Buen Tiempo","Lateral","S/D","Colisión","Ninguna","Faltante","S/D","S/D"
2014,10514,27/12/2014,"Sabado",0,16:50:00,,"0.0",2,"Automóvil,Moto/Ciclomotor","Urquiza Y Suipacha",2,1,0,0,1,0,0,,"Calle",,"ROSARIO","Rosario","S/D","No existe","II","Dentro","Urbana","Ninguna","No existe","Intersección","Bueno","Buena","Diurna","Buen Tiempo","Lateral","S/D","Colisión","S/D","Faltante","Ninguna","Sin restricción"
2014,10515,07/11/2014,"Viernes",0,19:10:00,,"0.0",2,"Camión,Moto/Ciclomotor","Bv. Wilde Y Filiberto",2,1,0,0,1,0,0,,"Avenida",,"ROSARIO","Rosario","Asfalto","No existe","II","Dentro","Urbana","Ninguna","No existe","S/D","Bueno","Buena","Nocturna","Buen Tiempo","Lateral","S/D","Colisión","S/D","Faltante","Ninguna","Sin restricción"
2014,10516,21/11/2014,"Viernes",0,12:30:00,,"0.0",2,"Moto/Ciclomotor,Automóvil","Rodriguez Y San Lorenzo",2,1,0,0,1,0,0,,"Calle",,"ROSARIO","Rosario","Asfalto","No existe","II","S/D","Urbana","Ninguna","No existe","Recta","Bueno","Buena","Diurna","Buen Tiempo","Otro","S/D","Colisión","Otro","Faltante","Ninguna","Sin restricción"
2014,10517,14/12/2014,"Domingo",0,18:00:00,,"0.0",2,"Moto/Ciclomotor,Automóvil","Av Gral San Martin Y Belgrano",2,1,0,0,1,0,0,,"Calle",,"VILLA GOBERNADOR GÁLVEZ","Rosario","Asfalto","No existe","II","Dentro","Urbana","Semáforo","Funciona","Recta","Bueno","Buena","Diurna","Buen Tiempo","Lateral","S/D","Colisión","Otro","Faltante","Ninguna","Sin restricción"
2014,10518,19/11/2014,"Miercoles",0,19:55:00,,"0.0",2,"Otros,Otros","Albert Sabin Y Bv. Avellaneda",2,1,0,0,0,0,1,,"S/D",,"ROSARIO","Rosario","S/D","S/D","II","S/D","Urbana","S/D","S/D","Intersección","S/D","S/D","Atardecer","S/D","S/D","S/D","S/D","S/D","S/D","S/D","S/D"
2014,10519,29/12/2014,"Lunes",0,10:30:00,,"0.0",2,"Automóvil,Taxi/Remis","Catamarca Y San Nicolas",2,1,0,0,1,0,0,,"Calle",,"ROSARIO","Rosario","S/D","No existe","II","Dentro","Urbana","Semáforo","Funciona","Recta","Bueno","Buena","Diurna","Buen Tiempo","Lateral","S/D","Colisión","S/D","Vertical","Ninguna","Sin restricción"
2014,10520,22/12/2014,"Lunes",0,18:30:00,,"0.0",2,"Automóvil,Moto/Ciclomotor","Av. Eudoro Carrasco Y Bv. Avellaneda",2,1,0,0,1,0,0,,"Avenida",,"ROSARIO","Rosario","Asfalto","S/D","II","Dentro","Urbana","S/D","No existe","Intersección","Bueno","Buena","Diurna","Buen Tiempo","Lateral","S/D","Colisión","S/D","Faltante","Cordón divisorio","S/D"
2014,10521,26/11/2014,"Miercoles",0,17:30:00,,"0.0",2,"Moto/Ciclomotor,Pickup/Utilitario","Av. Uriburu 1400",2,1,0,0,1,0,0,,"Avenida",,"ROSARIO","Rosario","Asfalto","No existe","II","Dentro","Urbana","Semáforo","Funciona","Recta","Bueno","Buena","Diurna","Buen Tiempo","De alcance","S/D","Colisión","S/D","Vertical","S/D","S/D"
2014,10522,03/11/2014,"Lunes",0,17:55:00,,"0.0",2,"Automóvil,Automóvil","Av. Corrientes Y Reg.11 de Infanteria",3,2,0,0,1,0,0,,"Calle",,"ROSARIO","Rosario","Asfalto","No existe","II","Dentro","Urbana","Ninguna","No existe","Intersección","S/D","Buena","Diurna","Buen Tiempo","Otro","S/D","Colisión","Ninguna","Faltante","Ninguna","Sin restricción"
2014,10523,06/11/2014,"Jueves",0,18:30:00,"Ruta Provincial 21","0.0",2,"Moto/Ciclomotor,Automóvil","Av Gral San Martin Y Chubut",3,2,0,0,1,0,0,,"Ruta",21,"VILLA GOBERNADOR GÁLVEZ","Rosario","Asfalto","No existe","II","Dentro","Urbana","Ninguna","No funciona","Recta","Bueno","Buena","Diurna","Buen Tiempo","Lateral","S/D","Colisión","Otro","Faltante","Ninguna","Sin restricción"
2014,10525,12/11/2014,"Miercoles",0,10:40:00,,"0.0",2,"Moto/Ciclomotor,Peatón","Donado Y White",2,1,0,0,1,0,0,,"Calle",,"ROSARIO","Rosario","Asfalto","Pavimento","II","S/D","Urbana","Ninguna","No existe","S/D","Bueno","Buena","Diurna","Buen Tiempo","S/D","S/D","Atropello","S/D","Faltante","S/D","Sin restricción"
2014,10526,14/12/2014,"Domingo",0,03:10:00,,"0.0",2,"Automóvil,Automóvil","Chubut Y Av Gral San Martin",3,1,0,0,2,0,0,,"Avenida",,"VILLA GOBERNADOR GÁLVEZ","Rosario","Asfalto","No existe","II","Dentro","Urbana","Ninguna","No funciona","Recta","Bueno","Buena","Nocturna,Con luz artificial","Buen Tiempo","Lateral","S/D","Colisión","Otro","Faltante","Ninguna","Sin restricción"
2014,10527,27/12/2014,"Sabado",0,,,"0.0",2,"Automóvil,Moto/Ciclomotor","Mendoza Y San Nicolas",2,1,0,0,1,0,0,,"Calle",,"ROSARIO","Rosario","Asfalto","No existe","II","S/D","Urbana","Ninguna","S/D","Intersección","Bueno","Buena","S/D","Buen Tiempo","Lateral","S/D","Colisión","Ninguna","Faltante","S/D","Sin restricción"
2014,10528,06/11/2014,"Jueves",0,17:10:00,,"0.0",2,"Moto/Ciclomotor,Moto/Ciclomotor","Espora Y Victoria",2,1,1,0,0,0,0,,"Calle",,"VILLA GOBERNADOR GÁLVEZ","Rosario","Asfalto","No existe","II","Dentro","Urbana","Ninguna","No existe","Recta","Con baches","Buena","Diurna","Buen Tiempo","De alcance","S/D","Colisión","Otro","Faltante","Ninguna","Sin restricción"
2014,10529,01/11/2014,"Sabado",0,18:23:00,,"0.0",2,"Moto/Ciclomotor,Automóvil","Entre Rios Y Pje. Fotheringhan",2,1,0,0,1,0,0,,"Calle",,"ROSARIO","Rosario","Asfalto","No existe","II","Dentro","Urbana","Ninguna","No existe","Intersección","Bueno","Buena","Diurna","Buen Tiempo","Otro","S/D","Colisión","Ninguna","Faltante","Ninguna","Sin restricción"
2014,10530,18/11/2014,"Martes",0,13:40:00,"Ruta Nacional 9","283.0",2,"Automóvil,Pickup/Utilitario"," ",3,2,0,0,1,0,0,,"Ruta",9,"ALVEAR","Rosario","Asfalto","Natural","II","Dentro","Rural","Ninguna","No existe","Recta","Bueno","Buena","Diurna","Buen Tiempo","S/D","S/D","Colisión","S/D","Faltante","Línea divisoria pintada","Sin restricción"
2014,10531,13/11/2014,"Jueves",0,20:30:00,,"0.0",2,"Moto/Ciclomotor,Automóvil","Av de las Americas Y Lamadrid",4,3,0,0,1,0,0,,"Calle",,"PEREZ","Rosario","S/D","No existe","II","S/D","Urbana","Ninguna","No existe","Intersección","Otro","Buena","Nocturna","Otro","Lateral","S/D","Colisión","Otro","Faltante","Ninguna","Sin restricción"
2014,10532,01/11/2014,"Sabado",0,10:30:00,,"0.0",2,"Bicicleta,Automóvil","Sarmiento Y Centeno",3,2,0,0,1,0,0,,"Calle",,"ROSARIO","Rosario","Asfalto","No existe","II","Dentro","Urbana","Ninguna","No existe","Intersección","Bueno","Buena","Diurna","Buen Tiempo","S/D","S/D","Atropello","Ninguna","Faltante","Ninguna","Sin restricción"
2014,10533,21/11/2014,"Viernes",0,17:50:00,,"0.0",2,"Moto/Ciclomotor,Moto/Ciclomotor","Entre Rios Y Dean Funes",2,2,0,0,0,0,0,,"Calle",,"ROSARIO","Rosario","Asfalto","No existe","II","Dentro","Urbana","Ninguna","No existe","Recta","Bueno","Buena","Diurna","Buen Tiempo","De alcance","S/D","Colisión","Ninguna","Faltante","S/D","S/D"
2014,10534,20/11/2014,"Jueves",0,13:45:00,,"0.0",2,"Moto/Ciclomotor,Moto/Ciclomotor","Bv. Oroño 4100",2,2,0,0,0,0,0,,"Avenida",,"ROSARIO","Rosario","Asfalto","S/D","II","Dentro","Urbana","Ninguna","No existe","Intersección","Bueno","Buena","Diurna","Buen Tiempo","De alcance","S/D","Colisión","Ninguna","Faltante","S/D","Sin restricción"
2014,10535,03/12/2014,"Miercoles",0,16:30:00,,"0.0",2,"Pickup/Utilitario,Bicicleta","9 De Julio Y Castellanos",2,1,0,0,1,0,0,,"Calle",,"ROSARIO","Rosario","Asfalto","S/D","II","Dentro","Urbana","S/D","S/D","Intersección","S/D","S/D","Diurna","S/D","S/D","S/D","Atropello","S/D","S/D","S/D","S/D"
2014,10536,01/11/2014,"Sabado",0,15:30:00,,"0.0",2,"Automóvil,Moto/Ciclomotor","Bv. Segui Y Pte.Roca",3,2,0,0,1,0,0,,"Calle",,"ROSARIO","Rosario","Asfalto","No existe","II","Dentro","Urbana","Ninguna","No existe","Intersección","Bueno","Buena","Diurna","Buen Tiempo","Otro","S/D","Colisión","Ninguna","Faltante","Ninguna","Sin restricción"
2014,10537,03/12/2014,"Miercoles",0,09:25:00,,"0.0",2,"Automóvil,Moto/Ciclomotor","Av. Alberdi Bis 500",2,1,0,0,1,0,0,,"Avenida",,"ROSARIO","Rosario","Asfalto","S/D","II","Dentro","Urbana","S/D","S/D","Recta","Bueno","S/D","Diurna","Buen Tiempo","Lateral","S/D","Colisión","S/D","Vertical","Cordón divisorio","S/D"
2014,10538,19/11/2014,"Miercoles",0,19:30:00,,"0.0",2,"Moto/Ciclomotor,Automóvil","Juan Canals Y Entre Rios",3,2,0,0,1,0,0,,"Calle",,"ROSARIO","Rosario","Asfalto","Pavimento","II","Dentro","Urbana","Ninguna","No existe","Intersección","Bueno","Buena","Atardecer","Buen Tiempo","De alcance","S/D","Colisión","Ninguna","Faltante","S/D","Sin restricción"
2014,10539,12/11/2014,"Miercoles",0,11:20:00,,"0.0",2,"Moto/Ciclomotor,Peatón","Donado Y Urquiza",3,1,0,0,1,0,1,,"Calle",,"ROSARIO","Rosario","Asfalto","Natural","II","S/D","Urbana","Ninguna","No existe","S/D","Bueno","Buena","Diurna","Buen Tiempo","S/D","S/D","Atropello","S/D","Faltante","S/D","Sin restricción"
2014,10540,06/11/2014,"Jueves",0,09:45:00,,"0.0",2,"Moto/Ciclomotor,Ambulancia","Bv San diego Y 12 de Octubre",2,1,0,0,1,0,0,,"Avenida",,"VILLA GOBERNADOR GÁLVEZ","Rosario","Asfalto","No existe","II","Dentro","Urbana","Ninguna","No existe","Recta","Bueno","Buena","Diurna","Buen Tiempo","Lateral","S/D","Colisión","Otro","Faltante","Ninguna","Sin restricción"
2014,10541,01/12/2014,"Lunes",0,12:30:00,,"0.0",2,"Moto/Ciclomotor,Pickup/Utilitario","Av. Alberdi Bis Y Eguren",2,1,0,0,1,0,0,,"Avenida",,"ROSARIO","Rosario","S/D","S/D","II","Dentro","Urbana","S/D","S/D","Intersección","S/D","S/D","Diurna","S/D","Lateral","S/D","Colisión","S/D","S/D","S/D","S/D"
2014,10542,12/12/2014,"Viernes",0,18:10:00,,"0.0",2,"Moto/Ciclomotor,Automóvil","20 de Junio Y chile",3,2,0,0,1,0,0,,"Calle",,"VILLA GOBERNADOR GÁLVEZ","Rosario","Asfalto","No existe","II","Dentro","Urbana","Ninguna","No existe","Recta","Bueno","Buena","Diurna","Buen Tiempo","Lateral","S/D","Colisión","Agua","Faltante","Ninguna","Sin restricción"
2014,10543,04/12/2014,"Jueves",0,16:10:00,,"0.0",2,"Automóvil,Moto/Ciclomotor","Vera Mujica Y San Juan",2,1,0,0,1,0,0,,"Calle",,"ROSARIO","Rosario","S/D","S/D","II","Dentro","Urbana","S/D","S/D","Intersección","S/D","S/D","Diurna","S/D","S/D","S/D","Colisión","S/D","S/D","S/D","S/D"
2014,10544,18/11/2014,"Martes",0,13:15:00,,"0.0",2,"Taxi/Remis,Moto/Ciclomotor","Bv. Oroño Y Ayolas",4,2,0,0,2,0,0,,"Avenida",,"ROSARIO","Rosario","Asfalto","No existe","II","Dentro","Urbana","Semáforo","Funciona","Intersección","Bueno","Buena","Diurna","Buen Tiempo","De alcance","S/D","Colisión","Ninguna","Horizontal","Ninguna","S/D"
2014,10545,24/11/2014,"Lunes",0,14:50:00,,"0.0",2,"Vehículo Oficial,Pickup/Utilitario","Camilo Aldao Y French",5,1,0,0,4,0,0,,"Calle",,"ROSARIO","Rosario","Asfalto","No existe","II","Dentro","Urbana","Ninguna","No existe","Intersección","Bueno","Buena","Diurna","S/D","Lateral","S/D","Colisión","S/D","Faltante","Ninguna","Sin restricción"
2014,10546,07/11/2014,"Viernes",0,20:25:00,,"0.0",2,"Moto/Ciclomotor,Automóvil","Av del Rosario Y Las Campanillas",2,1,0,0,1,0,0,,"Avenida",,"PEREZ","Rosario","S/D","No existe","II","Dentro","Urbana","S/D","No existe","Intersección","S/D","Buena","Nocturna","S/D","Lateral","S/D","Colisión","S/D","Faltante","Ninguna","Sin restricción"
2014,10547,04/11/2014,"Martes",0,12:30:00,,"0.0",2,"Automóvil,Moto/Ciclomotor","San Nicolas Y San Luis",2,1,0,0,1,0,0,,"Calle",,"ROSARIO","Rosario","Asfalto","S/D","II","Dentro","Urbana","S/D","S/D","Intersección","S/D","S/D","S/D","S/D","S/D","S/D","Colisión","S/D","S/D","S/D","S/D"
2014,10548,21/11/2014,"Viernes",0,20:30:00,,"0.0",2,"Moto/Ciclomotor,Pickup/Utilitario","Martinez Estrada Y Jujuy",3,2,0,0,1,0,0,,"Calle",,"ROSARIO","Rosario","Asfalto","No existe","II","Dentro","Urbana","Ninguna","No existe","Recta","Con baches","Buena","Nocturna","Buen Tiempo","Lateral","S/D","Colisión","Otro","Faltante","Ninguna","Obra en Construcción"
2014,10549,02/11/2014,"Domingo",0,05:45:00,,"0.0",2,"Automóvil,Moto/Ciclomotor","Bv. Oroño Y Ayolas",3,3,0,0,0,0,0,,"Calle",,"ROSARIO","Rosario","Asfalto","No existe","II","Dentro","Urbana","Ninguna","Funciona","Intersección","Bueno","Buena","Diurna","Buen Tiempo","Otro","S/D","Colisión","Ninguna","Faltante","Ninguna","Sin restricción"
2014,10550,08/11/2014,"Sabado",0,14:30:00,,"0.0",2,"Peatón,Pickup/Utilitario","Paraguay Y Centeno",2,1,0,0,1,0,0,,"Calle",,"ROSARIO","Rosario","Asfalto","No existe","II","Dentro","Urbana","Ninguna","No existe","Recta","Bueno","Buena","Diurna","Buen Tiempo","S/D","S/D","Atropello","Ninguna","Faltante","S/D","Sin restricción"
2014,10552,25/11/2014,"Martes",0,17:00:00,,"0.0",2,"Pickup/Utilitario,Automóvil","Piedrabuena ",2,1,0,0,1,0,0,,"Calle",,"ALVEAR","Rosario","Ripio","No existe","II","Dentro","Urbana","Ninguna","No existe","Intersección","Bueno","Buena","Diurna","Buen Tiempo","Lateral","S/D","Colisión","S/D","Faltante","Ninguna","Sin restricción"
2014,10553,05/12/2014,"Viernes",0,13:25:00,,"0.0",2,"Automóvil,Automóvil","9 De Julio Y Constitucion",2,1,0,0,1,0,0,,"Calle",,"ROSARIO","Rosario","Asfalto","S/D","II","Dentro","Urbana","S/D","S/D","Intersección","S/D","S/D","Diurna","S/D","S/D","S/D","Colisión","S/D","S/D","S/D","S/D"