"anio_acci","nro_acci","fecha","desc_dia","fecha_aprox","hora_aprox","desc_ruta","km","cant_participantes","desc_participante","calle_avenida_km","total","heridos_leves","heridos_graves","heridos_gravisimos","ilesos","fallecidos","sin_datos","posicion_XY","desc_tipo_via","desc_ruta_ori","desc_loc","desc_dpto","desc_tipo_calzada","desc_tipo_banquina","desc_unidad_regional","desc_lugar_calzada","desc_zona","desc_prioridad","desc_estado_semaforo","desc_lugar_via","desc_estado_via","desc_estado_visibilidad","desc_luminosidad","desc_estado_clima","desc_tipo_colision","desc_tipo_atropello","desc_tipo_hecho","desc_pres_calzada","desc_senializacion","desc_separacion_via","desc_restriccion"
2014,10554,04/11/2014,"Martes",0,12:30:00,,"0.0",2,"Automóvil,Moto/Ciclomotor","San Nicolas Y Marcos Paz",2,1,0,0,1,0,0,,"Calle",,"ROSARIO","Rosario","Asfalto","S/D","II","Dentro","Urbana","S/D","S/D","Intersección","S/D","S/D","S/D","S/D","S/D","S/D","Colisión","S/D","S/D","S/D","S/D"
2014,10555,06/12/2014,"Sabado",0,,,"0.0",2,"Moto/Ciclomotor,Automóvil","Matheu Y Nicolas Laguna",2,1,0,0,1,0,0,,"Calle",,"ROSARIO","Rosario","Asfalto","No existe","II","Dentro","Urbana","Ninguna","No existe","Intersección","Bueno","Buena","Nocturna,Con luz artificial","Buen Tiempo","S/D","S/D","Colisión","S/D","Faltante","Ninguna","Sin restricción"
2014,10556,06/12/2014,"Sabado",0,07:30:00,,"0.0",1,"Automóvil"," ",2,2,0,0,0,0,0,,"Avenida",,"VILLA GOBERNADOR GÁLVEZ","Rosario","Asfalto","No existe","II","Dentro","Urbana","Ninguna","No existe","Curva","Bueno","Buena","Diurna","Buen Tiempo","Otro","S/D","Vuelco","Otro","Faltante","Ninguna","Sin restricción"
2014,10557,19/11/2014,"Miercoles",0,12:30:00,,"0.0",2,"Moto/Ciclomotor,Automóvil","Av. Luis Carballo ",3,1,0,0,2,0,0,,"Avenida",,"ROSARIO","Rosario","S/D","S/D","II","S/D","Urbana","S/D","S/D","Recta","S/D","S/D","Diurna","S/D","S/D","S/D","Colisión","S/D","S/D","S/D","S/D"
2014,10558,07/11/2014,"Viernes",0,10:45:00,,"0.0",2,"Automóvil,Moto/Ciclomotor","Italia Y Garay",2,1,0,0,1,0,0,,"Calle",,"ROSARIO","Rosario","Asfalto","No existe","II","Dentro","Urbana","Ninguna","No existe","Intersección","Bueno","Buena","Diurna","Buen Tiempo","De alcance","S/D","Colisión","Ninguna","Faltante","S/D","Sin restricción"
2014,10559,06/11/2014,"Jueves",0,13:15:00,"Ruta Nacional 33","0.0",2,"Automóvil,Pickup/Utilitario"," ",2,1,0,0,1,0,0,,"Ruta",33,"PEREZ","Rosario","S/D","No existe","II","Dentro","Urbana","S/D","No existe","Intersección","S/D","Buena","Diurna","S/D","De alcance","S/D","Colisión","S/D","Faltante","Línea divisoria pintada","Sin restricción"
2014,10560,06/12/2014,"Sabado",0,09:20:00,,"0.0",2,"Automóvil,Automóvil","Cordoba Y Callao",2,1,0,0,1,0,0,,"Calle",,"ROSARIO","Rosario","Asfalto","S/D","II","Dentro","Urbana","S/D","S/D","Intersección","S/D","S/D","Diurna","S/D","S/D","S/D","Colisión","S/D","S/D","S/D","S/D"
2014,10561,07/11/2014,"Viernes",0,20:15:00,"Ruta Nacional 33","0.0",2,"Moto/Ciclomotor,Automóvil"," ",2,1,0,0,1,0,0,,"Ruta",33,"ZAVALLA","Rosario","Asfalto","Pavimento","II","S/D","Urbana","Ninguna","No existe","Intersección","Bueno","Buena","Nocturna,Con luz artificial","Buen Tiempo","Lateral","S/D","Colisión","S/D","S/D","Ninguna","Sin restricción"
2014,10562,14/11/2014,"Viernes",0,11:15:00,,"0.0",2,"Automóvil,Automóvil","San Martin Y Anchorena",2,1,0,0,1,0,0,,"Avenida",,"ROSARIO","Rosario","Asfalto","S/D","II","Dentro","Urbana","Semáforo","Funciona","Intersección","Bueno","Buena","Diurna","Buen Tiempo","De alcance","S/D","Colisión","Ninguna","Horizontal","Ninguna","Sin restricción"
2014,10563,27/11/2014,"Jueves",0,11:15:00,,"0.0",2,"Peatón,Pickup/Utilitario","1 de Mayo 1800",2,1,0,0,1,0,0,,"Calle",,"ROSARIO","Rosario","Asfalto","No existe","II","S/D","Urbana","Ninguna","No existe","Recta","Bueno","Buena","Diurna","Buen Tiempo","S/D","S/D","Atropello","Ninguna","Faltante","Ninguna","Sin restricción"
2014,10564,05/12/2014,"Viernes",0,,,"0.0",2,"Moto/Ciclomotor,Peatón","Calderon 4000",2,1,0,0,1,0,0,,"Calle",,"ROSARIO","Rosario","S/D","No existe","II","Dentro","Urbana","Ninguna","Intermitente","Recta","Bueno","Buena","Atardecer","Buen Tiempo","S/D","S/D","Atropello","S/D","Faltante","Ninguna","Sin restricción"
2014,10565,11/11/2014,"Martes",0,21:30:00,,"0.0",2,"Automóvil,Moto/Ciclomotor","Av. Jorge Newbery Y Tarragona",3,2,0,0,1,0,0,,"S/D",,"ROSARIO","Rosario","S/D","S/D","II","S/D","Urbana","S/D","S/D","S/D","S/D","S/D","Nocturna","S/D","S/D","S/D","S/D","S/D","S/D","S/D","S/D"
2014,10566,12/09/2014,"Viernes",0,12:45:00,,"0.0",3,"Peatón,Automóvil,Automóvil","Av. Avellaneda B Y Av. Alberdi Bis",3,1,0,0,2,0,0,,"Avenida",,"ROSARIO","Rosario","S/D","S/D","II","S/D","Urbana","S/D","S/D","S/D","S/D","S/D","Diurna","Buen Tiempo","S/D","S/D","Atropello","S/D","S/D","S/D","S/D"
2014,10567,14/12/2014,"Domingo",0,18:30:00,"Ruta Provincial Brigadier E.López","0.0",2,"Moto/Ciclomotor,Automóvil"," ",3,2,0,0,1,0,0,,"Ruta","Brigadier E.López","ROSARIO","Rosario","Asfalto","Pavimento","II","Dentro","Urbana","Marca Vial","No existe","Recta","Bueno","Buena","Atardecer","Buen Tiempo","Lateral","S/D","Colisión","S/D","S/D","Cordón divisorio","Sin restricción"
2014,10568,22/11/2014,"Sabado",0,15:45:00,"Ruta Provincial 21","0.0",2,"Moto/Ciclomotor,Automóvil","AV. GRAL. SAN MARTIN Y CAMINO DEL INMIGRANTE",2,1,0,0,1,0,0,,"Ruta",21,"VILLA GOBERNADOR GÁLVEZ","Rosario","Asfalto","No existe","II","Dentro","Urbana","Ninguna","No existe","Recta","Bueno","Buena","Diurna","Buen Tiempo","Lateral","S/D","Colisión","Otro","Faltante","Ninguna","Sin restricción"
2014,10569,14/11/2014,"Viernes",0,15:15:00,,"0.0",2,"Peatón,Automóvil","San Martin Y Pje. Gral.Savio",2,1,0,0,1,0,0,,"S/D",,"ROSARIO","Rosario","Asfalto","No existe","II","S/D","S/D","Semáforo","Funciona","Recta","Bueno","Buena","S/D","Buen Tiempo","S/D","S/D","Atropello","Ninguna","Horizontal","Ninguna","Sin restricción"
2014,10570,10/12/2014,"Miercoles",0,12:00:00,,"0.0",3,"Moto/Ciclomotor,Automóvil,Transporte de Pasajeros Urbano (> 8 asientos)","Junin Y Pje. Famatina",3,1,0,0,2,0,0,,"Calle",,"ROSARIO","Rosario","Asfalto","S/D","II","Dentro","Urbana","S/D","S/D","Intersección","S/D","S/D","Diurna","S/D","Múltiple","S/D","Colisión","S/D","S/D","S/D","S/D"
2014,10571,10/11/2014,"Lunes",0,20:15:00,,"0.0",2,"Automóvil,Automóvil","Av. Pellegrini 4400",3,2,0,0,0,0,1,,"Avenida",,"ROSARIO","Rosario","Asfalto","S/D","II","Dentro","Urbana","S/D","S/D","Intersección","S/D","S/D","S/D","S/D","S/D","S/D","Colisión","S/D","S/D","S/D","S/D"
2014,10572,15/11/2014,"Sabado",0,01:10:00,,"0.0",2,"Taxi/Remis,Moto/Ciclomotor","Av. Avellaneda B Y Albert Sabin",2,1,0,0,1,0,0,,"Avenida",,"ROSARIO","Rosario","S/D","S/D","II","Dentro","Urbana","S/D","S/D","Intersección","S/D","S/D","Nocturna","S/D","S/D","S/D","Colisión","S/D","S/D","S/D","S/D"
2014,10573,17/11/2014,"Lunes",0,14:30:00,,"0.0",2,"Automóvil,Bicicleta","Av. Pellegrini Y Av. Belgrano",2,0,1,0,1,0,0,,"Avenida",,"ROSARIO","Rosario","Asfalto","No existe","II","S/D","Urbana","Ninguna","No existe","Intersección","Bueno","Buena","Diurna","Buen Tiempo","S/D","S/D","Atropello","Ninguna","Faltante","Ninguna","Sin restricción"
2014,10574,25/10/2014,"Sabado",0,08:35:00,,"0.0",2,"Moto/Ciclomotor,Pickup/Utilitario","Fornieles 700",2,1,0,0,1,0,0,,"Calle",,"VILLA GOBERNADOR GÁLVEZ","Rosario","Asfalto","No existe","II","Dentro","Urbana","Ninguna","No existe","Recta","Bueno","Buena","Diurna","Buen Tiempo","Lateral","S/D","Colisión","Otro","Faltante","Ninguna","Sin restricción"
2014,10575,13/11/2014,"Jueves",0,23:00:00,,"0.0",2,"Moto/Ciclomotor,Automóvil","Av. Luis Carballo Y Pje. Franchini Bis",2,1,0,0,1,0,0,,"Avenida",,"ROSARIO","Rosario","S/D","S/D","II","S/D","Urbana","S/D","S/D","Intersección","S/D","S/D","Nocturna","S/D","S/D","S/D","S/D","S/D","S/D","S/D","S/D"
2014,10576,09/11/2014,"Domingo",0,,,"0.0",2,"Moto/Ciclomotor,Pickup/Utilitario","Pje. Cachi Bis Y Calle 1481",2,2,0,0,0,0,0,,"S/D",,"ROSARIO","Rosario","S/D","S/D","II","S/D","Urbana","S/D","S/D","S/D","S/D","S/D","S/D","S/D","S/D","S/D","S/D","S/D","S/D","S/D","S/D"
2014,10577,05/11/2014,"Miercoles",0,08:00:00,,"0.0",2,"Peatón,Automóvil","Mendoza Y Castellanos",2,1,0,0,1,0,0,,"Calle",,"ROSARIO","Rosario","Asfalto","S/D","II","Dentro","Urbana","S/D","S/D","Intersección","S/D","S/D","S/D","S/D","S/D","S/D","Atropello","S/D","S/D","S/D","S/D"
2014,10578,21/11/2014,"Viernes",0,11:10:00,,"0.0",2,"Bicicleta,Automóvil","Av. Provincias Unidas ",2,0,0,0,1,0,1,,"Avenida",,"ROSARIO","Rosario","Asfalto","Pavimento","II","Dentro","Urbana","Ninguna","No existe","Recta","Bueno","Buena","Diurna","Buen Tiempo","S/D","S/D","Atropello","Otro","Vertical","Cordón divisorio","Sin restricción"
2014,10579,20/12/2014,"Sabado",0,04:00:00,,"0.0",2,"Automóvil,Moto/Ciclomotor","Almirante Brown 0",3,0,2,0,1,0,0,,"Camino Rural",,"ALVEAR","Rosario","Tierra","No existe","II","S/D","Rural","Ninguna","No existe","Intersección","Bueno","Reducida","Nocturna","Lluvia","Lateral","S/D","Colisión","Agua","Faltante","Ninguna","Sin restricción"
2014,10580,16/11/2014,"Domingo",0,23:15:00,,"0.0",1,"Moto/Ciclomotor","Bv. 27 De Febrero Y 1 de Mayo",2,2,0,0,0,0,0,,"Calle",,"ROSARIO","Rosario","Asfalto","No existe","II","S/D","Urbana","Ninguna","Intermitente","Recta","Bueno","Buena","Nocturna,Con luz artificial","Buen Tiempo","S/D","S/D","Caída ocupante","Ninguna","Horizontal","Ninguna","Sin restricción"
2014,10581,04/12/2014,"Jueves",0,11:15:00,,"0.0",2,"Automóvil,Moto/Ciclomotor","Alsina Y Urquiza",3,1,0,0,2,0,0,,"Calle",,"ROSARIO","Rosario","Asfalto","No existe","II","Dentro","Urbana","Ninguna","No existe","Recta","Bueno","Buena","Diurna","Buen Tiempo","Lateral","S/D","Colisión","S/D","Faltante","Ninguna","Sin restricción"
2014,10582,06/11/2014,"Jueves",0,20:30:00,,"0.0",2,"Moto/Ciclomotor,Camión","CAMINO CERESETTO 150M AL ESTE R14 ",4,3,0,0,1,0,0,,"Camino Rural",,"SOLDINI","Rosario","Asfalto","No existe","II","S/D","Rural","Ninguna","No existe","Recta","Deteriorada","Buena","Atardecer","Buen Tiempo","Otro","S/D","Atropello","Ninguna","Faltante","Vegetación","Sin restricción"
2014,10583,09/11/2014,"Domingo",0,06:15:00,,"0.0",2,"Moto/Ciclomotor,Pickup/Utilitario","Cordoba Y Tucuman",2,1,0,0,1,0,0,,"Calle",,"GENERAL LAGOS","Rosario","Asfalto","No existe","II","Dentro","Urbana","Ninguna","No existe","Intersección","Bueno","Buena","Diurna","Buen Tiempo","De alcance","S/D","Colisión","S/D","Faltante","Ninguna","Sin restricción"
2014,10584,26/12/2014,"Viernes",0,,,"0.0",2,"Moto/Ciclomotor,Automóvil","Guillermo Brown Y San Juan",3,2,0,0,1,0,0,,"Calle",,"VILLA CONSTITUCIÓN","Constitución","Hormigón","Pavimento","VI","Dentro","Urbana","Ninguna","No existe","Intersección","Bueno","Buena","Diurna","Buen Tiempo","Frontal","S/D","Colisión","Ninguna","Faltante","Ninguna","Sin restricción"
2014,10585,25/11/2014,"Martes",0,08:20:00,,"0.0",2,"Automóvil,Otros","Palliere Y Av. Circunvalacion",2,1,0,0,1,0,0,,"Calle",,"ROSARIO","Rosario","Asfalto","No existe","II","Dentro","Urbana","S/D","Funciona","Recta","S/D","Buena","Diurna","Buen Tiempo","S/D","S/D","Colisión","S/D","S/D","Ninguna","Sin restricción"
2014,10586,07/11/2014,"Viernes",0,08:00:00,,"0.0",2,"Automóvil,Automóvil","Laprida Y Ituzaingo",2,1,0,0,1,0,0,,"Calle",,"ROSARIO","Rosario","Asfalto","No existe","II","S/D","Urbana","Ninguna","No existe","Intersección","Bueno","Buena","Diurna","Buen Tiempo","De alcance","S/D","Colisión","Ninguna","Faltante","Ninguna","Sin restricción"
2014,10587,24/12/2014,"Miercoles",0,08:00:00,"Ruta Provincial 21","4.0",3,"Automóvil,Automóvil,Bicicleta"," ",3,3,0,0,0,0,0,,"Ruta",21,"ALVEAR","Rosario","Asfalto","Natural","II","Dentro","Rural","Ninguna","No existe","Recta","Bueno","Buena","Diurna","Buen Tiempo","Múltiple","S/D","Colisión,Atropello","Otro","Horizontal,Vertical","Línea divisoria pintada","Sin restricción"
2014,10588,20/11/2014,"Jueves",0,08:20:00,,"0.0",2,"Moto/Ciclomotor,Peatón","Bv. Rondeau Y Av. Irigoyen",2,0,1,0,1,0,0,,"Avenida",,"ROSARIO","Rosario","Asfalto","No existe","II","Dentro","Urbana","Ninguna","Funciona","Intersección","Bueno","Buena","Amanecer","Buen Tiempo","Otro","S/D","Atropello","Ninguna","Vertical","Ninguna","Sin restricción"
2014,10589,05/12/2014,"Viernes",0,14:00:00,,"0.0",2,"Moto/Ciclomotor,Automóvil","Santa Fe Y Cafferata",2,1,0,0,1,0,0,,"Calle",,"ROSARIO","Rosario","Asfalto","No existe","II","Dentro","Urbana","Semáforo","Funciona","Recta","Bueno","Buena","Diurna","Buen Tiempo","Lateral","S/D","Colisión","S/D","Vertical","Ninguna","Sin restricción"
2014,10590,06/12/2014,"Sabado",0,,,"0.0",2,"Moto/Ciclomotor,Pickup/Utilitario","Alsina Y 9 De Julio",2,1,0,0,0,0,1,,"Calle",,"ROSARIO","Rosario","Asfalto","S/D","II","Dentro","Urbana","S/D","S/D","Intersección","S/D","S/D","Diurna","Buen Tiempo","S/D","S/D","Colisión","S/D","S/D","S/D","S/D"
2014,10591,20/11/2014,"Jueves",0,15:30:00,,"0.0",2,"Peatón,Automóvil","Albert Sabin 200",2,1,0,0,1,0,0,,"Avenida",,"ROSARIO","Rosario","Asfalto","No existe","II","Dentro","Urbana","Ninguna","No existe","Recta","Bueno","Buena","Diurna","Buen Tiempo","De alcance","S/D","Atropello","Otro","Faltante","Línea divisoria pintada","Sin restricción"
2014,10592,06/11/2014,"Jueves",0,09:00:00,,"0.0",2,"Automóvil,Automóvil","Alsina Y 9 De Julio",3,1,0,0,2,0,0,,"Calle",,"ROSARIO","Rosario","Asfalto","S/D","II","Dentro","Urbana","S/D","S/D","Intersección","S/D","S/D","Diurna","S/D","S/D","S/D","Colisión","S/D","S/D","S/D","S/D"
2014,10593,13/11/2014,"Jueves",0,17:15:00,,"0.0",2,"Automóvil,Moto/Ciclomotor","Uruguay Y España",2,1,0,0,1,0,0,,"Calle",,"ROSARIO","Rosario","Asfalto","No existe","II","Dentro","Urbana","S/D","No existe","Intersección","Bueno","Buena","Diurna","Buen Tiempo","De alcance","S/D","Colisión","Ninguna","Faltante","Ninguna","Sin restricción"
2014,10594,20/11/2014,"Jueves",0,16:10:00,,"0.0",2,"Automóvil,Moto/Ciclomotor","Av. Irigoyen 1600",4,1,0,0,1,0,2,,"Calle",,"ROSARIO","Rosario","Asfalto","No existe","II","Dentro","Urbana","Ninguna","No existe","Recta","S/D","Buena","Diurna","Buen Tiempo","S/D","S/D","Colisión","S/D","S/D","Ninguna","Sin restricción"
2014,10595,05/12/2014,"Viernes",0,17:00:00,,"0.0",2,"Moto/Ciclomotor,Automóvil","Santiago Y E.Zeballos",2,1,0,0,1,0,0,,"Calle",,"ROSARIO","Rosario","Asfalto","S/D","II","S/D","Urbana","S/D","S/D","Intersección","S/D","S/D","Diurna","S/D","S/D","S/D","Colisión","S/D","S/D","S/D","S/D"
2014,10596,27/12/2014,"Sabado",0,20:00:00,,"0.0",2,"Moto/Ciclomotor,Pickup/Utilitario","Urquiza Y 25 deMayo",2,1,0,0,1,0,0,,"Calle",,"GENERAL LAGOS","Rosario","Asfalto","No existe","II","Dentro","Urbana","Ninguna","No existe","Intersección","Bueno","Buena","Nocturna,Con luz artificial","Buen Tiempo","De alcance","S/D","Colisión","S/D","Faltante","Ninguna","Sin restricción"
2014,10597,25/10/2014,"Sabado",0,08:05:00,,"0.0",2,"Moto/Ciclomotor,Automóvil","20 de Junio Y Jujuy",2,1,0,0,1,0,0,,"Calle",,"VILLA GOBERNADOR GÁLVEZ","Rosario","Asfalto","No existe","II","Dentro","Urbana","Ninguna","No existe","Recta","Bueno","Buena","Diurna","Buen Tiempo","Lateral","S/D","Colisión","Otro","Faltante","Ninguna","Sin restricción"
2014,10598,11/11/2014,"Martes",0,12:53:00,,"0.0",2,"Moto/Ciclomotor,Camión","Alvear Y Biedma",2,1,0,0,1,0,0,,"Calle",,"ROSARIO","Rosario","Asfalto","No existe","II","S/D","S/D","Ninguna","No existe","Recta","Bueno","Buena","Diurna","Buen Tiempo","De alcance","S/D","Colisión","Ninguna","Faltante","S/D","Sin restricción"
2014,10599,23/12/2014,"Martes",0,20:30:00,,"0.0",2,"Automóvil,Moto/Ciclomotor","CORDOBA  Y ALBERDI",2,1,0,0,1,0,0,,"Calle",,"PUEBLO ESTHER","Rosario","Asfalto","Pavimento","II","S/D","Urbana","Ninguna","No existe","Intersección","Bueno","Buena","Nocturna,Con luz artificial","Buen Tiempo","Lateral","S/D","Colisión","Ninguna","Faltante","Línea divisoria pintada","Sin restricción"
2014,10600,18/11/2014,"Martes",0,11:55:00,,"0.0",2,"Automóvil,Automóvil","Av Juan Domingo Peron Y Dorrego",2,0,0,0,1,0,1,,"Avenida",,"VILLA GOBERNADOR GÁLVEZ","Rosario","Asfalto","No existe","II","Dentro","Urbana","Ninguna","No existe","Recta","Bueno","Buena","Diurna","Buen Tiempo","De alcance","S/D","Colisión","Otro","Faltante","Ninguna","Sin restricción"
2014,10601,18/11/2014,"Martes",0,18:50:00,,"0.0",2,"Moto/Ciclomotor,Pickup/Utilitario","Av. Luis Carballo Y Bv. Avellaneda",2,1,0,0,1,0,0,,"S/D",,"ROSARIO","Rosario","Asfalto","S/D","II","S/D","Urbana","Ninguna","S/D","Recta","Bueno","Buena","Diurna","Buen Tiempo","De alcance","S/D","Colisión","S/D","S/D","S/D","Sin restricción"
2014,10602,17/11/2014,"Lunes",0,17:30:00,,"0.0",2,"Moto/Ciclomotor,Transporte de Pasajeros","Av Juan Domingo Peron Y Cordoba",2,1,0,0,0,0,1,,"Calle",,"VILLA GOBERNADOR GÁLVEZ","Rosario","Asfalto","S/D","II","Dentro","Urbana","Ninguna","S/D","Recta","Bueno","Buena","Diurna","Buen Tiempo","De alcance","S/D","Colisión","S/D","Faltante","Ninguna","Sin restricción"
2014,10604,11/11/2014,"Martes",0,23:40:00,,"0.0",2,"Pickup/Utilitario,Bicicleta","Pueyrredon Y Bv. Segui",2,1,0,0,1,0,0,,"Calle",,"ROSARIO","Rosario","Asfalto","S/D","II","Dentro","Urbana","Ninguna","No existe","Intersección","Bueno","Buena","Nocturna,Con luz artificial","Buen Tiempo","S/D","S/D","Atropello","Ninguna","Faltante","S/D","Sin restricción"
2014,10605,28/11/2014,"Viernes",0,11:50:00,,"0.0",2,"Automóvil,Moto/Ciclomotor","Corrientes 400",2,1,0,0,1,0,0,,"Calle",,"VILLA GOBERNADOR GÁLVEZ","Rosario","S/D","No existe","II","Dentro","Urbana","Ninguna","No existe","Recta","Bueno","Buena","Diurna","Buen Tiempo","De alcance","S/D","Colisión","S/D","Faltante","Ninguna","Sin restricción"
2014,10606,09/12/2014,"Martes",0,22:55:00,,"0.0",2,"Moto/Ciclomotor,Automóvil","9 De Julio Y Pascual Rosas",2,1,0,0,1,0,0,,"Calle",,"ROSARIO","Rosario","Asfalto","S/D","II","Dentro","Urbana","S/D","S/D","Intersección","S/D","S/D","Nocturna","S/D","S/D","S/D","Colisión","S/D","S/D","S/D","S/D"
2014,10607,25/10/2014,"Sabado",0,17:30:00,,"0.0",2,"Moto/Ciclomotor,Automóvil","33 Cristo Rey Y Guemes",3,1,0,0,2,0,0,,"Calle",,"SOLDINI","Rosario","Ripio","No existe","II","S/D","Urbana","Ninguna","No existe","Intersección","Bueno","S/D","Diurna","Buen Tiempo","Frontal","S/D","Colisión","Ninguna","S/D","Ninguna","Sin restricción"
2014,10608,04/11/2014,"Martes",0,21:00:00,,"0.0",3,"Camión,Automóvil,Pickup/Utilitario","Av. Pellegrini Y Lavalle",3,1,0,0,2,0,0,,"Calle",,"ROSARIO","Rosario","Asfalto","S/D","II","Dentro","Urbana","S/D","S/D","Intersección","S/D","S/D","Diurna","S/D","S/D","S/D","Colisión","S/D","S/D","S/D","S/D"
2014,10609,19/11/2014,"Miercoles",0,16:45:00,,"0.0",2,"Automóvil,Moto/Ciclomotor","Maipu Y San Juan",2,1,0,0,1,0,0,,"Calle",,"VILLA GOBERNADOR GÁLVEZ","Rosario","Asfalto","No existe","II","Dentro","Urbana","Ninguna","No existe","Recta","Bueno","S/D","Diurna","Buen Tiempo","De alcance","S/D","Colisión","S/D","Faltante","S/D","Sin restricción"
2014,10610,23/11/2014,"Domingo",0,20:20:00,,"0.0",2,"Automóvil,Moto/Ciclomotor","Av. Eudoro Carrasco Y Dr.D.Peña",1,1,0,0,0,0,0,,"Avenida",,"ROSARIO","Rosario","Asfalto","No existe","II","Dentro","Urbana","Ninguna","S/D","Intersección","Bueno","Buena","Nocturna","Buen Tiempo","Contra objeto fijo","S/D","Colisión","Otro","Faltante","Ninguna","Sin restricción"
2014,10611,12/12/2014,"Viernes",0,04:00:00,,"0.0",2,"Moto/Ciclomotor,Pickup/Utilitario","Av Juan Domingo Peron Y G Lopez",2,1,0,0,1,0,0,,"Calle",,"VILLA GOBERNADOR GÁLVEZ","Rosario","Asfalto","No existe","II","Dentro","Urbana","Ninguna","No existe","Recta","Bueno","Buena","Nocturna,Con luz artificial","Buen Tiempo","De alcance","S/D","Colisión","S/D","S/D","Ninguna","Sin restricción"
2014,10612,09/11/2014,"Domingo",0,10:29:00,,"0.0",2,"Moto/Ciclomotor,Automóvil","Entre Rios Y Sanchez de Bustamante",3,2,0,0,1,0,0,,"Calle",,"ROSARIO","Rosario","Asfalto","No existe","II","Dentro","Urbana","Ninguna","No existe","Intersección","Bueno","Buena","Diurna","Buen Tiempo","De alcance","S/D","Colisión","Ninguna","Faltante","S/D","Sin restricción"
2014,10613,05/12/2014,"Viernes",0,01:00:00,,"0.0",2,"Moto/Ciclomotor,Moto/Ciclomotor","Av Juan Domingo Peron Y Cordoba",2,1,0,0,1,0,0,,"Calle",,"VILLA GOBERNADOR GÁLVEZ","Rosario","Asfalto","S/D","II","S/D","Urbana","Ninguna","No existe","Recta","Bueno","Buena","Nocturna,Con luz artificial","Buen Tiempo","De alcance","S/D","Colisión","S/D","Horizontal","Ninguna","Sin restricción"
2014,10614,27/12/2014,"Sabado",0,23:40:00,,"0.0",2,"Moto/Ciclomotor,Automóvil","Gurruchaga Y Maestro Massa",3,2,0,0,1,0,0,,"Calle",,"ROSARIO","Rosario","Asfalto","No existe","II","Dentro","Urbana","Ninguna","No existe","Recta","Bueno","Buena","Nocturna","Buen Tiempo","Lateral","S/D","Colisión","S/D","Faltante","Ninguna","Sin restricción"
2014,10615,22/10/2014,"Miercoles",0,20:30:00,,"0.0",2,"Moto/Ciclomotor,Automóvil","33 Cristo Rey Y San Martin",3,1,0,0,2,0,0,,"Calle",,"SOLDINI","Rosario","Asfalto","No existe","II","S/D","Urbana","Ninguna","No existe","Intersección","Bueno","Buena","Atardecer","Buen Tiempo","Frontal","S/D","Colisión","Ninguna","S/D","Ninguna","Sin restricción"
2014,10616,06/11/2014,"Jueves",0,02:35:00,,"0.0",2,"Moto/Ciclomotor,Otros","Bv Galvez Y Sarmiento",3,1,0,0,1,0,1,,"S/D",,"SANTA FE","La Capital","Asfalto","No existe","I","S/D","Urbana","Semáforo","Funciona","Intersección","Bueno","S/D","Con luz artificial","S/D","S/D","S/D","Colisión","S/D","Vertical","S/D","Sin restricción"
2014,10617,21/12/2014,"Domingo",0,07:00:00,,"0.0",2,"Automóvil,Moto/Ciclomotor","MENDOZA  Y GRAL. LOPEZ",2,0,0,1,1,0,0,,"Calle",,"VILLA GOBERNADOR GÁLVEZ","Rosario","Asfalto","No existe","II","Dentro","Urbana","Ninguna","No existe","Recta","Con baches","Buena","Diurna","Buen Tiempo","Frontal","S/D","Colisión","S/D","Faltante","Ninguna","Sin restricción"
2014,10618,08/11/2014,"Sabado",0,06:40:00,,"0.0",2,"Taxi/Remis,Automóvil","Cordoba Y San Nicolas",2,1,0,0,1,0,0,,"Calle",,"ROSARIO","Rosario","Asfalto","S/D","II","Dentro","Urbana","S/D","S/D","Intersección","S/D","S/D","S/D","S/D","S/D","S/D","Colisión","S/D","S/D","S/D","S/D"
2014,10619,24/12/2014,"Miercoles",0,14:10:00,,"0.0",2,"Moto/Ciclomotor,Automóvil","I A Edison Y Victor Hugo",2,1,0,0,1,0,0,,"Calle",,"VILLA GOBERNADOR GÁLVEZ","Rosario","Asfalto","No existe","II","Dentro","Urbana","Ninguna","No existe","Recta","Con baches","Buena","Diurna","Buen Tiempo","Lateral","S/D","Colisión","Otro","Faltante","Ninguna","Sin restricción"
2014,10620,13/11/2014,"Jueves",0,11:50:00,,"0.0",2,"Automóvil,Automóvil","E.Zeballos Y Pueyrredon",3,2,0,0,1,0,0,,"Calle",,"ROSARIO","Rosario","Asfalto","S/D","II","Dentro","Urbana","S/D","S/D","Intersección","S/D","S/D","S/D","S/D","S/D","S/D","Colisión","S/D","S/D","S/D","S/D"
2014,10622,03/12/2014,"Miercoles",0,17:00:00,,"0.0",2,"Automóvil,Moto/Ciclomotor","3 De Febrero Y Rio De Janeiro",2,1,0,0,1,0,0,,"Calle",,"ROSARIO","Rosario","Asfalto","S/D","II","Dentro","Urbana","S/D","S/D","Intersección","S/D","S/D","Diurna","S/D","S/D","S/D","Colisión","S/D","S/D","S/D","S/D"
2014,10623,28/11/2014,"Viernes",0,19:35:00,,"0.0",2,"Bicicleta,Transporte de Pasajeros Urbano (> 8 asientos)","Av. Brassey Y Sarratea Bis",2,1,0,0,1,0,0,,"Calle",,"ROSARIO","Rosario","Asfalto","S/D","II","S/D","Urbana","S/D","S/D","Intersección","Bueno","S/D","Atardecer","S/D","S/D","S/D","Atropello","S/D","S/D","S/D","S/D"