"anio_acci","nro_acci","fecha","desc_dia","fecha_aprox","hora_aprox","desc_ruta","km","cant_participantes","desc_participante","calle_avenida_km","total","heridos_leves","heridos_graves","heridos_gravisimos","ilesos","fallecidos","sin_datos","posicion_XY","desc_tipo_via","desc_ruta_ori","desc_loc","desc_dpto","desc_tipo_calzada","desc_tipo_banquina","desc_unidad_regional","desc_lugar_calzada","desc_zona","desc_prioridad","desc_estado_semaforo","desc_lugar_via","desc_estado_via","desc_estado_visibilidad","desc_luminosidad","desc_estado_clima","desc_tipo_colision","desc_tipo_atropello","desc_tipo_hecho","desc_pres_calzada","desc_senializacion","desc_separacion_via","desc_restriccion"
2014,10624,17/11/2014,"Lunes",0,,,"0.0",2,"Moto/Ciclomotor,Automóvil","Av. Jorge Newbery ",3,2,0,0,1,0,0,,"Calle",,"ROSARIO","Rosario","S/D","S/D","II","Dentro","Urbana","S/D","S/D","Recta","S/D","S/D","S/D","S/D","S/D","S/D","S/D","S/D","S/D","S/D","S/D"
2014,10625,26/12/2014,"Viernes",0,,,"0.0",2,"Moto/Ciclomotor,Automóvil","Juan Jose de Urquiza Y Libertad",2,1,0,0,1,0,0,,"Calle",,"VILLA CONSTITUCIÓN","Constitución","Asfalto","Pavimento","VI","Dentro","Urbana","Ninguna","No existe","Intersección","Bueno","Buena","Diurna","Buen Tiempo","Frontal","S/D","Colisión","Ninguna","Faltante","Ninguna","Sin restricción"
2014,10626,27/11/2014,"Jueves",0,,,"0.0",2,"Automóvil,Moto/Ciclomotor","Montevideo Y Pueyrredon",3,1,0,0,2,0,0,,"Calle",,"ROSARIO","Rosario","Asfalto","S/D","II","Dentro","Urbana","S/D","S/D","S/D","S/D","S/D","S/D","S/D","S/D","S/D","Colisión","S/D","S/D","S/D","S/D"
2014,10627,07/11/2014,"Viernes",0,16:20:00,,"0.0",2,"Automóvil,Moto/Ciclomotor","Montevideo Y Av. Provincias Unidas",2,1,0,0,1,0,0,,"Calle",,"ROSARIO","Rosario","Asfalto","No existe","II","Dentro","Urbana","Ninguna","No existe","Intersección","Bueno","Buena","Diurna","Buen Tiempo","Lateral","S/D","Colisión","Ninguna","Horizontal","Ninguna","Sin restricción"
2014,10628,28/11/2014,"Viernes",0,11:00:00,,"0.0",2,"Pickup/Utilitario,Bicicleta","Sarratea Bis Y Bv. Argentino",2,1,0,0,1,0,0,,"Avenida",,"ROSARIO","Rosario","Asfalto","S/D","II","S/D","Urbana","S/D","S/D","Recta","Bueno","S/D","S/D","S/D","S/D","S/D","Atropello","S/D","S/D","S/D","S/D"
2014,10630,10/12/2014,"Miercoles",0,11:10:00,,"0.0",2,"Automóvil,Automóvil","Mendoza Y Pascual Rosas",2,1,0,0,1,0,0,,"Calle",,"ROSARIO","Rosario","Asfalto","S/D","II","Dentro","Urbana","S/D","S/D","Intersección","S/D","S/D","Diurna","S/D","S/D","S/D","Colisión","S/D","S/D","S/D","S/D"
2014,10631,24/11/2014,"Lunes",0,17:40:00,,"0.0",1,"Moto/Ciclomotor","Julio Roca Y Avda Roque Saenz Peña",1,1,0,0,0,0,0,,"S/D",,"FRAY LUIS BELTRÁN","San Lorenzo","Ripio","No existe","XVII","Dentro","Urbana","Ninguna","No existe","Intersección","Resbaladiza","Buena","Diurna","Lluvia","Otro","S/D","Caída ocupante","Agua","S/D","S/D","Sin restricción"
2014,10633,05/12/2014,"Viernes",0,21:30:00,,"0.0",2,"Automóvil,Moto/Ciclomotor","Av Filipini Y Lavalle",2,1,0,0,1,0,0,,"Calle",,"VILLA GOBERNADOR GÁLVEZ","Rosario","Asfalto","No existe","II","S/D","Urbana","Ninguna","No existe","Intersección","Bueno","Buena","Nocturna,Con luz artificial","Buen Tiempo","Otro","S/D","Colisión","Ninguna","Faltante","Ninguna","Sin restricción"
2014,10634,14/11/2014,"Viernes",0,12:25:00,,"0.0",2,"Automóvil,Pickup/Utilitario","Av. Ovidio Lagos Y Camino de los Quinteros",3,2,0,0,1,0,0,,"Avenida",,"ROSARIO","Rosario","Asfalto","Pavimento","II","S/D","Urbana","Ninguna","S/D","Intersección","Bueno","Buena","Diurna","Buen Tiempo","S/D","S/D","Atropello","S/D","Faltante","Ninguna","Sin restricción"
2014,10635,29/11/2014,"Sabado",0,06:30:00,,"0.0",2,"Automóvil,Moto/Ciclomotor","Av. Eva Peron Y Av. Circunvalacion",2,1,0,0,0,1,0,"-32.931288, -60.722491","Avenida",,"ROSARIO","Rosario","Asfalto","No existe","II","Dentro","Urbana","Semáforo","Funciona","Intersección","Bueno","S/D","Diurna","S/D","S/D","S/D","Colisión","S/D","S/D","Guardarrail,S/D","S/D"
2014,10636,10/12/2014,"Miercoles",0,16:30:00,,"0.0",1,"Automóvil","Iriondo Y 9 De Julio",1,1,0,0,0,0,0,,"Calle",,"ROSARIO","Rosario","Asfalto","S/D","II","Dentro","Urbana","S/D","S/D","Intersección","S/D","S/D","Diurna","S/D","Contra objeto fijo","S/D","Colisión","S/D","S/D","S/D","S/D"
2014,10637,02/12/2014,"Martes",0,09:30:00,,"0.0",2,"Bicicleta,Automóvil","Av Gral San Martin Y Eva Peron",2,1,0,0,1,0,0,,"Avenida",,"VILLA GOBERNADOR GÁLVEZ","Rosario","Asfalto","No existe","II","S/D","Urbana","Semáforo","Funciona","Intersección","Bueno","Buena","Diurna","Buen Tiempo","Otro","S/D","Atropello","Ninguna","Faltante","Ninguna","Sin restricción"
2014,10638,14/11/2014,"Viernes",0,18:00:00,,"0.0",2,"Moto/Ciclomotor,Automóvil","Juan Canals Y Italia",3,2,0,0,1,0,0,,"Calle",,"ROSARIO","Rosario","Asfalto","No existe","II","Dentro","Urbana","Ninguna","No existe","Intersección","Bueno","Buena","Diurna","Buen Tiempo","De alcance","S/D","Colisión","Ninguna","Faltante","Ninguna","Sin restricción"
2014,10639,11/12/2014,"Jueves",0,09:50:00,,"0.0",2,"Automóvil,Moto/Ciclomotor","San Luis Y Castellanos",2,1,0,0,1,0,0,,"Calle",,"ROSARIO","Rosario","Asfalto","S/D","II","Dentro","Urbana","S/D","S/D","Intersección","S/D","S/D","Diurna","S/D","S/D","S/D","Colisión","S/D","S/D","S/D","S/D"
2014,10640,19/11/2014,"Miercoles",0,12:15:00,,"0.0",2,"Bicicleta,Moto/Ciclomotor","Hipolito Irigoyen Y D F Sarmiento",2,1,0,0,1,0,0,,"Calle",,"PEREZ","Rosario","S/D","No existe","II","Dentro","S/D","Ninguna","No existe","Intersección","Otro","Buena","Diurna","Otro","S/D","S/D","Atropello","Otro","Faltante","Ninguna","Sin restricción"
2014,10641,22/11/2014,"Sabado",0,20:00:00,"Ruta Nacional 9","0.0",2,"Automóvil,Automóvil"," ",2,1,0,0,1,0,0,,"Ruta",9,"FUNES","Rosario","Asfalto","Natural","II","S/D","Urbana","Ninguna","No existe","Recta","Bueno","Buena","Nocturna,Con luz artificial","Buen Tiempo","Frontal","S/D","Colisión","S/D","Faltante","Ninguna","Sin restricción"
2014,10642,11/12/2014,"Jueves",0,05:45:00,,"0.0",2,"Automóvil,Moto/Ciclomotor","Soldado Aguirre Y San Nicolas",2,1,0,0,1,0,0,,"Calle",,"VILLA GOBERNADOR GÁLVEZ","Rosario","Asfalto","No existe","II","S/D","Urbana","Ninguna","No existe","Intersección","Con baches","Reducida","Amanecer,Con luz artificial","Buen Tiempo","Otro","S/D","Colisión","Ninguna","Faltante","Ninguna","Sin restricción"
2014,10643,11/12/2014,"Jueves",0,,,"0.0",2,"Automóvil,Automóvil","Pje. Monroe Y E.Zeballos",2,1,0,0,1,0,0,,"Calle",,"ROSARIO","Rosario","Asfalto","S/D","II","Dentro","Urbana","S/D","S/D","Intersección","S/D","S/D","S/D","S/D","S/D","S/D","Colisión","S/D","S/D","S/D","S/D"
2014,10644,22/11/2014,"Sabado",0,13:30:00,"Ruta Nacional 9","0.0",2,"Automóvil,Moto/Ciclomotor"," ",2,1,0,0,1,0,0,,"Ruta",9,"FUNES","Rosario","Asfalto","Natural","II","S/D","Urbana","Ninguna","No existe","Intersección","Bueno","Buena","Diurna","Buen Tiempo","Lateral","S/D","Colisión","S/D","Faltante","Ninguna","Sin restricción"
2014,10645,13/12/2014,"Sabado",0,02:00:00,,"0.0",2,"Automóvil,Moto/Ciclomotor","Bv. Avellaneda Y E.Zeballos",2,1,0,0,1,0,0,,"Calle",,"ROSARIO","Rosario","Asfalto","S/D","II","Dentro","Urbana","S/D","S/D","Intersección","S/D","S/D","Nocturna,Con luz artificial","S/D","S/D","S/D","Colisión","S/D","S/D","S/D","S/D"
2014,10646,26/11/2014,"Miercoles",0,09:30:00,"Ruta Nacional 33","0.0",2,"Moto/Ciclomotor,Automóvil","Ruta Nac 33 Y Ruta Prov 14",2,1,0,0,1,0,0,,"Ruta",33,"PEREZ","Rosario","S/D","No existe","II","Dentro","Rural","Ninguna","No existe","Cruce","Otro","Buena","Diurna","Otro","Lateral","S/D","Colisión","Otro","Faltante","Línea divisoria pintada","Sin restricción"
2014,10647,10/12/2014,"Miercoles",0,16:00:00,,"0.0",2,"Bicicleta,Automóvil","Vera Mujica Y 3 De Febrero",2,1,0,0,1,0,0,,"Calle",,"ROSARIO","Rosario","Asfalto","S/D","II","Dentro","Urbana","S/D","S/D","Intersección","S/D","S/D","Diurna","S/D","S/D","S/D","Atropello","S/D","S/D","S/D","S/D"
2014,10648,08/11/2014,"Sabado",0,22:10:00,,"0.0",2,"Pickup/Utilitario,Moto/Ciclomotor","Av. Pellegrini Y Lavalle",3,2,0,0,1,0,0,,"Calle",,"ROSARIO","Rosario","Asfalto","S/D","II","Dentro","Urbana","S/D","S/D","Intersección","S/D","S/D","Nocturna","S/D","S/D","S/D","Colisión","S/D","S/D","S/D","S/D"
2014,10649,14/12/2014,"Domingo",0,12:30:00,,"0.0",2,"Automóvil,Taxi/Remis","9 De Julio Y Santiago",3,1,0,0,1,0,1,,"Calle",,"ROSARIO","Rosario","Asfalto","S/D","II","Dentro","Urbana","S/D","S/D","Intersección","S/D","S/D","Diurna","S/D","S/D","S/D","Colisión","S/D","S/D","S/D","S/D"
2014,10650,12/11/2014,"Miercoles",0,19:45:00,,"0.0",2,"Automóvil,Moto/Ciclomotor","Gutenberg Y Mendoza",3,2,0,0,1,0,0,,"Calle",,"ROSARIO","Rosario","Asfalto","S/D","II","Dentro","Urbana","S/D","S/D","Intersección","S/D","S/D","Atardecer","S/D","S/D","S/D","Colisión","S/D","S/D","S/D","S/D"
2014,10651,07/11/2014,"Viernes",0,21:00:00,,"0.0",2,"Moto/Ciclomotor,Pickup/Utilitario","Sastre Bv Y Pacifico Otero",2,1,0,0,1,0,0,,"Calle",,"ZAVALLA","Rosario","Asfalto","S/D","II","S/D","Urbana","Ninguna","No existe","Curva","Bueno","Buena","Con luz artificial","Buen Tiempo","Lateral","S/D","Colisión","S/D","S/D","Ninguna","Sin restricción"
2014,10652,22/11/2014,"Sabado",0,19:20:00,,"0.0",2,"Moto/Ciclomotor,Peatón","Los Paraisos 700",2,1,0,0,0,0,1,,"Calle",,"PEREZ","Rosario","Ripio","No existe","II","S/D","Urbana","Ninguna","No existe","Recta","Deteriorada","Buena","Atardecer","Buen Tiempo","Otro","S/D","Atropello","S/D","Faltante","Ninguna","Sin restricción"
2014,10653,22/12/2014,"Lunes",0,,,"0.0",2,"Bicicleta,Automóvil","Iriondo Y Pueyrredon",2,1,0,0,1,0,0,,"Calle",,"VILLA GOBERNADOR GÁLVEZ","Rosario","Asfalto","No existe","II","S/D","Urbana","Ninguna","No existe","Intersección","Bueno","Buena","Con luz artificial","Buen Tiempo","S/D","S/D","Atropello","Ninguna","Faltante","Ninguna","Sin restricción"
2014,10654,15/11/2014,"Sabado",0,14:50:00,,"0.0",2,"Peatón,Moto/Ciclomotor","Los Cardenales Y El Aguaribay",2,1,0,0,0,0,1,,"Calle",,"PEREZ","Rosario","Asfalto","No existe","II","S/D","Urbana","Ninguna","No existe","Intersección","Bueno","Buena","Diurna","Buen Tiempo","S/D","S/D","Atropello","S/D","Faltante","Ninguna","Sin restricción"
2014,10655,06/12/2014,"Sabado",0,05:00:00,,"0.0",2,"Moto/Ciclomotor,Automóvil","Rodriguez Y Rivadavia",2,1,0,0,0,0,1,,"Calle",,"ROSARIO","Rosario","S/D","No existe","II","Dentro","Urbana","Semáforo","Funciona","Intersección","Bueno","Buena","Amanecer","Buen Tiempo","Lateral","S/D","Colisión","S/D","Horizontal,Vertical","Ninguna","Sin restricción"
2014,10656,10/12/2014,"Miercoles",0,18:30:00,,"0.0",2,"Automóvil,Moto/Ciclomotor","Urquiza Y San Nicolas",2,1,0,0,1,0,0,,"Calle",,"ROSARIO","Rosario","Asfalto","No existe","II","Dentro","Urbana","Ninguna","No existe","Intersección","Bueno","Buena","Diurna","Buen Tiempo","Lateral","S/D","Colisión","S/D","Faltante","Ninguna","Sin restricción"
2014,10657,14/12/2014,"Domingo",0,22:23:00,,"0.0",2,"Peatón,Transporte de Pasajeros Urbano (> 8 asientos)","Santa Fe Y Cafferata",2,1,0,0,1,0,0,,"Calle",,"ROSARIO","Rosario","Asfalto","No existe","II","Dentro","Urbana","Semáforo","Funciona","Recta","Bueno","Buena","Nocturna","Buen Tiempo","S/D","S/D","Atropello","S/D","Horizontal,Vertical","Ninguna","S/D"
2014,10658,10/11/2014,"Lunes",0,12:55:00,,"0.0",2,"Automóvil,Camión","Tucuman Y Av. Belgrano",2,1,0,0,1,0,0,,"Calle",,"ROSARIO","Rosario","Asfalto","No existe","II","Dentro","Urbana","Ninguna","No existe","Intersección","Bueno","Buena","S/D","Buen Tiempo","De alcance","S/D","Colisión","S/D","Faltante","Ninguna","Sin restricción"
2014,10659,20/11/2014,"Jueves",0,06:50:00,,"0.0",2,"Moto/Ciclomotor,Pickup/Utilitario","Salta 1600",2,1,0,0,1,0,0,,"Calle",,"ROSARIO","Rosario","Asfalto","No existe","II","Dentro","Urbana","Ninguna","No existe","Intersección","Bueno","Buena","S/D","Buen Tiempo","Lateral","S/D","Colisión,Despiste","S/D","Faltante","Ninguna","Sin restricción"
2014,10660,25/11/2014,"Martes",0,08:00:00,,"0.0",2,"Automóvil,Moto/Ciclomotor","Mariano Moreno Y Salta",2,1,0,0,1,0,0,,"Calle",,"ROSARIO","Rosario","Asfalto","No existe","II","Dentro","Urbana","Ninguna","No existe","Intersección","Bueno","Buena","Diurna","Buen Tiempo","Lateral","S/D","Colisión","S/D","Faltante","Ninguna","Sin restricción"
2014,10661,18/05/2014,"Domingo",0,02:00:00,"Autopista Provincial Brigadier E.López","57.0",1,"Camión"," ",1,0,0,0,0,0,1,,"Autopista","Brigadier E.López","MACIEL","San Jerónimo","Hormigón","Natural","XV","Dentro","S/D","S/D","S/D","S/D","S/D","S/D","Nocturna","S/D","S/D","S/D","Vuelco","S/D","S/D","S/D","S/D"
2014,10662,19/05/2014,"Lunes",0,19:30:00,"Autopista Provincial Brigadier E.López","0.0",2,"Moto/Ciclomotor,Camión"," ",2,1,0,0,1,0,0,,"Autopista","Brigadier E.López","ROSARIO","Rosario","Hormigón","S/D","II","Dentro","S/D","S/D","S/D","S/D","S/D","S/D","Atardecer","S/D","S/D","S/D","Colisión","S/D","S/D","S/D","S/D"
2014,10664,20/05/2014,"Martes",0,18:10:00,"Ruta Nacional 34","274.0",1,"Moto/Ciclomotor"," ",2,2,0,0,0,0,0,,"Ruta",34,"TACURAL","Castellanos","Hormigón","S/D","V","S/D","S/D","S/D","S/D","S/D","S/D","S/D","Atardecer","S/D","S/D","S/D","Caída ocupante","S/D","S/D","S/D","S/D"
2014,10665,20/05/2014,"Martes",0,21:30:00,"Ruta Provincial 10","0.0",1,"Camión"," ",1,0,0,0,0,0,1,,"Ruta",10,"ALDAO","San Lorenzo","Hormigón","Natural","XVII","S/D","S/D","S/D","S/D","S/D","S/D","S/D","Nocturna","S/D","S/D","S/D","Vuelco","S/D","S/D","S/D","S/D"
2014,10666,21/05/2014,"Miercoles",0,01:10:00,"Autopista Provincial Brigadier E.López","73.0",2,"Camión,Camión"," ",2,1,0,0,1,0,0,,"Autopista","Brigadier E.López","BARRANCAS","San Jerónimo","Hormigón","Natural","XV","Dentro","S/D","S/D","S/D","S/D","S/D","S/D","Nocturna","S/D","De alcance","S/D","Colisión","S/D","S/D","S/D","S/D"
2014,10669,17/11/2014,"Lunes",0,19:00:00,,"0.0",2,"Pickup/Utilitario,Bicicleta","Amenabar Y Dorrego",3,2,0,0,1,0,0,,"Calle",,"ROSARIO","Rosario","Asfalto","No existe","II","Dentro","Urbana","Ninguna","No existe","Intersección","Bueno","Buena","Atardecer","Buen Tiempo","S/D","S/D","Atropello","Ninguna","Faltante","S/D","Sin restricción"
2014,10670,29/11/2014,"Sabado",0,00:30:00,"Ruta Provincial 18","0.0",2,"Automóvil,Automóvil","RUTA  NACIONAL A012 Y RUTA PROVINCIAL N&#186; 18",3,1,0,0,2,0,0,,"Ruta",18,"PIÑERO","Rosario","Asfalto","Ripio","II","S/D","Rural","Señal Pare","Intermitente","Intersección","Bueno","Buena","Nocturna,Con luz artificial","S/D","Lateral","S/D","Colisión","S/D","S/D","S/D","S/D"
2014,10671,13/12/2014,"Sabado",0,16:00:00,"Ruta Provincial 14","19.0",2,"Automóvil,Automóvil"," ",3,2,0,0,1,0,0,,"Ruta",14,"ÁLVAREZ","Rosario","Asfalto","Ripio","II","Dentro","Urbana","Ninguna","No existe","Recta","Bueno","Buena","Diurna","Buen Tiempo","S/D","S/D","S/D","S/D","Faltante","Línea divisoria pintada","Sin restricción"
2014,10672,05/11/2014,"Miercoles",0,12:29:00,,"0.0",2,"Moto/Ciclomotor,Automóvil","Sarmiento Y 24 De Setiembre",3,2,0,0,1,0,0,,"Calle",,"ROSARIO","Rosario","Asfalto","No existe","II","Dentro","Urbana","Ninguna","No existe","Intersección","Bueno","Buena","Diurna","Buen Tiempo","Otro","S/D","Colisión","Ninguna","Faltante","Ninguna","Sin restricción"
2014,10673,27/11/2014,"Jueves",0,20:30:00,"Ruta Provincial 18","6.0",2,"Pickup/Utilitario,Moto/Ciclomotor"," ",3,1,1,0,1,0,0,,"Ruta",18,"PIÑERO","Rosario","Asfalto","Natural","II","Dentro","Rural","Ninguna","No existe","Recta","Bueno","Buena","Atardecer","S/D","Lateral","S/D","Colisión","Ninguna","S/D","Línea divisoria pintada","S/D"
2014,10674,23/12/2014,"Martes",0,15:00:00,,"0.0",2,"Moto/Ciclomotor,Automóvil","Av Gral San Martin 2900",2,1,0,0,1,0,0,,"Calle",,"VILLA GOBERNADOR GÁLVEZ","Rosario","Asfalto","No existe","II","Dentro","Urbana","Ninguna","No existe","Recta","Bueno","Buena","Diurna","Buen Tiempo","Lateral","S/D","Colisión","S/D","Faltante","Ninguna","Sin restricción"
2014,10675,29/11/2014,"Sabado",0,11:15:00,"Ruta Nacional A012","11.0",2,"Automóvil,Camión"," ",2,1,0,0,1,0,0,,"Ruta","A012","PIÑERO","Rosario","Asfalto","Ripio","II","Dentro","Rural","S/D","No existe","Curva","S/D","S/D","Diurna","Buen Tiempo","S/D","S/D","Colisión","Ninguna","Vertical","Línea divisoria pintada","Sin restricción"
2014,10676,15/12/2014,"Lunes",0,04:45:00,,"0.0",2,"Automóvil,Automóvil","Rioja Y Av. Ovidio Lagos",3,1,0,0,2,0,0,,"Calle",,"ROSARIO","Rosario","Asfalto","S/D","II","Dentro","Urbana","S/D","S/D","Intersección","S/D","S/D","Nocturna","S/D","S/D","S/D","Colisión","S/D","S/D","S/D","S/D"
2014,10677,23/12/2014,"Martes",0,13:30:00,,"0.0",2,"Moto/Ciclomotor,Automóvil","Av Gral San Martin Y Pavon",2,1,0,0,1,0,0,,"Calle",,"VILLA GOBERNADOR GÁLVEZ","Rosario","Asfalto","No existe","II","Dentro","Urbana","Semáforo","Funciona","Recta","Bueno","Buena","Diurna","Buen Tiempo","Lateral","S/D","Colisión","S/D","Faltante","Ninguna","Sin restricción"
2014,10678,22/11/2014,"Sabado",0,23:30:00,,"0.0",2,"Automóvil,Automóvil","1 de Mayo Y Bv. Segui",2,2,0,0,0,0,0,,"Avenida",,"ROSARIO","Rosario","Asfalto","No existe","II","Dentro","Urbana","Ninguna","No existe","Intersección","Bueno","Buena","Nocturna","Buen Tiempo","Lateral","S/D","Colisión","Ninguna","Faltante","Ninguna","Sin restricción"
2014,10679,22/12/2014,"Lunes",0,20:15:00,,"0.0",1,"Automóvil","Moreno Y Buenos Aires",3,0,1,0,2,0,0,,"Calle",,"CAÑADA ROSQUÍN","San Martín","Asfalto","No existe","XVIII","S/D","Urbana","Ninguna","No existe","Intersección","Bueno","Buena","Nocturna","Buen Tiempo","Lateral","S/D","Colisión","S/D","Vertical","Ninguna","Sin restricción"
2014,10680,20/11/2014,"Jueves",0,05:25:00,,"0.0",2,"Moto/Ciclomotor,Automóvil","Ayolas Y Buenos Aires",2,1,0,0,1,0,0,,"Calle",,"ROSARIO","Rosario","Asfalto","No existe","II","Dentro","Urbana","Ninguna","No existe","Intersección","Bueno","Buena","Amanecer","Buen Tiempo","Lateral","S/D","Colisión","Ninguna","Faltante","Ninguna","Sin restricción"
2014,10681,12/12/2014,"Viernes",0,15:20:00,,"0.0",2,"Pickup/Utilitario,Moto/Ciclomotor","Montevideo Y Castellanos",3,2,0,0,1,0,0,,"Calle",,"ROSARIO","Rosario","Asfalto","S/D","II","Dentro","Urbana","S/D","S/D","S/D","S/D","S/D","Diurna","S/D","S/D","S/D","Colisión","S/D","S/D","S/D","S/D"
2014,10682,20/11/2014,"Jueves",0,14:00:00,,"0.0",2,"Automóvil,Moto/Ciclomotor","3 De Febrero Y Santiago",3,2,0,0,1,0,0,,"Calle",,"ROSARIO","Rosario","Asfalto","S/D","II","Dentro","Urbana","Ninguna","No existe","Intersección","Bueno","Buena","Diurna","Buen Tiempo","De alcance","S/D","Colisión","S/D","Faltante","Cordón divisorio","Sin restricción"
2014,10683,15/11/2014,"Sabado",0,22:00:00,,"0.0",2,"Moto/Ciclomotor,Automóvil","Bv. Segui Y Buenos Aires",2,1,0,0,1,0,0,,"Avenida",,"ROSARIO","Rosario","Asfalto","No existe","II","Dentro","Urbana","Ninguna","No existe","Cruce","Bueno","Buena","Nocturna","Buen Tiempo","Lateral","S/D","Colisión","Ninguna","Faltante","Ninguna","Sin restricción"
2014,10684,05/12/2014,"Viernes",0,19:00:00,,"0.0",2,"Moto/Ciclomotor,Automóvil","Montevideo Y Italia",3,2,0,0,1,0,0,,"Calle",,"ROSARIO","Rosario","Asfalto","S/D","II","Dentro","Urbana","Ninguna","No existe","Recta","Bueno","Buena","Diurna","Buen Tiempo","Frontal","S/D","Colisión","S/D","Faltante","Cordón divisorio","Sin restricción"
2014,10685,22/11/2014,"Sabado",0,05:00:00,,"0.0",2,"Moto/Ciclomotor,Automóvil","Chacabuco 3900",2,1,0,0,1,0,0,,"Calle",,"ROSARIO","Rosario","Asfalto","No existe","II","Dentro","Urbana","Ninguna","No existe","Recta","Bueno","Buena","Nocturna","Buen Tiempo","Lateral","S/D","Colisión","Ninguna","Faltante","Ninguna","Sin restricción"
2014,10686,26/11/2014,"Miercoles",0,18:00:00,,"0.0",2,"Automóvil,Cuatriciclo","San Juan Y Cafferata",3,2,0,0,1,0,0,,"Calle",,"ROSARIO","Rosario","Asfalto","S/D","II","Dentro","Urbana","S/D","S/D","Intersección","S/D","S/D","Diurna","S/D","S/D","S/D","Colisión","S/D","S/D","S/D","S/D"
2014,10687,24/11/2014,"Lunes",0,15:30:00,,"0.0",2,"Pickup/Utilitario,Automóvil","J.J.Paso Y Larrea",3,1,0,0,1,0,1,,"Calle",,"ROSARIO","Rosario","Asfalto","Pavimento","II","Dentro","Urbana","S/D","No existe","Recta","Con baches","Buena","Atardecer","Otro","S/D","S/D","Colisión","Otro","Horizontal","Ninguna","Sin restricción"
2014,10688,14/12/2014,"Domingo",0,16:30:00,,"0.0",2,"Moto/Ciclomotor,Automóvil","Galvez Y Callao",2,1,0,0,1,0,0,,"Calle",,"ROSARIO","Rosario","Asfalto","S/D","II","Dentro","Urbana","S/D","No existe","Recta","Bueno","Buena","Diurna","Buen Tiempo","De alcance","S/D","Colisión","S/D","Vertical","S/D","S/D"
2014,10689,09/12/2014,"Martes",0,21:30:00,,"0.0",2,"Automóvil,Moto/Ciclomotor","San Nicolas Y Av. Pellegrini",3,2,0,0,1,0,0,,"Avenida",,"ROSARIO","Rosario","Asfalto","S/D","II","Dentro","Urbana","S/D","S/D","S/D","S/D","S/D","Nocturna","S/D","S/D","S/D","Colisión","S/D","S/D","S/D","S/D"
2014,10690,08/12/2014,"Lunes",0,09:00:00,,"0.0",2,"Moto/Ciclomotor,Automóvil","3 De Febrero Y Santiago",3,2,0,0,1,0,0,,"Calle",,"ROSARIO","Rosario","Asfalto","S/D","II","Dentro","Urbana","Ninguna","No existe","Intersección","Bueno","Buena","Diurna","Buen Tiempo","Lateral","S/D","Colisión","S/D","Faltante","Cordón divisorio","Sin restricción"
2014,10691,07/11/2014,"Viernes",0,09:15:00,,"0.0",2,"Automóvil,Taxi/Remis","Laprida Y Av. Uriburu",3,1,0,0,2,0,0,,"Avenida",,"ROSARIO","Rosario","Asfalto","No existe","II","Dentro","Urbana","Señal Pare","No existe","Intersección","Bueno","Buena","Diurna","S/D","Lateral","S/D","Colisión","S/D","Vertical","Cordón divisorio","Accidente Previo"
2014,10692,04/10/2014,"Sabado",0,10:45:00,,"0.0",2,"Moto/Ciclomotor,Automóvil","Calle 2123 Y Bv. Avellaneda",3,2,0,0,1,0,0,,"Avenida",,"ROSARIO","Rosario","Asfalto","Natural","II","Dentro","Urbana","Ninguna","No existe","Intersección","Bueno","Buena","Diurna","Buen Tiempo","Frontal","S/D","Colisión","S/D","S/D","S/D","Sin restricción"
2014,10693,21/10/2014,"Martes",0,08:30:00,,"0.0",2,"Moto/Ciclomotor,Automóvil","Bv. Segui Y Laprida",2,1,0,0,1,0,0,,"Calle",,"ROSARIO","Rosario","Asfalto","No existe","II","Dentro","Urbana","Ninguna","No existe","Intersección","Bueno","Buena","Diurna","Buen Tiempo","Lateral","S/D","Colisión","Ninguna","Faltante","Ninguna","Sin restricción"
2014,10694,15/11/2014,"Sabado",0,21:05:00,,"0.0",2,"Automóvil,Moto/Ciclomotor","Italia Y Ocampo",3,3,0,0,0,0,0,,"Calle",,"ROSARIO","Rosario","Asfalto","Pavimento","II","S/D","Urbana","Señal Pare","No existe","Recta","Bueno","Buena","Atardecer","Buen Tiempo","De alcance","S/D","Colisión","S/D","Vertical","Barrera de hormigón","S/D"
2014,10695,09/12/2014,"Martes",0,10:20:00,,"0.0",3,"Automóvil,Automóvil,Pickup/Utilitario","Av. Pellegrini Y Castellanos",3,1,0,0,2,0,0,,"Avenida",,"ROSARIO","Rosario","Asfalto","S/D","II","Dentro","Urbana","S/D","S/D","S/D","S/D","S/D","Diurna","S/D","S/D","S/D","Colisión","S/D","S/D","S/D","S/D"
2014,10696,24/11/2014,"Lunes",0,06:15:00,,"0.0",2,"Automóvil,Moto/Ciclomotor","Av. Francia Y Av. Pellegrini",3,1,0,0,2,0,0,,"Avenida",,"ROSARIO","Rosario","Asfalto","S/D","II","Dentro","Urbana","S/D","S/D","Recta","S/D","S/D","Diurna","S/D","S/D","S/D","Colisión","S/D","S/D","S/D","S/D"
2014,10697,14/12/2014,"Domingo",0,16:35:00,,"0.0",2,"Moto/Ciclomotor,Automóvil","3 De Febrero Y Mariano Moreno",3,1,0,0,2,0,0,,"Calle",,"ROSARIO","Rosario","Asfalto","S/D","II","Dentro","Urbana","Ninguna","No existe","Intersección","Bueno","Buena","Diurna","Buen Tiempo","Lateral","S/D","Colisión","S/D","Faltante","Cordón divisorio","Sin restricción"