"anio_acci","nro_acci","fecha","desc_dia","fecha_aprox","hora_aprox","desc_ruta","km","cant_participantes","desc_participante","calle_avenida_km","total","heridos_leves","heridos_graves","heridos_gravisimos","ilesos","fallecidos","sin_datos","posicion_XY","desc_tipo_via","desc_ruta_ori","desc_loc","desc_dpto","desc_tipo_calzada","desc_tipo_banquina","desc_unidad_regional","desc_lugar_calzada","desc_zona","desc_prioridad","desc_estado_semaforo","desc_lugar_via","desc_estado_via","desc_estado_visibilidad","desc_luminosidad","desc_estado_clima","desc_tipo_colision","desc_tipo_atropello","desc_tipo_hecho","desc_pres_calzada","desc_senializacion","desc_separacion_via","desc_restriccion"
2014,10698,16/12/2014,"Martes",0,20:45:00,,"0.0",2,"Moto/Ciclomotor,Automóvil","Rio De Janeiro Y Cordoba",2,1,0,0,1,0,0,,"S/D",,"ROSARIO","Rosario","Asfalto","No existe","II","S/D","S/D","Ninguna","S/D","S/D","Bueno","Buena","Nocturna","Buen Tiempo","Lateral","S/D","Colisión","Ninguna","Faltante","S/D","Sin restricción"
2014,10699,12/12/2014,"Viernes",0,15:15:00,,"0.0",2,"Automóvil,Moto/Ciclomotor","Valparaiso Y E.Zeballos",3,2,0,0,1,0,0,,"Calle",,"ROSARIO","Rosario","Asfalto","S/D","II","Dentro","Urbana","S/D","S/D","S/D","S/D","S/D","Diurna","S/D","S/D","S/D","Colisión","S/D","S/D","S/D","S/D"
2014,10700,06/10/2014,"Lunes",0,10:00:00,,"0.0",2,"Moto/Ciclomotor,Transporte de Pasajeros Urbano (> 8 asientos)","Av. Ovidio Lagos Y Av. Arijon",3,2,0,0,1,0,0,,"Avenida",,"ROSARIO","Rosario","Asfalto","Natural","II","S/D","Urbana","Semáforo","Funciona","Intersección","Bueno","S/D","Diurna","Buen Tiempo","De alcance","S/D","Colisión","S/D","S/D","Cordón divisorio","Sin restricción"
2014,10701,16/11/2014,"Domingo",0,18:00:00,,"0.0",2,"Moto/Ciclomotor,Automóvil","Dean Funes Y Ayacucho",2,1,0,0,1,0,0,,"Calle",,"ROSARIO","Rosario","Asfalto","No existe","II","Fuera","Urbana","Marca Vial","No existe","Intersección","Bueno","Buena","Atardecer","Buen Tiempo","Lateral","S/D","Colisión","Ninguna","Vertical","Línea divisoria pintada","Sin restricción"
2014,10702,16/12/2014,"Martes",0,17:00:00,,"0.0",2,"Taxi/Remis,Moto/Ciclomotor","San Luis Y Ricchieri",3,1,0,0,2,0,0,,"S/D",,"ROSARIO","Rosario","Asfalto","No existe","II","S/D","S/D","Ninguna","S/D","Intersección","Bueno","Buena","Diurna","Buen Tiempo","Lateral","S/D","Colisión","Ninguna","Faltante","S/D","Sin restricción"
2014,10703,05/12/2014,"Viernes",0,12:30:00,,"0.0",2,"Moto/Ciclomotor,Automóvil","9 De Julio Y Mitre",3,2,0,0,1,0,0,,"Calle",,"ROSARIO","Rosario","S/D","S/D","II","Dentro","Urbana","Ninguna","No existe","Intersección","Bueno","Buena","Diurna","Buen Tiempo","Lateral","S/D","Colisión","S/D","Faltante","Cordón divisorio","Sin restricción"
2014,10704,05/12/2014,"Viernes",0,12:20:00,,"0.0",2,"Taxi/Remis,Automóvil","3 De Febrero Y Pueyrredon",5,1,0,0,4,0,0,,"Calle",,"ROSARIO","Rosario","Asfalto","S/D","II","Dentro","Urbana","S/D","S/D","S/D","S/D","S/D","Diurna","S/D","S/D","S/D","Colisión","S/D","S/D","S/D","S/D"
2014,10705,15/11/2014,"Sabado",0,18:30:00,,"0.0",2,"Automóvil,Automóvil","Bv. Oroño 2800",2,1,0,0,1,0,0,,"Avenida",,"ROSARIO","Rosario","Asfalto","Natural","II","Dentro","Urbana","Semáforo","Funciona","Recta","Bueno","Buena","Atardecer","Buen Tiempo","De alcance","S/D","Colisión","S/D","Vertical","Barrera de hormigón","S/D"
2014,10706,15/12/2014,"Lunes",0,08:30:00,,"0.0",2,"Taxi/Remis,Peatón","Pte.Roca Y Mendoza",2,1,0,0,1,0,0,,"Calle",,"ROSARIO","Rosario","Asfalto","S/D","II","Dentro","Urbana","Semáforo","Funciona","Intersección","Bueno","S/D","Diurna","Buen Tiempo","S/D","S/D","Atropello","S/D","Vertical","Cordón divisorio","S/D"
2014,10707,01/11/2014,"Sabado",0,08:45:00,,"0.0",2,"Automóvil,Moto/Ciclomotor","Amenabar Y Pueyrredon",3,2,0,0,1,0,0,,"Calle",,"ROSARIO","Rosario","Asfalto","S/D","II","Dentro","Urbana","S/D","S/D","Intersección","Bueno","Buena","Diurna","Buen Tiempo","Lateral","S/D","Colisión","S/D","S/D","S/D","S/D"
2014,10708,17/11/2014,"Lunes",0,16:55:00,,"0.0",2,"Automóvil,Automóvil"," ",4,1,0,0,3,0,0,,"Calle",,"ROSARIO","Rosario","Asfalto","Pavimento","II","S/D","Urbana","Otra Señal","No existe","Recta","Bueno","Buena","Diurna","Buen Tiempo","De alcance","S/D","Colisión","S/D","Vertical","S/D","S/D"
2014,10709,29/12/2014,"Lunes",0,11:20:00,,"0.0",2,"Moto/Ciclomotor,Taxi/Remis","Montevideo Y Sarmiento",4,2,0,0,2,0,0,,"Calle",,"ROSARIO","Rosario","Asfalto","S/D","II","Dentro","Urbana","Ninguna","No existe","Recta","Bueno","Buena","Diurna","Buen Tiempo","Frontal","S/D","Colisión","S/D","Faltante","Cordón divisorio","Sin restricción"
2014,10710,02/11/2014,"Domingo",0,12:40:00,,"0.0",2,"Moto/Ciclomotor,Automóvil","Riobamba 1800",2,1,0,0,1,0,0,,"Calle",,"ROSARIO","Rosario","Asfalto","S/D","II","Dentro","Urbana","S/D","S/D","Recta","Bueno","Buena","Diurna","Buen Tiempo","Lateral","S/D","Colisión","S/D","S/D","S/D","S/D"
2014,10711,17/12/2014,"Miercoles",0,12:00:00,,"0.0",3,"Taxi/Remis,Automóvil,Moto/Ciclomotor","Constitucion Y San Juan",3,1,0,0,2,0,0,,"Calle",,"ROSARIO","Rosario","Asfalto","No existe","II","S/D","Urbana","Ninguna","S/D","Intersección","Bueno","Buena","Diurna","Buen Tiempo","Múltiple","S/D","Colisión","Ninguna","Faltante","S/D","Sin restricción"
2014,10712,14/11/2014,"Viernes",0,09:45:00,,"0.0",2,"Peatón,Automóvil","Ayolas Y L.N.Alem",2,1,0,0,1,0,0,,"Calle",,"ROSARIO","Rosario","Asfalto","No existe","II","Dentro","Urbana","Semáforo","Funciona","Intersección","Bueno","Buena","Diurna","Buen Tiempo","S/D","S/D","Atropello","Ninguna","Vertical","Línea divisoria pintada","Sin restricción"
2014,10713,22/12/2014,"Lunes",0,08:45:00,,"0.0",2,"Moto/Ciclomotor,Pickup/Utilitario","Florida Y Junin",3,1,0,0,2,0,0,,"Calle",,"ROSARIO","Rosario","S/D","S/D","II","Dentro","Urbana","S/D","S/D","Intersección","S/D","S/D","Diurna","S/D","S/D","S/D","Colisión","S/D","S/D","S/D","S/D"
2014,10714,19/11/2014,"Miercoles",0,18:00:00,,"0.0",2,"Automóvil,Moto/Ciclomotor","Av. Ovidio Lagos 2300",2,1,0,0,1,0,0,,"Avenida",,"ROSARIO","Rosario","Asfalto","S/D","II","S/D","Urbana","Señal Ceda el Paso","No existe","Recta","Bueno","Buena","Atardecer","Buen Tiempo","De alcance","S/D","Colisión","S/D","Vertical","S/D","S/D"
2014,10715,02/11/2014,"Domingo",0,19:10:00,,"0.0",2,"Pickup/Utilitario,Moto/Ciclomotor","Dorrego Y Galvez",4,2,0,0,2,0,0,,"Calle",,"ROSARIO","Rosario","Asfalto","S/D","II","Dentro","Urbana","S/D","S/D","Recta","Bueno","Buena","Atardecer","Buen Tiempo","Lateral","S/D","Colisión","S/D","S/D","S/D","S/D"
2014,10716,16/11/2014,"Domingo",0,20:00:00,,"0.0",2,"Automóvil,Ambulancia","Pueyrredon Y Lamadrid",3,2,0,0,1,0,0,,"Calle",,"ROSARIO","Rosario","Asfalto","No existe","II","Dentro","Urbana","Ninguna","No existe","Intersección","Bueno","Buena","Nocturna","Buen Tiempo","Lateral","S/D","Colisión","S/D","Faltante","Cordón divisorio","Sin restricción"
2014,10717,08/10/2014,"Miercoles",0,15:45:00,,"0.0",2,"Moto/Ciclomotor,Automóvil","Av. Arijon 2800",2,1,0,0,1,0,0,,"Calle",,"ROSARIO","Rosario","Asfalto","Ripio","II","Dentro","Urbana","Semáforo","Funciona","Recta","Bueno","Buena","Diurna","Buen Tiempo","De alcance","S/D","Caída ocupante,Colisión","S/D","S/D","Ninguna","Sin restricción"
2014,10718,30/11/2014,"Domingo",0,10:20:00,,"0.0",3,"Automóvil,Automóvil,Pickup/Utilitario","Av. Pellegrini Y Santiago",5,2,0,0,3,0,0,,"Avenida",,"ROSARIO","Rosario","Asfalto","S/D","II","S/D","Urbana","Semáforo","S/D","Recta","Bueno","Buena","Diurna","Lluvia","De alcance","S/D","Colisión","S/D","Vertical","S/D","S/D"
2014,10719,09/12/2014,"Martes",0,11:20:00,,"0.0",2,"Automóvil,Moto/Ciclomotor","Bv. Oroño Y Tucuman",2,0,1,0,1,0,0,,"Avenida",,"ROSARIO","Rosario","Asfalto","No existe","II","Dentro","Urbana","Ninguna","No existe","Intersección","Bueno","Buena","Diurna","Buen Tiempo","Lateral","S/D","Colisión","S/D","Faltante","Ninguna","Sin restricción"
2014,10720,22/12/2014,"Lunes",0,,,"0.0",2,"Peatón,Automóvil","Velez Sarsfield 1000",2,1,0,0,1,0,0,,"Calle",,"ROSARIO","Rosario","Asfalto","S/D","II","S/D","Urbana","S/D","S/D","Recta","S/D","S/D","S/D","S/D","S/D","S/D","Colisión","S/D","S/D","S/D","S/D"
2014,10721,03/11/2014,"Lunes",0,14:30:00,,"0.0",2,"Moto/Ciclomotor,Automóvil","Pasco Y Italia",2,1,0,0,1,0,0,,"Calle",,"ROSARIO","Rosario","Asfalto","S/D","II","Dentro","Urbana","S/D","S/D","Recta","Bueno","Buena","Diurna","Buen Tiempo","De alcance","S/D","Colisión","S/D","S/D","S/D","S/D"
2014,10722,05/12/2014,"Viernes",0,13:00:00,,"0.0",2,"Taxi/Remis,Peatón","San Luis Y Mitre",2,1,0,0,1,0,0,,"Calle",,"ROSARIO","Rosario","Asfalto","S/D","II","Dentro","Urbana","S/D","No existe","Intersección","Bueno","Buena","Diurna","Buen Tiempo","S/D","S/D","Atropello","S/D","Faltante","Cordón divisorio","Sin restricción"
2014,10723,21/11/2014,"Viernes",0,09:00:00,,"0.0",2,"Automóvil,Automóvil","Dorrego Y Av. Pellegrini",3,1,0,0,2,0,0,,"Avenida",,"ROSARIO","Rosario","Asfalto","S/D","II","S/D","Urbana","Semáforo","S/D","Recta","Bueno","S/D","Diurna","Buen Tiempo","De alcance","S/D","Colisión","S/D","S/D","S/D","S/D"
2014,10724,03/12/2014,"Miercoles",0,11:00:00,,"0.0",2,"Automóvil,Pickup/Utilitario","San Luis Y Rio De Janeiro",6,1,0,0,1,0,4,,"Calle",,"ROSARIO","Rosario","Asfalto","S/D","II","Dentro","Urbana","S/D","S/D","S/D","S/D","S/D","Diurna","S/D","S/D","S/D","Colisión","S/D","S/D","S/D","S/D"
2014,10725,12/10/2014,"Domingo",0,18:00:00,,"0.0",2,"Automóvil,Automóvil","Av. Ovidio Lagos Y Av. Battle y Ordoñez",2,2,0,0,0,0,0,,"Avenida",,"ROSARIO","Rosario","Asfalto","Pavimento","II","S/D","Urbana","Semáforo","Funciona","Intersección","Bueno","Buena","Diurna","Buen Tiempo","Otro","S/D","Colisión","S/D","Vertical","Cordón divisorio","Sin restricción"
2014,10726,12/11/2014,"Miercoles",0,16:50:00,,"0.0",2,"Moto/Ciclomotor,Automóvil","Av. Provincias Unidas Y Av. Pellegrini",4,2,0,0,2,0,0,,"Avenida",,"ROSARIO","Rosario","Asfalto","No existe","II","Dentro","Urbana","Ninguna","No existe","Intersección","Bueno","Buena","Diurna","Buen Tiempo","Lateral","S/D","Colisión","Ninguna","Horizontal","Barrera de hormigón","Sin restricción"
2014,10727,21/11/2014,"Viernes",0,21:30:00,,"0.0",2,"Moto/Ciclomotor,Automóvil","Pasco Y Entre Rios",2,1,0,0,1,0,0,,"Calle",,"ROSARIO","Rosario","Asfalto","S/D","II","S/D","Urbana","Señal Ceda el Paso","No existe","Recta","Bueno","Buena","Nocturna","Buen Tiempo","De alcance","S/D","Colisión","S/D","Vertical","S/D","S/D"
2014,10728,23/11/2014,"Domingo",0,20:20:00,,"0.0",2,"Automóvil,Moto/Ciclomotor"," ",2,1,0,0,1,0,0,,"Avenida",,"ROSARIO","Rosario","Asfalto","S/D","II","Dentro","Urbana","S/D","No existe","S/D","Bueno","Buena","Atardecer","Buen Tiempo","De alcance","S/D","Colisión","S/D","S/D","S/D","S/D"
2014,10729,03/11/2014,"Lunes",0,18:40:00,,"0.0",2,"Moto/Ciclomotor,Automóvil","Bv. Oroño Y Av. Dante Alighieri",2,1,0,0,1,0,0,,"Avenida",,"ROSARIO","Rosario","Asfalto","S/D","II","Dentro","Urbana","S/D","S/D","Curva","Bueno","Buena","Atardecer","Buen Tiempo","Lateral","S/D","Colisión","S/D","S/D","S/D","S/D"
2014,10730,16/11/2014,"Domingo",0,11:40:00,,"0.0",4,"Automóvil,Automóvil,Automóvil,Automóvil","Pueyrredon Y Hilarion de la Quintana",5,1,0,0,2,0,2,,"Calle",,"ROSARIO","Rosario","Asfalto","No existe","II","Dentro","Urbana","S/D","No existe","Intersección","Bueno","Buena","Diurna","Buen Tiempo","Múltiple","S/D","Colisión","S/D","S/D","S/D","Sin restricción"
2014,10731,11/12/2014,"Jueves",0,13:45:00,,"0.0",2,"Peatón,Automóvil","Santa Fe Y San Martin",2,1,0,0,1,0,0,,"Calle",,"ROSARIO","Rosario","Asfalto","No existe","II","Dentro","Urbana","Señal Pare","No existe","Intersección","Bueno","Buena","Diurna","Buen Tiempo","Otro","S/D","Atropello","S/D","S/D","Ninguna","Sin restricción"
2014,10732,24/12/2014,"Miercoles",0,02:30:00,,"0.0",2,"Automóvil,Moto/Ciclomotor","Bv. Avellaneda Y 9 De Julio",3,1,0,0,2,0,0,,"S/D",,"ROSARIO","Rosario","Asfalto","No existe","II","S/D","Urbana","Ninguna","S/D","Intersección","Bueno","Buena","Nocturna","Buen Tiempo","Lateral","S/D","Colisión","Ninguna","Faltante","S/D","Sin restricción"
2014,10733,01/10/2014,"Miercoles",0,11:40:00,,"0.0",2,"Moto/Ciclomotor,Vehículo Oficial","Av. Battle y Ordoñez Y España",4,1,0,0,3,0,0,,"Avenida",,"ROSARIO","Rosario","Asfalto","No existe","II","Dentro","Urbana","Semáforo","Funciona","Recta","Bueno","Buena","Diurna","Otro","Otro","S/D","Colisión","Ninguna","Vertical","Cordón divisorio","Sin restricción"
2014,10734,15/10/2014,"Miercoles",0,17:00:00,,"0.0",2,"Moto/Ciclomotor,Automóvil","Av. Battle y Ordoñez Y Av. Ovidio Lagos",3,1,0,0,2,0,0,,"Avenida",,"ROSARIO","Rosario","Asfalto","Pavimento","II","Dentro","Urbana","Semáforo","S/D","Intersección","Bueno","S/D","Diurna","Buen Tiempo","Lateral","S/D","Colisión","S/D","Vertical","Cordón divisorio","Sin restricción"
2014,10735,25/11/2014,"Martes",0,12:30:00,,"0.0",2,"Peatón,Automóvil","Carlos Pellegrini 155",2,1,0,0,1,0,0,,"Calle",,"ARROYO SECO","Rosario","Asfalto","No existe","II","S/D","Urbana","Ninguna","S/D","Recta","Bueno","Buena","Diurna","Buen Tiempo","S/D","S/D","Atropello","S/D","S/D","Ninguna","Sin restricción"
2014,10736,23/11/2014,"Domingo",0,13:50:00,,"0.0",2,"Automóvil,Moto/Ciclomotor","España Y Virasoro",3,2,0,0,1,0,0,,"Calle",,"ROSARIO","Rosario","Asfalto","S/D","II","S/D","Urbana","S/D","No existe","Recta","Bueno","Buena","Diurna","Buen Tiempo","De alcance","S/D","Colisión","S/D","Vertical","Barrera de hormigón","S/D"
2014,10737,20/12/2014,"Sabado",0,04:30:00,,"0.0",2,"Pickup/Utilitario,Automóvil","Av. Corrientes Y 9 De Julio",2,1,0,0,1,0,0,,"Avenida",,"ROSARIO","Rosario","Asfalto","S/D","II","Dentro","Urbana","Señal Pare","Funciona","Intersección","Bueno","Buena","Nocturna,Con luz artificial","Buen Tiempo","S/D","S/D","Colisión","S/D","Vertical","Ninguna","S/D"
2014,10738,24/12/2014,"Miercoles",0,19:45:00,,"0.0",2,"Moto/Ciclomotor,Automóvil","9 De Julio Y Crespo",3,1,0,0,2,0,0,,"S/D",,"ROSARIO","Rosario","Asfalto","No existe","II","S/D","S/D","Ninguna","No existe","Intersección","Bueno","Buena","Diurna","Buen Tiempo","Lateral","S/D","Colisión","Ninguna","Faltante","S/D","Sin restricción"
2014,10739,11/12/2014,"Jueves",0,18:00:00,,"0.0",2,"Moto/Ciclomotor,Automóvil","San Lorenzo Y Dorrego",2,1,0,0,1,0,0,,"Calle",,"ROSARIO","Rosario","Asfalto","No existe","II","Dentro","Urbana","Señal Pare","No existe","Intersección","Bueno","Buena","Diurna","Buen Tiempo","Lateral","S/D","Colisión","S/D","Faltante","Ninguna","Sin restricción"
2014,10740,11/11/2014,"Martes",0,18:30:00,,"0.0",2,"Peatón,Moto/Ciclomotor","Dorrego Y Bv. 27 De Febrero",2,1,0,0,1,0,0,,"Avenida",,"ROSARIO","Rosario","Asfalto","No existe","II","Dentro","Urbana","Semáforo","Funciona","Intersección","Bueno","Buena","Diurna","Buen Tiempo","S/D","S/D","Atropello","S/D","Vertical","S/D","Sin restricción"
2014,10741,23/11/2014,"Domingo",0,12:55:00,,"0.0",2,"Automóvil,Moto/Ciclomotor","Rueda 2500",3,2,0,0,1,0,0,,"Calle",,"ROSARIO","Rosario","Asfalto","S/D","II","Dentro","Urbana","S/D","No existe","Recta","Bueno","Buena","Diurna","Buen Tiempo","De alcance","S/D","Colisión","S/D","S/D","Barrera de hormigón","S/D"
2014,10742,23/12/2014,"Martes",0,17:50:00,,"0.0",2,"Moto/Ciclomotor,Peatón","San Juan 3700",3,1,0,0,2,0,0,,"S/D",,"ROSARIO","Rosario","Asfalto","No existe","II","S/D","S/D","Ninguna","No existe","Intersección","Bueno","Buena","Diurna","Buen Tiempo","S/D","S/D","Atropello","Ninguna","Faltante","S/D","S/D"
2014,10743,16/10/2014,"Jueves",0,07:00:00,,"0.0",2,"Moto/Ciclomotor,Automóvil","Av. Circunvalacion Y Av. Ovidio Lagos",2,0,1,0,1,0,0,,"Avenida",,"ROSARIO","Rosario","Asfalto","Pavimento","II","Dentro","Urbana","Semáforo","Funciona","Intersección","Bueno","Buena","Diurna","Buen Tiempo","Lateral","S/D","Colisión","S/D","Vertical","Cordón divisorio","Sin restricción"
2014,10744,17/12/2014,"Miercoles",0,18:30:00,,"0.0",2,"Taxi/Remis,Peatón","Entre Rios Y E.Zeballos",2,1,0,0,1,0,0,,"Calle",,"ROSARIO","Rosario","Asfalto","S/D","II","Dentro","Urbana","Ninguna","No existe","Intersección","Bueno","S/D","Diurna","Buen Tiempo","S/D","S/D","Atropello","S/D","Faltante","Ninguna","Sin restricción"
2014,10745,12/11/2014,"Miercoles",0,18:30:00,,"0.0",2,"Moto/Ciclomotor,Automóvil","Independencia Y 1 de Mayo",2,1,0,0,1,0,0,,"Calle",,"ARROYO SECO","Rosario","Hormigón","S/D","II","S/D","Urbana","Ninguna","S/D","Recta","Bueno","S/D","Diurna","Buen Tiempo","De alcance","S/D","Colisión","S/D","S/D","Ninguna","Sin restricción"
2014,10746,17/12/2014,"Miercoles",0,18:30:00,,"0.0",2,"Transporte de Pasajeros Urbano (> 8 asientos),Camión","San Lorenzo Y Paraguay",7,4,1,0,1,0,1,,"Calle",,"ROSARIO","Rosario","Asfalto","No existe","II","Dentro","Urbana","Ninguna","No existe","Intersección","Bueno","Buena","Diurna","Buen Tiempo","Lateral","S/D","Colisión","S/D","Faltante","Ninguna","Sin restricción"
2014,10747,15/11/2014,"Sabado",0,12:00:00,,"0.0",2,"Automóvil,Automóvil","Mariano Moreno Y Coulin",4,1,0,0,3,0,0,,"Calle",,"ROSARIO","Rosario","Asfalto","No existe","II","Dentro","Urbana","Ninguna","No existe","Intersección","Bueno","Buena","Diurna","Buen Tiempo","De alcance","S/D","Colisión","Ninguna","Faltante","Ninguna","Sin restricción"
2014,10748,22/12/2014,"Lunes",0,17:30:00,,"0.0",2,"Automóvil,Automóvil","Av. Pellegrini Y Iriondo",2,1,0,0,1,0,0,,"Calle",,"ROSARIO","Rosario","Asfalto","No existe","II","S/D","Urbana","Ninguna","No existe","Intersección","Bueno","Buena","Diurna","Buen Tiempo","De alcance","S/D","Colisión","Ninguna","Faltante","S/D","Sin restricción"
2014,10749,06/11/2014,"Jueves",0,11:20:00,,"0.0",2,"Bicicleta,Pickup/Utilitario","Independencia 1400",2,1,0,0,1,0,0,,"Calle",,"ARROYO SECO","Rosario","Tierra","S/D","II","S/D","Urbana","Ninguna","S/D","Recta","Deteriorada","S/D","Diurna","Buen Tiempo","S/D","S/D","Atropello","S/D","S/D","Ninguna","Sin restricción"
2014,10750,07/11/2014,"Viernes",0,17:00:00,,"0.0",2,"Moto/Ciclomotor,Automóvil","Garay Y Colon",2,1,0,0,1,0,0,,"Calle",,"ROSARIO","Rosario","Asfalto","No existe","II","Dentro","Urbana","Marca Vial","No existe","Intersección","Bueno","Buena","Atardecer","Buen Tiempo","Lateral","S/D","Colisión","Ninguna","Vertical","Línea divisoria pintada","Sin restricción"
2014,10751,25/11/2014,"Martes",0,15:30:00,,"0.0",2,"Peatón,Automóvil","Pasco 1300",2,1,0,0,1,0,0,,"Calle",,"ROSARIO","Rosario","Asfalto","Natural","II","S/D","Urbana","S/D","No existe","Recta","Bueno","Buena","Atardecer","Buen Tiempo","S/D","S/D","Atropello","S/D","Vertical","S/D","S/D"
2014,10752,21/11/2014,"Viernes",0,15:40:00,,"0.0",3,"Automóvil,Automóvil,Moto/Ciclomotor","Alsina Y E.Zeballos",4,2,0,0,2,0,0,,"Calle",,"ROSARIO","Rosario","Asfalto","S/D","II","Dentro","Urbana","S/D","S/D","Intersección","S/D","S/D","Diurna","S/D","Múltiple","S/D","Colisión","S/D","S/D","S/D","S/D"
2014,10753,17/12/2014,"Miercoles",0,14:15:00,,"0.0",2,"Pickup/Utilitario,Moto/Ciclomotor","Av. Pellegrini Y Italia",2,1,0,0,1,0,0,,"Avenida",,"ROSARIO","Rosario","Asfalto","S/D","II","Dentro","Urbana","Semáforo","Funciona","Intersección","Bueno","Buena","Diurna","Buen Tiempo","Lateral","S/D","Colisión","S/D","Vertical","Cordón divisorio","Sin restricción"
2014,10754,23/12/2014,"Martes",0,12:15:00,,"0.0",3,"Taxi/Remis,Automóvil,Automóvil","San Lorenzo 1800",4,1,0,0,3,0,0,,"Calle",,"ROSARIO","Rosario","Asfalto","No existe","II","Dentro","Urbana","Ninguna","No existe","Recta","Bueno","Buena","Diurna","Buen Tiempo","Múltiple","S/D","Colisión","S/D","Faltante","Ninguna","S/D"
2014,10755,15/11/2014,"Sabado",0,18:40:00,,"0.0",2,"Automóvil,Pickup/Utilitario","Jonas Salk Y 25 de mayo Bis",3,1,0,0,2,0,0,,"Calle",,"ARROYO SECO","Rosario","Hormigón","S/D","II","S/D","Urbana","Ninguna","S/D","Intersección","Bueno","Buena","Amanecer","Buen Tiempo","Lateral","S/D","Colisión","S/D","S/D","Ninguna","Sin restricción"
2014,10756,06/11/2014,"Jueves",0,11:40:00,,"0.0",3,"Automóvil,Automóvil,Automóvil","Av. Pellegrini Y Mariano Moreno",7,6,0,0,1,0,0,,"Avenida",,"ROSARIO","Rosario","Asfalto","S/D","II","Dentro","Urbana","Semáforo","Funciona","Intersección","Bueno","Buena","Diurna","Buen Tiempo","Múltiple","S/D","Colisión","S/D","Vertical","S/D","S/D"
2014,10757,23/11/2014,"Domingo",0,06:45:00,,"0.0",3,"Automóvil,Taxi/Remis,Taxi/Remis","Av. Uriburu Y Bv. Oroño",5,4,0,0,1,0,0,,"Avenida",,"ROSARIO","Rosario","Asfalto","No existe","II","Dentro","Urbana","Semáforo","Funciona","Recta","Bueno","Buena","Diurna","Buen Tiempo","Múltiple","S/D","Colisión","Ninguna","Horizontal","S/D","Sin restricción"
2014,10758,25/11/2014,"Martes",0,18:45:00,,"0.0",2,"Moto/Ciclomotor,Automóvil","Bv. Oroño Y Rueda",3,2,0,0,1,0,0,,"Avenida",,"ROSARIO","Rosario","Asfalto","S/D","II","Dentro","Urbana","S/D","Funciona","S/D","Bueno","Buena","Diurna","Buen Tiempo","De alcance","S/D","Colisión","S/D","Vertical","S/D","S/D"
2014,10759,02/12/2014,"Martes",0,15:00:00,,"0.0",2,"Automóvil,Automóvil","Bv. Oroño Y Cordoba",2,1,0,0,1,0,0,,"Calle",,"ROSARIO","Rosario","Asfalto","S/D","II","Dentro","Urbana","Semáforo","Funciona","Recta","Bueno","Buena","Diurna","Buen Tiempo","Frontal","S/D","Colisión","S/D","Vertical","Cordón divisorio","Sin restricción"
2014,10761,19/12/2014,"Viernes",0,17:50:00,"Ruta Nacional 34","127.0",4,"Camión,Automóvil,Camión,Camión"," ",7,1,3,0,3,0,0,,"Ruta",34,"CAÑADA ROSQUÍN","San Martín","Asfalto","Natural","XVIII","Dentro","Rural","Marca Vial","No existe","Recta","Deteriorada","Buena","Diurna","Buen Tiempo","De alcance,Múltiple","S/D","Colisión","S/D","Faltante","Ninguna","Reparación de Vía"
2014,10762,06/11/2014,"Jueves",0,20:30:00,,"0.0",2,"Camión,Moto/Ciclomotor","CAMINO CERESETTO ",4,2,0,0,2,0,0,,"Camino Rural",,"SOLDINI","Rosario","Tierra","Natural","II","Dentro","Rural","Ninguna","No existe","Recta","Deteriorada","Buena","Diurna","Buen Tiempo","S/D","S/D","Colisión","S/D","S/D","Ninguna","Sin restricción"
2014,10763,02/12/2014,"Martes",0,21:30:00,,"0.0",2,"Moto/Ciclomotor,Otros","Soldado Aguirre Y crespo",2,1,0,0,1,0,0,,"Calle",,"VILLA GOBERNADOR GÁLVEZ","Rosario","Tierra","No existe","II","S/D","Urbana","Ninguna","No existe","Intersección","Con baches","Reducida polvo","Nocturna","S/D","Frontal","S/D","Colisión","Ninguna","Faltante","Ninguna","Sin restricción"
2014,10764,05/11/2014,"Miercoles",0,17:15:00,,"0.0",2,"Moto/Ciclomotor,Automóvil","Independencia Y Sabatino Gaboto",2,1,0,0,1,0,0,,"S/D",,"ARROYO SECO","Rosario","Asfalto","No existe","II","S/D","Urbana","Ninguna","S/D","Recta","Bueno","Buena","Diurna","Buen Tiempo","Lateral","S/D","Colisión","S/D","S/D","Ninguna","Sin restricción"
2014,10765,17/12/2014,"Miercoles",0,05:30:00,,"0.0",2,"Bicicleta,Automóvil","Cordoba 2200",2,1,0,0,1,0,0,,"Calle",,"ROSARIO","Rosario","Asfalto","S/D","II","Dentro","Urbana","Ninguna","No existe","Recta","Bueno","Buena","Amanecer,Con luz artificial","Buen Tiempo","S/D","S/D","Atropello","S/D","Faltante","S/D","Sin restricción"
2014,10766,07/11/2014,"Viernes",0,13:00:00,,"0.0",2,"Moto/Ciclomotor,Automóvil","Bv. 27 De Febrero Y Sarmiento",2,1,0,0,1,0,0,,"Calle",,"ROSARIO","Rosario","Asfalto","S/D","II","Dentro","Urbana","Semáforo","Funciona","Recta","Bueno","S/D","Diurna","Buen Tiempo","Lateral","S/D","Colisión","S/D","S/D","S/D","S/D"
2014,10767,03/11/2014,"Lunes",0,04:45:00,,"0.0",2,"Moto/Ciclomotor,Automóvil","Garibaldi Y Pte.Quintana",2,1,0,0,1,0,0,,"Calle",,"ROSARIO","Rosario","Asfalto","No existe","II","Dentro","Urbana","Marca Vial","No existe","Intersección","Bueno","Buena","Nocturna,Con luz artificial","Buen Tiempo","Lateral","S/D","Colisión","Ninguna","Vertical","Línea divisoria pintada","Sin restricción"