"anio_acci","nro_acci","fecha","desc_dia","fecha_aprox","hora_aprox","desc_ruta","km","cant_participantes","desc_participante","calle_avenida_km","total","heridos_leves","heridos_graves","heridos_gravisimos","ilesos","fallecidos","sin_datos","posicion_XY","desc_tipo_via","desc_ruta_ori","desc_loc","desc_dpto","desc_tipo_calzada","desc_tipo_banquina","desc_unidad_regional","desc_lugar_calzada","desc_zona","desc_prioridad","desc_estado_semaforo","desc_lugar_via","desc_estado_via","desc_estado_visibilidad","desc_luminosidad","desc_estado_clima","desc_tipo_colision","desc_tipo_atropello","desc_tipo_hecho","desc_pres_calzada","desc_senializacion","desc_separacion_via","desc_restriccion"
2014,10768,05/11/2014,"Miercoles",0,19:45:00,,"0.0",2,"Automóvil,Moto/Ciclomotor","Bernardino Rivadavia Y Bgdier gral Estanislao Lopez",2,1,0,0,1,0,0,,"Calle",,"ARROYO SECO","Rosario","Asfalto","S/D","II","S/D","Urbana","Ninguna","S/D","Recta","Bueno","Buena","Diurna","Buen Tiempo","Lateral","S/D","Colisión","S/D","S/D","Ninguna","S/D"
2014,10769,02/12/2014,"Martes",0,15:30:00,"Ruta Provincial 21","0.0",2,"Automóvil,Automóvil","Bordabhere ",2,1,0,0,0,0,1,,"Ruta",21,"VILLA GOBERNADOR GÁLVEZ","Rosario","Asfalto","No existe","II","S/D","Urbana","Ninguna","No existe","Recta","Con baches","Reducida p/ objetos","Diurna","S/D","S/D","S/D","Colisión","Otro","Faltante","Ninguna","Sin restricción"
2014,10770,08/11/2014,"Sabado",0,14:45:00,"Ruta Provincial 21","0.0",2,"Moto/Ciclomotor,Otros","SAN MARTIN ",3,1,0,0,0,0,2,,"Ruta",21,"VILLA GOBERNADOR GÁLVEZ","Rosario","Asfalto","No existe","II","S/D","S/D","Ninguna","No existe","Recta","Deteriorada","Buena","Diurna","S/D","De alcance","S/D","Colisión","Material Suelto","Faltante","Ninguna","Sin restricción"
2014,10771,12/10/2014,"Domingo",0,14:25:00,,"0.0",2,"Automóvil,Automóvil","San Martin Y Prevision y Hogar",7,4,0,0,3,0,0,,"Calle",,"ROSARIO","Rosario","Asfalto","No existe","II","Dentro","Urbana","Ninguna","Funciona","Intersección","Bueno","Buena","Diurna","Otro","S/D","S/D","Colisión","Ninguna","Faltante","Cordón divisorio","Sin restricción"
2014,10772,15/11/2014,"Sabado",0,05:15:00,,"0.0",2,"Taxi/Remis,Moto/Ciclomotor","Av. Illia Y Pte.Roca",3,2,0,0,1,0,0,,"Calle",,"ROSARIO","Rosario","Asfalto","No existe","II","Dentro","Urbana","Ninguna","No existe","Intersección","Bueno","Buena","Amanecer","Buen Tiempo","Lateral","S/D","Colisión","S/D","Faltante","Ninguna","Sin restricción"
2014,10773,26/11/2014,"Miercoles",0,18:15:00,,"0.0",2,"Moto/Ciclomotor,Automóvil","A F Temporelli Y Marcos Paz",2,1,0,0,1,0,0,,"Calle",,"VILLA GOBERNADOR GÁLVEZ","Rosario","Asfalto,Tierra","S/D","II","S/D","Urbana","Ninguna","S/D","Recta","Deteriorada","S/D","Diurna","S/D","S/D","S/D","Colisión","Otro","Faltante","Ninguna","Sin restricción"
2014,10774,08/11/2014,"Sabado",0,11:40:00,,"0.0",2,"Automóvil,Moto/Ciclomotor","España Y Ituzaingo",2,1,0,0,1,0,0,,"Calle",,"ROSARIO","Rosario","Asfalto","S/D","II","Dentro","Urbana","S/D","S/D","Intersección","Bueno","Buena","Diurna","Buen Tiempo","Lateral","S/D","Colisión","S/D","S/D","S/D","S/D"
2014,10775,15/11/2014,"Sabado",0,20:50:00,,"0.0",2,"Moto/Ciclomotor,Pickup/Utilitario","Int Jose Constantini 600",2,1,0,0,1,0,0,,"Calle",,"ARROYO SECO","Rosario","Asfalto","No existe","II","S/D","Urbana","Ninguna","No existe","Recta","S/D","Reducida","Nocturna","Buen Tiempo","Lateral","S/D","Colisión","S/D","S/D","Ninguna","Sin restricción"
2014,10776,03/12/2014,"Miercoles",0,19:00:00,,"0.0",2,"Bicicleta,Automóvil","San Luis 1165",2,1,0,0,1,0,0,,"Calle",,"ROSARIO","Rosario","Asfalto","S/D","II","Dentro","Urbana","Ninguna","No existe","Recta","Bueno","Buena","Diurna","Buen Tiempo","S/D","S/D","Atropello","S/D","Faltante","S/D","Sin restricción"
2014,10777,07/12/2014,"Domingo",0,06:30:00,,"0.0",2,"Peatón,Automóvil","Av. Genova Y Campbell",3,1,0,0,2,0,0,,"Calle",,"ROSARIO","Rosario","Asfalto","S/D","II","S/D","S/D","S/D","S/D","Intersección","S/D","S/D","S/D","S/D","S/D","S/D","Atropello","S/D","S/D","S/D","S/D"
2014,10778,05/12/2014,"Viernes",0,22:30:00,,"0.0",2,"Automóvil,Peatón","San Lorenzo Y Soldado Aguirre",2,1,0,0,1,0,0,,"Avenida",,"VILLA GOBERNADOR GÁLVEZ","Rosario","Asfalto,Tierra","No existe","II","S/D","Urbana","Ninguna","No existe","Intersección","Deteriorada","Buena","Atardecer","Otro","S/D","S/D","Atropello","Ninguna","Faltante","Ninguna","Sin restricción"
2014,10779,18/11/2014,"Martes",0,19:00:00,,"0.0",2,"Moto/Ciclomotor,Automóvil","Ayolas Y Colon",3,2,0,0,1,0,0,,"Calle",,"ROSARIO","Rosario","Asfalto","Pavimento","II","Dentro","Urbana","Semáforo","Funciona","Intersección","Bueno","Buena","Atardecer,Con luz artificial","Buen Tiempo","Lateral","S/D","Colisión","Ninguna","Vertical","Línea divisoria pintada","Sin restricción"
2014,10780,20/11/2014,"Jueves",0,19:00:00,,"0.0",2,"Moto/Ciclomotor,Automóvil","Ayacucho 3800",3,2,0,0,1,0,0,,"Calle",,"ROSARIO","Rosario","Asfalto","No existe","II","Dentro","Urbana","Marca Vial","No existe","Recta","Bueno","Buena","Atardecer,Con luz artificial","Buen Tiempo","Lateral","S/D","Colisión","Ninguna","Vertical","Línea divisoria pintada","Sin restricción"
2014,10781,04/12/2014,"Jueves",0,09:40:00,"Ruta Secundaria 22-s","0.0",2,"Automóvil,Bicicleta"," ",2,1,0,0,1,0,0,,"Ruta","22-s","VILLA GOBERNADOR GÁLVEZ","Rosario","Asfalto","Natural","II","S/D","Urbana","Ninguna","No existe","Curva","Deteriorada","Buena","Diurna","S/D","S/D","S/D","Atropello","Otro","Faltante","Ninguna","Sin restricción"
2014,10782,19/12/2014,"Viernes",0,09:00:00,,"0.0",2,"Pickup/Utilitario,Moto/Ciclomotor","Balcarce 600",3,1,0,0,2,0,0,,"Calle",,"ROSARIO","Rosario","Asfalto","No existe","II","Dentro","Urbana","Ninguna","No existe","Recta","Bueno","Buena","Diurna","Buen Tiempo","Lateral","S/D","Colisión","S/D","Faltante","Ninguna","Sin restricción"
2014,10783,18/11/2014,"Martes",0,07:05:00,,"0.0",2,"Moto/Ciclomotor,Automóvil","Av. Belgrano Y Sgto Cabral",2,1,0,0,1,0,0,,"Calle",,"ROSARIO","Rosario","Asfalto","No existe","II","Dentro","Urbana","Ninguna","No existe","Intersección","Bueno","Buena","Diurna","Buen Tiempo","Lateral","S/D","Colisión","S/D","Faltante","Ninguna","Sin restricción"
2014,10784,14/12/2014,"Domingo",0,12:30:00,,"0.0",2,"Moto/Ciclomotor,Transporte de Pasajeros Urbano (> 8 asientos)","Sarmiento Y Rioja",2,1,0,0,1,0,0,,"Calle",,"ROSARIO","Rosario","Asfalto","S/D","II","Dentro","Urbana","Ninguna","No existe","Intersección","Bueno","Buena","Diurna","Buen Tiempo","Lateral","S/D","Colisión","S/D","Faltante","Cordón divisorio","Sin restricción"
2014,10785,02/12/2014,"Martes",0,14:50:00,,"0.0",2,"Camión,Moto/Ciclomotor","J.J.Paso Y Pje. Cafayate Bis",2,1,0,0,1,0,0,,"Calle",,"ROSARIO","Rosario","Asfalto","S/D","II","S/D","Urbana","S/D","S/D","Intersección","Bueno","S/D","S/D","S/D","S/D","S/D","Colisión","S/D","S/D","S/D","S/D"
2014,10787,16/12/2014,"Martes",0,17:00:00,,"0.0",2,"Automóvil,Moto/Ciclomotor","Liniers Y Mitre",2,1,0,0,1,0,0,,"Calle",,"VILLA GOBERNADOR GÁLVEZ","Rosario","Tierra","S/D","II","S/D","Urbana","Ninguna","S/D","Intersección","Otro","S/D","Diurna","S/D","Lateral","S/D","Colisión","Otro","Faltante","Ninguna","Sin restricción"
2014,10788,07/12/2014,"Domingo",0,15:00:00,,"0.0",2,"Moto/Ciclomotor,Automóvil","Tucuman Y Paraguay",2,1,0,0,1,0,0,,"Calle",,"ROSARIO","Rosario","Asfalto","No existe","II","Dentro","Urbana","Ninguna","No existe","Intersección","Bueno","Buena","Diurna","Lluvia","Lateral","S/D","Colisión","Agua","S/D","Ninguna","Sin restricción"
2014,10789,10/11/2014,"Lunes",0,16:30:00,,"0.0",2,"Transporte de Pasajeros Urbano (> 8 asientos),Moto/Ciclomotor","Av. Pellegrini Y Ricchieri",2,1,0,0,1,0,0,,"Calle",,"ROSARIO","Rosario","Asfalto","S/D","II","Dentro","Urbana","S/D","S/D","Intersección","Bueno","S/D","Diurna","Buen Tiempo","Lateral","S/D","Colisión","S/D","S/D","S/D","S/D"
2014,10790,01/11/2014,"Sabado",0,18:05:00,,"0.0",2,"Moto/Ciclomotor,Automóvil","Ayolas Y Buenos Aires",2,1,0,0,1,0,0,,"Calle",,"ROSARIO","Rosario","Asfalto","No existe","II","Dentro","Urbana","Marca Vial","No existe","Intersección","Bueno","Buena","Atardecer","Buen Tiempo","Lateral","S/D","Colisión","Ninguna","Vertical","Línea divisoria pintada","Sin restricción"
2014,10791,13/11/2014,"Jueves",0,17:45:00,,"0.0",2,"Automóvil,Moto/Ciclomotor","Rodriguez Y Bv. 27 De Febrero",3,2,0,0,1,0,0,,"Avenida",,"ROSARIO","Rosario","Asfalto","No existe","II","Dentro","Urbana","S/D","No existe","Intersección","S/D","Buena","Diurna","Buen Tiempo","De alcance","S/D","Colisión","S/D","Vertical","S/D","S/D"
2014,10792,04/12/2014,"Jueves",0,16:30:00,,"0.0",2,"Automóvil,Automóvil","La Republica Y Fraga",2,1,0,0,1,0,0,,"Calle",,"ROSARIO","Rosario","Asfalto","S/D","II","S/D","Urbana","S/D","S/D","Intersección","Bueno","S/D","S/D","S/D","S/D","S/D","S/D","S/D","S/D","S/D","S/D"
2014,10793,17/11/2014,"Lunes",0,14:00:00,,"0.0",2,"Moto/Ciclomotor,Moto/Ciclomotor","Beruti Y Gaboto",2,1,0,0,1,0,0,,"Calle",,"ROSARIO","Rosario","Asfalto","No existe","II","Dentro","Urbana","Marca Vial","No existe","Intersección","Bueno","Buena","Diurna","Buen Tiempo","Lateral","S/D","Colisión","Ninguna","Vertical","Línea divisoria pintada","Sin restricción"
2014,10794,06/12/2014,"Sabado",0,10:10:00,,"0.0",2,"Automóvil,Moto/Ciclomotor","E.Zeballos Y Italia",2,1,0,0,1,0,0,,"Calle",,"ROSARIO","Rosario","Asfalto","S/D","II","Dentro","Urbana","Ninguna","No existe","Intersección","Bueno","Buena","Diurna","Buen Tiempo","Lateral","S/D","Colisión","S/D","Faltante","S/D","Sin restricción"
2014,10795,17/11/2014,"Lunes",0,17:30:00,,"0.0",2,"Moto/Ciclomotor,Automóvil","J.M.de Rosas Y Bv. 27 De Febrero",2,1,0,0,1,0,0,,"Avenida",,"ROSARIO","Rosario","Asfalto","Pavimento","II","Dentro","Urbana","Marca Vial","No existe","Intersección","Bueno","Buena","Atardecer","Buen Tiempo","Lateral","S/D","Colisión","Ninguna","Vertical","Línea divisoria pintada","Sin restricción"
2014,10796,11/11/2014,"Martes",0,21:30:00,,"0.0",2,"Moto/Ciclomotor,Automóvil","Buenos Aires Y Amenabar",2,1,0,0,1,0,0,,"Calle",,"ROSARIO","Rosario","Asfalto","No existe","II","Dentro","Urbana","Marca Vial","No existe","Intersección","Bueno","Buena","Nocturna,Con luz artificial","Buen Tiempo","Lateral","S/D","Colisión","Ninguna","Vertical","Ninguna","Sin restricción"
2014,10797,17/11/2014,"Lunes",0,14:10:00,,"0.0",2,"Moto/Ciclomotor,Pickup/Utilitario","Laprida Y Pje. Ivanowsky",2,1,0,0,1,0,0,,"Calle",,"ROSARIO","Rosario","Asfalto","No existe","II","Dentro","Urbana","Marca Vial","No existe","Intersección","Bueno","Buena","Diurna","Buen Tiempo","Lateral","S/D","Colisión","Ninguna","Vertical","Línea divisoria pintada","Sin restricción"
2014,10798,26/11/2014,"Miercoles",0,21:50:00,,"0.0",2,"Moto/Ciclomotor,Automóvil","Cardozo Y Galvez",2,1,0,0,1,0,0,,"Calle",,"ARROYO SECO","Rosario","Hormigón","No existe","II","Dentro","Urbana","Ninguna","No existe","Recta","Bueno","Reducida","Nocturna","Buen Tiempo","Lateral","S/D","Colisión","S/D","S/D","Ninguna","Sin restricción"
2014,10799,14/12/2014,"Domingo",0,12:30:00,,"0.0",2,"Transporte de Pasajeros Urbano (> 8 asientos),Automóvil","Av. Francia Y Cordoba",3,2,0,0,1,0,0,,"Avenida",,"ROSARIO","Rosario","Asfalto","S/D","II","Dentro","Urbana","S/D","S/D","S/D","S/D","S/D","Diurna","S/D","S/D","S/D","Colisión","S/D","S/D","S/D","S/D"
2014,10800,21/07/2014,"Lunes",0,18:45:00,,"0.0",2,"Bicicleta,Otros","Av Juan Domingo Peron 2000",3,2,0,0,1,0,0,,"Avenida",,"VILLA GOBERNADOR GÁLVEZ","Rosario","Asfalto","No existe","II","S/D","S/D","Ninguna","No existe","Intersección","Deteriorada","Buena","Con luz artificial","S/D","S/D","S/D","Atropello","Otro","Faltante","Cordón divisorio","S/D"
2014,10801,20/12/2014,"Sabado",0,16:50:00,,"0.0",2,"Peatón,Pickup/Utilitario","Rioja Y Suipacha",2,1,0,0,1,0,0,,"S/D",,"ROSARIO","Rosario","Asfalto","No existe","II","Dentro","Urbana","Ninguna","No existe","Intersección","Bueno","Buena","Diurna","Buen Tiempo","Lateral","S/D","Colisión","Ninguna","Faltante","S/D","Sin restricción"
2014,10802,18/11/2014,"Martes",0,17:20:00,,"0.0",2,"Automóvil,Pickup/Utilitario","Bv. Oroño Y Urquiza",5,1,0,0,4,0,0,,"Calle",,"ROSARIO","Rosario","Asfalto","No existe","II","Dentro","Urbana","Ninguna","No existe","Intersección","Bueno","Buena","Atardecer","Buen Tiempo","Lateral","S/D","Colisión","S/D","Faltante","Ninguna","Sin restricción"
2014,10803,14/12/2014,"Domingo",0,16:40:00,,"0.0",2,"Automóvil,Automóvil","Santiago Y 9 De Julio",4,2,0,0,2,0,0,,"Calle",,"ROSARIO","Rosario","Asfalto","S/D","II","Dentro","Urbana","S/D","S/D","S/D","S/D","S/D","Diurna","S/D","S/D","S/D","Colisión","S/D","S/D","S/D","S/D"
2014,10804,10/12/2014,"Miercoles",0,00:30:00,,"0.0",2,"Automóvil,Moto/Ciclomotor","Av. Pellegrini Y Buenos Aires",3,1,0,0,2,0,0,,"Calle",,"ROSARIO","Rosario","Asfalto","S/D","II","Dentro","Urbana","Semáforo","Funciona","Intersección","Bueno","Buena","Diurna","Buen Tiempo","Lateral","S/D","Colisión","S/D","S/D","Cordón divisorio","S/D"
2014,10805,21/11/2014,"Viernes",0,07:15:00,,"0.0",3,"Camión,Automóvil,Automóvil","Bv. Rondeau Y Herrera",4,3,0,0,1,0,0,,"Avenida",,"ROSARIO","Rosario","Asfalto","No existe","II","Dentro","Urbana","Semáforo","Funciona","Intersección","Bueno","Buena","Amanecer","Buen Tiempo","De alcance,Múltiple","S/D","Colisión","Otro","Vertical","Ninguna","Sin restricción"
2014,10806,19/12/2014,"Viernes",0,,,"0.0",2,"Taxi/Remis,Moto/Ciclomotor","Av. Pellegrini Y Gutenberg",2,1,0,0,1,0,0,,"S/D",,"ROSARIO","Rosario","Asfalto","No existe","II","S/D","S/D","Ninguna","No existe","S/D","Bueno","Buena","S/D","Buen Tiempo","Lateral","S/D","Colisión","Ninguna","Faltante","S/D","Sin restricción"
2014,10807,10/12/2014,"Miercoles",0,22:40:00,,"0.0",2,"Automóvil,Moto/Ciclomotor","Laprida Y Mendoza",2,1,0,0,1,0,0,,"Calle",,"ROSARIO","Rosario","Asfalto","S/D","II","Dentro","Urbana","S/D","S/D","Intersección","Bueno","Buena","Nocturna","S/D","Lateral","S/D","Colisión","S/D","S/D","Cordón divisorio","S/D"
2014,10808,01/11/2014,"Sabado",0,21:00:00,,"0.0",2,"Automóvil,Automóvil","Av. Wheelwright Y España",4,1,0,0,3,0,0,,"Calle",,"ROSARIO","Rosario","Asfalto","No existe","II","Dentro","Urbana","Ninguna","No existe","Intersección","Bueno","Buena","Nocturna","Buen Tiempo","Lateral","S/D","Colisión","S/D","Faltante","Ninguna","Sin restricción"
2014,10809,12/12/2014,"Viernes",0,22:30:00,,"0.0",2,"Moto/Ciclomotor,Taxi/Remis","Mitre 700",2,1,0,0,1,0,0,,"Calle",,"ROSARIO","Rosario","Asfalto","S/D","II","S/D","Urbana","Ninguna","No existe","Recta","Bueno","Buena","Nocturna,Con luz artificial","Buen Tiempo","Frontal","S/D","Colisión","S/D","Faltante","S/D","Sin restricción"
2014,10810,05/12/2014,"Viernes",0,17:10:00,,"0.0",2,"Pickup/Utilitario,Moto/Ciclomotor","Dorrego Y San Luis",2,1,0,0,1,0,0,,"Calle",,"ROSARIO","Rosario","Asfalto","S/D","II","Dentro","Urbana","Ninguna","No existe","Intersección","Bueno","Buena","Diurna","Buen Tiempo","Lateral","S/D","Colisión","S/D","Faltante","S/D","Sin restricción"
2014,10811,18/12/2014,"Jueves",0,17:30:00,,"0.0",2,"Taxi/Remis,Moto/Ciclomotor","Mendoza Y Valparaiso",2,0,0,0,1,0,1,,"Calle",,"ROSARIO","Rosario","Asfalto","No existe","II","S/D","Urbana","Ninguna","S/D","Intersección","Bueno","Buena","Diurna","Buen Tiempo","Lateral","S/D","Colisión","Ninguna","Faltante","S/D","Sin restricción"
2014,10812,12/12/2014,"Viernes",0,20:30:00,,"0.0",2,"Moto/Ciclomotor,Automóvil","Balcarce 1400",2,1,0,0,1,0,0,,"Calle",,"ROSARIO","Rosario","Asfalto","S/D","II","Dentro","Urbana","Ninguna","No existe","Recta","Bueno","Buena","Nocturna,Con luz artificial","Buen Tiempo","Frontal","S/D","Colisión","S/D","Faltante","S/D","Sin restricción"
2014,10813,05/12/2014,"Viernes",0,14:00:00,,"0.0",2,"Automóvil,Automóvil","Dorrego Y Santa Fe",2,1,0,0,1,0,0,,"Calle",,"ROSARIO","Rosario","Asfalto","S/D","II","Dentro","Urbana","Semáforo","Funciona","Recta","Bueno","S/D","Diurna","Buen Tiempo","Frontal","S/D","Colisión","S/D","Vertical","S/D","Sin restricción"
2014,10814,10/11/2014,"Lunes",0,21:25:00,,"0.0",2,"Automóvil,Moto/Ciclomotor","Dorrego Y Galvez",3,1,0,0,2,0,0,,"Calle",,"ROSARIO","Rosario","Asfalto","S/D","II","Dentro","Urbana","S/D","S/D","Intersección","Bueno","Buena","Atardecer","Buen Tiempo","Lateral","S/D","Colisión","S/D","S/D","S/D","S/D"
2014,10815,12/11/2014,"Miercoles",0,09:15:00,,"0.0",2,"Automóvil,Automóvil","Dorrego Y Virasoro",4,2,0,0,2,0,0,,"Calle",,"ROSARIO","Rosario","Asfalto","No existe","II","Dentro","Urbana","S/D","No existe","Intersección","Bueno","Buena","Diurna","Buen Tiempo","Lateral","S/D","Colisión","S/D","S/D","Ninguna","S/D"
2014,10816,11/11/2014,"Martes",0,22:50:00,,"0.0",2,"Automóvil,Moto/Ciclomotor","Av. Pellegrini Y Alvarez Jonte Bis",2,1,0,0,1,0,0,,"Avenida",,"ROSARIO","Rosario","Asfalto","No existe","II","Dentro","Urbana","Semáforo","Funciona","Recta","Bueno","Buena","Nocturna,Con luz artificial","Buen Tiempo","Lateral","S/D","Colisión","S/D","Vertical","S/D","S/D"
2014,10817,25/11/2014,"Martes",0,11:40:00,,"0.0",2,"Moto/Ciclomotor,Pickup/Utilitario","L.N.Alem Y Ayolas",2,1,0,0,1,0,0,,"Calle",,"ROSARIO","Rosario","Asfalto","No existe","II","Dentro","Urbana","Semáforo","Funciona","Intersección","Bueno","Buena","Diurna","Buen Tiempo","Lateral","S/D","Colisión","Ninguna","Vertical","Línea divisoria pintada","Sin restricción"
2014,10818,03/12/2014,"Miercoles",0,10:30:00,,"0.0",1,"Transporte de Pasajeros Larga Distancia (> 8 asientos)","Maipu 800",2,1,0,0,1,0,0,,"Calle",,"ROSARIO","Rosario","Asfalto","S/D","II","Dentro","Urbana","S/D","No existe","Recta","Bueno","Buena","Diurna","S/D","S/D","S/D","Caída ocupante","S/D","S/D","S/D","S/D"
2014,10819,24/12/2014,"Miercoles",0,17:48:00,"Ruta Secundaria 22-s","0.0",2,"Moto/Ciclomotor,Automóvil"," ",2,1,0,0,1,0,0,,"Ruta","22-s","VILLA GOBERNADOR GÁLVEZ","Rosario","Asfalto","No existe","II","S/D","S/D","S/D","No existe","Recta","Deteriorada","S/D","Diurna","S/D","Frontal","S/D","Colisión","S/D","Faltante","Ninguna","Sin restricción"
2014,10820,28/11/2014,"Viernes",0,10:10:00,,"0.0",2,"Moto/Ciclomotor,Automóvil","Amenabar Y J.M.de Rosas",2,1,0,0,1,0,0,,"Calle",,"ROSARIO","Rosario","Asfalto","No existe","II","Dentro","Urbana","Marca Vial","No existe","Intersección","Bueno","Buena","Diurna","Buen Tiempo","Lateral","S/D","Colisión","Ninguna","Vertical","Línea divisoria pintada","Sin restricción"
2014,10821,02/12/2014,"Martes",0,12:30:00,,"0.0",2,"Peatón,Moto/Ciclomotor","Buenos Aires 1700",2,1,0,0,1,0,0,,"Calle",,"ROSARIO","Rosario","Asfalto","S/D","II","Dentro","Urbana","Paso Peatonal","S/D","Recta","Bueno","Buena","Diurna","Buen Tiempo","S/D","S/D","Atropello","S/D","S/D","S/D","S/D"
2014,10822,24/12/2014,"Miercoles",0,01:00:00,,"0.0",2,"Automóvil,Automóvil","Gorriti Y Echeverria Bis",5,4,0,0,1,0,0,,"Calle",,"ROSARIO","Rosario","Asfalto","S/D","II","S/D","Urbana","S/D","S/D","Intersección","S/D","S/D","Nocturna","S/D","S/D","S/D","Colisión","S/D","S/D","S/D","S/D"
2014,10823,29/11/2014,"Sabado",0,16:00:00,,"0.0",2,"Automóvil,Moto/Ciclomotor","Libertad ",2,1,0,0,1,0,0,,"Calle",,"ARROYO SECO","Rosario","Hormigón","No existe","II","S/D","Urbana","Ninguna","S/D","Recta","Bueno","Buena","Diurna","Buen Tiempo","Frontal","S/D","Colisión","S/D","S/D","Ninguna","Sin restricción"
2014,10824,05/12/2014,"Viernes",0,09:05:00,,"0.0",2,"Automóvil,Pickup/Utilitario","Av. Illia Y Dorrego",2,1,0,0,1,0,0,,"Avenida",,"ROSARIO","Rosario","Asfalto","No existe","II","Dentro","Urbana","Ninguna","No existe","Intersección","Bueno","Reducida","Diurna","Buen Tiempo","De alcance","S/D","Colisión","S/D","Faltante","Cordón divisorio","Sin restricción"
2014,10825,22/12/2014,"Lunes",0,,,"0.0",2,"Moto/Ciclomotor,Automóvil","Los Andes Y Juan XXIII",2,1,0,0,1,0,0,,"Calle",,"VILLA GOBERNADOR GÁLVEZ","Rosario","Asfalto","No existe","II","S/D","Urbana","S/D","No existe","Intersección","Deteriorada","S/D","S/D","S/D","Frontal","S/D","Colisión","S/D","Faltante","S/D","S/D"
2014,10826,30/11/2014,"Domingo",0,11:30:00,,"0.0",2,"Automóvil,Automóvil","Pres Domingo F Sarmiento Y Gral Manuel Belgrano",4,2,0,0,2,0,0,,"Calle",,"ARROYO SECO","Rosario","Asfalto","No existe","II","S/D","Urbana","Ninguna","S/D","Recta","Bueno","Buena","Diurna","Buen Tiempo","Frontal","S/D","Colisión","S/D","S/D","Ninguna","Sin restricción"
2014,10827,13/12/2014,"Sabado",0,18:45:00,,"0.0",2,"Pickup/Utilitario,Moto/Ciclomotor","Crespo Y Pje. Noruega",3,2,0,0,1,0,0,,"Calle",,"ROSARIO","Rosario","Asfalto","S/D","II","Dentro","Urbana","S/D","S/D","Intersección","S/D","S/D","Atardecer","S/D","Lateral","S/D","Colisión","S/D","S/D","S/D","S/D"
2014,10828,27/11/2014,"Jueves",0,00:30:00,"Autopista Nacional Gral. Juan Jose Valle","0.0",2,"Transporte de Pasajeros Larga Distancia (Doble Piso),Camión"," ",47,2,0,0,45,0,0,,"Autopista","Gral. Juan Jose Valle","FIGHIERA","Rosario","Asfalto","Ripio","II","Dentro","Rural","Marca Vial","No existe","Recta","Bueno","Buena","Nocturna","Buen Tiempo","Frontal","S/D","Colisión","Ninguna","Horizontal","Vegetación","Sin restricción"
2014,10829,22/12/2014,"Lunes",0,15:00:00,,"0.0",2,"Pickup/Utilitario,Otros","RUTA A CARGILL Y CAMINO MONTE FLORES",2,1,0,0,1,0,0,,"S/D",,"VILLA GOBERNADOR GÁLVEZ","Rosario","Asfalto","No existe","II","S/D","S/D","S/D","No existe","Intersección","Deteriorada","S/D","Diurna","S/D","Lateral","S/D","Colisión","S/D","Faltante","S/D","S/D"
2014,10830,08/11/2014,"Sabado",0,03:20:00,,"0.0",2,"Automóvil,Automóvil","Av. Belgrano Y Tucuman",4,4,0,0,0,0,0,,"Calle",,"ROSARIO","Rosario","Asfalto","No existe","II","Dentro","Urbana","Ninguna","No existe","Intersección","Bueno","Buena","Nocturna","Buen Tiempo","Lateral","S/D","Colisión","S/D","Faltante","Ninguna","Sin restricción"
2014,10831,13/11/2014,"Jueves",0,07:00:00,,"0.0",2,"Pickup/Utilitario,Moto/Ciclomotor","San Lorenzo Y Bv. Oroño",2,1,0,0,1,0,0,,"Calle",,"ROSARIO","Rosario","Asfalto","No existe","II","Dentro","Urbana","Ninguna","No existe","Intersección","Bueno","Buena","Amanecer","Buen Tiempo","Lateral","S/D","Colisión","S/D","Faltante","Ninguna","Sin restricción"
2014,10832,19/11/2014,"Miercoles",0,22:29:00,,"0.0",2,"Moto/Ciclomotor,Automóvil","Garibaldi Y 1 de Mayo",2,1,0,0,1,0,0,,"Calle",,"ROSARIO","Rosario","Asfalto","No existe","II","Dentro","Urbana","Ninguna","No existe","Intersección","Bueno","Buena","Diurna","Buen Tiempo","Lateral","S/D","Colisión","S/D","S/D","Ninguna","Sin restricción"
2014,10833,15/12/2014,"Lunes",0,18:00:00,,"0.0",2,"Automóvil,Automóvil","Av. Caseros Bis Y Av. Francia",2,1,0,0,1,0,0,,"Avenida",,"ROSARIO","Rosario","Asfalto","S/D","II","Dentro","Urbana","S/D","S/D","Intersección","S/D","S/D","Diurna","S/D","Lateral","S/D","Colisión","S/D","S/D","S/D","S/D"
2014,10834,15/11/2014,"Sabado",0,,,"0.0",2,"Moto/Ciclomotor,Automóvil","Ciudadela Y Gazcon",3,2,0,0,1,0,0,,"Calle",,"ROSARIO","Rosario","Asfalto","S/D","II","S/D","Urbana","S/D","S/D","Intersección","S/D","S/D","S/D","S/D","S/D","S/D","S/D","S/D","S/D","S/D","S/D"
2014,10835,20/11/2014,"Jueves",0,15:30:00,,"0.0",2,"Automóvil,Moto/Ciclomotor","Av. Casiano Casas Y Baigorria",2,0,0,0,1,0,1,,"Calle",,"ROSARIO","Rosario","Asfalto","No existe","II","S/D","Urbana","S/D","Funciona","Intersección","Bueno","Buena","Diurna","Buen Tiempo","S/D","S/D","S/D","Otro","Vertical","Ninguna","S/D"