"anio_acci","nro_acci","fecha","desc_dia","fecha_aprox","hora_aprox","desc_ruta","km","cant_participantes","desc_participante","calle_avenida_km","total","heridos_leves","heridos_graves","heridos_gravisimos","ilesos","fallecidos","sin_datos","posicion_XY","desc_tipo_via","desc_ruta_ori","desc_loc","desc_dpto","desc_tipo_calzada","desc_tipo_banquina","desc_unidad_regional","desc_lugar_calzada","desc_zona","desc_prioridad","desc_estado_semaforo","desc_lugar_via","desc_estado_via","desc_estado_visibilidad","desc_luminosidad","desc_estado_clima","desc_tipo_colision","desc_tipo_atropello","desc_tipo_hecho","desc_pres_calzada","desc_senializacion","desc_separacion_via","desc_restriccion"
2014,10838,24/05/2014,"Sabado",0,16:30:00,"Autopista Provincial Brigadier E.López","146.0",1,"Automóvil"," ",2,2,0,0,0,0,0,,"Autopista","Brigadier E.López","SANTO TOMÉ","La Capital","Hormigón","Natural","I","Dentro","S/D","S/D","S/D","S/D","S/D","S/D","Diurna","S/D","S/D","S/D","Vuelco","S/D","S/D","S/D","S/D"
2014,10841,02/07/2014,"Miercoles",0,04:40:00,"Ruta Provincial 4","17.5",1,"Camión","INTERSECCION CON LA RUTA 6 ",1,0,0,0,0,0,1,,"Ruta",4,"NELSON","La Capital","S/D","S/D","I","Dentro","Rural","S/D","S/D","Intersección","S/D","S/D","Nocturna","S/D","S/D","S/D","Vuelco,Despiste","S/D","S/D","S/D","S/D"
2014,10842,27/05/2014,"Martes",0,20:30:00,"Ruta Nacional 34","249.0",2,"Camión,Pickup/Utilitario"," ",2,0,0,0,0,0,2,,"Ruta",34,"ATALIVA","Castellanos","Hormigón","S/D","V","Dentro","S/D","S/D","S/D","S/D","S/D","S/D","Nocturna","S/D","S/D","S/D","Colisión","S/D","S/D","S/D","S/D"
2014,10844,03/07/2014,"Jueves",0,16:40:00,"Ruta Provincial 1","7.0",2,"Moto/Ciclomotor,Moto/Ciclomotor"," ",3,3,0,0,0,0,0,,"Ruta",1,"SAN JOSÉ DEL RINCÓN","La Capital","S/D","S/D","I","Dentro","Urbana","S/D","S/D","Recta","S/D","S/D","Diurna","S/D","S/D","S/D","Colisión","S/D","S/D","S/D","S/D"
2014,10845,28/05/2014,"Miercoles",0,09:30:00,"Ruta Provincial 70","34.0",2,"Automóvil,Pickup/Utilitario"," ",2,1,0,0,1,0,0,,"Ruta",70,"HUMBOLDT","Las Colonias","Hormigón","S/D","XI","Dentro","S/D","S/D","S/D","Cruce","S/D","S/D","Diurna","S/D","S/D","S/D","Colisión","S/D","S/D","S/D","S/D"
2014,10846,30/05/2014,"Viernes",0,08:00:00,"Ruta Secundaria 280-s","0.0",2,"Camión,Tren"," ",2,1,0,0,1,0,0,,"Ruta","280-s","SUNCHALES","Castellanos","Hormigón","S/D","V","S/D","S/D","S/D","S/D","Paso a Nivel FFCC","S/D","S/D","Diurna","S/D","Lateral","S/D","Colisión","S/D","S/D","S/D","S/D"
2014,10847,26/12/2014,"Viernes",0,18:30:00,,"0.0",2,"Moto/Ciclomotor,Automóvil","Velez Sarfield Y Padre Francisco Palmieri",2,1,0,0,1,0,0,,"Calle",,"RAFAELA","Castellanos","Asfalto","No existe","V","Dentro","Urbana","Ninguna","No existe","Intersección","Bueno","Buena","Diurna","Buen Tiempo","De alcance","S/D","Colisión","Material Suelto","S/D","Ninguna","Obra en Construcción"
2014,10849,22/12/2014,"Lunes",0,22:30:00,,"0.0",2,"Moto/Ciclomotor,Automóvil","Caseros Y General Paz",2,1,0,0,1,0,0,,"Calle",,"RAFAELA","Castellanos","Hormigón","S/D","V","S/D","Urbana","Ninguna","No existe","Intersección","Bueno","Buena","Nocturna","Buen Tiempo","Lateral","S/D","Colisión","Ninguna","S/D","S/D","Sin restricción"
2014,10850,23/12/2014,"Martes",0,11:40:00,,"0.0",2,"Automóvil,Moto/Ciclomotor","Bv Santa Fe Y Saavedra",2,1,0,0,1,0,0,,"Avenida",,"RAFAELA","Castellanos","Hormigón","No existe","V","Dentro","Urbana","Ninguna","No existe","Intersección","Bueno","Buena","Diurna","Buen Tiempo","S/D","S/D","Colisión","Ninguna","Vertical","Ninguna","S/D"
2014,10851,21/12/2014,"Domingo",0,01:10:00,,"0.0",2,"Automóvil,Moto/Ciclomotor","A Aguado 641",3,2,0,0,0,0,1,,"Calle",,"RAFAELA","Castellanos","Asfalto","No existe","I","Dentro","Urbana","Ninguna","No existe","Recta","Bueno","Buena","Nocturna,Con luz artificial","Buen Tiempo","Contra objeto fijo","S/D","Colisión","Ninguna","Faltante","Ninguna","Sin restricción"
2014,10852,29/12/2014,"Lunes",0,13:13:00,,"0.0",2,"Moto/Ciclomotor,Automóvil","M Aragon Y B Geuna",3,1,0,0,0,0,2,,"Calle",,"RAFAELA","Castellanos","Hormigón","S/D","V","S/D","Urbana","Ninguna","S/D","Intersección","Bueno","S/D","S/D","Buen Tiempo","Frontal","S/D","Colisión","Ninguna","Faltante","Ninguna","Sin restricción"
2014,10853,22/11/2014,"Sabado",0,11:45:00,,"0.0",2,"Automóvil,Moto/Ciclomotor","Sarmiento Y Alvear",3,2,0,0,0,0,1,,"Calle",,"RAFAELA","Castellanos","Asfalto","No existe","V","S/D","Urbana","Ninguna","No existe","Intersección","Bueno","Buena","Diurna","Buen Tiempo","Frontal","S/D","Colisión","Ninguna","Faltante","Ninguna","Sin restricción"
2014,10854,01/12/2014,"Lunes",0,18:40:00,,"0.0",1,"Bicicleta","Los Alamos Y Los Jazmines",1,0,1,0,0,0,0,,"Avenida",,"RAFAELA","Castellanos","Asfalto","S/D","V","Dentro","Urbana","S/D","S/D","Intersección","Bueno","S/D","S/D","S/D","S/D","S/D","S/D","Ninguna","Faltante","S/D","S/D"
2014,10855,28/11/2014,"Viernes",0,10:00:00,,"0.0",2,"Transporte de Pasajeros Urbano (> 8 asientos),Moto/Ciclomotor","Fdo Fader Y Alfonsina Storni",2,1,0,0,1,0,0,,"Calle",,"RAFAELA","Castellanos","Asfalto","S/D","V","S/D","Urbana","Ninguna","No existe","Intersección","Bueno","Buena","Diurna","Buen Tiempo","Frontal","S/D","Colisión","Ninguna","Faltante","Cordón divisorio","Sin restricción"
2014,10856,12/12/2014,"Viernes",0,21:00:00,,"0.0",1,"Moto/Ciclomotor","General Bartolome Mitre Y Boulevard R Acuña",2,2,0,0,0,0,0,,"Avenida",,"VILA","Castellanos","Asfalto","S/D","V","Dentro","Urbana","Ninguna","No existe","Intersección","Bueno","Reducida p/ objetos","Nocturna","Buen Tiempo","Frontal","S/D","Colisión","Ninguna","Faltante","Ninguna","Sin restricción"
2014,10857,30/05/2014,"Viernes",0,18:30:00,"Ruta Nacional 34","28.0",2,"Camión,Bicicleta"," ",2,0,0,0,1,0,1,,"Ruta",34,"LUIS PALACIOS","San Lorenzo","Hormigón","S/D","XVII","S/D","S/D","S/D","S/D","S/D","S/D","S/D","Atardecer","S/D","S/D","S/D","Atropello","S/D","S/D","S/D","S/D"
2014,10858,30/05/2014,"Viernes",0,20:00:00,"Autopista Provincial Brigadier E.López","20.0",1,"Automóvil"," ",1,0,0,0,0,0,1,,"Autopista","Brigadier E.López","PUERTO SAN MARTÍN","San Lorenzo","Hormigón","S/D","XVII","Fuera","S/D","S/D","S/D","S/D","S/D","S/D","Atardecer","S/D","Contra objeto fijo","S/D","Colisión,Despiste","S/D","S/D","S/D","S/D"
2014,10859,31/05/2014,"Sabado",0,00:40:00,"Ruta Provincial 1","64.0",1,"Camión"," ",1,0,0,0,0,0,1,,"Ruta",1,"CAYASTA","Garay","Hormigón","S/D","VII","Fuera","S/D","S/D","S/D","S/D","S/D","S/D","Nocturna","S/D","S/D","S/D","Despiste","S/D","S/D","S/D","S/D"
2014,10860,04/08/2014,"Lunes",0,19:45:00,"Ruta Provincial 70","93.8",1,"Moto/Ciclomotor"," ",1,1,0,0,0,0,0,,"Ruta",70,"PRESIDENTE ROCA","Castellanos","S/D","S/D","V","Dentro","S/D","S/D","S/D","S/D","S/D","S/D","Atardecer","S/D","Contra objeto fijo","S/D","Colisión","S/D","S/D","S/D","S/D"
2014,10861,04/08/2014,"Lunes",0,19:50:00,"Ruta Provincial 70","93.8",1,"Automóvil"," ",1,0,0,0,0,0,1,,"Ruta",70,"PRESIDENTE ROCA","Castellanos","S/D","S/D","V","S/D","S/D","S/D","S/D","S/D","S/D","S/D","Atardecer","S/D","Contra objeto fijo","S/D","Colisión","S/D","S/D","S/D","S/D"
2014,10862,04/07/2014,"Viernes",0,19:10:00,"Ruta Nacional 168","478.0",1,"Automóvil"," ",1,1,0,0,0,0,0,,"Ruta",168,"SANTA FE","La Capital","S/D","S/D","I","Dentro","Rural","S/D","S/D","Recta","S/D","S/D","Atardecer","S/D","Atropello animal","S/D","Colisión","S/D","S/D","Guardarrail","S/D"
2014,10863,04/08/2014,"Lunes",0,23:10:00,"Autopista Provincial Brigadier E.López","62.0",4,"Camión,Automóvil,Camión,Automóvil"," ",5,0,0,0,0,0,5,,"Autopista","Brigadier E.López","MONJE","San Jerónimo","Hormigón","Natural","XV","S/D","S/D","S/D","S/D","S/D","S/D","S/D","Nocturna","S/D","Múltiple","S/D","Colisión","S/D","S/D","S/D","S/D"
2014,10865,05/08/2014,"Martes",0,01:30:00,"Ruta Provincial 70","64.5",2,"Pickup/Utilitario,Camión","Eusebio Marcilla ",3,2,0,0,1,0,0,,"Ruta",70,"NUEVO TORINO","Las Colonias","Hormigón","S/D","XI","S/D","S/D","S/D","S/D","S/D","S/D","S/D","Nocturna","S/D","S/D","S/D","Colisión","S/D","S/D","S/D","S/D"
2014,10867,03/12/2014,"Miercoles",0,,"Ruta Nacional 33","529.0",1,"Automóvil"," ",3,2,0,0,0,1,0,"-34.31161,-62.748116","Ruta",33,"RUFINO","General López","Asfalto","Natural","VIII","Fuera","Rural","Marca Vial","No existe","Curva","Bueno","S/D","S/D","S/D","S/D","S/D","Vuelco,Despiste","Ninguna","Horizontal,Vertical","Línea divisoria pintada","Sin restricción"
2014,10868,05/12/2014,"Viernes",0,21:40:00,"Autovía Nacional 19","31.9",2,"Moto/Ciclomotor,Camión"," ",2,0,0,0,1,1,0,"-31.618561,-61.096995","Autovía",19,"SAN CARLOS NORTE","Las Colonias","Asfalto","Natural","XI","Dentro","Rural","Señal Pare","No existe","Distribuidor","Bueno","Buena","Nocturna","Buen Tiempo","Lateral","S/D","Colisión","Ninguna","Horizontal,Vertical","Guardarrail,Línea divisoria pintada","Sin restricción"
2014,10869,27/12/2014,"Sabado",0,22:58:00,,"0.0",1,"Moto/Ciclomotor","Buenos aires Y Saavedra",3,3,0,0,0,0,0,,"Calle",,"SAN LORENZO","San Lorenzo","S/D","S/D","XVII","Dentro","Urbana","S/D","S/D","S/D","S/D","S/D","Nocturna","S/D","S/D","S/D","Caída ocupante","S/D","S/D","S/D","S/D"
2014,10870,22/12/2014,"Lunes",0,20:50:00,,"0.0",2,"Moto/Ciclomotor,Automóvil","Luis Santi 1900",6,0,1,0,5,0,0,,"S/D",,"RAFAELA","Castellanos","Asfalto","S/D","V","S/D","Urbana","Ninguna","S/D","Recta","Bueno","S/D","Nocturna","Buen Tiempo","S/D","S/D","Colisión","Ninguna","Horizontal,Vertical","Ninguna","Sin restricción"
2014,10871,17/12/2014,"Miercoles",0,23:50:00,,"0.0",2,"Automóvil,Automóvil","Cordoba 800",6,2,0,0,0,0,4,,"Calle",,"PUERTO SAN MARTÍN","San Lorenzo","Asfalto","No existe","XVII","Dentro","Urbana","Ninguna","No existe","Recta","Bueno","Buena","Nocturna","Buen Tiempo","Lateral","S/D","Colisión","S/D","Horizontal","Ninguna","Sin restricción"
2014,10872,26/12/2014,"Viernes",0,00:00:00,,"0.0",2,"Automóvil,Moto/Ciclomotor","25 DE MAYO  Y aLT. BRAWN",4,1,1,0,2,0,0,,"Avenida",,"SAN VICENTE.","Castellanos","Asfalto","No existe","V","Dentro","Urbana","Ninguna","No existe","Intersección","Bueno","Buena","Nocturna,Con luz artificial","Buen Tiempo","Lateral","S/D","Colisión","Ninguna","Faltante","Ninguna","Sin restricción"
2014,10873,10/12/2014,"Miercoles",0,21:30:00,"Ruta Nacional Gral. Juan Jose Valle","259.0",1,"Automóvil"," ",2,0,1,0,0,1,0,"-33.21133423396,-60.483560296099","Ruta","Gral. Juan Jose Valle","FIGHIERA","Rosario","Asfalto","S/D","II","Dentro","Rural","Ninguna","S/D","Recta","Bueno","S/D","Nocturna","Lluvia","S/D","S/D","Vuelco,Despiste","Agua","S/D","Barrera de alto impacto","Sin restricción"
2014,10874,18/12/2014,"Jueves",0,15:30:00,"Ruta Nacional 11","341.0",2,"Automóvil,Moto/Ciclomotor"," ",3,1,0,0,2,0,0,,"Ruta",11,"TIMBÚES","San Lorenzo","Asfalto","Natural","XVII","Dentro","Urbana","Ninguna","No existe","Recta","Deteriorada","Buena","Diurna","Buen Tiempo","De alcance","S/D","Colisión","S/D","Horizontal","Ninguna","Sin restricción"
2014,10875,13/12/2014,"Sabado",0,14:00:00,"Ruta Provincial 13","223.0",2,"Automóvil,Transporte de Pasajeros Larga Distancia (> 8 asientos)"," ",48,0,2,0,45,1,0,"-30.74486,-61.34423","Ruta",13,"VIRGINIA","Castellanos","Asfalto","Natural","V","Dentro","Rural","Marca Vial","No existe","Recta","Bueno","Buena","Diurna","Buen Tiempo","Frontal","S/D","Colisión,Incendio","Ninguna","S/D","Línea divisoria pintada","Sin restricción"
2014,10876,08/12/2014,"Lunes",0,19:20:00,,"0.0",1,"Moto/Ciclomotor","Gral Roca Y Mitre",2,1,0,0,1,0,0,,"Calle",,"TIMBÚES","San Lorenzo","Hormigón","No existe","XVII","Dentro","Urbana","Ninguna","No existe","Intersección","Bueno","Buena","Atardecer","Buen Tiempo","Lateral","S/D","Colisión","S/D","Faltante","S/D","Sin restricción"
2014,10877,19/12/2014,"Viernes",0,23:00:00,,"0.0",1,"Moto/Ciclomotor","CAMINO RURAL 2 KM NO ",1,1,0,0,0,0,0,,"Camino Rural",,"VILA","Castellanos","Tierra","Natural","V","S/D","Rural","Ninguna","No existe","Recta","Otro","Reducida polvo","Nocturna","Buen Tiempo","Contra objeto fijo","S/D","Colisión","Material Suelto","S/D","Cordón divisorio","Sin restricción"
2014,10878,24/12/2014,"Miercoles",0,18:30:00,"Ruta Nacional A012","61.0",2,"Automóvil,Automóvil"," ",4,1,0,0,1,0,2,,"Ruta","A012","RICARDONE","San Lorenzo","Asfalto","Natural","XVII","Dentro","Urbana","S/D","No existe","Recta","Bueno","Buena","Diurna","S/D","S/D","S/D","Colisión","S/D","S/D","S/D","Sin restricción"
2014,10879,06/12/2014,"Sabado",0,06:20:00,,"0.0",1,"Moto/Ciclomotor","U de Iriondo 30",1,1,0,0,0,0,0,,"Calle",,"RICARDONE","San Lorenzo","Tierra","No existe","XVII","Dentro","Urbana","S/D","S/D","S/D","Bueno","S/D","Diurna","S/D","S/D","S/D","Caída ocupante","S/D","S/D","S/D","S/D"
2014,10880,01/12/2014,"Lunes",0,19:30:00,"Ruta Nacional A012","0.0",2,"Automóvil,Moto/Ciclomotor","Bv Caferatta ",2,0,1,0,1,0,0,,"Ruta","A012","RICARDONE","San Lorenzo","Asfalto","Natural","XVII","Dentro","Urbana","S/D","S/D","Recta","Bueno","Buena","Atardecer","Buen Tiempo","S/D","S/D","Colisión","S/D","S/D","S/D","S/D"
2014,10881,18/12/2014,"Jueves",0,09:00:00,"Ruta Nacional A012","54.0",2,"Camión,Automóvil"," ",2,0,1,0,1,0,0,,"Ruta","A012","RICARDONE","San Lorenzo","Asfalto","Natural","XVII","Dentro","Rural","S/D","No existe","Recta","Bueno","Buena","Diurna","S/D","S/D","S/D","Colisión","S/D","S/D","S/D","S/D"
2014,10882,27/12/2014,"Sabado",0,23:10:00,,"0.0",2,"Automóvil,Moto/Ciclomotor","9 de Julio Y Garay",3,2,0,0,1,0,0,,"Calle",,"CORONDA","San Jerónimo","S/D","No existe","XV","Dentro","Urbana","Ninguna","No existe","Recta","Bueno","Buena","Diurna","Buen Tiempo","Frontal,Lateral","S/D","Colisión","Otro","S/D","Ninguna","Sin restricción"
2014,10883,24/12/2014,"Miercoles",0,17:00:00,,"0.0",2,"Automóvil,Automóvil","Tte. roca ",2,1,0,0,0,0,1,,"Calle",,"SAN LORENZO","San Lorenzo","S/D","S/D","XVII","Dentro","Urbana","S/D","S/D","S/D","S/D","S/D","Diurna","S/D","S/D","S/D","S/D","S/D","S/D","S/D","S/D"
2014,10884,16/12/2014,"Martes",0,01:50:00,,"0.0",1,"Moto/Ciclomotor","Av Santa Fe ",1,1,0,0,0,0,0,,"S/D",,"CORONDA","San Jerónimo","Asfalto,Arena","Natural","XV","Fuera","Urbana","Ninguna","No existe","Recta","Bueno","Reducida","Nocturna","Buen Tiempo","S/D","S/D","S/D","Otro","Faltante","Ninguna","Sin restricción"
2014,10885,08/10/2014,"Miercoles",0,21:20:00,"Ruta Nacional 11","619.0",2,"Automóvil,Camión"," ",2,1,0,0,1,0,0,,"Ruta",11,"GOBERNADOR CRESPO","San Justo","Asfalto","Ripio","XVI","Dentro","Urbana","Ninguna","No existe","Curva","Bueno","Reducida","Nocturna,Con luz artificial","Buen Tiempo","De alcance","S/D","Colisión","S/D","Faltante","Línea divisoria pintada","Sin restricción"
2014,10886,20/12/2014,"Sabado",0,,,"0.0",2,"Automóvil,Automóvil","Santiago del Estero Y Irigoyen",3,0,0,0,0,0,3,,"Calle",,"SAN LORENZO","San Lorenzo","S/D","S/D","XVII","Dentro","Urbana","S/D","S/D","S/D","S/D","S/D","S/D","S/D","S/D","S/D","Colisión","S/D","S/D","S/D","S/D"
2014,10887,21/10/2014,"Martes",0,06:55:00,"Ruta Provincial 39","51.0",2,"Automóvil,Tractor"," ",2,1,0,0,1,0,0,,"Ruta",39,"GOBERNADOR CRESPO","San Justo","Asfalto","Natural","XVI","S/D","Rural","Ninguna","No existe","Recta","Bueno","Buena","Amanecer","Buen Tiempo","Frontal","S/D","Colisión","S/D","S/D","Línea divisoria pintada","Sin restricción"
2014,10888,24/12/2014,"Miercoles",0,17:30:00,,"0.0",2,"Automóvil,Automóvil","General Lopez Y Salta",3,1,0,0,0,0,2,,"Calle",,"SAN LORENZO","San Lorenzo","S/D","S/D","XVII","Dentro","Urbana","S/D","S/D","S/D","S/D","S/D","Diurna","S/D","S/D","S/D","S/D","S/D","S/D","S/D","S/D"
2014,10889,08/12/2014,"Lunes",0,22:00:00,,"0.0",2,"Automóvil,Moto/Ciclomotor","Bv Oroño 1800",4,3,0,0,0,0,1,,"Calle",,"SAN LORENZO","San Lorenzo","S/D","S/D","XVII","Dentro","Urbana","S/D","S/D","S/D","S/D","S/D","Nocturna","S/D","S/D","S/D","S/D","S/D","S/D","S/D","S/D"
2014,10890,23/11/2014,"Domingo",0,01:30:00,,"0.0",2,"Peatón,Moto/Ciclomotor","San Romulo 530",2,1,0,0,1,0,0,,"Calle",,"GOBERNADOR CRESPO","San Justo","Ripio","No existe","XVI","S/D","Urbana","Ninguna","No existe","Recta","Con baches","Reducida","Nocturna,Con luz artificial","Buen Tiempo","S/D","S/D","Atropello","S/D","Faltante","Ninguna","Sin restricción"
2014,10891,08/12/2014,"Lunes",0,20:10:00,,"0.0",2,"Moto/Ciclomotor,Peatón","Avenida San Martin ",2,2,0,0,0,0,0,,"Avenida",,"TOSTADO","9 de Julio","Asfalto","No existe","XII","Dentro","Urbana","Ninguna","No existe","Recta","Bueno","Buena","Nocturna,Con luz artificial","Buen Tiempo","S/D","S/D","Atropello","Ninguna","Faltante","Barrera de hormigón","Sin restricción"
2014,10892,17/12/2014,"Miercoles",0,14:00:00,,"0.0",2,"Moto/Ciclomotor,Pickup/Utilitario","Falucho Y Fray Peña",3,2,0,0,1,0,0,,"Calle",,"SAN LORENZO","San Lorenzo","S/D","S/D","XVII","Dentro","Urbana","S/D","S/D","S/D","S/D","S/D","Diurna","S/D","S/D","S/D","S/D","S/D","S/D","S/D","S/D"
2014,10893,09/12/2014,"Martes",0,20:50:00,"Ruta Nacional 11","0.0",2,"Automóvil,Moto/Ciclomotor","Av L de la Torre-Ruta Nac 11 Y Gral Lopez",6,0,1,0,5,0,0,,"Ruta",11,"CORONDA","San Jerónimo","Asfalto","Natural","XV","Dentro","Urbana","Ninguna","No existe","Recta","Bueno","Reducida","Nocturna,Con luz artificial","Buen Tiempo","Otro","S/D","Colisión","Otro","Faltante","Ninguna","Sin restricción"
2014,10894,31/12/2014,"Miercoles",0,17:30:00,,"0.0",2,"Pickup/Utilitario,Moto/Ciclomotor","Carlos Silvestre Begnis Y Comandante Razzetti",3,1,1,0,1,0,0,,"Calle",,"TOSTADO","9 de Julio","Hormigón","Pavimento","XII","Dentro","Urbana","Ninguna","No existe","Intersección","Bueno","Buena","Diurna","Buen Tiempo","Lateral","S/D","Colisión","Ninguna","S/D","Cordón divisorio","Sin restricción"
2014,10895,06/12/2014,"Sabado",0,12:30:00,,"0.0",2,"Moto/Ciclomotor,Pickup/Utilitario","Richieri Y Sargento Cabral",3,2,0,0,1,0,0,,"Calle",,"SAN LORENZO","San Lorenzo","S/D","S/D","XVII","Dentro","Urbana","S/D","S/D","S/D","S/D","S/D","Diurna","S/D","S/D","S/D","Colisión","S/D","S/D","S/D","S/D"
2014,10896,11/12/2014,"Jueves",0,13:50:00,,"0.0",2,"Moto/Ciclomotor,Vehículo Oficial","Clemente Albelo Y Eva Peron",2,1,0,0,1,0,0,,"Calle",,"SAN LORENZO","San Lorenzo","Asfalto","S/D","XVII","Dentro","Urbana","S/D","S/D","Intersección","Bueno","S/D","Diurna","S/D","S/D","S/D","S/D","S/D","S/D","S/D","S/D"
2014,10897,12/12/2014,"Viernes",0,21:30:00,"Ruta Nacional 11","0.0",2,"Peatón,Moto/Ciclomotor","Av L de la Torre-Ruta Nac 11 Y Pte. Roca",3,3,0,0,0,0,0,,"Ruta",11,"CORONDA","San Jerónimo","Asfalto","Pavimento","XV","Dentro","Urbana","S/D","No existe","Recta","Bueno","Buena","Nocturna","Buen Tiempo","Lateral","S/D","Atropello","S/D","Horizontal","Línea divisoria pintada","S/D"
2014,10898,09/12/2014,"Martes",0,15:00:00,"Ruta Nacional 11","0.0",2,"Moto/Ciclomotor,Camión"," ",2,1,0,0,1,0,0,,"Ruta",11,"CORONDA","San Jerónimo","Hormigón","Pavimento","XV","Fuera","Urbana","S/D","No existe","Recta","Bueno","Buena","Diurna","Buen Tiempo","Lateral","S/D","Colisión","S/D","S/D","S/D","S/D"
2014,10899,17/12/2014,"Miercoles",0,15:20:00,,"0.0",2,"Automóvil,Moto/Ciclomotor","Belgrano Y Mitre",2,0,1,0,1,0,0,,"Calle",,"CORONDA","San Jerónimo","Asfalto","No existe","XV","S/D","Urbana","Semáforo","Funciona","Intersección","Bueno","Buena","Diurna","Buen Tiempo","Lateral","S/D","Colisión","S/D","Horizontal,Vertical","Ninguna","Sin restricción"
2014,10900,11/11/2014,"Martes",0,19:15:00,,"0.0",2,"Automóvil,Moto/Ciclomotor","Colon Y Saavedra",2,1,0,0,1,0,0,,"Calle",,"RUFINO","General López","Asfalto,Ripio","No existe","VIII","S/D","Urbana","Ninguna","No existe","Intersección","Deteriorada","S/D","Atardecer","S/D","S/D","S/D","Colisión","S/D","S/D","Ninguna","S/D"
2014,10901,30/12/2014,"Martes",0,00:30:00,,"0.0",2,"Moto/Ciclomotor,Automóvil","Hipolito Irigoyen Y Sebastian Gaboto",2,1,0,0,1,0,0,,"Calle",,"SANTO TOMÉ","La Capital","Asfalto","Pavimento","I","Dentro","Urbana","Paso Peatonal","No existe","Intersección","Con baches","Buena","Diurna","Buen Tiempo","Lateral","S/D","Colisión","Ninguna","Faltante","Ninguna","Sin restricción"
2014,10902,02/12/2014,"Martes",0,19:30:00,,"0.0",1,"Moto/Ciclomotor","Bv Oro±o Y Gral Lopez",1,1,0,0,0,0,0,,"Calle",,"CORONDA","San Jerónimo","Asfalto","Natural","XV","S/D","S/D","Policía de tránsito","No existe","Intersección","Bueno","Buena","Atardecer","Buen Tiempo","S/D","S/D","Caída ocupante","S/D","S/D","S/D","Sin restricción"
2014,10903,03/11/2014,"Lunes",0,18:30:00,,"0.0",2,"Moto/Ciclomotor,Bicicleta","Primitivo Galan Y Chacabuco",2,2,0,0,0,0,0,,"Calle",,"RUFINO","General López","Asfalto","No existe","VIII","Dentro","Urbana","S/D","Intermitente","Intersección","Bueno","S/D","Atardecer","S/D","S/D","S/D","Atropello","Ninguna","Vertical","Ninguna","Sin restricción"
2014,10904,22/12/2014,"Lunes",0,18:50:00,,"0.0",2,"Moto/Ciclomotor,Moto/Ciclomotor","Scalabrini Ortiz 431",3,2,0,0,0,0,1,,"Calle",,"RAFAELA","Castellanos","Asfalto","S/D","V","S/D","Urbana","Ninguna","S/D","Recta","Bueno","S/D","Atardecer","Buen Tiempo","Lateral","S/D","Colisión","Ninguna","Faltante","S/D","S/D"
2014,10905,19/11/2014,"Miercoles",0,11:10:00,,"0.0",2,"Moto/Ciclomotor,Transporte de Pasajeros (H/ 8 asientos)","Centenario Y J B Justo",2,0,1,0,1,0,0,,"Calle",,"RUFINO","General López","Asfalto","No existe","VIII","Dentro","Urbana","Ninguna","No existe","Intersección","Bueno","Buena","Diurna","Buen Tiempo","S/D","S/D","Colisión","S/D","Vertical","Ninguna","Sin restricción"
2014,10906,22/11/2014,"Sabado",0,21:25:00,,"0.0",2,"Moto/Ciclomotor,Camión","San Juan Y Ayacucho",3,1,1,0,1,0,0,,"Calle",,"RUFINO","General López","Asfalto","No existe","VIII","Dentro","Urbana","Ninguna","No existe","Intersección","Deteriorada","Buena","Nocturna,Con luz artificial","Buen Tiempo","S/D","S/D","Colisión","Ninguna","S/D","Ninguna","Sin restricción"
2014,10907,02/12/2014,"Martes",0,21:50:00,"Ruta Nacional 9","0.0",2,"Pickup/Utilitario,Automóvil"," ",3,1,0,0,2,0,0,,"Ruta",9,"ROLDÁN","San Lorenzo","Asfalto","Natural","XVII","Dentro","Urbana","Policía de tránsito","Intermitente","Intersección","Ahuellamiento","Reducida","Nocturna","Buen Tiempo","Lateral","S/D","Colisión","S/D","Vertical","Ninguna","Sin restricción"
2014,10908,22/11/2014,"Sabado",0,21:05:00,"Ruta Nacional 33","500.0",1,"Automóvil"," ",1,1,0,0,0,0,0,,"Ruta",33,"RUFINO","General López","Hormigón","Natural","VIII","Fuera","Rural","Ninguna","No existe","Recta","Con baches,Deteriorada","Buena","Nocturna,Con luz artificial","Buen Tiempo","S/D","S/D","Vuelco,Despiste","S/D","S/D","Ninguna","Sin restricción"
2014,10909,20/11/2014,"Jueves",0,11:20:00,,"0.0",2,"Automóvil,Pickup/Utilitario","Jujuy Y Mendoza",2,1,0,0,1,0,0,,"Calle",,"MACIEL","San Jerónimo","Asfalto","No existe","XV","Dentro","Urbana","Ninguna","No existe","Intersección","Bueno","Buena","Diurna","Lluvia","S/D","S/D","Colisión","Agua","S/D","Ninguna","Sin restricción"
2014,10910,03/12/2014,"Miercoles",0,,,"0.0",2,"Camión,Moto/Ciclomotor","Entre Rios Y 1 de Mayo",3,2,0,0,1,0,0,,"Calle",,"ROLDÁN","San Lorenzo","Hormigón","No existe","XVII","Dentro","Urbana","Ninguna","No existe","Intersección","Bueno","Buena","Diurna","Buen Tiempo","Lateral","S/D","Colisión","S/D","Vertical","Ninguna","Sin restricción"
2014,10911,03/12/2014,"Miercoles",0,22:00:00,,"0.0",2,"Automóvil,Moto/Ciclomotor","Bv Pellegrini Y Fray Luis Beltran",2,1,0,0,1,0,0,,"Calle",,"ROLDÁN","San Lorenzo","Asfalto","No existe","XVII","Dentro","Urbana","Ninguna","No existe","Intersección","Bueno","Reducida","Nocturna,Con luz artificial","Buen Tiempo","Lateral","S/D","Colisión","S/D","Vertical","Ninguna","Sin restricción"