"anio_acci","nro_acci","fecha","desc_dia","fecha_aprox","hora_aprox","desc_ruta","km","cant_participantes","desc_participante","calle_avenida_km","total","heridos_leves","heridos_graves","heridos_gravisimos","ilesos","fallecidos","sin_datos","posicion_XY","desc_tipo_via","desc_ruta_ori","desc_loc","desc_dpto","desc_tipo_calzada","desc_tipo_banquina","desc_unidad_regional","desc_lugar_calzada","desc_zona","desc_prioridad","desc_estado_semaforo","desc_lugar_via","desc_estado_via","desc_estado_visibilidad","desc_luminosidad","desc_estado_clima","desc_tipo_colision","desc_tipo_atropello","desc_tipo_hecho","desc_pres_calzada","desc_senializacion","desc_separacion_via","desc_restriccion"
2014,10912,06/08/2014,"Miercoles",0,15:45:00,"Autopista Provincial Brigadier E.López","151.0",1,"Moto/Ciclomotor"," ",1,1,0,0,0,0,0,,"Autopista","Brigadier E.López","SANTO TOMÉ","La Capital","Hormigón","Natural","I","Dentro","S/D","S/D","S/D","S/D","S/D","S/D","Diurna","S/D","S/D","S/D","Caída ocupante","S/D","S/D","S/D","S/D"
2014,10913,07/08/2014,"Jueves",0,20:35:00,"Autopista Provincial Brigadier E.López","18.0",2,"Camión,Camión"," ",2,0,0,0,0,0,2,,"Autopista","Brigadier E.López","SAN LORENZO","San Lorenzo","Hormigón","Natural","II","S/D","S/D","S/D","S/D","S/D","S/D","S/D","Nocturna","S/D","S/D","S/D","Colisión","S/D","S/D","S/D","S/D"
2014,10915,09/07/2014,"Miercoles",0,21:20:00,"Ruta Provincial 62","70.0",2,"Camión,Camión","ENTRE LA RN 11 Y LA RP 4 ",2,0,0,0,0,0,2,,"Ruta",62,"EMILIA","La Capital","S/D","S/D","I","Dentro","Rural","S/D","S/D","Recta","S/D","S/D","Nocturna","S/D","S/D","S/D","Colisión","S/D","S/D","S/D","S/D"
2014,10917,11/07/2014,"Viernes",0,16:30:00,"Autopista Nacional A012","2.0",2,"Pickup/Utilitario,Automóvil"," ",3,2,0,0,1,0,0,,"Autopista","A012","ALVEAR","Rosario","S/D","S/D","II","Dentro","Urbana","S/D","S/D","Recta","S/D","S/D","Diurna","S/D","S/D","S/D","Colisión","S/D","S/D","S/D","S/D"
2014,10918,07/08/2014,"Jueves",0,,,"0.0",2,"Moto/Ciclomotor,Automóvil","B Anduiza Y Garibaldi",3,1,0,0,2,0,0,,"Calle",,"RAFAELA","Castellanos","S/D","S/D","V","Dentro","Urbana","S/D","S/D","Intersección","S/D","S/D","Atardecer","S/D","De alcance","S/D","Colisión","S/D","S/D","S/D","S/D"
2014,10920,13/07/2014,"Domingo",0,20:45:00,"Ruta Nacional 8","370.2",2,"Automóvil,Pickup/Utilitario"," ",2,0,0,0,0,0,2,,"Ruta",8,"VENADO TUERTO","General López","S/D","S/D","VII","Dentro","Urbana","S/D","S/D","Recta","S/D","S/D","Nocturna","S/D","S/D","S/D","Colisión","S/D","S/D","S/D","S/D"
2014,10921,07/08/2014,"Jueves",0,,,"0.0",2,"Moto/Ciclomotor,Moto/Ciclomotor","MARTIN OLIVER Y J.J. PASO",2,2,0,0,0,0,0,,"Calle",,"RAFAELA","Castellanos","S/D","S/D","V","S/D","S/D","S/D","S/D","Intersección","S/D","S/D","Nocturna","S/D","Lateral","S/D","Colisión","S/D","S/D","S/D","S/D"
2014,10922,08/08/2014,"Viernes",0,00:45:00,"Ruta Nacional 11","314.4",2,"Automóvil,Automóvil","Bv. Rondeau ",2,2,0,0,0,0,0,,"Ruta",11,"ROSARIO","Rosario","Hormigón","S/D","II","S/D","S/D","S/D","S/D","S/D","S/D","S/D","Nocturna","S/D","S/D","S/D","Colisión","S/D","S/D","S/D","S/D"
2014,10923,04/12/2014,"Jueves",0,03:30:00,,"0.0",2,"Automóvil,Moto/Ciclomotor","Bv Pellegrini Y Av Urquiza",4,4,0,0,0,0,0,,"Calle",,"SANTA FE","La Capital","Asfalto","S/D","I","Dentro","Urbana","S/D","S/D","Intersección","S/D","S/D","Nocturna","S/D","S/D","S/D","Colisión","S/D","S/D","S/D","S/D"
2014,10924,20/12/2014,"Sabado",0,19:00:00,,"0.0",3,"Moto/Ciclomotor,Automóvil,Moto/Ciclomotor","Av A del Valle Y Cordoba",7,1,0,0,6,0,0,,"Avenida",,"SANTA FE","La Capital","Hormigón","No existe","II","Dentro","Urbana","Ninguna","No existe","Intersección","Bueno","Buena","Diurna","Buen Tiempo","Múltiple","S/D","Colisión","Ninguna","Faltante","Ninguna","Sin restricción"
2014,10925,02/12/2014,"Martes",0,21:00:00,,"0.0",2,"Moto/Ciclomotor,Automóvil","Av Freyre Y Bv Pellegrini",3,1,0,0,2,0,0,,"Calle",,"SANTA FE","La Capital","Asfalto","S/D","I","Dentro","Urbana","S/D","S/D","Intersección","S/D","S/D","Nocturna","S/D","S/D","S/D","Colisión","S/D","S/D","S/D","S/D"
2014,10926,02/12/2014,"Martes",0,21:30:00,,"0.0",2,"Moto/Ciclomotor,Pickup/Utilitario","Av A del Valle Y Boneo",2,1,0,0,1,0,0,,"Avenida",,"SANTA FE","La Capital","Hormigón","No existe","I","Dentro","Urbana","Ninguna","No existe","Intersección","Bueno","Buena","Nocturna,Con luz artificial","Buen Tiempo","De alcance","S/D","Colisión","S/D","Faltante","Ninguna","Sin restricción"
2014,10927,17/12/2014,"Miercoles",0,20:20:00,,"0.0",2,"Bicicleta,Pickup/Utilitario","Av Circunvalación Y Sarsotti",2,1,0,0,1,0,0,,"S/D",,"SANTA FE","La Capital","Asfalto","S/D","I","S/D","Urbana","Ninguna","S/D","Cruce","Bueno","S/D","Nocturna","Buen Tiempo","S/D","S/D","Atropello","Ninguna","Faltante","Vegetación","Sin restricción"
2014,10928,23/12/2014,"Martes",0,19:20:00,,"0.0",2,"Moto/Ciclomotor,Automóvil","Av Facundo Zuviria Y Domingo Silva",2,1,0,0,1,0,0,,"Avenida",,"SANTA FE","La Capital","Asfalto,Hormigón","No existe","I","Dentro","Urbana","Semáforo","Funciona","Intersección","Bueno","Buena","Diurna","Buen Tiempo","De alcance","S/D","Colisión","Ninguna","Vertical","Ninguna","Sin restricción"
2014,10929,28/11/2014,"Viernes",0,12:20:00,,"0.0",2,"Moto/Ciclomotor,Automóvil","Ituzaingo Y Belgrano",2,1,0,0,1,0,0,,"Calle",,"SANTA FE","La Capital","S/D","S/D","I","S/D","Urbana","S/D","S/D","Intersección","S/D","S/D","Amanecer","S/D","S/D","S/D","Colisión","S/D","S/D","S/D","S/D"
2014,10930,18/12/2014,"Jueves",0,19:10:00,,"0.0",2,"Moto/Ciclomotor,Pickup/Utilitario","Angel Cassanello Y Alvear",2,1,0,0,1,0,0,,"Calle",,"SANTA FE","La Capital","Asfalto","S/D","I","Dentro","Urbana","Ninguna","S/D","Intersección","Bueno","Buena","Atardecer","Buen Tiempo","S/D","S/D","Colisión","S/D","S/D","Ninguna","Sin restricción"
2014,10931,23/12/2014,"Martes",0,20:00:00,,"0.0",2,"Automóvil,Automóvil","9 de Julio Y Agustin Delgado",3,2,0,0,1,0,0,,"Calle",,"SANTA FE","La Capital","Hormigón","No existe","I","Dentro","Urbana","Ninguna","No existe","Intersección","Con baches,Deteriorada","Buena","Diurna","Buen Tiempo","Lateral","S/D","Colisión","Ninguna","Faltante","Ninguna","Sin restricción"
2014,10932,14/12/2014,"Domingo",0,21:00:00,,"0.0",2,"Peatón,Moto/Ciclomotor","Nicolas Rodriguez Peña Y Independencia",2,1,0,0,1,0,0,,"S/D",,"SANTA FE","La Capital","Asfalto","S/D","I","S/D","Urbana","Ninguna","S/D","Intersección","Bueno","S/D","S/D","Buen Tiempo","S/D","S/D","Atropello","Ninguna","Faltante","Ninguna","Sin restricción"
2014,10933,19/12/2014,"Viernes",0,09:00:00,,"0.0",2,"Taxi/Remis,Peatón","Derqui Y Belgrano",2,1,0,0,1,0,0,,"Calle",,"SANTA FE","La Capital","Asfalto","S/D","I","Dentro","Urbana","S/D","S/D","Intersección","Bueno","Buena","Diurna","Buen Tiempo","S/D","S/D","Atropello","S/D","S/D","Ninguna","Sin restricción"
2014,10934,02/12/2014,"Martes",0,16:00:00,,"0.0",2,"Automóvil,Automóvil","Av Freyre 2100",3,2,0,0,1,0,0,,"Calle",,"SANTA FE","La Capital","Asfalto","S/D","I","Dentro","Urbana","S/D","S/D","Recta","S/D","S/D","Diurna","S/D","S/D","S/D","S/D","S/D","S/D","S/D","S/D"
2014,10935,03/12/2014,"Miercoles",0,10:40:00,,"0.0",2,"Moto/Ciclomotor,Automóvil","Alvear Y Domingo Silva",2,1,0,0,1,0,0,,"S/D",,"SANTA FE","La Capital","Asfalto","S/D","I","S/D","Urbana","S/D","S/D","Intersección","S/D","S/D","Diurna","S/D","Lateral","S/D","Colisión","S/D","S/D","S/D","S/D"
2014,10936,24/12/2014,"Miercoles",0,18:40:00,,"0.0",2,"Moto/Ciclomotor,Automóvil","San Jeronimo Y Domingo Silva",3,1,0,0,1,0,1,,"Calle",,"SANTA FE","La Capital","Hormigón","No existe","I","Dentro","Urbana","Ninguna","No existe","Intersección","Bueno","Buena","Diurna","Buen Tiempo","Lateral","S/D","Colisión","Ninguna","Faltante","Ninguna","Sin restricción"
2014,10937,27/12/2014,"Sabado",0,09:45:00,,"0.0",2,"Automóvil,Automóvil","Moreno Y Francia",2,1,0,0,1,0,0,,"Calle",,"SANTA FE","La Capital","Asfalto","S/D","I","S/D","Urbana","S/D","S/D","Intersección","S/D","S/D","S/D","S/D","S/D","S/D","Colisión","S/D","S/D","S/D","S/D"
2014,10938,28/12/2014,"Domingo",0,17:30:00,,"0.0",2,"Moto/Ciclomotor,Automóvil","Av A del Valle Y Domingo Silva",2,1,0,0,1,0,0,,"Avenida",,"SANTA FE","La Capital","Hormigón","No existe","I","Dentro","Urbana","Ninguna","No existe","Intersección","Con baches","Buena","Diurna","Buen Tiempo","Lateral","S/D","Colisión","Ninguna","Faltante","Ninguna","Sin restricción"
2014,10939,03/12/2014,"Miercoles",0,19:50:00,,"0.0",2,"Peatón,Pickup/Utilitario","4 de Enero 4413",2,1,0,0,1,0,0,,"Calle",,"SANTA FE","La Capital","Hormigón","No existe","I","Dentro","Urbana","Ninguna","No existe","Recta","Bueno","Buena","Atardecer","Buen Tiempo","S/D","S/D","Atropello","Ninguna","Faltante","Ninguna","Sin restricción"
2014,10940,14/12/2014,"Domingo",0,16:00:00,,"0.0",2,"Bicicleta,Pickup/Utilitario","Av A del Valle Y Padilla",2,1,0,0,1,0,0,,"Calle",,"SANTA FE","La Capital","Hormigón","No existe","I","Dentro","Urbana","Ninguna","No existe","Intersección","Con baches","Buena","Diurna","Buen Tiempo","Lateral","S/D","Atropello","S/D","Faltante","Ninguna","Sin restricción"
2014,10941,26/12/2014,"Viernes",0,14:00:00,,"0.0",2,"Moto/Ciclomotor,Taxi/Remis","Corrientes Y Roque Saenz Peña",2,1,0,0,1,0,0,,"Calle",,"SANTA FE","La Capital","Asfalto","S/D","I","S/D","Urbana","S/D","S/D","Intersección","S/D","S/D","S/D","S/D","S/D","S/D","Colisión","S/D","S/D","S/D","S/D"
2014,10942,03/12/2014,"Miercoles",0,17:45:00,,"0.0",2,"Moto/Ciclomotor,Automóvil","Av A del Valle Y J M Zuviria",2,1,0,0,1,0,0,,"Avenida",,"SANTA FE","La Capital","Hormigón","No existe","I","Dentro","Urbana","Semáforo","Funciona","Intersección","Con baches","Buena","Diurna","Buen Tiempo","De alcance","S/D","Colisión","Ninguna","Vertical","Ninguna","Sin restricción"
2014,10943,30/12/2014,"Martes",0,16:00:00,,"0.0",2,"Automóvil,Moto/Ciclomotor","J Castelli Y Pje Jorge Raul Rodriguez",3,1,0,0,2,0,0,,"Calle",,"SANTA FE","La Capital","Hormigón","S/D","I","Dentro","Urbana","Ninguna","S/D","Intersección","Con baches","S/D","Diurna","Buen Tiempo","Lateral","S/D","Colisión","Ninguna","Faltante","Ninguna","Sin restricción"
2014,10944,21/12/2014,"Domingo",0,23:30:00,,"0.0",2,"Moto/Ciclomotor,Automóvil","Av A del Valle 6200",2,1,0,0,1,0,0,,"Avenida",,"SANTA FE","La Capital","Asfalto","S/D","I","Dentro","Urbana","Ninguna","No existe","Recta","Bueno","S/D","Nocturna","Buen Tiempo","S/D","S/D","Colisión","S/D","S/D","Cordón divisorio","Sin restricción"
2014,10945,23/12/2014,"Martes",0,21:15:00,,"0.0",2,"Moto/Ciclomotor,Automóvil","Av Mosconi Y Moreno",2,0,0,0,0,0,2,,"Calle",,"SANTA FE","La Capital","Asfalto","S/D","I","S/D","Urbana","S/D","S/D","Intersección","S/D","S/D","S/D","S/D","S/D","S/D","Colisión","S/D","S/D","S/D","S/D"
2014,10946,31/12/2014,"Miercoles",0,13:00:00,,"0.0",2,"Automóvil,Moto/Ciclomotor","J Castelli Y 1ro de Mayo",2,1,0,0,1,0,0,,"Calle",,"SANTA FE","La Capital","Hormigón","No existe","I","Dentro","Urbana","Ninguna","No existe","Intersección","Con baches","Buena","Diurna","Buen Tiempo","Lateral","S/D","Colisión","Ninguna","Faltante","Ninguna","Sin restricción"
2014,10947,23/12/2014,"Martes",0,12:30:00,,"0.0",2,"Moto/Ciclomotor,Automóvil","Av Gral Paz Y J M Zuviria",2,0,1,0,1,0,0,,"Avenida",,"SANTA FE","La Capital","S/D","No existe","I","Dentro","Urbana","Ninguna","No existe","Intersección","S/D","Buena","Diurna","S/D","Lateral","S/D","Colisión","S/D","S/D","Cordón divisorio","Sin restricción"
2014,10948,14/12/2014,"Domingo",0,08:10:00,,"0.0",2,"Pickup/Utilitario,Moto/Ciclomotor","Av A del Valle Y Iturraspe",2,1,0,0,1,0,0,,"Calle",,"SANTA FE","La Capital","Hormigón","No existe","I","Dentro","Urbana","Ninguna","No existe","Intersección","Con baches","Buena","Diurna","Buen Tiempo","Lateral","S/D","Colisión","S/D","Faltante","Ninguna","Sin restricción"
2014,10949,04/12/2014,"Jueves",0,12:30:00,,"0.0",2,"Moto/Ciclomotor,Automóvil","Av A del Valle Y Quintana",2,1,0,0,1,0,0,,"Avenida",,"SANTA FE","La Capital","Hormigón","No existe","I","Dentro","Urbana","Ninguna","No existe","Recta","Bueno","Buena","Diurna","Buen Tiempo","Otro","S/D","Colisión","Ninguna","Faltante","Ninguna","Sin restricción"
2014,10950,05/12/2014,"Viernes",0,20:55:00,,"0.0",2,"Automóvil,Automóvil"," ",2,1,0,0,1,0,0,,"Avenida",,"SANTA FE","La Capital","S/D","S/D","I","Dentro","Urbana","S/D","S/D","Recta","S/D","S/D","Nocturna","S/D","S/D","S/D","Colisión","S/D","S/D","S/D","S/D"
2014,10951,23/12/2014,"Martes",0,20:45:00,,"0.0",2,"Moto/Ciclomotor,Automóvil","Av Gral Lopez Y 9 de Julio",2,0,0,0,0,0,2,,"Calle",,"SANTA FE","La Capital","Asfalto","S/D","I","S/D","Urbana","S/D","S/D","Recta","S/D","S/D","Nocturna","S/D","S/D","S/D","Colisión","S/D","S/D","S/D","S/D"
2014,10952,02/12/2014,"Martes",0,06:50:00,,"0.0",2,"Automóvil,Otros","Belgrano Y Castellanos",2,1,0,0,1,0,0,,"Calle",,"SANTA FE","La Capital","S/D","S/D","I","Dentro","Urbana","S/D","S/D","Intersección","S/D","S/D","S/D","S/D","Lateral","S/D","Colisión","S/D","S/D","S/D","S/D"
2014,10953,27/12/2014,"Sabado",0,12:00:00,,"0.0",2,"Automóvil,Automóvil","Las Heras Y Derqui",3,1,0,0,2,0,0,,"Calle",,"SANTA FE","La Capital","Asfalto","No existe","I","Dentro","Urbana","Ninguna","No existe","Intersección","Con baches","Buena","Diurna","Otro","Lateral","S/D","Colisión","Otro","S/D","Ninguna","Sin restricción"
2014,10954,06/12/2014,"Sabado",0,01:30:00,,"0.0",2,"Peatón,Moto/Ciclomotor"," ",2,1,0,0,1,0,0,,"S/D",,"SANTA FE","La Capital","Asfalto","S/D","I","S/D","Urbana","S/D","S/D","Intersección","S/D","S/D","Nocturna","S/D","S/D","S/D","Atropello","S/D","S/D","S/D","S/D"
2014,10955,14/12/2014,"Domingo",0,08:50:00,,"0.0",2,"Pickup/Utilitario,Peatón","Av A del Valle 5800",2,1,0,0,1,0,0,,"Calle",,"SANTA FE","La Capital","Hormigón","No existe","I","Dentro","Urbana","Ninguna","No existe","Recta","Con baches","Buena","Diurna","Buen Tiempo","S/D","S/D","Atropello","S/D","Faltante","Ninguna","Sin restricción"
2014,10956,09/12/2014,"Martes",0,18:50:00,,"0.0",2,"Moto/Ciclomotor,Automóvil","Av Almte Brown Y Salvador del Carril",4,2,0,0,1,0,1,,"Avenida",,"SANTA FE","La Capital","Asfalto","S/D","I","Dentro","Urbana","Policía de tránsito","Funciona","Recta","Bueno","S/D","Diurna","Buen Tiempo","Otro","S/D","Despiste","Otro","S/D","Cordón divisorio","Sin restricción"
2014,10957,05/12/2014,"Viernes",0,01:45:00,,"0.0",2,"Automóvil,Moto/Ciclomotor","Av A del Valle Y Diagonal Martinez",3,2,0,0,1,0,0,,"Avenida",,"SANTA FE","La Capital","Hormigón","No existe","I","Dentro","Urbana","Ninguna","No existe","Intersección","Bueno","Buena","Nocturna,Con luz artificial","Buen Tiempo","De alcance","S/D","Colisión","Ninguna","Faltante","Ninguna","Sin restricción"
2014,10958,09/12/2014,"Martes",0,22:15:00,,"0.0",2,"Moto/Ciclomotor,Automóvil","Av Galicia Y Mitre",3,1,0,0,2,0,0,,"Avenida",,"SANTA FE","La Capital","Asfalto","No existe","I","Dentro","Urbana","Ninguna","Funciona","Intersección","Bueno","Buena","Nocturna","Buen Tiempo","Frontal","S/D","Colisión","Otro","S/D","Cordón divisorio","Sin restricción"
2014,10959,10/12/2014,"Miercoles",0,,,"0.0",3,"Peatón,Peatón,Taxi/Remis","Alvear Y Domingo Silva",3,2,0,0,1,0,0,,"Calle",,"SANTA FE","La Capital","Asfalto","No existe","I","S/D","S/D","S/D","S/D","Intersección","S/D","S/D","S/D","S/D","S/D","S/D","Atropello","S/D","S/D","S/D","S/D"
2014,10960,23/12/2014,"Martes",0,19:15:00,,"0.0",2,"Bicicleta,Automóvil","San Lorenzo Y Moreno",2,0,0,0,0,0,2,,"Calle",,"SANTA FE","La Capital","Asfalto","S/D","I","S/D","Urbana","S/D","S/D","Intersección","S/D","S/D","Atardecer","S/D","S/D","S/D","Atropello","S/D","S/D","S/D","S/D"
2014,10961,18/12/2014,"Jueves",0,17:10:00,,"0.0",2,"Bicicleta,Automóvil","Av Facundo Zuviria Y Domingo Silva",2,1,0,0,1,0,0,,"Calle",,"SANTA FE","La Capital","Hormigón","No existe","I","Dentro","Urbana","Semáforo","Funciona","Intersección","Bueno","Buena","Diurna","Buen Tiempo","S/D","S/D","Atropello","S/D","Vertical","Ninguna","Sin restricción"
2014,10962,19/12/2014,"Viernes",0,20:50:00,,"0.0",2,"Moto/Ciclomotor,Automóvil","Av Mosconi Y Lisandro de la Torre",3,2,0,0,1,0,0,,"Avenida",,"SANTA FE","La Capital","Asfalto","S/D","I","S/D","Urbana","S/D","S/D","Intersección","S/D","S/D","Nocturna","S/D","S/D","S/D","Colisión","S/D","S/D","S/D","S/D"
2014,10963,11/12/2014,"Jueves",0,11:30:00,,"0.0",2,"Bicicleta,Automóvil","Republica de Siria Y J Castelli",2,1,0,0,1,0,0,,"Calle",,"SANTA FE","La Capital","Asfalto","No existe","I","S/D","S/D","Ninguna","No existe","Intersección","Bueno","Buena","Atardecer","Buen Tiempo","S/D","S/D","Atropello","Otro","Faltante","Ninguna","Sin restricción"
2014,10964,22/12/2014,"Lunes",0,20:00:00,,"0.0",2,"Moto/Ciclomotor,Moto/Ciclomotor","Saavedra Y Candido Pujato",2,1,0,0,1,0,0,,"Calle",,"SANTA FE","La Capital","Asfalto","S/D","I","S/D","Urbana","S/D","S/D","Intersección","S/D","S/D","Nocturna","S/D","S/D","S/D","S/D","S/D","S/D","S/D","S/D"
2014,10965,22/12/2014,"Lunes",0,04:30:00,,"0.0",2,"Taxi/Remis,Automóvil","Av Urquiza Y Av Gral Lopez",2,2,0,0,0,0,0,,"Calle",,"SANTA FE","La Capital","Asfalto","S/D","I","S/D","Urbana","S/D","S/D","Intersección","S/D","S/D","Nocturna","S/D","S/D","S/D","Colisión","S/D","S/D","S/D","S/D"
2014,10966,19/12/2014,"Viernes",0,12:55:00,,"0.0",2,"Moto/Ciclomotor,Automóvil","Av Facundo Zuviria Y Luciano Torrent",2,1,0,0,1,0,0,,"Calle",,"SANTA FE","La Capital","Hormigón","No existe","I","Dentro","Urbana","Semáforo","Funciona","Recta","Con baches","Buena","Diurna","Buen Tiempo","Lateral","S/D","Colisión","S/D","Vertical","Ninguna","Sin restricción"
2014,10967,10/12/2014,"Miercoles",0,23:45:00,,"0.0",2,"Bicicleta,Automóvil"," ",2,1,0,0,1,0,0,,"S/D",,"SANTA FE","La Capital","S/D","S/D","I","S/D","S/D","S/D","S/D","S/D","S/D","S/D","Nocturna","S/D","S/D","S/D","Atropello","S/D","S/D","S/D","S/D"
2014,10968,12/12/2014,"Viernes",0,21:25:00,,"0.0",2,"Moto/Ciclomotor,Moto/Ciclomotor","Av Gral Paz Y Pedro Diaz Colodrero",2,2,0,0,0,0,0,,"Avenida",,"SANTA FE","La Capital","Asfalto","No existe","I","Dentro","Urbana","Ninguna","No existe","Intersección","Bueno","Buena","Nocturna","Buen Tiempo","Lateral","S/D","Colisión","Otro","S/D","Línea divisoria pintada","Sin restricción"
2014,10969,30/12/2014,"Martes",0,02:40:00,,"0.0",1,"Moto/Ciclomotor","Hipolito Irigoyen 541",1,0,1,0,0,0,0,,"Calle",,"SAN CRISTÓBAL","San Cristóbal","Asfalto","No existe","XIII","Dentro","Urbana","Ninguna","No existe","Recta","Bueno","Buena","Nocturna,Con luz artificial","Viento Fuerte","S/D","S/D","Colisión","Agua","Faltante","Ninguna","Sin restricción"
2014,10970,21/12/2014,"Domingo",0,21:00:00,,"0.0",2,"Moto/Ciclomotor,Automóvil","Bv Pellegrini Y Francia",3,2,0,0,1,0,0,,"Avenida",,"SANTA FE","La Capital","Asfalto","S/D","I","S/D","Urbana","S/D","S/D","Intersección","S/D","S/D","Nocturna","S/D","S/D","S/D","S/D","S/D","S/D","S/D","S/D"
2014,10971,10/12/2014,"Miercoles",0,05:45:00,,"0.0",2,"Moto/Ciclomotor,Automóvil","French Y Zapata Gollan",3,2,0,0,1,0,0,,"Calle",,"SANTA FE","La Capital","Asfalto","Pavimento","I","Dentro","Urbana","Ninguna","No existe","Intersección","Deteriorada","Reducida","Nocturna,Con luz artificial","Buen Tiempo","Lateral","S/D","Colisión","Fluidos","Faltante","Ninguna","Sin restricción"
2014,10972,09/12/2014,"Martes",0,22:30:00,,"0.0",2,"Moto/Ciclomotor,Automóvil","Salvador del Carril Y Pje Diego de Leiva",2,1,0,0,1,0,0,,"S/D",,"SANTA FE","La Capital","Asfalto","No existe","I","S/D","S/D","Ninguna","S/D","Intersección","Bueno","Buena","Diurna","Buen Tiempo","Lateral","S/D","Colisión","Otro","Vertical","Línea divisoria pintada","Sin restricción"
2014,10973,21/12/2014,"Domingo",0,06:40:00,,"0.0",2,"Bicicleta,Automóvil","Pedro Alejandro Vittori Y Juan Del Campillo",2,1,0,0,1,0,0,,"Calle",,"SANTA FE","La Capital","Asfalto","No existe","I","Dentro","Urbana","Ninguna","No existe","Recta","Con baches","Buena","Diurna","Buen Tiempo","S/D","S/D","Atropello","S/D","Faltante","Ninguna","Sin restricción"
2014,10974,02/12/2014,"Martes",0,11:00:00,,"0.0",2,"Moto/Ciclomotor,Pickup/Utilitario","Av Freyre Y Salta",2,1,0,0,1,0,0,,"Avenida",,"SANTA FE","La Capital","Asfalto","S/D","I","S/D","Urbana","S/D","S/D","Intersección","S/D","S/D","Diurna","S/D","S/D","S/D","S/D","S/D","S/D","S/D","S/D"
2014,10975,05/12/2014,"Viernes",0,14:20:00,,"0.0",2,"Peatón,Moto/Ciclomotor","Av A del Valle Y Fray Mamerto Esquiu",2,1,0,0,1,0,0,,"Calle",,"SANTA FE","La Capital","Hormigón","No existe","I","Dentro","Urbana","Ninguna","No existe","Intersección","Con baches","Buena","Diurna","Buen Tiempo","De alcance","S/D","Atropello","S/D","Faltante","Ninguna","Sin restricción"
2014,10976,07/12/2014,"Domingo",0,09:00:00,,"0.0",2,"Moto/Ciclomotor,Automóvil","Pje Pasteur Y Don Guanella",3,2,0,0,1,0,0,,"Avenida",,"SANTA FE","La Capital","Hormigón","Pavimento","I","Dentro","Urbana","Ninguna","No existe","Intersección","Bueno","Buena","Diurna","Buen Tiempo","Lateral","S/D","Colisión","Agua","Horizontal,Vertical","Cordón divisorio","Sin restricción"
2014,10977,04/12/2014,"Jueves",0,17:30:00,,"0.0",2,"Automóvil,Automóvil","Rivadavia Y Angel Cassanello",3,1,0,0,2,0,0,,"S/D",,"SANTA FE","La Capital","Asfalto","S/D","I","S/D","S/D","Ninguna","No existe","Intersección","Bueno","Buena","Diurna","Buen Tiempo","S/D","S/D","Colisión","S/D","S/D","Ninguna","Sin restricción"
2014,10978,11/12/2014,"Jueves",0,15:00:00,,"0.0",2,"Taxi/Remis,Automóvil","J J Paso Y Av Urquiza",3,0,0,0,0,0,3,,"Calle",,"SANTA FE","La Capital","Asfalto","S/D","I","S/D","Urbana","S/D","S/D","Intersección","S/D","S/D","S/D","S/D","S/D","S/D","Colisión","S/D","S/D","S/D","S/D"
2014,10979,19/12/2014,"Viernes",0,19:30:00,,"0.0",2,"Moto/Ciclomotor,Automóvil","Av Freyre Y Junin",2,1,0,0,1,0,0,,"Avenida",,"SANTA FE","La Capital","Asfalto","S/D","I","S/D","Urbana","S/D","S/D","Intersección","S/D","S/D","Atardecer","S/D","S/D","S/D","S/D","S/D","S/D","S/D","S/D"
2014,10980,06/12/2014,"Sabado",0,20:50:00,,"0.0",2,"Moto/Ciclomotor,Automóvil","French 5557",2,1,0,0,1,0,0,,"Calle",,"SANTA FE","La Capital","Hormigón","Pavimento","I","Dentro","Urbana","Ninguna","No existe","Recta","Bueno","Buena","Con luz artificial","Buen Tiempo","Lateral","S/D","Colisión","S/D","Faltante","Ninguna","Sin restricción"
2014,10981,18/12/2014,"Jueves",0,17:50:00,,"0.0",2,"Automóvil,Automóvil","Av Lopez y Planes Y Bv Pellegrini",2,1,0,0,1,0,0,,"Avenida",,"SANTA FE","La Capital","Asfalto","S/D","I","S/D","Urbana","S/D","S/D","Intersección","S/D","S/D","Diurna","S/D","S/D","S/D","Colisión","S/D","S/D","S/D","S/D"
2014,10982,25/12/2014,"Jueves",0,08:35:00,,"0.0",2,"Peatón,Automóvil","Bolivar Y Pje Publico",2,1,0,0,0,0,1,,"Calle",,"SANTA FE","La Capital","Asfalto","S/D","I","S/D","Urbana","Ninguna","S/D","Otro","Bueno","Buena","Diurna","Buen Tiempo","S/D","S/D","Atropello","Otro","S/D","Ninguna","S/D"
2014,10983,05/12/2014,"Viernes",0,21:00:00,,"0.0",2,"Moto/Ciclomotor,Automóvil","Salvador del Carril Y Av A del Valle",2,1,0,0,1,0,0,,"Calle",,"SANTA FE","La Capital","Hormigón","No existe","I","Dentro","Urbana","Semáforo","Funciona","Intersección","Con baches","Buena","Nocturna,Con luz artificial","Buen Tiempo","De alcance","S/D","Colisión","S/D","Vertical","Ninguna","Sin restricción"