"anio_acci","nro_acci","fecha","desc_dia","fecha_aprox","hora_aprox","desc_ruta","km","cant_participantes","desc_participante","calle_avenida_km","total","heridos_leves","heridos_graves","heridos_gravisimos","ilesos","fallecidos","sin_datos","posicion_XY","desc_tipo_via","desc_ruta_ori","desc_loc","desc_dpto","desc_tipo_calzada","desc_tipo_banquina","desc_unidad_regional","desc_lugar_calzada","desc_zona","desc_prioridad","desc_estado_semaforo","desc_lugar_via","desc_estado_via","desc_estado_visibilidad","desc_luminosidad","desc_estado_clima","desc_tipo_colision","desc_tipo_atropello","desc_tipo_hecho","desc_pres_calzada","desc_senializacion","desc_separacion_via","desc_restriccion"
2014,10984,06/12/2014,"Sabado",0,18:00:00,,"0.0",2,"Moto/Ciclomotor,Automóvil","Av Blas Parera Y Azcuenaga",3,2,0,0,1,0,0,,"Avenida",,"SANTA FE","La Capital","Hormigón","Pavimento","I","Dentro","Urbana","Ninguna","No existe","Intersección","Bueno","Buena","Diurna","Buen Tiempo","De alcance","S/D","Colisión","S/D","Horizontal,Vertical","Cordón divisorio","Sin restricción"
2014,10985,19/12/2014,"Viernes",0,01:30:00,,"0.0",1,"Moto/Ciclomotor","Zavalia Y Gdor Crespo",2,1,0,0,1,0,0,,"Calle",,"SANTA FE","La Capital","Asfalto","S/D","I","S/D","Urbana","S/D","S/D","Intersección","S/D","S/D","Nocturna","S/D","S/D","S/D","Colisión","S/D","S/D","S/D","S/D"
2014,10986,02/12/2014,"Martes",0,12:25:00,,"0.0",2,"Pickup/Utilitario,Moto/Ciclomotor","Av Gral Lopez Y Saavedra",2,1,0,0,0,0,1,,"Avenida",,"SANTA FE","La Capital","Asfalto","S/D","I","S/D","Urbana","S/D","No existe","Intersección","Bueno","Buena","Diurna","S/D","S/D","S/D","Colisión","Ninguna","S/D","S/D","S/D"
2014,10987,18/12/2014,"Jueves",0,21:10:00,,"0.0",2,"Moto/Ciclomotor,Pickup/Utilitario","Lamadrid 2600",2,1,0,0,1,0,0,,"Calle",,"SANTA FE","La Capital","Asfalto","S/D","I","S/D","Urbana","S/D","S/D","Recta","S/D","S/D","Nocturna","S/D","S/D","S/D","Colisión","S/D","S/D","S/D","S/D"
2014,10988,07/12/2014,"Domingo",0,22:00:00,,"0.0",2,"Automóvil,Automóvil","Av A del Valle Y Iturraspe",4,2,0,0,2,0,0,,"Calle",,"SANTA FE","La Capital","Hormigón","S/D","I","Dentro","Urbana","Ninguna","No existe","Intersección","Con baches","Buena","Nocturna,Con luz artificial","Buen Tiempo","Lateral","S/D","Colisión","S/D","Faltante","Ninguna","Sin restricción"
2014,10989,16/12/2014,"Martes",0,20:00:00,,"0.0",2,"Bicicleta,Automóvil","Av Freyre Y Salta",2,1,0,0,1,0,0,,"Avenida",,"SANTA FE","La Capital","Asfalto","S/D","I","S/D","Urbana","S/D","S/D","Intersección","S/D","S/D","Nocturna","S/D","S/D","S/D","Atropello","S/D","S/D","S/D","S/D"
2014,10990,04/12/2014,"Jueves",0,05:30:00,,"0.0",2,"Bicicleta,Automóvil","Av Peñaloza Y J P Lopez",2,1,0,0,1,0,0,,"Avenida",,"SANTA FE","La Capital","Hormigón","Pavimento","I","Dentro","Urbana","Ninguna","No existe","Intersección","Bueno","Buena","Atardecer,Con luz artificial","Buen Tiempo","S/D","S/D","Atropello","S/D","Faltante","Cordón divisorio","Sin restricción"
2014,10991,08/12/2014,"Lunes",0,05:50:00,,"0.0",2,"Bicicleta,Taxi/Remis","Ricardo Aldao Y Av A del Valle",2,1,0,0,1,0,0,,"Calle",,"SANTA FE","La Capital","Hormigón","No existe","I","Dentro","Urbana","Semáforo","Intermitente","Intersección","Con baches","Buena","Amanecer,Con luz artificial","Buen Tiempo","Lateral","S/D","Atropello","S/D","Vertical","Ninguna","Sin restricción"
2014,10992,10/12/2014,"Miercoles",0,16:10:00,,"0.0",2,"Moto/Ciclomotor,Moto/Ciclomotor","Mendoza Y Salta",3,1,2,0,0,0,0,,"Calle",,"MACIEL","San Jerónimo","Asfalto","No existe","XV","Dentro","Urbana","S/D","No existe","Intersección","Bueno","Buena","Diurna","Buen Tiempo","Lateral","S/D","Colisión","S/D","Vertical","S/D","Sin restricción"
2014,10993,15/12/2014,"Lunes",0,17:20:00,,"0.0",2,"Moto/Ciclomotor,Automóvil","Av Freyre Y Gdor Crespo",2,1,0,0,1,0,0,,"Avenida",,"SANTA FE","La Capital","Asfalto","S/D","I","S/D","Urbana","S/D","S/D","Intersección","S/D","S/D","Diurna","S/D","S/D","S/D","S/D","S/D","S/D","S/D","S/D"
2014,10994,03/12/2014,"Miercoles",0,10:00:00,,"0.0",2,"Moto/Ciclomotor,Pickup/Utilitario","J Castelli Y Castañaduy",3,1,1,0,1,0,0,,"Calle",,"SANTA FE","La Capital","Asfalto","Natural","I","Dentro","Urbana","Ninguna","No existe","Intersección","Bueno","Buena","Diurna","Buen Tiempo","Lateral","S/D","Colisión","S/D","Faltante","Ninguna","Sin restricción"
2014,10995,12/12/2014,"Viernes",0,20:10:00,,"0.0",2,"Moto/Ciclomotor,Automóvil","San Jeronimo Y M De Polonia",2,1,0,0,1,0,0,,"Calle",,"SANTA FE","La Capital","Hormigón","No existe","I","Dentro","Urbana","Ninguna","No existe","Intersección","Bueno","Buena","Atardecer,Con luz artificial","Buen Tiempo","Lateral","S/D","Colisión","S/D","Faltante","Ninguna","Sin restricción"
2014,10996,15/12/2014,"Lunes",0,09:45:00,,"0.0",2,"Moto/Ciclomotor,Pickup/Utilitario","Av Freyre Y Santiago del Estero",2,1,0,0,1,0,0,,"Avenida",,"SANTA FE","La Capital","Asfalto","S/D","I","S/D","Urbana","S/D","S/D","Intersección","S/D","S/D","Diurna","S/D","S/D","S/D","S/D","S/D","S/D","S/D","S/D"
2014,10997,01/12/2014,"Lunes",1,,,"0.0",2,"Automóvil,Moto/Ciclomotor","Av Pte Peron Y Artigas",3,2,0,0,1,0,0,,"Avenida",,"SANTA FE","La Capital","Asfalto","Pavimento","I","S/D","Urbana","Ninguna","S/D","Intersección","Bueno","Buena","S/D","Buen Tiempo","Otro","S/D","S/D","Otro","S/D","Ninguna","S/D"
2014,10998,10/12/2014,"Miercoles",0,13:30:00,,"0.0",2,"Moto/Ciclomotor,Automóvil","Francia Y Entre Rios",3,2,0,0,0,0,1,,"Calle",,"SANTA FE","La Capital","Asfalto","S/D","I","S/D","Urbana","S/D","S/D","Intersección","S/D","S/D","S/D","S/D","S/D","S/D","Colisión","S/D","S/D","S/D","S/D"
2014,10999,12/12/2014,"Viernes",0,05:30:00,,"0.0",2,"Moto/Ciclomotor,Taxi/Remis","Av Freyre Y Salta",2,1,0,0,1,0,0,,"Avenida",,"SANTA FE","La Capital","Asfalto","S/D","I","S/D","Urbana","S/D","S/D","Intersección","S/D","S/D","Nocturna","S/D","S/D","S/D","S/D","S/D","S/D","S/D","S/D"
2014,11000,23/12/2014,"Martes",0,09:00:00,,"0.0",2,"Automóvil,Moto/Ciclomotor","Belgrano Y Consejal Horacio Gagliano",2,1,0,0,1,0,0,,"Calle",,"CORONDA","San Jerónimo","Tierra","No existe","XV","Dentro","Urbana","S/D","No existe","Intersección","Ahuellamiento","Buena","Diurna","Buen Tiempo","Lateral","S/D","Colisión","S/D","Faltante","S/D","Sin restricción"
2014,11001,09/12/2014,"Martes",0,13:30:00,,"0.0",2,"Automóvil,Bicicleta","Juan de Garay Y Saavedra",2,1,0,0,1,0,0,,"Calle",,"SANTA FE","La Capital","Asfalto","S/D","I","S/D","Urbana","S/D","S/D","Intersección","S/D","S/D","Diurna","S/D","S/D","S/D","Atropello","S/D","S/D","S/D","S/D"
2014,11002,09/12/2014,"Martes",0,10:50:00,,"0.0",2,"Pickup/Utilitario,Moto/Ciclomotor","3 de Febrero Y Francia",2,1,0,0,1,0,0,,"Calle",,"SANTA FE","La Capital","Asfalto","S/D","I","S/D","Urbana","S/D","S/D","Intersección","S/D","S/D","Diurna","S/D","S/D","S/D","Colisión","S/D","S/D","S/D","S/D"
2014,11003,17/12/2014,"Miercoles",0,11:30:00,,"0.0",2,"Pickup/Utilitario,Moto/Ciclomotor","Av Pte Peron 3600",4,1,0,0,2,0,1,,"Avenida",,"SANTA FE","La Capital","Asfalto","Pavimento","I","Dentro","Urbana","Semáforo","Funciona","Intersección","Bueno","Buena","Diurna","Buen Tiempo","Lateral","S/D","Colisión","S/D","S/D","Línea divisoria pintada","Sin restricción"
2014,11004,11/12/2014,"Jueves",0,15:30:00,,"0.0",2,"Moto/Ciclomotor,Vehículo Oficial","Av Freyre Y Salta",2,1,0,0,1,0,0,,"Avenida",,"SANTA FE","La Capital","Asfalto","S/D","I","S/D","Urbana","S/D","S/D","Intersección","S/D","S/D","Diurna","S/D","S/D","S/D","S/D","S/D","S/D","S/D","S/D"
2014,11005,13/12/2014,"Sabado",0,18:00:00,,"0.0",2,"Moto/Ciclomotor,Automóvil","Av Gral Paz Y Quintana",2,1,0,0,1,0,0,,"Avenida",,"SANTA FE","La Capital","Asfalto","S/D","I","Dentro","Urbana","Ninguna","S/D","Intersección","Bueno","Buena","Atardecer","Buen Tiempo","Lateral","S/D","Colisión","Otro","S/D","Línea divisoria pintada","Sin restricción"
2014,11006,31/12/2014,"Miercoles",0,,,"0.0",2,"Moto/Ciclomotor,Pickup/Utilitario","Junin Y Dr Zavalla",2,1,0,0,1,0,0,,"Calle",,"SANTA FE","La Capital","Asfalto","S/D","I","S/D","Urbana","S/D","S/D","Intersección","S/D","S/D","S/D","S/D","S/D","S/D","S/D","S/D","S/D","S/D","S/D"
2014,11007,24/12/2014,"Miercoles",0,09:55:00,,"0.0",2,"Moto/Ciclomotor,Automóvil","Lamadrid Y Pje Guiraldes",2,1,0,0,1,0,0,,"Calle",,"SANTA FE","La Capital","Asfalto","Pavimento","I","Dentro","Urbana","Ninguna","No existe","Intersección","Bueno","Buena","Diurna","Buen Tiempo","Lateral","S/D","Colisión","S/D","Faltante","Cordón divisorio","Sin restricción"
2014,11008,10/12/2014,"Miercoles",0,19:00:00,,"0.0",2,"Moto/Ciclomotor,Automóvil","Av A del Valle Y R Godoy",2,1,0,0,1,0,0,,"Avenida",,"SANTA FE","La Capital","Asfalto","No existe","I","Dentro","Urbana","Ninguna","S/D","Intersección","Bueno","Buena","Diurna","Buen Tiempo","Lateral","S/D","Colisión","Otro","S/D","Cordón divisorio","Sin restricción"
2014,11009,10/12/2014,"Miercoles",0,10:30:00,,"0.0",2,"Moto/Ciclomotor,Automóvil","Av Freyre 3200",2,1,0,0,1,0,0,,"Avenida",,"SANTA FE","La Capital","Asfalto","S/D","I","S/D","Urbana","S/D","S/D","Recta","S/D","S/D","Diurna","S/D","S/D","S/D","S/D","S/D","S/D","S/D","S/D"
2014,11010,08/12/2014,"Lunes",0,17:20:00,,"0.0",2,"Automóvil,Pickup/Utilitario","Av Lopez y Planes Y Mariano Comas",2,1,0,0,1,0,0,,"Avenida",,"SANTA FE","La Capital","Asfalto","S/D","I","S/D","Urbana","S/D","S/D","Intersección","S/D","S/D","Diurna","S/D","S/D","S/D","S/D","S/D","S/D","S/D","S/D"
2014,11011,28/11/2014,"Viernes",0,22:00:00,"Ruta Nacional 11","0.0",2,"Moto/Ciclomotor,Automóvil"," ",3,0,0,0,0,0,3,,"Ruta",11,"SANTO TOMÉ","La Capital","S/D","S/D","I","S/D","Urbana","S/D","S/D","Puente","S/D","S/D","Nocturna","S/D","S/D","S/D","Colisión","S/D","S/D","S/D","S/D"
2014,11012,05/12/2014,"Viernes",0,14:00:00,,"0.0",2,"Moto/Ciclomotor,Automóvil","Junin 3400",2,1,0,0,1,0,0,,"Calle",,"SANTA FE","La Capital","Asfalto","S/D","I","S/D","Urbana","S/D","S/D","Recta","S/D","S/D","Diurna","S/D","S/D","S/D","S/D","S/D","S/D","S/D","S/D"
2014,11013,26/12/2014,"Viernes",0,23:00:00,,"0.0",2,"Pickup/Utilitario,Peatón","French Y Dorrego",3,2,0,0,1,0,0,,"Calle",,"SANTA FE","La Capital","S/D","S/D","I","S/D","Urbana","S/D","S/D","Intersección","S/D","S/D","Nocturna","S/D","S/D","S/D","Atropello","S/D","S/D","S/D","S/D"
2014,11014,05/12/2014,"Viernes",0,19:00:00,,"0.0",2,"Moto/Ciclomotor,Moto/Ciclomotor","Juan Diaz de Solis Y Tucuman",3,3,0,0,0,0,0,,"Calle",,"SANTA FE","La Capital","Asfalto","S/D","I","S/D","Urbana","S/D","S/D","Intersección","S/D","S/D","Atardecer","S/D","S/D","S/D","S/D","S/D","S/D","S/D","S/D"
2014,11015,03/12/2014,"Miercoles",0,22:30:00,,"0.0",2,"Bicicleta,Pickup/Utilitario","Risso Y Dorrego",3,1,0,0,2,0,0,,"Calle",,"SANTA FE","La Capital","S/D","S/D","I","Dentro","Urbana","S/D","S/D","Intersección","S/D","S/D","Nocturna","S/D","S/D","S/D","Atropello","S/D","S/D","S/D","S/D"
2014,11016,03/12/2014,"Miercoles",0,11:45:00,,"0.0",2,"Automóvil,Automóvil","Catamarca Y Saavedra",2,1,0,0,1,0,0,,"Avenida",,"SANTA FE","La Capital","Asfalto","S/D","I","S/D","Urbana","S/D","S/D","Intersección","S/D","S/D","Diurna","S/D","S/D","S/D","S/D","S/D","S/D","S/D","S/D"
2014,11017,15/12/2014,"Lunes",0,21:00:00,,"0.0",2,"Automóvil,Bicicleta","Rivadavia Y Vieytes",2,1,0,0,1,0,0,,"Calle",,"SANTA FE","La Capital","S/D","S/D","I","S/D","Urbana","S/D","S/D","Intersección","S/D","S/D","Nocturna","S/D","S/D","S/D","Atropello","S/D","S/D","S/D","S/D"
2014,11018,10/12/2014,"Miercoles",0,17:05:00,,"0.0",2,"Automóvil,Automóvil","Pje Grilli Y Alvear",2,1,0,0,1,0,0,,"S/D",,"SANTA FE","La Capital","Asfalto","No existe","I","S/D","Urbana","S/D","S/D","Intersección","S/D","S/D","Diurna","S/D","S/D","S/D","Colisión","S/D","S/D","S/D","S/D"
2014,11019,11/12/2014,"Jueves",0,16:50:00,,"0.0",2,"Bicicleta,Automóvil","Candioti Y Iturraspe",2,1,0,0,1,0,0,,"Calle",,"SANTA FE","La Capital","S/D","S/D","I","S/D","Urbana","S/D","S/D","Recta","S/D","S/D","Diurna","S/D","S/D","S/D","Atropello","S/D","S/D","S/D","S/D"
2014,11020,13/12/2014,"Sabado",0,06:20:00,,"0.0",2,"Automóvil,Automóvil","Necochea Y Luciano Molinas",3,1,0,0,2,0,0,,"S/D",,"SANTA FE","La Capital","Asfalto","S/D","I","S/D","Urbana","S/D","S/D","Intersección","S/D","S/D","Amanecer","S/D","Lateral","S/D","Colisión","S/D","S/D","S/D","S/D"
2014,11021,27/12/2014,"Sabado",0,19:20:00,,"0.0",2,"Pickup/Utilitario,Moto/Ciclomotor","Gral San Martin Y Mitre",2,1,0,0,1,0,0,,"Avenida",,"SAN GUILLERMO","San Cristóbal","Asfalto","S/D","XIII","Dentro","Urbana","Ninguna","No existe","Intersección","Bueno","Buena","Diurna","Buen Tiempo","Frontal","S/D","Colisión","S/D","Vertical","Ninguna","Sin restricción"
2014,11022,13/12/2014,"Sabado",0,18:30:00,,"0.0",2,"Automóvil,Automóvil","Iturraspe Y Necochea",3,2,0,0,1,0,0,,"S/D",,"SANTA FE","La Capital","Asfalto","No existe","I","S/D","Urbana","S/D","S/D","Intersección","S/D","S/D","Diurna","S/D","Lateral","S/D","Colisión","S/D","S/D","S/D","S/D"
2014,11023,28/12/2014,"Domingo",0,08:30:00,,"0.0",2,"Moto/Ciclomotor,Moto/Ciclomotor","Reconquista 71",2,2,0,0,0,0,0,,"Calle",,"SAN GUILLERMO","San Cristóbal","Hormigón","S/D","XIII","Dentro","Urbana","Ninguna","No existe","Recta","Bueno","Buena","Diurna","Buen Tiempo","Lateral","S/D","Colisión","S/D","Vertical","Ninguna","Sin restricción"
2014,11024,07/12/2014,"Domingo",0,17:00:00,,"0.0",2,"Moto/Ciclomotor,Automóvil","Corrientes Y Juan Diaz de Solis",2,1,0,0,0,0,1,,"Calle",,"SANTA FE","La Capital","Asfalto","S/D","I","S/D","Urbana","S/D","S/D","Curva","S/D","S/D","Diurna","S/D","S/D","S/D","Colisión","S/D","S/D","S/D","S/D"
2014,11025,24/12/2014,"Miercoles",0,09:00:00,,"0.0",2,"Moto/Ciclomotor,Automóvil","Av Blas Parera Y Combatientes de Malvinas",2,1,0,0,1,0,0,,"Avenida",,"SANTA FE","La Capital","Hormigón","No existe","I","Dentro","Urbana","Otra Señal","No existe","Intersección","Bueno","Buena","Diurna","Buen Tiempo","Lateral","S/D","Colisión","S/D","Vertical","Guardarrail","Sin restricción"
2014,11026,13/12/2014,"Sabado",0,20:00:00,,"0.0",2,"Automóvil,Automóvil","Tacuari Y Alberti",2,1,0,0,1,0,0,,"Calle",,"SANTA FE","La Capital","S/D","S/D","I","Dentro","Urbana","S/D","S/D","Intersección","S/D","S/D","Nocturna","S/D","Lateral","S/D","Colisión","S/D","S/D","S/D","S/D"
2014,11027,21/12/2014,"Domingo",0,01:40:00,,"0.0",1,"Moto/Ciclomotor","Laprida 1500",1,1,0,0,0,0,0,,"Calle",,"SAN CRISTÓBAL","San Cristóbal","Tierra","S/D","XIII","Dentro","Urbana","Ninguna","No existe","Recta","Con baches","Buena","Diurna","Buen Tiempo","Contra objeto fijo","S/D","Colisión","Agua","Faltante","Ninguna","Sin restricción"
2014,11028,19/12/2014,"Viernes",0,12:40:00,,"0.0",2,"Automóvil,Moto/Ciclomotor","Risso Y Avellaneda",2,1,0,0,1,0,0,,"Calle",,"SANTA FE","La Capital","S/D","S/D","I","Dentro","Urbana","S/D","S/D","Intersección","S/D","S/D","Diurna","S/D","Lateral","S/D","Colisión","S/D","S/D","S/D","S/D"
2014,11029,06/12/2014,"Sabado",0,23:30:00,,"0.0",2,"Moto/Ciclomotor,Transporte Escolar","Av A del Valle 8400",2,1,0,0,1,0,0,,"Avenida",,"SANTA FE","La Capital","Asfalto","No existe","I","Dentro","Urbana","Semáforo","Funciona","Recta","Bueno","Buena","Nocturna","S/D","De alcance","S/D","Colisión","Otro","Horizontal,Vertical","Cordón divisorio","Sin restricción"
2014,11030,15/12/2014,"Lunes",0,09:20:00,,"0.0",2,"Moto/Ciclomotor,Moto/Ciclomotor","Caseros Y Junin",2,1,1,0,0,0,0,,"Calle",,"SAN CRISTÓBAL","San Cristóbal","Asfalto","S/D","XIII","Dentro","Urbana","Ninguna","No existe","Intersección","Bueno","Buena","Diurna","Buen Tiempo","Frontal","S/D","Colisión","Ninguna","Faltante","Ninguna","Sin restricción"
2014,11031,31/12/2014,"Miercoles",0,17:00:00,,"0.0",2,"Automóvil,Moto/Ciclomotor","Ayacucho Y Candioti",3,2,0,0,1,0,0,,"Calle",,"SANTA FE","La Capital","S/D","S/D","I","Dentro","Urbana","S/D","S/D","Intersección","S/D","S/D","Diurna","S/D","Lateral","S/D","Colisión","S/D","S/D","S/D","S/D"
2014,11032,07/12/2014,"Domingo",0,08:15:00,,"0.0",2,"Taxi/Remis,Automóvil","Francia Y Entre Rios",2,0,0,0,0,0,2,,"Calle",,"SANTA FE","La Capital","Asfalto","S/D","I","S/D","Urbana","S/D","S/D","Intersección","S/D","S/D","S/D","S/D","S/D","S/D","Colisión","S/D","S/D","S/D","S/D"
2014,11033,26/12/2014,"Viernes",0,13:00:00,,"0.0",2,"Automóvil,Moto/Ciclomotor","Tacuari Y Cardenal Fasolino",2,1,0,0,1,0,0,,"Calle",,"SANTA FE","La Capital","S/D","S/D","I","Dentro","Urbana","S/D","S/D","Intersección","S/D","S/D","Diurna","S/D","Lateral","S/D","Colisión","S/D","S/D","S/D","S/D"
2014,11034,14/12/2014,"Domingo",0,14:55:00,,"0.0",1,"Moto/Ciclomotor","San Lorenzo Y Junin",3,3,0,0,0,0,0,,"Calle",,"SAN CRISTÓBAL","San Cristóbal","Tierra","S/D","XIII","Dentro","Urbana","Ninguna","No existe","Recta","Bueno","Buena","Diurna","Buen Tiempo","S/D","S/D","Colisión","Ninguna","Faltante","Ninguna","Sin restricción"
2014,11035,05/12/2014,"Viernes",0,20:00:00,,"0.0",2,"Automóvil,Moto/Ciclomotor","Moreno Y San Lorenzo",2,1,0,0,0,0,1,,"Calle",,"SANTA FE","La Capital","Asfalto","S/D","I","S/D","Urbana","S/D","S/D","Intersección","S/D","S/D","S/D","S/D","S/D","S/D","Colisión","S/D","S/D","S/D","S/D"
2014,11036,17/12/2014,"Miercoles",0,13:50:00,,"0.0",2,"Moto/Ciclomotor,Automóvil","Av Pte Peron Y Junin",3,2,0,0,1,0,0,,"Avenida",,"SANTA FE","La Capital","Asfalto","S/D","I","S/D","Urbana","S/D","S/D","Intersección","S/D","S/D","Diurna","S/D","S/D","S/D","S/D","S/D","S/D","S/D","S/D"
2014,11037,13/12/2014,"Sabado",0,10:00:00,,"0.0",2,"Automóvil,Moto/Ciclomotor","Bargellini Y Bartolome Mitre",2,1,0,0,1,0,0,,"Calle",,"SUARDI","San Cristóbal","Asfalto","Natural","XIII","Dentro","Urbana","Ninguna","No existe","Intersección","Bueno","Buena","Diurna","Buen Tiempo","Lateral","S/D","Colisión","S/D","S/D","Ninguna","Sin restricción"
2014,11038,21/12/2014,"Domingo",0,22:40:00,,"0.0",2,"Moto/Ciclomotor,Taxi/Remis","Callejon Funes Y Av A del Valle",2,1,0,0,1,0,0,,"Calle",,"SANTA FE","La Capital","Asfalto","No existe","I","Dentro","Urbana","Ninguna","No existe","Intersección","Bueno","Buena","Nocturna","S/D","Lateral","S/D","Colisión","Otro","Horizontal,Vertical","Cordón divisorio","S/D"
2014,11039,15/12/2014,"Lunes",0,13:40:00,,"0.0",2,"Moto/Ciclomotor,Transporte de Pasajeros Urbano (> 8 asientos)","Av Gral Paz 5900",2,1,0,0,1,0,0,,"Avenida",,"SANTA FE","La Capital","Asfalto","No existe","I","Dentro","Urbana","Ninguna","No existe","Recta","Bueno","S/D","Diurna","Buen Tiempo","Otro","S/D","Otro","Otro","S/D","Cordón divisorio","Sin restricción"
2014,11040,19/12/2014,"Viernes",0,20:15:00,,"0.0",2,"Moto/Ciclomotor,Automóvil","Gdor Candioti Y Guemes",3,2,0,0,1,0,0,,"Calle",,"SANTA FE","La Capital","Asfalto","S/D","I","S/D","Urbana","S/D","S/D","Intersección","S/D","S/D","Nocturna","S/D","Lateral","S/D","Colisión","S/D","S/D","S/D","S/D"
2014,11041,03/12/2014,"Miercoles",0,18:30:00,,"0.0",1,"Moto/Ciclomotor","Bvard España 729",1,1,0,0,0,0,0,,"Avenida",,"CERES","San Cristóbal","Asfalto","No existe","XIII","Dentro","Urbana","Ninguna","No existe","Recta","Con baches","Buena","Atardecer","Buen Tiempo","S/D","S/D","Caída ocupante","Ninguna","Faltante","Ninguna","Sin restricción"
2014,11042,05/12/2014,"Viernes",0,18:30:00,,"0.0",2,"Moto/Ciclomotor,Moto/Ciclomotor","Amenabar Y San Juan",2,0,0,0,0,0,2,,"Calle",,"SANTA FE","La Capital","Asfalto","S/D","I","S/D","Urbana","S/D","S/D","Intersección","S/D","S/D","Atardecer","S/D","S/D","S/D","Colisión","S/D","S/D","S/D","S/D"
2014,11043,17/12/2014,"Miercoles",0,08:00:00,,"0.0",2,"Moto/Ciclomotor,Camión","Candioti 3600",2,1,0,0,1,0,0,,"S/D",,"SANTA FE","La Capital","S/D","S/D","I","S/D","Urbana","S/D","S/D","Recta","S/D","S/D","Diurna","S/D","S/D","S/D","Colisión","S/D","S/D","S/D","S/D"
2014,11044,16/12/2014,"Martes",0,11:30:00,,"0.0",2,"Automóvil,Pickup/Utilitario","Sarmiento Y Hernandarias",2,1,0,0,1,0,0,,"Calle",,"SANTA FE","La Capital","Asfalto","No existe","I","Dentro","Urbana","Ninguna","S/D","Intersección","Bueno","Buena","Diurna","Otro","Lateral","S/D","Colisión","Otro","S/D","Ninguna","Sin restricción"
2014,11045,07/12/2014,"Domingo",0,07:00:00,,"0.0",2,"Camión,Moto/Ciclomotor","Jose de San Martin Y Av Falucho",2,0,1,0,1,0,0,,"Calle",,"HERSILIA","San Cristóbal","Asfalto,Ripio","No existe","XIII","Dentro","Urbana","Ninguna","No existe","Intersección","Con baches,Deteriorada","Buena","Diurna","Buen Tiempo","Lateral","S/D","Colisión","S/D","S/D","Ninguna","Sin restricción"
2014,11046,20/12/2014,"Sabado",0,19:00:00,,"0.0",2,"Automóvil,Automóvil","Gdor Candioti 1700",5,2,0,0,3,0,0,,"Calle",,"SANTA FE","La Capital","Asfalto","S/D","I","S/D","Urbana","S/D","S/D","S/D","S/D","S/D","Atardecer","S/D","S/D","S/D","Colisión","S/D","S/D","S/D","S/D"
2014,11047,04/12/2014,"Jueves",0,22:30:00,,"0.0",2,"Automóvil,Peatón","Salvador del Carril Y Alberdi",2,1,0,0,1,0,0,,"Avenida",,"SANTA FE","La Capital","Asfalto","No existe","I","Dentro","Urbana","S/D","No existe","Intersección","Bueno","Buena","Diurna","Buen Tiempo","S/D","S/D","Atropello","S/D","S/D","S/D","Sin restricción"
2014,11048,16/12/2014,"Martes",0,21:30:00,,"0.0",2,"Moto/Ciclomotor,Automóvil","Av Gral Lopez Y Ricardo Aldao",2,1,0,0,1,0,0,,"Avenida",,"SANTA FE","La Capital","Asfalto","No existe","I","S/D","S/D","S/D","Funciona","Intersección","Bueno","Buena","Diurna","Otro","Frontal","S/D","Colisión","S/D","S/D","Línea divisoria pintada","S/D"
2014,11049,16/12/2014,"Martes",0,12:55:00,,"0.0",2,"Peatón,Automóvil","Av 7 Jefes 3875",2,1,0,0,1,0,0,,"Avenida",,"SANTA FE","La Capital","S/D","S/D","I","S/D","Urbana","S/D","S/D","S/D","S/D","S/D","S/D","S/D","S/D","S/D","Atropello","S/D","S/D","S/D","S/D"
2014,11050,04/12/2014,"Jueves",0,19:00:00,,"0.0",1,"Moto/Ciclomotor","Republica de Siria Y Llerena",1,1,0,0,0,0,0,,"S/D",,"SANTA FE","La Capital","Asfalto","No existe","I","S/D","S/D","Ninguna","No existe","Recta","Bueno","S/D","Atardecer","Buen Tiempo","Contra objeto fijo","S/D","Colisión","S/D","S/D","Ninguna","Sin restricción"
2014,11051,05/12/2014,"Viernes",0,13:30:00,,"0.0",2,"Automóvil,Moto/Ciclomotor","Av A del Valle Y Hernandarias",2,1,0,0,1,0,0,,"Avenida",,"SANTA FE","La Capital","Asfalto","S/D","I","Dentro","Urbana","Semáforo","S/D","Intersección","Bueno","Buena","Diurna","Buen Tiempo","Lateral","S/D","Colisión","Otro","S/D","Línea divisoria pintada","Sin restricción"
2014,11052,31/12/2014,"Miercoles",0,11:30:00,,"0.0",2,"Moto/Ciclomotor,Pickup/Utilitario","Guemes Y Pje Pedro Ferre",2,1,0,0,1,0,0,,"Calle",,"SANTA FE","La Capital","S/D","S/D","I","S/D","Urbana","S/D","S/D","Intersección","S/D","S/D","Diurna","S/D","Lateral","S/D","Colisión","S/D","S/D","S/D","S/D"
2014,11053,05/12/2014,"Viernes",0,17:50:00,,"0.0",2,"Pickup/Utilitario,Moto/Ciclomotor","Ricardo Aldao Y Republica de Siria",2,0,1,0,1,0,0,,"Calle",,"SANTA FE","La Capital","Asfalto","S/D","I","S/D","S/D","Ninguna","S/D","Intersección","Bueno","Buena","Diurna","Otro","Frontal","S/D","Colisión","S/D","S/D","Ninguna","Sin restricción"
2014,11054,05/12/2014,"Viernes",0,11:00:00,,"0.0",2,"Moto/Ciclomotor,Automóvil","J J Paso Y Roque Saenz Peña",2,0,0,0,0,0,2,,"Calle",,"SANTA FE","La Capital","Asfalto","S/D","I","S/D","Urbana","S/D","S/D","Intersección","S/D","S/D","S/D","S/D","S/D","S/D","Colisión","S/D","S/D","S/D","S/D"
2014,11055,03/12/2014,"Miercoles",0,11:00:00,,"0.0",2,"Moto/Ciclomotor,Automóvil","Alvear Y Luciano Torrent",2,1,0,0,1,0,0,,"Calle",,"SANTA FE","La Capital","Asfalto","S/D","I","Dentro","Urbana","Ninguna","No existe","Intersección","Bueno","Buena","Diurna","Buen Tiempo","Lateral","S/D","Colisión","S/D","S/D","Ninguna","Sin restricción"