"anio_acci","nro_acci","fecha","desc_dia","fecha_aprox","hora_aprox","desc_ruta","km","cant_participantes","desc_participante","calle_avenida_km","total","heridos_leves","heridos_graves","heridos_gravisimos","ilesos","fallecidos","sin_datos","posicion_XY","desc_tipo_via","desc_ruta_ori","desc_loc","desc_dpto","desc_tipo_calzada","desc_tipo_banquina","desc_unidad_regional","desc_lugar_calzada","desc_zona","desc_prioridad","desc_estado_semaforo","desc_lugar_via","desc_estado_via","desc_estado_visibilidad","desc_luminosidad","desc_estado_clima","desc_tipo_colision","desc_tipo_atropello","desc_tipo_hecho","desc_pres_calzada","desc_senializacion","desc_separacion_via","desc_restriccion"
2014,11056,21/12/2014,"Domingo",0,19:00:00,,"0.0",2,"Moto/Ciclomotor,Automóvil","Domingo Silva Y Las Heras",3,1,0,0,2,0,0,,"Calle",,"SANTA FE","La Capital","Asfalto","No existe","I","S/D","Urbana","S/D","S/D","Intersección","S/D","S/D","Atardecer","S/D","S/D","S/D","Colisión","S/D","S/D","S/D","S/D"
2014,11057,05/12/2014,"Viernes",0,18:00:00,,"0.0",2,"Moto/Ciclomotor,Automóvil","Alberdi Y Derqui",2,1,0,0,1,0,0,,"S/D",,"SANTA FE","La Capital","Asfalto","S/D","I","S/D","Urbana","Ninguna","No existe","Intersección","Bueno","S/D","Diurna","Buen Tiempo","Frontal","S/D","Colisión","S/D","S/D","Ninguna","Sin restricción"
2014,11058,12/12/2014,"Viernes",0,15:00:00,,"0.0",2,"Moto/Ciclomotor,Automóvil","Reg 12 de Infanteria 4073",2,1,0,0,0,0,1,,"Calle",,"SANTA FE","La Capital","Asfalto","No existe","I","S/D","Urbana","Semáforo","No existe","Curva","Deteriorada","Buena","Diurna","Buen Tiempo","Lateral","S/D","Colisión","S/D","Faltante","Ninguna","Sin restricción"
2014,11059,05/12/2014,"Viernes",0,11:45:00,,"0.0",2,"Pickup/Utilitario,Automóvil","J J Paso Y San Lorenzo",4,2,0,0,2,0,0,,"Calle",,"SANTA FE","La Capital","Asfalto","S/D","I","S/D","Urbana","S/D","S/D","Intersección","S/D","S/D","Diurna","S/D","S/D","S/D","Colisión","S/D","S/D","S/D","S/D"
2014,11060,15/12/2014,"Lunes",0,22:40:00,,"0.0",2,"Moto/Ciclomotor,Automóvil","Av Blas Parera 7800",2,1,0,0,0,0,1,,"Avenida",,"SANTA FE","La Capital","Asfalto","No existe","I","S/D","Urbana","Ninguna","No existe","Recta","Deteriorada","Buena","Nocturna","Buen Tiempo","Lateral","S/D","Colisión","S/D","Horizontal","Ninguna","Sin restricción"
2014,11061,19/12/2014,"Viernes",0,18:50:00,,"0.0",2,"Moto/Ciclomotor,Automóvil","Reg 12 de Infanteria Y Av Peñaloza",2,1,0,0,0,0,1,,"Avenida",,"SANTA FE","La Capital","Asfalto","No existe","I","S/D","Urbana","Semáforo","No existe","Recta","Bueno","Buena","Diurna","Buen Tiempo","De alcance","S/D","Colisión","Otro","Horizontal","Ninguna","Sin restricción"
2014,11062,20/12/2014,"Sabado",0,16:00:00,,"0.0",2,"Moto/Ciclomotor,Automóvil","Reg 12 de Infanteria Y Europa",2,1,0,0,0,0,1,,"Calle",,"SANTA FE","La Capital","Asfalto","No existe","I","S/D","Urbana","Semáforo","Funciona","Otro","Deteriorada","Buena","Diurna","Buen Tiempo","Otro","S/D","Colisión","Otro","Faltante","Ninguna","Sin restricción"
2014,11063,05/12/2014,"Viernes",0,12:20:00,,"0.0",2,"Automóvil,Moto/Ciclomotor","Moreno Y San Lorenzo",2,1,0,0,1,0,0,,"Calle",,"SANTA FE","La Capital","S/D","S/D","I","S/D","Urbana","S/D","S/D","Intersección","S/D","S/D","S/D","S/D","S/D","S/D","Colisión","S/D","S/D","S/D","S/D"
2014,11064,06/12/2014,"Sabado",0,07:40:00,,"0.0",2,"Moto/Ciclomotor,Pickup/Utilitario","Av Santa Fe Y Av Blas Parera",2,1,0,0,1,0,0,,"Avenida",,"SANTA FE","La Capital","Asfalto","No existe","I","S/D","Urbana","Ninguna","Funciona","Intersección","Bueno","Buena","Diurna","Buen Tiempo","De alcance","S/D","Colisión","Ninguna","Faltante","Ninguna","Sin restricción"
2014,11065,06/12/2014,"Sabado",0,08:15:00,,"0.0",2,"Moto/Ciclomotor,Camión","Hugo Wast Y Jose Elias Gollan",2,1,0,0,1,0,0,,"Avenida",,"SANTA FE","La Capital","Asfalto","No existe","I","S/D","Urbana","Ninguna","No existe","Recta","Bueno","Buena","Diurna","Buen Tiempo","De alcance","S/D","Colisión","Ninguna","Faltante","Ninguna","Sin restricción"
2014,11066,03/12/2014,"Miercoles",0,11:30:00,,"0.0",2,"Moto/Ciclomotor,Camión","Cafferata Y Florencio Varela",2,1,0,0,1,0,0,,"Calle",,"SANTA FE","La Capital","Asfalto","No existe","I","S/D","Urbana","Ninguna","No existe","Recta","Bueno","Buena","Diurna","Buen Tiempo","De alcance","S/D","Colisión","S/D","Faltante","Ninguna","Sin restricción"
2014,11068,15/07/2014,"Martes",0,11:15:00,"Ruta Nacional A012","45.0",1,"Camión"," ",1,0,0,0,0,0,1,,"Ruta","A012","ROLDÁN","San Lorenzo","S/D","S/D","XVII","Dentro","S/D","S/D","S/D","Recta","S/D","S/D","Diurna","S/D","S/D","S/D","Vuelco","S/D","S/D","S/D","S/D"
2014,11069,16/07/2014,"Miercoles",0,20:00:00,"Ruta Nacional 34","214.5",1,"Camión"," ",1,0,0,0,0,0,1,,"Ruta",34,"SUSANA","Castellanos","S/D","S/D","V","Fuera","Rural","S/D","S/D","Recta","S/D","S/D","Diurna","S/D","S/D","S/D","Vuelco","S/D","S/D","S/D","S/D"
2014,11070,17/07/2014,"Jueves",0,14:55:00,"Ruta Provincial 10","138.0",3,"Camión,Camión,Camión"," ",3,1,0,0,0,0,2,,"Ruta",10,"SANTA CLARA DE BUENA VISTA","Las Colonias","S/D","S/D","XI","Dentro","Urbana","S/D","S/D","Recta","S/D","S/D","Diurna","S/D","Múltiple","S/D","Colisión","S/D","S/D","S/D","S/D"
2014,11071,19/12/2014,"Viernes",0,,"Ruta Nacional 168","0.0",1,"Otros","Bajada Distéfano ",4,3,0,0,1,0,0,,"Ruta",168,"LA GUARDIA","La Capital","Asfalto","Pavimento","I","Dentro","Urbana","Ninguna","No existe","Recta","Bueno","Buena","Diurna","Buen Tiempo","S/D","S/D","Otro","Ninguna","Horizontal","Guardarrail","Sin restricción"
2014,11072,01/12/2014,"Lunes",1,,,"0.0",2,"Moto/Ciclomotor,Pickup/Utilitario"," ",2,1,0,0,1,0,0,,"S/D",,"LA GALLARETA","Vera","S/D","S/D","XIX","S/D","S/D","S/D","S/D","S/D","S/D","S/D","Diurna","S/D","S/D","S/D","Colisión","S/D","S/D","S/D","S/D"
2014,11073,07/12/2014,"Domingo",0,03:20:00,,"0.0",1,"Moto/Ciclomotor","Bv G L Lhemann Y M Champagnat",2,0,0,0,0,1,1,"-31.236326, -61.487918","Avenida",,"RAFAELA","Castellanos","S/D","S/D","V","Dentro","Urbana","S/D","No existe","Otro","Otro","S/D","Nocturna,Con luz artificial","S/D","S/D","S/D","Caída ocupante","S/D","S/D","Ninguna","S/D"
2014,11074,01/12/2014,"Lunes",0,22:00:00,,"0.0",2,"Automóvil,Moto/Ciclomotor","Av Mosconi Y Lisandro de la Torre",2,1,0,0,1,0,0,,"Calle",,"SANTA FE","La Capital","Asfalto","S/D","I","Dentro","Urbana","S/D","S/D","Intersección","S/D","S/D","Nocturna","S/D","S/D","S/D","Colisión","S/D","S/D","S/D","S/D"
2014,11076,06/12/2014,"Sabado",0,11:25:00,"Ruta Nacional 11","0.0",2,"Automóvil,Automóvil","Cordoba ",4,4,0,0,0,0,0,,"Ruta",11,"NELSON","La Capital","Asfalto","Natural","I","Dentro","Urbana","Ninguna","No existe","Intersección","Bueno","Buena","Diurna","Buen Tiempo","Lateral","S/D","Colisión","S/D","Faltante","Ninguna","Sin restricción"
2014,11077,06/12/2014,"Sabado",0,05:00:00,,"0.0",2,"Moto/Ciclomotor,Automóvil","Av San Martin Y Rivadavia",2,1,0,0,1,0,0,,"Avenida",,"LAGUNA PAIVA","La Capital","Hormigón","No existe","I","S/D","Urbana","Semáforo","Funciona","Intersección","Bueno","Buena","Amanecer","Buen Tiempo","Lateral","S/D","Colisión","S/D","S/D","Vegetación","Sin restricción"
2014,11078,23/12/2014,"Martes",0,19:55:00,,"0.0",2,"Moto/Ciclomotor,Automóvil","PUENTE CARRETERO ",2,0,0,0,0,0,2,,"Calle",,"SANTA FE","La Capital","Asfalto","S/D","I","Dentro","Urbana","S/D","S/D","Recta","S/D","S/D","Diurna","S/D","S/D","S/D","Colisión","S/D","S/D","S/D","S/D"
2014,11079,12/12/2014,"Viernes",0,20:40:00,,"13.0",2,"Automóvil,Moto/Ciclomotor"," ",5,1,0,0,4,0,0,,"S/D",,"ARROYO LEYES","La Capital","Tierra","Natural","I","S/D","Rural","Ninguna","No existe","Recta","Ahuellamiento","Reducida","Atardecer","Otro","Otro","S/D","Colisión","Ninguna","Faltante","Ninguna","Sin restricción"
2014,11080,14/12/2014,"Domingo",0,00:20:00,,"0.0",2,"Bicicleta,Automóvil","Av L de la Torre Y Entre Rios",2,1,0,0,1,0,0,,"Calle",,"LAGUNA PAIVA","La Capital","Asfalto","No existe","I","S/D","Urbana","Ninguna","No existe","Intersección","Bueno","Buena","Nocturna,Con luz artificial","Buen Tiempo","S/D","S/D","Atropello","S/D","Vertical","Ninguna","Sin restricción"
2014,11081,20/12/2014,"Sabado",0,20:50:00,,"0.0",2,"Moto/Ciclomotor,Automóvil","Junin Y Gral Roca",4,0,1,0,3,0,0,,"Calle",,"SAN CRISTÓBAL","San Cristóbal","Asfalto","Natural","XIII","S/D","Urbana","Policía de tránsito","No existe","Intersección","Bueno","Buena","Nocturna","Lluvia","Lateral","S/D","Colisión","Agua","Faltante","Ninguna","Accidente Previo"
2014,11083,29/12/2014,"Lunes",0,01:30:00,,"0.0",2,"Automóvil,Moto/Ciclomotor","Av Galicia Y Belgrano",3,1,0,0,2,0,0,,"Calle",,"SANTA FE","La Capital","S/D","S/D","I","Dentro","Urbana","S/D","S/D","Intersección","S/D","S/D","Nocturna","S/D","Lateral","S/D","Colisión","S/D","S/D","S/D","S/D"
2014,11084,24/12/2014,"Miercoles",0,11:30:00,,"0.0",2,"Automóvil,Transporte de Pasajeros Larga Distancia (> 8 asientos)","Av Pte Peron Y Colono",2,1,0,0,1,0,0,,"Avenida",,"LAGUNA PAIVA","La Capital","Asfalto,Ripio","No existe","I","Dentro","Urbana","Ninguna","No existe","Intersección","Bueno,Con baches","Buena","Diurna","Buen Tiempo","De alcance","S/D","Colisión","S/D","Horizontal,Vertical","Ninguna","Sin restricción"
2014,11085,06/12/2014,"Sabado",0,12:30:00,,"0.0",2,"Moto/Ciclomotor,Peatón","Av Gral Paz Y Av Galicia",2,1,0,0,1,0,0,,"Avenida",,"SANTA FE","La Capital","S/D","S/D","I","Dentro","Urbana","S/D","S/D","Intersección","S/D","S/D","Diurna","S/D","S/D","S/D","Atropello","S/D","S/D","S/D","S/D"
2014,11086,25/12/2014,"Jueves",0,04:00:00,,"0.0",2,"Moto/Ciclomotor,Pickup/Utilitario","Avellaneda Y Alberti",2,1,0,0,1,0,0,,"Calle",,"SANTA FE","La Capital","S/D","S/D","I","S/D","Urbana","S/D","S/D","Intersección","S/D","S/D","Nocturna","S/D","Lateral","S/D","Colisión","S/D","S/D","S/D","S/D"
2014,11087,24/12/2014,"Miercoles",0,18:50:00,,"0.0",2,"Pickup/Utilitario,Moto/Ciclomotor","Chacabuco Y Entre Rios",3,2,0,0,1,0,0,,"Calle",,"LAGUNA PAIVA","La Capital","Asfalto","No existe","I","Dentro","Urbana","Ninguna","No existe","Intersección","Bueno","Buena","Diurna","Buen Tiempo","Lateral","S/D","Colisión","S/D","Horizontal,Vertical","Ninguna","Sin restricción"
2014,11088,12/12/2014,"Viernes",0,05:25:00,"Ruta Nacional 11","0.0",1,"Moto/Ciclomotor","Avenida Nuestra Señora del Luj Y Ruta 11 Avenida Richieri",2,1,1,0,0,0,0,,"Ruta",11,"SANTO TOMÉ","La Capital","Asfalto","S/D","I","S/D","Urbana","S/D","S/D","Curva","Bueno","S/D","Nocturna","Lluvia","S/D","S/D","Caída ocupante","Agua","S/D","Guardarrail","Sin restricción"
2014,11089,26/12/2014,"Viernes",0,23:20:00,,"0.0",1,"Moto/Ciclomotor","Av Peñaloza Y Estanislao Zeballos",3,2,0,0,1,0,0,,"Avenida",,"SANTA FE","La Capital","Hormigón","Pavimento","I","Dentro","Urbana","Ninguna","Intermitente","Intersección","Bueno","Buena","Nocturna,Con luz artificial","Buen Tiempo","Lateral","S/D","Colisión","S/D","S/D","Cordón divisorio","Sin restricción"
2014,11090,24/12/2014,"Miercoles",0,23:00:00,,"0.0",2,"Automóvil,Moto/Ciclomotor","Estanislao Zeballos Y Estrada",2,1,0,0,1,0,0,,"Calle",,"SANTA FE","La Capital","Asfalto","Pavimento","I","Dentro","Urbana","Ninguna","No existe","Intersección","Bueno","Buena","Nocturna,Con luz artificial","Buen Tiempo","Lateral","S/D","Colisión","Ninguna","Faltante","Ninguna","Sin restricción"
2014,11091,31/12/2014,"Miercoles",0,20:50:00,,"0.0",2,"Automóvil,Moto/Ciclomotor","25 de Mayo 400",3,2,0,0,1,0,0,,"Avenida",,"SAN GUILLERMO","San Cristóbal","Hormigón","No existe","XIII","Dentro","Urbana","Ninguna","No existe","Recta","Bueno","Buena","Nocturna,Con luz artificial","Buen Tiempo","Frontal","S/D","Colisión","Ninguna","Vertical","Ninguna","Sin restricción"
2014,11092,14/12/2014,"Domingo",0,01:30:00,,"0.0",2,"Moto/Ciclomotor,Automóvil","Vera Y Dr Zavalla",3,2,0,0,1,0,0,,"Calle",,"SANTA FE","La Capital","Asfalto","S/D","I","Dentro","Urbana","S/D","S/D","Intersección","S/D","S/D","Nocturna","S/D","S/D","S/D","Colisión","S/D","S/D","S/D","S/D"
2014,11093,23/12/2014,"Martes",0,19:20:00,,"0.0",2,"Automóvil,Moto/Ciclomotor","Av Blas Parera Y Vieytes",2,1,0,0,1,0,0,,"Avenida",,"SANTA FE","La Capital","Hormigón","Pavimento","I","Dentro","Urbana","Semáforo","Funciona","Intersección","Bueno","Buena","Diurna","Buen Tiempo","Lateral","S/D","Colisión","S/D","Horizontal,Vertical","Cordón divisorio","Sin restricción"
2014,11094,23/12/2014,"Martes",0,10:00:00,,"0.0",2,"Peatón,Pickup/Utilitario","Av Blas Parera Y Espora",2,0,1,0,1,0,0,,"Avenida",,"SANTA FE","La Capital","Hormigón","Pavimento","I","Dentro","Urbana","Ninguna","No existe","Intersección","Bueno","Buena","Diurna","Buen Tiempo","S/D","S/D","Atropello","S/D","Horizontal,Vertical","Ninguna","Sin restricción"
2014,11095,13/12/2014,"Sabado",0,22:00:00,,"0.0",2,"Automóvil,Moto/Ciclomotor","Av Blas Parera Y Beruti",2,1,0,0,1,0,0,,"Avenida",,"SANTA FE","La Capital","Asfalto","No existe","I","S/D","Urbana","Ninguna","No existe","Intersección","Bueno","Buena","Nocturna","Buen Tiempo","De alcance","S/D","Colisión","Ninguna","Faltante","Ninguna","Sin restricción"
2014,11097,13/12/2014,"Sabado",0,14:05:00,,"0.0",2,"Automóvil,Automóvil","San Lorenzo Y Santiago del Estero",3,1,0,0,2,0,0,,"Calle",,"SANTA FE","La Capital","Asfalto","S/D","I","Dentro","Urbana","S/D","S/D","Intersección","S/D","S/D","Diurna","S/D","S/D","S/D","S/D","S/D","S/D","S/D","S/D"
2014,11098,13/12/2014,"Sabado",0,23:30:00,"Ruta Nacional 11","479.0",2,"Moto/Ciclomotor,Automóvil"," ",2,1,0,0,1,0,0,,"Ruta",11,"RECREO","La Capital","Asfalto","Ripio","I","Dentro","Urbana","Ninguna","No existe","Recta","Bueno","Buena","Nocturna","Buen Tiempo","Frontal","S/D","Colisión","Ninguna","Horizontal","Línea divisoria pintada","Sin restricción"
2014,11099,27/12/2014,"Sabado",0,17:00:00,"Ruta Provincial 1","11.5",2,"Automóvil,Peatón"," ",5,0,1,0,1,0,3,,"Ruta",1,"ARROYO LEYES","La Capital","Asfalto","Natural","I","S/D","Urbana","Ninguna","No existe","Recta","Bueno","Buena","Diurna","Buen Tiempo","S/D","S/D","Atropello","Ninguna","Horizontal","Línea divisoria pintada","Sin restricción"
2014,11100,22/12/2014,"Lunes",0,17:50:00,,"0.0",2,"Automóvil,Moto/Ciclomotor","Av Blas Parera Y Ayacucho",2,1,0,0,1,0,0,,"Avenida",,"SANTA FE","La Capital","Hormigón","Pavimento","I","Dentro","Urbana","Semáforo","Funciona","Intersección","Bueno","Buena","Diurna","Buen Tiempo","Lateral","S/D","Colisión","S/D","Horizontal,Vertical","Cordón divisorio","Sin restricción"
2014,11101,13/12/2014,"Sabado",0,15:00:00,,"0.0",2,"Moto/Ciclomotor,Automóvil"," ",2,1,0,0,1,0,0,,"Calle",,"SAUCE VIEJO","La Capital","Ripio","S/D","I","Dentro","Urbana","S/D","No existe","Intersección","Bueno","Buena","Diurna","S/D","S/D","S/D","S/D","S/D","S/D","S/D","S/D"
2014,11102,24/12/2014,"Miercoles",0,20:30:00,,"0.0",2,"Bicicleta,Moto/Ciclomotor","Maipu Y Juan B Alberdi",2,1,0,0,1,0,0,,"Calle",,"LAGUNA PAIVA","La Capital","Asfalto","No existe","I","S/D","Urbana","Ninguna","No existe","Intersección","Bueno","Buena","Nocturna,Con luz artificial","Buen Tiempo","S/D","S/D","Atropello","S/D","Horizontal,Vertical","Ninguna","Sin restricción"
2014,11103,19/12/2014,"Viernes",0,19:35:00,,"0.0",1,"Moto/Ciclomotor","Av Blas Parera Y Beruti",2,2,0,0,0,0,0,,"Avenida",,"SANTA FE","La Capital","Asfalto","No existe","I","Dentro","Urbana","Ninguna","No existe","Recta","Bueno","Buena","Atardecer","Buen Tiempo","S/D","S/D","Colisión","Ninguna","Faltante","Ninguna","Sin restricción"
2014,11104,10/12/2014,"Miercoles",0,18:00:00,"Ruta Nacional 11","148.4",2,"Automóvil,Otros","PUENTE CARRETERO ",2,1,0,0,0,0,1,,"Ruta",11,"SANTO TOMÉ","La Capital","Asfalto","S/D","I","Dentro","Urbana","S/D","S/D","Recta","S/D","S/D","Diurna","S/D","S/D","S/D","Colisión","S/D","S/D","S/D","S/D"
2014,11105,22/12/2014,"Lunes",0,10:00:00,,"0.0",2,"Moto/Ciclomotor,Automóvil","French 5450",3,1,0,0,2,0,0,,"Calle",,"SANTA FE","La Capital","Hormigón","No existe","I","Dentro","Urbana","Ninguna","Funciona","Intersección","Deteriorada","Buena","Diurna","Buen Tiempo","Contra objeto fijo","S/D","Colisión","Agua","Faltante","Ninguna","Sin restricción"
2014,11106,11/12/2014,"Jueves",0,20:00:00,"Ruta Nacional 11","477.5",2,"Automóvil,Moto/Ciclomotor"," ",2,1,0,0,1,0,0,,"Ruta",11,"RECREO","La Capital","Asfalto","Ripio","I","Dentro","Urbana","Ninguna","No existe","Recta","Bueno","Buena","Nocturna","Buen Tiempo","Lateral","S/D","Colisión","Ninguna","Horizontal","Línea divisoria pintada","Sin restricción"
2014,11107,28/12/2014,"Domingo",0,22:00:00,,"0.0",2,"Moto/Ciclomotor,Moto/Ciclomotor","Calle 27 ",2,1,0,0,1,0,0,,"Calle",,"SAUCE VIEJO","La Capital","Ripio","S/D","I","S/D","Urbana","S/D","S/D","Intersección","Con baches","Reducida polvo","Nocturna","S/D","S/D","S/D","S/D","S/D","S/D","S/D","S/D"
2014,11108,31/12/2014,"Miercoles",0,07:35:00,,"11.0",2,"Automóvil,Moto/Ciclomotor","Calle 10 Y Pje s/n",2,1,0,0,1,0,0,,"Calle",,"ARROYO LEYES","La Capital","Arena","Natural","I","S/D","Urbana","Ninguna","No existe","Intersección","Otro","Buena","Diurna","Buen Tiempo","Lateral","S/D","Colisión","Ninguna","Faltante","Ninguna","Sin restricción"
2014,11109,15/12/2014,"Lunes",0,17:30:00,"Ruta Nacional 11","477.5",2,"Moto/Ciclomotor,Automóvil"," ",3,2,0,0,1,0,0,,"Ruta",11,"RECREO","La Capital","Hormigón","Ripio","I","Dentro","Rural","Ninguna","No existe","Recta","Bueno","Buena","Diurna","Buen Tiempo","Frontal","S/D","Colisión","Ninguna","Horizontal","Línea divisoria pintada","Sin restricción"
2014,11110,24/12/2014,"Miercoles",0,23:45:00,,"0.0",2,"Automóvil,Moto/Ciclomotor","Boassi Y Belgrano",4,2,1,0,1,0,0,,"Calle",,"LAGUNA PAIVA","La Capital","Ripio","No existe","I","Dentro","Urbana","Ninguna","No existe","Intersección","Bueno","Buena","Nocturna,Con luz artificial","Buen Tiempo","Lateral","S/D","Colisión","S/D","Horizontal,Vertical","Ninguna","Sin restricción"
2014,11111,14/12/2014,"Domingo",0,21:20:00,,"0.0",1,"Moto/Ciclomotor","Pasaje Parana 3850",2,1,0,0,1,0,0,,"Calle",,"SANTO TOMÉ","La Capital","Ripio","No existe","I","S/D","Urbana","Ninguna","No existe","Recta","Bueno","Buena","Nocturna","Buen Tiempo","S/D","S/D","S/D","S/D","Faltante","S/D","Sin restricción"
2014,11112,04/12/2014,"Jueves",0,17:00:00,,"0.0",2,"Automóvil,Moto/Ciclomotor","Av Freyre Y Amenabar",2,0,0,0,0,0,2,,"Calle",,"SANTA FE","La Capital","Asfalto","S/D","I","Dentro","Urbana","S/D","S/D","Intersección","S/D","S/D","Diurna","S/D","S/D","S/D","Colisión","S/D","S/D","S/D","S/D"
2014,11113,20/12/2014,"Sabado",0,11:20:00,,"0.0",2,"Moto/Ciclomotor,Pickup/Utilitario","Av Blas Parera Y Azcuenaga",2,1,0,0,1,0,0,,"Avenida",,"SANTA FE","La Capital","Asfalto","Pavimento","I","Dentro","Urbana","Ninguna","No existe","Intersección","Bueno","Buena","Diurna","Buen Tiempo","Lateral","S/D","Colisión","S/D","Horizontal,Vertical","Ninguna","Sin restricción"
2014,11114,19/12/2014,"Viernes",0,20:10:00,,"0.0",2,"Moto/Ciclomotor,Moto/Ciclomotor","Av Blas Parera Y Beruti",2,2,0,0,0,0,0,,"Avenida",,"SANTA FE","La Capital","Asfalto","No existe","I","S/D","Urbana","Ninguna","No existe","Recta","Bueno","Buena","Nocturna","Buen Tiempo","De alcance","S/D","Colisión","Ninguna","Faltante","Ninguna","Sin restricción"
2014,11115,28/12/2014,"Domingo",0,11:15:00,,"0.0",2,"Pickup/Utilitario,Pickup/Utilitario","Calle 27 Y Calle 6",4,1,0,0,3,0,0,,"Calle",,"SAUCE VIEJO","La Capital","Ripio","S/D","I","Dentro","Urbana","S/D","S/D","Recta","Con baches","Buena","Diurna","S/D","S/D","S/D","S/D","S/D","S/D","S/D","S/D"
2014,11116,12/12/2014,"Viernes",0,19:45:00,"Ruta Provincial 1","0.0",2,"Automóvil,Moto/Ciclomotor"," ",2,1,0,0,1,0,0,,"Ruta",1,"COLASTINE","La Capital","Asfalto","No existe","I","S/D","Urbana","Ninguna","No existe","Recta","Bueno","Buena","Nocturna","Buen Tiempo","Lateral","S/D","Colisión","Ninguna","Vertical","Línea divisoria pintada","Sin restricción"
2014,11117,20/11/2014,"Jueves",0,09:00:00,,"0.0",1,"Automóvil","Av Peñaloza 7200",1,1,0,0,0,0,0,,"Avenida",,"SANTA FE","La Capital","Hormigón","Pavimento","I","Dentro","Urbana","Ninguna","No existe","Recta","Bueno","Buena","Diurna","Buen Tiempo","S/D","S/D","Despiste","S/D","Vertical","Cordón divisorio","Sin restricción"
2014,11118,20/12/2014,"Sabado",0,23:30:00,"Ruta Nacional 11","477.0",2,"Automóvil,Moto/Ciclomotor"," ",2,1,0,0,1,0,0,,"Ruta",11,"RECREO","La Capital","Asfalto","Ripio","I","Dentro","Urbana","Ninguna","S/D","Curva","Bueno","Buena","Nocturna,Con luz artificial","Buen Tiempo","Lateral","S/D","Colisión","Ninguna","Horizontal","Línea divisoria pintada","Sin restricción"
2014,11119,28/12/2014,"Domingo",0,23:50:00,,"0.0",2,"Moto/Ciclomotor,Automóvil","Juan Bautista Alberdi Y Centenario",4,2,0,0,2,0,0,,"Calle",,"SANTO TOMÉ","La Capital","Asfalto","No existe","I","S/D","Urbana","Ninguna","No existe","Recta","Bueno","Buena","Nocturna","Buen Tiempo","Lateral","S/D","Colisión","S/D","Faltante","S/D","Sin restricción"
2014,11120,23/11/2014,"Domingo",0,23:30:00,"Ruta Nacional 11","0.0",2,"Moto/Ciclomotor,Otros"," ",3,0,0,0,0,0,3,,"Ruta",11,"SANTA FE","La Capital","Asfalto","S/D","I","Dentro","Urbana","S/D","S/D","Recta","S/D","S/D","Diurna","S/D","S/D","S/D","Colisión","S/D","S/D","S/D","S/D"
2014,11121,20/12/2014,"Sabado",0,02:35:00,"Ruta Nacional 33","774.0",2,"Moto/Ciclomotor,Transporte de Pasajeros Larga Distancia (Doble Piso)"," ",2,0,0,0,1,1,0,"-33.019063, -60.879244","Ruta",33,"ZAVALLA","Rosario","Asfalto","Ripio","II","Dentro","Urbana","Ninguna","No existe","Recta","Bueno","Buena","Nocturna,Con luz artificial","Buen Tiempo","Lateral","S/D","Colisión","Ninguna","Horizontal","Línea divisoria pintada","S/D"
2014,11122,17/12/2014,"Miercoles",0,10:00:00,"Ruta Provincial 1","400.0",2,"Moto/Ciclomotor,Transporte de Pasajeros Larga Distancia (> 8 asientos)"," ",2,1,0,0,1,0,0,,"Ruta",1,"COLASTINE","La Capital","Asfalto","No existe","I","Dentro","Urbana","Ninguna","Funciona","Recta","Bueno","Buena","Diurna","Buen Tiempo","Lateral","S/D","Colisión","Ninguna","Vertical","Línea divisoria pintada","Sin restricción"
2014,11123,06/12/2014,"Sabado",0,11:00:00,,"0.0",2,"Automóvil,Automóvil","25 de Mayo Y Mariano Moreno",3,1,0,0,2,0,0,,"Avenida",,"SAN GUILLERMO","San Cristóbal","Asfalto","S/D","XIII","S/D","Urbana","Ninguna","S/D","Recta","S/D","Buena","Diurna","Buen Tiempo","Lateral","S/D","Colisión","S/D","S/D","Ninguna","Sin restricción"
2014,11124,25/12/2014,"Jueves",0,20:40:00,"Ruta Provincial 2","31.0",1,"Moto/Ciclomotor"," ",2,2,0,0,0,0,0,,"Ruta",2,"LAGUNA PAIVA","La Capital","Asfalto","Natural","I","Dentro","Rural","Ninguna","No existe","Recta","Bueno","Reducida","Nocturna","Buen Tiempo","S/D","S/D","Despiste","S/D","Horizontal,Vertical","Línea divisoria pintada","Sin restricción"
2014,11125,18/12/2014,"Jueves",0,12:00:00,,"0.0",2,"Moto/Ciclomotor,Taxi/Remis","General Manuel Belgrano Y Balcarce",3,2,0,0,1,0,0,,"Calle",,"SANTO TOMÉ","La Capital","Asfalto","No existe","I","S/D","Urbana","S/D","No existe","Intersección","Bueno","Buena","Diurna","Buen Tiempo","Lateral","S/D","Colisión","S/D","S/D","S/D","S/D"
2014,11126,21/12/2014,"Domingo",0,20:40:00,"Ruta Provincial 1","2.0",2,"Automóvil,Moto/Ciclomotor"," ",2,1,0,0,1,0,0,,"Ruta",1,"COLASTINE","La Capital","Asfalto","No existe","I","Dentro","Urbana","Ninguna","No existe","Recta","Bueno","Buena","Nocturna","Buen Tiempo","Lateral","S/D","Colisión","S/D","Horizontal","Línea divisoria pintada","Sin restricción"