"anio_acci","nro_acci","fecha","desc_dia","fecha_aprox","hora_aprox","desc_ruta","km","cant_participantes","desc_participante","calle_avenida_km","total","heridos_leves","heridos_graves","heridos_gravisimos","ilesos","fallecidos","sin_datos","posicion_XY","desc_tipo_via","desc_ruta_ori","desc_loc","desc_dpto","desc_tipo_calzada","desc_tipo_banquina","desc_unidad_regional","desc_lugar_calzada","desc_zona","desc_prioridad","desc_estado_semaforo","desc_lugar_via","desc_estado_via","desc_estado_visibilidad","desc_luminosidad","desc_estado_clima","desc_tipo_colision","desc_tipo_atropello","desc_tipo_hecho","desc_pres_calzada","desc_senializacion","desc_separacion_via","desc_restriccion"
2014,11127,02/12/2014,"Martes",0,06:50:00,,"0.0",2,"Otros,Moto/Ciclomotor","Belgrano Y Castellanos",2,1,0,0,1,0,0,,"Calle",,"SANTA FE","La Capital","S/D","S/D","I","Dentro","Urbana","S/D","S/D","Intersección","S/D","S/D","Diurna","S/D","Lateral","S/D","Colisión","S/D","S/D","S/D","S/D"
2014,11128,23/12/2014,"Martes",0,21:00:00,,"0.0",2,"Moto/Ciclomotor,Moto/Ciclomotor","Av Blas Parera Y Florencio Fernandez",4,3,0,0,1,0,0,,"Avenida",,"SANTA FE","La Capital","Asfalto","Pavimento","I","S/D","Urbana","Ninguna","No existe","Recta","Bueno","Buena","Nocturna","Buen Tiempo","Frontal","S/D","Colisión","Ninguna","Faltante","Guardarrail","Sin restricción"
2014,11129,26/12/2014,"Viernes",0,21:30:00,"Ruta Provincial 2","30.0",2,"Pickup/Utilitario,Automóvil"," ",3,1,0,0,2,0,0,,"Ruta",2,"LAGUNA PAIVA","La Capital","Asfalto","Natural","I","Dentro","Rural","Ninguna","No existe","Curva","Bueno","Reducida","Nocturna,Con luz artificial","Lluvia","Otro","S/D","Colisión","Agua","Horizontal,Vertical","Línea divisoria pintada","Sin restricción"
2014,11130,22/12/2014,"Lunes",0,19:40:00,"Ruta Nacional 11","477.2",2,"Moto/Ciclomotor,Pickup/Utilitario"," ",2,0,1,0,1,0,0,,"Ruta",11,"RECREO","La Capital","Hormigón","Ripio","I","Dentro","Urbana","Ninguna","No existe","Recta","Bueno","Buena","Atardecer","Buen Tiempo","Lateral","S/D","Colisión","Ninguna","Horizontal","Línea divisoria pintada","Sin restricción"
2014,11131,14/12/2014,"Domingo",0,20:45:00,,"0.0",2,"Moto/Ciclomotor,Automóvil","Quintana Y Alvear",6,4,0,0,1,0,1,,"Calle",,"SANTA FE","La Capital","Asfalto","S/D","I","Dentro","Urbana","S/D","S/D","Recta","Bueno","Buena","Atardecer","Buen Tiempo","S/D","S/D","Colisión","S/D","S/D","Ninguna","Sin restricción"
2014,11132,27/12/2014,"Sabado",0,17:00:00,,"0.0",2,"Moto/Ciclomotor,Automóvil","Mariano Candioti Y La Rioja",2,1,0,0,1,0,0,,"Calle",,"SANTO TOMÉ","La Capital","Asfalto","No existe","I","S/D","Urbana","Otra Señal","No existe","Intersección","Bueno","Buena","Nocturna","Buen Tiempo","De alcance","S/D","Colisión","Fluidos","S/D","S/D","S/D"
2014,11133,26/12/2014,"Viernes",0,20:00:00,"Autovía Provincial Brigadier E.López","143.0",2,"Automóvil,Automóvil"," ",3,3,0,0,0,0,0,,"Autovía","Brigadier E.López","SAUCE VIEJO","La Capital","Asfalto","S/D","I","Dentro","Rural","S/D","S/D","Recta","Bueno","S/D","Atardecer","S/D","S/D","S/D","S/D","S/D","S/D","S/D","S/D"
2014,11134,19/12/2014,"Viernes",0,12:00:00,"Ruta Provincial 1","0.0",2,"Automóvil,Automóvil"," ",3,1,0,0,2,0,0,,"Ruta",1,"SAN JOSÉ DEL RINCÓN","La Capital","Asfalto","Natural","I","S/D","Urbana","Marca Vial","No existe","Recta","Deteriorada","Buena","Diurna","Buen Tiempo","Otro","S/D","Colisión","Ninguna","Horizontal","Línea divisoria pintada","Sin restricción"
2014,11135,16/12/2014,"Martes",0,12:00:00,"Ruta Nacional 11","513.5",2,"Automóvil,Camión"," ",5,2,1,0,2,0,0,,"Ruta",11,"NELSON","La Capital","Asfalto","Natural","I","Dentro","Rural","Ninguna","No existe","Recta","Bueno","Buena","Diurna","Buen Tiempo","Lateral","S/D","Colisión","S/D","Faltante","Línea divisoria pintada","Sin restricción"
2014,11136,19/12/2014,"Viernes",0,12:00:00,,"0.0",2,"Moto/Ciclomotor,Otros","Capitan Martin Anton Y Luis Leon de lo Santos",2,1,0,0,0,0,1,,"S/D",,"SAN JOSÉ DEL RINCÓN","La Capital","Arena","Natural","I","S/D","Urbana","Ninguna","No existe","Intersección","Resbaladiza","Buena","Diurna","Buen Tiempo","Lateral","S/D","Colisión","Ninguna","Faltante","Ninguna","Sin restricción"
2014,11137,28/12/2014,"Domingo",0,19:30:00,,"0.0",2,"Pickup/Utilitario,Moto/Ciclomotor","Av Almte Brown Y Bv Muttis",2,1,0,0,1,0,0,,"Avenida",,"SANTA FE","La Capital","Asfalto","No existe","I","Dentro","Urbana","Ninguna","No existe","Intersección","Bueno","Buena","Diurna","Buen Tiempo","Lateral","S/D","Colisión","S/D","Vertical","Cordón divisorio","Sin restricción"
2014,11138,03/12/2014,"Miercoles",0,12:45:00,"Ruta Nacional 11","481.5",2,"Moto/Ciclomotor,Automóvil"," ",2,1,0,0,1,0,0,,"Ruta",11,"RECREO","La Capital","Asfalto","Natural","I","Dentro","Urbana","Ninguna","No existe","Recta","Bueno","Buena","Diurna","Buen Tiempo","De alcance","S/D","Colisión","Ninguna","Vertical","Ninguna","Sin restricción"
2014,11139,13/12/2014,"Sabado",0,20:40:00,"Ruta Provincial 1","10.0",2,"Moto/Ciclomotor,Moto/Ciclomotor"," ",2,2,0,0,0,0,0,,"Ruta",1,"SAN JOSÉ DEL RINCÓN","La Capital","Asfalto","Natural","I","S/D","Urbana","Ninguna","No existe","Recta","Bueno","Buena","Atardecer","Buen Tiempo","Lateral","S/D","Colisión","Ninguna","Faltante","Línea divisoria pintada","Sin restricción"
2014,11140,13/12/2014,"Sabado",0,13:45:00,"Ruta Provincial 5","0.0",2,"Automóvil,Moto/Ciclomotor"," ",3,0,1,0,2,0,0,,"Ruta",5,"MONTE VERA","La Capital","Hormigón","Natural","I","Dentro","Rural","Ninguna","No existe","Recta","Bueno","Buena","Diurna","Buen Tiempo","De alcance","S/D","Colisión","Ninguna","S/D","Ninguna","Sin restricción"
2014,11141,29/12/2014,"Lunes",0,09:00:00,,"0.0",2,"Moto/Ciclomotor,Automóvil","Las Heras Y Pedro Ferre",2,1,0,0,1,0,0,,"Calle",,"SANTA FE","La Capital","Asfalto","No existe","I","Dentro","Urbana","S/D","No existe","Intersección","Con baches","S/D","Diurna","S/D","Lateral","S/D","Colisión","S/D","S/D","Ninguna","Sin restricción"
2014,11142,28/12/2014,"Domingo",0,08:30:00,"Ruta Provincial 2","272.0",2,"Automóvil,Automóvil"," ",4,3,0,0,1,0,0,,"Ruta",2,"LAS AVISPAS","San Cristóbal","Asfalto","Natural","XIII","Dentro","Rural","Ninguna","No existe","Recta","Bueno","Buena","Amanecer","Lluvia","Frontal","S/D","Colisión","Agua","Faltante","Línea divisoria pintada","Sin restricción"
2014,11143,06/12/2014,"Sabado",0,22:30:00,,"0.0",2,"Moto/Ciclomotor,Moto/Ciclomotor","AV KIS QYUBTEROS Y AV A. DEL VALLE",3,2,0,0,1,0,0,,"Avenida",,"ANGEL GALLARDO","La Capital","Hormigón","Natural","I","Dentro","Rural","Ninguna","No existe","Intersección","Bueno","Buena","Nocturna,Con luz artificial","Buen Tiempo","Lateral","S/D","Colisión","S/D","S/D","Cordón divisorio","Sin restricción"
2014,11144,18/12/2014,"Jueves",0,21:15:00,,"0.0",2,"Moto/Ciclomotor,Taxi/Remis","Av. Provincias Unidas Y J.B.Justo",5,3,0,0,1,1,0,"-32.915019, -60.713779","Avenida",,"ROSARIO","Rosario","Asfalto","No existe","II","Dentro","Urbana","S/D","S/D","Intersección","Bueno","S/D","Nocturna,Con luz artificial","Buen Tiempo","S/D","S/D","Colisión","Ninguna","S/D","Cordón divisorio","S/D"
2014,11145,04/12/2014,"Jueves",0,05:50:00,,"0.0",2,"Moto/Ciclomotor,Automóvil","Caseros Y Saavedra",2,1,0,0,1,0,0,,"Calle",,"SAN CRISTÓBAL","San Cristóbal","Asfalto","No existe","XIII","Dentro","Urbana","Ninguna","No existe","Intersección","Bueno","Buena","Amanecer","Buen Tiempo","Lateral","S/D","Colisión","S/D","Faltante","Ninguna","Sin restricción"
2014,11146,06/12/2014,"Sabado",0,21:30:00,"Ruta Nacional 11","509.0",3,"Automóvil,Automóvil,Camión"," ",7,4,2,0,1,0,0,,"Ruta",11,"NELSON","La Capital","Asfalto","Natural","I","Dentro","Urbana","Ninguna","No existe","Recta","Bueno","Buena","Nocturna","Buen Tiempo","Múltiple","S/D","Colisión","S/D","Faltante","Ninguna","Sin restricción"
2014,11147,18/12/2014,"Jueves",0,19:30:00,,"0.0",2,"Automóvil,Moto/Ciclomotor","Av Peñaloza Y Estanislao Zeballos",2,1,0,0,1,0,0,,"Avenida",,"SANTA FE","La Capital","Hormigón","Pavimento","I","Dentro","Urbana","Semáforo","Funciona","Intersección","Bueno","Buena","Atardecer","Buen Tiempo","Lateral","S/D","Colisión","S/D","Vertical","Barrera de hormigón","Sin restricción"
2014,11148,30/12/2014,"Martes",0,01:00:00,,"0.0",2,"Pickup/Utilitario,Moto/Ciclomotor","Av Galicia Y Av A del Valle",2,1,0,0,1,0,0,,"Calle",,"SANTA FE","La Capital","Asfalto","Natural","I","Dentro","Urbana","S/D","Funciona","Intersección","S/D","Buena","Nocturna","Buen Tiempo","Lateral","S/D","Colisión","S/D","S/D","Cordón divisorio","Sin restricción"
2014,11149,30/12/2014,"Martes",0,11:00:00,,"0.0",2,"Automóvil,Automóvil","Av Blas Parera 8100",2,1,0,0,1,0,0,,"Avenida",,"SANTA FE","La Capital","Hormigón","No existe","I","Dentro","Urbana","Ninguna","No existe","Recta","Bueno","Buena","Diurna","Buen Tiempo","Lateral","S/D","Colisión","Ninguna","Horizontal,Vertical","Cordón divisorio","Sin restricción"
2014,11150,24/12/2014,"Miercoles",0,12:15:00,"Ruta Nacional 11","0.0",2,"Moto/Ciclomotor,Automóvil","Storni A ",3,1,1,0,1,0,0,,"Ruta",11,"RECREO","La Capital","Asfalto","Natural","I","Dentro","Urbana","Ninguna","No existe","Recta","Bueno","Buena","Diurna","Buen Tiempo","De alcance","S/D","Colisión","Ninguna","Vertical","Línea divisoria pintada","Sin restricción"
2014,11151,04/12/2014,"Jueves",0,11:50:00,,"0.0",2,"Automóvil,Moto/Ciclomotor","Avenida Vicente Casares Y Almirante Brown",2,1,0,0,1,0,0,,"Avenida",,"CERES","San Cristóbal","Asfalto","No existe","XIII","S/D","Urbana","Ninguna","No existe","Recta","Bueno","Buena","Diurna","Buen Tiempo","De alcance","S/D","Colisión","S/D","S/D","Barrera de hormigón","Sin restricción"
2014,11152,18/12/2014,"Jueves",0,14:00:00,,"0.0",2,"Automóvil,Automóvil","Gdor Rodolfo Lehman Y Reg 12 de Infanteria",2,1,0,0,1,0,0,,"Calle",,"SANTA FE","La Capital","Tierra","Natural","I","Dentro","Urbana","Ninguna","No existe","Intersección","Deteriorada","Buena","Diurna","Buen Tiempo","Lateral","S/D","Colisión","Otro","Faltante","Ninguna","Sin restricción"
2014,11153,05/12/2014,"Viernes",0,10:30:00,"Ruta Provincial 23","0.0",2,"Moto/Ciclomotor,Automóvil","Jujuy Y ",2,0,0,1,1,0,0,,"Ruta",23,"SAN GUILLERMO","San Cristóbal","Asfalto","S/D","XIII","S/D","Urbana","S/D","S/D","Recta","Bueno","Buena","Diurna","Buen Tiempo","Lateral","S/D","Colisión","S/D","S/D","S/D","S/D"
2014,11154,28/12/2014,"Domingo",0,18:00:00,,"0.0",2,"Moto/Ciclomotor,Moto/Ciclomotor","Av Peñaloza Y J Castelli",2,2,0,0,0,0,0,,"Avenida",,"SANTA FE","La Capital","Hormigón","No existe","I","Dentro","Urbana","Semáforo","Funciona","Intersección","Bueno","Buena","Diurna","Buen Tiempo","Lateral","S/D","Colisión","Ninguna","Horizontal,Vertical","Cordón divisorio","Sin restricción"
2014,11155,31/12/2014,"Miercoles",0,02:00:00,,"0.0",2,"Moto/Ciclomotor,Automóvil","Hernandarias Y Mitre",2,1,0,0,1,0,0,,"Calle",,"SANTA FE","La Capital","S/D","No existe","I","Dentro","Urbana","Ninguna","No existe","Intersección","Bueno","Buena","Nocturna,Con luz artificial","Buen Tiempo","Lateral","S/D","Colisión","S/D","S/D","Ninguna","Sin restricción"
2014,11156,13/12/2014,"Sabado",0,11:55:00,"Ruta Provincial 1","4.5",2,"Automóvil,Moto/Ciclomotor"," ",3,2,0,0,1,0,0,,"Ruta",1,"SAN JOSÉ DEL RINCÓN","La Capital","S/D","Natural","I","Fuera","Urbana","Ninguna","No existe","Curva","Bueno","Buena","Diurna","Buen Tiempo","Lateral","S/D","Colisión","Ninguna","Faltante","Línea divisoria pintada","Reparación de Vía"
2014,11157,27/12/2014,"Sabado",0,10:00:00,,"0.0",2,"Moto/Ciclomotor,Taxi/Remis","Av Blas Parera Y Azcuenaga",2,1,0,0,1,0,0,,"Avenida",,"SANTA FE","La Capital","Hormigón","S/D","I","Dentro","Urbana","Ninguna","No existe","Intersección","Bueno","Buena","Diurna","Buen Tiempo","Lateral","S/D","Colisión","Ninguna","Horizontal,Vertical","S/D","Sin restricción"
2014,11158,08/12/2014,"Lunes",0,19:20:00,"Ruta Provincial 4","36.0",1,"Automóvil"," ",3,3,0,0,0,0,0,,"Ruta",4,"SAN CRISTÓBAL","San Cristóbal","Hormigón","Natural","XIII","S/D","Rural","Ninguna","No existe","Recta","Bueno","Buena","Diurna","Buen Tiempo","S/D","S/D","Vuelco","Ninguna","Faltante","Línea divisoria pintada","Sin restricción"
2014,11159,26/12/2014,"Viernes",0,19:20:00,"Ruta Nacional 11","482.0",2,"Moto/Ciclomotor,Pickup/Utilitario"," ",2,1,0,0,1,0,0,,"Ruta",11,"RECREO","La Capital","Asfalto","Natural","I","Dentro","Urbana","Ninguna","No existe","Recta","Resbaladiza","Reducida","Atardecer","Lluvia","De alcance","S/D","Colisión","Agua","Vertical","Línea divisoria pintada","Sin restricción"
2014,11160,20/12/2014,"Sabado",0,23:25:00,"Autopista Nacional A008","15.9",2,"Peatón,Automóvil","Av. Circunvalacion Y Av. Uriburu",2,0,0,0,1,1,0,"-32.992068, -60.702149","Autopista","A008","ROSARIO","Rosario","Asfalto","Natural","II","Dentro","Urbana","Otra Señal","No existe","Recta","Bueno","S/D","Nocturna,Con luz artificial","S/D","S/D","S/D","Atropello","Ninguna","S/D","Barrera de hormigón","S/D"
2014,11161,22/12/2014,"Lunes",0,03:20:00,,"0.0",2,"Moto/Ciclomotor,Automóvil","Av Peñaloza 7991",2,1,0,0,1,0,0,,"Avenida",,"SANTA FE","La Capital","Hormigón","S/D","I","Dentro","Urbana","Ninguna","No existe","Recta","Bueno","Buena","Nocturna,Con luz artificial","Buen Tiempo","Lateral","S/D","Colisión","S/D","S/D","Cordón divisorio","Sin restricción"
2014,11162,20/12/2014,"Sabado",0,06:15:00,"Ruta Nacional 11","0.0",2,"Automóvil,Moto/Ciclomotor","Primera Junta Y Ruta 11 Avenida Richieri",2,1,0,0,1,0,0,,"Ruta",11,"SANTO TOMÉ","La Capital","Asfalto","Ripio","I","Dentro","Urbana","S/D","No existe","Curva","Bueno","Buena","Amanecer","Buen Tiempo","Lateral","S/D","Colisión","Ninguna","Faltante","S/D","Sin restricción"
2014,11163,10/12/2014,"Miercoles",0,21:30:00,,"0.0",2,"Moto/Ciclomotor,Automóvil","Gdor. Candioti Y 9 de Julio",2,1,0,0,1,0,0,,"Calle",,"NELSON","La Capital","Asfalto","No existe","I","Dentro","Urbana","Ninguna","No existe","Intersección","Bueno","Buena","Nocturna","Buen Tiempo","Lateral","S/D","Colisión","Ninguna","Faltante","Ninguna","Sin restricción"
2014,11164,25/12/2014,"Jueves",0,21:30:00,"Ruta Secundaria 7-s","0.0",2,"Moto/Ciclomotor,Pickup/Utilitario","Santa Fe Y Guillermo Dimmer",2,0,0,0,1,1,0,"-33.727714, -61.969920","Ruta","7-s","VENADO TUERTO","General López","Asfalto","No existe","V","Dentro","Urbana","S/D","S/D","Intersección","Bueno","S/D","Nocturna,Con luz artificial","S/D","S/D","S/D","Colisión","Ninguna","S/D","Ninguna","S/D"
2014,11165,29/12/2014,"Lunes",0,13:40:00,,"0.0",2,"Automóvil,Pickup/Utilitario","Hernandarias Y Chaco",2,1,0,0,1,0,0,,"Calle",,"SANTO TOMÉ","La Capital","Asfalto","No existe","I","S/D","Urbana","S/D","No existe","Intersección","Bueno","Buena","Diurna","Buen Tiempo","Lateral","S/D","Colisión","S/D","S/D","S/D","S/D"
2014,11166,18/12/2014,"Jueves",0,07:00:00,,"0.0",2,"Peatón,Moto/Ciclomotor","Vieytes Y Chiclana",2,1,0,0,1,0,0,,"Calle",,"SANTA FE","La Capital","Asfalto","Natural","XII","Dentro","Urbana","Ninguna","No existe","Intersección","Bueno","Buena","Diurna","Buen Tiempo","S/D","S/D","Atropello","Material Suelto","Faltante","Ninguna","Sin restricción"
2014,11167,25/12/2014,"Jueves",0,08:10:00,"Ruta Nacional 168","0.0",1,"Moto/Ciclomotor"," ",2,2,0,0,0,0,0,,"Ruta",168,"LA GUARDIA","La Capital","Asfalto","Pavimento","I","Dentro","Urbana","Ninguna","No existe","Recta","Bueno","Buena","Diurna","Buen Tiempo","S/D","S/D","Despiste","Ninguna","Vertical","Barrera de hormigón","Sin restricción"
2014,11168,06/12/2014,"Sabado",0,20:50:00,,"0.0",2,"Moto/Ciclomotor,Automóvil","Av Sarmiento Y Rivadavia",4,2,0,0,2,0,0,,"Avenida",,"HERSILIA","San Cristóbal","Asfalto","Pavimento","XIII","Dentro","Urbana","Ninguna","No existe","Intersección","Bueno","Buena","Nocturna","Buen Tiempo","Lateral","S/D","Colisión","S/D","Faltante","Ninguna","Sin restricción"
2014,11169,27/12/2014,"Sabado",0,22:00:00,,"0.0",2,"Bicicleta,Otros","Av A del Valle Y Gorriti",2,0,0,0,1,1,0,"-31.590649, -60.692254","Avenida",,"SANTA FE","La Capital","Asfalto","No existe","I","Dentro","Urbana","Semáforo","Funciona","Intersección","Bueno","S/D","Nocturna,Con luz artificial","Buen Tiempo","S/D","S/D","Colisión","S/D","S/D","Cordón divisorio","S/D"
2014,11170,30/12/2014,"Martes",0,07:30:00,"Autopista Nacional A008","0.0",2,"Peatón,Automóvil","Av. Circunvalacion Y Bv. 27 De Febrero",2,0,0,0,1,1,0,"-32.959646, -60.721071","Autopista","A008","ROSARIO","Rosario","Asfalto","Natural","II","Dentro","Urbana","Otra Señal","No existe","Recta","Bueno","Buena","Diurna","S/D","S/D","S/D","Atropello","S/D","S/D","Barrera de hormigón","S/D"
2014,11171,29/12/2014,"Lunes",0,18:40:00,,"0.0",2,"Automóvil,Automóvil","Guemes Y Quintana",2,1,0,0,1,0,0,,"Calle",,"SANTA FE","La Capital","Asfalto","S/D","I","Dentro","Urbana","Ninguna","S/D","Intersección","Bueno","Buena","Diurna","Buen Tiempo","Lateral","S/D","Colisión","S/D","S/D","Ninguna","Sin restricción"
2014,11172,31/12/2014,"Miercoles",0,11:20:00,,"0.0",2,"Pickup/Utilitario,Moto/Ciclomotor","Av Malvinas Argentinas Y Formosa",2,1,0,0,1,0,0,,"Avenida",,"SANTO TOMÉ","La Capital","Ripio","No existe","I","Dentro","Urbana","S/D","No existe","Intersección","Bueno","Buena","Diurna","Buen Tiempo","Lateral","S/D","Colisión","Ninguna","Faltante","S/D","Sin restricción"
2014,11173,21/12/2014,"Domingo",0,16:30:00,,"0.0",2,"Moto/Ciclomotor,Automóvil","ROVERANO 3800",2,1,0,0,1,0,0,,"Calle",,"SAUCE VIEJO","La Capital","Ripio","S/D","I","Dentro","Urbana","S/D","S/D","Recta","S/D","Buena","Diurna","S/D","S/D","S/D","S/D","S/D","S/D","S/D","S/D"
2014,11174,16/12/2014,"Martes",0,16:00:00,,"0.0",2,"Bicicleta,Pickup/Utilitario","Lujan Y Calle 4",2,1,0,0,1,0,0,,"Calle",,"SAUCE VIEJO","La Capital","Ripio","S/D","I","Dentro","Urbana","S/D","S/D","Intersección","Bueno","Buena","Diurna","S/D","S/D","S/D","Atropello","S/D","S/D","S/D","S/D"
2014,11175,16/12/2014,"Martes",0,22:40:00,,"0.0",2,"Peatón,Moto/Ciclomotor","Estado de Israel 4226",2,1,0,0,1,0,0,,"Calle",,"SANTA FE","La Capital","Asfalto","Natural","XII","Dentro","Urbana","Ninguna","No existe","Recta","Deteriorada","Reducida","Nocturna","Buen Tiempo","S/D","S/D","Atropello","S/D","Faltante","Ninguna","S/D"
2014,11176,15/12/2014,"Lunes",0,13:00:00,,"0.0",2,"Moto/Ciclomotor,Automóvil","Av Blas Parera Y Vieytes",3,2,0,0,1,0,0,,"Avenida",,"SANTA FE","La Capital","Hormigón","Pavimento","XII","Dentro","Urbana","Semáforo","Funciona","Intersección","Bueno","Buena","Diurna","Buen Tiempo","Lateral","S/D","Colisión","S/D","Horizontal,Vertical","Cordón divisorio","Sin restricción"
2014,11177,02/12/2014,"Martes",0,19:40:00,,"0.0",2,"Automóvil,Bicicleta","1 de mayo Y Tierra del Fuego",2,1,0,0,1,0,0,,"Calle",,"SANTO TOMÉ","La Capital","Ripio","No existe","I","Dentro","Urbana","Ninguna","No existe","Intersección","Bueno","Buena","Atardecer","S/D","S/D","S/D","Atropello","Ninguna","Faltante","Ninguna","Sin restricción"
2014,11178,14/12/2014,"Domingo",0,11:00:00,,"0.0",2,"Moto/Ciclomotor,Automóvil","Av Blas Parera Y Azcuenaga",2,1,0,0,1,0,0,,"Avenida",,"SANTA FE","La Capital","Hormigón","No existe","I","Dentro","Urbana","Ninguna","No existe","Intersección","Bueno","Buena","Diurna","Buen Tiempo","Lateral","S/D","Colisión","S/D","Horizontal,Vertical","Cordón divisorio","Sin restricción"
2014,11179,13/12/2014,"Sabado",0,13:20:00,,"0.0",2,"Moto/Ciclomotor,Automóvil","Estanislao Zeballos Y Ignacio Crespo",3,2,0,0,1,0,0,,"Calle",,"SANTA FE","La Capital","Asfalto","Natural","XII","Dentro","Urbana","Ninguna","No existe","Intersección","Deteriorada","Buena","Diurna","Buen Tiempo","S/D","S/D","Colisión","S/D","Faltante","Ninguna","Sin restricción"
2014,11180,11/12/2014,"Jueves",0,10:30:00,,"0.0",2,"Moto/Ciclomotor,Pickup/Utilitario","Av Blas Parera Y Don Guanella",2,1,0,0,1,0,0,,"Avenida",,"SANTA FE","La Capital","Hormigón","Pavimento","I","Dentro","Urbana","Ninguna","No existe","Intersección","Bueno","Buena","Diurna","Buen Tiempo","Lateral","S/D","Colisión","Agua","Horizontal,Vertical","Cordón divisorio","Sin restricción"
2014,11181,08/08/2014,"Viernes",0,13:55:00,"Ruta Nacional 168","473.0",2,"Automóvil,Automóvil","Ruta Nac 168 473",2,2,0,0,0,0,0,,"Ruta",168,"SANTA FE","La Capital","Hormigón","S/D","I","Dentro","S/D","S/D","S/D","S/D","S/D","S/D","Diurna","S/D","S/D","S/D","Colisión","S/D","S/D","S/D","S/D"
2014,11182,08/08/2014,"Viernes",0,14:15:00,"Ruta Nacional 168","473.0",3,"Automóvil,Automóvil,Automóvil","Ruta Nac 168 473",3,0,0,0,0,0,3,,"Ruta",168,"SANTA FE","La Capital","Hormigón","S/D","I","Dentro","S/D","S/D","S/D","S/D","S/D","S/D","Diurna","S/D","Múltiple","S/D","Colisión","S/D","S/D","S/D","S/D"
2014,11183,02/08/2014,"Sabado",0,,,"0.0",1,"Cuatriciclo","Av Almte Brown 5000",1,0,0,0,0,1,0,"-31.626222222222,-60.679055555556","Avenida",,"SANTA FE","La Capital","Asfalto","No existe","I","Fuera","Urbana","S/D","No existe","Recta","S/D","S/D","Nocturna,Con luz artificial","S/D","Contra objeto fijo","S/D","Colisión","S/D","S/D","Cordón divisorio","S/D"
2014,11184,17/07/2014,"Jueves",0,21:00:00,"Ruta Nacional 34","197.0",2,"Camión,Pickup/Utilitario"," ",2,1,0,0,1,0,0,,"Ruta",34,"ANGÉLICA","Castellanos","S/D","S/D","V","Fuera","Rural","S/D","S/D","Recta","S/D","S/D","Nocturna","S/D","Atropello animal","S/D","Colisión","S/D","S/D","S/D","S/D"
2014,11185,11/08/2014,"Lunes",0,00:50:00,"Ruta Nacional 11","571.0",1,"Camión","Rio Negro ",1,0,0,0,0,0,1,,"Ruta",11,"TACUARENDÍ","General Obligado","Hormigón","S/D","IX","Dentro","S/D","S/D","S/D","S/D","S/D","S/D","Nocturna","S/D","Atropello animal","S/D","Colisión","S/D","S/D","S/D","S/D"
2014,11188,13/08/2014,"Miercoles",0,11:00:00,"Ruta Nacional 33","748.0",1,"Automóvil"," ",2,1,0,0,0,1,0,"-33.027685599443,-61.110204257213","Ruta",33,"CASILDA","Caseros","Hormigón","Natural","IV","Fuera","S/D","S/D","S/D","Recta","S/D","Buena","Diurna","Buen Tiempo","Contra objeto fijo","S/D","Colisión","S/D","S/D","S/D","S/D"
2014,11189,18/07/2014,"Viernes",0,02:15:00,"Autopista Provincial Brigadier E.López","16.0",1,"Automóvil"," ",3,1,0,0,2,0,0,,"Autopista","Brigadier E.López","SAN LORENZO","San Lorenzo","S/D","S/D","XVII","Dentro","Urbana","S/D","S/D","Recta","S/D","S/D","Nocturna","S/D","S/D","S/D","Vuelco","S/D","S/D","S/D","S/D"
2014,11191,19/07/2014,"Sabado",0,03:10:00,"Ruta Provincial 1","139.0",1,"Moto/Ciclomotor"," ",2,1,0,0,1,0,0,,"Ruta",1,"COLONIA FRANCESA","San Javier","S/D","S/D","XIV","Dentro","Rural","S/D","S/D","Recta","S/D","S/D","Nocturna","S/D","Atropello animal","S/D","Colisión","S/D","S/D","S/D","S/D"
2014,11192,20/01/2014,"Lunes",0,,,"0.0",2,"Automóvil,Moto/Ciclomotor","Soldado Aguirre Y Av Filipini",2,1,0,0,1,0,0,,"Calle",,"VILLA GOBERNADOR GÁLVEZ","Rosario","S/D","No existe","II","S/D","Urbana","Ninguna","No existe","Otro","Otro","Buena","Diurna","Otro","Otro","S/D","Otro","Otro","S/D","Ninguna","Sin restricción"
2014,11193,30/12/2014,"Martes",0,11:20:00,,"0.0",2,"Peatón,Camión","Av Los Talas 700",2,1,0,0,1,0,0,,"Calle",,"PEREZ","Rosario","Tierra","No existe","II","S/D","Urbana","Ninguna","No existe","Otro","Deteriorada","Buena","Diurna","Buen Tiempo","Otro","S/D","Atropello","S/D","Faltante","Ninguna","Sin restricción"
2014,11194,24/12/2014,"Miercoles",0,14:30:00,,"0.0",2,"Peatón,Camión","Guillermo Hudson Y El Aguaribay",2,1,0,0,1,0,0,,"Calle",,"PEREZ","Rosario","Asfalto","No existe","II","S/D","Urbana","Ninguna","No existe","Intersección","Bueno","Buena","Diurna","Buen Tiempo","S/D","S/D","Atropello","S/D","Faltante","Ninguna","Sin restricción"