"anio_acci","nro_acci","fecha","desc_dia","fecha_aprox","hora_aprox","desc_ruta","km","cant_participantes","desc_participante","calle_avenida_km","total","heridos_leves","heridos_graves","heridos_gravisimos","ilesos","fallecidos","sin_datos","posicion_XY","desc_tipo_via","desc_ruta_ori","desc_loc","desc_dpto","desc_tipo_calzada","desc_tipo_banquina","desc_unidad_regional","desc_lugar_calzada","desc_zona","desc_prioridad","desc_estado_semaforo","desc_lugar_via","desc_estado_via","desc_estado_visibilidad","desc_luminosidad","desc_estado_clima","desc_tipo_colision","desc_tipo_atropello","desc_tipo_hecho","desc_pres_calzada","desc_senializacion","desc_separacion_via","desc_restriccion"
2014,11195,22/12/2014,"Lunes",0,20:30:00,,"0.0",1,"Moto/Ciclomotor","14 Domingo Aron 1376",2,1,0,0,1,0,0,,"Calle",,"SOLDINI","Rosario","Asfalto","S/D","II","Dentro","Urbana","Ninguna","No existe","Recta","Bueno","Buena","Nocturna,Con luz artificial","Buen Tiempo","Otro","S/D","Caída ocupante","S/D","Faltante","Ninguna","Sin restricción"
2014,11196,21/12/2014,"Domingo",0,22:30:00,"Ruta Provincial 14","9.0",2,"Automóvil,Bicicleta","Ruta Pcial 14 ",2,1,0,0,1,0,0,,"Ruta",14,"SOLDINI","Rosario","Asfalto","Natural","II","S/D","Rural","Ninguna","S/D","Recta","Bueno","Buena","Nocturna,Con luz artificial","Buen Tiempo","S/D","S/D","Atropello","S/D","Faltante","Línea divisoria pintada","Sin restricción"
2014,11197,12/12/2014,"Viernes",0,21:55:00,"Autopista Provincial Brigadier E.López","304.0",2,"Automóvil,Moto/Ciclomotor"," ",3,1,0,0,2,0,0,,"Autopista","Brigadier E.López","SOLDINI","Rosario","Hormigón","S/D","II","S/D","Urbana","Ninguna","No existe","Recta","Bueno","Buena","Nocturna,Con luz artificial","Buen Tiempo","Frontal","S/D","Colisión","S/D","Faltante","Ninguna","Sin restricción"
2014,11198,19/12/2014,"Viernes",0,22:00:00,"Ruta Nacional 33","0.0",2,"Moto/Ciclomotor,Automóvil","Ruta Nac 33 ",2,1,0,0,1,0,0,,"Ruta",33,"PEREZ","Rosario","S/D","No existe","II","Dentro","Rural","Ninguna","No existe","Cruce","Otro","Buena","Nocturna","Otro","Lateral","S/D","Colisión","Otro","Faltante","Línea divisoria pintada","Sin restricción"
2014,11199,16/12/2014,"Martes",0,16:45:00,"Ruta Nacional 33","0.0",2,"Moto/Ciclomotor,Moto/Ciclomotor","Ruta Nac 33 Y Av Las Palmeras",2,2,0,0,0,0,0,,"Ruta",33,"PEREZ","Rosario","S/D","No existe","II","Dentro","Urbana","Ninguna","No existe","Intersección","Otro","Buena","Diurna","Otro","Lateral","S/D","Colisión","Otro","Faltante","Ninguna","Sin restricción"
2014,11200,13/12/2014,"Sabado",0,17:20:00,"Ruta Nacional 33","0.0",2,"Moto/Ciclomotor,Automóvil","Ruta Nac 33 Y Rivadavia",2,1,0,0,1,0,0,,"Ruta",33,"PEREZ","Rosario","S/D","No existe","II","Dentro","Urbana","Ninguna","No existe","Intersección","Otro","Buena","Atardecer","Otro","Lateral","S/D","Colisión","Otro","Faltante","Ninguna","Sin restricción"
2014,11201,13/12/2014,"Sabado",0,18:15:00,,"0.0",2,"Peatón,Moto/Ciclomotor","Santa Fe 1200",2,1,0,0,1,0,0,,"Calle",,"PEREZ","Rosario","S/D","No existe","II","Dentro","Urbana","Ninguna","No existe","Recta","Otro","Buena","Atardecer","Otro","S/D","S/D","Atropello","Otro","Faltante","Ninguna","Sin restricción"
2014,11202,04/12/2014,"Jueves",0,12:00:00,,"0.0",2,"Moto/Ciclomotor,Moto/Ciclomotor","Morelli ",2,1,0,0,1,0,0,,"Calle",,"PEREZ","Rosario","S/D","No existe","II","Dentro","Urbana","Ninguna","No existe","Intersección","Otro","Buena","Diurna","Otro","De alcance","S/D","Colisión","Otro","Faltante","Ninguna","Sin restricción"
2014,11203,06/12/2014,"Sabado",0,00:45:00,,"0.0",2,"Automóvil,Moto/Ciclomotor","25 de Mayo Y Dr Borzone",2,1,0,0,1,0,0,,"Calle",,"PEREZ","Rosario","S/D","No existe","II","Dentro","Urbana","Ninguna","No existe","Intersección","Otro","Buena","Nocturna","Otro","Lateral","S/D","Colisión","Otro","Faltante","Ninguna","Sin restricción"
2014,11204,14/12/2014,"Domingo",0,14:45:00,,"0.0",2,"Automóvil,Moto/Ciclomotor","C Bolliger Y Bv Jaime Ferre",2,2,0,0,0,0,0,,"Calle",,"RAFAELA","Castellanos","Asfalto","Natural","V","S/D","Urbana","S/D","No existe","Recta","Bueno","Buena","Diurna","Buen Tiempo","S/D","S/D","S/D","Ninguna","Faltante","Barrera de hormigón","S/D"
2014,11205,14/12/2014,"Domingo",0,20:45:00,,"0.0",2,"Moto/Ciclomotor,Automóvil","14 de Julio ",2,2,0,0,0,0,0,,"Calle",,"RAFAELA","Castellanos","Asfalto","Pavimento","V","S/D","Urbana","S/D","S/D","Intersección","Deteriorada","S/D","Atardecer","Lluvia","De alcance","S/D","Colisión","Agua","Faltante","Barrera de hormigón","S/D"
2014,11206,22/12/2014,"Lunes",0,12:40:00,"Ruta Nacional 33","0.0",2,"Automóvil,Automóvil","Ruta Nac 33 ",2,1,0,0,1,0,0,,"Ruta",33,"PEREZ","Rosario","S/D","No existe","II","Dentro","Urbana","Ninguna","No existe","Curva","Otro","Buena","Diurna","Otro","Lateral","S/D","Colisión","Otro","Faltante","Línea divisoria pintada","Sin restricción"
2014,11207,04/12/2014,"Jueves",0,12:00:00,,"0.0",2,"Moto/Ciclomotor,Moto/Ciclomotor","Aconcagua Y A Diaz",2,0,2,0,0,0,0,,"Calle",,"RAFAELA","Castellanos","Asfalto","No existe","V","S/D","Urbana","S/D","No existe","Intersección","Bueno","Buena","Diurna","Buen Tiempo","Lateral","S/D","Colisión","Ninguna","Faltante","Ninguna","Sin restricción"
2014,11208,19/12/2014,"Viernes",0,04:45:00,,"0.0",1,"Moto/Ciclomotor","Bv Santa Fe Y Aaron Castellanos",1,0,1,0,0,0,0,,"Calle",,"RAFAELA","Castellanos","Asfalto","S/D","V","Dentro","Urbana","Ninguna","No existe","Intersección","Bueno","Buena","Nocturna,Con luz artificial","Buen Tiempo","S/D","S/D","Caída ocupante","Ninguna","Faltante","Cordón divisorio","Sin restricción"
2014,11209,18/02/2014,"Martes",0,20:20:00,,"0.0",1,"Moto/Ciclomotor","A Aguado Y Cordoba",1,1,0,0,0,0,0,,"Calle",,"RAFAELA","Castellanos","Asfalto","No existe","V","Dentro","Urbana","Ninguna","No existe","Recta","Bueno","Buena","Diurna","Buen Tiempo","S/D","S/D","Caída ocupante","Ninguna","Vertical","Ninguna","Sin restricción"
2014,11210,13/08/2014,"Miercoles",0,14:00:00,"Ruta Nacional 8","371.0",2,"Automóvil,Pickup/Utilitario","Ruta Nac 8 371.0",6,5,0,0,1,0,0,,"Ruta",8,"VENADO TUERTO","General López","Hormigón","S/D","VIII","Dentro","S/D","S/D","S/D","S/D","S/D","S/D","Diurna","S/D","S/D","S/D","Colisión","S/D","S/D","S/D","S/D"
2014,11213,14/08/2014,"Jueves",0,17:00:00,"Autopista Provincial Brigadier E.López","136.0",1,"Moto/Ciclomotor"," ",1,1,0,0,0,0,0,,"Autopista","Brigadier E.López","SAUCE VIEJO","La Capital","Hormigón","Natural","I","Dentro","S/D","S/D","S/D","S/D","S/D","S/D","Atardecer","S/D","S/D","S/D","Caída ocupante","S/D","S/D","S/D","S/D"
2014,11214,16/08/2014,"Sabado",0,11:10:00,"Ruta Provincial 70","0.0",2,"Automóvil,Moto/Ciclomotor","Ruta Nacional 11 Y Ruta Prov 70",2,1,0,0,1,0,0,,"Ruta",70,"RECREO","La Capital","Hormigón","Natural","I","Dentro","S/D","S/D","S/D","Cruce","S/D","S/D","Diurna","S/D","S/D","S/D","Colisión","S/D","S/D","S/D","S/D"
2014,11215,16/08/2014,"Sabado",0,15:10:00,"Autopista Provincial Brigadier E.López","79.0",1,"Automóvil"," ",1,1,0,0,0,0,0,,"Autopista","Brigadier E.López","BARRANCAS","San Jerónimo","Hormigón","Natural","XV","Fuera","S/D","S/D","S/D","S/D","S/D","S/D","Diurna","S/D","Contra objeto fijo","S/D","Colisión","S/D","S/D","Guardarrail","S/D"
2014,11216,16/08/2014,"Sabado",0,20:15:00,"Autopista Provincial Brigadier E.López","66.0",1,"Automóvil"," ",1,1,0,0,0,0,0,,"Autopista","Brigadier E.López","MONJE","San Jerónimo","Hormigón","Natural","XV","Dentro","S/D","S/D","S/D","S/D","S/D","S/D","Nocturna","S/D","S/D","S/D","Vuelco","S/D","S/D","S/D","S/D"
2014,11219,21/07/2014,"Lunes",0,22:15:00,"Autopista Provincial Brigadier E.López","19.0",2,"Camión,Camión"," ",2,0,0,0,0,0,2,,"Autopista","Brigadier E.López","SAN LORENZO","San Lorenzo","S/D","S/D","XVII","Dentro","Rural","S/D","S/D","Recta","S/D","S/D","Nocturna","S/D","S/D","S/D","Colisión","S/D","S/D","S/D","S/D"
2014,11220,01/12/2014,"Lunes",1,,,"0.0",2,"Moto/Ciclomotor,Pickup/Utilitario","Bv G L Lhemann Y Bv Jaime Ferre",2,1,0,0,1,0,0,,"Avenida",,"RAFAELA","Castellanos","Asfalto","No existe","V","S/D","Urbana","S/D","S/D","Intersección","Bueno","S/D","Atardecer","S/D","De alcance","S/D","Colisión","S/D","S/D","Ninguna","S/D"
2014,11221,13/12/2014,"Sabado",0,03:00:00,,"0.0",2,"Moto/Ciclomotor,Moto/Ciclomotor","San Juan Y Guemes Gral",2,1,1,0,0,0,0,,"Calle",,"SUNCHALES","Castellanos","Asfalto","No existe","V","Dentro","Urbana","Ninguna","No existe","Intersección","Bueno","Buena","Nocturna","Buen Tiempo","S/D","S/D","Colisión","Ninguna","Faltante","Ninguna","Sin restricción"
2014,11222,02/12/2014,"Martes",0,19:30:00,,"0.0",1,"Bicicleta","C Bolliger Y M Champagnat",1,1,0,0,0,0,0,,"Calle",,"RAFAELA","Castellanos","Asfalto","S/D","V","Dentro","Urbana","Ninguna","S/D","Intersección","Bueno","Buena","Diurna","Buen Tiempo","S/D","S/D","Caída ocupante","S/D","S/D","Cordón divisorio","Sin restricción"
2014,11223,26/12/2014,"Viernes",0,10:50:00,,"0.0",2,"Moto/Ciclomotor,Moto/Ciclomotor"," ",2,2,0,0,0,0,0,,"Calle",,"RAFAELA","Castellanos","Hormigón","No existe","V","Dentro","Urbana","S/D","No existe","Intersección","Bueno","Buena","Diurna","Buen Tiempo","Lateral","S/D","Colisión","Ninguna","S/D","S/D","Sin restricción"
2014,11224,13/12/2014,"Sabado",0,06:00:00,,"0.0",2,"Moto/Ciclomotor,Automóvil","Tucuman Y Bv Jaime Ferre",3,1,1,0,1,0,0,,"Calle",,"RAFAELA","Castellanos","Asfalto","No existe","V","S/D","Urbana","S/D","S/D","Intersección","Deteriorada","S/D","Diurna","S/D","S/D","S/D","S/D","S/D","S/D","S/D","S/D"
2014,11225,06/12/2014,"Sabado",0,23:30:00,,"0.0",2,"Automóvil,Moto/Ciclomotor","Av Irigoyen Y Bolivar",2,1,0,0,0,0,1,,"Avenida",,"SUNCHALES","Castellanos","Asfalto","No existe","V","Dentro","Urbana","Paso Peatonal","No existe","Cruce","Bueno","Buena","Nocturna","Buen Tiempo","Lateral","S/D","Colisión","Ninguna","Vertical","Línea divisoria pintada","Sin restricción"
2014,11226,30/11/2014,"Domingo",0,18:30:00,,"0.0",2,"Moto/Ciclomotor,Otros","A Destefani Y Bv Jaime Ferre",3,1,0,0,1,0,1,,"Calle",,"RAFAELA","Castellanos","Asfalto","No existe","V","Dentro","Urbana","Ninguna","No existe","Intersección","Bueno","Buena","Atardecer","S/D","Contra objeto fijo","S/D","Colisión","S/D","S/D","Ninguna","Sin restricción"
2014,11227,13/10/2014,"Lunes",0,08:30:00,,"0.0",2,"Automóvil,Moto/Ciclomotor","Parana Y San Martin",2,1,0,0,1,0,0,,"Calle",,"ESTACIÓN CLUCELLAS","Castellanos","Asfalto","Pavimento","V","Dentro","Urbana","Ninguna","No existe","Intersección","Bueno","Buena","Diurna","Buen Tiempo","Lateral","S/D","Colisión","Ninguna","Faltante","Ninguna","Sin restricción"
2014,11228,09/12/2014,"Martes",0,17:00:00,,"0.0",2,"Moto/Ciclomotor,Otros","Nicanor Alvarez Y Av Doctor E Salva",2,0,1,0,1,0,0,,"Avenida",,"RAFAELA","Castellanos","Asfalto","No existe","V","Dentro","Urbana","Ninguna","No existe","Intersección","Bueno","S/D","Diurna","S/D","Lateral","S/D","Colisión","Ninguna","S/D","Ninguna","S/D"
2014,11229,20/12/2014,"Sabado",0,15:00:00,,"0.0",2,"Moto/Ciclomotor,Automóvil","Estanislao lopez 258",2,1,0,0,1,0,0,,"Calle",,"SUNCHALES","Castellanos","Asfalto","No existe","V","S/D","Urbana","Ninguna","No existe","Recta","Bueno","Reducida","Diurna","Lluvia","Lateral","S/D","Colisión","Ninguna","S/D","Cordón divisorio","Sin restricción"
2014,11230,01/12/2014,"Lunes",0,23:00:00,,"0.0",2,"Moto/Ciclomotor,Otros","La Plata Y J Goffet",2,0,1,0,0,0,1,,"Calle",,"RAFAELA","Castellanos","Asfalto","No existe","V","S/D","Urbana","S/D","No existe","Otro","Bueno","Buena","Nocturna,Con luz artificial","Buen Tiempo","S/D","S/D","Colisión","Ninguna","Faltante","S/D","S/D"
2014,11231,24/12/2014,"Miercoles",0,00:30:00,,"0.0",2,"Automóvil,Moto/Ciclomotor","Luis Maggi Y Peru",4,2,0,0,2,0,0,,"Calle",,"RAFAELA","Castellanos","Asfalto","No existe","V","S/D","Urbana","Policía de tránsito","Funciona","Intersección","Bueno","S/D","Nocturna","Buen Tiempo","Lateral","S/D","Colisión","S/D","Horizontal,Vertical","Ninguna","Sin restricción"
2014,11232,03/12/2014,"Miercoles",0,06:20:00,,"0.0",2,"Pickup/Utilitario,Moto/Ciclomotor","J B Justo Y Arturo Frondizi",3,1,1,0,1,0,0,,"Calle",,"SUNCHALES","Castellanos","Asfalto","No existe","V","Dentro","Urbana","S/D","No existe","Intersección","Bueno","Buena","Amanecer","Buen Tiempo","Lateral","S/D","Colisión","Ninguna","Vertical","Ninguna","Sin restricción"
2014,11233,20/12/2014,"Sabado",0,,,"0.0",2,"Moto/Ciclomotor,Moto/Ciclomotor","Gabriel Maggi Y 25 de Mayo",2,2,0,0,0,0,0,,"Calle",,"RAFAELA","Castellanos","Asfalto","S/D","V","S/D","Urbana","Policía de tránsito","S/D","Intersección","Bueno","S/D","S/D","Buen Tiempo","S/D","S/D","Colisión","Otro","Horizontal","Ninguna","Sin restricción"
2014,11234,22/11/2014,"Sabado",0,12:45:00,,"0.0",1,"Moto/Ciclomotor","Av Brasil Y Pueyrredon",1,1,0,0,0,0,0,,"Calle",,"RAFAELA","Castellanos","Asfalto","Pavimento","V","Dentro","Urbana","Policía de tránsito","No existe","Intersección","Bueno","Buena","Diurna","S/D","S/D","S/D","Caída ocupante","S/D","S/D","Ninguna","S/D"
2014,11235,10/12/2014,"Miercoles",0,11:45:00,,"0.0",2,"Moto/Ciclomotor,Otros","M Champagnat Y C Bolliger",3,1,0,0,1,0,1,,"Calle",,"RAFAELA","Castellanos","Asfalto","No existe","V","S/D","Urbana","Ninguna","No existe","Intersección","Bueno","Buena","Diurna","Buen Tiempo","Lateral","S/D","Colisión","Ninguna","Faltante","Ninguna","Sin restricción"
2014,11236,18/12/2014,"Jueves",0,14:30:00,,"0.0",2,"Ambulancia,Automóvil","Av Brasil Y Lavalle",5,2,0,0,3,0,0,,"Calle",,"RAFAELA","Castellanos","Asfalto","No existe","V","Dentro","Urbana","Semáforo","Funciona","Intersección","Bueno","Buena","Diurna","Buen Tiempo","Lateral","S/D","Colisión","S/D","Vertical","Ninguna","Sin restricción"
2014,11237,22/12/2014,"Lunes",0,12:30:00,,"0.0",2,"Moto/Ciclomotor,Moto/Ciclomotor","Uruguay Y Bv G L Lhemann",2,1,0,0,1,0,0,,"Calle",,"RAFAELA","Castellanos","Asfalto","No existe","V","Dentro","Urbana","S/D","No existe","S/D","Bueno","Buena","Diurna","S/D","S/D","S/D","Colisión","S/D","Faltante","S/D","Sin restricción"
2014,11238,23/12/2014,"Martes",0,,"Ruta Nacional 34","0.0",2,"Camión,Pickup/Utilitario","Ruta Nac 34 Gral Guemes Y Eduardo D'Agostino",4,3,0,0,1,0,0,,"Ruta",34,"RAFAELA","Castellanos","Asfalto","No existe","V","Dentro","Urbana","Ninguna","No existe","Intersección","Bueno","Reducida","Nocturna","Otro","Lateral","S/D","Colisión","Ninguna","Faltante","Ninguna","Sin restricción"
2014,11239,12/12/2014,"Viernes",0,21:45:00,,"0.0",2,"Moto/Ciclomotor,Automóvil","Bv G L Lhemann Y Av Brasil",2,0,1,0,1,0,0,,"Avenida",,"RAFAELA","Castellanos","Asfalto","No existe","V","S/D","Urbana","Policía de tránsito","Funciona","Intersección","Bueno","Buena","Nocturna","Buen Tiempo","Lateral","S/D","Colisión","Ninguna","Horizontal,Vertical","Ninguna","Sin restricción"
2014,11240,03/12/2014,"Miercoles",0,20:00:00,,"0.0",2,"Automóvil,Moto/Ciclomotor","S A Rodriguez Y Carlos Gardel",2,0,1,0,1,0,0,,"S/D",,"RAFAELA","Castellanos","S/D","No existe","V","S/D","S/D","Ninguna","S/D","Intersección","Otro","S/D","Nocturna","S/D","Lateral","S/D","Colisión","S/D","S/D","Ninguna","S/D"
2014,11241,06/12/2014,"Sabado",0,21:00:00,,"0.0",2,"Moto/Ciclomotor,Automóvil","Calle 11 1000",2,1,0,0,1,0,0,,"Calle",,"FRONTERA","Castellanos","Asfalto","No existe","V","S/D","Urbana","Ninguna","No existe","Recta","Bueno","Buena","Nocturna","Buen Tiempo","Frontal","S/D","Colisión","Ninguna","Vertical","Ninguna","Sin restricción"
2014,11242,25/11/2014,"Martes",0,15:00:00,,"0.0",2,"Moto/Ciclomotor,Automóvil","Teniente Richieri ",2,1,0,0,1,0,0,,"Calle",,"SUNCHALES","Castellanos","Asfalto","No existe","V","Dentro","Urbana","Ninguna","No existe","Recta","Bueno","Buena","Diurna","Buen Tiempo","S/D","S/D","Colisión","Ninguna","Faltante","Ninguna","Sin restricción"
2014,11243,19/10/2014,"Domingo",0,21:00:00,"Autovía Nacional 19","94.0",2,"Automóvil,Moto/Ciclomotor"," ",2,0,1,0,1,0,0,,"Autovía",19,"ESTACIÓN CLUCELLAS","Castellanos","Asfalto","Pavimento","V","S/D","S/D","Ninguna","No existe","Rotonda","Bueno","Buena","Atardecer","Buen Tiempo","Lateral","S/D","Colisión","S/D","S/D","Guardarrail","Sin restricción"
2014,11244,25/11/2014,"Martes",0,21:00:00,,"0.0",2,"Moto/Ciclomotor,Moto/Ciclomotor","Bv Santa Fe Y Cordoba",3,2,0,0,1,0,0,,"Avenida",,"RAFAELA","Castellanos","Hormigón","No existe","V","S/D","Urbana","Ninguna","No existe","Intersección","Bueno","Buena","Nocturna,Con luz artificial","Buen Tiempo","Lateral","S/D","Colisión","Ninguna","S/D","Ninguna","Sin restricción"
2014,11245,23/10/2014,"Jueves",0,19:35:00,,"0.0",2,"Automóvil,Moto/Ciclomotor","Santa Fe Y Estrada",4,2,0,0,2,0,0,,"S/D",,"PROGRESO","Las Colonias","Asfalto","No existe","XI","S/D","Urbana","Ninguna","No existe","Intersección","Bueno","Buena","Diurna","Buen Tiempo","Lateral","S/D","Colisión","Ninguna","S/D","S/D","Sin restricción"
2014,11253,25/07/2014,"Viernes",0,20:45:00,,"0.0",1,"Automóvil","Teniente Loza Y Av Circunvalación",5,1,0,0,4,0,0,"-31.563,-60.755944444444","Avenida",,"SANTA FE","La Capital","S/D","S/D","I","Dentro","Rural","S/D","S/D","Intersección","S/D","S/D","Diurna","S/D","Contra objeto fijo","S/D","Colisión","S/D","S/D","S/D","S/D"
2014,11254,18/08/2014,"Lunes",0,01:30:00,"Autopista Nacional Rosario -Cordoba","303.0",1,"Automóvil"," ",1,1,0,0,0,0,0,,"Autopista","Rosario -Cordoba","FUNES","Rosario","Hormigón","S/D","II","Fuera","S/D","S/D","S/D","S/D","S/D","S/D","Nocturna","S/D","S/D","S/D","Vuelco","S/D","S/D","S/D","S/D"
2014,11255,26/07/2014,"Sabado",0,17:00:00,,"0.0",1,"Tracción animal / Carro","Estanislao Zeballos Y Pje s/n",2,1,0,0,1,0,0,,"Calle",,"SANTA FE","La Capital","S/D","S/D","I","Dentro","Urbana","S/D","S/D","Intersección","S/D","S/D","Diurna","S/D","S/D","S/D","Caída ocupante","S/D","S/D","S/D","S/D"
2014,11256,18/08/2014,"Lunes",0,22:45:00,"Autopista Provincial Brigadier E.López","0.0",1,"Automóvil"," ",3,3,0,0,0,0,0,,"Autopista","Brigadier E.López","GRANADERO BAIGORRIA","Rosario","Hormigón","S/D","II","S/D","S/D","S/D","S/D","S/D","S/D","S/D","Nocturna","S/D","S/D","S/D","Vuelco","S/D","S/D","S/D","S/D"
2014,11259,24/12/2014,"Miercoles",0,17:10:00,,"0.0",2,"Tractor,Moto/Ciclomotor"," ",4,3,0,0,1,0,0,,"Camino Rural",,"HUMBOLDT","Las Colonias","Tierra","No existe","XI","Dentro","Rural","Ninguna","No existe","Otro","Bueno","Buena","Diurna","Buen Tiempo","Lateral","S/D","Colisión","Ninguna","Faltante","Ninguna","Sin restricción"
2014,11260,22/11/2014,"Sabado",0,17:20:00,,"0.0",2,"Moto/Ciclomotor,Automóvil","Belgrano Manuel Y Islas Malvinas",2,1,0,0,1,0,0,,"Calle",,"SAN CARLOS CENTRO","Las Colonias","Asfalto","No existe","XI","Dentro","Urbana","Ninguna","No existe","Intersección","Bueno","Buena","Diurna","Buen Tiempo","Lateral","S/D","Colisión","S/D","S/D","Ninguna","Sin restricción"
2014,11261,27/11/2014,"Jueves",0,12:35:00,,"0.0",2,"Moto/Ciclomotor,Automóvil","Belgrano Manuel 400",4,1,0,0,3,0,0,,"Calle",,"SAN CARLOS CENTRO","Las Colonias","Asfalto","No existe","XI","Dentro","Urbana","Ninguna","No existe","Recta","Bueno","Buena","Diurna","Buen Tiempo","De alcance,Múltiple","S/D","Colisión","S/D","S/D","Ninguna","Sin restricción"
2014,11262,26/10/2014,"Domingo",0,20:10:00,,"0.0",2,"Moto/Ciclomotor,Automóvil","Manuel Belgrano 319",2,0,1,0,1,0,0,,"Calle",,"SAN CARLOS SUR","Las Colonias","Ripio","No existe","XI","S/D","Urbana","Ninguna","No existe","Recta","Bueno","Buena","Nocturna,Con luz artificial","Buen Tiempo","S/D","S/D","Colisión","Ninguna","Faltante","Ninguna","Sin restricción"
2014,11263,20/11/2014,"Jueves",0,18:30:00,,"0.0",2,"Moto/Ciclomotor,Pickup/Utilitario","Marcos Avellaneda Y R P L Kredder",3,1,1,0,1,0,0,,"Calle",,"ESPERANZA","Las Colonias","Asfalto","Pavimento","XI","S/D","Urbana","Ninguna","No existe","Intersección","Bueno","Buena","Diurna","Buen Tiempo","Frontal","S/D","Colisión","Ninguna","S/D","Línea divisoria pintada","Sin restricción"
2014,11264,29/12/2014,"Lunes",0,,,"0.0",2,"Moto/Ciclomotor,Moto/Ciclomotor","Av Cordoba Y R P A Janssen",2,1,0,0,1,0,0,,"Avenida",,"ESPERANZA","Las Colonias","Asfalto","Pavimento","XI","Dentro","Urbana","Ninguna","No existe","Recta","Bueno","Buena","Diurna","Buen Tiempo","S/D","S/D","Colisión","Ninguna","S/D","Línea divisoria pintada","Sin restricción"
2014,11265,26/07/2014,"Sabado",0,21:55:00,,"0.0",2,"Otros,Otros","12 de Octubre Y Hugo Wast",4,4,0,0,0,0,0,,"Calle",,"SANTA FE","La Capital","S/D","S/D","I","Dentro","Urbana","S/D","S/D","Intersección","S/D","S/D","Nocturna","S/D","S/D","S/D","S/D","S/D","S/D","S/D","S/D"
2014,11266,30/08/2014,"Sabado",0,23:00:00,"Autopista Provincial Brigadier E.López","41.0",1,"Automóvil"," ",2,2,0,0,0,0,0,,"Autopista","Brigadier E.López","OLIVEROS","Iriondo","Hormigón","S/D","X","S/D","S/D","S/D","S/D","S/D","S/D","S/D","Nocturna","S/D","S/D","S/D","Vuelco","S/D","S/D","S/D","S/D"
2014,11267,31/08/2014,"Domingo",0,09:25:00,"Autopista Provincial Brigadier E.López","5.0",1,"Moto/Ciclomotor"," ",1,1,0,0,0,0,0,,"Autopista","Brigadier E.López","CAPITÁN BERMÚDEZ","San Lorenzo","Hormigón","S/D","XVII","S/D","S/D","S/D","S/D","S/D","S/D","S/D","Diurna","S/D","S/D","S/D","S/D","S/D","S/D","S/D","S/D"
2014,11268,27/07/2014,"Domingo",0,20:20:00,"Autopista Provincial Brigadier E.López","51.0",2,"Automóvil,Otros"," ",2,1,0,0,1,0,0,,"Autopista","Brigadier E.López","MACIEL","San Jerónimo","S/D","S/D","XV","Dentro","Rural","S/D","S/D","Recta","S/D","S/D","Nocturna","S/D","S/D","S/D","Colisión","S/D","S/D","S/D","S/D"
2014,11269,29/07/2014,"Martes",0,20:35:00,"Ruta Nacional 33","661.0",3,"Camión,Camión,Camión"," ",3,1,0,0,2,0,0,,"Ruta",33,"CHOVET","General López","S/D","S/D","VIII","Dentro","Rural","S/D","S/D","Recta","S/D","S/D","Nocturna","S/D","Múltiple","S/D","Colisión","S/D","S/D","S/D","S/D"
2014,11271,19/07/2014,"Sabado",0,18:30:00,"Ruta Nacional 19","124.0",1,"Automóvil"," ",2,2,0,0,0,0,0,,"Ruta",19,"LA FRONTERA","Castellanos","S/D","S/D","V","Fuera","Urbana","S/D","S/D","Recta","S/D","S/D","Diurna","S/D","S/D","S/D","Vuelco","S/D","S/D","S/D","S/D"
2014,11273,21/08/2014,"Jueves",0,19:10:00,"Autopista Provincial Brigadier E.López","23.0",1,"Automóvil"," ",1,1,0,0,0,0,0,,"Autopista","Brigadier E.López","TIMBÚES","San Lorenzo","Hormigón","S/D","XVII","Dentro","S/D","S/D","S/D","S/D","S/D","S/D","Atardecer","S/D","S/D","S/D","Vuelco","S/D","S/D","S/D","S/D"
2014,11274,21/08/2014,"Jueves",0,19:40:00,"Autopista Provincial Brigadier E.López","142.0",2,"Automóvil,Automóvil"," ",4,3,0,0,1,0,0,,"Autopista","Brigadier E.López","SAUCE VIEJO","La Capital","Hormigón","Natural","I","S/D","S/D","S/D","S/D","S/D","S/D","S/D","Atardecer","S/D","S/D","S/D","S/D","S/D","S/D","S/D","S/D"
2014,11277,20/08/2014,"Miercoles",0,11:00:00,"Autopista Provincial Brigadier E.López","71.0",1,"Pickup/Utilitario"," ",1,0,0,0,0,0,1,,"Autopista","Brigadier E.López","BARRANCAS","San Jerónimo","Hormigón","Natural","XV","S/D","S/D","S/D","S/D","S/D","S/D","S/D","Diurna","S/D","S/D","S/D","Vuelco","S/D","S/D","S/D","S/D"
2014,11279,23/08/2014,"Sabado",0,07:00:00,"Ruta Nacional A007","0.0",1,"Automóvil","Saavedra Y Av Circunvalación",1,0,0,0,0,0,1,,"Ruta","A007","SANTA FE","La Capital","Hormigón","Natural","I","Fuera","S/D","S/D","S/D","S/D","S/D","S/D","Diurna","S/D","Contra objeto fijo","S/D","Colisión","S/D","S/D","S/D","S/D"
2014,11281,31/08/2014,"Domingo",0,07:30:00,"Ruta Nacional 8","0.0",2,"Automóvil,Moto/Ciclomotor","Quintana Y Ruta Nac 8",2,1,0,0,1,0,0,,"Ruta",8,"VENADO TUERTO","General López","Hormigón","S/D","VIII","S/D","S/D","S/D","S/D","S/D","S/D","S/D","Diurna","S/D","S/D","S/D","Colisión","S/D","S/D","S/D","S/D"