"anio_acci","nro_acci","fecha","desc_dia","fecha_aprox","hora_aprox","desc_ruta","km","cant_participantes","desc_participante","calle_avenida_km","total","heridos_leves","heridos_graves","heridos_gravisimos","ilesos","fallecidos","sin_datos","posicion_XY","desc_tipo_via","desc_ruta_ori","desc_loc","desc_dpto","desc_tipo_calzada","desc_tipo_banquina","desc_unidad_regional","desc_lugar_calzada","desc_zona","desc_prioridad","desc_estado_semaforo","desc_lugar_via","desc_estado_via","desc_estado_visibilidad","desc_luminosidad","desc_estado_clima","desc_tipo_colision","desc_tipo_atropello","desc_tipo_hecho","desc_pres_calzada","desc_senializacion","desc_separacion_via","desc_restriccion"
2014,11282,31/08/2014,"Domingo",0,17:25:00,"Ruta Nacional 11","454.0",2,"Automóvil,Moto/Ciclomotor","Ruta Nac 11 ",3,2,0,0,1,0,0,,"Ruta",11,"SAUCE VIEJO","La Capital","Hormigón","Natural","I","Dentro","S/D","S/D","S/D","S/D","S/D","S/D","Atardecer","S/D","S/D","S/D","Colisión","S/D","S/D","S/D","S/D"
2014,11283,29/07/2014,"Martes",0,,,"0.0",2,"Automóvil,Otros","Jurisd. de C10&#170; ",2,0,0,0,0,1,1,"-32.894333, -60.695530","S/D",,"ROSARIO","Rosario","S/D","No existe","II","S/D","Urbana","S/D","S/D","S/D","S/D","S/D","S/D","S/D","S/D","S/D","S/D","S/D","S/D","S/D","S/D"
2014,11284,01/07/2014,"Martes",0,,,"0.0",1,"Otros"," ",1,0,0,0,0,1,0,"-32.817810, -61.394800","S/D",,"CAÑADA DE GÓMEZ","Iriondo","S/D","S/D","X","S/D","S/D","S/D","S/D","S/D","S/D","S/D","S/D","S/D","S/D","S/D","S/D","S/D","S/D","S/D","S/D"
2014,11286,07/07/2014,"Lunes",0,,"Ruta Provincial 10","0.0",2,"Moto/Ciclomotor,Automóvil"," ",2,0,0,0,0,1,1,"-31.759778, -61.311227","Ruta",10,"SANTA CLARA DE BUENA VISTA","Las Colonias","Asfalto","Natural","XI","Dentro","Urbana","S/D","No existe","S/D","Bueno","S/D","S/D","S/D","S/D","S/D","Colisión","S/D","S/D","Línea divisoria pintada","Sin restricción"
2014,11287,18/07/2014,"Viernes",0,,,"0.0",2,"Peatón,Otros","Jurisd. de C24&#170; ",2,0,0,0,0,1,1,"-32.870075, -60.701672","S/D",,"GRANADERO BAIGORRIA","Rosario","S/D","S/D","II","S/D","Urbana","S/D","S/D","S/D","S/D","S/D","S/D","S/D","S/D","S/D","Atropello","S/D","S/D","S/D","S/D"
2014,11288,12/07/2014,"Sabado",0,08:50:00,"Ruta Nacional 11","815.0",2,"Pickup/Utilitario,Camión","RN 11, 1km al N de la ZU ",2,0,0,0,1,1,0,"-28.926489, -59.558625","Ruta",11,"GUADALUPE NORTE","General Obligado","Asfalto","Natural","IX","Dentro","Rural","Ninguna","No existe","Recta","Bueno","Buena","Diurna","S/D","Frontal","S/D","Colisión","S/D","S/D","Línea divisoria pintada","S/D"
2014,11289,03/12/2014,"Miercoles",0,22:30:00,,"0.0",2,"Moto/Ciclomotor,Automóvil","Santa Clara Y Laprida",3,2,0,0,1,0,0,,"Calle",,"SAN JOSÉ DE LA ESQUINA","Caseros","Asfalto","No existe","IV","Dentro","Urbana","Ninguna","No existe","Intersección","Bueno","Reducida","Nocturna,Con luz artificial","Buen Tiempo","Frontal","S/D","Colisión","Ninguna","Vertical","Ninguna","Sin restricción"
2014,11290,18/07/2014,"Viernes",0,,,"0.0",2,"Peatón,Otros","San Martin Y Ayolas",2,0,0,0,1,1,0,"-32.977043, -60.644416","Avenida",,"ROSARIO","Rosario","Asfalto","No existe","II","Dentro","Urbana","S/D","Funciona","Intersección","Bueno","S/D","S/D","S/D","S/D","S/D","Atropello","Ninguna","Horizontal,Vertical","Ninguna","S/D"
2014,11291,18/07/2014,"Viernes",0,,,"0.0",1,"Moto/Ciclomotor","Jurisd de C32&#170; ",1,0,0,0,0,1,0,"-32.967101, -60.715012","S/D",,"ROSARIO","Rosario","S/D","S/D","II","S/D","Urbana","S/D","S/D","S/D","S/D","S/D","S/D","S/D","S/D","S/D","Caída ocupante","S/D","S/D","S/D","S/D"
2014,11292,28/07/2014,"Lunes",0,,,"0.0",2,"Moto/Ciclomotor,Pickup/Utilitario"," ",2,0,0,0,1,1,0,"-32.713511, -60.732729","S/D",,"PUERTO SAN MARTÍN","San Lorenzo","S/D","S/D","XVII","Dentro","Urbana","S/D","S/D","S/D","S/D","S/D","S/D","S/D","S/D","S/D","Colisión","S/D","S/D","S/D","S/D"
2014,11293,05/01/2014,"Domingo",0,,,"0.0",1,"Otros"," ",1,0,0,0,0,1,0,"-32.862261, -60.705478","S/D",,"GRANADERO BAIGORRIA","Rosario","S/D","S/D","II","Dentro","Urbana","S/D","S/D","S/D","S/D","S/D","S/D","S/D","S/D","S/D","S/D","S/D","S/D","S/D","S/D"
2014,11294,19/01/2014,"Domingo",0,,,"0.0",1,"Otros"," ",1,0,0,0,0,1,0,"-32.928546, -60.705950","S/D",,"ROSARIO","Rosario","S/D","S/D","II","Dentro","Urbana","S/D","S/D","S/D","S/D","S/D","S/D","S/D","S/D","S/D","S/D","S/D","S/D","S/D","S/D"
2014,11295,20/01/2014,"Lunes",0,09:10:00,"Ruta Nacional 11","0.0",2,"Moto/Ciclomotor,Automóvil","Roca Pte Y Calle 11-Alvear",2,1,0,0,1,0,0,,"Ruta",11,"RECONQUISTA","General Obligado","Asfalto","Pavimento","IX","S/D","Urbana","Ninguna","No existe","Recta","Bueno","Buena","Diurna","Buen Tiempo","Frontal","S/D","Colisión","Ninguna","Faltante","Cordón divisorio","Sin restricción"
2014,11296,04/08/2014,"Lunes",0,13:10:00,,"0.0",2,"Bicicleta,Automóvil","Balcarce Y Mariano Moreno",2,0,1,0,1,0,0,,"Calle",,"ESPERANZA","Las Colonias","Asfalto","No existe","XI","Dentro","Urbana","Ninguna","No existe","Intersección","Bueno","S/D","Diurna","Buen Tiempo","S/D","S/D","Atropello","Ninguna","S/D","Ninguna","Sin restricción"
2014,11297,01/12/2014,"Lunes",0,14:00:00,,"0.0",2,"Bicicleta,Moto/Ciclomotor","Arenales 400",2,1,0,0,1,0,0,,"Calle",,"RAFAELA","Castellanos","Hormigón","No existe","V","S/D","Urbana","Ninguna","No existe","Recta","Bueno","Buena","Diurna","Buen Tiempo","S/D","S/D","Atropello","Ninguna","S/D","Cordón divisorio","Accidente Previo"
2014,11298,21/03/2014,"Viernes",0,12:10:00,,"0.0",2,"Moto/Ciclomotor,Automóvil","General Lavalle Y Domingo Sarmiento",2,0,1,0,1,0,0,,"Calle",,"CARRIZALES","Iriondo","Asfalto","No existe","X","Dentro","Urbana","Ninguna","No existe","Intersección","Bueno","Buena","Diurna","Buen Tiempo","Lateral","S/D","Colisión","Otro","Faltante","Ninguna","Sin restricción"
2014,11299,23/03/2014,"Domingo",0,,,"0.0",1,"Otros","en zona urbana ",1,0,0,0,0,1,0,"-29.882108, -61.946501","S/D",,"CERES","San Cristóbal","S/D","S/D","XIII","Dentro","Urbana","S/D","S/D","S/D","S/D","S/D","S/D","S/D","S/D","S/D","S/D","S/D","S/D","S/D","S/D"
2014,11300,01/08/2014,"Viernes",0,,"Ruta Provincial 90","0.0",1,"Vehículo Oficial"," ",1,0,0,0,0,1,0,"-33.820335, -61.756951","Ruta",90,"CHAPUY","General López","Asfalto","Natural","VIII","Fuera","Rural","S/D","No existe","Recta","Bueno","S/D","S/D","S/D","S/D","S/D","Vuelco,Despiste","S/D","Horizontal,Vertical","Línea divisoria pintada","S/D"
2014,11301,01/08/2014,"Viernes",0,,,"0.0",1,"Otros","Dr Jose Andres Valdez ",1,0,0,0,0,1,0,"-33.726019, -61.976658","S/D",,"VENADO TUERTO","General López","S/D","S/D","VIII","S/D","Urbana","S/D","S/D","S/D","S/D","S/D","S/D","S/D","S/D","S/D","S/D","S/D","S/D","S/D","S/D"
2014,11302,02/08/2014,"Sabado",0,,"Ruta Nacional 33","745.0",2,"Automóvil,Otros","Boulevard Cristobal Colon ",2,0,0,0,1,1,0," -33.038348, -61.132160","Ruta",33,"CASILDA","Caseros","Asfalto","Natural","IV","Dentro","Urbana","S/D","No existe","Recta","Bueno","S/D","S/D","S/D","S/D","S/D","S/D","S/D","S/D","Línea divisoria pintada","S/D"
2014,11303,07/08/2014,"Jueves",0,,"Ruta Nacional 8","360.0",1,"Pickup/Utilitario"," ",2,0,0,0,0,1,1,"-33.801719, -61.937323","Ruta",8,"VENADO TUERTO","General López","Asfalto","Natural","VIII","Dentro","Rural","S/D","No existe","Curva","Bueno","S/D","S/D","S/D","S/D","S/D","S/D","S/D","Horizontal,Vertical","Línea divisoria pintada","S/D"
2014,11304,13/08/2014,"Miercoles",0,,,"0.0",2,"Bicicleta,Transporte de Pasajeros Urbano (> 8 asientos)"," ",2,0,0,0,1,1,0,"-32.771623, -60.730003","S/D",,"SAN LORENZO","San Lorenzo","S/D","S/D","XVII","Dentro","Urbana","S/D","S/D","S/D","S/D","S/D","S/D","S/D","S/D","S/D","Atropello","S/D","S/D","S/D","S/D"
2014,11305,17/08/2014,"Domingo",0,,,"0.0",2,"Moto/Ciclomotor,Otros","Jurisdicción de la Cría 18&#170; ",2,0,0,0,0,1,1,"-32.983655, -60.669437","S/D",,"ROSARIO","Rosario","S/D","S/D","II","S/D","Urbana","S/D","S/D","S/D","S/D","S/D","S/D","S/D","S/D","S/D","Colisión","S/D","S/D","S/D","S/D"
2014,11306,22/08/2014,"Viernes",0,,,"0.0",2,"Automóvil,Otros","Jurisdicción de la Cría 1&#170; ",2,0,0,0,0,1,1,"-32.744590, -60.735355","S/D",,"SAN LORENZO","San Lorenzo","S/D","No existe","XVII","S/D","Urbana","S/D","S/D","S/D","S/D","S/D","S/D","S/D","S/D","S/D","Colisión","S/D","S/D","S/D","S/D"
2014,11307,24/08/2014,"Domingo",0,,"Ruta Nacional 11","464.5",1,"Moto/Ciclomotor","Intendente Manuel Irigoyen ",1,0,0,0,0,1,0,"-32.744590, -60.735355","Ruta",11,"SANTA FE","La Capital","Asfalto","No existe","I","Dentro","Urbana","S/D","No existe","Recta","Con baches","S/D","S/D","S/D","S/D","S/D","Caída ocupante","S/D","Horizontal,Vertical","Línea divisoria pintada","S/D"
2014,11308,29/08/2014,"Viernes",0,,,"0.0",2,"Moto/Ciclomotor,Camión"," ",2,0,0,0,0,1,1,"-31.447254, -60.925525","S/D",,"ESPERANZA","Las Colonias","S/D","S/D","XI","S/D","S/D","S/D","S/D","S/D","S/D","S/D","S/D","S/D","S/D","S/D","Colisión","S/D","S/D","S/D","S/D"
2014,11309,24/08/2014,"Domingo",0,,,"0.0",1,"Moto/Ciclomotor","Jurisdicción de la Cría 24&#170; ",1,0,0,0,0,1,0,"-32.862492, -60.705112","S/D",,"GRANADERO BAIGORRIA","Rosario","S/D","S/D","II","S/D","Urbana","S/D","S/D","S/D","S/D","S/D","S/D","S/D","S/D","S/D","S/D","S/D","S/D","S/D","S/D"
2014,11310,31/08/2014,"Domingo",0,,,"0.0",1,"Otros","B&#186; el Triángulo ",1,0,0,0,0,1,0,"-30.581177, -59.932901","S/D",,"SAN JAVIER","San Javier","S/D","S/D","XIV","S/D","Urbana","S/D","S/D","S/D","S/D","S/D","S/D","S/D","S/D","S/D","S/D","S/D","S/D","S/D","S/D"
2014,11311,31/08/2014,"Domingo",0,,,"0.0",2,"Moto/Ciclomotor,Pickup/Utilitario"," ",3,1,0,0,1,1,0,"-32.918834, -60.678020","S/D",,"ROSARIO","Rosario","S/D","S/D","II","S/D","Urbana","S/D","S/D","S/D","S/D","S/D","S/D","S/D","S/D","S/D","Colisión","S/D","S/D","S/D","S/D"
2014,11312,01/09/2014,"Lunes",0,,,"0.0",2,"Moto/Ciclomotor,Otros","Jurisdicción de la Cría 18&#170; ",2,0,0,0,1,1,0,"-32.988334, -60.664459","S/D",,"ROSARIO","Rosario","S/D","S/D","II","S/D","Urbana","S/D","S/D","S/D","S/D","S/D","S/D","S/D","S/D","S/D","Colisión","S/D","S/D","S/D","S/D"
2014,11313,19/09/2014,"Viernes",0,,,"0.0",2,"Otros,Otros"," ",3,0,0,0,0,1,2,"-32.948621, -60.663086","S/D",,"ROSARIO","Rosario","S/D","S/D","II","S/D","Urbana","S/D","S/D","S/D","S/D","S/D","S/D","S/D","S/D","S/D","Colisión","S/D","S/D","S/D","S/D"
2014,11314,02/09/2014,"Martes",0,,,"0.0",1,"Moto/Ciclomotor"," ",1,0,0,0,0,1,0,"-31.623366, -60.715933","S/D",,"SANTA FE","La Capital","S/D","S/D","I","S/D","Urbana","S/D","S/D","S/D","S/D","Buena","Diurna","S/D","S/D","S/D","Caída ocupante","S/D","S/D","S/D","S/D"
2014,11315,03/09/2014,"Miercoles",0,,,"0.0",2,"Moto/Ciclomotor,Transporte de Pasajeros Urbano (> 8 asientos)"," ",2,0,0,0,1,1,0,"-31.661969, -60.720905","S/D",,"SANTA FE","La Capital","S/D","S/D","I","Dentro","Urbana","S/D","S/D","S/D","S/D","S/D","S/D","S/D","S/D","S/D","Colisión","S/D","S/D","S/D","S/D"
2014,11316,31/08/2014,"Domingo",0,23:00:00,"Ruta Provincial 22","34.5",2,"Moto/Ciclomotor,Otros"," ",3,1,0,0,1,1,0,"-31.135477, -61.913038","Ruta",22,"RAMONA","Castellanos","Asfalto","Natural","V","Dentro","Rural","S/D","No existe","Recta","S/D","S/D","Nocturna","S/D","S/D","S/D","Colisión","S/D","S/D","Línea divisoria pintada","S/D"
2014,11317,03/09/2014,"Miercoles",0,,,"0.0",1,"Automóvil","San Martin 4900",1,0,0,0,0,1,0,"-32.979425, -60.644267","Calle",,"ROSARIO","Rosario","S/D","S/D","II","Fuera","Urbana","S/D","S/D","S/D","S/D","S/D","S/D","S/D","Contra objeto fijo","S/D","Colisión","S/D","S/D","S/D","S/D"
2014,11318,15/09/2014,"Lunes",0,,,"0.0",1,"Otros"," ",1,0,0,0,0,1,0,"-32.972152, -60.742801","S/D",,"PEREZ","Rosario","S/D","S/D","II","S/D","Urbana","S/D","S/D","S/D","S/D","S/D","S/D","S/D","S/D","S/D","S/D","S/D","S/D","S/D","S/D"
2014,11319,17/09/2014,"Miercoles",0,,"Ruta Provincial 26","69.5",1,"Otros"," ",1,0,0,0,0,1,0,"-33.137309, -61.094363","Ruta",26,"FUENTES","San Lorenzo","S/D","S/D","XVII","S/D","Rural","S/D","S/D","S/D","S/D","S/D","S/D","S/D","S/D","S/D","S/D","S/D","S/D","S/D","S/D"
2014,11320,24/09/2014,"Miercoles",0,,"Ruta Provincial 23","16.0",2,"Automóvil,Camión"," ",2,0,0,0,1,1,0,"-30.495261, -61.943036","Ruta",23,"SUARDI","San Cristóbal","Asfalto","Natural","XIII","Dentro","S/D","S/D","No existe","Recta","Bueno","S/D","S/D","S/D","S/D","S/D","Colisión","S/D","S/D","Línea divisoria pintada","S/D"
2014,11321,27/09/2014,"Sabado",0,,,"0.0",1,"Otros"," ",1,0,0,0,0,1,0,"-32.943039, -60.672527","S/D",,"ROSARIO","Rosario","S/D","S/D","II","S/D","Urbana","S/D","S/D","S/D","S/D","S/D","S/D","S/D","S/D","S/D","S/D","S/D","S/D","S/D","S/D"
2014,11322,28/09/2014,"Domingo",0,,"Ruta Provincial 23","0.0",1,"Moto/Ciclomotor","Rivadavia ",1,0,0,0,0,1,0,"-30.223871, -61.866861","Ruta",23,"VILLA TRINIDAD","San Cristóbal","Asfalto","S/D","XIII","Dentro","Urbana","S/D","No existe","Recta","Bueno","S/D","Diurna","S/D","S/D","S/D","Caída ocupante","S/D","S/D","Línea divisoria pintada","S/D"
2014,11323,01/10/2014,"Miercoles",0,,"Ruta Provincial 14","83.5",1,"Pickup/Utilitario"," ",1,0,0,0,0,1,0,"-33.473914, -61.357756","Ruta",14,"BOMBAL","Constitución","Asfalto","Natural","VI","Fuera","Rural","S/D","No existe","Recta","Bueno","S/D","S/D","S/D","S/D","S/D","Vuelco,Despiste","S/D","S/D","Línea divisoria pintada","S/D"
2014,11324,03/10/2014,"Viernes",0,,"Ruta Nacional 178","68.1",2,"Automóvil,Tren"," ",2,0,0,0,1,1,0,"-33.523853, -61.078547","Ruta",178,"ALCORTA","Constitución","Asfalto","Natural","VI","Dentro","Rural","S/D","No existe","Recta","Bueno","S/D","Diurna","S/D","Lateral","S/D","Colisión","S/D","S/D","S/D","S/D"
2014,11325,04/10/2014,"Sabado",0,,"Ruta Nacional 8","365.8",2,"Tren,Camión"," ",2,0,0,0,1,1,0,"-33.761015, -61.969547","Ruta",8,"VENADO TUERTO","General López","Asfalto","S/D","VIII","Dentro","Urbana","S/D","S/D","Paso a Nivel FFCC","Bueno","S/D","S/D","S/D","Lateral","S/D","Colisión","S/D","Horizontal,Vertical","S/D","S/D"
2014,11326,08/10/2014,"Miercoles",0,,,"0.0",2,"Moto/Ciclomotor,Automóvil","Arenales Y Chacabuco",3,1,0,0,1,1,0,"-32.858919, -60.706760","Calle",,"GRANADERO BAIGORRIA","Rosario","Asfalto","No existe","II","Dentro","Urbana","S/D","No existe","Intersección","Bueno","Buena","Diurna","S/D","S/D","S/D","Colisión","S/D","S/D","Ninguna","S/D"
2014,11327,11/10/2014,"Sabado",0,,"Ruta Provincial 4","86.0",1,"Otros"," ",1,0,0,0,0,1,0,"-30.729352, -61.033979","Ruta",4,"ELISA","Las Colonias","Asfalto","Natural","XI","S/D","Rural","S/D","No existe","Recta","Bueno","S/D","S/D","S/D","S/D","S/D","S/D","S/D","Horizontal,Vertical","Línea divisoria pintada","S/D"
2014,11328,12/10/2014,"Domingo",0,,,"0.0",1,"Otros"," ",1,0,0,0,0,1,0,"-31.609737, -60.707092","S/D",,"SANTA FE","La Capital","S/D","S/D","I","S/D","Urbana","S/D","S/D","S/D","S/D","S/D","S/D","S/D","S/D","S/D","S/D","S/D","S/D","S/D","S/D"
2014,11329,14/10/2014,"Martes",0,,,"0.0",1,"Automóvil"," ",1,0,0,0,0,1,0,"-31.267898, -61.216583","S/D",,"FELICIA","Las Colonias","S/D","S/D","XI","S/D","S/D","S/D","S/D","S/D","S/D","S/D","S/D","S/D","S/D","S/D","S/D","S/D","S/D","S/D","S/D"
2014,11330,18/10/2014,"Sabado",0,,,"0.0",2,"Moto/Ciclomotor,Camión","Jurisdicción de la Cría 24&#170; ",2,0,0,0,1,1,0,"-32.860314, -60.711615","S/D",,"GRANADERO BAIGORRIA","Rosario","S/D","S/D","II","S/D","Urbana","S/D","S/D","S/D","S/D","S/D","Diurna","S/D","S/D","S/D","Colisión","S/D","S/D","S/D","S/D"
2014,11331,18/10/2014,"Sabado",0,,,"0.0",1,"Tracción animal / Carro"," ",1,0,0,0,0,1,0,"-31.554853, -60.683333","S/D",,"ANGEL GALLARDO","La Capital","S/D","S/D","I","S/D","S/D","S/D","S/D","S/D","S/D","S/D","S/D","S/D","S/D","S/D","Caída ocupante","S/D","S/D","S/D","S/D"
2014,11332,19/10/2014,"Domingo",0,,,"0.0",1,"Automóvil"," ",1,0,0,0,0,1,0,"-33.238519, -60.326332","S/D",,"VILLA CONSTITUCIÓN","Constitución","S/D","S/D","VI","Fuera","S/D","S/D","S/D","S/D","S/D","S/D","S/D","S/D","Contra objeto fijo","S/D","Colisión","S/D","S/D","S/D","S/D"
2014,11333,19/10/2014,"Domingo",0,,,"0.0",1,"Automóvil","accaso a Sta Teresa ",2,1,0,0,0,1,0,"-33.434268, -60.773153","Camino Rural",,"SANTA TERESA","Constitución","Asfalto","Natural","VI","Fuera","Rural","S/D","No existe","S/D","Bueno","S/D","Diurna","S/D","Contra objeto fijo","S/D","Colisión","S/D","S/D","S/D","S/D"
2014,11334,22/10/2014,"Miercoles",0,,,"0.0",1,"Moto/Ciclomotor"," ",1,0,0,0,0,1,0,"-32.813996, -60.720717","S/D",,"CAPITÁN BERMÚDEZ","San Lorenzo","S/D","S/D","XVII","Fuera","Urbana","S/D","S/D","S/D","S/D","S/D","Diurna","S/D","Contra objeto fijo","S/D","Colisión,Despiste","S/D","S/D","S/D","S/D"
2014,11335,22/10/2014,"Miercoles",0,,,"0.0",2,"Automóvil,Moto/Ciclomotor"," ",2,1,0,0,0,1,0,"-31.635976, -60.689191","S/D",,"SANTA FE","La Capital","S/D","No existe","I","Dentro","Urbana","Ninguna","S/D","Intersección","S/D","S/D","S/D","S/D","Lateral","S/D","Colisión","S/D","S/D","Ninguna","S/D"
2014,11336,26/10/2014,"Domingo",0,,,"0.0",1,"Otros","Jurisdicción de la Cría 25&#170; ",1,0,0,0,0,1,0,"-33.020896, -60.633203","S/D",,"VILLA GOBERNADOR GÁLVEZ","Rosario","S/D","S/D","II","S/D","Urbana","S/D","S/D","S/D","S/D","S/D","S/D","S/D","S/D","S/D","S/D","S/D","S/D","S/D","S/D"
2014,11337,28/10/2014,"Martes",0,,,"0.0",2,"Moto/Ciclomotor,Camión"," ",2,0,0,0,1,1,0,"-31.255978, -61.487274","S/D",,"RAFAELA","Castellanos","S/D","S/D","V","S/D","Urbana","S/D","S/D","S/D","S/D","S/D","S/D","S/D","S/D","S/D","Colisión","S/D","S/D","S/D","S/D"
2014,11338,28/10/2014,"Martes",0,,,"0.0",1,"Otros"," ",1,0,0,0,0,1,0,"-31.979051, -60.935097","Camino Rural",,"CORONDA","San Jerónimo","S/D","S/D","XV","S/D","Rural","S/D","No existe","S/D","S/D","S/D","S/D","S/D","S/D","S/D","Vuelco","S/D","S/D","S/D","S/D"
2014,11339,31/10/2014,"Viernes",0,,"Ruta Nacional 9","0.0",2,"Otros,Otros"," ",3,1,0,0,1,1,0,"-32.851674, -61.260557","Ruta",9,"CORREA","Iriondo","Asfalto","Natural","X","Dentro","Urbana","S/D","S/D","Recta","Bueno","S/D","Diurna","S/D","S/D","S/D","Colisión","S/D","Horizontal,Vertical","Línea divisoria pintada","Sin restricción"
2014,11340,01/09/2014,"Lunes",0,21:00:00,"Autopista Provincial Brigadier E.López","10.0",1,"Automóvil"," ",1,0,0,0,0,0,1,,"Autopista","Brigadier E.López","FRAY LUIS BELTRÁN","San Lorenzo","Hormigón","S/D","XVII","Dentro","S/D","S/D","S/D","S/D","S/D","S/D","Nocturna","S/D","S/D","S/D","Incendio","S/D","S/D","S/D","S/D"
2014,11342,02/09/2014,"Martes",0,02:40:00,"Autopista Provincial Brigadier E.López","51.0",2,"Camión,Camión"," ",2,1,0,0,1,0,0,,"Autopista","Brigadier E.López","MACIEL","San Jerónimo","Hormigón","S/D","XV","Dentro","S/D","S/D","S/D","S/D","S/D","S/D","Nocturna","S/D","De alcance","S/D","Colisión","S/D","S/D","S/D","S/D"
2014,11343,04/09/2014,"Jueves",0,11:35:00,"Autopista Provincial Brigadier E.López","154.0",1,"Automóvil"," ",1,0,0,0,0,0,1,,"Autopista","Brigadier E.López","SANTO TOMÉ","La Capital","Hormigón","S/D","I","Fuera","S/D","S/D","S/D","S/D","S/D","S/D","S/D","S/D","S/D","S/D","Despiste","S/D","S/D","S/D","S/D"
2014,11347,05/09/2014,"Viernes",0,07:15:00,"Autopista Provincial Brigadier E.López","78.0",1,"Automóvil"," ",1,0,0,0,0,0,1,,"Autopista","Brigadier E.López","BARRANCAS","San Jerónimo","Hormigón","S/D","XV","Fuera","S/D","S/D","S/D","S/D","S/D","S/D","Diurna","S/D","S/D","S/D","Despiste","S/D","S/D","S/D","S/D"
2014,11351,19/10/2014,"Domingo",0,,,"0.0",1,"Otros","Jurisdicción de la Cría 5&#170; ",1,0,0,0,0,1,0,"-32.966086, -60.653043","S/D",,"ROSARIO","Rosario","S/D","S/D","II","S/D","Urbana","S/D","S/D","S/D","S/D","S/D","S/D","S/D","S/D","S/D","S/D","S/D","S/D","S/D","S/D"
2014,11352,14/11/2014,"Viernes",0,,,"0.0",2,"Moto/Ciclomotor,Pickup/Utilitario"," ",2,0,0,0,0,1,1,"-28.760489, -59.576694","S/D",,"INGENIERO CHANOURDIE","General Obligado","S/D","S/D","IX","Dentro","Urbana","S/D","S/D","S/D","S/D","S/D","S/D","S/D","S/D","S/D","Colisión","S/D","S/D","S/D","S/D"
2014,11353,30/11/2014,"Domingo",0,,,"0.0",1,"Moto/Ciclomotor"," ",1,0,0,0,0,1,0,"-32.816223, -61.395315","S/D",,"CAÑADA DE GÓMEZ","Iriondo","S/D","S/D","X","S/D","Urbana","S/D","S/D","S/D","S/D","S/D","S/D","Lluvia","Contra objeto fijo","S/D","Colisión","Agua","S/D","S/D","S/D"
2014,11354,01/11/2014,"Sabado",0,,,"0.0",1,"Moto/Ciclomotor","Jurisdicción de la Cría 23&#170; ",1,0,0,0,0,1,0,"-32.921125, -60.801839","S/D",,"FUNES","Rosario","S/D","S/D","II","S/D","Urbana","S/D","S/D","S/D","S/D","S/D","S/D","S/D","S/D","S/D","Caída ocupante","S/D","S/D","S/D","S/D"
2014,11355,17/11/2014,"Lunes",0,,,"0.0",1,"Otros","Saavedra 6200",1,0,0,0,0,1,0,"-32.969492, -60.706245","Calle",,"ROSARIO","Rosario","Hormigón","No existe","II","S/D","Urbana","S/D","No existe","Recta","Bueno","S/D","S/D","S/D","S/D","S/D","S/D","S/D","S/D","Ninguna","S/D"
2014,11356,18/11/2014,"Martes",0,,,"0.0",1,"Moto/Ciclomotor"," ",1,0,0,0,0,1,0,"-31.595751, -60.712427","S/D",,"SANTA FE","La Capital","S/D","S/D","I","S/D","Urbana","S/D","S/D","S/D","S/D","S/D","S/D","S/D","S/D","S/D","S/D","S/D","S/D","S/D","S/D"
2014,11357,18/11/2014,"Martes",0,,,"0.0",1,"Automóvil","Av. Tte Gral Sanchez 4100",1,0,0,0,0,1,0,"-32.989118, -60.621514","Avenida",,"ROSARIO","Rosario","Hormigón","No existe","II","S/D","Urbana","S/D","No existe","Puente","Bueno","S/D","S/D","S/D","S/D","S/D","S/D","S/D","Horizontal,Vertical","Barrera de hormigón","S/D"
2014,11358,20/11/2014,"Jueves",0,,,"0.0",1,"Moto/Ciclomotor","R.de Pineda ",1,0,0,0,0,1,0,"-33.018792, -60.643911","Calle",,"ROSARIO","Rosario","S/D","No existe","II","S/D","Urbana","Otra Señal","No existe","Puente","Otro","S/D","S/D","S/D","S/D","S/D","S/D","Otro","Faltante","Ninguna","S/D"
2014,11359,22/11/2014,"Sabado",0,,,"0.0",1,"Otros","Jurisdicción de la Cría 10&#170; ",1,0,0,0,0,1,0,"-32.889157, -60.690640","S/D",,"ROSARIO","Rosario","S/D","S/D","II","S/D","Urbana","S/D","S/D","S/D","S/D","S/D","S/D","S/D","S/D","S/D","S/D","S/D","S/D","S/D","S/D"
2014,11361,09/09/2014,"Martes",0,17:50:00,,"0.0",2,"Tractor,Otros"," ",2,0,1,0,1,0,0,,"S/D",,"ESTACIÓN MOUSSY","General Obligado","S/D","S/D","IX","S/D","Rural","S/D","S/D","S/D","S/D","S/D","Diurna","S/D","S/D","S/D","Colisión","S/D","S/D","S/D","S/D"
2014,11362,07/09/2014,"Domingo",0,19:30:00,"Autopista Provincial Brigadier E.López","143.0",2,"Automóvil,Automóvil"," ",6,3,0,0,3,0,0,,"Autopista","Brigadier E.López","SAUCE VIEJO","La Capital","Hormigón","Natural","I","Dentro","S/D","S/D","S/D","S/D","Bueno","S/D","Atardecer","S/D","S/D","S/D","Colisión","S/D","Horizontal,Vertical","Vegetación","S/D"
2014,11363,08/09/2014,"Lunes",0,17:50:00,"Ruta Nacional 11","691.0",2,"Automóvil,Automóvil"," ",3,0,0,0,0,0,3,,"Ruta",11,"VERA","Vera","Hormigón","Natural","XIX","S/D","S/D","S/D","S/D","S/D","S/D","S/D","Atardecer","S/D","S/D","S/D","Colisión","S/D","S/D","S/D","S/D"
2014,11364,09/09/2014,"Martes",0,11:00:00,"Autopista Provincial Brigadier E.López","4.0",1,"Automóvil"," ",1,0,0,0,0,0,1,,"Autopista","Brigadier E.López","GRANADERO BAIGORRIA","Rosario","Hormigón","Natural","II","Fuera","S/D","S/D","S/D","S/D","S/D","S/D","Diurna","S/D","Contra objeto fijo","S/D","Colisión","S/D","Horizontal,Vertical","Guardarrail","S/D"
2014,11365,24/04/2014,"Jueves",0,18:30:00,"Autopista Nacional Rosario -Cordoba","0.0",2,"Automóvil,Automóvil","Autopista Rosario Cordoba ",4,4,0,0,0,0,0,,"Autopista","Rosario -Cordoba","ROSARIO","Rosario","S/D","S/D","II","S/D","Rural","S/D","S/D","S/D","S/D","S/D","S/D","S/D","S/D","S/D","S/D","S/D","S/D","S/D","S/D"