"anio_acci","nro_acci","fecha","desc_dia","fecha_aprox","hora_aprox","desc_ruta","km","cant_participantes","desc_participante","calle_avenida_km","total","heridos_leves","heridos_graves","heridos_gravisimos","ilesos","fallecidos","sin_datos","posicion_XY","desc_tipo_via","desc_ruta_ori","desc_loc","desc_dpto","desc_tipo_calzada","desc_tipo_banquina","desc_unidad_regional","desc_lugar_calzada","desc_zona","desc_prioridad","desc_estado_semaforo","desc_lugar_via","desc_estado_via","desc_estado_visibilidad","desc_luminosidad","desc_estado_clima","desc_tipo_colision","desc_tipo_atropello","desc_tipo_hecho","desc_pres_calzada","desc_senializacion","desc_separacion_via","desc_restriccion"
2014,11367,13/09/2014,"Sabado",0,06:00:00,,"0.0",2,"Moto/Ciclomotor,Pickup/Utilitario","Irigoyen Freyre Y Av Urquiza",4,0,2,1,1,0,0,,"Calle",,"SANTA FE","La Capital","S/D","S/D","I","Dentro","Urbana","S/D","S/D","Intersección","S/D","S/D","Amanecer","Buen Tiempo","Lateral","S/D","Colisión","S/D","S/D","S/D","S/D"
2014,11368,14/09/2014,"Domingo",0,13:20:00,"Ruta Nacional 11","0.0",2,"Camión,Automóvil","RN 98 ",5,0,0,0,0,0,5,,"Ruta",11,"VERA","Vera","Hormigón","S/D","XIX","S/D","S/D","S/D","S/D","S/D","S/D","S/D","Diurna","S/D","S/D","S/D","Colisión","S/D","S/D","S/D","S/D"
2014,11370,18/09/2014,"Jueves",0,14:30:00,"Autopista Nacional A008","0.0",2,"Camión,Automóvil","Av. Circunvalacion Y Mariano Moreno",3,2,0,0,1,0,0,,"Autopista","A008","ROSARIO","Rosario","S/D","S/D","II","Dentro","Urbana","S/D","S/D","Intersección","S/D","S/D","Diurna","S/D","S/D","S/D","Colisión","S/D","S/D","S/D","S/D"
2014,11372,23/09/2014,"Martes",0,22:05:00,"Ruta Provincial 1","78.8",2,"Peatón,Automóvil"," ",2,0,1,0,1,0,0,,"Ruta",1,"CAMPO DEL MEDIO","Garay","S/D","S/D","VII","Dentro","Rural","S/D","S/D","Recta","S/D","S/D","Diurna","S/D","S/D","S/D","Atropello","S/D","S/D","S/D","S/D"
2014,11374,10/11/2014,"Lunes",0,,,"0.0",1,"Tren","Jurisdicción de la Cría 10&#170; ",1,0,0,0,0,1,0,"-32.911142, -60.699499","S/D",,"ROSARIO","Rosario","S/D","S/D","II","S/D","Urbana","S/D","S/D","S/D","S/D","S/D","Diurna","S/D","S/D","S/D","Caída ocupante","S/D","S/D","S/D","S/D"
2014,11375,18/11/2014,"Martes",0,21:00:00,"Ruta Provincial 15","0.0",2,"Moto/Ciclomotor,Bicicleta","RP15, acceso desde RN33 ",2,0,1,0,0,1,0,"-34.007684, -62.250425","Ruta",15,"SANCTI SPÍRITU","General López","Asfalto","Natural","VIII","Dentro","Urbana","S/D","No existe","Recta","Bueno","Reducida","Nocturna","Buen Tiempo","S/D","S/D","Atropello","S/D","S/D","Ninguna","S/D"
2014,11376,29/11/2014,"Sabado",0,,"Ruta Nacional 33","525.0",1,"Camión"," ",1,0,0,0,0,1,0,"-34.333416, -62.818365","Ruta",33,"RUFINO","General López","Asfalto","Natural","VIII","S/D","Rural","S/D","No existe","Recta","Bueno","S/D","Diurna","S/D","S/D","S/D","Vuelco,Despiste","S/D","S/D","Línea divisoria pintada","Sin restricción"
2014,11377,08/12/2014,"Lunes",0,,,"0.0",1,"Automóvil"," ",1,0,0,0,0,1,0,"-33.746112, -61.965544","S/D",,"VENADO TUERTO","General López","S/D","S/D","VIII","S/D","Urbana","S/D","S/D","S/D","S/D","S/D","Diurna","S/D","S/D","S/D","S/D","S/D","S/D","S/D","S/D"
2014,11378,09/12/2014,"Martes",0,,,"0.0",2,"Moto/Ciclomotor,Pickup/Utilitario"," ",2,0,0,0,1,1,0,"-31.611357, -60.682986","S/D",,"SANTA FE","La Capital","S/D","S/D","I","Dentro","Urbana","S/D","S/D","S/D","S/D","S/D","S/D","S/D","S/D","S/D","Colisión","S/D","S/D","S/D","S/D"
2014,11379,22/12/2014,"Lunes",0,,,"0.0",1,"Tracción animal / Carro"," ",1,0,0,0,0,1,0,"-28.488154, -59.357727","S/D",,"VILLA OCAMPO","General Obligado","S/D","S/D","IX","S/D","S/D","S/D","S/D","S/D","S/D","S/D","S/D","S/D","S/D","S/D","Caída ocupante","S/D","S/D","S/D","S/D"
2014,11380,01/10/2014,"Miercoles",0,09:00:00,"Autopista Provincial Brigadier E.López","138.0",1,"Automóvil"," ",1,0,0,0,0,0,1,,"Autopista","Brigadier E.López","SAUCE VIEJO","La Capital","Hormigón","Natural","I","Fuera","S/D","S/D","S/D","S/D","S/D","S/D","Diurna","S/D","S/D","S/D","Despiste","S/D","Horizontal,Vertical","S/D","S/D"
2014,11381,01/10/2014,"Miercoles",0,14:30:00,"Autopista Provincial Brigadier E.López","7.0",2,"Automóvil,Automóvil"," ",2,0,0,0,0,0,2,,"Autopista","Brigadier E.López","CAPITÁN BERMÚDEZ","San Lorenzo","Hormigón","Natural","XVII","Dentro","S/D","S/D","S/D","S/D","S/D","S/D","Diurna","S/D","S/D","S/D","Colisión","S/D","Horizontal,Vertical","S/D","S/D"
2014,11382,07/10/2014,"Martes",0,16:25:00,"Autopista Provincial Brigadier E.López","4.0",1,"Automóvil"," ",2,2,0,0,0,0,0,,"Autopista","Brigadier E.López","GRANADERO BAIGORRIA","Rosario","Hormigón","Natural","II","S/D","S/D","S/D","S/D","S/D","S/D","S/D","Diurna","S/D","S/D","S/D","Vuelco","S/D","S/D","S/D","S/D"
2014,11383,08/10/2014,"Miercoles",0,15:30:00,"Autopista Provincial Brigadier E.López","41.0",1,"Automóvil"," ",1,0,0,0,0,0,1,,"Autopista","Brigadier E.López","OLIVEROS","Iriondo","Hormigón","Natural","X","Fuera","S/D","S/D","S/D","S/D","S/D","S/D","Diurna","S/D","S/D","S/D","Despiste","S/D","S/D","S/D","S/D"
2014,11384,09/10/2014,"Jueves",0,20:40:00,"Autopista Provincial Brigadier E.López","67.0",1,"Automóvil"," ",1,0,0,0,0,0,1,,"Autopista","Brigadier E.López","MONJE","San Jerónimo","Hormigón","Natural","XV","Fuera","S/D","S/D","S/D","S/D","S/D","S/D","Nocturna","S/D","S/D","S/D","Despiste","S/D","S/D","S/D","S/D"
2014,11385,11/10/2014,"Sabado",0,12:35:00,"Autopista Provincial Brigadier E.López","63.0",2,"Automóvil,Automóvil"," ",2,0,0,0,0,0,2,,"Autopista","Brigadier E.López","MONJE","San Jerónimo","Hormigón","Natural","XV","S/D","S/D","S/D","S/D","S/D","S/D","S/D","Diurna","S/D","S/D","S/D","Colisión","S/D","S/D","S/D","S/D"
2014,11386,13/10/2014,"Lunes",0,17:25:00,"Autopista Provincial Brigadier E.López","8.0",2,"Automóvil,Automóvil"," ",2,0,0,0,0,0,2,,"Autopista","Brigadier E.López","CAPITÁN BERMÚDEZ","San Lorenzo","Hormigón","Natural","XVII","S/D","S/D","S/D","S/D","S/D","S/D","S/D","Diurna","S/D","S/D","S/D","Colisión","S/D","S/D","S/D","S/D"
2014,11387,13/10/2014,"Lunes",0,20:45:00,"Autopista Provincial Brigadier E.López","43.0",2,"Pickup/Utilitario,Camión"," ",2,0,0,0,0,0,2,,"Autopista","Brigadier E.López","OLIVEROS","Iriondo","Hormigón","Natural","X","S/D","S/D","S/D","S/D","S/D","S/D","S/D","Nocturna","S/D","S/D","S/D","Colisión","S/D","S/D","S/D","S/D"
2014,11388,17/10/2014,"Viernes",0,16:30:00,"Autopista Provincial Brigadier E.López","90.0",2,"Automóvil,Camión"," ",2,0,0,0,0,0,2,,"Autopista","Brigadier E.López","SAN FABIÁN","San Jerónimo","Hormigón","Natural","XV","Dentro","S/D","S/D","S/D","S/D","S/D","S/D","Diurna","S/D","S/D","S/D","Colisión","S/D","S/D","S/D","S/D"
2014,11389,19/10/2014,"Domingo",0,09:10:00,"Autopista Provincial Brigadier E.López","7.0",2,"Automóvil,Automóvil"," ",2,2,0,0,0,0,0,,"Autopista","Brigadier E.López","CAPITÁN BERMÚDEZ","San Lorenzo","Asfalto","Natural","XVII","S/D","S/D","S/D","S/D","S/D","S/D","S/D","Diurna","S/D","S/D","S/D","Colisión","S/D","S/D","S/D","S/D"
2014,11394,24/10/2014,"Viernes",0,21:30:00,"Autopista Provincial Brigadier E.López","32.7",1,"Camión"," ",1,1,0,0,0,0,0,,"Autopista","Brigadier E.López","OLIVEROS","Iriondo","Hormigón","Natural","XIV","Fuera","S/D","S/D","S/D","S/D","S/D","S/D","Nocturna","S/D","S/D","S/D","Vuelco","S/D","S/D","S/D","S/D"
2014,11395,25/10/2014,"Sabado",0,05:30:00,"Autopista Provincial Brigadier E.López","148.0",1,"Otros"," ",1,1,0,0,0,0,0,,"Autopista","Brigadier E.López","SANTO TOMÉ","La Capital","Hormigón","Natural","I","Fuera","S/D","S/D","S/D","S/D","S/D","S/D","S/D","S/D","S/D","S/D","Despiste","S/D","S/D","S/D","S/D"
2014,11396,26/10/2014,"Domingo",0,15:25:00,"Autopista Provincial Brigadier E.López","1.0",2,"Automóvil,Automóvil"," ",2,0,0,0,0,0,2,,"Autopista","Brigadier E.López","ROSARIO","Rosario","Hormigón","S/D","II","Dentro","S/D","S/D","S/D","S/D","S/D","S/D","S/D","S/D","S/D","S/D","Colisión","S/D","S/D","S/D","S/D"
2014,11397,29/10/2014,"Miercoles",0,16:25:00,"Autopista Provincial Brigadier E.López","4.0",1,"Camión"," ",1,0,0,0,0,0,1,,"Autopista","Brigadier E.López","GRANADERO BAIGORRIA","Rosario","Hormigón","S/D","II","S/D","S/D","S/D","S/D","S/D","S/D","S/D","Diurna","S/D","S/D","S/D","Vuelco","S/D","S/D","S/D","S/D"
2014,11398,31/10/2014,"Viernes",0,09:30:00,"Autopista Provincial Brigadier E.López","72.0",1,"Camión"," ",1,0,0,0,0,0,1,,"Autopista","Brigadier E.López","BARRANCAS","San Jerónimo","Hormigón","S/D","XV","Dentro","S/D","S/D","S/D","S/D","S/D","S/D","Diurna","S/D","S/D","S/D","Vuelco","S/D","S/D","S/D","S/D"
2014,11399,31/10/2014,"Viernes",0,10:00:00,"Autopista Provincial Brigadier E.López","19.0",1,"Automóvil"," ",1,0,0,0,0,0,1,,"Autopista","Brigadier E.López","SAN LORENZO","San Lorenzo","Hormigón","S/D","XVII","S/D","S/D","S/D","S/D","S/D","S/D","S/D","Diurna","S/D","S/D","S/D","Vuelco","S/D","S/D","S/D","S/D"
2014,11400,23/10/2014,"Jueves",0,22:30:00,"Ruta Provincial 1","94.0",3,"Automóvil,Tractor,Pickup/Utilitario"," ",7,5,2,0,0,0,0,,"Ruta",1,"EL LAUREL","Garay","Hormigón","Natural","VII","Dentro","S/D","S/D","S/D","S/D","S/D","S/D","Nocturna","S/D","De alcance,Frontal,Múltiple","S/D","Colisión","S/D","S/D","S/D","S/D"
2014,11401,23/10/2014,"Jueves",0,07:00:00,,"0.0",2,"Moto/Ciclomotor,Vehículo Oficial","Av A del Valle Y Cordoba",2,0,1,0,1,0,0,,"Avenida",,"SANTA FE","La Capital","Asfalto","S/D","I","Dentro","Urbana","S/D","S/D","S/D","S/D","S/D","Diurna","S/D","S/D","S/D","Colisión","S/D","S/D","S/D","S/D"
2014,11402,19/11/2014,"Miercoles",0,18:45:00,,"0.0",2,"Bicicleta,Moto/Ciclomotor","Sargento Cabral Y Remedios de Escalada",2,1,0,0,1,0,0,,"Calle",,"RAFAELA","Castellanos","Asfalto","No existe","V","Dentro","Urbana","S/D","No existe","Intersección","Bueno","Buena","Atardecer","Buen Tiempo","S/D","S/D","Atropello","Ninguna","Faltante","Ninguna","S/D"
2014,11404,29/10/2014,"Miercoles",0,15:25:00,"Autopista Provincial Brigadier E.López","4.0",1,"Camión"," ",1,0,0,0,0,0,1,,"Autopista","Brigadier E.López","GRANADERO BAIGORRIA","Rosario","Asfalto","Natural","II","Fuera","Rural","S/D","S/D","Recta","S/D","S/D","Diurna","S/D","S/D","S/D","Despiste","S/D","Horizontal,Vertical","S/D","S/D"
2014,11405,29/10/2014,"Miercoles",0,17:35:00,"Ruta Nacional 33","737.0",1,"Camión"," ",1,1,0,0,0,0,0,,"Ruta",33,"CASILDA","Caseros","S/D","Natural","II","Dentro","Rural","S/D","S/D","S/D","S/D","S/D","Atardecer","S/D","S/D","S/D","Vuelco","S/D","S/D","S/D","S/D"
2014,11409,23/10/2014,"Jueves",0,04:40:00,"Ruta Provincial 4","0.0",1,"Camión"," ",1,0,0,0,0,0,1,,"Ruta",4,"CULULÚ","Las Colonias","Asfalto","S/D","XI","S/D","S/D","S/D","S/D","S/D","S/D","S/D","Nocturna","S/D","S/D","S/D","Vuelco","S/D","S/D","S/D","S/D"
2014,11411,20/09/2014,"Sabado",0,10:00:00,"Ruta Provincial 13","82.0",2,"Automóvil,Camión"," ",2,1,0,0,1,0,0,,"Ruta",13,"SASTRE","San Martín","S/D","S/D","XVIII","Dentro","Rural","S/D","S/D","Recta","S/D","S/D","Diurna","S/D","S/D","S/D","Colisión","S/D","S/D","S/D","S/D"
2014,11412,17/10/2014,"Viernes",0,07:00:00,"Ruta Nacional 34","63.0",2,"Automóvil,Camión"," ",3,2,0,0,1,0,0,,"Ruta",34,"TOTORAS","Iriondo","Asfalto","Natural","X","S/D","Rural","S/D","S/D","Otro","S/D","S/D","Diurna","S/D","S/D","S/D","Colisión","S/D","S/D","S/D","S/D"
2014,11413,21/09/2014,"Domingo",0,05:30:00,,"0.0",2,"Automóvil,Moto/Ciclomotor","Mendoza Y Lamadrid",2,1,0,0,1,0,0,,"Calle",,"SANTA FE","La Capital","S/D","S/D","I","Dentro","Urbana","S/D","S/D","Intersección","S/D","S/D","Diurna","S/D","S/D","S/D","Colisión","S/D","S/D","S/D","S/D"
2014,11414,13/10/2014,"Lunes",0,19:15:00,"Ruta Nacional 168","0.0",3,"Automóvil,Automóvil,Automóvil","Altura primer aliviador ",5,1,0,0,4,0,0,,"Ruta",168,"LA GUARDIA","La Capital","Asfalto","Natural","I","S/D","S/D","S/D","S/D","S/D","S/D","S/D","Atardecer","S/D","Múltiple","S/D","Colisión","S/D","S/D","S/D","S/D"
2014,11415,13/10/2014,"Lunes",0,17:30:00,"Autopista Provincial Brigadier E.López","8.0",2,"Automóvil,Automóvil"," ",2,2,0,0,0,0,0,,"Autopista","Brigadier E.López","GRANADERO BAIGORRIA","Rosario","Asfalto","Natural","XVII","Dentro","S/D","S/D","S/D","Recta","S/D","S/D","Diurna","S/D","S/D","S/D","Colisión","S/D","S/D","S/D","S/D"
2014,11425,01/12/2014,"Lunes",0,23:10:00,"Ruta Nacional 33","611.0",1,"Automóvil"," ",2,1,0,0,0,1,0,"-33.823241, -62.191365","Ruta",33,"SAN EDUARDO","General López","Asfalto","Natural","VIII","Fuera","Rural","Señal Pare","No existe","Cruce","Bueno,Resbaladiza","Reducida","Nocturna","S/D","S/D","S/D","Vuelco,Despiste","Agua","S/D","Línea divisoria pintada","S/D"
2014,11426,13/10/2014,"Lunes",0,16:50:00,"Ruta Nacional 19","0.0",1,"Automóvil","CIRCUNVALACION ALTURA HIPODROMO ",4,0,0,0,0,0,4,,"Ruta",19,"SANTA FE","La Capital","Asfalto","Natural","I","Fuera","Rural","S/D","S/D","S/D","S/D","S/D","Diurna","S/D","Contra objeto fijo","S/D","Colisión","S/D","S/D","Guardarrail","Sin restricción"
2014,11427,13/10/2014,"Lunes",0,06:00:00,"Ruta Nacional 95","22.0",1,"Moto/Ciclomotor"," ",1,1,0,0,0,0,0,,"Ruta",95,"VERA","Vera","Asfalto","Natural","XIX","S/D","S/D","S/D","S/D","S/D","S/D","S/D","Amanecer","S/D","S/D","S/D","Caída ocupante","S/D","S/D","S/D","S/D"
2014,11430,13/10/2014,"Lunes",0,03:15:00,"Ruta Nacional 11","732.0",1,"Automóvil"," ",1,1,0,0,0,0,0,,"Ruta",11,"VERA","Vera","Asfalto","Natural","IX","S/D","Rural","S/D","S/D","S/D","S/D","S/D","Nocturna","S/D","S/D","S/D","S/D","S/D","S/D","S/D","S/D"
2014,11431,09/10/2014,"Jueves",0,00:15:00,"Ruta Nacional 168","487.0",1,"Moto/Ciclomotor","PUENTE ARROYO LAS SANDIAS ",2,2,0,0,0,0,0,,"Ruta",168,"COLASTINE","La Capital","Hormigón","No existe","I","Fuera","S/D","S/D","S/D","Puente","S/D","S/D","Nocturna","S/D","S/D","S/D","Caída ocupante","S/D","S/D","S/D","S/D"
2014,11434,25/09/2014,"Jueves",0,06:19:00,"Autopista Provincial Brigadier E.López","66.0",2,"Otros,Otros"," ",2,0,0,0,0,0,2,,"Autopista","Brigadier E.López","MONJE","San Jerónimo","S/D","S/D","XV","Dentro","Rural","S/D","S/D","Recta","S/D","S/D","Amanecer","S/D","S/D","S/D","Colisión","S/D","S/D","S/D","S/D"
2014,11435,18/08/2014,"Lunes",0,21:10:00,"Ruta Nacional 34","11.0",2,"Peatón,Camión"," ",2,0,1,0,1,0,0,,"Ruta",34,"IBARLUCEA","Rosario","S/D","S/D","II","Dentro","S/D","S/D","S/D","Otro","S/D","S/D","S/D","S/D","S/D","S/D","Atropello","S/D","S/D","S/D","S/D"
2014,11436,05/10/2014,"Domingo",0,16:30:00,"Ruta Nacional 33","635.0",2,"Peatón,Moto/Ciclomotor","INMEDIACIONES DEL AERODROMO ",3,1,0,0,2,0,0,,"Ruta",33,"VENADO TUERTO","General López","Asfalto","Natural","VIII","S/D","Rural","S/D","S/D","Recta","S/D","S/D","Atardecer","S/D","S/D","S/D","Atropello","S/D","S/D","S/D","S/D"
2014,11440,04/10/2014,"Sabado",0,17:00:00,"Ruta Nacional 7","416.0",2,"Camión,Tractor"," ",2,0,0,0,0,0,2,,"Ruta",7,"RUFINO","General López","Asfalto","Natural","VIII","Dentro","S/D","S/D","S/D","S/D","S/D","S/D","Diurna","S/D","S/D","S/D","Colisión","S/D","S/D","S/D","S/D"
2014,11442,03/10/2014,"Viernes",0,18:00:00,"Ruta Nacional A007","0.0",1,"Automóvil","AV. CIRCUNVALACION KM 14 ",1,0,0,0,0,0,1,,"Ruta","A007","SANTA FE","La Capital","Asfalto","Natural","I","Fuera","Rural","S/D","S/D","S/D","S/D","S/D","Atardecer","S/D","S/D","S/D","Despiste","S/D","S/D","S/D","S/D"
2014,11445,03/11/2014,"Lunes",0,,"Ruta Nacional 11","0.0",1,"Automóvil","Av L de la Torre-Ruta Nac 11 600",1,0,1,0,0,0,0,,"Ruta",11,"CORONDA","San Jerónimo","Asfalto","Natural","XV","Fuera","Rural","Ninguna","S/D","Recta","Bueno","Buena","Nocturna","S/D","Contra objeto fijo","S/D","Colisión","Agua","Vertical","Línea divisoria pintada","Sin restricción"
2014,11446,06/11/2014,"Jueves",0,07:25:00,"Ruta Nacional 11","0.0",2,"Moto/Ciclomotor,Automóvil","Monseñor Rodriguez ",2,1,0,0,1,0,0,,"Ruta",11,"SANTA FE","La Capital","Asfalto","Natural","I","Dentro","Urbana","Ninguna","S/D","Intersección","S/D","S/D","Diurna","S/D","S/D","S/D","Colisión","S/D","S/D","S/D","Sin restricción"
2014,11447,08/11/2014,"Sabado",0,03:50:00,"Autopista Provincial Brigadier E.López","59.0",1,"Automóvil"," ",1,0,0,0,0,0,1,,"Autopista","Brigadier E.López","MONJE","San Jerónimo","Asfalto","Natural","XV","Fuera","Rural","S/D","S/D","S/D","Bueno","S/D","Nocturna","S/D","S/D","S/D","Vuelco","S/D","Horizontal","S/D","S/D"
2014,11448,09/11/2014,"Domingo",0,00:25:00,"Ruta Nacional 11","0.0",2,"Moto/Ciclomotor,Automóvil"," ",3,1,0,0,2,0,0,,"Ruta",11,"TARTAGAL","Vera","Asfalto","S/D","XIX","S/D","S/D","S/D","S/D","S/D","S/D","S/D","S/D","S/D","De alcance","S/D","Colisión","S/D","S/D","S/D","Sin restricción"
2014,11449,09/09/2014,"Martes",0,11:05:00,"Ruta Nacional A007","0.0",2,"Automóvil,Automóvil","Terraplen Oeste Y Teniente Loza",5,1,0,0,4,0,0,,"Ruta","A007","SANTA FE","La Capital","Asfalto","S/D","I","Dentro","Urbana","S/D","S/D","Otro","S/D","S/D","Diurna","S/D","De alcance","S/D","Colisión","S/D","S/D","S/D","Accidente Previo"
2014,11450,09/11/2014,"Domingo",0,11:45:00,"Ruta Provincial 1","0.0",2,"Automóvil,Moto/Ciclomotor","Bv Poeta J Migno ",2,1,0,0,1,0,0,,"Ruta",1,"SAN JAVIER","San Javier","Asfalto","Natural","XIV","Dentro","Urbana","S/D","S/D","Cruce","S/D","S/D","Diurna","S/D","Lateral","S/D","Colisión","S/D","S/D","S/D","S/D"
2014,11451,26/11/2014,"Miercoles",0,19:05:00,"Autopista Provincial Brigadier E.López","6.0",2,"Moto/Ciclomotor,Automóvil"," ",2,1,0,0,1,0,0,,"Autopista","Brigadier E.López","CAPITÁN BERMÚDEZ","San Lorenzo","Asfalto","Natural","XVII","Dentro","S/D","S/D","S/D","S/D","S/D","S/D","Atardecer","S/D","S/D","S/D","Colisión","S/D","Horizontal","S/D","S/D"
2014,11452,27/11/2014,"Jueves",0,12:00:00,"Ruta Nacional A007","9.0",1,"Moto/Ciclomotor","Av Circunvalación ",1,1,0,0,0,0,0,,"Ruta","A007","SANTA FE","La Capital","Asfalto","Natural","I","Dentro","S/D","S/D","S/D","S/D","S/D","S/D","Diurna","S/D","Contra objeto fijo","S/D","Colisión","S/D","S/D","S/D","S/D"
2014,11453,27/11/2014,"Jueves",0,09:55:00,"Autopista Nacional Rosario -Cordoba","7.0",1,"Moto/Ciclomotor"," ",1,1,0,0,0,0,0,,"Autopista","Rosario -Cordoba","CAPITÁN BERMÚDEZ","San Lorenzo","Asfalto","Natural","XVII","Fuera","Rural","S/D","S/D","S/D","S/D","S/D","Diurna","S/D","S/D","S/D","Caída ocupante,Despiste","S/D","Horizontal","S/D","S/D"
2014,11454,29/11/2014,"Sabado",0,19:00:00,"Ruta Nacional 34","0.0",2,"Camión,Camión","RN A012 ",2,1,0,0,1,0,0,,"Ruta",34,"CAPITÁN BERMÚDEZ","San Lorenzo","Asfalto","Natural","XVII","Dentro","Rural","S/D","S/D","Cruce","S/D","S/D","Atardecer","S/D","S/D","S/D","Colisión","S/D","Horizontal","S/D","S/D"
2014,11455,29/11/2014,"Sabado",0,12:00:00,"Ruta Nacional A012","0.0",1,"Automóvil"," ",1,1,0,0,0,0,0,,"Ruta","A012","PIÑERO","Rosario","Asfalto","Natural","II","Fuera","S/D","S/D","S/D","S/D","S/D","S/D","Diurna","S/D","S/D","S/D","Vuelco,Despiste","S/D","Horizontal","S/D","S/D"
2014,11456,26/09/2014,"Viernes",0,01:30:00,,"0.0",2,"Camión,Automóvil","Av Circunvalación Y Mendoza",3,0,1,0,2,0,0,,"Avenida",,"SANTA FE","La Capital","S/D","S/D","I","Dentro","Urbana","S/D","S/D","Intersección","S/D","S/D","Nocturna","S/D","S/D","S/D","Colisión","S/D","S/D","S/D","S/D"
2014,11457,27/09/2014,"Sabado",0,02:40:00,"Autopista Provincial Brigadier E.López","1.0",1,"Automóvil"," ",1,0,0,0,0,0,1,,"Autopista","Brigadier E.López","ROSARIO","Rosario","S/D","S/D","II","Dentro","Urbana","S/D","S/D","Recta","S/D","S/D","Nocturna","S/D","S/D","S/D","Despiste","S/D","S/D","S/D","S/D"
2014,11458,27/09/2014,"Sabado",0,03:20:00,,"0.0",1,"Tracción animal / Carro","Av Circunvalación Y Teniente Loza",4,1,0,0,3,0,0,,"Avenida",,"SANTA FE","La Capital","S/D","S/D","I","Dentro","Urbana","S/D","S/D","Intersección","S/D","S/D","Nocturna","S/D","S/D","S/D","Colisión","S/D","S/D","S/D","S/D"
2014,11462,07/12/2014,"Domingo",0,07:10:00,"Autopista Provincial Brigadier E.López","153.0",2,"Automóvil,Automóvil"," ",2,1,0,0,1,0,0,,"Autopista","Brigadier E.López","SANTO TOMÉ","La Capital","Asfalto","Natural","I","Dentro","S/D","S/D","S/D","S/D","S/D","S/D","Diurna","S/D","S/D","S/D","Colisión","S/D","Horizontal,Vertical","S/D","S/D"
2014,11463,07/12/2014,"Domingo",0,14:00:00,"Autopista Provincial Brigadier E.López","18.0",1,"Automóvil"," ",1,1,0,0,0,0,0,,"Autopista","Brigadier E.López","SAN LORENZO","San Lorenzo","Asfalto","Natural","XVII","Fuera","Rural","S/D","S/D","S/D","S/D","S/D","Diurna","S/D","S/D","S/D","Despiste","S/D","Horizontal","S/D","S/D"
2014,11464,28/09/2014,"Domingo",0,17:30:00,"Autopista Provincial Brigadier E.López","29.0",2,"Otros,Otros"," ",2,0,0,0,0,0,2,,"Autopista","Brigadier E.López","TIMBÚES","San Lorenzo","S/D","S/D","XVII","Dentro","Rural","S/D","S/D","Recta","S/D","S/D","Diurna","S/D","S/D","S/D","Colisión","S/D","S/D","S/D","S/D"
2014,11465,30/09/2014,"Martes",0,17:40:00,"Autopista Provincial Brigadier E.López","14.0",2,"Moto/Ciclomotor,Camión"," ",2,0,0,0,0,0,2,,"Autopista","Brigadier E.López","SAN LORENZO","San Lorenzo","S/D","S/D","XVII","Dentro","Urbana","S/D","S/D","Recta","S/D","S/D","Diurna","S/D","S/D","S/D","Colisión","S/D","S/D","S/D","S/D"
2014,11467,12/12/2014,"Viernes",0,09:30:00,"Ruta Nacional 11","0.0",2,"Pickup/Utilitario,Bicicleta","Av Blas Parera Y Teniente Loza",2,1,0,0,1,0,0,,"Ruta",11,"SANTA FE","La Capital","Asfalto","S/D","I","Dentro","Urbana","S/D","S/D","S/D","S/D","S/D","Diurna","S/D","S/D","S/D","Atropello","S/D","S/D","S/D","S/D"
2014,11468,19/12/2014,"Viernes",0,17:20:00,"Ruta Provincial 21","0.0",1,"Moto/Ciclomotor","Ruta Prov 21 Y Jose Ingenieros",1,1,0,0,0,0,0,,"Ruta",21,"VILLA CONSTITUCIÓN","Constitución","S/D","S/D","VI","Dentro","Urbana","S/D","S/D","Intersección","S/D","S/D","Diurna","S/D","S/D","S/D","Caída ocupante","S/D","S/D","S/D","S/D"
2014,11469,20/12/2014,"Sabado",0,04:20:00,"Ruta Secundaria 34-s","28.1",2,"Automóvil,Moto/Ciclomotor","RUTA PROV 34-S Y AUP A01",2,1,0,0,1,0,0,,"Ruta","34-s","IBARLUCEA","Rosario","S/D","S/D","XV","Dentro","Rural","S/D","S/D","Intersección","S/D","S/D","Nocturna","S/D","S/D","S/D","Colisión","S/D","S/D","S/D","S/D"
2014,11470,12/12/2014,"Viernes",0,16:50:00,"Ruta Nacional 11","0.0",1,"Vehículo Oficial","Mendoza ",1,1,0,0,0,0,0,,"Ruta",11,"SANTA FE","La Capital","Asfalto","Natural","I","Dentro","Urbana","S/D","S/D","S/D","S/D","S/D","Diurna","S/D","S/D","S/D","Caída ocupante","S/D","S/D","S/D","S/D"
2014,11471,12/12/2014,"Viernes",0,10:30:00,"Ruta Nacional 34","335.0",1,"Automóvil"," ",4,4,0,0,0,0,0,,"Ruta",34,"ARRUFÓ","San Cristóbal","Asfalto","Natural","XIII","Fuera","Rural","S/D","S/D","S/D","S/D","S/D","Diurna","S/D","S/D","S/D","Despeñamiento,Despiste","S/D","S/D","S/D","S/D"
2014,11472,13/11/2014,"Jueves",0,12:30:00,,"0.0",1,"Moto/Ciclomotor","Lamadrid 2856",1,1,0,0,0,0,0,,"Calle",,"SANTA FE","La Capital","S/D","S/D","I","Dentro","Urbana","S/D","S/D","Recta","S/D","S/D","Diurna","S/D","Contra objeto fijo","S/D","Colisión","S/D","S/D","S/D","S/D"
2014,11473,16/12/2014,"Martes",0,07:05:00,"Ruta Nacional 11","0.0",2,"Automóvil,Moto/Ciclomotor","ALTURA LICEO ",2,1,0,0,1,0,0,,"Ruta",11,"RECREO","La Capital","Asfalto","S/D","I","Dentro","S/D","S/D","S/D","S/D","S/D","S/D","Diurna","S/D","S/D","S/D","Colisión","S/D","S/D","S/D","S/D"
2014,11474,30/12/2014,"Martes",0,11:20:00,,"0.0",2,"Bicicleta,Automóvil","Av Freyre Y Gdor Crespo",2,1,0,0,1,0,0,,"Avenida",,"SANTA FE","La Capital","Asfalto","No existe","I","Dentro","Urbana","S/D","S/D","Intersección","S/D","S/D","Diurna","S/D","S/D","S/D","Atropello","S/D","S/D","S/D","S/D"